sequence,label
GAT GCG CCG GAC GAA TTC CGT GAC CCG CTG ATG GAC ACC CTG ATG ACC GAC CCG GTT CGT CTG CCG TCT GGC ACC ATT ATG GAC CGT TCT ATC ATC CTC CGT CAC CTG CTG AAC CAG CCA GGC GAC CCG TTC AAC CGT CAG ACC CTG ACC GAA TCT ATG CTG GAA CCG GTG CCG GAA CTG AAA GAA CAG ATC CAG GCG TGG ATG CGT,0.1948566862532383
GAT GCG CCG GAC GAA TTC CGT TGC CCG CTG ATG GAC ACC CTG ATG ACC GAT CCG GTT CGT CTG CCG TCT GGC ACC ATC ATG CAC CGT TCT ATC ATC CTG CGT CAC CTG CTG AAC TCT CCG ACC GAC CCG TTC AAC CGT CAG ACC CTG ACC GAA TCT ATG CTG GAA CCA GTT CCA GAA CTG AAA GAA CAG ATC CAG GCG TGG ATG CGT,0.6523587468714409
GAC GCT CCA GAT GAA TTC CGT GAC CCG CTG ATG GAC ACC CTG ATG ACC GAT CCG GTT CGT CTG CCG TCT GGC ACC ATC ATG GAC GAC TCT ATC ATC CTG CGT CAC CTG CTG AAC TCT CCG ACC GAC CCG TTC AAC CGT CAA ACC CTG ACC GAA TCT ATG CTG GAA CCA GTT CCA GAA CTC AAA GAA CAG ATC CAG GCG TGG ATG CGT,-2.699965086770418
GAC GCT CCG GAC GAG TTC CGT GAC CCG CTG ATG GAC ACC CTG ATG ACT GAC CCA GTT CGT CTG CCA TCT GGT ACT ATC ATG GAC CGT TCT ATC ATC CTG CGC CAC CTG CTC AAC TCT CCG ACC GAC CCG TTC AAT CGT CAG ACC CTG ACC GAA TCT ATG CTG GAA CCG GTG CCG GAA CTG AAA GAA CAG ATC CAG GCG TGG ATG CGT,2.392692971056072
GAC GCG CCA GAC GAA TTC CGT GAC CCG CTG ATG GAT ACT CTG ATG ACC GAC CCG GTT CGT CTC CCG TCT GGT ACT ATC ATG GAC CGT TCT ATC ATC CTG CGT CAC CTG CTG AAC TCT CCG ACT GAC CCG TTC AAC CGT CAA ACC CTG ACC GAA TCT ATG CTG GAG CCG GTT CCG GAG CTG AAA GAA CAG ATC CAG GCG CAG ATG CGT,-0.1495521138383439
GAC GCT CCG GAC GAA TTC CGT GAC CCG CTG ATG GAC ACC CTG ATG ACT GAT CCA GTT CGT CTG CCG AAA GGT ACC ATC ATG GAC CGT TCT ATC ATC CTG CGT CAC CTG CTG AAC TCT CCG ACC GAC CCG TTC ACC CGT CAG ACC CTG ACC GAA TCT ATG CTG GAG CCG GTT CCA GAA CTG AAA GAA CAG ATC CAG GCG TGG ATG CGT,0.3228320839153588
GAC GCT CCG GAC GAA TTC CGT ACT CCG CTG ATG GAC ACC CTG ATG ACT GAC CCG GTT CGT CTG CCG TCT GGC ACC ATC ATG GGT CGT TCT ATC ATC CTG CGT CAC CTG CTG AAC TCT CCG ACC GAC CCG TTT AAC CGT CAG ACC CTG ACC GAA TCT ATG CTG GAA CCG GTG CCG GAA CTG AAA GAA CAG ATC CAG GCG TGG ATG CGT,-3.970460509572428
GAT GCG CCG GAT GAA TTC CGT GAC CCG CTG ATG GAC ACC CTG ATG ACC ATG CCA GTG CGT CTG CCA TCT GGC ACC ATT ATG GAC CGT TCT ATC ATC CTC CGC CAC CTC CTG AAC TCT CCG ACC GAC CCG TTC AAT CGT CAG ACC CTG ACC GAA TCT ATG CTG GAA CCG GTG CCG GAA CTG TCT GAA CAG ATC CAG GCG TGG ATG CGT,0.3414995161575616
GAT GCG CCA GAT GAA TTC CGT GAC CCG CTG ATG GAC ACC CTG ATG ACC GAC CCG GTT CGT CTG CCG TCT GGC ACC ATC ATG GAC CGT TCT ATC ATC CTG CGT CAC CTG CTG AAC CCA CCG GAC GAC CCG TTC AAC CGT CAG ACT CTG ACT GAA TCT ATG CTC GAA CCA GTT CCA GAA CTC AAA GAA CAG ATC CAG GCG TGG ATG CGT,-1.0167409060771186
GAC GCG CCA GAT GAA TTC CGT GAC CCG CTG ATG GAC ACC CTG ATG ACC ACT CCG GTG CGT CTG CCG TCT GGC ACC ATC ATG GAC GAG TCT ATC ATC CTG CGC CAC CTG CTG AAC TCT CCG ACC GAC CCG TTC AAC CGT CAG ACC CTG ACC GAA TCT ATG CTG GAG CCG GTT CCA GAA CTG AAA GAA CAA ATC CAG GCG TGG ATG CGT,-1.775564886793107
GAT GCG CCG GAC GAA TTC CGT TCT CCG CTG ATG GAC ACC CTG ATG ACC GAT CCG GTT CGT CTG CCG TCT GGC ACC ATT ATG CCG CGT TCT ATC ATC CTG CGT CAC CTG CTG AAC TCT CCA ACC GAC CCG TTC AAC CGT CAG ACC CTG ACC GAA TCT ATG CTG GAA CCA GTG CCG GAA CTG AAA GAA CAG ATC CAG GCG TGG ATG CGT,-1.771377092220756
GAC GCT CCG GAC GAA TTC CGT GAC CCG CTG ATG GAC ACC CTG ATG ACT GGT CCG GTT CGT CTG CCG TCT GGC ACC ATC ATG GAC GAC TCT ATC ATC CTG CGT CAC CTG CTG AAC TCT CCG ACC GAC CCG TTC AAC CGT CAA ACC CTG ACC GAA TCT ATG CTG GAA CCG GTG CCG GAG CTG AAA GAA CAG ATC CAG GCG TGG ATG CGT,-4.70840578668366
GAC GCT CCG GAC GAA TTC CGT GAC CCG CTG ATG GAT ACC CTG ATG ACT CCA CCG GTT CGT CTG CCG TCT GGT ACT ATC ATG GAC CGT TCT ATC ATC CTG CGT CAC CTG CTG AAC TCT CCG ACT GAC CCG TTC AAC CGT CAA ACC CTG ACC GAA TCT ATG CTG GAA CCA GTG CCA GAA CTG GGT GAA CAG ATC CAG GCG TGG ATG CGT,-3.29584476400443
GAC GCT CCG GAC GAA TTC CGT GAC CCG CTG ATG GAC AAT CTG ATG ACC GAC CCG GTT CGT CTG CCG TCC GGT ACC ATC ATG GGT CGT TCT ATC ATC CTG CGT CAC CTG CTG AAC TCT CCG ACT GAC CCG TTC AAC CGT CAG ACC CTG ACC GAA TCT ATG CTG GAA CCA GTG CCG GAG CTG AAA GAA CAG ATC CAG GCG TGG ATG CGT,-5.209016463896074
GAC GCT CCA GAT GAA TTC CGT GAC CCG CTG ATG GAC ACC ATG ATG ACC GAT CCG GTT CGT CTG CCG TCC GGT ACT ATC ATG GAC CGT TCT ATC ATC CTG CGT CAC CTG CTG AAC TCT CCA ACC GAC CCG TTC AAC CGT CAG ACC CTG ACC GAA TCT ATG CTG GAG CCG GTT CCG GAG CTC AAA GAA CAG ATC CAG GCG TGG ATG CGT,1.5641514063698203
GAC GCT CCG GAC GAA TTT CGT GAC CCG CTG ATG GAC ACC CTG ATG ACC ATC CCG GTT CGT CTG CCA TCT GGT ACT ATC ATG GAC TAC TCT ATC ATC CTG CGT CAC CTG CTG AAC TCT CCG ACC GAC CCA TTC AAC CGT CAG ACT CTG ACC GAA TCT ATG CTG GAA CCA GTG CCA GAG CTC AAA GAA CAG ATC CAG GCG TGG ATG CGT,0.9763252259673936
GAC GCG CCA GAC GAG TTC CGT GAC CCG CTG ATG GAC ACC CTG ATG ACC TCT CCG GTT CGT CTG CCG TCC GGC ACC ATT ATG GAC CTG TCT ATC ATC CTC CGT CAC CTG CTG AAC TCT CCG ACC GAC CCG TTT AAC CGT CAG ACC CTG ACC GAA TCT ATG CTG GAA CCA GTT CCA GAA CTC AAA GAA CAG ATC CAG GCG TGG ATG CGT,1.0315105695675255
GAC GCT CCG GAC GAG TTC CGT GAC CCG CTG ATG GAC ACC CTC ATG ACC GAT CCG GTT CGT CTG CCG TCC GGT ACC ATC ATG GAC CGT TCT ATC ATC CTG CGC CAC CTG CTG AAC TCT CCG ACT GAC CCG TTC AAC AAA CAG ACC CTG ACC GAA TCT ATG CTG GAA CCG GTG CCG GAA CTG AAA GAA CAG ATC CAG GCG TGG ATG CGT,2.6027019277417023
GAC GCG CCA GAT GAA TTC CGT GAC CCG CTG ATG GAC ACC CTG ATG ACC GAC CCG GTT GAC CTG CCG TCT GGT ACT ATC ATG GAC CGT TCT ATC ATC CTG CGT CAC CTG CTG AAC TCT CCG ACT GAC CCA TTC AAC CGT CAG ACC CTG ACC GAA TCT ATG CTG ATG CCG GTG CCG GAA CTG AAA GAA CAG ATC CAG GCG TGG ATG CGC,-5.066944260008071
GAC GCT CCG GAC GAA TTC CGT GAC CCG CTG ATG GAC ACC CTG ATG ACC CGT CCG GTT CGT CTG CCG TCT GGT ACT ATC ATG GAC CGT TCT ATC ATC CTG CGC CAC CTG CTC AAC TCT CCG ACC GAC CCG TTC AAC CGC CAG ACC CTG ACC GAA TCT ATG CTG GAA CCG GTG CCG GAA CTC GAC GAA CAG ATC CAG GCG TGG ATG CGT,0.2524688832531642
GAC GCT CCA GAT GAA TTC CGT GAC CCG CTG ATG GAC ACC CTG ATG ACC GAC CCG GTT CGC CTG CCG TCC GGT ACC ATC ATG GAC CGT TCT ATC ATC CTG CGT CAC CTG CTG AAC ATG CCG CAC GAT CCG TTC AAC CGT CAG ACT CTG ACC GAA TCT ATG CTG GAA CCA GTT CCA GAG CTG AAA GAA CAG ATC CAG GCG TGG ATG CGT,1.0055863787705088
GAC GCT CCG GAC GAA TTC CGT GAC CCG CTG ATG GAC ACC CTG ATG ACC GAC CCA GTG CGT CTG CCG TCT GGC ACT ATC ATG GAT ATG TCT ATC ATC CTG CGT CAC CTG CTG AAC TCT CCG ACC GAT CCG TTC AAC CGT CAG ACC CTC ACC GAG TCC ATG CTG GAA CCG GTG CCG GAA CTG ACC GAA CAG ATC CAG GCT TGG ATG CGT,0.230634370597694
GAT GCG CCG GAC GAA TTC CGT GAC CCG CTG ATG GAC ACC CTG ATG ACC GAC CCG GTT CGT CTG CCG TCT GGT ACT ATC ATG GAC CGT TCT ATC ATC CTG CGT CAC CTG CTG AAC ATC CCG TCT GAC CCG TTC AAC CGT CAG ACC CTG ACC GAA TCT ATG CTG GAA CCA GTG CCG GAA CTG AAA GAA CAG ATC CAG GCG TGG ATG CGT,0.9254634840626564
GAC GCT CCA GAC GAG TTC CGC GAC CCG GAC ATG GAC ACC CTG ATG ACC GAT CCA GTT CGT CTG CCG TCT GGT ACT ATC ATG GAC CGT TCT ATC ATC CTG CGT CAC CTG CTG AAC TCT CCA ACC GAC CCG TTC AAC CGT CAG ACC CTG ACC GAA TCT ATG CTG GAG CCA GTT CCG GAG CTG AAA GAA CAG ATC CAG GCG TGG ATG CGT,-1.224905280859669
GAT GCG CCG GAC GAA TTC CGT GAC CCG CTG ATG GAC ACC CTG ATG ACT GAC CCA GTT ATG CTG CCG TCT GGC ACT ATC ATG GAC CGT TCT ATC ATC CTG CGT CAC CTG CTG AAC TCT CCG ACC GAT CCG TTC AAC CGT CAG ACC CTG ACC GAA TCT ATG CTG GCT CCG GTT CCG GAG CTG AAA GAA CAG ATC CAG GCG TGG ATG CGT,1.4795500404872894
GAT GCG CCG GAT GAA TTC CGT GAC CCG CTG ATG GAC ACC CTG ATG ACC GGC CCA GTG CGT CTG CCG TCT GGC ACC ATC ATG GAC CGT TCT ATC ATC CTG CGT CAC CTG CTG AAT TCT CCG ACC GAC CCA TTT AAT CGT CAA ACC CTC ACT GAA TCT ATG CTG GAA CCA GTG CCG GAA CTG ATC GAA CAG ATC CAA GCG TGG ATG CGT,0.3573502598724249
GAC GCT CCG GAC GAA TTC CGT GAC CCG CTG ATG GAC ACC CTG ATG ACC GAC CCG GTT CGT CTG CCG GAA GGT ACC ATC ATG GAC CGT TCT ATC ATC CTG CGT CAC CTG CTG AAC TCT CCG ACC GAA CCG TTC AAC CGC CAG ACC CTG ACC GAA TCT ATG CTG GAA CCG GTG CCA GAA CTG AAA GAA CAG ATC CAG GCG TGG ATG CGT,-3.1159338289580214
GAC GCT CCG GAC GAG TTC CGT GAC CCA CTG ATG GAT ACC CTC ATG ACC ATG CCG GTT CGT CTC CCG TCT GGT ACT ATC ATG GAT TGG TCT ATC ATC CTG CGT CAC CTG CTG AAC TCT CCG ACC GAC CCG TTC AAT CGT CAG ACC CTG ACC GAG TCT ATG CTG GAA CCG GTG CCG GAA CTG AAA GAA CAG ATT CAG GCG TGG ATG CGT,1.0721438166831732
GAT GCG CCG GAT GAA TTC CGT GAC CCG CTG ATG GAT ACT CTG ATG ACC GAT CCA GTT CGT CTG CCG TCC GGT ACC ATC ATG GAC AAC TCT ATC ATC CTG CGT CAC CTG CTG AAC TCT CCG ACC GAC CCG TTC AAC CGT CAG ACC CTG ACC GAA TCT ATG CTG GAG CCA GTT CCG GAG CTG CTC GAA CAG ATC CAG GCG TGG ATG CGT,0.145577648187469
GAT GCT CCG GAC GAA TTC CGC CTG CCG CTG ATG GAC ACC CTG ATG ACT GAC CCG GTT CGT CTG CCG TCT GGT ACT ATT ATG TTC CGT TCT ATC ATC CTG CGT CAC CTG CTG AAC TCT CCG ACC GAC CCG TTC AAC CGT CAG ACC CTG ACC GAA TCT ATG CTG GAA CCA GTG CCG GAG CTG AAA GAA CAG ATC CAG GCG TGG ATG CGT,0.4703611046567588
GAT GCG CCG GAC GAA TTC CGT GAC CCG CTG ATG GAC ACC CTG ATG ACC CTC CCG GTT CGT CTG CCG TCT GGC ACC ATC ATG GAC ATC TCT ATC ATC CTG CGT CAC CTG CTG AAC TCT CCG ACC GAC CCA TTC AAC CGT CAG ACC CTG ACC GAA TCT ATG CTG GAG CCA GTG CCG GAA CTG AAG GAA CAG ATC CAG GCG TGG ATG CGT,1.213875991870915
GAC GCG CCA GAC GAA TTC CGT GAC CCA CTG ATG GAC ACC CTG ATG ACC GAG CCA GTT CGC CTG CCA TCC GGT ACC ATC ATG GAC AAA TCT ATC ATC CTG CGT CAC CTG CTG AAC TCT CCG ACC GAC CCG TTC AAC CGT CAG ACC CTG ACC GAA TCT ATG CTG GAA CCG GTG CCA GAA CTG AAA GAA CAG ATC CAA GCG TGG ATG CGC,1.3777780104270432
GAC GCT CCG GAC GAA TTC CGT GAC CCG CTG ATG GAC ACC CTG ATG ACC GAC CCG GTT CGT CTG CCG TCT GGT ACT ATC ATG GAC CGT TCT ATC ATC CTG CGT CAC CTG CTG AAC AAA CCG GTG GAC CCG TTC AAC CGT CAA ACC CTG ACC GAA TCT ATG CTG GAG CCG GTG CCA GAA CTG AAA GAA CAG ATC CAG GCG TGG ATG CGT,0.8823192277542302
GAC GCT CCG GAC GAA TTC CGT GAC CCG CTG ATG GAC ACC CTG ATG ACC GAC CCG GTT CGT CTG CCG ATG GGT ACC ATC ATG GAC CGT TCT ATC ATC CTG CGT CAC CTG CTG AAC TCT CCA ACC GAT CCG TTC GAC CGT CAG ACC CTG ACC GAA TCT ATG CTG GAA CCA GTT CCA GAG CTG AAA GAA CAG ATC CAG GCG TGG ATG CGT,-0.9935616817994984
GAC GCT CCA GAT GAA TTC CGT GAC CCA CTG ATG GAT ACC CTG ATG ACC ATG CCG GTT CGT CTC CCG TCT GGC ACC ATC ATG GAT CGT TCT ATC ATC CTG CGT CAT CTG CTG AAC TCT CCG ACC GAT CCG TTC AAT CGT CAG ACT CTG ACC GAA TCT ATG CTG GAA CCG GTG CCG GAA CTC ATG GAG CAG ATC CAG GCG TGG ATG CGT,0.8379352946235314
GAC GCT CCG GAC GAA TTC CGT GAC CCG CTG ATG GAC ACC CTG ATG ACT GAC CCG GTT CGT CTG CCG TCT GGC ACC ATC ATG GAC CGT TCT ATC ATC CTG CGT CAC CTG CTG AAC TCT CCG ACC GAC CCG TTC AAC CGT ATC ACT CTG ACC GAA TCT ATG CTG GAA CCG GTG CCG GAA CTG AAA GAA CAG ATC CAG GCG TGG ATG CGT,1.557781457231903
GAC GCT CCG GAC GAA TTC CGT GAC CCG CTG ATG GAC ACC CTG ATG ACC GCG CCA GTT CGC CTC CCG TCC GGT ACT ATC ATG GAC TAC TCT ATC ATC CTG CGT CAC CTG CTG AAC TCT CCG ACC GAC CCG TTC AAC CGT CAG ACC CTG ACC GAA TCT ATG CTG GAA CCG GTG CCA GAG CTG AAA GAA CAG ATC CAG GCG TGG ATG CGT,3.9111887049389575
GAC GCG CCA GAC GAA TTC CGT GAC CCG CTG ATG GAC ACC CTG ATG ACT GAC CCG GTT GCG CTG CCA TCT GGT ACT ATC ATG GAC CGT TCT ATC ATC CTG CGT CAC CTG CTG AAC TCT CCG ACC GAC CCG TTC AAC CGT CAG ACC CTG ACC GAA TCT ATG CTG ATC CCA GTG CCA GAA CTG AAA GAA CAG ATC CAG GCG TGG ATG CGT,1.344481821819748
GAT GCG CCG GAT GAA TTC CGT GAC CCG CTG ATG GAC ACC CTG ATG ACC GAC CCG GTT CGT CTG CCG AAC GGT ACC ATC ATG GAC CGT TCT ATC ATC CTG CGT CAC CTG CTG AAC TCT CCG ACT CCG CCA TTC AAT CGT CAG ACT CTG ACC GAA TCT ATG CTG GAA CCG GTG CCG GAA CTG AAA GAA CAG ATC CAG GCG TGG ATG CGT,-0.2337307960160257
GAT GCG CCG GAC GAA TTC CGT GAC CCG CTG ATG GAC ACC CTG ATG ACT GAC CCG GTT CGT CTG CCA TCT GGC ACC ATC ATG GAC CGT TCT ATT ATC GAA CGT CAT CTG CTG AAC TCT CCA ACC GAC CCG TTC AAC CGT CAG ACC CTG ACC GAA TCT ATG CTG GAA CCA GTG CCG GAA CTG AAA GAA CAG ATC CAG GCG TGG ATG CGT,1.3307080631230397
GAT GCG CCG GAT GAG TTC CGC GAC CCG CTG ATG GAC ACC CTG ATG ACT GAC CCG GTT CGT CTG CCG TCT GGC ACC ATT ATG GAC CTG TCT ATC ATC CTG CGT CAC CTG CTG AAC TCT CCG ACC GAC CCG TTC AAT CGT CAG ACC CTG ACC GAA TCT ATG CTG GAG CCG GTT CCA GAA CTG ACT GAA CAG ATC CAA GCG TGG ATG CGT,0.5909370391703259
GAC GCT CCG GAC GAA TTC CGT GAC CCG CTG ATG GAC TTC CTG ATG ACC GAC CCA GTG CGT CTG CCG TCT GGT ACT ATT ATG ATT CGC TCT ATC ATC CTG CGT CAC CTG CTG AAC TCT CCG ACC GAT CCA TTC AAC CGT CAG ACC CTG ACC GAA TCT ATG CTG GAA CCG GTG CCG GAA CTG AAA GAA CAG ATC CAG GCT TGG ATG CGC,1.3063978287669498
GAC GCT CCA GAT GAA TTC CGT GAC CCG CTG ATG GAC ACC CTG ATG ACC TCT CCG GTT CGT CTG CCG TCT GGC ACC ATT ATG GAC CGT TCT ATC ATC CTG CGT CAT CTG CTG AAC TCT CCG ACT GAC CCG TTC AAT CGT CAG ACC CTG ACC GAA TCT ATG CTG GAG CCG GTT CCG GAG CTG CAG GAG CAG ATC CAG GCG TGG ATG CGT,0.6056781627537102
GAC GCG CCG TTC GAA TTC CGT GAC CCA CTG ATG GAT ACC CTG ATG ACC GAC CCG GTT CGT CTG CCG TCT GGC ACC ATC ATG GAC CGT TCT ATC ATC CTC CGT CAT CTC CTC AAC TCT CCG ACC GAT CCA TTC AAC CGT CAA ACC CTG ACC GAA TCT ATG CTG GAG CCG GTT CCG GAG CTG AAA GAA CAG ATC CAG GCG TGG ATG CGT,2.8592005166095382
GAC GCT CCG GAC GAA TTC CGT TTC CCG CTG ATG GAC ACC CTC ATG ACC GAT CCG GTT CGT CTG CCG TCC GGT ACC ATC ATG CCG CGT TCT ATC ATC CTG CGT CAC CTG CTG AAC TCT CCG ACC GAC CCA TTC AAC CGT CAG ACC CTG ACC GAA TCT ATG CTG GAA CCG GTG CCG GAA CTG AAA GAA CAG ATC CAG GCG TGG ATG CGT,-0.4116341441256261
GAT GCG CCG GAC GAG TTC CGT GAC CCG CTG ATG GAC ACC CTG ATG ACC ATC CCG GTT CGT CTG CCA TCT GGT ACT ATC ATG GAC TCT TCT ATC ATC CTG CGT CAC CTG CTG AAC TCT CCG ACC GAC CCG TTC AAC CGC CAG ACC CTG ACC GAA TCT ATG CTG GAA CCA GTG CCG GAG CTG AAA GAA CAG ATC CAG GCG TGG ATG CGT,-0.1758863625372653
GAC GCT CCG GAT GAA TTC CGT GAC CCG CTG ATG GAC ACC CTG ATG ACC GAC CCA GTT CGC CTG CCG ATG GGT ACC ATC ATG GAC CGT TCT ATC ATC CTG CGC CAC CTG CTC AAT TCT CCG ACT AAA CCG TTT AAT CGC CAG ACC CTG ACC GAG TCT ATG CTC GAA CCA GTT CCA GAA CTG AAA GAA CAG ATT CAG GCG TGG ATG CGT,-1.5202911638648795
GAC GCG CCA GAT GAA TTC CGT GAT CCA CTG ATG GAC ACC CTG ATG ACC GAC CCG GTT CGT CTG CCG GAA GGT ACC ATC ATG GAC CGT TCT ATC ATC CTG CGT CAC CTG CTG AAC TCT CCG ACC TAC CCG TTC AAC CGT CAG ACC CTG ACC GAA TCT ATG CTG GAG CCG GTT CCG GAG CTG AAA GAA CAG ATC CAG GCG TGG ATG CGT,-0.4258482946640672
GAC GCT CCG GAC GAA TTC CGT GAC CCG CTG ATG GAC ACC CTG ATG ACC GAC CCG GTT CGT CTG CCG TCT GGC ACT ATC ATG GAC CGT TCT ATC ATC CTG CGT CAC CTG CTG AAC TCT CCG ACT GAC CCG TTC AAC CGT CAG ACC CTG ACC GAA TCT CGT CTG GAG CCG GTG CCG GAA CTC AAA GAA CAG ATC CAG GCT TGG ATG CGT,0.2660886702078249
GAC GCT CCG GAT GAA TTC CGT GAC CCG CTG ATG GAC ACC CTG ATG ACC GAT CCG GTT CGT CTG CCA GAC GGT ACC ATC ATG GAC CGT TCT ATC ATC CTG CGT CAC CTG CTG AAC TCT CCG ACC GAC CCG TTC CGT CGT CAG ACT CTG ACC GAA TCT ATG CTG GAG CCG GTG CCA GAG CTG AAA GAA CAG ATC CAG GCT TGG ATG CGT,0.830792368555078
GAT GCG CCG GAC GAA TTC CGT GAC CCG CTG ATG GAC ACC CTG ATG ACC GCG CCA GTT CGT CTG CCG TCC GGT ACC ATC ATG GAC TGC TCT ATC ATC CTG CGT CAC CTG CTG AAC TCT CCG ACC GAC CCG TTC AAC CGT CAG ACC CTG ACC GAA TCT ATG CTG GAG CCG GTG CCG GAA CTG AAA GAA CAG ATC CAG GCG TGG ATG CGT,0.773561738295834
GAC GCT CCA GAC GAG TTC CGC GAC CCG CTG ATG GAC ACC CTC ATG ACC TCT CCG GTT CGT CTG CCG TCT GGC ACC ATC ATG GAC CAG TCT ATC ATC CTG CGT CAC CTG CTG AAC TCT CCG ACC GAC CCG TTT AAC CGT CAA ACC CTC ACC GAA TCT ATG CTG GAA CCA GTG CCG GAG CTG AAA GAA CAG ATC CAG GCG TGG ATG CGT,-0.4432559802972129
GAT GCG CCG GAT GAA TTC CGT GAC CCG CTG ATG GAC ACC CTC ATG ACC AAC CCG GTG CGT CTG CCA TCC GGT ACC ATC ATG GAC TGG TCT ATC ATC CTG CGC CAC CTG CTG AAC TCT CCG ACC GAC CCG TTT AAT CGT CAG ACT CTG ACC GAA TCC ATG CTG GAA CCA GTT CCG GAG CTG AAA GAA CAG ATC CAG GCG TGG ATG CGT,1.1090780539572636
GAT GCG CCG GAC GAA TTC CGT GAC CCG CTG ATG GAC ACC CTG ATG ACC GAC CCA GTT ATG CTG CCG TCC GGT ACC ATT ATG GAT CGT TCT ATC ATC CTG CGT CAC CTG CTG AAC TCT CCG ACC GAT CCG TTC AAC CGT CAG ACC CTG ACC GAA TCT ATG CTC CAG CCG GTT CCG GAG CTG AAG GAA CAG ATC CAG GCG TGG ATG CGT,1.9876685636446108
GAC GCT CCG GAC GAA TTC CGT GAC CCG CTG ATG GAC ACC CTG ATG ACC GAC CCG GTT CGT CTG CCG TGC GGT ACC ATC ATG GAC CGT TCT ATC ATC CTG CGT CAC CTC CTG AAC TCT CCG ACC GAT CCG TTC GCG CGT CAG ACC CTG ACC GAA TCT ATG CTG GAA CCG GTG CCG GAA CTG AAA GAA CAG ATC CAG GCG TGG ATG CGT,0.7114458648645525
GAC GCT CCG GAC GAG TTC CGT GAC CCG CTG ATG GAC ACC CTG ATG ACT GAC CCA GTT CGT CTC CCG TCT GGT ACT ATC ATG GAC CGT TCT ATC ATC CTG GCG CAC CTG CTG AAC TCT CCG ACC GAC CCG TTC AAC CGT CAA ACC CTG ACC GAA TCT ATG CTG GAA CCA GTG CCA GAA CTG AAA GAA CAG ATC CAA GCG TGG ATG CGT,2.49897093359747
GAT GCG CCG GAC GAA TTC CGT GAC CCG CTG ATG GAC ACC CTG ATG ACC GAC CCG GTT CGT CTG CCG TCC GGT ACC ATC ATG GAC CGT TCT ATC ATC CTG CGT CAC CTG CTG AAC TGG CCG TGG GAC CCG TTC AAC CGT CAG ACC CTG ACC GAA TCT ATG CTG GAA CCA GTT CCG GAG CTG AAA GAA CAG ATC CAG GCG TGG ATG CGT,2.794157569060421
GAC GCT CCG GAC GAA TTC CGT GAC CCG CTG ATG GAC TGG CTG ATG ACC GAC CCG GTT CGT CTG CCG TCT GGC ACC ATT ATG ACC CGT TCT ATC ATC CTG CGT CAC CTG CTG AAC TCT CCG ACC GAT CCG TTC AAC CGC CAG ACC CTG ACC GAA TCT ATG CTG GAG CCG GTG CCG GAA CTG AAA GAA CAG ATC CAG GCG TGG ATG CGT,0.6891569416558635
GAC GCT CCG GAC GAA TTC CGT GAC CCG CTG ATG GAC ACT CTG ATG ACC GAC CCA GTT CGT CTG CCA TCC GGT ACC ATC ATG GAC CGT TCT ATC ATC CTG TGG CAC CTG CTG AAC TCT CCG ACT GAC CCG TTC AAT CGT CAA ACC CTG ACC GAA TCT ATG CTG GAA CCG GTG CCG GAA CTG AAA GAA CAG ATC CAG GCG TGG ATG CGT,2.220608618537296
GAC GCT CCG GAC GAA TTC CGT GAC CCG CTC ATG GAT ACT CTG ATG ACC GAC CCG GTT CGT CTG CCG TCC GGT ACC ATC ATG GAC CGT TCT ATC ATC CTG CGT CAC CTG CTG AAC TCT CCG ACT GAC CCA TTC AAC CGT CAA ACC CTG ACC GAA TCT ATG CTG GAA CCG GTG CCG GAA CTG AAA GAA CAG CAG CAG GCG TGG ATG CGT,-2.1551278018716062
GAC GCG CCA GAT GAA TTC CGT GAC CCG CTG ATG GAC ACC CTG ATG ACC ACT CCG GTT CGT CTG CCG TCC GGT ACC ATC ATG GAC CGT TCT ATC ATC CTG CGT CAC CTG CTG AAC TCT CCG ACC GAC CCG TTC AAC CGC CAG ACC CTG ACC GAA TCT ATG CTG GAG CCG GTT CCG GAG CTG TCT GAA CAG ATC CAG GCG TGG ATG CGT,-0.0524759891320048
GAC GCG CCA GAC GAA TTC CGT GAC CCG CTG ATG GAC ACC CTG ATG ACC TCT CCG GTT CGC CTG CCG TCT GGT ACT ATT ATG GAC CAG TCT ATC ATC CTG CGT CAC CTG CTG AAC TCT CCA ACC GAC CCG TTC AAC CGT CAG ACC CTG ACC GAA TCT ATG CTC GAA CCA GTG CCG GAG CTC AAA GAA CAG ATC CAG GCG TGG ATG CGT,-0.6326501667754194
GAC GCT CCG GAC GAA TTC CGT GAT CCG CTG ATG GAC ATG CTG ATG ACC GAC CCG GTT CGT CTG CCG TCC GGT ACC ATC ATG CAG CGT TCC ATC ATC CTG CGT CAC CTG CTG AAC TCT CCG ACC GAT CCA TTC AAC CGT CAG ACC CTG ACC GAA TCT ATG CTG GAA CCG GTG CCG GAA CTG AAA GAA CAG ATC CAG GCG TGG ATG CGT,0.4109880882398116
GAT GCG CCG GAC GAA TTC CGT GAC CCG CTG ATG GAC ACC CTG ATG ACC GAC CCG GTT CGT CTG CCG ACC GGT ACC ATC ATG GAC CGT TCT ATC ATC CTG CGT CAC CTG CTG AAC TCT CCG ACC CAC CCG TTC AAC CGT CAG ACC CTG ACC GAA TCT ATG CTG GAG CCG GTG CCG GAG CTG AAA GAA CAG ATC CAA GCG TGG ATG CGC,-0.369078012036049
GAC GCG CCA GAT GAA TTC CGT GAC CCG CTG ATG GAC ACC CTG ATG ACC GAC CCG GTT CGT CTG CCG TCT GGT ACT ATC ATG GAC CGC TCT ATC ATC CTG CGT CAC CTG CTG AAC GGT CCG GCG GAC CCA TTT AAT CGC CAA ACC CTG ACC GAA TCT ATG CTG GAG CCG GTG CCA GAA CTG AAA GAA CAG ATC CAG GCG TGG ATG CGT,0.3948106678412442
GAC GCT CCG GAC GAA TTT CGT GAC CCG CTG ATG GAC ACC CTG ATG ACC GAC CCA GTT CGC CTG CCG TAT GGC ACC ATC ATG GAC CGT TCT ATC ATC CTG CGT CAC CTG CTG AAC TCT CCG ACT GAC CCG TTC CAG CGC CAG ACC CTG ACC GAA TCT ATG CTG GAG CCA GTT CCA GAA CTG AAA GAA CAG ATC CAG GCG TGG ATG CGT,-1.3580059095499375
GAC GCT CCG GAC GAA TTC CGT GAC CCG CTG ATG GAC ACC CTG ATG ACC GAC CCG GTT CGT CTG CCG TCT GGC ACC ATC ATG GAC CGC TCT ATC ATC CTG CGT CAC CTG CTC AAC GGT CCG TAC GAC CCG TTC AAC CGC CAG ACC CTG ACC GAA TCT ATG CTG GAA CCA GTT CCA GAA CTG AAA GAA CAG ATC CAG GCG TGG ATG CGT,2.1585741423405094
GAT GCG CCG GAC GAA TTC CGT GAC CCG CTG ATG GAC ACC CTG ATG ACT CCA CCA GTG CGT CTG CCG TCT GGC ACC ATC ATG GAC CAC TCT ATC ATC CTG CGT CAC CTG CTG AAC TCT CCG ACC GAC CCG TTC AAC CGT CAG ACC CTG ACC GAA TCT ATG CTG GAA CCG GTG CCG GAA CTC AAA GAA CAG ATC CAG GCG TGG ATG CGT,-2.769110613788444
GAT GCT CCG GAC GAA TTC CGT GAC CCG CTG ATG GAC ACC CTG ATG ACC CAG CCG GTT CGT CTG CCG TCT GGT ACT ATC ATG GAC TGC TCT ATC ATC CTG CGT CAC CTG CTG AAC TCT CCG ACC GAC CCA TTT AAC CGC CAG ACC CTG ACC GAA TCT ATG CTG GAA CCG GTG CCG GAA CTG AAA GAA CAG ATC CAG GCG TGG ATG CGC,0.9760367234800952
GAT GCT CCG GAT GAA TTC CGT GAC CCA CTG ATG GAT ACC CTG ATG ACT GAC CCG GTT CGT CTG CCG TCC GGT ACC ATC ATG GAC TGG TCT ATC ATC CTC CGT CAC CTG CTC AAC TCT CCG ACC GAT CCG TTC AAC CGT CAG ACT CTG ACC GAA TCT ATG CTG GAG CCG GTG CCG GAA CTG CTG GAA CAG ATC CAG GCG TGG ATG CGT,1.681094152845179
GAT GCG CCG GAT GAA TTC CGC GAT CCG CTG ATG GAC ACC CTG ATG ACC TCT CCG GTG CGC CTG CCG TCC GGT ACC ATC ATG GAC AAC TCT ATC ATC CTG CGC CAT CTG CTG AAC TCT CCG ACC GAC CCA TTC AAC CGT CAG ACC CTC ACC GAA TCT ATG CTG GAG CCA GTT CCG GAG CTG AAA GAA CAG ATC CAG GCG TGG ATG CGC,-4.997720981200379
GAC GCT CCG GAC GAA TTT CGT GAC CCA CTG ATG GAT ACC CTC ATG ACT GAC CCG GTT CGT CTG CCG TCT GGC ACC ATC ATG GAC TGG TCT ATC ATC CTG CGT CAC CTG CTG AAC TCT CCG ACC GAC CCA TTC AAC CGC CAG ACT CTG ACC GAA TCT ATG CTG GAG CCG GTT CCA GAG CTG CAG GAA CAG ATC CAG GCG TGG ATG CGT,0.9356079478275204
GAC GCT CCG GAC GAA TTC CGT GAC CCG CTG ATG GAC ACT CTG ATG ACC CAC CCG GTT CGT CTG CCG TCT GGC ACC ATC ATG GAC GTT TCT ATC ATC CTC CGC CAT CTG CTC AAC TCT CCA ACT GAC CCG TTT AAT CGC CAG ACC CTG ACC GAA TCT ATG CTG GAA CCG GTG CCG GAA CTG AAA GAA CAG ATC CAG GCG TGG ATG CGT,0.7891316932421999
GAT GCG CCG GAC GAA TTC CGT GAC CCG CTG ATG GAC ACC CTG ATG ACT GAC CCG GTT CGT CTG CCG TCT GGC ACC ATT ATG GAT TGG TCT ATC ATC CTG CGC CAC CTG CTC AAC TCT CCG ACC GAC CCG TTC AAT CGT CAG ACC CTG ACT GAA TCC ATG CTG GAA CCG GTG CCG GAA CTG ACC GAG CAG ATC CAG GCG TGG ATG CGT,0.9020339303372358
GAT GCG CCG GAC GAA TTC CGT GAC CCG CTG ATG GAC ACC CTG ATG ACC GAC CCG GTT CGT CTG CCG TGG GGT ACC ATC ATG GAC CGT TCT ATC ATC CTG CGT CAC CTG CTG AAC TCT CCG ACC CAG CCG TTC AAC CGT CAG ACC CTG ACC GAA TCT ATG CTG GAG CCG GTT CCG GAG CTG AAA GAA CAG ATC CAG GCT TGG ATG CGC,-0.0809304229305036
GAT GCG CCG GAC GAA TTC CGT ACT CCG CTG ATG GAC ACC CTG ATG ACC GAC CCG GTT CGT CTG CCG TCT GGT ACT ATC ATG TAC CGT TCT ATC ATC CTG CGT CAC CTG CTG AAC TCT CCG ACT GAC CCG TTC AAC CGT CAG ACC CTG ACC GAA TCT ATG CTG GAA CCG GTG CCA GAA CTG AAA GAA CAG ATC CAG GCG TGG ATG CGT,0.2668621018075759
GAC GCG CCA GAC GAA TTC CGT GAC CCG CTG ATG GAC ACC CTG ATG ACT GAC CCG GTT CAC CTG CCG TCT GGT ACT ATC ATG GAC CGT TCT ATC ATC CTG CGT CAC CTC CTG AAC TCT CCG ACC GAC CCA TTC AAC CGT CAG ACC CTG ACC GAA TCT ATG CTG CTC CCG GTG CCG GAA CTC AAA GAA CAG ATC CAG GCG TGG ATG CGC,0.2356713641081376
GAC GCT CCG GAC GAA TTC CGT GAC CCG CTG ATG GAC ACC CTG ATG ACC CGT CCG GTT CGT CTG CCG TCT GGT ACT ATC ATG GAC GCT TCT ATC ATC CTG CGT CAC CTG CTG AAC TCT CCG ACC GAC CCG TTC AAC CGT CAG ACC CTG ACC GAA TCT ATG CTG GAG CCG GTG CCG GAA CTG AAA GAA CAG ATC CAG GCG TGG ATG CGT,0.2846006958409713
GAT GCG CCG GAT GAA TTC CGT GAC CCG CTG ATG GAC ACC CTG ATG ACT CCG CCA GTT CGT CTG CCG TCT GGT ACT ATC ATG GAC GAC TCT ATC ATC CTG CGT CAC CTG CTG AAC TCT CCG ACT GAC CCG TTC AAC CGT CAG ACC CTG ACC GAA TCT ATG CTG GAA CCA GTT CCG GAG CTG AAG GAA CAG ATC CAG GCG TGG ATG CGT,-2.6274031374124864
GAC GCT CCG GAC GAA TTC CGT GAC CCG CTG ATG GAC ACC CTG ATG ACC GAC CCG GTT CGT CTG CCG ATT GGC ACC ATC ATG GAC CGT TCT ATC ATC CTG CGT CAC CTG CTG AAC TCT CCG ACC TCT CCG TTT AAC CGC CAG ACC CTG ACC GAA TCT ATG CTG GAA CCG GTG CCG GAA CTC AAA GAA CAG ATC CAG GCG TGG ATG CGT,-0.748896693884429
GAC GCT CCA GAC GAG TTC CGT GAC CCG CTG ATG GAC ACC CTG ATG ACC GAT CCG GTT CGT CTG CCG TCT GGC ACC ATC ATG GAC CGT TCT ATC ATC ATC CGT CAC CTG CTG AAC TCT CCG ACC GAC CCG TTC AAC CGT CAA ACC CTG ACC GAA TCT ATG CTG GAA CCA GTT CCG GAG CTG AAA GAA CAG ATC CAG GCG TGG ATG CGT,1.977738148016376
GAT GCG CCG GAC GAA TTC CGT GAC CCG CTG ATG GAC ACC CTG ATG ACC GAC CCG GTT CGT CTC CCG TAT GGC ACC ATC ATG GAC CGT TCT ATC ATC CTG CGT CAC CTG CTG AAC TCT CCG ACT GGC CCA TTC AAC CGT CAG ACC CTG ACC GAA TCT ATG CTG GAA CCG GTG CCG GAA CTG AAA GAA CAG ATC CAG GCG TGG ATG CGT,-0.2178366403752375
GAC GCT CCA GAT GAG TTC CGT AAC CCG CTG ATG GAT ACC CTG ATG ACC GAC CCG GTT CGC CTG CCG TCT GGC ACC ATT ATG ATT CGT TCT ATC ATC CTG CGT CAC CTG CTG AAC TCT CCG ACC GAT CCG TTT AAC CGC CAG ACC CTG ACC GAA TCT ATG CTG GAA CCG GTG CCG GAA CTG AAG GAA CAA ATC CAG GCG TGG ATG CGT,0.764991179142436
GAC GCT CCG GAC GAA TTC CGT GAC CCG CTG ATG GAC ACT CTG ATG ACC GAC CCG GTT CGT CTG CCG TCT GGC ACC ATC ATG GAC CCG TCT ATC ATC CTG CGT CAC CTG CTG AAC TCT CCG ACT GAT CCG TTC AAC CGT CAA ACC CTC ACC GAA TCT ATG CTG GAA CCA GTG CCG GAG CTC ATT GAA CAG ATT CAA GCG TGG ATG CGT,0.6903728888435501
GAC GCG CCA GAT GAA TTC CGT GAC CCG CTG ATG GAC ACC CTG ATG ACC GAC CCG GTT CGT CTC CCG TCT GGC ACC ATC ATG GAT CGC TCT ATC ATC CTG CGT CAC CTG CTG AAC TGC CCG AAA GAC CCG TTC AAC CGT CAG ACC CTG ACC GAA TCT ATG CTG GAA CCG GTG CCG GAA CTG AAA GAA CAG ATC CAG GCG TGG ATG CGT,1.6673096745037126
GAC GCT CCG GAC GAA TTC CGT GAC CCG CTG ATG GAC GAC CTG ATG ACC GAC CCG GTT CGT CTG CCG TCT GGC ACC ATC ATG CCG CGT TCT ATC ATC CTG CGT CAC CTG CTG AAC TCT CCG ACC GAT CCG TTC AAC CGT CAG ACC CTG ACC GAA TCT ATG CTG GAG CCA GTG CCG GAA CTC AAA GAA CAG ATC CAG GCG TGG ATG CGC,-4.0113647183472665
GAC GCT CCG GAC GAA TTC CGT GAC CCG CTG ATG GAC ACC CTG ATG ACC CGT CCG GTT CGT CTG CCG TCT GGC ACC ATC ATG GAC AAC TCT ATC ATC CTG CGC CAC CTG CTG AAC TCT CCG ACT GAC CCA TTC AAT CGC CAA ACC CTG ACC GAA TCC ATG CTG GAA CCG GTG CCG GAA CTC AAA GAA CAG ATC CAG GCT TGG ATG CGT,-1.578756347357388
GAT GCT CCA GAC GAG TTC CGT GAC CCG CTG ATG GAC ACC CTG ATG ACT GCT CCG GTT CGC CTG CCG TCT GGT ACT ATC ATG GAC ATC TCT ATC ATC CTG CGT CAC CTC CTG AAC TCT CCG ACC GAC CCA TTC AAT CGC CAG ACC CTG ACT GAA TCC ATG CTG GAA CCA GTG CCA GAA CTG AAA GAA CAG ATC CAA GCG TGG ATG CGC,0.98722895034311
GAT GCG CCG GAC GAA TTC CGT GAC CCG CTG ATG GAC ACC CTG ATG ACC GAC CCG GTT CGT CTG CCG TCT GGT ACT ATC ATG GAC CCG TCT ATC ATC CTG CGC CAC CTG CTG AAC TCT CCG ACT GAC CCG TTC AAT CGC CAG ACC CTG ACC GAG TCT ATG CTG GAA CCG GTG CCG GAG CTG CCG GAA CAG ATC CAA GCG TGG ATG CGC,-1.2264465277710883
GAC GCT CCG GAC GAA TTC CGT GAC CCG CTG ATG GAC ACC CTG ATG ACC GAT CCG GTT CGT CTG CCG TCT GGC ACC ATC ATG GAT CGT TCT ATC ATC CTG CGT CAC CTG CTG AAC TCT CCG ACC GAC CCG TTC AAC CGT CAG ACC CTG ACC GAA TCT ATG CTG GAA CCA GTG CCG GAA CTC TGC GAA CAG ATC CAG GCT TGG ATG CGT,1.2731168867515184
GAC GCT CCG GAC GAA TTC CGT GAC CCG CTG ATG GAC ACC CTG ATG ACC GAC CCG GTT CGT CTG CCG TAT GGC ACC ATC ATG GAC CGT TCT ATC ATC CTG CGT CAC CTG CTG AAC TCT CCG ACC ATC CCG TTC AAC CGC CAG ACC CTG ACC GAA TCT ATG CTG GAA CCG GTG CCG GAA CTG AAG GAA CAG ATC CAG GCG TGG ATG CGT,-0.3896534187527496
GAC GCT CCG GAC GAA TTC CGT GAC CCG CTG ATG GAT ACC CTG ATG ACC GAC CCG GTT CGT CTG CCG GAA GGT ACC ATC ATG GAC CGT TCT ATC ATC CTG CGT CAC CTG CTG AAC TCT CCG ACT GAC CCG TTC GTT CGT CAA ACC CTG ACC GAA TCT ATG CTG GAA CCG GTG CCG GAG CTG AAA GAA CAG ATC CAG GCT TGG ATG CGT,-2.9606072152435727
GAC GCT CCG GAC GAG TTC CGT GAC GGT CTG ATG GAC ACC CTG ATG ACC GAC CCG GTT CGT CTG CCG TCT GGC ACC ATC ATG GAC CGT TCT ATC ATC CTG CGT CAC CTG CTG AAC TCT CCG ACC GAT CCG TTC AAC CGC CAG ACC CTG ACC GAA TCT ATG CTG GAA CCG GTG CCG GAA CTG AAA GAA CAG ATC CAG GCG TGG ATG CGT,1.0635554940213487
GAC GCT CCG GAC GAA TTC CGT GAC CCG CTG ATG GAC ACC CTG ATG ACC GAC CCG GTT CGT CTG CCG TGG GGC ACC ATC ATG GAC CGT TCT ATC ATC CTG CGT CAC CTG CTG AAC TCT CCG ACC GAA CCG TTC AAC CGC CAG ACC CTG ACC GAA TCT ATG CTG GAA CCA GTT CCA GAA CTG AAA GAA CAG ATC CAG GCT TGG ATG CGT,0.3325708302016736
GAT GCG CCG GAC GAA TTC CGT GAC CCG CTG ATG GAC ACC CTG ATG ACC AAC CCG GTT CGC CTG CCG TCT GGC ACT ATC ATG GAC CTC TCT ATC ATC CTG CGT CAC CTG CTG AAC TCT CCG ACC GAC CCG TTT AAC CGT CAG ACC CTG ACC GAA TCT ATG CTG GAA CCG GTG CCG GAA CTG AAA GAA CAG ATC CAG GCG TGG ATG CGT,1.7544990388740476
GAC GCT CCG GAC GAA TTT CGT GAC CCG CTG ATG GAC ACC CTG ATG ACC GAC CCG GTT CGT CTG CCG TCT GGT ACT ATC ATG GAC CGT TCT ATC ATC CTG CGT CAC CTG CTG AAC TGG CCG GAA GAC CCG TTC AAC CGT CAG ACC CTG ACC GAA TCT ATG CTG GAA CCA GTT CCA GAA CTG AAA GAA CAG ATC CAG GCG TGG ATG CGT,1.217498757932762
GAT GCG CCG GAC GAA TTC CGT GAC CCG CTG ATG GAC ACC CTG ATG ACC GAC CCG GTT CGT CTG CCG CAG GGT ACC ATC ATG GAC CGT TCT ATC ATC CTG CGC CAC CTG CTG AAC TCT CCA ACC GAT CCA TTC TGC CGT CAG ACC CTG ACC GAA TCT ATG CTG GAA CCA GTT CCG GAG CTC AAA GAA CAG ATC CAG GCG TGG ATG CGT,1.00278052807385
GAC GCT CCG GAC GAA TTC CGT GAC CCG CTG ATG GAC ACC CTG ATG ACC ATG CCG GTT CGT CTG CCG TCT GGC ACC ATT ATG GAC TTC TCT ATC ATC CTG CGT CAC CTG CTG AAC TCT CCG ACC GAC CCA TTC AAC CGT CAG ACC CTG ACC GAA TCT ATG CTG GAA CCG GTG CCG GAG CTG AAG GAA CAG ATC CAG GCG TGG ATG CGT,1.3138038616855623
GAC GCG CCA GAC GAA TTC CGT GAC CCG CTC ATG GAT ACC CTG ATG ACC CAG CCG GTG CGT CTG CCG TCT GGT ACT ATC ATG GAC CGT TCT ATC ATC CTG CGT CAC CTG CTG AAC TCT CCG ACT GAC CCG TTT AAT CGT CAG ACC CTG ACC GAA TCT ATG CTG GAA CCG GTG CCG GAA CTG ATC GAA CAG ATC CAG GCG TGG ATG CGT,0.5092765251670871
GAT GCG CCG GAT GAA TTC CGT GAC CCG CTG ATG GAC ACC CTC ATG ACC GAC CCA GTT CGT CTC CCG TCT GGT ACT ATC ATG GAC TCT TCT ATC ATC CTG CGT CAT CTG CTG AAC TCT CCG ACT GAC CCG TTC AAC CGT CAG ACC CTG ACC GAA TCT ATG CTG GAG CCG GTT CCA GAA CTG CGT GAA CAG ATC CAG GCG TGG ATG CGT,0.1932942320252749
GAC GCT CCG GAC GAA TTC CGT GAC CCG CTG ATG GAC ACC CTG ATG ACC GAT CCG GTT TGT CTG CCG TCT GGC ACC ATT ATG GAC CGT TCT ATC ATC CTG CGT CAC CTG CTG AAC TCT CCA ACC GAC CCG TTC AAC CGT CAG ACC CTG ACC GAA TCT ATG CTG TTC CCA GTG CCG GAG CTG AAA GAA CAG ATT CAA GCG TGG ATG CGT,1.2912534548542642
GAT GCG CCG GAC GAA TTC CGT GAC CCG CTG ATG GAC ACC CTG ATG ACT GAC CCA GTG CGT CTG CCG TCT GGC ACC ATC ATG GAC CGT TCT ATC ATC CTG CGT CAC CTG CTG AAC TCT CCG ACC GAC CCG TTC AAC CGT CAG ACC CTG ACC GAA TCT ATG CTG GAA CCA GTG CCG GAG CTG AAA GAA CAG ATC CAG GCG TGG GAA CGC,1.659152212991283
GAC GCT CCG GAT GAA TTC CGT GAC CCG CTG ATG GAC ACC CTG ATG ACC GAC CCG GTT CGT CTG CCG CCA GGT ACC ATC ATG GAC CGT TCT ATC ATC CTG CGT CAC CTG CTG AAC TCT CCG ACT CGT CCG TTC AAC CGC CAG ACT CTG ACC GAA TCT ATG CTG GAG CCG GTT CCA GAG CTC AAA GAA CAG ATC CAG GCG TGG ATG CGT,-3.7241569552905696
GAT GCG CCG GAC GAA TTC CGT GAC CCG CTG ATG GAC ACC CTG ATG ACC GAC CCG GTT CGT CTG CCG TCT GGC ACC ATT ATG GAC CGT TCT ATC ATC CTG CGC CAC CTG CTG AAC CCA CCG GCT GAC CCA TTC AAC CGC CAG ACC CTG ACC GAA TCT ATG CTG GAA CCG GTG CCG GAA CTG AAA GAA CAG ATC CAG GCT TGG ATG CGC,-1.8670181577469096
GAC GCT CCG GAC GAA TTC CGT GAC CCG CTG ATG GAC ACC CTG ATG ACC GAC CCG GTT GGT CTG CCG TCT GGT ACT ATC ATG GAC CGT TCT ATC ATC CTG CGT CAC CTG CTG AAC TCT CCG ACC GAT CCG TTC AAC CGT CAG ACC CTG ACC GAA TCT ATG CTG AAG CCG GTG CCG GAA CTG AAA GAA CAG ATC CAG GCG TGG ATG CGT,-0.4189046219513582
GAT GCT CCG GAC GAA TTC CGT GAC CCG CTG ATG GAC ACC CTG ATG ACC GAC CCG GTT CGT CTG CCG CGT GGC ACC ATC ATG GAC CGT TCT ATC ATC CTG CGT CAC CTG CTG AAC TCT CCG ACC AAA CCG TTC AAC CGT CAG ACC CTG ACC GAA TCT ATG CTG GAG CCG GTG CCG GAA CTG AAA GAA CAG ATC CAG GCG TGG ATG CGT,-3.9780760699587607
GAC GCT CCA GAC GAA TTC CGT GAC CCG CTG ATG GAC ACC CTG ATG ACC GCT CCG GTT CGC CTC CCG TCT GGT ACT ATC ATG GAC CAG TCT ATC ATC CTG CGT CAC CTG CTG AAC TCT CCG ACC GAC CCG TTT AAC CGT CAG ACC CTG ACC GAA TCT ATG CTG GAA CCG GTG CCG GAA CTC AAA GAA CAG ATC CAG GCG TGG ATG CGT,-0.3061638252305991
GAT GCG CCG GAC GAA TTC CGT GAC CCG CTG ATG GAC ACC CTG ATG ACC GAC CCG GTT CGT CTG CCG TTC GGT ACC ATC ATG GAC CGT TCT ATC ATC CTG CGT CAC CTG CTG AAC TCT CCG ACC ATC CCG TTC AAC CGT CAG ACC CTG ACC GAA TCT ATG CTG GAG CCG GTG CCA GAA CTC AAA GAA CAG ATC CAG GCG TGG ATG CGT,-0.6033776206101717
GAC GCT CCG GAC GAA TTC CGT GAC CCG CTG ATG GAC ACC CTG ATG ACC GAC CCG GTT CGT CTG CCG CAC GGT ACC ATC ATG GAC CGT TCT ATC ATC CTG CGT CAC CTG CTG AAC TCT CCG ACC GAT CCG TTC TCT CGT CAG ACC CTG ACC GAA TCT ATG CTG GAA CCG GTG CCG GAA CTG AAA GAA CAG ATC CAG GCG TGG ATG CGC,0.5860105449784812
GAC GCT CCG GAT GAA TTC CGT GAC CCG CTG ATG GAC ACC CTG ATG ACC GAC CCG GTG TAC CTG CCG TCC GGT ACC ATC ATG GAC CGT TCT ATC ATC CTG CGT CAC CTG CTG AAC TCT CCA ACT GAC CCG TTC AAC CGT CAG ACC CTG ACC GAA TCT ATG CTG CAA CCA GTG CCG GAA CTG AAA GAA CAG ATC CAG GCG TGG ATG CGT,0.3353445302937904
GAC GCT CCG GAC GAA TTC CGT GTT CCG CTC ATG GAC ACC CTG ATG ACT GAC CCA GTG CGT CTG CCG TCT GGC ACC ATC ATG AAA CGT TCT ATC ATC CTG CGT CAC CTG CTG AAC TCT CCG ACC GAC CCG TTC AAC CGT CAG ACC CTG ACC GAA TCT ATG CTG GAG CCG GTG CCG GAA CTG AAA GAA CAG ATC CAG GCG TGG ATG CGT,-2.0788649539562005
GAC GCT CCG GAC TCC TTC CGT GAC CCG CTG ATG GAC ACC CTC ATG ACC GAT CCG GTT CGT CTG CCG TCC GGT ACC ATC ATG GAC CGT TCT ATC ATC CTG CGT CAC CTG CTG AAC TCT CCG ACC GAC CCG TTC AAC CGT CAA ACC CTG ACC GAA TCT ATG CTG GAA CCG GTG CCG GAA CTG AAA GAA CAG ATC CAG GCT TGG ATG CGT,2.1474682143574286
GAT GCG CCG GAC GAA TTC CGC GAC CCG CTG ATG GAC ACC CTG ATG ACC GAC CCG GTT AAG CTG CCG TCT GGT ACT ATC ATG GAC CGT TCT ATC ATC CTG CGT CAC CTG CTG AAC TCT CCG ACT GAC CCG TTC AAC CGT CAG ACC CTG ACC GAA TCT ATG CTG CGT CCG GTT CCG GAG CTG AAA GAA CAG ATC CAG GCG TGG ATG CGT,1.6339655716790265
GAC GCG CCA GAT GAA TTC CGT GAC CCG CTC ATG GAC ACC CTG ATG ACC GAC CCG GTG CGT CTG CCG TCC GGC ACC ATC ATG GAT CGT TCT ATC ATC CTG CGT CAC CTG CTG AAC TCT CCG ACT GAT CCG TTC AAC CGC CAG ACT CTG ATG GAA TCT ATG CTG GAA CCA GTT CCA GAA CTC AAA GAA CAG ATC CAG GCT TGG ATG CGT,1.9101112582143869
GAC GCT CCG GAC GAA TTC CGT GTG CCG CTG ATG GAC ACC CTG ATG ACC GAC CCG GTT CGT CTG CCG TCT GGT ACT ATC ATG TTC CGT TCT ATC ATC CTG CGT CAC CTG CTG AAC TCT CCG ACC GAT CCG TTC AAT CGT CAA ACC CTG ACC GAA TCT ATG CTG GAG CCG GTT CCA GAA CTG AAA GAA CAG ATC CAG GCG TGG ATG CGT,0.99702373183997
GAC GCT CCG GAC GAA TTC CGT GAC CCG CTG ATG GAC ACC CTG ATG ACC GAC CCG GTT CGT CTG CCG TCT GGT ACT ATC ATG GAC CGT TCT ATC ATC CTG CGT CAC CTG CTG AAC TCT CCG ACT GAC CCA TTC AAC CGT CAG ACC CTG ACC GAA TCT ATG CTG GAA TGC GTG CCG GAG CTG AAA GAA CAG ATC CAG GCG TGG ATG CGC,1.4286027370025738
ACC GCT CCG GAT GAA TTC CGT GAC CCG CTG ATG GAC ACC CTG ATG ACC GAC CCG GTT CGT CTG CCG TCT GGC ACC ATC ATG GAC CGT TCT ATC ATC CTG CGT CAC CTG CTG AAC TCT CCG ACC GAT CCG TTC AAC CGT CAG ACC CTG ACC GAA TCT ATG CTG GAA CCG GTG CCG GAA CTG AAA GAA CAG ATC CAG GCG TGG ATG CGT,2.5254341478750675
GAC GCT CCG GAC GAA TTC CGT GAC CCG CTG ATG GAC ACC CTG ATG ACT GAC CCG GTG AAG CTG CCG TCT GGT ACT ATC ATG GAC CGT TCT ATC ATC CTG CGT CAC CTG CTG AAC TCT CCA ACC GAC CCG TTC AAC CGT CAG ACC CTG ACC GAA TCT ATG CTG TCT CCG GTG CCG GAA CTG AAA GAA CAG ATC CAG GCG TGG ATG CGT,1.2407343930704275
GAC GCT CCG GAT GAA TTC CGT GAC CCG CTG ATG GAT ACC CTC ATG ACC GAC CCA GTT CGT CTC CCG TCT GGT ACT ATC ATG GAT ATG TCT ATC ATC CTG CGT CAC CTG CTG AAC TCT CCG ACT GAC CCA TTC AAC CGT CAG ACC CTG ACC GAA TCT ATG CTG GAG CCG GTT CCA GAG CTG GTT GAG CAG ATT CAG GCT TGG ATG CGT,0.8343516317810262
GAT GCG CCG GAC GAA TTC CGT GAC CCG CTG ATG GAC ACC CTG ATG ACC GAC CCG GTT CGC CTG CCG TCT GGT ACT ATC ATG GAC CGC TCT ATC ATC CTG CGC CAC CTG CTG AAC GAA CCG CAC GAC CCG TTC AAC CGT CAG ACC CTG ACC GAG TCT ATG CTG GAA CCG GTG CCG GAG CTG AAA GAA CAG ATC CAG GCT TGG ATG CGT,1.1659131448907756
GAC GCG CCA GAT GAA TTC CGT GAC CCG CTG ATG GAC ACC CTG ATG ACT GAC CCG GTT CGT CTG CCG TCT GGC ACC ATC ATG GAC CGT TCT ATC ATC CTG CGT CGT CTC CTG AAC TCT CCG ACC GAC CCG TTC AAC CGT CAA ACC CTG ACC GAA TCT ATG CTG GAA CCA GTT CCG GAG CTG AAA GAA CAG ATC CAG GCG TGG ATG CGT,0.6063279061760275
GAC GCT CCG GAC GAA TTC CGT GAC CCG CTG ATG GAC ACT CTC ATG ACT GAC CCG GTG CGT CTG CCG TCT GGC ACC ATT ATG GAT ATG TCT ATC ATC CTC CGC CAT CTG CTC AAC TCT CCA ACC GAT CCG TTC AAC CGC CAG ACC CTG ACC GAA TCT ATG CTG GAA CCG GTG CCG GAA CTG TGG GAA CAG ATC CAG GCG TGG ATG CGT,1.6899543370930683
GAC GCT CCG GAC GAA TTC CGT GAC CCG CTG ATG GAC ACC CTG ATG ACC GAC CCG GTT CGT CTG CCG TCT GGC ACC ATC ATG GAC CGC TCT ATC ATC CTG CGT CAC CTG CTG AAC GGT CCG GGT GAC CCA TTC AAC CGC CAG ACC CTG ACC GAA TCT ATG CTG GAG CCG GTT CCA GAG CTC AAA GAA CAG ATC CAG GCG TGG ATG CGT,-0.0989891219269973
GAT GCG CCG GAC GAA TTC CGT GAC CCG CTG ATG GAC ACC CTG ATG ACC GAC CCG GTT CGT CTG CCG TCT GGC ACC ATC ATG GAT GAG TCT ATC ATC CTG CGT CAC CTG CTG AAC TCT CCG ACT GAC CCG TTC AAC CGT CAA ACC CTG ACC GAA TCC ATG CTG GAA CCG GTG CCG GAA CTG TGG GAA CAG ATC CAG GCG TGG ATG CGT,0.5626408730927168
GAT GCG CCG GAT GAA TTC CGT GAC CCG CTG ATG GAT ACT CTG ATG ACC CAC CCG GTT CGT CTG CCG TCT GGT ACT ATC ATG GAC CGT TCT ATC ATC CTG CGC CAC CTG CTC AAC TCT CCG ACC GAC CCG TTC AAC CGT CAG ACC CTC ACC GAA TCT ATG CTG GAA CCA GTT CCA GAG CTG TCC GAA CAG ATC CAG GCT TGG ATG CGC,0.455260461637601
GAT GCG CCG GAC GAA TTC CGT GAC CCG CTG ATG GAC ACC CTG ATG ACC GAC CCG GTT CGT CTG CCG TCT GGC ACC ATC ATG GAC CGT TCT ATC ATC CTG CGC CAC CTG CTC AAC TCT CCG ACC GAT CCG TTT AAC CGC CAG ACC CTG ACT GAA TCT ATG CTG GAA CCG GTG CCG GAA CTC AAA GAA CAG ATC CAG TGG TGG ATG CGT,1.6241995172676031
GAT GCT CCG GAC GAA TTC CGT GAC CCG CTG ATG GAC ACC CTG ATG ACC GAC CCG GTT CGT CTG CCG TCT GGC ACC ATC ATG GAC CGT TCT ATC ATC CTG CGT CAC CTG CTG AAC AAC CCG GAA GAC CCG TTC AAC CGT CAG ACC CTG ACC GAA TCT ATG CTG GAG CCG GTT CCA GAA CTG AAA GAA CAG ATC CAG GCG TGG ATG CGT,1.1810567109427297
GAT GCG CCG GAT GAA TTC CGT GAC AAA CTG ATG GAC ACC CTG ATG ACC GAC CCG GTT CGT CTG CCG TCC GGT ACC ATC ATG GAC CGT TCT ATC ATC CTG CGT CAC CTG CTG AAC TCT CCG ACT GAC CCG TTC AAT CGT CAA ACC CTG ACC GAA TCT ATG CTG GAA CCA GTT CCG GAG CTG AAA GAA CAG ATC CAG GCG TGG ATG CGT,1.0210480219515237
GAT GCG CCG GAC GAA TTC CGT GAC CCG CTG ATG GAC ACC CTG ATG ACC CAC CCG GTT CGT CTG CCG TCT GGC ACC ATC ATG GAC CCA TCT ATC ATC CTG CGT CAC CTG CTG AAC TCT CCG ACC GAC CCG TTC AAC CGT CAG ACC CTG ACC GAA TCT ATG CTG GAA CCG GTG CCG GAG CTG AAA GAA CAG ATC CAG GCG TGG ATG CGT,-0.2816790168104947
GAC GCT CCG GAC GAA TTC CGT GAC CCG CTG ATG GAC ACC CTG ATG ACT GAC CCG GTT CGT CTG CCG TCT GGC ACC ATC ATG GAC CGT TCT ATC ATC CTG CGT CAC CTG CTG AAC TCT CCA ACC GAC CCG TTC AAC CGC CAG ACC CTG ACC GAA TCT ATG CTG GAA CCG GTG CCG GAA CTG AAA GAA CAG ATC GAT GCG TGG ATG CGC,2.886275309880217
GAT GCT CCG GAC GAA TTC CGC GAC CCG CTG ATG GAC ACC CTG ATG ACC GAC CCG GTT CGT CTG CCA GCG GGC ACC ATT ATG GAC CGT TCT ATT ATC CTG CGT CAC CTG CTG AAC TCT CCG ACC GAT CCG TTC TCC CGT CAG ACC CTG ACC GAA TCT ATG CTG GAA CCG GTG CCG GAA CTC AAA GAA CAG ATC CAG GCG TGG ATG CGC,0.9941807243695686
GAC GCT CCG GAC GAA TTC CGT CAG CCG CTG ATG GAT ACC CTG ATG ACC GAC CCG GTT CGT CTG CCG TCT GGT ACT ATC ATG AAC CGT TCT ATC ATC CTG CGT CAC CTG CTG AAC TCT CCG ACC GAT CCG TTC AAC CGT CAG ACC CTG ACC GAA TCT ATG CTG GAA CCG GTG CCG GAA CTG AAA GAA CAG ATC CAG GCG TGG ATG CGT,-3.5611026488326245
GAC GCG CCA GAC GAA TTC CGT GAC CCG CTG ATG GAC ACC CTG ATG ACC GAC CCG GTT CGC CTG CCA TAC GGT ACC ATC ATG GAC CGT TCT ATC ATC CTG CGT CAC CTG CTG AAC TCT CCG ACT GAC CCG TTC ATC CGT CAG ACC CTG ACC GAA TCT ATG CTG GAA CCG GTG CCG GAA CTG AAA GAA CAG ATC CAG GCT TGG ATG CGC,-0.4985766785859337
GAC GCG CCA GAC GAA TTC CGT GAC CCG CTG ATG GAC ACC CTG ATG ACC GCT CCG GTG CGT CTG CCA TCT GGC ACC ATC ATG GAC CGT TCT ATC ATC CTG CGT CAC CTG CTG AAC TCT CCG ACC GAT CCG TTC AAT CGT CAA ACC CTG ACC GAA TCT ATG CTG GAG CCG GTT CCA GAA CTC TAC GAA CAG ATC CAG GCG TGG ATG CGT,0.5290238512481183
GAC GCG CCA GAC GAA TTC CGT CTG CCG CTG ATG GAC ACT CTG ATG ACC GAC CCG GTT CGT CTC CCG TCC GGC ACC ATT ATG CCG CGC TCT ATC ATC CTG CGT CAT CTG CTG AAC TCT CCG ACC GAT CCG TTC AAC CGT CAG ACC CTG ACC GAG TCT ATG CTG GAA CCA GTT CCG GAG CTG AAA GAA CAG ATC CAG GCG TGG ATG CGT,-2.2717985816267943
GAC GCG CCA GAT GAA TTC CGT GAC CCG CTG ATG GAC ACC CTG ATG ACT GAC CCG GTG CTG CTG CCG TCT GGT ACT ATC ATG GAC CGT TCT ATC ATC CTG CGT CAC CTG CTG AAC TCT CCG ACC GAC CCG TTC AAC CGT CAG ACC CTG ACC GAA TCT ATG CTG CGT CCG GTG CCG GAA CTG AAA GAA CAG ATC CAG GCG TGG ATG CGC,1.7176959364145974
GAT GCG CCG GAT GAG TTC CGT GAC CCG CTG ATG GAC ACC CTG ATG ACC GAC CCG GTT GGT CTG CCG TCT GGT ACT ATC ATG GAC CGC TCT ATC ATC CTG CGT CAC CTG CTG AAC TCT CCG ACC GAT CCG TTC AAC CGT CAG ACC CTG ACC GAA TCT ATG CTC CAG CCA GTT CCG GAG CTC AAA GAA CAG ATC CAG GCG TGG ATG CGT,-2.643326728602277
GAC GCT CCG GAC GAA TTC CGT AAA CCG CTG ATG GAC ACC CTG ATG ACT GAC CCG GTT CGT CTG CCG TCT GGT ACT ATC ATG TGC CGT TCT ATC ATC CTG CGT CAC CTG CTG AAC TCT CCG ACC GAC CCG TTC AAC CGT CAG ACC CTG ACC GAA TCT ATG CTG GAG CCG GTG CCA GAA CTG AAA GAA CAG ATC CAG GCG TGG ATG CGT,1.042892017851733
GAT GCG CCG GAC GAA TTC CGT GAC CCG CTG ATG GAC ACC CTG ATG ACC GAC CCG GTT CGT CTG CCG TCT GGC ACC ATC ATG GAC CGT TCT ATC ATC CTG CGT CAC CTG CTG AAC TCT CCG ACT GAT CCA TTC AAC CGT CAG ACT CTG ACC GAA TCT ATG CTG GAA CCG GTG CCG GAA CTG AAA GAA CAG GGT CAA GCG TGG ATG CGT,-2.8357362041186347
GAT GCG CCA GAC GAA TTC CGT GAC CCG CTG ATG GAC ACC CTG ATG ACC GAT CCG GTT TGG CTG CCG TCT GGT ACT ATC ATG GAC CGT TCT ATC ATC CTG CGT CAC CTG CTG AAC TCT CCG ACC GAC CCA TTC AAC CGT CAG ACC CTG ACC GAA TCT ATG CTG TAC CCG GTG CCG GAA CTG AAA GAA CAG ATC CAG GCG TGG ATG CGT,0.6005513528333555
GAC GCT CCA GAT GAA TTC CGT GAC CCG CTG ATG GAC ACC CTC ATG ACT GAC CCA GTT CGT CTG CCA TCT GGT ACT ATT ATG GAC CGT TCT CTG ATC CTG CGT CAC CTG CTG AAC TCT CCG ACC GAC CCG TTC AAC CGT CAG ACT CTG ACC GAG TCT ATG CTG GAG CCG GTG CCA GAG CTG AAA GAA CAG ATC CAG GCG TGG ATG CGT,0.5756126047140184
GAT GCT CCA GAC GAA TTC CGT GAC CCG CTG ATG GAC ACC CTG ATG ACT GAC CCG GTT CGC CTG CCG TCT GGT ACC CGT ATG GAC CGT TCT ATT ATC CTG CGT CAT CTG CTC AAC TCT CCA ACC GAC CCA TTT AAT CGT CAA ACT CTG ACC GAA TCT ATG CTG GAA CCG GTG CCG GAA CTG AAA GAA CAG ATC CAG GCG TGG ATG CGT,-0.4184271201908908
GAC GCT CCG GAT GAA TTC CGT GAT CCG CTG ATG GAC CGT CTG ATG ACC GAC CCG GTT CGT CTG CCG TCC GGT ACC ATC ATG CGT CGT TCT ATC ATC CTG CGT CAC CTG CTG AAC TCT CCG ACC GAT CCG TTC AAC CGC CAG ACC CTG ACC GAA TCT ATG CTG GAG CCG GTT CCA GAA CTG AAA GAA CAG ATC CAG GCG TGG ATG CGC,-0.8308615845526068
GAT GCG CCG GAT GAA TTC CGT GAC CCG CTG ATG GAC ACC CTG ATG ACC GAT CCA GTT TAC CTC CCA TCT GGT ACT ATC ATG GAC CGT TCT ATC ATC CTG CGT CAC CTG CTG AAC TCT CCG ACC GAC CCG TTC AAC CGT CAG ACC CTG ACC GAA TCT ATG CTC GCT CCG GTG CCG GAG CTG AAA GAA CAG ATC CAG GCG TGG ATG CGC,-0.2035572377089983
GAT GCG CCG GAT GAA TTC CGT GAC CCG CTG ATG GAC ACC CTG ATG ACC GAC CCG GTT CGT CTG CCG TCT GGT ACT ATC ATG GAC CGT TCT ATC ATC CTG CGT CAC CTG CTG AAC CGT CCG AAA GAC CCG TTC AAC CGT CAG ACT CTG ACC GAA TCT ATG CTG GAA CCA GTG CCG GAG CTG AAG GAA CAG ATC CAG GCG TGG ATG CGT,0.0443711048605487
GAC GCT CCA GAC GAG TTC CGT GAC CCG CTG ATG GAC ACT CTC ATG ACC GAA CCA GTT CGC CTC CCG TCC GGT ACC ATC ATG GAC CGT TCT ATC ATC CTG CGT CAC CTG CTG AAC TCT CCG ACC GAC CCG TTC AAC CGT CAA ACC CTG ACT GAA TCC ATG CTG GAG CCA GTG CCA GAA CTG TGG GAA CAG ATC CAG GCT TGG ATG CGT,2.0919753204509144
GAT GCG CCG GAC GAA TTC CGT GAC CCG CTG ATG GAC ACC CTG ATG ACT GAC CCG GTT TTC CTG CCG TCT GGT ACT ATC ATG GAC CGT TCT ATC ATC CTG CGT CAC CTG CTG AAC TCT CCG ACC GAC CCG TTC AAC CGT CAG ACC CTG ACC GAA TCT ATG CTG CAC CCA GTT CCA GAA CTG AAA GAA CAG ATC CAG GCG TGG ATG CGT,-0.0708984680451437
GAT GCG CCG GAC GAA TTC CGT GAC CCG CTG ATG GAC ACC CTG ATG ACC GAC CCG GTT CGT CTG CCG ATG GGT ACC ATC ATG GAC CGT TCT ATC ATC CTG CGT CAC CTG CTG AAC TCT CCG ACC CAG CCG TTC AAC CGT CAG ACT CTG ACC GAA TCT ATG CTG GAA CCG GTG CCG GAA CTG AAA GAA CAG ATC CAG GCG TGG ATG CGT,-1.4064191628172589
GAT GCG CCG GAC GAG TTC CGC GAC CCG CTG ATG GAC ACC CTG ATG ACC GAC CCG GTT CGT CTC CCG CAC GGT ACC ATC ATG GAC CGC TCT ATC ATC CTG CGT CAC CTG CTG AAC TCT CCG ACC ACT CCA TTC AAC CGT CAG ACC CTG ACC GAG TCC ATG CTG GAG CCG GTT CCA GAG CTC AAA GAA CAG ATC CAG GCG TGG ATG CGT,-2.453418086199573
GAC GCT CCG GAC GAA TTC CGT GAC CCG CTG ATG GAC ACC CTG ATG ACC GAC CCG GTT CGT CTG CCG TCT GGC ACC ATC ATG GAC CGT TCT ATC ATC CTG CGT CAC CTG CTG AAC CAG CCG ATC GAC CCG TTC AAC CGC CAG ACC CTG ACC GAA TCT ATG CTG GAA CCG GTG CCG GAG CTG AAA GAA CAG ATC CAG GCG TGG ATG CGT,1.2893682200385563
GAC GCT CCG GAC GAA TTC CGT GAC CCG CTG ATG GAC GAC CTG ATG ACT GAC CCG GTT CGT CTG CCG TCT GGT ACT ATC ATG TTC CGT TCT ATC ATC CTG CGT CAC CTG CTG AAC TCT CCG ACC GAC CCA TTC AAC CGT CAG ACC CTG ACC GAA TCT ATG CTG GAA CCG GTG CCG GAG CTG AAA GAA CAG ATC CAG GCG TGG ATG CGT,0.6964560816683018
GAT GCT CCA GAC GAA TTC CGT GAC CCG CTG ATG GAC ACC CTG ATG ACC ATC CCG GTG CGT CTG CCG TCT GGC ACC ATC ATG GAT ATG TCT ATC ATC CTG CGT CAC CTG CTG AAC TCT CCG ACC GAC CCG TTC AAC CGT CAG ACC CTG ACC GAA TCT ATG CTC GAA CCA GTT CCA GAA CTG AAA GAA CAG ATC CAG GCG TGG ATG CGT,0.9898610289242572
GAT GCG CCG GAC GAA CTG CGT GAC CCG CTG ATG GAC ACC CTG ATG ACC GAT CCG GTG CGT CTC CCA TCC GGT ACT ATC ATG GAC CGT TCT ATC ATC CTC CGT CAC CTG CTG AAC TCT CCG ACC GAC CCG TTC AAC CGT CAG ACC CTG ACC GAA TCT ATG CTG GAA CCA GTG CCG GAA CTG AAA GAA CAG ATC CAG GCG TGG ATG CGT,0.6067474359275923
GAT GCG CCG GAC GAG TTC CGC GAC CCG CTG ATG GAC ACC CTG ATG ACC ATG CCG GTT CGT CTC CCG TCC GGT ACC ATC ATG GAC CGT TCT ATC ATC CTC CGT CAT CTC CTC AAC TCT CCG ACC GAT CCG TTT AAT CGT CAG ACC CTG ACC GAG TCT ATG CTG GAA CCG GTG CCA GAA CTC CGT GAA CAG ATC CAG GCG TGG ATG CGT,0.646662515236057
GAC GCT CCG GAC GAA TTC CGT GAC CCG CTG ATG GAC ACC CTG ATG ACC GTT CCG GTG CGT CTC CCG TCT GGC ACT ATC ATG GAT CTC TCT ATC ATC CTG CGT CAC CTG CTG AAC TCT CCG ACC GAC CCG TTC AAC CGT CAG ACC CTG ACT GAG TCT ATG CTG GAA CCG GTG CCG GAA CTG AAA GAA CAG ATC CAG GCT TGG ATG CGC,1.2402450157197389
GAT GCG CCG GAC GAA TTC CGT GAC CCG CTG ATG GAC ACC CTG ATG ACT GAC CCA GTG CGT CTG CCG TCC GGT ACC ATC ATG GAC CGT TCT ATC ATC CTG CGT CAC CTG CTG AAC TCT CCG ACC GAC CCG TTC AAC CGT CAG ACC CTC ACC GAA TCT ATG CTG CAC CCG GTT CCA GAG CTG AAA GAA CAG ATC CAG GCG TGG ATG CGT,1.520462248799651
GAC GCT CCG GAC GAA TTC CGT GAC CCG CTG ATG GAC ACC CTG ATG ACC GAC CCG GTT CGT CTG CCG TCT GGC ACC ATC ATG GAC CGT TCT ATC ATC CTG CGT CAC CTG CTG AAT TCT CCG ACT GAC CCG TTC AAC CGC CAG ACC CTG ACT GAA TCT ATG CTG GAA CCA GTT CCA GAA CTC AAA GAA CAG ATC CAG CTG TGG ATG CGT,2.3160817096569124
GAT GCG CCG GAC GAA TTT CGT GAC CCG CTC ATG GAT ACC CTG ATG ACC CAC CCG GTT CGC CTC CCG TCT GGC ACT ATT ATG GAC CAG TCT ATC ATC CTG CGT CAC CTG CTG AAC TCT CCG ACC GAT CCG TTC AAC CGT CAA ACT CTG ACC GAA TCT ATG CTG GAA CCG GTG CCG GAA CTG AAA GAA CAG ATC CAG GCG TGG ATG CGT,1.2121139023779357
GAC GCT CCG GAC GAA TTC CGT GAC CCG CTG ATG GAC ACT TAC ATG ACT GAC CCA GTT CGT CTG CCA TCT GGC ACT ATT ATG GAT CGT TCC ATC ATC CTG CGT CAC CTG CTG AAC TCT CCG ACC GAT CCG TTC AAT CGT CAG ACC CTG ACC GAA TCT ATG CTG GAA CCG GTG CCG GAA CTG AAA GAA CAG ATC CAG GCG TGG ATG CGT,0.5727515934508931
GAC GCT CCG GAT GAA TTC CGT GAC CCG CTG ATG GAC ACC CTG ATG ACC GAT CCG GTT CCA CTG CCG TCT GGT ACT ATC ATG GAC CGT TCT ATC ATC CTG CGT CAC CTG CTG AAC TCT CCG ACC GAC CCG TTC AAC CGT CAG ACC CTG ACC GAA TCT ATG CTG TAC CCA GTT CCA GAA CTG AAA GAA CAG ATC CAG GCG TGG ATG CGT,-2.9312036790917184
GAA GCG CCG GAC GAA TTC CGT GAC CCG CTG ATG GAC ACC CTG ATG ACT GAC CCA GTT CGT CTG CCA TCT GGC ACT ATC ATG GAC CGT TCT ATC ATC CTG CGT CAC CTC CTC AAC TCT CCG ACC GAT CCA TTC AAT CGT CAG ACC CTG ACC GAA TCT ATG CTG GAG CCG GTG CCG GAA CTC AAA GAA CAG ATC CAG GCG TGG ATG CGT,2.5027180358113164
GAC GCT CCA GAC GAG TTC CGC GAC CCG CTG ATG GAC ACT CTG ATG ACC CAG CCA GTG CGT CTC CCG TCT GGC ACT ATT ATG GAT ACC TCT ATC ATC CTG CGT CAC CTG CTG AAC TCT CCG ACC GAT CCG TTT AAC CGT CAG ACC CTG ACC GAA TCT ATG CTG GAA CCA GTT CCG GAG CTG AAA GAA CAG ATC CAG GCG TGG ATG CGT,-0.8531868163903606
GAC GCT CCA GAC GAA TTC CGT GAC CCG CTG ATG GAC ACC CTG ATG ACC GAT CCA GTT ACT CTG CCA TCC GGT ACC ATC ATG GAT CGT TCT ATC ATC CTG CGT CAC CTG CTG AAC TCT CCG ACC GAC CCG TTC AAC CGT CAG ACC CTG ACC GAA TCT ATG CTG TTC CCA GTT CCG GAG CTG AAA GAA CAG ATC CAG GCT TGG ATG CGC,-0.03536526929879
GAC GCT CCG GAC GAG TTC CGT GAC CCG CTG ATG GAC ACC CTG ATG ACC GAT CCG GTT CGT CTG CCG GGT GGC ACC ATC ATG GAC CGT TCT ATC ATC CTG CGT CAC CTG CTG AAC TCT CCG ACC GAC CCA TTC AAC CGC CAG ACC CTG ACC GAA TCT ATG CTG GAA CCG GTG CCG GAA CTG AAA GAA CAG ATC CAG GCG TGG ATG CGT,1.529247640909627
GAC GCG CCA GAC GAG TTC CGT GAC CCG CTG ATG GAC ACC CTG ATG ACC ATC CCG GTT CGT CTG CCG TCT GGT ACT ATT ATG GAT CAG TCT ATC ATC CTG CGT CAC CTG CTG AAC TCT CCG ACC GAC CCG TTC AAC CGT CAG ACC CTG ACC GAA TCT ATG CTG GAA CCG GTG CCA GAA CTG AAA GAA CAG ATC CAG GCG TGG ATG CGT,-0.5018650760508498
GAC GCT CCG GAC GAA TTC CGT GAC CCG CTG ATG GAC ATC CTG ATG ACC GAC CCG GTT CGT CTG CCG TCT GGC ACC ATC ATG GAG CGT TCT ATC ATC CTG CGT CAC CTG CTG AAC TCT CCG ACT GAC CCG TTC AAC CGT CAG ACC CTG ACC GAA TCC ATG CTG GAA CCG GTG CCG GAA CTG AAA GAA CAG ATC CAG GCG TGG ATG CGT,1.9363595408506595
GAT GCG CCG GAT GAA TTC CGT GAC CCG CTG ATG GAC ACC CTG ACC ACC GAT CCG GTT CGT CTG CCG TCT GGC ACC ATC ATG GAC CGT TCT ATC ATC CTG CGT CAC CTG CTG AAC TCT CCG ACC GAC CCA TTC AAC CGT CAG ACC CTC ACC GAA TCT ATG CTG GAA CCG GTG CCG GAA CTG AAA GAA CAG ATC CAG GCG TGG ATG CGT,-1.528383578920315
GAC GCT CCG GAC GAA TTC CGT GAC CCG CTG ATG GAC ACC CTG ATG ACC TGG CCG GTT CGT CTG CCG TCT GGC ACC ATC ATG GAT ATG TCT ATC ATC CTG CGT CAC CTG CTG AAC TCT CCG ACC GAC CCG TTC AAC CGT CAG ACC CTG ACC GAA TCT ATG CTG GAG CCA GTG CCG GAA CTG AAA GAA CAG ATC CAG GCG TGG ATG CGT,1.3672349796687502
GAT GCG CCG GAC GAA TTC CGT GAC CCG CTG ATG GAC ACC CTG ATG ACC GAC CCG GTG CGT CTG CCG CTG GGT ACC ATC ATG GAC CGT TCT ATC ATC CTG CGT CAC CTG CTG AAC TCT CCG ACC AAC CCG TTT AAC CGT CAG ACC CTG ACC GAA TCT ATG CTG GAA CCA GTT CCA GAA CTG AAA GAA CAG ATC CAG GCG TGG ATG CGT,-0.1427684411175342
GAC GCT CCG GAT GAA TTC CGT GAC CCA CTC ATG GAT ACC CTC ATG ACC GAC CCG GTT CGT CTG CCG TCT GGC ACC ATC ATG GAC CGT TCT ATC ATC CTG CGT CAC CTC CTG AAC TCT CCG ACT GAC CCG TTC AAT CGT CAA ACC CTG ACT GAA TCC ATG CTG GAA CCG GTG CCG GAA CTG AAA GAA CAG ATC AAA GCG TGG ATG CGT,2.0168031948778844
GAC GCT CCG GAC GAA TTC CGT GAA CCG CTG ATG GAC ACC CTG ATG ACT GAC CCG GTT CGT CTG CCG TCC GGT ACT ATC ATG CAC CGT TCT ATC ATC CTG CGT CAC CTG CTG AAC TCT CCG ACC GAC CCG TTC AAC CGT CAA ACC CTG ACC GAA TCT ATG CTC GAA CCA GTT CCA GAA CTG AAA GAA CAG ATC CAG GCG TGG ATG CGT,-4.803089242347918
GAC GCG CCA GAC GAA TTC CGT GAC CCG CTG ATG GAC ACT CTC ATG ACC CGT CCG GTT CGC CTG CCG TCT GGT ACT ATC ATG GAC GAC TCT ATC ATC CTG CGC CAC CTG CTG AAC TCT CCG ACC GAC CCG TTC AAT CGT CAA ACC CTG ACC GAA TCT ATG CTG GAA CCA GTG CCG GAG CTC AAA GAA CAG ATC CAG GCG TGG ATG CGT,-1.362446935258443
GAC GCT CCA GAT GAA TTC CGT GAC CCA CTG ATG GAC GCG CTG ATG ACC GAC CCG GTT CGT CTG CCG TCT GGT ACT ATC ATG TTC CGT TCT ATC ATC CTG CGT CAC CTG CTG AAC TCT CCG ACT GAC CCG TTC AAC CGT CAG ACC CTG ACC GAA TCT ATG CTG GAA CCA GTT CCG GAG CTC AAA GAA CAG ATC CAG GCG TGG ATG CGT,0.6475868694180524
GAC GCT CCG GAC GAA TTC CGT GAC CCG CTG ATG GAC ATG CTG ATG ACT GAC CCG GTT CGT CTG CCG TCT GGT ACT ATC ATG CCG CGT TCT ATC ATC CTG CGT CAC CTG CTG AAC TCT CCG ACC GAC CCG TTC AAC CGT CAG ACC CTG ACC GAA TCT ATG CTG GAA CCG GTG CCG GAA CTG AAA GAA CAG ATC CAG GCG TGG ATG CGT,0.2809221089859007
GAC GCT CCG GAC GAA TTC CGT GAC CCG CTG ATG GAC ACC CTG ATG ACC TGG CCG GTG CGT CTC CCG TCT GGC ACC ATC ATG GAC CGT TCT ATC ATC CTG CGT CAC CTG CTG AAC TCT CCG ACC GAC CCG TTC AAC CGC CAG ACC CTG ACC GAA TCT ATG CTG GAA CCG GTG CCG GAA CTC TAC GAA CAG ATC CAG GCT TGG ATG CGC,1.3343140107325544
GAC GCT CCG GAC GAA TTC CGC GAC CCG CTG ATG GAT ACC CTG ATG ACC GAC CCG GTT CGT CTG CCG TCT GGC ACC ATC ATG GAC CGT TCT ATC ATC CTG CGT CAC CTG CTG AAC TGC CCG CGT GAT CCA TTC AAC CGT CAG ACT CTG ACC GAA TCC ATG CTG GAG CCG GTG CCG GAA CTG AAA GAA CAG ATC CAG GCG TGG ATG CGT,1.8187480501450195
GAC GCG CCA GAT GAA TTC CGT GAA CCG CTC ATG GAC ACC CTG ATG ACT GAC CCG GTT CGT CTG CCG TCT GGC ACC ATT ATG ATT CGT TCT ATC ATC CTG CGC CAC CTG CTG AAC TCT CCG ACC GAC CCA TTC AAC CGT CAG ACC CTG ACC GAA TCT ATG CTG GAA CCA GTT CCG GAG CTG AAA GAA CAG ATC CAG GCG TGG ATG CGT,0.7321164866425913
GAC GCG CCA GAT GAA TTC CGT GAC CCG CTG ATG GAC ACC CTG ATG ACC GAC GAC GTT CGT CTC CCG TCT GGC ACC ATC ATG GAC CGT TCT ATC ATC CTG CGT CAC CTG CTG AAC TCT CCG ACC GAC CCG TTC AAC CGT CAG ACC CTG ACC GAA TCT ATG CTG GAA CCA GTT CCA GAA CTG AAA GAA CAG ATC CAG GCG TGG ATG CGT,-1.216050565113279
GAC GCT CCG GAC GAA TTC CGT GAC CCG CTG ATG GAT ACT CTG ATG ACC TTC CCG GTT CGT CTG CCG TCT GGT ACT ATC ATG GAC AAC TCT ATC ATC CTG CGT CAC CTG CTG AAC TCT CCG ACC GAC CCG TTC AAC CGC CAG ACC CTG ACC GAA TCT ATG CTG GAG CCG GTT CCA GAA CTG AAA GAA CAG ATC CAG GCG TGG ATG CGT,-0.4073164050500602
GAC GCG CCA GAC GAA TTC CGT GAC CCG CTG ATG GAC ACC CTG ATG ACT GAC CCA GTT CGC CTG CCG TCT GGT ACT ATC ATG GAC CGT TCT ATC ATC CTG TGC CAC CTG CTG AAC TCT CCG ACC GAC CCG TTC AAC CGT CAG ACC CTG ACC GAA TCT ATG CTG GAA CCA GTT CCG GAG CTG AAA GAA CAG ATC CAG GCG TGG ATG CGC,2.3050324987831603
GAC GCT CCG GAC GAA TTC CGT GAC CCG CTG ATG GAC ACC CTG ATG ACC GAC CCG GTT GAC CTG CCG TCT GGT ACT ATC ATG GAC CGT TCT ATC ATC CTG CGT CAC CTG CTG AAC TCT CCG ACT GAC CCG TTC AAC CGT CAG ACC CTG ACC GAA TCT ATG CTG ACT CCA GTG CCG GAG CTC AAA GAA CAG ATC CAG GCG TGG ATG CGT,-2.358227361278749
GAT GCG CCG GAT GAA TTC CGT GAC CCG CTG ATG GAC ACC CTG ATG ACC CTG CCG GTT CGT CTG CCA TCT GGT ACT ATC ATG GAC GAC TCT ATC ATC CTG CGT CAC CTG CTG AAC TCT CCG ACT GAC CCG TTC AAC CGT CAG ACT CTG ACC GAA TCT ATG CTG GAG CCA GTG CCA GAA CTG AAA GAA CAG ATC CAG GCG TGG ATG CGT,-2.519691493492381
GAC GCT CCG GAT GAA TTC CGC GAC CCA CTC ATG GAC ACT CTG ATG ACC TCT CCG GTT CGT CTG CCG TCT GGC ACC ATT ATG GAC ATC TCT ATC ATC CTG CGT CAC CTG CTG AAC TCT CCG ACC GAC CCG TTT AAC CGT CAG ACC CTG ACC GAA TCT ATG CTG GAA CCA GTG CCG GAA CTG AAA GAA CAG ATC CAG GCG TGG ATG CGT,0.8488119386876578
GAT GCG CCG GAC GAG TTC CGT GAC CCG CTG ATG GAC ACC CTG ATG ACC GAT CCG GTT CGT CTC CCG TCT GGC ACC ATC ATG GAC CGC AAC ATC ATC CTG CGT CAC CTG CTG AAC TCT CCG ACC GAC CCG TTC AAC CGT CAA ACC CTG ACC GAA TCT ATG CTG GAA CCA GTT CCG GAG CTG AAA GAA CAG ATC CAG GCG TGG ATG CGT,2.0071169107943554
GAC GCG CCA GAC GAA TTC CGT GAC CCG CTG ATG GAC ACC CTG ATG ACC GAC CCG GTT CGC CTG CCG TCC GGT ACC ATC ATG GAC CGC TCT ATC ATC CTC CGT CAT CTC CTC AAC TCT CCG ACC GAC TAC TTC AAC CGT CAG ACC CTG ACC GAA TCC ATG CTG GAA CCG GTG CCG GAA CTG AAA GAA CAG ATC CAG GCG TGG ATG CGT,-0.0911955864462375
GAT GCG CCA GAC GAA TTC CGT GAC CCG CTG ATG GAC ACC CTG ATG ACC GTG CCG GTT CGC CTG CCG TCC GGT ACC ATC ATG GAC CGT TCC ATC ATC CTG CGT CAC CTG CTG AAC TCT CCG ACC GAC CCG TTC AAC CGT CAG ACC CTG ACC GAA TCT ATG CTG GAA CCG GTG CCA GAG CTG GGC GAA CAG ATC CAA GCG TGG ATG CGC,-0.4526478511840163
GAT GCG CCA GAC GAA TTC CGT GAC CCG CTG ATG GAC ACC CTG ATG ACC GAG CCG GTT CGC CTC CCG TCC GGT ACC ATC ATG GAT ATG TCT ATC ATC CTC CGT CAC CTG CTG AAC TCT CCG ACC GAC CCA TTC AAC CGT CAG ACC CTC ACC GAA TCT ATG CTG GAA CCA GTG CCG GAA CTG AAA GAA CAG ATC CAG GCG TGG ATG CGT,1.9018717206327205
GAT GCG CCG GAC GAA TTC CGT GAC CCG CTG ATG GAC ACC CTG ATG ACC GAC CCG GTT CGT CTG CCA CCG GGT ACC ATC ATG GAC CGT TCT ATC ATC CTG CGT CAC CTG CTG AAC TCT CCG ACC CTG CCG TTC AAC CGT CAG ACC CTG ACC GAA TCT ATG CTG GAA CCG GTG CCG GAA CTG AAA GAA CAG ATC CAG GCT TGG ATG CGT,-1.2310077551170515
GAT GCG CCG GAC GAA TTC CGT GAC CCG CTG ATG GAC ACC CTG ATG ACT GAC CCG GTT CGT CTG CCG TCT GGC ACC ATC ATG GAC CGT TCT ATC ATC CTG CGT CAC CTG CTG AAC TCT CCG ACC GAC CCG TTC AAC CGT CAG ACC CTG CGT GAA TCT ATG CTG GAG CCG GTT CCG GAG CTG AAA GAA CAG ATC CAG GCT TGG ATG CGT,1.6290401487510258
GAT GCT CCG GAT GAA TTT CGT GAC CCG CTG ATG GAC ACT CTC ATG ACC TCT CCG GTT CGT CTG CCG TCT GGC ACT ATT ATG GAC CGC TCT ATC ATC CTG CGT CAC CTC CTG AAC TCT CCG ACC GAC CCG TTC AAC CGT CAG ACC CTG ACC GAA TCT ATG CTG GAA CCA GTG CCG GAG CTG TTC GAG CAG ATC CAG GCG TGG ATG CGT,0.8854864484073567
GAT GCG CCG GAT GAA TTC CGT GAC CCG CTG ATG GAC ACC CTG ATG ACC ATG CCA GTT CGT CTG CCA TCT GGC ACC ATC ATG GAC CGT TCT ATC ATC CTG CGT CAC CTG CTG AAC TCT CCG ACC GAC CCG TTC AAC CGT CAG ACC CTG ACC GAA TCT ATG CTC GAA CCG GTG CCG GAA CTG CTG GAA CAG ATC CAG GCG TGG ATG CGT,1.1520320503838477
GAT GCT CCA GAT GAA TTC CGT GAC CCG CTG ATG GAC ACC CTG ATG ACC GAC CCG GTT CGT CTG CCG TCT GGC ACC ATC ATG GAC CGT TCT ATC ATC CTG CGC CAC CTG CTG AAC TCT CCG ACC GAT CCG TTT AAC CGC CAG ATG CTG ACT GAA TCT ATG CTG GAA CCA GTT CCG GAG CTG AAA GAA CAG ATC CAG GCG TGG ATG CGT,2.596645521989398
GAT GCT CCG GAC GAA TTC CGT GAC CCG CTG ATG GAT ACC CTG ATG ACC GAC CCG GTT CGT CTG CCG CGT GGC ACC ATC ATG GAC CGT TCT ATC ATC CTC CGT CAC CTG CTG AAC TCT CCG ACT GAC CCA TTC CTG CGT CAG ACC CTG ACC GAA TCT ATG CTG GAG CCG GTG CCG GAA CTG AAA GAA CAG ATC CAG GCG TGG ATG CGT,-1.0426042145474783
GAC GCT CCG GAC GAA TTC CGT GAC CCG CTG ATG GAC ACC CTG ATG ACC GAT CCG GTT CGT CTG CCG TGC GGT ACC ATC ATG GAC CGT TCT ATC ATC CTG CGT CAC CTC CTC AAC TCT CCA ACC GAC CCG TTC GAC CGT CAG ACC CTG ACC GAA TCT ATG CTG GAA CCG GTG CCG GAA CTG AAA GAA CAG ATC CAG GCG TGG ATG CGT,0.4171106132513036
GAT GCG CCG GAC GAG TTC CGT GAC CCG CTG ATG GAC ACC CTG ATG ACC GAC AAC GTT CGT CTG CCG TCT GGC ACC ATT ATG GAC CGT TCT ATC ATC CTG CGC CAC CTG CTG AAC TCT CCG ACC GAC CCG TTT AAT CGT CAG ACC CTG ACC GAA TCT ATG CTG GAG CCG GTT CCG GAG CTG AAA GAA CAG ATC CAG GCG TGG ATG CGT,-2.462367243562512
GAT GCG CCG GAC GAA TTC CGT GAC CCG CTG ATG GAC ACC CTG ATG ACC GAC CCG GTT CGT CTG CCG TCT GGC ACC ATC ATG GAT CGC TCT ATC ATC CTG CGT CAC CTG CTG AAC ACT CCA CCG GAC CCG TTC AAC CGT CAG ACC CTG ACC GAA TCT ATG CTG GAG CCG GTT CCG GAG CTG AAA GAA CAG ATC CAG GCG TGG ATG CGT,-0.4436414118057989
GAT GCG CCG GAC GAA TTC CGT GAC CCG CTG ATG GAC ACC CTG ATG ACC GAC CCG GTT CGT CTC CCG GAC GGT ACC ATC ATG GAC CGT TCT ATC ATC CTG CGT CAC CTG CTG AAC TCT CCG ACT CGT CCG TTC AAC CGT CAG ACC CTG ACC GAA TCT ATG CTG GAA CCG GTG CCG GAA CTG AAA GAA CAG ATC CAG GCG TGG ATG CGT,-1.6738978478803168
GAC GCG CCA GAC GAA TTC CGT GAC CCG CTG ATG GAC ACC CTG ATG ACC ACT CCG GTT CGT CTC CCG TCT GGT ACT ATC ATG GAT ATG TCT ATC ATC CTC CGT CAC CTG CTG AAC TCT CCG ACC GAC CCG TTC AAC CGT CAG ACC CTG ACC GAA TCT ATG CTG GAA CCG GTG CCG GAA CTG AAA GAA CAG ATC CAG GCT TGG ATG CGC,0.7780008018863376
GAC GCT CCG GAC GAA TTC CGT GAC CCG CTG ATG GAC ACC CTG ATG ACC GAC CCG GTT CGT CTG CCG TCT GGC ACC ATC ATG GAC CGT TCT ATC ATC CTG CGT CAC CTG CTG AAC GCG CCA TGG GAC CCG TTC AAC CGC CAG ACC CTG ACC GAA TCT ATG CTG GAA CCG GTG CCG GAA CTG AAA GAA CAG ATC CAG GCG TGG ATG CGT,2.3017843754908505
GAT GCG CCG GAC GAA TTC CGT GAC CCG CTG ATG GAC ACC CTG ATG ACC GAT CCG GTT CGT CTC CCG TCT GGC ACC ATC ATG TAC CGT TCT ATC ATC CTG CGT CAC CTG CTG AAC TCT CCG ACC GAC CCG TTT AAC CGT CAG ACC CTG ACC GAA TCC ATG CTG GAG CCA GTT CCG GAG CTC AAA GAA CAG ATC CAG GCG TGG ATG CGT,0.1719840655743548
GAC GCG CCA GAT GAA TTC CGT GAC CCG CTG ATG GAC ACC CTG ATG ACC GAC CCG GTT CGT CTG CCG TCT GGC ACC ATC ATG GAC CGT TCT ATC ATC CTG CGT CAC CTG CTG AAC TCT CCG ACC GAT CCG TTC AAC CGC CAG CAC CTG ACC GAA TCT ATG CTG GAG CCG GTT CCG GAG CTG AAA GAA CAG ATC CAG GCG TGG ATG CGT,3.1536404485401808
GAC GCT CCG GAT GAA TTC CGT GAC CCG CTG ATG GAC ACC CTG ATG ACT GAC CCG GTT CGT CTG CCG TCT GGT ACT ATC ATG GAC GAC TCT ATC ATC CTG CGT CAC CTG CTG AAC TCT CCG ACC GAC CCA TTT AAC CGC CAG ACC CTG ACC GAA TCT ATG CTG GAA CCG GTG CCA GAA CTG GCG GAA CAG ATC CAG GCG TGG ATG CGT,-0.7263009943348585
GAC GCT CCG GAC GAG TTC CGC GAC CCG CTG ATG GAC ACC CTG ATG ACC GAC CCG GTT CGT CTG CCG TCT GGT ACT ATC ATG GAT ATG TCT ATC ATC CTG CGT CAC CTG CTG AAC TCT CCG ACT GAC CCG TTC AAC CGC CAG ACC CTG ACC GAA TCT ATG CTG GAG CCA GTG CCG GAG CTG GGT GAA CAG ATC CAG GCG TGG ATG CGT,-0.0839006119203643
GAC GCT CCG GAT GAA TTC CGT GAC CCG CTG ATG GAC ACC CTG ATG ACC GAC CCG GTT CGT CTG CCG TCC GGT ACC ATC ATG GAC CGT TCT ATC ATC CTG CGT CAC CTG CTG AAC CTG CCA TCT GAC CCG TTC AAC CGT CAG ACC CTG ACC GAA TCT ATG CTG GAG CCG GTT CCA GAA CTG AAA GAA CAG ATC CAG GCG TGG ATG CGT,0.7216351975111845
GAC GCT CCG GAC GAA TTC CGT GAC CCG CTG ATG GAT ACC CTC ATG ACC CAC CCG GTT CGT CTG CCG TCT GGT ACT ATC ATG GAC CGT TCT ATC ATC CTG CGT CAC CTG CTG AAC TCT CCG ACC GAC CCG TTT AAC CGC CAG ACC CTG ACC GAA TCT ATG CTG GAA CCA GTG CCG GAA CTG AAC GAA CAG ATC CAG GCG TGG ATG CGT,0.0076824015029523
GAC GCG CCA GAC GAA TTC CGT GAC CCG CTG ATG GAC ACC CTG ATG ACC GAC CCG GTT AAT CTC CCG TCC GGT ACT ATC ATG GAC CGT TCT ATC ATC CTG CGT CAC CTG CTG AAC TCT CCG ACC GAT CCG TTC AAC CGT CAG ACC CTG ACC GAA TCT ATG CTG ACT CCG GTT CCG GAG CTG AAA GAA CAG ATC CAG GCG TGG ATG CGT,-1.10887279785418
GAT GCG CCG GAC GAA TTC CGT GAC CCG CTG ATG GAC ACC CTG ATG ACC GAC CCG GTT CGT CTG CCG TCT GGT ACT ATT ATG GAC CGT TCT ATC ATC CTG CGT CAC CTG CTG AAC TCT CCA ACC GAT CCG TTC AAC TCT CAG ACC CTG ACC GAA TCT ATG CTG GAA CCA GTG CCG GAA CTC AAA GAA CAG ATC CAG GCT TGG ATG CGT,2.621274326782917
GAT GCG CCG GAC GAA TTC CGT GAC CCG CTG ATG GAC ACC CTG ATG ACC TAC CCG GTT CGT CTG CCG TCT GGC ACC ATC ATG GAC CGT TCT ATC ATC CTC CGT CAC CTG CTG AAC TCT CCG ACC GAC CCG TTC AAC CGC CAG ACC CTG ACC GAA TCT ATG CTG GAG CCG GTT CCG GAG CTG CGT GAA CAG ATC CAG GCG TGG ATG CGT,1.3559515053590487
GAC GCT CCA GAC GAA TTC CGT GAC CCG CTG ATG GAC ACC CTG ATG ACC GAC CCG GTG CTG CTG CCG TCT GGC ACC ATT ATG GAC CGT TCT ATC ATC CTG CGT CAC CTG CTG AAC TCT CCG ACC GAT CCG TTC AAC CGT CAG ACC CTG ACC GAA TCT ATG CTG TGG CCG GTT CCG GAG CTG AAA GAA CAG ATC CAG GCG TGG ATG CGT,0.7252651641603345
GAC GCG CCA GAT GAG TTC CGT GAC CCG CTG ATG GAC ACC CTC ATG ACC GAC CCA GTT CGC CTG CCG TCC GGT ACC ATC ATG GAC GCT TCT ATC ATC CTG CGT CAC CTG CTG AAC TCT CCA ACT GAC CCG TTC AAC CGT CAG ACC CTG ACC GAA TCT ATG CTG GAG CCG GTG CCG GAA CTG GTG GAA CAG ATC CAG GCG TGG ATG CGT,0.4199904555716951
GAC GCG CCA GAT GAA TTC CGT AAC CCG CTG ATG GAC ACC CTG ATG ACT GAC CCG GTT CGT CTG CCG TCT GGC ACC ATC ATG GTT CGT TCT ATC ATC CTG CGT CAC CTG CTG AAC TCT CCG ACC GAC CCG TTC AAC CGT CAG ACC CTG ACC GAA TCT ATG CTG GAA CCA GTG CCG GAA CTG AAA GAA CAG ATC CAG GCG TGG ATG CGT,0.2292238736655779
GAT GCT CCG GAC GAA TTC CGT GAC CCG CTG ATG GAT ACC CTG ATG ACC CTG CCG GTT CGT CTG CCG TCT GGT ACT ATC ATG GAC CGT TCT ATC ATC CTG CGT CAC CTG CTC AAC TCT CCG ACC GAC CCG TTC AAT CGT CAG ACC CTG ACC GAA TCT ATG CTG GAA CCA GTT CCA GAA CTC GCT GAA CAG ATC CAG GCG TGG ATG CGT,0.3036058996799921
GAT GCG CCG GAC GAA TTC CGT GAC CCG CTG ATG GAC ACC CTG ATG ACC GAT CCG GTT CGT CTG CCG AAA GGT ACC ATC ATG GAC CGT TCT ATC ATC CTG CGT CAC CTG CTG AAC TCT CCG ACC GAC CCA TTC ATC CGT CAG ACC CTG ACC GAA TCT ATG CTG GAG CCG GTG CCG GAA CTG AAA GAA CAG ATC CAG GCG TGG ATG CGT,-3.084614840634212
GAC GCT CCG GAC GAA TTC CGT GAC CCG CTG ATG GAT ACC CTG ATG ACC CGT CCA GTT CGT CTC CCG TCT GGT ACT ATC ATG GAC CAC TCT ATC ATC CTG CGT CAC CTG CTG AAC TCT CCG ACC GAC CCG TTC AAC CGT CAG ACC CTG ACC GAA TCT ATG CTC GAA CCG GTG CCA GAA CTG AAA GAA CAG ATC CAG GCG TGG ATG CGT,-0.0673655871418101
GAT GCT CCG GAC GAA TTT CGT GAC CCA CTG ATG GAC ACC CTC ATG ACC GAC CCG GTT CGT CTG CCG TCT GGT ACT ATC ATG GAC CGT TCT ATC ATC CTG CGC CAT CTG CTG AAC CAC CCG AAC GAC CCG TTC AAC CGT CAG ACT CTG ACC GAA TCT ATG CTG GAA CCA GTG CCG GAA CTC AAA GAA CAG ATC CAG GCG TGG ATG CGT,1.4054833190959963
GAC GCG CCA GAC GAA TTC CGT GAC CCG CTG ATG GAC ACC CTG ATG ACC GAC CCG GTT GGT CTG CCG TCT GGT ACT ATT ATG GAC CGT TCT ATC ATC CTG CGT CAC CTG CTG AAC TCT CCG ACC GAT CCG TTC AAC CGT CAG ACC CTG ACC GAA TCT ATG CTG CGT CCG GTG CCA GAA CTG AAA GAA CAG ATC CAG GCG TGG ATG CGT,-0.3575518404837983
GAC GCT CCG GAC GAG TTC CGT CGT CCG CTG ATG GAC ACC CTG ATG ACC GAT CCG GTT CGT CTG CCG TCT GGC ACC ATC ATG GAA CGC TCT ATC ATC CTG CGC CAC CTG CTG AAC TCT CCG ACC GAC CCA TTC AAC CGT CAA ACC CTG ACC GAA TCT ATG CTG GAA CCG GTG CCG GAA CTG AAA GAG CAG ATC CAG GCG TGG ATG CGC,-0.7623797233846309
GAC GCG CCA GAC GAA TTC CGT GAC CCG CTG ATG GAC ACC CTG ATG ACT GAC CCG GTT CGT CTC CCG TGG GGC ACC ATC ATG GAC CGT TCT ATC ATC CTG CGT CAC CTG CTG AAC TCT CCG ACC GAC CCG TTC GTT CGT CAG ACC CTG ACC GAA TCT ATG CTG GAA CCA GTT CCG GAG CTC AAA GAA CAG ATC CAG GCG TGG ATG CGT,0.2379639527435072
GAC GCT CCA GAT GAA GGT CGT GAC CCG CTG ATG GAC ACC CTG ATG ACT GAC CCG GTT CGT CTG CCG TCT GGT ACT ATC ATG GAC CGT TCT ATC ATC CTG CGT CAC CTG CTG AAC TCT CCG ACC GAT CCG TTC AAC CGT CAG ACT CTG ACC GAA TCT ATG CTG GAA CCG GTG CCG GAA CTG AAA GAA CAG ATC CAG GCG TGG ATG CGT,-1.216951663449892
GAC GCT CCG GAC GAA TTC CGT GAC CCG CTG ATG GAC ACC CTG ATG ACC GAC CCG GTT CGT CTG CCG TCT GGT ACT ATC ATG GAC CGT TCT ATC ATC CTG CGT CAC CTG CTG AAT GAA CCG CAA GAC CCG TTC AAC CGT CAA ACC CTG ACC GAA TCC ATG CTG GAA CCG GTG CCG GAG CTG AAA GAA CAG ATC CAG GCT TGG ATG CGT,0.9419760826949626
GAC GCT CCG GAC GAA TTC CGT GAC CCG CTG ATG GAC ACC CTG ATG ACT GAC CCG GTT CGC CTC CCG TCC GGT ACC ATC ATG GAC CGT TCT ATC ATC CTG CGT CAC CTG CTG AAC TCT CCG ACC GAT CCG TTT AAT CGC CAA ACC CTG AAA GAG TCT ATG CTG GAA CCA GTG CCG GAA CTG AAG GAA CAG ATC CAA GCG TGG ATG CGC,1.9556514061943384
GAC GCT CCG GAT GAA TTC CGT GAC CCG CTG ATG GAT ACC CTG ATG ACC AAC CCG GTT CGT CTG CCG TCT GGC ACC ATT ATG GAC ACC TCT ATC ATC CTG CGT CAC CTG CTG AAC TCT CCG ACC GAC CCG TTC AAC CGT CAG ACC CTG ACC GAA TCT ATG CTG GAA CCG GTG CCG GAA CTG AAA GAA CAG ATC CAG GCG TGG ATG CGC,-0.412825597659981
GAC GCG CCA GAC GAA TTC CGT GAC CCG CTG ATG GAC ACC CTG ATG ACC GAT CCG GTG CAA CTC CCG TCT GGT ACT ATC ATG GAC CGT TCT ATC ATC CTG CGT CAC CTG CTG AAC TCT CCG ACT GAC CCG TTC AAC CGT CAG ACC CTG ACC GAA TCT ATG CTG TGC CCA GTT CCG GAG CTG AAA GAA CAG ATC CAG GCG TGG ATG CGT,1.0142536175560166
GAT GCG CCG GAC GAA TTC CGT GAC CCG CTG ATG GAC ACC CTG ATG ACC GAC CCG GTT ATC CTG CCG TCT GGT ACT ATC ATG GAC CGT TCT ATC ATC CTG CGT CAC CTG CTG AAC TCT CCG ACT GAC CCG TTC AAC CGC CAG ACC CTG ACC GAA TCT ATG CTG GGT CCG GTG CCA GAA CTG AAA GAA CAG ATC CAG GCG TGG ATG CGC,-0.0809479509105848
GAC GCT CCG GAC GAA TTC CGT GAC CCG CTG ATG GAC ACC CTG ATG ACC TAC CCG GTT CGT CTG CCG TCT GGC ACC ATT ATG GAC CGT TCT ATC ATC CTG CGC CAC CTG CTG AAC TCT CCG ACT GAC CCG TTC AAT CGT CAG ACC CTG ACC GAA TCT ATG CTG GAA CCG GTG CCG GAA CTG AAA GAA CAG ATC CAG GCG TGG ATG CGT,0.6408751338155915
GAT GCG CCG GAT GAA TTC CGT GAC CCG CTG ATG GAC ACC CTG ATG ACC GAC CCG GTT CGT CTG CCG CGT GGC ACC ATC ATG GAC CGT TCT ATC ATC CTG CGT CAC CTG CTG AAC TCT CCG ACC ATG CCG TTC AAC CGT CAG ACC CTG ACC GAA TCT ATG CTG GAA CCA GTT CCG GAG CTG AAA GAA CAG ATC CAG GCG TGG ATG CGT,-3.548484487796902
GAT GCG CCG GAT GAA TTC CGT GAC CCG CTG ATG GAC ACC CTG ATG ACC GAT CCA GTT AAC CTG CCA TCC GGT ACC ATC ATG GAC CGT TCT ATC ATC CTG CGT CAC CTG CTG AAC TCT CCG ACC GAC CCA TTC AAC CGT CAG ACC CTG ACC GAA TCT ATG CTG CGT CCG GTT CCA GAA CTG AAA GAA CAG ATC CAG GCG TGG ATG CGT,-3.212410433137615
GAT GCG CCG GAT GAA TTC CGT GAT CCG CTG ATG GAC ACC CTG ATG ACC GAC CCG GTT CGT CTC CCG TCT GGC ACC ATC ATG GAC CGT TCT ATC ATC CTG CGT CAC CTG CTC AAC CCG CCA GGT GAT CCA TTC AAC CGT CAA ACC CTG ACC GAA TCT ATG CTG GAG CCG GTT CCG GAG CTG AAA GAA CAG ATC CAG GCG TGG ATG CGT,-0.7166405673143404
GAC GCT CCG GAT GAA TTC CGC GAC CCG CTG ATG GAC ACC CTG ATG ACC GAC GAA GTT CGT CTG CCG TCT GGT ACT ATC ATG GAC CGT TCT ATT ATC CTG CGT CAC CTG CTG AAC TCT CCA ACC GAC CCG TTT AAT CGT CAG ACC CTG ACC GAA TCT ATG CTG GAA CCG GTG CCG GAA CTG AAA GAA CAG ATC CAG GCG TGG ATG CGT,-3.5099562574738883
GAC GCT CCG GAC GAA TTC CGT GAC CCG CTG ATG GAC ACC CTG ATG ACC GAC CCG GTT CGT CTG CCG TCT GGC ACC ATC ATG GAC CGT TCT ATC ATC CTG CGT CAC CTG CTG AAC TCT CCG TTC GAC CCG TTC AAC CGT CAG ACC CTG ACC GAA TCT ATG CTG GAA CCG GTG CCG GAG CTG AAA GAA CAG ATC CAG GCT TGG ATG CGT,2.50737700984657
GAC GCT CCG GAC GAA TTC CGT GAC CCG CTG ATG GAC ACC CTG ATG ACC GAC CCG GTT CGT CTG CCG CAG GGT ACC ATC ATG GAC CGT TCT ATC ATC CTG CGT CAC CTG CTG AAC TCT CCG ACC TAC CCG TTC AAT CGC CAG ACC CTG ACC GAA TCT ATG CTG GAG CCG GTT CCA GAA CTG AAA GAA CAG ATC CAG GCT TGG ATG CGC,-0.2959827163498045
GAC GCT CCG GAC GAA TTT CGT GAC CCG CTG ATG GAC ACC CTG ATG ACC GAC CCG GTT CGT CTG CCG TCT GGT ACT ATC ATG GAC CGT TCT ATC ATC CTG CGT CAC CTG CTG AAC TCT CCG ACC GAC AAC TTC AAC CGT CAA ACT CTG ACC GAA TCT ATG CTG GAG CCG GTG CCG GAA CTG AAA GAA CAG ATC CAG GCG TGG ATG CGT,-0.7796408466183473
GAT GCG CCG GAC GAA TTC CGT GAT CCG CTG ATG GAC ACC CTG ATG ACC GAC CCG GTT CGT CTG CCG TCT GGC ACC ATC ATG GAC CGT TCT ATC ATC CTG CGT CAC CTG CTG AAC GCT CCG CGT GAC CCG TTT AAC CGT CAG ACC CTG ACC GAA TCT ATG CTG GAA CCG GTG CCG GAA CTG AAA GAA CAG ATC CAG GCG TGG ATG CGT,0.8120170017486983
GAT GCG CCG GAC GAA TTT CGT GAC CCG CTG ATG GAC ACT CTG ATG ACT GAC CCA GTT CGT CTC CCG TCT GGC ACC ATC ATG GAC CGT TCT ATC ATC CTG CGT CAC CTG CTG AAC TCT CCG ACC GAC CCG TTC AAC CGT CAG ACC CTG ACC GAA TCT ATG CTG GAG CCG GTG CCG GAA CTC AAA GAA CAG ATC CAG GCG TGG ATG TCT,2.4242249566617806
GAC GCT CCG GAC GAG TTC CGT GAC CCG CTG ATG GAC ACC CTG ATG ACC GAC CCG GTT CGT CTG CCG TCT GGC ACT ATC ATG GAC CGT TCT ATC ATC CTG CGT CAC CTG CTG AAC AAA CCG TCT GAC CCG TTC AAC CGT CAG ACC CTC ACC GAA TCC ATG CTG GAA CCG GTG CCG GAG CTG AAG GAG CAG ATC CAG GCG TGG ATG CGT,0.611098949909597
GAT GCG CCG GAC GAA TTC CGT ATC CCG CTG ATG GAC ACC CTG ATG ACT GAC CCA GTT CGT CTG CCG TCT GGT ACT ATC ATG GTT CGT TCT ATC ATC CTG CGT CAC CTG CTG AAC TCT CCA ACC GAC CCG TTC AAC CGT CAG ACC CTG ACC GAA TCT ATG CTG GAA CCG GTG CCG GAA CTG AAA GAA CAG ATC CAG GCG TGG ATG CGT,0.384268282140222
GAC GCT CCG GAT GAA TTC CGT GAC CCG CTG ATG GAC ACC CTG ATG ACC TAC CCG GTT CGT CTG CCG TCT GGT ACT ATC ATG GAC CGT TCT ATC ATC CTG CGT CAC CTG CTG AAC TCT CCG ACC GAT CCG TTC AAC CGT CAA ACC CTG ACC GAA TCT ATG CTG GAA CCA GTG CCG GAA CTG CAC GAA CAG ATC CAG GCG TGG ATG CGT,0.828689342927274
GAC GCT CCG GAC GAA TTC CGT GAC CCG CTG ATG GAC ACC CTG ATG ACC TGC CCG GTT CGT CTG CCG TCT GGT ACT ATC ATG GAC AAC TCT ATC ATC CTG CGT CAC CTG CTG AAC TCT CCG ACC GAC CCG TTC AAC CGT CAG ACC CTG ACC GAA TCT ATG CTG GAA CCG GTG CCG GAA CTG AAA GAA CAG ATC CAG GCG TGG ATG CGT,0.7071824333950871
GAT GCG CCG GAC GAA TTC CGT CAC CCG CTG ATG GAC ACC CTG ATG ACC GAC CCG GTT CGT CTG CCG TCT GGT ACT ATC ATG CAC CGT TCT ATC ATC CTG CGT CAC CTG CTG AAC TCT CCG ACC GAT CCG TTC AAC CGT CAG ACC CTG ACC GAA TCT ATG CTG GAG CCG GTT CCG GAG CTG AAA GAA CAG ATC CAG GCG TGG ATG CGT,-0.8205985102708206
GAC GCT CCG GAC GAA TTC CGT GAC CCG CTG ATG GAC ACT CTG ATG ACC GAC CCG GTT CGT CTG CCG TCT GGC ACC ATT ATG GAC CGT TCT ATC ATC CTG CGT CAT CTG CTG AAC AAA CCG AAA GAC CCG TTC AAC CGC CAG ACC CTG ACC GAA TCT ATG CTG GAA CCG GTG CCG GAA CTG AAA GAA CAG ATC CAG GCG TGG ATG CGT,0.0650003050104044
GAT GCG CCG GAC GAA TTC CGT GAC CCG CTG ATG GAC ACC CTG ATG ACC GAA CCA GTT CGT CTG CCG TCT GGT ACT ATC ATG GAC GAC TCT ATC ATC CTG CGT CAC CTG CTG AAC TCT CCG ACT GAC CCG TTT AAC CGC CAA ACC CTG ACT GAA TCT ATG CTG GAG CCG GTG CCA GAA CTG AAA GAA CAG ATC CAG GCG TGG ATG CGT,-2.612210960232117
GAT GCG CCG GAC GAA TTC CGT GAC CCG CTG ATG GAC ACC CTG ATG ACC GAC CCG GTG CGC CTC CCG TGC GGT ACC ATC ATG GAC CGT TCT ATC ATC CTG CGT CAC CTG CTG AAT TCT CCG ACC GAA CCA TTC AAC CGT CAG ACC CTG ACC GAA TCT ATG CTG GAA CCG GTG CCA GAG CTG AAA GAA CAG ATC CAG GCG TGG ATG CGT,0.5282102171995975
GAC GCG CCA GAT GAA TTC CGT GAC CCG CTG ATG GAC TCT CTG ATG ACC GAC CCA GTT CGC CTG CCG TCT GGC ACC ATT ATG AAA CGT TCT ATC ATC CTG CGT CAC CTG CTG AAC TCT CCG ACC GAT CCG TTC AAC CGT CAG ACC CTG ACC GAA TCT ATG CTC GAA CCG GTG CCG GAA CTG AAA GAA CAG ATC CAG GCG TGG ATG CGT,-2.79621457314678
GAC GCT CCG GAC GAA TTC CGT GAC CCG CTG ATG GAC ACC CTG ATG ACT GAC CCG GTT CGT CTG CCG TCT GGC ACT ATC ATG GAC CGT TCC ATC ATC CTG ATC CAC CTG CTG AAC TCT CCG ACC GAC CCG TTC AAC CGT CAA ACC CTG ACC GAA TCC ATG CTG GAA CCG GTG CCG GAA CTG AAA GAA CAG ATC CAG GCG TGG ATG CGT,1.827617609387283
GAC GCT CCG GAC GAA TTC CGT GAC CCG CTG ATG GAC ACC CTG ATG ACT GAC CCA GTG CGT CTC CCA AAC GGT ACC ATC ATG GAC CGT TCT ATC ATC CTG CGT CAC CTG CTG AAC TCT CCG ACC GAC CCG TTC ATC CGT CAG ACC CTG ACC GAA TCT ATG CTG GAA CCA GTT CCA GAA CTG AAA GAA CAG ATC CAG GCG TGG ATG CGT,0.405886008135768
GAC GCT CCG GAC GAA TTC CGT GAC CCG CTG ATG GAC ACC CTG ATG ACC GAC CCG GTT CGT CTG CCG AAA GGT ACC ATC ATG GAC CGT TCT ATC ATC CTG CGT CAC CTG CTG AAC TCT CCG ACC TGC CCG TTC AAC CGT CAG ACC CTG ACC GAA TCT ATG CTC GAA CCA GTT CCA GAA CTG AAA GAA CAG ATC CAG GCG TGG ATG CGT,0.4786368515684734
GAT GCG CCG GAC GAA TTC CGT GAC CCG CTG ATG GAC ACC CTG ATG ACC GAC CCG GTT CGT CTG CCG TCT ACC ACC ATC ATG GAC CGT TCT ATC ATC CTG CGT CAC CTG CTG AAC TCT CCG ACC GAT CCG TTC AAC CGT CAG ACC CTG ACC GAA TCT ATG CTG GAA CCG GTG CCG GAA CTG AAA GAA CAG ATC CAG GCG TGG ATG CGT,-0.7891767386957715
GAC GCT CCG GAC GAA TTC CGT GAC CCA CTC ATG GAC ACC CTC ATG ACT GAC CCG GTT CGT CTG CCG TCC GGT ACC ATT ATG GAC CGT TCT ATC ATC CTG CGT CAC CTG CTG AAC TCT CCG ACC GAC CCG TTT AAC CGT CAG ACC CTG ACC GAA TCT ATG CTG GAA CAC GTG CCG GAA CTG AAA GAA CAG ATC CAG GCG TGG ATG CGT,1.043893818761335
GAC GCG CCA GAC GAG TTC CGT GAC CCG CTG ATG GAC ACC CTG ATG ACC GAC CCG GTT CGT CTG CCG TGC GGT ACC ATC ATG GAC CGT TCT ATC ATC CTG CGT CAC CTC CTG AAC TCT CCG ACC TGC CCA TTC AAC CGT CAG ACC CTG ACC GAA TCT ATG CTG GAG CCG GTG CCG GAG CTG AAA GAA CAG ATC CAG GCG TGG ATG CGT,3.4108534016644256
GAT GCG CCG GAC TGG TTC CGT GAC CCG CTG ATG GAC ACC CTG ATG ACC GAC CCG GTT CGT CTG CCG TCT GGC ACC ATC ATG GAC CGT TCT ATC ATC CTG CGC CAC CTG CTG AAT TCT CCG ACT GAC CCA TTC AAC CGC CAG ACC CTG ACC GAA TCT ATG CTG GAA CCG GTG CCG GAA CTG AAA GAA CAG ATC CAG GCG TGG ATG CGT,2.540944978149005
GAT GCG CCG GAC GAG TTT CGC GAC CCG CTG ATG GAC ACC CTG ATG ACC GAT CCG GTT CGT CTG CCG TCT GGC ACC ATC ATG GAC GGT TCT ATC ATC CTG CGT CAC CTG CTG AAC TCT CCG ACC GAC CCG TTC AAC CGT CAA ACT CTG ACC GAA TCT ATG CTG GAA CCG GTG CCG GAG CTG CAC GAA CAG ATC CAG GCT TGG ATG CGT,-3.330695361674588
GAC GCT CCG GAC GAA TTC CGT GAC CCG CTG ATG GAC ACC CTG ATG ACC GAC CCG GTT CGT CTG CCG GCT GGC ACC ATC ATG GAC CGT TCT ATC ATC CTG CGT CAC CTG CTG AAC TCT CCG ACC TTC CCG TTC AAC CGT CAG ACT CTG ACC GAA TCT ATG CTG GAA CCG GTG CCG GAA CTG AAG GAA CAG ATC CAG GCT TGG ATG CGT,-0.2281497797481971
GAC GCT CCG GAC GAA TTC CGT GAC CCG CTG ATG GAC ACC CTG ATG ACT GAC CCG GTT CGT CTG CGT TCC GGT ACC ATC ATG GAC CGT TCT ATC ATC CTG CGT CAC CTG CTG AAC TCT CCG ACC GAC CCG TTC AAT CGT CAG ACC CTG ACC GAA TCT ATG CTG GAA CCG GTG CCG GAA CTG AAA GAA CAG ATC CAG GCG TGG ATG CGT,-0.2957013405930664
GAT GCG CCG GAC GAA TTC CGT GAC CCG CTG ATG GAC ACC CTG ATG ACT GAC CCG GTG ATG CTG CCG TCC GGT ACC ATC ATG GAC CGT TCT ATC ATC CTG CGT CAC CTG CTG AAC TCT CCG ACC GAC CCG TTC AAT CGT CAG ACC CTG ACC GAA TCT ATG CTG ATC CCG GTG CCG GAA CTG AAA GAA CAG ATC CAG GCG TGG ATG CGT,2.44000890353332
GAC GCG CCA GAT GAA TTC CGT TCT CCG CTG ATG GAC ACC CTG ATG ACC GAC CCG GTT CGT CTG CCG TCT GGC ACT ATC ATG ACC CGT TCT ATC ATC CTG CGC CAC CTG CTG AAC TCT CCG ACT GAC CCA TTC AAC CGT CAG ACC CTG ACC GAA TCT ATG CTG GAA CCG GTG CCG GAA CTG AAA GAA CAG ATC CAG GCG TGG ATG CGT,-1.891612639456136
GAC GCG CCA GAT GAA TTC CGT GAC CCG CTG ATG GAC ACC CTG ATG ACC GAC CCG GTT CGT CTG CCG TCT GGT ACT ATC ATG GAC CGT GTT ATC ATC CTG CGT CAC CTG CTG AAC TCT CCG ACC GAT CCG TTC AAC CGT CAG ACC CTG ACC GAA TCT ATG CTG GAG CCG GTG CCG GAG CTG AAA GAA CAG ATC CAG GCG TGG ATG CGT,2.1637572391678086
GAC GCT CCG GAC GAA TTC CGT GAC CCG CTG ATG GAC ACT CTG ATG ACT AAA CCA GTT CGC CTG CCG TCT GGC ACT ATC ATG GAT ATG TCT ATC ATC CTG CGT CAT CTG CTG AAC TCT CCG ACC GAT CCG TTT AAC CGT CAA ACC CTG ACT GAG TCT ATG CTG GAG CCG GTT CCA GAA CTG AAA GAA CAA ATC CAG GCG TGG ATG CGT,0.5770835932102945
GAT GCG CCG GAC GAA TTC CGT GAC CCG CTG ATG GAC ACC CTG ATG ACC ACT CCA GTT CGT CTG CCG TCT GGC ACC ATC ATG GAT ATG TCT ATC ATC CTG CGT CAC CTG CTG AAC TCT CCG ACC GAC CCG TTT AAC CGT CAG ACC CTG ACC GAA TCT ATG CTG GAA CCA GTT CCG GAG CTG AAA GAA CAG ATC CAG GCG TGG ATG CGT,0.6118612709401897
GAC GCT CCG GAC GAA TTC CGT GAC CCG CTG ATG GAC ACC CTG ATG ACC GAC CCG GTT CGT CTG CCG CTG GGT ACT ATC ATG GAC CGT TCT ATC ATC CTG CGT CAT CTG CTG AAC TCT CCG ACC TCT CCA TTC AAC CGC CAG ACC CTG ACC GAA TCT ATG CTG GAA CCG GTG CCA GAA CTG AAA GAA CAG ATC CAG GCG TGG ATG CGT,-0.3866378209373952
GAT GCG CCG GAC GAA TTC CGT GAC CCG CTG ATG GAC ACC CTG ATG ACC CTG CCG GTT CGT CTG CCG TCT GGC ACC ATC ATG GAC CGT TCT ATC ATC CTG CGT CAC CTG CTG AAC TCT CCG ACC GAC CCG TTC AAC CGT CAG ACC CTG ACC GAA TCT ATG CTG GAG CCA GTT CCA GAA CTC ATG GAA CAG ATC CAG GCG TGG ATG CGT,0.725116924658497
GAT GCG CCG GAT GAA TTC CGT GAC CCG CTG ATG GAC ACT CTC ATG ACT GAC CCG GTT CGT CTG CCG TCT GGT ACT ACT ATG GAC CGT TCC ATC ATC CTG CGT CAT CTG CTG AAC TCT CCG ACC GAC CCG TTT AAC CGT CAA ACC CTG ACC GAA TCT ATG CTG GAG CCG GTT CCG GAG CTC AAA GAA CAG ATC CAG GCG TGG ATG CGT,0.3840565070965934
GAT GCG CCG GAT GAA TTC CGC GAC CCG CTG ATG GAC ACC CTG ATG ACC GAC CCG GTT CGC CTC CCG TCT GGC ACC ATC ATG GAC AAA TCT ATC ATC CTG CGT CAT CTG CTG AAC TCT CCG ACT GAC CCG TTC AAC CGT CAG ACC CTG ACC GAA TCT ATG CTG GAG CCG GTT CCA GAG CTC AAA GAA CAG ATC CAG GCG TGG ATG CGT,2.193890508555313
GAC GCT CCA GAT GAA TTC CGT GAC CCG CTG ATG GAC GAA CTC ATG ACT GAC CCG GTT CGT CTG CCG TCC GGT ACC ATC ATG CCG CGT TCT ATC ATC CTG CGT CAC CTG CTG AAC TCT CCA ACC GAT CCG TTC AAC CGT CAG ACC CTG ACC GAA TCC ATG CTG GAG CCG GTT CCG GAG CTG AAA GAA CAG ATC CAG GCG TGG ATG CGT,-1.0919309613866832
GAC GCT CCG GAC GAA TTC CGT GAC CCG CTG ATG GAC ACC CTC ATG ACC TTC CCG GTT CGT CTG CCG TCT GGC ACC ATC ATG GAT GCT TCT ATT ATC CTG CGT CAC CTC CTG AAC TCT CCG ACC GAT CCG TTC AAC CGT CAG ACC CTG ACC GAA TCT ATG CTG GAA CCG GTG CCG GAG CTG AAA GAA CAG ATT CAA GCG TGG ATG CGT,1.0403918442360678
GAT GCG CCG GAC GAA TTC CGT GAC CCG CTG ATG GAC ACC CTG ATG ACC TTC CCG GTT CGT CTG CCG TCT GGC ACC ATC ATG GAC CGT TCT ATC ATC CTG CGT CAC CTG CTG AAC TCT CCG ACC GAC CCG TTC AAC CGT CAG ACC CTG ACC GAA TCT ATG CTG GAA CCG GTG CCG GAA CTG CAG GAA CAG ATC CAG GCG TGG ATG CGT,1.0213220646870658
GAT GCT CCA GAT GAA TTC CGT GAC CCG CTG ATG GAC ACC CTG ATG ACC GAC CCG GTG CGT CTG CCG CGT GGC ACC ATC ATG GAC CGT TCC ATT ATT CTC CGT CAC CTG CTC AAC TCT CCG ACT GAT CCG TTC TAC CGT CAG ACC CTG ACC GAA TCT ATG CTG GAA CCG GTG CCG GAG CTG AAA GAA CAG ATC CAG GCG TGG ATG CGT,-0.2396825705927992
GAT GCG CCG GAT GAA TTC CGT GAC CCG CTG ATG GAC ACT CTC ATG ACC GAT CCA GTT CGT CTG CCG TCT GGC ACC ATC ATG GAC TAC TCC ATC ATC CTG CGT CAT CTC CTG AAC TCT CCG ACC GAC CCG TTC AAC CGT CAG ACC CTG ACC GAA TCT ATG CTG GAA CCG GTG CCG GAA CTG CTG GAG CAG ATC CAG GCG TGG ATG CGT,1.3438751391105428
GAC GCT CCG GAC GAA TTC CGT GAC CCG CTC ATG GAT ACT CTC ATG ACC GAC CCG GTT CGT CTG CCG CGT GGT ACT ATC ATG GAC CGT TCT ATC ATC CTG CGT CAC CTG CTG AAC TCT CCG ACC ACT CCG TTT AAC CGC CAG ACC CTG ACC GAA TCT ATG CTG GAA CCG GTG CCG GAA CTG AAA GAA CAG ATC CAG GCG TGG ATG CGT,-3.694437355480004
GAC GCT CCG GAC GAA TTC CGT GAC CCG CTG ATG GAC ACC CTG ATG ACT GAC CCG GTT ACC CTG CCG TCT GGT ACT ATT ATG GAC CGT TCT ATC ATC CTG CGT CAC CTG CTG AAC TCT CCG ACC GAC CCG TTT AAC CGT CAG ACC CTG ACC GAA TCT ATG CTG ACT CCA GTG CCG GAA CTG AAA GAA CAG ATC CAG GCG TGG ATG CGT,-0.1182652187400615
GAT GCG CCG GAC GAA TTC CGT GAC CCG CTG ATG GAC ACC CTG ATG ACC GCG CCA GTT CGT CTG CCG TCC GGT ACC ATC ATG GAC GCT TCT ATC ATC CTG CGT CAC CTG CTG AAC TCT CCG ACT GAC CCA TTC AAC CGC CAG ACC CTG ACC GAA TCT ATG CTG GAA CCA GTG CCA GAA CTG AAA GAA CAG ATC CAG GCG TGG ATG CGT,0.2308533353398542
GAC GCT CCG GAC GAA TTC CGT GAC CCG CTG ATG GAT ACC CTC ATG ACC CAC CCG GTT CGT CTG CCG TCC GGT ACC ATC ATG GAC AAC TCT ATC ATC CTG CGT CAC CTG CTC AAC TCT CCG ACC GAT CCG TTT AAT CGT CAA ACC CTG ACC GAA TCT ATG CTG GAA CCG GTG CCG GAA CTG AAA GAA CAG ATC CAG GCG TGG ATG CGT,-0.5179021028727269
GAT GCG CCG GAC GAA TTC CGT GAC CCG CTG ATG GAC ACC CTG ATG ACC GAC CCG GTT CGC CTG CCG TGC GGT ACC ATC ATG GAC CGT TCT ATC ATC CTG CGT CAC CTG CTG AAC TCT CCG ACC GAT CCG TTC TGC CGT CAG ACC CTG ACC GAA TCT ATG CTG GAA CCA GTT CCG GAG CTG AAA GAA CAG ATC CAG GCG TGG ATG CGT,2.5936138208010657
GAC GCT CCG GAC GAA TTC CGT GAC CCG CTG ATG GAC GAC CTG ATG ACC GAC CCG GTT CGT CTG CCG TCC GGT ACC ATC ATG TGC CGT TCT ATC ATC CTG CGT CAC CTG CTG AAC TCT CCG ACC GAT CCG TTC AAC CGT CAG ACC CTG ACC GAA TCT ATG CTG GAG CCG GTG CCG GAA CTC AAA GAA CAG ATC CAG GCG TGG ATG CGT,1.0225555466859342
GAC GCT CCG GAC GAA TTC CGT GAC CCG CTG ATG GAC ACC CTG ATG ACC CTG CCG GTG CGT CTG CCG TCC GGT ACC ATC ATG GAC GAC TCT ATC ATC CTG CGT CAC CTG CTG AAC TCT CCG ACC GAC CCA TTC AAC CGT CAG ACC CTG ACC GAA TCT ATG CTG GAA CCG GTG CCG GAA CTG AAA GAA CAG ATC CAG GCG TGG ATG CGT,-3.017590408604079
GAC GCT CCA GAC GAA TTC CGT GAC CCG CTG ATG GAC ACC CTG ATG ACC GAC CCG GTG CGT CTG CCG CGT GGC ACC ATC ATG GAC CGT TCT ATC ATC CTG CGT CAC CTG CTG AAC TCT CCG ACT GAC CCG TTC ATG CGT CAA ACT CTG ACC GAA TCC ATG CTC GAA CCA GTT CCG GAG CTG AAA GAA CAG ATC CAG GCG TGG ATG CGT,-1.5063212739284402
GAT GCG CCG GAC GAA TTC CGT GAC CCG CTG ATG GAC ACC CTG ATG ACC ATG CCG GTG CGT CTG CCG TCT GGC ACC ATT ATG GAC CCG TCT ATC ATC CTG CGT CAC CTG CTG AAC TCT CCG ACC GAC CCG TTC AAC CGT CAG ACC CTG ACC GAA TCT ATG CTG GAA CCA GTT CCG GAG CTG AAA GAA CAG ATC CAG GCG TGG ATG CGT,-0.2341631733643289
GAC GCG CCA GAC GAA TTC CGT GAC CCG CTG ATG GAC ACC CTG ATG ACC GAC CCA GTT CGT CTC CCG ATG GGT ACC ATC ATG GAT CGC TCT ATC ATC CTG CGT CAC CTG CTG AAC TCT CCG ACC GAT CCG TTC CAA CGT CAG ACC CTG ACC GAA TCT ATG CTG GAG CCG GTT CCA GAA CTG AAA GAA CAG ATC CAG GCG TGG ATG CGT,-0.8279271104549009
GAT GCT CCG GAC GAA TTC CGT GAC CCG CTG ATG GAC ACC CTG ATG ACT GAC CCA GTT CGT CTG CCG TCT GGT ACT ATC ATG GAC CGT TCT ATC ATC CTG CGT CAC CTG CTG AAC TCT CCG ACC GAC CCG TTC AAC CGT CAG ACC CTG ACC GAA TCT ATG CTG GAA CCA GTT CCA GAA CTC AAA GAA CAG ATC CAG GCG ACC ATG CGT,-0.4954241496045561
GAC GCG CCA GAC GAA TTC CGT GAT CCG CTG ATG GAC ACC CTG ATG ACC GAT CCA GTT TCT CTG CCG TCC GGT ACC ATT ATG GAC CGT TCT ATC ATC CTG CGT CAC CTG CTG AAC TCT CCA ACC GAC CCA TTC AAC CGT CAG ACC CTC ACC GAG TCT ATG CTC ACT CCA GTG CCG GAG CTC AAA GAA CAG ATC CAG GCG TGG ATG CGT,0.5807734609875554
GAC GCT CCG GAT GAA TTC CGT GAC CCG CTG ATG GAC ACC CTC ATG ACT GAC CCG GTT TGG CTC CCG TCT GGT ACT ATC ATG GAC CGT TCT ATC ATC CTG CGT CAC CTG CTG AAC TCT CCA ACC GAC CCG TTC AAC CGC CAG ACC CTG ACC GAA TCT ATG CTG GAG CCG GTT CCA GAG CTC AAA GAA CAG ATC CAG GCG TGG ATG CGT,0.4932272778051375
GAC GCT CCA GAT GAA TTC CGT GAC CCG CTG ATG GAC ACC CTG ATG ACC GAC CCG GTT CGT CTG CCG TCT GGC ACC ATC ATG GAC CGT TCT ATC ATC CTG CGT CAC CTG CTG AAC TCT CCG GAC GAT CCG TTC AAC CGT CAA ACC CTG ACC GAA TCT ATG CTG GAA CCA GTT CCG GAG CTG AAA GAA CAG ATC CAG GCG TGG ATG CGT,1.089327785670195
GAT GCG CCG GAC GAA TTC CGT GAC CCG CTG ATG GAC ACC CTG ATG ACC CGT CCG GTT CGT CTG CCG TCT GGC ACC ATC ATG GAC CGT TCT ATC ATC CTG CGT CAC CTG CTG AAC TCT CCG ACC GAC CCG TTC AAC CGT CAG ACC CTG ACC GAA TCT ATG CTG GAA CCA GTT CCG GAG CTG CCG GAA CAG ATC CAG GCG TGG ATG CGT,-1.3375506202922556
GAT GCG CCG GAC GAA TTC CGT GAC CCG CTG ATG GAC ACC CTG ATG ACC GAC CCG GTT CGT CTG CCG TGG GGC ACC ATC ATG GAC CGT TCT ATC ATC CTG CGT CAC CTG CTG AAC TCT CCG ACC TTC CCG TTC AAC CGT CAG ACC CTG ACC GAA TCT ATG CTG GAA CCA GTG CCG GAA CTC AAA GAA CAG ATC CAG GCG TGG ATG CGT,0.7072927467748734
GAT GCG CCG GAC GAA TTC CGT GAC CCG CTG ATG GAC ACC CTG ATG ACC GAC CCG GTT CGT CTG CCG CTG GGT ACC ATC ATG GAC CGT TCT ATC ATC CTG CGT CAC CTG CTG AAC TCT CCA ACT GAC CCG TTC CAG CGT CAG ACC CTG ACC GAA TCT ATG CTG GAG CCG GTT CCG GAG CTG AAA GAA CAG ATC CAG GCG TGG ATG CGT,-3.1879253330470907
GAC GCT CCG GAC GAA TTC CGT GAC CCG CTG ATG GAT ACT CTG ATG ACC GAC CCG GTT CGT CTG CCG TGG GGC ACC ATC ATG GAC CGT TCT ATC ATC CTG CGT CAC CTG CTG AAC TCT CCG ACT CGT CCG TTC AAC CGT CAA ACC CTG ACC GAA TCT ATG CTG GAA CCA GTG CCG GAA CTC AAA GAA CAG ATC CAG GCG TGG ATG CGT,-0.5865540491900837
GAC GCT CCG GAC GAA TTC CGT GAC CCG CTG ATG GAC ACC CTG ATG ACC GAC CCG GTG CGC CTG CCG TCT GGC ACC ATT ATG GAC CGT TCT ATC GGT CTG CGT CAC CTG CTG AAC TCT CCG ACC GAT CCG TTC AAC CGT CAA ACT CTG ACC GAA TCC ATG CTG GAA CCG GTG CCG GAA CTC AAA GAA CAG ATC CAG GCG TGG ATG CGT,-4.305290259045663
GAC GCT CCG GAC GAA TTC CGC GAC CCA CTC ATG GAT ACC CTG ATG ACC GAC CCG GTT CGT CTG CCG TCC GGC ACC ATT ATG ATC CGT TCT ATC ATC CTC CGT CAC CTC CTG AAC TCT CCA ACT GAC CCG TTC AAC CGT CAG ACC CTG ACC GAA TCT ATG CTC GAA CCA GTT CCA GAG CTG AAA GAA CAG ATC CAG GCG TGG ATG CGT,1.5424652946676152
GAT GCG CCA GAC GAA TTT CGT GAC CCG CTG ATG GAC ACC CTG ATG ACT GAC CCG GTT TAC CTG CCG TCC GGT ACC ATC ATG GAC CGT TCT ATC ATC CTG CGT CAC CTG CTG AAC TCT CCG ACC GAC CCG TTT AAC CGT CAG ACC CTG ACC GAA TCT ATG CTG GGT CCG GTT CCA GAA CTG AAA GAA CAG ATC CAG GCG TGG ATG CGC,-0.3544449827906459
GAC GCT CCA GAC GAA TTC CGT GAC CCG CTG ATG GAC ACC CTG ATG ACC ATG CCG GTG CGT CTG CCG TCT GGT ACT ATT ATG GAC CCG TCT ATC ATC CTG CGT CAC CTG CTG AAC TCT CCG ACT GAC CCG TTT AAC CGT CAG ACC CTG ACC GAA TCT ATG CTG GAG CCG GTT CCG GAG CTG AAA GAA CAG ATC CAG GCG TGG ATG CGT,-0.3785743593791835
GAT GCG CCG GAC GAA TTC CGT GAC CCG CTG ATG GAC ACC CTG ATG ACC GAT CCA GTT CGT CTG CCG TCT GGT ACT ATC ATG GAC CGT TCT ATC ATC CTG CGT CAC CTG CTG AAC TCT CCG ACC GAC CCG TTC AAC CGT CAG ACC CTG ACC GAA TCT ATG CTG GAA CCG GTG CCG GAA CTG AAA GAA TGC ATC CAG GCG TGG ATG CGT,1.8328823789145456
GAT GCG CCG GAT GAA TTC CGT GAC CCG CTG ATG GAC ACC CTG ATG ACC CAG CCG GTG CGT CTG CCG TCC GGT ACC ATC ATG GAC GGT TCT ATC ATC CTG CGT CAC CTG CTG AAC TCT CCG ACC GAC CCG TTC AAC CGT CAG ACC CTG ACC GAA TCT ATG CTG GAA CCA GTT CCG GAG CTG AAA GAA CAG ATC CAG GCG TGG ATG CGT,-2.0846161105651726
GAT GCG CCG GAC GAG TTT CGT GAC CCG CTG ATG GAC ACC CTG ATG ACC GAT CCG GTT CGT CTC CCG TCT GGC ACC ATC ATG GAC CGT TCT ATT GTT CTG CGT CAC CTG CTG AAC TCT CCG ACT GAC CCG TTC AAT CGT CAG ACT CTG ACT GAG TCT ATG CTG GAA CCA GTG CCG GAG CTG AAG GAA CAG ATC CAA GCG TGG ATG CGT,1.656736804854797
GAC GCT CCG GAC GAA TTC CGT GAC CCG CTG ATG GAT TAT CTG ATG ACC GAC CCG GTT CGT CTG CCG TCT GGT ACT ATC ATG CGT CGC TCT ATC ATC CTC CGT CAC CTG CTG AAC TCT CCG ACT GAC CCG TTC AAC CGT CAG ACC CTG ACC GAA TCT ATG CTG GAA CCG GTG CCG GAA CTG AAA GAA CAG ATC CAG GCG TGG ATG CGT,0.2923688190740523
GAC GCT CCG GAT GAA TTC CGT GAC CCG CTG ATG GAC ACC CTG ATG ACT GAC CCG GTT CGT CTG CCG TCT GGC ACC ATC ATG GAT CGT CAT ATC ATC CTG CGT CAC CTG CTG AAC TCT CCG ACC GAC CCG TTC AAC CGC CAA ACC CTG ACT GAG TCT ATG CTG GAG CCG GTT CCA GAA CTG AAA GAA CAG ATC CAG GCG TGG ATG CGT,2.3965791584637883
GAC GCT CCG GAC GAA TTC CGT GAC CCG CTG ATG GAC ACC CTG ATG ACC GAC CCG GTT CGT CTG CCG TCT GGC ACC ATC ATG GAC CGT TCT ATC ATC CTG CGT CAC CTG CTG AAC ATG CCG ATC GAC CCG TTC AAC CGT CAG ACC CTG ACC GAA TCT ATG CTG GAA CCA GTT CCA GAA CTG AAA GAA CAG ATC CAG GCT TGG ATG CGT,1.261370344352858
GAC GCT CCG GAC GAA TTC CGT GAA CCG CTG ATG GAC ACC CTG ATG ACT GAC CCG GTT CGT CTG CCG TCT GGT ACT ATC ATG GTT CGT TCT ATC ATC CTG CGT CAC CTG CTG AAC TCT CCG ACC GAC CCG TTC AAC CGT CAG ACC CTG ACC GAA TCT ATG CTG GAG CCG GTG CCA GAA CTC AAG GAA CAG ATC CAG GCG TGG ATG CGC,0.0463206591282577
GAC GCT CCG GAC GAA TTC CGT GAC CCG CTG ATG GAC ACC CTG ATG ACC GAC CCG GTT CGT CTG CCG TCT GGC ACC ATC ATG GAC CGC TCC ATC ATC CTG CGT CAT CTG CTG AAT GGT CCA AAC GAC CCG TTC AAC CGT CAA ACC CTG ACC GAA TCT ATG CTG GAA CCG GTG CCG GAA CTG AAG GAA CAG ATC CAG GCT TGG ATG CGC,0.5817144973256418
GAT GCG CCG GAC GAA TTC CGC GAC CCG CTG ATG GAC ACC CTG ATG ACC GAC CCG GTT CGT CTG CCG TGC GGT ACC ATC ATG GAT CGT TCC ATC ATC CTG CGT CAC CTG CTG AAC TCT CCG ACC ATG CCG TTC AAC CGT CAG ACC CTG ACC GAA TCT ATG CTG GAG CCG GTT CCG GAG CTG AAA GAA CAG ATC CAG GCG TGG ATG CGT,0.6587138444614836
GAT GCG CCG GAC GAA TTC CGT GAC CCG CTG ATG GAC ACC CTG ATG ACC CTG CCG GTT CGT CTG CCG TCT GGC ACC ATC ATG GAC TCT TCT ATC ATC CTG CGT CAC CTG CTG AAC TCT CCG ACC GAC CCA TTC AAC CGT CAG ACC CTG ACC GAA TCT ATG CTG GAG CCA GTG CCG GAA CTC AAA GAA CAG ATC CAG GCG TGG ATG CGC,-1.8806646085143297
GAT GCG CCA GAT GAA TTC CGT GAC CCG CTG ATG GAT ACC CTG ATG ACC GAT CCG GTG AAC CTG CCG TCT GGC ACC ATC ATG GAC CGT TCT ATC ATC CTG CGT CAC CTG CTG AAC TCT CCG ACC GAC CCG TTC AAC CGT CAG ACC CTG ACC GAA TCT ATG CTG GAC CCG GTT CCA GAA CTG AAA GAA CAG ATC CAG GCG TGG ATG CGT,-6.446560471012873
GAT GCG CCG GAC GAA TTC CGT GAC CCG CTG ATG GAC ACC CTG ATG ACC GAC CCG GTT CGT CTC CCG TCT GGC ACC ATC ATG GAC CGT TCT ATC ATC CTG CGC CAT CTG CTG CCA TCT CCG ACT GAT CCG TTC AAC CGT CAG ACC CTG ACC GAG TCT ATG CTG GAG CCA GTT CCA GAA CTC AAA GAA CAG ATC CAG GCG TGG ATG CGT,-4.534087491561624
GAC GCT CCG GAT GAA TTC CGT ATC CCG CTG ATG GAC ACC CTG ATG ACC GAT CCG GTT CGT CTG CCG TCT GGT ACT ATC ATG CAC CGT TCT ATC ATC CTG CGT CAC CTG CTG AAC TCT CCG ACC GAC CCA TTC AAC CGT CAG ACC CTG ACC GAA TCT ATG CTG GAA CCG GTG CCA GAA CTC AAA GAA CAG ATC CAG GCG TGG ATG CGT,-0.5713459614857019
GAT GCG CCG GAC GAA TTC CGT GAC CCG CTG ATG GAC ACC CTG ATG ACC GAC CCG GTT CGT CTG CCG TCT GGC ACC ATC ATG GAT CGT TCT ATC ATC CTG CGT CAC CTG CTG AAC ACT CCG TGC GAC CCG TTC AAC CGT CAG ACC CTG ACC GAA TCT ATG CTG GAG CCG GTT CCA GAA CTG AAA GAA CAG ATC CAG GCG TGG ATG CGT,1.804858932000268
GAT GCG CCG GAT GAA TTC CGT GAC CCG CTC ATG CAG ACC CTC ATG ACC GAT CCG GTT CGT CTG CCG TCC GGT ACC ATC ATG GAC CGT TCT ATC ATC CTG CGT CAC CTG CTG AAC TCT CCG ACC GAC CCG TTC AAC CGT CAA ACC CTC ACC GAA TCT ATG CTG GAA CCG GTG CCG GAA CTC AAA GAA CAG ATC CAG GCT TGG ATG CGC,2.725674727031245
GAT GCG CCA GAC GAG TTT CGT GAC CCG CTG ATG GAC ACC CTG ATG ACC GAC CCG GTT CGT CTG CCG TCT GGT ACT ATC ATG GAC GAA TCT ATC ATC CTG CGT CAC CTG CTG AAC TCT CCG ACT GAC CCG TTC AAC CGT CAG ACC CTG ACC GAA TCC ATG CTG GAA CCG GTG CCG GAA CTG CTC GAA CAG ATC CAG GCG TGG ATG CGT,-0.032123536082625
GAT GCG CCG GAC GAA TTC CGC GAC CCG CTG ATG GAC ACC CTG ATG ACT TGG CCG GTG CGT CTG CCG TCT GGC ACC ATC ATG GAC GGT TCT ATC ATC CTG CGT CAC CTG CTG AAC TCT CCG ACC GAC CCG TTC AAT CGT CAG ACC CTG ACC GAA TCT ATG CTG GAA CCG GTG CCG GAA CTC AAA GAA CAG ATC CAG GCG TGG ATG CGC,0.3764061732252581
GAT GCT CCG GAC GAA TTT CGT GAC CCA CTC ATG GAT ACC CTC ATG ACT GAC CCG GTT CGT CTG CCG TCT GGC ACC ATC ATG GAC CGT TCT ATC ATC CTG CGT CAC CTG CTG AAC TCT CCG ACC GAC CCG TTC AAT CGT CAG TGC CTG ACC GAA TCT ATG CTG GAA CCG GTG CCG GAA CTC AAA GAA CAA ATC CAG GCT TGG ATG CGT,2.513172711264047
GAC GCT CCG GAC GAA TTC CGT GAC CCG CTG ATG GAC ACC CTG ATG ACT GAC CCG GTT CGT CTG CCG TCT GGT ACT ATT ATG GAC CGT TCT ATC ATC CTG CGT CAC CTG CTG AAC TCT CGT ACC GAC CCA TTC AAC CGC CAG ACC CTG ACC GAA TCT ATG CTG GAA CCG GTG CCG GAA CTG AAA GAA CAG ATC CAG GCG TGG ATG CGT,2.3107464565847904
GAT GCG CCG GAC GAA TTT CGT GAC CCG CTG ATG GAC ACC CTC ATG ACC GAT CCG GTT CGT CTG CCG TCT GGT ACT ATC ATG GAC GCT TCT ATC ATT CTC CGC CAC CTG CTC AAC TCT CCG ACT GAT CCG TTC AAC CGT CAG ACC CTG ACC GAA TCT ATG CTG GAA CCG GTG CCA GAG CTC GAC GAA CAG ATC CAG GCG TGG ATG CGT,-0.1519235933694598
GAT GCG CCG GAC GAA TTC CGT GAC CCG CTG ATG GAC ACC CTG ATG ACT GAC CCG GTT CTC CTG CCG TCT GGT ACT ATT ATG GAC CGT TCT ATC ATC CTG CGT CAC CTG CTG AAC TCT CCG ACC GAC CCG TTC AAC CGT CAG ACC CTG ACC GAA TCT ATG CTG TGT CCG GTG CCA GAA CTG AAA GAA CAG ATC CAG GCG TGG ATG CGT,1.252418020177006
GAT GCG CCG GAC GAA TTC CGT GAC CCG CTG ATG GAC ACC CTG ATG ACC GAC CCG GTT CGT CTG CCG TCT AAC ACC ATC ATG GAC CGT TCT ATC ATC CTG CGT CAC CTG CTG AAC TCT CCG ACT GAC CCA TTC AAC CGC CAG ACC CTG ACC GAA TCT ATG CTG GAA CCA GTT CCG GAG CTG AAA GAA CAG ATC CAG GCG TGG ATG CGT,0.2504036628527875
GAT GCG CCG GAC GAA TTC CGT GAC CCG CTG ATG GAC ACC CTG ATG ACC GAC CCG GTT CGT CTG CCG TCC GGT ACC ATC ATG GAC CGT TCT ATC ATC CTG CGC CAC CTG CTG AAC TCT CCG ACT GAC CCG TTC AAC CGT CAG ACC CTG ACC GAA TCT ATG CTG GAA CCG GTG CCA GAA CTG AAG GAA GAC ATC CAG GCT TGG ATG CGC,1.127131313523261
GAT GCG CCG GAC GAA TTC CGT GAC CCG CTG ATG GAC ACC CTG ATG ACT GAC CCG GTT CGT CTG CCG TCC GGT ACC ATC ATG GAC CTG TCT ATC ATC CTC CGC CAC CTG CTC AAC TCT CCG ACC GAC CCG TTC AAC CGT CAG ACC CTG ACC GAA TCT ATG CTG GAA CCG GTG CCG GAA CTG TAC GAA CAG ATC CAG GCT TGG ATG CGT,1.383833985749809
GAC GCT CCG GAC GAA TTC CGT GAC CCG CTG ATG GAC ACC CTG ATG ACC GAT CCG GTT CGT CTG CCG TCT GGC ACC ATC ATG GAC CGT TCT ATC ATC CTG CGT TGG CTG CTG AAC TCT CCG ACC GAC CCG TTC AAC CGT CAA ACC CTG ACC GAA TCT ATG CTG GAA CCG GTG CCG GAA CTG AAA GAA CAG ATC CAG GCT TGG ATG CGT,3.6744155539780894
GAT GCG CCG GAC GAA TTC CGT GAC CCG CTG ATG GAC ACC CTG ATG ACC TTC CCG GTT CGT CTG CCG TCT GGC ACC ATC ATG GAC CAC TCT ATC ATC CTG CGT CAC CTG CTG AAC TCT CCG ACC GAC CCG TTC AAC CGC CAG ACC CTG ACC GAA TCT ATG CTG GAA CCA GTT CCG GAG CTG AAA GAA CAG ATC CAG GCG TGG ATG CGT,0.3950334937597143
GAT GCG CCG GAT GAA TTC CGT GAC CCG CTG ATG GAT ACT CTG ATG ACC GAC CCG GTT CGT CTG CCG TCT GGT ACT ATC ATG GAC ACT TCT ATC ATC CTG CGT CAC CTG CTG AAC TCT CCG ACC GAT CCG TTC AAC CGT CAG ACC CTG ACC GAA TCT ATG CTG GAG CCG GTG CCG GAA CTC TTC GAA CAA ATC CAG GCG TGG ATG CGT,0.0803992429888049
GAT GCG CCG GAT GAA TTC CGT GAC CCG CTG ATG GAC ACC CTG ATG ACC GAC CCG GTT CGC CTC CCA TCC GGT ACC ATC ATG GAC CGT TCT ATC ATC CTG CGT CAC CTG CTG AAC TCT CCG ACT GAC CCA TTC AAC CGC CAG ACC CTG ACC GAG TCT ATG CTG GAA CCG GTG CCA GAA CTG AAG GAA CAG ATC CAG GCG TGG ATT CGC,2.663270197821352
GAC GCT CCG GAC GAA TTC CGT TCT CCG CTG ATG GAT ACT CTG ATG ACC GAT CCG GTT CGT CTG CCG TCT GGT ACT ATC ATG GAA CGC TCT ATC ATC CTG CGT CAC CTG CTG AAC TCT CCG ACT GAT CCG TTC AAC CGT CAG ACC CTG ACC GAA TCT ATG CTG GAA CCG GTG CCA GAG CTG AAA GAA CAG ATC CAG GCG TGG ATG CGT,-0.4584448590759765
GAC GCG CCA GAC GAA TTT CGT GAC CCG CTC ATG GAT ACT CTG ATG ACC CTG CCG GTG CGT CTG CCG TCT GGT ACT ATT ATG GAC GAG TCC ATC ATC CTG CGT CAC CTG CTG AAC TCT CCG ACC GAC CCA TTC AAC CGT CAG ACC CTG ACC GAA TCT ATG CTG GAG CCG GTT CCA GAA CTG AAA GAA CAG ATC CAG GCG TGG ATG CGT,-1.3529586256001038
GAC GCT CCG GAC GAG TTC CGT GAC CCA CTC ATG GAT ACT CTG ATG ACT GAC CCG GTT GGT CTG CCG TCT GGC ACC ATC ATG GAC CGT TCT ATC ATC CTG CGT CAC CTG CTG AAC TCT CCG ACC GAC CCA TTC AAC CGT CAG ACC CTG ACC GAA TCT ATG CTG TGC CCG GTG CCG GAA CTG AAA GAA CAG ATC CAG GCG TGG ATG CGT,0.7602506156785239
GAT GCG CCG GAT GAA TTC CGT GAC CCG CTC ATG GAT ACC CTG ATG ACC TAC CCG GTT CGT CTG CCG TCT GGC ACC ATT ATG GAC CGT TCT ATC ATC CTG CGT CAC CTC CTG AAC TCT CCG ACC GAT CCG TTT AAT CGC CAG ACC CTG ACC GAA TCT ATG CTG GAA CCG GTG CCG GAA CTG ATG GAG CAG ATC CAG GCG TGG ATG CGT,1.477164801322955
GAT GCG CCG GAC GAA TTC CGT GAC CCG CTG ATG GAC ACC CTG ATG ACC TCT CCG GTT CGT CTG CCG TCC GGT ACC ATC ATG GAC AAA TCT ATC ATC CTG CGT CAC CTG CTG AAC TCT CCG ACC GAC CCG TTC AAC CGT CAG ACC CTG ACC GAA TCT ATG CTG GAA CCA GTG CCG GAG CTC AAA GAA CAG ATC CAG GCG TGG ATG CGT,-0.4134031140383053
GAT GCG CCG GAC GAA TTC CGT AAA CCG CTG ATG GAC ACC CTG ATG ACC GAC CCG GTT CGT CTG CCG TCT GGC ACT ATT ATG CGT CGT TCT ATC ATC CTG CGT CAC CTG CTG AAC TCT CCG ACT GAC CCG TTC AAC CGT CAG ACC CTG ACC GAA TCT ATG CTG GAG CCG GTT CCG GAG CTG AAA GAA CAG ATC CAG GCG TGG ATG CGT,-2.610366084517011
GAT GCG CCG GAT GAA TTC CGT GAC CCG CTG ATG GAC ACC CTG ATG ACC GAC CCA GTG CGT CTG CCG TCC GGT ACC ATC ATG GAC CGT TCT ATC ATC CTG CGT CAC CTG CTG AAC AAA CCG CAG GAC CCG TTC AAC CGC CAG ACC CTG ACC GAG TCC ATG CTC GAA CCA GTT CCA GAA CTG AAA GAA CAG ATC CAG GCG TGG ATG CGT,0.9091110954571764
GAT GCG CCG GAT GAA TTC CGT GTT CCG CTG ATG GAC ACC CTG ATG ACT GAC CCG GTT CGT CTG CCG TCT GGT ACT ATC ATG GTT CGT TCT ATC ATC CTG CGC CAC CTG CTG AAC TCT CCA ACC GAC CCG TTC AAT CGC CAG ACC CTG ACC GAA TCT ATG CTG GAA CCG GTG CCG GAA CTG AAA GAA CAG ATC CAG GCG TGG ATG CGT,0.3074513487381891
GAC GCT CCG GAC GAA TTC CGT GAC CCG CTG ATG GAC ACC CTG ATG ACC CTG CCA GTG CGT CTC CCG TCC GGT ACC ATC ATG GAC CGT TCT ATC ATC CTG CGT CAC CTG CTG AAC TCT CCG ACC GAC CCG TTC AAC CGC CAG ACC CTG ACC GAA TCT ATG CTG GAA CCG GTG CCA GAG CTG TTT GAA CAA ATC CAG GCT TGG ATG CGC,1.4404501417356328
GAT GCG CCG GAC GAA TTC CGT GAC CCG CTG ATG GAC ACC CTG ATG ACT GAC CCG GTT CGT CTG CCA ATC GGT ACC ATC ATG GAC CGT TCT ATC ATC CTG CGT CAC CTG CTG AAC TCT CCG ACC GAC CCG TTC GCG CGT CAG ACC CTG ACC GAA TCT ATG CTG GAA CCA GTT CCG GAG CTG AAA GAA CAG ATC CAG GCG TGG ATG CGT,-2.7525782224880246
GAT GCG CCG GAT GAA TTC CGT GAC CCG CTG ATG GAC ACC CTG ATG ACT GAC CCA GTT CGT CTG CCA TCT GGC ACC ATC ATG GAC CGT TCT ATC ATC CTG CGT CAC CTG CTG AAC TCT CCG ACC GAC CCG TTC AAC CGT AAA ACC CTG ACC GAA TCT ATG CTG GAA CCA GTT CCG GAG CTG AAA GAA CAG ATC CAG GCG TGG ATG CGT,1.978465964175487
GAT GCG CCG GAC GAA TTC CGT GAC CCG CTG ATG GAC ACC CTG ATG ACC GAC CCG GTT CGT CTG CCG TCT GGT ACT ATC ATG GAC CGT TCT ATC ATC CTG CGT CAC CTG CTG AAC ACT CCA GTT GAC CCG TTC AAC CGT CAA ACC CTG ACC GAA TCT ATG CTG GAA CCG GTG CCG GAA CTG AAA GAA CAG ATC CAG GCG TGG ATG CGT,1.1977611006938589
GAC GCT CCG GAC GAA TTC CGT GAC CCG CTG ATG GAT ACT CTG ATG ACC GAC CCG GTT CGT CTG CCG TCT GGC ACC ATT ATG GAC CGT TCT ATC ATC CTC CGT CAC CTG CTG AAC TCT CCG ACC GAT CCG TTC AAC CGT CAA ACC CTG ACC GAA TCT ATG CTG GAA CCG GTG CCG GAA CTG AAA GAA CAG ATC CAG GCG TGG TCC CGT,1.346721641122988
GAC GCT CCA GAC GAA TTC CGT GAC CCG CTG ATG GAC ACC CTC ATG ACC GAC CCG GTG CGT CTG CCG TCC GGT ACC ATC ATG GAC CGT TCT ATC ATC CTG CGT CAC CTG CTG AAC TCT CCG ACT GAC CCG TTT AAC CGT CAA ACT CTC ACC GAA TCT ATG CTC TGG CCG GTT CCG GAG CTC AAA GAA CAG ATC CAG GCG TGG ATG CGT,1.1536998295565448
GAT GCG CCG GAC GAA TTC CGT GAC CCG CTG ATG GAC AAA CTG ATG ACC GAC CCG GTT CGT CTG CCG TCT GGT ACT ATC ATG CAA CGT TCC ATC ATC CTG CGT CAC CTG CTG AAC TCT CCG ACC GAT CCG TTC AAC CGT CAG ACC CTG ACC GAA TCT ATG CTG GAA CCG GTG CCG GAA CTG AAA GAA CAA ATC CAG GCT TGG ATG CGT,-0.3334792890883101
GAC GCT CCG GAC GAA TTC CGT GAC CCG CTG ATG GAC ACC CTG ATG ACC GAC CCG GTT CGT CTG CCA ATC GGT ACC ATC ATG GAC CGT TCT ATC ATC CTG CGT CAC CTG CTG AAC TCT CCG ACC GAA CCG TTC AAC CGT CAG ACC CTG ACC GAA TCT ATG CTG GAG CCG GTT CCA GAA CTG AAA GAA CAG ATC CAG GCG TGG ATG CGT,-3.5554962102215057
GAT GCG CCG GAC GAA TTC CGT GAC CCG CTG ATG GAC ACC CTG ATG ACC GAC CCG GTT CGT CTG CCG CAC GGT ACC ATC ATG GAC CGT TCT ATC ATC CTG CGT CAC CTG CTG AAC TCT CCG ACC TGG CCG TTC AAC CGT CAG ACC CTG ACC GAA TCT ATG CTG GAG CCG GTT CCG GAG CTG AAA GAA CAG ATC CAG GCT TGG ATG CGT,0.2579212483548334
GAC GCT CCG GAC GAA TTC CGT GCG CCG CTG ATG GAC ACC CTG ATG ACC GAC CCG GTT CGT CTG CCG TCT GGT ACT ATT ATG CAG CGT TCT ATC ATC CTG CGT CAC CTG CTG AAC TCT CCG ACC GAT CCA TTC AAC CGT CAG ACC CTG ACC GAA TCT ATG CTG GAA CCG GTG CCG GAA CTG AAA GAA CAG ATC CAG GCG TGG ATG CGT,-3.7783037013196377
GAC GCG CCA GAC GAA TTC CGT GAC CCG CTG ATG GAC ACC CTG ATG ACC GAC CCG GTT CGT CTC CCG CAG GGT ACC ATC ATG GAC CGT TCT ATC ATC CTG CGT CAC CTG CTG AAC TCT CCG ACC GAA CCG TTC AAC CGT CAA ACC CTG ACC GAA TCT ATG CTG GAA CCG GTG CCG GAG CTG AAA GAA CAG ATC CAG GCT TGG ATG CGT,-1.7790110613701575
GAC GCT CCG GAC GAG TTC CGT GAC CCA CTG ATG GAC ACC CTG ATG ACC GAC CCG GTT CGT CTG CCG TCC GGT ACC ATC ATG GAC CGT TCT ATC ATC CTG CGT CAC CTG CTG AAC ATG CCG GGT GAT CCG TTC AAC CGT CAG ACC CTG ACC GAA TCT ATG CTG GAA CCG GTG CCG GAA CTG AAA GAA CAG ATC CAG GCG TGG ATG CGT,0.4163513711108958
GAT GCG CCG GAC GAA TTC CGT GAC CCG CTG ATG GAC ACC CTG ATG ACC GAC CCG GTT CGT CTG CCG TCT GGT ACT ATC ATG GAC CGT TCT ATC ATC CTG CGT CAC CTG CTG AAC TCT CCG ACC GAT CCG TTC AAC CGT CAA ACC CTG ACC GAA TCC ATG CTG GAG CCG GTG CAC GAA CTC AAA GAA CAG ATC CAG GCG TGG ATG CGT,1.8670037476721075
GAT GCT CCG GAC GAA TTC CGT GCG CCA CTG ATG GAC ACC CTG ATG ACC GAC CCG GTT CGT CTG CCG TCT GGC ACC ATC ATG AAC CGT TCT ATC ATC CTG CGC CAT CTC CTC AAC TCT CCA ACT GAT CCG TTC AAC CGT CAG ACC CTG ACC GAA TCT ATG CTG GAA CCG GTG CCG GAA CTG AAA GAA CAG ATC CAA GCG TGG ATG CGT,-1.6940002011009625
GAC GCG CCA GAC GAA TTC CGT GAC CCG CTG ATG GAC ACC CTG ATG ACC GAC CCG GTG CGT CTC CCA TCC GGT ACC ATC ATG GAC CGT TCT ATC ATC CTG CGT CAC CTG CTG AAC TCT CCG ACT GAT CCA TTC AAC CGT CAG ACC CTG ACC GAA TCT ATG CTG GAA CCG GTG CCA GAA CTG AAA GAA CAG ATC CAG GCG TGG ATG GGT,2.03311363804589
GAC GCT CCG GAC GAG TTC CGT GAC CCG CTG ATG GAC ACC CTG ATG ACC GAC CCG GTT CGT CTG CCG GTT GGC ACC ATC ATG GAC CGT TCT ATC ATC CTG CGT CAC CTG CTG AAC TCT CCG ACC GAT CCA TTC CAC CGT CAG ACT CTC ACC GAA TCT ATG CTG GAA CCG GTG CCG GAA CTG AAA GAA CAG ATC CAG GCG TGG ATG CGT,-0.6929822127497471
GAC GCG CCA GAC GAA TTC CGT GAC CCG CTC ATG GAC ACT CTG ATG ACT GAC CCG GTG CGC CTG CCG TCC GGT ACT ATC ATG GAT GTT TCT ATC ATC CTG CGT CAC CTG CTG AAC TCT CCG ACC GAC CCG TTT AAC CGT CAG ACC CTG ACC GAA TCT ATG CTG GAA CCG GTG CCG GAA CTG AAA GAA CAG ATC CAG GCG TGG ATG CGT,0.66583849768662
GAC GCG CCA GAT GAA TTC CGT GAT CCG CTG ATG GAC ACC CTG ATG ACC TGC CCG GTT CGT CTG CCG TCT GGC ACC ATC ATG GAC GCT TCT ATC ATC CTG CGT CAC CTG CTG AAC TCT CCG ACT GAC CCA TTC AAC CGT CAG ACC CTG ACC GAA TCT ATG CTG GAG CCA GTT CCG GAG CTG AAA GAA CAG ATC CAG GCG TGG ATG CGT,1.4840784971647325
GAC GCG CCG ACC GAG TTC CGT GAC CCG CTG ATG GAC ACC CTG ATG ACC GAC CCG GTT CGT CTG CCG TCT GGC ACC ATC ATG GAC CGT TCT ATC ATC CTG CGC CAC CTG CTC AAC TCT CCG ACT GAT CCG TTC AAC CGT CAG ACC CTG ACC GAA TCT ATG CTG GAA CCG GTG CCG GAA CTG AAA GAA CAG ATC CAG GCG TGG ATG CGT,2.685919020698804
GAC GCG CCA GAC GAA TTC CGT GAC CCG CTG ATG GAC ACC CTG ATG ACC GAC CCA GTT TCT CTG CCA TCT GGC ACC ATC ATG GAC CGT TCT ATC ATC CTG CGT CAC CTG CTG AAC TCT CCA ACT GAC CCG TTC AAC CGT CAG ACC CTG ACC GAA TCT ATG CTG ATC CCG GTT CCA GAG CTC AAA GAA CAG ATC CAG GCG TGG ATG CGT,1.0261482068564178
GAT GCG CCG GAC GAA TTC CGT GAC CCG CTG ATG GAC ACC CTG ATG ACC GAC CCG GTT CGT CTG CCG TAT GGT ACT ATC ATG GAC CGT TCT ATC ATC CTG CGT CAC CTG CTG AAC TCT CCG ACC ATG CCG TTT AAC CGT CAG ACC CTG ACC GAA TCT ATG CTG GAG CCG GTT CCG GAG CTG AAA GAA CAG ATT CAA GCG TGG ATG CGT,-2.5066011552953555
GAC GCG CCA GAC GAA TTC CGT GAC CCG CTG ATG GAC ACC CTG ATG ACC GAT CCG GTT ATG CTG CCG TCC GGT ACC ATC ATG GAT CGT TCT ATC ATC CTG CGT CAC CTG CTG AAC TCT CCG ACC GAC CCG TTC AAC CGT CAG ACC CTG ACC GAA TCT ATG CTG GAC CCA GTG CCG GAA CTG AAA GAA CAG ATC CAG GCG TGG ATG CGC,0.6364786591303679
GAT GCG CCG GAC GAA TTC CGT GAC CCG CTG ATG GAC ACC CTG ATG ACC GAC CCG GTT CGT CTG CCG TGG GGT ACC ATC ATG GAC CGT TCT ATC ATC CTG CGT CAC CTG CTG AAC TCT CCG ACC AAC CCG TTC AAC CGT CAG ACC CTG ACC GAA TCT ATG CTG GAA CCA GTG CCG GAA CTC AAA GAA CAG ATC CAG GCG TGG ATG CGT,0.3546071677614852
GAT GCG CCG GAC GAA TTC CGT GAC CCG CTG ATG GAC ACC CTG ATG ACC GAC CCG GTT CGT CTG CCG TCT GGC ACC ATC ATG GAC CGT TCT ATC ATC CTG CGT CAC CTG CTG AAC TCT CCG ACC GAT CCG TTC AAC CGT CAG ACC CTG ACC GAA TCT ATG CTG GAA CCG GTG CCG GAA TGG AAA GAA CAG ATC CAG GCG TGG ATG CGT,-0.3684522219694097
GTT GCG CCG GAC GAA TTC CGT GAC CCG CTG ATG GAC ACC CTG ATG ACT GAC CCG GTT CGT CTG CCG TCC GGT ACC ATC ATG GAC CGT TCT ATC ATC CTG CGT CAC CTG CTG AAC TCT CCG ACC GAC CCG TTC AAT CGT CAG ACC CTG ACC GAA TCT ATG CTG GAA CCG GTG CCG GAA CTG AAA GAA CAG ATC CAG GCG TGG ATG CGT,2.507986012784569
GAC GCG CCA GAT GAA TTC CGT GAC CCG CTG ATG GAC ACC CTG ATG ACT GAC CCG GTT CGT CTG CCG TCT GGC ACC ATC ATG GAC CTG TCT ATC ATC CTG CGT CAC CTG CTG AAC TCT CCG ACC GAC CCG TTC AAC CGT CAA ACC CTG ACC GAA TCT ATG CTG GAG CCG GTT CCG GAG CTC TTC GAA CAG ATC CAG GCT TGG ATG CGT,1.4567784906561476
GAT GCT CCG GAC GAA TTT CGT GAC CCG CTG ATG GAC ACC CTG ATG ACT GAC CCG GTT CGT CTG CCG CTG GGT ACC ATC ATG GAC CGT TCT ATC ATC CTG CGT CAC CTG CTG AAC TCT CCG ACC CGT CCG TTT AAC CGT CAG ACC CTG ACC GAA TCT ATG CTG GAA CCG GTG CCG GAA CTG AAA GAA CAG ATC CAG GCG TGG ATG CGT,-3.923489536615248
GAC GCT CCG GAT GAA TTC CGT GAC CCG CTG ATG GAC ACC CTG ATG ACC GAC CCG GTT CGT CTG CCG CAC GGC ACC ATC ATG GAC CGC TCT ATC ATC CTG CGT CAC CTG CTC AAC TCT CCG ACC GAT CCG TTC GTT CGT CAA ACT CTG ACT GAA TCT ATG CTG GAA CCG GTG CCG GAA CTG AAA GAA CAG ATC CAG GCT TGG ATG CGT,-3.4888595318934765
GAC GCT CCG GAC GAA TTC CGT CTC CCA CTG ATG GAC ACC CTG ATG ACC GAC CCG GTT CGT CTG CCG TCT GGC ACC ATC ATG AAC CGT TCT ATC ATC CTG CGT CAC CTG CTG AAC TCT CCG ACC GAT CCA TTC AAC CGT CAG ACC CTG ACC GAA TCT ATG CTG GAA CCG GTG CCG GAA CTG AAA GAA CAG ATC CAG GCG TGG ATG CGC,-0.6145809585251032
GAC GCT CCG GAC GAA TTC CGT GAC CCG CTG ATG GAC CAG CTG ATG ACC GAC CCG GTT CGT CTG CCG TCT GGC ACC ATC ATG TGC CGT TCC ATC ATT CTG CGT CAC CTG CTG AAC TCT CCG ACT GAC CCA TTC AAC CGT CAG ACC CTG ACC GAA TCT ATG CTG GAA CCG GTG CCG GAA CTG AAA GAA CAG ATC CAG GCG TGG ATG CGT,1.0758857122530352
GAC GCG CCA GAT GAA TTC CGT GAC CCG CTG ATG GAC TGC CTG ATG ACC GAC CCG GTT CGT CTG CCG TCT GGT ACT ATC ATG AAA CGT TCT ATC ATC CTG CGC CAT CTG CTG AAC TCT CCG ACC GAT CCG TTC AAC CGT CAG ACC CTG ACC GAA TCT ATG CTG GAA CCG GTG CCA GAA CTC AAA GAA CAG ATC CAG GCG TGG ATG CGT,0.919296089040543
GAC GCT CCG GAC GAG TTC CGT GAC CCA CTG ATG GAT ACC CTG ATG ACT GAC CCG GTG CGC CTG CCG TCT GGC ACC ATC ATG GAC CGT TCT ATC ATC CTG CGT CAC CTG CTG AAC TCT CCG ACC GAC CCG TTT AAT CGT CAG ACT CTG ACC GAA TCT ATG CTG GAA CCA GTT TGG GAA CTG AAA GAA CAG ATC CAG GCG TGG ATG CGT,1.7092213168225323
GAC GCT CCG GAC GAA TTC CGT GAC CCG CTG ATG GAT ACC CTG ATG ACC GAC CCA GTT TAT CTG CCG TCT GGC ACC ATT ATG GAC CGT TCT ATT ATC CTG CGT CAT CTG CTG AAC TCT CCA ACC GAT CCG TTC AAC CGT CAG ACC CTG ACC GAA TCT ATG CTG CGT CCG GTT CCA GAG CTG AAA GAA CAG ATT CAA GCG TGG ATG CGT,0.9797835404544216
GAT GCT CCG GAT GAA TTC CGT GAC CCG CTG ATG GAC ACC CTG ATG ACT GAC CCG GTT CGT CTG CCG TCT GGC ACC ATC ATG GAC ATC TCT ATC ATC CTG CGT CAC CTG CTG AAC TCT CCG ACC GAC CCG TTC AAC CGT CAG ACC CTG ACC GAA TCT ATG CTG GAA CCG GTG CCG GAA CTG GAC GAA CAG ATC CAG GCG TGG ATG CGT,0.5530453547466687
GAT GCT CCG GAC GAA TTC CGT GAC CCG CTG ATG GAC ACC CTG ATG ACC ATG CCG GTT CGT CTG CCG TCT GGC ACC ATC ATG GAC AAA TCT ATC ATC CTG CGT CAC CTG CTG AAC TCT CCG ACC GAC CCG TTC AAC CGT CAG ACC CTG ACC GAA TCT ATG CTG GAA CCA GTT CCA GAA CTG AAA GAA CAG ATC CAG GCG TGG ATG CGT,-0.1225259625892497
GAT GCG CCG GAC GAA TTT CGT GAC CCG CTG ATG GAC ACC CTG ATG ACC GAT CCG GTT CGT CTG CCG TCT GGC ACC ATC ATG GAC CGT TCT ATC ATC CTG CGT CAC CTG CTG AAC TCT CCG ACC GAC CCG TTC AAC CGC CAG ACC CTG ACC GAA TCT ATG CTG GAA CCG GTG CCG GAG CTG AAA GAA GAA ATC CAG GCG TGG ATG CGT,1.8416245160531748
GAC GCT CCG GAT GAA TTC CGT GAT CCG CTG ATG GAC ACT CTG ATG ACC CGC CCA GTT CGT CTG CCG TCT GGC ACC ATC ATG GAC AAA TCT ATC ATC CTG CGT CAC CTG CTC AAC TCT CCG ACT GAC CCG TTC AAT CGT CAG ACC CTG ACC GAA TCT ATG CTG GAA CCG GTG CCG GAA CTG AAA GAA CAG ATC CAG GCG TGG ATG CGT,-1.3971739136673025
GAC GCG CCA GAC GAG TTC CGT GAC CCG CTG ATG GAC GAC CTG ATG ACT GAC CCG GTT CGT CTG CCG TCT GGT ACT ATT ATG ATG CGT TCC ATC ATC CTG CGT CAC CTG CTG AAC TCT CCG ACC GAT CCA TTC AAC CGT CAG ACC CTG ACC GAA TCT ATG CTG GAA CCG GTG CCG GAA CTG AAA GAA CAG ATC CAG GCT TGG ATG CGC,-0.3100412189991348
GAC GCT CCG GAC GAA TTC CGT GAC CCG CTG ATG GAC ACC CTG ATG ACC CAG CCA GTG CGC CTG CCG TCC GGT ACC ATC ATG GAC CGT TCT ATC ATC CTG CGT CAC CTG CTG AAC TCT CCG ACC GAC CCG TTC AAC CGC CAG ACT CTG ACC GAA TCT ATG CTG GAA CCG GTG CCG GAA CTG AAA GAA CAG ATC CAG GCG TGG ATG CGT,0.3423318783239397
GAT GCG CCG GAT GAA TTC CGT GAC CCG CTG ATG GAC ACC CTG ATG ACT GAC CCG GTT CGT CTG CCG TCT GGC ACC ATC ATG GAC CCG TCT ATC ATC CTG CGT CAC CTG CTG AAC TCT CCG ACC GAC CCG TTC AAC CGT CAA ACC CTG ACC GAA TCT ATG CTG GAG CCG GTG CCG GAA CTC GAC GAA CAG ATC CAG GCG TGG ATG CGT,-0.6561889628566528
GAC GCT CCG GAT GAA TTC CGT GAC CCG CTG ATG GAT ACC CTG ATG ACC AAA CCA GTT CGT CTG CCG TCT GGC ACC ATC ATG GAT CTG TCT ATC ATC CTG CGC CAC CTG CTG AAC TCT CCG ACC GAC CCA TTC AAT CGT CAA ACC CTG ACC GAA TCT ATG CTC GAA CCA GTG CCG GAG CTC AAA GAA CAG ATT CAG GCG TGG ATG CGT,0.855780502474317
GAC GCG CCA GAT GAA TTC CGT GAC CCG CTG ATG GAC ACC CTG ATG ACC TGC CCG GTT CGT CTG CCG TCT GGC ACC ATC ATG GAC CAC TCT ATC ATC CTG CGT CAC CTC CTC AAC TCT CCG ACC GAC CCG TTC AAT CGT CAG ACC CTG ACC GAA TCT ATG CTG GAA CCA GTT CCA GAA CTG AAA GAA CAG ATC CAG GCG TGG ATG CGT,1.0848047860767314
GAC GCT CCG GAC GAA TTC CGT GAC CCG CTG ATG GAC ACC CTG ATG ACC GAC CCG GTT CGT CTG CCG TCT GGT ACT ATC ATG GAC CGT TCT ATC ATC CTG CGT CAC CTC CTG AAC CGT CCG ATC GAC CCG TTC AAC CGC CAG ACC CTG ACC GAA TCT ATG CTG GAG CCG GTT CCA GAA CTG AAA GAA CAG ATC CAG GCT TGG ATG CGT,0.937146292373353
GAT GCG CCG GAC GAG TTC CGT CGT CCG CTG ATG GAC ACC CTG ATG ACC GAT CCG GTT CGT CTG CCG TCT GGC ACC ATC ATG CAC CGC TCT ATC ATC CTG CGT CAC CTG CTG AAC TCT CCG ACC GAC CCG TTC AAC CGT CAG ACC CTG ACC GAA TCT ATG CTG GAG CCG GTT CCA GAA CTG AAA GAA CAG ATC CAG GCG TGG ATG CGT,-1.0793231088992423
GAT GCG CCG GAC GAG TTC CGT GAC CCG CTG ATG GAC ACC CTG ATG ACC GAC CCG GTT CGT CTG CCG TCT GGC ACC ATC ATG GAC CGT TCT ATC ATC CTG CGC CAC CTG CTG AAT TCT CCG ACT GAC CCA TTC AAC CGC CAG ACT CTC ACT GAA TCT ATG CTC GAA CCA GTG CCG GAA CTG CAG GAA CAG ATC CAG GCG TGG ATG CGT,1.938640468871588
GAC GCG CCA GAC GAA TTC CGT GAC CCG CTG ATG GAC ACC CTG ATG ACC GAT CCG GTT CGC CTG CCA TCT GGC ACC ATC ATG GAC CGT TCT ATC ATC CTG CGT CAC CTG CTG AAC TCT CCG ACC GAC CCG TTC AAC CGT CAA ACC CTG ACC GAA TCT ATG CTG GAA TAC GTT CCG GAG CTG AAA GAA CAG ATC CAG GCG TGG ATG CGT,1.2924487159615294
GAT GCG CCG GAC GAA TTC CGT TAC CCG CTG ATG GAC ACC CTG ATG ACC GAC CCG GTT CGT CTG CCG TCC GGT ACC ATC ATG AAA CGT TCT ATC ATC CTG CGT CAC CTG CTG AAC TCT CCG ACC GAT CCG TTC AAC CGT CAG ACC CTG ACC GAA TCT ATG CTG GAA CCG GTG CCG GAA CTG AAA GAA CAG ATC CAG GCG TGG ATG CGT,-3.928304849873713
GAC GCT CCG GAC GAA TTC CGT GAC CCG CTG ATG GAC ACC CTC ATG ACC GAT CCG GTT CGT CTG CCG TCT GGT ACT ATC ATG GAC CGT TCT ATC ATC CTG CGT CAC CTG CTG AAC TCT CCA ACC GAC CCG TTC AAC CGT CAA ACC CTG ACC GAA TCT ATG CTG GAA CCA GTT ATG GAA CTG AAA GAA CAG ATC CAG GCG TGG ATG CGT,1.4128516187778573
GAT GCG CCA GAC GAA TTC CGT GAC CCG CTC ATG GAT ACT CTG ATG ACT GAC CCG GTT CGC CTG CCG TCC GGT ACC ATC ATG GAC CGT TCT ATC ATC CTG CGT CAC CTG CTG AAC TCT CCG ACC GAC CCG TTC AAC CGT CAG ACC CTG ACC GAA TCT ATG CTG GAA CCA GTT CCA TGG CTG AAA GAA CAG ATC CAG GCG TGG ATG CGT,2.7967186045939068
GAT GCG CCG GAC GAA TTC CGT GAC CCG CTG ATG GAC ACC CTG ATG ACC GAC CCG GTT CGT CTG CCG TCT GGT ACT ATC ATG GAC CGT TCT ATC ATC CTG CGT CAC CTG CTG AAC GCG CCA TTC GAC CCG TTC AAC CGT CAG ACC CTG ACC GAA TCT ATG CTG GAA CCA GTT CCG GAG CTG AAA GAA CAG ATC CAG GCG TGG ATG CGT,1.865900843264372
GAT GCG CCG GAC GAA TTC CGT GAC CCG CTG ATG GAC ACC CTG ATG ACC ATG CCG GTT CGT CTG CCG TCC GGT ACC ATC ATG GAC TCT TCT ATC ATC CTG CGT CAC CTG CTG AAC TCT CCG ACC GAC CCG TTC AAC CGT CAG ACC CTG ACC GAA TCT ATG CTG GAA CCA GTG CCG GAG CTC AAA GAA CAG ATC CAG GCG TGG ATG CGT,-0.3279425177552029
GAC GCT CCG GAC GAA TTC CGT GAC CCG CTG ATG GAC ACC CTG ATG ACC GAC CCG GTT CGT CTC CCG TCT GGC ACT ATC ATG GAC CGC TCT ATC ATC CTG CGC CAC CTG CTG AAC CAG CCG CCA GAC CCA TTT AAC CGT CAG ACC CTG ACC GAA TCT ATG CTG GAA CCG GTG CCG GAA CTG AAA GAA CAG ATC CAG GCT TGG ATG CGT,-0.2702580634794514
GAC GCG CCA GAC GAA TTC CGT GAC CCG CTG ATG GAC ACC CTG ATG ACC GAT CCG GTT GAC CTG CCG TCT GGT ACT ATC ATG GAC CGT TCT ATC ATC CTG CGT CAC CTG CTG AAT TCT CCG ACC GAC CCG TTC AAC CGT CAG ACC CTG ACC GAA TCT ATG CTG AAC CCG GTG CCG GAA CTG AAG GAA CAG ATC CAG GCG TGG ATG CGT,-5.552740395119511
GAC GCG CCA GAT GAG TTC CGT GAC CCG CTG ATG GAC ACC CTG ATG ACT GAC CCA GTT AAC CTG CCG TCC GGT ACT ATC ATG GAT CGC TCT ATC ATC CTG CGT CAC CTG CTG AAC TCT CCG ACC GAC CCA TTC AAC CGT CAG ACC CTG ACC GAA TCT ATG CTG GGT CCG GTT CCG GAG CTG AAA GAA CAG ATC CAG GCG TGG ATG CGT,-4.278165477832747
GAC GCG CCA GAT GAA TTC CGT GAC CCG CTG ATG GAC ACC CTG ATG ACC GAC CCG GTT CGC CTG CCA ATC GGC ACC ATC ATG GAC CGT TCT ATC ATC CTG CGT CAC CTG CTG AAC TCT CCG ACC GAT CCG TTC TTC CGT CAG ACC CTG ACC GAA TCT ATG CTG GAA CCG GTG CCG GAA CTG AAA GAA CAG ATC CAG GCT TGG ATG CGT,-0.1919706629911538
GAC GCT CCA GAC GAA TTC CGT GAC CCG CTG ATG GAC ACC CTG ATG ACC GAC CCG GTT CAC CTG CCG TCT GGT ACT ATC ATG GAC CGT TCT ATC ATC CTG CGT CAC CTC CTG AAC TCT CCG ACT GAC CCG TTC AAC CGT CAG ACC CTG ACC GAA TCT ATG CTC GCG CCA GTG CCG GAA CTG AAA GAA CAG ATC CAG GCG TGG ATG CGT,-2.5280469064802027
GAC GCT CCG GAT GAA TTC CGC GAC CCA CTG ATG GAT ACC CTG ATG ACC GAT CCG GTT CGT CTG CCG TCT GGT ACT ATC ATG GAC CGT TCT ATC ATC CTG CGT CAC CTG CTC AAC TCT CCG ACT GAC CCG TTC AAC CGC CAG ACC CTG ACC GAA TCT ATG CTG GAA CCA CAC CCG GAA CTC AAA GAA CAG ATC CAG GCG TGG ATG CGT,1.102155799712295
GAC GCG CCA GAT GAA TTC CGT GAC CCG CTG ATG GAC ACC CTG ATG ACC CTG CCG GTG CGT CTG CCG TCT GGC ACC ATC ATG GAC TGG TCT ATC ATC CTG CGT CAC CTG CTG AAC TCT CCG ACC GAC CCG TTC AAC CGT CAA ACC CTG ACC GAA TCT ATG CTG GAG CCG GTT CCA GAA CTC AAA GAA CAG ATC CAG GCT TGG ATG CGT,1.1534207868758757
GAT GCG CCG GAC GAA TTC CGT GAC CCG CTG ATG GAC ACC CTG ATG ACT GAC CCG GTT GTT CTG CCG TCT GGT ACT ATC ATG GAC CGT TCT ATC ATC CTG CGT CAC CTG CTG AAC TCT CCG ACC GAC CCG TTC AAC CGT CAG ACT CTG ACC GAA TCT ATG CTG GCT CCG GTG CCG GAA CTG AAA GAA CAG ATC CAG GCG TGG ATG CGT,0.4873738194267601
GAC GCT CCG GAC GAA TTC CGT GAT CCG CTG ATG GAC ACC CTG ATG ACT GAC CCG GTT GGC CTG CCG TCT GGT ACT ATC ATG GAC CGT TCT ATC ATC CTG CGT CAC CTG CTG AAC TCT CCG ACC GAC CCG TTT AAC CGT CAG ACC CTG ACC GAA TCT ATG CTG GCT CCG GTG CCA GAA CTG AAA GAA CAG ATC CAG GCG TGG ATG CGC,-1.958557629609488
GAC GCT CCG GAC GAA TTC CGT GAC CCG CTG ATG GAC GAA CTG ATG ACC GAT CCG GTT CGT CTG CCA TCT GGC ACC ATT ATG ATT CGT TCT ATC ATC CTG CGT CAC CTG CTG AAC TCT CCG ACC GAC CCG TTC AAT CGT CAG ACC CTG ACC GAA TCC ATG CTG GAA CCG GTG CCG GAA CTG AAA GAA CAG ATC CAG GCG TGG ATG CGT,0.5711839357603641
GAC GCT CCG GAC GAG TTC CGT GAC CCG CTG ATG GAC TGG CTG ATG ACT GAC CCG GTG CGT CTC CCG TCT GGT ACT ATC ATG TGG CGT TCT ATC ATC CTG CGT CAC CTG CTG AAC TCT CCG ACC GAC CCA TTC AAC CGT CAG ACC CTG ACC GAA TCT ATG CTG GAA CCG GTG CCG GAA CTG AAA GAA CAG ATC CAG GCG TGG ATG CGT,1.4569527897252073
GAC GCT CCG GAC GAG TTC CGT GAC CCG CTG ATG GAC ACC CTC ATG ACC GAT CCG GTT CGT CTG CCG TCT GGC ACC ATC ATG GAC CGT TCT ATC ATC CTG CGT CAC CTG CTG AAA TCT CCG ACC GAC CCG TTT AAC CGC CAG ACC CTG ACC GAA TCT ATG CTG GAA CCG GTG CCG GAA CTG AAA GAA CAG ATC CAG GCG TGG ATG CGT,2.563088432228793
GAC GCT CCG GAC GAA TTC CGT GAC CCG CTG ATG GAC ACT CTG ATG ACC GCG CCA GTT CGT CTG CCG TCT GGC ACC ATT ATG GAC GAC TCT ATT ATC CTG CGT CAC CTG CTG AAC TCT CCG ACC GAC CCG TTC AAC CGT CAG ACC CTG ACC GAA TCT ATG CTG GAA CCG GTG CCG GAA CTG AAA GAA CAG ATC CAG GCG TGG ATG CGT,-3.0185281497954297
GAC GCT CCG GAC GAA TTC CGT GAC CCG CTG ATG GAC ACC CTG ATG ACC GAC CCA GTT CGT CTG CCA ATC GGT ACC ATT ATG GAC CGC TCT ATC ATC CTG CGT CAC CTG CTG AAC TCT CCG ACT GAC CCG TTC ATC CGT CAG ACC CTG ACC GAA TCT ATG CTG GAG CCG GTG CCA GAA CTC AAA GAA CAG ATC CAG GCG TGG ATG CGT,-0.585689439006176
GAC GCG CCA GAT GAA TTC CGT GAC CCG CTG ATG GAC ACC CTG ATG ACC CAC CCG GTT CGT CTG CCG TCT GGC ACC ATC ATG GAC CTG TCT ATC ATC CTG CGT CAC CTG CTG AAC TCT CCG ACC GAC CCG TTC AAC CGC CAG ACC CTG ACC GAA TCT ATG CTG GAG CCA GTG CCG GAG CTG AAA GAA CAG ATC CAG GCT TGG ATG CGT,1.3265063357670854
GAC GCG CCA GAT GAA TTC CGT GAC CCG CTG ATG GAC ACC CTG ATG ACC TAC CCG GTT CGT CTG CCG TCT GGC ACC ATC ATG GAC CGT TCT ATC ATC CTG CGT CAC CTG CTG AAC TCT CCG ACC GAC CCG TTC AAC CGT CAG ACC CTG ACC GAA TCT ATG CTG GAA CCA GTT CCG GAG CTC TGG GAA CAG ATC CAA GCG TGG ATG CGT,1.4154443369605176
GAC GCT CCA GAC GAG TTC CGT GAC CCG CTG ATG GAT ACC CTC ATG ACC ATG CCG GTT CGC CTG CCG TCT GGC ACC ATC ATG GAC AAC TCT ATC ATC CTG CGC CAC CTG CTG AAC TCT CCG ACC GAT CCA TTC AAC CGC CAG ACC CTG ACC GAA TCT ATG CTG GAA CCA GTT CCG GAG CTG AAA GAA CAG ATC CAG GCG TGG ATG CGT,-0.7408184211532665
GAC GCT CCG GAC GAA TTC CGT GAC CCG CTG ATG GAC GGT CTG ATG ACC GAT CCG GTT CGT CTG CCG TCT GGT ACT ATC ATG GAC CGT TCT ATC ATC CTG CGT CAC CTG CTG AAC TCT CCG ACC GAC CCG TTC AAC CGT CAA ACC CTG ACC GAG TCT ATG CTG GAA CCG GTG CCG GAG CTC AAA GAA CAG ATC CAG GCG TGG ATG CGT,0.8592903609122684
GAC GCT CCG GAC GAA TTC CGT GAC CCG CTG ATG GAC TGC CTG ATG ACC GAC CCG GTT CGT CTG CCG TCT GGT ACT ATC ATG CCG CGC TCT ATC ATC CTG CGT CAC CTG CTG AAC TCT CCG ACT GAC CCG TTC AAC CGT CAG ACC CTG ACC GAA TCT ATG CTG GAA CCG GTG CCG GAA CTG AAA GAA CAG ATC CAG GCG TGG ATG CGC,0.7455121367044608
CAC GCG CCA GAC GAG TTT CGC GAC CCG CTC ATG GAC ACC CTG ATG ACC GAT CCA GTG CGT CTG CCA TCT GGC ACC ATC ATG GAT CGT TCT ATC ATC CTG CGC CAC CTG CTG AAC TCT CCG ACT GAT CCG TTC AAC CGT CAG ACC CTG ACC GAA TCT ATG CTG GAA CCG GTG CCG GAA CTC AAA GAA CAG ATC CAG GCG TGG ATG CGT,2.715639863305416
GAC GCG CCA GAT GAA TTC CGT GAC CCG CTG ATG GAC ACC CTG ATG ACC TAC CCA GTT CGT CTG CCA TCT GGT ACT ATC ATG GAC CCG TCT ATC ATC CTC CGT CAC CTG CTG AAC TCT CCG ACC GAC CCG TTT AAC CGT CAG ACC CTG ACC GAA TCT ATG CTG GAG CCG GTT CCG GAG CTG AAA GAA CAG ATC CAG GCG TGG ATG CGT,0.1237455743423358
GAT GCT CCG GAC GAA TTC CGT GAC CCG CTC ATG GAC ACC CTC ATG ACC GAC CCG GTT CGT CTG CCG TCT GGC ACC ATT ATG GAC CAC TCT ATC ATC CTC CGT CAC CTG CTG AAC TCT CCG ACT GAC CCG TTT AAC CGT CAG ACC CTG ACC GAA TCT ATG CTG GAA CCA GTG CCG GAG CTC AAC GAA CAG ATC CAG GCG TGG ATG CGT,-0.4434883113959462
GAT GCT CCG GAC GAA TTT CGT GAC CCG CTG ATG GAC ACC CTC ATG ACC GAG CCG GTT CGC CTG CCG TCT GGT ACT ATT ATG GAC TAC TCT ATC ATC CTG CGT CAC CTG CTG AAC TCT CCG ACC GAC CCG TTC AAC CGT CAG ACC CTG ACC GAA TCT ATG CTG GAA CCG GTG CCA GAA CTG AAA GAA CAG ATC CAG GCG TGG ATG CGT,1.1742923394861848
GAC GCT CCG GAT GAA TTC CGT GAC CCG CTG ATG GAC ACC CTG ATG ACC ACT CCG GTT CGT CTG CCG TCT GGC ACC ATC ATG GAC CGT TCT ATC ATC CTG CGT CAC CTG CTG AAC TCT CCG ACC GAC CCG TTC AAC CGC CAG ACC CTG ACC GAA TCT ATG CTG GAA CCA GTT CCA GAA CTC TTC GAA CAG ATC CAG GCG TGG ATG CGT,0.6268562691101334
GAC GCG CCA GAT GAA TTC CGT GAC CCG CTG ATG GAC ACC CTG ATG ACC GAC CCG GTT CGT CTG CCG TCT GGT ACT ATC ATG GAC CGT TCT ATC ATC CTG CGT CAC CTG CTG AAC TTC CCG GAA GAC CCG TTC AAC CGT CAG ACT CTG ACC GAA TCT ATG CTG GAA CCA GTG CCG GAG CTG AAG GAA CAG ATC CAG GCG TGG ATG CGT,1.3270689356314636
GAC GCT CCG GAC GAA TTC CGT GAA CCG CTG ATG GAC ACC CTG ATG ACT GAC CCG GTT CGT CTG CCG TCC GGT ACC ATC ATG TAC CGT TCT ATC ATC CTG CGT CAC CTG CTC AAC TCT CCG ACC GAC CCG TTC AAT CGT CAG ACC CTG ACC GAA TCT ATG CTG GAG CCA GTG CCA GAA CTG AAA GAA CAG ATC CAG GCG TGG ATG CGT,0.3992464919007141
GAT GCG CCG GAT GAA TTC CGT GAC CCG CTC ATG GAT ACT CTC ATG ACC ACT CCG GTT CGT CTG CCG TCT GGT ACT ATC ATG GAC CGT TCT ATC ATC CTG CGC CAC CTG CTG AAC TCT CCA ACT GAT CCG TTC AAT CGT CAG ACC CTG ACC GAA TCT ATG CTG GAA CCG GTG CCG GAA CTG ATG GAA CAG ATC CAG GCG TGG ATG CGT,0.6333946481895611
GAC GCG CCA GAC GAA TTC CGT GAC CCG CTG ATG GAC ACC CTG ATG ACT GAC CCG GTT CGT CTC CCG TCT GGT ACT ATC ATG GAC CGT TCC GCG ATC CTG CGT CAC CTG CTG AAC TCT CCA ACC GAT CCG TTT AAC CGT CAG ACC CTG ACC GAA TCT ATG CTG GAA CCA GTG CCG GAG CTG AAA GAA CAG ATC CAG GCG TGG ATG CGC,1.5417173680157323
GAT GCG CCG GAC GAA TTC CGT GAC CCG CTG ATG TGG ACC CTG ATG ACT GAC CCG GTT CGT CTG CCG TCT GGC ACC ATC ATG GAC CGT TCT ATC ATC CTG CGT CAC CTG CTG AAC TCT CCG ACC GAC CCG TTC AAC CGC CAG ACT CTG ACC GAA TCT ATG CTG GAA CCG GTG CCG GAA CTG AAA GAA CAG ATC CAG GCG TGG ATG CGT,2.9465229090937424
GAT GCG CCG GAC GAA TTC CGT GAC CCG CTG ATG GAC GGT CTG ATG ACT GAC CCA GTT CGT CTG CCG TCC GGT ACC ATC ATG GGT CGT TCT ATC ATC CTG CGT CAC CTG CTG AAC TCT CCG ACC GAC CCG TTT AAC CGT CAG ACC CTG ACC GAA TCT ATG CTG GAG CCG GTG CCA GAA CTG AAA GAA CAG ATC CAG GCG TGG ATG CGT,-3.1013086732620305
GAT GCG CCG GAC GAA TTC CGT TGC CCG CTG ATG GAC ACC CTG ATG ACT GAC CCG GTT CGT CTG CCG TCT GGT ACT ATC ATG TAC CGT TCT ATC ATC CTG CGT CAC CTG CTG AAC TCT CCG ACC GAC CCG TTC AAC CGT CAG ACC CTG ACC GAA TCT ATG CTG GAA CCG GTG CCA GAA CTG AAA GAA CAG ATC CAG GCG TGG ATG CGT,1.1453040256526064
GAC GCG CCA GAC GAG TTC CGT CGT CCG CTC ATG GAC ACC CTG ATG ACT GAC CCG GTT CGT CTC CCG TCT GGT ACT ATC ATG AAC CGT TCT ATC ATC CTG CGT CAC CTG CTG AAC TCT CCG ACC GAC CCA TTC AAC CGT CAG ACC CTG ACC GAA TCT ATG CTG GAA CCG GTG CCA GAA CTG AAA GAA CAG ATC CAG GCG TGG ATG CGC,-1.0966751344257235
GAC GCT CCG GAC GAA TTC CGT GAC CCG CTG ATG GAC ACC CTG ATG ACT GAC CCG GTT CGT CTG CCG TCT GGC ACC ATC ATG GAC CGT TCT ATC ATC CTG CGT CAC CTG CTG AAC TCT CCG ACC GAC CCG TTC AAC CGC CAG ACC CTG ACC GAA TCT ATG CTG TTC CCG GTG CCG GAA CTC AAA GAA CAG ATC CAG GCT TGG ATG CGC,1.4242509587120455
GAC GCG CCA GAT GAA TTC CGT GAC CCG CTG ATG GAC ACC CTG ATG ACT GAC CCG GTT AAA CTG CCG TCT GGT ACT ATC ATG GAC CGT TCT ATC ATC CTG CGT CAC CTG CTG AAC TCT CCG ACC GAC CCA TTC AAC CGT CAG ACC CTG ACC GAA TCT ATG CTG CTG CCG GTT CCG GAG CTG AAA GAA CAG ATC CAG GCG TGG ATG CGT,1.6686143728325264
GAC GCT CCG GAT GAA TTC CGC GAC CCA CTC ATG GAT ACT CTC ATG ACC ATC CCG GTT CGT CTG CCG TCT GGC ACT ATT ATG GAC CCA TCT ATC ATC CTG CGC CAC CTG CTG AAC TCT CCG ACC GAT CCG TTT AAC CGC CAA ACC CTG ACT GAA TCT ATG CTG GAA CCG GTG CCG GAA CTG AAA GAA CAG ATC CAG GCT TGG ATG CGT,-0.240074616416013
GAC GCT CCG GAC GAG TTC CGC GAC CCG CTG ATG GAC ACC CTG ATG ACC GAC CCG GTT CGT CTG CCG TCT GGT ACT ATT ATG GAC ATC TCT ATC ATC CTG CGT CAC CTG CTG AAC TCT CCG ACT GAC CCG TTC AAC CGT CAA ACC CTG ACC GAA TCT ATG CTC GAA CCA GTT CCA GAA CTC CCG GAA CAG ATC CAG GCG TGG ATG CGT,0.1906225948821303
GAT GCG CCG GAC GAA TTC CGT GAC CCG CTG ATG GAC ACC CTG ATG ACC GAC CCG GTT CGT CTG CCG TCT GGT ACT ATT ATG GAC CGT TCT ATC ATC CTG CGT CAC CTG CTG AAC ATC CCG CCA GAC CCG TTC AAC CGT CAG ACC CTG ACC GAA TCT ATG CTG GAA CCA GTT CCA GAA CTC AAA GAA CAG ATC CAG GCG TGG ATG CGT,0.1785081430811095
GAC GCG CCA GAC GAA TTC CGT GAC CCG CTG ATG GAC ACC CTG ATG ACT GAC CCA GTG CGT CTG CCG TCC GGC ACC ATC ATG GAC CGT TCT ATC ATC CTG CGT CAC CTG CTC AAC TCT CCG ACC GAT CCG TTC AAC CGT CAG ACT CTG ACC GAA TCC ATG TGC GAA CCG GTG CCA GAA CTG AAA GAG CAG ATC CAG GCG TGG ATG CGT,0.3825093796696137
GAC GCT CCG GAC GAA TTC CGT GAC CCG CTG ATG GAC ACC CTG ATG ACC GAC CCG GTT CGT CTG CCG TGC GGT ACC ATC ATG GAC CGT TCT ATC ATC CTG CGT CAC CTC CTG AAC TCT CCG ACC TTC CCG TTC AAC CGT CAG ACC CTG ACC GAA TCT ATG CTG GAA CCG GTG CCG GAG CTG AAA GAA CAG ATC CAG GCG TGG ATG CGT,1.1194705477454328
GAC GCT CCG GAC GAA TTC CGT GAC CCG CTG ATG GAC ACC CTG ATG ACC GAC CCG GTT CGT CTG CCG ATT GGC ACC ATC ATG GAC CGT TCT ATC ATC CTG CGT CAC CTG CTG AAC TCT CCG ACT CCG CCG TTC AAC CGT CAG ACC CTG ACC GAA TCT ATG CTG GAA CCG GTG CCA GAG CTC AAA GAA CAG ATC CAG GCT TGG ATG CGT,-2.5301626621225712
GAT TCT CCA GAC GAA TTC CGT GAC CCG CTG ATG GAC ACC CTG ATG ACC GAC CCG GTT CGT CTC CCG TCT GGC ACC ATC ATG GAC CGT TCT ATC ATC CTG CGT CAC CTG CTG AAC TCT CCG ACT GAC CCA TTC AAC CGT CAG ACC CTG ACC GAA TCT ATG CTG GAG CCG GTT CCA GAA CTG AAA GAA CAG ATC CAG GCG TGG ATG CGT,1.7044358822508408
GAC GCT CCG GAT GAA TTC CGT GAC CCG CTG ATG GAC ACC CTG ATG ACC GAC CCG GTT CGT CTG CCG TCT GGT ACT ATC ATG GAC CGT TCT ATC TGC CTG CGT CAC CTG CTG AAC TCT CCA ACT GAC CCA TTC AAC CGT CAG ACC CTG ACC GAA TCT ATG CTG GAA CCG GTG CCG GAA CTG AAA GAA CAG ATC CAG GCG TGG ATG CGT,0.6443662794171536
GAT GCG CCG GAT GAA TTC CGT GAC CCG CTG ATG GAC ACC CTG ATG ACT GAC CCG GTT CGT CTG CCA TAC GGT ACC ATC ATG GAC CGT TCT ATC ATC CTG CGT CAC CTG CTG AAC TCT CCG ACC GAC CCA TTC TAC CGT CAG ACC CTG ACC GAA TCT ATG CTG GAA CCG GTG CCG GAA CTG AAA GAA CAG ATT CAA GCG TGG ATG CGT,-0.1070302309552289
GAC GCT CCG GAC GAA TTT CGC GAC CCA CTG ATG GAT ACT CTC ATG ACC GAC CCG GTT CGT CTG CCG TCT GGT ACT ATC ATG GAC CGT TCT ATC ATC CTG CGT CAC CTG CTC AAC TCT CCA ACC GAT CCA CTG AAC CGT CAG ACC CTG ACC GAA TCT ATG CTG GAA CCG GTG CCG GAA CTC AAA GAA CAG ATC CAG GCG TGG ATG CGT,0.448135794942195
GAC GCT CCG GAT GAA TTC CGT GAC CCA CTC ATG GAC TCT CTG ATG ACT GAT CCA GTT CGT CTG CCG TCT GGC ACC ATC ATG CTC CGT TCT ATC ATC CTG CGT CAC CTG CTG AAC TCT CCG ACC GAC CCG TTC AAC CGT CAG ACC CTG ACC GAA TCT ATG CTG GAG CCG GTG CCG GAA CTG AAA GAA CAG ATC CAG GCT TGG ATG CGC,0.3110344294473764
GAT GCG CCG GAC GAG TTC CGC GAC CCG CTG ATG GAC ACC CTG ATG ACT GAC CCA GTT CGT CTG CCG TCT GGT ACT ATC ATG GAC CGT TCT ATC ATC CTG TCT CAC CTG CTG AAC TCT CCG ACC GAC CCG TTC AAC CGT CAG ACC CTG ACC GAA TCT ATG CTG GAG CCG GTT CCG GAG CTG AAA GAA CAG ATC CAG GCG TGG ATG CGT,2.0075204166662406
GAC GCT CCG GAT GAA TTC CGT GAC CCG CTG ATG GAC ACC CTG ATG ACT GAC CCG GTT CGT CTG CCG TCT GGT ACT ATC ATG GAC CCG TCT ATC ATC CTG CGT CAC CTG CTG AAC TCT CCG ACC GAC CCG TTT AAT CGT CAA ACT CTC ACC GAA TCT ATG CTC GAA CCA GTT CCA GAA CTG TGG GAA CAG ATC CAG GCG TGG ATG CGT,0.8932544393847228
GAT GCG CCG GAT GAA TTC CGT GAC CCA CTG ATG GAT ACC CTG ATG ACT GAC CCG GTT CGT CTG CCA TCT GGC ACC ATC ATG GAT CGT TCT ATC ATC CTG CGC CAC CTG CTC AAC TCT CCA ACC GAC CCA TTT AAC CGT CAG ACC CTG ACT GAA TCT ATG CTG GAA CCG GTG CCG GAA CTG AAA GAA CAG TGG CAA GCG TGG ATG CGT,-1.2065950384869986
GAT GCG CCG GAT GAA TTC CGT GAC CCG CTG ATG GAC ACC CTG ATG ACT GAC CCG GTT CGT CTG AAA TCT GGT ACT ATC ATG GAC CGT TCT ATC ATC CTG CGT CAC CTG CTG AAC TCT CCG ACC GAC CCG TTC AAC CGT CAG ACC CTG ACC GAG TCT ATG CTG GAG CCG GTT CCG GAG CTG AAA GAA CAG ATC CAG GCG TGG ATG CGT,-0.3629160524748498
GAC GCT CCA GAC GAG TTC CGT GAC CCG CTG ATG GAC ACC CTG ATG ACC GAC CCG GTT CGT CTG CCG TCT GGC ACC ATC ATG GAC CGC TCT ATC ATC CTG CGT CAC CTG CTG AAC GGT CCG CAC GAC CCG TTC AAC CGC CAG ACC CTG ACC GAA TCT ATG CTG GAG CCG GTT CCG GAG CTG AAA GAA CAG ATC CAG GCT TGG ATG CGT,1.019573991999604
GAC GCT CCG GAC GAA TTC CGT GAC CCG CTG ATG GAC ACC CTG ATG ACC GAC CCG GTT CGT CTG CCG TCC GGT ACC ATC ATG GAC CGT TCT ATC ATC CTG CGT CAC CTG CTG AAC CGT CCG CCG GAC CCA TTT AAC CGT CAG ACC CTG ACC GAA TCT ATG CTG GAG CCG GTG CCG GAA CTG AAA GAA CAG ATC CAG GCG TGG ATG CGT,0.13963332426453
GAT GCT CCG GAC GAA TTT CGT GAC CCG CTG ATG GAC ACC CTG ATG ACT GAC CCG GTT CGT CTG CCG TCT GGC ACC ATC ATG GAC CGT TCT ATC ATC CTG CGT CAC CTG CTG AAC TCT CCA ACC GAC CCA GAC AAC CGT CAG ACC CTG ACC GAA TCT ATG CTG GAA CCG GTG CCG GAA CTG AAA GAA CAG ATC CAG GCG TGG ATG CGT,-1.257360086084636
GAC GCT CCG GAC GAG TTC CGT GAC CCG CTG ATG GAC ACC CTC ATG ACT GAC CCA GTT CGC CTG CCG TCT GGT ACT ATC ATG GAC CGT TCT ATC ATC CTG CGC GAC CTG CTC AAC TCT CCG ACC GAC CCG TTC AAT CGT CAG ACC CTG ACC GAA TCT ATG CTG GAA CCG GTG CCG GAA CTG AAA GAA CAG ATC CAG GCG TGG ATG CGT,-4.877291965946496
GAC GCT CCG GAC GAA TTC CGT GAC CCG CTG ATG GAC ACC CTG ATG ACC GAC CCG GTT CGT CTG CCG GAC GGT ACC ATC ATG GAC CGT TCT ATC ATC CTG CGT CAC CTG CTG AAC TCT CCG ACC CAC CCG TTC AAC CGT CAA ACC CTG ACC GAA TCT ATG CTG GAA CCG GTG CCG GAG CTG AAA GAA CAG ATC CAA GCG TGG ATG CGC,2.049503197299152
GAC GCT CCG GAC GAA TTC CGT GAC CCG CTG ATG GAC ACC CTG ATG ACC AAC CCG GTT CGT CTG CCG TCT GGC ACC ATC ATG GAC CGT TCT ATC ATC CTG CGT CAC CTG CTG AAC TCT CCG ACC GAT CCG TTC AAC CGT CAG ACC CTG ACC GAA TCT ATG CTG GAA CCG GTG CCG GAA CTG TCT GAA CAG ATC CAG GCG TGG ATG CGT,0.5152946066290625
GAT GCG CCG GAC GAA TTC CGT GAC CCG CTG ATG GAT GTT CTG ATG ACC GAT CCG GTT CGT CTC CCG TCT GGC ACC ATT ATG ATC CGT TCT ATC ATC CTG CGT CAT CTG CTG AAC TCT CCG ACC GAC CCG TTC AAC CGT CAG ACC CTG ACC GAA TCT ATG CTG GAG CCA GTT CCG GAG CTG AAA GAA CAG ATC CAG GCG TGG ATG CGT,0.7511922298896712
GAT GCG CCG GAC GAA TTT CGT GAC CCG CTG ATG GAT ACC CTC ATG ACC CAG CCG GTG CGT CTG CCG TCT GGT ACT ATC ATG GAC TGG TCT ATC ATC CTG CGT CAC CTC CTG AAC TCT CCG ACC GAC CCG TTT AAC CGT CAG ACC CTG ACC GAA TCT ATG CTG GAA CCG GTG CCG GAA CTG AAA GAA CAG ATC CAG GCG TGG ATG CGT,1.1534962789349938
GAC GCG CCA GAT GAG TTC CGT GAC CCG CTG ATG GAC ACC CTG ATG ACT GAC CCA GTT ATC CTG CCG TCT GGT ACT ATT ATG GAC CGT TCT ATC ATC CTG CGT CAC CTG CTG AAC TCT CCG ACC GAC CCG TTC AAC CGT CAG ACC CTG ACC GAA TCT ATG CTG CAC CCG GTG CCG GAA CTG AAA GAA CAG ATC CAG GCT TGG ATG CGC,0.7462034413505401
GAC GCT CCG GAC GAG TTC CGT GAC CCG CTG TTC GAC ACC CTC ATG ACT GAC CCA GTT CGT CTG CCA TCT GGC ACC ATC ATG GAC CGT TCT ATC ATC CTG CGT CAC CTG CTG AAC TCT CCG ACC GAC CCA TTC AAC CGC CAG ACC CTG ACC GAA TCT ATG CTG GAA CCG GTG CCG GAA CTG AAA GAA CAG ATC CAG GCG TGG ATG CGT,2.104561140576368
GAT GCG CCG GAC GAA TTT CGT GAC CCG CTG ATG GAT ACT CTG ATG ACC TGG CCG GTT CGT CTC CCG TCT GGT ACT ATC ATG GAC CGT TCT ATC ATC CTG CGT CAC CTG CTG AAC TCT CCG ACT GAC CCG TTC AAC CGT CAA ACC CTG ACC GAA TCT ATG CTG GAG CCA GTG CCG GAA CTG CAG GAA CAG ATC CAG GCG TGG ATG CGT,0.9215012089405556
GAC GCT CCG GAC GAA TTC CGT GAC CCG CTG ATG GAC ACC CTG ATG ACC TAC CCG GTT CGT CTG CCG TCC GGT ACC ATT ATG GAC GCT TCT ATC ATC CTG CGT CAC CTG CTG AAC TCT CCG ACC GAC CCG TTC AAC CGC CAG ACC CTG ACC GAA TCT ATG CTG GAA CCA GTT CCA GAA CTC AAA GAA CAG ATC CAG GCG TGG ATG CGT,0.6825693213173987
GAT GCT CCG GAT GAA TTC CGT GAC CCG CTG ATG GAC CTC CTG ATG ACC GAC CCG GTT CGT CTG CCG TCC GGC ACC ATT ATG AAC CGT TCT ATC ATC CTG CGT CAC CTG CTG AAC TCT CCG ACT GAC CCG TTC AAC CGT CAG ACC CTG ACC GAA TCT ATG CTG GAA CCG GTG CCA GAA CTG AAA GAA CAG ATC CAG GCG TGG ATG CGT,0.1300273393181372
GAC GCG CCA GAC GAG TTC CGT GAC CCG CTG ATG GAC ACC CTG ATG ACC GAC CCG GTT CGT CTG CCG AAA GGT ACC ATC ATG GAC CGT TCT ATC ATC CTG CGT CAC CTG CTG AAC TCT CCG ACC ATG CCG TTT AAC CGT CAA ACC CTG ACC GAA TCT ATG CTG GAG CCA GTT CCG GAG CTG AAA GAA CAG ATC CAG GCG TGG ATG CGT,-1.930547478511171
GAC GCT CCG GAC GAA TTC CGT GAC CCG CTG ATG GAC ACC CTG ATG ACC GAC CCG GTT CTC CTG CCG TCT GGC ACC ATC ATG GAC CGT TCT ATC ATC CTG CGT CAC CTG CTG AAC TCT CCA ACC GAT CCG TTC AAC CGC CAG ACC CTG ACC GAA TCT ATG CTG CCA CCG GTT CCA GAA CTG AAA GAA CAG ATC CAG GCG TGG ATG CGT,-4.919190910071768
GAC GCG CCA GAC GAG TTC CGT AAA CCG CTG ATG GAC ACC CTG ATG ACT GAC CCA GTT CGT CTG CCG TCC GGT ACC ATT ATG GGT CGT TCT ATC ATC CTG CGT CAC CTG CTG AAC TCT CCA ACC GAC CCG TTC AAC CGT CAG ACC CTG ACC GAA TCT ATG CTG GAG CCA GTT CCG GAG CTG AAA GAA CAG ATC CAG GCG TGG ATG CGT,-5.667509706013004
GAC GCT CCG GAC GAA TTC CGT GAC CCG CTG ATG GAC ACC CTG ATG ACC ATC CCG GTT CGT CTG CCG TCC GGT ACC ATT ATG GAT ATG TCT ATC ATC CTG CGT CAC CTG CTG AAC TCT CCG ACC GAC CCG TTC AAC CGT CAG ACC CTG ACC GAA TCT ATG CTG GAA CCA GTG CCG GAA CTG AAG GAA CAG ATC CAG GCT TGG ATG CGT,0.9646707980896814
GAT GCG CCG GAT GAA TTC CGT GAC CCG CTG ATG GAC ACC CTG ATG ACC GAT CCG GTT CGC CTG CCG TGC GGT ACC ATC ATG GAC CGT TCT ATC ATC CTG CGT CAC CTG CTG AAC TCT CCG ACC GAC CCA TTT GTT CGT CAG ACC CTG ACC GAA TCT ATG CTG GAA CCG GTG CCG GAA CTG AAA GAA CAG ATC CAG GCG TGG ATG CGT,0.6000230987478915
GAC GCT CCA GAC GAA TTC CGT GAC CCG CTG ATG GAC ACC CTG ATG ACC GAC CCG GTT CGC CTG CCG AAC GGT ACC ATC ATG GAC CGT TCT ATC ATC CTG CGT CAC CTG CTG AAC TCT CCG ACT GAC CCA TTC CTC CGT CAA ACC CTG ACC GAA TCT ATG CTG GAA CCG GTG CCG GAA CTG AAA GAA CAG ATC CAG GCT TGG ATG CGC,1.5202235568049542
GAC GCG CCA GAT GAA TTC CGT GAC CCG CTG ATG GAC ACC CTG ATG ACC GAC CCG GTT CGT CTG CCG CAC GGT ACC ATC ATG GAC CGT TCT ATC ATC CTG CGT CAC CTG CTG AAC TCT CCG ACC GAT CCG TTC CAG CGT CAG ACC CTG ACC GAA TCT ATG CTG GAG CCA GTG CCG GAA CTG AAA GAG CAG ATC CAG GCG TGG ATG CGT,-0.9172444874911028
GAT GCG CCG GAC GAA TTC CGT GAC CCG CTG ATG GAC ACC CTG ATG ACC TGG CCG GTT CGC CTG CCG TCC GGT ACC ATC ATG GAC CGT TCT ATC ATC CTG CGT CAC CTG CTG AAC TCT CCG ACC GAC CCG TTC AAC CGC CAG ACC CTG ACC GAA TCT ATG CTG GAA CCA GTG CCG GAG CTG GGC GAA CAG ATC CAG GCG TGG ATG CGT,0.0290415659060968
GAT GCG CCA GAC GAA TTC CGT GAC CCG CTG ATG GAC TAT CTG ATG ACT GAC CCA GTG CGT CTG CCA TCT GGT ACT ATC ATG GAC CGT TCT ATC ATC CTG CGT CAC CTG CTG AAC TCT CCA ACC GAC CCG TTC AAC CGT CAG ACC CTG ACC GAA TCT ATG CTG GAG CCA GTT CCG GAG CTC AAA GAA CAG ATC CAG GCG TGG ATG CGT,0.953299352591436
GAC GCT CCG GAC GAA TTC CGT GAC CCG CTG ATG GAC CGT CTG ATG ACT GAC CCG GTT CGT CTG CCG TCT GGT ACT ATT ATG CAG CGT TCT ATC ATC CTG CGT CAC CTG CTG AAC TCT CCG ACC GAC CCG TTC AAC CGT CAG ACC CTG ACC GAA TCT ATG CTG GAA CCA GTG CCG GAA CTG AAA GAA CAG ATC CAG GCG TGG ATG CGT,-0.4377674528618066
GAT GCG CCG GAC GAA TTC CGT GAC CCG CTG ATG GAC ACC CTG ATG ACC GAC CCG GTT CGT CTG CCG GAA GGT ACC ATC ATG GAC CGT TCT ATC ATC CTG CGT CAT CTG CTC AAC TCT CCA ACC GAT CCG TTT AAC CGC CAG ACC CTG ACT GAG TCT ATG CTG GAA CCA GTT CCA GAG CTC AAG GAA CAG ATC CAG GCG TGG ATG CGT,-1.6265449525695137
GAT GCG CCG GAC GAA TTC CGT GAC CCG CTG ATG GAC ACC CTG ATG ACC GAC CCG GTT CGT CTG CCG TTC GGT ACC ATC ATG GAC CGT TCT ATC ATC CTG CGT CAC CTG CTG AAC TCT CCG ACC CAC CCG TTC AAC CGT CAG ACC CTG ACC GAA TCT ATG CTG GAA CCA GTT CCG GAG CTG AAA GAA CAG ATC CAG GCG TGG ATG CGT,-0.0322826893824532
GAC GCT CCG GAC GAA TTC CGT GAC CCG CTG ATG GAC ACC CTG ATG ACT GAC CCA GTT CGT CTG CCG ACC GGT ACC ATC ATG GAC CGT TCT ATC ATT CTG CGT CAC CTG CTG AAC TCT CCA ACC GAC CCG TTC CCA CGC CAG ACT CTG ACC GAA TCT ATG CTG GAG CCG GTT CCA GAA CTG AAA GAA CAG ATC CAG GCT TGG ATG CGT,-4.588308106452956
GAT GCG CCG GAC GAA TTC CGT GAC CCG CTG ATG GAC ACC CTG ATG ACC GAC CCG GTT CGT CTG CCG TCT GGC ACC ATC ATG GAC CGT TCT ATC ATC CTG CGT CAC CTG CTG AAC CCG CCG AAC GAC CCG TTC AAC CGC CAG ACC CTG ACC GAA TCT ATG CTG GAA CCA GTT CCG GAG CTC AAA GAA CAG ATC CAG GCG TGG ATG CGC,-1.9816655846432647
GAT GCG CCA GAC GAA TTC CGT GAC CCG CTG ATG GAC ACC CTG ATG ACC GAC CCG GTT ACC CTG CCG TCT GGT ACT ATC ATG GAC CGT TCT ATC ATC CTG CGT CAC CTG CTG AAC TCT CCG ACT GAC CCA TTC AAC CGT CAG ACC CTG ACC GAA TCT ATG CTG TGG CCG GTT CCA GAA CTG AAA GAA CAG ATC CAG GCG TGG ATG CGT,-0.1624021923835138
GAT GCT CCG GAC GAA TTC CGT GAC CCG CTG ATG GAC ACC CTG ATG ACC GAC CCG GTT CGT CTC CCG TCT GGC ACC ATC ATG GAC CGT TCT ATC ATC CTG CGT CAC TCT CTG AAC TCT CCG ACT GAC CCA TTC AAC CGT CAG ACC CTG ACC GAA TCT ATG CTG GAG CCG GTG CCG GAA CTG AAA GAA CAG ATC CAG GCG TGG ATG CGT,-2.995336687722838
GAT GCG CCG GAC GAG TTC CGC GAC CCG CTG ATG GAC ACC CTG ATG ACC GAC CCG GTT CGT CTG CCG TCT GGC ACT ATC ATG GAC CGT TCT ATC ATC CTG CGT CAC CTG CTG AAT CTG CCG AAC GAC CCG TTT AAC CGT CAG ACC CTG ACC GAA TCT ATG CTG GAG CCG GTT CCA GAG CTG AAA GAA CAG ATC CAG GCG TGG ATG CGC,0.5870210729402197
GAT GCG CCG GAC GAA TTC CGT GAC CCG CTG ATG GAC ACC CTG ATG ACC GAC CCG GTT CGT CTG CCG ATG GGT ACC ATC ATG GAC CGT TCT ATC ATC CTG CGT CAC CTG CTG AAC TCT CCG ACC AAC CCG TTC AAC CGC CAG ACC CTG ACC GAA TCT ATG CTG GAG CCG GTT CCA GAA CTG AAA GAA CAG ATC CAG GCG TGG ATG CGT,-0.3022062649527343
GAC GCT CCG GAC GAA TTC CGT CGT CCG CTG ATG GAC ACC CTG ATG ACC GAT CCA GTT CGT CTC CCG TCT GGC ACC ATC ATG TAC CGT TCT ATC ATC CTG CGT CAC CTG CTG AAC TCT CCG ACC GAC CCG TTC AAC CGT CAG ACC CTG ACC GAA TCT ATG CTG GAG CCG GTT CCA GAG CTG AAA GAA CAG ATC CAG GCG TGG ATG CGT,0.388494588311235
GAT GCG CCA GAC GAG TTC CGT GAC CCG CTG ATG GAC ACC CTG ATG ACC GAC CCA GTT CGT CTG CCA AAC GGT ACT ATC ATG GAC CGT TCT ATC ATC CTG CGT CAC CTG CTG AAC TCT CCA ACC GAT CCA TTC TGG CGT CAG ACT CTG ACC GAA TCT ATG CTG GAG CCG GTT CCG GAG CTG AAA GAA CAG ATC CAG GCT TGG ATG CGT,0.6813265528392104
GAT GCT CCG GAT GAA TTC CGT GAC CCG CTG ATG GAC ACC CTG ATG ACC GAC CCG GTT CGT CTG CCG TCT GGC ACC ATC ATG GAC CGT TCT ATC ATC CTG CGT CAC CTG CTG AAC CAG CCG GAC GAC CCG TTC AAC CGT CAG ACC CTG ACC GAA TCT ATG CTG GAG CCG GTT CCA GAG CTG AAA GAA CAG ATC CAG GCG TGG ATG CGT,0.2583539042639826
GAC GCG CCA GAT GAA TTC CGT GAC CCG CTG ATG GAC ACC CTG ATG ACC GAC CCG GTT CGT CTG CCG TCC GGT ACC ATC ATG GAC CGT TCT ATC ATC CTG ATG CAC CTG CTG AAC TCT CCG ACC GAT CCG TTC AAC CGT CAG ACC CTG ACC GAA TCT ATG CTG GAG CCG GTT CCA GAA CTG AAA GAA CAG ATC CAG GCG TGG ATG CGT,2.43128686163846
GAT GCG CCG GAC GAA TTC CGT GAC CCG CTG ATG GAC ACC CTC ATG ACC AAA CCA GTT CGT CTC CCA TCC GGT ACC ATC ATG GAC CGT TCT ATC ATC CTG CGT CAC CTG CTG AAC TCT CCG ACC GAC CCA TTC AAC CGC CAG ACC CTG ACC GAA TCT ATG CTG GAG CCG GTG CCA GAA CTG CCG GAA CAG ATC CAG GCG TGG ATG CGC,-4.331204410313653
GAT GCT CCG GAC GAA TTC CGT GAC CCG CTG ATG GAT ACC CTG ATG ACC CTC CCG GTT CGT CTG CCG TCT GGC ACC ATC ATG GAC TTC TCT ATC ATC CTG CGT CAC CTG CTG AAC TCT CCG ACT GAC CCA TTC AAC CGT CAG ACT CTG ACC GAA TCT ATG CTG GAG CCG GTT CCA GAA CTG AAA GAA CAG ATC CAG GCG TGG ATG CGT,1.0867143973187092
GAC GCT CCG GAT GAA TTC CGT GAC CCG CTG ATG GAC ACC CTG ATG ACC GAC CCG GTT CGT CTG CCG TCT GGC ACC ATC ATG GAC CGT TCT ATC ATC CTG CGT CAC CTG CTG AAC TCT CCA ACT GAC CCG TTC AAC CGC CAG ACT CTG ACC GAA TCC TAC CTG GAA CCA GTT CCA GAG CTG AAA GAA CAG ATC CAG GCG TGG ATG CGT,-0.0163316209410075
GAT GCT CCG GAC GAG TTC CGT GAC CCG CTC ATG GAT ACC CTC ATG ACT GAC CCG GTT CGC CTG CCA TCC GGT ACC ATC ATG GAC GTG TCT ATT ATC CTG CGT CAC CTC CTG AAC TCT CCG ACC GAC CCG TTC AAC CGC CAG ACC CTG ACC GAA TCT ATG CTG GAA CCG GTG CCG GAA CTG GTG GAA CAG ATC CAG GCG TGG ATG CGT,1.0788119350376777
GAT GCG CCG GAC GAA TTC CGT GAC CCG CTG ATG GAC ACC CTG ATG ACC CTG CCG GTT CGT CTG CCG TCT GGC ACC ATC ATG GAC CGT TCT ATC ATC CTG CGT CAC CTG CTG AAC TCT CCG ACC GAC CCG TTC AAC CGT CAG ACT CTG ACC GAA TCT ATG CTG GAA CCA GTT CCA GAA CTC CAG GAA CAG ATC CAG GCG TGG ATG CGT,0.3947040304698561
GAC GCT CCG GAC GAA TTC CGT TGC CCG CTG ATG GAC ACC CTG ATG ACC GAC CCG GTT CGT CTG CCG TCT GGC ACT ATC ATG CCG CGT TCT ATC ATC CTG CGT CAC CTG CTG AAC TCT CCG ACT GAC CCA TTC AAC CGT CAG ACC CTG ACC GAA TCT ATG CTG GAA CCG GTG CCG GAA CTG AAA GAA CAG ATC CAG GCG TGG ATG CGT,0.36423183487868
GAC GCT CCG GAC GAA TTC CGT AAC CCG CTG ATG GAC ACC CTC ATG ACT GAC CCG GTT CGT CTG CCG TCT GGT ACT ATC ATG GAC CGT TCT ATC ATC CTC CGC CAC CTC CTG AAC TCT CCA ACC GAC CCG TTT AAT CGC CAG ACC CTG ACC GAA TCT ATG CTG GAA CCG GTG CCG GAA CTG AAA GAA CAG ATC CAG GCG TGG ATG CGT,-0.3775499040631023
GAC GCT CCG GAC GAA TTC CGT GAC CCG CTG ATG GAT ACC CTG ATG ACC ATC CCG GTT CGT CTG CCG TCT GGC ACC ATC ATG GAC ACC TCT ATC ATC CTG CGT CAC CTG CTG AAC TCT CCG ACC GAC CCG TTC AAC CGT CAG ACC CTG ACC GAA TCT ATG CTG GAA CCG GTG CCG GAA CTG AAA GAA CAG ATC CAG GCG TGG ATG CGT,-0.0604502622845847
GAC GCG CCA GAT GAA TTC CGT GAC CCG CTG ATG GAC ACC CTG ATG ACC GAC CCG GTG CGT CTG CCG GTT GGT ACT ATC ATG GAC CGT TCT ATC ATC CTG CGT CAC CTG CTG AAC TCT CCG ACC TGC CCA TTC AAC CGT CAG ACC CTG ACC GAA TCT ATG CTG GAA CCG GTG CCG GAA CTG AAA GAA CAG ATC CAG GCT TGG ATG CGT,0.7582370538071903
GAT GCG CCG GAC GAA TTC CGT GAC CCG CTG ATG GAC ACC CTG ATG ACC GAC CCG GTT CGT CTC CCG TCC GGT ACC ATC ATG GAT ATG TCT ATC ATC CTG CGT CAC CTG CTG AAC TCT CCG ACC GAT CCA TTC AAC CGC CAG ACC CTG ACC GAA TCC ATG CTG GAG CCG GTT CCA GAA CTG CCG GAA CAG ATC CAG GCG TGG ATG CGT,-0.0094165251598172
GAC GCG CCA GAT GAA TTC CGT TAC CCG CTG ATG GAC ACC CTG ATG ACT GAC CCG GTT CGT CTG CCG TCT GGC ACC ATT ATG ATG CGC TCT ATC ATC CTG CGT CAC CTG CTG AAC TCT CCG ACC GAC CCG TTC AAC CGT CAG ACC CTG ACC GAA TCT ATG CTG GAA CCA GTG CCG GAA CTC AAA GAA CAG ATC CAG GCT TGG ATG CGT,0.5324199316234575
GAT GCG CCG GAC GAA TTC CGT GAC CCG CTG ATG GAC ACC CTG ATG ACC GAC CCG GTT CGT CTG CCG TCT GGT ACT ATC ATG GAC CGC TCT ATC ATC CTG CGT CAC CTG CTG AAC GGT CCG TTC GAC CCG TTC AAC CGC CAG ACC CTG ACC GAA TCT ATG CTG GAG CCG GTT CCG GAG CTG AAA GAA CAG ATC CAG GCG TGG ATG CGT,2.056983127402684
GAT GCT CCG GAC GAA TTC CGT GAC CCG CTG ATG GAT ACT CTG ATG ACC ACT CCG GTT CGT CTG CCG TCC GGT ACC ATC ATG GAC CGT TCT ATC ATC CTG CGT CAC CTG CTG AAC TCT CCG ACC GAC CCG TTC AAT CGC CAG ACC CTG ACT GAA TCT ATG CTG GAG CCG GTG CCA GAA CTG GTT GAA CAG ATC CAG GCG TGG ATG CGT,0.3553850354550287
GAT GCG CCG GAC GAA TTC CGT GAC CCG CTG ATG GAC CAC CTG ATG ACT GAC CCG GTT CGT CTG CCG TCT GGC ACT ATT ATG ATG CGT TCT ATC ATC CTG CGT CAC CTG CTG AAC TCT CCG ACC GAC CCA TTC AAC CGT CAG ACC CTG ACC GAA TCT ATG CTG GAA CCA GTT CCG GAG CTC AAA GAA CAG ATC CAG GCG TGG ATG CGC,-0.0068114151146749
GAC GCT CCG GAC GAA TTT CGT GAC CCG CTG ATG GAC ACC CTG ATG ACC GAC CCG GTT CGT CTG CCG TCT GGT ACT ATC ATG GAC CGT TCT ATC ATC CTC CGC CAT CTC CTG AAC AAA CCG TTC GAC CCG TTC AAC CGC CAG ACT CTG ACC GAA TCT ATG CTG GAG CCG GTT CCA GAA CTG AAA GAA CAG ATC CAG GCG TGG ATG CGT,1.85332794188678
GAC GCT CCG GAC GAA TTC CGT GAC CCG CTG ATG GAC ACC CTG ATG ACT GAC CCG GTT CGT CTG CCG TCC GGT ACC ATC ATG GAC CGT TCT ATC ATC CTG CGT CAC CTG CTG AAC TCT CCG ACC GAC CCG TTC AAC CGC CAG ACC CTG ACC GAA TCT ATG CTG GAA CCA GTT CCG GGT CTG AAA GAA CAG ATC CAG GCG TGG ATG CGT,1.9638677623617056
GAC GCT CCG GAC GAA TTC CGT GAC CCG CTG ATG GAC ACC CTG ATG ACT GAC CCA GTT CGC CTG CCG TCC GGT ACC ATC ATG GAC CGT TCT ATC ATC CTG CGC CAC CTG CTG AAC TCT CCG ACC GAC CCG TTC AAT CGC CAA ACC CTG ACC GAA TCT ATG CTG GAA CCA GTT TAC GAA CTG AAA GAA CAG ATC CAG GCG TGG ATG CGT,1.6173259244454596
GAC GCT CCA GAC GAA TTC CGT GAC CCG CTG ATG GAC ACC CTG ATG ACC TGG CCG GTG CGT CTG CCA TCT GGC ACC ATC ATG GAC AAA TCT ATC ATC CTC CGT CAC CTG CTG AAC TCT CCG ACC GAT CCG TTC AAC CGC CAG ACC CTG ACC GAA TCT ATG CTG GAG CCA GTG CCG GAA CTG AAA GAA CAG ATC CAG GCG TGG ATG CGT,0.5994933766810153
GAC GCT CCG GAT GAA TTC CGT GAC CCG CTG ATG GAC ACC CTG ATG ACC AAA CCG GTG CGT CTG CCA TCT GGT ACT ATC ATG GAC CGT TCT ATC ATC CTG CGT CAC CTG CTG AAC TCT CCG ACC GAC CCG TTT AAC CGC CAA ACC CTG ACC GAA TCT ATG CTG GAA CCA GTT CCA GAG CTC GAA GAA CAG ATC CAG GCG TGG ATG CGT,1.1084907058882032
GAT GCG CCG GAC GAA TTC CGT GAC CCG CTG ATG GAC ACC CTG ATG ACC ATC CCA GTT CGT CTC CCG TCT GGC ACT ATT ATG GAC TGG TCT ATC ATC CTG CGT CAT CTG CTG AAC TCT CCG ACC GAC CCG TTC AAC CGT CAG ACC CTG ACC GAA TCT ATG CTG GAA CCA GTT CCG GAG CTG AAA GAA CAG ATC CAG GCG TGG ATG CGT,0.9653933417259786
GAC GCT CCG GAT GAA TTC CGT GAC CCG CTG ATG GAC ACC CTG ATG ACC GAC CCA GTT CGT CTG CCG TCT GGT ACT ATC ATG GAC CGT TCT ATC ATC TGG CGT CAC CTG CTG AAC TCT CCG ACT GAC CCG TTC AAC CGT CAA ACC CTG ACC GAA TCT ATG CTG GAG CCG GTG CCG GAA CTG AAA GAA CAG ATC CAG GCG TGG ATG CGT,0.5350821702957833
GAC GCT CCG GAC GAA TTC CGT GAC CCG CTG ATG GAC ACC CTG ATG ACC GAT CCA GTT TAC CTG CCG TCT GGC ACT ATC ATG GAT CGT TCT ATC ATC CTG CGT CAC CTG CTG AAC TCT CCG ACC GAC CCG TTC AAC CGT CAG ACC CTG ACC GAA TCT ATG CTG CAC CCA GTG CCG GAA CTG AAA GAA CAG ATC CAG GCG TGG ATG CGT,-0.0039586763629634
GAT GCG CCG GAC GAG TTC CGT GAC CCG CTG ATG GAC ACC CTG ATG ACC CAG CCA GTT CGT CTC CCG TCT GGC ACC ATC ATG GAC CTG TCT ATC ATC CTG CGT CAC CTG CTG AAC TCT CCG ACC GAC CCG TTC AAC CGT CAG ACC CTG ACC GAA TCC ATG CTG GAG CCA GTG CCG GAA CTG AAA GAA CAG ATC CAG GCG TGG ATG CGT,1.2029529558130267
GAC GCG CCA GAT GAG TTT CGT GAC CCG CTG ATG GAC ACC CTG ATG ACC GAC CCG GTT CGT CTG CCG TCC GGT ACC ATC ATG GAC CGT TCT ATC ATC CTG CGT CAC CTG CTG AAC TTC CCG GAC GAC CCG TTC AAT CGC CAG ACC CTG ACC GAA TCT ATG CTG GAG CCG GTT CCA GAA CTG AAA GAA CAG ATC CAG GCG TGG ATG CGT,0.6321779393919889
GAT GCG CCG GAT GAA TTC CGT GAC CCG CTG ATG GAC ACC CTG ATG ACC GAC CCG GTT CGT CTG CCG AAA GGT ACC ATC ATG GAC CGT TCT ATC ATC CTG CGT CAC CTG CTG AAC TCT CCG ACC AAA CCG TTC AAC CGC CAG ACC CTG ACC GAA TCT ATG CTG GAA CCG GTG CCG GAA CTG AAA GAA CAG ATT CAA GCG TGG ATG CGT,-2.569866336916032
GAC GCT CCG GAC GAA TTC CGT CAC CCG CTG ATG GAC ACC CTG ATG ACC GAC CCG GTT CGT CTG CCG TCT GGC ACC ATC ATG CTC CGT TCT ATC ATC CTG CGT CAC CTG CTG AAC TCT CCG ACC GAT CCA TTC AAC CGT CAG ACC CTG ACC GAA TCT ATG CTG GAA CCA GTT CCA GAA CTC AAA GAA CAG ATC CAG GCG TGG ATG CGT,0.6537732851337987
GAT GCG CCG GAC GAA TTC CGT GAC CCG CTG ATG GAC ACC CTG ATG ACC GAC CCG GTT CGT CTG CCG AAC GGT ACC ATC ATG GAC CGT TCT ATC ATC CTG CGT CAC CTG CTG AAC TCT CCG ACC AAC CCG TTC AAC CGT CAG ACC CTG ACC GAA TCT ATG CTG GAA CCG GTG CCG GAG CTG AAA GAA CAG ATC CAG GCT TGG ATG CGT,1.3422725827063835
GAC GCT CCG GAC GAA TTT CGT GAC CCG CTG ATG GAT ACC CTC ATG ACC GAT CCG GTG CGT CTC CCG TCT GGC ACC ATT ATG GAC CGT TCT ATC CTG CTG CGC CAC CTG CTC AAC TCT CCG ACC GAC CCG TTC AAC CGT CAA ACC CTG ACT GAA TCC ATG CTG GAA CCG GTG CCG GAA CTG AAA GAA CAG ATC CAG GCT TGG ATG CGT,0.9143945884121896
GAC GCT CCG GAC GAA TTC CGT GAC CCG CTG ATG GAC ACC CTG ATG ACC GAC CCG GTT CGT CTG CCG ATG GGT ACC ATC ATG GAC CGT TCT ATC ATC CTG CGT CAC CTG CTG AAC TCT CCG ACT GAC CCG TTC GGT CGT CAA ACC CTG ACC GAA TCC ATG CTG GAA CCG GTG CCA GAG CTG AAA GAA CAG ATC CAG GCT TGG ATG CGT,-0.5600590436893218
GAC GCT CCG GAC GAA TTC CGT GAC CCG CTG ATG GAC GTT CTG ATG ACC GAC CCG GTT CGT CTG CCG TCT GGT ACT ATC ATG GGT CGT TCT ATC ATC CTG CGT CAC CTG CTG AAC TCT CCG ACT GAC CCG TTT AAC CGT CAG ACC CTG ACC GAA TCT ATG CTG GAA CCG GTG CCG GAA CTG AAA GAA CAG ATC CAG GCG TGG ATG CGT,-0.8026224030690572
GAC GCT CCG GAC GAA TTC CGT GAC CCG CTG CAC GAC ACC CTG ATG ACT GAC CCG GTT CGT CTG CCG TCT GGT ACT ATC ATG GAC CGT TCT ATC ATC CTG CGT CAC CTG CTG AAC TCT CCG ACC GAC CCG TTT AAC CGT CAG ACC CTG ACC GAA TCT ATG CTG GAG CCA GTG CCG GAA CTG AAA GAA CAG ATC CAG GCG TGG ATG CGT,1.7022653883682013
GAC GCG CCA GAT GAA TTC CGT GAC CCG CTG ATG GAC ACC CTG ATG ACC GAC CCG GTT CGT CTG CCG CTG GGT ACC ATC ATG GAC CGT TCT ATC ATC CTG CGT CAC CTG CTG AAC TCT CCG ACT ACT CCG TTC AAC CGT CAA ACC CTG ACC GAA TCT ATG CTG GAG CCG GTT CCG GAG CTG AAA GAA CAG ATC CAG GCG TGG ATG CGT,-2.3957469430727647
GAC GCT CCG GAT GAA TTC CGT ACT CCG CTC ATG GAT ACC CTG ATG ACC GAC CCG GTT CGT CTG CCG TCT GGT ACT ATC ATG ACC CGT TCT ATC ATC CTG CGT CAC CTG CTG AAC TCT CCG ACC GAT CCA TTC AAC CGT CAG ACC CTG ACC GAA TCT ATG CTG GAA CCG GTG CCG GAG CTG AAA GAA CAG ATT CAG GCG TGG ATG CGT,-2.1341682463343714
GAC GCT CCG GAC GAA TTC CGT GAC CCG CTG ATG GAC ACC CTG ATG GCG GAC CCG GTT CGT CTG CCG TCC GGT ACC ATC ATG GAC CGT TCT ATC ATC CTG CGT CAC CTG CTG AAC TCT CCG ACC GAC CCA TTC AAC CGC CAG ACC CTG ACC GAA TCT ATG CTG GAA CCG GTG CCG GAA CTG AAA GAA CAG ATC CAG GCG TGG ATG CGT,1.8975674158498108
GAC GCT CCA GAC GAG TTC CGT GAC CCG CTG ATG GAC ACC CTG ATG ACC GAC CCG GTT CGT CTG CCA TAC GGT ACC ATC ATG GAC CGT TCT ATC ATC CTG CGT CAC CTG CTG AAC TCT CCG ACC CAC CCG TTC AAC CGC CAG ACT CTG ACC GAA TCT ATG CTG GAG CCG GTG CCG GAA CTG AAA GAA CAG ATC CAG GCG TGG ATG CGT,-0.1407438902927033
GAC GCG CCA GAT GAA TTC CGT GAC CCG CTG ATG GAC ACC CTG ATG ACC GAC CCG GTT CGT CTG CCG CAG GGT ACC ATC ATG GAC CGT TCT ATC ATC CTG CGT CAC CTG CTG AAC TCT CCG ACC TCT CCG TTC AAC CGT CAA ACC CTG ACC GAA TCT ATG CTG GAG CCG GTT CCA GAA CTG AAA GAA CAG ATC CAG GCT TGG ATG CGT,-1.3246261427137922
GAT GCG CCG GAC GAG TTC CGC GGT CCG CTG ATG GAC ACC CTG ATG ACC GAT CCG GTT CGT CTG CCG TCT GGC ACC ATT ATG ATG CGT TCT ATC ATC CTG CGT CAC CTG CTG AAC TCT CCG ACC GAC CCA TTC AAC CGT CAG ACC CTG ACC GAA TCT ATG CTG GAG CCG GTT CCG GAG CTG AAA GAA CAG ATC CAG GCG TGG ATG CGC,-0.0678946805755195
GAT GCG CCG GAC GAA TTC CGT GAC CCG CTG ATG GAC ACC CTG ATG ACC GAC CCG GTT CGT CTG CCG TCT GGC ACC ATC ATG GAC CGT TCT ATC ATC CTG CGT CAC CTG CTG AAC TCT CCG ACC GAT CCG TTC AAC CGC CAG ACC CTG ACC GAA TCT ATG CTG GAA CCA GTT CCA GAA CTG AAA GAA CAG TCT CAG GCG TGG ATG CGT,-4.759528400595698
GAT GCG CCG GAC GAA TTC CGT GAC CCG CTG ATG GAC ACC CTG ATG ACC AAA CCG GTG CGT CTG CCA TCT GGC ACC ATC ATG GAC CGT TCT ATC ATC CTG CGT CAC CTG CTG AAC TCT CCG ACT GAC CCG TTT AAC CGT CAG ACC CTG ACC GAA TCT ATG CTG GAA CCA GTT CCA GAA CTC TGG GAA CAG ATC CAG GCG TGG ATG CGT,0.9004419587104633
GAT GCG CCG GAC GAA TTC CGT CGC CCG CTG ATG GAC ACC CTG ATG ACC GAC CCA GTT CGT CTG CCG TCT GGC ACC ATC ATG CAG CGC TCT ATC ATC CTG CGT CAC CTG CTG AAC TCT CCA ACT GAC CCG TTC AAC CGT CAG ACC CTG ACC GAA TCT ATG CTG GAA CCG GTG CCG GAA CTG AAA GAA CAG ATC CAG GCG TGG ATG CGT,-4.635505444982192
GAT GCG CCG GAC GAA TTT CGT GAC CCG CTG ATG GAC ACC CTG ATG ACC TCT CCA GTT CGT CTG CCG TCC GGT ACC ATC ATG GAC CGT TCT ATC ATC CTG CGT CAC CTG CTG AAC TCT CCG ACC GAC CCG TTC AAC CGT CAG ACC CTG ACC GAA TCT ATG CTG GAG CCG GTT CCG GAG CTG CTG GAA CAG ATC CAG GCG TGG ATG CGT,0.8757456531498453
GAC GCT CCG GAC GAA TTC CGT GAC CCG CTG ATG GAC ACC CTG ATG ACC CAC CCG GTT CGT CTG CCG TCT GGC ACC ATC ATG GAC CGT TCT ATC ATC CTG CGT CAC CTG CTG AAC TCT CCG ACC GAC CCG TTC AAC CGC CAG ACC CTG ACC GAA TCT ATG CTG GAA CCG GTG CCG GAG CTG CCG GAA CAG ATC CAG GCG TGG ATG CGT,-1.2864376664608612
GAT GCG CCG GAC GAA TTT CGC GAC CCG CTG ATG GAC ACT CTC ATG ACT GAC CCG GTG CGC CTG CCG TCC GGT ACC ATC ATG GAC TAC TCT ATC ATC CTG CGT CAC CTG CTG AAC TCT CCG ACC GAC CCG TTC AAC CGT CAG ACC CTG ACC GAA TCT ATG CTG GAA CCA GTT CCA GAG CTG TCT GAA CAG ATC CAG GCG TGG ATG CGT,0.4229059821596359
GAC GCT CCG GAC GAA TTC CGT GAC CCG CTG ATG GAC ACC CTG ATG ACC CAC CCG GTT CGT CTG CCG TCT GGC ACC ATT ATG GAC CAG TCT ATC ATC CTG CGT CAC CTG CTG AAC TCT CCG ACC GAC CCG TTC AAC CGT CAG ACC CTG ACC GAA TCT ATG CTG GAG CCG GTT CCA GAA CTC AAA GAA CAG ATC CAG GCG TGG ATG CGC,0.0972997723416702
GAC GCT CCG GAC GAA TTC CGT GAC CCG CTG ATG GAC ACT CTC ATG ACC TAC CCG GTT CGT CTG CCG TCT GGT ACT ATC ATG GAC CGT TCT ATC ATC CTG CGT CAC CTG CTC AAC TCT CCG ACC GAT CCG TTT AAT CGC CAG ACC CTG ACC GAA TCT ATG CTG GAA CCG GTG CCG GAA CTG AAC GAA CAG ATC CAG GCG TGG ATG CGT,0.0144283587373522
GAC GCT CCG GAC GAA TTC CGT GAC CCG CTG ATG GAC ACC CTG ATG ACC GAT CCG GTT GCG CTC CCG TCT GGC ACC ATC ATG GAC CGT TCT ATC ATC CTG CGT CAC CTG CTG AAC TCT CCG ACC GAC CCG TTC AAC CGT CAG ACC CTG ACC GAA TCT ATG CTG GAC CCG GTT CCA GAA CTG AAA GAA CAG ATC CAG GCG TGG ATG CGT,-0.3957641335077891
GAT GCG CCG GAT GAA TTC CGT GAC CCG CTG ATG GAT ACT CTG ATG ACC GAT CCA GTT CGT CTG CCG TCT GGC ACC ATC ATG GAC CGT TCT ATC ATC CTC CGT CAC CTG CTG AAC TCT CCG ACC GAC CCA TTC AAC CGT CAG ACC CTG ACC GAA TCT ATG CTG GAG CCA GTG CCG GAA CTC AAA GAA CAG ATC CAG GCG ATC ATG CGT,-0.0769389611364852
GAC GCG CCA GAT GAA TTC CGT GAC CCG CTG ATG GAC ACC CTG ATG ACC GAC CCG GTT CGT CTG CCG ATG GGT ACC ATC ATG GAC CGT TCT ATC ATC CTG CGT CAC CTG CTG AAC TCT CCG ACC GGC CCA TTC AAC CGT CAG ACC CTG ACC GAA TCT ATG CTG GAG CCG GTG CCG GAG CTG AAA GAA CAG ATC CAG GCG TGG ATG CGT,-1.0047336941770002
GAC GCT CCG GAT GAA TTC CGT GAC CCG CTG ATG GAC ACC CTG ATG ACC ATC CCG GTT CGT CTG CCG TCT GGC ACC ATC ATG GAC AAA TCT ATC ATC CTG CGC CAC CTG CTG AAC TCT CCG ACT GAC CCG TTC AAT CGT CAA ACC CTG ACC GAA TCT ATG CTG GAA CCA GTG CCG GAG CTG AAA GAA CAG ATC CAG GCG TGG ATG CGT,-0.1719113178728355
GAT GCG CCG GAT GAA TTC CGT GAC CCG CTG ATG GAT ACC CTC ATG ACC GTT CCG GTT CGT CTG CCG TCT GGC ACC ATC ATG GAC GAC TCC ATC ATC CTG CGT CAC CTC CTC AAC TCT CCG ACC GAC CCG TTC AAT CGT CAG ACC CTG ACC GAA TCT ATG CTG GAA CCA GTG CCG GAA CTC AAA GAA CAG ATC CAG GCG TGG ATG CGT,-2.959195724220277
GAC GCT CCG GAC GAA TTT CGT GAC CCG CTG ATG GAC ACT CTG ATG ACC GAC CCA GTT CGT CTC CCG TCT GGC ACC ATC ATG GAC CGC TCT ATC ATC CTG CGT CAC CTG CTG CAC TCT CCG ACT GAT CCG TTC AAC CGC CAG ACC CTG ACC GAG TCT ATG CTG GAG CCA GTT CCA GAA CTG AAA GAA CAG ATC CAG GCG TGG ATG CGT,2.5633311440907383
GAC GCT CCG GAC GAG TTC CGT GAC CCG CTG ATG GAC ACC CTG ATG ACC AAG CCA GTT CGT CTG CCG TCT GGC ACC ATT ATG GAC TCC TCT ATC ATC CTG CGC CAC CTG CTG AAC TCT CCG ACC GAC CCG TTC AAC CGT CAG ACC CTG ACC GAA TCT ATG CTG GAA CCG GTG CCG GAA CTG AAA GAA CAG ATC CAG GCT TGG ATG CGT,-0.4714977774199278
GAT GCG CCG GAC GAA TTC CGT GGT CCG CTG ATG GAC ACC CTG ATG ACT GAC CCG GTT CGT CTG CCG TCT GGC ACC ATC ATG CGT CGT TCT ATC ATC CTG CGT CAC CTG CTG AAC TCT CCG ACC GAC CCA TTC AAC CGT CAG ACC CTG ACC GAA TCT ATG CTG GAA CCG GTG CCG GAA CTG AAA GAA CAG ATC CAG GCG TGG ATG CGT,-2.640334906270396
GAT GCG CCG GAC GAA TTC CGT GAC CCG CTG ATG GAC ACC CTG ATG ACT GAC CCG GTT CGT CTG CCG CCA GGT ACC ATC ATG GAC CGT TCT ATC ATC CTG CGT CAC CTG CTG AAC TCT CCG ACC GAC CCG TTC TCT CGT CAG ACC CTG ACC GAA TCT ATG CTG GAA CCG GTG CCG GAA CTG AAA GAA CAG ATC CAG GCG TGG ATG CGT,-3.5498349451438047
GAT GCG CCG GAC GAA TTC CGT GAC CCG CTG ATG GAC ACC CTG ATG ACC GAC CCG GTT CGT CTG CCG TCT GGC ACC ATC ATG GAC CGT TCT ATC ATC CTG CGT CAC CTG CTG AAC ATC CCG ATC GAC CCG TTC AAC CGT CAG ACC CTG ACC GAA TCT ATG CTG GAA CCA GTT CCG GAG CTG AAA GAA CAG ATC CAG GCG TGG ATG CGT,0.9991658905543924
GAC GCG CCA GAT GAA TTC CGT GAC CCG CTG ATG GAC ACC CTG ATG ACC GAC CCA GTT CGT CTG CCG TCC GGT ACT ATC ATG GAC TAC TCT ATC ATC CTG CGT CAC CTG CTG AAC TCT CCG ACT GAC CCG TTC AAC CGC CAG ACC CTG ACC GAA TCT ATG CTG GAG CCG GTG CCG GAA CTG GAA GAA CAG ATC CAG GCG TGG ATG CGT,0.4390335002442097
GAC GCT CCG GAT GAA TTC CGT GAC CCG CTG ATG GAC ACC AAC ATG ACT GAC CCG GTT CGT CTG CCG TCT GGC ACC ATC ATG GAC CGT TCT ATC ATC CTG CGT CAC CTG CTG AAC TCT CCG ACC GAC CCG TTC AAC CGT CAA ACC CTG ACC GAA TCT ATG CTG GAG CCG GTT CCA GAG CTG AAA GAA CAG ATC CAG GCG TGG ATG CGT,-0.7039945423903744
GAC GCT CCG GAC GAA TTC CGT TGT CCG CTG ATG GAC ACC CTG ATG ACT GAC CCG GTT CGT CTG CCG TCT GGC ACC ATC ATG GAA CGC TCT ATC ATC CTG CGT CAC CTG CTG AAC TCT CCG ACC GAC CCG TTC AAC CGT CAG ACC CTG ACC GAA TCT ATG CTG GAG CCG GTT CCA GAG CTG AAA GAA CAG ATC CAG GCG TGG ATG CGT,1.8764293813030195
GAC GCT CCG GAC GAA TTC CGT GAC CCA CTG ATG GAC ACC CTG ATG ACC GAT CCA GTT CGT CTG CCG TCT GGC ACC ATC ATG GAC CGT TCT ATC ATC CTG CGT CAC CTG CTG AAC TGC CCG ACC GAC CCG TTC AAC CGT CAG ACC CTG ACC GAA TCT ATG CTC GAA CCG GTG CCG GAA CTG AAA GAA CAG ATC CAG GCG TGG ATG CGT,1.896878452465054
GAC GCT CCA GAC GAA TTC CGT GAC CCG CTG ATG GAC ACC CTG ATG ACC GAC CCG GTT CGC CTG CCG TCC GGC ACT ATC ATG GAC CGT TCT ATC ATC CTG CGT CAC CTC CTG AAC TCT CCG ACT GAC CCG TTC AAC CGT CAA ACC CTG ACC GAA TCT ATG CTG GAG CCA GTT CCG GAG CTC AAA GAA CAG ATC CAG GCG TGG TAC CGT,2.1449198632409487
GAT GCG CCG GAC GAA TTC CGT GAC CCG CTG ATG GAT AAC CTG ATG ACT GAC CCG GTT CGT CTG CCG TCT GGC ACC ATT ATG CCG CGT TCT ATC ATC CTG CGT CAC CTG CTG AAC TCT CCG ACC GAT CCG TTC AAC CGT CAG ACC CTG ACC GAA TCT ATG CTG GAA CCG GTG CCG GAA CTG AAA GAA CAG ATC CAG GCG TGG ATG CGT,-1.5387825204761187
GAC GCT CCG GAC GAA TTC CGT GAC CCG CTG ATG GAC ACC CTG ATG ACC GAC CCG GTT CGT CTG CCG TCT GGC ACC ATC ATG GAC CGT TCT ATC ATC CTG CGT CAC CTC CTC AAC TCT CCA ACC GAC AAA TTC AAC CGC CAG ACC CTG ACC GAA TCC ATG CTG GAA CCG GTG CCG GAA CTG AAA GAA CAG ATC CAG GCG TGG ATG CGT,-3.177506050752041
GAC GCG CCA GAC GAG TTC CGT GAC CCG CTC ATG GAC ACC CTG ATG ACC GAC CCG GTT CGT CTG CCG TCC GGT ACC ATT ATG GAC TGG TCT ATC ATC CTG CGT CAC CTG CTG AAC TCT CCG ACT GAC CCG TTC AAC CGT CAA ACC CTG ACC GAA TCT ATG CTG GAA CCG GTG CCA GAG CTG ATG GAG CAG ATC CAG GCG TGG ATG CGT,1.643439777108601
GAT GCG CCG GAC GAA TTC CGT GAC CCG CTG ATG GAC ACC CTG ATG ACC GCT CCG GTT CGT CTG CCA TCC GGT ACC ATC ATG GAT ATG TCT ATC ATC CTC CGT CAC CTC CTG AAC TCT CCG ACC GAT CCG TTC AAT CGT CAG ACT CTG ACC GAA TCT ATG CTG GAA CCA GTT CCA GAA CTG AAA GAA CAG ATC CAG GCG TGG ATG CGT,0.532498089781115
GAC GCT CCA GAC GAA TTC CGT GAC CCG CTG ATG GAC ACC CTG ATG ACC AAC CCG GTG CGT CTG CCG TCT GGT ACT ATC ATG GAT TTC TCT ATC ATC CTG CGT CAC CTC CTG AAC TCT CCG ACC GAT CCG TTC AAC CGT CAG ACC CTG ACC GAA TCT ATG CTG GAA CCA GTT CCG GAG CTG AAG GAA CAG ATC CAG GCG TGG ATG CGT,1.1074277251495173
GAT GCG CCG GAC GAA TTC CGT GAC CCG CTG ATG GAC ACC CTG ATG ACC GAC AAA GTT CGT CTG CCG TCT GGT ACT ATT ATG GAC CGT TCT ATC ATC CTG CGT CAC CTG CTG AAC TCT CCG ACC GAC CCG TTC AAC CGT CAG ACC CTG ACC GAG TCT ATG CTG GAA CCA GTT CCA GAG CTG AAG GAA CAG ATC CAG GCG TGG ATG CGT,-0.8692435398461937
GAC GCT CCG GAC GAG TTC CGT GAC CCG CTG ATG GAC ACC CTG ATG ACT GGT CCA GTT CGT CTG CCG TCT GGC ACC ATC ATG GAC CGT TCT ATC ATC CTG CGT CAC CTG CTG AAC TCT CCG ACC GAC CCG TTC AAC CGC CAG ACC CTG ACC GAA TCT ATG CTC GAA CCG GTG CCG GAA CTG AAC GAA CAG ATC CAG GCT TGG ATG CGT,-1.277335752930755
GAC GCT CCG GAT GAA TTC CGT GAC CCG CTG ATG GAC ACC CTG ATG ACC GAC CCG GTT CGT CTG CCG TCT GGC ACC ATC ATG GAC CGT TCT ATC ATC CTG CGT CAC CTG CTG AAC TCT CCA ACT GAC CCG TTC AAC CGC CAG ACC CTG ACC GAA TCT ATG CTG GAG CCG GTT CCA GAG CTC AAA CAC CAG ATC CAG GCG TGG ATG CGT,2.05304752524267
GAT GCG CCA GAT GAA TTC CGT GAC CCG CTG ATG GAC ACC CTG ATG ACC GAC CCG GTT CGT CTG CCG TCT GGT ACT ATC ATG GAC CGT TCT ATC ATC CTG CGT CAC CTG CTG AAC ATC CCG AAA GAC CCG TTC AAT CGT CAG ACC CTG ACC GAA TCT ATG CTG GAG CCG GTT CCG GAG CTG AAA GAA CAG ATC CAG GCG TGG ATG CGT,0.7054035942221412
GAT GCT CCG GAC GAA TTC CGT GAC CCG CTG ATG GAT ACC CTC ATG ACC GAT CCA GTT CGT CTG CCG TCT GGT ACC GTT ATG GAC CGT TCT ATC ATC CTG CGT CAC CTC CTG AAC TCT CCG ACC GAC CCA TTT AAT CGT CAG ACC CTG ACC GAA TCT ATG CTG GAA CCG GTG CCG GAA CTG AAA GAA CAG ATC CAG GCG TGG ATG CGT,2.051940233118043
GAC GCT CCG GAC GAG TTC CGT GAC CCG CTG ATG GAC ACC CTG ATG ACC GAC CCG GTT CGT CTG CCG AAA GGT ACC ATC ATG GAC CGT TCT ATC ATC CTG CGT CAC CTG CTG AAC TCT CCG ACC ACT CCA TTC AAC CGT CAA ACT CTC ACC GAA TCT ATG CTC GAA CCA GTT CCA GAA CTC AAA GAA CAG ATC CAG GCG TGG ATG CGT,-4.708018563132603
GAC GCT CCA GAC GAA TTC CGT GAC CCG CTG ATG GAC ACC CTG ATG ACC GAC CCG GTT CGC CTG CCG TCT GGC ACC ATC ATG GAC CGT TCT ATC ATC CTG CGT CAC CTG CTG AAC TAC CCG GTG GAC CCG TTC AAC CGC CAG ACC CTG ACC GAA TCT ATG CTG GAA CCA GTT CCG GAG CTG AAA GAA CAG ATC CAG GCG TGG ATG CGC,1.4248282734522617
GAC GCG CCA GAC GAA TTC CGT GAT CCG CTG ATG GAC ACC CTG ATG ACC GAC CCG GTT CGC CTG CCG TCC GGC ACC ATC ATG GAC CGT TCT ATC ATC CTG CGT CAC CTG CTG AAC TCT CCG ACC GAT CCG TTC AAC CGT CAG ACC CTG ACC GAA TCT ATG CTG GAG CCG GTT CCA GAA CTC AAA GAA CAG ATC CAG TGC TGG ATG CGT,1.945342548543711
GAC GCT CCA GAC GAA TTC CGT GAC CCG CTG ATG GAT ACC CTC ATG ACC GAT CCA GTT CAC CTG CCG TCC GGT ACC ATC ATG GAC CGT TCT ATC ATC CTG CGT CAT CTG CTG AAC TCT CCG ACC GAC CCG TTC AAC CGT CAG ACC CTG ACC GAA TCT ATG CTG ATC CCA GTT CCG GAG CTG AAA GAA CAG ATC CAG GCG TGG ATG CGT,0.2168960896899193
GAT GCG CCG GAT GAA TTC CGT GAC CCG CTG ATG GAC ACC CTG ATG ACC CAC CCG GTT CGT CTG CCG TCT GGT ACT ATT ATG GAC CGT TCT ATC ATC CTG CGT CAC CTG CTG AAC TCT CCG ACC GAT CCG TTC AAC CGT CAG ACC CTG ACC GAA TCT ATG CTG GAG CCG GTT CCA GAA CTG GGT GAA CAG ATC CAG GCG TGG ATG CGT,0.1699478390870824
GAC GCT CCG GAC GAA TTC CGT GAC CCG CTG ATG GAC ACC CTG ATG ACC GAC TAC GTT CGT CTG CCG TCT GGC ACC ATC ATG GAC CGT TCT ATC ATC CTG CGT CAC CTG CTG AAC TCT CCG ACC GAC CCA TTC AAC CGC CAG ACC CTG ACT GAA TCT ATG CTG GAA CCA GTG CCG GAA CTG AAA GAA CAG ATC CAG GCG TGG ATG CGT,-0.5264410534022634
GAT GCG CCG GAC GAA TTC CGT GAC CCG CTG ATG GAC ACC CTG ATG ACT GAC CCG GTG CGT CTG CCG GCT GGT ACT ATC ATG GAC CGT TCT ATC ATC CTG CGT CAC CTG CTG AAC TCT CCG ACC GAC CCG TTC CAG CGC CAG ACC CTG ACC GAA TCC ATG CTG GAG CCG GTT CCA GAG CTC AAA GAA CAG ATC CAG GCG TGG ATG CGT,-2.27987580378595
GAT GCG CCG GAT GAA TTC CGT CAG CCG CTG ATG GAC ACC CTG ATG ACC GAT CCG GTT CGT CTG CCG TCT GGC ACC ATT ATG CCG CGT TCT ATC ATC CTG CGT CAC CTG CTG AAC TCT CCG ACC GAC CCG TTC AAC CGT CAG ACC CTG ACC GAA TCT ATG CTG GAA CCG GTG CCG GAA CTG AAA GAA CAG ATC CAG GCG TGG ATG CGT,-4.743684973968046
GAC GCG CCA GAT GAA TTC CGT GAC CCG CTG ATG GAC ACC CTG ATG ACC GAC CCG GTT CGT CTG CCG GTG GGT ACC ATT ATG GAC CGT TCT ATC ATC CTG CGT CAC CTG CTG AAC TCT CCG ACT CCA CCG TTC AAC CGC CAG ACC CTG ACC GAA TCT ATG CTG GAG CCG GTT CCA GAG CTG AAA GAA CAG ATC CAG GCG TGG ATG CGT,-3.026514644120988
GAC GCT CCG GAC GAA TTC CGT GAC CCG CTG ATG GAC ACC CTG ATG ACC GAT CCG GTT GAC CTG CCG TCT GGC ACT ATC ATG GAC CGT TCT ATC ATC CTG CGT CAC CTG CTG AAC TCT CCG ACC GAC CCG TTT AAC CGT CAG ACC CTG ACC GAA TCT ATG CTG TAC CCG GTG CCG GAA CTG AAA GAA CAG ATC CAG GCG TGG ATG CGT,-1.1201699346392056
GAT GCG CCG GAC GAA TTC CGT GAC CCG CTG ATG GAC ACC CTG ATG ACC GAC CCG GTT CGT CTG CCG TCT GGT ACT ATC ATG GAC CGT TCT ATC ATC CTG CGT CAC CTG CTG AAC GGC CCA GAA GAC CCG TTC AAC CGC CAG ACC CTG ACC GAA TCT ATG CTG GAG CCG GTT CCA GAA CTG AAA GAA CAG ATC CAG GCG TGG ATG CGT,0.5734468323974116
GAC GCG CCA GAT GAA TTC CGT GAC CCG CTG ATG GAC ACC CTG ATG ACC GAT CCG GTT CGT CTG CCG ATG GGT ACC ATC ATG GAC CGT TCT ATC ATC CTG CGT CAC CTG CTG AAC TCT CCG ACC GAC CCG TTT TAC CGT CAG ACC CTG ACC GAA TCT ATG CTG GAG CCG GTG CCG GAA CTG AAG GAA CAG ATC CAG GCG TGG ATG CGT,0.4350451899284376
GAT GCG CCG GAT GAA TTC CGT GAC CCG CTG ATG GAC ACT CTC ATG ACC GAC CCG GTG CGT CTG CCG TCT GGC ACC ATC ATG GAC CGT TCT ATC ATC CTG CGT CAC CTG CTG AAC CTG CCG CTC GAC CCG TTT AAT CGT CAG ACT CTG ACC GAA TCT ATG CTG GAG CCG GTT CCG GAG CTG AAA GAA CAG ATC CAG GCG TGG ATG CGT,1.0129075090672313
GAT GCG CCG GAT GAA TTC CGT CGT CCG CTG ATG GAC ACC CTG ATG ACC GAT CCG GTT CGT CTG CCG TCT GGC ACC ATC ATG TGC CGT TCT ATC ATC CTG CGT CAC CTG CTG AAC TCT CCG ACC GAC CCG TTC AAC CGT CAG ACC CTG ACC GAA TCT ATG CTG GAG CCA GTT CCA GAA CTG AAA GAG CAA ATC CAG GCG TGG ATG CGT,1.0048976858484082
GAT GCG CCG GAT GAA TTC CGT GAC CCG CTG ATG GAC ACC CTG ATG ACT GAC CCG GTT CGT CTG CCG TCT GGC ACC ATC ATG GAC GAG TCT ATC ATC CTG CGT CAC CTG CTG AAC TCT CCG ACC GAC CCG TTC AAC CGT CAG ACC CTG ACC GAA TCT ATG CTG GAA CCG GTG CCG GAG CTG TCT GAA CAG ATC CAG GCG TGG ATG CGT,-3.446860251209566
GAC GCT CCG GAC GAA TTC CGT GAC CCG CTG ATG GAC ACC CTG ATG ACC GAC CCG GTT CGT CTG CCA TAC GGT ACC ATC ATG GAC CGT TCT ATC ATC CTG CGT CAC CTG CTG AAC TCT CCG ACT GAC CCG TTT GAA CGT CAG ACC CTG ACC GAA TCT ATG CTG GAA CCG GTG CCG GAA CTG AAA GAA CAG ATC CAG GCG TGG ATG CGT,-0.9586930040265352
GAT GCG CCG GAT GAG TTT CGT GAC CCG CTG ATG GAC ACC CTC ATG ACC GAT CCA GTT CGT CTG CCG TCC GGT ACC ATC ATG GAC CCG TCT ATC ATC CTG CGT CAC CTG CTG AAC TCT CCG ACC GAC CCG TTC AAC CGC CAG ACC CTG ACC GAA TCT ATG CTC GAA CCG GTG CCG GAA CTC GGT GAA CAG ATC CAG GCG TGG ATG CGT,-1.5984916333768706
GAT GCG CCA GAC GAA TTC CGT GAC CCG CTG ATG GAC ACC CTG ATG ACC GAC CCG GTT CGT CTC CCG CGT GGT ACT ATC ATG GAC CGT TCT ATC ATC CTG CGT CAC CTG CTG AAC TCT CCG ACC TTC CCG TTC AAC CGT CAG ACC CTG ACC GAA TCT ATG CTG GAA CCA GTT CCA GAA CTG AAA GAA CAG ATC CAG GCT TGG ATG CGC,-0.0813435826674864
GAT GCG CCG GAC GAA TTC CGT GAT CCG CTG ATG GAC ACT CTG ATG ACC TGC CCG GTT CGT CTG CCG TCT GGC ACC ATC ATG GAC CTG TCT ATC ATC CTG CGT CAC CTG CTG AAC TCT CCG ACC GAC CCG TTC AAC CGT CAG ACC CTG ACC GAA TCT ATG CTG GAA CCG GTG CCG GAA CTG AAA GAA CAG ATC CAG GCG TGG ATG CGT,1.86069057969696
GAC GCT CCG GAC GAA TTC CGT GAC CCG CTG ATG GAC ACC CTG ATG ACC GAT CCA GTT CGT CTG CCG GAG GGT ACC ATC ATG GAC CGT TCT ATC ATC CTG CGT CAC CTG CTG AAC TCT CCG ACC GAC CCG TTC TGC CGT CAG ACC CTG ACC GAA TCT ATG CTC GAA CCA GTG CCA GAA CTG AAA GAA CAG ATC CAG GCG TGG ATG CGC,0.3191885351135185
GAC GCT CCG GAC GAA TTC CGT GAC CCG CTG ATG GAC TTC CTC ATG ACC GAT CCG GTT CGT CTC CCG TCC GGT ACC ATC ATG GAC CGT TCT ATC ATC CTG CGT CAC CTC CTG AAC TCT CCG ACT GAC CCG TTT AAC CGT CAA ACC CTG ACC GAA TCT ATG CTG GAA CCG GTG CCG GAA CTG AAA GAA CAG ATC CAG GCG TGG ATG CGT,1.136002804714075
GAT GCG CCG GAC GAA TTC CGT GAC CCG CTG ATG GAC ACC CTG ATG ACT GAC CCG GTT CGT CTG CCG GAA GGT ACC ATC ATG GAC CGT TCT ATC ATC CTG CGT CAC CTG CTG AAC TCT CCA ACC GAC CCG TTC CGT CGT CAG ACC CTG ACC GAG TCT ATG CTG GAA CCA GTT CCA GAA CTG AAA GAA CAG ATC CAG GCG TGG ATG CGT,-4.861575039940382
GAC GCT CCA GAT GAA TTC CGT GAC CCG CTG ATG GAC ACC CTG ATG GTT GAC CCG GTT CGT CTG CCG TCT GGC ACC ATC ATG GAC CGT TCT ATC ATC CTG CGT CAC CTG CTG AAC TCT CCG ACC GAC CCG TTC AAC CGT CAG ACC CTG ACC GAA TCT ATG CTG GAG CCG GTT CCG GAG CTC AAA GAA CAG ATC CAG GCT TGG ATG CGT,2.450182409380687
GAC GCT CCG GAC GAA TTC CGT GAC CCG CTG ATG GAC ACC CTG ATG ACC GAC CCG GTT CGT CTG CCG TCT GGT ACT ATC ATG GAC AAC TCT ATC ATC CTG CGT CAC CTG CTC AAT TCT CCG ACC GAT CCG TTC AAC CGC CAG ACC CTG ACC GAA TCT ATG CTG GAA CCA GTT CCA GAA CTG TTT GAA CAG ATC CAG GCG TGG ATG CGT,-0.1136800905256325
GAC GCT CCG GAC GAA TTC CGT GAC CCG CTG ATG GAC GTT CTG ATG ACT GAC CCG GTT CGT CTG CCG TCT GGC ACT ATT ATG ATG CGC TCC ATC ATC CTG CGT CAC CTG CTG AAC TCT CCG ACC GAC CCG TTC AAC CGT CAG ACC CTG ACC GAG TCC ATG CTG GAA CCG GTG CCG GAA CTG AAA GAA CAG ATC CAG GCT TGG ATG CGT,0.3254803161172585
GAT GCT CCG GAC GAG TTC CGT GAC CCG CTG ATG GAC ACC CTG ATG ACC AAA CCG GTG CGT CTC CCG TCT GGT ACT ATC ATG GAC CGT TCT ATC ATC CTG CGT CAC CTG CTG AAC TCT CCG ACC GAC CCG TTC AAT CGT CAG ACC CTG ACC GAA TCT ATG CTG GAA CCA GTG CCG GAA CTG GCG GAA CAG ATC CAG GCG TGG ATG CGT,0.2600868549465432
GAC GCG CCA GAC GAA TTC CGT GAC CCA CTG ATG GAC ACC CTG ATG ACC GAC CCG GTT CGT CTC CCA GGT GGT ACT ATC ATG GAC CGT TCT ATC ATC CTG CGT CAC CTG CTG AAC TCT CCG ACT TGC CCG TTC AAT CGT CAG ACC CTG ACC GAA TCT ATG CTG GAA CCG GTG CCG GAA CTC AAA GAA CAG ATC CAG GCG TGG ATG CGT,0.9777739928371996
GAC GCT CCG GAC GAA TTC CGT GAC CCG CTG ATG GAC ACC CTG ATG ACT GCG CCG GTT CGT CTC CCG TCT GGC ACC ATC ATG GAC CGT TCT ATC ATC CTG CGT CAC CTG CTG AAC TCT CCG ACC GAC CCG TTT AAC CGT CAG ACC CTG ACC GAA TCT ATG CTG GAA CCG GTG CCG GAA CTG ACT GAA CAG ATC CAG GCG TGG ATG CGT,0.0528340315529574
GAT GCG CCG GAT GAA TTC CGT GAC CCG CTG ATG GAC ACC CTG ATG ACC CAG CCG GTG CGC CTG CCA TCT GGT ACT ATT ATG GAC CAG TCT ATC ATC CTG CGT CAC CTG CTG AAC TCT CCG ACC GAC CCG TTT AAC CGT CAG ACC CTG ACC GAA TCT ATG CTG GAG CCA GTG CCG GAA CTG AAA GAA CAG ATC CAG GCG TGG ATG CGT,-0.4953134108242286
GAC GCT CCG GAC GAA TTC CGT GAC CCG CTG ATG GAC AAA CTG ATG ACC GAC CCG GTT CGT CTG CCG TCT GGC ACC ATC ATG GAA CGC TCT ATC ATC CTG CGT CAC CTG CTG AAC TCT CCG ACT GAC CCG TTC AAC CGT CAG ACC CTG ACC GAA TCT ATG CTG GAG CCA GTG CCG GAA CTC AAA GAA CAG ATC CAG GCG TGG ATG CGT,0.6298702253286014
GAC GCT CCA GAC GAA TTC CGT GAC CCG CTG ATG GAC ACC CTG ATG ACC GAC CCA GTT GTT CTC CCG TCT GGC ACC ATC ATG GAC CGT TCT ATC ATC CTG CGT CAC CTG CTG AAC TCT CCG ACT GAT CCG TTC AAC CGT CAG ACC CTG ACC GAA TCT ATG CTG CGT CCG GTT CCG GAG CTG AAA GAA CAG ATC CAG GCG TGG ATG CGT,1.3686056153880006
GAC GCT CCG GAC GAA TTC CGT GAC CCG CTG ATG GAC ACC CTG ATG ACT GAC CCG GTT CGT CTG CCG TCC GGT ACC ATC ATG GAC CGT TCT ATC ATC CTG CGT CAC CTG CTG AAC TCT CCG ACC GAC CCG TTC AAC CGT CAA ACC CTG ACC AAA TCT ATG CTG GAA CCG GTG CCG GAA CTG AAA GAA CAG ATC CAG GCT TGG ATG CGC,1.948995132576078
GAC GCT CCG GAC GAA TTC CGT GAC CCG CTG ATG GAT ACT CTG ATG ACC GAC CCG GTT CGT CTG CCG TCT GGT ACT ATT ATG GAC CGT TCT ATC ATC CTG CGT CAC CTG CTG AAC TCT CCG ACT GAC CCG TTC AAT CGT CAA ACC CTG CAC GAA TCT ATG CTG GAA CCG GTG CCG GAA CTG AAA GAA CAG ATC CAG GCG TGG ATG CGT,2.351395356426597
GAT GCT CCG GAC GAG TTC CGT GAC CCG CTC ATG GAC ACC CTC ATG ACC GAC CCG GTT CGC CTG CCG TCT GGT ACT ATT ATG GAC AAC TCT ATC ATC CTG CGC CAC CTG CTG AAC TCT CCG ACC GAT CCG TTT AAC CGT CAG ACC CTG ACT GAA TCT ATG CTG GAA CCA GTG CCA GAA CTG ACC GAA CAG ATC CAG GCG TGG ATG CGT,-2.5115738554738303
GAT GCG CCA GAC GAA TTC CGT GAC TTC CTG ATG GAC ACC CTG ATG ACT GAC CCG GTT CGT CTC CCG TCC GGC ACC ATC ATG GAC CGT TCT ATC ATC CTG CGT CAC CTG CTG AAC TCT CCG ACC GAC CCG TTC AAC CGT CAG ACC CTG ACC GAA TCT ATG CTG GAA CCA GTT CCG GAG CTG AAA GAA CAG ATC CAG GCG TGG ATG CGT,0.7110887796951009
GAC GCG CCA GAT GAA TTC CGT GAC CCG CTG ATG GAT ACC CTC ATG ACC ACT CCA GTT CGT CTG CCG TCC GGT ACC ATC ATG GAT TAC TCC ATC ATC CTG CGT CAC CTG CTG AAC TCT CCG ACC GAC CCG TTC AAC CGC CAG ACC CTG ACC GAA TCT ATG CTG GAA CCG GTG CCG GAA CTG AAA GAA CAG ATC CAG GCG TGG ATG CGT,0.6494948794069512
GAC GCT CCG GAC GAA TTC CGT GAC CCG CTG ATG GAC ACC CTG ATG ACC GCG CCA GTT CGT CTG CCG TCT GGC ACC ATC ATG GAC TAC TCT ATC ATC CTG CGT CAC CTC CTG AAC TCT CCG ACC GAT CCG TTC AAT CGC CAG ACC CTG ACT GAA TCT ATG CTC GAA CCA GTT CCA GAA CTG AAG GAA CAG ATC CAG GCG TGG ATG CGT,0.6326376879774933
GAC GCT CCG GAT GAA TTC CGT GAC CCG CTG ATG GAC ACC CTG ATG ACT GAC CCG GTT CGT CTG CCG TCT GGT ACT ATT ATG GAC CAG TCT ATC ATC CTG CGT CAC CTG CTG AAC TCT CCG ACC GAC CCG TTC AAC CGT CAG ACC CTG ACC GAA TCT ATG CTG GAG CCG GTT CCA GAG CTC AAA GAA CAG ATC CAG GCG TGG ATG CGT,0.1547584835294545
GAC GCT CCG GAC GAA TTC CGT GAC CCG CTG ATG GAC ACC CTG ATG ACT GAC CCG GTT CGT CTG CCG TCC GGT ACC ATC ATG GAC CGT TCT ATC ATC CTG CGT CAC CTG CTG AAC TCT CCG ACC GAC CCG TTC AAC CGT CAG ACC CTG ACC GAA TCC ATG CTG GAA CCG GTG CCG GAA CTG AAA GAA CAG TGT CAG GCT TGG ATG CGT,0.7364495309398673
GAC GCT CCA GAT GAA TTC CGT GAC CCG CTG ATG GAC ACC CTG ATG ACC GAC CCG GTT AAT CTG CCG TCC GGT ACC ATC ATG GAC CGT TCT ATC ATC CTG CGT CAC CTG CTG AAC TCT CCG ACC GAT CCG TTC AAT CGT CAG ACC CTG ACC GAA TCT ATG CTG ATG CCA GTG CCA GAG CTG AAA GAA CAG ATC CAG GCG TGG ATG CGT,-0.7410957343673543
GAC GCT CCG GAC GAA TTC CGT GAC CCG CTG ATG GAC ACC CTG ATG ACT GAC CCG GTT CGT CTG CCG CAG GGT ACC ATC ATG GAC CGT TCT ATC ATC CTG CGC CAC CTG CTG AAC TCT CCG ACC GAC CCG TTC TGG CGT CAG ACC CTG ACC GAA TCT ATG CTG GAG CCG GTG CCG GAA CTG AAA GAA CAG ATC CAG GCG TGG ATG CGT,0.2136449823851732
GAC GCT CCA GAC GAA TTC CGC GAC CCG CTG ATG GAC ACT CTG ATG ACC ATG CCG GTG CGT CTG CCG TCT GGC ACC ATT ATG GAC CGT TCT ATC ATC CTG CGT CAC CTC CTC AAC TCT CCG ACT GAC CCG TTC AAC CGC CAG ACC CTG ACC GAA TCT ATG CTG GAA CCA GTT CCG GAG CTG GAA GAA CAG ATC CAG GCG TGG ATG CGT,0.5021284284997156
GAC GCT CCA GAC GAG TTC CGT GAC CCG CTG ATG GAC ACC CTG ATG ACT GAC CCA GTT CGT CTC CCG TTC GGT ACC ATC ATG GAC CGT TCT ATC ATC CTG CGT CAC CTG CTG AAC TCT CCG ACC GAC CCG TTC AAC CGC CAG ACT CTG ACC GAA TCT ATG CTG GAA CCA GTT CCG GAG CTG AAA GAA CAG ATC CAG GCG TGG ATG CGT,0.174569145229433
GAC GCT CCG GAC GAA TTC CGT GAC CCG CTG ATG GAC ACC CTG ATG ACC GAT CCG GTT CGT CTG CCG TCT GGT ACT ATC TTC GAC CGT TCT ATC ATC CTG CGC CAC CTG CTG AAC TCT CCG ACC GAC CCG TTC AAT CGT CAA ACC CTG ACC GAA TCC ATG CTG GAA CCG GTG CCG GAG CTG AAA GAA CAG ATC CAG GCT TGG ATG CGC,0.7483599725535148
GAT GCT CCG GAC GAA TTC CGT GAC CCG CTG ATG GAC ACC CTG ATG ACC GAC CCG GTT CGT CTG CCG TCT GGT ACT ATT ATG GAC CGT TCT ATC ATC CTG CGT CAC CTG CTG AAC GAA CCA ATG GAC CCG TTC AAC CGT CAG ACC CTG ACC GAA TCT ATG CTG GAG CCG GTG CCG GAA CTC AAA GAA CAG ATC CAG GCT TGG ATG CGT,1.4156901413359773
GAT GCG CCG GAC GAA TTC CGT GAC CCG CTG ATG GAC ACC CTG ATG ACC GAC CCG GTT CGT CTG CCG GTG GGT ACC ATT ATG GAC CGC TCT ATC ATC CTC CGC CAC CTG CTC AAC TCT CCG ACT TGG CCG TTC AAT CGC CAG ACC CTG ACC GAA TCT ATG CTG GAA CCG GTG CCG GAA CTG AAA GAA CAG ATC CAG GCT TGG ATG CGC,0.1854025843384322
GAT GCG CCG GAC GAG TTC CGC GAC CCG CTG ATG GAT ACC CTG ATG ACC GAC CCA GTT CGT CTG CCG TCT GGT ACC CTC ATG GAC CGT TCT ATC ATC CTG CGC CAC CTG CTG AAC TCT CCG ACT GAC CCG TTC AAC CGT CAG ACC CTG ACC GAA TCT ATG CTG GAG CCA GTT CCA GAG CTC AAG GAA CAG ATC CAG GCG TGG ATG CGT,0.1380713911846748
GAT GCG CCG GAT GAA TTC CGT GAC CCG CTG ATG GAT ACT CTG ATG ACC GAC CCG GTT CGT CTG CCG TCT GGC ACC ATC ATG GAC CGT TCT ATC ATC CTG CGT CAC CAC CTG AAC TCT CCG ACT GAC CCG TTT AAC CGT CAG ACC CTG ACC GAA TCT ATG CTG GAG CCA GTG CCG GAA CTC AAA GAA CAG ATC CAG GCG TGG ATG CGT,-2.627586099232163
GAC GCT CCG GAT GAA TTC CGT GAC CCA CTG ATG GAT ACC CTC ATG ACT GGT CCG GTT CGT CTG CCG TCT GGC ACC ATC ATG GAC CGT TCT ATC ATC CTG CGT CAC CTG CTG AAC TCT CCG ACC GAC CCG TTC AAC CGC CAG ACC CTG ACC GAA TCT ATG CTG GAA CCA GTT CCA GAG CTG TAC GAA CAG ATC CAG GCG TGG ATG CGT,0.3211342613176462
GAC GCT CCG GAT GAA TTC CGT GAC CCG CTG ATG GAT ACT CTG ATG ACC GAT CCG GTT CGT CTG CCG ATG GGT ACC ATC ATG GAC CGT TCT ATC ATC CTG CGT CAC CTG CTG AAC TCT CCG ACC GAC CCG TTC GTT CGT CAG ACC CTG ACT GAA TCT ATG CTG GAA CCG GTG CCG GAA CTG AAA GAA CAG ATC CAG GCG TGG ATG CGT,-0.3024810759767762
GAC GCG CCA GAT GAA TTC CGT GAC CCG CTG ATG GAC ACC CTG ATG ACC TGG CCG GTT CGT CTG CCG TCT GGC ACC ATT ATG GAC CGT TCT ATC ATC CTG CGT CAC CTG CTC AAC TCT CCG ACC GAC CCA TTC AAC CGC CAG ACC CTG ACC GAG TCT ATG CTG GAG CCA GTG CCG GAG CTG CGT GAA CAG ATC CAG GCG TGG ATG CGT,1.475277990330083
GAT GCG CCG GAC GAA TTC CGT GAC CCG CTG ATG GAC ACC CTG ATG ACC GAC CCG GTT CGT CTG CCA GGT GGC ACC ATC ATG GAC CGT TCT ATC ATC CTG CGT CAT CTG CTG AAC TCT CCG ACT GAC CCG TTC CAG CGT CAA ACT CTG ACC GAA TCT ATG CTG GAG CCA GTT CCG GAG CTC AAA GAA CAG ATC CAG GCG TGG ATG CGT,0.2025855576324717
GAC GCT CCG GAC GAA TTC CGT GAC CCG CTG ATG GAC ACC CTG ATG ACC TCT CCG GTT CGT CTG CCG TCT GGC ACC ATT ATG GAC ATC TCT ATC ATC CTG CGT CAC CTG CTG AAC TCT CCG ACC GAC CCA TTC AAC CGC CAG ACC CTG ACC GAA TCT ATG CTG GAA CCA GTT CCA GAA CTG AAA GAA CAG ATC CAG GCG TGG ATG CGT,0.9446515938972136
GAT GCT CCG GAT GAA TTC CGT GAC CCG CTG ATG GAT ACC CTG ATG ACC GAC CCG GTT CGT CTG CCG TCT GGT ACT ATC ATG GAC AAA TCT ATC ATC CTG CGT CAC CTG CTG AAC TCT CCG ACT GAC CCG TTC AAC CGC CAG ACC CTG ACC GAA TCT ATG CTG GAA CCA GTG CCG GAG CTC ATG GAA CAG ATC CAG GCG TGG ATG CGT,1.2693681740124825
GAC GCG CCA GAC GAA TTC CGT GAC CCG CTG ATG GAC ACC CTG ATG ACT GAT CCG GTG TGC CTG CCG TCT GGT ACT ATC ATG GAC CGT TCT ATC ATC CTG CGT CAC CTG CTG AAC TCT CCG ACC GAC CCG TTC AAC CGT CAG ACC CTG ACT GAA TCT ATG CTG GAC CCG GTG CCG GAA CTG AAA GAA CAG ATC CAG GCG TGG ATG CGT,1.132536963251805
GAC GCT CCG GAC GAA TTT CGT GAC CCA CTG ATG GAT ACC CTC ATG ACC ATG CCA GTT CGT CTG CCG TCT GGC ACC ATC ATG GAC CGT TCT ATC ATC CTG CGT CAC CTG CTG AAC TCT CCG ACC GAC CCG TTC AAC CGC CAG ACC CTG ACC GAA TCT ATG CTG GAA CCA GTT CCA GAA CTG GAC GAA CAG ATC CAG GCG TGG ATG CGT,-0.1271329652762962
GAT GCG CCG GAC GAA TTC CGT GAC CCG CTG ATG GAC ACC CTG ATG ACC GAC CCG GTT CGT CTG CCG CCA GGT ACC ATC ATG GAC CGT TCT ATC ATC CTG CGT CAC CTG CTG AAC TCT CCG ACT GAC CCA TTC GTT CGT CAG ACC CTG ACC GAA TCT ATG CTG GAG CCG GTT CCG GAG CTG AAA GAA CAG ATC CAG GCG TGG ATG CGT,-3.123699042802273
GAC GCT CCA GAC GAG TTC CGT GAC CCG CTG ATG GAC ACC CTG ATG ACC AAC CCG GTT CGT CTG CCG TCT GGC ACC ATC ATG GAC CGT TCT ATC ATC CTG CGT CAC CTG CTG AAC TCT CCG ACC GAC CCG TTC AAC CGT CAG ACC CTG ACC GAA TCT ATG CTG GAG CCG GTG CCG GAG CTG AAT GAA CAG ATC CAA GCG TGG ATG CGC,0.1786596286003907
GAT GCG CCG GAC GAA TTT CGT GAC CCG CTG ATG GAC ACC CTG ATG ACC GAT CCG GTT CGT CTG CCG TCT GGT ACT ATC ATG GAC CAC TCT ATC ATC CTG CGT CAC CTG CTG AAC TCT CCG ACC GAC CCA TTC AAT CGT CAG ACC CTG ACC GAA TCT ATG CTG GAG CCG GTT CCA GAG CTG GCG GAA CAG ATC CAG GCG TGG ATG CGT,0.2045682714830242
GAT GCG CCG GAT GAA TTC CGT GAC CCG CTG ATG GAC ACC CTG ATG ACC AAA CCA GTT CGT CTG CCG TCC GGT ACC ATC ATG GAC CGT TCT ATC ATC CTG CGT CAC CTG CTG AAC TCT CCG ACC GAC CCG TTT AAC CGT CAG ACC CTG ACC GAG TCT ATG CTG GAG CCA GTG CCG GAA CTG AAC GAA CAG ATC CAG GCG TGG ATG CGT,-0.5209770554561899
GAC GCT CCG GAC GAA TTC CGC GAC CCA CTG ATG GAC ACC CTG ATG ACC GAC CCG GTT CGT CTG CCG TCT GGC ACC ATC ATG GAC CGT TCT ATC ATC CTG CGC CAC CTG CTG AAC CTG CCG CGT GAC CCG TTT AAC CGC CAG ACC CTG ACC GAA TCT ATG CTG GAA CCG GTG CCG GAA CTG AAA GAA CAG ATC CAG GCT TGG ATG CGT,0.6989384804280876
GAT GCG CCG GAT GAA TTC CGT GAC CCG CTG ATG GAC ACC CTG ATG ACC GAC CCG GTT CGT CTG CCG TCT GGT ACT ATC ATG GAC CGT TCT ATC ATC CTG CGT CAC CTG CTG AAC ATC CCG GTG GAC CCG TTC AAC CGT CAG ACT CTG ACC GAA TCT ATG CTG GAG CCG GTT CCA GAG CTG AAA GAA CAG ATC CAG GCG TGG ATG CGT,0.9986668884502056
GAT GCT CCG GAC GAA TTC CGT GAC CCG CTC ACC GAC ACC CTG ATG ACC GAT CCG GTT CGT CTG CCG TCT GGT ACT ATC ATG GAC CGT TCT ATC ATC CTG CGT CAC CTG CTG AAC TCT CCG ACC GAC CCG TTC AAC CGT CAG ACC CTG ACC GAA TCC ATG CTG GAG CCA GTG CCG GAA CTC AAA GAA CAG ATC CAG GCG TGG ATG CGT,2.6023640524882428
GAT GCG CCA GAT GAA TTT CGT GAT CCG CTG ATG GAC ACC CTG ATG ACT GAC CCG GTT CGT CTG CCG TCT GGT ACT ATC ATG GAC CGT TCT ATC ATC CTG CGT CAT CTG CTG AAC TCT ATG ACC GAT CCG TTC AAC CGC CAG ACC CTG ACC GAA TCT ATG CTG GAA CCG GTG CCG GAA CTG AAA GAA CAG ATC CAG GCG TGG ATG CGT,1.8641734195447888
GAT GCG CCG GAC GAA TTC CGT GAC CCG CTG ATG GAC ACC CTG ATG ACT GAC CCG GTT CGT CTG CCG CTG GGT ACC ATC ATG GAC CGT TCT ATC ATC CTG CGT CAC CTG CTG AAC TCT CCG ACC GAC CCG TTC TTC CGT CAG ACC CTG ACC GAA TCC ATG CTG GAA CCA GTT CCA GAA CTG AAA GAA CAG ATC CAG GCG TGG ATG CGT,0.5735538043055791
GAT GCG CCG GAC GAA TTC CGT GAC CCG CTG ATG GAC ACC CTG ATG ACC GAC CCA GTT CGT CTG CCG GTT GGT ACT ATC ATG GAC CGT TCT ATC ATT CTG CGT CAC CTG CTG AAC TCT CCG ACC GAT CCG TTT TAC CGT CAG ACC CTG ACC GAA TCT ATG CTG GAG CCG GTT CCG GAG CTC AAA GAA CAG ATC CAG GCG TGG ATG CGT,-1.2857656922521812
GAC GCG CCA GAC GAA TTC CGT GAT CCG CTG ATG GAC ACC CTG ATG ACC GAT CCA GTT CCA CTG CCG TCC GGC ACC ATT ATG GAC CGT TCT ATC ATC CTG CGT CAC CTG CTG AAC TCT CCG ACC GAC CCG TTC AAC CGT CAG ACC CTG ACC GAA TCT ATG CTG TGC CCG GTT CCA GAA CTG AAA GAA CAG ATC CAG GCG TGG ATG CGT,0.8850487348124874
GAC GCT CCG GAC GAA TTC CGT GAC CCG CTG ATG GAC ACC CTG ATG ACC CAC CCG GTT CGT CTG CCG TCT GGT ACT ATC ATG GAC GCT TCT ATC ATC CTG CGC CAC CTG CTC AAC TCT CCG ACC GAC CCG TTC AAT CGC CAG ACC CTG ACC GAA TCT ATG CTG GAA CCG GTG CCG GAA CTG AAA GAA CAG ATC CAG GCG TGG ATG CGT,0.6442595196536547
GAT GCG CCG GAT GAA TTC CGT GAC CCG CTG ATG GAT ACT CTG ATG ACC TTC CCG GTT CGT CTG CCG TCT GGT ACT ATC ATG GAC CGT TCT ATC ATC CTG CGT CAC CTG CTG AAC TCT CCG ACC GAC CCA TTC AAC CGT CAG ACC CTG ACC GAA TCT ATG CTG GAA CCA GTG CCG GAG CTG CCG GAA CAG ATC CAG GCG TGG ATG CGT,-0.9306142922835076
GAT GCG CCG GAC GAA TTC CGT GAC CCG CTG ATG GAC ACC CTG ATG ACC GAC CCG GTT CAG CTG CCG TCT GGC ACC ATC ATG GAC CGT TCT ATC ATC CTG CGT CAC CTG CTG AAC TCT CCG ACC GAT CCA TTC AAC CGT CAG ACC CTG ACC GAA TCT ATG CTG GGT CCG GTT CCA GAA CTG AAA GAA CAG ATC CAG GCG TGG ATG CGT,-1.142856841521735
GAT GCG CCG GAC GAA TTC CGT GAT CCG CTG ATG GAC ACC CTG ATG ACC CGT CCG GTT CGT CTG CCG TCT GGT ACT ATC ATG GAT ATG TCT ATC ATC CTC CGT CAC CTG CTG AAC TCT CCG ACC GAC CCG TTC AAC CGT CAG ACC CTG ACC GAA TCT ATG CTG GAA CCG GTG CCA GAA CTG AAA GAA CAG ATC CAG GCG TGG ATG CGT,0.6854902102809852
GAC GCT CCA GAC GAG TTC CGT GAC CCG CTG ATG GAC ACC CTC ATG ACT GAC CCG GTT CGT CAG CCG TCT GGT ACT ATC ATG GAC CGT TCT ATC ATC CTG CGC CAC CTG CTC AAC TCT CCG ACC GAC CCG TTC AAT CGC CAG ACC CTG ACC GAA TCT ATG CTG GAA CCG GTG CCG GAA CTG AAA GAA CAG ATC CAG GCG TGG ATG CGT,-2.582610632477868
GAC GCG CCA GAT GAA TTC CGT GAC CCG CTG ATG GAC ACC CTG ATG ACC GAC CCG GTT CGT CTG CCG TCT GGC ACC ATC ATG GAC CGT TCT ATC ATC CTG CGT CAC CTG CTG AAC AAC CCG TTC GAT CCG TTC AAC CGC CAG ACC CTG ACC GAA TCT ATG CTG GAG CCG GTT CCA GAA CTG AAA GAA CAG ATC CAG GCG TGG ATG CGT,2.640618169613769
GAC GCT CCG GAC GAA TTC CGT GAC CCA CTG ATG GAC ACC CTG ATG ACC CGT CCG GTT CGT CTG CCG TCT GGC ACC ATC ATG GAC ATC TCT ATC ATC CTG CGT CAC CTG CTG AAC TCT CCG ACC GAC CCG TTC AAC CGT CAG ACC CTG ACC GAA TCT ATG CTG GAA CCG GTG CCG GAA CTG AAA GAA CAG ATC CAG GCG TGG ATG CGC,0.7689058988747448
GAC GCT CCG GAC GAA TTC CGT GAC CCG CTG ATG GAT ACC CTC ATG ACT GAC CCA GTT CGT CTG CCG TCT GGT ACT ATC ATG GAC TTC TCT ATC ATC CTG CGT CAC CTG CTG AAC TCT CCG ACC GAC CCG TTC AAC CGT CAA ACC CTG ACC GAA TCT ATG CTG GAA CCA GTG CCA GAA CTG AAA GAA CAG ATC CAG GCG TGG ATG CGT,1.2260376331240472
GAT GCT CCA GAC GAG TTC CGT GAC CCG CTG ATG GAC ACC CTG ATG ACT GAC CCG GTT CGT CTG CCG TCT GGC ACC ATC ATG GAC TCT TCT ATC ATC CTG CGT CAC CTC CTG AAT TCT CCG ACC GAC CCG TTC AAC CGT CAG ACT CTG ACC GAA TCT ATG CTG GAA CCA GTT CCA GAA CTG AAC GAA CAG ATC CAG GCG TGG ATG CGT,-0.9817445213674518
GAT GCT CCA GAT GAA TTC CGT GAC CCG CTG ATG GAC AAC CTG ATG ACC GAC CCG GTT CGT CTG CCG TCC GGT ACC ATC ATG GTT CGT TCT ATC ATC CTG CGT CAC CTG CTG AAC TCT CCA ACT GAC CCG TTC AAC CGT CAG ACC CTG ACC GAA TCT ATG CTG GAG CCG GTG CCG GAG CTG AAA GAA CAG ATC CAG GCG TGG ATG CGT,-0.3096761522075848
GAT GCG CCG GAC GAA TTC CGT GAC CCG CTG ATG GAC ACC CTG ATG ACC GAC CCG GTT CGT CTG CCG TCT GGC ACT ATC ATG GAC CGC TCC ATC ATC CTG CGT CAC CTG CTG AAC TCT CCG ACC GTT CCG TTC AAC CGT CAG ACC CTG ACC GAA TCT ATG CTG GAA CCG GTG CCG GAG CTC AAA GAA CAG ATC CAG GCT TGG ATG CGT,-1.0401368430526077
GAT GCG CCG GAC GAA TTC CGT GAC CCG CTG ATG GAC CAC CTG ATG ACC GAC CCG GTT CGT CTG CCG TCT GGC ACC ATC ATG TTC CGT TCT ATC ATC CTG CGT CAC CTG CTG AAC TCT CCG ACT GAC CCG TTC AAC CGT CAG ACC CTG ACC GAA TCT ATG CTG GAA CCG GTG CCG GAA CTC AAA GAA CAG ATC CAG GCG TGG ATG CGT,0.7781878333090619
GAC GCT CCG GAC GAA TTC CGT GAC CCG CTG ATG GAC TCT CTG ATG ACC GAC CCA GTT CGT CTG CCG TCT GGC ACC ATC ATG TCT CGT TCT ATC ATC CTG CGT CAC CTG CTG AAC TCT CCG ACT GAC CCG TTC AAC CGT CAG ACC CTG ACC GAA TCT ATG CTC GAA CCG GTG CCG GAA CTG AAA GAA CAG ATC CAG GCG TGG ATG CGT,-1.1863425093090258
GAC GCT CCG GAC GAA TTC CGT GAC CCG CTG ATG GAC ACC CTG ATG ACC GAT CCG GTT CGT CTG CCG TCT GGC ACC ATC ATG GAC CGT TCT ATC ATC CTG CGT CAC CTG CTG AAC TCT CCG ACC GAC CCG TTC AAC CGT CAA ACC CTG ACC GAA TCT ATG CTG GAG CCG GTG CCG GAA CTG AAA GAA CAG ATC ACC GCG TGG ATG CGT,1.9198242063349544
GAC GCT CCG GAC GAA TTC CGT ATC CCG CTG ATG GAC ACC CTC ATG ACC GAC CCG GTT CGT CTG CCG TCT GGT ACT ATC ATG CCG CGT TCT ATC ATC CTG CGT CAC CTG CTG AAC TCT CCG ACC GAT CCG TTC AAC CGT CAG ACC CTG ACC GAA TCT ATG CTG GAA CCA GTT CCA GAA CTG AAA GAA CAG ATC CAG GCG TGG ATG CGT,-0.3290814969935519
GAC GCT CCG GAC GAA TTC CGT GAC CCG CTG ATG GAC ACC CTG ATG ACC CAG CCG GTT CGC CTG CCG TCT GGC ACC ATC ATG GAC CGT TCT ATC ATC CTG CGT CAC CTG CTG AAC TCT CCG ACC GAC CCG TTC AAC CGT CAA ACT CTG ACC GAA TCT ATG CTG GAA CCG GTG CCG GAA CTG TAC GAA CAG ATC CAG GCG TGG ATG CGT,0.8987084597105377
GAC GCT CCG GAC GAA TTC CGT GAC CCG CTG ATG GAC ACC CTG ATG ACC GAC CCG GTG CTC CTG CCG TCT GGC ACC ATT ATG GAC CGT TCT ATC ATC CTG CGT CAC CTG CTG AAC TCT CCG ACT GAC CCG TTC AAC CGT CAG ACC CTG ACC GAA TCT ATG CTG ATC CCA GTG CCG GAG CTG AAA GAA CAG ATC CAG GCG TGG ATG CGT,2.0539163557314435
GAT GCG CCG GAC GAA TTC CGT CCG CCA CTC ATG GAC ACC CTG ATG ACC GAT CCG GTT CGT CTG CCG TCT GGC ACC ATC ATG CGT CGT TCT ATC ATC CTG CGT CAC CTG CTG AAC TCT CCA ACC GAC CCG TTC AAC CGT CAG ACC CTG ACC GAA TCT ATG CTG GAG CCG GTT CCG GAG CTG AAA GAA CAG ATC CAG GCG TGG ATG CGC,-1.0052463459773944
GAC GCT CCG GAC GAA TTC CGT GAC CCG CTG ATG GAC ACC CTG ATG ACC GAC CCG GTT CGT CTG CCG GTT GGC ACC ATC ATG GAC CGT TCT ATC ATC CTG CGT CAC CTG CTG AAC TCT CCG ACC AAA CCG TTC AAT CGC CAG ACC CTG ACT GAA TCT ATG CTG GAA CCG GTG CCG GAA CTG AAA GAG CAG ATC CAG GCG TGG ATG CGT,-4.203298484888444
GAC GCT CCG GAC GAA TTC CGT GAC CCG CTC ATG GAT ACT CTC ATG ACC GAC CCG GTT CGT CTG CCG TCT GGC ACC ATC ATG GAC CAC TCT ATC ATC CTG CGT CAC CTG CTG AAC TCT CCA ACC GAT CCG TTC AAC CGT CAA ACC CTG ACC GAA TCT ATG CTG GAG CCG GTG CCG GAA CTG TAC GAA CAG ATC CAG GCG TGG ATG CGT,0.4323094662585685
GAC GCT CCG GAC GAA TTT CGT GAC CCA CTG ATG GAT ACT CTC ATG ACT GCG CCG GTG CGT CTC CCG TCT GGC ACC ATC ATG GAC CGT TCT ATC ATC CTG CGT CAC CTG CTG AAC TCT CCG ACC GAC CCG TTC AAC CGT CAG ACC CTG ACC GAA TCT ATG CTG GAA CCA GTT CCA GAA CTG TGG GAA CAG ATC CAG GCG TGG ATG CGC,0.9826806630406906
GAT GCG CCG GAC GAG TTC CGT GAC CCG CTG ATG GAC ACC ACC ATG ACC GAT CCG GTT CGT CTG CCG TCT GGT ACT ATC ATG GAC CGT TCT ATC ATC CTG CGC CAC CTG CTC AAC TCT CCG ACC GAC CCG TTC AAT CGT CAG ACC CTG ACC GAA TCT ATG CTG GAA CCG GTG CCG GAA CTG AAA GAA CAG ATC CAG GCG TGG ATG CGT,0.6291155013240883
GAT GCG CCG GAC GAA TTC CGT GAC CCG CTG ATG GAC TAC CTG ATG ACC GAC CCG GTT CGT CTG CCG TCT GGC ACC ATC ATG AAC CGT TCT ATC ATC CTG CGT CAC CTG CTG AAC TCT CCG ACT GAC CCG TTC AAC CGT CAG ACC CTG ACC GAA TCT ATG CTG GAG CCG GTT CCA GAA CTG AAA GAA CAG ATC CAG GCG TGG ATG CGT,-0.1046715203616444
GAC GCG CCA GAC GAA TTC CGT GAC CCG CTC ATG GAC ACT CTG ATG ACC TTC CCG GTT CGC CTG CCG TCC GGT ACC ATT ATG GAC CGT TCT ATC ATC CTG CGT CAC CTG CTG AAC TCT CCG ACC GAT CCG TTT AAC CGT CAA ACT CTG ACC GAA TCT ATG CTG GAA CCA GTT CCG GAG CTG GAA GAA CAG ATC CAG GCG TGG ATG CGT,0.5556192299947056
GAC GCT CCG GAC GAA TTC CGT GAC CCG CTG ATG GAC ACC CTG ATG ACC GAT CCG GTT CGT CTG CCG TCT GGC ACC ATC ATG GAT CGT TCC ATC ATC CTG CGT CAC CTG CTG AAC TCT CCG ACT GAC CCG TTC AAC CGT CAG ACC CTG ACC GAA CAC ATG CTG GAG CCG GTG CCG GAA CTG AAA GAA CAG ATC CAG GCG TGG ATG CGT,2.1580948553948227
GAT GCG CCG GAT GAA TTC CGT GAC CCG CTG ATG GAT ACC CTC ATG ACC GAC CCG GTT CGT CTG CCG TCT TGG ACC ATC ATG GAC CGT TCT ATC ATC CTG CGT CAC CTG CTG AAC TCT CCG ACT GAC CCG TTC AAT CGT CAA ACC CTG ACC GAA TCT ATG CTG GAA CCG GTG CCG GAA CTG AAA GAA CAG ATC CAG GCG TGG ATG CGT,-0.0798357414637892
GAT GCG CCG GAT GAA TTC CGT GAC CCG CTG ATG GAC ACC CTG ATG ACC GCG CCA GTG CGT CTC CCA TCT GGC ACT ATT ATG GAC CGT TCT ATC ATC CTG CGT CAC CTG CTG AAC TCT CCG ACC GAC CCA TTC AAT CGT CAA ACC CTG ACT GAA TCT ATG CTG GAG CCG GTG CCG GAA CTC ATC GAA CAG ATC CAG GCG TGG ATG CGT,0.5479929792504301
GAT GCG CCG GAC GAA TTC CGT GAC CCG CTG ATG GAC ACC CTG ATG ACC GTT CCG GTT CGT CTG CCG TCT GGC ACC ATT ATG GAC CTG TCT ATC ATC CTC CGT CAC CTG CTG AAC TCT CCG ACC GAC CCG TTC AAT CGT CAA ACC CTG ACC GAA TCT ATG CTG GAG CCA GTG CCG GAA CTC AAA GAA CAG ATC CAG GCG TGG ATG CGT,1.063870619936912
GAT GCG CCG GAC GAA TTC CGT GAC CCG CTG ATG GAC ACC CTG ATG ACT GAC CCG GTT CGT CTG CCG TCT GGC ACC ATC ATG GAC CGT TCT ATC ATC CTG CGT CAC CTG CTG AAC TCT CCG ACC GAC CCG TTC AAC CGT CAG ACC CTG ACC GAA TCT ATG CTG GAG CCG GTT CCA GAA CTG CTG GAA CAG ATC CAG GCG TGG ATG CGT,2.345718222518042
GAT GCG CCG GAC GAA TTT CGT GAC CCG CTG ATG GAC ACC CTC ATG ACT GAC CCA GTT CGT CTC CCG TCC GGT ACC ATC ATG GAC CGT TCT ATC ATC CTG CGT CAC CTG CTG AAC TCT CCA ACC GAC CCA TTC AAC CGT CAG ACC CTG ACC GAA TCT ATG CTG GAA CCG GTG CCG ATG CTG AAA GAA CAG ATC CAG GCG TGG ATG CGT,2.010122089338747
GAT GCG CCG GAC GAA TTC CGT GAT CCG CTG ATG GAC ACC CTG ATG ACC GAC CCG GTT CGT CTG CCG TCC GGT ACC ATC ATG GAC CGT TCT ATC ATC CTG CGT CAC CTG CTG AAC ATC CCG GGT GAC CCG TTC AAC CGT CAG ACC CTG ACC GAA TCT ATG CTG GAG CCG GTT CCG GAG CTG AAA GAA CAG ATC CAG GCT TGG ATG CGT,0.1911668909586625
GAC GCG CCA GAT GAA TTC CGT TCT CCG CTG ATG GAC ACC CTG ATG ACC GAT CCG GTT CGT CTG CCG TCC GGT ACC ATC ATG CAG CGT TCT ATC ATC CTG CGT CAC CTG CTG AAC TCT CCG ACC GAC CCG TTC AAC CGT CAG ACC CTG ACC GAA TCT ATG CTG GAG CCG GTG CCA GAA CTG AAA GAA CAG ATC CAG GCG TGG ATG CGC,-3.9937092636059006
GAC GCT CCG GAC GAA TTC CGT GAC CCG CTG ATG GAC ACC CTG ATG ACC GAC CCG GTT CGT CTG CCG TCT GGC ACC ATT ATG GAC CGT TCT ATC ATC CTG CGT CAT CTG CTG AAC TCT CCA ACC GAT CCG TTC AAC CGC CAG ACC CTG ACC GAA TTC ATG CTC GAA CCA GTT CCA GAA CTG AAA GAA CAG ATC CAG GCG TGG ATG CGT,2.0878413011585764
GAC GCT CCG GAT GAA TTC CGC GAT CCG CTG ATG GAC CAC CTG ATG ACT GAC CCG GTT CGT CTG CCA TCT GGT ACT ATC ATG AAA CGT TCT ATC ATC CTG CGC CAC CTG CTG AAC TCT CCG ACC GAC CCG TTC AAC CGT CAG ACC CTG ACC GAA TCT ATG CTG GAA CCG GTG CCG GAA CTG AAA GAA CAA ATC CAG GCT TGG ATG CGT,-3.390409321366187
GAC GCG CCA GAC GAA TTC CGT GAC CCG CTG ATG GAC ACC CTC ATG ACC GTT CCA GTG CGT CTG CCG TCC GGT ACC ATC ATG GAT CGT TCT ATC ATC CTG CGT CAC CTC CTG AAC TCT CCG ACC GAT CCG TTT AAC CGC CAA ACC CTG ACC GAA TCT ATG CTG GAG CCG GTG CCG GAA CTG CGT GAA CAG ATC CAG GCG TGG ATG CGT,0.5362841621927293
GAC GCG CCA GAC GAA TTC CGT GAC CCG CTG ATG GAC ACC CTG ATG ACC GAC CCG GTT TTC CTG CCG TCT GGT ACT ATC ATG GAC CGT TCT ATC ATC CTG CGT CAC CTG CTG AAC TCT CCG ACT GAC CCG TTC AAC CGT CAG ACC CTG ACC GAA TCT ATG CTG GGT CCG GTT CCG GAG CTG AAA GAA CAG ATC CAG GCG TGG ATG CGT,-0.2129500384471864
GAC GCG CCA GAT GAA TTC CGT GAC CCG CTG ATG GAC ACC CTG ATG ACC TTC CCG GTT CGT CTG CCG TCT GGC ACC ATC ATG GAC CCG TCT ATC ATC CTG CGT CAC CTG CTG AAC TCT CCG ACC GAT CCG TTT AAC CGT CAG ACT CTG ACC GAA TCT ATG CTC GAA CCA GTT CCA GAG CTG AAA GAA CAG ATC CAG GCG TGG ATG CGT,0.0077963582313894
GAC GCT CCG GAC GAA TTC CGT GAC CCG CTG ATG GAC ACC CTG ATG ACC GAT CCG GTG CGT CTG CCG TCT CAC ACC ATC ATG GAC CGT TCT ATC ATC CTG CGT CAC CTG CTG AAC TCT CCG ACC GAC CCA TTC AAC CGT CAG ACC CTG ACC GAA TCT ATG CTG GAA CCG GTG CCG GAA CTG AAA GAA CAG ATC CAG GCG TGG ATG CGT,-0.0985318232581386
GAC GCT CCG GAC GAA TTC CGT TCT CCG CTG ATG GAC ACC CTG ATG ACC GAC CCG GTT CGT CTG CCG TCT GGC ACT ATC ATG AAC CGT TCT ATC ATC CTG CGT CAT CTC CTG AAC TCT CCA ACC GAT CCG TTC AAC CGC CAG ACC CTG ACC GAA TCT ATG CTG GAA CCG GTG CCG GAA CTG AAA GAA CAG ATC CAG GCG TGG ATG CGT,-2.3749874980473265
GAC GCT CCG GAC GAA TTC CGT GAA CCG CTG ATG GAC ACT CTG ATG ACC GAC CCG GTT CGT CTG CCG TCT GGC ACC ATC ATG GAA CGC TCT ATC ATC CTG CGT CAC CTG CTG AAC TCT CCG ACT GAC CCA TTC AAC CGT CAG ACC CTG ACC GAA TCT ATG CTG GAA CCG GTG CCG GAA CTG AAA GAA CAG ATT CAG GCG TGG ATG CGT,-0.9871807601952368
GAC GCG CCA GAC GAA TTC CGT GAC CCG CTG ATG GAT ACC CTC ATG ACC GAC CCA GTT ATC CTC CCG TCT GGT ACT ATC ATG GAC CGT TCT ATC ATC CTG CGT CAC CTG CTG AAC TCT CCG ACT GAC CCG TTC AAC CGT CAG ACC CTG ACC GAA TCT ATG CTG ATC CCG GTG CCG GAG CTG AAA GAA CAG ATC CAG GCG TGG ATG CGC,1.480935038289742
GAT GCG CCG GAC GAA TTC CGT GAC CCG CTG ATG GAC ACC CTG ATG ACT TGG CCA GTT CGT CTG CCA TCT GGT ACT ATC ATG GAC CGT TCT ATC ATC CTG CGT CAC CTG CTG AAC TCT CCG ACT GAT CCG TTC AAT CGC CAG ACC CTG ACC GAA TCT ATG CTG GAG CCG GTT CCG GAG CTG CCG GAA CAG ATC CAG GCG TGG ATG CGT,-0.4883151381240495
GAT GCG CCG GAC GAA TTC CGT GAC CCG CTG ATG GAC ACC CTG ATG ACC GAC CCG GTT CGT CTG CCG TCT GGC ACC ATC ATG GAC CGT TCT ATC ATC CTG CGT CAC CTG CTG AAC TCT CCG ACT GAC CCG TTC AAC CGT CAG ACC CTG ACC GAA TCT ATG CCG GAA CCA GTT CCA GAA CTG AAA GAA CAG ATC CAG GCG TGG ATG CGT,-3.844830083335274
GAT GCG CCG GAC GAA TTC CGT GAC CCG CTG ATG GAC ACC CTG ATG ACC GAT CCG GTT CGT CTG CCG TCT GGC ACC ATC ATG GAC CGT TCT ATC ATC CTG CGT CAC CTC CTG AAC TCT CCA ACC GAC CCA TTC AAT CGC CAG ACC CTG ACC GAA TCT ATG CTG GAG CCG GTT CCA GAA CTG AAA TCT CAG ATC CAG GCG TGG ATG CGT,2.16922246566922
GAC GCT CCG GAT GAA TTC CGT ATC CCG CTG ATG GAC ACC CTG ATG ACC GAC CCG GTT CGT CTG CCG TCT GGC ACC ATC ATG TCT CGT TCT ATC ATC CTG CGT CAC CTG CTG AAC TCT CCA ACC GAT CCA TTC AAC CGT CAG ACC CTG ACC GAA TCT ATG CTG GAG CCA GTT CCA GAG CTG AAA GAA CAG ATC CAG GCG TGG ATG CGC,-0.3313092805216558
GAT GCG CCG GAC GAA TTT CGT GAC CCG CTG ATG GAC ACC CTG ATG ACT GAC CCG GTG ATG CTG CCG TCT GGC ACC ATC ATG GAC CGT TCT ATC ATC CTG CGT CAC CTG CTC AAT TCT CCG ACC GAC CCA TTC AAC CGT CAG ACC CTG ACC GAA TCT ATG CTG AAC CCG GTT CCG GAG CTG AAA GAA CAG ATC CAG GCG TGG ATG CGT,1.244514715782283
GAT GCG CCG GAC GAA TTC CGT GAC CCG CTG ATG GAC ACC CTG ATG ACC GAC CCG GTT CGT CTG CCG TCT GGT ACC TTC ATG GAC CGT TCT ATC ATC CTG CGT CAC CTG CTG AAC TCT CCG ACT GAC CCG TTT AAC CGT CAG ACC CTG ACC GAA TCT ATG CTG GAG CCA GTT CCA GAA CTC AAA GAA CAG ATC CAG GCG TGG ATG CGT,0.0857474092235215
GAC GCT CCG GAC GAA TTC CGT GAC CCG CTG ATG GAC ACC CTG ATG ACC GAC CCG GTT CGT CTG CCG TCT GGC ACC ATC ATG GAC CGT TCT ATC ATC CTG CGC CAC CTG CTG AAC TCT CCG ACT GAC CCG TTT AAC CGT CAG ACC CTG ACC GAA TCT ATG CTG GAA CCG GTG CCG ATC CTG AAA GAA CAG ATC CAG GCG TGG ATG CGT,1.806014509247302
GAC GCT CCG GAC GAA TTC CGT GAC CCA CTG ATG GAC ACC CTG ATG ACC CGT CCG GTT CGT CTG CCG TCT GGC ACC ATC ATG GAC TTC TCT ATC ATC CTG CGT CAC CTG CTG AAC TCT CCG ACC GAC CCG TTC AAC CGT CAG ACC CTG ACC GAA TCT ATG CTG GAA CCG GTG CCG GAA CTG AAA GAA CAG ATC CAG GCG TGG ATG CGT,1.0083562283745628
GAC GCG CCA GAT GAA TTC CGT GAC CCG CTG ATG GAT ACT CTG ATG ACC GAT CCA GTT CGT CTC CCA GGT GGC ACT ATC ATG GAC CGT TCT ATC ATC CTG CGT CAC CTG CTG AAC TCT CCG ACC GAC CCG TTT GCG CGT CAG ACT CTG ACC GAA TCC ATG CTG GAA CCG GTG CCG GAA CTG AAA GAA CAG ATC CAG GCT TGG ATG CGT,0.0627274766935322
GAC GCT CCA GAT GAA TTC CGT GAC CCG CTG ATG GAT TTC CTG ATG ACT GAC CCG GTT CGT CTG CCG TCC GGT ACC ATC ATG TAC CGT TCT ATC ATC CTG CGT CAC CTG CTG AAC TCT CCG ACC GAC CCG TTC AAC CGT CAG ACC CTG ACC GAA TCT ATG CTG GAG CCA GTT CCG GAG CTG AAA GAA CAG ATC CAG GCG TGG ATG CGT,0.9060348744559814
GAC GCT CCG GAC GAA TTC CGT GAC CCG CTG ATG GAC ACC CTG ATG ACC GAT CCG GTT TCT CTG CCG TCT GGT ACT ATC ATG GAC CGT TCT ATC ATC CTG CGT CAC CTC CTG AAC TCT CCG ACC GAC CCG TTC AAC CGT CAG ACC CTG ACC GAA TCT ATG CTG TTC CCG GTT CCA GAA CTG AAA GAA CAG ATC CAG GCG TGG ATG CGT,0.0544589650026638
GAC GCG CCA GAT GAA TTC CGT GAC CCG CTG ATG GAC CTG CTG ATG ACT GAC CCA GTT CGT CTG CCA TCT GGT ACT ATC ATG TCT CGT TCT ATC ATC CTG CGT CAT CTG CTG AAC TCT CCG ACC GAC CCA TTC AAC CGT CAG ACC CTG ACC GAA TCT ATG CTG GAA CCG GTG CCG GAA CTG AAA GAA CAG ATC CAG GCG TGG ATG CGT,-0.0305897959822934
GAT GCG CCG GAT GAA TTC CGT GAC CCG CTG ATG GAC ACC CTG ATG ACC GAT CCG GTT CGT CTG CCG TCT GGC ACC ATC ATG GAC CGT TCT ATC ATC CTG CGT CAC CTG CTG AAC TCT CCG ACC GAC CCA TTC AAC CGC CAG ACC CTG ACC GAA TCT ATG CTG GAA CCG GTG CCG GAA CTG AAA GAG AAA ATC CAG GCG TGG ATG CGT,2.972518500148613
GAT GCG CCG GAC GAA TTC CGC GAC CCG CTG ATG GAC ACC CTG ATG ACC GAC CCG GTT CGT CTG CCG CTG GGT ACC ATC ATG GAT CGT TCT ATC ATC CTG CGT CAC CTG CTG AAC TCT CCG ACC ATG CCG TTC AAC CGT CAG ACC CTG ACC GAA TCT ATG CTG GAG CCA GTT CCG GAG CTG AAA GAA CAG ATC CAG GCG TGG ATG CGT,-0.7985292228798313
GAC GCT CCG GAC GAA TTC CGT ATG CCG CTG ATG GAC ACC CTG ATG ACT GAC CCA GTT CGT CTG CCG TCT GGC ACC ATC ATG CGT CGT TCT ATC ATC CTG CGT CAC CTG CTG AAC TCT CCG ACC GAT CCG TTC AAC CGT CAG ACC CTG ACC GAA TCT ATG CTG GAA CCG GTG CCG GAA CTG AAA GAA CAG ATC CAG GCT TGG ATG CGT,-1.525214752234004
GAC GCT CCG GAC GAA TTC CGT GAC CCG CTG ATG GAC ACC CTG ATG ACC GAC CCG GTT CGT CTG CCG TCT GGC ACC ATC ATG GAC AAA TCT ATC ATC CTG CGT CAC CTG CTG AAC TCT CCG ACC GAT CCG TTC AAC CGT CAG ACC CTG ACC GAG TCT ATG CTG GAA CCG GTG CCG GAA CTC ATC GAA CAG ATC CAG GCG TGG ATG CGT,0.4939964274158712
GAT GCG CCG GAC GAA TTC CGT GAC CCG CTG ATG GAC ACC CTG ATG ACC GAT CCG GTT CGT CTG CCG AAC GGC ACC ATC ATG GAC CGT TCT ATC ATC CTG CGT CAC CTG CTG AAC TCT CCA ACC GAC CCG TTT CGC CGT CAA ACC CTC ACC GAA TCT ATG CTG GAG CCG GTG CCG GAG CTG AAA GAA CAG ATC CAG GCG TGG ATG CGT,0.5159977155612191
GAC GCT CCG GAC GAA TTT CGC GGT CCG CTG ATG GAT ACT CTG ATG ACC GAT CCG GTT CGT CTG CCG TCT GGC ACC ATT ATG ATC CGT TCT ATC ATC CTG CGT CAC CTG CTG AAC TCT CCG ACC GAC CCG TTT AAC CGT CAG ACC CTG ACC GAA TCT ATG CTG GAA CCA GTG CCG GAA CTG AAA GAA CAG ATC CAG GCG TGG ATG CGT,0.4520293444641164
GAC GCT CCG GAC GAA TTC CGT GAC CCG CTG ATG GAC ACT CTC ATG ACT GAC CCG GTT CGT CTG CCG TCT GGT ACT ATC ATG GAC CGT TCT ATC ATC CTG CGT CAC CTG CTC AAC TCT CCG ACT GAT CCG TTC AAT CGC CAG ACC CTG ACC GAA TCT ATG TGG GAA CCG GTG CCG GAA CTG AAA GAA CAG ATC CAG GCG TGG ATG CGT,0.1431636847677814
GAC GCG CCA GAT GAA TTC CGT GAC CCG CTG ATG GAC ACC CTG ATG ACC GAT CCG GTT CGT CTG CCG TCT GGC ACT ATC ATG GAC CGT TCT ATC ATC CTG CGT CAC CTG CTG AAC TCT CCG ACC GAC CCG TTC AAC CGT CAG ACC CTG ACC GAA TCC ATG CTG GAA CCG GTG CCG GAG CTG AAA GAA CAG ATT TGC GCG TGG ATG CGT,2.3288928400938764
GAT GCG CCG GAC GAA TTC CGT GGT CCG CTG ATG GAC ACC CTG ATG ACT GAC CCG GTT CGT CTG CCG TCT GGC ACC ATC ATG CCG CGT TCT ATC ATC CTG CGT CAC CTG CTG AAC TCT CCG ACC GAC CCG TTC AAC CGT CAG ACC CTG ACC GAA TCT ATG CTG GAA CCA GTT CCG GAG CTG AAA GAA CAG ATC CAG GCG TGG ATG CGT,-2.496036175116814
GAT GCG CCG GAC GAA TTC CGT GAC CCG CTC ATG GAC ACC CTG ATG ACC GAC CCG GTT CGT CTC CCA GCG GGT ACC ATC ATG GAT CGT TCT ATC ATC CTG CGT CAC CTG CTG AAC TCT CCG ACC CAA CCG TTC AAC CGC CAG ACC CTG ACC GAA TCT ATG CTG GAA CCA GTG CCG GAA CTG AAA GAA CAG ATC CAG GCG TGG ATG CGT,-0.5827250431817315
GAT GCG CCG GAC GAA TTC CGT GAT CCG CTG ATG GAC ACC CTG ATG ACC GAT CCG GTT GCG CTG CCG TCT GGC ACT ATC ATG GAC CGT TCT ATC ATC CTG CGT CAC CTG CTG AAC TCT CCG ACC GAC CCA TTC AAC CGT CAG ACC CTG ACC GAA TCT ATG CTG CAT CCG GTG CCG GAA CTG AAA GAA CAG ATC CAG GCG TGG ATG CGT,0.1201904240175582
GAC GCT CCG GAC GAG TTC CGT GAC CCG CTG ATG GAT ACC CTG ATG ACC CGT CCG GTT CGC CTG CCG TCT GGC ACC ATC ATG GAC ACC TCT ATC ATC CTG CGT CAC CTG CTG AAC TCT CCG ACC GAC CCG TTC AAC CGC CAG ACC CTG ACC GAA TCT ATG CTG GAA CCG GTG CCG GAA CTG AAA GAA CAG ATC CAG GCT TGG ATG CGC,0.1293148067880118
GAT GCG CCG GAC GAA TTC CGT GAC CCG CTG ATG GAC ACC CTG AAC ACC GAC CCG GTT CGT CTG CCG TCT GGC ACC ATC ATG GAC CGT TCT ATC ATC CTG CGT CAC CTG CTG AAC TCT CCG ACC GAT CCG TTC AAC CGT CAG ACC CTG ACC GAA TCT ATG CTG GAA CCG GTG CCG GAA CTG AAA GAA CAG ATC CAG GCG TGG ATG CGT,-1.0581275797941905
GAT GCG CCG GAT GAA TTC CGT GAC CCG CTG ATG GAC ACC CTC ATG ACC AAA CCG GTG CGT CTG CCG TCT GGT ACT ATC ATG GAC CGT TCT ATC ATC CTG CGT CAC CTG CTG AAC TCT CCG ACC GAT CCG TTC AAC CGT CAG ACC CTG ACC GAA TCT ATG CTG GAA CCA GTG CCG GAA CTG GGT GAA CAG ATC CAG GCG TGG ATG CGT,-1.102645998177299
GAC GCG CCA GAT GAA TTC CGT AAC CCG CTG ATG GAC ACC CTG ATG ACC GAC CCG GTT CGT CTG CCG TCT GGC ACC ATT ATG TCT CGT TCT ATC ATC CTG CGT CAC CTG CTG AAC TCT CCG ACT GAC CCA TTC AAC CGT CAG ACC CTG ACC GAA TCT ATG CTG GAA CCG GTG CCG GAG CTG AAA GAA CAG ATC CAG GCG TGG ATG CGT,-1.089255702173647
GAC GCG CCA GAT GAA TTC CGT ATG CCG CTG ATG GAT ACC CTG ATG ACC GAT CCG GTT CGT CTG CCG TCT GGC ACC ATT ATG ATC CGT TCT ATC ATC CTG CGT CAC CTG CTG AAC TCT CCG ACC GAC CCG TTC AAC CGT CAG ACC CTG ACC GAA TCT ATG CTG GAG CCG GTT CCG GAG CTG AAA GAA CAG ATC CAG GCG TGG ATG CGT,0.6343063899944926
GAC GCT CCG GAC GAA TTC CGT GAC CCG CTG ATG GAC CGT CTG ATG ACT GAC CCG GTT CGT CTG CCG TCT GGC ACC ATT ATG ATC CGT TCT ATC ATC CTG CGT CAC CTG CTG AAC TCT CCG ACC GAC CCG TTC AAC CGT CAG ACC CTG ACC GAA TCC ATG CTG GAG CCG GTT CCA GAG CTC AAA GAA CAG ATC CAG GCG TGG ATG CGT,0.6535688904188142
GAC GCG CCA GAC GAG TTT CGT GAC CCG CTG ATG GAC ACC CTC ATG ACC GAT CCA GTT CGT CTG CCG TCC GGT ACC ATC ATG GAC CCG TCT ATC ATC CTG CGT CAC CTG CTG AAC TCT CCG ACC GAC CCG TTC AAC CGT CAA ACC CTC ACC GAA TCC ATG CTG GAA CCG GTG CCA GAA CTC ACT GAA CAG ATC CAG GCT TGG ATG CGT,-0.7213149206728218
GAC GCT CCG GAC GAA TTC CGC GAC CCG CTG ATG GAT ACC CTC ATG ACC GAC CCG GTT CGT CTG CCG TCT GGT ACT ATC ATG GAC AAC TCT ATC ATC CTG CGT CAC CTG CTG AAC TCT CCG ACT GAC CCG TTC AAC CGC CAG ACC CTG ACC GAA TCC ATG CTG GAA CCA GTG CCG GAA CTG CGT GAA CAG ATC CAG GCG TGG ATG CGT,-0.0726588822969309
GAT GCG CCG GAC GAA TTC CGT GAC CCG CTG ATG GAC ACC CTG ATG ACC GAC CCG GTT CGT CTG CCG TCT GGT ACT ATT ATG GAC CGT TCT ATC ATC CTG CGT CAC CTG CTG AAC GCT CCG TCT GAC CCA TTC AAC CGT CAG ACC CTG ACC GAA TCT ATG CTG GAG CCG GTT CCA GAA CTG AAA GAA CAG ATC CAG GCG TGG ATG CGT,0.8259196678872264
GAC GCT CCG GAC GAA TTC CGT GAC CCG CTG ATG GAC ACC CTG ATG ACC GAC CCG GTT CGT CTG CCA CCG GGT ACC ATC ATG GAC CGT TCT ATC ATC CTG CGT CAC CTG CTG AAC TCT CCG ACC TTC CCG TTC AAC CGC CAG ACC CTG ACC GAA TCT ATG CTG GAG CCG GTT CCA GAA CTG AAA GAA CAG ATC CAG GCG TGG ATG CGT,0.1453677596233475
GAC GCT CCG GAC GAA TTC CGT GAC CCA CTC ATG GAC CCG CTG ATG ACC GAC CCG GTT CGT CTG CCG TCT GGC ACC ATC ATG GAG CGT TCT ATC ATC CTG CGT CAC CTG CTG AAC TCT CCG ACC GAT CCA TTC AAC CGT CAG ACC CTG ACC GAA TCT ATG CTG GAA CCA GTG CCG GAG CTG AAA GAA CAG ATC CAG GCG TGG ATG CGT,-2.2026407867698303
GAT GCG CCG GAC GAA TTC CGT GAC CCG CTG ATG GAT TCT CTG ATG ACC GAC CCG GTT CGT CTG CCG TCT GGC ACC ATT ATG TAC CGT TCT ATC ATC CTG CGT CAC CTG CTG AAC TCT CCG ACC GAT CCA TTC AAC CGT CAG ACC CTG ACC GAA TCT ATG CTG GAA CCG GTG CCG GAA CTG AAA GAA CAG ATC CAG GCG TGG ATG CGT,0.1626680588154249
GAT GCG CCG GAC GAA TTC CGT GAC CCA CTG ATG GAC ACT CTG ATG ACC GAC CCG GTT CGT CTG CCG TCT GGC ACC ATC ATG GAC CGT TCT ATC ATC CTG CGT CAC CTG CTG AAC ATC CCG ATG GAC CCG TTC AAC CGT CAG ACC CTG ACC GAA TCT ATG CTG GAG CCA GTT CCA GAG CTG AAG GAA CAG ATC CAG GCG TGG ATG CGT,1.1387140541098706
GAT GCG CCG GAC GAA TTC CGT GAC CCG CTG ATG GAC ATG CTG ATG ACT GAC CCG GTT CGT CTG CCG TCC GGT ACT ATC ATG GCG CGT TCT ATC ATC CTG CGT CAC CTG CTG AAC TCT CCG ACC GAC CCG TTC AAC CGT CAG ACC CTG ACC GAA TCT ATG CTG GAG CCG GTT CCG GAG CTG AAA GAA CAG ATC CAG GCG TGG ATG CGT,0.286574857323792
GAC GCT CCG GAC GAA TTC CGT GAC CCG CTG ATG GAC ACC CTG ATG ACC ATC CCG GTT CGT CTG CCG TCT GGC ACC ATC ATG GAC CGT TCT ATC ATC CTG CGT CAC CTG CTG AAC TCT CCG ACC GAC CCG TTC AAC CGT CAA ACC CTG ACC GAA TCT ATG CTC GAA CCA GTG CCG GAG CTC AAA GAA CAG ATC CAG GCT TGG ATG CGT,0.2635351349947171
CTG GCT CCG GAT GAA TTC CGT GAC CCG CTG ATG GAC ACC CTG ATG ACC GAC CCG GTT CGT CTG CCG TCT GGT ACT ATC ATG GAC CGT TCT ATC ATC CTG CGT CAC CTG CTG AAC TCT CCG ACC GAT CCG TTC AAC CGT CAG ACC CTG ACC GAA TCT ATG CTG GAG CCG GTG CCA GAA CTG AAA GAA CAG ATC CAG GCG TGG ATG CGT,2.58360627557441
GAT GCG CCG GAC GAG TTC CGT GAC CCG CTG ATG GAC ACC CTG ATG ACC GAC CCG GTT CGT CTG CCG TCT GGC ACC ATC ATG GAC TAC TCT ATC ATC CTG CGT CAC CTG CTG AAC TCT CCG ACT GAC CCA TTC AAT CGT CAG ACC CTG ACC GAA TCT ATG CTG GAG CCA GTG CCG GAG CTG GTT GAA CAG ATC CAG GCG TGG ATG CGT,0.7933731493441367
GAC GCG CCA GAC GAA TTC CGT GAC CCG CTG ATG GAC ACC CTG ATG ACC GAT CCA GTT GAA CTG CCG TCT GGT ACT ATC ATG GAC CGT TCT ATC ATC CTG CGT CAC CTG CTG AAC TCT CCA ACC GAC CCG TTC AAC CGT CAG ACC CTG ACC GAA TCT ATG CTG TAC CCG GTG CCG GAA CTG AAA GAA CAG ATC CAG GCG TGG ATG CGT,-0.3466800846467567
GAC GCT CCG GAT GAA TTC CGT GAC CCG CTG ATG GAC ACC CTG ATG ACC GAT CCG GTT CGT CTG CCG TCT GGT ACT ATC ATG GAC CGT TCT ATC ATC CTG CGT CAC AAC CTG AAC TCT CCG ACC GAC CCG TTC AAC CGT CAA ACC CTG ACC GAA TCT ATG CTG GAA CCG GTG CCA GAG CTG AAA GAA CAG ATC CAG GCG TGG ATG CGT,-4.312411775143394
GAT GCG CCG GAC GAA TTC CGT GAC CCG CTG ATG GAC ACC CTG ATG ACC GAC CCG GTT CGT CTG CCG TCT GGC ACC ATC ATG GAT CGT TCT ATC ATC CTG CGC CAC CTG CTG AAC TCT CCG ACT GAT CCG TTC AAC CGC CAG ACC CTC ACC GAA TCC ATG CTG GAA CCG GTG CCG TAC CTG AAA GAA CAG ATC CAG GCG TGG ATG CGC,2.25672854103499
GAT GCG CCG GAC GAA TTC CGT GAC CCG CTG ATG GAC ACC CTG ATG ACC AAA CCG GTG CGT CTC CCG TCC GGT ACC ATC ATG GAC GTT TCT ATC ATC CTG CGT CAC CTG CTG AAC TCT CCG ACC GAC CCG TTT AAT CGT CAG ACC CTG ACC GAA TCT ATG CTG GAA CCA GTT CCG GAG CTG AAA GAA CAG ATC CAG GCG TGG ATG CGT,0.1237640219043284
GAT GCG CCG GAC GAA AAC CGT GAC CCG CTG ATG GAC ACC CTG ATG ACC GAC CCG GTT CGT CTG CCG TCC GGT ACC ATC ATG GAC CGT TCT ATC ATC CTG CGC CAC CTG CTG AAC TCT CCG ACT GAC CCG TTC AAC CGT CAG ACC CTG ACC GAA TCT ATG CTG GAA CCG GTG CCA GAA CTG AAG GAA CAG ATC CAG GCT TGG ATG CGC,-1.6308186604839543
GAT GCG CCG GAT GAA TTC CGT GAC CCG CTG ATG GAC ACT CTC ATG ACC GAT CCA GTT CGT CTG CCG TCT GGT ACT ATC ATG GAC GAC TCT ATC ATC CTG CGT CAC CTG CTG AAC TCT CCA ACC GAC CCG TTC AAC CGT CAG ACC CTG ACC GAA TCT ATG CTG GAG CCG GTT CCG GAG CTG CAG GAA CAG ATC CAG GCG TGG ATG CGT,-6.647711399769635
GAT GCG CCG GAC GAA TTC CGT GAC CCG CTG ATG GAC ACC CTC ATG ACC ACT CCG GTT CGT CTG CCG TCT GGC ACC ATC ATG GAC AAC TCT ATC ATC CTG CGT CAC CTG CTG AAC TCT CCG ACC GAC CCG TTC AAC CGT CAG ACC CTG ACC GAA TCT ATG CTG GAG CCG GTG CCG GAA CTC AAA GAG CAG ATC CAG GCG TGG ATG CGT,-1.889311484074292
GAC GCT CCG GAC GAA TTC CGT GAC CCG CTG ATG GAC ACC CTG ATG ACT GAC CCG GTT CCG CTG CCG TCT GGT ACT ATC ATG GAC CGT TCT ATC ATC CTG CGT CAC CTG CTG AAC TCT CCG ACC GAC CCG TTT AAC CGT CAG ACC CTG ACC GAA TCT ATG CTG GCT CCG GTG CCA GAG CTG AAA GAA CAG ATC CAG GCG TGG ATG CGT,-2.329204089868272
GAT GCG CCA GAC GAA TTC CGC GAC CCG CTG ATG GAC ACC CTG ATG ACC GAC CCG GTT CGT CTC CCG TCT GGT ACT ATC ATG GAC CGT TCT ATC ATC CTG CGT CAC CTG CTG AAC TTC CCA GCG GAC CCG TTC AAC CGT CAG ACC CTG ACC GAA TCT ATG CTG GAG CCG GTT CCA GAA CTC AAA GAA CAG ATC CAG GCG TGG ATG CGT,1.0301810837434675
GAT GCG CCG GAC GAA TTT CGT GAC CCG CTG ATG GAT ACT CTG GGT ACC GAT CCA GTT CGT CTG CCG TCT GGC ACC ATC ATG GAC CGT TCT ATC ATC CTC CGT CAC CTG CTG AAC TCT CCG ACC GAC CCA TTC AAC CGC CAG ACC CTG ACC GAA TCT ATG CTG GAG CCA GTT CCG GAG CTG AAA GAA CAG ATC CAG GCT TGG ATG CGT,-0.5144308035533784
GAT GCG CCG GAT GAA TTC CGT GAC CCG CTG ATG GAC ACC CTG ATG ACC GAT CCG GTT CGT CTG CCG TCC GGT ACC ATC ATG GAC CGT TCT ATC ATC CTG CGT CAC CTG CTG AAC TCT CCG ACC GAC CCA TTC AAC CGT CAG ACC CTG ACC GAA TCT ATG CTG GAA CCG TGG CCG GAA CTG AAA GAA CAG ATC CAG GCG TGG ATG CGT,0.9909153174312312
GAT GCG CCG GAT GAA TTC CGT GAC CCG CTG ATG GAC ACC CTG ATG ACC GAC CCG GTT CGT ATC CCG TCC GGT ACC ATC ATG GAC CGT TCT ATC ATC CTG CGT CAC CTG CTG AAC TCT CCG ACC GAT CCG TTC AAC CGC CAG ACC CTG ACC GAA TCT ATG CTG GAG CCG GTT CCG GAG CTG AAA GAA CAG ATC CAG GCG TGG ATG CGT,0.1592659516272498
GAC GCT CCG GAC GAA TTC CGT GAC CCG CTG ATG GAC GTT CTG ATG ACC GAC CCG GTT CGT CTG CCG TCC GGC ACC ATC ATG TTC CGT TCT ATC ATC CTG CGT CAC CTG CTG AAC TCT CCG ACC GAT CCA TTC AAC CGT CAG ACC CTG ACC GAA TCT ATG CTG GAA CCG GTG CCA GAG CTG AAA GAA CAG ATC CAG GCG TGG ATG CGT,0.9043338800917782
GAC GCT CCG GAC GAG TTC CGT GAC CCG CTG ATG GAC ACC CTG ATG ACC GAT CCG GTT CGT CTG CCG TCT GGC ACC ATC ATG GAC CGT TCT ATC ATC CTG CGT CAC CTG CTG AAC TCT CCG ACC GAC CCG TTC AAC CGT TTC ACT CTG ACC GAA TCT ATG CTG GAA CCG GTG CCG GAA CTG AAA GAA CAG ATC CAG GCG TGG ATG CGT,1.4307179480900167
GAC GCT CCG GAC GAA TTC CGT GAC CCG CTG ATG GAC ACC CTG ATG ACC GAC CCG GTT CGT CTG CCG TTC GGT ACC ATC ATG GAC CGT TCT ATC ATC CTG CGT CAC CTG CTG AAC TCT CCG ACC TTC CCG TTC AAC CGT CAA ACC CTG ACC GAA TCT ATG CTG GAA CCG GTG CCA GAA CTG AAA GAA CAG ATC CAG GCG TGG ATG CGT,0.1291533398254268
GAT GCG CCG GAC GAA TTC CGT GAC CCG CTG ATG GAC ACC CTG ATG ACT GAC CCG GTT CAG CTG CCG TCT GGC ACC ATC ATG GAC CGT TCT ATC ATC CTG CGT CAC CTG CTG AAC TCT CCG ACC GAC CCG TTC AAC CGT CAG ACC CTG ACC GAA TCT ATG CTG CAC CCA GTG CCG GAA CTC AAA GAA CAG ATC CAG GCG TGG ATG CGC,0.7977804742911516
GAC GCT CCG GAC GAA TTC CGT GAC CCG CTG ATG GAC ACC CTG ATG ACC GAC CCG GTT CGT CTG CCG CCA GGT ACC ATC ATG GAC CGT TCT ATC ATC CTG CGT CAC CTG CTG AAC TCT CCG ACT CCG CCG TTC AAT CGT CAG ACC CTG ACC GAA TCT ATG CTG GAA CCG GTG CCG GAA CTG AAA GAA CAG ATC CAG GCG TGG ATG CGT,-4.098381142253324
GAC GCT CCG GAC GAA TTC CGT CCG CCG CTG ATG GAC ACC CTG ATG ACT GAC CCG GTT CGT CTG CCG TCT GGT ACT ATC ATG CCG CGT TCT ATC ATC CTG CGT CAC CTG CTG AAC TCT CCG ACC GAC CCA TTC AAC CGT CAG ACC CTG ACC GAA TCT ATG CTG GAG CCG GTT CCA GAA CTG AAA GAA CAG ATC CAG GCG TGG ATG CGT,-3.5617806138060484
GAT GCT CCG GAC GAA TTC CGT GAC CCG CTG ATG GAC ACC CTG ATG ACC GAT CCG GTT CGT CTG CCG TCT GGC ACC ATC ATG GAC CGT TCT ATC ATC CAG CGT CAC CTG CTG AAC TCT CCG ACC GAC CCG TTC AAC CGT CAG ACC CTG ACC GAA TCT ATG CTG GAA CCA GTT CCA GAA CTC AAA GAA CAG ATC CAG GCG TGG ATG CGT,1.3154823855039504
GAT GCG CCG GAT GAA TTC CGT GAC CCG CTG ATG GAT ACT CTC ATG ACC AAA CCA GTT CGT CTG CCG TCC GGT ACT ATT ATG GAC ACT TCT ATC ATC CTG CGT CAC CTG CTG AAC TCT CCG ACC GAC CCG TTC AAC CGT CAG ACC CTG ACC GAA TCT ATG CTG GAA CCG GTG CCG GAA CTG AAA GAA CAG ATC CAG GCG TGG ATG CGT,-0.9109227918865106
GAC GCG TGC GAC GAA TTC CGT GAC CCG CTG ATG GAC ACC CTG ATG ACC GAC CCG GTT CGT CTG CCG TCT GGC ACC ATC ATG GAC CGT TCT ATC ATC CTG CGT CAT CTG CTC AAC TCT CCG ACT GAC CCG TTC AAC CGT CAG ACC CTG ACC GAA TCT ATG CTG GAG CCA GTG CCG GAG CTC AAA GAA CAG ATC CAG GCG TGG ATG CGT,1.4088465257865377
GAC GCT CCA GAT GAA TTC CGT GAC CCG CTC ATG GAC ACC CTC ATG ACC GAT CCG GTG CGT CTC CCG TCT GGT ACT ATT ATG GAT CGT TCT ATT ATC CTG CGC CAC CTG CTC AAC TCT CCG ACT GAC CCA TTT AAT CGT CAG ACC CTG ACC ATG TCT ATG CTG GAG CCG GTG CCG GAA CTG AAA GAA CAG ATC CAG GCG TGG ATG CGT,2.166475684117603
GAT GCT CCG GAC GAG TTC CGT GAC CCA CTG ATG GAT ACC CTG ATG ACC GAC CCG GTT CGT CTG CCG TCT GGT ACT ATT ATG GAC CGT TCT ATC ATC CTG CGT CAC CTG CTG AAC ATG CCG GCT GAC CCG TTC AAT CGT CAG ACC CTG ACC GAA TCT ATG CTG GAA CCA GTT CCA GAG CTG AAA GAA CAG ATC CAG GCG TGG ATG CGT,0.7295596368121222
GAT GCG CCG GAC GAA TTC CGT GAC CCG CTG ATG GAC ACC CTG ATG ACC GAC CCG GTT CGT CTG CCG TCT GGC ACC ATC ATG GAC CGT TCT ATC ATC CTG CGT CAC CTG CTG AAC CTG CCG AAA GAC CCG TTC AAC CGT CAG ACC CTG ACC GAG TCT ATG CTG GAG CCG GTG CCG GAA CTG AAA GAA CAG ATC CAG GCG TGG ATG CGT,0.4463854823628469
GAC GCT CCG GAC GAA TTC CGT GAC CCG CTG ATG GAC ACC CTG ATG ACC TTC CCG GTT CGT CTG CCG TCT GGC ACC ATC ATG GAT CGT TCT ATC ATC CTG CGT CAC CTG CTG AAC TCT CCG ACC GAC CCG TTC AAT CGT CAG ACC CTG ACC GAG TCT ATG CTG GAG CCA GTG CCG GAG CTC TGG GAA CAG ATC CAG GCG TGG ATG CGT,1.5312260287058206
GAC GCG CCA GAT GAA TTC CGT GAC CCG CTG ATG GAC ACC CTG ATG ACC GAC CCG GTT CGT CTG CCG CAG GGT ACC ATC ATG GAC CGC TCT ATC ATC CTG CGT CAC CTG CTG AAC TCT CCG ACC GTT CCG TTC AAC CGT CAA ACC CTG ACC GAA TCT ATG CTG GAG CCG GTT CCA GAA CTG AAA GAA CAG ATC CAG GCG TGG ATG CGT,-2.295298816813108
GAT GCG CCG GAC GAG TTC CGT GAC CCG CTG ATG GAC ACC CTG ATG ACT CCG CCA GTT CGT CTC CCG TCT GGC ACC ATC ATG GAC TGG TCT ATC ATC CTG CGT CAC CTG CTG AAC TCT CCG ACC GAC CCG TTC AAC CGT CAG ACC CTG ACC GAA TCT ATG CTG GAA CCA GTT CCG GAG CTG AAA GAA CAG ATC CAG GCG TGG ATG CGT,0.9538599678338316
GAT GCG CCG GAC GAA TTC CGT GAC CCG CTG ATG GAC ACC CTG ATG ACC CAT CCG GTT CGT CTG CCG TCT GGC ACT ATC ATG GAT ATG TCT ATC ATC CTG CGT CAC CTG CTG AAC TCT CCG ACC GAC CCG TTC AAC CGT CAG ACT CTG ACC GAA TCT ATG CTC GAA CCA GTG CCG GAA CTC AAA GAA CAG ATC CAG GCG TGG ATG CGT,1.0445991976323383
GAT GCG CCG GAC GAA TTC CGT GAC CCG CTG ATG GAC ACC CTG ATG ACC GAC CCG GTT CGT CTC CCG TCC GGT ACC ATC ATG GAC CGT TCT ATC ATC CTG CGT CAC CTG CTG AAC TCT CCG ACC GAC GCT TTC AAC CGT CAG ACT CTG ACT GAA TCT ATG CTG GAA CCG GTG CCG GAA CTG AAA GAA CAG ATC CAG GCT TGG ATG CGT,-0.3357121188516823
GAT GCT CCG GAC GAA TTC CGT GAC CCG CTG ATG GAC ACT CTG ATG ACC TTC CCG GTT CGT CTG CCG TCT GGT ACT ATC ATG GAC AAA TCT ATC ATC CTG CGT CAC CTC CTG AAT TCT CCG ACC GAC CCA TTT AAT CGT CAG ACC CTG ACC GAA TCT ATG CTC GAA CCA GTT CCA GAA CTC AAG GAA CAG ATC CAG GCG TGG ATG CGT,0.730203152194379
GAT GCG CCG GAC GAA TTC CGT GAC CCG CTG ATG GAC ACC CTG ATG ACC GAC CCG GTT CGT CTG CCG TCT GGC ACC ATC ATG GAC CGT TCT ATC ATC CTG CGT CAC CTG CTG AAC TCT CCG ACC GAT CCA TTC AAA CGT CAG ACC CTG ACC GAA TCT ATG CTG GAA CCG GTG CCG GAG CTG AAA GAA CAG ATC CAG GCG TGG ATG CGT,0.5594443878610132
GAT GCG CCG GAC GAA TTC CGT GTT CCG CTG ATG GAC ACC CTG ATG ACC GAT CCG GTT CGT CTG CCG TCT GGC ACC ATC ATG GAC CGT TCT ATC ATC CTG CGT CAC CTG CTG AAC TCT CCA ACT GAT CCA TTT AAC CGT CAG ACC CTG ACC GAA TCT ATG CTG GAG CCG GTT CCG GAG CTG AAA GAA CAG ATC CAG GCG TGG ATG CGT,-0.43055567690808
GAT GCG CCG GAC GAA TTT CGT GAC CCG CTG ATG GAC ACC CTG ATG ACT GAC CCA GTT CGT CTC CCG TCT GGT ACT ATC ATG GAC CGT TCT ATC ATC CTG CGT CAT CTG CTG AAC TCT GAC ACC GAC CCG TTC AAC CGT CAG ACC CTG ACC GAA TCT ATG CTG GAA CCG GTG CCG GAA CTG AAA GAA CAG ATC CAG GCG TGG ATG CGT,1.814157776450029
GAC GCG CCA GAC GAA TTC CGT GAC CCG CTG ATG GAC ACC CTG ATG ACC GAT CCG GTT CGT CTC CCG TCT GGT ACT ATC ATG GAC CGT TCT ATC ATC CTG AAA CAC CTG CTG AAC TCT CCG ACC GAC CCG TTC AAC CGT CAG ACC CTG ACC GAA TCT ATG CTG GAG CCA GTT CCA GAA CTG AAA GAA CAG ATC CAG GCG TGG ATG CGT,2.4813929488865423
GAC GCT CCG GAC GAA TTT CGC GAC CCG CTG ATG GAT ACT CTG ATG ACC GAT CCG GTT CGT CTC CCG TCT GGC ACC ATC ATG GAC CGT TCT ATC ATC CTG CGT CAC CTG CTG AAC TCT CCG ACC GAC CCA TTC AAT CGT CAA ACC CTG ACC GAA TCT ATG CTG GAG CCA GTG CCG GAA CTG AAA GAA CAG ATC CAG CGT TGG ATG CGT,2.5622976233107324
GAT GCG CCG GAC GAA TTT CGT GAC CCG CTG ATG GAC ACC CTG ATG ACT GAC CCG GTG CGT CTG CCG TCT GGT ACT ATT ATG GAC CGT TCT ATC ATC CTG CGT CAC CTG CTG AAC CAC CCG GTT GAC CCG TTC AAC CGT CAG ACT CTC ACC GAA TCC ATG CTG GAA CCG GTG CCG GAG CTG AAA GAA CAG ATC CAG GCG TGG ATG CGT,1.4504188124262534
GAT GCG CCA GAC GAA TTC CGT GAC CCG CTG ATG GAC ACC CTG ATG ACC ATC CCG GTT CGT CTC CCG TCC GGT ACT ATC ATG GAC CGT TCT ATC ATC CTG CGT CAC CTG CTG AAC TCT CCG ACC GAC CCG TTC AAC CGT CAG ACC CTG ACC GAA TCT ATG CTG GAA CCA GTT CCA GAA CTG TTT GAA CAG ATC CAG GCG TGG ATG CGT,0.879539093927394
GAC GCT CCA GAC GAA TTC CGC GAC CCG CTG ATG GAC ACC CTG ATG ACT GAC CCG GTT AAA CTG CCG TCC GGC ACC ATC ATG GAT CGT TCT ATC ATC CTG CGT CAC CTG CTG AAC TCT CCG ACC GAT CCG TTC AAC CGT CAA ACC CTG ACC GAA TCT ATG CTG ATC CCG GTT CCA GAG CTG AAA GAA CAG ATC CAG GCG TGG ATG CGT,2.164982649203342
GAC GCT CCG GAC GAA TTC CGT GAC CCG CTG ATG GAC ACC CTG ATG ACC ATG CCG GTT CGT CTG CCG TCT GGC ACC ATC ATG GAC GTT TCT ATC ATC CTG CGT CAC CTG CTG AAC TCT CCG ACC GAC CCG TTC AAC CGT CAG ACC CTC ACC GAA TCC ATG CTG GAA CCA GTT CCA GAA CTG AAA GAA CAG ATC CAG GCG TGG ATG CGT,0.954364708176706
GAC GCT CCA GAT GAA TTC CGT GAC CCG CTG ATG GAC ACC CTG ATG ACC GAT CCG GTT CGT CTG CCG GAC GGT ACC ATC ATG GAC CGT TCT ATC ATC CTG CGT CAC CTG CTG AAC TCT CCG ACC GAC CCG TTC TCT CGT CAG ACC CTG ACC GAG TCT ATG CTC GAA CCA GTG CCG GAG CTG AAA GAA CAG ATC CAG GCG TGG ATG CGT,1.0639613664094496
GAC GCT CCG GAC GAA TTC CGT GAC CCG CTG ATG GAC ACC CTG ATG ACC GAC CCG GTT CGT CTG CCG TCT GGC ACC ATC ATG GAC CGT TCT ATC ATC CTG CGT CAC CTG CTG AAC TCT CCG ATG GAC CCG TTC AAC CGT CAG ACC CTG ACC GAA TCT ATG CTG GAA CCG GTG CCG GAG CTG AAA GAA CAG ATC CAG GCT TGG ATG CGT,1.606070607870138
GAT GCG CCG GAT GAA TTC CGT GAC CCG CTG ATG GAC ACC CTG ATG ACT GGT CCG GTT CGT CTG CCG TCT GGT ACT ATC ATG GAC CAC TCC ATC ATC CTG CGC CAC CTG CTG AAC TCT CCG ACT GAC CCG TTC AAT CGT CAG ACC CTG ACC GAA TCT ATG CTG GAA CCG GTG CCA GAG CTC AAA GAA CAG ATC CAG GCG TGG ATG CGT,-0.3156949840760698
GAC GCT CCA GAC GAA TTC CGT GAC CCG CTG ATG GAT ACT CTC ATG ACT GCG CCG GTT CGT CTC CCG TCT GGC ACC ATC ATG GAC AAC TCT ATC ATC CTC CGT CAC CTG CTC AAC TCT CCG ACC GAC CCA TTC AAC CGT CAG ACC CTG ACC GAA TCT ATG CTG GAA CCA GTG CCG GAA CTG AAA GAA CAG ATC CAG GCG TGG ATG CGT,-0.1093285277851308
GAC GCT CCG GAC GAA TTC CGT GAC CCG CTG ATG GAC ACC CTG ATG ACC GAC CCG GTT CGT CTG CCG TCT GGC ACC ATC ATG GAC CGC TCT ATC ATC CTG CGT CAC CTG CTG AAC TCT CCG ACC GAT CCG TTC AAC CGT CAA ACC CTG ACC CGT TCT ATG CTG GAA CCG GTG CCG GAA CTG AAA GAA CAG ATC CAG GCT TGG ATG CGT,1.5454518560854202
GAC GCG CCA GAT GAA TTC CGT GAC CCG CTG ATG GAC ACC CTG GAT ACT GAC CCG GTT CGT CTG CCG TCT GGC ACC ATC ATG GAC CGT TCT ATC ATC CTG CGT CAC CTG CTG AAC TCT CCG ACC GAC CCG TTC AAC CGT CAA ACC CTG ACC GAA TCT ATG CTG GAG CCG GTT CCG GAG CTG AAA GAA CAG ATC CAG GCT TGG ATG CGT,-4.169263165909269
GAC GCT CCG GAC GAA TTC CGT GAC CCG CTG ATG GAT ACC CTG ATG ACC GAC CCG GTT CGT CTG CCG TCT GGC ACC ATC ATG GAC CGT TCT ATC ATC CTG CGC CAC CTG CTG AAC TCT CCG ACC GAT CCA TTC AAC CGC CAA ACC CTC ACT GAA TCT ATG CTG GAA CCG GTG CCG GAA CTG AAA GAA CAG ATC TTT GCG TGG ATG CGT,2.511264828967258
GAT GCG CCG GAC GAA TTC CGT GAC CCG CTG ATG GAC ACC CTG ATG ACC GAC CCA GTT CGT CTG CCG TCT GGT ACT ATC ATG GAC CGT TCT ATC ATC CTG CGC CAC CTG CTG AAC GAA CCG AAT GAC CCG TTC AAC CGT CAG ACC CTG ACC GAA TCT ATG CTG GAA CCG GTG CCG GAA CTG AAA GAA CAG ATC CAG GCG TGG ATG CGT,1.414290094786085
GAC GCG CCA GAC GAA TTC CGT GAC CCG CTG ATG GAC ACT CTG ATG ACC GAC CCG GTT AAA CTG CCG TCC GGT ACC ATC ATG GAC CGT TCT ATC ATC CTG CGT CAC CTG CTG AAC TCT CCG ACT GAC CCA TTC AAC CGT CAG ACC CTG ACC GAA TCT ATG CTC AAC CCG GTG CCG GAA CTG AAA GAA CAG ATC CAG GCG TGG ATG CGT,0.6973630537168063
GAC GCG CCA GAT GAA TTC CGT GAT CCG CTG ATG GAC CCA CTG ATG ACT GAC CCA GTT CGT CTG CCG TCT GGC ACC ATT ATG GTT CGT TCT ATC ATC CTG CGT CAC CTG CTG AAC TCT CCG ACC GAC CCA TTC AAC CGT CAG ACC CTG ACC GAA TCT ATG CTG GAG CCG GTT CCA GAG CTG AAA GAA CAG ATC CAG GCG TGG ATG CGT,0.1258392194849333
GAC GCG CCA GAT GAG TTT CGT GAC CCG CTC ATG GAC ACC CTG ATG ACC GAT CCG GTT CGT CTC CCG TCT GGC ACC ATT ATG GAC CTG TCT ATC ATC CTG CGT CAC CTC CTG AAC TCT CCG ACC GAC CCA TTC AAC CGT CAG ACC CTG ACC GAA TCT ATG CTG GAG CCG GTT CCA GAG CTG GAT GAA CAG ATC CAG GCG TGG ATG CGT,0.6762976985637044
GAT GCG CCG GAC GAA TTC CGT GAT CCG CTG ATG GAC GCG CTC ATG ACC GAC CCG GTT CGT CTG CCG TCC GGT ACT ATC ATG TCT CGT TCT ATC ATC CTG CGC CAC CTG CTG AAC TCT CCG ACC GAT CCA TTC AAC CGT CAG ACC CTG ACC GAA TCT ATG CTG GAA CCG GTG CCA GAA CTC AAG GAA CAG ATC CAG GCG TGG ATG CGT,-0.5780076799378544
GAC GCT CCA GAC GAA TTC CGT GAC CCG CTG ATG GAC ACT CTC ATG ACC GTT CCG GTT CGT CTC CCG TCT GGC ACC ATT ATG GAC CGC TCT ATC ATC CTG CGT CAC CTG CTC AAC TCT CCG ACC GAC CCA TTC AAC CGT CAG ACC CTG ACC GAA TCT ATG CTG GAA CCA GTT CCG GAG CTG TAC GAA CAG ATC CAG GCG TGG ATG CGT,0.8180516819138834
GAT GCG CCG GAC GAA TTC CGT GTT CCG CTG ATG GAC ACC CTG ATG ACC GAC CCG GTT CGC CTG CCG TCT GGT ACT ATC ATG CAC CGT TCT ATC ATC CTG CGT CAC CTG CTG AAC TCT CCG ACC GAT CCG TTC AAC CGT CAG ACC CTG ACC GAA TCT ATG CTG GAG CCG GTG CCA GAA CTG AAA GAA CAG ATC CAG GCG TGG ATG CGT,-0.6858398780769512
GAC GCG CCG TAC GAA TTC CGT GAC CCG CTG ATG GAC ACC CTG ATG ACT GAC CCA GTT CGT CTG CCA TCC GGT ACC ATC ATG GAC CGT TCT ATC ATC CTG CGT CAC CTG CTG AAC TCT CCG ACC GAC CCA TTC AAC CGC CAG ACC CTG ACC GAA TCT ATG CTG GAG CCG GTT CCG GAG CTG AAA GAA CAG ATC CAG GCG TGG ATG CGT,2.7553506169435327
GAT GCG CCG GAC GAA TTC CGT GAC CCG CTG ATG GAC ACC CTG ATG ACT AAC CCG GTT CGC CTG CCG TCT GGC ACC ATT ATG GAC TCT TCT ATC ATC CTG CGT CAC CTG CTG AAC TCT CCG ACC GAC CCG TTC AAC CGT CAG ACC CTG ACC GAA TCT ATG CTG GAA CCG GTG CCG GAA CTG AAA GAA CAG ATC CAG GCG TGG ATG CGT,-0.0155302831892241
GAC GCT CCG GAC GAA TTC CGT GAC CCA CTG ATG GAC ACC CTG ATG ACC GAC CCG GTT CGC CTG CCG TCT GGC ACC ATT ATG GAC CGT TCT ATC ATC CTC CGT CAC CTG CTG AAC GAC CCG ACT GAC CCG TTC AAC CGT CAG ACC CTG ACC GAA TCT ATG CTG GAA CCA GTG CCG GAG CTG AAA GAA CAG ATC CAG GCG TGG ATG CGT,2.394894224198482
GAC GCG CCA GAT GAA TTC CGT GAC CCG CTG ATG GAC ACC CTG ATG ACC GAC CCG GTT CGT CTG CCG TCT GGC ACC ATC ATG GAC CGT TCT ATC CAC CTG CGT CAC CTG CTG AAC TCT CCG ACC GAT CCG TTC AAC CGC CAG ACC CTG ACC GAA TCT ATG CTG GAG CCG GTT CCG GAG CTG AAA GAA CAG ATC CAG GCG TGG ATG CGT,-5.170813896321429
GAC GCG CCA GAC GAA TTC CGT GAC CCG CTG ATG GAC ACC CTG ATG ACC GAC CCG GTG CGT CTG CCG GAA GGT ACC ATC ATG GAC CGT TCT ATC ATC CTG CGT CAC CTG CTG AAC TCT CCG ACC AAA CCG TTC AAT CGT CAA ACC CTC ACC GAG TCT ATG CTG GAG CCG GTT CCA GAA CTG AAA GAA CAG ATC CAG GCT TGG ATG CGT,-3.2002147063826127
GAT GCG CCG GAC GAA TTC CGT GAC CCG CTG ATG GAC ACC CTG ATG ACT GAC CCG GTT CGT CTG CCG TCT GGC ACC ATC ATG GAC CGT TCT ATC ATC CTG CGT CAC CTG CTG AAC TCT CCG ACC GAC CCG TTC AAC CGT CAG ACC CTG GTT GAA TCT ATG CTG GAA CCG GTG CCG GAA CTG AAA GAA CAG ATC CAG GCT TGG ATG CGT,1.9228830182492749
GAT GCT CCA GAC GAG TTC CGT GAC CCG CTG ATG GAC GAC CTG ATG ACC GAC CCG GTT CGT CTG CCA TCC GGT ACC ATT ATG TAC CGT TCT ATC ATC CTG CGT CAC CTC CTG AAC TCT CCG ACT GAC CCG TTC AAC CGT CAG ACC CTG ACC GAA TCT ATG CTG GAA CCG GTG CCG GAA CTG AAA GAA CAG ATC CAG GCG TGG ATG CGT,0.2287067392754957
GAT GCG CCG GAC GAA TTC CGT GAC CCG CTG ATG GAC ACC CTG ATG ACC CAG CCG GTT CGC CTG CCA TCT GGC ACC ATC ATG GAC CGT TCT ATC ATC CTG CGT CAC CTG CTG AAC TCT CCG ACC GAC CCG TTC AAC CGT CAA ACC CTG ACT GAA TCT ATG CTG GAA CCG GTG CCG GAA CTC ACC GAA CAG ATC CAG GCG TGG ATG CGT,0.2888522467155049
GAT GCG CCG GAC GAG TTC CGT GAC CCG CTG ATG GAC ACC CTG ATG CAC GAC CCA GTT CGT CTG CCG TCT GGT ACT ATC ATG GAC CGT TCT ATC ATC CTG CGT CAC CTG CTG AAC TCT CCG ACC GAC CCG TTT AAC CGT CAG ACC CTG ACC GAA TCT ATG CTG GAA CCA GTT CCG GAG CTG AAA GAA CAG ATC CAG GCG TGG ATG CGT,1.9569563198850333
GAC GCT CCA GAT GAA TTC CGT GAC CCG CTG ATG GAC ACC CTG ATG ACC GTT CCG GTT CGT CTG CCG TCT GGC ACC ATT ATG GAC CAG TCT ATC ATC CTG CGT CAC CTG CTG AAC TCT CCG ACC GAC CCG TTC AAC CGT CAG ACC CTG ACC GAA TCT ATG CTG GAG CCG GTT CCG GAG CTC AAA GAG CAG ATC CAG GCG TGG ATG CGT,-0.55090652523479
GAT GCG CCG GAC GAA TTC CGT GAC CCG CTG ATG GAC ACC CTG ATG ACC GAC CCG GTG CGC CTG CCG TCT GGC ACC ATC ATG GAC CGT TCT ATC ATC CTG CGT CAC CTG CTG AAC ATC CCG TAC GAC CCG TTC AAC CGT CAG ACC CTG ACC GAA TCT ATG CTC GAA CCG GTG CCG GAG CTG AAA GAA CAG ATC CAG GCG TGG ATG CGC,1.2864291641791157
GAT GCT CCG GAC GAA TTC CGT GAC CCG CTG ATG GAC ACC CTG ATG ACC GAT CCG GTG CGT CTG CCG TCT GGC ACC ATT ATG GAC TCC TCT ATC ATC CTG CGT CAC CTG CTG AAC TCT CCG ACC GAC CCG TTT AAC CGT CAG ACC CTG ACC GAA TCC ATG CTG GAA CCG GTG CCG GAA CTG CAC GAA CAG ATC CAG GCG TGG ATG CGT,-1.2843517258629886
GAT GCG CCG GAC GAA TTC CGT GAC CCG CTG ATG GAC ACC CTG ATG ACC GAC CCG GTT CGT CTG CCG TCT GGC ACC ATT ATG GAC CGT TCT ATC ATC TTC CGT CAC CTG CTG AAC TCT CCG ACC GAT CCG TTC AAC CGT CAG ACC CTG ACC GAA TCT ATG CTG GAA CCG GTG CCG GAA CTG AAA GAA CAG ATC CAG GCG TGG ATG CGT,0.8093030066188622
GAC GCG CCA GAC GAA TTC CGT GAC CCG CTG ATG GAC ACC CTG ATG ACC GAC CCG GTT CCG CTG CCG TCT GGT ACT ATC ATG GAC CGT TCT ATC ATC CTG CGT CAC CTG CTG AAC TCT CCG ACT GAC CCG TTC AAC CGT CAG ACC CTG ACC GAA TCT ATG CTG ATC CCG GTG CCG GAA CTG AAA GAA CAG ATC CAG GCG TGG ATG CGT,-0.944851407137414
GAC GCT CCA GAT GAA TTC CGT GAC CCG CTG ATG GAC ACC CTG ATG ACC GAC CCG GTT CGT CTG CCG TCT GGC ACC ATC ATG GAC AAC TCT ATC ATC CTG CGT CAT CTG CTG AAC TCT CCG ACT GAC CCG TTC AAC CGT CAG ACT CTG ACC GAA TCT ATG CTG GAG CCG GTT CCG GAG CTG TCT GAA CAG ATC CAG GCG TGG ATG CGT,-1.8337540744766
GAC GCG CCA GAT GAA TTC CGT GAC CCG CTG ATG GAC ACC CTG ATG ACC CGT CCG GTT CGT CTG CCG TCT GGC ACC ATC ATG GAC TAC TCT ATC ATC CTG CGT CAC CTG CTG AAC TCT CCG ACC GAC CCG TTC AAC CGT CAG ACC CTG ACC GAA TCT ATG CTG GAA CCG GTG CCG GAA CTG AAA GAA CAG ATC CAG GCT TGG ATG CGT,0.8748790986229418
GAC GCG CCA GAT GAA TTC CGT GAC CCG CTG ATG GAC ACC CTG ATG ACT GAC CCG GTT CGT CTG CCG TGG GGC ACC ATC ATG GAC CGT TCT ATC ATC CTG CGT CAC CTG CTG AAT TCT CCG ACC GAC CCG TTC GAC CGT CAA ACC CTG ACC GAG TCC ATG CTG GAA CCG GTG CCG GAA CTC AAA GAA CAG ATC CAG GCT TGG ATG CGC,0.0637608115453531
GAC GCG CCA GAT GAA TTC CGT GAC CCG CTG ATG GAC ACC CTG ATG ACC GAT CCA GTT CGT CTG CCG TGC GGT ACC ATC ATG GAC CGT TCT ATC ATC CTG CGC CAC CTG CTG AAC TCT CCG ACC GAC CCA TTC CTG CGT CAG ACC CTG ACC GAA TCT ATG CTG GAA CCA GTG CCA GAG CTG AAA GAA CAG ATC CAG GCG TGG ATG CGT,1.0834025020186755
GAC GCT CCA GAC GAA TTC CGC GAC CCA CTG ATG GAT ACT CTC ATG ACC ACT CCG GTG CGT CTG CCG TCT GGC ACC ATC ATG GAC CGT TCT ATC ATC CTG CGT CAC CTG CTG AAC TCT CCG ACC GAC CCG TTC AAC CGT CAG ACC CTG ACC GAA TCT ATG CTG GAA CCA GTT CCA GAA CTG GGT GAA CAG ATC CAG GCG TGG ATG CGT,-0.2551039623956914
GAT GCG CCG GAC GAA TTC CGT GAC CCG CTG ATG GAC ACC CTG ATG ACC GAC CCG GTT CGT CTG CCG TCT GGC ACC ATC ATG GAC CGT TCT ATC ATC CTG CGT CAC CTG CTG AAC GGC CCA CCA GAC CCG TTC AAC CGT CAG ACC CTG ACC GAA TCT ATG CTG GAA CCG GTG CCG GAA CTG AAA GAA CAG ATC CAG GCG TGG ATG CGT,-0.3475909261029708
GAT GCG CCG GAC GAA TTC CGT GAC CCG CTG ATG GAC ACC CTG ATG ACT GAC CCG GTG CGT CTG CCG TCT GGC ACC ATC ATG GAC GAC TCT ATC ATC CTC CGT CAC CTG CTG AAC TCT CCG ACC GAC CCG TTC AAT CGT CAG ACC CTG ACC GAA TCT ATG CTG GAA CCG GTG CCG GAA CTG GAA GAA CAG ATC CAG GCG TGG ATG CGT,-1.3535366385356693
GAC GCT CCG GAT GAA TTC CGT GAC CCG CTG ATG GAC ACC CTG ATG ACC GAT CCG GTG CGT CTG CCG TCC GGT ACC ATC ATG GAC CGT TCT ATC ATC CTG CGT CAC CTG CTG AAC TCT CCG ACC GAC CCG TTC AAC CGT CAA ACC CTG ACC GAA TCT ATG CTG GAA CCG GTG CCG CAG CTG AAA GAA CAG ATC CAG GCG TGG ATG CGT,2.0030193812803145
GAC GCT CCG GAC GAA TTC CGT GAC CCG CTG ATG GAC ACC CTG ATG ACC GAC CCG GTT CGT CTG CCG TCT GGC ACC ATC ATG GAC TGC TCT ATC ATC CTG CGT CAC CTG CTG AAC TCT CCG ACT GAC CCA TTC AAC CGT CAG ACC CTG ACC GAA TCT ATG CTG GAA CCG GTG CCG GAA CTG AAA GAA CAG ATC CAG GCG TGG ATG CGC,1.1333619791020433
GAC GCT CCG GAC GAG TTC CGT GAC CCG CTG ATG GAC ACC CTC ATG ACC GAC CGT GTT CGT CTG CCA TCT GGC ACC ATC ATG GAC CGT TCT ATC ATC CTG CGT CAC CTG CTG AAC TCT CCG ACC GAT CCG TTC AAC CGC CAG ACC CTG ACC GAA TCT ATG CTG GAA CCG GTG CCG GAA CTG AAA GAA CAG ATC CAG GCG TGG ATG CGT,-0.8249742295585474
GAC GCT CCG GAT GAA TTC CGT GAC CCG CTG ATG GAC TGC CTG ATG ACC GAT CCA GTT CGT CTC CCA TCT GGC ACC ATC ATG AAC CGT TCT ATC ATC CTG CGT CAC CTG CTG AAC TCT CCG ACC GAC CCA TTC AAC CGT CAA ACC CTG ACC GAA TCT ATG CTG GAA CCG GTG CCG GAA CTG AAA GAA CAG ATT CAA GCG TGG ATG CGT,1.4532308529842584
GAC CAC CCG GAC GAA TTT CGT GAC CCG CTG ATG GAC ACC CTG ATG ACT GAC CCA GTT CGT CTG CCG TCT GGC ACC ATC ATG GAT CGT TCT ATC ATC CTC CGT CAC CTG CTC AAC TCT CCG ACC GAC CCA TTC AAC CGT CAG ACC CTG ACC GAA TCT ATG CTG GAG CCA GTT CCG GAG CTG AAA GAA CAG ATC CAG GCG TGG ATG CGT,1.2916045892418282
GAC GCT CCG GAC GAA TTC CGT GAC CCG CTG ATG GAC ACC CTG ATG ACC GAC CCA GTT CGT CTG CCG TTC GGT ACC ATC ATG GAC CGT TCT ATC ATC CTG CGT CAC CTG CTG AAC TCT CCG ACC TCT CCG TTC AAC CGT CAA ACC CTG ACC GAA TCT ATG CTC GAA CCA GTT CCA GAA CTG AAA GAA CAG ATC CAG GCG TGG ATG CGT,-0.499553289626263
GAT GCG CCA GAC GAA TTC CGT GAC CCG CTG ATG GAC ACC CTG ATG ACC GAC CCG GTT CGT CTC CCA TCT GGT ACT ATC ATG GAC TAC TCT ATC ATC CTG CGT CAC CTG CTG AAC TCT CCG ACT GAC CCG TTC AAC CGT CAG ACC CTG ACC GAA TCT ATG CTG GAA CCA GTG CCG GAG CTG ATC GAA CAG ATC CAG GCG TGG ATG CGT,1.12960925252094
GAT GCG CCG GAC GAA TTC CGT GAC CCG CTG AAC GAC ACC CTG ATG ACT GAC CCG GTT CGT CTG CCG TCT GGC ACC ATC ATG GAC CGT TCT ATC ATC CTG CGT CAC CTG CTG AAC TCT CCG ACC GAC CCG TTC AAC CGT CAA ACC CTG ACC GAA TCT ATG CTG GAA CCA GTT CCG GAG CTG AAA GAA CAG ATC CAG GCG TGG ATG CGT,2.0299559024721763
GAC GCT CCG GAC GAA TTC CGC GAC CCG CTG ATG GAC TTT CTG ATG ACT GAC CCG GTT CGT CTG CCG TCT GGT ACT ATC ATG AAA CGT TCT ATC ATC CTG CGT CAC CTC CTG AAC TCT CCG ACC GAT CCG TTC AAC CGT CAG ACC CTG ACC GAA TCT ATG CTG GAA CCA GTG CCG GAG CTG AAA GAA CAG ATC CAG GCG TGG ATG CGT,-0.1504879295202761
GAC GCT CCG GAC GAA TTT CGT GAC CCG CTG ATG GAC ACC TCT ATG ACC GAT CCG GTT CGT CTG CCG TCT GGT ACT ATC ATG GAC CGT TCT ATC ATC CTG CGT CAC CTG CTG AAC TCT CCG ACC GAC CCG TTC AAC CGC CAG ACC CTG ACC GAA TCT ATG CTG GAG CCG GTG CCG GAG CTG AAA GAA CAG ATC CAG GCG TGG ATG CGT,-0.4010841170247868
GAC GCT CCG GAT GAA TTC CGT GAC CCG CTG ATG GAC ACC CTG ATG ACC GAC CCA GTT CAC CTG CCG TCT GGC ACC ATC ATG GAC CGT TCT ATC ATC CTG CGT CAC CTC CTG AAC TCT CCG ACT GAC CCA TTC AAC CGT CAG ACC CTG ACC GAA TCT ATG CTG TCT CCG GTT CCA GAA CTG AAA GAA CAG ATC CAG GCG TGG ATG CGT,-0.6540294028331801
GAT GCG CCG GAC GAG TTC CGC GAC CCG CTG ATG GAC ACC CTG ATG ACC GAC CCG GTT CGT CTG CCG TCT GGC ACC ATC ATG GAC CGT TCT ATC ATC CTG CGT CAC CTG CTG AAC TCT CCA ACC GAT CCA TTC AAT CGT CAA ACC CTG ACC GAA AAC ATG CTG GAA CCA GTT CCG GAG CTG AAA GAA CAG ATC CAG GCG TGG ATG CGT,2.2598449440181563
GAC GCT CCG GAC GAA TTC CGT GAC CCG CTG ATC GAC ACC CTG ATG ACT GAC CCG GTT CGT CTG CCG TCC GGT ACC ATC ATG GAC CGT TCT ATC ATC CTG CGT CAC CTG CTG AAC TCT CCG ACC GAC CCG TTC AAC CGT CAG ACC CTG ACC GAA TCT ATG CTG GAG CCG GTT CCA GAG CTG AAA GAA CAG ATC CAG GCG TGG ATG CGT,0.9081259379438822
GAC GCT CCG GAC GAA TTC CGT GAC CCG CTG ATG GAT ACT CTG ATG ACC GAT CCA GTT CGT CTG CCG TCC GGT ACC ATC ATG GAC CGT TCT ATC ATC CTG CGT GTT CTG CTG AAC TCT CCA ACC GAC CCG TTC AAC CGC CAG ACC CTG ACC GAA TCT ATG CTG GAA CCG GTG CCG GAA CTG AAA GAA CAG ATC CAG GCG TGG ATG CGT,1.2113296984369302
GAT GCG CCG GAC GAA TTC CGT GAC CCG CTG ATG GAC ATC CTG ATG ACT GAC CCG GTT CGT CTG CCG TCT GGT ACT ATT ATG TGG CGT TCT ATC ATC CTG CGT CAC CTG CTG AAC TCT CCG ACC GAC CCG TTC AAC CGT CAG ACC CTG ACC GAA TCT ATG CTG GAA CCG GTG CCG GAA CTG AAA GAA CAG ATC CAG GCG TGG ATG CGT,1.2025817981401363
GAC GCG CCA GAT GAA TTC CGT GAC CCG CTG ATG GAC ACC CTG ATG ACC GAT CCG GTT CGC CTG CCA GGC GGC ACC ATC ATG GAC CGT TCT ATC ATC CTG CGT CAC CTG CTG AAC TCT CCG ACC GAC CCG TTC CCG CGT CAA ACC CTG ACC GAA TCT ATG CTG GAA CCA GTT CCG GAG CTG AAA GAA CAG ATC CAG GCT TGG ATG CGT,-3.204905207914277
GAT GCG CCG GAT GAA TTC CGT GAC CCG CTG ATG GAC ACC CTG ATG ACC GTT CCG GTT CGT CTG CCG TCT GGC ACC ATT ATG GAC TTC TCT ATC ATC CTG CGC CAC CTG CTC AAC TCT CCG ACC GAC CCG TTC AAC CGT CAG ACC CTG ACC GAA TCT ATG CTG GAA CCG GTG CCG GAA CTG AAA GAA CAG ATC CAG GCT TGG ATG CGT,0.8974439010505301
GAT GCG CCG GAC GAA TTC CGT GAC CCG CTG ATG GAC ACC CTG ATG ACT GAC CCA GTT GCT CTG CCG TCT GGC ACC ATC ATG GAT CGT TCT ATC ATT CTG CGT CAC CTG CTG AAC TCT CCG ACC GAC CCA TTC AAC CGT CAG ACC CTG ACC GAA TCT ATG CTG TTC CCG GTG CCG GAA CTG AAA GAA CAG ATC CAG GCG TGG ATG CGT,0.2554102683883346
GAT GCG CCG GAC GAA TTC CGT GAC CCG CTG ATG GAC ACC CTG ATG ACC GAC CCG GTT CGT CTG CCG TCT GGC ACC ATC ATG GAC CGT TCT ATC ATC CTG CGT CAC CTG CTG AAC TGC CCG CAG GAC CCG TTC AAC CGT CAG ACC CTG ACC GAA TCT ATG CTG GAA CCA GTT CCA GAA CTG AAA GAA CAG ATC CAG GCG TGG ATG CGT,1.9269840134602425
GAC GCT CCG GAT GAA TTC CGC GAC CCA CTC ATG GAT ACT CTG ATG ACC GAC CCG GTT CGT CTG CCG TCT GGC ACC ATC ATG GAC CGT TCT ATC ATC CTG CGT CAC CTG CTG AAT GGT CCG CTG GAC CCA TTC AAC CGT CAG ACT CTG ACC GAA TCT ATG CTG GAA CCG GTG CCG GAA CTG AAA GAA CAG ATC CAG GCG TGG ATG CGT,0.8361391733299169
GAT GCG CCG GAT GAA TTC CGT GAC CCG CTG ATG GAC ACC CTG ATG ACC GAC CCG GTT CGT CTG CCG TCT GGT ACT ATC ATG GAC CGT TCT ATC ATC CTC CGT CAC CTG CTC AAC CAG CCA TCT GAC CCG TTC AAC CGT CAG ACC CTG ACC GAA TCT ATG CTG GAA CCA GTT CCG GAG CTG AAA GAA CAG ATC CAG GCT TGG ATG CGT,1.1311302748062806
GAC GCT CCG GAC GAA TTC CGT GAC CCG CTG ATG GAT ACT CTG ATG ACC GAC CCG GTT CGT CTG CCG CGT GGC ACC ATC ATG GAC CGT TCT ATC ATC CTG CGT CAC CTG CTG AAC TCT CCG ACC CAG CCG TTC AAC CGT CAA ACC CTG ACC GAA TCT ATG CTG GAA CCA GTG CCA GAA CTG AAA GAA CAG ATC CAG GCG TGG ATG CGT,-4.27260631902548
GAT GCG CCG GAC GAA TTC CGT GAC CCG CTG ATG GAC ACC CTG ATG ACC TAC CCG GTT CGT CTG CCG TCC GGT ACC ATC ATG GAC GGT TCT ATC ATC CTG CGT CAC CTG CTG AAC TCT CCG ACC GAC CCG TTT AAC CGT CAG ACC CTG ACC GAA TCT ATG CTG GAA CCG GTG CCA GAG CTG AAA GAA CAG ATC CAG GCG TGG ATG CGT,-0.0993883620708992
GAT GCT CCG GAC GAA TTC CGT GAC CCG CTG ATG GAC ACC CTG ATG ACC GAC CCG GTT CGT CTG CCG TCT GGT ACT ATC ATG GAC CGT TCC ATC ATC CTG CGT CAC CTG CTG AAT GGT CCG ATC GAC CCG TTC AAC CGT CAG ACC CTG ACC GAA TCT ATG CTG GAA CCA GTG CCG GAA CTG AAA GAA CAG ATC CAG GCG TGG ATG CGT,1.08196007461606
GAC GCT CCA GAT GAG TTC CGC GAC CCG CTG ATG GAC TAC CTG ATG ACC GAC CCG GTT CGT CTG CCA TCC GGT ACC ATC ATG TAC CGT TCT ATC ATC CTG CGT CAC CTG CTG AAC TCT CCG ACT GAC CCG TTC AAC CGT CAG ACC CTG ACC GAA TCC ATG CTG GAA CCA GTT CCG GAG CTG AAA GAA CAG ATC CAG GCG TGG ATG CGT,0.7540558142537022
GAC GCT CCG GAC GAA TTC CGT GAC CCG CTG ATG GAT ACC CTC ATG ACC GAC CCA GTG CGT CTG CCA TCT GGC ACC ATC ATG GAC CGT TCT ATC ATC CTG CGT CAC CTG CTG AAC TCT CCA ACT GAC CCG GAA AAC CGT CAA ACC CTG ACC GAA TCT ATG CTG GAG CCG GTG CCG GAA CTG AAA GAA CAG ATC CAG GCG TGG ATG CGT,-1.788959276857879
GAT GCG CCG GAC GAG TTC CGC GAC CCG CTC ATG GAC ACC CTG ATG ACC GAT CCA GTT CGT CTG CCG TCT GGT ACC GAC ATG GAC CGT TCT ATC ATC CTG CGT CAC CTG CTG AAC TCT CCG ACC GAC CCG TTC AAC CGT CAG ACT CTG ACC GAA TCT ATG CTG GAG CCG GTT CCG GAG CTG AAA GAA CAG ATC CAG GCG TGG ATG CGT,-3.779235824021151
GAC GCT CCG GAC GAA TTC CGT GAT CCG CTG ATG GAC ACC CTG ATG ACC GAC CCG GTG AAC CTG CCG TCT GGC ACC ATC ATG GAC CGT TCT ATC ATC CTG CGT CAC CTC CTG AAC TCT CCG ACT GAC CCG TTC AAC CGT CAG ACC CTG ACC GAA TCT ATG CTG TGC CCA GTG CCG GAA CTG AAG GAA CAG ATT CAG GCG TGG ATG CGT,0.605000723824127
GAC GCT CCG GAC GAA TTC CGT CAC CCG CTG ATG GAC ACC CTG ATG ACC GAC CCG GTT CGT CTC CCG TCC GGC ACC ATT ATG ATG CGC TCT ATT ATC CTG CGT CAC CTG CTG AAT TCT CCG ACC GAT CCA TTC AAC CGT CAG ACC CTG ACC GAA TCT ATG CTG GAG CCG GTG CCA GAA CTG AAA GAA CAG ATC CAA GCG TGG ATG CGT,0.4463549344476598
GAT GCG CCG GAC GAA TTT CGC GAT CCG CTG ATG GAC ACC CTC ATG ACC GAT CCG GTT CGT CTG CCG CTG GGT ACC ATC ATG GAC CGT TCT ATC ATC CTG CGC CAC CTG CTG AAT TCT CCG ACC GAC CCA TTC AAC CGC CAG ACT CTG ACC GAA TCT ATG CTG GAA CCG GTG CCG GAA CTG AAA GAA CAG ATC CAA GCG TGG ATG CGC,-0.8160997976274259
GAC GCT CCG GAC GAA TTC CGT TGC CCG CTG ATG GAC ACC CTG ATG ACC GAT CCG GTT CGT CTG CCG TCC GGT ACC ATC ATG GAC CGT TCT ATC ATC CTG CGT CAC CTG CTG AAC TCT CCG ACC GAC CCG TTC AAC CGT CAA ACC CTG ACC GAA TCT ATG CTG GAA CCA GTT CCA GAA CTG AAA GAA CAG ATC CAG GCG TGG ATG CGT,1.861263269330289
GAT GCG CCG GAC GAA TTC CGT GAC CCG CTG ATG GAC ACC CTG ATG ACC TGG CCG GTT CGC CTG CCG TCC GGT ACT ATC ATG GAC CAT TCT ATC ATC CTG CGT CAC CTG CTG AAC TCT CCG ACC GAC CCG TTC AAC CGT CAG ACC CTG ACC GAG TCT ATG CTG GAG CCG GTG CCA GAG CTG AAA GAA CAG ATC CAG GCG TGG ATG CGT,0.4817644898164737
GAC GCT CCG GAC GAA TTT CGT CAC CCG CTG ATG GAC ACC CTG ATG ACC GAT CCG GTT CGT CTC CCG TCT GGT ACT ATC ATG CAG CGT TCT ATT ATC CTG CGT CAC CTG CTG AAC TCT CCG ACC GAC CCA TTC AAC CGT CAG ACC CTG ACC GAG TCT ATG CTG GAA CCG GTG CCA GAG CTG AAA GAA CAG ATC CAG GCG TGG ATG CGT,-2.411247917607602
GAT GCT CCG GAT GAA TTC CGT GAC CCG CTG ATG GAC ACC CTG ATG ACC ATG CCG GTG CGT CTG CCG TCT GGC ACC ATC ATG GAC GGT TCT ATC ATC CTC CGT CAC CTG CTG AAC TCT CCG ACC GAT CCG TTC AAC CGT CAG ACC CTG ACC GAA TCT ATG CTG GAA CCG GTG CCG GAA CTG AAA GAA CAG ATC CAG GCG TGG ATG CGT,-0.0780055872831302
GAT GCG CCG GAC GAA TTC CGT GAC CCG CTG ATG GAC ACC CTG TCT ACC GAC CCG GTT CGT CTG CCG TCC GGT ACC ATC ATG GAC CGT TCT ATC ATC CTG CGT CAC CTG CTG AAC TCT CCG ACC GAT CCG TTC AAC CGT CAG ACC CTG ACC GAA TCT ATG CTG GAA CCG GTG CCG GAA CTC AAA GAA CAG ATC CAG GCG TGG ATG CGT,-1.7846949761765547
GAT GCG CCG GAC GAA TTC CGT GAC CCG CTG ATG GAC ACC CTG ATG ACC GAT CCA GTT CGT CTG CCG TCC GGT ACC ATC ATG GAC CGT TCT ATC ATC CTG CGT CAC CTG CTG AAC TCT CCG ACC GAC CCA TTC AAC CGT CAG ACC CTG ACC GAA TCT ATG CTC GAA CCG GTG CCA GAA CTG AAA GAA CAG ATC CAG GCG TGG CCG CGT,-0.0816437104646544
GAT GCG CCG GAC GAA TTC CGT GAC CCG CTG ATG GAC TCC CTG ATG ACC GAT CCA GTT CGT CTG CCG TCT GGT ACT ATC ATG CCG CGT TCT ATC ATC CTG CGT CAC CTG CTG AAC TCT CCG ACC GAC CCG TTC AAC CGT CAG ACC CTG ACC GAA TCT ATG CTG GAA CCG GTG CCA GAG CTG AAA GAA CAG ATC CAG GCT TGG ATG CGT,-1.6458501048209246
GAC GCT CCG GAC GAA TTC CGT GAC CCG CTG ATG GAC ACC CTG ATG ACT GAC CCA GTT CGT CTG CCG TCT GGT ACT ATC ATG GAC CGT TCT ATC ATC CTG CGT CAC CTG CTG AAC TCT CCG ACC GAC CCG TTC AAC CGT CAG ACC CTG ACC GAA TCT ATG CTG GAA CCG GTG CCG GAA CTG AAA GAA CAG ATC CAG GCG TGG ATG TGC,2.480791939462637
GAC GCG CCA GAC GAA TTC CGT GAC CCG CTG ATG GAC ACC CTG ATG ACC GAT CCG GTT GAC CTG CCG TCT GGT ACT ATC ATG GAC CGT TCT ATC ATC CTG CGT CAC CTG CTG AAC TCT CCG ACC GAC CCG TTC AAC CGT CAG ACC CTG ACC GAA TCT ATG CTG CAC CCA GTG CCA GAA CTG AAA GAA CAG ATC CAG GCT TGG ATG CGT,-5.008498338185285
GAC GCT CCG GAC GAA TTC CGT GAC CCG CTG ATG GAC ACC CTG ATG ACT GAC CCG GTT CGT CTG CCG TCC GGT ACC ATC ATG GAC CGT TCT ATC ATC CTG CGT CAC CTG CTG AAC TCT CCG ACC GAC CCG TTC AAC CGT CAA ACC CTG ACC GAA TCT ATG CTG GAG CCG GTT CCA GAA CTG AAA GAA CAG GTT CAG GCG TGG ATG CGT,0.8989498307346429
GAC GCT CCG GAC GAA TTC CGT GAC CCG CTG ATG GAC ACC CTG ATG ACT GAC CCG GTT ATC CTG CCG TCT GGT ACT ATC ATG GAC CGT TCT ATC ATC CTG CGT CAC CTG CTG AAC TCT CCG ACC GAC CCA TTC AAC CGT CAG ACC CTG ACC GAA TCT ATG CTC CAG CCA GTG CCG GAG CTG AAA GAA CAG ATC CAG GCG TGG ATG CGT,1.2746312389541457
GAC GCT CCG GAC GAA TTC CGT ATG CCG CTG ATG GAC ACC CTG ATG ACC GAC CCG GTT CGT CTG CCG TCC GGT ACC ATC ATG GTT CGT TCT ATC ATC CTG CGT CAC CTG CTG AAC TCT CCG ACC GAT CCG TTC AAC CGT CAG ACC CTG ACC GAA TCT ATG CTG GAA CCG GTG CCG GAA CTG AAA GAA CAG ATC CAG GCG TGG ATG CGT,-0.146715979139251
GAC GCT CCG GAC GAA TTT CGT GAC CCA CTG ATG GAT ACT CTG ATG ACC GAC CCG GTT CGT CTG CCG TCC GGT ACC ATC ATG GAC AAA TCT ATC ATC CTG CGT CAC CTG CTG AAC TCT CCG ACT GAC CCA TTC AAC CGC CAG ACT CTG ACT GAA TCC ATG CTG GAG CCG GTG CCG GAA CTG TTC GAG CAG ATC CAG GCG TGG ATG CGT,1.1368830008032644
GAT GCG CCG GAC GAA TTC CGT GAC CCG CTG ATG GAC ACC CTG ATG ACC GAC CCA GTT CGT CTG CCG TGG GGC ACC ATC ATG GAT CGT TCT ATC ATC CTG CGT CAC CTG CTG AAC TCT CCG ACC GAT CCG TTC CAG CGT CAG ACC CTG ACC GAA TCT ATG CTC GAA CCG GTG CCG GAA CTG AAA GAA CAG ATC CAG GCG TGG ATG CGT,0.4637879493668381
GAC GCG CCA GAT GAA TTC CGT GAC CCG CTG ATG GAA ACC CTG ATG ACC GAC CCG GTT CGT CTG CCG TCT GGC ACC ATC ATG GAC CGT TCT ATC ATC CTG CGT CAC CTG CTG AAC TCT CCG ACC GAT CCG TTC AAC CGT CAG ACC CTG ACC GAA TCT ATG CTG GAA CCG GTG CCG GAA CTG AAA GAA CAG ATC CAG GCG TGG ATG CGT,1.5734640342919972
GAC GCT CCG GAC GAA TTC CGT GTT CCG CTC ATG GAC ACT CTG ATG ACC GAC CCG GTT CGT CTG CCG TCT GGC ACC ATC ATG GAG CGT TCT ATC ATC CTG CGT CAC CTG CTG AAC TCT CCG ACC GAT CCG TTT AAC CGT CAG ACC CTG ACC GAA TCT ATG CTG GAA CCG GTG CCG GAA CTG AAA GAA CAG ATC CAG GCG TGG ATG CGT,-0.7078058803221462
GAC GCG CCA GAT GAA TTC CGT GAC CCA CTG ATG GAC ACC CTG ATG ACC CGT CCG GTT CGT CTG CCG TCT GGC ACC ATC ATG GAC TGG TCT ATC ATC CTG CGT CAC CTG CTG AAC TCT CCG ACC GAC CCG TTC AAC CGT CAG ACC CTG ACC GAA TCT ATG CTG GAA CCG GTG CCG GAA CTG AAA GAA CAG ATC CAG GCG TGG ATG CGT,1.1817618300145745
GAC GCG CCA GAT GAA TTC CGT GAC CCG CTG ATG GAC ACC CTG ATG ACT CCG CCG GTT CGT CTC CCG TCT GGT ACT ATT ATG GAC GAC TCT ATC ATC CTG CGT CAC CTG CTG AAC TCT CCG ACC GAC CCG TTT AAC CGT CAG ACC CTG ACC GAA TCT ATG CTG GAA CCG GTG CCA GAG CTG AAA GAA CAG ATC CAG GCG TGG ATG CGT,-1.5963923973664476
GAT GCG CCG GAT GAA TTC CGT GAC CCG CTG ATG GAC ACC CTG ATG ACC GAC CCG GTT CGT CTG CCG CAG GGT ACC ATC ATG GAC CGT TCT ATC ATC CTG CGT CAC CTG CTG AAC TCT CCG ACC ACT CCG TTC AAT CGC CAG ACC CTG ACC GAA TCT ATG CTG GAA CCG GTG CCG GAA CTG AAA GAA CAG ATC CAA GCG TGG ATG CGC,-2.561960916711762
GAC GCG CCA GAC GAA TTC CGT GAC CCG CTG ATG GAC ACC CTG ATG ACC GAC CCG GTT TAC CTG CCG TCT GGT ACT ATC ATG GAC CGT TCT ATC ATC CTG CGT CAC CTG CTG AAC TCT CCG ACT GAC CCA TTC AAC CGT CAG ACC CTG ACC GAA TCT ATG CTG GAC CCA GTG CCG GAA CTG AAA GAA CAG ATC CAG GCG TGG ATG CGT,-0.660988157584856
GAC GCT CCG GAC GAA TTC CGT GAC CCG CTG ATG GAC ACC CTG ATG ACC GAC CCG GTT CGT CTG CCG TCC GGT ACT ATC ATG GAC CGT TCT ATC ATC CTG CGC CAC CTG CTG AAC TCT CCG ACC GAT CCG TTT AAC CGT CAA ACT CTG ACC GAA TCT ATG CTG GAA CCG GTG CCG GAA CTC AAA GAA TGG ATT CAA GCG TGG ATG CGT,1.6414901289515968
GAT GCT CCG GAC GAA TTC CGT GAT CCA CTG ATG GAC ACC CTG ATG ACC GAC CCG GTT CGT CTG CCG TCT GGC ACC ATC ATG GAC CGT TCT ATC ATC CTG CGT CAC CTG CTG AAC AAA CCG CTG GAC CCG TTC AAT CGT CAG ACT CTG ACT GAA TCT ATG CTG GAA CCA GTT CCA GAG CTG AAG GAA CAA ATT CAG GCG TGG ATG CGT,0.7069837072903935
GAC GCG CCA GAC GAA TTC CGT GAC CCG CTG ATG GAC ACC CTG ATG ACC TGG CCG GTT CGC CTG CCG TCC GGT ACC ATC ATG GAC GAA TCT ATC ATC CTG CGT CAC CTG CTG AAC TCT CCG ACC GAC CCG TTT AAC CGT CAG ACC CTG ACC GAG TCT ATG CTG GAG CCA GTT CCA GAA CTG AAA GAA CAG ATC CAG GCG TGG ATG CGC,-0.0204901850136777
GAT GCG CCG GAC GAA TTC CGT GAC CCG CTG ATG GAC ACC CTG ATG ACC GAC CCG GTT CGT CTG CCG TCT GGC ACC ATC ATG GAC CGT TCT ATC ATC CTG CGT CAC CTG CTG AAC TCT CCG ACC TCT CCG TTC AAC CGT CAG ACC CTG ACC GAA TCT ATG CTG GAG CCG GTT CCA GAA CTG AAA GAA CAG ATC CAG GCT TGG ATG CGT,-0.0049887669358085
GAT GCG CCG GAT GAA TTC CGT GAC CCG CTG ATG GAC ACC CTG ATG ACC TGG CCG GTT CGT CTG CCG TCT GGC ACC ATC ATG GAC CGT TCT ATC ATC CTG CGT CAC CTG CTG AAC TCT CCG ACC GAC CCG TTC AAC CGC CAG ACC CTG ACC GAA TCT ATG CTG GAA CCG GTG CCG GAG CTG CAC GAA CAG ATC CAG GCG TGG ATG CGT,0.7665114506709492
GAT GCG CCG GAT GAA TTC CGT GAC CCG CTG ATG GAC ACC CTG ATG ACC GAC CCG GTT CGT CTG CCG TCT GGT ACT ATC ATG GAC CGT TCT ATC ATC CTG CGT CAC CTG CTG AAC TCT CCG ACT GAC CCA TTC AAC CGT CAG ACC CTG ACC GAA TCT ATG CTG GAA CCG CGT CCA GAA CTG AAA GAA CAG ATC CAG GCG TGG ATG CGT,0.1719340507151494
GAC GCT CCG GAC GAG TTC CGT GAC CCG CTG ATG GAC ACC CTG ATG ACC GAC CCG GTT CGT CTG CCA GGC GGT ACC ATC ATG GAC CGT TCT ATC ATC CTG CGT CAC CTG CTG AAC TCT CCG ACC GAT CCG TTC ATG CGT CAA ACC CTG ACC GAA TCT ATG CTG GAA CCG GTG CCA GAA CTG AAA GAA CAG ATC CAG GCT TGG ATG CGC,0.5405613756486242
GAC GCT CCG GAC GAA TTC CGT GAC CCG CTG ATG GAC ACC CTG ATG ACC GAC CCG GTT CGT CTG CCG TCT GGC ACC ATC ATG GAC CGT TCT ATC ATC CTG CGT CAC CTG CTG AAC GTG CCG TAC GAC CCG TTC AAC CGT CAA ACT CTG ACC GAA TCT ATG CTG GAA CCG GTG CCG GAG CTG AAA GAG CAG ATC CAG GCT TGG ATG CGT,1.373724439959709
GAC GCG CCA GAT GAA TTC CGT GAC CCG CTG ATG GAC ACC CTG ATG ACC GAC CCA GTT TGG CTG CCG TCC GGC ACC ATC ATG GAC CGT TCT ATC ATC CTG CGT CAC CTG CTG AAC TCT CCA ACT GAC CCG TTC AAC CGT CAG ACC CTG ACC GAA TCT ATG CTG GTT CCG GTT CCA GAA CTG AAA GAA CAG ATC CAG GCG TGG ATG CGT,1.0688987739240192
GAC GCT CCG GAC GAA TTC CGT GAC CCG TGT ATG GAC ACC CTG ATG ACC GAT CCA GTT CGC CTG CCG TCT GGC ACC ATC ATG GAC CGT TCT ATC ATC CTG CGC CAC CTG CTG AAC TCT CCG ACC GAC CCG TTC AAT CGC CAG ACC CTG ACC GAA TCT ATG CTG GAG CCG GTT CCA GAA CTG AAA GAA CAG ATC CAG GCT TGG ATG CGC,2.280983707034669
GAT GCT CCA GAC GAA TTC CGT GAC CCG CTG ATG GAC ACC CTG ATG ACC GAC CCG GTT CAC CTC CCG TCT GGC ACC ATT ATG GAT CGT TCT ATC ATC CTG CGT CAC CTG CTG AAC TCT CCG ACT GAC CCG TTC AAC CGT CAG ACC CTG ACC GAA TCT ATG CTG AAA CCG GTG CCG GAA CTG AAA GAA CAG ATC CAG GCG TGG ATG CGT,-0.6518293445267577
GAC GCG CCA GAT GAA TTC CGT GAT CCG CTG ATG GAC ACC CTG ATG ACC GAG CCG GTG CGT CTG CCG TCC GGT ACC ATC ATG GAC ATC TCT ATC ATT CTG CGT CAC CTG CTG AAC TCT CCG ACC GAC CCG TTC AAC CGT CAG ACC CTG ACC GAA TCT ATG CTG GAG CCA GTT CCA GAA CTG AAA GAA CAG ATC CAG GCG TGG ATG CGT,0.9844325940758432
GAC GCG CCA GAT GAA TTC CGT GAC CCG CTG ATG GAC ACC CTG ATG ACT GGT CCG GTT CGT CTG CCG TCC GGT ACC ATC ATG GAC TCT TCT ATC ATC CTG CGT CAC CTG CTG AAC TCT CCG ACC GAC CCG TTT AAC CGC CAG ACC CTG ACC GAA TCT ATG CTG GAA CCA GTT CCG GAG CTG AAA GAA CAG ATC CAG GCG TGG ATG CGT,-0.2263292497289775
GAT GCG CCG GAT GAA TTC CGT GAC CCG CTG ATG GAC ACC CTG ATG ACC GAT CCG GTT CGT CTG CCG TCT GGC ACC ATC ATG GAC CGT TCT ATC ATC CTC CGT CAC CTG CTG AAC TCT CCG ACC GAC CCG TTT AAT CGT CAG ACC CTG ACC GAA TCT ATG CTG GAG CCG GTT CCA GAG CTG AAA GAA CAG ATC CAG GCG TGG ATG CAC,2.304933170605568
GAT GCG CCG GAC GAA TTC CGT GAC CCG CTG ATG GAC ACC CTG ATG ACT TCT CCG GTT CGT CTC CCA TCT GGC ACC ATC ATG GAT CGC TCT ATC ATC CTG CGC CAC CTG CTC AAC TCT CCG ACC GAC CCG TTC AAT CGT CAG ACC CTG ACC GAA TCT ATG CTG GAA CCG GTG CCG GAA CTC CCG GAA CAG ATC CAG GCG TGG ATG CGT,-4.394383263979117
GAC GCT CCG GAC GAA TTC CGT GAC CCG CTG ATG GAC ACC CTG ATG ACC GAC CCG GTT CGT CTG CCG TCT GGC ACC ATC ATG GAC CGT TCT ATC ATC CTG CGT CAC CTG CTG AAC TCT CCG ACT GAC CCA TTC AAC CGC CAG ACC TGG ACT GAA TCT ATG CTG GAG CCG GTT CCA GAA CTC AAA GAA CAG ATC CAG GCG TGG ATG CGT,0.0167059703594453
GAC GCT CCG GAC GAA TTC CGT GAT CCA CTG ATG GAC ACC CTG ATG ACC GTT CCG GTT CGT CTC CCG TCT GGT ACT ATC ATG GAC TCT TCT ATC ATC CTG CGT CAC CTC CTG AAT TCT CCG ACC GAC CCG TTC AAC CGT CAG ACC CTG ACT GAA TCC ATG CTG GAA CCA GTT CCA GAA CTC AAA GAA CAG ATC CAG GCG TGG ATG CGT,-0.256718749447247
GAC GCT CCG GAC GAA TTC CGT GAC CCG CTG ATG GAC TAC CTG ATG ACC GAC CCG GTT CGT CTG CCG TCT GGC ACC ATC ATG TCT CGT TCT ATC ATC CTG CGT CAC CTG CTG AAC TCT CCG ACC GAT CCG TTC AAC CGT CAG ACC CTG ACC GAA TCT ATG CTG GAA CCG GTG CCG GAA CTG AAA GAA CAG ATC CAG GCG TGG ATG CGT,0.048710393373484
GAC GCG TGG GAC GAA TTC CGT GAC CCG CTG ATG GAC ACC CTG ATG ACT GAC CCG GTT CGT CTG CCG TCT GGC ACC ATC ATG GAC CGT TCT ATC ATC CTG CGT CAC CTG CTG AAC TCT CCG ACC GAC CCG TTC AAC CGT CAA ACC CTG ACC GAA TCT ATG CTG GAA CCG GTG CCG GAA CTG AAA GAA CAG ATC CAG GCT TGG ATG CGT,0.486062784518472
GAT GCG CCG GAC GAA TTC CGT GAC CCG CTG ATG GAC ACC CTG ATG ACC GAC CCG GTT CGC CTG CCG TCC GGT ACC ATT ATG GAC CGT TCT ATC ATC CTG CGT CAC CTG CTG AAC GAA CCG TGC GAC CCG TTC AAC CGT CAG ACC CTG ACC GAA TCT ATG CTG GAA CCA GTT CCG GAG CTG AAA GAA CAG ATC CAG GCG TGG ATG CGC,2.222077507385583
GAC GCT CCA GAC GAG TTC CGT GAC CCG CTG ATG GAC ACC CTG ATG ACC GAC CCG GTT CGT CTG CCG CTG GGT ACC ATC ATG GAC CGT TCT ATC ATC CTG CGT CAC CTG CTG AAC TCT CCG ACC GAT CCG TTC TCC CGT CAG ACC CTC ACC GAG TCC ATG CTG GAG CCA GTT CCG GAG CTG AAA GAA CAG ATC CAG GCG TGG ATG CGT,0.6602103445613786
GAC GCG CCA GAC GAA TTC CGT GAC CCG CTG ATG GAC ACC CTG ATG ACT GAC CCG GTT CCG CTG CCG TCT GGT ACT ATC ATG GAC CGT TCT ATC ATC CTG CGT CAC CTG CTG AAC TCT CCG ACC GAC CCA TTC AAC CGT CAG ACC CTG ACC GAA TCT ATG CTG ATG CCG GTG CCG GAA CTG AAA GAA CAG ATC CAG GCG TGG ATG CGT,-4.874982253934666
GAT GCG CCG GAC GAA TTT CGT GAC CCG CTG ATG GAC ACC CTG ATG ACC GAC CCA AAC CGT CTG CCG TCT GGC ACC ATC ATG GAC CGT TCT ATC ATC CTC CGT CAT CTC CTC AAC TCT CCG ACT GAC CCA TTC AAC CGT CAG ACC CTG ACC GAA TCT ATG CTC GAA CCG GTG CCG GAA CTG AAA GAA CAG ATC CAG GCG TGG ATG CGT,-1.3393852617924875
GAT GCG CCG GAC GAA TTC CGT GAC CCG CTG ATG GAC ACC CTG ATG ACC GAC CCA GTT CGT CTG CCG TGG GGT ACC ATC ATG GAC CGT TCT ATC ATC CTG CGT CAC CTG CTG AAC TCT CCG ACC GAT CCG TTC TTC CGT CAG ACC CTG ACC GAA TCT ATG CTG GAG CCA GTT CCA GAA CTG AAA GAA CAG ATC CAG GCG TGG ATG CGC,0.9882387616933784
GAT GCG CCG GAC GAA TTC CGT GAC CCG CTG ATG GAC ACC CTG ATG ACC ATC CCG GTT CGT CTG CCG TCT GGT ACT ATC ATG GAC ATC TCT ATC ATC CTG CGT CAC CTG CTG AAC TCT CCG ACC GAC CCG TTC AAC CGT CAG ACC CTG ACC GAA TCT ATG CTG GAA CCG GTG CCG GAG CTG AAA GAA CAG ATC CAG GCG TGG ATG CGT,1.0412723846596958
GAC GCT CCA GAC GAA TTC CGT GAC CCG CTG ATG GAC ACC CTG ATG ACC GAT CCG GTT CAC CTG CCG TCT GGT ACT ATC ATG GAC CGT TCT ATC ATC CTG CGT CAT CTG CTG AAC TCT CCG ACC GAC CCG TTC AAC CGT CAG ACC CTG ACC GAA TCT ATG CTG ACT CCG GTG CCA GAA CTG AAA GAA CAG ATC CAG GCG TGG ATG CGT,-0.1701622677974233
GAC GCT CCG GAC GAA TTC CGT GAC CCG CTG ATG GAC ACC CTG ATG ACT GAC CCG GTT CGT CTG CCA TAC GGT ACC ATC ATG GAC CGT TCT ATC ATC CTG CGT CAC CTG CTG AAC TCT CCG ACT CGT CCG TTC AAC CGT CAG ACC CTG ACC GAA TCT ATG CTG GAA CCG GTG CCG GAA CTG AAA GAA CAG ATC CAG GCG TGG ATG CGT,-3.907061448287109
GAC GCG CCA GAT GAA TTC CGC GAC CCG CTG ATG GAC ACC CTG ATG ACT GAC CCA GTT CGC CTG CCG TCT GGC ACC ATC ATG GAT ATG TCT ATC ATC CTG CGC CAC CTG CTC AAC TCT CCG ACC GAC CCG TTC AAT CGC CAG ACC CTG ACC GAA TCT ATG CTG GAA CCG GTG CCG GAA CTG TTC GAG CAA ATC CAG GCG TGG ATG CGT,1.0800101041855634
GAC GCT CCG GAC GAA TTC CGT GAC CCG CTG ATG GAC GAA CTG ATG ACC GAC CCG GTT CGT CTG CCG TCT GGT ACT ATC ATG GGT CGT TCT ATC ATC CTG CGT CAC CTG CTG AAC TCT CCG ACC GAT CCG TTC AAC CGT CAG ACC CTG ACC GAA TCT ATG CTG GAG CCG GTT CCA GAA CTG AAA GAA CAG ATC CAG GCG TGG ATG CGT,-1.593139191420368
GAC GCT CCG GAT GAA TTC CGT GAC CCG CTG ATG GAC ACC CTG ATG ACC GAC CCG GTT CGT CTG CCG TCT GGC ACC ATT ATG GAC CGT TCT ATC ATC CTG CGT CAC CTG CTG AAC TTC CCG ATC GAC CCG TTC AAC CGT CAA ACT CTG ACC GAA TCT ATG CTG GAA CCG GTG CCG GAA CTG AAA GAA CAG ATC CAG GCG TGG ATG CGT,1.4841210947835024
GAT GCG CCG GAC GAA TTC CGT GAC CCG CTG ATG GAC ACC CTG ATG ACC GTT CCG GTT CGT CTG CCG TCT GGC ACC ATC ATG GAT GTT TCT ATC ATC CTG CGT CAC CTG CTG AAC TCT CCG ACC GAC CCA TTC AAC CGT CAG ACC CTG ACC GAG TCT ATG CTG GAG CCG GTT CCG GAG CTG AAA GAA CAG ATC CAG GCG TGG ATG CGT,0.5971737371610453
GAT GCG CCG GAC GAA TTT CGT GAC CCA CTG ATG GAT ACC CTC ATG ACT CCA CCG GTT CGC CTG CCG TCT GGT ACT ATC ATG GAC GGT TCT ATC ATC CTG CGT CAC CTG CTG AAC TCT CCG ACT GAC CCG TTC AAC CGT CAG ACC CTG ACC GAA TCT ATG CTG GAA CCA GTT CCG GAG CTG AAA GAA CAG ATC CAG GCG TGG ATG CGT,-1.46731730888782
TCT GCG CCG GAC GAA TTC CGT GAC CCG CTG ATG GAC ACC CTG ATG ACC GAC CCG GTT CGT CTG CCG TCT GGC ACC ATC ATG GAC CGT TCT ATC ATC CTG CGT CAC CTG CTG AAC TCT CCG ACC GAT CCG TTC AAC CGT CAG ACC CTG ACC GAA TCT ATG CTG GAA CCG GTG CCG GAA CTG AAA GAA CAG ATC CAG GCG TGG ATG CGT,2.501423098911859
GAT GCG CCG GAC GAA TTC CGT GAC CCG CTG ATG GAC ACC CTG ATG ACC TAC CCG GTT CGT CTG CCG TCT GGC ACC ATC ATG GAC CAG TCT ATC ATC CTG CGT CAC CTG CTG AAC TCT CCG ACC GAC CCG TTC AAC CGT CAG ACC CTG ACC GAA TCT ATG CTG GAA CCA GTT CCG GAG CTG AAA GAA CAG ATC CAG GCG TGG ATG CGT,0.1415022654304573
GAC GCT CCG GAC GAA TTC CGT GAC CCG CTG ATG GAC CTG CTG ATG ACT GAC CCG GTT CGT CTG CCG TCC GGT ACC ATT ATG ATG CGT TCT ATC ATC CTG CGT CAT CTG CTG AAT TCT CCG ACC GAC CCG TTC AAC CGT CAG ACC CTG ACC GAA TCT ATG CTG GAA CCG GTG CCG GAA CTG AAA GAA CAG ATC CAG GCG TGG ATG CGC,0.7303691031622119
GAC GCT CCG GAC GAA TTC CGT GAC CCG CTG ATG GAT ACC CTC ATG ACT GAC CCG GTT CGC CTG CCA TCT GGT ACT ATC ATG GAC CAG TCT ATC ATC CTG CGT CAC CTG CTG AAC TCT CCG ACC GAC CCA TTC AAC CGC CAG ACC CTG ACC GAA TCT ATG CTG GAG CCA GTT CCA GAG CTG CTG GAA CAG ATC CAG GCG TGG ATG CGT,0.1355137863878734
GAC GCT CCG GAC GAA TTC CGT GAC CCG CTG ATG GAT ACC CTG ATG ACC TAC CCG GTT CGT CTG CCG TCT GGT ACT ATT ATG GAC GCT TCT ATC ATC CTG CGT CAC CTG CTG AAC TCT CCG ACT GAC CCG TTC AAC CGT CAG ACC CTG ACC GAA TCT ATG CTG GAG CCG GTT CCA GAA CTG AAA GAA CAG ATC CAG GCG TGG ATG CGT,0.6000164021317119
GAC GCG CCA GAC GAA TTC CGT GAC CCG CTG ATG GAC ACC CTG ATG ACC GAC CCG GTT CGC CTG CCG TCC GGT ACC ATC ATG GAC CGT TCT ATC ATC CTG CGT CAC CTG CTC AAC GTT CCG GAG GAC CCG TTC AAC CGT CAG ACC CTG ACC GAA TCT ATG CTG GAA CCA GTG CCG GAA CTG AAA GAA CAG ATC CAG GCG TGG ATG CGT,1.328313584343381
GAC GCT CCG GAC GAA TTC CGT GAC CCG CTG ATG GAT ACC CTG ATG ACT GAC CCG GTT CGC CTG CCG TCT GGC ACT ATC ATG GAC ACC TCT ATC ATC CTG CGT CAC CTC CTG AAC TCT CCG ACC GAC CCA TTC AAC CGC CAA ACC CTG ACC GAA TCT ATG CTG GAA CCA GTG CCG GAG CTG TGG GAA CAG ATC CAG GCG TGG ATG CGT,0.7586249834340886
GAC GCT ATC GAC GAA TTC CGT GAC CCG CTG ATG GAC ACC CTG ATG ACT GAC CCG GTT CGT CTG CCG TCT GGC ACC ATC ATG GAC CGT TCT ATC ATC CTG CGT CAC CTG CTG AAC TCT CCG ACC GAC CCA TTC AAC CGT CAA ACC CTG ACT GAA TCT ATG CTG GAG CCG GTG CCG GAA CTG AAA GAA CAG ATC CAG GCG TGG ATG CGT,0.275065417623637
GAC GCT CCG GAC GAA TTC CGT GAC CCG CTG ATG GAC TCT CTG ATG ACC GAT CCG GTT CGT CTG CCG TCT GGT ACT ATC ATG TGG CGT TCT ATC ATC CTG CGT CAC CTG CTG AAC TCT CCG ACC GAC CCA TTC AAC CGT CAG ACC CTG ACC GAA TCT ATG CTG GAG CCG GTG CCG GAA CTG AAA GAA CAG ATC CAG GCG TGG ATG CGT,0.8206738658231867
GAT GCG CCG GAT GAA TTC CGT GAC CCG CTG ATG GAC ACC CTG ATG ACT GAC CCG GTT CGT CTG CCG TCT GGC ACT ATC ATG GAC GTT TCT ATC ATC CTC CGT CAC CTG CTC AAC TCT CCG ACC GAC CCA TTC AAC CGT CAG ACC CTG ACC GAA TCT ATG CTG GAG CCG GTT CCA GAG CTG AAC GAA CAG ATC CAG GCG TGG ATG CGT,0.1384584715793741
GAC GCT CCG GAT GAA TTC CGT GAC CCG CTG ATG GAC ACC CTG ATG ACC GCG CCA GTT CGT CTG CCA TCC GGT ACC ATC ATG GAC CGT TCT ATC ATC CTG CGT CAC CTG CTG AAC TCT CCG ACC GAC CCG TTT AAT CGC CAG ACC CTG ACC GAA TCT ATG CTG GAA CCA GTG CCG GAG CTG CGT GAA CAG ATC CAG GCG TGG ATG CGT,0.1678433291720441
GAC GCT CCG GAC GAG TTC CGT GAC CCG CTG ATG GAC ACC CTG ATG ACC GAT CCG GTT CGT CTG CCG TCT GGC ACC ATC ATG GAC CTG TCT ATC ATC CTG CGT CAC CTG CTG AAC TCT CCG ACC GAC CCG TTC AAC CGC CAG ACC CTG ACC GAA TCT ATG CTG GAA CCG GTG CCG GAA CTG CTG GAG CAG ATC CAG GCG TGG ATG CGT,1.5892130909953477
GAC GCG CCA GAC GAA TTC CGT GAC CCG CTG ATG GAC ACC CTG ATG ACC GAC CCA GTT GAC CTG CCG TCC GGT ACC ATT ATG GAC CGT TCT ATC ATC CTG CGT CAC CTG CTG AAC TCT CCA ACC GAT CCG TTC AAC CGT CAG ACC CTG ACC GAA TCT ATG CTG TGG CCG GTT CCG GAG CTG AAA GAA CAG ATC CAG GCG TGG ATG CGC,-0.3335983112675436
GAT GCT CCG GAT GAA TTC CGT GGT CCG CTG ATG GAC ACC CTG ATG ACC GAC CCG GTT CGT CTG CCG TCT GGT ACT ATT ATG CAG CGT TCC ATC ATT CTG CGT CAC CTG CTG AAC TCT CCG ACT GAC CCG TTC AAC CGT CAG ACC CTG ACC GAA TCT ATG CTG GAA CCG GTG CCA GAG CTG AAA GAA CAG ATC CAG GCG TGG ATG CGT,-5.131724740648211
GAC GCG CCA GAC GAA TTC CGT GAC CCG CTG ATG GAT ACT CTG ATG ACT GAC CCG GTG CGT CTG CCG TCT GGT ACT ATC ATG GAC TTC TCT ATC ATC CTG CGT CAC CTG CTG AAC TCT CCG ACC GAC CCG TTC AAC CGT CAG ACC CTG ACC GAA TCT ATG CTC GAA CCA GTT CCA GAA CTG CGT GAA CAG ATC CAG GCG TGG ATG CGT,1.0587225819099069
GAC GCT CCG GAC GAA TTC CGT GAC CCG CTG ATG GAC ACC CTC ATG ACC TAC CCG GTT CGT CTG CCG TCT GGC ACT ATC ATG GAC ATT TCT ATC ATC CTG CGT CAT CTG CTG AAC TCT CCG ACT GAC CCG TTC AAC CGC CAG ACC CTG ACC GAA TCT ATG CTG GAA CCG GTG CCG GAA CTG AAA GAA CAG ATC CAG GCG TGG ATG CGT,1.3664960711941507
GAC GCT CCA GAC GAA TTC CGT GAC CCA CTG ATG GAT ACT CTC ATG ACC GAT CCG GTG CGT CTG CCG TCT GGC ACC ATC ATG GAC CGT TCT ATC ATC CTC CGT CAC CTG CTG AAC TCT CCG ACC GAC CCG TTT AAC CGT CAA ACC CTG ACC GAA TCT ATG CTG GAA CCG GTG CCG GAA CTG AAA GAA CAG ATC CAG AAC TGG ATG CGT,2.450471534578928
GAC GCG CCA GAC GAA TTC CGT GAC CCG CTG ATG GAC ACC CTG ATG ACC GAT CCG GTG CCG CTG CCG TCT GGT ACT ATT ATG GAC CGT TCT ATC ATC CTG CGT CAC CTG CTG AAC TCT CCG ACT GAC CCG TTC AAC CGT CAG ACC CTG ACC GAA TCT ATG CTG GAC CCA GTT CCA GAG CTG AAA GAG CAG ATC CAG GCG TGG ATG CGC,-4.03281874163941
GAC GCT CCG GAC GAA TTC CGT GAC CCG CTG ATG GAC ACC CTG ATG ACC GAC CCA GTT CGT CTG CCG CGT GGC ACC ATC ATG GAC CGT TCT ATC ATC CTG CGT CAC CTG CTG AAC TCT CCG ACT GAC CCG TTC TGG CGT CAA ACC CTG ACC GAA TCT ATG CTG GAA CCG GTG CCG GAA CTG AAA GAA CAG ATC CAG GCG TGG ATG CGT,0.150902719234402
GAC GCG CCA GAT GAA TTC CGT GAC CCG CTG ATG GAT ACT CTC ATG ACC GTT CCG GTT CGT CTG CCG TCT GGT ACT ATC ATG GAC ACC TCT ATC ATC CTG CGT CAC CTG CTG AAC TCT CCG ACC GAC CCG TTC AAC CGT CAG ACC CTG ACC GAA TCT ATG CTG GAG CCG GTT CCA GAG CTG AAA GAA CAG ATC CAG GCG TGG ATG CGT,-0.1430349110234994
GAC GCT CCG GAC GAA TTC CGT GAC CCG CTG ATG GAC CGT CTG ATG ACC GAC CCG GTT CGT CTG CCG TCC GGT ACC ATC ATG GAG CGT TCT ATC ATC CTG CGT CAC CTG CTG AAC TCT CCG ACT GAC CCG TTC AAC CGT CAG ACC CTG ACC GAA TCT ATG CTG GAG CCG GTT CCA GAA CTG AAA GAA CAG ATC CAG GCG TGG ATG CGT,0.6573402011172333
GAT GCG CCG GAC GAA TTC CGT GAC CCG CTG ATG GAC ACC CTG ATG ACT GAC CCG GTT CGT CTC CCG TCT GGC ACC ATC ATG GAC CGT TCT ATC ATC CTG CGC CAC TAC CTG AAC TCT CCG ACC GAC CCG TTC AAT CGT CAG ACC CTG ACC GAA TCT ATG CTG GAA CCG GTG CCG GAA CTG AAA GAA CAG ATC CAG GCG TGG ATG CGT,-0.8194779286812197
GAC GCT CCG GAC GAA TTC CGT AAA CCG CTG ATG GAC ACC CTG ATG ACT GAC CCA GTT CGT CTG CCG TCT GGC ACC ATT ATG TTC CGT TCT ATC ATC CTG CGT CAC CTG CTG AAC TCT CCG ACC GAC CCG TTT AAC CGT CAG ACC CTG ACC GAA TCT ATG CTG GAA CCG GTG CCG GAA CTG AAA GAA CAG ATC CAG GCG TGG ATG CGT,0.7282953309448097
GAC GCT CCG GAT GAA TTC CGC GAC CCG CTG ATG GAT ACT CTG ATG ACC GAT CCG GTT CGT CTG CCG TCT GGC ACC ATC ATG GAC CGT TCT ATC ATC CTG CGT CAC CTG CTG AAC TCT CCG ACC GAC CCG TTT AAT CGT CAA ACC CTG ACC GAA TCT ATG CTG GAG CCA GTG CCG GAG CTG AAA CTG CAG ATC CAG GCG TGG ATG CGT,2.446512900095307
GAT GCG CCG GAC GAA TTC CGT GAC CCG CTG ATG GAC ACC CTG ATG ACC GAC CCG GTT CGT CTG CCG TCT GGC ACC ATC ATG GAC CGT TCT ATC ATC CTG CGT CAT CTC CTC AAT TCT CCG ACC GAT CCA TTC AAC CGC CAG ACC CTG ACT GAA TCT ATG CTG GAG CCG GTT CCA GAG CTC AAG GAA CAG ATC CAG GCT CTG ATG CGT,0.392926200864505
GAC GCT CCG GAC GAA TTC CGT GAC CCG CTG ATG GAT ACT CTC ATG ACC CGT CCA GTT CGC CTG CCA TCT GGC ACT ATC ATG GAC AAC TCT ATT ATC CTG CGT CAC CTG CTG AAC TCT CCG ACC GAC CCG TTC AAC CGT CAG ACC CTG ACC GAA TCT ATG CTC GAA CCG GTG CCG GAG CTC AAG GAA CAG ATC CAA GCG TGG ATG CGT,-3.119999017891631
GAC GCT CCG GAC GAA TTC CGT GAC CCG CTG ATG GAC ACC CTG ATG ACC GAC CCG GTT CGT CTG CCG CGT GGC ACC ATC ATG GAC CGT TCT ATC ATC CTC CGT CAC CTG CTG AAC TCT CCG ACT GGT CCG TTC AAC CGC CAG ACC CTG ACC GAG TCT ATG CTG GAA CCG GTG CCG GAA CTG AAA GAA CAG ATC CAG GCG TGG ATG CGT,-0.6402328604467109
GAC GCT CCG GAC GAA TTT CGT GAC CCG CTG ATG GAT ACT CTC ATG ACC GAT CCG GTT CGT CTG CCG TCT GGC ACC ATC ATG GAC CGT TCT ATC ATC CTG CGT CAC CTG CTG AAC TCT CCA ACT GAC CCG TTC AAC CGC CAG ACC CTG ACC GAA TCT ATG CTG CGT CCA GTG CCG GAA CTG AAA GAA CAG ATC CAG GCG TGG ATG CGT,2.152072042946016
GAC GCT CCA GAT GAA TTC CGT GAT CCG CTG ATG GAC ACC CTG ATG ACC GAC CCG GTT CGT CTC CCG TCT GGC ACC ATC ATG GAC CGT TCT ATC ATC CTG CGT CAC CTG CTG AAC AAC CCG CTC GAT CCG TTC AAC CGT CAG ACC CTG ACC GAA TCT ATG CTG GAG CCG GTT CCG GAG CTC AAA GAA CAG ATC CAG GCG TGG ATG CGT,1.185839395866616
GAC ATC CCG GAC GAA TTC CGT GAC CCG CTG ATG GAC ACC CTG ATG ACT GAC CCG GTT CGT CTG CCG TCT GGT ACT ATC ATG GAC CGT TCT ATC ATC CTG CGT CAC CTG CTG AAC TCT CCG ACC GAC CCA TTC AAC CGT CAG ACC CTG ACC GAA TCT ATG CTG GAA CCA GTT CCG GAG CTG AAA GAA CAG ATC CAG GCG TGG ATG CGT,3.49565028618669
GAT GCG CCG GAT GAA TTT CGT GAC CCG CTG ATG GAC ACC CTG ATG ACC GAC CCG GTT CGT CTG CCG TCT GGT ACT ATC ATG GAC CGT TCT ATC ATC CTG CGT CAC CTG CTG AAC AAC CCG TAC GAC CCG TTC AAC CGT CAA ACC CTG ACC GAA TCT ATG CTG GAG CCG GTT CCG GAG CTC AAG GAA CAG ATC CAG GCT TGG ATG CGT,2.6012920259356225
GAC GCT CCG GAC GAA TTC CGT GAC CCG CTG ATG GAC ACC CTG ATG ACC TGC CCG GTT CGT CTG CCG TCC GGT ACC ATC ATG GAC GTT TCT ATC ATC CTG CGT CAC CTG CTG AAC TCT CCG ACC GAC CCG TTC AAC CGT CAG ACC CTG ACC GAA TCT ATG CTG GAA CCA GTG CCG GAA CTG AAA GAA CAG ATC CAG GCG TGG ATG CGT,1.517097830437618
GAC GCT CCA GAC GAA TTC CGT GAC CCG CTG ATG GAC ACC CTG ATG ACC GAT CCG GTT ATC CTC CCG TCT GGT ACT ATC ATG GAC CGT TCT ATC ATC CTG CGC CAC CTG CTG AAC TCT CCG ACC GAC CCG TTC AAC CGT CAG ACC CTG ACC GAA TCT ATG CTG GTG CCG GTT CCA GAG CTG AAA GAA CAG ATC CAG GCG TGG ATG CGT,1.5074485200923509
GAC GCT CCG GAC GAA TTC CGT GAC CCG CTG ATG GAC ACC CTG ATG ACC TGG CCG GTG CGT CTG CCG TCT GGT ACT ATC ATG GAC CAC TCT ATC ATC CTG CGT CAC CTG CTG AAC TCT CCG ACC GAC CCG TTC AAC CGT CAG ACC CTG ACC GAA TCT ATG CTG GAG CCG GTT CCA GAA CTG AAA GAA CAG ATC CAG GCG TGG ATG CGT,0.3515434100010693
GAC GCT CCG GAC GAA TTC CGT GAC CCG CTG ATG GAC ACC CTG ATG ACC GGC CCA GTT CGC CTG CCG TCT GGC ACC ATC ATG GAC CGT TCT ATC ATC CTG CGT CAC CTG CTG AAC TCT CCG ACC GAC CCG TTC AAC CGT CAG ACC CTG ACC GAA TCT ATG CTG GAA CCG GTG CCG GAA CTG CAA GAA CAG ATC CAG GCG TGG ATG CGT,-0.5977584340665445
GAT GCT CCG GAT GAA TTC CGT GAC CCG CTG ATG GAC ACC CTG ATG ACT GAC CCG GTT CGT CTG CCG CAC GGT ACC ATC ATG GAC CGT TCT ATC ATC CTG CGT CAC CTG CTG AAC TCT CCG ACC GAC CCG TTC ATG CGT CAG ACT CTG ACC GAA TCT ATG CTG GAA CCG GTG CCG GAA CTC AAA GAA CAG ATC CAG GCG TGG ATG CGT,-0.2115427946803425
GAC GCG CCA GAC GAG TTC CGT GAC CCG CTG ATG GAC ACC CTG ATG ACC ATC CCG GTT CGC CTG CCG TCC GGC ACC ATC ATG GAT GCT TCT ATC ATC CTG CGT CAC CTG CTG AAC TCT CCG ACT GAC CCG TTC AAC CGT CAG ACC CTG ACC GAA TCT ATG CTG GAA CCA GTT CCG GAG CTG AAA GAA CAG ATC CAG GCG TGG ATG CGC,0.3988609020417208
GAC GCT CCG GAC GAG TTT CGT GAC CCG CTG ATG GAT ACT CTG ATG ACC TCT CCG GTT CGT CTG CCG TCT GGC ACC ATC ATG GAT ATG TCT ATC ATT CTC CGT CAC CTC CTG AAC TCT CCG ACC GAC CCG TTC AAC CGC CAG ACC CTG ACC GAA TCT ATG CTG GAA CCG GTG CCG GAA CTG AAA GAA CAG ATC CAG GCG TGG ATG CGT,0.956488148451956
GAC GCG CCA GAT GAA TTC CGT GAC CCG CTG ATG GAC TGC CTG ATG ACC GAC CCA GTT CGT CTG CCG TCT GGC ACC ATT ATG GCT CGT TCT ATC ATC CTG CGT CAC CTG CTG AAC TCT CCG ACC GAT CCG TTC AAC CGT CAG ACC CTG ACC GAA TCT ATG CTG GAG CCG GTG CCG GAG CTG AAA GAA CAG ATC CAG GCG TGG ATG CGT,1.2085451258557045
GAT GCG CCG GAC GAG TTC CGT GAC CCG CTG ATG GAC ACC CTG ATG ACC GAT CCA GTT CGT CTG CCG TCT GGC ACC ATC ATG GAC TCT TCT ATC ATC CTC CGT CAC CTG CTG AAC TCT CCG ACC GAC CCA TTC AAC CGT CAG ACC CTC ACT GAA TCT ATG CTG GAA CCG GTG CCG GAG CTG CCG GAA CAG ATC CAG GCT TGG ATG CGT,-2.9858043097681035
GAC GCT CCG GAT GAA TTC CGT GAT CCG CTG ATG GAC CGT CTG ATG ACT GAC CCA GTT CGC CTG CCG TCT GGC ACC ATC ATG ACT CGT TCC ATC ATC CTG CGT CAC CTG CTG AAC TCT CCG ACC GAC CCG TTC AAC CGT CAG ACC CTG ACC GAA TCT ATG CTG GAA CCA GTG CCG GAG CTG AAA GAA CAG ATC CAG GCG TGG ATG CGT,-1.651493659834715
GAC GCT CCG GAC GAA TTC CGT GAC CCG CTG ATG GAC ACC CTG ATG ACC GAC CCG GTT CGT CTG CCG TCT GGT ACT ATC ATG GAC CGT TCT ATC ATC CTG CGT CAC CTG CTG AAC TTC CCG TCT GAC CCG TTC AAC CGT CAG ACC CTG ACC GAA TCT ATG CTG GAA CCG GTG CCA GAA CTG AAA GAA CAG ATC CAG GCG TGG ATG CGT,1.386143322403023
GAC GCT CCA GAC GAA TTT CGT GAC CCG CTG ATG GAC ACC CTG ATG ACT GAC CCG GTG CGT CTG CCG TCC GGT ACC ATC ATG GAC CGT ATG ATT ATT CTG CGT CAC CTG CTG AAC TCT CCG ACC GAC CCG TTC AAC CGT CAA ACC CTG ACC GAA TCT ATG CTG GAA CCG GTG CCG GAA CTC AAA GAA CAG ATC CAG GCT TGG ATG CGT,2.308864186044164
GAT GCG CCG GAC GAA TTT CGC GAC CCG CTG ATG GAC ACC CTG ATG ACC CAG CCG GTT CGT CTC CCG TCT GGT ACT ATC ATG GAC AAC TCT ATC ATC CTG CGT CAC CTG CTG AAC TCT CCG ACC GAC CCG TTC AAC CGT CAG ACC CTG ACC GAA TCT ATG CTG GAA CCA GTT CCA GAG CTG AAA GAA CAG ATC CAG GCG TGG ATG CGT,-2.2928186851781978
GAC GCG CCA GAC GAA TTC CGT GAC CCA CTG ATG GAT ACC CTC ATG ACC GAC CCG GTT CGT CTC CCG TCT GGT ACC TAC ATG GAC CGT TCT ATC ATC CTG CGT CAC CTC CTG AAC TCT CCG ACC GAT CCG TTC AAC CGT CAA ACC CTG ACC GAA TCT ATG CTG GAA CCA GTG CCG GAG CTG AAA GAA CAG ATC CAG GCG TGG ATG CGT,0.1386503838739582
GAT GCT CCG GAC GAA TTT CGT GAC CCA CTG ATG GAT ACC CTG ATG ACC GAC CCG GTT CGT CTG CCG TCC GGT ACC ATC ATG GAT TAC TCT ATC ATC CTG CGT CAC CTG CTG AAC TCT CCG ACC GAT CCG TTC AAC CGT CAG ACC CTG ACC GAA TCT ATG CTG GAG CCG GTG CCG GAA CTC TGG GAA CAG ATC CAG GCG TGG ATG CGT,1.5175294892862603
GAC GCT CCA GAT GAA TTC CGT GAC CCG CTG ATG GAC ACC CTG ATG ACC TTC CCG GTT CGT CTG CCG TCT GGT ACT ATC ATG GAC ATC TCT ATC ATC CTG CGT CAC CTG CTG AAC TCT CCG ACC GAC CCG TTC AAC CGT CAG ACC CTG ACC GAA TCT ATG CTG GAG CCG GTG CCA GAA CTG AAG GAA CAG ATC CAG GCG TGG ATG CGT,1.175199339819173
GAT GCG GTT GAC GAA TTC CGT GAC CCG CTG ATG GAC ACC CTG ATG ACC GAC CCG GTT CGT CTG CCG TCT GGC ACC ATC ATG GAC CGT TCT ATC ATC CTG CGT CAC CTG CTG AAC TCT CCG ACC GAT CCG TTC AAC CGT CAG ACC CTG ACC GAA TCT ATG CTG GAA CCG GTG CCG GAA CTG AAA GAA CAG ATC CAG GCG TGG ATG CGT,0.2108954022941235
GAT GCG CCG GAC GAA TTC CGT GAC CCG CTG ATG GAC ACC CTG ATG ACC GAT CCG GTT CGT CTG CCG TGG GGC ACC ATC ATG GAC CGT TCT ATC ATC CTG CGC CAC CTG CTG AAC TCT CCG ACC GAC CCG TTC CCG CGT CAA ACC CTG ACC GAA TCT ATG CTG GAG CCA GTT CCA GAG CTC AAA GAA CAG ATC CAG GCG TGG ATG CGT,-0.0699503154184573
GAT GCG CCA GAC GAA TTC CGT GAC CCG CTG ATG GAC ACC CTG ATG ACT GAC CCG GTG CGT CTC CCG TCC GGT ACC ATC ATG GAC ATC TCT ATC ATC CTC CGT CAC CTG CTG AAC TCT CCG ACC GAC CCG TTT AAT CGT CAG ACC CTG ACC GAA TCT ATG CTG GAA CCA GTT CCA GAG CTC GCG GAA CAG ATC CAG GCG TGG ATG CGT,1.2327712690613166
GAT GCG CCG GAT GAA TTC CGT GAC CCG CTG ATG GAC ACC CTG ATG ACT GAC CCA GTT TTC CTC CCG TCT GGC ACT ATC ATG GAC CGC TCT ATC ATC CTG CGT CAC CTC CTG AAC TCT CCG ACT GAT CCG TTC AAT CGT CAG ACC CTG ACC GAA TCT ATG CTG GAA CCG GTG CCG GAA CTG AAA GAA CAG ATC CAG GCG TGG ATG CGT,0.2341089257780367
GAC GCT CCG GAC GAG TTC CGT GAC CCG CTG ATG GAC ACC CTG ATG ACC GAT CCG GTT CGT CTG CCG TCT GGC ACC ATC ATG GAC CGT TCT ATC ATC CTG CGT CAC CTG CTG AAC TCT CCG ACC GAC CCG TTC AAC CGC CAG ACT CTG ACC GAA TCT ATG CTG GAA CCG GTG CCG GAA CTG AAA CGT CAG ATC CAG GCG TGG ATG CGT,2.492076415977696
GAC GCG CCA GAC GAG TTC CGT GAC CCG CTG ATG GAC TAC CTG ATG ACC GAC CCA GTT CGT CTG CCG TCT GGT ACT ATC ATG CCG CGT TCT ATC ATC CTG CGT CAC CTG CTG AAC TCT CCG ACC GAT CCG TTC AAC CGT CAG ACC CTG ACC GAA TCT ATG CTG GAG CCG GTT CCA GAA CTG AAA GAA CAG ATC CAG GCG TGG ATG CGT,-0.180759071807391
GAC GCT CCG GAC GAA TTC CGT TTC CCG CTG ATG GAC ACC CTG ATG ACT GAC CCG GTT CGT CTG CCG TCT GGC ACC ATC ATG TAC CGT TCT ATC ATC CTG CGT CAC CTG CTG AAC TCT CCG ACC GAC CCG TTC AAC CGT CAG ACC CTG ACC GAA TCT ATG CTG GAA CCG GTG CCG GAA CTG AAA GAA CAG ATC CAG GCG TGG ATG CGT,0.6115589315798009
GAC GCT CCG GAC GAA TTC CGT GAC CCG CTC ATG GAC GTT CTC ATG ACC GAC CCG GTT CGT CTG CCG TCT GGT ACT ATC ATG TAC CGT TCT ATC ATC CTG CGT CAC CTG CTG AAC TCT CCG ACT GAC CCG TTC AAC CGT CAG ACC CTG ACC GAA TCT ATG CTG GAA CCA GTT CCA GAG CTG AAA GAA CAG ATC CAG GCG TGG ATG CGT,0.3373138157822951
GAT GCG CCA GAC GAA TTC CGT GAC CCG CTC ATG GAT ACC CTG ATG ACT GAC CCG GTT CGC CTG CCG TCC GGT ACC ATC ATG GAC ATC TCT ATC ATC CTG CGT CAC CTG CTG AAC TCT CCA ACC GAC CCG TTT AAT CGT CAA ACC CTG ACC GAA TCT ATG CTG GAG CCG GTT CCG GAG CTG TCT GAA CAG ATC CAG GCG TGG ATG CGT,0.6615139455439574
GAT GCG CCG GAC GAG TTC CGT GAA CCG CTG ATG GAC ACC CTG ATG ACC GAC CCG GTT CGT CTG CCG TCT GGT ACT ATC ATG ACC CGT TCT ATC ATC CTG CGT CAC CTG CTG AAC TCT CCG ACC GAT CCG TTC AAC CGT CAG ACC CTG ACC GAA TCT ATG CTG GAA CCG GTG CCA GAG CTG AAA GAA CAG ATC CAG GCG TGG ATG CGT,-3.830811310926411
GAC GCG CCA GAT GAA TTC CGT GAC CCG CTG ATG GAC ACC CTG ATG ACC GAC CCG GTT CGT CTG CCG TCT GGC ACC ATC ATG GAC CGT TCT ATC ATC CTG CGT CAC CTG CTG AAC TCT CCG ACC GAT CCG TTC AAC CGT CAG ACC CTG ACC GAA TCT ATG CTG CTG CCG GTG CCG GAA CTC AAA GAA CAG ATC CAG GCG TGG ATG CGT,2.0244901122919066
GAT GCG CCG GAC GAA TTC CGT GAC CCG CTG ATG GAC ACC CTG ATG ACC GAC CCG GTT CGT CTG CCG TCT GGT ACT ATC ATG GAC CGT TCT ATC ATC CTG CGT CAC CTG ATC AAC TCT CCG ACT GAC CCG TTC AAC CGT CAG ACC CTG ACC GAA TCC ATG CTG GAG CCG GTT CCG GAG CTG AAG GAA CAG ATC CAG GCG TGG ATG CGT,2.1559810107425035
GAC GCG CCA GAT GAA TTC CGT GAC CCG CTG ATG GAC ACC CTG ATG ACC GAC CCG GTT CGT CTG CCA GAC GGT ACC ATC ATG GAC CGT TCT ATC ATC CTG CGT CAC CTG CTG AAC TCT CCA ACC GGT CCG TTC AAC CGT CAA ACC CTG ACC GAA TCT ATG CTG GAA CCG GTG CCG GAA CTC AAA GAA CAG ATC CAG GCG TGG ATG CGT,0.5471620631731667
GAC GCT CCG GAC GAG TTC CGT AAC CCG CTG ATG GAC ACC CTG ATG ACT GAC CCG GTT CGT CTG CCG TCT GGC ACT ATC ATG ACT CGT TCT ATC ATC CTG CGT CAC CTC CTG AAC TCT CCG ACC GAC CCG TTC AAC CGT CAG ACC CTG ACC GAA TCT ATG CTG GAA CCG GTG CCG GAA CTG AAA GAA CAG ATC CAG GCG TGG ATG CGC,-0.531793767126127
GAT GCG CCG GAT GAA TTC CGT GAT CCG CTG ATG GAC ACC CTG ATG ACC GAC CCG GTT CGT CTG CCA GCG GGC ACC ATC ATG GAC CGT TCT ATC ATC CTG CGT CAC CTG CTG AAC TCT CCG ACC GAT CCG TTC AAA CGT CAG ACC CTG ACC GAA TCT ATG CTG GAG CCA GTT CCA GAA CTG AAA GAA CAG ATC CAG GCG TGG ATG CGT,-5.453560358919241
GAC GCT CCG GAC GAA TTC CGT GAC CCA CTG ATG GAC ACC CTG ATG ACC GAT CCG GTT CGT CTG CCG GTG GGT ACC ATC ATG GAC CGT TCT ATC ATC CTG CGT CAC CTG CTG AAC TCT CCG ACC GAC CCG TTC ATG CGT CAG ACC CTG ACC GAA TCT ATG CTG GAA CCA GTG CCG GAA CTC AAA GAA CAG ATC CAG GCG TGG ATG CGT,-5.026667169105565
GAC GCT CCA GAC GAA TTC CGT GAC CCG CTG ATG GAT ACC CTC ATG ACC TAC CCG GTG CGC CTG CCG TCT GGT ACT ATC ATG GAT ATG TCT ATC ATC CTG CGT CAC CTG CTG AAT TCT CCG ACC GAC CCG TTC AAC CGT CAG ACT CTG ACC GAA TCT ATG CTG GAA CCA GTG CCA GAA CTG AAA GAA CAG ATC CAG GCG TGG ATG CGT,0.9637553213960812
GAT GCG CCA GAT GAA TTC CGT GAC CCG CTG ATG GAC ACC CTG ATG ACC ATG CCG GTT CGT CTG CCG TCT GGT ACT ATC ATG GAC GAA TCC ATC ATC CTG CGT CAC CTG CTG AAC TCT CCA ACC GAC CCG TTC AAC CGT CAA ACC CTG ACC GAA TCT ATG CTG GAA CCA GTT CCA GAA CTG AAA GAA CAG ATC CAG GCG TGG ATG CGT,-1.3198247230342086
GAT GCT CCG GAT GAG TTC CGT GAC CCG CTC ATG GAT ACC CTG ATG ACC ATC CCG GTT CGT CTG CCG TCT GGC ACC ATC ATG GAC ACC TCT ATC ATC CTG CGT CAC CTG CTG AAC TCT CCG ACC GAC CCA TTC AAC CGT CAG ACC CTG ACT GAA TCC ATG CTG GAA CCA GTG CCG GAA CTG AAA GAA CAG ATC CAG GCG TGG ATG CGT,-0.0746859578976495
GAC GCT CCG GAC GAA TTC CGT GAC CCG CTG ATG GAC ACC CTG ATG ACT GAC CCA GTT CGT CTG CCA CCG GGT ACC ATC ATG GAC CGT TCT ATC ATC CTG CGT CAC CTC CTC AAC TCT CCG ACC GAC CCG TTC ATG CGC CAG ACC CTG ACC GAA TCT ATG CTG GAA CCA GTT CCA GAA CTG AAA GAA CAG ATC CAG GCG TGG ATG CGT,-2.025759928849656
GAC GCT CCG GAC GAA TTC CGT ACT CCG CTG ATG GAC ACC CTG ATG ACT GAC CCA GTT CGT CTG CCG TCT GGC ACC ATC ATG GCG CGT TCT ATC ATC CTG CGT CAC CTG CTG AAC TCT CCG ACC GAC CCG TTC AAC CGT CAG ACC CTG ACC GAA TCT ATG CTG GAA CCG GTG CCG GAA CTG AAA GAA CAG ATC CAG GCG TGG ATG CGT,-0.5400439807732069
GAC GCG CCA GAT GAA TTC CGT AAC CCG CTG ATG GAC ACC CTG ATG ACT GAC CCG GTT CGT CTC CCG TCC GGT ACC ATC ATG GAG CGT TCT ATC ATC CTG CGT CAC CTG CTG AAC TCT CCG ACC GAC CCG TTC AAC CGT CAG ACC CTG ACC GAA TCT ATG CTG GAA CCG GTG CCG GAG CTC AAA GAA CAG ATC CAG GCG TGG ATG CGT,-0.2336625998979873
GAT GCG CCG GAC GAA TTC CGT GAC CCG CTG ATG GAC ACC CTG ATG ACC GAC CCG GTT CGT CTG CCG CTG GGT ACC ATC ATG GAC CGT TCT ATC ATC CTG CGT CAC CTG CTG AAC TCT CCG ACC TAC CCG TTC AAC CGT CAG ACC CTG ACC GAA TCT ATG CTG GAA CCG GTG CCA GAA CTG AAA GAA CAG ATC CAG GCG TGG ATG CGT,-0.1053431724665381
GAT GCG CCG GAC GAA TTC CGT GAC CCG CTG ATG GAC ACC CTG ATG ACC GAC CCG GTT CGT CTC CCG GAA GGT ACC ATC ATG GAC CGT TCT ATC ATC CTG CGT CAC CTG CTG AAC TCT CCG ACC CAG CCG TTC AAC CGT CAG ACT CTG ACC GAA TCT ATG CTG GAA CCG GTG CCG GAA CTG AAA GAA CAG ATC CAG GCG TGG ATG CGT,-3.147134626847493
GAC GCT CCG GAC GAA TTC CGT TGC CCG CTG ATG GAC ACC CTG ATG ACC GAC CCG GTT CGT CTG CCG TCT GGT ACT ATC ATG TCT CGT TCT ATC ATC CTG CGT CAC CTG CTG AAC TCT CCA ACC GAT CCA TTC AAC CGT CAG ACC CTG ACC GAA TCT ATG CTG GAA CCG GTG CCG GAA CTG AAA GAA CAG ATC CAG GCT TGG ATG CGT,0.8140166076248394
GAT GCT CCG GAC GAA TTC CGT GAC CCG CTG ATG GAC AAT CTG ATG ACC GAC CCG GTT CGT CTG CCG TCC GGC ACC ATC ATG TTC CGT TCT ATC ATC CTG CGT CAC CTG CTG AAC TCT CCG ACC GAT CCA TTC AAC CGT CAG ACC CTG ACC GAA TCT ATG CTG GAG CCG GTG CCA GAA CTC AAG GAA CAG ATC CAG GCT TGG ATG CGT,0.2713713561148009
GAC GCT CCG GAC GAA TTC CGT GAC CCG CTG ATG GAC ACC CTG ATG ACC GAC CCG GTT CGC CTG CCG TCT GGT ACT ATC ATG GAC TTC TCT ATC ATC CTG CGT CAC CTG CTG AAC TCT CCG ACC GAT CCG TTC AAC CGT CAG ACC CTG ACC GAA TCC ATG CTG GAA CCG GTG CCG GAA CTG GCG GAA CAG ATC CAG GCG TGG ATG CGT,0.9212023852883346
GAT GCG CCG GAC GAA TTC CGT GAC CCG CTG ATG GAC ACC CTG ATG ACC GAC CCG GTT CGT CTG CCG TTC GGT ACC ATC ATG GAC CGT TCT ATC ATC CTG CGT CAC CTG CTG AAC TCT CCG ACC GAA CCG TTC AAC CGT CAA ACC CTG ACC GAA TCT ATG CTG GAA CCG GTG CCG GAG CTG AAA GAA CAG ATC CAG GCG TGG ATG CGC,-0.9732237582781438
GAT GCG CCG GAT GAA TTC CGT GAC CCG CTG ATG GAC ACC CTG ATG ACC GAC CCG GTT CGT CTG CCG TCT GGC ACC ATC ATG GAC CGT TCT ATC ATC CTG CGT CAC CTG CTC AAT TCT CCG ACC GAT CCG TTT AAC CGT CTC ACT CTG ACT GAA TCT ATG CTG GAA CCA GTT CCG GAG CTG AAA GAA CAG ATC CAG GCG TGG ATG CGT,1.886733951892798
GAC GCG CCA GAC GAA TTC CGT GAC CCG CTG ATG GAC ACC CTG ATG ACC GAC CCG GTT CGC CTG CCG TGC GGT ACC ATT ATG GAC CGT TCT ATC ATC CTG CGC CAC CTG CTG AAC TCT CCG ACC ATC CCG TTC AAC CGT CAG ACC CTG ACC GAA TCT ATG CTG GAG CCA GTT CCG GAG CTG AAA GAA CAG ATC CAG GCG TGG ATG CGC,0.7582436275125957
GAT GCT CCG GAT GAG TTC CGT GAC CCA CTG ATG GAT ACC CTC ATG ACT CAC CCG GTT CGT CTG CCG TCT GGC ACC ATC ATG GAC CTG TCT ATC ATC CTG CGT CAC CTG CTG AAC TCT CCG ACC GAT CCG TTC AAC CGT CAG ACC CTG ACC GAA TCT ATG CTG GAA CCG GTG CCG GAA CTG AAA GAA CAG ATC CAG GCG TGG ATG CGT,1.3131878195041522
GAT GCG CCG GAC GAA TTC CGT GAC CCG CTG ATG GAC ACC CTG ATG ACC GAC CCG GTT CGT CTG CCG TCT GGT ACT ATC ATG GAC CGT TCT ATC ATC CTG CGT CAC CTG CTG AAC CGT CCG TGC GAC CCG TTC AAC CGT CAG ACC CTG ACC GAA TCT ATG CTG GAG CCG GTT CCG GAG CTG AAA GAA CAG ATC CAG GCG TGG ATG CGT,1.2917113674713634
GAC GCT CCG GAC GAA TTC CGT GAC CCG CTG ATG GAC ACC CTG ATG ACC GGC CCA GTT CGT CTG CCG TCC GGT ACC ATC ATG GAC CCG TCT ATC ATC CTG CGT CAC CTG CTG AAC TCT CCA ACC GAC CCG TTC AAC CGT CAG ACT CTG ACC GAA TCT ATG CTC GAA CCG GTG CCG GAG CTG AAA GAA CAG ATC CAG GCG TGG ATG CGT,-0.59776517579412
GAC GCT CCG GAC GAA TTC CGT GAC CCG CTG ATG GAC ACC CTG ATG ACC AAC CCA GTT CGC CTG CCG TCT GGC ACC ATC ATG GAC GTT TCT ATC ATC CTG CGC CAC CTG CTG AAC TCT CCG ACC GAC CCG TTT AAT CGC CAG ACC CTG ACC GAA TCT ATG CTG GAA CCG GTG CCG GAA CTG AAA GAA CAG ATC CAG GCG TGG ATG CGT,0.535359953950238
GAT GCG CCG GAC GAA TTC CGT GAC CCG CTG ATG GAC ACC CTG ATG ACC GAC CCG GTT CGT CTG CCG TCT GGC ACC ATC ATG GAC CGT TCT ATC ATC CTG CGT CAC CTG CTG CTG TCT CCG ACT GAC CCG TTC AAT CGC CAG ACC CTG ACC GAA TCT ATG CTG GAA CCG GTG CCG GAA CTG AAA GAA CAG ATC CAG GCG TGG ATG CGT,2.5664693129270297
GAT GCG CCG GAC GAA TTC CGT GAC CCG CTG ATG GAC ACC CTG ATG ACC GAC CCA GTT CGT CTG CCG TCT GGC ACC ATC ATG GAC CGT TCT ATC ATC CTG CGT CAC CTG CTG AAC TTC CCG TAC GAC CCG TTC AAC CGT CAG ACC CTG ACC GAA TCT ATG CTC GAA CCA GTT CCA GAA CTG AAA GAA CAG ATT CAA GCG TGG ATG CGC,2.8517249682063213
GAT GCG CCG GAC GAA TTC CGT GAC CCG CTG ATG GAC ACC CTG ATG ACC GAC CCG GTT CGT CTG CCG AAA GGT ACC ATC ATG GAC CGT TCT ATC ATC CTG CGT CAC CTG CTG AAC TCT CCG ACT GAT CCG TTT GTT CGT CAG ACC CTG ACC GAA TCT ATG CTG GAA CCG GTG CCG GAA CTG AAA GAA CAG ATC CAG GCG TGG ATG CGT,-2.057245209571969
GAC GCT CCG GAC GAA TTC CGT GCG CCG CTG ATG GAC ACC CTG ATG ACC GAC CCG GTT CGT CTC CCG TCT GGC ACC ATT ATG ATG CGT TCT ATC ATC CTG CGT CAC CTG CTG AAC TCT CCG ACT GAC CCG TTC AAC CGT CAG ACC CTG ACC GAA TCT ATG CTG GAA CCG GTG CCG GAA CTG AAA GAA CAG ATC CAG GCG TGG ATG CGC,0.0182018404921635
GAC GCT CCG GAC GAA TTC CGT GAC CCG CTC ATG GAT ACT CTG ATG ACT GGT CCG GTT CGT CTG CCG TCC GGT ACC ATC ATG GAC CGT TCT ATC ATC CTG CGT CAC CTG CTG AAC TCT CCG ACC GAC CCG TTC AAC CGC CAG ACC CTG ACC GAA TCT ATG CTG GAA CCA GTG CCA GAA CTC TTT GAA CAG ATC CAG GCG TGG ATG CGT,0.476716823355326
GAT GCG CCG GAC GAA TTC CGT GAC CCG CTG ATG GAC ACC CTG ATG ACT GAC CCG GTT ATC CTG CCG TCC GGT ACT ATC ATG GAC CGT TCT ATC ATC CTG CGT CAC CTG CTG AAC TCT CCG ACC GAC CCG TTC AAC CGT CAG ACC CTG ACC GAA TCT ATG CTG CCG CCA GTT CCG GAG CTG AAA GAA CAG ATC CAG GCG TGG ATG CGT,-2.53691704049851
GAC GCT CCG GAC GAG TTC CGT GAC CCA CTG ATG GAT ACC CTG ATG ACC GAC CCG GTT CGT CTG CCG TCT GGC ACC ATC ATG GAC CGT TCT ATC ATC CTG CGT CAC CTG CTG AAC TCT CCG ACC CAC CCG TTC AAC CGT CAA ACC CTG ACT GAA TCT ATG CTG GAA CCA GTG CCG GAA CTG AAA GAA CAG ATC CAA GCG TGG ATG CGT,-0.0264338549204013
GAC GCT CCG GAC GAA TTC CGT GAC CCG CTG ATG GAC ACC CTG ATG ACC GAT CCG GTT CGT CTG CCG TCC GGT ACC ATC ATG GAC CGT TCT ATC ATC CTG CGT CAC CTG CTG TGG TCC CCG ACC GAC CCG TTC AAC CGT CAG ACC CTG ACC GAA TCT ATG CTG GAG CCG GTG CCG GAA CTG AAA GAA CAG ATC CAG GCG TGG ATG CGT,2.2145219904013347
GAT GCG CCG GAC GAA TTC CGT GAC CCG CTG ATG GAC ACC CTG ATG ACC GAC CCA GTT CTC CTG CCG TCT GGC ACC ATC ATG GAC CGT TCT ATC ATC CTG CGT CAC CTG CTG AAC TCT CCG ACT GAC CCG TTC AAC CGT CAG ACC CTG ACC GAA TCT ATG CTG ACT CCG GTT CCA GAA CTG AAA GAA CAG ATC CAG GCG TGG ATG CGC,1.5344738964759896
GAC GCG CCA GAC GAA TTC CGT GAC CCG CTG ATG GAC ACC CTG ATG ACC TAC CCG GTT CGC CTG CCA TCT GGC ACC ATT ATG GAC TGG TCT ATC ATC CTG CGT CAC CTG CTG AAC TCT CCG ACC GAC CCG TTC AAC CGT CAG ACC CTG ACC GAA TCT ATG CTG GAA CCA GTG CCG GAG CTG AAA GAA CAG ATC CAG GCG TGG ATG CGT,1.1691904818313297
GAC GCG CCA GAC GAA TTC CGT GAC CCG CTG ATG GAC ACC CTG ATG ACC GAT CCG GTT TGG CTG CCG TCC GGT ACC ATC ATG GAC CGT TCT ATC ATC CTG CGT CAC CTG CTG AAC TCT CCG ACC GAC CCG TTC AAC CGT CAG ACC CTG ACC GAA TCT ATG CTG CTG CCG GTT CCA GAA CTG AAA GAA CAG ATC CAG GCG TGG ATG CGC,0.6877374536033019
GAT GCT CCG GAC GAA TTC CGT GAC CCG CTG ATG GAC AAA CTG ATG ACT GAC CCA GTT CGT CTG CCG TCT GGC ACC ATC ATG TCT CGT TCT ATC ATC CTG CGT CAC CTG CTG AAC TCT CCG ACC GAC CCG TTC AAC CGT CAG ACC CTG ACC GAA TCT ATG CTG GAG CCA GTT CCA GAG CTC AAA GAA CAG ATC CAG GCT TGG ATG CGT,-4.899297664351597
GAC GCT CCG GAC GAA TTT CGT GAC CCG CTG ATG GAT ACT CTG ATG ACC GAT CCG GTT CGT CTG CCG GAA GGT ACC ATC ATG GAC CGT TCT ATC ATC CTG CGT CAC CTG CTG AAC TCT CCA ACC GAC CCG TTT GCT CGT CAA ACT CTG ACC GAA TCT ATG CTG GAG CCG GTT CCA GAA CTG AAA GAA CAG ATC CAG GCG TGG ATG CGT,-2.4949224680378874
GAC GCG CCA GAT GAA TTC CGT GAC CCG CTG ATG GAC ACC CTG ATG ACC TAC CCG GTT CGT CTG CCG TCT GGT ACT ATC ATG GAC CTG TCT ATC ATC CTG CGT CAC CTG CTG AAC TCT CCG ACC GAC CCG TTC AAC CGT CAG ACC CTG ACC GAA TCT ATG CTG GAA CCA GTT CCA GAA CTG AAA GAA CAG ATC CAG GCG TGG ATG CGT,1.4363628536970503
GAT GCG CCG GAC GAA TTC CGT GAC CCG CTG ATG GAC ACC CTG ATG ACC GAC CCG GTT CGC CTG CCA TCT GGC ACC ATC ATG GAC CGT TCT ATC ATC CTG CGT TAT CTG CTG AAC TCT CCG ACC GAT CCG TTC AAC CGT CAG ACC CTG ACC GAA TCT ATG CTG GAG CCG GTT CCA GAA CTG AAA GAA CAG ATC CAG GCG TGG ATG CGT,2.142108400913531
GAC GCT CCG GAC GAA TTC CGT GAC CCG CTG ATG GAC ACC CTG ATG ACC TAC CCG GTG CGT CTG CCG TCT GGC ACC ATC ATG GAC CGT TCT ATC ATC CTG CGT CAC CTG CTG AAC TCT CCG ACC GAC CCG TTC AAC CGC CAG ACT CTG ACC GAG TCT ATG CTC GAA CCA GTG CCG GAA CTC ACT GAA CAG ATC CAG GCG TGG ATG CGT,0.3313456952329264
GAC GCT CCG GAC GAA TTC CGT GAC CCG CTG ATG GAC CCA CTC ATG ACT GAC CCG GTT CGT CTG CCG TCC GGT ACC ATT ATG ATG CGT TCT ATC ATC CTG CGT CAC CTG CTG AAC TCT CCG ACC GAT CCG TTC AAC CGT CAG ACC CTG ACT GAA TCT ATG CTG GAG CCA GTT CCA GAA CTG AAA GAA CAG ATC CAG GCG TGG ATG CGC,0.2194857632301459
GAC GCT CCG GAC GAA TTC CGT GAC CCG CTC ATG GAC ACT CTC ATG ACC GAC CCG GTT CGT CTG CCG TCT GGT ACC CAG ATG GAC CGT TCT ATC ATC CTG CGT CAC CTG CTG AAT TCT CCG ACT GAT CCG TTC AAC CGC CAA ACC CTC ACT GAA TCT ATG CTG GAA CCG GTG CCG GAA CTG AAA GAA CAG ATC CAA GCG TGG ATG CGT,-1.714595303247644
GAT GCG CCG GAC GAA TTC CGT GAC CCG CTG ATG GAC ACC CTG ATG ACC GAC CCG GTT CGT CTG CCG ACC GGT ACC ATC ATG GAC CGT TCT ATC ATT CTG CGC CAC CTG CTG AAC TCT CCG ACC GAT CCG TTC GGT CGT CAG ACC CTG ACC GAA TCT ATG CTG GAA CCA GTG CCG GAG CTC AAA GAA CAG ATC CAG GCG TGG ATG CGT,0.3692615072781221
GAC GCT CCG GAC GAA TTC CGT GAC CCG CTG ATG GAC ACC CTG ATG ACC ATG CCG GTT CGT CTG CCG TCT GGC ACC ATC ATG GAC GAC TCT ATC ATC CTG CGT CAC CTG CTG AAC TCT CCG ACC GAC CCG TTC AAC CGT CAG ACC CTG ACC GAA TCT ATG CTG GAA CCA GTT CCA GAA CTG AAA GAA CAG ATC CAG GCG TGG ATG CGT,-1.7075545465158215
GAT GCG CCA CCA GAA TTC CGT GAC CCG CTG ATG GAC ACC CTG ATG ACC GAT CCG GTT CGT CTG CCG TCT GGT ACT ATC ATG GAC CGT TCT ATC ATC CTG CGT CAC CTG CTG AAC TCT CCG ACT GAT CCG TTC AAT CGT CAG ACC CTG ACC GAA TCT ATG CTG GAA CCG GTG CCG GAA CTG AAA GAA CAG ATC CAG GCG TGG ATG CGT,3.322733302918374
GAT GCG CCG GAC GAA TTC CGT GAC CCG CTG ATG GAC ACC CTG ATG ACC GAC CCG GTT CGT CTG CCG TCT GGT ACT ATC ATG GAC CGT TCT ATC ATC CTG CGT CAC CTG CTG AAC TGG CCG CTG GAC CCG TTT AAC CGC CAG ACC CTG ACC GAG TCT ATG CTG GAG CCG GTG CCG GAA CTC AAA GAA CAG ATC CAG GCG TGG ATG CGT,1.2084485223755663
GAT GCG CCG GAC GAG TTC CGT GAC CCG CTG ATG GAC ACC CTG ATG ACC GAC CCG GTG CGC CTC CCG TCC GGT ACC ATC ATG GAC CGT TCT ATC ATC CTG CGT CAC CTG CTG AAC TCT CCG ACT GAT CCG TTT AAT CGC CAG ACC CTG ACT GAA TCT ATG CTG GAA CCG GTG CCG GAA CTG AAA GAA CAG ATC CAG ATG TGG ATG CGT,3.0115252051493435
GAT GCG CCG GAC GAA TTT CGT GAC CCG CTG TAC GAC ACC CTG ATG ACC GAT CCG GTT CGT CTG CCG TCC GGT ACC ATC ATG GAC CGT TCT ATC ATC CTG CGT CAC CTG CTG AAC TCT CCG ACC GAC CCG TTC AAT CGT CAG ACC CTG ACC GAA TCT ATG CTG GAA CCG GTG CCG GAA CTG AAA GAA CAG ATC CAG GCG TGG ATG CGT,1.9613871939765049
GAC GCT CCG GAT GAA TTC CGT TGG CCG CTG ATG GAC ACC CTG ATG ACT GAC CCA GTT CGT CTG CCG TCT GGC ACC ATC ATG GCG CGT TCT ATC ATC CTG CGT CAC CTG CTG AAC TCT CCG ACC GAC CCA TTC AAC CGT CAG ACC CTG ACC GAA TCT ATG CTG GAG CCG GTG CCG GAG CTG AAA GAA CAG ATC CAG GCG TGG ATG CGT,0.1896023520090727
GAT GCG CCG GAC GAA TTC CGT GAC CCG CTG ATG GAC ACC CTG ATG ACC GAC CCG GTT CGT CTG CCG TCT GGT ACT ATC ATG GAC CGT TCT ATC ATC CTG CGT CAC CTG CTG AAC TTC CCG GTT GAC CCG TTC AAC CGT CAG ACC CTG ACC GAA TCT ATG CTG GAA CCA GTT CCG GAG CTG AAA GAA CAG ATC CAG GCG TGG ATG CGT,1.469902335399643
GAC GCT CCG GAC GAA TTC CGT GAC CCG CTG ATG GAC ACC CTG ATG ACC GAC CCG GTT CGT CTG CCA TAC GGT ACC ATC ATG GAC CGT TCT ATC ATC CTG CGT CAC CTG CTG AAC TCT CCG ACT GAC CCG TTT GTT CGT CAA ACC CTG ACC GAA TCT ATG CTG GAG CCA GTT CCA GAA CTG AAA GAA CAG ATC CAG GCG TGG ATG CGT,-3.219430071464598
GAC GCG CCA GAC GAA TTC CGT GAC CCG CTG ATG GAC ACC CTG ATG ACT GGT CCG GTT CGC CTG CCG TCT GGT ACT ATC ATG GAC TCT TCT ATC ATC CTG CGT CAC CTG CTG AAC TCT CCG ACC GAC CCG TTC AAC CGT CAG ACC CTG ACC GAA TCT ATG CTG GAA CCG GTG CCG GAA CTG AAA GAA CAG ATC CAG GCG TGG ATG CGC,-4.545668791175138
GAT GCG CCG GAC GAA TTC CGT GTT CCG CTG ATG GAC ACC CTG ATG ACT GAC CCG GTT CGT CTG CCG TCT GGT ACT ATC ATG TAC CGT TCT ATC ATC CTG CGT CAC CTG CTG AAC TCT CCG ACC GAC CCG TTC AAC CGT CAG ACC CTG ACC GAA TCT ATG CTG GAG CCG GTG CCG GAA CTG AAA GAA CAG ATC CAG GCG TGG ATG CGT,0.5724035034611421
GAT GCG CCG GAC GAA TTC CGT GAC CCG CTG ATG GAC ACC CTG ATG ACC GAC CCG GTG CGT CTG CCG CTG GGT ACC ATC ATG GAC CGT TCT ATC ATC CTG CGT CAC CTG CTG AAC TCT CCG ACC ATC CCG TTC AAC CGT CAA ACC CTG ACC GAA TCT ATG CTG GAA CCG GTG CCA GAA CTG AAA GAA CAG ATC CAG GCG TGG ATG CGT,-1.1100230128134587
GAC GCG CCA GAC GAA TTC CGT GAC CCG CTG ATG GAC ACC CTG ATG ACT GAC CCG GTT TTC CTG CCG TCT GGT ACT ATC ATG GAC CGT TCT ATC ATC CTG CGT CAC CTG CTG AAT TCT CCG ACC GAC CCG TTC AAC CGT CAG ACC CTG ACC GAA TCT ATG CTG AAC CCG GTG CCG GAA CTG AAA GAA CAG ATC CAG GCG TGG ATG CGC,-2.678123591927404
GAT GCG CCG GAT GAA TTC CGT GAC CCG CTG ATG GAC ACC CTG ATG ACC GAC CCG GTT CGT CTG CCG TCT GGT ACT ATC ATG GAC ATT TCT ATC ATC CTG CGT CAC CTG CTG AAC TCT CCG ACC GAT CCA TTC AAC CGT CAG ACC CTG ACC GAA TCT ATG CTG GAG CCG GTG CCA GAA CTG GGT GAA CAG ATC CAG GCG TGG ATG CGT,0.1260314685401887
GAT GCT CCG GAT GAA TTC CGT GAC CCG CTG ATG GAC ACC CTG ATG ACC TTC CCG GTG CGC CTG CCG TCC GGC ACC ATC ATG GAC GAG TCT ATC ATC CTG CGC CAC CTG CTC AAT TCT CCG ACC GAC CCA TTC AAC CGC CAG ACT CTG ACT GAA TCT ATG CTG GAA CCA GTG CCA GAG CTG AAG GAA CAG ATC CAG GCG TGG ATG CGT,-0.360172283456558
GAT GCG CCG GAC GAA TTC CGT GAC CCG CTG ATG GAC ACC CTG ATG ACC CAG CCG GTT CGT CTC CCA TCT GGC ACC ATC ATG GAC GAC TCT ATC ATC CTG CGT CAC CTG CTG AAC TCT CCG ACC GAC CCA TTC AAC CGT CAG ACC CTG ACC GAA TCT ATG CTG GAA CCA GTT CCG GAG CTG AAA GAA CAG ATC CAG GCG TGG ATG CGT,-2.946799325108348
GAC GCT CCA GAC GAA TTC CGT GAC CCG CTG ATG GAC AAA CTG ATG ACC GAC CCG GTT CGC CTG CCG TCC GGT ACC ATC ATG TGG CGT TCT ATT ATC CTG CGT CAC CTG CTG AAC TCT CCA ACC GAT CCA TTC AAC CGT CAG ACC CTG ACC GAA TCT ATG CTG GAA CCG GTG CCG GAA CTG AAA GAA CAG ATC CAG GCG TGG ATG CGT,0.6172119835888814
GAC GCT CCG GAC GAA TTC CGT GAC CCG CTG ATG GAC ACC CTG ATG ACC GAC CCG GTT CGT CTG CCG TCT GGC ACC ATC ATG GAC CCA TCT ATC ATC CTG CGC CAC CTG CTG AAT TCT CCG ACT GAC CCA TTC AAC CGC CAG ACT CTG ACT GAA TCT ATG CTG GAA CCG GTG CCG GAA CTG CAC GAA CAG ATC CAG GCG TGG ATG CGT,-0.887735117596272
GAT GCG CCG GAC GAA TTT CGT GAC CCG CTG ATG GAC TGG CTG ATG ACC GAC CCG GTT CGT CTG CCG TCT GGC ACC ATC ATG GAC CGT TCT ATC ATC CTG CGT CAC CTG CTG AAC TCT CCG ACT GAT CCG TTC AAC CGT CAG ACT CTG ACC GAA TCT ATG CTG GAG CCG GTT CCG GAG CTG AAA GAA CAG ATC CAG GCG TGG ATG CGT,1.2804939456365596
GAC GCT CCG GAC GAA TTC CGT GAC CCG CTG ATG GAC ACC CTG ATG ACC GAC CCG GTT CGT CTG CCG TCT GGC ACC ATC ATG GAC CGT TCT ATC ATC CTG CGT CAC CTG CTG AAC ACT CCA GAC GAC CCG TTC AAC CGT CAG ACC CTG ACC GAA TCT ATG CTG GAA CCG GTG CCG GAA CTC AAA GAA CAG ATC CAG GCG TGG ATG CGT,0.4541745493883397
GAC GCT CCG GAC GAA TTC CGT GAC CCG CTG ATG GAC ACC CTG ATG ACC AAA CCA GTT CGT CTG CCG TCT GGC ACC ATC ATG GAT CGT TCT ATC ATC CTG CGC CAC CTG CTG AAC TCT CCG ACC GAC CCG TTC AAC CGT CAG ACC CTG ACC GAA TCT ATG CTG GAA CCG GTG CCG GAA CTG ATC GAA CAG ATC CAG GCG TGG ATG CGT,0.4124018174334211
GAC GCT CCG GAC GAG TTC CGT GAC CCG TAC ATG GAC ACC CTG ATG ACC GAT CCG GTT CGT CTG CCG TCT GGC ACC ATC ATG GAC CGT TCT ATC ATC CTC CGC CAC CTC CTG AAC TCT CCG ACC GAC CCG TTC AAC CGT CAG ACC CTG ACC GAA TCT ATG CTG GAA CCG GTG CCG GAA CTG AAA GAA CAG ATC CAG GCT TGG ATG CGC,1.767642198068257
GAC GCT CCG GAC GAA TTC CGT GAC CCG CTG ATG GAC ACC CTG ATG ACT GAC CCG GTT CGT CTG CCG TCT GGT ACT ATC ATG GAC CGT CCG ATC ATC CTG CGT CAC CTG CTG AAC TCT CCG ACC GAC CCG TTC AAC CGT CAA ACC CTG ACC GAA TCT ATG CTG GAA CCG GTG CCG GAG CTC AAA GAA CAG ATC CAA GCG TGG ATG CGC,2.1179971880201696
GAC GCT CCG GAC GAA TTC CGT GAC CCG CTG ATG GAC ACC CTG ATG ACC GAC CCG GTT CGT CTG CCG TCT GGT ACT ATC ATG GAC CGT TCT ATC ATC CTG CGT CAC CTG CTG AAC TCT CCA ACT GAC CCA CGT AAC CGT CAA ACC CTG ACC GAA TCC ATG CTG GAA CCG GTG CCG GAG CTG AAA GAA CAG ATC CAG GCT TGG ATG CGT,-0.8616409605258528
GAT GCG CCG GAC GAA TTC CGT GAC CCG CTG ATG GAC ACC CTG ATG ACC GAC CCG GTT CGT CTG CCA GGC GGT ACC ATC ATG GAC CGT TCT ATC ATC CTG CGT CAC CTC CTG AAC TCT CCG ACC ACT CCG TTC AAC CGT CAG ACT CTG ACC GAA TCT ATG CTG GAA CCA GTT CCA GAA CTC AAA GAA CAG ATC CAG GCG TGG ATG CGT,-0.5461999171273717
GAT GCG CCG GAC GAA TTC CGT GAC CCG CTG ATG GAC ACC CTG ATG ACT GAC CCG GTT CGT CTG CCG TCC GGT ACC ATC ATG GAC CGT TCT ATC ATC CTG CGT CAC CTG CTG AAC TCT CCG ACC GAC CCG TTC AAC CGT CAG ACC CTG ACC GAA GTT ATG CTC GAA CCA GTT CCG GAG CTG AAA GAA CAG ATC CAG GCG TGG ATG CGT,1.8247080471976
GAC GCT CCG GAC GAA TTC CGT GAC CCG CTG ATG GAC ACC CTG ATG ACT GAC CCA GTT CGT CTG CCG AAA GGT ACC ATC ATG GAC CGT TCT ATC ATC CTG CGT CAC CTG CTG AAC TCT CCG ACC GAT CCA TTC TAC CGT CAG ACC CTG ACC GAA TCT ATG CTG GAA CCG GTG CCA GAA CTG AAA GAA CAG ATC CAG GCG TGG ATG CGT,-0.7770989498425053
GAT GCT CCG GAC GAA TTC CGT GAC CCG CTG ATG GAC ACC CTG ATG ACC GAC CCG GTT CGT CTG CCG TGC GGT ACC ATC ATG GAC CGT TCT ATC ATC CTG CGT CAC CTG CTG AAC TCT CCG ACC GAT CCA TTC GGC CGT CAG ACC CTG ACC GAA TCT ATG CTG GAA CCG GTG CCG GAA CTG AAA GAA CAG ATC CAG GCG TGG ATG CGT,0.7035782048126026
GAC GCG CCA GAC GAA TTC CGT GAC CCG CTG ATG GAC ACC CTG ATG ACC GAT CCG GTT GTT CTG CCG TCT GGT ACT ATC ATG GAC CGT TCT ATC ATC CTG CGT CAC CTG CTG AAC TCT CCG ACC GAC CCG TTC AAC CGT CAG ACC CTG ACC GAA TCT ATG CTG AAG CCG GTT CCG GAG CTG AAA GAA CAG ATC CAG GCG TGG ATG CGT,1.293942040290446
GAT GCG CCG GAC GAA TTT CGT GAC CCG CTG ATG GAC ACC CTG ATG ACC GAT CCG GTT CGT CTG CCG TTC GGC ACC ATC ATG GAC CGT TCT ATC ATC CTG CGT CAC CTG CTG AAC TCT CCG ACC GAC CCG TTC ATT CGT CAG ACC CTG ACC GAA TCT ATG CTG GAA CCA GTT CCG GAG CTC AAA GAA CAG ATC CAG GCG TGG ATG CGT,-0.4119442121744053
GAC GCT CCG GAC GAA TTC CGT GCG CCG CTG ATG GAC ACC CTG ATG ACC GAC CCG GTT CGT CTC CCG TCT GGT ACT ATC ATG GCG CGT TCT ATC ATC CTG CGT CAC CTG CTG AAC TCT CCG ACT GAC CCA TTC AAC CGT CAG ACC CTG ACC GAA TCT ATG CTG GAA CCG GTG CCG GAA CTG AAA GAA CAG ATC CAG GCG TGG ATG CGC,-0.6682252402022345
GAT GCT CCG GAC GAG TTC CGT GAC CCA CTG ATG GAT ACC CTG ATG ACC TCT CCG GTT CGT CTG CCG TCT GGC ACC ATT ATG GAC CGT TCT ATC ATC CTG CGT CAC CTC CTG AAC TCT CCG ACC GAC CCG TTT AAC CGT CAG ACC CTG ACC GAA TCT ATG CTG GAA CCA GTG CCG GAG CTG TAC GAA CAG ATC CAG GCG TGG ATG CGT,0.9380565820671414
GAC GCG AAA GAC GAA TTC CGT GAC CCG CTG ATG GAC ACC CTG ATG ACC GAT CCG GTT CGT CTG CCG TCT GGC ACC ATC ATG GAC CGT TCT ATC ATC CTG CGT CAC CTC CTG AAC TCT CCG ACC GAC CCA TTC AAC CGC CAG ACC CTG ACC GAG TCT ATG CTG GAG CCA GTG CCG GAG CTC AAA GAA CAG ATC CAG GCG TGG ATG CGT,0.815188033778364
GAC GCT CCG GAT GAA TTC CGT GAC CCG CTG ATG GAT AAC CTG ATG ACT GAC CCG GTT CGT CTG CCG TCT GGT ACT ATC ATG CAG CGT TCT ATC ATC CTG CGT CAC CTG CTG AAC TCT CCG ACC GAC CCG TTC AAC CGT CAG ACC CTG ACC GAA TCT ATG CTG GAA CCA GTG CCG GAA CTC AAA GAA CAG ATC CAG GCG TGG ATG CGT,-0.8420652579761613
GAC GCT CCG GAC GAA TTC CGT GAC CCG CTG ATG GAC ACC CTG ATG ACC GAC CCG GTG CGT CTG CCG TCC GGT ACC ATC ATG CTG CGT TCC ATC ATC CTG CGT CAC CTG CTG AAC TCT CCG ACC GAT CCA TTC AAC CGC CAG ACC CTG ACC GAA TCT ATG CTC GAA CCG GTG CCG GAG CTG AAA GAA CAG ATC CAG GCT TGG ATG CGC,0.3584204613452183
GAC GCT CCG GAC GAA TTC CGT GAC CCG CTG ATG GAC ACC CTG ATG ACC AAC CCG GTT CGT CTG CCG TCT GGT ACT ATC ATG GAC TAC TCT ATC ATC CTG CGT CAC CTG CTG AAC TCT CCG ACC GAC CCG TTC AAC CGT CAG ACC CTG ACC GAA TCT ATG CTG GAG CCG GTG CCG GAA CTG AAA GAA CAG ATC CAG GCG TGG ATG CGT,1.4366683419676325
GAT GCT CCG GAC GAA TTT CGT GAC CCG CTG ATG GAC ACC CTG ATG ACT GAC CCG GTT CGT CTG CCG TCT GGC ACC ATC GAA GAC CGT TCT ATC ATC CTG CGT CAC CTG CTG AAC TCT CCG ACC GAC CCG TTC AAT CGT CAG ACC CTG ACC GAA TCT ATG CTG GAA CCG GTG CCG GAA CTG AAA GAA CAG ATC CAG GCG TGG ATG CGT,-1.0287556336289825
GAT GCG CCG GAC GAA TTT CGC GAC CCG CTG ATG GAT ACT CTG ATG ACC GAC CCG GTT CGC CTG CCA TCC GGC ACC ATC ATG GAC CGT TCT ATC ATC CTG CGC CAT CTG CTC AAC TCT CCA ACT GAC CCA TTT AAT CGC CAG ACC CTG ACC GAA TCT ATG CTG GAA CCG GAG CCG GAA CTG AAA GAA CAG ATC CAG GCG TGG ATG CGT,1.343241868037344
GAC GCG CCA GAC GAA TTC CGT GAC CCG CTG ATG GAC ACC CTG ATG ACT GAA CCG GTG CGT CTG CCG TCT GGT ACT ATC ATG GAC GGT TCT ATC ATC CTG CGT CAC CTG CTG AAC TCT CCG ACC GAC CCG TTT AAC CGT CAG ACC CTG ACC GAA TCT ATG CTC GAA CCA GTG CCG GAA CTG AAA GAA CAG ATC CAG GCG TGG ATG CGT,-4.665639738094462
GAT GCG CCA GAC GAA TTC CGT GAC CCG CTG ATG GAC ACC CTG ATG ACC GAC CCG GTT CGT CTC CCG AAC GGT ACC ATC ATG GAC CGT TCT ATC ATC CTG CGT CAC CTG CTG AAC TCT CCG ACC TGC CCG TTC AAC CGT CAG ACC CTG ACC GAA TCT ATG CTG GAA CCG GTG CCG GAA CTG AAA GAA CAG ATC CAG GCT TGG ATG CGC,1.076838200736934
GAC GCT CCG GAC GAA TTC CGT GAC CCG CTG ATG GAC CGT CTG ATG ACT GAC CCG GTT CGT CTG CCG TCT GGC ACC ATC ATG GCG CGT TCT ATC ATC CTG CGT CAC CTG CTG AAC TCT CCG ACC GAC CCA TTC AAC CGT CAG ACC CTG ACC GAA TCT ATG CTG GAA CCG GTG CCG GAG CTG AAA GAA CAG ATC CAG GCT TGG ATG CGT,-1.202174185376056
GAT GCT CCG GAC GAA TTC CGT GAC CCG CTG ATG GAC ACC CTG ATG ACC GAC CCG GTT CGT CTG CCG GCT GGC ACC ATC ATG GAC CGT TCT ATC ATC CTG CGT CAC CTG CTG AAC TCT CCG ACC AAC CCG TTC AAC CGT CAG ACT CTG ACC GAA TCT ATG CTG GAG CCG GTG CCG GAG CTG AAA GAA CAG ATC CAG GCG TGG ATG CGC,-0.3117406449957403
GAC GCT CCA GAT GAA TTC CGT GAC CCG CTG ATG GAC ACC CTG ATG ACC CGT CCG GTT CGT CTG CCG TCT GGC ACC ATC ATG GAC CGT TCT ATC ATC CTG CGT CAC CTG CTG AAC TCT CCG ACC GAC CCG TTC AAC CGC CAG ACC CTG ACC GAA TCT ATG CTC GAA CCA GTG CCG GAA CTC CAG GAA CAG ATT CAG GCG TGG ATG CGC,0.7134997371699328
GAT GCG CCG GAC GAA TTC CGT GAC CCG CTG ATG GAC ACC CTG ATG ACC GAT CCG GTG CGT CTG CCG TCT GGC ACC ATC ATG GAC CAC TCT ATC ATC CTG CGT CAC CTG CTG AAC TCT CCG ACC GAC CCG TTC AAC CGC CAG ACC CTG ACC GAA TCT ATG CTG GAG CCG GTT CCG GAG CTG CTG GAA CAG ATC CAG GCG TGG ATG CGT,0.6920986920268108
GAT GCG CCG GAC GAA TTC CGT GAC CCG CTG ATG GAC ACC CTG ATG ACT GAC CCG GTT CGT CTG CCG TCT GGC ACC ATT ATG GAC CGT TCT ATC ATC CTG CGT CAC CTG CTG AAC TCT CCG ACC GAC CCG TTT AAC CGT CAG ACC CTG ACC GAA TCT ATG CTG GAA CCA GTG CCG GAA TGC AAA GAA CAG ATC CAG GCG TGG ATG CGT,0.9349588011595986
GAC GCT CCG GAC GAA TTC CGT GAC CCG CTG ATG GAC ATC CTG ATG ACC GAC CCG GTT CGT CTG CCG TCT GGC ACC ATC ATG CCG CGT TCT ATC ATC CTG CGT CAT CTG CTG AAC TCT CCG ACT GAC CCA TTC AAC CGT CAG ACC CTG ACC GAA TCT ATG CTG GAA CCG GTG CCG GAA CTG AAA GAA CAG ATC CAG GCG TGG ATG CGT,0.0441215594451906
GAC GCT CCG GAT GAA TTC CGT GAC CCG CTG ATG GAC ACC CTG ATG ACC GAC CCG GTT CGT CTG CCA TAC GGT ACC ATC ATG GAC CGT TCT ATC ATC CTG CGT CAC CTG CTG AAC TCT CCG ACT GAC CCG TTC ACC CGT CAG ACC CTG ACC GAA TCT ATG CTG GAG CCG GTT CCA GAG CTG AAA GAA CAG ATC CAG GCG TGG ATG CGT,0.7381454983475624
GAC GCG CCA GAT GAA TTC CGT GAC CCG CTG ATG GAC ACC CTG ATG ACC GAC CCG GTT CGT CTG CCG AAA GGT ACC ATC ATG GAC CGC TCT ATC ATC CTG CGT CAC CTG CTC AAC TCT CCA ACT GGT CCG TTT AAC CGT CAG ACC CTG ACT GAA TCT ATG CTG GAA CCG GTG CCG GAA CTG AAG GAA CAG ATC CAG GCG TGG ATG CGT,-0.9955647085012193
GAT GCG CCG GAC GAA TTT CGC GAC CCG CTC ATG GAC ACC CTG ATG ACC GAC CCG GTT CGC CTC CCG TCT GGT TGG ATT ATG GAC CGT TCT ATC ATC CTG CGC CAC CTG CTG AAC TCT CCA ACT GAC CCG TTC AAT CGC CAG ACC CTG ACC GAA TCT ATG CTG GAG CCG GTG CCG GAA CTG AAA GAA CAG ATC CAG GCG TGG ATG CGT,2.9169767090257874
GAT GCT CCG GAC GAA TTC CGT TGG CCG CTG ATG GAC ACC CTG ATG ACC GAC CCG GTT CGT CTG CCG TCT GGT ACT ATC ATG TCT CGT TCT ATC ATC CTG CGT CAC CTG CTG AAC TCT CCG ACC GAT CCA TTC AAC CGT CAG ACC CTG ACC GAA TCT ATG CTG GAA CCA GTT CCA GAA CTG AAA GAA CAG ATC CAG GCG TGG ATG CGC,0.0034292551523873
GAT GCG CCG GAC GAA TTC CGT GAC CCG CTG ATG GAC ACC CTG ATG ACC GTT CCG GTT CGT CTG CCG TCC GGT ACC ATC ATG GAC TAC TCT ATC ATC CTG CGT CAC CTG CTG AAC TCT CCG ACC GAC CCG TTC AAC CGT CAG ACC CTG ACC GAA TCT ATG CTG GAA CCG GTG CCG GAA CTG AAA GAA CAG ATC CAG GCG TGG ATG CGC,0.6798850806725074
GAT GCG CCA GAC GAA TTT CGT GAC CCG CTG ATG GAC ACC CTG ATG ACC GAT CCA GTT CGT CTC CCG GGT GGC ACT ATC ATG GAC CGT TCT ATC ATC CTC CGT CAC CTG CTG AAC TCT CCG ACC GAC CCG TTC CTG CGT CAG ACC CTG ACC GAA TCT ATG CTG GAA CCA GTT CCG GAG CTG AAA GAA CAG ATC CAG GCT TGG ATG CGC,0.6142560704252473
TGG GCT CCG GAC GAA TTC CGT GAC CCG CTG ATG GAC ACT CTC ATG ACC GAT CCG GTT CGT CTG CCG TCT GGC ACC ATC ATG GAC CGT TCT ATC ATC CTG CGT CAC CTG CTG AAC TCT CCG ACC GAC CCG TTC AAC CGT CAG ACC CTG ACC GAA TCT ATG CTG GAG CCA GTT CCA GAA CTG AAA GAA CAG ATC CAG GCG TGG ATG CGT,2.736961305067295
GAC GCT CCG GAC GAA TTT CGT GAC CCG CTG ATG GAC ACC CTG ATG ACT GAC CCG GTT CGT CTG CCA CCG GGT ACC ATC ATG GAC CGT TCT ATC ATC CTG CGT CAC CTG CTG AAC TCT CCG ACC GAC CCA TTC CGT CGT CAG ACC CTG ACC GAA TCT ATG CTG GAA CCG GTG CCG GAA CTG AAG GAA CAG ATC CAG GCG TGG ATG CGT,-5.382127603250629
GAT GCG CCG GAC GAA TTT CGT GAC CCG CTG ATG GAC ACC CTG ATG ACC GAT CCG GTT CGT CTG CCG TCT GGT ACT ATC ATG GAC GCT TCT ATC ATC CTG CGT CAC CTG CTG AAC TCT CCG ACC GAC CCA TTC AAT CGT CAG ACC CTG ACC GAA TCT ATG CTC GAA CCA GTT CCG GAG CTG TGG GAA CAG ATC CAG GCG TGG ATG CGT,1.1522485928455963
GAC GCG CCA GAC GAA TTC CGT GAC CCG CTG ATG GAC ACC CTG ATG ACT GAC CCG GTT AAA CTG CCG TCT GGT ACT ATC ATG GAC CGT TCT ATC ATC CTG CGT CAC CTG CTG AAC TCT CCG ACC GAC CCA TTC AAC CGT CAG ACC CTG ACC GAA TCT ATG CTG TGC CCG GTT CCA GAG CTG AAA GAA CAG ATC CAG GCG TGG ATG CGT,1.0310699370505714
GAT GCG CCG GAC GAA TTT CGT GAC CCG CTG ATG GAC ACC CTG ATG ACC GAT CCG GTT CGT CTG CCG TCT TAC ACC ATC ATG GAC CGT TCT ATC ATC CTG CGT CAC CTG CTG AAC TCT CCG ACC GAC CCG TTC AAC CGT CAG ACC CTG ACC GAA TCT ATG CTG GAA CCA GTT CCG GAG CTG AAA GAA CAG ATC CAG GCG TGG ATG CGT,-0.4649251263260942
GAC GCG CCA GAT GAA TTC CGT GAC CCG CTG ATG GAC ACC CTG ATG ACC GAC CCG GTT CGT CTG CCG CGT GGT ACT ATC ATG GAC CGT TCT ATC ATC CTG CGT CAC CTG CTG AAC TCT CCG ACC GAT CCG TTC ACC CGT CAG ACT CTG ACC GAA TCT ATG CTG GAA CCG GTG CCG GAG CTC AAA GAA CAG ATC CAG GCT TGG ATG CGT,0.3853768743002373
GAC GCT CCG GAC GAA TTC CGT GAC CCG CTG ATG GAC ACC CTG ATG ACC GAT CCG GTT CGT CTG CCG GTT GGT ACT ATC ATG GAC CGT TCT ATC ATC CTG CGT CAC CTG CTG AAC TCT CCG ACC TTC CCG TTC AAC CGC CAG ACC CTG ACC GAA TCT ATG CTG GAA CCG GTG CCG GAG CTG AAA GAA CAG ATC CAG GCG TGG ATG CGT,0.0002733176083579
GAC GCT CCG GAC GAA TTC CGC GAC CCA CTG ATG GAT ACT CTG ATG ACC TTC CCG GTT CGT CTG CCG TCT GGC ACC ATC ATG GAC GAC TCT ATC ATC CTC CGT CAC CTG CTG AAC TCT CCA ACC GAT CCG TTT AAT CGT CAG ACC CTG ACC GAA TCT ATG CTG GAA CCG GTG CCG GAA CTG AAA GAA CAG ATC CAG GCG TGG ATG CGT,-1.0198196824534418
GAT GCG CCG GAC GAA TTC CGT TGC CCG CTG ATG GAC ACC CTG ATG ACC GAC CCG GTT CGT CTG CCG TCT GGT ACT ATT ATG ATC CGT TCT ATC ATC CTG CGT CAC CTG CTG AAC TCT CCG ACC GAT CCA TTC AAC CGT CAG ACC CTG ACC GAA TCT ATG CTG GAA CCG GTG CCG GAG CTG AAA GAA CAG ATC CAG GCT TGG ATG CGT,1.34950568957671
GAT GCG CCG GAC GAA TTC CGT ACT CCG CTG ATG GAC ACC CTG ATG ACT GAC CCG GTT CGT CTG CCG TCT GGC ACC ATC ATG CAC CGT TCT ATC ATC CTG CGT CAC CTG CTG AAC TCT CCG ACC GAC CCG TTC AAC CGT CAG ACC CTG ACC GAA TCT ATG CTG GAA CCG GTG CCG GAA CTG AAA GAA CAG ATC CAG GCG TGG ATG CGT,-0.8384416170761515
GAC GCT CCG GAT GAA TTC CGT GAC CCA CTG ATG GAT ACT CTG ATG ACT GAC CCG GTT CGT CTG CCG TCT GGC ACC ATC ATG GAC CGT TCT ATC ATC CTG CGT CAC CTG CTG AAC TCT CCG ACC GAC CCG TTC AAC CGC CAG ACC CTG ACC GAA TCT ATG CTG GAA CCG GTG CCG GAA CTG AAA GAA CAG ATC CAA GCT GAC ATG CGT,-0.5822090081799567
GAT GCG CCA GAC GAA TTC CGT GAC CCG CTG ATG GAC ACC CTG ATG ACC TAC CCG GTT CGT CTC CCG TCT GGT ACT ATC ATG GAC GAC TCT ATC ATC CTG CGT CAC CTC CTG AAC TCT CCG ACC GAC CCG TTC AAT CGT CAG ACC CTG ACC GAA TCT ATG CTG GAA CCA GTT CCA GAA CTC AAA GAA CAG ATC CAG GCG TGG ATG CGT,-0.4749464635985589
GAT GCG CCG GAT GAA TTC CGT GAC CCG CTG ATG GAC ACC CTG ATG ACC GAT CCG GTT CGT CTG CCG TCT GGT ACT ATT ATG GAC CTG TCT ATC ATC CTG CGT CAC CTG CTG AAC TCT CCG ACC GAC CCG TTC AAC CGC CAG ACC CTG ACC GAA TCC ATG CTG GAA CCG GTG CCG GAA CTG TGG GAA CAG ATC CAG GCT TGG ATG CGT,1.922720814715116
GAT GCG CCG GAT GAA TTC CGT GAC CCG CTG ATG GAC ACC CTC ATG ACC GAC CCG GTG CGT CTG CCG TCC GGT ACC ATC ATG GAC CGT TCT ATC ATC CTG CGT AAA CTG CTG AAC TCT CCG ACC GAT CCA TTC AAT CGT CAG ACC CTG ACC GAA TCT ATG CTG GAG CCG GTG CCA GAA CTC AAA GAA CAG ATC CAG GCG TGG ATG CGT,0.3001132046382339
GAC GCT CCG GAC GAA TTC CGT GAC CCG CTG ATG GAC ACC CTG ATG ACT GAC CCG GTT CGT CTG CCG TCT GGC ACC ATC ATG GAC CGT TCT ATC ATC CTG CGT CAC CTG CTG AAC TCT CCG ACC GAC CCG TTC AAC CAG CAG ACC CTG ACC GAA TCT ATG CTG GAA CCG GTG CCG GAA CTG AAA GAA CAG ATC CAG GCT TGG ATG CGT,2.736980625994549
GAT GCG CCG GAT GAA TTC CGT GAC CCG CTC ATG GAC ACC CTG ATG ACC GAC CCG GTG CGT CTG CCG TCC GGT ACC ATC ATG GAT CGT TCT ATC ATC CTG CGT CAC CTG CTG AAC TAC CCG GAC GAC CCG TTT AAC CGT CAG ACC CTG ACC GAA TCT ATG CTG GAA CCG GTG CCG GAA CTG AAG GAA CAG ATC CAA GCG TGG ATG CGT,0.740376224372029
GAT GCT CCG GAC GAA TTC CGT GAC CCG CTG ATG GAC ACC CTG ATG ACC TCT CCG GTT CGT CTG CCG TCT GGC ACC ATC ATG GAC TAC TCT ATC ATC CTG CGT CAC CTC CTG AAC TCT CCG ACT GAT CCG TTC AAT CGT CAG ACC CTG ACC GAA TCT ATG CTG GAA CCG GTG CCG GAA CTG AAA GAA CAG ATC CAG GCG TGG ATG CGT,0.7398976945370574
GAC GCT CCG GAT GAA TTC CGT GAC CCG CTG ATG GAC ACC CTG ATG ACC GAC CCG GTT CGT CTG CCG TCT GGC ACC ATC ATG GAC CGT TCT ATC ATC CTG CGT CAC CTG CTG AAC ACT CCA AAA GAC CCG TTC AAC CGC CAG ACT CTG ACC GAA TCT ATG CTG GAA CCG GTG CCG GAA CTG AAA GAA CAG ATC CAG GCT TGG ATG CGT,1.043880896603988
GAT GCG CCG GAC GAA TTC CGT GAC CCG CTG ATG GAC ACC CTG ATG ACC CAC CCG GTT CGT CTG CCG TCT GGC ACC ATC ATG GAC CGT TCT ATC ATC CTG CGT CAC CTG CTG AAC TCT CCG ACC GAC CCG TTC AAC CGT CAG ACC CTG ACC GAA TCT ATG CTG GAA CCG GTG CCG GAA CTG CAG GAA CAG ATC CAG GCG TGG ATG CGT,1.1820285879489738
GAC GCT CCA GAC GAG TTC CGT GAC CCG CTG ATG GAC ACC CTG ATG ACC AAC CCG GTT CGT CTG CCA TCT GGC ACC ATT ATG GAC GTG TCT ATC ATC CTG CGT CAT CTG CTG AAC TCT CCG ACC GAC CCG TTC AAC CGT CAG ACC CTG ACC GAA TCT ATG CTG GAG CCA GTT CCG GAG CTC AAA GAA CAG ATC CAG GCG TGG ATG CGT,0.6548238476961463
GAT GCT CCG GAC GAG TTC CGT GAC CCG CTG ATG GAC ACC CTG ATG ACC GAC CCG GTT CGT CTG CCG TCT GGC ACC ATC ATG GAC CGT TCT ATC ATC CTG CGT CAC CTC CTG AAC TCT CCG ACC GAT CCG TTC AAT CGC CAG ACT CTG ACC GAA TCT ATG CTG GAA CAG GTT CCA GAA CTG AAA GAA CAG ATC CAG GCG TGG ATG CGT,1.176717547265434
GAC GCT CCG GAC GAA TTC CGT GAC CCG CTG ATG GAC ACC CTG ATG ACC GAC CCG GTT CGT CTG CCG ATG GGT ACC ATC ATG GAC CGT TCT ATC ATC CTG CGT CAC CTG CTG AAC TCT CCG ACC ATG CCG TTC AAT CGT CAG ACC CTG ACC GAA TCT ATG CTG GAA CCG GTG CCG GAA CTG AAA GAA CAG ATC CAG GCG TGG ATG CGT,-1.1059485755681573
GAT GCG CCG GAC GAA TTC CGT GAC CCG CTG ATG GAC CAC CTG ATG ACC GAC CCA GTT CGC CTC CCG TCT GGC ACC ATT ATG ATC CGT TCT ATC ATC CTC CGT CAC CTG CTG AAC TCT CCG ACT GAC CCG TTC AAC CGT CAG ACT CTG ACC GAA TCT ATG CTC GAA CCA GTT CCG GAG CTG AAA GAA CAG ATC CAG GCG TGG ATG CGC,3.7295637249892266
GAC GCT CCG GAC GAA TTC CGT GAC CCG CTG ATG GAC ACC CTG ATG ACT CCG CCG GTT CGT CTG CCG TCT GGC ACC ATT ATG GAT ACC TCT ATC ATC CTG CGT CAC CTG CTG AAC TCT CCG ACC GAC CCG TTC AAC CGT CAG ACC CTG ACC GAA TCT ATG CTG GAA CCG GTG CCG GAA CTG AAA GAA CAG ATC CAG GCG TGG ATG CGC,-0.9912990842064836
GAC GCT CCG GAC GAG TTC CGT GAC CCG CTG ATG GAC ACC CTG ATG ACC GAT CCG GTT CGT CTG CCG TCT GGT ACT ATC ATG GAC CGT TCT ATC ATC CTG CGT CAC CTG CTG AAC TCT CCG ACC GAC CCG TTC AAC CGT CAA ACC CTG ACC GAA TCT ATG CTG GAA CCA GTT CCA GAA CTC AAA GAA CAG ACC CAG GCG TGG ATG CGT,-2.2786335810294216
GAT GCG CCA GAC GAA TTC CGT GAC CCG CTG ATG GAC ACT CTC ATG ACC GAC CCA GTG CGT CGT CCG TCC GGT ACC ATC ATG GAC CGT TCT ATC ATC CTG CGT CAC CTG CTG AAC TCT CCG ACT GAC CCA TTC AAC CGT CAG ACT CTG ACT GAA TCT ATG CTG GAG CCG GTG CCG GAA CTG AAA GAA CAG ATC CAG GCG TGG ATG CGT,-2.9011508127698016
GAC GCT CCA GAC GAG ATG CGT GAC CCG CTG ATG GAC ACC CTG ATG ACT GAC CCG GTT CGT CTG CCG TCC GGT ACC ATC ATG GAC CGT TCT ATC ATC CTG CGT CAC CTG CTG AAC TCT CCG ACC GAC CCG TTC AAT CGT CAG ACC CTG ACC GAA TCT ATG CTG GAA CCG GTG CCG GAA CTG AAA GAA CAG ATC CAG GCG TGG ATG CGT,0.9548865881466084
GAC GCT CCG GAC GAA TTC CGT GAC CCG CTG ATG GAC ACC CTG ATG ACT GAC CCG GTT CGT CTG CCG TCT GGC ACT ATC ATG GAT ATG TCT ATC ATC CTG CGT CAC CTC CTG AAC TCT CCG ACC GAC CCG TTT AAC CGC CAG ACC CTG ACT GAA TCC ATG CTG GAG CCG GTT CCA GAA CTG AAC GAA CAG ATC CAG GCG TGG ATG CGT,0.1394346203912391
GAC GCT CCG GAC GAA TTC CGT GAC CCG CTG ATG GAC CGT CTG ATG ACT GAC CCG GTT CGT CTG CCG TCT GGC ACC ATC ATG TCT CGT TCT ATC ATC CTG CGT CAC CTG CTG AAC TCT CCG ACC GAC CCG TTC AAC CGT CAG ACC CTG ACC GAA TCT ATG CTG GAA CCG GTG CCG GAA CTG AAA GAA CAG ATC CAG GCT TGG ATG CGC,-1.112916026169052
GAT GCG CCG GAC GAA TTC CGT GAC CCG CTG ATG GAC ACC CTG ATG ACC GAC CCG GTT CCG CTG CCG TCT GGC ACC ATC ATG GAC CGT TCT ATC ATC CTG CGT CAC CTG CTG AAC TCT CCG ACC GAT CCG TTC AAC CGT CAG ACC CTG ACC GAA TCT ATG CTG CGT CCG GTG CCG GAA CTG AAA GAA CAG ATC CAG GCG TGG ATG CGT,-3.30412433585476
GAT GCG CCG GAC GAA TTC CGC GAC CCG CTG ATG GAC ACC CTG ATG ACC GAT CCG GTT CGT CTG CCG TCT GGC ACC ATC ATG GAC CGT TCT ATC ATC CTG CGT CAT CTG CTG AAC TCT CCA ACC GAC CCA TTC AAC CGT CAG ACC CTG ACC GAA TCT ATG CTG GAA CCG GTG CCG GAA CTG AAA GAA CAG ATC CAG GCG TGC ATG CGT,0.8984693115431497
GAC GCT CCG GAT GAA TTC CGT GAC CCA CTG ATG GAT ACC CTC ATG ACC GAT CCG GTT CGT CTG CCG TCT GGT ACT ATC ATG GAC GGT TCT ATC ATC CTG CGT CAC CTG CTG AAC TCT CCA ACC GAC CCG TTC AAC CGC CAG ACC CTG ACC GAA TCT ATG CTG GAA CCG GTG CCA GAA CTG CCG GAA CAG ATC CAG GCG TGG ATG CGT,-1.8319054053293289
GAT GCG CCG GAT GAA TTC CGT GAC CCG CTG ATG GAC ACC CTG ATG ACT GAC CCG GTT CGT CTG CCG TCT GGC ACC ATC ATG GAC CGT TCT ATC ATC CTC CGT CAC ATG CTG AAC TCT CCG ACC GAC CCA TTC AAC CGT CAA ACC CTG ACC GAA TCT ATG CTG GAG CCG GTT CCA GAG CTG AAA GAA CAG ATC CAG GCG TGG ATG CGT,1.521352643872786
GAC GCG CCA GAT GAA TTC CGT GAC CCG CTG ATG GAC ACC CTG ATG ACT GGT CCG GTT CGT CTG CCG TCT GGC ACC ATC ATG GAC TTC TCT ATC ATC CTG CGT CAC CTG CTG AAC TCT CCG ACC GAT CCG TTC AAC CGC CAG ACC CTG ACC GAA TCT ATG CTG GAA CCA GTT CCG GAG CTG AAA GAA CAG ATC CAG GCG TGG ATG CGT,1.0482112405056525
GAC GCT CCG GAC GAA TTC CGT GAC CCG CTG ATG GAC ACC CTG ATG ACC GAC CCG GTT CGT CTG CCG TGG GGT ACC ATC ATG GAC CGT TCT ATT ATC CTG CGT CAC CTG CTG AAC TCT CCG ACC GAT CCG TTC TGG CGT CAG ACC CTG ACC GAA TCC ATG CTG GAA CCA GTG CCG GAA CTC AAA GAA CAG ATC CAG GCG TGG ATG CGT,1.093754635151361
GAC GCG CCA GAT GAA TTC CGT GAC CCG CTG ATG GAC ACC CTG ATG ACT GAT CCA GTT AAA CTC CCG TCT GGC ACC ATT ATG GAC CGT TCT ATC ATC CTG CGT CAC CTG CTG AAC TCT CCG ACT GAC CCG TTC AAC CGT CAG ACC CTG ACC GAA TCT ATG CTG AAG CCG GTT CCA GAG CTG AAA GAA CAG ATC CAG GCG TGG ATG CGT,1.530180438545588
GAT GCT CCG GAC GAG TTC CGT GAC CCG CTG ATG GAC ACC CTG ATG ACC AAC CCG GTT CGC CTC CCG TCT GGC ACC ATC ATG GAC GAA TCT ATT ATC CTG CGT CAC CTG CTG AAC TCT CCG ACC GAC CCA TTC AAT CGT CAG ACC CTG ACC GAG TCT ATG CTG GAA CCG GTG CCG GAA CTG AAA GAA CAG ATC CAA GCG TGG ATG CGT,1.2229494270781789
GAC GCT CCG GAC GAA TTC CGT ACT CCA CTG ATG GAC ACC CTG ATG ACC GAT CCG GTT CGT CTG CCG TCC GGC ACT ATC ATG CGT CGT TCT ATC ATC CTG CGT CAC CTG CTG AAC TCT CCA ACC GAC CCA TTC AAC CGT CAG ACC CTG ACC GAA TCT ATG CTG GAA CCG GTG CCA GAA CTG AAA GAA CAG ATC CAG GCG TGG ATG CGT,-5.6498373096070456
GAT GCG CCG GAC GAA TTC CGT GAC CCG CTG ATG GAC ACC CTG ATG ACC CTG CCG GTG CGC CTG CCG TCT GGC ACC ATC ATG GAC CGT TCT ATC ATC CTG CGT CAC CTG CTG AAC TCT CCG ACC GAC CCG TTC AAC CGT CAG ACC CTG ACC GAA TCT ATG CTG GAA CCG GTG CCG GAA CTC GAA GAA CAG ATC CAG GCG TGG ATG CGT,0.4395025246862419
GAC GCG CCA GAT GAA TTC CGT GAC CCG CTG ATG GAC ACC CTG ATG ACT GAC CCG GTT CGT CTG CCG TCT GGC ACC ATC ATG GAC CGT TCT ATC ATC CTG CGT CAC CTG CTG AAC TCT CCG ACC GAC CCA TTC CAA CGT CAG ACC CTG ACC GAA TCT ATG CTG GAA CCG GTG CCG GAA CTG AAA GAA CAG ATC CAG GCG TGG ATG CGT,0.7052513854391045
GAT GCT CCG GAC GAA TTC CGT GAC CCG CTG ATG GAC ACC CTG ATG ACC TTC CCG GTT CGT CTG CCG TCT GGT ACT ATC ATG GAC TAC TCT ATC ATC CTG CGT CAT CTG CTC AAC TCT CCG ACC GAC CCG TTC AAC CGT CAG ACC CTG ACC GAA TCT ATG CTG GAA CCA GTT CCA GAA CTG AAA GAA CAG ATC CAG GCG TGG ATG CGT,1.1085990214832533
GAC GCG CCA GAC GAA TTC CGT GAC CCG CTG ATG GAC ACC CTG ATG ACT GAC CCG GTT CCG CTG CCG TCT GGT ACT ATC ATG GAC CGT TCT ATC ATC CTG CGT CAC CTG CTG AAC TCT CCG ACC GAC CCG TTC AAC CGT CAG ACC CTG ACC GAA TCT ATG CTG AAA CCA GTT CCG GAG CTG AAA GAA CAG ATC CAG GCG TGG ATG CGT,-5.969804858277216
GAC GCG CCA GAT GAA TTC CGT GAC CCG CTG ATG GAC ACC CTG ATG ACC GAC CCG GTT CTC CTG CCG TCT GGT ACT ATC ATG GAC CGT TCT ATC ATC CTG CGT CAC CTG CTG AAC TCT CCG ACT GAC CCG TTC AAC CGT CAG ACC CTG ACC GAA TCT ATG CTG GCT CCA GTG CCG GAA CTG AAA GAA CAG ATC CAG GCG TGG ATG CGT,1.0037946903477155
GAC GCT CCG GAC GAG TTC CGT GAC CCG CTG ATG GAC ACC CTG ATG ACC TGG CCG GTT CGC CTG CCG TCT GGT ACT ATC ATG GAC GAC TCT ATC ATC CTG CGC CAC CTG CTC AAC TCT CCG ACC GAC CCG TTC AAT CGT CAG ACC CTG ACC GAA TCT ATG CTG GAA CCG GTG CCG GAA CTG AAA GAA CAG ATC CAG GCG TGG ATG CGT,-0.6384982202339138
GAC GCT CCG GAC GAA TTT CGC GTG CCG CTG ATG GAC ACC CTG ATG ACC GAT CCA GTT CGT CTG CCG TCC GGT ACC ATT ATG ATG CGT TCC ATC ATC CTC CGT CAC CTG CTG AAC TCT CCG ACC GAC CCG TTC AAC CGT CAG ACC CTG ACC GAA TCT ATG CTG GAA CCA GTG CCG GAG CTC AAA GAA CAG ATC CAG GCG TGG ATG CGC,0.1319519563536223
GAC GCT CCG GAC GAA TTC CGT GAC CCG CTG ATG GAC ACC CTG ATG ACC GAT CCG GTT CGT CTG CCA CCG GGT ACC ATC ATG GAC CGT TCT ATC ATC CTG CGT CAC CTG CTG AAT TCT CCG ACC GAC CCG TTC GAC CGT CAG ACC CTG ACC GAA TCT ATG CTG GAA CCG GTG CCG GAA CTG AAA GAA CAG ATC CAG GCG TGG ATG CGC,-3.673968375424266
GAC GCT CCG GAT GAA TTC CGC GAC CCG CTG ATG GAC ACC CTG ATG ACC TAC CCG GTT CGT CTG CCG TCT GGT ACT ATC ATG GAT ACC TCT ATC ATC CTG CGC CAC CTG CTG AAC TCT CCG ACC GAC CCG TTC AAC CGT CAG ACC CTG ACC GAA TCT ATG CTG GAA CCA GTG CCG GAA CTG AAG GAA CAG ATC CAG GCG TGG ATG CGT,-0.111854861203098
GAT GCG CCA GAC GAA TTC CGT GAC CCG CTG ATG GAC ACC CTC ATG ACC GAC CCG GTG CGT CTG CCG TCT GGT ACT ATC ATG GAT ACT TCT ATC ATC CTG CGT CAC CTG CTG AAC TCT CCG ACC GAT CCG TTC AAC CGT CAG ACC CTG ACC GAA TCT ATG CTG GAA CCG GTG CCG GAA CTC GGC GAA CAG ATC CAG GCG TGG ATG CGT,-3.213574573812861
GAT GCG CCG GAC GAA TTC CGT GAC CCG CTG ATG GAC ACC CTG ATG ACC GAC CCG GTT CGT CTG CCG ATG GGT ACC ATC ATG GAC CGT TCT ATC ATC CTG CGT CAC CTG CTG AAC TCT CCG ACC CTG CCG TTC AAC CGT CAG ACC CTG ACC GAA TCT ATG CTG GAA CCG GTG CCG GAA CTG AAA GAA CAG ATC CAG GCT TGG ATG CGT,-0.787696659967748
GAC GCT CCG GAC GAA TTC CGT GAC CCG CTG ATG GAC ATC CTG ATG ACT GAC CCG GTT CGT CTG CCG TCT GGC ACC ATC ATG GGT CGT TCT ATC ATC CTG CGT CAC CTG CTG AAC TCT CCG ACC GAC CCG TTC AAC CGT CAG ACC CTG ACC GAA TCT ATG CTG GAA CCG GTG CCG GAA CTG AAA GAA CAG ATC CAG GCG TGG ATG CGT,-0.2999163257520395
GAT GCG CCG GAC GAA TTC CGT GAC CCG CTG ATG GAC ACC CTG ATG ACC GAT CCG GTT CGT CTC CCG TCT GGC ACC ATC ATG GAC CGT TCT ATC ATC CTG CGT CAC CTG CTC AAC TCT CCA ACC GAC CCG TTC AAT CGC CAG ACC CTG ACC GAA TCT ATG CTG GAA CCA GTT CCA GAA CTG AAA GAA CAG ATC CAG GCG TGG ATG AAC,2.352206009586502
GAC GCG CCA GAC GAA TTC CGT GAC CCG CTG ATG GAC ACC CTG ATG ACC GAC CCG GTG CGT CTG CCG ACC GGT ACC ATC ATG GAC CGT TCT ATC ATC CTG CGT CAC CTG CTG AAC TCT CCG ACC CTG CCG TTC AAC CGT CAG ACT CTG ACC GAA TCT ATG CTG GAA CCG GTG CCG GAA CTG AAA GAA CAG ATC CAG GCG TGG ATG CGT,-0.8257600334770698
GAT GCG CCG GAC GAA TTC CGT GAC CCG CTG ATG GAC ACC CTG ATG ACC GAC CCG GTT CGT CTG CCG ATG GGT ACT ATT ATG GAC CGT TCT ATC ATC CTG CGT CAC CTG CTG AAC TCT CCG ACC TTC CCG TTC AAC CGT CAG ACC CTG ACC GAA TCT ATG CTG GAG CCG GTT CCG GAG CTC AAA GAA CAG ATC CAG GCT TGG ATG CGT,0.1338567281598824
GAC GCT CCG GAC GAA TTC CGT GAC CCG CTG ATG GAC ACC CTG ATG ACC GAC CCG GTT CGT CTG CCG TCT GGT ACT ATC ATG GAC CGT TCT ATC ATC CTG CGT CAC CTG CTG AAC TCT CCG ACT GAC CCG TTC AAC TGC CAA ACC CTG ACT GAA TCT ATG CTG GAA CCG GTG CCA GAA CTC AAA GAA CAG ATC CAG GCG TGG ATG CGT,3.032623143366219
GAC GCG CCA GAC GAA TTC CGT GAC CCG CTG ATG GAC ACC CTC ATG ACT GAC CAG GTT CGT CTC CCG TCC GGT ACC ATC ATG GAC CGT TCT ATC ATC CTG CGT CAC CTG CTG AAC TCT CCG ACC GAC CCG TTC AAC CGT CAA ACC CTG ACC GAA TCT ATG CTC GAA CCG GTG CCA GAG CTC AAA GAA CAG ATC CAG GCT TGG ATG CGC,-0.3099534485056826
GAC GCT CCG GAT GAA TTC CGT GAC CCG CTG ATG GAT ACT CTG ATG ACC GAT CCA GTT ATG CTG CCG TCT GGC ACC ATC ATG GAT CGT TCT ATC ATC CTG CGT CAC CTG CTG AAC TCT CCA ACC GAC CCG TTC AAC CGT CAG ACC CTG ACC GAA TCT ATG CTG TAT CCA GTG CCG GAG CTC AAA GAA CAG ATC CAG GCG TGG ATG CGT,1.2798951964340204
GAC GCG CCA GAC GAA TTC CGT GAC CCG CTG ATG GAC CAG CTG ATG ACC GAC CCG GTG CGT CTG CCG TCT GGT ACT ATT ATG ATC CGT TCT ATC ATC CTG CGC CAC CTG CTG AAC TCT CCG ACT GAC CCG TTC AAC CGT CAG ACC CTG ACC GAA TCT ATG CTG GAA CCG GTG CCG GAA CTG AAA GAA CAG ATC CAG GCG TGG ATG CGC,0.78738392771044
GAC GCT CCA GAC GAA TTC CGT GAC CCG CTG ATG GAC ACC CTG ATG ACC GAC CCG GTT CGT CTC CCA TCT GGC ACC ATT ATG GAC CGT TCT ATC ATC CTG CGT CAT CTG CTG AAC TTC CCG GGT GAT CCG TTC AAC CGC CAG ACC CTG ACC GAA TCT ATG CTG GAG CCG GTT CCA GAG CTG AAA GAA CAG ATC CAG GCG TGG ATG CGT,0.8561671233000102
GAC GCT CCG GAC GAA TTC CGT GAC CCG CTG ATG GAC ACC CTG ATG ACC CAC CCG GTT CGT CTG CCG TCT GGC ACC ATC ATG GAC CGT TCT ATC ATC CTG CGT CAC CTG CTG AAC TCT CCG ACC GAC CCG TTC AAC CGC CAG ACC CTG ACC GAA TCT ATG CTG GAA CCG GTG CCG GAG CTC ATG GAA CAG ATC CAG GCG TGG ATG CGT,1.2401838883455132
GAT GCG CCG GAC GAA TTT CGT GAC CCG CTG ATG GAC ACC CTG ATG ACC GAC CCG GTT CGC CTG CCG TCT GGC ACC ATC ATG GAT CGC TCC ATC ATC CTG CGT CAC CTG CTG AAC TCT CCG ACT GAC CCG TTT AAC CGT CAG GGT CTG ACC GAA TCT ATG CTG GAA CCG GTG CCG GAA CTG AAA GAA CAG ATC CAG GCT TGG ATG CGT,1.956545993069625
GAC GCG CCA GAC GAA TTC CGT GAC CCG CTG ATG GAC ACC CTG ATG ACT GAC CCG GTG AAC CTG CCG TCT GGT ACT ATC ATG GAC CGT TCT ATC ATC CTG CGT CAC CTG CTG AAC TCT CCA ACC GAC CCG TTC AAC CGT CAG ACC CTG ACC GAA TCT ATG CTG CAC CCG GTT CCG GAG CTG AAA GAA CAG ATC CAG GCG TGG ATG CGC,-4.280674238064666
GAC GCG CCA GAT GAA TTC CGT GAC CCG CTG ATG GAC ACC CTG ATG ACC GAC CCG GTT CGT CTG CCG TCT GGC ACC ATC ATG GAC CGC TCC ATC ATC CTG CGT CAC CTG CTG AAC GGT CCG TGG GAC CCG TTC AAC CGT CAA ACC CTG ACC GAA TCT ATG CTG GAA CCG GTG CCG GAA CTG AAA GAA CAG ATC CAG GCT TGG ATG CGC,1.92049619404544
GAC GCT CCG GAC GAA TTC CGT GAC CCG CTG ATG GAC TTC CTG ATG ACC GAT CCG GTT CGT CTG CCG TCC GGT ACC ATC ATG CAG CGT TCT ATC ATC CTG CGT CAC CTG CTG AAC TCT CCG ACC GAC CCG TTC AAC CGT CAG ACC CTG ACC GAA TCT ATG CTG GAA CCG GTG CCG GAG CTG AAA GAA CAG ATC CAG GCG TGG ATG CGC,0.386517465166538
GAC GCT CCG GAC GAG TTC CGT GAC CCG CTC ATG GAC ACC CTG ATG ACC GCG CCA GTG CGC CTC CCG TCC GGT ACC ATT ATG GAC CGT TCT ATC ATC CTC CGC CAC CTG CTG AAC TCT CCG ACC GAC CCG TTC AAT CGT CAG ACC CTG ACC GAA TCT ATG CTG GAA CCG GTG CCG GAA CTG AAA GAA CAG ATC CAG GCG TGG ATG CGT,4.160212649031481
GAT GCT CCG GAC GAA TTC CGT GAC CCG CTG ATG GAC ACT CTG ATG ACC ACT CCG GTT CGT CTG CCG TCT GGT ACT ATC ATG GAC GCT TCT ATC ATC CTG CGT CAC CTG CTG AAC TCT CCG ACC GAT CCA TTC AAT CGT CAG ACC CTG ACC GAA TCT ATG CTG GAA CCG GTG CCG GAA CTG AAA GAA CAG ATC CAG GCG TGG ATG CGT,0.0906369419787672
GAC GCT CCG GAT GAA TTC CGT AAC CCG CTC ATG GAC ACC CTG ATG ACC GAC CCG GTT CGT CTG CCG TCT GGC ACT ATT ATG TGG CGT TCT ATC ATC CTG CGT CAC CTG CTG AAC TCT CCA ACC GAT CCG TTC AAC CGT CAG ACC CTG ACC GAA TCT ATG CTG GAA CCG GTG CCG GAA CTC AAG GAA CAG ATC CAG GCG TGG ATG CGC,0.8450602654953204
GAT GCG CCG GAC GAA TTC CGT GAC CCG CTG ATG GAC ACC CTG ATG ACT GAC CCA GTT CGT CTG CCG TCT GGC ACC ATT ATG GAT CGT TCC ATT ATC CTG CGT CAC CTC CTG AAC TCT CCG ACC GAT CCG TTT AAC GAC CAG ACC CTG ACC GAA TCT ATG CTG GAA CCA GTG CCG GAG CTG AAA GAA CAG ATC CAG GCT TGG ATG CGT,2.534369691215854
GAC GCT CCG GAC GAA TTC CGT GAC CCG CTG ATG GAC ACC CTG ATG ACC GAC CCG GTT CGT CTG CCG TCT GGC ACC ATC ATG GAC CGT TCT ATC ATC CTG CGT CAC CTG CTG AAC CAC CCG GAA GAC CCG TTC AAC CGC CAG ACC CTG ACC GAA TCT ATG CTG GAA CCG GTG CCG GAA CTG AAG GAA CAG ATC CAG GCG TGG ATG CGT,1.3450912396424706
GAC GCG CCA GAT GAA TTC CGT GAC CCG CTG ATG GAC ACC CTG ATG ACC GAC CCG GTT CGT CTG CCG TCT GGT ACT ATT ATG GAC CGT TCT ATC ATC CTG CGT CAC CTG CTG AAC TCT CCG ACC GAC TTC TTC AAC CGT CAA ACC CTG ACC GAA TCT ATG CTG GAA CCA GTT CCA GAA CTC AAA GAA CAG ATC CAG GCG TGG ATG CGT,-0.1974966733804649
GAC GCT CCG GAC GAA TTC CGT GAC CCG CTG ATG GAC ACC CTG ATG ACC GAC CCG GTT CGT CTG CCG TGG GGC ACC ATC ATG GAC CGT TCT ATC ATC CTG CGT CAC CTG CTG AAC TCT CCG ACT CCG CCA TTC AAC CGC CAG ACC CTG ACC GAA TCT ATG CTG GAA CCG GTG CCG GAA CTG AAA GAA CAG ATC CAG GCG TGG ATG CGT,0.3061298222306401
GAT GCG CCG GAC GAA TTC CGT GAC CCG CTG ATG GAC ACC CTG ATG ACC GAC CCG GTT CGT CTG CCA TCC GGC ACC ATC ATG GAC CGT TCT ATC ATC CTG CGT CAC CTG CTG AAC CTG CCG GAG GAC CCG TTC AAC CGT CAG ACC CTG ACC GAA TCT ATG CTG GAA CCA GTG CCA GAG CTG AAA GAG CAG ATC CAG GCG TGG ATG CGT,0.9948094638052392
GAT GCG CCG GAC GAA TTC CGT GAC CCG CTG ATG GAC ACC CTG ATG ACC GAC CCG GTT GAG CTG CCG TCT GGC ACT ATC ATG GAC CGT TCC ATC ATC CTG CGT CAC CTG CTG AAC TCT CCG ACC GAT CCA TTC AAT CGT CAG ACC CTG ACC GAA TCT ATG CTG CTG CCG GTT CCG GAG CTG AAA GAA CAG ATC CAG GCG TGG ATG CGT,0.2746649292697055
GAC GCG CCA GAC GAA TTT CGT GAC CCG CTG ATG GAC ACC CTG ATG ACC GAT CCG GTT CGC CTC CCG AAC GGT ACC ATC ATG GAC CGT TCT ATC ATC CTG CGT CAC CTG CTG AAC TCT CCG ACC GAC CCG TTC GAT CGT CAG ACC CTG ACC GAA TCT ATG CTG GAG CCG GTT CCG GAG CTG AAA GAA CAG ATC CAG GCG TGG ATG CGC,1.0012777108565736
GAC GCT CCG GAC GAA TTC CGT GAC CCG CTG ATG GAC GAC CTG ATG ACT GAC CCG GTT CGT CTG CCG TCT GGT ACT ATC ATG CAA CGT TCT ATC ATC CTG CGT CAC CTG CTG AAC TCT CCA ACC GAC CCG TTC AAC CGT CAG ACC CTG ACC GAA TCT ATG CTG GAA CCG GTG CCG GAA CTG AAA GAA CAG ATC CAG GCG TGG ATG CGT,-0.3594281591816026
GAC GCG CCA GAC GAA TTC CGT GAC CCG CTG ATG GAC ACC CTG ATG ACC CGT CCG GTT CGC CTC CCG TCT GGT ACT ATC ATG GAC GGT TCT ATC ATC CTG CGT CAC CTG CTG AAC TCT CCG ACC GAC CCG TTC AAC CGT CAG ACC CTG ACC GAA TCT ATG CTG GAA CCA GTT CCG GAG CTG AAA GAA CAG ATC CAG GCG TGG ATG CGT,0.2762409010928964
GAC GCT CCG GAT GAA TTC CGT GAC CCG CTG ATG GAC ACC CTG ATG ACC GAC CCG GTT CGT CTC CCG CTC GGT ACC ATC ATG GAC CGT TCT ATC ATT CTG CGT CAC CTG CTG AAC TCT CCG ACC TGT CCG TTT AAC CGT CAG ACC CTG ACC GAA TCT ATG CTG GAA CCG GTG CCG GAA CTC AAG GAG CAG ATC CAG GCT TGG ATG CGT,0.8733163224073472
GAC GCG CCA GAT GAA TTC CGT GAC CCG CTG ATG GAC ACC CTG ATG ACC GAC CCG GTT CGT CTG CCG TCT GGT ACT ATT ATG GAC CGT TCT ATC ATC CTC CGT CAC CTG CTG AAC TCT CCG ACT GAC CCG TTC AAC CGT CAG TCT CTG ACC GAA TCT ATG CTG GAG CCG GTT CCA GAG CTC AAA GAA CAG ATC CAG GCG TGG ATG CGT,2.383815657983912
GAC GCG CCA GAT GAA TTC CGT GAC CCG CTG ATG ATG ACT CTC ATG ACC GAC CCG GTT CGC CTG CCG TCC GGT ACC ATC ATG GAC CGT TCT ATC ATC CTG CGT CAC CTG CTG AAC TCT CCG ACT GAC CCA TTC AAC CGC CAG ACC CTG ACT GAA TCT ATG CTG GAA CCA GTG CCG GAG CTG AAA GAA CAG ATC CAG GCG TGG ATG CGT,2.6757414816104843
GAT GCT CCG TGG GAA TTT CGT GAC CCG CTG ATG GAC ACC CTG ATG ACC GAT CCG GTT CGT CTG CCG TCT GGC ACC ATC ATG GAC CGT TCT ATC ATC CTG CGT CAC CTG CTG AAC TCT CCG ACC GAC CCA TTC AAC CGT CAG ACC CTG ACC GAA TCT ATG CTG GAA CCG GTG CCG GAA CTG AAA GAA CAG ATC CAG GCG TGG ATG CGT,2.7681128452813013
GAT GCG CCG GAT GAA TTC CGT GAC CCG CTG ATG GAT ACC CTG ATG ACC GAC CCG GTT CGT CTG CCG TCT GGC ACC ATC ATG GAT CGT TCT ATC ATC CTG CGT CAT CTG CTG AAC TCT CCG ACC GAT CCG TTC AAC CGT CAG ACC CTG ACC GAA TCT ATG CTG GAG CCG GTT CCA GAA CTG AAA GAA CAG ATC CAG GCG TGG AAT CGT,0.9592133222411744
GAT GCT CCG GAT GAA TTC CGT GAC CCG CTG ATG GAC ACC CTG ATG ACC ATG CCG GTT CGC CTG CCG TCT GGC ACC ATC ATG GAC GCT TCT ATC ATC CTG CGT CAC CTG CTG AAC TCT CCG ACC GAC CCG TTC AAC CGT CAG ACT CTG ACC GAA TCT ATG CTG GAG CCG GTG CCG GAA CTG AAA GAA CAG ATC CAG GCG TGG ATG CGT,0.4902801960097543
GAC GCG CCA GAC GAA TTC CGT GAC CCG CTG ATG GAC ACC CTG ATG ACC GAC CCG GTT CGC CTG CCG TCC GGT ACC ATC ATG GAC CGT TCT ATC ATC CTC CGT CAC CTG CTG AAC TCT CCG ACC GAT CCG TTC CTG CGT CAG ACC CTG ACC GAA TCT ATG CTG GAG CCG GTT CCA GAG CTG AAA GAA CAG ATC CAG GCG TGG ATG CGT,1.096265196630292
GAT GCG CCA GAC GAA TTC CGT GAC CCG CTG ATG GAT ACT CTG ATG ACC GAC CCG GTG CGT CTG CCG TCC GGT ACC ATC ATG GAC CGT TCT ATC ATC GTT CGC CAC CTC CTC AAC TCT CCG ACT GAC CCA TTC AAC CGT CAG ACC CTG ACC GAA TCT ATG CTG GAG CCA GTT CCG GAG CTG AAA GAA CAG ATC CAG GCG TGG ATG CGT,2.085336672770328
GAT GCG CCG GAC GAA TTC CGT GAC CCG CTG ATG GAC ACC CTG ATG ACC GAT CCG GTT TAC CTG CCG TCT GGT ACT ATC ATG GAC CGT TCT ATC ATC CTG CGT CAC CTG CTG AAC TCT CCG ACC GAC CCA TTC AAC CGT CAG ACC CTG ACC GAA TCT ATG CTG TGC CCG GTT CCA GAA CTG AAA GAA CAG ATC CAG GCG TGG ATG CGT,0.857519463880176
GAC GCT CCG GAC GAA TTC CGT GAC CCG CTG ATG GAC TTC CTG ATG ACT GAC CCA GTT CGT CTG CCG TCT GGT ACT ATT ATG ATG CGC TCT ATC ATC CTG CGT CAC CTG CTG AAC TCT CCG ACC GAC CCG TTC AAC CGT CAG ACC CTG ACC GAA TCT ATG CTG GAA CCG GTG CCG GAA CTG AAA GAA CAG ATC CAA GCG TGG ATG CGT,0.60871268603466
GAC GCT CCG GAC GAA TTC CGT GAC CCG CTG ATG GAC ACC CTG ATG ACC CAG CCG GTT CGC CTC CCG TCT GGT ACT ATC ATG GAC CAC TCT ATC ATC CTG CGT CAC CTG CTG AAC TCT CCG ACC GAC CCG TTC AAC CGT CAG ACC CTG ACC GAA TCT ATG CTG GAA CCG GTG CCG GAA CTG AAA GAA CAG ATC CAG GCG TGG ATG CGC,-0.3908988127157377
GAC GCG CCA GAT GAA TTC CGT GAC CCG CTG ATG GAC ACC CTG ATG ACC GAC CCG GTT CGT CTG CCG TCT GGC ACC ATC ATG GAC CGT TCT ATC ATC CTG CGT CAC CTG CTG AAC TCT CCG ACT GAT CCG TTC AAC CGT CAA ACC TTC ACC GAA TCT ATG CTG GAG CCG GTT CCG GAG CTG AAA GAA CAG ATC CAG GCG TGG ATG CGT,-0.1075941085929578
GAT GCG CCG GAC GAA TTC CGT GAC CCG CTG ATG GAC ACC CTG ATG ACC GAC CCG GTT CGT CTG CCG AAC GGT ACC ATC ATG GAC CGT TCT ATC ATC CTG CGT CAC CTG CTG AAC TCT CCG ACC ATG CCG TTT AAC CGT CAG ACC CTG ACC GAA TCT ATG CTG GAG CCG GTT CCA GAA CTG AAA GAA CAG ATT CAA GCG TGG ATG CGC,-0.3208908819093235
GAT GCT CCG GAC GAA TTC CGT CAG CCG CTG ATG GAC ACC CTG ATG ACT GAC CCG GTT CGT CTG CCG TCT GGC ACT ATC ATG TTC CGT TCT ATC ATC CTG CGT CAC CTG CTG AAC TCT CCG ACC GAC CCA TTC AAC CGT CAG ACC CTG ACC GAA TCT ATG CTG GAA CCG GTG CCG GAA CTG AAA GAA CAG ATC CAG GCT TGG ATG CGC,0.8514264168635534
GAT GCT CCG GAC GAA TTC CGT GAC CCG CTG ATG GAC ACC CTG ATG ACC CAG CCG GTT CGT CTG CCG TCT GGC ACC ATC ATG GAC TCT TCT ATC ATC CTG CGT CAC CTG CTG AAC TCT CCG ACC GAC CCA TTC AAC CGT CAG ACC CTG ACC GAA TCT ATG CTG GAA CCG GTG CCG GAA CTG AAA GAA CAG ATC CAG GCG TGG ATG CGT,-1.5621519153384775
GAT GCG CCG GAC GAA TTC CGT GAC CCG CTG ATG GAC ACC CTG ATG ACC GAC CCG GTT CGT CTC CCG TTC GGT ACC ATC ATG GAC CGT TCT ATC ATC CTG CGT CAC CTG CTG AAC TCT CCG ACC CTG CCG TTC AAC CGT CAG ACC CTG ACC GAA TCT ATG CTG GAG CCA GTG CCA GAG CTC AAA GAA CAG ATC CAG GCG TGG ATG CGT,-0.5044701825012432
GAT GCG CCG GAT GAA TTC CGT GAC CCG CTG ATG GAC ACC CTG ATG ACT CCG CCA GTT CGT CTG CCG TCC GGT ACC ATC ATG GAC GAA TCT ATC ATC CTG CGT CAC CTG CTG AAC TCT CCG ACC GAC CCG TTC AAC CGT CAG ACC CTG ACT GAG TCT ATG CTG GAA CCA GTT CCA GAA CTG AAA GAA CAG ATC CAG GCG TGG ATG CGT,-2.526101247226552
GAC GCT CCG GAT GAA TTC CGT GAC CCG CTG ATG GAT ACC CTG ATG ACC GTT CCG GTT CGT CTG CCG TCT GGC ACC ATC ATG GAC GGT TCT ATC ATC CTG CGT CAC CTC CTG AAC TCT CCG ACC GAC CCG TTC AAT CGT CAA ACC CTG ACC GAA TCT ATG CTG GAA CCA GTG CCG GAG CTG AAA GAA CAG ATC CAG GCT TGG ATG CGT,-0.4379175728138259
GAC GCG CCA GAT GAA TTC CGT GAC CCG CTG ATG GAC ACC CTG ATG ACT GAC CCG GTT CGT CTC CCG TCC GGT ACC ATT ATG GAC CTG TCT ATC ATC CTG CGT CAC CTG CTG AAC TCT CCG ACC GAC CCG TTC AAC CGT CAA ACC CTG ACC GAA TCT ATG CTG GAA CCA GTT CCA GAA CTG ATC GAA CAG ATC CAG GCG TGG ATG CGT,1.5934280295312615
GAC GCG CCA GAC TGC TTC CGT GAC CCG CTG ATG GAC ACC CTG ATG ACT GAC CCG GTG CGT CTG CCG TCC GGT ACC ATT ATG GAC CGT TCT ATC ATC CTG CGT CAC CTG CTG AAC TCT CCG ACC GAC CCG TTC AAC CGT CAG ACC CTG ACC GAA TCT ATG CTG GAG CCG GTG CCA GAA CTG AAA GAA CAG ATT CAG GCG TGG ATG CGT,2.7599520580024217
GAC GCG CCA GAC GAA TTC CGT GAC CCG CTG ATG GAC ACC CTG ATG ACC GAC CCG GTG CGT CTG CCG TCT GGT ACT ATC ATG GAC CGT TCT ATC ATC CTG CGT CAC CTG CTG AAC TGC CCG TTC GAC CCG TTC AAC CGT CAG ACC CTG ACC GAA TCT ATG CTG GAA CCA GTG CCG GAA CTG AAA GAA CAG ATC CAG GCG TGG ATG CGT,2.7675570560321203
GAC GCT CCA GAT GAA TTC CGT GAC CCG CTG ATG GAC ACC CTG ATG ACT CCA CCG GTT CGT CTG CCG TCT GGC ACC ATC ATG GAC CGT TCT ATC ATC CTG CGT CAC CTG CTG AAC TCT CCG ACC GAC CCG TTC AAC CGC CAG ACC CTG ACC GAA TCT ATG CTG GAG CCG GTT CCG GAG CTC TTT GAA CAG ATC CAG GCT TGG ATG CGC,0.2863144385316957
GAT GCG CCG GAC GAA TTC CGT GAC CGT CTC ATG GAC ACC CTG ATG ACC GAC CCG GTT CGT CTG CCG TCT GGC ACC ATC ATG GAT CGT TCT ATC ATC CTC CGT CAC CTG CTG AAC TCT CCG ACT GAT CCG TTC AAT CGT CAG ACC CTG ACC GAA TCT ATG CTG GAA CCG GTG CCG GAA CTG AAA GAA CAG ATC CAG GCG TGG ATG CGT,0.9657274839935084
GAT GCG CCG GAT GAA TTC CGT GAC CCG CTG ATG GAC ACC CTG ATG ACC GAT CCG GTT CGT CTG CCG TCC GGT ACC ATC ATG GAC CGT TCT ATC ATC CTG CGT CAC CTG CTG AAC TCT CCA ACC GAC CCG TTC AAC CGT CAG ACC CTG ACC GAA TCT ATG CTG GAA CCG TCT CCG GAA CTG AAA GAA CAG ATC CAG GCG TGG ATG CGT,0.4534928877956314
GAC GCT CCA GAC GAA TTC CGT GAC CCG CTG ATG GAC ACC CTG ATG ACC GAC CCA GTT CGC CTG CCG TCT GGC ACC ATT TGT GAT CGT TCT ATC ATC CTG CGT CAC CTG CTG AAC TCT CCG ACT GAT CCG TTC AAT CGC CAG ACC CTG ACC GAA TCT ATG CTG GAG CCA GTT CCG GAG CTG AAA GAA CAG ATC CAG GCG TGG ATG CGT,1.419471645300248
GAT GCG CCG GAC GAA TTC CGT GAC CCG CTG ATG GAC ACC CTG ATG ACC GAC CCG GTT CGT CTG CCG TCT GGT ACT ATC ATG GAC CGT TCT ATC ATC CTG CGT CAC CTG CTG AAC AAC CCG CAC GAC CCG TTC AAC CGT CAG ACC CTG ACC GAA TCT ATG CTG GAA CCG GTG CCG GAA CTG AAA GAA CAG ATC CAG GCG TGG ATG CGT,1.6023255002693109
GAC GCT CCG GAC GAA TTC CGT GAC CCG CTG ATG GAC ACC CTG ATG ACT GAC CCG GTT CGT CTG CCG TCT GGC ACC ATC ATG GAC CGT TCT ATC ATC ACC CGT CAC CTG CTG AAC TCT CCG ACC GAC CCG TTC AAC CGT CAA ACC CTG ACC GAA TCT ATG CTG GAA CCG GTG CCG GAA CTG AAA GAA CAG ATC CAG GCT TGG ATG CGT,1.5868984787771017
GAC GCG CCA GAC GAA TTC CGC GAC CCG CTG ATG GAC ACC CTG ATG ACT GAA CCG GTG CGT CTG CCG TCT GGT ACT ATC ATG GAC TCT TCT ATC ATC CTC CGT CAC CTG CTG AAT TCT CCG ACC GAC CCG TTC AAC CGT CAG ACC CTG ACC GAA TCT ATG CTG GAA CCA GTT CCA GAA CTG AAA GAA CAG ATC CAG GCG TGG ATG CGT,-0.8987588897127681
GAC GCT CCG GAC GAG TTC CGC GAC CCG CTC ATG GAT ACT CTG ATG ACC GAT CCG GTT CGT CTG CCG TCT GGC ACC ATC ATG GAC CGT TCT ATC ATC CTG CGT CAC CTG CTG AAC TCT CCG ACC GAC CCG TTC AAC CGT CAG ACC CTG ACC ATC TCT ATG CTG GAA CCA GTT CCA GAA CTG AAA GAA CAG ATC CAG GCG TGG ATG CGT,2.4961906383788577
GAT GCG CCG GAC GAA TTC CGT GAC CCG CTG ATG GAC ACC CTG ATG ACC GAC CCA GTT CGT CTG CCG TCT GGT CTG ATC ATG GAC CGT TCT ATC ATC CTG CGT CAC CTG CTG AAC TCT CCG ACT GAT CCG TTC AAC CGC CAG ACC CTG ACC GAA TCT ATG CTG GAA CCG GTG CCG GAA CTG AAA GAA CAG ATC CAG GCG TGG ATG CGT,2.4883171116005074
GAT GCT CCG GAT GAA TTC CGT GAC CCG CTG ATG GAC ACC CTG ATG ACC AAA CCG GTG CGT CTC CCG TCC GGT ACC ATC ATG GAC GTT TCT ATC ATC CTG CGT CAC CTG CTG AAC TCT CCG ACC GAC CCG TTC AAC CGT CAG ACC CTG ACC GAA TCT ATG CTG GAA CCA GTT CCA GAA CTG AAA GAA CAG ATC CAG GCG TGG ATG CGT,0.5083216144067414
GAC GCT CCG GAC GAA TTC CGT GAC CCG CTG ATG GAC ACC CTG ATG ACC GAC CCG GTT CGT CTG CCG TCT GGC ACC ATC ATG GAC CGT TCT ATC ATC CTG CGT CAC CTG CTG AAC ACT CCA GCG GAC CCG TTC AAT CGT CAG ACC CTG ACC GAA TCT ATG CTG GAA CCG GTG CCG GAG CTG AAA GAA CAG ATC CAG GCG TGG ATG CGC,0.957860882208574
GAC GCG CCA GAT GAA TTC CGT GAC CCG CTG ATG GAC CAG CTC ATG ACC GAC CCG GTT CGT CTG CCG TCT GGT ACT ATC ATG AAC CGT TCT ATC ATC CTG CGT CAC CTG CTG AAC TCT CCG ACC GAT CCA TTC AAC CGT CAG ACC CTG ACC GAA TCT ATG CTG GAG CCG GTT CCA GAA CTC AAA GAA CAG ATC CAG GCG TGG ATG CGT,-3.018242841285566
GAC GCT CCG GAT GAA TTC CGT GAC CCG CTG ATG GAT ACT CTC ATG ACC GTT CCA GTT CGT CTG CCG TCT GGC ACT ATC ATG GAC CGC TCC ATC ATC CTG CGT CAC CTC CTG AAC TCT CCG ACC GAC CCA TTC AAC CGT CAA ACC CTG ACC GAA TCT ATG CTG GAG CCG GTT CCA GAA CTC GCG GAA CAG ATC CAG GCG TGG ATG CGT,0.8608137420503307
GAC GCT CCG GAC GAA TTT CGC GAC CCG CTG ATG GAC ACT CTG ATG ACC AAA CCG GTG CGT CTG CCG TCC GGT ACC ATT ATG GAC CTG TCT ATT ATC CTG CGT CAC CTG CTC AAC TCT CCG ACC GAC CCG TTT AAC CGC CAG ACC CTG ACC GAA TCT ATG CTG GAA CCA GTG CCG GAA CTC AAA GAA CAG ATC CAG GCG TGG ATG CGT,0.9931607144696698
GAC GCG CCA GAT GAA TTC CGT GAC CCG CTG ATG GAC ACC CTG ATG ACC GAC CCG GTT CGT CTG CCG TGG GGC ACC ATC ATG GAC CGT TCT ATC ATC CTG CGT CAC CTG CTG AAC TCT CCG ACT GAC CCG TTC AAT CGT CAA ACC CTG ACC GAA TCT ATG CTG GAA CCG GTG CCG GAA CTG AAA GAA CAG ATC CAG GCG TGG ATG CGT,0.646562129651218
GAT GCG CCG GAC GAA TTT CGC GAC CCG CTG ATG GAC ACC CTG ATG ACC TTC CCG GTG CGT CTG CCA TCT GGT ACT ATT ATG GAC CGT TCT ATC ATC CTG CGT CAC CTG CTG AAC TCT CCG ACC GAT CCG TTC AAC CGT CAG ACC CTG ACC GAA TCT ATG CTG GAG CCA GTT CCG GAG CTG CTG GAA CAG ATC CAG GCG TGG ATG CGT,1.7630831133449985
GAC GCT CCG GAC GAA TTC CGT ACT CCA CTG ATG GAC ACC CTG ATG ACC GAC CCG GTT CGT CTG CCG TCC GGT ACT ATT ATG ATG CGT TCT ATC ATC CTG CGT CAC CTG CTG AAC TCT CCG ACT GAC CCA TTC AAC CGT CAG ACC CTG ACC GAA TCT ATG CTG GAA CCG GTG CCG GAA CTG AAA GAA CAG ATC CAG GCG TGG ATG CGC,-0.1476849205734028
GAT GCT CCG GAC GAG TTC CGT GAT CCG CTG ATG GAC ACC CTG ATG ACC GAC CCG GTT CGT CTG CCG TCT GGC ACT ATC ATG GAC CGT TCT ATC ATC CTG CGT CAC CTC CTC AAT CAC CCA TGC GAC CCG TTC AAT CGT CAG ACC CTG ACC GAA TCT ATG CTG GAA CCA GTG CCG GAA CTG AAA GAA CAG ATC CAG GCG TGG ATG CGT,2.1202663163972506
GAC GCT CCG GAC GAA TTC CGT GAC CCA CTC ATG GAC ACC CTC ATG ACC GAC CCG GTT CGT CTG CCG TCC GGT ACC ATC ATG GAT GGT TCT ATC ATC CTG CGT CAC CTG CTG AAC TCT CCA ACT GAC CCG TTC AAC CGT CAG ACC CTG ACT GAA TCT ATG CTG GAG CCG GTT CCA GAG CTG ATC GAA CAG ATC CAG GCG TGG ATG CGT,0.2816724374000071
GAT GCG CCG GAC GAA TTC CGT GAC CCG CTG ATG GAC CGT CTG ATG ACC GAC CCA GTT CGT CTG CCG TCT GGC ACC ATC ATG TGC CGT TCT ATC ATC CTG CGT CAC CTG CTG AAC TCT CCG ACT GAC CCG TTC AAC CGT CAG ACC CTG ACC GAA TCT ATG CTC GAA CCG GTG CCG GAA CTG AAA GAA CAG ATC CAG GCG TGG ATG CGT,0.9513236330062922
GAT GCG CCG GAT GAA TTC CGC GAC CCG CTG ATG GAC ACC CTC ATG ACC GAT CCG GTT CGT CTC CCG GCT GGC ACT ATC ATG GAT CGC TCT ATC ATC CTG CGC CAC CTG CTG AAC TCT CCG ACT CGC CCG TTC AAC CGT CAG ACC CTG ACC GAA TCT ATG CTG GAG CCG GTT CCA GAA CTG AAA GAA CAG ATC CAG GCG TGG ATG CGT,-2.351508225217871
GAC GCT CCA GAC GAG TTC CGT GAC CCG CTG ATG GAC AAC CTG ATG ACC GAC CCG GTT CGT CTG CCG TCT GGT ACT ATC ATG TCT CGT TCT ATC ATC CTG CGT CAC CTG CTG AAC TCT CCG ACC GAT CCG TTC AAC CGT CAG ACC CTG ACC GAA TCT ATG CTG GAG CCG GTG CCG GAA CTG AAA GAA CAG ATC CAG GCG TGG ATG CGC,-2.5427515497069457
GAT GCG CCG GAC GAA TTC CGT GAC CCG CTG ATG GAC ACC CTG ATG ACC GAC CCA GTG CGT CTG CCA TCT GGC ACC ATT ATG GAT CGT TCT ATC ATC CTG CGT CAC CTG CTG AAC TCT CCG ACC GAT CCG TTT GAC CGC CAG ACC CTG ACC GAG TCT ATG CTG GAA CCG GTG CCG GAG CTC AAA GAA CAG ATC CAG GCT TGG ATG CGT,1.667257275438256
GAC GCT CCG GAC GAA TTC CGT GAC CCG CTG ATG GAC ACC CTG ATG ACC GAC CCG GTT CGT CTG CCG TCT GGT ACT ATT ATG GAC CGT TCT ATC ATC CTG CGT CAC CTG CTG AAC GAC CCG AAC GAT CCA TTT AAT CGT CAG ACC CTG ACC GAA TCT ATG CTG GAA CCA GTG CCG GAG CTG AAA GAA CAG ATC CAG GCG TGG ATG CGT,1.1326401735324727
GAT GCT CCG GAC GAA TTC CGT GAC CCG CTG ATG GAT ACT CTC ATG ACT GGT CCA GTT CGT CTG CCA TCC GGT ACC ATC ATG GAC TAC TCT ATC ATC CTG CGT CAC CTG CTG AAC TCT CCG ACC GAC CCG TTT AAC CGT CAG ACC CTG ACC GAA TCT ATG CTG GAA CCG GTG CCG GAA CTG AAA GAA CAG ATC CAG GCG TGG ATG CGT,0.5328783030708142
GAT GCT CCG GAC GAA TTC CGT GAC CCA CTC ATG TGC ACC CTC ATG ACC GAC CCG GTT CGT CTG CCG TCT GGT ACT ATC ATG GAC CGT TCT ATC ATC CTG CGT CAC CTG CTG AAC TCT CCG ACC GAT CCG TTC AAC CGT CAG ACC CTG ACC GAA TCT ATG CTG GAA CCG GTG CCA GAA CTG AAA GAA CAG ATC CAG GCG TGG ATG CGT,3.199650538068944
GAT GCG CCG GAC GAA TTC CGT GAC CCG CTG ATG GAC ACC CTG ATG ACC GAC CCG GTT CGT CTG CCG TCT GGC ACC ATC ATG GAT CGT TCT ATC ATC CTG CGT CAC CTG CTG AAC CGT CCG ATG GAC CCG TTC AAC CGT CAG ACC CTG ACC GAA TCT ATG CTG GAA CCA GTG CCG GAG CTC AAA GAA CAG ATC CAA GCG TGG ATG CGT,0.7630942248958887
GAT GCG CCG GAC GAG TTC CGC GAC CCG CTG ATG GAC ACC CTG ATG ACC GAT CAC GTT CGT CTG CCG TCT GGT ACT ATC ATG GAC CGT TCT ATC ATC CTG CGT CAC CTG CTG AAC TCT CCG ACC GAC CCG TTT AAC CGT CAG ACC CTG ACC GAA TCT ATG CTG GAA CCA GTT CCG GAG CTG AAA GAA CAG ATC CAG GCG TGG ATG CGT,-0.4858952108235627
GAC GCG CCA GAT GAA TTC CGT GAC CCG CTG ATG GAC ACC CTG ATG ACC GAC CCG GTT CGT CTG CCG TCC GGT ACC ATC ATG GAC CCG TCT ATC ATC CTG CGT CAC CTG CTG AAC TCT CCG ACC GAT CCG TTC AAC CGT CAG ACC CTG ACC GAA TCT ATG CTG GAA CCG GTG CCG GAA CTC ATG GAA CAG ATC CAG GCG TGG ATG CGT,0.04760871206222
GAC GCT CCG GAC GAA TTC CGT GAC CCG CTG ATG GAC ACC CTG ATG ACC GAC CCG GTG GCG CTG CCG TCC GGT ACC ATC ATG GAC CGT TCT ATC ATC CTG CGT CAC CTG CTG AAC TCT CCG ACC GAT CCG TTC AAC CGT CAG ACC CTC ACC GAG TCT ATG CTC AAC CCG GTT CCA GAA CTG AAA GAA CAG ATC CAG GCT TGG ATG CGT,0.214072061054926
GAT GCT CCG GAT GAA TTC CGT GAC CCG CTG ATG GAC ACC CTG ATG ACC GAC CCG GTT CGT CTG CCG TCT GGC ACC ATC ATG GAC CGT TCT ATC ATC CTG CGT CAC CTG CTG AAC TCT CCG ACT GAC CCA TTC AAC CGT CAG ACC CTC ACC GAA TCC ATG CTG GAG CCG GTG CCG GAG CTC GAA GAA CAG ATC CAG GCG TGG ATG CGT,0.7580899666523514
GAC GCT CCG GAC GAG TTC CGC GAC CCG CTG ATG GAC ACC CTC ATG ACC GAC CTG GTT CGT CTC CCG TCT GGC ACC ATC ATG GAC CGT TCT ATC ATC CTG CGT CAC CTG CTG AAC TCT CCG ACC GAT CCG TTC AAC CGC CAG ACC CTG ACC GAA TCT ATG CTG GAA CCG GTG CCG GAA CTG AAA GAA CAG ATC CAG GCG TGG ATG CGT,0.2276288831161919
GAC GCT CCA GAT GAA TTC CGT GAC CCG CTG ATG GAC ACC CTG ATG ACC CGT CCG GTT CGT CTC CCG TCT GGC ACC ATC ATG GAC GTT TCT ATC ATC CTG CGT CAC CTG CTG AAT TCT CCG ACC GAC CCA TTC AAC CGT CAG ACC CTG ACC GAA TCT ATG CTG GAA CCA GTT CCG GAG CTG AAA GAA CAG ATC CAG GCG TGG ATG CGT,0.6227166598495015
GAC GCT CCG GAT GAG TTT CGT GAT CCG CTG ATG GAC ACC CTG ATG ACT GAC CCG GTT CGC CTG CCG TCT GGC ACC ATT ATG GAC GAA TCC ATC ATC CTG CGT CAC CTG CTG AAC TCT CCA ACC GAC CCG TTC AAC CGT CAA ACC CTG ACT GAA TCT ATG CTG GAA CCG GTG CCG GAA CTG GGT GAA CAG ATC CAG GCT TGG ATG CGT,-3.409108422677768
GAT GCG CCG GAC GAA TTT CGT GAC CCG CTG ATG GAC ACC CTG ATG ACT GAC CCG GTT CGT CTG CCG TCT GGC ACC ATC ATG GAC CGT TCT ATC ATC CTG CGT CAC CTG CTG AAC TCT CCG ACC GAC CCG TTC AAC CGT AAT ACC CTG ACC GAA TCT ATG CTG GAA CCG GTG CCG GAG CTG AAA GAA CAG ATC CAG GCG TGG ATG CGT,2.020395677584049
GAT GCG CCG GAC GAA TTC CGT GAC CCG CTG ATG GAC ACC CTG ATG ACC GAT CCA GTT CGT CTG CCG TCC GGT ACC ATC ATG GAC CGT TCT ATC ATC CTG CGT CAC CTG CTG AAT TCT CCG ACC GAC CCG TTT AAC CGT CAG ACC CTG ACC GAA TCT ATG CTG GAA CCA GTG CCA GAA CTG AAA GAA CAG ATT CAG TAT TGG ATG CGT,1.7537979730081417
GAC GCG CCA GAT GAA TTC CGT GAC CCG CTG ATG GAC ACC CTG ATG ACC GAC CCG GTT GAC CTG CCG TCT GGT ACT ATC ATG GAC CGT TCT ATC ATC CTG CGT CAC CTG CTG AAC TCT CCG ACC GAT CCG TTC AAC CGT CAG ACC CTG ACC GAA TCT ATG CTG TTC CCG GTT CCA GAA CTG AAA GAA CAG ATC CAG GCG TGG ATG CGT,-0.6947509985780769
GAC GCG CCA GAC GAA TTC CGT GAC CCG CTG ATG GAC ACC CTG ATG ACC GAC CCG GTT TGC CTC CCG TCT GGT ACT ATC ATG GAC CGT TCT ATC ATC CTG CGT CAC CTG CTG AAC TCT CCG ACC GAT CCG TTC AAC CGT CAG ACC CTG ACC GAA TCT ATG CTC CCG CCA GTG CCG GAA CTG AAA GAA CAG ATC CAG GCG TGG ATG CGT,0.9447056307477518
GAC GCG CCA GAC GAA TTC CGT GAC CCG CTG ATG GAC ACC CTG ATG ACC GAC CCG GTG CGT CTG CCG TCC GGT ACC ATC ATG GAC CGT TCT ATC GAA CTG CGC CAC CTG CTG AAC TCT CCG ACT GAC CCG TTC AAC CGT CAG ACC CTG ACC GAA TCT ATG CTG GAA CCG GTG CCG GAG CTG AAA GAA CAG ATC CAG GCG TGG ATG CGT,-3.164796137302195
GAC GCG CCA GAC GAA TTC CGT GAC CCG CTG ATG GAC ACC CTG ATG ACT GAA CCA GTG CGT CTG CCA TCT GGC ACC ATC ATG GAC TTC TCT ATC ATC CTG CGT CAC CTG CTG AAC TCT CCG ACC GAC CCG TTC AAC CGT CAG ACC CTG ACC GAA TCT ATG CTG GAA CCG GTG CCG GAA CTG AAA GAA CAG ATC CAG GCG TGG ATG CGT,0.98745813235729
GAC GCT CCA GAC GAA TTC CGT GAC CCG CTG ATG GAC CTC CTG ATG ACC GAC CCG GTG CGC CTG CCG TCC GGC ACC ATC ATG ACC CGT TCT ATC ATC CTG CGT CAC CTG CTG AAC TCT CCG ACC GAT CCG TTT AAC CGT CAG ACC CTG ACC GAA TCT ATG CTG GAG CCG GTT CCA GAA CTG AAA GAA CAG ATC CAG GCG TGG ATG CGT,0.3063523965202647
GAT GCG CCG GAC GAA TTC CGT TGC CCG CTG ATG GAC ACC CTG ATG ACT GAC CCG GTT CGT CTG CCG TCC GGT ACT ATT ATG ATG CGT TCT ATC ATC CTG CGT CAC CTG CTG AAC TCT CCG ACC GAC CCG TTC AAC CGT CAG ACC CTC ACC GAA TCT ATG CTC GAA CCA GTT CCA GAG CTG AAA GAA CAG ATC CAG GCG TGG ATG CGC,1.2929663476896385
GAC GCG CCA GAT GAA TTC CGT GAC CCG CTG ATG GAC ACC CTG ATG ACC TAC CCA GTT CGC CTG CCG TCC GGT ACC ATC ATG GAC AAC TCT ATC ATC CTG CGT CAC CTG CTG AAC TCT CCG ACC GAC CCG TTC AAC CGT CAG ACC CTG ACC GAA TCT ATG CTC GAA CCG GTG CCA GAA CTG AAA GAA CAG ATC CAG GCG TGG ATG CGC,-0.6224651461178661
GAT GCG CCG GAT GAA TTC CGT GAC CCG CTG ATG GAC ACC CTG ATG ACC GAC CCG GTT CGT CTG CCG GGT GGT ACT ATC ATG GAC CGT TCT ATC ATC CTG CGT CAC CTG CTG AAC TCT CCG ACT CCA CCA TTC AAC CGT CAG ACC CTG ACC GAA TCT ATG CTG GAG CCA GTT CCG GAG CTG AAA GAA CAG ATC CAG GCG TGG ATG CGT,-0.8657283862177402
GAC GCT CCG GAC GAA TTC CGT GAC CCG CTG ATG GAT ACT CTG ATG ACC GAT CCG GTT CGT CTG CCG GTG GGT ACC ATC ATG GAC CGT TCT ATC ATC CTG CGT CAC CTG CTG AAC TCT CCA ACC GAC CCA TTC AAA CGT CAG ACC CTG ACC GAA TCT ATG CTG GAG CCG GTG CCG GAA CTG AAA GAA CAG ATC CAG GCG TGG ATG CGT,-2.675598868384649
GAC GCT CCG GAC GAG TTC CGT GAC CCG CTG ATG GAC ACC CTG ATG ACC GGC CCA GTT CGT CTC CCG TCC GGT ACC ATC ATG GAC CGT TCT ATC ATC CTG CGT CAC CTG CTG AAC TCT CCG ACC GAC CCG TTC AAC CGC CAG ACC CTG ACC GAA TCT ATG CTG GAA CCA GTT CCA GAG CTG GAA GAA CAG ATC CAG GCG TGG ATG CGT,0.0013952330587128
GAC GCT CCG GAC GAA TTT CGT GAC CCA CTG ATG GAT ACC CTG ATG ACT CCA CCA GTG CGT CTC CCG TCT GGT ACT ATC ATG GAC CGT TCT ATC ATC CTG CGC CAT CTG CTG AAC TCT CCG ACC GAT CCG TTT AAT CGC CAG ACC CTG ACC GAA TCT ATG CTG GAA CCG GTG CCG GAA CTG TAC GAA CAG ATC CAG GCG TGG ATG CGT,0.6902319381568853
GAC GCT CCG GAC GAA TTC CGT GAC CCG CTG ATG GAC ACC CTG ATG ACT GAC CCG GTT GAA CTG CCG TCT GGC ACC ATC ATG GAC CGT TCT ATC ATC CTG CGT CAC CTG CTG AAC TCT CCG ACC GAC CCA TTC AAT CGT CAG ACC CTG ACC GAA TCT ATG CTG TTC CCG GTT CCA GAA CTG AAA GAA CAG ATC CAG GCG TGG ATG CGT,-0.0772563376327136
GAC GCG CCA GAC GAG TTC CGT GAC CCG CTG ATG GAC ACC CTG ATG ACC TTC CCG GTT CGT CTG CCG TCT GGT ACT ATC ATG GAC GAC TCT ATC ATC CTC CGT CAC CTG CTG AAC TCT CCG ACC GAC CCG TTT AAC CGT CAG ACC CTG ACC GAA TCT ATG CTG GAA CCG GTG CCG GAA CTG AAA GAA CAG ATC CAG GCG TGG ATG CGT,-1.9619214325175407
GAC GCT CCG GAC GAA TTC CGT GAC CCG CTG ATG GAC ACC CTC ATG ACC GAC CCG GTT CGC CTG CCG TCT GGC ACC ATC ATG GAC CGT TCT ATC ATC CTG CGT CAC CTG CTG AAC TGG CCG CAC GAC CCG TTC AAC CGT CAG ACC CTC ACT GAA TCT ATG CTG GAG CCG GTT CCA GAA CTG AAA GAA CAG ATC CAA GCG TGG ATG CGT,1.471425421714014
GAT GCG CCG GAC GAA TTC CGT GAC CCG CTG ATG GAC ACC CTG ATG ACT GAC CCG GTT CGT CTG CCG TCT GGC ACC ATC ATG GAC CGT TCT ATC ATC CTG CGT CAC CTG CTG AAC TCT CCG ACC GAC CCG TTC AAC ATG CAG ACC CTG ACC GAA TCT ATG CTG GAA CCA GTT CCG GAG CTC AAA GAA CAG ATC CAG GCG TGG ATG CGT,2.6981078984632267
GAT GCG CCA GAC GAG TTT CGC GAC CCG CTG ATG GAC ACT CTC ATG ACC CAC CCG GTT CGT CTG CCG TCC GGT ACT ATC ATG GAT GAA TCC ATC ATC CTC CGC CAC CTG CTG AAT TCT CCG ACC GAT CCG TTT AAT CGT CAG ACC CTG ACC GAA TCT ATG CTG GAA CCG GTG CCG GAA CTG AAA GAA CAG ATC CAG GCG TGG ATG CGT,-0.2881355129183719
GAT GCG CCG GAC GAA TTC CGT GAC CCG CTG ATG GAC ACC CTG ATG ACC GAC CCG GTT CGT CTG CCG TCT GGC ACC ATC ATG GAC CGT TCT ATC ATC CTG CGT CAC CTG CTG AAC TCT CCG ACC GAC TCT TTC AAC CGT CAG ACT CTG ACC GAA TCT ATG CTG GAG CCG GTT CCA GAA CTG AAA GAA CAG ATC CAG GCG TGG ATG CGT,-1.5303457477286244
GAC GCT CCG GAC GAA TTC CGT GAC CCG CTG ATG GAC ACC CTG ATG ACC GAC CCG GTT CGT CTG CCG TGC GGT ACC ATC ATG GAC CGT TCT ATC ATC CTG CGT CAC CTG CTG AAC TCT CCG ACC TGG CCG TTC AAC CGT CAG ACC CTG ACC GAA TCT ATG CTG GAG CCG GTT CCA GAA CTG AAA GAA CAG ATC CAG GCG TGG ATG CGT,0.9817422047263852
GAT GCG CCG GAC GAA TTC CGT GAC CCG CTG ATG GAC ACC CTG ATG ACC ATC CCG GTT CGT CTG CCG TCT GGC ACC ATC ATG GAC GGT TCT ATC ATC CTG CGT CAC CTG CTG AAC TCT CCG ACC GAC CCG TTC AAC CGT CAG ACC CTG ACC GAA TCT ATG CTG GAA CCG GTG CCG GAA CTG AAA GAA CAG ATC CAG GCT TGG ATG CGT,0.0351374216449097
GAC GCT CCG GAC GAA TTC CGT GAC CCA CTG ATG GAC ACC CTC ATG ACC GAC CCG GTT CGT CTG CCG TCT GGC ACC ATC ATG GAC CGT TCT ATC ATC CTG CGT CAC CTG CTG AAC TGC CCG TGG GAC CCG TTC AAC CGT CAG ACC CTG ACC GAA TCT ATG CTG GAA CCG GTG CCG GAA CTG AAA GAA CAG ATC CAG GCG TGG ATG CGC,2.675592583787832
GAC GCT CCG GAC GAA TTC CGT GAC CCG CTG ATG GAC ACC CTG ATG ACC TGC CCG GTT CGC CTG CCG TCT GGC ACC ATC ATG GAC ATC TCT ATC ATC CTG CGT CAT CTG CTG AAC TCT CCG ACC GAC CCG TTC AAT CGT CAG ACC CTG ACC GAA TCT ATG CTG GAA CCA GTG CCG GAA CTG AAA GAA CAG ATC CAG GCG TGG ATG CGT,1.4277622524687223
GAC GCG CCA GAC GAA TTC CGT GAC CCG CTG ATG GAC CGT CTG ATG ACC GAC CCG GTT CGT CTC CCG TCC GGT ACC ATC ATG TAC CGT TCT ATC ATC CTG CGT CAC CTG CTG AAC TCT CCG ACC GAT CCG TTC AAC CGT CAG ACC CTG ACC GAA TCT ATG CTG GAA CCG GTG CCG GAA CTG AAA GAA CAG ATC CAG GCG TGG ATG CGT,0.4060328844025825
GAT GCG CCG GAC GAG TTC CGT GAC CCG CTG ATG GAC ACC CTG ATG ACC GAT CCG GTT CGT CTG CCG CAG GGT ACC ATC ATG GAC CGT TCT ATC ATC CTG CGT CAC CTG CTG AAC TCT CCG ACC GAC CCG TTC GAC CGT CAG ACC CTG ACC GAA TCT ATG CTG GAA CCA GTT CCG GAG CTG AAA GAA CAG ATC CAG GCG TGG ATG CGC,-1.855086521088476
GAT GCG CCG GAC GAA TTC CGT GAC CCG CTG ATG GAC ACC CTG ATG ACC GAC CCG GTT CGT CTG CCA TCT GGC ACC ATC TCT GAC CGT TCT ATC ATC CTG CGT CAC CTG CTG AAC TCT CCA ACT GAC CCA TTT AAC CGC CAG ACC CTG ACC GAA TCT ATG CTG GAA CCG GTG CCG GAA CTG AAA GAA CAG ATC CAG GCG TGG ATG CGT,-0.7551135482420775
GAT GCG CCG GAC GAG TTC CGT GAC CCG CTG ATG GAC ACC CTG ATG ACC GAC CCA GTT CGC CTG CCG TCC GGT ACC ATT ATG GAC CGT TCT ATC ATC CTG CGT CAT CTG CTG AAC TCT CCG ACT GAC CCG TTC AAC CGT CAG ACC CTG ACC GAA TCT ATG GAA GAG CCA GTG CCA GAG CTC AAA GAA CAG ATC CAG GCG TGG ATG CGT,-2.354829127069302
GAC GCG CCA GAC GAA TTC CGT GAC CCG CTG ATG GAC ACC CTG ATG ACC GAC CCA GTT CGC CTG CCG GAC GGT ACC ATC ATG GAC CGT TCT ATC ATC CTG CGT CAC CTG CTG AAC TCT CCG ACT GAC CCG TTC GAC CGT CAG ACC CTG ACC GAA TCT ATG CTC GAA CCA GTT CCA GAG CTC AAG GAA CAG ATC CAG GCG TGG ATG CGT,0.0699440457148097
GAC GCT CCG GAC GAA TTC CGT GAC CCG CTG ATG GAC ACC CTG ATG ACC CAC CCG GTT CGT CTG CCG TCT GGC ACC ATC ATG GAC GGT TCT ATC ATC CTG CGT CAC CTG CTG AAC TCT CCG ACC GAC CCG TTC AAC CGT CAG ACC CTG ACC GAA TCT ATG CTG GAA CCA GTT CCA GAA CTG AAA GAA CAG ATC CAG GCG TGG ATG CGT,-0.4765219537294708
GAT GCG CCG GAC GAA TTC CGT GAC CCG CTG ATG GAC ACC CTG ATG ACC GAC CCG GTT CGT CTG CCG TCC GGT ACC ATC ATG GAC CGT TCT ATC ATC CTG CGT CAC CTG CTG AAC TCT CCG GAA GAC CCG TTC AAC CGT CAG ACT CTG ACC GAA TCT ATG CTG GAA CCG GTG CCA GAA CTC AAA GAG CAG ATC CAG GCG TGG ATG CGT,1.2545262697228066
GAT GCG CCG GAC GAA TTC CGT GAC CCG CTG ATG GAC ACC CTG ATG ACC GAC CCG GTT CGT CTG CCG TCC GGT ACC ATC ATG GAC CGT TCT ATC ATC CTG CGT CAC CTG CTG AAC CTG CCG GGT GAT CCG TTC AAC CGT CAG ACC CTG ACC GAA TCT ATG CTG GAA CCG GTG CCG GAA CTG AAA GAA CAG ATC CAG GCG TGG ATG CGT,0.2609276646788347
GAC GCT CCG GAC GAA TTC CGT GAC CCG CTG ATG GAC ACC CTG ATG ACC GAC CCG GTT CGT CTG CCG AAA GGT ACC ATC ATG GAC CGT TCT ATC ATC CTG CGT CAC CTG CTG AAC TCT CCG ACC GAA CCG TTC AAC CGC CAA ACT CTG ACC GAA TCT ATG CTG GAG CCG GTT CCA GAA CTG AAA GAA CAG ATC CAG GCG TGG ATG CGT,-5.033474645820947
GAC GCT CCG GAC GAA TTC CGT GAC CCG CTG ATG GAC ACC CTG ATG ACT GAT CCG GTT CGT CTG CCG TCC GGT ACC ATC ATG GAC AAC TCT ATC ATC CTG CGT CAC CTG CTG AAC TCT CCG ACC GAC CCG TTC AAC CGT CAG ACC CTG ACC GAA TCC ATG CTG GAA CCG GTG CCG GAG CTG CCG GAA CAG ATT CAG GCG TGG ATG CGC,-3.8119785868147686
GAC GCG CCA GAT GAA TTC CGT GAC CCG CTG ATG GAC ACC CTG ATG ACC GAC CCG GTT CGT CTG CCG TGG GGT ACC ATC ATG GAC CGT TCT ATC ATC CTG CGT CAC CTG CTG AAC TCT CCG ACC AAA CCG TTC AAC CGT CAA ACC CTG ACC GAA TCT ATG CTG GAA CCG GTG CCG GAA CTG AAA GAA CAG ATC CAG GCT TGG ATG CGC,-0.2969140105671293
GAC GCG CCA GAT GAA TTC CGT GAC CCG CTG ATG GAC ACC CTG ATG ACC GAC CCG GTT CGT CTG CCG TCT GGC ACC ATC ATG GAC CGT TCT ATC ATC CTG CGT CAC CTG CTG AAC TGC CCG TAC GAC CCG TTC AAC CGT CAG ACC CTG ACC GAA TCT ATG CTG GAA CCA GTT CCG GAG CTG AAA GAA CAG ATC CAG GCG TGG ATG CGT,2.7580213763661443
GAT GCG CCG GAC GAA TTC CGT GAC CCG CTG ATG GAC ACC CTG ATG ACC GAC CCG GTT CGT CTG CCG TCT GGT ACT ATC ATG GAC CGT TCT ATC ATC CTG CGT CAC CTG CTG AAT TCT CCG ACT GAC CCG TTC AAT CGT CAA ACC CTG ACC GAA TCT ATG CTG GAA CCA GTT CCA GAA CTG AAA GAA CAG ATC CAG GCG TGG AAA CGT,1.436372547499795
GAC GCT CCG GAC GAA TTC CGT GAC CCG CTG ATG GAC CAG CTG ATG ACC GAC CCG GTT CGT CTG CCG TCC GGT ACC ATC ATG TCC CGT TCT ATC ATC CTG CGT CAC CTG CTG AAC TCT CCG ACC GAT CCG TTC AAC CGT CAG ACC CTG ACC GAA TCT ATG CTG GAG CCG GTG CCA GAA CTG AAA GAA CAG ATC CAG GCG TGG ATG CGT,-0.995693889584306
GAC GCT CCG GAC GAA TTC CGT GAT CCG CTG ATG GAC ACC CTG ATG ACC GAC CCG GTT CGT CTG CCG GAC GGT ACC ATC ATG GAC CGT TCC ATC ATC CTG CGC CAC CTG CTG AAC TCT CCA ACC TGC CCG TTC AAC CGT CAG ACC CTG ACC GAA TCT ATG CTG GAA CCG GTG CCG GAA CTG AAG GAA CAG ATC CAG GCG TGG ATG CGT,1.0171067718332594
GAT GCG CCG GAT GAA TTC CGT GAC CCG CTG ATG GAC ACC CTG ATG ACT GAC CCG GTT CGC CTG CCG TCT GGT ACT ATC ATG GAC TAC TCT ATC ATC CTG CGT CAC CTG CTG AAC TCT CCG ACC GAC CCG TTT AAC CGT CAG ACC CTG ACC GAA TCT ATG CTG GAA CCA GTT CCG GAG CTG GGT GAA CAG ATC CAG GCG TGG ATG CGT,0.0281124285765845
GAT GCG CCG GAT GAA TTC CGT GAC CCG CTG ATG GAC ACC CTG ATG ACC GAC CCG GTT CGT CTG CCG TCT GGT ACT ATC ATG GAC CGT TCT ATC ATC CTG CGT CAC CTG CTG AAC GCT CCG GAA GAC CCG TTC AAC CGT CAG ACC CTG ACC GAA TCT ATG CTG GAA CCG GTG CCG GAA CTC AAA GAA CAG ATC CAG GCT TGG ATG CGC,1.1165195119208169
GAT GCG CCG GAC GAA TTC CGT GAC CCG CTG ATG GAC ACC CTG ATG ACC GCT CCG GTG CGT CTG CCA TCC GGT ACC ATC ATG GAC AAA TCT ATC ATC CTG CGT CAC CTG CTG AAC TCT CCG ACC GAC CCG TTC AAC CGC CAG ACC CTG ACC GAA TCC ATG CTG GAA CCG GTG CCG GAA CTC AAA GAA CAG ATC CAG GCT TGG ATG CGT,-0.2748902999934567
GAT GCT CCG GAC GAA TTC CGT GAC CCG CTG ATG GAC ACC CTG ATG ACT TCT CCG GTT CGT CTG CCG TCC GGT ACC ATC ATG GAC CAC TCT ATT ATC CTG CGC CAC CTG CTG AAC TCT CCA ACC GAC CCG TTC AAC CGT CAG ACC CTG ACC GAA TCT ATG CTG GAG CCG GTT CCA GAA CTG AAA GAA CAG ATC CAG GCT TGG ATG CGC,0.0086717775350163
GAT GCG CCA GAC GAA TTC CGT GAC CCG CTG ATG GAC ACC CTG ATG ACT GAC CCG GTT CGC CCA CCA TCT GGC ACC ATC ATG GAC CGT TCT ATC ATC CTG CGT CAC CTG CTG AAC TCT CCG ACC GAT CCA TTC AAC CGT CAG ACT CTG ACC GAA TCT ATG CTG GAA CCG GTG CCG GAA CTG AAA GAA CAG ATC CAG GCG TGG ATG CGT,-4.23478869715345
GAT GCG CCG GAC GAA TTC CGT GAC CCG CTC ATG GAT ACC CTG ATG ACC TCT CCG GTT CGT CTG CCG TCT GGT ACT ATC ATG GAC CGT TCT ATC ATC CTG CGT CAC CTG CTG AAC TCT CCG ACC GAC CCA TTC AAC CGT CAG ACC CTG ACC GAA TCT ATG CTG GAG CCG GTG CCA GAA CTG ATG GAA CAG ATC CAG GCG TGG ATG CGT,0.696476125306507
GAC GCT CCG GAC GAA TTC CGT GAC CCG CTG ATG GAC ACC CTG ATG ACC GAC CCG GTT CGT CTG CCG GGT GGC ACC ATT ATG GAC CGT TCT ATC ATC CTG CGT CAC CTG CTC AAT TCT CCG ACC CAG CCA TTC AAC CGC CAG ACT CTG ACC GAA TCT ATG CTG GAA CCA GTT CCA GAA CTC AAA GAA CAG ATC CAG GCG TGG ATG CGT,-0.7973488705825598
GAT GCT CCG GAT GAA TTC CGT GAC CCG CTG ATG GAC ACC CTG ATG ACC GAC CCG GTT CGT CTG CCA CCG GGT ACC ATC ATG GAC CGT TCT ATC ATC CTG CGT CAC CTG CTG AAC TCT CCA ACC GGT CCG TTC AAC CGC CAG ACC CTG ACC GAA TCT ATG CTG GAA CCG GTG CCG GAA CTC AAG GAA CAG ATC CAG GCT TGG ATG CGT,-1.0482789144444071
GAT GCG CCG GAC GAA TTT CGT GAC CCG CTG ATG GAC ACC CTG ATG ACC GAT CCG GTT CGT CTG CCA TCT GGC ACC ATC ATG GAC CGT TCT ATC ATC CTC CTG CAC CTG CTG AAC TCT CCG ACC GAC CCG TTT AAC CGC CAG ACC CTG ACC GAA TCT ATG CTG GAA CCG GTG CCG GAA CTG AAA GAA CAG ATC CAG GCG TGG ATG CGT,2.326407195569921
GAC GCT CCG GAC GAA TTC CGT GAC CCG CTG ATG GAT ACT CTG ATG ACT CCG CCG GTT CGT CTG CCG TCC GGT ACC ATC ATG GAC CGT TCT ATC ATC CTG CGT CAC CTG CTG AAC TCT CCG ACC GAC CCG TTC AAC CGT CAA ACC CTG ACC GAA TCT ATG CTG GAA CCA GTT CCA GAA CTG GAA GAA CAG ATC CAG GCG TGG ATG CGT,-0.6252081690514661
GAT GCG CCG GAC GAA TTC CGT GAC CCG CTG ATG GAC ACC CTG ATG ACC GTT CCG GTT CGT CTG CCG TCC GGT ACC ATC ATG GAC CGC TCT ATC ATC CTG CGT CAC CTG CTG AAC TCT CCG ACC GAC CCG TTC AAC CGT CAG ACC CTG ACC GAA TCT ATG CTG GAG CCG GTG CCG GAA CTG CTG GAA CAG ATC CAG GCG TGG ATG CGT,0.8751171008271726
GAC GCG CCA GAC GAA TTC CGT GAC CCG CTG ATG GAC ACC CTC ATG ACC CAG CCG GTG CGT CTG CCG TCT GGT ACT ATC ATG GAC CGT TCT ATC ATC CTG CGT CAC CTG CTG AAC TCT CCG ACC GAC CCG TTT AAC CGT CAA ACC CTG ACC GAA TCT ATG CTG GAG CCG GTT CCA GAA CTG CAC GAA CAG ATC CAG GCG TGG ATG CGT,0.2744804417850993
GAC GCT CCG GAT GAA TTC CGT CTG CCA CTG ATG GAC ACC CTG ATG ACC GAC CCG GTT CGC CTG CCG TCT GGT ACT ATC ATG CGT CGT TCT ATC ATC CTG CGT CAC CTG CTG AAC TCT CCG ACC GAT CCG TTC AAC CGT CAG ACC CTG ACC GAA TCT ATG CTG GAG CCG GTT CCA GAA CTG AAA GAA CAG ATC CAG GCG TGG ATG CGT,-0.7137646003424647
GAC GCT CCG GAC GAA TTC CGT GAC CCG CTG ATG GAT ACC CTG ATG ACC GAT CCG GTT CGT CTG CCG TCT GGT ACT ATC ATG GAC CGT TCT ATC ATC CTG CGT CAC CTG CTG AAC TCT CCG ACC GAC CCG TTT AAT CGT CAG CCG CTG ACT GAA TCT ATG CTG GAG CCG GTT CCA GAA CTG AAA GAA CAG ATC CAG GCG TGG ATG CGT,3.395378913048119
GAC GCT CCG GAT GAA TTC CGT GAC CCG CTG ATG GAT ACT GGC ATG ACC GAC CCG GTT CGT CTG CCG TCT GGC ACC ATC ATG GAC CGT TCT ATC ATC CTG CGT CAC CTG CTG AAC TCT CCG ACC GAT CCG TTC AAC CGC CAG ACC CTG ACC GAA TCT ATG CTG GAG CCG GTG CCG GAA CTG AAA GAA CAG ATC CAG GCG TGG ATG CGT,-3.946176738041226
GAT GCG CCA GAC GAA TTC CGT GAC CCG CTG ATG GAC ACC CTG ATG ACC TAC CCG GTG CGC CTG CCG TCT GGT ACT ATC ATG GAC CGT TCT ATC ATC CTG CGT CAC CTG CTG AAC TCT CCG ACC GAC CCG TTC AAC CGT CAG ACC CTG ACC GAA TCT ATG CTG GAA CCA GTT CCG GAG CTG ATC GAA CAG ATC CAG GCG TGG ATG CGT,0.8429921643724967
GAC GCT CCG GAC GAA TTC CGT GAC CCA CTG ATG GAC ACC CTG ATG ACT GAC CCG GTT CGT CTG CCG TCT GGT ACT ATC ATG GAC CGT TCT ATC ATC CTC CGC CAT CTC CTC AAC TCT CCG ACC GAC CCG TTT AAT CGT CAG ACC CTG ACC GAA TCT ATG CTG GAA CCG GTG CCG GAA CTG ATC GAA CAG ATC CAG GCG TGG ATG CGT,1.0971471621106712
GAC GCT CCA GAC GAA TTC CGT GAC CCG CTG ATG GAC ACC CTG ATG ACC GAC CCG GTT CGT CTC CCG TCT GGC ACC ATT ATG GAC CGT TCT ATC ATC CTG CGT CAC CTG CTG AAC TCT CCA ACC GAT CCG TTC AAC CGC CAG ACC CTG ACC GAA TCT ATG CTG GAG CCG GTT CCG CGC CTG AAA GAA CAG ATC CAG GCG TGG ATG CGT,1.905943858450157
GAC GCT CCG GAC GAG TTC CGT GAC CCG CTG ATG GAC ACC CTG ATG ACT GAC CCG GTT CGT CTG CCG TCT GGT ACT ATC ATG GAC CGT TCC ATC ATC CTG CGC CAT CTG CTC AAC TCT CCG ACC GAC CCA TTC AAC CGT CAA ACT GCG ACC GAA TCT ATG CTG GAA CCG GTG CCG GAA CTG AAA GAA CAG ATC CAG GCG TGG ATG CGT,-3.183672230085896
GAC GCT CCG GAC GAA TTC CGT GAC CCG CTG ATG GAC ATG CTG ATG ACC GAT CCG GTT CGT CTC CCG TCT GGT ACT ATC ATG TAC CGT TCT ATC ATC CTG CGT CAC CTG CTG AAT TCT CCG ACC GAC CCA TTC AAC CGT CAG ACC CTG ACC GAA TCT ATG CTG GAA CCG GTG CCG GAG CTG AAA GAA CAG ATC CAG GCG TGG ATG CGT,0.955843723526682
GAT GCG CCG GAC GAA TTC CGT GAC CCG CTG ATG GAC ACC CTG ATG ACC TTC CCG GTT CGT CTG CCA TCT GGT ACT ATC ATG GAC CGT TCT ATC ATC CTG CGT CAC CTG CTC AAC TCT CCA ACT GAC CCG TTC AAT CGT CAG ACC CTG ACC GAA TCT ATG CTG GAA CCG GTG CCG GAA CTG GGT GAA CAG ATC CAG GCG TGG ATG CGT,0.3428136414374582
GAT GCG CCG GAC GAA TTC CGT GAC CCA CTG ATG GAC ACC CTG ATG ACC GAC CCG GTT CGT CTG CCG TCT GGC ACC ATT ATG GAC CGT TCT ATC ATC CTG CGT CAC CTG CTG AAC TAC CCG TAC GAC CCG TTC AAC CGT CAA ACC CTG ACC GAA TCT ATG CTG GAG CCG GTG CCG GAG CTG AAA GAA CAG ATC CAG GCG TGG ATG CGT,2.8058860664098937
GAC GCT CCG GAT GAG TTC CGT GAC CCG CTG ATG GAC ACC CTG ATG ACC GAG CCG GTT CGC CTG CCG TCT GGT ACT ATC ATG GAC CGT TCT ATC ATC CTG CGC CAC CTG CTC AAC TCT CCG ACC GAC CCG TTC AAT CGT CAG ACC CTG ACC GAA TCT ATG CTG GAA CCG GTG CCG GAA CTG AAC GAA CAG ATC CAG GCG TGG ATG CGT,0.0860858034162667
GAC GCT CCG GAC GAA TTC CGT GAC CCG CTG ATG GAC ACC CTG ATG ACC CGT CCG GTT CGT CTG CCG TCT GGT ACT ATT ATG GAC TGG TCT ATC ATC CTG CGT CAC CTG CTG AAC TCT CCG ACC GAC CCG TTC AAC CGC CAG ACC CTG ACC GAA TCT ATG CTG GAA CCG GTG CCG GAG CTG AAA GAA CAG ATC CAG GCG TGG ATG CGT,1.211247649454832
GAC GCG CCA GAC GAG TTC CGT GAC CCG CTG ATG GAC ACC CTG ATG ACT GAC CCG GTT CGT CTG CCA GTT GGC ACC ATC ATG GAC CGT TCT ATC ATC CTG CGC CAC CTG CTG AAC TCT CCA ACC GAC CCA TTC GAA CGT CAG ACC CTG ACC GAA TCT ATG CTG GAA CCG GTG CCA GAG CTG AAA GAA CAG ATC CAG GCG TGG ATG CGC,-2.70346170736427
GAT GCG CCG GAC GAA TTC CGT GGT CCG CTG ATG GAC ACC CTG ATG ACT GAC CCG GTT CGT CTG CCG TCT GGC ACC ATC ATG AAC CGT TCT ATC ATC CTG CGT CAC CTG CTG AAC TCT CCG ACC GAC CCA TTT AAT CGT CAG ACC CTG ACC GAA TCT ATG CTG GAA CCG GTG CCG GAA CTG AAA GAA CAG ATC CAG GCG TGG ATG CGT,-6.042137144022554
GAC GCG CCA GAT GAA TTC CGT GAC CCG CTG ATG GAC ACC CTG ATG ACC GAC CCG GTT CGT CTG CCG AAC GGT ACC ATC ATG GAC CGT TCT ATC ATC CTG CGT CAC CTG CTG AAC TCT CCG ACC GAT CCG TTC CAG CGT CAA ACC CTG ACC GAA TCT ATG CTG GAG CCA GTT CCG GAG CTG AAA GAA CAG ATC CAG GCG TGG ATG CGT,0.5706502850305797
GAT GCG CCG GAC GAA TTC CGT GAC CCG CTG ATG GAC ACC CTG ATG ACC CAG CCG GTT CGC CTG CCA TCT GGC ACC ATC ATG GAC CGT TCT ATC ATC CTG CGT CAC CTG CTG AAC TCT CCG ACC GAC CCG TTC AAC CGT CAG ACC CTG ACC GAA TCT ATG CTG GAA CCA GTT CCG GAG CTG CTC GAA CAG ATC CAG GCT TGG ATG CGT,1.081325693806619
GAC GCG CCA GAT GAA TTC CGT GAC CCG CTG ATG GAC ACC CTG ATG ACC GAC CCG GTT CGT CTG CCG AAA GGT ACC ATC ATG GAC CGT TCT ATC ATC CTG CGT CAC CTG CTG AAC TCT CCG ACC AAC CCG TTC AAC CGT CAG ACC CTG ACC GAA TCT ATG CTG GAA CCG GTG CCG GAG CTC AAA GAA CAG ATC CAG GCG TGG ATG CGT,-1.2860675968950075
GAT GCT CCG GAT GAA TTC CGT GAC CCG CTG ATG GAC ACC CTG ATG ACC GAC CCG GTT CGT CTG CCG TCT GGC ACC ATC ATG GAC GCT TCT ATC ATC CTG CGT CAC CTG CTG AAC TCT CCG ACC GAT CCG TTC AAC CGT CAG ACC CTG ACC GAA TCT ATG CTG GAA CCG GTG CCG GAA CTG CTG GAG CAG ATC CAG GCG TGG ATG CGT,0.7174484859875518
GAT GCT CCG GAT GAA TTC CGT GAC CCA CTG ATG GAT ACC CTG ATG ACC GAC CCG GTT CGT CTG CCG TCT GGC ACC ATC ATG GAC CGT TCT ATC ATC CTG CGT CAT CTG CTG AAC TCT CCG ACT GAC CCG TTC AAT CGT CAG ACC CTG ACC GAA TCT ATG CTG GAG CCG GTT CCA GAG CTG AAA GAA CAG GAC CAG GCG TGG ATG CGT,-0.7123837713171146
GAC GCT CCG GAC GAA TTC CGT GAC CCG CTG ATG GAC ACC CTG ATG ACC GAC CCG GTT CGT CTG CCG CTG GGT ACC ATC ATG GAC CGT TCT ATC ATC CTG CGT CAC CTG CTG AAC TCT CCG ACT CCG CCG TTC AAC CGT CAA ACC CTG ACC GAA TCT ATG CTG GAA CCG GTG CCG GAG CTG AAA GAA CAG ATC CAA GCG TGG ATG CGC,-0.902266681522964
GAC GCT CCG GAC GAA TTC CGT GAC CCG CTG ATG GAC ACC CTG ATG ACC GAC CCG GTT CGT CTG CCG TCT GGC ACC ATC ATG GAC CGT TCT ATC ATC CTG CGT CAC CTG CTG AAC ACT CCG GAA GAC CCG TTC AAC CGT CAA ACC CTG ACC GAA TCT ATG CTG GAG CCG GTG CCG GAG CTC AAA GAA CAG ATC CAG GCT TGG ATG CGT,1.3882085356803722
GAC GCT CCG GAC GAA TTC CGT GAC CCG CTG ATG GAT ACT CTG ATG ACC TAC CCG GTT CGT CTG CCG TCC GGT ACC ATC ATG GAC CGT TCT ATC ATC CTG CGT CAC CTG CTG AAC TCT CCG ACC GAC CCG TTC AAC CGC CAG ACC CTG ACC GAA TCT ATG CTG GAA CCA GTT CCA GAA CTC TAC GAA CAG ATC CAG GCG TGG ATG CGT,1.5868061489133516
GAC GCG CCA GAT GAA TTC CGT AAC CCG CTG ATG GAC ACC CTG ATG ACT GAC CCA GTT CGT CTG CCG TCT GGT ACT ATT ATG CTG CGT TCT ATC ATC CTG CGT CAC CTG CTG AAC TCT CCG ACC GAC CCA TTC AAC CGT CAG ACC CTG ACC GAA TCT ATG CTC GAA CCG GTG CCG GAA CTG AAA GAA CAG ATC CAG GCG TGG ATG CGC,0.5114661975160224
GAC GCG CCA GAT GAA TTC CGT GAT CCG CTG ATG GAC ACC CTC ATG ACC GGC CCA GTT CGC CTG CCG TCT GGC ACC ATC ATG GAC CAC TCT ATC ATC CTG CGT CAC CTG CTG AAC TCT CCG ACC GAC CCG TTC AAC CGT CAG ACC CTG ACC GAA TCT ATG CTG GAA CCG GTG CCG GAA CTC AAA GAA CAG ATC CAG GCT TGG ATG CGT,-3.628528589682376
GAC GCG CCA GAC GAA TTC CGT GAC CCG CTG ATG GAC ACC CTG ATG ACC GAC CCA GTG TTC CTG CCA TCT GGC ACC ATC ATG GAC CGT TCT ATC ATC CTC CGT CAC CTG CTC AAT TCT CCG ACT GAC CCG TTC AAC CGT CAG ACC CTG ACC GAA TCT ATG CTG TAC CCA GTT CCA GAA CTG AAA GAA CAG ATC CAG GCG TGG ATG CGT,0.3260959624491346
GAC GCT CCG GAC GAA TTC CGT GAC CCG CTG ATG GAC ACC CTG ATG ACC GAT CCG GTT CGT CTG CCG ATG GGT ACC ATC ATG GAC CGT TCT ATC ATC CTG CGC CAC CTG CTG AAC TCT CCG ACC GAC CCG TTC TCT CGT CAG ACT CTG ACC GAA TCT ATG CTG GAA CCG GTG CCG GAA CTG AAA GAA CAG ATC CAG GCG TGG ATG CGT,1.1773542000135535
GAT GCG CCG GAC GAG TTC CGT GAC CCG CTG ATG GAC ACC CTG ATG ACC ATC CCG GTT CGT CTG CCG TCT GGC ACT ATC ATG GAC ATC TCT ATC ATC CTG CGT CAT CTG CTG AAC TCT CCG ACC GAC CCG TTC AAT CGT CAG ACC CTG ACC GAA TCT ATG CTG GAA CCA GTT CCG GAG CTC AAG GAA CAG ATC CAG GCG TGG ATG CGC,1.1008152363136774
GAC GCT CCG GAC GAA TTC CGC GAC CCG CTG ATG GAC ACC CTG ATG ACC GAC CCG GTT TAC CTG CCG TCC GGT ACC ATC ATG GAC CGT TCT ATC ATC CTG CGT CAC CTG CTG AAC TCT CCG ACC GAT CCG TTC AAT CGT CAG ACC CTG ACC GAA TCT ATG CTG TTC CCG GTT CCA GAA CTG AAA GAA CAG ATC CAG GCG TGG ATG CGT,0.549282540368398
GAT GCG CCG GAT GAA TTC CGT GAC CCG CTG ATG GAC ACC CTG ATG ACC CAC CCG GTT CGC CTG CCG TCT GGC ACC ATC ATG GAC TAC TCT ATC ATC CTG CGC CAC CTG CTG AAC TCT CCG ACC GAT CCA TTC AAC CGC CAG ACT CTG ACC GAA TCC ATG CTG GAA CCA GTG CCG GAG CTG AAA GAA CAG ATC CAG GCG TGG ATG CGT,1.0191595113651002
GAT GCG CCG GAC GAA TTC CGT GAC CCG CTG ATG GAC ACC CTG ATG ACC GAC CCG GTT CGT CTG CCG TTT GGT ACT ATC ATG GAC CGT TCT ATC ATC CTG CGT CAC CTG CTG AAC TCT CCG ACC ATG CCG TTC AAC CGC CAG ACC CTG ACC GAA TCT ATG CTG GAA CCA GTG CCG GAA CTG AAA GAA CAG ATC CAG GCG TGG ATG CGT,-0.7314317427254979
GAC GCG CCA GAT GAA TTC CGT GAC CCG CTG ATG GAC ACC CTG ATG ACC GAC CCG GTT CGT CTG CCA ATC GGT ACC ATC ATG GAC CGT TCT ATC ATC CTG CGT CAC CTG CTG AAC TCT CCG ACC AAC CCG TTC AAC CGT CAG ACC CTG ACC GAA TCT ATG CTG GAA CCA GTG CCG GAA CTG AAA GAA CAG ATC CAG GCG TGG ATG CGT,-2.0804878489967864
GAC GCT CCG GAC GAA TTC CGT GAC CCG CTG ATG GAC ACC CTG ATG ACT GAC CCG GTT CGT CTG CCG TCC GGT ACC ATC ATG GAC CGT TCT ATC ATC CTG CGT CAC CTG CTG AAC TCT CCG ACC GAC TGC TTC AAC CGT CAG ACC CTG ACC GAA TCT ATG CTG GAG CCG GTT CCA GAA CTC AAA GAA CAG ATC CAG GCG TGG ATG CGT,0.3834890101958972
GAT GCG CCG GAC GAA TTC CGT GAC CCG CTG ATG GAT ACC CTG ATG ACT GAC CCG GTT CGT CTG CCG TCT GGC ACC ATC ATG GAC ACC TCT ATC ATC CTG CGC CAC CTG CTG AAC TCT CCG ACC GAT CCA TTC AAC CGT CAG ACC CTG ACC GAA TCT ATG CTG GAG CCG GTT CCG GAG CTG TCT GAA CAG ATC CAG GCG TGG ATG CGT,-2.214426055894972
GAT GCG CCG GAC GAA TTC CGT GAC CCA CTG ATG GAC ACC CTG ATG ACC GAC CCG GTT CGT CTG CCG ATT GGT ACT ATC ATG GAC CGT TCT ATC ATC CTG CGT CAC CTG CTG AAC TCT CCG ACT GAC CCG TTC GGC CGT CAG ACC CTG ACC GAA TCT ATG CTG GAA CCG GTG CCA GAA CTG AAA GAA CAG ATC CAG GCG TGG ATG CGT,-0.8404583683098924
GAT GCT CCA GAC GAA TTC CGT GAC CCG CTG ATG GAC ACC CTG ATG ACC ATG CCG GTT CGT CTC CCA TCT GGT ACT ATC ATG GAC AAC TCT ATC ATC CTG CGT CAT CTG CTG AAC TCT CCG ACC GAC CCG TTC AAC CGT CAG ACC CTG ACC GAA TCT ATG CTG GAA CCA GTT CCA GAG CTC AAG GAA CAG ATC CAG GCG TGG ATG CGT,-6.949987632822644
GAT GCT CCG GAT GAA TTC CGT GAC CCG CTG ATG GAC ACC CTG ATG ACC GAC CCG GTT CGT CTG CCG TCC GGT ACC ATC ATG GAC CGT TCT ATC ATC CTG CGT CAC CTG CTG AAC GAC CCA GAC GAC CCG TTC AAC CGT CAG ACC CTG ACC GAA TCT ATG CTG GAA CCG GTG CCG GAA CTG AAA GAA CAG ATC CAG GCG TGG ATG CGT,-0.3953553809093821
GAC GCT CCA GAC GAA TTC CGT GAC CCA CTC ATG GAC CCG CTG ATG ACC GAC CCG GTT CGT CTC CCA TCT GGT ACT ATC ATG ACC CGT TCT ATC ATC CTG CGT CAC CTG CTG AAC TCT CCG ACT GAC CCA TTC AAC CGT CAG ACC CTG ACC GAA TCT ATG CTG GAA CCG GTG CCG GAA CTG AAA GAA CAG ATC CAG GCG TGG ATG CGC,-0.6305946760327383
GAC GCT CCG GAT GAA TTC CGT GAC CCA CTG ATG GAT ACC CTC ATG ACC GAC CCG GTT CGT CTG CCG TCT GGC ACC ATC ATG GAC CGT TCT ATC ATC CTG CGT CAC CTG CTG AAC TCT CCG GCT GAC CCG TTT AAC CGT CAG ACT CTG ACC GAA TCT ATG CTG GAA CCG GTG CCG GAA CTG AAA GAA CAG ATC CAG GCG TGG ATG CGT,0.8907611355129347
GAC GCT CCG GAC GAA TTC CGT GAC CCA CTG ATG GAC ACC CTG ATG ACC GAC CCG GTT CGT CTG CCG TCC GGT ACC ATC ATG GAC CGT TCT ATC ATC CTG CGT CAC CTG CTG AAC AAA CCG CGT GAT CCA TTT AAT CGT CAA ACC CTG ACC GAA TCT ATG CTG GAG CCG GTG CCG GAA CTC AAA GAA CAG ATC CAG GCG TGG ATG CGT,0.3900398710759618
GAC GCT CCG GAC GAA TTC CGT CGT CCG CTG ATG GAC ACC CTG ATG ACC GAC CCG GTT CGT CTG CCG TCT GGC ACC ATT ATG ATG CGT TCT ATC ATC CTG CGT CAC CTG CTG AAC TCT CCG ACT GAC CCG TTC AAC CGT CAG ACC CTG ACC GAA TCT ATG CTG GAA CCG GTG CCG GAA CTG AAA GAA CAG ATC CAG GCG TGG ATG CGC,0.2918521429288958
GAT GCG CCG GAC GAA TTC CGT GAC CCG CTG ATG GAC GGT CTG ATG ACC GAC CCG GTT CGT CTG CCG TCT GGT ACT ATT ATG CAG CGT TCT ATC ATC CTG CGT CAC CTG CTG AAC TCT CCG ACC GAT CCA TTC AAC CGT CAG ACC CTG ACC GAA TCT ATG CTG GAA CCG GTG CCA GAG CTG AAA GAG CAG ATC CAG GCG TGG ATG CGT,-0.4844596260307429
GAC GCT CCG GAT GAG TTC CGT GAC CCG CTG ATG GAC ACC CTG ATG ACC AAA CCA GTT CGC CTG CCG TCC GGT ACC ATC ATG GAC CGT TCT ATC ATC CTG CGT CAC CTG CTG AAC TCT CCG ACC GAC CCG TTC AAC CGC CAG ACC CTG ACC GAA TCT ATG CTG GAA CCA GTG CCG GAA CTG CGC GAA CAG ATC CAG GCG TGG ATG CGT,-0.0075975621016616
GAC GCT CCG GAC GAA TTC CGT GAC CCG CTG ATG GAC ACC CTG ATG ACC GAC CCG GTT CGT CTG CCG ACC GGT ACC ATC ATG GAC CGT TCT ATC ATC CTG CGT CAC CTG CTG AAC TCT CCG ACC AAC CCG TTC AAC CGT CAA ACT CTG ACC GAA TCT ATG CTG GAA CCG GTG CCA GAA CTG AAA GAA CAG ATC CAG GCG TGG ATG CGT,0.4305153407300235
GAC GCG CCA GAC GAA TTC CGT GAC CCG CTG ATG GAC ACC CTG ATG ACC GAC CCG GTG CGT CTG CCG TCT GGT ACT ATT ATG GAC CGT TCT ATC ATC CTG CGT CAC CTG CTG AAC TCT CCG ACC GAT CCA TTC AAC CGT CAA ACC CTG ACC GAA TCT ATG CTG GAA CCA GTT CCA GAA CTC AAA GAA CAG ATC CAG GCG TGG ATG GTT,2.150798198551444
GAC GCG CCA GAT GAG TTT CGT GAC CCG CTG ATG GAT ACC CTG ATG ACC AAT CCA GTT CGT CTG CCG TCT GGC ACC ATC ATG GAC CAG TCT ATC ATT CTG CGT CAC CTG CTG AAC TCT CCG ACC GAT CCG TTC AAC CGT CAG ACC CTG ACC GAA TCC ATG CTG GAA CCA GTT CCG GAG CTG AAA GAA CAG ATC CAG GCG TGG ATG CGT,0.3390992532011719
GAT GCG CCG GAC GAA TTC CGT GAC CCG CTG ATG GAC ACC CTG ATG ACC GAC CCG GTT CGT CTG CCG TCT GGC ACC ATC ATG GAC CGT TCT ATC ATC CTG CGT CAC CTG CTG AAC ATC CCG TTC GAC CCG TTC AAC CGT CAG ACC CTG ACC GAA TCT ATG CTG GAG CCG GTT CCA GAA CTG AAA GAA CAG ATC CAG GCG TGG ATG CGT,1.341723848660758
GAT GCT CCA GAC GAA TTC CGC GAC CCG CTG ATG GAC ACC CTG ATG ACC AAG CCG GTG CGC CTG CCA TCT GGC ACC ATC ATG GAC AAA TCT ATC ATC CTG CGT CAC CTG CTG AAC TCT CCG ACT GAC CCG TTC AAC CGT CAG ACC CTG ACC GAA TCT ATG CTG GAA CCA GTG CCG GAA CTG AAA GAA CAG ATC CAG GCG TGG ATG CGT,-6.246731998479376
GAT GCG CCG GAC GAA TTC CGT GAC CCG CTG ATG GAC ACC CTG ATG ACC GAC CCG GTT CGT CTG CCG AAC GGT ACC ATC ATG GAC CGT TCT ATC ATC CTG CGT CAC CTG CTG AAC TCT CCA ACC GGT CCG TTC AAC CGT CAG ACC CTG ACC GAA TCT ATG CTG GAA CCG GTG CCG GAA CTG AAG GAA CAG ATC CAG GCT TGG ATG CGT,0.3527344439845085
GAC GCT CCG GAT GAA TTC CGT GAC CCG CTG ATG GAC ACT CTG ATG ACC GAC CCG GTT CGT CTG CCG AAA GGT ACC ATC ATG GAC CGT TCT ATC ATC CTG CGT CAC CTG CTG AAC TCT CCA ACT GAC CCG TTT CAG CGC CAG ACC CTG ACC GAA TCT ATG CTG GAA CCA GTG CCG GAA CTG AAA GAA CAG ATC CAG GCG TGG ATG CGT,-5.718359372600295
GAC GCT CCG GAC GAA TTC CGT GAC CCG CTG ATG GAC ACC CTG ATG ACC ATG CCG GTT CGT CTG CCG TCT GGC ACC ATC ATG GAT GCT TCT ATT ATC CTG CGT CAC CTG CTG AAC TCT CCG ACC GAC CCG TTC AAC CGT CAG ACC CTG ACC GAA TCT ATG CTG GAA CCA GTG CCG GAG CTC AAA GAA CAG ATC CAG GCT TGG ATG CGT,0.4856176061064071
GAT GCG CCG GAC GAA TTC CGT GAC CCG CTG ATG GAC ACC CTG ATG ACC GAC CCG GTT CGT CTG CCG TCC GGT ACC ATC ATG GAC CGT TCT ATC ATC CTG CGT CAC CTG CTG AAC TCT CCG ACC GAT CCG TTC AAC CGC CAG ACC CTG ACC GAA TCT ATG CTG GAA CCG GTG CCG GAA CTG AAA GAA CAG ATC CCG GCG TGG ATG CGT,0.1151029511895482
GAT GCG CCG GAC GAG TTC CGT GAC CCG CTG ATG GAC ACC CTG ATG ACC GAT CCG GTT CGT CTG GAC TCT GGC ACC ATC ATG GAC CGT TCT ATC ATC CTC CGC CAC CTG CTG AAC TCT CCG ACC GAC CCG TTT AAC CGC CAG ACC CTG ACC GAA TCT ATG CTG GAA CCG GTG CCG GAA CTG AAA GAA CAG ATC CAG GCG TGG ATG CGT,-1.579851730786633
GAC GCG GGT GAC GAA TTT CGT GAC CCG CTG ATG GAC ACC CTG ATG ACC GAC CCG GTT CGT CTG CCG TCC GGT ACC ATC ATG GAC CGT TCT ATC ATC CTG CGT CAC CTG CTG AAC TCT CCG ACT GAT CCG TTC AAC CGC CAG ACC CTG ACC GAA TCT ATG CTG GAA CCG GTG CCA GAA CTG AAA GAA CAG ATC CAG GCG TGG ATG CGT,0.0705058653476973
GAT GCG CCG GAT GAA TTC CGT GAC CCG CTC ATG GAT ACC CTG ATG GAC GAC CCG GTT CGT CTG CCG TCT GGC ACC ATC ATG GAC CGT TCT ATC ATC CTG CGT CAC CTG CTG AAC TCT CCG ACC GAC CCG TTC AAC CGT CAG ACC CTG ACC GAA TCT ATG CTG GAA CCG GTG CCG GAA CTG AAA GAA CAG ATC CAG GCT TGG ATG CGT,1.6350129104952884
GAC GCG CCA GAT GAA TTC CGT GAC CCG CTG ATG GAC ACC CTG ATG ACC TAC CCG GTG CGC CTG CCG TCT GGC ACT ATT ATG GAC TCT TCT ATC ATC CTG CGT CAC CTG CTG AAC TCT CCG ACC GAC CCG TTC AAC CGC CAG ACC CTG ACC GAA TCT ATG CTC GAA CCG GTG CCG GAG CTG AAA GAA CAG ATC CAG GCG TGG ATG CGT,0.0554364140796103
GAT GCG CCG GAC GAA TTC CGT TTC CCG CTG ATG GAC ACC CTG ATG ACT GAT CCG GTG CGT CTC CCA TCC GGT ACC ATT ATG ATC CGT TCT ATC ATC CTG CGC CAC CTG CTC AAC TCT CCG ACC GAC CCG TTT AAC CGT CAG ACC CTG ACC GAA TCT ATG CTG GAG CCA GTG CCA GAA CTC AAA GAA CAG ATC CAG GCG TGG ATG CGT,1.014718574327547
GAC GCT CCG GAC GAG TTC CGT GAC CCG CTG ATG GAC ACC CTG ATG ACC GAT CCG GTT CGT CTG CCG TCC GGT ACC ATC ATG GAC CGT TCT ATC ATC CTG CAG CAC CTG CTC AAC TCT CCG ACC GAC CCG TTT AAC CGC CAG ACC CTG ACC GAA TCT ATG CTG GAA CCG GTG CCG GAA CTG AAA GAA CAG ATC CAG GCG TGG ATG CGT,2.436931168018893
GAC GCG CCA GAC GAA TTC CGT GAC CCG CTG ATG GAC ACC CTG ATG ACC GAC CCG GTT TTC CTG CCG TCT GGT ACT ATC ATG GAC CGT TCT ATC ATC CTG CGT CAC CTG CTG AAC TCT CCG ACC GAT CCA TTC AAC CGT CAG ACC CTG ACC GAA TCT ATG CTG ATG CCG GTG CCG GAA CTG AAA GAA CAG ATC CAG GCG TGG ATG CGT,0.414699145991674
GAT GCG CCG GAC GAA TTT CGT GAC CCG CTG ATG GAC ACC CTG ATG ACC GAC CCA GTT CGT CTG CCG TCT GGT ACT ATC ATG GAC CGT TCT ATC ATC CTG CGT CAC CTG CTG AAC TCT CCG ACC GAT CCG TTC AAC CGT CAG ACC CTG ACC GAA TCT ATG CGT GAG CCG GTT CCA GAG CTG AAA GAA CAG ATC CAG GCG TGG ATG CGT,-1.4984934689763407
GAC GCT CCG GAC GAA TTC CGT GAC CCG CTG ATG GAC ACC CTG ATG ACC TAC CCG GTT CGT CTG CCG TCC GGT ACC ATC ATG GAC CGT TCT ATC ATC CTG CGT CAC CTG CTG AAC TCT CCG ACC GAC CCG TTC AAC CGT CAG ACC CTG ACC GAA TCT ATG CTG GAA CCG GTG CCG GAG CTG TCT GAA CAG ATC CAG GCG TGG ATG CGT,0.2895283120808511
GCT GCG CCA GAC GAA TTC CGT GAC CCG CTG ATG GAC ACC CTC ATG ACT GAC CCA GTG CGT CTG CCG TCT GGT ACT ATC ATG GAC CGT TCT ATC ATC CTG CGT CAC CTG CTG AAC TCT CCG ACC GAC CCA TTT AAT CGT CAG ACC CTG ACC GAA TCT ATG CTG GAA CCG GTG CCG GAA CTG AAA GAA CAG ATC CAG GCG TGG ATG CGT,2.469498877943132
GAC GCG CCA GAT GAA TTC CGT GAC CCG CTG ATG GAC ACC CTG ATG ACT CTG CCG GTT CGT CTG CCG TCT GGC ACC ATC ATG GAC AAC TCT ATC ATC CTG CGT CAC CTG CTG AAC TCT CCG ACC GAC CCG TTC AAC CGT CAG ACC CTG ACC GAA TCT ATG CTC GAA CCA GTT CCA GAA CTG AAA GAA CAG ATC CAG GCG TGG ATG CGT,-4.617139459856222
GAT GCT CCG GAC GAA TTC CGT GAC CCG CTG ATG GAC ACC CTG ATG ACC GAC CCG GTT CGT CTG CCG TCT GGC ACC ATC ATG GAT CGT TCT ATC ATC CTG CGT CAC CTG CTG AAC TCT CCG ACT GAC TGG TTC AAC CGT CAG ACT CTG ACC GAA TCT ATG CTG GAG CCG GTT CCA GAG CTG AAA GAA CAG ATC CAG GCG TGG ATG CGT,0.3689336278437399
GAC GCG CCA GAT GAA TTC CGT GAC CCG CTG ATG GAC ACC CTG ATG ACC GAC CCG GTT CGT CTG CCG TCC GGT ACC ATC ATG GAC CGT TCT ATC ATC CTG CGT CAC CTG CTG AAC TGC CCA CCG GAC CCG TTC AAC CGT CAG ACC CTG ACC GAA TCT ATG CTG GAG CCG GTG CCG GAG CTC AAA GAA CAG ATC CAG GCG TGG ATG CGT,0.7737680625007419
GAC GCT CCG GAC GAA TTC CGT GAC CCG CTG ATG GAC ACC CTG ATG ACC GAC CCG GTT CGT CTG CCG TCC GGT ACC ATC ATG GAC CGT TCT ATC ATC CTG CGT CAC CTG CTG AAC TCT CCG ACT GAC CCG TTC AAC CGC CAG ACC CTG ACC GAG TCT ATG CTG GAG CCG GTG CCG GAA CTG ACT GAA CAG ATC CAG GCG TGG ATG CGT,0.9298813626238374
GAT GCT CCG GAC GAA TTC CGT GAC CCG CTG ATG GAT ACC CTG ATG ACC CGT CCG GTT CGT CTG CCG TCT GGC ACC ATC ATG GAT TCT TCT ATC ATC CTG CGT CAT CTG CTG AAC TCT CCG ACC GAC CCG TTC AAT CGT CAG ACC CTG ACC GAA TCT ATG CTG GAG CCG GTT CCA GAA CTG AAA GAA CAG ATC CAG GCG TGG ATG CGT,-0.2088832958895274
GAT GCG CCG GAC GAA TTC CGT GAC CCG CTG ATG GAC ACC CTG ATG ACC GAC CCA GTG ATG CTC CCG TCT GGC ACC ATC ATG GAT CGC TCT ATC ATC CTG CGT CAT CTG CTG AAC TCT CCG ACT GAC CCG TTC AAC CGT CAG ACC CTG ACC GAA TCT ATG CTG GGT CCG GTT CCG GAG CTG AAA GAA CAG ATC CAG GCG TGG ATG CGT,-0.1068620366342457
GAC GCG CCA GAC GAA TTC CGT GAC CCG CTG ATG GAC ACC CTG ATG ACC GAT CCG GTG GAA CTG CCG TCT GGT ACT ATT ATG GAC CGT TCT ATC ATC CTG CGT CAC CTG CTG AAC TCT CCG ACC GAC CCG TTC AAC CGT CAG ACC CTG ACC GAA TCT ATG CTG CAC CCG GTG CCA GAG CTG AAA GAA CAG ATC CAG GCG TGG ATG CGT,-0.025998927682621
GAT GCG CCG GAC GAG TTC CGT GAC CCG CTG ATG GAC ACC CTG ATG ACT GAC CCG GTG CGC CTG CCG TCT GGT ACT ATC ATG GAT TGG TCT ATC ATC CTG CGC CAC CTG CTC AAC TCT CCG ACC GAC CCG TTT AAC CGT CAG ACC CTG ACC GAA TCT ATG CTG GAA CCG GTG CCG GAA CTG CGT GAA CAG ATC CAG GCG TGG ATG CGT,1.1137092315839108
GAC GCT CCG GAC GAA TTC CGT GAC CCA CTC ATG GAC ACC CTG ATG ACC GAC CCG GTT CGC CTG CCG TCC GGC ACC ATC ATG GAT ACC TCT ATC ATC CTG CGT CAC CTC CTG AAC TCT CCG ACT GAC CCG TTC AAC CGT CAG ACC CTG ACT GAA TCT ATG CTG GAA CCG GTG CCA GAG CTG TAC GAA CAG ATC CAG GCG TGG ATG CGT,0.3851243342084509
GAT GCG CCA GAC GAA TTC CGT GAC CCG CTG ATG GAC ACT CTG ATG ACC GAC CCA GTG CGT TTT CCA TCT GGC ACC ATC ATG GAC CGT TCT ATC ATC CTC CGT CAC CTG CTC AAC TCT CCG ACC GAT CCA TTC AAC CGT CAG ACC CTC ACC GAA TCT ATG CTG GAG CCA GTT CCG GAG CTG AAA GAA CAG ATC CAG GCG TGG ATG CGT,-0.304703096881474
GAT GCG CCG GAT GAA TTC CGT GAC CCG CTG ATG GAC ACT CTG ATG ACT GAC CCA GTT CGT CTG CCG TCT GGC ACC ATC AAA GAC CGT TCT ATC ATC CTG CGT CAT CTG CTC AAC TCT CCA ACC GAC CCG TTT AAT CGC CAG ACC CTG ACC GAA TCT ATG CTG GAA CCA GTG CCG GAG CTC AAA GAA CAG ATC CAG GCG TGG ATG CGT,-3.393298439696933
GAC GCT CCG GAT GAA TTT CGT GAC CCG CTG ATG GAC ACC CTG ATG ACC GAC CCG GTT CGT CTG CCG CAG GGT ACC ATC ATG GAC CGT TCT ATC ATC CTG CGT CAC CTG CTG AAC TCT CCG ACC TGG CCG TTC AAC CGT CAG ACC CTG ACC GAA TCT ATG CTG GAG CCA GTG CCA GAG CTG AAG GAA CAG ATC CAG GCG TGG ATG CGT,0.1455786480254888
GAC GCT CCG GAT GAA TTC CGT GAC CCG CTG ATG GAC ACC CTG ATG ACC GAC CCG GTT CGT CTG CCG TCT GGT ACT ATC ATG GAC CGT TCT ATC ATC CTG CGT CAC CTG CTG AAC TGG CCG TTC GAC CCG TTC AAC CGT CAA ACC CTG ACC GAA TCT ATG CTG GAA CCA GTT CCA GAA CTG AAA GAA CAG ATC CAG GCT TGG ATG CGC,2.567597586586543
GAT GCG CCG GAC GAA TTC CGT GAC CCG CTG ATG GAC ACC CTG ATG ACC GAC CCG GTT CGT CTG CCG ATG GGT ACC ATC ATG GAT CGT TCT ATC ATC CTG CGT CAC CTG CTG AAC TCT CCG ACC ATC CCG TTC AAC CGT CAG ACC CTG ACC GAA TCT ATG CTG GAA CCG GTG CCG GAG CTG AAA GAA CAG ATC CAG GCG TGG ATG CGT,-0.6766504146781771
GAT GCG CCG GAC GAA TTT CGC GAC CCG CTG ATG GAC ACC CTG ATG ACC GAT CCA GTT CGT CTG CCG ACC GGT ACC ATC ATG GAC CGT TCT ATC ATC CTG CGT CAC CTG CTG AAC TCT CCG ACC GAC CCG TTT TGC CGT CAG ACC CTG ACC GAA TCT ATG CTG GAA CCG GTG CCG GAA CTG AAA GAA CAG ATC CAG GCG TGG ATG CGT,1.0012087297385233
GAC GCG CCA GAC GAA TTC CGT GAC CCG CTG ATG GAT ACC CTC ATG ACC GAC CCG GTT CGC CTG CCG TCT GGT ACT ATT ATG GAC CGT TCT ATC ATC CTG CGC CAC CTG CTC AAC TCT CCA ACT GAC CCG TTC AAC CGT CAG ACC CTG ACC GAA TCT ATG CTG ATG CCG GTT CCG GAG CTG AAA GAA CAG ATC CAG GCG TGG ATG CGT,2.2995151312829805
GAC GCT CCG GAC GAA TTC CGT GAT CCG CTG ATG GAC ACC CTG ATG ACT GAC CCG GTT CGT CTG CCG TCT GGT ACT ATC ATG GAC GTT TCT ATC ATC CTG CGT CAC CTG CTG AAC TCT CCG ACC GAC CCA TTC AAC CGT CAA ACC CTG ACT GAA TCT ATG CTG GAA CCA GTG CCG GAA CTG ACC GAA CAG ATC CAG GCG TGG ATG CGT,0.2670893413106716
GAT GCG CCG GAC GAA TTC CGT GAC CCG CTG ATG GAC ACC CTG ATG ACC GAC CCG GTT CGT CTG CCG TCC GGT ACC ATC ATG GAC CGT TCT ATC ATC CTG CGT CAC CTG CTG AAC TCT CCG ACT GAC CCG TTC AAC CGT CAG ACC CTG GAA GAA TCT ATG CTG GAG CCG GTG CCG GAA CTG AAA GAA CAG ATC CAG GCG TGG ATG CGT,1.8842912514717955
GAT GCG CCG GAT GAA TTC CGT GAC CCG CTC ATG GAC ACT CTG ATG ACC GAC CCG GTG CGT CTG CCG TCC GGT ACC ATT ATG GAC TAC TCT ATC ATC CTG CGT CAC CTG CTG AAC TCT CCG ACC GAT CCG TTC AAC CGC CAG ACC CTG ACC GAA TCT ATG CTG GAG CCG GTT CCG GAG CTG GCG GAA CAG ATC CAG GCG TGG ATG CGT,0.8505242540630679
GAC GCG CCA GAC GAA TTC CGT GAC CCG CTG ATG GAC ACC CTG ATG ACC GAC CCG GTG CGT CTG CCG TCC GGT ACC ATT ATG GAC CGT TCT ATC ATC CTG CGT CAC CTG CTG AAC AAA CCG CCG GAC CCG TTC AAT CGT CAG ACC CTG ACC GAA TCT ATG CTG GAG CCG GTT CCG GAG CTG AAA GAA CAG ATC CAG GCG TGG ATG CGT,-0.2093141906707705
GAC GCT CCG GAC GAA TTC CGT AAC CCG CTG ATG GAC ACC CTG ATG ACT GAC CCG GTT CGT CTG CCG TCT GGC ACC ATC ATG TGC CGT TCT ATC ATC CTG CGT CAC CTG CTG AAC TCT CCA ACC GAC CCG TTC AAC CGT CAG ACC CTG ACC GAA TCT ATG CTG GAG CCG GTG CCG GAA CTC AAA GAA CAG ATC CAG GCG TGG ATG CGT,0.8309709110891788
GAC GCT CCG GAC GAG TTC CGT GAC CCG CTG ATG GAC ACC CTG ATG ACC GCG CCA GTT CGT CTG CCA TCC GGT ACC ATC ATG GAC CGT TCT ATC ATC CTG CGT CAC CTG CTG AAC TCT CCG ACC GAC CCG TTC AAC CGC CAG ACT CTG ACC GAA TCT ATG CTG GAA CCG GTG CCG GAA CTG GGT GAA CAG ATC CAG GCG TGG ATG CGT,-0.5734656117354832
GAT GCG CCG GAC GAA TTC CGC CTG CCG CTG ATG GAC ACC CTG ATG ACC GAC CCG GTT CGT CTG CCG TCC GGT ACC ATC ATG GTT CGT TCT ATC ATC CTG CGT CAC CTG CTG AAC TCT CCG ACT GAC CCA TTC AAC CGT CAG ACC CTG ACC GAA TCT ATG CTG GAG CCG GTT CCG GAG CTG AAA GAA CAG ATC CAG GCG TGG ATG CGT,0.5427820320026208
GAC GCT CCG GAC GAA TTC CGT GAC CCG CTG ATG GAC ACC CTG ATG ACC GAC CCG GTT CGT CTG CCG ATG GGT ACC ATC ATG GAC CGT TCT ATC ATC CTG CGT CAC CTG CTG AAC TCT CCG ACT GAC CCA TTC ACT CGT CAG ACC CTG ACC GAA TCT ATG CTG GAA CCG GTG CCG GAA CTG AAA GAA CAG ATC CAG GCG TGG ATG CGC,1.2700536730182417
GAC GCT CCA GAT GAA TTT CGC GAT CCG CTG ATG GAC ACC CTG ATG ACC GTT CCG GTT CGT CTG CCG TCT GGT ACT ATT ATG GAT CGT TCT ATC ATC CTG CGT CAC CTG CTG AAC TCT CCG ACC GAC CCG TTC AAC CGT CAA ACT CTG ACC GAA TCT ATG CTG GAG CCG GTT CCA GAA CTG CAC GAA CAG ATC CAG GCG TGG ATG CGT,0.1164378574149089
GAC GCT CCG GAC GAA TTC CGT GAC CCG CTC ATG GAT ACC CTG ATG ACC GAG CCA GTT CGT CTG CCG TCT GGC ACC ATC ATG GAC GTT TCT ATC ATC CTG CGT CAC CTG CTG AAC TCT CCG ACC GAC CCG TTC AAC CGT CAG ACC CTG ACC GAA TCT ATG CTG GAA CCG GTG CCG GAA CTG AAA GAA CAG ATC CAG GCG TGG ATG CGT,0.3324128340780041
GAC GCT CCG GAC GAA TTC CGT GAC CCG CTG ATG GAC ACC CTG ATG ACC GAC CCG GTT CGT CTG CCG TCT GGC ACT ATC ATG GAC CGT TCT ATC ATC CTG CGT CAC CTG CTG AAC CAG CCA GCG GAC CCG TTC AAC CGT CAG ACC CTG ACC GAA TCT ATG CTG GAA CCG GTG CCG GAA CTG AAA GAA CAG ATC CAG GCG TGG ATG CGT,0.6059460956297756
GAC GCT CCG GAC GAA TTC CGT GAC CCG CTG ATG GAC ACC CTG ATG ACT GGT CCG GTT CGC CTG CCG TCT GGC ACC ATT ATG GAT GCT TCT ATC ATC CTG CGT CAC CTG CTG AAC TCT CCG ACC GAC CCG TTC AAC CGT CAG ACC CTG ACC GAA TCT ATG CTG GAG CCA GTG CCG GAA CTC AAA GAA CAG ATC CAG GCG TGG ATG CGT,-0.362450350518901
GAC GCT CCG GAC GAA TTT CGT GAC CCG CTC ATG GAT ACC CTG ATG ACC CGT CCG GTT CGT CTG CCG TCT GGC ACC ATC ATG GAC GAG TCC ATC ATC CTG CGT CAC CTC CTG AAC TCT CCG ACC GAC CCG TTC AAT CGT CAA ACC CTG ACC GAA TCT ATG CTG GAG CCA GTG CCG GAA CTC AAA GAA CAG ATC CAG GCG TGG ATG CGT,0.1105209148271057
GAC GCT CCA GAC GAA TTC CGT GAC CCG CTG ATG GAC ACC CTG ATG ACT AAA CCG GTG CGT CTG CCG TCT GGT ACT ATC ATG GAC TTC TCT ATC ATC CTG CGT CAC CTG CTG AAC TCT CCG ACC GAC CCG TTC AAC CGC CAG ACC CTG ACC GAA TCT ATG CTG GAG CCG GTT CCA GAA CTC AAA GAA CAG ATC CAG GCG TGG ATG CGT,1.0014057014689797
GAC GCT CCG GAC GAG TTC CGT GAC CCG CTG ATG GAC ACC CTG ATG ACC GAT CCG GTT CGT CTG CCG TCT GGC ACC ATC ATG GAC CGT TCT ATC ATC CTG CGT CAC CTG CTG AAC TCT CCG ACC GAC CCG TTC AAC CGC CAG ACC CTG ACC GAA TCT ATG CTG GAA CCG GTG CCG GAA CTG AAA GAA CAG GAA CAG GCG TGG ATG CGT,-2.3175782511704024
GAT GCG CCG GAT GAA TTC CGT GAC CCG CTG ATG GAC ACC CTG ATG ACC GAC CCG GTT CGT CTG CCG GGT GGC ACC ATC ATG GAC CGT TCT ATC ATC CTG CGT CAC CTG CTG AAC TCT CCG ACC AAA CCG TTC AAC CGT CAG ACC CTG ACC GAA TCT ATG CTG GAA CCA GTG CCG GAA CTC AAA GAA CAG ATC CAG GCG TGG ATG CGT,-2.307665689324806
GAC GCT CCG GAC GAA TTC CGT GAC CCG CTG ATG GAC ACC CTG ATG ACC GAC CCA GTT TTC CTG CCG TCT GGT ACT ATC ATG GAC CGT TCT ATC ATC CTG CGT CAC CTG CTG AAC TCT CCG ACT GAC CCA TTC AAC CGT CAG ACC CTG ACC GAA TCT ATG CTG CTG CCG GTT CCA GAA CTG AAA GAA CAG ATC CAG GCG TGG ATG CGT,0.525118870649605
GAC GCT CCG GAC GAA TTC CGT GAC CCG CTG ATG GAC ACC CTG ATG ACC GAC CCG GTT CGC CTG CCG TCT GGT ACT ATC ATG GAC CGT TCT ATC ATC CTG CGC CAC CTG CTG AAC CGT CCA TCT GAC CCG TTC AAC CGT CAA ACT CTG ACC GAA TCT ATG CTG GAG CCA GTG CCA GAG CTC AAA GAA CAG ATC CAG GCG TGG ATG CGT,0.5508108471813056
GAC GCT CCG GAC GAA TTC CGT ATC CCG CTG ATG GAC ACC CTG ATG ACC GAC CCA GTT CGT CTG CCG TCC GGT ACC ATT ATG GCG CGT TCT ATC ATC CTG CGT CAC CTG CTG AAC TCT CCG ACT GAC CCG TTC AAC CGT CAG ACC CTG ACC GAA TCT ATG CTG GAG CCG GTT CCA GAA CTG AAA GAA CAG ATC CAG GCG TGG ATG CGT,-0.19052464571195
GAC GCG CCA GAT GAA TTC CGT GCG CCG CTG ATG GAC ACC CTG ATG ACC GAC CCA GTG CGT CTG CCG TCT GGT ACT ATT ATG ATC CGT TCT ATC ATC CTG CGT CAC CTG CTG AAC TCT CCG ACC GAT CCA TTC AAC CGT CAA ACT CTC ACC GAA TCC ATG CTG GAA CCA GTG CCG GAA CTG AAA GAA CAG ATC CAG GCG TGG ATG CGT,0.556519405507946
GAC GCT CCG GAC GAA TTC CGT ATG CCG CTG ATG GAC ACC CTG ATG ACC GAT CCA GTT CGT CTG CCA TCC GGC ACC ATC ATG TGC CGT TCT ATC ATC CTG CGT CAC CTG CTG AAC TCT CCG ACC GAC CCG TTT AAC CGT CAG ACC CTG ACC GAA TCT ATG CTG GAA CCA GTT CCA GAA CTC AAA GAA CAG ATC CAG GCG TGG ATG CGT,1.073835620682602
GAT GCG CCG GAC GAA TTC CGT GAC CCG CTG ATG GAC ACC CTG ATG ACC GAC CCG GTT CGT CTG CCG TCT GGT ACT ATC ATG GAC TCT TCT ATC ATC CTC CGT CAC CTG CTG AAC TCT CCG ACC GAT CCG TTT AAC CGT CAG ACC CTG ACC GAA TCT ATG CTG GAA CCG GTG CCG GAA CTG ATC GAA CAG ATC CAG GCG TGG ATG CGT,0.1821999033298778
GAC GCT CCG GAC GAA TTC CGT GAC CCG CTG ATG GAC ACC CTG ATG ACC GAT CCG GTG CGT CTG CCG GTT GGT ACT ATC ATG GAC CGT TCT ATC ATC CTG CGT CAC CTG CTG AAC TCT CCG ACC ATC CCG TTC AAC CGT CAA ACC CTG ACC GAA TCT ATG CTG GAA CCA GTG CCG GAG CTC AAA GAA CAG ATC CAG GCG TGG ATG CGT,-1.069498022285786
GGT GCT CCG GAC GAA TTC CGT GAC CCG CTG ATG GAC ACC CTG ATG ACC GAC CCG GTT CGT CTG CCG TCC GGT ACC ATC ATG GAC CGT TCT ATC ATC CTG CGT CAC CTG CTG AAC TCT CCG ACC GAT CCG TTC AAC CGT CAG ACC CTG ACC GAA TCT ATG CTG GAG CCG GTG CCA GAG CTC AAA GAA CAG ATC CAG GCG TGG ATG CGT,2.429240394943192
GAC GCT CCG GAC GAA TTC CGT GAC CCG CTG ATG GAC ACC CTG ATG ACC GAC CCG GTT CGT CTG CCG GAC GGT ACC ATC ATG GAC CGT TCT ATC ATC CTG CGT CAC CTG CTG AAC TCT CCG ACC GCG CCA TTC AAC CGC CAG ACC CTG ACC GAA TCT ATG CTG GAA CCG GTG CCG GAA CTG AAA GAA CAG ATC CAG GCG TGG ATG CGT,-0.0199242625742728
GAT GCG CCG GAT GAA TTC CGT GAC CCG CTG ATG GAC ACC CTG ATG ACT GAC CCA GTT CGT CTG CCG TCC GGT ACC ATC ATG GAC CGT TCT ATC ATC CTG CGT CAC CTG CTG AAC TCT CCG ACC GAC CCG TTC AAC CGT CAG ACC CTG ACC GAA TCT ATG CTG GAA CCA GTT CCA GAA CTG AAA GAA CAG ATC CAG GAA TGG ATG CGT,2.7378942558776327
GAT GCG CCG GAC GAA TTC CGT GAC CCG CTG ATG GAC TGC CTG ATG ACC GAC CCG GTT CGT CTC CCG TCT GGC ACC ATC ATG GAG CGT TCT ATT ATC CTG CGT CAC CTG CTG AAC TCT CCA ACC GAT CCG TTC AAC CGT CAG ACC CTG ACC GAA TCT ATG CTG GAA CCG GTG CCG GAA CTG AAA GAA CAG ATC CAG GCG TGG ATG CGT,2.582940403062928
GAC GCT CCG GAT GAA TTC CGT GAC CCG CTG ATG GAC ACC CTG ATG ACC GAC CCA GTT CGT CTG CCG TGG GGT ACC ATC ATG GAC CGT TCT ATC ATC CTG CGT CAC CTC CTG AAC TCT CCG ACT GAC CCG TTC ACC CGT CAG ACC CTG ACC GAA TCT ATG CTG GAA CCG GTG CCG GAA CTG AAA GAA CAG ATC CAG GCG TGG ATG CGT,1.1327296845819574
GAC GCT CCG GAC GAA TTC CGT GAC CCG CTG ATG GAC ACC CTG ATG ACT GGT CCG GTT CGT CTG CCG TCT GGT ACT ATC ATG GAC TGC TCT ATC ATC CTG CGT CAC CTG CTG AAC TCT CCG ACC GAC CCG TTC AAC CGT CAA ACC CTG ACC GAA TCT ATG CTG GAA CCG GTG CCA GAA CTG AAA GAA CAG ATC CAG GCT TGG ATG CGT,1.0537603319684885
GAC GCT CCG GAC GAA TTC CGT GAC CCG CTG ATG GAT ACC CTG ATG ACC GAC CCG GTG CGT CTG CCG TCT GGC ACC ATC ATG GAC CGT TCT ATC ATC CTG CGT CAT CTC CTG AAC TCT CCG ACC GAT CCA TTC AAC CGT CAA ACC CTG ACC GAG TCC ATG CTG GAG CCG GTT CCA GAA CTG AAA GAA CAG ATC CAG GCG TTC ATG CGT,1.6565103537371526
GAC GCT CCG GAC GAA TTC CGT GAC CCG CTG ATG GAT ACC CTG ATG ACT GCG CCA GTT CGT CTG CCA TCT GGT ACT ATC ATG GAC GTT TCT ATC ATC CTG CGT CAC CTG CTG AAC TCT CCG ACC GAC CCG TTC AAC CGC CAG ACC CTG ACC GAA TCT ATG CTG GAG CCG GTT CCA GAA CTG AAA GAA CAG ATC CAG GCG TGG ATG CGT,0.4424239282465476
GAC GCG CCA GAT GAA TTC CGT GAC CCG CTG ATG GAC ACC CTG ATG ACC GAC CCG GTT CGT CTG CCG GCT GGT ACT ATC ATG GAC CGT TCT ATC ATC CTG CGT CAC CTG CTG AAC TCT CCG ACT CCA CCG TTC AAC CGT CAA ACC CTG ACC GAA TCT ATG CTG GAA CCA GTG CCA GAA CTC AAA GAA CAG ATC CAG GCG TGG ATG CGT,-4.400378961588665
GAC GCT CCG GAC GAA TTC CGT GTT CCG CTG ATG GAC ACC CTG ATG ACC GAT CCA GTT CGT CTG CCG TCT GGC ACC ATC ATG GCG CGT TCT ATC ATC CTG CGT CAC CTG CTG AAC TCT CCA ACC GAC CCG TTC AAC CGT CAG ACC CTG ACC GAA TCT ATG CTG GAG CCG GTT CCA GAA CTC AAA GAA CAG ATC CAG GCG TGG ATG CGT,-1.208512839230674
GAC GCT CCA GAC GAA TTC CGT GAC CCG CTG ATG GAC ACC CTG ATG ACC GAC CCG GTT CGT CTC CCG CCA GGT ACC ATC ATG GAC CGT TCT ATC ATC CTG CGT CAC CTG CTG AAC TCT CCG ACC ATG CCG TTC AAC CGC CAG ACC CTG ACC GAA TCT ATG CTG GAA CCA GTT CCG GAG CTG AAA GAA CAG ATC CAG GCG TGG ATG CGT,-2.032255086228724
GAC GCT CCG GAC GAA TTC CGT GAC CCG CTG ATG GAC ACC CTG ATG ACC GAC CCG GTT CGT CTG CCG GGT GGC ACC ATC ATG GAC CGT TCT ATC ATC CTG CGT CAC CTG CTG AAC TCT CCG ACC CAC CCG TTC AAC CGT CAA ACC CTG ACC GAA TCT ATG CTG GAA CCG GTG CCG GAA CTC AAA GAA CAG ATC CAG GCT TGG ATG CGT,1.235562016731846
GAT GCG CCG GAC GAA TTT CGT GAC CCG CTG ATG GAC ACC CTC ATG ACT GAC CCG GTT CGT CTG CCG TCT GGT ACT ATC ATG GAC TTC TCT ATC ATC CTG CGT CAC CTG CTG AAC TCT CCG ACC GAC CCG TTC AAC CGT CAG ACC CTG ACC GAA TCT ATG CTG GAG CCG GTT CCA GAA CTG GAA GAA CAG ATC CAG GCG TGG ATG CGT,0.7782479599138099
GAC GCT CCA GAC GAA TTC CGT GAC CCG CTG ATG GAC GGT CTG ATG ACC GAT CCG GTT CGC CTG CCG TCC GGT ACC ATC ATG CAC CGT TCT ATC ATC CTG CGT CAC CTG CTG AAC TCT CCG ACC GAC CCG TTC AAC CGT CAG ACC CTG ACT GAA TCT ATG CTG GAA CCA GTT CCG GAG CTG AAA GAA CAG ATC CAG GCG TGG ATG CGC,-3.2107920073121443
GAT GCT CCG GAC GAA TTC CGT GAC CCG CTC ATG GAT ACT CTC ATG ACC TAC CCG GTT CGT CTG CCG TCT GGC ACC ATC ATG GAC TTT TCC ATC ATC CTG CGT CAT CTG CTC AAC TCT CCG ACT GAC CCG TTC AAC CGT CAG ACC CTG ACT GAA TCT ATG CTG GAG CCG GTG CCG GAA CTC AAA GAA CAG ATC CAG GCG TGG ATG CGT,1.0695448824915677
GAT GCG CCG GAC GAA TTC CGT GAC CCG CTG ATG GAC ACC CTG ATG ACC GAC CCG GTT CCG CTG CCG TCT GGC ACC ATT ATG GAC CGT TCT ATC ATC CTG CGT CAC CTG CTG AAC TCT CCG ACT GAT CCG TTC AAC CGT CAG ACC CTG ACC GAA TCT ATG CTG GTT CCA GTG CCG GAG CTG AAA GAA CAG ATC CAG GCG TGG ATG CGC,-3.002535845779602
GAC GCG CCA GAC GAA TTC CGT GAC CCG CTG ATG GAC ACC CTG ATG ACT GAC CCG GTT CGT CTC CCG TCT GGT ACT ATC ATG GAC CGT TCT ATC ATC CTG CGT CAC CTG CTG AAC TCT CCG ACC GAC CCA TTC AAC CGT CAG ACC CTG ACC GAA TGC ATG CTG GAA CCA GTT CCG GAG CTG AAA GAA CAG ATC CAG GCG TGG ATG CGC,1.7356451744806671
GAC GCG CCA GAC GAG TTC CGT GAC CCG CTG ATG GAC ACC CTG ATG ACC GAC CCG GTT CGT CTG CCG TCT GGT ACT ATC ATG GAC CGT TCT ATC ATC CTG CGT CAC CTG CTG AAC TCT CCG ACC GAA CCG TTC AAC CGT CAA ACC CTG ACC GAA TCT ATG CTG GAA CCG GTG CCA GAG CTG AAA GAA CAG ATC CAG GCG TGG ATG CGT,0.8957023612363089
GAC GCT CCG GAC GAA TTC CGT GAC CCG CTG ATG GAC ACC CTG ATG ACC GAC CCG GTT CGT CTG CCG TCT GGC ACC ATC ATG GAC CGT TCT ATC ATC CTG CGT CAC CTG CTG AAC CAC CCG TGG GAC CCG TTC AAC CGC CAG ACC CTG ACC GAA TCT ATG CTG GAA CCA GTG CCG GAG CTG AAG GAA CAG ATC CAG GCT TGG ATG CGT,3.210938870677813
GAT GCG CCG GAC GAA TTC CGT GAC CCG CTG ATG GAC ACC CTG ATG ACC GAT CCG GTT CGT CTG CCA TAC GGT ACC ATC ATG GAC CGT TCT ATC ATC CTG CGT CAC CTG CTG AAC TCT CCG ACC GAC CCG TTC TGC CGC CAG ACC CTG ACC GAA TCT ATG CTG GAA CCG GTG CCG GAA CTG AAA GAA CAG ATC CAG GCT TGG ATG CGT,0.7145141050571946
GAC GCT CCG GAC GAA TTC CGT GAC CCG CTG ATG GAC ACC CTG ATG ACT GAC CCG GTT CGT CTG CCG TCT GGC ACC ATC ATG GAC CGT TCT ATC ATC CTG CGT CAC CTG CTG AAC TCT CCG ACC GAC CCG TTC AAC CGT CAG ACC CTG ACC GAA TCT ATG CTG GAG CCG GTT CCA GAG CTG AAA GAA CAG ATC CAG GCG TGG ATG CGT,2.4227908470251416
GAT GCG CCG GAT GAA TTC CGT GAC CCG CTC ATG GAT ACC CTC ATG ACT CCA CCG GTT CGT CTG CCG TCC GGT ACC ATC ATG GAC CGT TCT ATC ATC CTG CGT CAC CTG CTG AAC TCT CCG ACC GAC CCG TTC AAC CGT CAG ACC CTG ACC GAA TCT ATG CTG GAG CCA GTG CCG GAA CTG ATG GAA CAG ATC CAG GCG TGG ATG CGT,-0.0530037111285044
GAC GCT CCG GAC GAA TTC CGT GAC CCG CTG ATG GAC ACC CTG ATG ACC CTG CCA GTT CGC CTG CCG TCC GGC ACC ATC ATG GAC AAA TCT ATC ATC CTG CGT CAC CTG CTG AAC TCT CCG ACC GAC CCG TTC AAC CGT CAG ACC CTC ACC GAA TCC ATG CTC GAA CCG GTG CCA GAA CTG AAA GAA CAG ATC CAG GCG TGG ATG CGT,-0.2419391157683408
GAC GCG CCA GAT GAA TTC CGT GAC CCG CTG ATG GAC ACT CTG ATG ACC GAC CCA GTG CGC CTC CCG TCT GGC ACC ATC ATG GAC CGT TCT ATC ATC CTG CGT CAC CTG CTG AAC TCT CCG ACT GAT CCG TTC AAC CGT CAG ACC CTG ACC TGG TCT ATG CTG GAA CCA GTT CCG GAG CTG AAA GAA CAG ATC CAG GCG TGG ATG CGT,2.3041169640506904
GAT GCG CCG GAC GAA TTC CGT GAC CTG CTG ATG GAC ACC CTG ATG ACC GAC CCG GTT CGT CTG CCG TCT GGC ACC ATC ATG GAC CGT TCT ATC ATC CTC CGC CAC CTC CTG AAC TCT CCA ACT GAC CCG TTT AAC CGC CAG ACC CTG ACC GAA TCT ATG CTG GAG CCG GTG CCG GAA CTG AAA GAA CAG ATC CAG GCG TGG ATG CGT,0.5458186865351657
GAC GCT CCG GAC GAA TTC CGT TAC CCG CTC ATG GAT ACC CTG ATG ACC GAC CCG GTT CGT CTG CCG TCT GGC ACC ATT ATG TAC CGT TCT ATC ATC CTG CGT CAC CTG CTG AAC TCT CCG ACT GAC CCA TTC AAC CGT CAG ACC CTG ACC GAA TCT ATG CTG GAA CCG GTG CCG GAA CTG AAA GAA CAG ATC CAG GCG TGG ATG CGT,0.6698200855570431
GAC GCG CCA GAT GAA TTC CGT ATC CCG CTG ATG GAC ACC CTG ATG ACT GAC CCA GTT CGT CTG CCG TCT GGC ACC ATC ATG AAT CGT TCT ATC ATC CTG CGT CAC CTG CTG AAC TCT CCA ACC GAC CCA TTC AAC CGT CAG ACC CTG ACC GAA TCT ATG CTG GAA CCA GTG CCG GAG CTG AAA GAA CAG ATC CAG GCG TGG ATG CGT,-7.446830562796064
GAC GCT CCG GAC GAA TTC CGT GAC CCG CTG ATG GAC ACC CTC ATG ACC GAC CCG CAG CGC CTG CCG TCT GGC ACC ATC ATG GAC CGT TCT ATC ATC CTG CGT CAC CTG CTG AAC TCT CCG ACT GAC CCG TTC AAT CGT CAG ACC CTG ACC GAA TCT ATG CTG GAA CCG GTG CCG GAA CTG AAA GAA CAG ATC CAG GCG TGG ATG CGT,-0.290710865102881
GAC GCT CCG GAC GAG TTC CGT GAT CCG CTG ATG GAC ACC CTG ATG ACC TGG CCG GTT CGT CTC CCG TCT GGC ACC ATC ATG GAC CTG TCT ATC ATC CTG CGT CAC CTG CTG AAC TCT CCG ACC GAC CCA TTC AAC CGT CAG ACC CTG ACC GAA TCT ATG CTG GAA CCG GTG CCG GAA CTG AAA GAA CAG ATC CAG GCG TGG ATG CGT,1.4105790898968378
GAC GCT CCA GAT GAA TTT CGC GAT CCG CTG ATG GAC ACC CTG ATG ACC GAT CCG GTT CGT CTG CCG TCT GGT ACT ATC ATG GAC GTT TCT ATC ATC CTG CGT CAC CTG CTG AAC TCT CCG ACC GAC CCA TTC AAC CGC CAG ACC CTG ACC GAA TCT ATG CTG GAA CCA GTG CCG GAA CTG GAA GAA CAG ATC CAG GCG TGG ATG CGT,0.4475759823327991
GAC GCT CCG GAC GAA TTC CGT GAC CCG CTG ATG GAC ACC CTG ATG ACC GAA CCG GTG CGT CTG CCG TCT GGC ACC ATT ATG GAC CAG TCT ATC ATC CTG CGT CAC CTG CTG AAC TCT CCG ACC GAC CCG TTC AAC CGT CAG ACC CTG ACC GAG TCT ATG CTG GAG CCG GTT CCA GAA CTG AAA GAA CAG ATC CAG GCG TGG ATG CGT,-0.0491090538163623
GAC GCT CCG GAC GAA TTC CGC GAC CCG CTG ATG GAC ACC CTG ATG ACC GAC CCG GTG CGT CTG CCG ACC GGC ACC ATC ATG GAC CGT TCT ATC ATC CTG CGT CAC CTG CTG AAC TCT CCG ACC GAT CCG TTC AAG CGT CAG ACT CTG ACC GAA TCT ATG CTG GAG CCG GTT CCA GAA CTG AAA GAA CAG ATC CAG GCG TGG ATG CGT,0.0082491909380546
GAC GCT CCG GAT GAA TTC CGT GAC CCG CTG ATG GAC ACC CTG ATG ACC GAC CCG GTT CGT CTG CCA GAC GGT ACC ATC ATG GAC CGT TCT ATC ATC CTG CGT CAC CTG CTG AAC TCT CCG ACT GAC CCG TTC CTC CGT CAG ACT CTG ACC GAA TCT ATG CTG GAA CCG GTG CCG GAA CTG AAA GAA CAG ATC CAA GCG TGG ATG CGT,0.6782783318978203
GAT GCG CCG GAC GAA TTC CGT GGT CCG CTG ATG GAC ACC CTG ATG ACC GAC CCA GTT CGC CTC CCG TCT GGC ACC ATT ATG TCT CGT TCT ATC ATC CTG CGT CAC CTG CTG AAC TCT CCG ACT GAC CCG TTC AAC CGT CAG ACC CTG ACC GAA TCT ATG CTG GAA CCG GTG CCG GAA CTG AAA GAA CAG ATC CAG GCG TGG ATG CGT,2.685982924921423
GAT GCG CCG GAC GAA TTC CGT GAC CCG CTG ATG GAC GAC CTG ATG ACC GAC CCG GTT CGT CTG CCG TCT GGC ACT ATT ATG AAC CGT TCC ATT ATC CTC CGC CAC CTG CTG AAT TCT CCG ACC GAT CCG TTC AAC CGT CAG ACC CTG ACC GAA TCT ATG CTG GAA CCA GTT CCA GAA CTG AAA GAG CAG ATC CAG GCG TGG ATG CGT,-2.962745798685717
GAT GCT CCG GAC GAA TTC CGT GAC CCG CTG ATG GAC ACC CTG ATG ACT GAC CCG GTT TGG CTG CCG TCT GGC ACC ATC ATG GAT CGT TCT ATC ATC CTG CGT CAC CTG CTG AAC TCT CCG ACC GAC CCG TTC AAC CGT CAG ACC CTG ACC GAA TCT ATG CTG TCT CCA GTG CCG GAG CTC AAA GAA CAG ATC CAG GCG TGG ATG CGT,0.3978682761220186
GAC GCT CCG GAC GAA TTT CGT GAC CCG CTG ATG GAC ACC CTC ATG ACC CAG CCG GTT CGT CTG CCG TCT GGT ACT ATC ATG GAC TCT TCT ATC ATC CTG CGT CAC CTG CTG AAC TCT CCG ACC GAC CCG TTC AAC CGC CAG ACC CTG ACC GAA TCC ATG CTG GAA CCG GTG CCG GAG CTG AAA GAA CAG ATC CAG GCG TGG ATG CGT,-0.0498774518018287
GAT GCT CCA GAC GAA TTC CGT GAC CCG CTG ATG GAC ACC CTG ATG ACC GAG CCA GTG CGC CTG CCA TCT GGC ACC ATC ATG GAC CGT TCT ATC ATC CTG CGT CAC CTG CTG AAC TCT CCG ACC GAC CCG TTC AAC CGC CAG ACC CTG ACC GAA TCT ATG CTG GAA CCA GTT CCG GAG CTG GAC GAA CAG ATC CAG GCT TGG ATG CGC,-0.1765878446464667
GAT GCG CCG GAC GAA TTC CGT TCT CCG CTG ATG GAC ACC CTG ATG ACC GAT CCG GTT CGT CTG CCG TCC GGT ACC ATC ATG CAC CGT TCT ATC ATC CTG CGT CAC CTG CTG AAC TCT CCG ACC GAC CCG TTC AAC CGC CAG ACC CTG ACC GAA TCT ATG CTG GAA CCA GTT CCG GAG CTC AAA GAA CAG ATC CAG GCG TGG ATG CGT,-0.551484541650388
GAT GCG CCG GAT GAA TTC CGT GAC CCG CTG ATG GAC ACC CTG ATG ACT GAC CCG GTT CGT CTG CCG TCC GGT ACC ATC ATG GAC CGT TCT ATC ATC CTG CGT CAG CTG CTG AAC TCT CCG ACC GAT CCG TTC AAC CGT CAG ACC CTG ACC GAA TCT ATG CTG GAA CCG GTG CCG GAA CTG AAA GAA CAG ATC CAG GCG TGG ATG CGT,0.818213618641378
GAC GCG CCA GAC GAA TTC CGT GAC CCG CTG ATG GAC ACC CTG ATG ACC GAT CCG GTT GAG CTG CCG TCC GGT ACC ATC ATG GAC CGT TCT ATC ATC CTG CGT CAC CTG CTG AAC TCT CCG ACC GAC CCA TTC AAC CGT CAG ACC CTG ACC GAA TCT ATG CTG ACT CCG GTT CCA GAA CTG AAA GAA CAG ATC CAG GCG TGG ATG CGT,0.2971722201203012
GAC GCT CCG GAT GAA TTC CGT GAC CCG CTG ATG GAC ACC CTG ATG ACT GGC CCG GTT CGT CTG CCG TCT GGT ACT ATC ATG GAC CGT TCT ATC ATC CTG CGT CAC CTG CTG AAC TCT CCG ACC GAC CCG TTC AAC CGC CAG ACC CTG ACC GAA TCT ATG CTG GAA CCA GTT CCA GAA CTG ACT GAA CAG ATC CAG GCG TGG ATG CGT,-0.5601407344895486
GAC GCG CCA GAC GAA TTC CGT GAC CCG CTG ATG GAC ACC CTG ATG ACC GAC CCG GTT CGT CTC CCG GAC GGT ACC ATC ATG GAC CGT TCT ATC ATC CTG CGT CAC CTG CTG AAC TCT CCG ACC GAT CCG TTC AAC CGT CAG ACC CTG ACC GAA TCT ATG CTG GAG CCG GTT CCG GAG CTG AAA GAA CAG ATC CAG GCG TGG ATG CGT,0.8439327127330478
GAC GCG CCA GAC GAA TTC CGT GAC CCG CTG ATG GAC ACC CTG ATG ACC GCT CCA GTG CGT CTG CCG TCT GGT ACT ATC ATG GAC ATC TCT ATC ATC CTG CGT CAT CTG CTG AAT TCT CCG ACC GAC CCG TTC AAC CGT CAG ACC CTG ACC GAA TCT ATG CTG GAA CCA GTT CCG GAG CTC AAA GAA CAG ATC CAA GCG TGG ATG CGT,0.8818440508016852
GAC GCT CCA GAC GAA TTC CGT GAC CCG CTG ATG GAC ACC CTG ATG ACC GAC CCG GTT ATG CTC CCG TCT GGC ACC ATT ATG GAC CGT TCT ATC ATC CTG CGT CAC CTC CTG AAC TCT CCG ACT GAC CCG TTC AAC CGT CAG ACC CTG ACC GAA TCT ATG CTG ACT CCA GTG CCG GAA CTG AAA GAA CAG ATC CAG GCG TGG ATG CGT,2.127894568657216
GAC GCT CCA GAC GAG GTG CGT GAC CCG CTG ATG GAC ACC CTC ATG ACC GAT CCG GTT CGC CTG CCG TCT GGC ACC ATT ATG GAC CGT TCC ATC ATC CTG CGT CAC CTG CTG AAC TCT CCG ACC GAC CCA TTC AAT CGT CAG ACC CTG ACC GAA TCT ATG CTG GAA CCG GTG CCG GAA CTG AAA GAA CAG ATC CAG GCG TGG ATG CGT,-1.022302657508424
GAC GCT CCA GAC GAA TTC CGT CCG CCG CTG ATG GAC ACC CTG ATG ACT GAC CCG GTT CGC CTG CCG TCT GGC ACC ATC ATG AAC CGT TCT ATC ATC CTG CGT CAC CTG CTG AAC TCT CCG ACC GAC CCG TTC AAC CGT CAG ACC CTG ACC GAA TCT ATG CTG GAA CCA GTT CCG GAG CTG AAA GAA CAG ATC CAG GCG TGG ATG CGT,-7.534014093027746
GAT GCG CCG GAC GAA TTC CGT GAC CCG CTG ATG GAC ACC CTG ATG ACT CCA CCG GTT CGT CTG CCG TCC GGT ACC ATC ATG GAC CGT TCT ATC ATC CTG CGT CAC CTG CTG AAC TCT CCG ACC GAC CCG TTC AAC CGT CAG ACT CTG ACC GAG TCC ATG CTG GAA CCA GTT CCA GAG CTG CCG GAA CAG ATC CAG GCG TGG ATG CGT,-3.803108100987292
GAT GCG CCG GAC GAA TTC CGT GAC CCG CTG ATG GAC ACC CTG ATG ACC CAC CCG GTT CGT CTG CCG TCC GGT ACT ATC ATG GAT GTT TCT ATC ATC CTG CGT CAC CTG CTG AAC TCT CCG ACC GAC CCA TTC AAC CGT CAG ACC CTG ACC GAA TCT ATG CTG GAG CCG GTG CCG GAA CTG AAA GAA CAG ATC CAG GCG TGG ATG CGT,0.5807501365808287
GAC GCT CCG GAT GAA TTC CGT GAC CCG CTG ATG GAC GAC CTG ATG ACC GAT CCG GTT CGT CTG CCG TCC GGT ACC ATT ATG GAC CGT TCT ATC ATC CTG CGT CAC CTG CTG AAC TCT CCG ACC GAC CCA TTC AAC CGT CAA ACC CTG ACC GAA TCT ATG CTG GAG CCG GTG CCG GAA CTC AAA GAA CAG ATC CAG GCG TGG ATG CGT,0.457845551916059
GAT GCG CCG GAC GAA TTT GAA GAC CCG CTG ATG GAC ACC CTG ATG ACT GAC CCG GTT CGT CTG CCG TCC GGT ACC ATC ATG GAC CGT TCT ATC ATC CTG CGT CAC CTG CTG AAC TCT CCG ACC GAC CCG TTC AAC CGT CAG ACC CTG ACC GAA TCT ATG CTG GAA CCA GTT CCG GAG CTC AAA GAA CAG ATC CAG GCG TGG ATG CGT,-0.9375024521047796
GAC GCG CCA GAT GAA TTC CGT GAC CCG CTG ATG GAC ACC CTG ATG ACC TGC CCG GTT CGT CTG CCG TCT GGC ACC ATC ATG GAC TGG TCT ATC ATC CTC CGT CAC CTG CTG AAC TCT CCG ACC GAC CCG TTC AAC CGT CAG ACC CTG ACC GAA TCT ATG CTG GAG CCG GTT CCA GAG CTG AAA GAA CAG ATC CAG GCG TGG ATG CGT,1.456290033838381
GAC GCG CCA GAC GAA TTC CGT GAC CCG CTG ATG GAC ACC CTG ATG ACC GAC CCG GTT CGC CTC CCA GGC GGT ACC ATC ATG GAC CGT TCT ATC ATC CTG CGT CAC CTG CTG AAC TCT CCG ACT GAC CCG TTT TGG CGT CAG ACC CTG ACC GAA TCT ATG CTG GAA CCA GTG CCG GAG CTC AAA GAA CAG ATC CAG GCG TGG ATG CGT,0.3766199317399638
GAC GCT CCG GAC GAA TTC CGT GAC CCG CTG ATG GAC ACT CTG ATG ACC GAC CCA GTT CGT CTC CCG TCT GGT ACT ATC ATG GAC CTC TCT ATC ATC CTG CGT CAC CTG CTG AAC TCT CCG ACT GAT CCG TTC AAC CGC CAG ACC CTG ACC GAA TCT ATG CTG GAA CCA GTG CCA GAA CTC ATG GAA CAG ATC CAG GCG TGG ATG CGT,1.4673043884738637
GAC GCT CCG GAC GAA TTC CGT GAC CCG CTG ATG GAC GAA CTG ATG ACC GAC CCG GTT CGT CTG CCG TCT GGC ACC ATT ATG GTT CGT TCT ATC ATC CTG CGT CAC CTG CTG AAC TCT CCG ACC GAT CCA TTC AAC CGT CAG ACC CTG ACC GAA TCT ATG CTG GAA CCG GTG CCG GAA CTG AAA GAA CAG ATC CAG GCG TGG ATG CGT,0.2455315580326649
GAT GCT CCG GAC GAG TTC CGT GAC CCG CTG ATG CCA ACT CTG ATG ACC GAT CCG GTG CGT CTG CCG TCC GGT ACC ATC ATG GAC CGT TCT ATC ATC CTG CGT CAC CTG CTG AAC TCT CCG ACC GAC CCG TTC AAT CGT CAG ACC CTG ACC GAA TCT ATG CTG GAG CCG GTG CCG GAA CTG AAA GAA CAG ATC CAG GCG TGG ATG CGT,-0.3091038923849683
GAT GCG CCG GAC GAA TTC CGT GAC CCG CTG ATG GAC ACC CTG ATG ACC CAG CCA GTT CGT CTG CCG TCC GGT ACC ATC ATG GAC CAG TCT ATC ATC CTG CGT CAC CTG CTG AAC TCT CCG ACC GAT CCG TTC AAC CGT CAG ACC CTG ACC GAA TCT ATG CTC GAA CCG GTG CCA GAG CTG AAA GAA CAG ATC CAG GCG TGG ATG CGC,-1.634524945691859
GAC GCG CCA GAC GAA TTC CGT GAC CCG CTG ATG GAC ACC CTG ATG ACC CTG CCG GTT CGC CTG CCA TCT GGT ACT ATC ATG GAC CAG TCT ATC ATC CTG CGT CAC CTG CTG AAC TCT CCG ACC GAC CCG TTC AAT CGT CAA ACC CTG ACC GAA TCT ATG CTG GAG CCA GTG CCG GAA CTG AAA GAA CAG ATC CAG GCG TGG ATG CGT,-0.4534059235521002
GAT GCG CCG GAT GAA TTC CGT GAC CCG CTG ATG GAC ACC CTG ATG ACC GAT CCG AAA CGT CTG CCG TCT GGC ACC ATC ATG GAC CGT TCT ATC ATC CTG CGT CAC CTG CTG AAC TCT CCG ACC GAC CCG TTC AAC CGT CAG ACC CTG ACC GAA TCC ATG CTG GAG CCG GTT CCA GAA CTG AAA GAA CAG ATC CAG GCG TGG ATG CGT,-1.8135935665136311
GAC GCG CCA GAT GAA TTC CGT TTC CCG CTG ATG GAC ACC CTG ATG ACT GAC CCG GTT CGT CTG CCG TCT GGT ACT ATT ATG CGT CGT TCT ATC ATC CTG CGT CAC CTG CTG AAC TCT CCG ACC GAC CCG TTC AAC CGT CAG ACC CTG ACC GAA TCT ATG CTG GAA CCG GTG CCG GAA CTG AAA GAA CAG ATC CAG GCG TGG ATG CGC,-0.279031967882112
GAC GCT CCG GAC GAA TTC CGT GAC CCG CTG ATG GAC ACC CTG ATG ACC GAC CCG GTT CGT CTG CCG TCT GGC ACC ATC ATG GAC CGT TCT ATC ATC CTG CGT CAC CTG CTG AAT GTT CCA ATC GAC CCG TTC AAC CGT CAG ACT CTG ACC GAA TCT ATG CTG GAA CCG GTG CCG GAG CTG AAA GAA CAG ATC CAG GCG TGG ATG CGC,1.0015091552209925
GAT GCG CCG GAC GAA TTT CGT GAC CCG CTG ATG GAC ACT CTC ATG ACC GAC CCG GTT CGC CTG CCG TCT GGT ACT ATC ATG GAC CCG TCT ATC ATC CTG CGT CAC CTC CTG AAC TCT CCG ACT GAC CCG TTC AAC CGC CAG ACC CTG ACC GAA TCT ATG CTG GAA CCG GTG CCA GAA CTG GTG GAA CAG ATC CAG GCG TGG ATG CGT,0.2432966943277281
GAT GCG CCG GAC GAA TTC CGC GAC CCG CTG ATG GAC ACC CTG ATG ACC GAC CCG GTT CGT CTG CCG TCT GGC ACC ATT ATG GAC CGT TCT ATC ATC CTG CGC CAC CTG CTC AAT TCT CCG ACC GAT CCA TTC AAC CGT CAG ACC CTG ACC GAG TCT ATG CTC GAA CCA GTT ACC GAA CTG AAA GAA CAG ATC CAG GCG TGG ATG CGT,1.93068157935618
GAT GCG CCG GAC GAA TTC CGT GAC CCG CTG ATG GAC ACC CTG ATG ACC TGG CCG GTT CGT CTC CCA TCT GGC ACC ATT ATG GAC CCG TCT ATC ATC CTG CGT CAC CTG CTG AAC TCT CCG ACC GAC CCA TTC AAC CGT CAG ACC CTG ACC GAA TCT ATG CTG GAA CCG GTG CCG GAA CTG AAA GAA CAG ATC CAG GCG TGG ATG CGT,0.2772928128487634
GAT GCG CCG GAT GAA TTC CGT GAC CCG CTG ATG GAC ACC CTC ATG ACC GAC CCG GTT CGT CTG CCG TCC GGT ACC ATC ATG GAC CGT TCT ATC TGG CTG CGT CAC CTG CTG AAC TCT CCG ACT GAT CCG TTC AAC CGT CAG ACC CTG ACC GAA TCT ATG CTG GAA CCA GTT CCG GAG CTG AAA GAA CAG ATC CAG GCG TGG ATG CGT,-0.4537025187694135
GAC GCT CCG GAC GAA TTC CGT GAC CCG CTG ATG GAT ACC CTC ATG ACC GAC CCG GTT CGT CTG GCT TCT GGC ACC ATC ATG GAC CGT TCT ATC ATC CTG CGT CAC CTG CTG AAC TCT CCG ACT GAC CCA TTC AAC CGT CAA ACC CTG ACC GAA TCT ATG CTG GAG CCG GTG CCG GAA CTG AAA GAA CAG ATC CAG GCG TGG ATG CGT,0.0155096066662751
GAT GCG CCG GAC GAA TTC CGT GAC CCG CTG ATG GAC ACC CTG ATG ACC GAT CCG GTT CGT CTC CCG GAC GGT ACC ATC ATG GAC CGT TCT ATC ATC CTG CGT CAC CTG CTG AAC TCT CCG ACC GAC CCG TTC ACC CGT CAG ACC CTG ACC GAA TCT ATG CTG GAA CCA GTG CCG GAA CTG AAA GAA CAG ATC CAG GCG TGG ATG CGT,1.1671395067018882
GAC GCT CCG GAC GAA TTC CGT GAC CCG CTG ATG GAC ACC CTG ATG ACT GAC CCG GTT CGT CTG CCG TCT GGC ACC ATC ATG GAC CGT TCT ATC ATC CTG CGT CAC CTG CTG AAC TCT CCA ACC GAC CCG TTC AAC CGT CAA ACC CTG ACC GAA TCT ATG CTG GAA CCG GTG GCG GAG CTG AAA GAA CAG ATT CAA GCG TGG ATG CGT,1.652844005429019
GAC GCT CCG GAT GAA TTC CGT GAC CCG CTG ATG GAC ACC CTG ATG ACC GAC CCG GTT CGT CTG CCG CAG GGT ACC ATC ATG GAC CGT TCT ATC ATC CTG CGT CAC CTG CTG AAC TCT CCG ACC AAA CCG TTC AAC CGT CAG ACC CTG ACC GAA TCT ATG CTG GAA CCG GTG CCG GAA CTG AAA GAA CAG ATC CAG GCG TGG ATG CGT,-2.8807048518181424
GAC GCT CCG GAC GAA TTC CGT GAC CCG CTG ATG GAC ACC CTG ATG ACC GAC CCG GTT CGT CTG CCG AAC GGT ACC ATC ATG GAC CGT TCT ATC ATC CTG CGT CAC CTG CTG AAC TCT CCG ACC TTC CCG TTC AAC CGC CAG ACC CTG ACC GAA TCT ATG CTG GAA CCG GTG CCA GAA CTG AAA GAA CAG ATC CAG GCG TGG ATG CGT,0.5722748821590264
GAC GCG CCA GAC GAG TTT CGC GAC CCG CTG ATG GAC ACC CTC ATG ACT GAC CCG GTT CGT ATG CCA TCT GGC ACC ATC ATG GAC CGT TCT ATC ATC CTG CGT CAC CTG CTG AAC TCT CCG ACC GAC CCG TTC AAC CGT CAA ACC CTG ACC GAA TCT ATG CTG GAA CCG GTG CCG GAA CTC AAG GAA CAG ATC CAG GCT TGG ATG CGC,0.6002601468400817
GAC GCT CCG GAC GAA TTC CGT GAC CCG CTG ATG GAC ACC CTG ATG ACC GAC CCG GTT CGT CTG CCG ATT GGC ACC ATC ATG GAC CGT TCT ATC ATC CTG CGT CAC CTG CTG AAC TCT CCA ACC GTT CCG TTC AAC CGC CAG ACC CTG ACC GAA TCT ATG CTG GAA CCG GTG CCG GAA CTG AAG GAA CAG ATC CAG GCT TGG ATG CGT,-2.3074774128771773
GAT GCG CCG GAC GAA TTC CGT GAC CCG CTG ATG GAC GAC CTG ATG ACC GAC CCA GTT CGC CTC CCG TCT GGT ACT ATC ATG GGT CGT TCT ATC ATC CTG CGT CAC CTG CTG AAC TCT CCG ACC GAT CCG TTC AAC CGT CAG ACC CTG ACC GAA TCT ATG CTC GAA CCG GTG CCG GAG CTG AAA GAA CAG ATC CAG GCG TGG ATG CGT,-2.146848600119675
GAT GCT CCG GAC GAA TTC CGT GAA CCG CTC ATG GAC ACC CTG ATG ACC GAT CCA GTT CGT CTG CCG TCT GGT ACT ATC ATG CAA CGT TCT ATC ATC CTG CGT CAC CTG CTG AAC TCT CCG ACC GAC CCG TTC AAC CGT CAG ACC CTG ACC GAA TCT ATG CTG GAG CCG GTG CCA GAA CTG AAA GAA CAG ATC CAG GCG TGG ATG CGT,-4.569841548868075
GAC GCG CCA GAC GAA TTC CGT GAC CCG CTG ATG GAT ACT CTG ATG ACC GAT CCA GTT CGT CTC CCG TCT GGT ACT ATC ATG GAC CGT TCT ATC ATC CTG CGT CAC CTG CTG AAC TCT CCG ACC GAC CCG TTC CGT CGT CAA ACC CTG ACC GAA TCT ATG CTG GAG CCG GTT CCG GAG CTG AAA GAA CAG ATC CAG GCG TGG ATG CGT,0.7269397277028271
GAC GCT CCA GAC GAA TTC CGT GAC CCG CTG ATG GAC ACC CTG ATG ACC GAC CCG TAT CGT CTG CCG TCT GGC ACC ATC ATG GAC CGT TCT ATC ATC CTG CGT CAC CTG CTG AAC TCT CCA ACC GAT CCG TTC AAC CGT CAA ACC CTG ACC GAA TCT ATG CTG GAG CCG GTT CCG GAG CTG AAA GAA CAG ATC CAG GCG TGG ATG CGT,0.8104221982579949
GAT GCG CCG GAC GAA TTT CGT GAC CCG CTG ATG GAC ACC CTG ATG ACC GAT CCA GTG CGC CTG CCG CGT GGC ACC ATC ATG GAT CGT TCT ATC ATC CTC CGC CAC CTG CTC AAC TCT CCG ACC GAC CCG TTT AAC CGT CAG ACC CTG ACC GAA TCT ATG CTG GAA CCG GTG CCG GAA CTG AAA GAA CAG ATC CAG GCG TGG ATG CGT,-0.3187358737515889
GAC GCG CCA GAT GAA TTC CGT GAC CCG CTG ATG GAC ACC CTG ATG ACT GAC CCG GTT CGT CTG CCG TCT GGC ACC ATC ATG GAC CGT TCT ATC ATC CTG CGT CAC CTG CTG AAC TCT CCG ACC GAC CCG TTC AAC CGC CAG ACC CTG ACC GAA TCT ATG CTG GAA CCA GTT CCG TTC CTG AAA GAA CAG ATC CAG GCG TGG ATG CGT,2.018510705122297
GAC GCG CCA GAT GAA TTC CGT GAC CCG CTG ATG GAC ACC CTG ATG ACC GAC CCG GTT CGT CTG CCG GTT GGC ACC ATC ATG GAC CGT TCT ATC ATC CTG CGT CAC CTG CTG AAC TCT CCG ACC ACT CCG TTT AAC CGT CAA ACC CTG ACC GAA TCT ATG CTG GAA CCA GTT CCG GAG CTC AAA GAA CAG ATC CAG GCG TGG ATG CGT,-2.795442543372122
GAT GCG CCG GAC GAA TTC CGT GAC CCG CTG ATG GAC ACC CTG ATG ACT GAC CCG GTT CGT CTG CCG TCC GGT ACC ATC ATG GAC CGT TCT ATC ATC CTG CGT CAC CTG CTG AAC TCT CCG ACC GAC CCG TTC AAC CGT CAG ACC CGT ACC GAA TCT ATG CTG GAA CCG GTG CCG GAA CTG AAG GAA CAG ATC CAG GCT TGG ATG CGC,-3.3223164996423864
GAC GCT CCG GAC GAG TTC CGT GAC CCG CTG ATG GAC GCT CTG ATG ACC GAC CCA GTG CGT CTG CCG TCT GGT ACT ATC ATG CAG CGT TCT ATC ATC CTG CGT CAC CTG CTG AAC TCT CCG ACC GAT CCG TTC AAC CGT CAG ACC CTG ACC GAA TCT ATG CTC GAA CCG GTG CCA GAA CTG AAA GAA CAG ATC CAG GCG TGG ATG CGT,-0.182138321207851
GAT GCT CCG GAC CTC TTC CGT GAC CCG CTG ATG GAT ACT CTG ATG ACC GAC CCG GTT CGT CTG CCG TCT GGC ACC ATC ATG GAC CGT TCT ATC ATC CTG CGT CAC CTG CTG AAC TCT CCA ACT GAC CCG TTC AAC CGT CAA ACC CTG ACT GAG TCC ATG CTG GAA CCA GTG CCG GAA CTG AAA GAA CAG ATC CAG GCG TGG ATG CGT,2.1598911113227435
GAC GCT CCG GAC GAA TTC CGT GAC CCG CTG ATG GAC ACC CTG ATG ACC TAC CCG GTT CGT CTG CCG TCT GGT ACT ATC ATG GAC CGT TCT ATC ATC CTG CGC CAC CTG CTC AAC TCT CCG ACC GAC CCG TTC AAC CGC CAG ACC CTG ACC GAA TCT ATG CTG GAA CCA GTG CCG GAG CTC GAC GAA CAG ATC CAG GCG TGG ATG CGT,0.1948709787831455
GAT GCG CCG GAC GAA TTC CGC GAC CCG CTG ATG GAC GGT CTG ATG ACT GAC CCG GTT CGC CTG CCG TCC GGT ACC ATC ATG ACC CGT TCT ATC ATC CTG CGC CAC CTG CTG AAC TCT CCG ACC GAT CCA TTC AAC CGT CAG ACT CTG ACC GAA TCT ATG CTG GAA CCG GTG CCG GAG CTC AAA GAA CAG ATC CAG GCG TGG ATG CGT,-3.610621829978133
GAC GCT CCG GAC GAA TTC CGT GAC CCG CTG ATG GAC ACC CTG ATG ACC TGT CCG GTT CGT CTG CCG TCT GGC ACC ATC ATG GAC CGT TCT ATC ATC CTG CGT CAC CTG CTG AAC TCT CCG ACC GAC CCG TTC AAC CGT CAG ACC CTG ACC GAA TCT ATG CTG GAG CCG GTT CCA GAA CTG AAA GAA CAG ATC CAG GCG TGG ATG CGT,1.611932710035126
GAC GCT CCG GAC GAA TTC CGT GAC CCG CTG ATG GAT ACT CTG ATG ACC GCG CCA GTT CGT CTG CCA TCT GGC ACC ATT ATG GAC CGT TCT ATC ATC CTG CGT CAC CTC CTG AAC TCT CCG ACC GAC CCA TTC AAC CGC CAG ACC CTG ACC GAA TCT ATG CTG GAG CCA GTG CCG GAA CTG CTG GAA CAG ATC CAG GCG TGG ATG CGT,0.9082243702505516
GAC GCT CCA GAC GAA TTC CGT GAC CCG CTG ATG GAC ACC CTG ATG ACC CGT CCG GTT CGT CTC CCG TCT GGT ACT ATC ATG GAC CGT TCT ATC ATC CTG CGT CAC CTG CTG AAC TCT CCG ACC GAT CCA TTC AAT CGC CAG ACT CTG ACC GAA TCT ATG CTG GAG CCG GTT CCG GAG CTG TCT GAA CAG ATC CAG GCG TGG ATG CGT,0.1063415184435627
GAC GCG CCA GAT GAA TTC CGT GAC CCG CTG ATG GAC ACC CTG ATG ACC GAC CCG GTT CGT CTG CCG TCT GGC ACC ATC ATG GAC CGT TCT ATC ATC CTG CGT CAC CTG CTG AAC CAC CCG TTC GAT CCG TTC AAC CGT CAA ACC CTG ACC GAA TCT ATG CTG GAG CCG GTT CCA GAA CTG AAA GAA CAG ATC CAG GCG TGG ATG CGT,2.764748243925521
GAT GCT CCG GAC GAA TTC CGT GAC CCG CTG ATG GAC ACC CTG ATG ACT GAC CCG GTT CGT CTG CCG TCT GGC ACC ATC CAG GAC CGT TCT ATC ATC CTG CGT CAC CTG CTG AAC TCT CCG ACC GAC CCG TTC AAC CGT CAG ACC CTG ACC GAA TCT ATG CTG GAA CCG GTG CCG GAA CTC AAA GAA CAG ATC CAG GCT TGG ATG CGC,-3.912869816009179
GAC GCG CCA GAT GAA TTC CGT GAC CCG CTG ATG GAC ACC CTG ATG ACC GAC CCA GTG CGT CTG CCG TCT GGT ACT ATT ATG GAC CGT TCT ATC ATC CTG CGT CAC CTG CTG AAC GAA CCG GCT GAC CCG TTT AAC CGC CAG ACT CTG ACT GAA TCT ATG CTG GAG CCA GTT CCG GAG CTC AAA GAA CAG ATC CAG GCG TGG ATG CGT,1.032047450170762
GAT GCG CCG GAC GAA TTC CGT GAC CCG CTG ATG GAC ACC CTG ATG ACC GAC CCG GTT CGT CTC CCG TCT GGC ACC ATC ATG GAC TGG TCT ATC ATC CTG CGT CAC CTG CTG AAC TCT CCG ACT GAT CCG TTC AAC CGT CAG ACC CTG ACC GAA TCT ATG CTG GAA CCA GTT CCA GAA CTG TCT GAA CAG ATC CAG GCG TGG ATG CGT,0.787463258878593
GAC GCT CCA GAC GAA TTC CGT CAG CCG CTG ATG GAC ACC CTG ATG ACT GAC CCG GTT CGT CTC CCG TCT GGC ACC ATC ATG CAC CGT TCT ATC ATC CTG CGT CAC CTG CTG AAC TCT CCG ACC GAC CCG TTC AAC CGT CAG ACC CTG ACC GAA TCT ATG CTG GAG CCG GTT CCG GAG CTG AAA GAA CAG ATC CAG GCG TGG ATG CGT,-0.8768998943601904
GAC GCT CCG GAC GAA TTC CGT GAC CCG CTG ATG GAC ACC CTG ATG ACC GAC CCG GTT CGT CTG CCG TCC GGT ACC ATC ATG GAC CGT TCT ATC ATC CTG CGT CAC CTG CTG AAC TTC CCG ACC GAT CCG TTC AAC CGC CAG ACC CTG ACC GAA TCT ATG CTG GAA CCG GTG CCG GAA CTG AAA GAA CAG ATC CAG GCG TGG ATG CGT,1.825261644969394
GAT GCG CCG GAT GAA TTC CGT GAC CCG CTG ATG GAC ACC CTC ATG ACT GTT CCG GTT CGT CTG CCG TCC GGT ACC ATC ATG GAC TGC TCT ATC ATC CTG CGC CAC CTG CTG AAC TCT CCG ACC GAC CCA TTT AAC CGT CAA ACC CTG ACC GAA TCT ATG CTG GAA CCA GTT CCA GAA CTG AAA GAA CAG ATC CAG GCG TGG ATG CGT,1.0750495779170832
GAC GCT CCG GAT GAG TTC CGT GAC CCG CTG ATG GAT ACC CTC ATG ACC GAT CCG GTT CGT CTG CCG TCC GGT ACC ATC ATG GAC CGT TCT ATG ATC CTG CGT CAC CTG CTG AAC TCT CCA ACC GAC CCG TTC AAC CGT CAA ACC CTG ACC GAA TCT ATG CTG GAA CCA GTG CCA GAA CTG AAA GAA CAG ATC CAA GCG TGG ATG CGT,0.9281076619094012
GAC GCG CCA GAC GAA TTC CGT GAC CCG CTG ATG GAC ACC CTG ATG ACC GAC CCG GTT CGC CTG CCG CAG GGT ACC ATC ATG GAC CGT TCT ATC ATC CTG CGT CAC CTG CTG AAC TCT CCG ACC ATG CCG TTC AAT CGT CAG ACC CTG ACC GAA TCT ATG CTG GAG CCG GTT CCA GAA CTG AAA GAA CAG ATC CAG GCT TGG ATG CGT,-2.405682219083901
GAC GCT CCG GAT GAA TTC CGT GAC CCG CTG ATG GAC ACC CTG GTT ACC GAT CCG GTT CGT CTG CCG TCC GGT ACC ATC ATG GAC CGT TCT ATC ATC CTG CGT CAC CTG CTG AAT TCT CCG ACT GAC CCG TTC AAT CGT CAG ACC CTG ACC GAA TCT ATG CTG GAA CCA GTG CCA GAG CTG AAA GAA CAG ATC CAG GCG TGG ATG CGT,-1.2338491594658456
GAC GCT CCG GAC GAA TTC CGT GAC CCG CTG ATG GAC ACC CTG ATG ACC GAC CCG GTT CGT CTG CCG TCC GGT ACC ATC ATG GAC CGT TCT ATC ATC CTG CGC CAC TTC CTG AAT TCT CCG ACT GAC CCG TTT AAC CGT CAA ACT CTC ACC GAG TCT ATG CTG GAA CCA GTT CCA GAA CTG AAA GAA CAG ATC CAG GCG TGG ATG CGT,0.8291004290924686
GAT GCG CCG GAC GAA TTC TGG GAC CCG CTG ATG GAT ACT CTG ATG ACT GAC CCG GTT CGT CTG CCG TCT GGC ACC ATC ATG GAC CGT TCT ATC ATC CTG CGT CAC CTG CTG AAC TCT CCG ACC GAC CCG TTC AAC CGT CAG ACC CTG ACC GAA TCT ATG CTG GAA CCA GTT CCA GAA CTG AAA GAA CAG ATC CAG GCG TGG ATG CGT,1.6961519230097046
GAT GCT CCG GAC GAA TTC CGT GAC CCG CTG ATG GAT ACC CTG ATG ACC GAC CCG GTG GGT CTG CCG TCT GGT ACT ATC ATG GAC CGT TCT ATC ATC CTG CGT CAC CTG CTG AAC TCT CCG ACC GAT CCG TTC AAC CGT CAG ACC CTG ACC GAA TCT ATG CTG TAC CCG GTT CCA GAA CTG AAA GAA CAG ATC CAG GCG TGG ATG CGT,-0.398887376804496
GAC GCG CCA GAT GAA TTC CGT GAC CCG CTG ATG GAC ACC CTG ATG ACC GAC CCG GTT CGT CTG CCA TCC GGT ACC ATT ATG GAC CGT TCT ATC ATC CTG CGT CAC CTC CTG AAC CCA CCG TGC GAC CCG TTC AAC CGT CAG ACC CTG ACC GAA TCT ATG CTC GAA CCA GTT CCA GAG CTC AAA GAA CAG ATC CAG GCG TGG ATG CGT,0.2963722718947862
GAC GCT CCG GAT GAA TTC CGT GAC CCG CTG ATG GAC ACC CTG ATG ACT GAC CCA GTT CGT CTG CCG TCT GGC ACC ATC ATG GAC CGT TCT ATC ATC CTG CGT CAC CTG CTG TAC TCT CCG ACC GAC CCG TTC AAC CGT CAA ACC CTG ACC GAA TCT ATG CTG GAG CCG GTT CCA GAG CTG AAG GAA CAG ATT CAG GCT TGG ATG CGT,2.5860177723205835
GAC GCG CCA GAT GAA TTC CGT GAC CCG CTG ATG GAC ACC CTG ATG ACC GAC CCG GTT CGC CTG CCG TCT GGC ACC ATC ATG GAC CGT TCC ATC ATC CTG CGT CAC CTG CTG AAT GTT CCG TGC GAC CCG TTC AAT CGT CAG ACC CTG ACC GAA TCT ATG CTG GAA CCA GTT CCA GAA CTC AAA GAA CAG ATC CAG GCG TGG ATG CGT,1.3477473018065065
GAC GCG CCA GAT GAA TTC CGT GAC CCG CTG ATG GAC ACC CTG ATG ACC CGT CCG GTT CGT CTG CCG TCT GGC ACC ATC ATG GAC TTC TCT ATC ATC CTG CGT CAC CTG CTG AAC TCT CCG ACC GAC CCA TTC AAC CGC CAG ACC CTG ACC GAA TCT ATG CTG GAA CCA GTT CCG GAG CTG AAA GAA CAG ATC CAG GCG TGG ATG CGT,1.05239480209107
GAC GCT CCG GAC GAA TTC CGT GAC CCG CTG ATG GAC ACC CTG ATG ACC GAT CCG GTT CGT CTG CCG GCT GGC ACC ATC ATG GAC CGT TCT ATC ATC CTG CGT CAC CTG CTG AAC TCT CCG ACC GAC CCG TTC ATC CGT CAG ACC CTG ACC GAA TCT ATG CTG GAA CCA GTT CCA GAA CTG AAA GAA CAG ATC CAG GCG TGG ATG CGT,-0.6905106370692766
GAC GCG CCA GAC GAG TTT CGT GAC CCG CTG ATG GAC TAC CTG ATG ACC GAC CCG GTT CGT CTG CCG TCC GGT ACC ATT ATG GAG CGT TCT ATC ATC CTG CGT CAC CTC CTG AAC TCT CCA ACT GAC CCG TTC AAC CGT CAG ACC CTG ACC GAA TCT ATG CTG GAG CCG GTT CCA GAG CTG AAA GAG CAG ATC CAG GCT TGG ATG CGT,0.512266792227953
GAT GCG CCG GAT GAA TTC CGT GAC CCG CTG ATG GAC ACC CTG ATG ACC ATG CCG GTT CGT CTG CCG TCT GGT ACT ATC ATG GAC CGT TCT ATC ATC CTG CGT CAC CTG CTG AAC TCT CCG ACC GAC CCG TTC AAC CGT CAA ACT CTG ACC GAA TCT ATG CTG GAA CCA GTG CCA GAA CTG CAG GAA CAG ATC CAG GCG TGG ATG CGT,0.6463344144603045
GAC GCT CCG GAC GAA TTC CGT GCG CCG CTG ATG GAC ACC CTG ATG ACT GAC CCA GTT CGT CTG CCG TCC GGC ACT ATT ATG CAT CGT TCT ATC ATC CTG CGT CAC CTG CTG AAC TCT CCG ACC GAC CCG TTC AAC CGT CAG ACC CTG ACC GAA TCT ATG CTG GAA CCG GTG CCA GAG CTG AAA GAA CAG ATC CAG GCG TGG ATG CGT,-0.5016315443929078
GAC GCT CCG GAT GAA TTC CGT GAC CCG CTG ATG GAC AAT CTG ATG ACC GAC CCG GTT CGT CTG CCG TCT GGT ACT ATC ATG CGT CGT TCT ATC ATC CTG CGT CAC CTG CTG AAC TCT CCA ACT GAC CCG TTC AAC CGT CAG ACC CTG ACC GAA TCT ATG CTG GAA CCG GTG CCG GAA CTC AAA GAA CAG ATC CAG GCG TGG ATG CGT,-3.371303367495556
GAC GCG CCA GAC GAG TTC CGT GAC CCG CTG ATG GAC ACC CTG ATG ACC GAC CCA GTT CGT CTG CCG GAA GGT ACC ATC ATG GAC CGC TCT ATC ATC CTG CGT CAC CTG CTG AAC TCT CCG ACT GAC CCG TTC TTC CGT CAG ACC CTG ACC GAA TCT ATG CTG GAG CCG GTG CCG GAG CTG AAA GAA CAG ATC CAG GCT TGG ATG CGT,-0.4404446204448894
GAT GCG CCG GAC GAA TTC CGT GAC CCG CTG ATG GAC ACC CTG ATG ACT GAC CCG GTT CGT CTG CCG GCT GGC ACC ATC ATG GAC CGT TCT ATC ATC CTG CGT CAT CTG CTG AAC TCT CCG ACC GAC CCG TTC ACC CGT CAG ACC CTG ACC GAA TCT ATG CTG GAA CCA GTG CCG GAG CTG AAA GAA CAG ATC CAG GCG TGG ATG CGC,1.4793554797765038
GAT GCG CCG GAT GAA TTC CGT GAC CCG CTG ATG GAC ACC CTG ATG ACC ACT CCG GTT CGT CTG CCG TCT GGC ACC ATC ATG GAC CGT TCT ATC ATC CTG CGT CAC CTG CTG AAC TCT CCG ACC GAC CCG TTC AAC CGT CAG ACC CTG ACC GAA TCT ATG CTG GAA CCA GTT CCG GAG CTC AAC GAA CAG ATC CAG GCG TGG ATG CGT,-0.450812155513182
GAC GCT CCG GAC GAA TTC CGT GAC CCG CTG ATG GAC ACC CTG ATG ACC GAT CCG GTT CGT CTG CCG TCT GGT ACT ATC TAC GAC CGT TCT ATC ATC CTG CGT CAC CTG CTG AAC TCT CCG ACC GAC CCG TTC AAC CGT CAG ACC CTG ACC GAA TCT ATG CTG GAA CCG GTG CCG GAG CTG AAA GAA CAG ATC CAG GCG TGG ATG CGT,0.5236662604765606
GAT GCG CCG GAT GAA TTC CGT GAC CCG CTG ATG GAC ACC CTG ATG ACC AAA CCA GTT CGT CTG CCG TCT GGT ACT ATC ATG GAC CGT TCT ATC ATC CTG CGT CAC CTG CTG AAC TCT CCG ACC GAC CCG TTT AAC CGT CAG ACC CTG ACC GAG TCT ATG CTC GAA CCG GTG CCG GAA CTG CAG GAA CAG ATC CAG GCG TGG ATG CGT,0.3266045709234108
GAC GCG CCA GAT GAA TTC CGT GAC CCG CTG ATG GAC ACC CTG ATG ACT GAC CCG GTT CGT CTG CCG CAG GGT ACC ATC ATG GAC CGT TCT ATC ATC CTG CGT CAC CTG CTC AAC TCT CCG ACT GAT CCG TTT TCT CGT CAG ACC CTG ACC GAA TCT ATG CTG GAA CCA GTG CCG GAG CTG AAA GAA CAG ATC CAG GCG TGG ATG CGC,0.6869249185621678
GAC GCG CCA GAT GAA TTC CGT GAC CCG CTG ATG GAC ACC CTG ATG ACT GAC CCG GTG AAC CTG CCG TCT GGT ACT ATC ATG GAC CGT TCT ATC ATC CTG CGT CAC CTG CTG AAC TCT CCG ACC GAT CCG TTC AAC CGT CAG ACC CTG ACC GAA TCT ATG CTG GCT CCG GTG CCA GAA CTG AAA GAA CAG ATC CAG GCG TGG ATG CGT,-6.05873347772155
GAC GCG CCA GAT GAA TTC CGT GAC CCG CTG ATG GAC ACC CTG ATG ACC GAC CCG GTG CGT CTG CCG CTG GGT ACC ATC ATG GAC CGT TCT ATC ATC CTG CGT CAC CTG CTG AAC TCT CCG ACC GAT CCA TTC CAC CGT CAG ACC CTG ACC GAA TCC ATG CTG GAG CCA GTT CCA GAA CTG AAA GAA CAG ATC CAG GCG TGG ATG CGT,-0.0858023171373935
GAC GCG CCA GAC GAA TTC CGT GAC CCG CTG ATG GAC ACC CTG ATG ACC GAC CCG GTT TAC CTG CCG TCT GGT ACT ATC ATG GAC CGT TCT ATC ATC CTG CGT CAC CTG CTG AAC TCT CCG ACT GAC CCG TTC AAC CGT CAG ACC CTG ACC GAA TCT ATG CTG ATG CCG GTT CCA GAA CTG AAA GAA CAG ATC CAG GCG TGG ATG CGT,0.572819950069186
GAC GCT CCG GAC GAA TTC CGT GAC CCG CTG ATG GAC ACC CTG ATG ACC TTC CCG GTT CGT CTG CCG TCT GGC ACC ATC ATG GAC CAG TCT ATC ATC CTG CGT CAC CTG CTG AAC TCT CCG ACC GAC CCG TTC AAC CGT CAA ACT CTG ACC GAA TCT ATG CTG GAA CCA GTT CCA GAG CTG AAA GAA CAG ATC CAG GCG TGG ATG CGT,0.1644469109555044
GAT GCG CCG GAC GAA TTC CGT GAC CCG CTG ATG GAC ACC CTG ATG ACC GAC CCG GTT CGT CTG CCG TCT GGT ACT ATC ATG GAC CGT TCT ATC ATC CTG CGT CAC CTG CTG AAC TCT CCG ACC GAT CAG TTC AAC CGT CAG ACC CTG ACC GAA TCT ATG CTG GAG CCG GTT CCG GAG CTC AAA GAA CAG ATC CAG GCG TGG ATG CGT,-1.066301057183724
GAC GCT CCG GAC GAA TTC CGC GAC CCA CTC ATG GAT ACT CTG ATG ACC GAC CCG GTT CGT CTG CCG TCT GGC ACC ATC ATG GAC CGT TCT ATC ATC CTC CGT CAC CTG CTG AAC TCT CCG ACT GAC CCG TTT AAC CGC CAG ACC CTG ACC TAC TCT ATG CTG GAA CCG GTG CCG GAA CTG AAA GAA CAG ATC CAG GCG TGG ATG CGT,1.9034005606046744
GAT GCG CCG GAC GAA TTC CGT GAC CCG CTG ATG GAC ACC CTG ATG ACT GAT CCG GTT TAC CTG CCG TCT GGC ACC ATC ATG GAC CGT TCT ATC ATC CTG CGT CAC CTG CTG AAC TCT CCG ACC GAC CCG TTC AAC CGT CAG ACC CTG ACC GAA TCT ATG CTG ACT CCG GTT CCA GAA CTG AAA GAA CAG ATC CAG GCG TGG ATG CGT,0.505827126246932
GAC GCG CCA GAT GAG TTT CGT GAC CCG CTC ATG GAT ACC CTG ATG ACC GAT CCG GTT CGT GTT CCG TCT GGC ACT ATC ATG GAC CGT TCT ATC ATC CTG CGT CAC CTG CTG AAC TCT CCG ACC GAC CCG TTT AAC CGT CAG ACC CTG ACC GAA TCT ATG CTG GAG CCG GTT CCA GAG CTG AAG GAA CAG ATC CAG GCG TGG ATG CGT,-0.8341115436078479
GAT GCG CCG GAC GAG TTC CGT GAC CCG CTG ATG GAC ACC CTG ATG ACC CGT CCG GTG CGT CTG CCA TCT GGT ACT ATC ATG GAC CGT TCT ATC ATC CTG CGT CAC CTG CTC AAC TCT CCG ACC GAC CCG TTT AAC CGC CAG ACC CTG ACC GAA TCT ATG CTG GAG CCG GTT CCG GAG CTC AAA GAA CAA ATT CAG GCT TGG ATG CGT,-0.1175212063349743
GAC GCT CCG GAC GAA TTC CTG GAC CCG CTG ATG GAC ACC CTG ATG ACT GAC CCG GTT CGT CTG CCG TCC GGT ACC ATC ATG GAC CGT TCT ATC ATC CTG CGT CAC CTG CTG AAC TCT CCG ACC GAC CCG TTC AAC CGT CAA ACC CTG ACC GAA TCT ATG CTG GAG CCA GTT CCA GAA CTG AAA GAA CAG ATC CAG GCT TGG ATG CGT,2.1690788213547267
GAT GCG CCG GAC GAA TTC CGT GTT CCG CTG ATG GAC ACC CTG ATG ACC GAC CCA GTT CGT CTG CCG TCT GGT ACT ATC ATG TCT CGT TCT ATC ATC CTG CGT CAC CTG CTG AAC TCT CCA ACC GAT CCG TTC AAC CGT CAG ACC CTG ACC GAA TCT ATG CTG GAG CCG GTG CCA GAA CTG AAA GAA CAG ATC CAG GCG TGG ATG CGT,-2.6951676566308254
GAC GCT CCG GAC GAA TTT CGT GAC CCG CTG ATG AAC ACC CTG ATG ACT GAC CCG GTT CGT CTG CCG TCT GGC ACC ATC ATG GAC CGT TCT ATC ATC CTG CGT CAC CTG CTG AAC TCT CCG ACC GAC CCG TTC AAC CGT CAA ACC CTG ACC GAA TCT ATG CTG GAA CCG GTG CCG GAA CTG AAA GAA CAG ATC CAG GCT TGG ATG CGC,3.1010116787660333
GAC GCT CCG GAC GAA TTC CGT GAC CCG CTG ATG GAC ACC CTG ATG ACC GAC CCA GTG CGT CTG CCG CAC GGT ACC ATC ATG GAC CGT TCT ATC ATC CTG CGT CAC CTG CTG AAC TCT CCG ACC CGT CCG TTC AAC CGT CAA ACC CTG ACC GAA TCT ATG CTG GAA CCA GTG CCG GAG CTC AAA GAA CAG ATC CAG GCT TGG ATG CGT,-2.831634330662797
GAT GCG CCG GAT GAG TTT CGT TAC CCG CTG ATG GAC ACC CTG ATG ACC GAC CCG GTT CGT CTG CCG TCT GGC ACC ATC ATG GAC CGT TCT ATC ATC CTG CGT CAC CTG CTG AAC TCT CCG ACT GAC CCG TTC AAT CGT CAG ACC CTG ACC GAA TCT ATG CTG GAA CCA GTT CCG GAG CTG AAA GAA CAG ATC CAG GCG TGG ATG CGT,-0.2153404761128793
GAC GCT CCG GAT GAA TTC CGT GAC CCG CTG ATG GAT ACT CTG ATG ACT CCG CCG GTT CGT CTG CCG TCT GGC ACC ATC ATG GAC CGT TCT ATC ATC CTG CGT CAC CTG CTG AAC TCT CCG ACC GAT CCG TTC AAC CGT CAA ACC CTG ACC GAA TCT ATG CTG GAA CCA GTT CCA GAG CTG CTC GAA CAG ATC CAG GCG TGG ATG CGT,0.0631640207651659
GAT GCG CCG GAC GAA TTC CGT GAC CCA CTG ATG GAC ACC CTG ATG ACC GAC CCG GTT CGT CTG CCG AAC GGT ACC ATC ATG GAT CGT TCT ATC ATC CTG CGT CAC CTG CTG AAC TCT CCG ACC GTT CCG TTC AAC CGT CAG ACC CTG ACC GAA TCT ATG CTG GAA CCG GTG CCA GAG CTG AAA GAA CAG ATC CAG GCG TGG ATG CGT,-0.387707787229804
GAC GCG CCA GAC GAA TTC CGT GAC CCG CTG ATG GAC ACC CTG ATG ACT GAC CCA GTT AAA CTG CCG TCT GGT ACT ATT ATG GAC CGT TCT ATC ATC CTG CGT CAC CTG CTG AAC TCT CCA ACC GAC CCG TTC AAT CGT CAG ACC CTG ACC GAA TCT ATG CTG GAC CCG GTG CCG GAA CTG AAA GAA CAG ATC CAG GCG TGG ATG CGC,0.6936992554356991
GAC GCG CCA GAC GAA TTC CGT GAC CCG CTG ATG GAT ACT CTG ATG ACC GAC CCG GTT CGC CTG CCG TCT GGT ACT ATC ATG GAC CGT TCT ATC ATC CTG CGT CAC CTG CTG AAC TCT CCG ACC GAT CCG TTC AAC CGT CAG CAG CTG ACC GAA TCT ATG CTG GAG CCA GTT CCG GAG CTG AAA GAA CAG ATC CAG GCG TGG ATG CGT,2.302164558191997
GAC GCT CCG GAC GAA TTC CGT GAC CCG CTG ATG GAC ATG CTG ATG ACC GAC CCG GTT CGT CTG CCG TCC GGT ACC ATC ATG GAA CGC TCT ATC ATC CTG CGT CAC CTG CTG AAC TCT CCG ACT GAC CCG TTC AAC CGT CAG ACC CTG ACC GAA TCT ATG CTG GAA CCG GTG CCG GAG CTG AAA GAA CAG ATC CAG GCG TGG ATG CGT,1.1056706582133704
GAT GCG CCG GAC GAA TTC CGT GAC CCG CTG ATG GAC ACC CTG ATG ACC GAC CCG GTT CGT CTG CCG TCT GGC ACC ATC ATG GAC CGT TCT ATC ATC CTG CGT CAC CTG CTG AAC TCC GGT ACT GAT CCA TTC AAC CGT CAG ACC CTG ACC GAA TCT ATG CTG GAA CCG GTG CCG GAG CTG AAA GAA CAG ATC CAG GCG TGG ATG CGT,2.092553728277012
GAT GCG CCG GAC GAA TTT CGT GAC CCG CTG ATG GAC ACC CTG ATG ACC GAC CCG GTT CGT CTG CCG TGC GGT ACC ATC ATG GAC CGT TCT ATC ATC CTG CGT CAC CTG CTG AAC TCT CCG ACT CGT CCG TTC AAC CGT CAG ACC CTG ACC GAA TCT ATG CTG GAG CCG GTT CCA GAA CTG AAA GAA CAG ATC CAG GCG TGG ATG CGT,0.3426309853773219
GAT GCG CCG GAC GAA TTC CGT GAC CCG CTG ATG GAC ACC CTG ATG ACC GAC CCG GTT CGT CTC CCG TCC GGT ACC ATT ATG GAC TCT TCT ATC ATC CTG CGT CAC CTG CTG AAC TCT CCG ACC GAT CCG TTC AAC CGT CAA ACC CTG ACC GAA TCT ATG CTG GAA CCG GTG CCA GAG CTG GTG GAA CAG ATC CAG GCG TGG ATG CGT,0.1019517213139615
GAT GCG CCG GAC GAA TTC CGT GAC CCG CTG ATG GAC ACC CTG ATG ACC TGG CCG GTT CGT CTG CCG TCT GGC ACT ATC ATG GAT GCT TCT ATC ATC CTG CGT CAC CTG CTG AAC TCT CCG ACT GAC CCG TTC AAC CGT CAG ACC CTG ACC GAA TCT ATG CTG GAA CCG GTG CCG GAA CTG AAA GAA CAG ATC CAG GCG TGG ATG CGC,0.8294360612956593
GAC GCT CCA GAT GAA TTC CGT GAC CCG CTG ATG GAC ACC CTG ATG ACC GAC CCG GTT CGT CTG CCG TCT GGC ACC ATT ATG GAC CGT TCT ATC ATC CTG CGT CAC CTC CTG AAC TCT CCG ACT GAC CCG TTC AAC CGT CAG ACC CTG ACC GAA TCT ATG CTG GAA CCA GTT CCG GAG CTG AAA GAA CAG ATC CAG GCG CCG ATG CGT,-3.1406739622859026
GAC GCT CCG GAC GAA TTC CGC GAC CCA CTG ATG GAT ACT CTC ATG ACC GAC CCA GTT CGT CTG CCG TCT GGC ACC ATT ATG GAC CGT TCT ATC ATC CTC CGT CAC CTG CTG AAC TCT CCA ACT GAC CCG ATC AAC CGC CAG ACC CTG ACC GAA TCT ATG CTG GAA CCG GTG CCG GAA CTG AAA GAA CAG ATC CAG GCG TGG ATG CGT,0.8465498764684611
GAC GCG CCA GAC GAA TTC CGT GAC CCG CTG ATG GAC ACC CTG ATG ACC GAT CCG GTT GCT CTG CCG TCT GGT ACT ATC ATG GAC CGT TCT ATC ATC CTG CGT CAC CTG CTG AAC TCT CCG ACC GAC CCG TTC AAC CGT CAG ACC CTG ACC GAA TCT ATG CTG CCG CCA GTT CCG GAG CTG AAA GAA CAG ATC CAG GCG TGG ATG CGT,-2.5745501792945324
GAC GCG CCA GAC GAA TTC CGT GAC CCG CTG ATG GAC ACC CTG ATG ACC GAT CCG GTT CGT CTC CCG TCC GGT ACC ATC ATG GAC CGT TCT ATC ATC CTG CGT CAC CTG CTG AAC TCT CCG ACC GAC CCG TTC AAC CGT CAG ACC CTG ACC GAA TCT ATG CTG GAA CCG GTG CCA GAG CTG AAG GAA CAG ATC CAG GCG TGG ATG TGG,2.111119756877497
GAC GCT CCG GAC GAG TTC CGT GAC CCG CTC ATG GAT ACC CTG ATG ACC GAT CCG GTG CGT CTC CCG CCA GGT ACC ATC ATG GAC CGT TCT ATC ATC CTG CGT CAC CTG CTG AAC TCT CCG ACC GAC CCG TTC AAA CGT CAG ACC CTG ACC GAG TCT ATG CTG GAG CCG GTG CCG GAG CTG AAA GAA CAG ATC CAG GCG TGG ATG CGT,-3.99675743863217
GAT GCG CCG GAC GAA TTC CGT GAC CCG CTG ATG GAC ACC CTG ATG ACC GAC CCG GTT CGT CTG CCG TCT GGT ACT ATC ATG GAC CGT TCT ATC ATC CTG CGT CAC CTG CTG AAC TGG CCG GAT GAC CCG TTC AAC CGT CAG ACC CTG ACC GAA TCC ATG CTG GAA CCG GTG CCA GAA CTG AAA GAA CAG ATC CAG GCG TGG ATG CGT,0.5675902084164668
GAC GCT CCG GAC GAA TTC CGT GAC CCG CTC ATG GAC ACC CTG ATG ACC TCT CCG GTT CGT CTG CCG TCT GGC ACC ATC ATG GAT TGG TCT ATC ATC CTG CGT CAC CTG CTG AAC TCT CCG ACC GAC CCG TTC AAC CGT CAG ACC CTG ACC GAA TCT ATG CTG GAA CCG GTG CCG GAA CTG AAA GAA CAG ATC CAG GCG TGG ATG CGT,1.0909609640662097
GAC GCT CCG GAC GAA TTC CGT GAC CCG CTG ATG GAC GTT CTG ATG ACC GAC CCA GTT CGT CTC CCG TCT GGT ACT ATC ATG CAC CGT TCT ATC ATC CTG CGT CAC CTG CTG AAC TCT CCG ACC GAT CCG TTC AAC CGT CAG ACC CTG ACC GAA TCT ATG CTG GAA CCG GTG CCA GAA CTG AAA GAA CAG ATC CAG GCG TGG ATG CGT,0.4745718998428135
GAC GCG CCA GAC GAA TTC CGT GAC CCG CTG ATG GAC ACC CTC ATG ACC TGG CCG GTT CGC CTG CCG TCC GGT ACC ATC ATG GAT ATG TCT ATC ATC CTG CGT CAC CTG CTG AAC TCT CCG ACC GAC CCA TTC AAC CGC CAA ACC CTG ACC GAA TCT ATG CTG GAG CCA GTT CCG GAG CTG AAA GAA CAG ATC CAG GCG TGG ATG CGT,1.1543569685469073
GAT GCG CCG GAT GAA TTC CGT GAC CCG CTG ATG GAT ACC CTC ATG ACC GAT CCG GTT CGT CTG CCG TCT GGC ACC ATC ATG GAC CGT TCT ATC ATC CTG CGT CAC CTG CTC GGT TCT CCG ACT GAC CCG TTT AAC CGC CAA ACC CTC ACC GAG TCT ATG CTC GAA CCA GTT CCA GAG CTG AAG GAA CAG ATC CAG GCG TGG ATG CGT,2.058437523887785
GAC GCG CCA GAT GAA TTC CGT GAC CCG CTG ATG GAC ACC CTG ATG ACC GAT CCG GTG GGC CTG CCG TCC GGC ACC ATT ATG GAC CGC TCT ATC ATC CTG CGT CAC CTG CTG AAT TCT CCG ACC GAC CCA TTC AAC CGT CAG ACT CTG ACC GAA TCT ATG CTG TGG CCG GTT CCA GAG CTG AAA GAA CAG ATC CAG GCG TGG ATG CGT,0.0281254888242411
GAC GCT CCG GAC GAA TTC CGT AAA CCG CTG ATG GAC ACC CTG ATG ACC GAT CCG GTG CGC CTC CCG TCT GGC ACC ATT ATG GAC CGC TCC ATC ATC CTG CGT CAC CTG CTG AAC TCT CCG ACT GAC CCG TTC AAC CGT CAA ACC CTG ACC GAA TCC ATG CTG GAG CCG GTT CCA GAG CTG AAA GAA CAG ATC CAG GCG TGG ATG CGT,0.982963467276923
GAT GCG CCG GAC GAG TTC CGT GAC CCG CTG ATG GAC ACC CTG ATG ACC GTT CCA GTT CGT CTG CCG TCT GGC ACC ATC ATG GAC TCT TCT ATC ATC CTG CGT CAC CTC CTG AAC TCT CCG ACC GAT CCG TTC AAC CGT CAG ACC CTG ACC GAA TCT ATG CTG GAA CCA GTG CCG GAG CTG AAA GAA CAG ATC CAG GCG TGG ATG CGT,-0.7100305930606707
GAC GCT CCG GAC GAA TTC CGT GAC CCG CTG ATG GAC ACC CTG ATG ACT GAT CCG GTT TCT CTC CCG TCT GGT ACT ATC ATG GAC CGT TCT ATC ATC CTG CGT CAC CTG CTG AAC TCT CCG ACC GAC CCG TTT AAC CGT CAG ACC CTG ACC GAA TCT ATG CTG ATG CCA GTG CCG GAA CTC AAA GAA CAG ATC CAG GCG TGG ATG CGT,0.5163602684602824
GAC GCT CCG GAC GAA TTC CGT GAC CCG CTG ATG GAC ACC CTG ATG ACC GAC CCG GTT CGT CTG CCA TCT GGC ACC ATC ATG GAC CGT TCT ATC ATC CTG CGT CAC CTG CTG AAC TCT CCG ACT GAC CCG TTT AAC CGT CAA ACC CTG ACC GAA TCT ATG CTG GAA CCA GTG CCG GAG CTC GTG GAA CAG ATC CAG GCT TGG ATG CGT,1.1964948505777009
GAC GCT CCG GAT GAA TTC CGT TGG CCG CTG ATG GAC ACC CTG ATG ACC GAT CCG GTT CGT CTG CCG TCT GGT ACT ATC ATG AAC CGT TCT ATC ATC CTG CGT CAC CTG CTG AAC TCT CCA ACC GAC CCG TTC AAC CGT CAG ACC CTG ACC GAA TCT ATG CTG GAA CCG GTG CCG GAA CTG AAA GAA CAG ATC CAG GCG TGG ATG CGT,-0.3234151539518427
GAC GCT CCG GAC GAA TTC CGT GAC CCG CTG ATG GAC ACC CTG ATG ACC GCG CCA GTT CGT CTC CCG TCT GGC ACC ATC ATG GAC CCG TCT ATC ATC CTG CGT CAC CTG CTG AAC TCT CCG ACC GAC CCG TTC AAC CGT CAA ACC CTG ACC GAA TCT ATG CTG GAA CCG GTG CCG GAG CTG AAA GAA CAG ATC CAG GCG TGG ATG CGT,-0.3468128137584115
GAT GCG CCG GAC GAG TTC CGT GAC CCG CTG ATG GAC ACC CTG ATG ACC GAT CCG GTT CGC CTC CCA TCC GGT ACC ATC ATG GAC CGT TCT ATC ATC CTG CGC CAC CTG CTG AAC TCT CCG ACC GAC CCA TTC AAC CGC CAG ACC CTG ACC GAA TCT ATG CTG GAA CCA GTG CCG GAA TAC AAA GAA CAG ATC CAA GCG TGG ATG CGT,-0.7331933264130206
GAC GCG CCA GAT GAA TTC CGT GAC CCG CTG ATG GAC ACC CTG ATG ACC GAT CCG GTT TGC CTG CCG TCT GGC ACT ATC ATG GAC CGT TCT ATC ATC CTG CGT CAC CTG CTG AAC TCT CCG ACC GAC CCG TTC AAC CGT CAG ACC CTG ACC GAA TCT ATG CTG CAC CCG GTT CCA GAG CTG AAA GAA CAG ATC CAG GCG TGG ATG CGT,0.935628759692744
GAT GCG CCA GAT GAA TTC CGT AAA CCG CTG ATG GAC ACC CTG ATG ACC GAT CCG GTT CGT CTG CCG TCT GGT ACT ATC ATG TGG CGT TCT ATC ATC CTG CGT CAC CTG CTG AAC TCT CCG ACC GAC CCG TTC AAC CGC CAG ACC CTG ACC GAA TCT ATG CTG GAA CCA GTT CCG GAG CTG AAA GAA CAG ATC CAG GCG TGG ATG CGT,0.5783306625766116
GAC GCG CCA GAT GAA TTC CGT GAC CCG CTG ATG GAC ACC CTG ATG ACT GCG CCG GTT CGT CTG CCG TCT GGT ACT ATC ATG GAC CGT TCT ATC ATC CTG CGT CAC CTG CTG AAC TCT CCG ACC GAT CCG TTC AAC CGT CAG ACC CTG ACC GAA TCT ATG CTG GAG CCG GTG CCA GAA CTG GAC GAA CAG ATC CAG GCG TGG ATG CGT,-0.1676027346369348
GAC GCG CCA GAC GAG TTC CGT GAC CCG CTG ATG GAC ACC CTG ATG ACT GAC CCG GTT CGT CTG CCG TGC GGT ACC ATC ATG GAC CGT TCT ATC ATC CTG CGT CAC CTG CTG AAC TCT CCG ACC GAC CCG TTT CAC CGT CAG ACC CTG ACC GAA TCT ATG CTG GAA CCA GTT CCA GAA CTC AAA GAA CAG ATC CAG GCG TGG ATG CGT,1.1841782581508615
GAC GCT CCG GAC GAA TTC CGT GAC CCG CTG ATG GAC ACC CTG ATG ACC GAC CCA GTT GTT CTG CCG TCC GGT ACC ATC ATG GAC CGT TCT ATC ATC CTG CGT CAC CTG CTG AAC TCT CCG ACT GAC CCG TTC AAC CGT CAG ACC CTG ACC GAA TCT ATG CTG CTG CCG GTT CCA GAG CTG AAA GAA CAG ATC CAG GCG TGG ATG CGT,1.0850440407064998
GAC GCT CCG GAT GAA TTC CGT GAC CCG CTG ATG GAC ACC CTG ATG ACC GAC CCG GTT CGT CTG CCG AAA GGT ACC ATC ATG GAC CGT TCT ATC ATC CTG CGT CAC CTG CTG AAC TCT CCG ACC CTC CCG TTC AAC CGT CAA ACC CTG ACC GAA TCT ATG CTG GAA CCA GTT CCA GAG CTG AAA GAA CAG ATC CAG GCG TGG ATG CGT,-0.5947242683416785
GAC GCT CCG GAC GAA TTC CGT GAC CCG CTG ATG GAT ACT CTG ATG ACC GAC CCG GTT CGT CTG CCG TCT GGT ACT ATC ATG GAC CGT TCT ATC ATC CTG CGT CAC CTG CTG AAC TCT CCG ACC GAT CCG TTC AAC CGC CAG ACC CTG ACC GAA TCT ATG CTG GAG CCG GTG CCA GAA CTG AAA GAG CAG ATC CAT GCG TGG ATG CGT,2.437592921327621
GAT GCG CCG GAT GAA TTC CGT GAC CCG CTG ATG GAC ACC CTG ATG ACT GAC CCA GTG CGT CTG CCG TCT GGC ACC ATC GGT GAC CGT TCT ATC ATC CTG CGT CAC CTG CTG AAC TCT CCG ACC GAC CCA TTC AAC CGC CAG ACC CTG ACC GAG TCT ATG CTG GAA CCA GTT CCG GAG CTG AAA GAA CAG ATC CAG GCG TGG ATG CGT,-1.9362872186713465
GAT GCG CCA GAT GAA TTC CGT GAC CCG CTG ATG GAC ACC CTG ATG ACC GAT CCG GTG CGT CTG CCG TCT GGC ACC ATC ATG GAT AAC TCC ATT ATC CTC CGC CAC CTG CTC AAC TCT CCG ACC GAC CCG TTC AAC CGT CAG ACC CTG ACC GAA TCT ATG CTG GAA CCG GTG CCG GAA CTG AAC GAA CAG ATC CAG GCT TGG ATG CGT,-2.2604638598638216
GAT GCT CCG GAC GAA TTT CGT AAA CCG CTG ATG GAC ACC CTG ATG ACT GAC CCA GTG CGT CTG CCG TCT GGT ACT ATC ATG CAG CGT TCT ATC ATT CTG CGT CAC CTG CTG AAC TCT CCG ACC GAC CCG TTC AAC CGT CAG ACC CTG ACC GAA TCT ATG CTG GAA CCG GTG CCA GAA CTG AAA GAA CAG ATC CAG GCG TGG ATG CGT,-2.621522716173091
GAT GCG CCG GAC GAA TTT CGT GAC CCG CTG ATG GAC ACC CTG ATG ACC GAA CCA GTT CGT CTG CCG TCC GGT ACC ATC ATG GAC CGT TCT ATC ATC CTG CGT CAC CTG CTG AAC TCT CCG ACC GAC CCG TTC AAC CGT CAG ACC CTC ACC GAA TCT ATG CTG GAG CCG GTG CCG GAA CTG CTG GAA CAG ATC CAG GCG TGG ATG CGT,1.3140778192063494
GAT GCG CCG GAT GAA TTC CGT GAC CCG CTG ATG GAC ACC CTG ATG ACC GAC CCG GTT CGT CTG CCG TCC GGT ACC ATC ATG GAC CGT TCT ATC ATC CTG CGT CAC CTG CTG AAC CAG CCG CAC GAC CCG TTC AAC CGT CAG ACC CTG ACC GAA TCT ATG CTG GAG CCG GTT CCG GAG CTG AAA GAA CAG ATC CAG GCG TGG ATG CGT,0.958319077567917
GAT GCG CCG GAT GAA TTC CGT GAC CCG CTG ATG GAC ACC CTG ATG ACC GAG CCG GTT CGT CTG CCG TCC GGT ACC ATC ATG GAC CGT TCT ATC ATC CTG CGT CAC CTG CTG AAC TCT CCG ACC GAC CCG TTC AAC CGT CAG ACC CTG ACC GAA TCT ATG CTG GAA CCA GTT CCG GAG CTC ATG GAA CAG ATC CAG GCG TGG ATG CGT,1.197424145697003
GAC GCT CCG GAT GAA TTC CGT GAC CCA CTC ATG GAT ACT CTG ATG ACC GAC CCG GTT CGT CTG CCG TCT GGC ACC ATC ATG GAC CGT TCT ATC ATC CTG CGT CAC CTG CTG AAC TCT CCG ACT GAC CCA TTC AAC CTG CAA ACC CTG ACC GAA TCT ATG CTG GAA CCG GTG CCG GAA CTG AAA GAA CAG ATC CAG GCG TGG ATG CGT,2.6092416161122083
GAC GCG CCA GAC GAA TTC CGT GAC CCG CTG ATG GAT ACT CTG ATG ACC GAC CCG GTT CGC CTG CCG CGT GGC ACC ATC ATG GAC CGT TCT ATC ATC CTG CGT CAC CTG CTG AAC TCT CCG ACC GAT CCG TTT GTT CGT CAG ACC CTG ACC GAA TCT ATG CTG GAA CCG GTG CCG GAG CTG AAA GAG CAG ATC CAG GCG TGG ATG CGT,-5.204595348566048
GAC GCT CCG GAC GAA TTC CGT GAC CCG CTG ATG GAC ACC CTG ATG ACC GAC CCG GTT CGT CTG CCG CAC GGT ACC ATC ATG GAC CGT TCT ATC ATC CTG CGT CAC CTG CTG AAC TCT CCG ACC AAA CCG TTC AAC CGT CAA ACC CTG ACC GAA TCT ATG CTG GAA CCG GTG CCG GAA CTG AAA GAA CAG ATC CAG GCG TGG ATG CGT,-3.1791376765327426
GAC GCG CCA GAC GAA TTC CGT GAC CCG CTG ATG GAC ACC CTG ATG ACC TCT CCG GTT CGC CTG CCG TCT GGT ACT ATC ATG GAC TCT TCT ATC ATC CTG CGT CAC CTG CTG AAC TCT CCG ACC GAC CCG TTC AAC CGT CAG ACC CTG ACC GAA TCT ATG CTG GAG CCG GTG CCA GAA CTC AAA GAA CAG ATC CAG GCG TGG ATG CGT,-0.3907412145485488
GAC GCG CCA GAC GAA TTC CGT CTG CCA CTG ATG GAC ACC CTG ATG ACC GAT CCG GTT CGC CTG CCG TCC GGT ACC ATC ATG ACC CGT TCT ATC ATC CTG CGT CAC CTG CTG AAC TCT CCG ACC GAC CCA TTC AAC CGT CAG ACC CTG ACC GAA TCT ATG CTG GAA CCG GTG CCG GAA CTG AAA GAA CAG ATC CAG GCG TGG ATG CGT,-0.7089954280114861
GAT GCG CCG GAT GAA TTC CGT GAC CCG CTG ATG GAC ACC CTG ATG ACC GAC CCA GTT CGT CTG CCG TCT GGT ACT ATC ATG GAC CGT TCT ATC ATC CTG CGT CAC CTG CTG AAC TCT CCG ACC GAT CCG TTC AAC CGT CAA ACC CTG ACC GAA TCT ATG CTG GAG CCG GTG CCG GAA CTG AAA GAA CAG ATC CAG GCG TGG ATG TTC,2.131208385817361
GAC GCT CCA GAC GAG TTC CGT ACT CCG CTG ATG GAC ACC CTG ATG ACC GAC CCA GTT CGT CTG CCG TCT GGC ACC ATT ATG ATT CGT TCT ATC ATC CTG CGT CAC CTG CTG AAC TCT CCG ACT GAC CCG TTC AAC CGT CAG ACC CTG ACC GAA TCT ATG CTG GAG CCG GTT CCG GAG CTC AAA GAA CAG ATC CAG GCG TGG ATG CGT,0.725790307177558
GAT GCG CCG GAC GAA TTC CGT GAC CCG CTG ATG GAC ACC CTG ATG ACC GAC CCG GTT CGT CTG CCG TCT GGC ACC ATC ATG GAC CGT TCT ATC ATC CTC CGT CAC CTG CTG CAA TCT CCG ACC GAT CCG TTC AAC CGT CAA ACT CTG ACC GAG TCT ATG CTG GAA CCG GTG CCG GAA CTG AAA GAA CAG ATC CAG GCT TGG ATG CGT,2.455802852251036
GAC GCT CCG GAC GAA TTC CGT GAC CCG CTC ATG GAC ACT CTG ATG ACC GAT CCA GTT CAC CTG CCG TCC GGT ACC ATT ATG GAC CGT TCT ATC ATC CTG CGT CAT CTG CTG AAC TCT CCG ACC GAC CCG TTC AAC CGT CAG ACC CTG ACC GAA TCT ATG CTG GAC CCA GTG CCA GAA CTC AAA GAA CAG ATC CAG GCG TGG ATG CGT,-1.3522963441669398
GAC GCT CCG GAT GAA TTC CGT GAC CCG CTG ATG GAC ACT CTG ATG ACC GAC CCG GTT CGT CTG CCG TCT GGC ACC ATC ATG GAC GCT TCT ATC ATC CTG CGT CAC CTC CTG AAC TCT CCA ACC GAT CCA TTC AAT CGC CAA ACT CTG ACC GAA TCT ATG CTG GAG CCA GTT CCA GAA CTG CGT GAA CAG ATC CAG GCG TGG ATG CGT,0.6657040587266545
GAC GCT CCG GAC GAA TTC CGT GAC CCG CTG ATG GAC ACC CTG ATG ACC GAC CCG GTT CGT CTG CCG TCT GGC ACT ATC ATG GAT CGC TCT ATC ATC CTG CGT CAC CTG CTG AAC TCT CCG ACT GAC CCG TTC AAC CGT CAG ACC CTG ACC TGC TCT ATG CTG GAG CCG GTT CCA GAA CTG AAA GAA CAG ATC CAG GCG TGG ATG CGT,1.5475005960101078
GAC GCT CCG GAC GAG TTC CGT GAC CCG CTG ATG GAC ACC CTG ATG ACC GAC CCG GTT CGT CTG CCG TCT GGT ACT ATC ATG GAC CGT TCT ATC ATC CTG CGT CAC CTG CTG AAC TAC CCG AAC GAC CCG TTC AAC CGT CAA ACC CTG ACC GAA TCT ATG CTG GAA CCA GTT CCA GAA CTG AAA GAA CAG ATC CAG GCT TGG ATG CGT,1.2424355422080362
GAT GCT CCG GAT GAA TTC CGT GAC CCG CTG ATG GAC ACC CTG ATG ACC GAC CCG GTT CGT CTG CCG TCT GGC ACT ATT ATG GAC CGT TCT ATC ATC CTG CGT CAC CTG CTG AAC TCT CCG ACC GAT CCA TTC AAC CGT CAG ACC CTC ACC GAA TCC ATG CTG ATC CCA GTG CCG GAG CTC AAA GAA CAG ATC CAG GCG TGG ATG CGT,2.773692497100741
GAT GCG CCG GAT GAA TTC CGT GAC CCG CTG ATG GAC ACC CTG ATG ACC GAT CCG GTT CGT CTG CCG TCT GGC ACC ATC ATG GAC CGT TCT ATC ATC CTC CGT CAC CTG CTG AAC TCT CCG ACC GAC CCG TTC AAT CGT CAA ACC CTG ACC TCC TCT ATG CTG GAA CCG GTG CCG GAG CTG AAA GAA CAG ATC CAG GCT TGG ATG CGT,2.0592482858883816
GAC GCG CCA GAT GAA TTC CGT GAC CCG CTG ATG GAC ACC CGT ATG ACC GAT CCG GTT CGT CTG CCG TCT GGC ACC ATC ATG GAC CGT TCT ATC ATC CTG CGT CAC CTG CTG AAC TCT CCG ACC GAC CCG TTC AAC CGT CAA ACC CTG ACC GAA TCT ATG CTG GAG CCG GTT CCG GAG CTC AAG GAA CAG ATC CAG GCT TGG ATG CGT,-0.3302506307080275
GAC GCT CCG GAC GAA TTC CGT GAC CCG CTG ATG GAC ACC CTG ATG ACC GAT CCG GTT TTT CTG CCG TCT GGT ACT ATC ATG GAC CGT TCT ATC ATC CTG CGT CAC CTG CTG AAC TCT CCG ACC GAC CCG TTC AAC CGT CAG ACC CTG ACC GAA TCT ATG CTC GTT CCG GTG CCG GAA CTG AAA GAA CAA ATC CAG GCT TGG ATG CGC,0.658918158166901
GAT GCT CCG GAC GAA TTC CGT GAC CCG CTG ATG GAC ACC CTG ATG ACC GAC CCG GTT CGT CTG CCG TCC GGT ACC ATC ATG GAC CGT TCT ATC ATC CTG CGT CAC CTG CTG AAC TGG CCG ATC GAC CCG TTC AAC CGT CAG ACC CTG ACC GAA TCT ATG CTG GAA CCG GTG CCA GAA CTG AAA GAA CAG ATC CAG GCG TGG ATG CGT,1.3755307885293244
GAC GCT CCA GAT GAA TTC CGT GAC CCG CTG ATG GAC ACC CTG ATG ACC GAT CCA GTG CGT CTG CCA TCT GGC ACC ATC ATG GAC CGT TCT ATC ATC CTG CGT CAC CTG CTG AAC TCT CCG ACC GAC CCA TTT AAC CGT CAA ACC CTG ACT GAG TCC ATG CTG GAA CCA GTT CCG GAG TTT AAA GAA CAG ATC CAG GCG TGG ATG CGT,0.5951837170716374
GAC GCT CCG GAC GAA TTC CGT GAC CCG CTG ATG GAC ACC CTG ATG ACC GAT CCG GTG CGT CTG CCG TCT GGC ACC ATC ATG GAC CGT TCT ATC ATC CTG CGT CAC CTC CTC AAC TCT CCG ACC GAC CCA TTC AAC CGC CAG ACC CTG ACC GAA TCT ATG GAC GAA CCA GTT CCA GAA CTG AAA GAA CAG ATC CAG GCG TGG ATG CGT,-1.3023417649056728
GAC GCG CCA GAC GAA TTC CGT GAC CCG CTG ATG GAC ACC CTG ATG ACC GAT CCG GTG CGC CTG CCG TCT GGT ACT ATC ATG GAC CGT TCT ATC ATC CTG CGT CAC CTG CTG AAC TGC CCA GAT GAC CCG TTC AAC CGT CAG ACC CTG ACC GAA TCT ATG CTG GAA CCA GTG CCA GAA CTG AAA GAA CAG ATC CAG GCG TGG ATG CGT,1.0179852375487148
GAC GCG CCA GAC GAG TTC CGT GAC CCG CTG ATG GAC ACC CTG ATG ACC GAC CCG GTG CGC CTC CCA TCT GGC ACC ATC ATG GAC CGT TCT ATC ATC CTG CGT CAC CTG CTG AAC TCT CCG ACT GAT CCG TTC AAC CGT CAG ACC CTG ACC GAA TCT ATG CTG GAA ATG GTT CCG GAG CTG AAA GAA CAG ATC CAG GCG TGG ATG CGT,1.1345435591487243
GAT GCG CCG GAT GAA TTC CGT GAC CCG CTG ATG GAC ACC CTG ATG ACC GAC CCG GTG CGT CTG CCG TCT GGC ACC ATC ATG GAC CGT TCT ATC ATC CTG CGT CAC CTG CTG AAC TCT CCG ACT GAC CCG TTT AAC CGT CAG ACC CTG ACC GAA TCT ATG CTG GAA CCG GTG CCG GAA CTG AAA CCG CAG ATC CAG GCG TGG ATG CGT,-2.9044890684614098
GAC GCG CCA GAT GAA TTC CGT GAC CCG CTG ATG GAC ACC CTG ATG ACC GAT CCA GTG CGC CTG CCG TTC GGT ACC ATC ATG GAC CGT TCT ATC ATC CTG CGT CAC CTG CTG AAC TCT CCG ACC GAC CCG TTC ATG CGT CAG ACT CTG ACC GAA TCT ATG CTG GAG CCG GTG CCG GAA CTG AAA GAA CAG ATC CAG GCG TGG ATG CGT,0.3680050817773799
GAC GCT CCG GAC GAA TTC CGT GAC CCG CTG ATG GAC ACC CTG ATG ACT GAC CCG GTT CGT CTG CCG TCC GGT ACC ATT ATG GAC GCT TCT ATC ATC CTG CGT CAC CTG CTG AAC TCT CCG ACC GAC CCA TTC AAC CGC CAG ACC CTG ACC GAA TCC ATG CTG GAA CCG GTG CCG GAG CTG GAA GAA CAG ATC CAG GCG TGG ATG CGT,-0.1753381221464211
GAC GCT CCG GAC GAA TTC CGT GAT CCG CTG ATG GAC ACC CTG ATG ACC GAT CCG GTT CGT CTG CCG ACC GGT ACC ATC ATG GAC CGT TCT ATC ATC CTG CGT CAC CTG CTG AAC TCT CCG ACC GAC CCA TTC ACC CGT CAG ACC CTG ACC GAA TCT ATG CTG GAA CCA GTT CCA GAA CTG AAA GAA CAG ATC CAG GCG TGG ATG CGT,2.080066763714504
GAT GCT CCG GAC GAA TTC CGT GAC CCG CTG ATG GAC ACT CTG ATG ACC GAC CCG GTT CGT CTG CCG AAA GGT ACC ATC ATG GAC CGT TCT ATC ATC CTG CGT CAC CTG CTG AAT TCT CCG ACT GAC CCA TTC ATG CGC CAA ACC CTG ACC GAA TCT ATG CTG GAG CCA GTT CCA GAA CTG AAA GAA CAG ATC CAG GCG TGG ATG CGC,-2.0889197431729225
GAT GCG CCG GAC GAA TTC CGT GAC CCG CTG ATG GAC ACC CTG ATG ACC GAC CCG GTT CGT CTG CCG TCT GGC ACC ATC ATG GAC CGT TCT ATC ATC CTG CGT CAC CTG CTG AAC CTG CCG ATG GAC CCG TTC AAC CGT CAG ACT CTG ACC GAA TCT ATG CTG GAA CCG GTG CCG GAA CTG AAG GAA CAG ATC CAG GCT TGG ATG CGC,1.012239760832956
GAT GCG CCG GAC GAA TTC CGT GAC CCG CTG ATG GAC ACC CTG ATG ACC TAC CCG GTT CGT CTG CCG TCT GGC ACC ATC ATG GAC CGT TCT ATC ATC CTG CGT CAC CTG CTG AAC TCT CCG ACC GAC CCG TTT AAC CGT CAG ACC CTG ACC GAA TCT ATG CTG GAA CCA GTG CCG GAG CTC GTT GAA CAG ATC CAG GCG TGG ATG CGT,0.6180316824448164
GAC GCT CCG GAC GAA TTC CGT GAC CCG CTG ATG GAC ACC CTG ATG ACC GAT CCG GTT CGT CTC CCG TCT GGC ACC ATC ATG GAT GAA TCT ATC ATC CTG CGT CAC CTG CTG AAC TCT CCG ACC GAC CCG TTC AAC CGC CAG ACC CTG ACC GAG TCT ATG CTG GAA CCG GTG CCG GAA CTG AAT GAA CAG ATC CAG GCG TGG ATG CGT,-1.4546970506519297
GAC GCT CCG GAC GAA TTC CGT TTC CCG CTG ATG GAC ACC CTG ATG ACC GAC CCG GTT CGT CTG CCG TCT GGC ACC ATT ATG TTC CGT TCT ATC ATC CTG CGT CAC CTG CTG AAC TCT CCG ACT GAC CCG TTC AAC CGT CAG ACC CTG ACC GAA TCT ATG CTG GAG CCG GTT CCA GAA CTG AAA GAA CAG ATC CAG GCG TGG ATG CGT,0.9634117165657976
GAT GCG CCG GAC GAA TTC CGT GAC CCA CTG ATG GAC CCG CTG ATG ACC GAC CCG GTT CGT CTG CCG TCC GGT ACC ATC ATG AAC CGT TCT ATC ATC CTG CGT CAC CTG CTG AAC TCT CCG ACT GAC CCA TTC AAC CGT CAG ACC CTG ACC GAA TCT ATG CTG GAA CCG GTG CCG GAA CTG AAA GAA CAG ATC CAG GCT TGG ATG CGT,-3.0814847997994086
GAC GCT CCA GAC GAG TTC CGT GAT CCA CTC ATG GAC GCG CTC ATG ACC GAC CCG GTT CGC CTG CCG TCT GGT ACT ATC ATG TGT CGT TCT ATC ATC CTG CGT CAT CTG CTG AAC TCT CCG ACT GAC CCG TTC AAT CGT CAG ACC CTG ACC GAA TCT ATG CTG GAA CCA GTT CCA GAG CTG AAA GAA CAG ATC CAG GCG TGG ATG CGC,1.160797819950381
GAC GCT CCG GAC GAA TTC CGT GAC CCG CTG ATG GAC ACC CTG ATG ACC ATC CCG GTT CGT CTG CCG TCC GGT ACC ATT ATG GAC CGT TCT ATC ATC CTG CGC CAC CTG CTC AAC TCT CCG ACC GAC CCG TTC AAT CGC CAG ACC CTG ACC GAA TCT ATG CTG GAA CCG GTG CCG GAA CTG TGG GAA CAG ATC CAG GCG TGG ATG CGT,1.177683325360105
GAC GCT CCA GAC GAA TTC CGT GAC CCA CTC ATG GAT ACC CTG ATG ACC ATG CCG GTG CGT CTG CCG TCT GGT ACT ATC ATG GAC CGT TCT ATC ATC CTG CGT CAC CTG CTC AAC TCT CCA ACT GAC CCG TTC AAT CGC CAG ACC CTG ACC GAA TCT ATG CTG GAA CCG GTG CCG GAA CTG AAA GAA CAG ATC CAG GCG TGG ATG CGT,0.2553218964222716
GAC GCT CCG GAC GAA TTC CGT GAC CCA CTG ATG GAC ATG CTC ATG ACC GAC CCG GTG CGT CTG CCG TCC GGT ACC ATC ATG TTC CGT TCT ATC ATC CTG CGT CAC CTG CTG AAC TCT CCG ACT GAC CCG TTC AAC CGT CAG ACC CTG ACC GAA TCT ATG CTG GAA CCG GTG CCG GAA CTG AAA GAA CAG ATC CAG GCG TGG ATG CGT,1.120907283506286
GAT GCG CCG GAC GAA TTC CGT GAC CCG CTG ATG GAC ACC CTG ATG ACC GAT CCG GTT CGT CTG CCG GAA GGT ACC ATC ATG GAC CGT TCT ATC ATC CTG CGT CAC CTG CTG AAC TCT CCG ACC CGT CCG TTT AAT CGC CAG ACT CTG ACC GAA TCT ATG CTG GAA CCG GTG CCA GAG CTC AAA GAA CAG ATC CAG GCG TGG ATG CGT,-2.7964453326183536
GAC GCG CCA GAT GAA TTC CGT GAC CCG CTG ATG GAC ACC CTG ATG ACC GAC CCG GTT CGT CTG CCG TCT GGC ACC ATC ATG GAC CGT TCT ATC ATC CTG CGT CAC CTG CTG AAC TAC CCG TGG GAC CCG TTC AAC CGT CAA ACC CTG ACC GAA TCT ATG CTG GAG CCG GTG CCG GAA CTG AAA GAA CAG ATC CAG GCT TGG ATG CGT,3.149572321802664
GAT GCG CCG GAC GAA TTC CGT GAC CCG CTG ATG GAC ACC CTG ATG ACC GCT CCG GTG CGT CTG CCG TCT GGC ACC ATC ATG GAC CTG TCT ATC ATC CTG CGT CAC CTG CTG AAC TCT CCG ACT GAC CCG TTC AAC CGT CAG ACC CTG ACC GAA TCT ATG CTG GAA CCG GTG CCG GAA CTG AAA GAA CAG ATC CAG GCG TGG ATG CGT,1.059439520989152
GAT GCG CCG GAC GAA TTC CGT GAC CCG CTG ATG GAC ACC CTG ATG ACC GAC CCG GTT CGT CTG CCG TCT GGC ACC ATC ATG GAC CGT TCT ATC ATC CTG CGT CAC CTG CTG AAC TCT CCG ACC GAT CCG CAC AAC CGT CAA ACC CTG ACC GAA TCT ATG CTG GAA CCG GTG CCG GAA CTG AAA GAA CAG ATC CAG GCT TGG ATG CGT,-0.4497951787157368
GAT GCG CCG GAC GAA TTC CGT GAC CCG CTG ATG GAC ACC CTG ATG ACC GAC CCG GTT CGT CTG CCG TCT GGC ACC ATT ATG GAC CGT TCT ATC ATC CTG CGT CAC CTG CTG AAC TCT CCG ACT GAC CCG TTC AAC CGT CAA ACC CTG ACC GAA TCT ATG CTG GAG CCG GTT CCG GAG CTG AAA GAA CAG ATC CAG GCG TGG CGT CGT,1.4036331373776103
GAT GCG CCA GAT GAA TTC CGT GAC CCG CTG ATG GAC ATC CTC ATG ACT GAC CCA GTT CGT CTG CCA TCT GGT ACT ATC ATG GCG CGT TCC ATT ATC CTG CGC CAC CTC CTC AAC TCT CCG ACC GAT CCG TTT AAC CGT CAA ACT CTG ACC GAA TCT ATG CTG GAA CCA GTT CCG GAG CTG AAA GAA CAG ATC CAG GCG TGG ATG CGT,0.5242296099631907
GAT GCT CCG GAT GAA TTC CGT GAC CCG CTG ATG GAC ACC CTG ATG ACC GAC CCG GTT CGT CTG CCG TCT GGC ACC ATC ATG GAC CGT TCT ATC ATC CTG CGT CAC CAG CTG AAC TCT CCG ACC GAT CCG TTC AAC CGT CAG ACC CTG ACC GAA TCT ATG CTG GAA CCG GTG CCG GAA CTG AAA GAA CAG ATC CAG GCG TGG ATG CGT,-4.197622573698123
GAC GCT CCG GAT GAA TTC CGT GAC CCG CTG ATG GAC ACC CTG ATG ACT GAC CCG GTT CGT CTG CCG TCC GGT ACC ATC ATG GAC CGT TCT ATC ATC CTG CGT CAC CTG AAC AAT TCT CCG ACC GAT CCG TTT AAC CGC CAG ACT CTG ACC GAA TCC ATG CTG GAA CCA GTT CCA GAG CTG AAA GAA CAG ATC CAG GCG TGG ATG CGT,1.9227275380076376
GAC GCG CCA GAC GAA TTC CGT GAC CCG CTG ATG GAC ACC CTG ATG ACC GAT CCG GTT CGT CTC CCG TCC GGT ACC ATC ATG GAC CGT TCT ATC ATC CTG CGT CAC CTG CTG AAC TCT CCG ACC GAC CCG TTC AAC CGC CAA ACC CTG ACC GAA TCT ATG CTG GAA CCG GTG CCG GAA CTG AAA GAA CAG ATC ATG GCG TGG ATG CGT,2.929163380179176
GAT GCG CCG GAC GAA TTT CGT GAC CCG CTG ATG GAC ACC CTG ATG ACC TCT CCA GTT CGT CTG CCG TCT GGC ACC ATT ATG GAC CGT TCT ATC ATC CTG CGC CAC CTG CTC AAC TCT CCG ACC GAT CCG TTC AAT CGT CAG ACC CTC ACC GAA TCT ATG CTG GAA CCG GTG CCG GAA CTG ACC GAG CAG ATC CAG GCG TGG ATG CGT,-0.0327716006698649
GAT GCT CCG GAT GAA TTC CGT GAC CCG CTG ATG GAC ACC CTG ATG ACT GAC CCG GTT CGT CTG CCG TCT GGC ACC ATC ATG GAC CGT TCT ATC ATC CTG CGT CAC CTG CTG AAC TCT GCG ACC GAC CCG TTC AAC CGT CAA ACC CTG ACC GAA TCT ATG CTG GAA CCG GTG CCG GAA CTG AAA GAA CAG ATC CAG GCT TGG ATG CGC,2.3724183061287
GAT GCG CCG GAT GAA TTC CGT GAC CCG CTG ATG GAC ACC CTG ATG ACC GAC CCG GTT CGT CTG CCG TGC GGT ACC ATC ATG GAC CGT TCT ATC ATC CTG CGT CAC CTG CTG AAC TCT CCG ACC GAT CCG TTC CGT CGT CAG ACC CTG ACC GAA TCT ATG CTG GAA CCG GTG CCG GAG CTG AAA GAA CAG ATC CAG GCG TGG ATG CGT,1.1156044651010095
GAT GCG CCG GAC GAG TTT CGT GAC CCG CTG ATG GAC ACC CTG ATG ACC ACT CCG GTT CGT CTG CCG TCT GGT ACT ATC ATG GAC CCG TCT ATC ATC CTG CGC CAC CTG CTG AAC TCT CCG ACC GAT CCG TTT AAC CGT CAG ACC CTG ACC GAA TCT ATG CTG GAA CCG GTG CCG GAA CTC AAA GAA CAG ATC CAG GCG TGG ATG CGC,-0.4521110878020448
GAT GCG CCG GAC GAA TTC CGT GAC CCG CTG ATG GAC ACC CTG ATG ACT GAC CCA GTT CGC CTG CCG TCT GGC ACC ATC ATG GAC CGT TCT ATC ATC CTG CGT CAC CTC CTG AAC TCT CCG ACC GAC CCA TTC AAC CGT CAG ACC CTG ACC GAA TCT ATG CTG GAA ACC GTG CCG GAA CTG AAA GAA CAG ATC CAG GCG TGG ATG CGT,1.3980409342584696
GAC GCT CCG GAC GAA TTC CGT GAC CCG CTG ATG GAC ACC CTG ATG ACT GGC CCG GTT CGT CTG CCG TCT GGC ACC ATC ATG GAC TGG TCT ATC ATC CTG CGT CAC CTG CTG AAC TCT CCG ACC GAC CCG TTC AAC CGC CAG ACT CTG ACC GAA TCT ATG CTG GAA CCG GTG CCG GAA CTG AAA GAA CAG ATC CAG GCG TGG ATG CGT,1.1034128059921748
GAT GCG CCG GAT GAA TTC CGT GAC CCG CTG ATG GAC ACC CTC ATG ACT GAC CCA GTG CGC CTG CCA TCC GGT ACC ATC ATG GAC CGT TCT ATC ATC CTG CGT CAC CTG CTG AAC TCT CCG ACC GAC CCG GTT AAT CGT CAG ACC CTG ACC GAA TCT ATG CTG GAA CCG GTG CCG GAA CTG AAA GAA CAG ATC CAG GCT TGG ATG CGT,0.3037796627100562
GAC GCT CCG GAC GAA TTC CGT GAC CCG CTG ATG GAC ACC CTG ATG ACC GAT CCG GTT CGT CTG CCG CAG GGT ACC ATC ATG GAC CGT TCT ATC ATC CTG CGT CAC CTG CTG AAC TCT CCG ACC GAC CCG TTC AAA CGT CAG ACC CTG ACC GAA TCT ATG CTG GAA CCG GTG CCG GAA CTG AAA GAA CAG ATC CAG GCG TGG ATG CGT,-3.264300332626905
GAC GCG CCA GAC GAA TTC CGT GAC CCG CTG ATG GAC ACC CTG ATG ACC GAT CCG GTT TGG CTG CCG TCT GGT ACT ATC ATG GAC CGT TCT ATC ATC CTG CGT CAC CTG CTG AAC TCT CCG ACC GAC CCG TTC AAC CGT CAG ACC CTG ACC GAA TCT ATG CTG CCA CCG GTT CCG GAG CTG AAA GAA CAG ATC CAG GCG TGG ATG CGT,-0.7898955994911552
GAC GCT CCG GAT GAA TTC CGT GAC CCG CTG ATG GAC CTG CTG ATG ACC GAC CCG GTT CGT CTG CCG TCC GGT ACC ATC ATG TTC CGT TCT ATC ATC CTG CGT CAC CTC CTG AAC TCT CCA ACC GAT CCG TTC AAC CGT CAG ACC CTG ACC GAA TCT ATG CTC GAA CCA GTG CCG GAG CTG AAA GAA CAG ATC CAG GCG TGG ATG CGT,0.978581422957131
GAC GCG CCA GAT GAA TTC CGT CCG CCG CTG ATG GAC ACT CTG ATG ACC GAT CCG GTT CGT CTG CCG TCT GGC ACC ATC ATG GAC CGT TCT ATC ATC CTC CGT CAC CTG CTG AAC TCT CCG ACT GAT CCG TTC AAT CGT CAG ACC CTG ACC GAA TCT ATG CTG GAG CCG GTG CCG GAA CTG AAA GAA CAG ATC CAG GCG TGG ATG CGT,-0.4532060161703802
GAT GCG CCG GAC GAA TTC CGT TAC CCG CTG ATG GAC ACC CTC ATG ACC GAC CCG GTT CGT CTG CCG TCT GGC ACC ATC ATG AAC CGT TCT ATC ATC CTG CGT CAC CTG CTG AAC TCT CCG ACC GAT CCG TTC AAT CGT CAG ACC CTG ACT GAA TCT ATG CTG GAA CCG GTG CCG GAA CTG AAA GAA CAG ATC CAG GCT TGG ATG CGC,-1.679910530324338
GAT GCG CCA GAC GAA TTC CGT GAC CCG CTG ATG GAC ACC CTG ATG ACC GAC CCG GTT ACC CTG CCG TCC GGC ACC ATC ATG GAC CGT TCT ATC ATC CTG CGT CAC CTG CTG AAC TCT CCA ACC GAT CCG TTC AAC CGT CAG ACC CTG ACC GAA TCT ATG CTG CAC CCA GTG CCA GAG CTC AAA GAA CAG ATC CAG GCG TGG ATG CGT,-0.6746414051547961
GAC GCG CCA GAT GAA TTC CGT GAC CCG CTG ATG GAC ACC CTG ATG ACC GAC CCG GTT CGT CTC CCG TCT GGC ACC ATC ATG GAC CGT TCT ATC ATC CTG CGT CAC CTG CTG AAC TCT CCA ACT GAC CCG TTC AAC CGC CAG ACC CTG ACC GAA TCT ATG CTG GAA CCA GTG CCG GAG CTG TCT GAA CAG ATC CAG GCG TGG ATG CGT,1.1954968961778492
GAT GCG CCG GAC GAA TTC CGT GAC CCG CTC ATG GAT ACC CTG ATG ACT GAC CCA GTG CGT CTG CCG TCT GGC ACC ATC ATG GAC TCT TCT ATC ATC CTC CGT CAC CTG CTG AAC TCT CCA ACC GAC CCG TTC AAC CGT CAG ACC CTG ACC GAA TCT ATG CTG GAG CCA GTT CCA GAA CTG ATG GAA CAG ATC CAG GCG TGG ATG CGT,-0.0656716516059455
GAC GCT CCA GAC GAA TTC CGT GAT CCG CTG ATG GAC ACC CTG ATG ACC TCT CCG GTT CGC CTC CCG TCT GGC ACC ATC ATG GAC GCT TCT ATC ATC CTG CGT CAC CTG CTG AAC TCT CCG ACC GAC CCA TTC AAC CGT CAG ACC CTG ACC GAA TCT ATG CTG GAG CCG GTT CCA GAG CTG AAA GAA CAG ATC CAG GCG TGG ATG CGT,1.9852948285186824
GAT GCG CCG GAC GAA TTC CGT GAC CCG CTG ATG GAC ATC CTG ATG ACT GAC CCG GTT CGT CTG CCG TCC GGT ACT ATT ATG ATG CGT TCT ATC ATC CTG CGT CAC CTG CTG AAC TCT CCG ACC GAC CCG TTC AAC CGT CAG ACC CTG ACC GAA TCT ATG CTG GAA CCG GTG CCG GAA CTG AAA GAA CAG ATC CAG GCG TGG ATG CGC,0.6282902564365271
GAC GCT CCA GAC GAA TTC CGT GAC CCG CTG ATG GAC GTT CTG ATG ACC GAC CCG GTT CGC CTG CCG TCT GGT ACT ATC ATG GCG CGC TCT ATC ATC CTG CGT CAC CTG CTG AAC TCT CCG ACT GAC CCG TTC AAC CGT CAG ACC CTG ACC GAA TCT ATG CTG GAG CCG GTT CCG GAG CTG AAA GAA CAG ATC CAG GCG TGG ATG CGT,-0.089258617960427
GAT GCG CCG GAC GAA TTC CCG GAC CCG CTG ATG GAC ACC CTG ATG ACC GAC CCG GTT CGT CTG CCG TCT GGC ACC ATC ATG GAC CGT TCT ATC ATC CTG CGT CAC CTG CTG AAC TCT CCG ACT GAC CCG TTT AAC CGC CAG ACT CTG ACC GAA TCT ATG CTG GAG CCG GTT CCG GAG CTG AAA GAA CAG ATC CAG GCG TGG ATG CGT,-0.7535262140826218
GAC GCT CCG GAC GAA TTC CGC GAC CCG CTG ATG GAC ACC CTC ATG ACC GAC CCG GTT TGC CTC CCG TCT GGT ACT ATC ATG GAC CGT TCT ATC ATC CTG CGT CAC CTG CTG AAC TCT CCG ACC GAT CCG TTC AAC CGT CAG ACC CTG ACC GAA TCT ATG CTG TGG CCA GTG CCG GAA CTG AAA GAA CAG ATC CAG GCG TGG ATG CGT,1.0515910456833506
GAC GCG CCA GAC GAA TTC CGT GAC CCG CTC ATG GAC ACC CTG ATG ACC GAC CCG GTG CGT CTC CCA TCT GGT ACT ATC ATG GTT CGT TCT ATC ATC CTG CGT CAC CTG CTG AAC TCT CCG ACT GAC CCG TTC AAC CGT CAA ACC CTG ACC GAA TCT ATG CTG GAG CCA GTT CCG GAG CTG AAA GAA CAG ATC CAG GCG TGG ATG CGT,0.1686993271193596
GAT GCG CCG GAC GAA TTC CGT GAC CCG CTG ATG GAC ACC CTG ATG ACC GAC CCG GTT CGT CTG CCG TCC GGT ACC ATC ATG GAC CGT TCT ATC ATC CTG CGT CAC CTG CTG AAC CGT CCG TGG GAC CCG TTC AAC CGT CAG ACC CTG ACC GAA TCT ATG CTG GAA CCA GTT CCG GAG CTG AAA GAA CAG ATC CAG GCG TGG ATG CGT,2.0487440755623734
GAC GCG CCA GAT GAA TTC CGT GAC CCG CTG ATG GAC ACC CTG ATG ACC GAC CCG GTT CGT CTG CCG AAC GGT ACC ATC ATG GAC CGT TCT ATC ATC CTG CGT CAC CTG CTG AAC TCT CCG ACC CAC CCG TTC AAC CGT CAA ACT CTG ACC GAA TCT ATG CTG GAA CCG GTG CCG GAA CTG AAA GAA CAG ATC CAG GCG TGG ATG CGT,0.5707636065634282
GAC GCG CCA GAC GAA TTC CGT GAC CCG CTG ATG GAC ACC CTG ATG ACC GAT CCG GTT TTC CTG CCA TCT GGC ACC ATC ATG GAC CGT TCT ATC ATC CTG CGT CAC CTG CTG AAC TCT CCG ACC GAC CCG TTC AAC CGT CAG ACC CTG ACC GAA TCT ATG CTG GAC CCG GTG CCG GAA CTG AAA GAA CAG ATC CAG GCT TGG ATG CGC,-0.7428431723998027
GAC GCG CCA GAT GAA TTC CGT GAC CCG CTG ATG GAC ACC CTG ATG ACC GAC CCG GTT CGT CTG CCG TCT GGT ACT ATC ATG GAC GGT TCT ATC ATC CTG CGT CAC CTG CTG AAC TCT CCG ACT GAC CCG TTC AAC CGC CAG ACC CTG ACC GAA TCT ATG CTG GAG CCA GTG CCG GAA CTG CTG GAA CAG ATC CAG GCG TGG ATG CGT,0.3184743076896548
GAC GCT CCG GAC GAA TTC CGT GAC CCG CTG ATG GAC ACC CTG ATG ACT GAC CCG GTT AAA CTG CCG TCT GGT ACT ATT ATG GAC CGC TCT ATC ATC CTG CGT CAC CTG CTG AAC TCT CCG ACC GAC CCG TTC AAC CGT CAG ACC CTG ACC GAA TCT ATG CTG GCT CCA GTG CCA GAA CTC AAA GAA CAG ATC CAG GCG TGG ATG CGT,1.2022781158062703
GAC GCG CCA GAC GAA TTC CGT GAC CCG CTG ATG GAC ACC CTG ATG ACC TCT CCG GTT CGT CTC CCG TCT GGT ACT ATC ATG GAC GTT TCT ATC ATC CTG CGT CAC CTG CTG AAC TCT CCG ACC GAC CCG TTC AAC CGT CAG ACC CTG ACC GAA TCT ATG CTG GAG CCG GTT CCG GAG CTG AAA GAA CAG ATC CAG GCG TGG ATG CGT,0.781653250613203
GAC GCT CCG GAC GAA TTC CGT GAC CCG CTG ATG GAC ACC CTG ATG ACC GAC CCG GTT CGT CTG CCA ATC GGT ACC ATC ATG GAC CGT TCT ATC ATC CTG CGT CAC CTG CTG AAC TCT CCG ACC ATC CCG TTC AAC CGT CAG ACC CTG ACC GAA TCT ATG CTG GAG CCG GTT CCA GAA CTG AAA GAA CAG ATC CAG GCG TGG ATG CGT,-1.2717720506827166
GAT GCG CCG GAC GAA TTC CGT GAC CCG CTG ATG GAC ACC CTG ATG ACT ATG CCG GTT CGT CTG CCG TCT GGC ACC ATT ATG GAC CAG TCT ATC ATC CTG CGT CAC CTG CTG AAC TCT CCG ACC GAT CCG TTC AAC CGT CAG ACC CTG ACC GAA TCT ATG CTG GAA CCA GTG CCG GAG CTG AAA GAA CAG ATC CAG GCG TGG ATG CGT,-0.7326354362077365
GAC GCT CCG GAC GAG TTC CGT GAC CCG CTG ATG GAC ACC CTG ATG ACC TCT CCG GTT CGT CTG CCG TCT GGC ACC ATC ATG GAC AAC TCT ATC ATC CTC CGC CAC CTC CTG AAC TCT CCG ACC GAC CCA TTC AAC CGT CAG ACC CTG ACC GAA TCT ATG CTG GAA CCG GTG CCG GAA CTG AAA GAA CAG ATC CAG GCG TGG ATG CGT,-1.1106538397455843
GAC GCT CCG GAC GAA TTC CGT GAC CCG CTG ATG GAC ACC CTG ATG ACC TGG CCG GTT CGC CTG CCG TCT GGC ACC ATC ATG GAC CGT TCT ATC ATC CTG CGT CAC CTG CTG AAC TCT CCG ACC GAC CCG TTT AAC CGT CAG ACC CTG ACC GAA TCT ATG CTG GAA CCG GTG CCG GAA CTG GTT GAA CAG ATC CAG GCG TGG ATG CGT,0.7098077146894606
GAT GCT CCA GAC GAA TTC CGT GAC CCG CTG ATG GAC ACC CTG ATG ACC GAC CCG GTT CGT CTC CCG TCT GGC ACT ATC ATG GAT CGT TCT ATC ATC CTG CGT CAC CTG CTG AAC TCT CCG ACT GAC CCG TTC AAC CGT CAG ACC CTG ACC GAA TCT ATG CTG GAA CCG GTG CCG ACC CTC AAA GAA CAG ATC CAG GCG TGG ATG CGT,1.9517450383198776
GAT GCG CCG GAC GAA TTC CGT GAC CCG CTG ATG GAC ACC CTG ATG ACC CTG CCG GTT CGT CTC CCG TCT GGC ACC ATC ATG GAC CGT TCT ATC ATC CTG CGT CAC CTG CTG AAC TCT CCG ACC GAC CCG TTC AAC CGT CAG ACC CTG ACC GAA TCT ATG CTG GAA CCG GTG CCG GAA CTG AAT GAA CAG ATC CAG GCT TGG ATG CGC,-0.4438647019319977
GAT GCG CCG GAC GAA TTC CGT GAC CCG CTG ATG GAC ACC CTG ATG ACC GAT CCG GTT CGT CTG CCG ATG GGT ACC ATC ATG GAC CGT TCT ATC ATC CTG CGT CAC CTG CTG AAC TCT CCG ACC GAC CCA TTC GCG CGT CAG ACC CTG ACC GAA TCT ATG CTG GAA CCA GTT CCG GAG CTC AAA GAA CAG ATC CAG GCG TGG ATG CGT,-0.1060525453542526
GAT GCG CCA GAT GAA TTC CGT GAC CCG CTG ATG GAC ACC CTG ATG ACC ATC CCG GTT CGT CTG CCG TCT GGT ACT ATC ATG GAC GAC TCT ATC ATC CTG CGT CAC CTC CTG AAC TCT CCG ACC GAC CCG TTC AAC CGT CAG ACC CTG ACC GAA TCT ATG CTG GAA CCA GTT CCA GAA CTG AAA GAA CAG ATC CAG GCG TGG ATG CGT,-0.2085378342145497
GAC GCT CCA GAC GAA TTC CGT GAC CCG CTG ATG GAC ACC CTG ATG ACC GGC CCA GTT CGC CTC CCG TCC GGT ACC ATT ATG GAC CGT TCT ATC ATC CTG CGT CAC CTG CTC AAT TCT CCG ACC GAC CCG TTT AAC CGT CAA ACT CTC ACT GAA TCT ATG CTC GAA CCA GTT CCA GAA CTG CCA GAA CAG ATC CAG GCG TGG ATG CGT,2.5931975668843616
GAC GCT CCA GAC GAA TTC CGT GAC CCG CTG ATG GAC ACC CTG ATG ACC GAC CCG GTT CGC CTG CCA TAC GGT ACC ATC ATG GAC CGT TCT ATC ATC CTG CGT CAC CTG CTG AAC TCT CCG ACC TGG CCG TTC AAC CGT CAG ACC CTG ACC GAA TCT ATG CTG GAA CCA GTT CCG GAG CTC AAA GAA CAG ATC CAG GCG TGG ATG CGT,0.3133474813258513
GAT GCG CCG GAC GAA TTC CGT GAC CCG CTG ATG GAT ATG CTG ATG ACT GAC CCG GTT CGT CTG CCG TCT GGC ACC ATC ATG AAA CGT TCT ATC ATC CTG CGT CAC CTG CTG AAC TCT CCG ACC GAC CCG TTC AAC CGT CAG ACC CTG ACC GAA TCT ATG CTG GAA CCA GTG CCG GAG CTG AAA GAA CAG ATC CAG GCG TGG ATG CGT,-0.8931928068466821
GAC GCT CCG GAC GAA TTC CGT GAC CCG CTG ATG GAC ACC CTG ATG ACT GCG CCG GTT CGT CTC CCA TCT GGC ACC ATC ATG GAC CGT TCT ATC ATC CTG CGT CAC CTG CTG AAC TCT CCG ACC GAC CCG TTC AAC CGT CAA ACC CTG ACC GAA TCT ATG CTG GAA CCG GTG CCG GAG CTG AAC GAA CAG ATC CAG GCG TGG ATG CGT,-0.7564264250023559
GAC GCG CCA GAC GAG TTC CGT GAC CCG CTG ATG GAC ACC CTG ATG ACT GAC CCA GTT CGT CTG CCA TCC GGC ACC ATC ATG GAC CGT TCT ATC ATC CTG CGT CAC CTG CCG AAC TCT CCG ACC GAC CCG TTC AAC CGT CAG ACC CTG ACC GAA TCT ATG CTG GAA CCA GTT CCA GAA CTG AAA GAA CAG ATC CAG GCG TGG ATG CGT,-4.048505896787262
GAC GCT CCG GAC GAA TTC CGT GAC CCA CTC ATG GAT ACC CTC ATG ACC GTT CCG GTT CGT CTG CCG TCT GGT ACT ATC ATG GAC GAG TCT ATC ATC CTG CGT CAC CTG CTG AAC TCT CCG ACC GAC CCG TTC AAC CGT CAA ACC CTG ACC GAA TCT ATG CTG GAA CCA GTT CCA GAG CTC AAA GAA CAG ATC CAG GCG TGG ATG CGT,-0.4220284795658821
GAC GCT CCG GAC GAA TTC CGT GAC CCG CTG ATG GAC ACC CTG ATG ACC GAT CCG GTT CGT CTG CCG TCT GGC ACC ATC ATG GAC AAA TCT ATC ATC CTG CGC CAC CTG CTG AAC TCT CCG ACC GAC CCG TTC AAT CGC CAG ACT CTG ACC GAA TCT ATG CTG GAG CCG GTG CCG GAA CTC CAC GAA CAG ATC CAG GCT TGG ATG CGT,0.7873571445583291
GAT GCG CCG GAC GAG TTC CGT GAC CCG CTG ATG GAC ACC CTG ATG ACC CTG CCA GTG CGT CTG CCG TCT GGT ACT ATT ATG GAC GTT TCT ATC ATC CTG CGT CAC CTG CTG AAC TCT CCG ACC GAC CCG TTC AAC CGC CAG ACC CTG ACT GAA TCC ATG CTG GAA CCA GTT CCG GAG CTG AAA GAA CAG ATC CAG GCG TGG ATG CGT,1.051380139058578
GAT GCG CCG GAC GAA TTC CGT GAC CCG CTG ATG GAC ACC CTG ATG ACC GAC CCG GTT CGT CTG CCG GGT GGC ACC ATC ATG GAC CGC TCT ATC ATC CTG CGC CAC CTC CTG AAT TCT CCG ACT GCG CCG TTC AAT CGC CAA ACC CTG ACC GAA TCT ATG CTG GAG CCG GTT CCA GAA CTC AAA GAA CAG ATC CAG GCG TGG ATG CGT,-0.631088558307465
GAT GCG CCG GAC GAA TTC CGT GAC CCG CTG ATG GAC ACC CTG ATG ACT GAC CCG GTT CGT CTG CCG TCT GGC ACC ATC ATG GAC CGT TCT ATC ATC CTG CGT CAC CTG CAG AAC TCT CCG ACC GAC CCG TTC AAC CGC CAG ACC CTG ACC GAA TCC ATG CTG GAG CCG GTT CCA GAA CTG AAA GAA CAG ATC CAG GCG TGG ATG CGT,2.5842080716144364
GAT GCG CCG GAT GAA TTC CGT GAC CCG CTG ATG GAC ACC CTG ATG ACC TTC CCG GTT CGT CTG CCG TCT GGC ACC ATC ATG GAC CTG TCT ATC ATC CTG CGT CAC CTG CTG AAC TCT CCG ACC GAC CCA TTC AAC CGT CAG ACC CTG ACC GAA TCT ATG CTG GAA CCA GTG CCG GAA CTG AAA GAA CAG ATC CAG GCG TGG ATG CGT,1.5773950629329614
GAT GCG CCG GAC GAA TTT CGC GAC CCG CTG ATG GAC ACC CTG ATG ACC CTG CCG GTT CGT CTC CCG TCT GGT ACT ATC ATG GAT ACC TCT ATC ATC CTG CGT CAT CTG CTG AAC TCT CCG ACC GAT CCG TTC AAC CGT CAA ACC CTG ACC GAA TCC ATG CTG GAG CCA GTG CCG GAA CTG AAA GAA CAG ATC CAG GCG TGG ATG CGT,0.0682504464886385
GAT GCT CCA GAT GAG TTC CGT GAC CCG CTG ATG GAC ACC CTG ATG ACT GCG CCG GTG CGT CTG CCG TCT GGT ACT ATC ATG GAC GGT TCT ATC ATC CTG CGT CAC CTG CTG AAC TCT CCG ACC GAC CCG TTC AAC CGT CAG ACC CTG ACC GAA TCT ATG CTG GAG CCG GTT CCA GAA CTC AAA GAA CAG ATC CAG GCG TGG ATG CGT,-1.160792859652323
GAT GCG CCG GAC GAA TTC CGT GAC CCG CTG ATG GAC ACC CTG ATG ACT GAC CCG GTT CGT CTG CCG TCT GGT ACT ATC ATG GAC CGT TCT ATC ATC CTG CGC CAC CTG CTC AAC TCT CCG ACC GAC CCG TTC AAC CGT CAG ACC CTG ACC GAA TCT ATG AAA GAA CCG GTG CCG GAA CTG AAG GAA CAG ATC CAG GCT TGG ATG CGC,-2.0630863864218894
GAT GCG CCG GAC GAA TTT CGT GAC CCG CTG ATG GAC ACC CTG ATG ACT CCG CCG GTT CGT CTG CCG TCT GGT ACT ATC ATG GAT ATG TCT ATC ATC CTG CGT CAC CTG CTG AAC TCT CCG ACC GAC CCG TTC AAC CGT CAG ACC CTG ACC GAA TCT ATG CTG GAA CCA GTT CCG GAG CTG AAA GAA CAG ATC CAG GCG TGG ATG CGT,0.1757422496835342
GAT GCG CCG GAC GAA TTC CGT GAC CCG CTG ATG GAC ACC CTG ATG ACC GAC CCG GTT CGT CTG CCG TCT GGC ACC ATC ATG GAC CGT TCT ATC ATC CTG CGT CAC CTG CTG AAC TTC CCG ATG GAC CCG TTC AAC CGT CAG ACC CTG ACC GAA TCT ATG CTG GAA CCG GTG CCG GAG CTG AAA GAA CAG ATC CAG GCT TGG ATG CGT,1.4689831959271715
GAT GCG CCG GAT GAA TTC CGT GAC CCG CTC ATG GAT ACC CTG ATG ACT GCT CCG GTG CGT CTG CCG TCT GGC ACC ATC ATG GAC GGT TCT ATC ATC CTG CGT CAC CTC CTG AAC TCT CCG ACC GAT CCG TTC AAT CGT CAG ACC CTG ACC GAA TCT ATG CTG GAG CCA GTG CCG GAA CTC AAA GAA CAG ATC CAA GCG TGG ATG CGT,0.6030723412163546
GAT GCG CCG GAT GAA TTC CGT GAC CCG CTG ATG GAC ACC CTG ATG ACC GAC CCG GTT CGT CTG CCG TCT GGC ACC ATC ATG GAC CGT TCT ATC ATC CTG CGT CAC CTG CTG AAC GCG CCA GCG GAC CCG TTC AAT CGT CAG ACC CTG ACC GAA TCT ATG CTG GAA CCA GTT CCG GAG CTG AAA GAA CAG ATC CAG GCG TGG ATG CGT,0.4556762805493207
GAT GCG CCG GAC GAG TTC CGC GAC CCG CTC ATG GAC ACC CTG ATG ACC GAC CCG GTT CGT CTG CCG TCC GGT ACC ATG ATG GAC CGT TCT ATC ATC CTG CGT CAC CTC CTG AAC TCT CCA ACT GAT CCG TTC AAC CGT CAA ACT CTG ACT GAA TCT ATG CTC GAA CCA GTG CCG GAA CTG AAA GAA CAG ATC CAG GCG TGG ATG CGT,-0.3670953794139741
GAC GCT CCG GAC GAA TTC CGT GAC CCG CTG ATG GAC ACC CTG ATG ACC GAT CCG GTT CGT CTG CCG CAC GGT ACC ATC ATG GAC CGT TCT ATC ATC CTG CGT CAC CTG CTG AAC TCT CCG ACC GAC CCA TTC CAC CGT CAG ACC CTG ACC GAA TCT ATG CTG GAA CCG GTG CCG GAA CTG AAA GAA CAG ATC CAG GCG TGG ATG CGT,-0.1969655938225435
GAT GCT CCG GAC GAG TTC CGT GAC CCA CTG ATG GAT ACT CTC ATG ACC GAC CCG GTT CGT CTG CCG TCT GGC ACC ATC ATG GAC TCT TCC ATC ATC CTC CGT CAC CTG CTG AAC TCT CCG ACC GAT CCG TTC AAC CGT CAG ACC CTG ACC GAA TCT ATG CTG GAA CCA GTG CCG GAG CTC GCG GAA CAG ATC CAG GCG TGG ATG CGT,0.0350930974404631
GAC GCT CCG GAT GAA TTC CGT GAC CCG CTG ATG GAC ACC CTG ATG ACC CAG CCG GTT CGT CTG CCG TCT GGT ACT ATC ATG GAT ATG TCT ATC ATC CTG CGT CAC CTG CTG AAC TCT CCG ACC GAC CCG TTC AAC CGT CAA ACC CTG ACC GAA TCT ATG CTG GAA CCG GTG CCG GAA CTG AAA GAA CAG ATC CAG GCG TGG ATG CGT,0.5784002898563185
GAT GCG CCG GAC GAA TTC CGT GAC CCG CTG ATG GAC ACC CTG ATG ACT GAC CCG GTT CGT CTG CCG TCT GGC ACC ATC ATG GAC CGT TCT ATC ATC CTG CGT CAC CTG CTG AAC TCT CCG ACC GAC CCG TTC AAC CGT CAG TTC CTG ACC GAA TCT ATG CTG GAG CCG GTG CCG GAA CTC AAA GAA CAG ATC CAG GCT TGG ATG CGT,3.527057842684047
GAT GCG CCG GAC GAA TTC CGT GAC CCG CTG ATG GAC TTC CTG ATG ACC GAC CCG GTT CGT CTG CCG TCC GGT ACC ATC ATG CAC CGT TCT ATC ATC CTG CGT CAC CTG CTG AAC TCT CCG ACC GAT CCA TTC AAC CGT CAG ACC CTG ACC GAA TCT ATG CTG GAA CCA GTG CCG GAG CTG AAA GAA CAG ATC CAG GCG TGG ATG CGT,0.3530146487510516
GAC GCG CCA GAT GAA TTC CGT GAC CCG CTG ATG GAC ACC CTG ATG ACT GAC CCG GTT CGT CTG CCG TCT GGC ACC ATC ATG GAC CGT TCT ATC ATC CTG CGT CAC CTG CTG AAC TCT CCG ACC GAC CCA TTC AAC CGT CCG ACC CTG ACC GAA TCT ATG CTG GAG CCG GTT CCG GAG CTG AAA GAA CAG ATC CAG GCG TGG ATG CGT,-0.6802454226616211
GAT GCG CCG GAC GAA TTT CGT GAC CCA CTG ATG GAC ACC CTG ATG ACC TGG CCG GTT CGT CTG CCG TCT GGC ACC ATT ATG GAC CCA TCC ATT ATC CTG CGT CAC CTG CTG AAC TCT CCG ACC GAC CCG TTC AAC CGT CAG ACC CTG ACC GAA TCT ATG CTG GAA CCA GTT CCA GAA CTC AAA GAA CAG ATT CAG GCG TGG ATG CGT,0.3932849482214761
GAC GCG CCA GAT GAA TTC CGT GAC CCG CTG ATG GAC ACC CTG ATG ACC GAC CCG GTT ATC CTG CCG TCT GGC ACC ATC ATG GAC CGT TCT ATC ATC CTG CGT CAC CTG CTG AAC TCT CCG ACT GAC CCG TTC AAC CGT CAG ACC CTG ACC GAA TCT ATG CTG TGG CCG GTT CCG GAG CTG AAA GAA CAG ATC CAG GCG TGG ATG CGT,0.7514633972862712
GAT GCG CCG GAT GAA TTC CGT GAC CCA CTC ATG GAT ACC CTC ATG ACC CAT CCG GTG CGT CTC CCG TCC GGC ACC ATT ATG GAT CGT TCT ATC ATC CTG CGT CAC CTG CTG AAC TCT CCG ACC GAC CCA TTC AAC CGC CAG ACC CTG ACC GAG TCT ATG CTC GAA CCA GTG CCA GAA CTG GAT GAA CAG ATC CAA GCG TGG ATG CGT,0.1302956103462934
GAT GCG CCA GAC GAA TTC CGT GAC CCG CTG ATG GAC ACT CTC ATG ACC GAT CCG GTG CGC CTG CCG TCC GGT ACC ATC ATG GAC TTC TCT ATC ATC CTG CGT CAC CTG CTG AAC TCT CCG ACC GAC CCG TTC AAC CGT CAG ACC CTG ACC GAA TCT ATG CTG GAA CCA GTT CCA GAA CTG CAC GAA CAG ATC CAG GCG TGG ATG CGT,0.654255508692063
GAT GCG CCG GAT GAA TTC CGT GAC CCG CTG ATG GAC ACC CTG ATG ACC GAC CCG GTT TTC CTG CCG TCT GGC ACC ATC ATG GAC CGT TCT ATC ATC CTG CGT CAC CTC CTG AAC TCT CCG ACC GAT CCG TTC AAC CGT CAG ACC CTG ACC GAA TCT ATG CTG TGC CCG GTT CCA GAA CTG AAA GAA CAG ATC CAG GCG TGG ATG CGT,0.680110887346009
GAC GCT CCG GAC GAA TTC CGT GAC CCG CTG ATG GAC ACC CTG ATG ACC AAG CCA GTG CGT CTG CCG TCT GGT ACT ATC ATG GAT GAC TCT ATC ATC CTG CGT CAC CTG CTG AAC TCT CCG ACT GAC CCG TTT AAC CGT CAG ACC CTG ACC GAA TCT ATG CTG GAA CCG GTG CCG GAA CTG AAG GAA CAG ATC CAG GCG TGG ATG CGT,-4.1590964954791865
GAC GCT CCG GAC GAG TTC CGT GAC CCG CTG ATG GAC ACC CTG ATG ACC ACT CCG GTT CGT CTG CCG TCC GGT ACC ATC ATG GAC CGT TCT ATC ATC CTG CGT CAC CTG CTG AAC TCT CCG ACC GAC CCG TTC AAC CGT CAA ACT CTG ACC GAA TCT ATG CTG GAA CCG GTG CCG GAA CTG GAA GAA CAG ATC CAG GCG TGG ATG CGT,0.41157066948041
GAC GCG CCA GAT GAA TTC CGT GAC CCG CTG ATG GAC ACC CTG ATG ACC CGT CCG GTT CGT CTG CCG TCT GGT ACT ATC ATG GAC CGT TCT ATC ATC CTG CGC CAC CTG CTC AAC TCT CCG ACC GAC CCG TTC AAC CGT CAG ACC CTG ACC GAA TCT ATG CTG GAA CCG GTG CCG GAG CTC TGG GAA CAG ATC CAG GCT TGG ATG CGT,1.0741115910170551
GAC GCT CCG GAC GAA TTC CGT GAC CCG CTG ATG GAC ACC CTG ATG ACC GAT CCG GTT CGT CTG CCG TCT GGC ACC ATC ATG GAC TGG TCT ATC ATC CTG CGT CAC CTG CTG AAC TCT CCG ACC GAC CCG TTC AAC CGT CAG ACC CTG ACC GAA TCT ATG CTG GAA CCG GTG CCG GAG CTG AAC GAA CAG ATC CAG GCG TGG ATG CGT,0.7624438778169099
GAT GCG CCG GAC GAA TTT CGT GAC CCG CTG ATG GAC ACC CTG ATG ACC GAC CCG GTT CGT CTG CCG TCT GGC ACC ATC ATG GAC CGT TCT ATC ATC CTG CGT CAC CTG CTG AAC AAA CCG ACT GAC CCA TTC AAT CGT CAG ACC CTG ACC GAA TCT ATG CTG GAG CCG GTT CCA GAG CTC AAA GAA CAG ATC CAG GCG TGG ATG CGT,0.971119369830896
GAT GCG CCG GAC GAA TTC CGT GAC CCG CTG ATG GAC ACC CTG ATG ACC GAC CCG GTT CGT CTG CCG TCT GGT ACT ATC ATG GAC CGT TCT ATC ATC CTG CGT CAC CTG CTG AAC AAC CCG GTG GAC CCG TTC AAC CGT CAG ACC CTG ACC GAA TCT ATG CTG GAA CCG GTG CCG GAA CTG AAA GAA CAG ATC CAG GCG TGG ATG CGT,1.7328396249961084
GAC GCT CCG GAC GAA TTC CGC GAC CCA CTG ATG GAT ACC CTC ATG ACC GAC CCG GTT CGT CTG CCG TCC GGT ACC ATT ATG GAC CGT TCT ATC ATC CTG CGT CAC CTG CTG AAC TCT ACC ACC GAT CCG TTC AAC CGT CAA ACC CTG ACC GAA TCT ATG CTG GAG CCG GTG CCG GAA CTG AAA GAA CAG ATC CAG GCG TGG ATG CGT,1.9080827560028089
GAC GCG CCA GAT GAA TTC CGT GAC CCG CTG ATG GAC ACC CTG ATG ACC GAT CCG GTG AAT CTC CCG TCT GGC ACT ATC ATG GAC CGT TCT ATC ATC CTC CGT CAC CTG CTG AAT TCT CCG ACC GAC CCG TTC AAC CGT CAG ACC CTG ACT GAA TCT ATG CTG AAA CCG GTG CCG GAA CTG AAA GAA CAG ATC CAG GCG TGG ATG CGT,-4.645027802791134
GAT GCG CCA GAC GAA TTC CGT GAC CCG CTG ATG GAC ACC CTG ATG ACC CAC CCG GTT CGT CTC CCG TCC GGT ACC ATC ATG GAC CAC TCT ATC ATC CTC CGT CAC CTG CTG AAC TCT CCG ACC GAC CCG TTT AAC CGT CAG ACC CTG ACC GAA TCT ATG CTG GAA CCA GTT CCG GAG CTG AAA GAA CAG ATC CAG GCG TGG ATG CGT,0.5442722165447835
GAC GCT CCG GAC GAA TTC CGT GAC CCG CTG ATG GAC ACC CTG ATG ACC CAG CCG GTT CGT CTC CCG TCT GGC ACC ATC ATG GAC GGT TCT ATC ATC CTG CGT CAC CTG CTG AAC TCT CCG ACC GAT CCG TTC AAC CGC CAG ACC CTG ACC GAG TCT ATG CTG GAA CCA GTG CCG GAA CTG AAG GAA CAG ATC CAG GCG TGG ATG CGT,-0.6455430881810159
GAT GCT CCG GAC GAA TTT CGT GAC CCG CTG ATG GAT ACT CTG ATG ACC GAT CCG GTT CGT CTG CCG TCT GGT ACT ATC ATG GAC AAC TCC ATC ATC CTG CGT CAC CTG CTG AAC TCT CCA ACT GAC CCG TTC AAT CGT CAG ACC CTG ACC GAA TCT ATG CTG GAA CCG GTG CCG GAA CTG CAC GAA CAG ATC CAG GCG TGG ATG CGT,-9.322341155976492
GAC GCG CCA GAT GAA TTC CGT GAC CCG CTG ATG GAC ACC CTG ATG ACC GAC CCG GTT CGT CTG CCG TTC GGT ACC ATC ATG GAC CGT TCT ATC ATC CTG CGT CAC CTG CTG AAC TCT CCG ACT GCG CCG TTC AAC CGC CAG ACC CTG ACC GAA TCT ATG CTG GAA CCG GTG CCA GAG CTG AAA GAA CAG ATC CAG GCG TGG ATG CGT,-1.8956758841693748
GAC GCG CCA GAT GAA TTC CGT GAC CCG CTG ATG GAC ACC CTG ATG ACC TGC CCG GTT CGT CTG CCG TCT GGC ACC ATC ATG GAC TTC TCT ATC ATC CTG CGT CAC CTG CTG AAC TCT CCG ACC GAC CCG TTC AAC CGT CAG ACC CTG ACC GAA TCT ATG CTG GAG CCG GTT CCA GAG CTG AAA GAA CAG ATC CAG GCG TGG ATG CGT,1.6146908954352224
GAC GCG CCA GAT GAA TTC CGT GAC CCG CTG ATG GAC ACC CTG ATG ACC GAC CCG GTT CGC CTG CCG TCT GGC ACC ATC ATG GAC CGT TCT ATC ATC CTG CGT CAC CTG CTG AAC GAA CCG TAC GAC CCG TTC AAC CGC CAG ACC CTG ACC GAA TCT ATG CTG GAA CCG GTG CCG GAA CTC AAA GAA CAG ATC CAG GCG TGG ATG CGC,2.0942458591080246
GAC GCT CCG GAC GAA TTC CGT GAC CCG CTG ATG GAC GTT CTG ATG ACC GAC CCG GTT CGT CTG CCG TCC GGT ACC ATC ATG TGG CGT TCT ATC ATC CTG CGT CAC CTG CTG AAC TCT CCG ACT GAC CCA TTC AAC CGT CAG ACC CTG ACC GAA TCT ATG CTG GAA CCG GTG CCG GAA CTG AAA GAG CAG ATC CAG GCT TGG ATG CGC,1.0739140528876447
GAT GCG CCG GAC GAA TTC CGT GAC CCG CTG ATG GAC ACC CTG ATG ACT GAC CCG GTT CGT CTG CCG TGC GGT ACC ATC ATG GAC CGT TCT ATC ATC CTG CGT CAC CTG CTG AAC TCT CCG ACC GAC CCG TTC TGG CGT CAG ACC CTG ACC GAA TCT ATG CTG GAA CCG GTG CCG GAA CTG AAA GAA CAG ATC CAG GCG TGG ATG CGT,1.2871383004574768
GAT GCG CCG GAT GAA TTC CGT GAC CCG CTG ATG GAC ACC CTG ATG ACC GAT CCG GTT CGT CTG CCG TCT GGC ACC ATC ATG GAC CGT TCT ATC ATC CTG CGT CAC CTC CTG AAC TCT CCG ACT GAC CCG TTC AAC GTT CAG ACC CTG ACC GAA TCT ATG CTG GAA CCG GTG CCG GAA CTG AAA GAA CAG ATC CAG GCG TGG ATG CGT,0.8338107187507828
GAC GCT CCG GAT GAA TTC CGT GAC CCG CTG ATG GAC ACC CTG ATG ACC GAC CCG GTT CGT CTG CCG TCT GGC ACC ATC ATG GAC CGT TCT ATC ATC CTG CGT CAC CTG CTG AAC CGT CCG TAC GAC CCG TTC AAC CGT CAA ACT CTG ACC GAA TCT ATG CTG GAA CCG GTG CCG GAG CTG AAA GAG CAG ATC CAG GCT TGG ATG CGT,1.8578197379747712
GAT GCG CCG GAC GAG TTC CGT GAC CCG CTG ATG GAC ACC CTG ATG CCG GAC CCG GTT CGT CTG CCG TCT GGT ACT ATC ATG GAC CGT TCT ATC ATC CTC CGT CAC CTG CTG AAC TCT CCG ACC GAC CCG TTC AAT CGT CAG ACC CTC ACC GAG TCT ATG CTG GAG CCG GTG CCG GAA CTG AAA GAA CAG ATC CAG GCG TGG ATG CGT,-0.0389845607777861
GAC GCT CCG GAT GAA TTC CGT GAC CCG CTG ATG GAC ACC CTG ATG ACC GAC CCG GTT CCG CTG CCG TCT GGC ACC ATC ATG GAC CGT TCT ATC ATC CTG CGT CAT CTG CTG AAT TCT CCA ACC GAT CCG TTC AAC CGT CAG ACC CTG ACC GAA TCT ATG CTG TTC CCA GTT CCA GAA CTG AAA GAA CAG ATC CAG GCG TGG ATG CGT,-0.7379254735624483
GAC GCT CCG GAC GAA TTC CGT GAC CCG CTG ATG GAC ACC CTG ATG ACC GAC CCG GTT CGT CTG CCG ATT GGC ACC ATT ATG GAC CGT TCT ATC ATC CTG CGT CAC CTG CTG AAC TCT CCG ACC GAT CCA TTC CCG CGT CAA ACC CTG ACT GAA TCT ATG CTG GAG CCA GTT CCA GAA CTG AAG GAA CAG ATC CAG GCG TGG ATG CGT,-6.447506551889892
GAT GCG CCG GAC GAA TTC CGT TGC CCG CTG ATG GAC ACC CTG ATG ACC GAC CCG GTT CGT CTG CCG TCC GGT ACT ATC ATG GCG CGC TCT ATC ATC CTG CGT CAC CTG CTG AAC TCT CCG ACT GAC CCG TTC AAC CGT CAG ACC CTG ACC GAA TCT ATG CTG GAG CCA GTT CCG GAG CTC AAA GAA CAG ATC CAG GCG TGG ATG CGT,0.9689402038686792
GAC GCT CCG GAC GAA TTC CGT GAC CCG CTG ATG GAC ACT CTG ATG ACC GAC CCG GTT CGT CTG CCG TCT GGC ACT ATC ATG GAC CGT TCT ATC ATC CTG CGT CAC CTG CTG AAC TCT CCG ACC GAT CCA TTC AAC CGC CAG ACC CTG ACC GAA TCT ATG CTG GGT CCA GTG CCG GAG CTG AAA GAA CAG ATC CAG GCG TGG ATG CGT,0.4284438061815465
GAC GCG CCA GAC GAA TTC CGT GAC CCG CTG ATG GAC ACC CTG ATG ACC CTG CCG GTT CGT CTC CCG TCT GGT ACT ATC ATG GAC AAA TCT ATC ATC CTG CGT CAC CTG CTG AAC TCT CCA ACC GAC CCG TTC AAC CGT CAG ACC CTG ACC GAA TCT ATG CTC GAA CCA GTG CCG GAA CTG AAA GAA CAG ATC CAG GCG TGG ATG CGT,-0.3203191620725589
GAC GCG CCA GAC GAA TTC CGT GAC CCG CTG ATG GAC AAC CTG ATG ACC GAC CCA GTG CGT CTG CCG TCT GGT ACT ATT ATG TGC CGT TCT ATC ATC CTG CGT CAC CTG CTG AAC TCT CCG ACT GAC CCG TTC AAC CGT CAG ACC CTG ACC GAA TCT ATG CTG GAG CCG GTT CCG GAG CTG AAA GAA CAG ATC CAG GCG TGG ATG CGT,1.2749940965101865
GAT GCT CCG GAT GAA TTC CGT GAC CCG CTG ATG GAT ACC CTG ATG ACC GAT CCG GTT CGT CTG CCG TCT GGT ACT ATC ATG GAT CGT TCT ATT ATC GCT CGT CAC CTC CTG AAC TCT CCG ACC GAC CCG TTC AAC CGT CAG ACC CTG ACC GAA TCT ATG CTG GAA CCG GTG CCG GAA CTC AAA GAA CAG ATC CAG GCG TGG ATG CGT,1.1269291447227745
GAC GCT CCG GAT GAA TTC CGC GAC CCA CTG ATG GAC ACC CTG ATG ACC GAC CCG GTT CGT CTG CCG TCT GGC ACC ATT ATG GAC CGT TCT ATC ATC CTG CGT CAC CTG CTG AAC AAA CCG ATG GAC CCG TTC AAC CGC CAG ACC CTG ACC GAA TCT ATG CTG GAG CCG GTT CCA GAG CTG AAA GAA CAG ATC CAG GCG TGG ATG CGT,0.9911525971394533
GAC GCG CCA GAC GAA TTC CGT GAC CCG CTG ATG GAC AAA CTG ATG ACC GAT CCA GTG CGT CTC CCA TCT GGC ACC ATC ATG AAC CGT TCT ATC ATC CTG CGT CAC CTG CTG AAC TCT CCG ACC GAC CCG TTC AAC CGT CAG ACC CTG ACC GAA TCT ATG CTG GAA CCA GTG CCG GAG CTG AAA GAA CAA ATC CAG GCG TGG ATG CGT,-3.357575508736488
GAC GCT CCG GAT GAA TTC CGT GAC CCG CTG ATG CAC ACT CTG ATG ACC GAC CCG GTT CGT CTG CCG TCT GGC ACC ATC ATG GAC CGT TCT ATC ATC CTG CGT CAC CTG CTG AAC TCT CCG ACT GAC CCA TTC AAC CGT CAA ACC CTG ACC GAA TCT ATG CTG GAG CCG GTG CCG GAA CTG AAA GAA CAG ATC CAG GCG TGG ATG CGT,3.29244573481473
GAT GCG CCG GAC GAG TTC CGT GAC CCG CTG ATG GAC ACC CTG ATG ACC TAC CCA GTG CGT CTG CCG TCC GGT ACT ATC ATG GAC GAT TCT ATC ATC CTG CGT CAC CTG CTG AAC TCT CCG ACT GAT CCA TTC AAT CGT CAG ACC CTG ACC GAA TCT ATG CTG GAG CCG GTT CCA GAG CTG AAA GAA CAG ATC CAG GCG TGG ATG CGT,-0.957597807131835
GAC GCT CCG GAC GAA TTC CGT GAC CCG CTG ATG GAC CCA CTC ATG ACC GAC CCG GTT CGT CTG CCG TCT GGC ACC ATC ATG GCT CGT TCT ATC ATC CTG CGT CAC CTG CTG AAC TCT CCG ACT GAC CCG TTC AAC CGT CAG ACC CTG ACC GAA TCT ATG CTG GAG CCG GTG CCG GAA CTC AAA GAA CAG ATC CAG GCG TGG ATG CGT,-3.677995343179028
GAC GCT CCG GAC GAA TTC CGT GAC CCG CTG ATG GAC ACC CTG ATG ACC GAC CCG GTT CGT CTG CCA TAC GGT ACC ATC ATG GAC CGT TCT ATC ATC CTG CGT CAC CTG CTG AAC TCT CCG ACC CTG CCA TTC AAC CGC CAG ACC CTG ACC GAA TCT ATG CTG GAA CCG GTG CCG GAA CTG AAA GAA CAG ATC CAG GCG TGG ATG CGT,-0.5819606858986353
GAT GCG CCG GAC GAA TTC CGT GTT CCG CTG ATG GAC ACC CTG ATG ACC GAT CCG GTT CGT CTG CCG TCT GGT ACT ATT ATG CGT CGT TCT ATC ATT CTG CGT CAT CTC CTG AAC TCT CCG ACC GAC CCG TTC AAC CGT CAG ACC CTG ACC GAA TCT ATG CTG GAG CCA GTT CCA GAG CTC AAG GAA CAG ATC CAG GCT TGG ATG CGT,-0.5384932381880345
GAC GCT CCG GAC GAA TTC CGT GAC CCG CTG ATG GAC ACC CTG ATG ACC GTT CCG GTT CGT CTG CCG TCT GGT ACT ATC ATG GAC AAC TCT ATC ATC CTG CGT CAC CTG CTG AAT TCT CCG ACC GAT CCG TTC AAC CGT CAG ACC CTG ACC GAA TCT ATG CTG GAA CCA GTG CCA GAA CTG AAA GAA CAG ATC CAG GCG TGG ATG CGT,-3.731773725714692
GAC GCT CCA GAC GAG TTC CGT GAC CCG CTG ATG GAC TCT CTG ATG ACT GAC CCA GTT CGT CTC CCA TCC GGT ACC ATT ATG GAC CGC TCT ATC ATC CTG CGC CAC CTG CTG AAC TCT CCG ACC GAC CCG TTT AAC CGC CAG ACC CTC ACC GAA TCC ATG CTG GAA CCG GTG CCG GAA CTG AAA GAA CAG ATC CAG GCT TGG ATG CGT,1.8908720375922163
GAC GCT CCG GAC GAA TTC CGT GAC CCG CTG ATG GAC TTC CTG ATG ACC GAT CCG GTT CGT CTG CCG TCC GGT ACC ATC ATG CTG CGT TCT ATC ATC CTG CGT CAC CTG CTG AAC TCT CCG ACC GAC CCG TTC AAC CGT CAG ACC CTG ACC GAA TCT ATG CTG GAA CCG GTG CCG GAA CTG AAA GAA CAG ATC CAG GCG TGG ATG CGC,1.1138631296795456
GAC GCT CCG GAC GAA TTC CGT GAC CCG CTG ATG GAC ACC CTG ATG ACC AAA CCA GTG CGT CTG CCG TCC GGT ACC ATC ATG GAC GCT TCT ATC ATC CTC CGT CAC CTG CTG AAC TCT CCG ACC GAC CCG TTC AAC CGT CAG ACC CTG ACC GAA TCT ATG CTG GAG CCG GTG CCA GAA CTG AAA GAA CAG ATC CAG GCG TGG ATG CGT,0.1189061012155597
GAC GCT CCA GAC GAA TTT CGT GAC CCG CTG ATG GAC ACC CTG ATG ACT GAC CCA GTT CGC CTG CCG TCT GGC ACC ATC ATG GAC CGT TCT ATC ATC CTG CGT CAC CTG CTG AAC TCT CCG ACC GAC CCG TTC AAC CGT CAA ACC CTG ACC GAA TCT ATG CTG GAA CCG GTG CCG GAA CTG AAA GAA CAG TTC CAG GCT TGG ATG CGC,-0.8500832778109504
GAC GCG CCA GAT GAA TTC CGT GAC CCG CTG ATG GAC ACC CTG ATG ACC GAC CCA GTT CAC CTC CCG TCT GGT ACT ATC ATG GAC CGT TCT ATC ATC CTG CGT CAC CTG CTG AAT TCT CCG ACT GAC CCG TTC AAC CGT CAG ACC CTG ACC GAA TCT ATG CTG AAC CCG GTG CCG GAA CTG AAA GAA CAG ATC CAG GCG TGG ATG CGC,-1.841394867674848
GAT GCG CCG GAC GAA TTC CGT GAC CCA CTG ATG GAC ACC CTG ATG ACC GAC CCG GTT CGT CTG CCA GCG GGT ACC ATC ATG GAC CGT TCT ATC ATC CTG CGT CAC CTG CTG AAC TCT CCG ACC AAA CCG TTC AAC CGT CAG ACC CTG ACC GAA TCT ATG CTG GAA CCG GTG CCG GAA CTG AAA GAA CAG ATC CAG GCG TGG ATG CGT,-3.0652974650900937
GAC GCT CCG GAC GAG TTC CGT GAC CCG CTG ATG GAC ACC CTG ATG ACT GAT CCG GTT CGT CTG CCG GGT GGC ACC ATC ATG GAC CGT TCT ATC ATC CTG CGT CAC CTG CTG AAC TCT CCG ACC GAC CCA TTT CGT CGC CAG ACC CTG ACC GAA TCT ATG CTG GAG CCG GTG CCA GAA CTC AAG GAA CAG ATC CAG GCT TGG ATG CGC,0.1649554032216616
GAC GCT CCG GAC GAA TTC CGT TTC CCG CTG ATG GAC ACC CTG ATG ACT GAC CCG GTT CGT CTG CCG TCT GGC ACC ATC ATG AAA CGT TCT ATC ATC CTG CGT CAC CTG CTG AAC TCT CCG ACC GAC CCA TTC AAC CGT CAG ACC CTG ACC GAA TCT ATG CTG GAA CCG GTG CCG GAG CTG AAA GAA CAG ATC CAG GCT TGG ATG CGT,-0.6995050282804722
GAC GCT CCG GAC GAA TTC CGT GAC CCG CTG ATG GAC ACC CTG ATG ACC GAT CCG GTT CGT CTC CCG TCT GGC ACC ATC ATG GAC AAA TCT ATC ATC CTG CGT CAC CTG CTG AAC TCT CCG ACT GAC CCG TTC AAC CGT CAG ACC CTG ACC GAA TCC ATG CTG GAA CCG GTG CCG GAA CTG TAC GAA CAG ATC CAG GCG TGG ATG CGT,1.3033973715204217
GAT GCT CCG GAC GAA TTC CGT CCG CCG CTG ATG GAC ACT CTG ATG ACC GAT CCG GTT CGT CTG CCG TCT GGT ACT ATT ATG TTC CGT TCT ATC ATC CTG CGT CAC CTC CTG AAC TCT CCG ACC GAC CCA TTC AAC CGT CAG ACC CTG ACC GAA TCT ATG CTG GAG CCA GTT CCA GAA CTG AAA GAA CAG ATC CAG GCG TGG ATG CGT,0.9148016934767518
GAC GCT CCG GAT GAA TTC CGT GAC CCA CTG ATG GAT ACT CTC ATG ACC GAT CCG GTT CGT CTG CCG TCT GGT ACT ATT ATG GAC GCT TCT ATC ATC CTG CGT CAC CTG CTG AAC TCT CCG ACC GAC CCG TTC AAC CGC CAG ACC CTG ACC GAA TCT ATG CTG GAG CCG GTG CCA GAA CTG GCG GAA CAG ATC CAG GCG TGG ATG CGT,0.3140807140496909
GAT GCG CCG GAT GAA TTC CGT GAC CCG CTG ATG GAC ACC CTG ATG ACC GAT CCG GTT CGT CTG CCG TCT GGC ACC ATC ATG GAC CGT TCT ATC ATC CTG CGT CAC CTG CTG AAC TCT CCA ACC GAC CCG TTC AAC CGT GAA ACC CTG ACC GAA TCT ATG CTG GAA CCG GTG CCG GAA CTG AAA GAA CAG ATC CAG GCT TGG ATG CGT,2.426367542928141
GAC GCT CCG GAC GAA TTC CGT GAT CCG CTG ATG GAC ACC CTG ATG ACC GAC CCG GTT CGT CTG CCG TCT GGT ACT ATC ATG GAC CGT TCT ATC ATC CTG CGT CAC CTG CTG AAC ATG CCG CGT GAC CCG TTC AAC CGT CAG ACC CTG ACC GAA TCT ATG CTG GAA CCG GTG CCG GAA CTG AAA GAA CAG ATC CAG GCG TGG ATG CGT,0.897757500102718
GAC GCT CCG GAC GAA TTC CGT GAC CCG CTG ATG GAC ACC CTG ATG ACC GAC CCG GTT CGT CTG CCG AAC GGT ACC ATC ATG GAC CGT TCT ATC ATC CTG CGT CAC CTG CTG AAC TCT CCG ACC ATC CCG TTC AAC CGC CAG ACC CTG ACC GAA TCT ATG CTG GAA CCG GTG CCG GAA CTG AAG GAA CAG ATC CAG GCG TGG ATG CGT,0.1270004668835094
GAC GCG CCA GAT GAA TTC CGT GAC CCG CTG ATG GAC ACC CTG ATG ACC ACT CCG GTT CGT CTG CCG TCT GGT ACT ATC ATG GAC TTC TCT ATC ATC CTG CGT CAC CTG CTG AAC TCT CCG ACC GAC CCG TTC AAC CGT CAG ACC CTG ACC GAA TCT ATG CTG GAA CCA GTT CCG GAG CTG AAA GAA CAG ATC CAG GCG TGG ATG CGT,0.7551642299535105
GAC GCG CCA GAT GAA TTC CGT GAC CCG CTG ATG GAC GAA CTG ATG ACC GAC CCG GTT CGT CTG CCG TCT GGT ACT ATC ATG CGT CGT TCT ATC ATC CTG CGT CAC CTG CTG AAC TCT CCG ACC GAT CCG TTC AAC CGT CAG ACC CTG ACC GAA TCT ATG CTG GAA CCG GTG CCG GAA CTG AAA GAA CAG ATC CAG GCG TGG ATG CGC,-1.2523812837887096
GAC GCT CCG GAT GAA TTC CGT GAC CCG CTG ATG GAC ACC CTG ATG ACC GAT CCG GTT TGT CTG CCG TCT GGC ACC ATC ATG GAC CGT TCT ATC ATC CTG CGT CAC CTG CTG AAC TCT CCG ACC GAC CCG TTC AAC CGT CAG ACC CTG ACC GAA TCT ATG CTG ACT CCA GTT CCA GAG CTG AAA GAA CAG ATC CAG GCG TGG ATG CGT,1.212976955751678
GAC GCT CCG GAC GAA TTC CGT GAC CCG CTG ATG GAC ACC CTG ATG ACC GAC CCG GTT CGT CTG CCG ATG GGT ACC ATC ATG GAC CGT TCT ATC ATC CTG CGT CAC CTG CTG AAC TCT CCG ACC GAA CCA TTC AAC CGT CAG ACC CTG ACC GAA TCT ATG CTG GAA CCG GTG CCA GAG CTG AAA GAA CAG ATC CAG GCG TGG ATG CGT,-1.866264678090068
GAT GCT CCG GAC GAG TTC CGT GAC CCG CTG ATG GAC ACC CTG ATG ACC GAC CCG GTT CGT CTG CCA TAC GGT ACC ATC ATG GAC CGT TCT ATC ATC CTG CGT CAC CTG CTG AAC TCT CCG ACC CAG CCG TTT AAC CGT CAG ACC CTG ACC GAA TCT ATG CTG GAA CCG GTG CCG GAA CTG AAA GAA CAG ATC CAG GCG TGG ATG CGT,-2.041107801898375
GAT GCG CCG GAC GAA TTC CGT GAC CCG CTG ATG GAC ACC CTG ATG ACT GAC CCG GTT CGT CTG CCG TCC GGT ACC ATC ATG GAC CGT TCT ATC ATC CTG CGT CAC CTG CTG AAC TCT CCG ACC GAC CCG TTC AAC CGC CAG ACC CTG ACC GAA TCT ATG CTG GAG CCG GTT CCG GAG CTG AAA GAA CAG ATC CAG GCG TGG TTC CGT,2.106424490520656
GAC GCT CCG GAT TAT TTC CGT GAC CCG CTG ATG GAC ACC CTG ATG ACT GAC CCA GTT CGT CTC CCG TCT GGC ACT ATC ATG GAC CGC TCT ATC ATC CTG CGT CAC CTG CTG AAC TCT CCA ACC GAC CCG TTC AAC CGT CAG ACC CTG ACC GAA TCC ATG CTG GAA CCG GTG CCG GAA CTG AAA GAA CAG ATC CAG GCT TGG ATG CGC,2.5445450827797456
GAT GCG CCG GAC GAA TTC CGT GAC CCG CTC ATG GAT ACC CTG ATG ACC GAT CCG GTT CGT CTG CCG TCT GGC ACC ATC ATG GAC GAC TCT ATC ATC CTG CGT CAC CTG CTG AAC TCT CCG ACT GAT CCG TTC AAC CGT CAA ACC CTG ACC GAA TCT ATG CTG GAA CCG GTG CCG GAA CTG ATG GAA CAG ATC CAG GCG TGG ATG CGT,-0.6337587394861004
GAT GCG CCG GAC GAA TTT CGT TTC CCG CTG ATG GAC ACC CTG ATG ACC GAC CCA GTT CGT CTC CCG TCT GGC ACC ATC ATG GAC CGT TCT ATC ATC CTG CGT CAC CTG CTG AAC TCT CCG ACC GAT CCG TTC AAC CGT CAG ACC CTG ACC GAA TCT ATG CTG GAA CCG GTG CCG GAA CTG AAA GAA CAG ATC CAG GCG TGG ATG CGT,0.102939984532812
GAC GCT CCG GAC GAA TTC CGT GAC CCG CTG ATG GAC ACC CTG ATG ACC AAA CCG GTG CGC CTG CCG TCT GGT ACT ATC ATG GAC TAC TCT ATC ATC CTG CGT CAC CTG CTG AAC TCT CCG ACT GAC CCG TTC AAC CGT CAG ACC CTG ACC GAA TCT ATG CTG GAG CCG GTG CCG GAA CTG AAA GAA CAG ATC CAG GCG TGG ATG CGT,0.4251276191068604
GAC GCG CCA GAC GAA TTC CGT GAT CCA CTG ATG GAC ACC CTG ATG ACC GAC CCG GTT CGT CTC CCG ATG GGT ACC ATC ATG GAC CGT TCT ATC ATC CTG CGT CAC CTG CTG AAC TCT CCG ACC TAT CCG TTC AAC CGT CAG ACC CTG ACC GAA TCT ATG CTG GAG CCG GTT CCG GAG CTG AAA GAA CAG ATC CAG GCG TGG ATG CGT,-0.0551279828824972
GAC GCT CCG GAC GAA TTC CGT GAC CCG CTG ATG GAC ACC CTG ATG ACC GAC CCG GTT CGT CTG CCG GCT GGC ACC ATC ATG GAC CGT TCT ATC ATC CTG CGT CAC CTG CTG AAC TCT CCG ACC ATG CCG TTC AAC CGT CAG ACC CTG ACC GAA TCT ATG CTG GAA CCA GTG CCG GAA CTC AAA GAA CAG ATC CAG GCG TGG ATG CGT,-2.27983625837142
GAC GCT CCG GAC GAA TTC CGT GAC CCG CTG ATG GAT ACC CTC ATG ACT GAC CCG GTT CGT CTG CCG TCT GGT ACT ATC ATG GAC CGT TCT ATC ATC CTG CGT CAC CTG CTG ATG TCT CCG ACC GAC CCG TTC AAC CGT CAA ACC CTG ACC GAA TCT ATG CTG GAA CCA GTT CCA GAG CTG AAA GAA CAG ATC CAG GCG TGG ATG CGT,2.6299524305633075
GAC GCT CCG GAC GAA TTC CGT GAC CCG CTG ATG GAC ACC CTG ATG ACT CCA CCA GTT CGT CTG CCG TCC GGT ACC ATT ATG GAC TGC TCT ATC ATC CTG CGT CAC CTG CTG AAC TCT CCG ACC GAC CCG TTC AAC CGT CAG ACC CTG ACC GAA TCT ATG CTC GAA CCG GTG CCA GAG CTG AAA GAA CAG ATC CAG GCG TGG ATG CGT,1.0242152341308932
GAC GCT CCG GAC GAA TTC CGT GAC CCG CTC ATG GAC ACC CTG ATG ACC GAC CCA GTT CGC CTG CCG ACC GGT ACT ATT ATG GAC CGT TCT ATC ATC CTG CGT CAC CTG CTG AAC TCT CCG ACC GAT CCA TTT CAG CGT CAG ACC CTG ACC GAA TCC ATG CTC GAA CCG GTG CCA GAA CTG AAA GAA CAG ATC CAG GCG TGG ATG CGT,0.1255686123571557
GAC GCT CCG GAT GAA TTC CGT GAC CCG CTG ATG GAC ACC CTG ATG ACC ATC CCG GTT CGT CTC CCG TCT GGC ACC ATC ATG GAC CTG TCT ATC ATC CTG CGT CAC CTG CTG AAT TCT CCG ACC GAT CCG TTC AAC CGT CAG ACC CTG ACC GAA TCT ATG CTG GAA CCG GTG CCG GAA CTG AAA GAA CAG ATC CAG GCG TGG ATG CGC,1.3101269086966656
GAC GCT CCG GAC GAA TTC CGT GAT CCG CTG ATG GAC ACC CTG ATG ACC CAC CCG GTT CGT CTG CCG TCT GGC ACC ATC ATG GAC TGG TCT ATC ATC CTG CGT CAC CTG CTG AAC TCT CCG ACC GAC CCG TTC AAC CGT CAG ACC CTG ACC GAA TCT ATG CTG GAA CCG GTG CCG GAA CTG AAA GAA CAG ATC CAG GCG TGG ATG CGT,1.0359829072195432
GAT GCG CCG GAC GAA TTC CGT ATC CCG CTG ATG GAC ACC CTG ATG ACC GAC CCG GTT CGT CTG CCG TCT GGC ACC ATC ATG GAC CGT TCT ATC ATC CTG CGT CAC CTG CTG AAC TCT CCG ACC GAT CCG TTC AAC CGT CAG ACC CTG ACC GAA TCT ATG CTG GAA CCG GTG CCG GAG CTG AAA GAA CAG ATC CAG GCT TGG ATG CGT,-0.3489441249928331
GAC GCT CCG GAC GAA TTC CGT GAC CCG CTG ATG GAC ACC CTG ATG ACC AAA CCA GTT CGT CTG CCG TCT GGC ACC ATC ATG GAC CAG TCT ATC ATC CTG CGT CAC CTG CTG AAC TCT CCG ACC GAC CCG TTC AAC CGT CAG ACC CTG ACC GAA TCT ATG CTG GAA CCA GTG CCG GAG CTG AAA GAA CAG ATC CAG GCG TGG ATG CGT,-3.8651597200686942
GAC GCG CCA GAC GAA TTC CGT GAC CCG CTG ATG GAC ACC CTG ATG ACC GAC CCG GTT CGT CTC CCG TCT GGT ACT ATC ATG GAC GAA TCT ATC ATC CTG CGT CAC CTG CTG AAC TCT CCG ACC GAT CCG TTC AAT CGT CAA ACC CTG ACC GAA TCC ATG CTG GAA CCG GTG CCG GAA CTC ATG GAA CAG ATC CAG GCG TGG ATG CGT,-0.7077120046857877
GAC GCT CCG GAC GAA TTC CGT GAT CCG CTG ATG GAC ACC CTG ATG ACC GAC CCG GTT CGT CTG CCG TCT GGT ACT ATC ATG GAC CGT TCT ATC ATC CTG CGT CAC CTG CTG AAC ATG CCG CCA GAC CCG TTT AAC CGT CAA ACT CTG ACC GAA TCT ATG CTG GAA CCG GTG CCG GAA CTG AAA GAA CAG ATC CAG GCG TGG ATG CGT,0.1709171740366092
GAT GCT CCA GAC GAG TTC CGT GAT CCG CTG ATG GAC ACC CTG ATG ACC GAC CCG GTT CGT CTG CCG TCC GGC ACC ATT ATG GAC CGT TCT ATC ATC CTG CGT CAC CTG CTG AAC AAT CCG TGC GAC CCG TTC AAT CGT CAG ACC CTG ACC GAA TCT ATG CTG GAG CCA GTG CCA GAA CTC AAA GAA CAG ATC CAG GCT TGG ATG CGC,2.018028715880948
GAT GCG CCA GAC GAA TTC CGT GAC CCG CTC ATG GAT ACT CTC ATG ACT GAT CCG GTT GTT CTG CCG TCC GGC ACC ATC ATG GAC CGT TCT ATC ATC CTG CGT CAC CTG CTG AAC TCT CCG ACC GAC CCA TTC AAC CGT CAG ACC CTG ACC GAA TCT ATG CTG TAC CCG GTT CCA GAA CTC AAA GAA CAG ATC CAG GCG TGG ATG CGT,0.3304120241382523
GAC GCT CCA GAC GAA TTC CGT GAC CCG CTG ATG GAC ACC CTG ATG ACC GAC CCA GTT CAA CTC CCG TCT GGC ACC ATC ATG GAC CGT TCT ATC ATC CTC CGT CAC CTG CTG AAC TCT CCG ACC GAT CCG TTC AAC CGT CAG ACC CTG ACC GAA TCT ATG CTG TAC CCG GTT CCA GAA CTC AAA GAA CAG ATC CAG GCG TGG ATG CGT,0.4976652565038179
GAC GCT CCG GAC GAA TTC CGT GAC CCG CTG ATG GAC ACC CTG ATG ACC CGT CCG GTT CGT CTG CCG TCT GGC ACC ATC ATG GAC CAC TCT ATC ATC CTG CGT CAC CTG CTG AAC TCT CCG ACC GAC CCG TTC AAC CGC CAG ACC CTG ACC GAA TCT ATG CTG GAA CCG GTG CCG GAG CTG AAA GAA CAG ATC CAG GCG TGG ATG CGT,0.2039521747694314
GAC GCG CCA GAT GAG TTC CGT GAC CCG CTG CCG GAC ACC CTG ATG ACC GAT CCG GTT CGT CTG CCG TCT GGC ACC ATT ATG GAC CGT TCT ATC ATC CTG CGT CAC CTG CTG AAC TCT CCG ACC GAC CCG TTT AAT CGT CAA ACC CTC ACC GAA TCT ATG CTG GAG CCA GTG CCG GAG CTG AAA GAA CAG ATC CAG GCG TGG ATG CGT,-2.615872446571709
GAC GCT CCG GAT GAA TTC CGT GAC CCG CTG ATG GAT TGG CTG ATG ACC GAC CCA GTT CGT CTG CCG TCT GGC ACT ATC ATG GAG CGT TCT ATC ATC CTG CGT CAC CTG CTG AAC TCT CCG ACC GAT CCG TTC AAC CGT CAG ACC CTC ACC GAA TCT ATG CTG GAA CCG GTG CCG GAA CTG AAA GAA CAG ATC CAG GCT TGG ATG CGT,1.0327298590135414
GAC GCG CCA GAC GAA TTC CGT GAC CCG CTG ATG GAC ACC CTG ATG ACT GAC CCG GTT ACC CTG CCG TCC GGC ACC ATC ATG GAC CGT TCT ATC ATC CTG CGT CAC CTG CTG AAC TCT CCG ACC GAC CCG TTC AAC CGT CAG ACC CTG ACC GAA TCT ATG CTG CCA CCA GTG CCA GAA CTG AAA GAA CAG ATC CAG GCG TGG ATG CGT,-5.164782030569372
GAT GCG CCG GAC GAA TTC CGT GAC CCG CTG ATG GAC ACC CTG ATG ACC AAA CCG GTG CGT CTG CCG TCT GGC ACC ATC ATG GAC CGT TCT ATC ATC CTG CGT CAC CTG CTG AAC TCT CCG ACC GAC CCG TTC AAC CGT CAG ACC CTG ACC GAA TCT ATG CTC GAA CCA GTG CCG GAG CTC AAA GAA CAG ATC CAG GCT TGG ATG CGT,-3.525103355213087
GAC GCG CCA GAC GAA TTC CGT GAC CCG CCG ATG GAC ACC CTG ATG ACT GAC CCA GTT CGT CTC CCG TCC GGT ACC ATC ATG GAC CGT TCT ATC ATC CTG CGT CAC CTG CTG AAC TCT CCG ACC GAC CCA TTC AAC CGC CAA ACT CTC ACC GAA TCT ATG CTG GAA CCG GTG CCG GAA CTG AAA GAA CAG ATC CAG GCG TGG ATG CGT,-0.3791038575462211
GAT GCG CCG GAC GAA TTT CGT GAC CCG CTG ATG GAC ACC CTG ATG ACC TCT CCG GTT CGT CTG CCG TCT GGT ACT ATC ATG GAC TGG TCT ATC ATC CTG CGT CAC CTG CTG AAC TCT CCG ACC GAC CCA TTC AAC CGT CAG ACC CTG ACC GAA TCT ATG CTG GAG CCA GTT CCA GAG CTG AAA GAA CAG ATC CAG GCG TGG ATG CGT,1.0106957030495245
GAC GCG CCA GAC GAA TTC CGT GAC CCG CTG ATG GAC GTT CTG ATG ACC GAC CCA GTT CGT CTC CCG TCC GGC ACC ATC ATG CGC CGT TCT ATT ATC CTG CGT CAC CTG CTG AAC TCT CCG ACT GAC CCA TTC AAC CGT CAG ACC CTG ACC GAA TCT ATG CTC GAA CCA GTT CCA GAA CTG AAA GAA CAG ATC CAG GCG TGG ATG CGT,-0.0755576671352608
GAT GCG CCG GAC GAA TTC CGT GAC TGC CTG ATG GAC ACC CTG ATG ACC GAT CCG GTT CGT CTG CCG TCT GGC ACC ATC ATG GAC CGT TCT ATC ATC CTG CGT CAC CTG CTG AAC TCT CCG ACC GAC CCG TTT AAC CGT CAG ACC CTG ACC GAA TCT ATG CTG GAA CCA GTG CCG GAA CTG AAA GAA CAG ATC CAG GCT TGG ATG CGC,1.1575876287961375
GAT GCG CCG GAT GAA TTC CGT GAC CCG CTG ATG GAC ACT CTC ATG ACC GAT CCG GTT CGT CTG CCG TCT GGC ACC ATC ATG GAC CGT ACC ATT ATC CTG CGT CAC CTG CTG AAC TCT CCG ACT GAC CCA TTC AAC CGC CAG ACC CTG ACT GAG TCT ATG CTG GAG CCA GTG CCG GAA CTG AAA GAA CAG ATC CAG GCG TGG ATG CGT,2.300574010614115
GAC GCG CCA GAC GAA TTC CGT GAC CCG CTG ATG GAC ACC CTG ATG ACC GAC CCA GTG CGC CTG CCG TAT GGC ACC ATC ATG GAC CGT TCT ATC ATC CTG CGC CAC CTG CTG AAC TCT CCG ACT GAC CCG TTC TGG CGT CAG ACC CTG ACC GAA TCT ATG CTG GAA CCG GTG CCG GAA CTG AAA GAA CAG ATC CAG GCG TGG ATG CGC,0.301194877105305
GAC GCG CCA GAT GAA TTC CGT GAC CCG CTG ATG GAC ACC CTG ATG ACC GAT CCA GTG CGC CTG CCG CGT GGT ACT ATC ATG GAC CGT TCT ATC ATC CTG CGT CAC CTG CTG AAC TCT CCG ACC GAC CCG TTC AAA CGT CAG ACC CTG ACC GAA TCT ATG CTG GAA CCG GTG CCG GAA CTG AAA GAA CAG ATC CAG GCG TGG ATG CGT,-9.101559158358617
GAT GCG CCG GAC GAG TTC CGT GAC AAC CTG ATG GAC ACC CTG ATG ACC GAT CCG GTT CGT CTG CCG TCT GGC ACT ATT ATG GAC CGT TCT ATC ATC CTG CGT CAC CTC CTG AAC TCT CCG ACT GAC CCG TTT AAT CGT CAG ACC CTG ACC GAA TCT ATG CTG GAA CCG GTG CCG GAA CTG AAA GAA CAG ATC CAG GCG TGG ATG CGT,0.3098479908499573
GAT GCG CCG GAC GAA TTC CGT GAC CCG CTG ATG GAC ACC CTG ATG ACC TGG CCG GTT CGT CTC CCG TCC GGT ACC ATC ATG GAC GTT TCT ATC ATC CTG CGT CAC CTG CTG AAC TCT CCG ACC GAC CCG TTC AAC CGT CAG ACC CTG ACC GAA TCT ATG CTG GAA CCA GTT CCG GAG CTG AAA GAA CAG ATC CAG GCG TGG ATG CGT,1.2655075429356513
GAC GCG CCA GAT GAA TTC CGT GAC CCG CTG ATG GAC TTC CTG ATG ACC GAC CCG GTT CGT CTG CCG TCC GGT ACC ATC ATG AAC CGT TCT ATC ATC CTG CGT CAC CTG CTG AAC TCT CCG ACT GAC CCG TTC AAC CGT CAG ACC CTG ACC GAA TCT ATG CTG GAG CCG GTG CCG GAG CTG AAA GAA CAG ATC CAG GCG TGG ATG CGT,0.2375054890289359
GAT GCG CCG GAT GAA TTC CGT GAC CCG CTG ATG GAC ACC CTG ATG ACC TCT CCG GTT CGT CTG CCG TCC GGT ACC ATC ATG GAC CGT TCT ATC ATC CTG CGT CAC CTG CTG AAC TCT CCG ACC GAC CCG TTC AAC CGT CAG ACC CTG ACC GAA TCC ATG CTG GAA CCG GTG CCG GAA CTC GCG GAA CAG ATC CAG GCT TGG ATG CGT,0.5221907790904865
GAC GCG CCA GAC GAG TTC CGT GAC CCG CTG ATG GAC ACC CTG ATG ACC GAC CCG GTT CGT CTG CCG ACC GGT ACC ATC ATG GAC CGT TCT ATC ATC CTG CGT CAC CTG CTG AAC TCT CCG ACT GAC CCG TTC ATC CGT CAG ACC CTG ACC GAA TCT ATG CTG GAG CCG GTT CCG GAG CTG AAA GAA CAG ATC CAG GCG TGG ATG CGC,-0.2006526584454853
GAC GCG CCA GAT GAG TTC CGT ACT CCG CTG ATG GAC ACC CTG ATG ACC GAT CCG GTT CGT CTG CCG TCT GGT ACT ATC ATG TGC CGT TCT ATC ATC CTG CGT CAC CTG CTG AAC TCT CCG ACC GAC CCG TTC AAC CGT CAG ACC CTG ACC GAA TCT ATG CTG GAA CCG GTG CCG GAG CTG AAA GAA CAG ATC CAG GCG TGG ATG CGT,1.0378040152271355
GAC GCT CCG GAC GAA TTC CGT GAC CCA CTG ATG GAT ACT CTG ATG ACC GAC CCG GTT CGT CTG CCG TCT GGT ACT ATC ATG GAC CGT TCT ATC ATC CTG CGT CAC GCG CTG AAC TCT CCA ACT GAC CCG TTC AAC CGC CAG ACC CTG ACC GAA TCT ATG CTG GAG CCG GTT CCA GAG CTG AAA GAA CAG ATC CAG GCG TGG ATG CGT,-3.03043361845252
GAT GCG CCG GAC GAA TTC CGT GAC CCG CTG ATG GAC ACC CTG ATG ACC TAC CCG GTT CGT CTG CCG TCC GGT ACC ATC ATG GAC CGT TCT ATC ATC CTG CGT CAC CTG CTG AAC TCT CCG ACC GAC CCG TTC AAC CGT CAG ACC CTG ACC GAA TCT ATG CTG GAA CCA GTT CCA GAG CTC CCA GAA CAG ATC CAG GCG TGG ATG CGT,-0.7170393706715159
GAC GCT CCG GAT GAA TTC CGT GAC CCA CTG ATG GAT ACC CTG ATG ACC GAT CCA GTT CGT CTC CCG TCT GGC ACC ATT ATG GAC CAC TCT ATC ATC CTC CGT CAC CTG CTG AAC TCT CCG ACC GAC CCA TTT AAT CGT CAA ACC CTG ACC GAA TCT ATG CTG GAA CCG GTG CCG GAA CTG CCG GAG CAG ATC CAG GCG TGG ATG CGT,-2.73512287218532
GAT GCG CCG GAC GAA TTC CGT GAC CCG CTG ATG GAC AAC CTG ATG ACC GAC CCG GTT CGT CTG CCG TCC GGT ACC ATC ATG CAC CGT TCT ATC ATC CTG CGT CAC CTG CTG AAC TCT CCG ACC GAT CCG TTC AAC CGT CAG ACC CTG ACC GAA TCT ATG CTG GAA CCA GTT CCG GAG CTC AAA GAA CAG ATC CAG GCG TGG ATG CGT,-2.008324496164344
GAT GCG CCG GAC GAA TTC CGT GAC CCG CTG ATG GAC ACC CTG ATG ACC GAC CCG GTT CGT CTG CCG TCT GGT ACT ATC ATG GAC CGT TCT ATC ATC CTG CGT CAC CTG CTG AAC TAC CCG GAA GAC CCG TTC AAC CGT CAG ACC CTG ACC GAA TCT ATG CTG GAA CCG GTG CCG GAA CTG AAA GAA CAG ATC CAG GCG TGG ATG CGT,1.306032374737866
GAC GCT CCG GAC GAA TTC CGT GAC CCG CTG ATG GAC ACC CTG ATG ACC ATG CCA GTT CGT CTC CCG TCC GGT ACC ATC ATG GAC GAC TCT ATC ATC CTG CGT CAC CTC CTG AAC TCT CCG ACC GAC CCG TTT AAC CGT CAA ACC CTG ACC GAA TCT ATG CTG GAG CCG GTT CCA GAG CTG AAG GAA CAG ATC CAG GCG TGG ATG CGT,-0.6123367449244024
GAT GCG CCG GAC GAA TTC CGT GAC CCG CTG ATG GAC ACC CTG ATG ACC GAC CCG GTT CAG CTG CCG TCT GGT ACT ATC ATG GAC CGT TCT ATC ATC CTG CGT CAC CTG CTG AAC TCT CCG ACT GAC CCG TTC AAC CGT CAG ACC CTG ACC GAA TCT ATG CTG AAA CCA GTT CCG GAG CTG AAA GAA CAG ATC CAG GCG TGG ATG CGT,1.76038408745926
GAC GCG CCA GAT GAA TTC CGT GAC CCG CTG ATG GAC ACC CTG ATG ACT GAC CCG GTT CGT CTG CCG TCT TGC ACC ATC ATG GAC CGT TCT ATC ATC CTG CGT CAC CTG CTG AAC TCT CCG ACC GAC CCG TTC AAC CGT CAG ACC CTG ACC GAA TCT ATG CTG GAG CCG GTT CCG GAG CTG AAA GAA CAG ATC CAG GCG TGG ATG CGT,0.9623045512013448
GAT GCT CCG GAC GAA TTC CGT GAC CCG CTG ATG GAC ACC CTG ATG ACC GAT CCG GTG CGT CTG CCG AAA GGT ACC ATC ATG GAC CGC TCT ATC ATC CTG CGT CAC CTG CTG AAC TCT CCG ACC GAC CCG TTC GGT CGT CAG ACC CTG ACC GAA TCT ATG CTC GAA CCG GTG CCG GAA CTG AAA GAA CAG ATC CAG GCT TGG ATG CGC,-2.8226355691894707
GAC GCT CCG GAC GAA TTC CGT GAC CCG CTG ATG GAC ACC CTG ATG ACC TGG CCG GTT CGT CTG CCG TCT GGT ACT ATC ATG GAC TGG TCT ATC ATC CTC CGT CAC CTG CTG AAC TCT CCG ACC GAC CCG TTC AAT CGT CAG ACC CTG ACC GAA TCT ATG CTG GAA CCG GTG CCG GAA CTG AAA GAA CAG ATC CAG GCG TGG ATG CGT,1.3950423386151791
GAC GCT CCG GAT GAA TTC CGT ATC CCG CTG ATG GAC ACC CTG ATG ACC GAC CCG GTT CGT CTG CCG TCT GGT ACT ATC ATG GGT CGT TCT ATC ATC CTG CGT CAC CTG CTG AAC TCT CCG ACC GAT CCG TTT AAC CGT CAG ACC CTG ACC GAA TCT ATG CTG GAA CCG GTG CCG GAA CTG AAA GAA CAG ATC CAG GCG TGG ATG CGT,-2.9217587412445334
GAT GCG CCG GAC GAA TTC CGT GAC CCG CTG ATG GAC ACC CTG ATG ACC GAT CCA GTG CGC CTG CCA TCT GGC ACC ATC ATG GAT CGC TCT ATC ATC CTG CGT CAC CTC CTG AAC TCT CCG ACC GAC CCG TTT AAC CGC CAG ACC CTG ACC GAA TCC ATG CTG GAA CCG GTG CCG GAA CTC AAA GAA CAG ATC CAG GCG GGC ATG CGT,-0.907350995343356
GAT GCG CCG GAC GAA TTC CGT GAC CCG CTG ATG GAC ACC CTG ATG ACC ATG CCG GTT CGT CTG CCG TCT GGT ACT ATC ATG GAC TGG TCT ATC ATC CTG CGT CAC CTG CTG AAC TCT CCG ACC GAC CCG TTC AAC CGT CAG ACC CTG ACC GAA TCT ATG CTG GAG CCA GTG CCG GAA CTC AAA GAA CAG ATC CAG GCG TGG ATG CGT,1.1247776675428791
GAT GCT CCG GAC GAA TTC CGT GAT CCG CTG ATG GAC ACC CTG ATG ACC TTC CCG GTT CGT CTG CCG TCT GGT ACT ATT ATG GAC TCT TCT ATC ATC CTG CGT CAC CTG CTG AAC TCT CCG ACC GAC CCG TTC AAC CGT CAG ACC CTG ACC GAA TCT ATG CTG GAG CCG GTT CCA GAA CTG AAG GAA CAG ATC CAG GCG TGG ATG CGT,0.2254605429509968
GAT GCG CCG GAC GAA TTT CGT GAC CCG CTG ATG GAC ACC CTG ATG ACC GAC CCG GTT CGT CTG CCA CCG GGT ACC ATC ATG GAC CGT TCT ATC ATC CTG CGT CAC CTG CTG AAC TCT CCG ACT GAC CCG TTT GAA CGC CAG ACC CTG ACC GAA TCT ATG CTG GAA CCA GTT CCG GAG CTG AAA GAA CAG ATC CAG GCG TGG ATG CGT,-3.7895286460773967
GAC GCG CCA GAT GAA TTC CGT GAC CCG CTG ATG GAC ACC CTG ATG ACC GAC CCG GTT CGT CTG CCG TCT GGT ACT ATC ATG GAC CGT TCT ATC ATC CTG CGT CAC CTG CTG AAC TCT CCG CCG GAC CCG TTC AAC CGT CAG ACC CTG ACC GAA TCT ATG CTG GAG CCG GTG CCG GAA CTG AAA GAA CAG ATC CAG GCG TGG ATG CGT,-0.5921440202341439
GAT GCG CCA GAC GAA TTC CGT GAC CCG CTG ATG GAC ACC CTG ATG ACC GAC CCG GTT CGC CTG CCG TCT GGT ACT ATT ATG GAC CTG TCT ATC ATC CTG CGT CAC CTG CTG AAC TCT CCG ACC GAT CCA TTC AAC CGT CAG ACC CTG ACC GAA TCT ATG CTG GAA CCA GTG CCG GAG CTG GGT GAA CAG ATC CAG GCG TGG ATG CGT,0.3804404629774565
GAC GCG CCA GAT GAA TTC CGT GAC CCG CTG ATG GAC ACC CTG ATG ACC GAC CCG GTT CGT CTG CCG TCT GGT ACT ATC ATG GAC CGT TCT ATC ATC CTG CGT CAC CTG CTG AAC CTG CCG GTG GAC CCG TTC AAC CGT CAA ACC CTG ACC GAA TCT ATG CTG GAG CCG GTT CCA GAG CTG AAA GAA CAG ATC CAG GCG TGG ATG CGT,0.9515538342780364
GAC GCG CCA GAT GAA TTC CGT GAC CCG CTG ATG GAC ACC CTG ATG ACC GAC CCG GTT CGT CTG CCG TCT GGC ACC ATC ATG GAC CGT TCT ATC ATC CTG CGT CAC CTG CTG AAC TCT CCG ACC GAT CCG TTC AAC CGC CAG ACC CTG ACC GGT TCT ATG CTG GAA CCA GTG CCG GAA CTG AAA GAA CAG ATC CAG GCG TGG ATG CGT,1.2052500129632238
GAC GCG CCG ATG GAG TTC CGT GAC CCG CTG ATG GAC ACC CTG ATG ACT GAC CCG GTT CGT CTG CCG TCT GGC ACC ATC ATG GAC CGT TCT ATC ATC CTG CGT CAC CTG CTG AAC TCT CCG ACC GAC CCG TTC AAC CGC CAG ACC CTG ACC GAA TCT ATG CTG GAA CCG GTG CCG GAG CTG AAG GAA CAG ATC CAG GCG TGG ATG CGT,3.07977449937537
GAC GCT CCG GAC GAA TTC CGT GAC CCG CTG ATG GAC ATG CTG ATG ACC GAC CCG GTT CGT CTG CCG TCT GGT ACT ATC ATG TGG CGT TCT ATC ATC CTG CGT CAC CTG CTG AAC TCT CCG ACT GAC CCG TTC AAC CGT CAG ACC CTG ACC GAA TCT ATG CTG GAG CCG GTG CCG GAA CTC AAA GAA CAG ATC CAG GCG TGG ATG CGT,0.8664792788711297
GAT GCG CCG GAC GAA TTC CGT GAC CCG CTG ATG GAC ACC CTG ATG ACC GAC CCG GTT CGT CTG CCG TCT CAG ACC ATC ATG GAC CGT TCT ATC ATC CTC CGC CAC CTG CTC AAT TCT CCG ACT GAC CCA TTC AAC CGT CAG ACC CTG ACC GAA TCT ATG CTG GAA CCG GTG CCG GAA CTG AAA GAA CAG ATC CAG GCG TGG ATG CGT,0.2230990288123825
GAT GCG CCG GAT GAA TTC CGT GAC CCG CTG ATG GAC ACC CTG ATG ACC GAC CCG GTT CGT CTG CCG TCT GGC ACC ATT ATG GAC CGT TCT ATC ATC CAT CGT CAC CTG CTG AAC TCT CCG ACT GAC CCA TTC AAC CGT CAG ACC CTG ACC GAA TCT ATG CTG GAA CCG GTG CCG GAA CTG AAA GAA CAG ATC CAG GCG TGG ATG CGT,0.7516091653858862
GAC GCT CCG GAC GAA TTC CGT GAC CCG CTG ATG GAC ACC CTG ATG ACC GAC CCG GTT CGT CTG CCG GAA GGT ACC ATC ATG GAC CGT TCT ATC ATC CTG CGT CAC CTG CTG AAC TCT CCG ACC GGC CCA TTC AAC CGC CAG ACT CTG ACC GAA TCT ATG CTG GAA CCG GTG CCG GAG CTG AAA GAA CAG ATC CAG GCT TGG ATG CGT,-0.4233051891424964
GAC GCG CCA GAT GAA TTC CGT GAC CCG CTG ATG GAC ACT CTG ATG ACC GAT CCG GTG CGT CTG CCG TCT GGC ACC ATC ATG GAC GTT TCT ATC ATC CTG CGC CAC CTG CTC AAC TCT CCG ACC GAC CCG TTT AAC CGC CAG ACC CTG ACC GAA TCT ATG CTG GAG CCG GTT CCG GAG CTG CAC GAA CAG ATC CAG GCG TGG ATG CGT,0.4651021410243856
GAT GCG CCG GAC GAA TTC CGT GAC CCG CTG ATG GAC ACC CTG ATG ACT GAC CCG GTG CGT CTG CCG GAA GGT ACC ATC ATG GAC CGT TCT ATC ATC CTG CGT CAC CTG CTG AAC TCT CCG ACC GAC CCA TTC CAG CGT CAG ACC CTG ACC GAA TCT ATG CTC GAA CCG GTG CCG GAG CTG AAA GAA CAG ATC CAG GCG TGG ATG CGT,-4.296599744932575
GAT GCG CCG GAC GAA TTT CGT GAC CCG CTG ATG GAC ACC CTG ATG ACC GAC ATC GTT CGT CTG CCG TCT GGT ACT ATC ATG GAC CGT TCT ATC ATC CTG CGC CAC CTG CTC AAC TCT CCG ACC GAC CCG TTC AAC CGT CAG ACC CTG ACC GAA TCT ATG CTG GAA CCG GTG CCG GAA CTG AAA GAA CAG ATC CAG GCT TGG ATG CGT,-0.4298953308761823
GAC GCT CCG GAC GAA TTT CGT GAC CCG CTG ATG GAC ACC CTG ATG ACC GAT CCG GTT CGT CTG CCG TCT GGC ACC ATC ATG GAC TCT TCT ATC ATC CTG CGT CAC CTG CTG AAC TCT CCG ACC GAC CCG TTC AAC CGC CAG ACC CTG ACC GAA TCT ATG CTG GAG CCA GTT CCA GAA CTG TCT GAA CAG ATC CAG GCG TGG ATG CGT,-1.390999659114888
GAC GCT CCG GAC GAA TTC CGT GAC CCG CTG ATG GAC ACC CTG ATG ACC GAC CCG GTT CGT CTG CCG TCT GGC ACC ATC ATG GAC CGT TCT ATC ATC CTG CGT CAC CTG CTG AAC TTC CCG TTC GAC CCG TTC AAC CGT CAA ACC CTG ACC GAA TCT ATG CTG GAA CCA GTT CCA GAA CTG AAA GAA CAG ATC CAG GCT TGG ATG CGC,2.8605327491218047
GAC GCT CCG GAT GAA TTC CGT GAC CCG CTG ATG GAC ACC CTG ATG ACC TCT CCG GTT CGT CTG CCG TCT GGT ACT ATC ATG GAC AAA TCT ATC ATC CTG CGT CAC CTG CTG AAC TCT CCG ACC GAC CCG TTC AAC CGC CAG ACC CTG ACC GAA TCC ATG CTG GAA CCA GTT CCA GAA CTG AAA GAA CAG ATC CAG GCG TGG ATG CGT,0.0380393814627596
GAC GCG CCA GAC GAA TTC CGT GAC CCG CTG ATG GAC ACC CTG ATG ACC GAC CCG GTT GTT CTG CCG TCT GGT ACT ATC ATG GAC CGT TCT ATC ATC CTG CGT CAC CTG CTG AAC TCT CCG ACT GAC CCG TTC AAC CGT CAG ACC CTG ACC GAA TCT ATG CTG GGT CCG GTT CCG GAG CTG AAA GAA CAG ATC CAG GCG TGG ATG CGT,-0.3908060145495178
GAC GCT CCG GAC GAA TTT GCG GAC CCG CTG ATG GAC ACC CTG ATG ACT GAC CCG GTT CGT CTG CCG TCT GGC ACC ATC ATG GAC CGT TCT ATC ATC CTG CGT CAC CTG CTG AAC TCT CCA ACC GAC CCG TTC AAC CGT CAG ACC CTG ACC GAA TCT ATG CTG GAG CCG GTT CCA GAG CTG AAA GAA CAG ATC CAG GCG TGG ATG CGT,-0.4174297261220909
GAC GCT CCG GAT GAA TTC CGT GAC CCG CTG ATG GAC ACT CTG ATG ACC GCG CCA GTT CGT CTG CCG TCT GGC ACC ATC ATG GAC CAG TCT ATC ATC CTG CGT CAC CTG CTG AAC TCT CCG ACC GAT CCG TTC AAC CGC CAG ACC CTG ACC GAA TCT ATG CTG GAG CCA GTG CCG GAG CTG AAA GAA CAG ATC CAA GCG TGG ATG CGT,-0.1669866250790714
GAT GCG CCG GAC GAG TTC CGT GAC CCG CTG ATG GAC ACC CTG ATG ACC GAC CCG GTT CGT CTG CCG GGT GGT ACT ATT ATG GAC CGT TCT ATC ATC CTG CGT CAC CTG CTG AAC TCT CCG ACC ATG CCG TTC AAC CGC CAG ACC CTG ACC GAA TCT ATG CTG GAA CCA GTT CCA GAA CTC AAA GAA CAG ATC CAG GCG TGG ATG CGT,-1.1273912181250283
GAC GCT CCG GAC GAA TTC CGT GAC CCG CTG ATG GAC ACT CTC ATG ACC GAC CCG GTT CGT CTG CCG TCC GGT ACC ATC ATG GAC CGT TCT ATC ATC CTG CGT CAC CTC CTG AAC TGG CCG AAA GAC CCG TTC AAC CGC CAG ACC CTG ACC GAA TCT ATG CTG GAA CCA GTG CCG GAA CTG AAA GAA CAA ATC CAG GCT TGG ATG CGT,0.9579422015897484
GAC GCT CCG GAC GAA TTC CGT GAC CCG CTG ATG GAC ACC CTG ATG ACT GAC CCG GTT CGT CTG CCG TCT GGC ACC ATC ATG GAC CGT TCT ATC ATC CTG CGT CAC CTG CTG AAC TCT CCG ACC GAC CCG TTC AAC CGC CAG ACC TAC ACC GAA TCT ATG CTG GAA CCG GTG CCG GAA CTG AAA GAA CAG ATC CAG GCT TGG ATG CGT,-0.6341715982469078
GAT GCG CCG GAC GAA TTC CGT GAC CCG CTG ATG GAC ACC CTG ATG ACC AAC CCG GTT CGT CTG CCG TCT GGC ACC ATC ATG GAC GAC TCT ATC ATC CTG CGT CAC CTG CTG AAC TCT CCG ACC GAC CCG TTC AAC CGT CAG ACC CTG ACC GAA TCT ATG CTG GAA CCG GTG CCG GAA CTG AAA GAA CAG ATC CAG GCT TGG ATG CGT,-2.661501212920526
GAT GCG CCG GAC GAA TTC CGT GAC CCG CTG ATG GAC ACC CTG ATG ACT GAC CCG GTT CGT CTG CCG TCC GGT ACC ATC ATG GAC CGT TCT ATC ATC CTG CGT CAC CTG CTG AAC TCT CCG ACC GAC CCG TTC AAC CGT CAA ACT CTG ACC GAC TCT ATG CTG GAA CCG GTG CCG GAA CTG AAA GAA CAG ATC CAG GCG TGG ATG CGT,1.368784684803675
GAT GCG CCG GAC GAA TTC CGT GAC CCG CTG ATG GAC ACC CTG ATG ACC GAT CCG GTT CGT CTG CCG TTC GGT ACC ATC ATG GAC CGT TCT ATC ATC CTG CGT CAT CTG CTG AAC TCT CCG ACC GAC CCG TTC CTC CGT CAG ACC CTG ACC GAA TCT ATG CTG GAG CCA GTT CCG GAG CTC AAA GAA CAG ATC CAG GCG TGG ATG CGT,0.0852765716202118
GAT GCT CCG GAC GAA TTC CGT GAC CCG CTG ATG GAC ACC CTG ATG ACC GAT CCA GTT CGT CTG CCG TCT GGC ACC ATC ATG GAC CGT TCT ATC ATC CTG CGT CAT CTG CTG AAC TCT TAC ACC GAC CCA TTC AAC CGT CAG ACC CTG ACC GAA TCT ATG CTG GAA CCG GTG CCG GAA CTG AAA GAA CAG ATC CAG GCG TGG ATG CGT,1.6263828772733024
GAC GCT CCG GAC GAA TTT CGT GAC CCA CTG ATG GAT ACT CTC ATG ACC GAT CCA GTT CGT CTG CCG TCT GGT ACT ATC ATG GAT CGC CTC ATC ATC CTG CGT CAC CTG CTG AAC TCT CCG ACC GAC CCG TTC AAC CGT CAA ACC CTG ACC GAG TCT ATG CTG GAA CCG GTG CCG GAA CTG AAA GAA CAG ATC CAG GCG TGG ATG CGT,2.16783366602813
GAT GCG CCG GAC GAA TTC CGT GAC CCG CTG ATG GAC ACC CTG ATG ACC GAC CCG GTT CGT CTC CCG TTC GGT ACC ATC ATG GAC CGT TCT ATC ATC CTG CGT CAC CTG CTG AAC TCT CCG ACT CCG CCA TTC AAC CGT CAG ACC CTG ACT GAA TCT ATG CTG GAA CCA GTG CCA GAA CTG AAA GAA CAG ATC CAG GCG TGG ATG CGT,-2.0074882389668818
GAC GCG CCA GAT GAA TTC CGT GAC CCG CTG ATG GAC ACC CTG ATG ACC GAT CCG GTT GTT CTG CCG TCT GGC ACT ATC ATG GAC CGT TCT ATC ATC CTG CGC CAC CTG CTG AAC TCT CCG ACC GAC CCA TTC AAC CGT CAG ACC CTG ACC GAA TCT ATG CTG TGC CCG GTT CCA GAA CTG AAA GAA CAG ATC CAG GCG TGG ATG CGT,0.9166627052709008
GAC GCT CCG GAC GAA TTC CGC GAC CCG CTG ATG GAC ACC CTG ATG ACC GAC CCG GTT CGT CTG CCG TCT GGT ACT ATC ATG GAC CGT TCT ATC ATC CTG CGT CAC CTG CTG AAC CGT CCG GGT GAC CCG TTC AAC CGT CAG ACC CTG ACC GAA TCT ATG CTG GAA CCG GTG CCG GAA CTG AAA GAA CAG ATC CAG GCG TGG ATG CGT,-0.0957727869031214
GAC GCT CCG GAT GAA TTC CGT GAT CCG CTG ATG GAC ACT CTG ATG ACC CAG CCG GTT CGT CTG CCG TCT GGC ACC ATC ATG GAC AAC TCT ATC ATC CTG CGT CAC CTG CTG AAC TCT CCG ACC GAC CCG TTC AAC CGT CAG ACC CTG ACC GAA TCT ATG CTG GAA CCG GTG CCG GAA CTG AAA GAA CAG ATC CAG GCG TGG ATG CGT,-6.156675637488405
GAC GCT CCG GAC AAA TTC CGT GAC CCG CTG ATG GAC ACC CTG ATG ACT GAC CCG GTT CGT CTG CCG TCT GGC ACC ATC ATG GAC CGT TCT ATC ATC CTG CGT CAC CTG CTG AAC TCT CCG ACC GAC CCG TTC AAC CGC CAG ACC CTG ACC GAA TCT ATG CTG GAA CCG GTG CCG GAA CTG AAA GAA CAG ATC CAG GCT TGG ATG CGC,2.4547258050148826
GAT GCG CCG GAT GAA TTC CGT GAC CCA CTG ATG GAT ACC CTC ATG ACC GAC CCG GTT CGT CTG CCG TCT GGC ACC ATC ATG GAC CGT TCT ATC ATC CTG CGT CAC CTG CTG AAC TCT CCG ACT GAC CCA TTC AAC CGT CAG ACC CTG ACC GAA TCT ATG CTG GAG CCA GTT CCG GAG CTC AAA GAA CAG ATC CAG GCG TGG ATG CGT,2.417996445430912
GAT GCG CCG GAT GAA TTC CGT GAC CCG CTG ATG GAC ACC CTC ATG ACC GAC CCG GTT CAC CTG CCG TCC GGT ACT ATC ATG GAC CGT TCT ATC ATC CTG CGT CAC CTC CTG AAC TCT CCG ACT GAC CCG TTC AAC CGT CAG ACC CTG ACC GAA TCT ATG CTG GAA CCA GTG CCG GAG CTG AAA GAA CAG ATC CAG GCG TGG ATG CGT,-0.0080867211398211
GAC GCT CCG GAC GAA TTC CGT GAT CCG CTG ATG GAC ACC CTG ATG ACC GAC CCG GTT CGT CTG CCG ATG GGC ACT ATC ATG GAC CGT TCT ATC ATC CTG CGT CAC CTG CTG AAC TCT CCG ACC GTG CCA TTC AAT CGC CAG ACC CTG ACC GAG TCT ATG CTG GAG CCG GTG CCG GAG CTG AAA GAA CAG ATC CAG GCG TGG ATG CGT,-2.1576930971267942
GAC GCT CCG GAC GAA TTC CGT GAC CCG CTG ATG GAC ACC CTG ATG ACT GAC CCA GTT CGC CTG CCG TCT GGC ACC ATC ATG GAC CAG TCT ATC ATC CTG CGT CAC CTG CTG AAC TCT CCG ACC GAC CCG TTC AAC CGC CAG ACT CTG ACC GAA TCT ATG CTG GAA CCG GTG CCG GAG CTG TCT GAA CAG ATC CAG GCT TGG ATG CGC,-1.1099485339922808
GAC GCT CCG GAC GAA TTC CGT GAC CCG CTG ATG GAC ACC CTG ATG ACC GAC CCG GTT CGT CTG CCG TCT GGT ACT ATC ATG GAC CGT TCT ATC ATC CTG CGT CAC CTG CTG AAC TCT CCG ACC GAT CCG TTC AAC CGC CAG ACC CTG CCG GAA TCT ATG CTG GAA CCG GTG CCA GAG CTG AAA GAA CAG ATC CAG GCG TGG ATG CGC,-1.044585107308367
GAC GCT CCG GAC GAA TTC CGT GAC CCG CTG ATG GAC ACC CTG ATG ACC TCT CCG GTT CGT CTG CCG TCT GGC ACC ATC ATG GAC GAC TCT ATC ATC CTG CGT CAC CTG CTG AAC TCT CCG ACC GAC CCG TTC AAC CGT CAG ACC CTG ACC GAA TCT ATG CTG GAA CCA GTT CCA GAA CTG AAA GAA CAG ATC CAG GCG TGG ATG CGT,-2.625571488051125
GAT GCG CCG GAC GAA TTC CGT GAC CCG CTG ATG GAC ACC CTG ATG ACC GAC CCG GTT CGT CTG CCG CAC GGT ACC ATC ATG GAC CGC TCC ATC ATC CTG CGT CAC CTG CTG AAC TCT CCG ACC GTT CCG TTC AAC CGT CAG ACT CTG ACC GAA TCT ATG CTG GAA CCG GTG CCA GAA CTC AAG GAA CAG ATC CAG GCT TGG ATG CGT,-0.9925111446739772
GAC GCT CCG GAC GAA TTC CGT GAC CCG CTG ATG GAC ACC CTG ATG ACC GAC CCG GTT CGT CTG CCG TCT GGC ACC ATC ATG GAC CGT TCT ATC ATC CTG CGT CAT CTG CTC AAC TCT CCG ACC GAT CCG TTC AAC CGC CAG ACC CTG ACC GAA TCT CAG CTG GAA CCG GTG CCG GAA CTG AAA GAA CAG ATC CAG GCG TGG ATG CGT,1.949659842135221
GAT GCG CCA GAT GAA TTC CGT GAC CCG CTG ATG GAC ACC CTG ATG ACT CCA CCG GTT CGT CTG CCG TCC GGC ACC ATC ATG GAC CGT TCT ATC ATC CTG CGT CAC CTG CTG AAC TCT CCG ACC GAC CCG TTT AAC CGT CAG ACC CTG ACC GAA TCT ATG CTG GAG CCG GTT CCA GAA CTG GTT GAA CAG ATC CAG GCG TGG ATG CGT,-0.1642672191648758
GAT GCG CCA GAC GAA TTC CGT GAC CCG CTG ATG GAC ACC CTG ATG ACC ATG CCA GTT CGT CTC CCG TCC GGT ACC ATC ATG GAC CGT TCT ATC ATC CTG CGT CAC CTG CTG AAC TCT CCG ACC GAC CCG TTC AAC CGT CAG ACC CTG ACC GAA TCT ATG CTG GAA CCA GTT CCG GAG CTG CCG GAA CAG ATC CAG GCG TGG ATG CGT,-0.9182091903817472
GAC GCT CCG GAC GAA TTC CGT GAC CCG CTG ATG GAC ACC CTG ATG ACC GAC CCG GTT CGT CTG CCG TCC GGT ACC ATC ATG GAC CGT TCT ATT ATC CTC CGC CAC CTC CTG AAC TCT CCG CTC GAC CCG TTC AAC CGC CAG ACC CTG ACT GAA TCT ATG CTG GAG CCG GTT CCA GAG CTC AAA GAA CAG ATC CAG GCG TGG ATG CGT,1.696827822141045
GAC GCT CCG GAC GAA TTC CGT GAC CCG CTG ATG GAC ACC CTG ATG ACC GAC CCG GTT CGT CTG CCG TCT GGC ACC ATC ATG GAC CGT TCT ATC ATC CTG CGT CAC CTG CTG AAC TCT CCG ACC GAT CCG TTC AAC CGC CAG ACC CTG ACC GAA TCT ATG CTG GAA CCG GTG CCG GAA CTG AAA GTT CAG ATC CAG GCG TGG ATG CGT,1.9778247252193104
GAC GCG CCA GAT GAA TTC CGT GAC CCG CTG ATG GAC ACC CTG ATG ACC GAC CCG GTT CGT CTG CCG GAC GGT ACC ATC ATG GAC CGT TCT ATC ATC CTG CGT CAC CTG CTG AAC TCT CCG ACC CAG CCG TTC AAC CGT CAG ACC CTG ACC GAA TCT ATG CTC GAA CCA GTG CCA GAA CTG AAA GAA CAG ATC CAG GCG TGG ATG CGT,-0.1010405104459064
GAT GCG CCG GAT GAA TTC CGT GAC CCG CTG ATG GAC ACC CTG ATG ACC TGG CCG GTT CGT CTG CCG TCT GGC ACC ATC ATG GAC GAA TCT ATT ATC CTG CGT CAC CTG CTG AAC TCT CCG ACC GAC CCG TTC AAC CGT CAG ACC CTC ACT GAG TCC ATG CTG GAA CCA GTT CCA GAA CTG AAA GAA CAG ATC CAG GCG TGG ATG CGT,-0.2386517114481092
GAC GCG CCA GAC GAG TTC CGT GAC CCG CTG ATG GAC ACC CTG ATG ACC GAT CCG GTT TAC CTC CCG TCT GGT ACT ATC ATG GAC CGT TCT ATC ATC CTG CGT CAT CTG CTG AAC TCT CCG ACC GAC CCG TTT AAC CGT CAG ACC CTG ACC GAA TCT ATG CTG ATC CCG GTG CCG GAA CTG AAA GAA CAG ATC CAG GCG TGG ATG CGT,1.1050244497987145
GAT GCG CCG GAC GAA TTC CGT GAC CCG CTG ATG GAC ACC CTG ATG ACC GAT CCA GTT CTG CTG CCG TCT GGT ACT ATC ATG GAC CGT TCT ATC ATC CTG CGT CAC CTG CTG AAC TCT CCG ACC GAC CCG TTC AAC CGT CAG ACC CTG ACC GAA TCT ATG CTG ATG CCG GTT CCG GAG CTG AAA GAA CAG ATC CAG GCG TGG ATG CGT,1.6396279515189938
GAT GCG CCG GAC GAA TTC CGT GAC CCG CTG ATG GAC ACC CTG ATG ACC GAC CCG GTT CGT CTG CCG TCT GGC ACC ATT ATG GAC CGT TCT ATC ATC CTG CGT CAC CTG CTG AAC TAC CCG ATC GAC CCG TTC AAC CGC CAG ACT CTG ACC GAA TCT ATG CTG GAG CCG GTT CCA GAG CTG AAA GAA CAG ATC CAG GCT TGG ATG CGT,1.3760829628427382
GAC GCT CCG GAC GAA TTT CGT GAC CCA CTG ATG GAT ACC CTG ATG ACT GAC CCG GTT CGT CTG CCG TCC GGT ACC ATC ATG GAC CGT TCT ATC ATC CTG CGT CAC CTG CTG AAC TCT CCG ACC GAC CCG TTC AAC CGT CAA ACC CTG ACC GAA TCT ATG CTG GAG CCG GTG CCG GAA CTG AAG GAA CAG ATC CAG GCG TGG ATG ACC,2.243908787954645
GAT GCG CCG GAC GAA TTC CGT AAA CCG CTG ATG GAC ACC CTG ATG ACC GAT CCG GTG CGT CTG CCG TCT GGC ACT ATT ATG ATG CGT TCT ATC ATC CTG CGT CAC CTG CTG AAC TCT CCA ACC GAC CCG TTT AAC CGT CAG ACC CTG ACC GAA TCT ATG CTG GAG CCG GTT CCG GAG CTG AAA GAA CAG ATC CAG GCG TGG ATG CGC,0.0670426974715603
GAC GCG CCA GAT GAA TTC CGT GAC CCG CTG ATG GAC ACC CTG ATG ACT GAC CCG GTT CGT CTG CCG ATG GGT ACC ATC ATG GAC CGT TCT ATC ATC CTG CGT CAC CTG CTG AAC TCT CCG ACC GAC CCG TTC CAC CGT CAG ACC CTG ACC GAA TCT ATG CTG GAG CCG GTT CCG GAG CTG AAA GAA CAG ATC CAG GCG TGG ATG CGT,0.0848248149975364
GAT GCG CCG GAT GAA TTC CGT GAC CCG CTG ATG GAC GAA CTG ATG ACC GAC CCG GTT CGT CTG CCG TCC GGT ACC ATC ATG TGG CGT TCT ATC ATC CTG CGT CAC CTG CTG AAC TCT CCG ACC GAT CCA TTC AAC CGT CAG ACC CTG ACC GAA TCT ATG CTG GAG CCA GTT CCG GAG CTG AAA GAA CAG ATC CAG GCG TGG ATG CGT,0.6343560328169922
GAC GCT CCG GAC GAA TTC CGT GAC CCG CTG ATG GAC ACC CTG ATG ACT CCG CCG GTG CGT CTG CCG TCT GGC ACC ATC ATG GAC CGT TCT ATC ATC CTG CGT CAC CTG CTG AAC TCT CCG ACC GAC CCG TTC AAC CGC CAG ACC CTG ACC GAA TCT ATG CTG GAA CCG GTG CCG GAA CTG CAC GAA CAG ATC CAG GCG TGG ATG CGT,-1.567719347492186
GAT GCG CCG GAT GAA TTC CGT GAC CCG CTG ATG GAC ACT CTG ATG ACT CCG CCG GTT CGT CTG CCG TCT GGC ACC ATC ATG GAT ACC TCT ATC ATC CTG CGT CAC CTG CTG AAC TCT CCG ACC GAC CCG TTC AAT CGT CAA ACC CTG ACC GAA TCT ATG CTG GAA CCA GTT CCG GAG CTG AAA GAA CAG ATC CAG GCG TGG ATG CGT,-1.6285361788464423
GAT GCT CCG GAA GAA TTC CGT GAC CCG CTG ATG GAC ACC CTG ATG ACT GAC CCG GTT CGT CTG CCG TCT GGC ACC ATC ATG GAC CGT TCT ATC ATC CTG CGT CAC CTG CTG AAC TCT CCG ACC GAC CCG TTC AAC CGT CAA ACC CTG ACC GAA TCT ATG CTG GAA CCA GTG CCG GAG CTG AAA GAA CAG ATC CAG GCT TGG ATG CGT,2.588498442202056
GAC GCT CCG GAT CAG TTC CGC GAC CCG CTG ATG GAC ACC CTG ATG ACC GAC CCG GTT CGT CTG CCG TCT GGC ACC ATC ATG GAC CGT TCT ATC ATC CTG CGT CAC CTC CTG AAC TCT CCG ACC GAT CCG TTC AAC CGT CAG ACC CTG ACC GAA TCT ATG CTG GAA CCG GTG CCG GAA CTC AAA GAA CAG ATC CAG GCG TGG ATG CGT,2.299141432857936
GAT GCG CCG GAC GAA TTC CGT GAC CCG CTG ATG GAC ACC CTG ATG ACT CCG CCG GTT CGT CTG CCG TCC GGT ACC ATC ATG GAC CGT TCT ATC ATC CTG CGT CAC CTG CTG AAC TCT CCG ACC GAC CCG TTC AAC CGT CAG ACC CTG ACC GAA TCT ATG CTG GAA CCA GTT CCA GAA CTG AAC GAA CAG ATC CAG GCG TGG ATG CGT,-1.7210885554423374
GAC GCT CCG GAC GAA TTC CGT GAC CCA CTC ATG GAC ACC CTG ATG ACT GAC CCA GTT CGT CTG CCA TCT GGC ACC ATC ATG GAT CGT TCT ATC ATC CTC CGT CAC CTG CTG AAT TCT CCG ACC GAC CCA TTC AAC CGC CAA ACC CTG ACC GAA TCT ATG CTG GAG CCG GTT CCA GAG CTC AAA GAA GTT ATC CAG GCG TGG ATG CGT,1.898333059614703
GAT GCT CCA GAT GAA TTC CGT GAC CCG CTG ATG GAC TCT CTG ATG ACC GAC CCA GTT CGT CTG CCG TCT GGC ACC ATT ATG GGT CGT TCT ATC ATC CTG CGT CAC CTG CTG AAC TCT CCG ACT GAC CCG TTC AAC CGT CAG ACC CTG ACC GAA TCT ATG CTG GAA CCG GTG CCG GAA CTG AAA GAA CAG ATC CAG GCG TGG ATG CGT,-6.236083343619812
GAT GCG CCG GAT GAA TTC CGT GAC CCG CTG ATG GAC ACC CTG ATG ACC GAT CCA GTT CGT CTG CCG TCT GGT ACT ATC ATG GAC CGT TCT ATC ATC CTG CGC CAC CTG CTC AAC TCT CCG ACC GAC CCA TTT AAT CGT CAG ACC CTG ACC GAA TCT ATG CTG AAA CCG GTG CCG GAA CTG AAA GAA CAG ATC CAG GCG TGG ATG CGT,2.123345721055455
GAT GCG CCG GAC GAA TTC CGT AAC CCG CTG ATG GAC ACC CTG ATG ACT GAC CCA GTG CGT CTG CCG TCC GGT ACT ATC ATG CCG CGC TCT ATC ATC CTG CGT CAC CTG CTG AAC TCT CCG ACC GAT CCG TTC AAT CGT CAG ACC CTG ACC GAA TCT ATG CTG GAA CCG GTG CCG GAA CTG AAA GAA CAG ATC CAA GCG TGG ATG CGT,-5.171640274244844
GAT GCG CCG GAC GAA TTC CGT GAC CCG CTG ATG GAC ACC CTG ATG ACC GAC CCG GTT CGT CTG CCA ATC GGT ACC ATC ATG GAC CGT TCT ATC ATC CTG CGT CAC CTG CTG AAC TCT CCG ACC ACT CCA TTC AAC CGT CAG ACC CTG ACC GAA TCT ATG CTG GAG CCG GTT CCA GAA CTG AAA GAA CAG ATC CAG GCG TGG ATG CGT,-3.2076037323718336
GAC GCG CCA GAT GAA TTC CGT GAC CCG CTG ATG GAC ACC CTG ATG ACC AAA CCA GTT CGT CTG CCG TCT GGC ACC ATC ATG GAC CAC TCT ATC ATC CTG CGT CAC CTG CTG AAC TCT CCG ACC GAC CCG TTC AAC CGT CAG ACC CTG ACC GAA TCT ATG CTG GAA CCG GTG CCG GAA CTG AAA GAA CAG ATC CAG GCT TGG ATG CGC,-0.31695768032862
GAC GCT CCG GAC GAA TTC CGT GAC CCG CTG ATG GAC ACC CTG ATG ACC GAT CCG GTT CGT CTG CCG TCT GGC ACC ATT ATG GAT CGT TCC ATC ATC CTG CGT CAC CTG CTG AAC TCT CCG ACC GAC CCG TTC TAC CGT CAG ACT CTG ACC GAA TCT ATG CTG GAG CCG GTG CCG GAA CTG AAA GAA CAG ATC CAG GCG TGG ATG CGT,0.7713771494264186
GAT GCG CCG GAT GAA TTC CGT GAC CCG CTG ATG GAC ACC CTG ATG ACC GAC CCG GTT CGT CTG CCG TCT GGC ACC ATC ATG GAC GGT TCT ATC ATC CTG CGT CAC CTG CTG AAC TCT CCG ACT GAT CCG TTC AAC CGT CAG ACC CTG ACC GAA TCT ATG CTG GAA CCA GTT CCG GAG CTG TAC GAA CAG ATC CAG GCG TGG ATG CGT,0.0546566744435942
GAT GCG CCG GAC GAA TTC CGT GAC CCG CTG ATG GAC ACC CTG ATG ACC GAT CCG GTT TTC CTG CCG TCT GGC ACT ATC ATG GAC CGC TCT ATC ATC CTG CGC CAC CTG CTG AAC TCT CCG ACC GAC CCG TTC AAC CGT CAG ACC CTG ACC GAA TCT ATG CTG AAG CCA GTT CCG GAG CTC AAG GAG CAG ATC CAG GCG TGG ATG CGT,0.3846523364552654
GAT GCG CCG GAC GAA TTC CGT GAC CCG CTG ATG GAC ACC CTG ATG ACC GAC CCG GTT CGT CTG CCG TCC GGT ACC ATC ATG GAC CGT TCT ATC ATC CTG CGC CAC CTG CTC AAT TCT CCG ACT GAC CCG TTC AAT CGC CAG ACC CTG ACT GAA TCT ATG CTG GAA CCG GTG CCG GAA CTG AAA GAA GCG ATC CAG GCT TGG ATG CGT,2.854502586023792
GAT GCG CCG GAC GAA TTC CGT GAC CCG CTG ATG GAC ACC CTG ATG ACC ACT CCG GTT CGT CTG CCG TCT GGT ACT ATC ATG GAC ATC TCT ATC ATC CTG CGT CAC CTG CTG AAC TCT CCG ACC GAC CCG TTC AAC CGT CAG ACC CTG ACC GAA TCT ATG CTG GAA CCG GTG CCG GAA CTG AAA GAA CAG ATC CAG GCG TGG ATG CGC,1.0759448517051644
GAC GCG CCA GAC GAA TTC CGT GAC CCG CTG ATG GAC ACC CTC ATG ACC TAC CCG GTT CGT CTC CCA TCT GGT ACT ATC ATG GAC GAA TCT ATC ATC CTG CGT CAC CTG CTG AAC TCT CCG ACC GAC CCG TTC AAC CGT CAA ACC CTC ACC GAA TCC ATG CTG GAG CCG GTT CCA GAA CTG AAA GAA CAG ATC CAG GCG TGG ATG CGT,-0.8908700067992905
GAT GCG CCG GAC GAA TTC CGT GAC CCG CTG ATG GAC ACC CTG ATG ACC GAC CCG GTT CGT CTG CCG TCC GGT ACC ATC ATG GAC CGT TCT ATC ATC CTG CGT CAC CTG CTG AAC CCG CCG TAC GAC CCG TTC AAC CGT CAG ACC CTG ACC GAA TCT ATG CTG GAG CCG GTT CCA GAA CTG AAA GAA CAG ATC CAG GCG TGG ATG CGT,-0.5647961175328118
GAC GCT CCG GAC GAG TTC CGT GAC CCG CTG ATG GAC ACC CTG ATG ACC GAC CCG GTT CGT CTG CCG TCT GGT ACT ATC ATG GAC CGT TCT ATC ATC CTG CGT CAC CTG CTG AAT GTT CCG GTT GAC CCG TTC AAC CGT CAA ACC CTG ACC GAA TCT ATG CTG GAA CCG GTG CCA GAA CTG AAA GAA CAG ATC CAG GCG TGG ATG CGT,0.961521561572846
GAC GCG CCA GAC GAA TTC CGT GAC CCG CTG ATG GAC ACT CTG ATC ACC GAC CCG GTT CGT CTC CCG TCT GGT ACT ATC ATG GAC CGT TCT ATC ATC CTG CGT CAC CTG CTG AAC TCT CCG ACT GAC CCG TTC AAC CGT CAA ACC CTG ACC GAA TCT ATG CTG GAG CCG GTG CCA GAA CTG AAA GAA CAG ATC CAG GCG TGG ATG CGT,1.387498537032867
GAT GCG CCG GAC GAA TTC CGT GAC CCG CTG ATG GAC ACC CTG ATG ACC GAC CCA GTT CGT CTC CCG GAA GGT ACC ATC ATG GAC CGT TCT ATC ATC CTG CGT CAC CTG CTG AAC TCT CCG ACT GAC CCA TTC TGG CGT CAG ACC CTG ACC GAA TCT ATG CTG GAA CCA GTT CCG GAG CTC AAA GAA CAG ATC CAG GCT TGG ATG CGT,-0.1594179451358662
GAC GCT CCG GAT GAA TTC CGT GAC CCG CTG ATG GAC CAC CTG ATG ACC GAT CCG GTT CGT CTG CCA TCT GGC ACC ATC ATG CAG CGT TCC ATC ATC CTG CGT CAC CTG CTG AAC TCT CCG ACC GAC CCA TTC AAC CGT CAG ACC CTG ACC GAA TCT ATG CTC GAA CCA GTT CCA GAA CTG AAA GAA CAG ATC CAG GCG TGG ATG CGT,-0.5210307510881254
GAT GCG CCG GAT GAA TTC CGT GAC CCG CTG ATG GAC ACC CTG ATG ACC AAG CCG GTG CGT CTG CCG TCT GGC ACC ATT ATG GAC CGT TCT ATT ATC CTG CGT CAC CTG CTC AAC TCT CCG ACT GAC CCA TTC AAT CGT CAG ACC CTG ACC GAA TCT ATG CTG GAA CCG GTG CCG GAA CTG ACT GAA CAG ATC CAG GCG TGG ATG CGT,-0.0628649034119396
GAC GCT CCG GAC GAA TTC CGT ATC CCG CTG ATG GAC ACC CTG ATG ACT GAC CCG GTT CGT CTG CCG TCT GGC ACC ATC ATG TTC CGT TCT ATC ATC CTG CGT CAC CTG CTG AAC TCT CCG ACC GAC CCG TTC AAC CGT CAG ACC CTG ACC GAA TCT ATG CTG GAA CCG GTG CCG GAA CTG AAA GAA CAG ATC CAG GCG TGG ATG CGT,0.5752313846921202
GAC GCG CCA GAT GAA TTC CGT GAC CCG CTG ATG GAC ACC CTG ATG ACC GAC CCG GTT CGT CTG CCA GGC GGT ACC ATC ATG GAC CGT TCT ATC ATC CTG CGT CAC CTG CTG AAC TCT CCG ACC GGC CCA TTC AAC CGT CAG ACC CTG ACC GAA TCT ATG CTG GAA CCA GTT CCG GAG CTG AAA GAA CAG ATC CAG GCG TGG ATG CGT,0.0638086935279935
GAC GCG CCA GAT GAA TTC CGT GAC CCG CTG ATG GAC ACC CTG ATG ACC GAC CCG GTT CGT CTG CCG TCT GGC ACC ATC ATG GAC ATC TCT ATC ATC CTG CGT CAT CTG CTG AAC TCT CCG ACC GAT CCG TTT AAC CGC CAG ACC CTG ACC GAA TCT ATG CTG GAG CCA GTT CCG GAG CTG AAC GAA CAG ATC CAG GCG TGG ATG CGT,0.4318362005893679
GAT GCG CCG GAC GAA TTC CGT GAC CCG CTG ATG GAC ACC CTG ATG ACC CTG CCA GTT CGT CTG CCG TCT GGC ACC ATC ATG GAC CCG TCT ATC ATC CTG CGT CAC CTG CTG AAC TCT CCG ACC GAC CCG TTC AAC CGT CAG ACC CTG ACC GAA TCT ATG CTC GAA CCG GTG CCG GAA CTG AAA GAA CAG ATC CAG GCT TGG ATG CGT,0.0224595506139208
GAT GCT CCG GAT GAA TTC CGT GAC CCG CTG ATG GAC ACC CTG ATG ACC GAC CCG GTT CGT CTG CCG TCT GGC ACC ATC ATG GAC CCG TCT ATC ATC CTG CGC CAC CTG CTG AAC TCT CCG ACT GAC CCG TTC AAC CGT CAG ACT CTG ACT GAA TCT ATG CTG GAA CCG GTG CCG GAA CTG TTC GAG CAG ATC CAG GCT TGG ATG CGT,0.2677922068319095
GAC GCT CCG GAC GAA TTC CGT GAC CCG CTG ATG GAC ACC CTG ATG ACC GAC CCG GTT CGT CTG CCG TCC GGT ACC ATC ATG GAC CGT TCT ATC ATC CTG CGT CAC CTG CTG AAC TCT CCG ACC GAC GGT TTC AAC CGT CAA ACC CTG ACC GAA TCT ATG CTG GAA CCG GTG CCG GAG CTG AAA GAA CAG ATC CAG GCG TGG ATG CGC,-1.4323992930382274
GAC GCT CCG GAC GAG TTC CGT GAC CCG CTG ATG GAC ACC CTG ATG ACC GAC CCG GTT CGT CTG CCG TCT GGT ACT ATC ATG GAC CGT TCT ATC ATC CTG CGT CAC CTG CTG AAC AAC CCG ATG GAC CCG TTC AAC CGT CAA ACC CTG ACC GAA TCT ATG CTG GAA CCA GTG CCG GAA CTG AAA GAA CAG ATC CAG GCG TGG ATG CGT,1.327154714863518
GAT GCG CCG GAC GAA TTC CGT GAC CCG CTG ATG GAC ACC CTG ATG ACC GAC CCG GTT CGT CTG CCG TGG GGC ACC ATC ATG GAC CGT TCT ATC ATC CTG CGT CAC CTG CTG AAC TCT CCG ACC GTG CCA TTC AAC CGC CAG ACC CTG ACC GAA TCT ATG CTG GAA CCA GTT CCG GAG CTG AAA GAA CAG ATC CAG GCG TGG ATG CGC,0.0199504608313176
GAC GCT CCG GAT GAA TTT CGT GAC CCG CTG ATG GAC ACC CTG ATG ACT GAC CCG GTT CGT CTG CCG TCT GGT ACT ATC ATG GAC GAA TCT ATC ATC CTG CGT CAC CTG CTG AAC TCT CCG ACC GAC CCG TTC AAC CGT CAA ACC CTG ACC GAG TCT ATG CTG GAA CCG GTG CCG GAG CTG GTT GAG CAG ATC CAG GCG TGG ATG CGT,-0.7130665332792571
GAT GCG CCG GAC GAA TTC CGT GAC CCG CTG ATG GAC ACC CTG ATG ACC TTC CCG GTT CGT CTG CCG TCT GGC ACC ATC ATG GAC TTC TCT ATC ATC CTG CGT CAC CTG CTG AAC TCT CCG ACC GAC CCG TTC AAC CGT CAG ACC CTG ACC GAA TCT ATG CTG GAG CCG GTT CCG GAG CTG AAA GAA CAG ATC CAG GCG TGG ATG CGT,1.3670478000205704
GAT GCT CCG GAC GAA TTC CGC GAC CCA CTC ATG GAT ACT CTG ATG ACC GAC CCG GTG CGT CTG CCG TCT GGC ACT ATC ATG GAC ATC TCT ATC ATC CTG CGT CAC CTC CTG AAC TCT CCG ACT GAC CCG TTC AAC CGT CAG ACC CTC ACC GAA TCT ATG CTG GAA CCA GTG CCG GAG CTG ACC GAG CAG ATC CAG GCG TGG ATG CGT,0.6021145489122821
GAC GCT CCG GAC GAG TTC CGT GAC CCA CTG ATG GAT ACC CTG ATG ACC TAC CCG GTT CGT CTG CCG TCT GGT ACT ATC ATG GAC ACT TCT ATC ATC CTG CGT CAC CTG CTG AAC TCT CCG ACC GAT CCG TTC AAC CGT CAG ACC CTG ACC GAA TCT ATG CTG GAG CCG GTT CCA GAG CTG AAA GAA CAG ATC CAG GCG TGG ATG CGT,-0.6114578549783918
GAC GCT CCG GAT GAA TTC CGT GAC CCG CTG ATG GAC ACC CTG ATG ACC GAC CCG GTT CAG CTG CCG TCT GGT ACT ATC ATG GAC CGT TCT ATC ATC CTG CGT CAC CTG CTG AAC TCT CCG ACC GAT CCA TTC AAC CGT CAG ACC CTG ACC GAA TCT ATG CTG TCT CCG GTT CCA GAA CTG AAA GAA CAG ATC CAG GCG TGG ATG CGT,1.0257595326131148
GAC GCT CCG GAC GAA TTC CGT GAC CCG CTG ATG GAC ACC CTG ATG ACC CGT CCG GTT CGT CTG CCG TCT GGC ACC ATC ATG GAC GCT TCT ATC ATC CTG CGT CAC CTG CTG AAC TCT CCG ACC GAC CCG TTC AAC CGC CAG ACT CTG ACC GAA TCT ATG CTG GAA CCG GTG CCG GAA CTG AAA GAA CAG ATC CAG GCG TGG ATG CGT,0.4976389687979254
GAT GCG CCG GAC GAA TTC CGT GAC CCG CTG ATG GAC ACC CTG ATG ACC GAC CCG GTT CGT CTG CCG CTG GGT ACC ATC ATG GAC CGT TCT ATC ATC CTG CGT CAC CTG CTG AAT TCT CCG ACC CTG CCG TTC AAC CGT CAG ACC CTG ACC GAA TCT ATG CTG GAA CCA GTT CCA GAA CTG AAA GAA CAG ATC CAG GCG TGG ATG CGT,-0.7678670114187465
GAC GCT CCA GAT GAA TTC CGT GAC CCG CTG ATG GAC ACC CTG ATG ACC GAC CCG GTT CGT CTG CCG TCT GGC ACC ATC ATG GAT CGT TCT ATC ATC CTG CGT CAC CTG CTG AAC ATC CCG TGC GAC CCG TTT AAC CGT CAG ACC CTG ACC GAA TCT ATG CTG GAA CCA GTT CCG GAG CTG AAA GAA CAG ATC CAG GCG TGG ATG CGT,1.4273678167701291
GAC GCT CCG GAT GAA TTC CGT GAC CCG CTG ATG GAC ACC CTG ATG ACC TGG CCG GTT CGT CTG CCG TCT GGC ACC ATC ATG GAC GTT TCT ATC ATC CTG CGT CAC CTG CTG AAC TCT CCG ACC GAC CCG TTC AAC CGT CAA ACC CTG ACC GAA TCT ATG CTG GAA CCA GTT CCA GAG CTG AAA GAA CAG ATC CAG GCG TGG ATG CGT,1.0357807516355342
GAC GCT CCG GAT GAA TTC CGC GAA CCG CTG ATG GAC ACC CTG ATG ACC GAT CCG GTT CGT CTG CCG TCT GGT ACT ATC ATG AAC CGT TCT ATC ATC CTG CGT CAC CTG CTG AAC TCT CCA ACC GAC CCG TTC AAC CGT CAG ACC CTG ACC GAA TCT ATG CTG GAA CCG GTG CCG GAA CTG AAA GAA CAG ATC CAG GCG TGG ATG CGT,-3.062121708845593
GAC GCT CCG GAT GAA TTC CGT ATG CCG CTC ATG GAC ACT CTG ATG ACC GAC CCG GTT CGT CTG CCG TCT GGC ACC ATC ATG AAA CGT TCT ATC ATC CTG CGT CAC CTG CTG AAC TCT CCG ACT GAC CCG TTC AAC CGT CAG ACC CTG ACC GAA TCT ATG CTG GAA CCG GTG CCG GAA CTG AAA GAA CAG ATC CAG GCG TGG ATG CGT,-3.581367096072654
GAC GCT CCG GAT GAA TTC CGT GAC CCG CTG ATG GAC ACC CTG ATG ACC GAC CCG GTT CGT CTG CCG TCC GGT ACC ATC ATG GAC CGT TCT ATC ATC CTG CGT CAC CTG CTG AAC TAC CCA GCG GAC CCG TTC AAC CGC CAG ACC CTG ACC GAA TCT ATG CTG GAA CCA GTG CCG GAG CTG AAA GAA CAG ATC CAG GCG TGG ATG CGT,0.9688243161721626
GAT GCG CCG GAC GAA TTC CGT GAC CCG CTG ATG GAC ACC CTG ATG ACT CCG CCA GTT CGT CTG CCG TCT GGC ACC ATC ATG GAC CTG TCT ATC ATC CTG CGT CAC CTG CTG AAC TCT CCG ACC GAC CCG TTC AAC CGT CAG ACC CTG ACC GAA TCT ATG CTG GAA CCG GTG CCG GAA CTC AAA GAA CAG ATC CAG GCG TGG ATG CGT,0.6976354715938238
GAC GCT CCG GAC GAA TTC CGT GAC CCG CTG ATG GAC GAA CTG ATG ACC GAC CCG GTT CGT CTG CCG TCT GGC ACC ATC ATG GAA CGC TCT ATC ATC CTG CGT CAC CTG CTG AAC TCT CCG ACT GAC CCA TTC AAC CGT CAG ACC CTG ACC GAA TCT ATG CTG GAA CCG GTG CCG GAA CTG AAA GAA CAG ATC CAG GCG TGG ATG CGT,0.7846681369115038
GAT GCG CCG GAC GAA TTC CGT GAC CCG CTG ATG GAC GCT CTG ATG ACC GAC CCG GTT CGT CTG CCG TCT GGC ACC ATT ATG TAC CGT TCT ATC ATT CTG CGT CAC CTG CTG AAC TCT CCG ACC GAT CCG TTC AAC CGT CAG ACC CTG ACC GAA TCT ATG CTG GAA CCG GTG CCG GAA CTG AAA GAA CAG ATC CAG GCG TGG ATG CGT,0.5418225111099887
GAT GCG CCG GAT GAA TTC CGT GAC CCG CTG ATG GAC ACC CTG ATG ACC GAC CCG GTT CGT CTG CCG AAC GGT ACC ATC ATG GAC CGT TCT ATC ATC CTG CGT CAC CTG CTG AAC TCT CCG ACT GAT CCG TTT GCG CGT CAG ACC CTG ACC GAA TCT ATG CTG GAA CCG GTG CCG GAA CTG AAA GAA CAG ATC CAG GCG TGG ATG CGC,0.3186893335189167
GAC GCT CCG GAC GAA TTT CGT GAC CCG CTG ATG GAT ACT CTC ATG ACC GAT CCG GTT CGC CTG CCG TCT GGC ACC ATC ATG GAC CGT TCT TGG ATT CTG CGT CAC CTG CTG AAC TCT CCG ACT GAC CCA TTC AAC CGC CAG ACC CTG ACT GAA TCT ATG CTG GAA CCG GTG CCG GAA CTG AAA GAA CAG ATC CAG GCG TGG ATG CGT,1.3341495718767336
GAC GCG CCA GAC GAA TTC CGT GAC CCG CTG ATG GAC ACC CTG ATG ACC GAC CCG GTT CTG CTC CCG TCT GGT ACT ATC ATG GAC CGT TCT ATC ATC CTG CGT CAC CTG CTG AAC TCT CCG ACT GAC CCG TTC AAC CGT CAG ACC CTG ACC GAA TCT ATG CTG GTG CCA GTT CCA GAA CTC AAA GAA CAG ATC CAG GCG TGG ATG CGT,2.106036863522481
GAC GCT CCA GAC GAA TTT CGT GAC CCG CTG ATG GAT ACC CTG ATG ACT GAC CCG GTT ACC CTG CCG TCT GGC ACC ATC ATG GAT CGC TCT ATC ATC CTG CGT CAC CTG CTG AAC TCT CCG ACC GAT CCG TTC AAC CGT CAG ACC CTG ACC GAA TCT ATG CTG ATG CCA GTT CCA GAG CTG AAA GAA CAG ATC CAG GCG TGG ATG CGT,0.0199870766570942
AAC GCG CCA GAT GAA TTC CGT GAC CCG CTG ATG GAC ACC CTG ATG ACC GAC CCA GTT CGT CTG CCA TCC GGT ACC ATC ATG GAC CGT TCT ATC ATC CTG CGT CAC CTG CTG AAC TCT CCG ACT GAC CCA TTC AAC CGT CAG ACC CTG ACC GAA TCT ATG CTG GAG CCG GTT CCA GAG CTG AAA GAA CAG ATC CAG GCG TGG ATG CGT,2.583013884837177
GAC GCT CCG GAC GAA TTC CGT GAC CCA CTC ATG GAC ACC CTG ATG ACC GAC CCA GTG CGT CTG CCA ATG GGT ACC ATC ATG GAT CGT TCT ATC ATC CTG CGT CAC CTG CTG AAC TCT CCA ACC GAT CCG TTC AAC CGT CAG ACC CTG ACC GAA TCT ATG CTG GAG CCG GTT CCA GAG CTG AAA GAA CAG ATC CAG GCG TGG ATG CGT,0.1492168334146416
GAT GCG CCG GAC GAA TTT CGT GAC CCG CTG ATG GAC ACC CTG ATG ACC GAC CCG GTT CGT CTG CCG TCC GGT ACC ATC ATG GAC CGT TCT ATC ATC CTG CGT CAC CTG CTG AAC GCT CCG GAT GAC CCG TTC AAC CGT CAG ACC CTG ACC GAA TCC ATG CTG GAA CCG GTG CCG GAG CTG AAG GAA CAG ATC CAG GCT TGG ATG CGT,0.1809675775444638
GAC GCT CCG GAC GAA TTC CGT GAC CCG CTG ATG GAC ACC CTG ATG ACT CCG CCA GTT CGT CTG CCA TCT GGC ACT ATT ATG GAC CAG TCT ATC ATC CTG CGT CAC CTG CTG AAC TCT CCG ACC GAT CCG TTT AAT CGC CAG ACC CTG ACC GAA TCT ATG CTG GAA CCG GTG CCG GAA CTG AAA GAA CAG ATC CAG GCG TGG ATG CGT,-1.6613983098502718
GAC GCT CCG GAT GAA TTC CGT GAC CCG CTG ATG GAC ACC CTG ATG ACC GAA CCA GTT CGT CTG CCA TCT GGC ACC ATC ATG GAC ATC TCT ATC ATC CTG CGT CAC CTG CTG AAC TCT CCG ACC GAT CCG TTC AAC CGT CAA ACC CTC ACC GAA TCT ATG CTG GAA CCG GTG CCG GAA CTG AAA GAA CAG ATC CAG GCG TGG ATG CGT,0.6378964696092125
GAC GCG CCA GAC GAA TTC CGT GAC CCG CTG ATG GAC ACC CTG ATG ACC GAT CCA GTT CGC CTG CCA CCA GGT ACC ATC ATG GAC CGT TCT ATC ATC CTG CGT CAC CTG CTG AAC TCT CCA ACC GAC CCA TTC CCG CGT CAA ACC CTG ACC GAA TCT ATG CTG GAA CCA GTG CCG GAA CTG AAA GAA CAG ATC CAG GCG TGG ATG CGT,-3.633500496598745
GAC GCT CCG GAC GAA TTC CGT GAC CCG CTG ATG GAC ACC CTG ATG ACC GAC CCG GTT CGT CTG CCG AAA GGT ACC ATC ATG GAC CGT TCT ATC ATC CTG CGT CAC CTG CTG AAC TCT CCG ACC CAC CCG TTC AAC CGC CAG ACC CTG ACC GAA TCT ATG CTG GAA CCG GTG CCG GAG CTG AAA GAA CAG ATC CAG GCG TGG ATG CGT,-0.457576623335402
GAT GCT CCG GAC GAA TTC CGT GAC CCG CTG ATG GAC ACC CTG ATG ACC ACT CCA GTT CGT CTG CCG TCT GGT ACT ATC ATG GAT TGG TCT ATC ATC CTG CGT CAC CTC CTG AAC TCT CCG ACC GAC CCG TTC AAC CGC CAG ACC CTG ACC GAA TCT ATG CTG GAA CCG GTG CCG GAA CTG AAG GAA CAG ATC CAG GCG TGG ATG CGT,1.1567696302439616
GAC GCT CCG GAC GAA TTC CGT GAC CCG CTG ATG GAT ACC CTG ATG ACT GAC CCG GTT CGT CTG CCG TCT GGT ACT ATC ATG GAC CAC TCT ATC ATC CTG CGT CAC CTG CTG AAC TCT CCA ACC GAC CCG TTC AAC CGT CAA ACC CTG ACC GAA TCT ATG CTG GAA CCA GTT CCA GAA CTC ATG GAA CAG ATC CAG GCG TGG ATG CGT,0.253925316377587
GAT GCG CCG GAT GAA TTC CGT GAC CCG CTG ATG GAT ACT CTG ATG ACC AAG CCG GTT CGT CTG CCG TCT GGT ACT ATC ATG GAC CGT TCT ATC ATC CTG CGT CAC CTG CTG AAC TCT CCG ACC GAC CCG TTT AAC CGC CAG ACC CTG ACC GAA TCT ATG CTG GAA CCA GTT CCG GAG CTG GTT GAA CAG ATC CAG GCG TGG ATG CGT,0.0233606941942121
GAT GCG CCA GAC GAA TTC CGT GAC CCG CTG ATG GAC ACC CTG ATG ACC TGC CCA GTT CGC CTC CCG TCC GGT ACT ATT ATG GAC TAC TCT ATC ATC CTG CGT CAC CTG CTG AAT TCT CCG ACC GAC CCG TTC AAC CGC CAA ACC CTG ACC GAA TCT ATG CTC GAA CCA GTT CCG GAG CTC AAG GAA CAG ATC CAG GCT TGG ATG CGC,3.9078307573096778
GAT GCG CCG GAC GAA TTC CGT GAC CCG CTG ATG GAC ACC CTG ATG ACC GAC CCG GTT CGT CTG CCG GTG GGT ACC ATC ATG GAC CGT TCT ATC ATC CTG CGT CAC CTG CTG AAC TCT CCG ACT GAC CCG TTC CGT CGT CAG ACC CTG ACC GAA TCT ATG CTG GAG CCG GTT CCG GAG CTG AAA GAA CAG ATC CAG GCG TGG ATG CGT,-2.2567509125262672
GAC GCT CCG GAC GAA TTT CGT GAC CCG CTG ATG GAC ACC CTG ATG ACC GTT CCG GTG CGC CTG CCG TCC GGC ACC ATT ATG GAT ACC TCT ATC ATC CTG CGT CAC CTG CTG AAC TCT CCG ACC GAC CCG TTC AAC CGT CAG ACC CTG ACC GAA TCC ATG CTG GAA CCA GTG CCA GAA CTG AAA GAA CAA ATC CAG GCG TGG ATG CGT,-0.0811951650728905
GAC GCT CCG GAC GAG TTC CGC GAC CCG CTG ATG GAC ACC CTG ATG ACT GAC CCG GTG CGT CTG CCG TCC GGT ACC ATC ATG GAC GAA TCC ATT ATC CTG CGT CAC CTG CTG AAC TCT CCG ACC GAC CCG TTC AAC CGT CAA ACT CTG ACC GAA TCT ATG CTG GAG CCG GTT CCA GAA CTC ATC GAA CAG ATC CAG GCG TGG ATG CGT,-0.2246081902938543
GAC GCT CCG GAC GAA TTC CGT GAC CCG CTG ATG GAC ACC CTG ATG ACT GCG CCG GTT CGT CTG CCG TCT GGC ACC ATC ATG GAC CAC TCT ATC ATC CTG CGT CAC CTG CTG AAC TCT CCG ACC GAC CCG TTC AAC CGT CAA ACC CTG ACC GAA TCT ATG CTG GAA CCA GTT CCA GAA CTC AAA GAA CAG ATC CAG GCG TGG ATG CGT,-0.0831471654173653
GAT GCG CCG GAC GAA TTC CGT GAC CCG CTG ATG CTG ACT CTG ATG ACC GAT CCG GTT CGT CTG CCG TCT GGC ACT ATC ATG GAC CGT TCT ATC ATC CTG CGC CAT CTG CTG AAC TCT CCA ACC GAC CCG TTC AAC CGT CAG ACC CTG ACC GAA TCT ATG CTG GAG CCG GTG CCG GAA CTG AAA GAA CAG ATC CAG GCG TGG ATG CGT,2.7007502210576644
GAT GCG CCG GAT GAA TTC CGT GAC CCG CTC ATG GAT ACT CTC ATG ACC CGT CCG GTT CGT CTG CCG TCT GGT ACT ATC ATG GAC GAA TCC ATC ATT CTG CGT CAC CTG CTG AAC TCT CCG ACC GAC CCG TTC AAC CGT CAG ACC CTG ACC GAA TCT ATG CTG GAG CCG GTG CCA GAA CTG AAG GAA CAG ATC CAG GCG TGG ATG CGT,0.1922507735031226
GAC GCT CCG GAC GAG TTC CGT GAC CCG CTG ATG GAC ACC CTC ATG ACC ACT CCA GTG CGC CTC CCG TCT GGT ACT ATC ATG GAC CAT TCC ATC ATC CTC CGC CAC CTC CTG AAC TCT CCG ACC GAC CCA TTC AAC CGC CAG ACC CTG ACC GAA TCT ATG CTG GAA CCG GTG CCG GAA CTG AAA GAA CAG ATC CAG GCG TGG ATG CGT,2.413064069915773
GAT GCG CCG GAT GAA TTC CGC GAC CCG CTG ATG GAC ACC CTG ATG ACC TTC CCG GTT CGC CTC CCG TCT GGT ACT ATC ATG GAC CGT TCT ATC ATC CTG CGT CAC CTG CTG AAC TCT CCG ACC GAT CCG TTT AAT CGT CAG ACC CTG ACC GAA TCT ATG CTG GAA CCG GTG CCG GAA CTG ATC GAA CAG ATC CAG GCG TGG ATG CGT,1.5880705427877138
GAC GCT CCG GAC GAA TTC CGT GAC CCG CTG ATG GAC ACC CTG ATG ACC GAC CCG GTT CGT CTG CCG TCT GGT ACT ATC ATG GAC CGT TCT ATC ATC CTG CGT CAC CTC CTG AAC TTC CCG AAC GAC CCG TTC AAC CGT CAA ACC CTG ACC GAA TCT ATG CTG GAA CCG GTG CCG GAG CTG AAA GAA CAG ATC CAG GCG TGG ATG CGT,1.353964589588741
GAC GCT CCG GAC GAG TTC CGT GAT CCG CTG ATG GAC ACC CTG ATG ACC GAC CCA GTT GAC CTG CCG TCT GGC ACC ATC ATG GAC CGT TCT ATC ATC CTG CGT CAC CTG CTG AAC TCT CCG ACT GAC CCG TTT AAC CGT CAG ACC CTG ACC GAA TCT ATG CTG GAC CCG GTG CCG GAA CTG AAA GAA CAG ATC CAG GCG TGG ATG CGT,-3.0270597028199786
GAC GCT CCG GAC GAA TTC CGT AAC CCG CTG ATG GAC ACC CTG ATG ACC GAC CCG GTT CGT CTG CCG TCT GGC ACC ATC ATG TAC CGT TCT ATC ATC CTG CGT CAC CTG CTG AAC TCT CCG ACC GAT CCA TTC AAC CGT CAG ACC CTG ACC GAA TCT ATG CTG GAG CCA GTG CCG GAA CTC AAA GAA CAG ATC CAG GCG TGG ATG CGT,0.1642734661351081
GAT GCG CCG GAT GAA TTC CGT GAC CCG CTG ATG GAC ACC CTG ATG ACC TAC CCG GTT CGT CTG CCG TCT GGT ACT ATC ATG GAC GAA TCT ATC ATC CTG CGT CAC CTG CTG AAC TCT CCG ACC GAC CCG TTC AAC CGT CAG ACC CTG ACC GAG TCT ATG CTG GAA CCA GTT CCG GAG CTG AAA GAA CAG ATC CAG GCG TGG ATG CGT,-0.4263612894061727
GAT GCT CCG GAC GAA TTC CGT GAC CCG CTG ATG GAC ACC CTG ATG ACC GAC CCG GTT CGT CTG CCA TAC GGT ACC ATC ATG GAC CGT TCT ATC ATC CTG CGC CAT CTG CTG AAC TCT CCG ACC ACT CCA TTC AAC CGT CAG ACT CTG ACC GAA TCT ATG CTG GAA CCA GTT CCA GAA CTG AAA GAA CAG ATC CAG GCG TGG ATG CGT,-1.4673743504016126
GAC GCT CCG GAC GAA TTC CGT GAC CCG CTG ATG GAT ACT CTG ATG ACT GAT CCA GTG CGT CTG CCA TCT GGC ACC ATC ATG GAC TGG TCT ATC ATC CTG CGT CAC CTG CTC AAC TCT CCG ACC GAC CCG TTT AAC CGT CAA ACC CTG ACC GAA TCT ATG CTG GAG CCG GTT CCA GAA CTG TGG GAA CAG ATC CAG GCG TGG ATG CGT,1.984009159389608
GAC GCG CCA GAC GAA TTC CGT GAC CCG CTG ATG GAC CGT CTG ATG ACC GAC CCG GTT CGT CTC CCG TCC GGT ACC ATT ATG ATG CGC TCC ATC ATC CTG CGT CAC CTG CTG AAC TCT CCA ACC GAT CCG TTC AAC CGT CAG ACC CTG ACC GAA TCT ATG CTG GAG CCG GTT CCG GAG CTG AAA GAA CAG ATC CAG GCG TGG ATG CGT,0.1305606954671808
GAT GCG CCG GAC GAA TTC CGT GAC CCG CTG ATG GAC ACC CTG ATG ACC GAC CCG GTT CGT CTG CCA TCT GGC ACC ATC ATG GAC CTG TCT ATC ATC CTG CGT CAC CTG CTG AAC TCT CCG ACT GAC CCA TTC AAC CGT CAG ACC CTG ACC GAA TCT ATG CTG GAG CCA GTG CCG GAA CTG AAA GAA CAG ATC CAG GCG TGG ATG CGT,1.8015322908629727
GAC GCT CCG GAC GAA TTC CGT GAC CCG CTG ATG GAC GAA CTG ATG ACC GAT CCG GTT CGT CTG CCG TCT GGT ACT ATC ATG TCT CGT TCT ATC ATC CTG CGT CAC CTG CTG AAC TCT CCG ACC GAC CCG TTC AAC CGT CAG ACC CTG ACC GAA TCT ATG CTG GAA CCG GTG CCA GAA CTG AAA GAA CAG ATC CAG GCG TGG ATG CGT,-0.921277744022085
GAT GCG CCG GAC GAA TTC CGT GAC CCG CTG ATG GAC CAG CTG ATG ACT GAC CCG GTT CGT CTG CCG TCT GGT ACT ATC ATG GAC CGT TCT ATC ATC CTG CGT CAC CTG CTG AAC TCT CCG ACC GAC CCA TTC AAC CGT CAG ACC CTC ACC GAA TCC ATG CTG GAA CCG GTG CCG GAA CTC AAA GAA CAG ATC CAG GCT TGG ATG CGT,1.2457646063939585
GAC GCG CCA GAT GAA TTC CGT GAC CCG CTG ATG GAC ACC CTG ATG ACC GAC CCG GTT CGT CTG CCG TCT GGC ACC ATC ATG GAC CGT TCT ATC ATC CTG CGT CAC CTG CTG AAC TCT CAG ACC GAT CCG TTC AAC CGT CAG ACC CTG ACC GAA TCT ATG CTG GAG CCG GTT CCG GAG CTG AAA GAA CAG ATC CAG GCG TGG ATG CGT,2.597779773556624
GAC GCT CCG GAC GAA TTC CGT GAC CCG CTG ATG GAT ACT CTG ATG ACC GAC CCG GTT CGT CTG CCG TCT GGT ACT ATC ATG GAC CGT TCT ATC ATC CTG CGT CAC CTG CTG AAC TCT CCG ACT TGC CCG TTC AAC CGT CAA ACC CTG ACC GAA TCT ATG CTG GAA CCG GTG CCG GAA CTG AAA GAA CAG ATC CAG GCG TGG ATG CGT,1.009006559124078
GAC GCT CCG GAT GAA TTC CGT GAC CCG CTG ATG GAC ACC CTG ATG ACC CTG CCG GTT CGT CTG CCG TCT GGT ACT ATC ATG GAC GCT TCT ATC ATC CTG CGT CAC CTG CTG AAC TCT CCG ACC GAC CCG TTC AAC CGT CAG ACC CTG ACC GAA TCT ATG CTG GAA CCG GTG CCG GAG CTG AAA GAA CAG ATC CAG GCG TGG ATG CGT,0.6642647388948976
GAT GCG CCG GAC GAA TTC CGT GAC CCG CTG ATG GAC ACC CTG ATG ACC GAC CCG GTT CGT CTG CCG TCT GGC ACC ATC ATG GAC CGT TCT ATC ATC CTG CGC CAC CTG CTG AAC TCT CCA ACT GAC CCA TTC AAC CGT CAG GAC CTG ACC GAA TCT ATG CTG GAA CCG GTG CCG GAA CTG AAA GAA CAG ATC CAG GCG TGG ATG CGT,2.1413541543134142
GAC GCT CCG GAT GAA TTC CGT GAC CCG CTG ATG GAC ACC CTG ATG ACC ATG CCG GTT CGT CTG CCG TCT GGT ACT ATC ATG GAC CGT TCT ATC ATC CTG CGT CAC CTG CTG AAC TCT CCG ACC GAC CCG TTC AAC CGC CAG ACC CTC ACC GAG TCT ATG CTG GAA CCG GTG CCG GAA CTG ACC GAA CAG ATC CAG GCG TGG ATG CGT,-0.0169536385812337
GAC GCG CCA GAT GAA TTC CGT CCG CCG CTG ATG GAC ACC CTG ATG ACC GAT CCG GTT CGT CTG CCG TCT GGC ACC ATC ATG AAA CGT TCT ATC ATC CTG CGT CAC CTG CTG AAC TCT CCA ACC GAC CCA TTC AAC CGT CAG ACC CTG ACC GAA TCT ATG CTG GAA CCG GTG CCG GAA CTG AAA GAA CAG ATC CAG GCG TGG ATG CGT,-5.105742083383941
GAT GCG CCG GAC GAA TTC CGT GAC CCG CTC ATG GAC ACC CTG ATG ACC CAG CCG GTT CGT CTG CCG TCT GGC ACC ATT ATG GAC CGT TCT ATC ATC CTG CGC CAC CTG CTG AAC TCT CCG ACC GAC CCG TTC AAC CGT CAG ACC CTG ACC GAA TCT ATG CTG GAA CCG GTG CCG GAA CTG ATG GAA CAG ATC CAG GCG TGG ATG CGT,0.9037834868925444
GAC GCG CCA GAT GAA TTC CGT GAC CCG CTG ATG GAC ACC CTG ATG ACC GAC CCG GTT CGT CTG CCA GAC GGT ACC ATC ATG GAC CGT TCT ATC ATC CTG CGT CAC CTG CTG AAC TCT CCG ACC AAA CCG TTC AAC CGT CAA ACC CTG ACC GAA TCT ATG CTG GAA CCA GTT CCG GAG CTG AAA GAA CAG ATC CAG GCG TGG ATG CGT,-0.7545873901051385
GAC GCT CCG GAC GAA TTC CGT GAC CCG CTG ATG GAC ACT CTC ATG ACT GAC CCG GTT CGT CTG CCG TCT GGT ACT ATC ATG GAC CGT TCT ATC ATC CTG CGT CAC CTG CTC AAC TCT CCG ACC GAT CCA TTC AAT ACC CAG ACC CTG ACC GAA TCT ATG CTG GAA CCG GTG CCG GAA CTG AAA GAA CAG ATC CAG GCG TGG ATG CGT,1.7060462219790966
GAC GCT CCG GAC GAA TTC CGT GAC CCG CTG ATG GAC ACC CTG ATG ACT GAC CCG GTT TAC CTC CCG TCT GGC ACC ATC ATG GAC CGT TCT ATC ATC CTG CGT CAC CTG CTG AAC TCT CCG ACC GAC CCG TTC AAC CGT CAA ACC CTG ACC GAA TCT ATG CTC GAA CCG GTG CCG GAA CTG AAA GAA CAG ATC CAG GCG TGG ATG CGT,0.2001318933036431
GAC GCT CCG GAT GAA TTC CGT GAC CCG CTG ATG GAC ACC CTG ATG ACC GAT CCA GTT CCG CTG CCA TCT GGC ACC ATC ATG GAC CGT TCT ATC ATC CTG CGT CAC CTG CTG AAC TCT CCG ACC GAC CCG TTC AAC CGT CAG ACC CTG ACC GAA TCT ATG CTG TGG CCG GTT CCA GAG CTC AAA GAA CAG ATC CAG GCG TGG ATG CGT,0.3803971571785286
CAA GCG CCG GAC GAA TTC CGT GAC CCG CTG ATG GAC ACC CTG ATG ACC GAC CCG GTT CGT CTG CCG TCT GGC ACT ATC ATG GAC CGT TCT ATC ATC CTG CGT CAC CTG CTG AAC TCT CCG ACT GAC CCA TTC AAC CGT CAG ACC CTG ACT GAA TCT ATG CTG GAA CCG GTG CCG GAG CTG AAA GAA CAG ATC CAG GCG TGG ATG CGT,2.553679336105154
GAT GCG CCG GAC GAA TTC CGT GAC CCG CTG ATG GAC ACC CTG ATG ACT GAC CCG GTT AAA CTG CCA TCT GGC ACC ATC ATG GAC CGT TCT ATC ATC CTG CGT CAC CTG CTG AAC TCT CCG ACC GAC CCA TTC AAC CGT CAG ACC CTG ACC GAA TCT ATG CTG TAT CCG GTG CCG GAA CTG AAA GAA CAG ATC CAG GCG TGG ATG CGT,0.872697414883425
GAC GCT CCG GAC GAA TTC CGT GAC CCG CTG ATG GAC ACC CTG ATG ACC GAC CCG GTT CGT CTG CCG AAC GGT ACC ATC ATG GAC CGT TCT ATC ATC CTG CGT CAC CTG CTG AAC TCT CCG ACC TCT CCG TTC AAC CGT CAA ACC CTG ACC GAA TCT ATG CTG GAA CCA GTT CCA GAA CTG AAA GAA CAG ATC CAG GCG TGG ATG CGT,0.3411874116499824
GAC GCT CCG GAC GAA TTC CGT GAC CCG CTG ATG GAC ACC CTG ATG ACC GAC CCG GTT CGT CTG CCG GTT GGC ACC ATC ATG GAC CGT TCT ATC ATC CTG CGT CAC CTG CTG AAC TCT CCG ACC ATG CCG TTC AAC CGT CAA ACC CTG ACC GAA TCT ATG CTG GAA CCA GTT CCA GAA CTG AAA GAA CAG ATC CAG GCT TGG ATG CGT,-1.386852445854657
GAC GCT CCG GAC GAA TTC CGT ACT CCA CTG ATG GAC ACC CTG ATG ACC GAC CCG GTT CGT CTG CCG TCT GGC ACC ATC ATG CCG CGT TCT ATC ATC CTG CGT CAC CTG CTG AAC TCT CCA ACC GAT CCG TTC AAC CGT CAG ACC CTG ACC GAA TCT ATG CTG GAG CCG GTT CCA GAG CTG AAA GAA CAG ATC CAG GCG TGG ATG CGT,-7.250364874217997
GAT GCG CCG GAC GAA TTC CGT GAC CCG CTG ATG GAC ACC CTG ATG ACC GAC CCG GTT CGT CTG CCG CGT GGC ACC ATC ATG GAC CGT TCT ATC ATC CTG CGT CAC CTG CTG AAC TCT CCG ACC TGG CCG TTC AAC CGT CAG ACC CTG ACC GAA TCT ATG CTG GAG CCG GTG CCG GAA CTG AAG GAA CAG ATC CAG GCT TGG ATG CGT,0.2589940042605636
GAC GCG CCA GAT GAA TTC CGT GAC CCG CTG ATG GAC ACC CTG ATG ACC GAC CCA GTT TCT CTG CCG TCT GGC ACC ATC ATG GAC CGT TCT ATC ATC CTG CGT CAC CTG CTG AAC TCT CCG ACC GAT CCA TTC AAC CGT CAG ACC CTG ACC GAA TCT ATG CTG GGT CCG GTT CCA GAA CTG AAA GAA CAG ATC CAG GCG TGG ATG CGC,-3.3376519203584696
GAT GCG CCA GAC GAA TTT CGC GAC CCG CTG ATG GAC ACC CTG ATG ACC GAC CCG GTT CGT CTC CCG TGC GGC ACT ATC ATG GAC CGC TCT ATC ATC CTG CGT CAC CTG CTG AAT TCT CCG ACT GAC CCA TTC GAA CGC CAA ACC CTC ACC GAA TCC ATG CTG GAA CCG GTG CCG GAA CTG AAA GAA CAG ATC CAG GCT TGG ATG CGT,0.8197926650880516
GAC GCT CCG GAC GAA TTC CGT TGC CCG CTG ATG GAC ACC CTG ATG ACC GAC CCG GTT CGT CTG CCG TCT GGC ACC ATC ATG AAA CGT TCT ATC ATC CTG CGT CAC CTG CTG AAC TCT CCG ACT GAC CCA TTC AAC CGT CAG ACC CTG ACC GAA TCT ATG CTG GAA CCA GTT CCA GAG CTG AAA GAA CAG ATC CAG GCG TGG ATG CGT,0.5738964308553015
GAC GCT CCG GAC GAA TTC CGT GAC CCG CTG ATG GAC ACC CTG ATG ACC GAC CCG GTT CGT CTG CCG ACC GGT ACC ATC ATG GAC CGT TCT ATC ATC CTG CGT CAC CTG CTG AAC TCT CCG ACT TCT CCG TTC AAC CGC CAG ACC CTG ACC GAA TCT ATG CTG GAA CCA GTT CCA GAA CTG AAA GAA CAG ATC CAG GCG TGG ATG CGT,-0.3511652510885574
GAT GCG CCG GAC GAG TTC CGT GAC CCG CTG ATG GAC ACC CTG ATG ACC CAG CCA GTG CGT CTG CCG TCT GGC ACC ATC ATG GAC TGG TCT ATC ATC CTG CGT CAC CTG CTG AAC TCT CCG ACC GAC CCG TTC AAC CGT CAG ACC CTG ACC GAA TCT ATG CTG GAG CCA GTT CCG GAG CTC AAA GAA CAG ATC CAG GCG TGG ATG CGT,1.1133808305732271
GAT GCG CCG GAC GAA TTT CGT GAC CCG CTG ATG GAC ACC CTG ATG ACC ACT CCG GTT CGT CTG CCG TCT GGC ACC ATC ATG GAC CGT TCT ATC ATC CTG CGT CAC CTG CTG AAC TCT CCG ACC GAC CCG TTC AAC CGT CAG ACC CTG ACC GAA TCT ATG CTG GAG CCG GTT CCA GAA CTG CTG GAA CAG ATC CAG GCG TGG ATG CGT,0.6998584523231829
GAC GCT CCG GAC GAA TTC CGC CTG CCG CTG ATG GAC ACC CTG ATG ACC GAT CCG GTT CGT CTG CCG TCT GGT ACT ATC ATG TAC CGT TCT ATC ATC CTG CGT CAC CTG CTG AAC TCT CCG ACC GAC CCG TTC AAC CGT CAG ACC CTG ACC GAA TCT ATG CTG GAA CCG GTG CCG GAA CTG AAA GAA CAG ATC CAG GCG TGG ATG CGT,0.2931413716305341
GAT GCG CCG GAC GAA TTC CGT TCT CCG CTG ATG GAC ACC CTG ATG ACC GAC CCG GTT CGT CTG CCG TCC GGT ACT ATC ATG GCG CGT TCT ATC ATC CTG CGT CAC CTG CTG AAC TCT CCG ACT GAC CCA TTC AAC CGT CAG ACC CTG ACC GAA TCT ATG CTG GAA CCG GTG CCG GAA CTG AAA GAA CAG ATC CAG GCG TGG ATG CGT,-0.612140427904814
GAT GCG CCG GAC GAG TTC CGT GAC CCG CTG ATG GAC ACC CTG ATG ACC TTC CCG GTG CGT CTC CCG TCT GGC ACC ATC ATG GAC CGT TCT ATC ATC CTG CGT CAC CTG CTG AAC TCT CCG ACC GAT CCA TTC AAC CGT CAG ACT CTG ACC GAG TCT ATG CTC GAA CCA GTG CCG GAG CTC ACC GAA CAG ATC CAG GCT TGG ATG CGT,0.2648895769785743
GAC GCT CCG GAC GAA TTC CGT GAC CCG CTC ATG GAT ACT CTG ATG ACT CCA CCG GTT CGT CTG CCG TCT GGT ACT ATC ATG GAC ATC TCT ATC ATC CTG CGT CAC CTG CTG AAC TCT CCG ACC GAC CCG TTC AAC CGT CAG ACC CTG ACC GAA TCT ATG CTG GAA CCA GTG CCG GAG CTG AAA GAA CAG ATC CAG GCG TGG ATG CGT,0.8983062954896508
GAT GCG CCG GAT GAA TTC CGT GAC CCG CTG ATG GAC ACT CTC ATG ACC ACT CCG GTT CGC CTG CCG TCT GGT ACT ATC ATG GAC CGT TCT ATC ATC CTG CGT CAC CTG CTG AAC TCT CCG ACC GAT CCG TTC AAC CGC CAG ACC CTG ACC GAA TCT ATG CTG GAG CCG GTT CCA GAA CTG ATC GAA CAG ATC CAG GCG TGG ATG CGT,0.461041772403314
GAC GCG CCA GAT GAA TTC CGT GAC CCG CTG ATG GAC ACC CTG ATG ACT GAC CCG GTT CGT CTG CCG TCT GGC ACC ATC ATG GAC CTG TCT ATC ATC CTG CGT CAC CTG CTG AAC TCT CCG ACC GAT CCG TTC AAC CGT CAA ACC CTG ACC GAA TCT ATG CTG GAG CCG GTT CCA GAG CTG TCT GAA CAG ATC CAG GCG TGG ATG CGT,0.6832859197113185
GAC GCT CCG GAT GAA TTC CGT GAC CCG CTG ATG GAC ACC CTG ATG ACC GAC CCG GTT CGT CTG CCG TCT GGC ACC ATC ATG GAC CGT TCT ATC ATC CTG CGT CAC CTG CTG AAC ATC CCG GAA GAC CCG TTC AAC CGC CAG ACC CTG ACC GAA TCT ATG CTG GAA CCA GTT CCA GAA CTG AAA GAA CAG ATC CAG GCG TGG ATG CGT,1.3022710184105262
GAC GCG CCA GAT GAA TTC CGT GAC CCG CTG ATG GAC ACC CTG ATG ACC GAC CCA GTT CGT CTG CCG CAC GGT ACC ATC ATG GAC CGT TCT ATC ATC CTG CGT CAC CTG CTG AAC TCT CCG ACT GAC CCG TTC TTC CGT CAG ACC CTG ACC GAA TCT ATG CTC GAA CCA GTT CCG GAG CTC AAA GAA CAG ATC CAG GCG TGG ATG CGT,0.4432077214743229
GAC GCT CCG GAC GAA TTC CGT GAC CCG CTG ATG GAC ACC CTG ATG ACT CAC CCG GTT CGT CTG CCG TCT GGT ACT ATC ATG GAC AAA TCT ATC ATC CTG CGT CAT CTG CTG AAC TCT CCG ACC GAC CCG TTC AAC CGT CAG ACC CTG ACC GAA TCT ATG CTG GAA CCG GTG CCG GAG CTG AAA GAA CAG ATC CAG GCG TGG ATG CGC,0.616949810689032
GAC GCT CCG GAT GAA TTC CGT GAC CCG CTG ATG GAC ACT CTG ATG ACC GAC CCA GTT CGT CTG CCG TCT GGC ACC ATC ATG GAC CGT TCT ATC ATC CTG CGT CAC CTC CTG AAC TCT CCG ACC GAT CCG TTC AAC CGC CAG ACC CTG ACC GAA TCT ATG CTG GAA CCG GGT CCG GAA CTG AAA GAA CAG ATC CAG GCG TGG ATG CGT,-0.387933665685648
GAT GCG CCA GAC GAA TTC CGT CGT CCG CTG ATG GAC ACC CTG ATG ACC GAC CCG GTT CGT CTC CCG TCT GGT ACT ATC ATG CGT CGT TCT ATC ATC CTG CGT CAC CTG CTG AAC TCT CCG ACC GAT CCG TTC AAC CGT CAG ACC CTG ACC GAA TCT ATG CTG GAA CCA GTG CCG GAG CTC AAA GAA CAG ATC CAG GCG TGG ATG CGT,-0.8894934970582786
GAC GCT CCG GAC GAA TTC CGT GAT CCG CTG ATG GAC CCA CTC ATG ACT GAC CCG GTT CGT CTG CCG TCT GGC ACC ATC ATG CAG CGT TCT ATC ATC CTG CGT CAC CTG CTG AAC TCT CCA ACC GAC CCG TTC AAC CGT CAG ACC CTG ACC GAA TCT ATG CTG GAA CCG GTG CCG GAA CTG AAA GAA CAG ATC CAG GCG TGG ATG CGT,-4.464015501967436
GAT GCG CCG GAT GAA TTC CGT GAC CCG CTG ATG GAC ACC CTG ATG ACT CCA CCA GTG CGT CTG CCG TCT GGC ACC ATC ATG GAT ATG TCT ATC ATC CTG CGT CAC CTG CTG AAC TCT CCG ACC GAC CCG TTC AAC CGT CAG ACC CTG ACC GAA TCT ATG CTG GAA CCG GTG CCG GAA CTG AAA GAA CAG ATC CAG GCG TGG ATG CGT,0.4129002371049795
GAT GCG CCG GAC GAA TTC CGT GAC CCG CTG ATG GAC ACT CTG ATG ACT GAC CCG GTT CGT CTG CCG GGT GGC ACC ATC ATG GAC CGT TCT ATC ATC CTG CGT CAC CTG CTG AAC TCT CCG ACC GAC CCG TTC GAG CGC CAG ACC CTG ACC GAA TCT ATG CTG GAA CCG GTG CCG GAA CTG AAA GAA CAG ATC CAG GCT TGG ATG CGT,0.1567520879259112
GAT GCG CCG GAC GAG TTC CGT GAC CCG CTG ATG GAC ACC CTG ATG ACC GAT CCG GTG CGC CTG CCG TCT GGC ACC ATT ATG GAT ATG TCT ATC ATC CTG CGC CAC CTG CTC AAC TCT CCG ACC GAC CCG TTC AAT CGT CAG ACC CTG ACC GAA TCT ATG CTG GAA CCG GTG CCG GAA CTG GCG GAA CAG ATC CAG GCG TGG ATG CGT,0.6775108245002436
GAT GCT CCG GAC GAA TTC CGT GAC CCG CTG ATG GAC ACC CTG ATG ACC AAC CCA GTG CGT CTG CCG TCT GGC ACC ATC ATG GAT GGC TCT ATC ATC CTG CGC CAC CTG CTG AAC TCT CCG ACC GAC CCA TTC AAT CGT CAG ACC CTG ACC GAA TCT ATG CTG GAA CCG GTG CCG GAA CTG AAA GAA CAG ATC CAG GCG TGG ATG CGT,-0.1885898438626207
GAC GCT CCG GAC GAA TTC CGT GGT CCG CTG ATG GAC ACC CTG ATG ACC GAC CCA GTG CGT CTC CCG TCT GGC ACC ATT ATG AAA CGT TCT ATC ATC CTG CGT CAC CTG CTG AAC TCT CCG ACC GAT CCA TTC AAC CGT CAG ACC CTG ACC GAA TCT ATG CTG GAG CCG GTG CCG GAA CTC AAA GAA CAG ATC CAG GCG TGG ATG CGT,-3.303257744527566
GAC GCT CCG GAC GAA TTC CGT GAC CCG CTG ATG GAC ACT CTG ATG ACC GAC CCA GTT CGT CTG CCG TCC GGT ACC ATC ATG GAC TCT TCT ATC ATC CTG CGT CAC CTG CTG AAC TCT CCA ACT GAC CCG TTC AAC CGC CAG ACC CTG ACC GAA TCT ATG CTG GAG CCG GTG CCG GAA CTG TAC GAA CAG ATC CAG GCG TGG ATG CGT,0.1879297321112091
GAC GCG CCA GAT GAG TTC CGT GAC CCG CTG ATG GAC ACC CTG ATG ACC GAC CCG GTT CGT CTG CCG AAC GGT ACC ATC ATG GAC CGT TCT ATC ATC CTG CGT CAC CTG CTG AAC TCT CCG ACC CTG CCG TTC AAC CGT CAA ACC CTG ACC GAA TCT ATG CTG GAA CCA GTT CCG GAG CTG AAA GAA CAG ATC CAG GCG TGG ATG CGT,-0.0663962559169015
GAT GCG CCG GAC GAA TTT CGT GAC CCG CTG ATG GAC ACT CTC ATG ACC GAC CCG GTT CGC CTC CCG TCT GGT ACT ATC ATG GAC CGT TCT ATC ATC CTG CGT CAT CTG CTG AAC TGG CCG GCT GAC CCG TTC AAC CGT CAG ACC CTG ACC GAA TCT ATG CTG GAG CCG GTT CCA GAG CTG AAA GAA CAG ATC CAG GCG TGG ATG CGT,1.093813516702755
GAC GCT CCG GAT GAG TTT CGT GAC CCG CTG ATG GAC ACC CTG ATG ACC GCG CCA GTT CGT CTC CCG TCC GGT ACC ATC ATG GAT GAA TCT ATC ATC CTG CGC CAC CTC CTC AAC TCT CCA ACT GAC CCG TTC AAT CGC CAG ACC CTG ACC GAG TCT ATG CTG GAG CCG GTT CCA GAG CTC AAA GAA CAG ATC CAG GCG TGG ATG CGT,0.8148304373337336
GAC GCG CCA GAC GAA TTC CGT GAC CCG CTG ATG GAC ACC CTG ATG ACC GAG CCG GTT CGC CTG CCA TCT GGC ACC ATC ATG GAC TCT TCC ATC ATC CTG CGT CAC CTG CTG AAC TCT CCG ACC GAC CCG TTC AAC CGT CAG ACC CTC ACC GAA TCC ATG CTG GAA CCG GTG CCG GAG CTC AAA GAA CAG ATC CAG GCG TGG ATG CGT,-0.6320801605980858
GAC GCT CCG GAT GAA TTC CGT GAC CCG CTG ATG GAC ACC CTG ATG ACC GAT CCG GTT CGT CTG CCG TCT GGT ACT ATC ATG GAC CGT TCT ATC ATC CTG CGT CAC CTG CTG AAC TCT CCA ACC GAC CCG TTC AAC CGT CAA ACC CTG ACT GAG TCT ACC CTG GAA CCA GTT CCA GAG CTG AAA GAA CAG ATC CAG GCG TGG ATG CGT,-0.0788616302878664
GAT GCG CCG GAC GAG TTC CGT GAC CCG CTG ATG GAC ACC CTG ATG ACC GAC CCG GTT CGT CTG CCG CAG GGT ACC ATC ATG GAC CGT TCT ATC ATC CTG CGT CAC CTG CTG AAC TCT CCG ACT GAT CCG TTC AAC CGT CAG ACC CTG ACC GAA TCT ATG CTG GAG CCG GTT CCA GAA CTG AAA GAA CAG ATC CAG GCG TGG ATG CGT,-0.1584903732397589
GAT GCG CCG GAC GAA TTC CGT GAC CCG CTG ATG GAT ACT CTG ATG ACC GAC CCG GTT CGT CTG CCG TCT GGT ACT ATC ATG GAC CGT TCT ATC ATC CTC CGT CAC ACC CTG AAT TCT CCG ACT GAT CCG TTC AAC CGC CAG ACT CTC ACC GAG TCT ATG CTG GAA CCG GTG CCG GAA CTC AAA GAA CAG ATC CAG GCG TGG ATG CGT,-2.430943857719571
GAC GCT CCG GAC GAA TTC CGT GAC CCG CTG ATG GAT ACC CTG ATG ACC GAC CCG GTT CGT CTG CCG TCC GGT ACC ATC ATG GAC CGT TCT ATC ATC CTG CGT CAC CTG CTG AAC TCT CCG TGC GAC CCG TTC AAC CGT CAG ACC CTG ACC GAA TCT ATG CTG GAA CCG GTG CCA GAA CTG AAA GAA CAG ATC CAG GCG TGG ATG CGT,2.2398969227823606
GAC GCT CCG GAC GAA TTC CGT GAT CCG CTG ATG GAC CAC CTG ATG ACC GAC CCG GTT CGT CTG CCG TCT GGC ACC ATC ATG GGT CGT TCT ATC ATC CTG CGT CAC CTG CTG AAC TCT CCG ACT GAC CCG TTC AAC CGT CAG ACC CTG ACC GAA TCT ATG CTG GAA CCG GTG CCG GAA CTG AAA GAA CAG ATC CAG GCG TGG ATG CGC,-3.484627454924227
GAC GCG CCA GAT GAA TTC CGT AAA CCG CTG ATG GAC ACC CTG ATG ACC GAC CCA GTT CGT CTG CCG TCT GGT ACT ATC ATG CAC CGT TCT ATC ATC CTG CGT CAC CTG CTG AAC TCT CCG ACC GAT CCG TTC AAC CGT CAG ACC CTG ACC GAA TCT ATG CTG GAG CCG GTG CCG GAA CTG AAA GAA CAG ATC CAG GCG TGG ATG CGT,-0.523657789668748
GAC GCG CCA GAT GAA TTC CGT GAC CCG CTG ATG GAC ACC CTG ATG ACC GAC CCG GTT CGT CTG CCG TCT GGT ACT ATC ATG GAC AAA TCT ATC ATC CTG CGT CAC CTG CTG AAC TCT CCG ACC GAT CCG TTC AAT CGT CAA ACC CTG ACC GAA TCT ATG CTG GAA CCG GTG CCG GAA CTG CAG GAA CAG ATC CAG GCG TGG ATG CGT,1.19986504368833
GAC GCT CCG GAC GAA TTC CGT GAC CCG CTG ATG GAC ACC CTG ATG ACC GAC CCG GTT CGT CTG CCG CCA GGT ACC ATC ATG GAC CGT TCT ATC ATC CTG CGT CAC CTG CTG AAC TCT CCG ACT GAC CCG TTC GGT CGT CAG ACC CTG ACC GAA TCT ATG CTG GAA CCG GTG CCG GAA CTG AAA GAA CAG ATC CAG GCG TGG ATG CGT,-4.154952733282983
GAC GCT CCG GAC GAA TTC CGT GAC CCG CTG ATG GAC ACC CTG ATG ACT CCA CCG GTT CGT CTG CCG TCT GGT ACT ATC ATG GAC CCG TCT ATC ATC CTG CGT CAC CTG CTG AAC TCT CCG ACC GAC CCG TTC AAC CGT CAG ACC CTG ACC GAA TCT ATG CTG GAG CCG GTG CCA GAA CTC AAA GAA CAG ATC CAG GCG TGG ATG CGT,-1.2689734330457023
GAT GCT CCA GAC GAA TTC CGT GAC CCG CTG ATG GAC ACC CTG CGT ACC GAT CCG GTT CGC CTG CCG TCT GGC ACC ATC ATG GAC CGT TCT ATC ATC CTG CGT CAC CTG CTG AAC TCT CCG ACC GAC CCG TTC AAC CGT CAA ACC CTG ACC GAA TCT ATG CTG GAA CCA GTT CCG GAG CTC AAA GAA CAG ATC CAG GCG TGG ATG CGT,-3.376122499756369
GAC GCT CCG GAC GAA TTC CGT GAC CCG CTG ATG GAC CGC CTC ATG ACC GAT CCG GTT CGT CTG CCG TCT GGC ACC ATC ATG GAT CGT TCT ATC ATC CTG CGT CAT CTG CTG AAC TCT CCG ACC GAC CCG TTC AAT CGT CAA ACC CTG ACC GAA TCT ATG CTG GAG CCG GTG CCG GAA CTG AAA GAA CAG ATC CAG GCG TGG ATG CGT,1.1328666635983198
GAC GCT CCA GAC GAA TTC CGT GAC CCG CTG ATG GAC TAC CTG ATG ACC GAC CCG GTT CGT CTC CCG TCT GGT ACT ATC ATG GCG CGT TCT ATC ATC CTG CGT CAC CTG CTG AAC TCT CCG ACC GAT CCA TTC AAC CGT CAG ACC CTG ACC GAA TCT ATG CTG GAG CCG GTT CCG GAG CTG AAA GAA CAG ATC CAG GCG TGG ATG CGT,0.0566945170704449
GAC GCG CCA GAC GAA TTC CGT GAC CCG CTG ATG GAC ACC CTG ATG ACC GAC CCG GTT CAC CTG CCG TCC GGT ACC ATC ATG GAC CGT TCT ATC ATC CTG CGC CAC CTG CTG AAC TCT CCA ACC GAT CCG TTC AAC CGT CAG ACC CTG ACC GAA TCT ATG CTG TTC CCG GTG CCG GAG CTG AAA GAA CAG ATC CAG GCG TGG ATG CGT,-0.3303716652638188
GAC GCT CCG GAC GAG TTC CGT GAT GCG CTG ATG GAC ACC CTG ATG ACC GAT CCG GTT CGT CTG CCG TCT GGC ACC ATC ATG GAC CGT TCT ATC ATC CTG CGT CAC CTG CTG AAC TCT CCG ACC GAC CCG TTC AAC CGT CAA ACT CTG ACC GAA TCT ATG CTG GAA CCG GTG CCG GAA CTG AAA GAA CAG ATC CAG GCG TGG ATG CGT,2.2578546362119862
GAT GCG CCG GAT GAA TTC CGT GAC CCG CTG ATG GAT ACT CTG ATG ACT GAC CCG GTT CGT CTC CCG TCT GGC ACC ATC ATG GAC CCG TCT ATC ATC CTG CGT CAC CTG CTG AAC TCT CCG ACC GAC CCA TTT AAC CGT CAA ACC CTG ACT GAA TCT ATG CTG GAG CCG GTT CCG GAG CTG GCG GAA CAG ATC CAG GCG TGG ATG CGT,-0.4463703213428941
GAT GCG CCG GAT GAA TTC CGT GAC CCG CTG ATG GAC ACC CTG ATG ACC TAC CCG GTT CGT CTG CCG TCT GGC ACC ATC ATG GAC CAC TCT ATC ATC CTG CGT CAC CTG CTG AAC TCT CCG ACC GAT CCG TTC AAC CGT CAG ACC CTG ACC GAA TCT ATG CTG GAA CCG GTG CCG GAA CTG AAA GAA CAG ATC CAG GCG TGG ATG CGT,0.2287443995709647
GAT GCG CCG GAC GAA TTC CGT GAC CCG CTG ATG GAC ACC CTG ATG ACC GAT CCA GTT CGT CTG CCG TCC GGT ACC ATC ATG GAC GGT TCT ATC ATC CTG CGT CAC CTG CTG AAC TCT CCG ACC GAC CCG TTC AAC CGT CAG ACT CTG ACC GAA TCT ATG CTG GAA CCG GTG CCG GAA CTG AAA GAA CAG ATC CAG GCG TGG ATG CGT,-0.8104777311169864
GAC GCG CCA GAT GAA TTC CGT GAC CCG CTG ATG GAC ACC CTG ATG ACC GAC CCG GTT CGT CTG CCA TAC GGT ACC ATC ATG GAC CGT TCT ATC ATC CTG CGT CAC CTG CTG AAC TCT CCG ACC AAA CCA TTT AAC CGC CAG ACC CTG ACC GAA TCT ATG CTG GAG CCG GTT CCA GAA CTG AAA GAA CAG ATC CAG GCT TGG ATG CGT,-3.244321049053664
GAT GCG CCG GAC GAA TTC CGT GAC CCG CTG ATG GAC ACC CTG ATG ACC GAC CCG GTT AAA CTG CCG TCT GGC ACC ATT ATG GAC CGT TCT ATC ATC CTG CGT CAC CTG CTG AAC TCT CCG ACC GAT CCA TTC AAC CGT CAG ACC CTG ACC GAA TCT ATG CTG GGT CCG GTT CCG GAG CTG AAA GAA CAG ATC CAG GCG TGG ATG CGT,-0.5141043587905869
GAC GCG CCA GAT GAA TTC CGT GAC CCG CTG ATG GAC ACC CTG ATG ACC GAC CCG GTG CGT CTG CCG TCC GGT ACC ATC ATG GAC TAC TCT ATC ATC CTG CGT CAC CTG CTG AAC TCT CCG ACC GAT CCG TTT AAC CGC CAG ACC CTG ACC GAA TCT ATG CTG GAA CCA GTT CCG GAG CTG TAC GAA CAG ATC CAG GCG TGG ATG CGT,1.089938900623986
GAT GCT CCG GAC GAA TTC CGT GAC CCG CTG ATG GAT ACT CTG ATG ACC GAC CCG GTT CGT CTG CCG TCC GGT ACC ATC ATG GAC CGT TCT ATC ATC CTG CGT CAC CTG CTG AAC TCT CCG ACT GAC CCG TTT AAC CGT CAG ACC CTG ACC GAA TCT ATG CTG GAA GTT GTG CCG GAG CTG AAA GAA CAG ATC CAG GCG TGG ATG CGT,0.9306947951858864
GAC GCT CCG GAC GAA TTT CGT GAC CCA CTC ATG GAT ACT CTG ATG ACT GAC CCG GTT CGT CTG CCG CGT GGT ACT ATC ATG GAC CGT TCT ATC ATC CTG CGT CAC CTG CTG AAC TCT CCG ACC GAC CCG TTC CAA CGT CAG ACC CTG ACC GAA TCT ATG CTG GAA CCG GTG CCG GAA CTG AAA GAA CAG ATC CAG GCG TGG ATG CGT,-2.779080098638649
GAT GCG CCG GAT GAA TTC CGT GAC CCG CTG ATG GAT ACT CTG ATG ACC GAC CCG GTT CGT CTG CCG TCT GGT ACT ATC ATG GAC CGT TCT ATC ATC CTG CGT CAC CTG CTG AAC TCT CCG ACC GAT CCG TTC AAC CGT CAG ACC CTG ACC GAA TCT ATG CTG GAA CCA GTT CCG GAG CTG AAA GAA CAG ATC CAG CAC TGG ATG CGT,1.9697025120899607
GAC GCT CCG GAC GAA TTC CGT GAC CCG CTG ATG GAC ACC CTG ATG ACC GAC CCG GTT CGT CTG CCG TCT GGC ACC ATC ATG GAC CGT TCT ATC ATC CTC CGT CAC CTG CTG AAC GAA CCA CGC GAC CCG TTC AAT CGC CAG ACC CTG ACC GAA TCT ATG CTG GAA CCG GTG CCG GAA CTG AAA GAA CAG ATC CAG GCG TGG ATG CGT,1.706361606247097
GAC GCT CCG GAC GAA TTC CGT GAC CCG CTG ATG GAC ACT CTG ATG ACC CGT CCG GTT CGT CTG CCG TCT GGC ACC ATC ATG GAT ACT TCT ATC ATT CTG CGT CAC CTG CTG AAT TCT CCG ACC GAC CCG TTC AAC CGT CAG ACC CTG ACC GAA TCT ATG CTG GAA CCA GTG CCG GAG CTG AAA GAA CAG ATC CAG GCG TGG ATG CGT,-0.2223461033062974
GAC GCT CCG GAC GAA TTC CGT GAC CCG CTG ATG GAC CGT CTG ATG ACC GAC CCG GTT CGT CTG CCG TCT GGC ACC ATT ATG CCG CGT TCT ATC ATC CTG CGC CAC CTG CTG AAC TCT CCG ACT GAT CCG TTC AAC CGT CAG ACC CTG ACC GAA TCT ATG CTG GAA CCA GTT CCA GAG CTC AAG GAA CAG ATC CAG GCG TGG ATG CGC,-3.333584072295164
GAC GCT CCG GAC GAA TTC CGT GAC CCG CTG ATG GAC ACC CTG ATG ACC CAG CCG GTT CGT CTG CCG TCC GGT ACC ATC ATG GAC CTG TCT ATC ATC CTG CGT CAC CTG CTG AAC TCT CCA ACC GAC CCG TTC AAC CGT CAG ACC CTG ACC GAA TCT ATG CTG GAA CCG GTG CCG GAA CTG AAA GAA CAG ATC CAG GCG TGG ATG CGT,1.2741581229650545
GAT GCG CCG GAT GAA TTC CGT GAC CCG CTG ATG GAT ACT CTG ATG ACT GAC CCG GTG CGT CTG CCG TCT GGT ACT ATC ATG GAC CAG TCT ATC ATC CTG CGT CAC CTG CTG AAC TCT CCG ACC GAC CCA TTC AAC CGT CAG ACC CTG ACC GAA TCT ATG CTG GAA CCA GTT CCG GAG CTG CAG GAA CAG ATC CAG GCG TGG ATG CGT,-0.3441561779433492
GAT GCG CCG GAC GAA TTC CGT GAC CCG CTG ATG GAC ACC CTG ATG ACC GAC CCG GTT CGT CTG CCG TCT GGC ACC ATC ATG GAC CGT TCT ATC ATC CTG CGT CAC CTG CTG AAC TCT CCG ACC GAT CCG AAC AAC CGT CAG ACC CTG ACC GAA TCT ATG CTG GAA CCG GTG CCG GAG CTG AAA GAA CAG ATC CAG GCT TGG ATG CGT,-0.6432128308543164
GAT GCG CCG GAT GAA TTC CGT GAC CCG CTG ATG GAC ACC CTG ATG ACC GTT CCG GTT CGT CTG CCG TCT GGT ACT ATC ATG GAC CGC TCT ATC ATC CTG CGT CAT CTG CTG AAC TCT CCG ACC GAT CCG TTC AAT CGC CAG ACT CTG ACC GAG TCT ATG CTG GAA CCA GTT CCA GAA CTG CAG GAA CAG ATC CAG GCG TGG ATG CGT,0.7394382463395789
GAC GCT CCA GAC GAG TTC CGT GAC CCG CTG ATG GAC ACC CTG ATG ACC GAT CCA GTT CGT CTG CCG ACC GGC ACC ATC ATG GAT CGT TCC ATC ATC CTG CGT CAC CTG CTG AAC TCT CCG ACC GAC CCG TTC TAC CGT CAG ACT CTC ACC GAA TCT ATG CTG GAA CCA GTT CCA GAG CTG AAA GAA CAA ATC CAG GCG TGG ATG CGT,0.2496455163497996
GAC GCT CCG GAC GAA TTC CGC GAC CCG CTG ATG GAC ATC CTG ATG ACC GAT CCG GTT CGT CTG CCG TCT GGC ACC ATC ATG AAA CGT TCT ATC ATT CTG CGT CAC CTG CTG AAC TCT CCG ACT GAC CCA TTC AAT CGT CAG ACC CTG ACC GAA TCT ATG CTG GAA CCG GTG CCG GAA CTG AAA GAA CAG ATT CAG GCG TGG ATG CGT,-0.2947396607708307
GAC GCT CCG GAC GAA TTT CGT GAC CCG CTG ATG GAC ACC CTC ATG ACC GAT CCG GTT GTT CTG CCG TCT GGC ACC ATC ATG GAC CGT TCT ATC ATC CTG CGT CAC CTG CTG AAC TCT CCG ACC GAC CCG TTC AAC CGT CAG ACC CTG ACC GAA TCT ATG CTG ATG CCG GTG CCG GAA CTC AAA GAA CAG ATC CAG GCT TGG ATG CGT,1.026795283439938
GAT GCT CCG GAC GAA TTC CGT GAC CCG CTG ATG GAC ACC CTG ATG ACT CCG CCG GTG CGC CTG CCG TCT GGT ACT ATC ATG GAC CGT TCT ATC ATC CTG CGC CAC CTG CTC AAC TCT CCG ACC GAC CCG TTC AAT CGT CAG ACC CTG ACC GAA TCT ATG CTG GAA CCG GTG CCG GAA CTG GAC GAA CAG ATC CAG GCG TGG ATG CGT,-0.499484033754931
GAC GCT CCG GAT GAA TTC CGT GAC CCG CTC ATG GAC ACT CTC ATG ACC GAC CCG GTT CGT CTG CCG TCT GGC ACC ATC ATG GAT CGT TCT ATC ATC CTC CGT CAC CTG CTC AAC ATG CCG TGC GAC CCG TTC AAC CGT CAG ACC CTG ACC GAA TCT ATG CTG GAA CCG GTG CCG GAA CTG AAA GAA CAG ATC CAG GCG TGG ATG CGT,1.873659108030401
GAC GCG CCA GAC GAA TTC CGT GAC CCG CTG ATG GAC CAG CTG ATG ACC GAC CCG GTT CGT CTC CCG TCC GGT ACC ATC ATG GAA CGC TCT ATC ATC CTG CGT CAC CTG CTG AAC TCT CCG ACC GAT CCA TTC AAC CGT CAG ACC CTG ACC GAA TCT ATG CTG GAA CCG GTG CCG GAA CTG AAA GAA CAG ATC CAG GCG TGG ATG CGT,0.8878189104269932
GAT GCG CCG GAC GAA TTC CGT TGG CCG CTG ATG GAC ACC CTG ATG ACC GAC CCG GTT CGT CTG CCG TCT GGC ACC ATC ATG CGT CGT TCT ATC ATC CTG CGT CAC CTG CTG AAC TCT CCG ACT GAC CCG TTC AAC CGC CAG ACC CTG ACC GAG TCT ATG CTG GAG CCG GTT CCG GAG CTG AAA GAA CAG ATC CAG GCG TGG ATG CGT,0.0101814160897609
GAT GCG CCG GAT GAA TTC CGT GAC CCG CTG ATG GAC ACC CTG ATG ACC GAC CCG GTT CGT CTG CCG TCT GGT ACT ATC ATG GAC CGT TCT ATC ATC CTG CGT CAC CTG CTG AAC ATG CCG CAG GAC CCA TTC AAC CGC CAG ACT CTG ACC GAA TCT ATG CTG GAG CCG GTT CCG GAG CTG AAA GAA CAG ATC CAG GCG TGG ATG CGT,1.067457171681442
GAT GCT CCG GAC GAA TTC CGT GAC CCG CTG ATG GAC ACC CTG ATG ACC GAC CCG GTT CGT CTG CCG TCT GGC ACC ATC ATG TCT CGT TCT ATC ATC CTG CGT CAC CTG CTG AAC TCT CCG ACC GAT CCG TTC AAC CGC CAG ACC CTG ACC GAA TCC ATG CTG GAA CCG GTG CCG GAA CTG AAA GAA CAG ATC CAG GCG TGG ATG CGT,-0.0140892265439759
GAC GCT CCG GAC GAA TTC CGT GAC CCG CTG ATG GAC ACC CTG ATG ACC GAC CCG GTT CGT CTG CCA GAA GGT ACC ATC ATG GAC CGT TCT ATC ATC CTG CGT CAC CTG CTG AAC TCT CCG ACC TTC CCG TTC AAC CGT CAA ACC CTG ACC GAA TCT ATG CTG GAA CCA GTG CCG GAA CTC AAA GAA CAG ATC CAG GCG TGG ATG CGT,-0.1360025736141245
GAC GCT CCG GAC GAA TTC CGT GAC CCG CTG ATG GAC ACC CTG ATG ACC CAG CCG GTT CGT CTC CCG TCT GGC ACC ATC ATG GAC CGT TCT ATC ATC CTG CGT CAC CTG CTG AAC TCT CCG ACC GAC CCG TTT AAC CGC CAG ACC CTG ACC GAA TCT ATG CTG GAA CCG GTG CCG GAA CTG TGG GAA CAG ATC CAG GCG TGG ATG CGT,1.301534672786804
GAT GCG CCA GAT GAA TTC CGT GAC CCG CTG ATG GAT ACC CTG ATG ACC GAC CCA GTG CGT CTG CCG TCT GGC ACC ATC ATG GAC ACC TCT ATC ATC CTG CGT CAC CTG CTG AAC TCT CCG ACT GAC CCG TTC AAT CGT CAG ACT CTG ACC GAA TCT ATG CTG GAA CCG GTG CCG GAA CTG GAA GAA CAG ATC CAG GCG TGG ATG CGT,-0.8834722868392955
GAC GCT CCG GAT GAA TTC CGT TCT CCG CTG ATG GAC ACC CTG ATG ACC GAT CCG GTT CGT CTG CCG TCT GGC ACC ATC ATG CGT CGT TCT ATC ATC CTG CGT CAC CTG CTG AAC TCT CCG ACC GAC CCG TTC AAC CGT CAG ACC CTG ACC GAA TCC ATG CTG GAA CCG GTG CCG GAG CTG AAA GAA CAG ATC CAG GCG TGG ATG CGT,-1.8412283742042768
GAT GCT CCG GAC GAA TTT CGT GAC CCG CTG ATG GAC ACC CTG ATG ACC GAT CCG GTT CGT CTG CCG TCT GGC ACC ATC ATG GAT CGT TCT ATC ATC CTG CGT CTG CTG CTG AAC TCT CCA ACT GAC CCA TTC AAT CGT CAG ACC CTG ACC GAA TCT ATG CTG GAA CCG GTG CCG GAA CTG AAA GAA CAG ATC CAG GCG TGG ATG CGT,2.4027978914703256
GAT GCG CCG GAC GAA TTC CGT GGT CCG CTG ATG GAC ACC CTG ATG ACC GAC CCG GTT CGT CTG CCG TCT GGC ACC ATC ATG GAA CGC TCT ATC ATC CTG CGT CAC CTG CTG AAC TCT CCG ACC GAT CCA TTC AAC CGT CAG ACC CTG ACC GAA TCT ATG CTC GAA CCA GTG CCG GAG CTG AAA GAA CAG ATC CAG GCG TGG ATG CGT,-1.6388755425134411
GAT GCG CCG GAC GAA TTC CGT GAA CCG CTG ATG GAC ACC CTG ATG ACC GAC CCG GTT CGT CTG CCG TCT GGT ACT ATC ATG TCT CGT TCT ATC ATC CTG CGT CAC CTG CTG AAC TCT CCG ACC GAT CCG TTC AAT CGT CAG ACC CTG ACC GAA TCT ATG CTG GAA CCA GTT CCA GAA CTG AAA GAA CAG ATC CAG GCG TGG ATG CGT,-1.9488866736007129
GAC GCG CCA GAT GAA TTC CGT GAC CCG CTG ATG GAC ACC CTG ATG ACT GAT CCG GTT CGC CTC CCG TCC GGT ACC ATC ATG GAC AAA TCT ATC ATC CTG CGT CAC CTG CTG AAC TCT CCG ACC GAC CCG TTC AAT CGT CAA ACC CTG ACC GAA TCT ATG CTG GAG CCG GTT CCA GAG CTG CCG GAA CAG ATC CAG GCG TGG ATG CGT,0.6035416631169087
GAC GCT CCG GAC GAG TTC CGT GAC CCG CTG ATG GAC GAA CTG ATG ACT GAC CCG GTT CGT CTG CCG TCT GGT ACT ATT ATG GAC CGT TCT ATC ATC CTG CGT CAC CTG CTG AAC TCT CCG ACC GAC CCG TTC AAC CGC CAG ACC CTC ACC GAA TCC ATG CTG GAG CCG GTG CCA GAA CTG AAA GAA CAG ATC CAG GCG TGG ATG CGT,1.179602424210047
GAC GCT CCG GAC GAA TTC CGT GAC CCG CTG ATG GAC ACC CTG ATG ACC GAC CCG GTT CGT CTG CCG TCT GGT ACT ATC ATG GAC CGT TCT ATC ATC CTG CGC CAC CTG CTC AAC CTG CCG TAC GAC CCA TTC AAC CGC CAG ACC CTG ACC GAA TCT ATG CTG GAA CCG GTG CCG GAA CTC AAG GAA CAG ATC CAG GCT TGG ATG CGC,1.5097957156526185
GAT GCG CCG GAC GAA TTC CGT GAC CCG CTG ATG GAC ACC CTG ATG ACC GAC CCG GTT CGT CTG CCA GAA GGT ACC ATC ATG GAC CGT TCT ATC ATC CTG CGT CAC CTG CTG AAC TCT CCG ACC GCT CCG TTC AAC CGT CAG ACC CTG ACC GAA TCT ATG CTG GAA CCA GTG CCG GAG CTC AAG GAA CAG ATC CAG GCT TGG ATG CGC,-0.9482969082919882
GAT GCG CCA GAC GAA TTC CGT GAC CCA CTG ATG GAT ACC CTG ATG ACC GAC CCG TCT CGT CTG CCG TCC GGC ACC ATC ATG GAC CGT TCT ATC ATC CTG CGT CAC CTG CTG AAC TCT CCG ACT GAC CCA TTC AAC CGT CAG ACC CTG ACC GAA TCT ATG CTG GAG CCA GTT CCA GAG CTG AAA GAA CAG ATC CAG GCG TGG ATG CGT,-6.3482059376929145
GAT GCG CCG GAC GAA TTC CGT GAC CCG CTG ATG GAC ACC CTG ATG ACC GAT CCG GTG CGT CTG CCG TCC GGT ACC ATC ATG GAC CGT TCT ATC ATC CTG CGT CAC CTG CTG AAC TCT CCG ACC GAC CCG TTC AAT CGC CAG ACT CTG ACC GAA TCC ATG CTG GAC CCG GTG CCA GAG CTC AAA GAA CAG ATC CAG GCG TGG ATG CGT,1.5310958274421247
GAC GCT CCG GAC GAA TTC CGT GAC CCG CTG ATG GAC ACC CTG ATG ACT GAC CCG GTT CGT CTG CCG TCT GGC ACC ATC ATG GAC CGT TCT ATC ATC CTC CGT CAC CTG TGC AAC TCT CCG ACC GAC CCA TTC AAC CGT CAG ACC CTG ACC GAA TCT ATG CTG GAG CCG GTT CCA GAA CTC AAA GAA CAG ATC CAG GCG TGG ATG CGT,1.9147207249024587
GAC GCT CCG GAC GAA TTC CGT GAC CCG CTG ATG GAC CAG CTG ATG ACC GAC CCG GTT CGT CTG CCG TCT GGC ACC ATC ATG AAA CGT TCT ATC ATC CTG CGT CAC CTG CTG AAC TCT CCA ACC GAT CCA TTC AAC CGT CAG ACC CTG ACC GAA TCT ATG CTG GAG CCG GTG CCG GAA CTG AAA GAA CAG ATC CAG GCG TGG ATG CGT,-5.193261847919526
GAC GCG CCA GAT GAA TTC CGT GAC CCG CTG ATG GAC TGC CTG ATG ACC GAC CCG GTT CGT CTG CCG TCT GGT ACT ATC ATG CAG CGT TCT ATC ATC CTG CGT CAC CTG CTG AAC TCT CCG ACT GAC CCG TTC AAC CGT CAG ACC CTG ACC GAA TCT ATG CTG GAG CCG GTG CCG GAG CTG AAA GAA CAG ATC CAG GCG TGG ATG CGT,1.9834108912536703
GAT GCG CCG GAC GAA TTC CAG GAC CCG CTG ATG GAC ACC CTG ATG ACT GAC CCG GTT CGT CTC CCG TCT GGT ACT ATC ATG GAC CGT TCT ATC ATC CTG CGT CAC CTG CTG AAC TCT CCG ACC GAT CCG TTT AAT CGT CAG ACC CTG ACC GAA TCT ATG CTG GAA CCG GTG CCG GAA CTG AAA GAA CAG ATC CAG GCG TGG ATG CGT,0.4820450448704256
GAC GCT CCG GAT GAA TTC CGT GAC CCG CTG ATG GAT ACC CTG ATG ATG GAC CCG GTT CGT CTG CCG TCT GGC ACC ATC ATG GAC CGT TCT ATC ATC CTG CGT CAC CTG CTG AAC TCT CCG ACC GAC CCG TTC AAC CGT CAG ACC CTG ACC GAA TCT ATG CTG GAG CCA GTT CCA GAA CTG AAA GAA CAG ATC CAG GCT TGG ATG CGT,2.5142323760080005
GAC GCT CCG GAC GAA TTC CGT GAC CCG CTG ATG GAC ACC CTG ATG ACT GAC CCG GTT CGT CTG CCG TCT GGC ACC ATC ATG GAC CGT TCT ATC ATC CTG CGT CAC CTG CTG AAC TCT CCG ACC GAC CCG TTC AAC CGC CAG ACC CTG ACC GAA TCT ATG CTG GAA CCA GTG CCG GAA CTG TAC GAA CAG ATC CAG GCG TGG ATG CGT,1.940528136727968
GAC GCT CCG GAC GAA TTC CGT GAC CCG CTG ATG GAC ACC CTG ATG ACC GAC CCG GTT CGT CTG CCG GAC GGC ACC ATC ATG GAC CGT TCT ATC ATC CTG CGT CAC CTG CTG AAC TCT CCG ACC TTC CCG TTC AAC CGT CAG ACC CTG ACC GAA TCT ATG CTG GAA CCG GTG CCG GAA CTG AAG GAG CAG ATC CAG GCT TGG ATG CGT,0.8048134573681922
GAC GCT CCG GAC GAA TTC CGT GAT CCG CTG ATG GAC ACC CTG ATG ACC GAC CCG GTT CGT CTG CCG TCT GGC ACC ATC ATG GAT CGT TCT ATC ATC CTG CGT CAC CTG CTG AAC GGT CCG GAT GAC CCG TTC AAC CGT CAA ACT CTG ACC GAA TCT ATG CTG GAA CCG GTG CCG GAA CTG AAA GAA CAG ATC CAG GCG TGG ATG CGT,-0.3441119127366819
GAC GCT CCG GAT GAA TTC CGT GAC CCG CTG ATG GAC ACC CTG ATG ACT ACT CCG GTT CGT CTG CCG TCT GGT ACT ATC ATG GAC CAC TCT ATC ATC CTG CGT CAC CTG CTG AAC TCT CCG ACC GAC CCG TTC AAC CGT CAG ACC CTG ACC GAA TCT ATG CTG GAA CCG GTG CCG GAA CTG AAA GAA CAG ATC CAG GCG TGG ATG CGC,-0.6231822483907159
GAC GCT CCG GAC GAG TTC CGT GAC CCG CTG ATG GAT ACT CTG ATG ACC GTT CCG GTT CGT CTG CCG TCT GGC ACC ATT ATG GAT ATG TCT ATC ATC CTG CGT CAC CTG CTG AAC TCT CCG ACC GAC CCG TTC AAC CGT CAG ACC CTG ACC GAA TCT ATG CTG GAG CCG GTT CCA GAA CTG AAA GAA CAG ATC CAG GCG TGG ATG CGT,0.5387373669187142
GAC GCT CCG GAC GAA TTC CGT GAC CCG CTG ATG GAC ACC CTG ATG ACC GAT CCG GTT CGT TGG CCG TCT GGC ACC ATC ATG GAC CGT TCT ATC ATC CTC CGT CAC CTG CTG AAC TCT CCG ACC GAC CCG TTC AAC CGC CAG ACC CTG ACC GAA TCT ATG CTG GAA CCG GTG CCG GAA CTG AAA GAA CAG ATC CAG GCT TGG ATG CGT,-0.3123030568064365
GAC GCG CCA GAT GAA TTC CGT GAC CCG CTG ATG GAC ACC CTG ATG ACC GAC CCG GTT CGT CTG CCG CTG GGT ACC ATC ATG GAC CGT TCT ATC ATC CTG CGT CAC CTG CTG AAC TCT CCG ACC TTC CCG TTC AAC CGT CAG ACC CTG ACC GAA TCT ATG CTG GAA CCG GTG CCG GAG CTG AAA GAA CAG ATC CAG GCT TGG ATG CGT,0.165031204147359
GAC GCG CCA GAC GAG TTC CGT TCT CCG CTG ATG GAC ACC CTG ATG ACT GAC CCG GTG CGC CTG CCA TCC GGT ACC ATC ATG TGG CGT TCT ATC ATC CTG CGT CAC CTG CTC AAC TCT CCG ACC GAC CCG TTC AAC CGT CAG ACC CTG ACT GAA TCT ATG CTG GAA CCG GTG CCG GAA CTG AAA GAA CAG ATC CAA GCG TGG ATG CGT,0.979130543788381
GAT GCG CCG GAC GAG TTC CGT GAC CCG CTG ATG GAC ACC CTG ATG ACC GAG CCA GTT CGT CTG CCA TCT GGC ACC ATC ATG GAC CGT TCT ATC ATC CTG CGT CAC CTG CTG AAC TCT CCG ACC GAC CCG TTC AAC CGT CAG ACC CTG ACC GAA TCT ATG CTG GAA CCG GTG CCG GAG CTG AAA GAA CAG ATC CAA GCG TGG ATG CGC,1.3398507281717316
GAT GCG CCG GAC GAA TTC CGT GAC CCG CTG ATG GAC ACC CTG ATG ACC CAG CCG GTT CGC CTG CCG TCT GGC ACC ATC ATG GAC CGT TCT ATC ATC CTG CGT CAC CTG CTG AAC TCT CCG ACC GAC CCG TTC AAC CGT CAG ACC CTG ACC GAA TCT ATG CTG GAA CCA GTT CCG GAG CTG CAG GAA CAG ATC CAG GCT TGG ATG CGT,1.0201784031278958
GAC GCG CCA GAC GAA TTC CGT GAC CCG CTG ATG GAC ACT CTC ATG ACC GAC CCG GTG CGT CTG CCG TCC GGT ACC ATC ATG GAC TCT TCT ATC ATC CTG CGC CAC CTG CTC AAC TCT CCG ACT GAC CCG TTC AAC CGT CAA ACC CTG ACC GAA TCT ATG CTG GAA CCA GTT CCA GAA CTC ACC GAA CAG ATC CAA GCG TGG ATG CGT,-1.766536691383808
GAT GCG CCG GAC GAA TTC CGT GAC CCG CTG ATG GAC ACC CTG ATG ACC GAC CCA GTT CGT CTG CCG TCT GGC ACC ATC ATG GAC CGT TCT ATC ATC CTG CGT CAC CTG CTG AAC TCT CCG ACT GAT CCG TTT AAC CGT CAG ACC CTG ACC GAA TCT ATG CTG GAG CCA GTT CCA GAA GGT AAA GAA CAG ATC CAG GCG TGG ATG CGT,-2.501909460078435
GAT GCG CCG GAC GAA TTC CGT GAC CCG CTG ATG GAC ACC CTG ATG ACC GAC CCG GTG CGT CTG CCG TCT GGC ACC ATT ATG GAC CGC TCT ATC ATC CTG CGT CAC CTG CTG AAC GAA CCG TGG GAC CCG TTC AAC CGT CAG ACT CTG ACC GAA TCT ATG CTG GAA CCG GTG CCG GAG CTG AAA GAA CAG ATC CAG GCT TGG ATG CGT,2.0006669671854613
GAT GCT CCG GAC GAA TTT CGT GAC CCG CTG ATG GAC ACC CTG ATG ACC GAC CCG GTT CGT CTG CCG TCT GGC ACC ATC ATG GAC CGT TCT ATC ATC CTG CGT CAC CTG CTG AAC CGT CCG CTG GAC CCG TTC AAT CGT CAG ACC CTG ACC GAA TCT ATG CTG GAG CCG GTG CCG GAA CTG AAA GAA CAG ATC CAG GCG TGG ATG CGT,0.6787754046363976
GAC GCT CCG GAC GAA TTC CGT GAC CCG CTG ATG GAC ACC CTG ATG ACC AAA CCA GTT CGT CTG CCG TCC GGT ACC ATT ATG GAC CGT TCT ATC ATC CTG CGT CAC CTG CTG AAC TCT CCG ACC GAC CCA TTC AAC CGT CAA ACC CTG ACC GAA TCT ATG CTG GAG CCA GTG CCG GAA CTG TAC GAA CAG ATC CAG GCG TGG ATG CGT,0.5306344476006954
GAT GCT CCG GAC GAA TTC CGT GAA CCG CTG ATG GAT ACC CTG ATG ACT GAC CCG GTT CGC CTG CCG TCT GGC ACC ATC ATG GCT CGT TCT ATC ATC CTC CGT CAC CTG CTG AAC TCT CCG ACC GAC CCG TTC AAT CGT CAG ACC CTG ACC GAA TCT ATG CTC GAA CCA GTG CCG GAA CTC AAA GAA CAG ATC CAG GCG TGG ATG CGT,-0.8781757945767441
GAT GCG CCG GAC GAA TTC CGT GAC CCG CTG ATG GAC ACC CTG ATG ACC GAC CCG GTT GAG CTC CCG TCT GGC ACC ATT ATG GAC CGC TCT ATC ATC CTG CGT CAC CTG CTG AAC TCT CCG ACT GAC CCG TTC AAC CGT CAG ACC CTC ACC GAG TCT ATG CTG GAG CCG GTG CCG GAA CTG AAA GAA CAG ATC CAG GCG TGG ATG CGT,-0.4063995435757507
GAT GCG CCG GAC GAA TTT CGT GAC CCG CTG ATG GAT ACC CTG ATG ACT GAC CCG GTT CGT CTG CCG TCT GGC ACC ATC ATG GAC TGG TCC ATC ATC CTG CGT CAC CTG CTG AAC TCT CCG ACC GAC CCG TTC AAC CGC CAG ACC CTG ACC GAA TCC ATG CTG GAA CCA GTT CCA GAA CTG GCG GAA CAG ATC CAG GCT TGG ATG CGT,1.1102621343766896
GAC GCG CCA GAC GAA TTC CGT GAC CCG CTG ATG GAC ACC CTG ATG ACC CAG CCG GTT CGT CTC CCG TCT GGT ACT ATC ATG GAC TTC TCT ATC ATC CTG CGT CAC CTG CTG AAC TCT CCG ACC GAC CCG TTC AAC CGT CAG ACC CTG ACC GAA TCT ATG CTG GAA CCA GTG CCG GAA CTG AAA GAG CAG ATC CAG GCG TGG ATG CGT,1.10263053605806
GAC GCT CCG GAC GAA TTC CGT GAC CCG CTG ATG GAC TGC CTG ATG ACC GAC CCG GTT CGT CTG CCG TCT GGC ACC ATC ATG TGC CGT TCT ATC ATC CTG CGT CAC CTG CTG AAC TCT CCG ACT GAC CCG TTC AAC CGT CAG ACC CTG ACC GAA TCT ATG CTG GAG CCA GTT CCA GAA CTG AAA GAA CAG ATC CAG GCT TGG ATG CGT,1.1278852602840626
GAT GCG CCG GAC GAA TTT CGC GAC CCG CTG ATG GAC ACC CTG ATG ACC AAC CCA GTG CGT CTG CCG TCT GGC ACC ATC ATG GAC CGT TCT ATC ATC CTG CGT CAC CTC CTG AAC TCT CCA ACT GAC CCG TTC AAC CGT CAG ACC CTG ACC GAA TCT ATG CTC GAA CCA GTG CCG GAG CTC TGG GAA CAG ATC CAG GCG TGG ATG CGT,1.3960598083768814
GAT GCG CCG GAT GAA TTC CGT GAC CCG CTG ATG GAC ACC CTG ATG ACC ACT CCG GTT CGT CTG CCG TCT GGC ACT ATC ATG GAC GAC TCT ATC ATC CTG CGT CAC CTG CTG AAT TCT CCG ACC GAC CCG TTC AAT CGT CAG ACC CTG ACC GAA TCT ATG CTG GAG CCG GTG CCG GAG CTC AAG GAA CAG ATC CAA GCG TGG ATG CGT,-2.9215148763269805
GAT GCG CCG GAC GAA TTC CGT GAC CCG CTG ATG GAC ACC CTG ATG ACT GAC CCG GTT CGT CTG CCA TCT GGC ACC ATC ATG GAT ATG TCT ATC ATC CTG CGT CAC CTG CTG AAC TCT CCG ACC GAC CCA TTC AAC CGC CAG ACT CTG ACC GAA TCT ATG CTG GAG CCA GTG CCG GAG CTG CTG GAA CAA ATC CAG GCG TGG ATG CGT,1.3176276692994393
GAC GCG CCA GAC GAA TTC CGT GAC CCG CTG ATG GAT ACT CTG ATG ACT GAC CCG GTT ACC CTG CCG TCC GGT ACC ATC ATG GAC CGT TCT ATC ATC CTG CGT CAC CTG CTG AAC TCT CCG ACC GAC CCG TTC AAC CGT CAG ACC CTG ACC GAA TCT ATG CTG GGT CCA GTT CCA GAA CTG AAA GAA CAG ATC CAG GCG TGG ATG CGT,-2.172787362354802
GAC GCG CCA GAT GAA TTC CGT GAC CCG CTC ATG GAT ACC CTG ATG ACT GTT CCG GTT CGT CTG CCG TCT GGT ACT ATC ATG GAC CCG TCC ATC ATC CTG CGT CAC CTG CTG AAC TCT CCG ACC GAC CCG TTT AAC CGT CAG ACC CTG ACC GAG TCT ATG CTG GAA CCG GTG CCG GAA CTC AAA GAA CAG ATC CAG GCG TGG ATG CGC,-0.8016454321668874
GAT GCT CCG GAC GAA TTC CGT GAC CCG CTG ATG GAC ACC CTG ATG ACT GAT CCA GTG CGC CTG CCG TCT GGC ACT ATC ATG GAC CGC TCT ATC ATC CTG CGT CAC CTG CTG AAC TCT CCG ACC GAC CCA TTC AAC CGT CAG ACC CTG ACC GAA TCT ATG CTG GAA CCA GTG CCG GAG CCG AAA GAA CAG ATC CAG GCG TGG ATG CGT,-3.908728801436162
GAT GCG CCG GAC GAA TTC CGT GAC CCG CTG ATG GAC ACC CTG ATG ACC GAC CCG GTT GTT CTG CCG TCT GGC ACC ATC ATG GAC CGT TCT ATC ATC CTG CGT CAC CTG CTG AAC TCT CCG ACT GAC CCG TTC AAC CGT CAG ACC CTG ACC GAA TCT ATG CTC GAT CCG GTG CCG GAG CTC AAA GAA CAA ATC CAG GCT TGG ATG CGT,-0.5056253385718384
GAC GCT CCG GAC GAA TTC CGT GAC CCG CTG ATG GAC ACC CTG ATG ACC GAC CCG GTG ATC CTG CCG TCT GGT ACT ATC ATG GAC CGT TCT ATC ATC CTG CGT CAC CTG CTG AAC TCT CCA ACT GAC CCG TTC AAC CGT CAG ACC CTG ACC GAA TCT ATG CTG CGT CCG GTT CCA GAA CTG AAA GAA CAG ATC CAG GCG TGG ATG CGT,1.7354835665369492
GAC GCT CCG GAC GAA TTC CGT GAC CCA CTG ATG GAT ACT CTG ATG ACC GAC CCG GTT CGC CTG CCG TCT GGC ACC ATC ATG GAC CGT TCT ATC ATC CTG CGC CAC GAA CTG AAC TCT CCG ACT GAT CCG TTC AAC CGT CAA ACC CTG ACC GAA TCT ATG CTG GAG CCG GTT CCA GAG CTG AAA GAA CAG ATC CAG GCG TGG ATG CGT,-3.1585292616547
GAT GCG CCG GAT GAA TTC CGT GAC CCG CTG ATG GAC ACC CTG ATG ACC GAT CCG GTT CGT CTG CCG TCT GGC ACC ATC ATG GAC CGT TCT ATC ATC CTG CGT CAC CTG CTG AAC TCT CCG ACC GAC CCG TTC AAC CGT CAG ACC CTG ACC GAA TCT ATG CTG GAA GGT GTT CCG GAG CTG AAA GAA CAG ATC CAG GCG TGG ATG CGT,1.7423192917990786
GAC GCT CCG GAC GAA TTC CGC GAC CCA CTC ATG GAT ACT CTG ATG ACC GAT CCG GTG CGT CTC CCG GCT GGT ACT ATC ATG GAC CGT TCT ATC ATC CTC CGC CAC CTC CTG AAC TCT CCG ACC GAC CCG TTC AAT CGT CAG ACC CTG ACC GAA TCT ATG CTG GAA CCG GTG CCG GAA CTG AAA GAA CAG ATC CAG GCG TGG ATG CGT,0.5577995200949948
GAT GCG CCG GAC GAA TTC CGT GAC CCG CTG ATG GAC ACC CTG ATG ACC GAC CCA GTT CGT CTG CCG CTG GGT ACC ATC ATG GAC CGT TCT ATC ATC CTG CGT CAC CTG CTG AAC TCT CCG ACT GAC CCG TTC TGC CGT CAG ACC CTG ACC GAA TCT ATG CTC GAA CCG GTG CCA GAA CTG AAA GAA CAG ATC CAG GCG TGG ATG CGT,0.7196293047904663
GAC GCT CCG GAC GAA TTC CGT GAC CCG CTG ATG GAC ACC CTG ATG ACC GAC TGC GTT CGT CTG CCG TCT GGT ACT ATC ATG GAC CGT TCT ATC ATC CTG CGT CAC CTG CTG AAC TCT CCG ACC GAC CCG TTC AAT CGT CAG ACC CTG ACC GAA TCT ATG CTG GAG CCG GTT CCA GAA CTC AAA GAA CAG ATC CAG GCG TGG ATG CGT,0.7744407901253142
GAT GCG CCG GAC GAA TTC CGT GAC CCG CTG ATG GAC ACC CTG ATG ACC GAC CCG GTT CGT CTG CCG TCC GGT ACC ATC ATG GCG CGT TCC ATC ATC CTG CGT CAC CTG CTG AAC TCT CCG ACC GAT CCA TTT AAC CGT CAG ACC CTG ACC GAA TCT ATG CTG GAA CCG GTG CCG GAA CTG AAA GAA CAG ATC CAG GCG TGG ATG CGT,-0.3695077621711948
GAT GCG CCG GAC GAA TTC CGT GAC CCG CTG ATG GAC ACC CTG ATG ACT CCG CCA GTT CGC CTG CCG TCT GGT ACT ATC ATG GAC GCT TCT ATC ATC CTG CGT CAC CTG CTG AAC TCT CCG ACC GAC CCG TTC AAC CGT CAG ACC CTG ACC GAA TCT ATG CTG GAG CCG GTT CCG GAG CTC AAA GAA CAG ATC CAG GCG TGG ATG CGT,-0.7206701315683561
GAC GCT CCG GAT GAA TTC CGT GAC CCG CTG ATG GAC ACC CTG ATG ACC AAA CCG GTG CGT CTG CCG TCT GGC ACT ATT ATG GAT ATG TCT ATC ATT CTG CGT CAC CTG CTG AAC TCT CCG ACC GAC CCG TTC AAC CGC CAG ACC CTG ACC GAA TCC ATG CTG GAA CCA GTT CCA GAG CTG AAG GAA CAG ATC CAG GCG TGG ATG CGT,0.5709611671969251
GAC ATG CCG GAC GAA TTC CGT GAC CCG CTG ATG GAC ACC CTG ATG ACC GAT CCG GTT CGT CTG CCG TCT GGT ACT ATC ATG GAC CGT TCT ATC ATC CTG CGT CAC CTG CTG AAC TCT CCG ACC GAC CCG TTC AAC CGT CAG ACC CTC ACC GAG TCT ATG CTG GAG CCG GTG CCG GAA CTC AAA GAA CAG ATC CAG GCG TGG ATG CGT,2.6962645980817186
GAC GCT CCA GAT GAA TTC CGT GAC CCG CTG ATG GAC ACC CTG ATG ACC GAC CCG GTT CGT CTG CCG TAT GGT ACT ATC ATG GAC CGT TCT ATC ATC CTG CGT CAC CTG CTG AAC TCT CCG ACC GAT CCG TTC GGT CGT CAA ACC CTG ACC GAA TCT ATG CTG GAA CCG GTG CCA GAA CTC AAA GAA CAG ATC CAG GCG TGG ATG CGC,-1.3917546717854037
GAC GCT CCG GAC GAA TTC CGT GAC CCA CTG ATG GAC ACC CTG ATG ACC GAC CCG GTT CGT CTG CCG CTG GGT ACC ATC ATG GAC CGT TCT ATC ATC CTG CGC CAC CTG CTG AAC TCT CCG ACC GAT CCG TTC CTG CGT CAA ACC CTG ACC GAA TCT ATG CTG GAG CCG GTT CCA GAA CTG AAA GAA CAG ATC CAG GCG TGG ATG CGT,-0.2573214676781544
GAT GCT CCG GAC GAA TTC CGT GAC CCG CTG ATG GAC ACC CTG ATG ACT GAC CCG GTT AAT CTG CCG TCT GGT ACT ATC ATG GAC CGT TCT ATC ATC CTG CGT CAC CTG CTG AAC TCT CCG ACC GAT CCG TTC AAC CGT CAG ACT CTG ACC GAA TCT ATG CTG GAG CCG GTG CCG GAA CTG AAA GAA CAG ATC CAG GCG TGG ATG CGT,-1.919314565246259
GAT GCG CCG GAC GAA TTC CGT GAC CCG CTG ATG GAC ACT CTC ATG ACC TCT CCA GTT CGT CTG CCG TCT GGC ACC ATC ATG GAC TGC TCT ATC ATC CTG CGT CAC CTG CTG AAC TCT CCG ACC GAC CCG TTC AAC CGT CAG ACC CTG ACC GAA TCT ATG CTG GAA CCG GTG CCG GAA CTG AAA GAA CAG ATC CAG GCT TGG ATG CGC,0.9892928265409056
GAT GCT CCG GAC GAA TTC CGT GAC CCG CTG ATG GAC ACC CTG ATG ACC ATC CCG GTT CGT CTG CCG TCC GGT ACT ATC ATG GAC GAC TCT ATC ATC CTC CGC CAC CTG CTG AAT TCT CCG ACC GAC CCA TTC AAC CGT CAA ACC CTG ACC GAA TCT ATG CTG GAA CCG GTG CCG GAA CTG AAA GAA CAG ATC CAG GCG TGG ATG CGC,-2.3030563858704527
GAT GCG CCG GAC GAA TTC CGT GAC CCG CTG ATG GAC GAG CTG ATG ACT GAT CCG GTT CGT CTG CCG TCT GGC ACC ATC ATG TTC CGT TCT ATC ATC CTG CGT CAC CTG CTG AAC TCT CCG ACC GAC CCG TTC AAC CGT CAG ACC CTG ACC GAA TCT ATG CTG GAG CCG GTG CCG GAG CTC AAA GAA CAG ATC CAG GCT TGG ATG CGT,0.7201378537381538
GAT GCG CCG GAC GAA TTC CGT GAC CCG CTG ATG GAC ACC CTG ATG ACT GAC CCA GTT CAA CTG CCA TCT GGC ACC ATT ATG GAC CGC TCT ATC ATT CTG CGT CAC CTC CTG AAC TCT CCG ACC GAC CCG TTC AAC CGT CAG ACC CTG ACC GAA TCT ATG CTG AAC CCA GTG CCG GAG CTG AAG GAA CAG ATC CAG GCG TGG ATG CGT,0.7624255816207615
GAT GCG CCG GAC GAG TTC CGT GAC CCG CTG ATG GAC ACT CTG ATG ACT CAG CCA GTG CGC CTG CCG TCT GGT ACT ATC ATG GAC CGT TCT ATC ATC CTG CGC CAC CTG CTC AAC TCT CCG ACC GAC CCA TTC AAC CGT CAG ACC CTC ACC GAG TCT ATG CTG GAA CCG GTG CCG GAA CTG TTC GAG CAG ATC CAG GCG TGG ATG CGC,0.8063647541349611
GAC GCG CCA GAT GAA TTC CGC GAC CCG CTC ATG GAC ACC CTC ATG ACC GAT CCG GTT CGT CTG CCG TCT GGC ACC ATC ATG GAT CGT TCT ATC ATC CTG CGT CAC CTC CTG AAC TCT CCG ACC GAC CCA TTC AAC CGT CAG TGG CTG ACC GAA TCT ATG CTG GAA CCA GTT CCG GAG CTG AAA GAA CAG ATC CAG GCG TGG ATG CGT,3.164589717775236
GAT GCG CCG GAT GAA TTC CGT GAC CCG CTG ATG GAC ACC CTG ATG ACC AAA CCG GTG CGT CTG CCG TCT GGC ACC ATC ATG GAC CGT TCT ATC ATC CTG CGT CAC CTG CTG AAC TCT CCG ACC GAC CCG TTC AAC CGC CAG ACC CTG ACC GAA TCT ATG CTG GAG CCA GTG CCG GAA CTG CTG GAA CAG ATC CAG GCT TGG ATG CGT,0.5812081487924001
GAT GCG CCG GAC GAA TTT CGT GAC CCG CTG ATG GAC ACC CTG ATG ACC ATG CCG GTT CGT CTC CCG TCC GGT ACC ATC ATG GAT ACC TCT ATC ATC CTG CGT CAC CTG CTC AAC TCT CCA ACC GAC CCG TTT AAT CGT CAG ACC CTG ACC GAA TCT ATG CTG GAA CCG GTG CCA GAG CTG AAA GAA CAG ATC CAG GCG TGG ATG CGT,-0.2093012425740461
GAT GCG CCA GAC GAA TTC CGT GAC CCG CTG ATG GAC ACC CTG ATG ACC GAC CCG GTT CGC CTG CCG TGC GGC ACC ATC ATG GAC CGT TCT ATC ATC CTG CGT CAC CTG CTG AAC TCT CCA ACT GGT CCG TTC AAC CGT CAG ACC CTG ACC GAA TCT ATG CTG GAA CCG GTG CCA GAA CTC AAA GAA CAG ATC CAG GCG TGG ATG CGT,1.0693023666433763
GAC GCG CCA GAT GAA TTC CGT GAC CCG CTG ATG GAC ACC CTG ATG ACT GAC CCG GTG CGT CTG CCG TCT GGT ACT ATC ATG GAT ATG TCT ATC ATC CTG CGT CAC CTC CTG AAC TCT CCG ACC GAC CCG TTC AAC CGT CAG ACC CTG ACC GAA TCT ATG CTG GAA CCA GTG CCG GAG CTG CAG GAA CAG ATC CAG GCG TGG ATG CGT,0.7166099224082605
GAC GCT CCG GAC GAG TTT CGT TGC CCG CTG ATG GAC ACT CTG ATG ACC GAT CCA GTG CGT CTG CCA TCT GGT ACT ATC ATG AAC CGT TCT ATC ATC CTG CGT CAC CTG CTG AAC TCT CCG ACC GAC CCG TTC AAC CGT CAG ACC CTG ACC GAA TCT ATG CTG GAG CCG GTT CCA GAA CTG AAA GAA CAG ATC CAG GCG TGG ATG CGT,0.8605424134707151
GAC GCT CCG GAC GAA TTC CGT CAC CCG CTG ATG GAT ACC CTG ATG ACC GAC CCG GTT CGT CTG CCG TCT GGC ACT ATC ATG TAT CGT TCT ATC ATC CTG CGT CAC CTG CTG AAC TCT CCG ACT GAC CCA TTC AAT CGT CAG ACC CTG ACC GAA TCT ATG CTG GAA CCG GTG CCG GAA CTG AAA GAA CAG ATC CAG GCG TGG ATG CGT,0.3840942403593123
GAT GCG CCG GAC GAG TTC CGT GAC CCG CTG ATG GAC ACC CTG ATG ACT GAC CCG GTT CGT CTG CCG TCT GGC ACC ATC ATG GAC CGT TCT ATC ATC CTG CGT CAC CTG CTG AAT CGT CCA ACC GAC CCA TTT AAC CGT CAA ACC CTG ACC GAA TCT ATG CTG GAG CCG GTT CCA GAG CTC AAA GAA CAG ATC CAG GCG TGG ATG CGT,0.9154328056019336
GAC GCT CCG GAC GAA TTC CGT GAC CCG CTG ATG GAC ACC CTG ATG ACC TGG CCG GTT CGT CTG CCG TCT GGC ACT ATC ATG GAC CAG TCT ATC ATC CTG CGT CAC CTG CTG AAC TCT CCG ACC GAC CCG TTC AAC CGT CAG ACC CTG ACC GAA TCT ATG CTG GAA CCG GTG CCG GAA CTG AAA GAA CAG ATC CAG GCT TGG ATG CGT,0.2408232851128799
GAT GCT CCG GAT GAA TTC CGT GAC CCG CTG ATG GAC ACC CTG ATG ACC ATG CCG GTT CGC CTG CCG TCC GGT ACC ATC ATG GAC CGT TCT ATC ATC CTG CGT CAC CTG CTG AAC TCT CCG ACC GAC CCG TTC AAC CGT CAG ACC CTG ACC GAA TCT ATG CTG GAA CCA GTG CCG GAA CTG TAC GAA CAG ATC CAG GCG TGG ATG CGT,0.9303907854157448
GAT GCG CCG GAC GAA TTC CGT GAC CCG CTG ATG GAC ACC CTG ATG ACC GTT CCG GTT CGC CTG CCG TCT GGT ACT ATC ATG GAC TAC TCT ATC ATC CTG CGT CAC CTG CTG AAC TCT CCG ACC GAC CCG TTC AAC CGT CAG ACC CTG ACC GAA TCC ATG CTG GAA CCA GTT CCA GAA CTG AAA GAA CAG ATC CAG GCG TGG ATG CGT,0.6553171850578039
GAC GCT CCG GAC GAA TTC CGT GAC CCG CTG ATG GAC AAC CTG ATG ACC GAC CCG GTT CGC CTG CCG TCT GGC ACC ATC ATG ACT CGT TCT ATC ATC CTG CGT CAC CTG CTG AAC TCT CCG ACC GAT CCG TTC AAC CGT CAG ACC CTG ACC GAA TCT ATG CTG GAA CCG GTG CCG GAA CTG AAA GAA CAG ATC CAG GCG TGG ATG CGT,-2.096809687451341
GAT GCG CCG GAC GAA TTC CGT GAC CCG CTG ATG GAC ACC CTG ATG ACC GAC CCG GTT CGT CTG CCG GTT GGC ACC ATC ATG GAC CGT TCT ATC ATC CTG CGT CAC CTG CTG AAC TCT CCG ACC CTG CCG TTC AAC CGT CAG ACC CTG ACC GAA TCT ATG CTG GAG CCG GTG CCG GAA CTG AAA GAA CAG ATC CAG GCT TGG ATG CGT,-0.8191597157757998
GAC GCT CCG GAC GAA TTC CGT GAC CCG CTG ATG GAC ACC CTG ATG ACC GAC CCG GTT CGT CTG CCG TCT GGC ACC ATC ATG GAC CGT TCT ATC ATC CTG CGT CAC CTG CTG AAC ACT CCG CAG GAC CCG TTC AAC CGT CAA ACC CTG ACC GAA TCT ATG CTG GAA CCA GTT CCA GAA CTC AAA GAA CAG ATC CAG GCG TGG ATG CGT,1.2575919029629072
GAC GCT CCG GAC GAA TTC CGT GAC CCG CTG ATG GAC ACC CTG ATG ACC GAC CCG GTT CGT CTG CCG TCC GGT ACC ATC ATG GAC CGT TCT ATC ATC CTG CGT CAC CTG CTG AAC GAC CCG ATC GAC CCG TTC AAC CGC CAG ACC CTG ACC GAA TCT ATG CTG GAG CCG GTT CCA GAA CTG AAA GAA CAG ATC CAG GCG TGG ATG CGT,1.3315797322958485
GAT GCG CCG GAC GAA TTC CGT GAC CCG CTG ATG GAC ACC CTG ATG ACT GAC CCG GTT CGT CTG CCG TCT GGC ACC ATC ATG GAC CGT TCT ATC ATC CTG CGT CAC CTG CTG AAC TCT GAA ACC GAC CCG TTC AAC CGT CAG ACC CTG ACC GAA TCT ATG CTG GAG CCG GTT CCG GAG CTG AAA GAA CAG ATC CAG GCT TGG ATG CGT,2.0403326480453083
GAC GCT CCG GAC GAA TTC CGT GAC CCG CTG ATG GAC ACC CTG ATG ACC GAT CCG GTT CGC CTC CCA GCG GGC ACC ATC ATG GAC CGT TCT ATC ATC CTG CGT CAC CTG CTG AAC TCT CCG ACC GAC CCA TTC CGT CGT CAG ACC CTG ACC GAA TCT ATG CTG GAA CCG GTG CCG GAG CTC AAA GAG CAG ATC CAG GCG TGG ATG CGT,-2.947283173497237
GAC GCT CCG GAC GAG TTC CGT GAC CCG CTG ATG GAC ACC CTG ATG ACC GTT CCG GTT CGT CTG CCG TCT GGC ACC ATC ATG GAC GCT TCT ATC ATC CTG CGT CAC CTC CTG AAC TCT CCG ACC GAC CCG TTC AAC CGT CAG ACC CTG ACC GAA TCT ATG CTG GAG CCG GTT CCA GAA CTC AAG GAA CAG ATC CAG GCT TGG ATG CGT,0.5168301787270992
GAT GCG CCG GAC GAG TTC CGT GAC CCG CTG ATG GAC ACC CTG ATG ACC GAT CCG GTT CGT CTG CCG TCT GGC ACC ATC ATG GAC CGT TCT ATC ATC CTG CGT CAC CTG CTG AAC TCT CCG ACC GAC CCG TTC AAC CGT CAA ACC CTG ACC GAA TCT ATG CTG GAA CCG GTG CCG GAA CTG AAA GAA CAG ATC CAG GCG TGG ATG CAG,2.602090288075977
GAC GCG CCA GAC GAA TTC CGT GAC CCG CTG ATG GAC ACC CTG ATG ACT GAC CCG GTT GAC CTG CCG TCT GGT ACT ATC ATG GAC CGT TCT ATC ATC CTG CGT CAC CTG CTG AAC TCT CCG ACC GAC CCA TTC AAC CGT CAG ACC CTG ACC GAA TCT ATG CTG GCT CCG GTT CCG GAG CTG AAA GAA CAG ATC CAG GCG TGG ATG CGT,-2.7572815750285447
GAT GCG CCG GAC GAA TTC CGT GAC CCG CTG ATG GAC ACC CTG ATG ACC GAC CCG GTT CGT CTG CCG CTG GGT ACC ATC ATG GAC CGT TCT ATC ATC CTG CGT CAC CTG CTG AAC TCT CCG ACC GAT CCA TTC GGT CGT CAG ACC CTG ACC GAG TCT ATG CTG GAA CCA GTT CCG GAG CTG AAA GAA CAG ATC CAG GCG TGG ATG CGT,-0.4255054157909137
GAT GCG CCG GAT GAA TTC CGT GAC CCG CTG ATG GAC ACC CTC ATG ACC GAC CCG GTT CGT CTG CCG TCT GGC ACC ATC ATG GAC AAC TCT ATC ATC CTG CGT CAC CTG CTG AAC TCT CCA ACT GAC CCG TTC AAC CGT CAA ACC CTG ACC GAA TCT ATG CTG GAA CCA GTG CCG GAG CTG TAC GAA CAG ATC CAG GCG TGG ATG CGT,-0.1630241887267933
GAT GCG CCG GAC GAA TTC CGT GAC CCG CTG ATG GAC ACC CTG ATG ACT GAC CCG GTT CGT CTG CCG CAG GGT ACC ATC ATG GAC CGT TCT ATC ATC CTG CGT CAC CTG CTG AAC TCT CCG ACC GAC CCG TTC CCA CGT CAG ACC CTG ACC GAA TCT ATG CTG GAG CCG GTT CCG GAG CTG AAA GAA CAG ATC CAG GCG TGG ATG CGT,-3.6858384096908448
GAC GCT CCG GAC GAA TTC CGT GAC CCG CTG ATG GAC ACC CTG ATG ACC GAC CCG GTT TCT CTG CCG TCT GGC ACC ATC ATG GAC CGT TCT ATC ATC CTG CGT CAC CTC CTG AAC TCT CCG ACT GAC CCG TTC AAC CGT CAG ACC CTG ACC GAA TCT ATG CTG TCT CCG GTT CCA GAA CTG AAA GAA CAG ATC CAG GCG TGG ATG CGT,0.3253782275539394
GAC GCT CCG GAC GAA TTC CGT ACT CCG CTG ATG GAC ACC CTG ATG ACT GAC CCG GTT CGT CTG CCG TCT GGT ACT ATC ATG TCT CGT TCT ATC ATC CTG CGT CAC CTG CTG AAC TCT CCA ACC GAC CCA TTC AAC CGT CAG ACC CTG ACC GAA TCT ATG CTG GAG CCA GTT CCA GAG CTG AAA GAA CAG ATC CAG GCG TGG ATG CGT,-3.1534900855817334
GAC GCT CCG GAC GAA TTC CGT GAC CCG CTG ATG GAC ACC CTG ATG ACC GAC CCG GTT CGT CTG CCG CGT GGC ACC ATC ATG GAC CGT TCT ATC ATC CTG CGT CAC CTC CTG AAC TCT CCG ACT GAC CCG TTC CCG CGT CAG ACC CTG ACC GAA TCT ATG CTG GAA CCG GTG CCG GAA CTG AAA GAA CAG ATC CAG GCG TGG ATG CGT,-5.660182327022277
GAC GCG CCA GAC GAA TTC CGT GAC CCG CTG ATG GAC ACC CTG ATG ACT GAT CCG GTT GGC CTG CCG TCC GGT ACC ATC ATG GAC CGT TCT ATC ATC CTG CGT CAC CTG CTG AAC TCT CCG ACC GAT CCG TTC AAC CGT CAG ACC CTG ACC GAA TCT ATG CTG GAC CCG GTG CCG GAA CTG AAA GAA CAG ATC CAG GCG TGG ATG CGC,-4.3773094099560605
GAT GCG CCG GAC GAG TTC CGT GAC CCG CTG ATG GAC ACC CTG ATG ACC GAT CCG GTT CGT CTG CCG TCT GGC ACC ATC ATG GAC CGT TCT ATC TCT CTG CGT CAC CTG CTC AAT TCT CCG ACT GAC CCA TTC AAC CGT CAA ACC CTG ACC GAA TCT ATG CTG GAG CCG GTT CCA GAG CTG AAA GAA CAG ATC CAG GCG TGG ATG CGT,-6.5648603788535445
GAC GCT CCA GAC GAG TTC CGT GAT CCG CTG ATG GAC ACT CTG ATG ACC AAG CCA GTT CGT CTC CCG TCT GGC ACC ATC ATG GAC CCG TCT ATC ATC CTG CGT CAC CTG CTG AAC TCT CCA ACC GAC CCG TTC AAT CGT CAG ACC CTG ACC GAA TCT ATG CTG GAA CCG GTG CCG GAA CTG AAA GAA CAG ATC CAG GCT TGG ATG CGT,-0.4690216158407123
GAC GCT CCA GAC GAG TTC CGT GAC CCG CTG ATG GAC TAC CTG ATG ACC GAC CCG GTT CGT CTG CCG TCT GGC ACC ATT ATG AAA CGT TCT ATC ATC CTG CGT CAC CTG CTG AAC TCT CCG ACT GAC CCG TTC AAC CGT CAG ACC CTG ACC GAA TCT ATG CTG GAG CCG GTT CCG GAG CTC AAA GAA CAG ATC CAG GCG TGG ATG CGT,0.1786656986681937
GAC GCT CCG GAC GAG TTC CGT GAC CCG CTG ATG GAC ACC CTG ATG ACC GAC CCG GTT CGT CTG CCG TCT GGT ACT ATC ATG GAC CGT TCT ATC ATC CTG CGT CAC CTG CTG AAC CAC CCG TAC GAC CCG TTC AAC CGT CAA ACC CTG ACC GAA TCT ATG CTG GAA CCA GTT CCA GAA CTG AAA GAA CAG ATC CAG GCT TGG ATG CGT,2.8855784382930745
GAT GCG CCG GAC GAA TTC CGT GAC CCG CTG ATG GAC ACC CTG ATG ACC GAC CCG GTT CGT CTG CCG TCT GGC ACC ATC ATG GAC CGT TCT ATC ATC CTG CGT CAC CTG CTG AAC CTG CCG CAG GAC CCG TTC AAT CGT CAG ACC CTG ACC GAA TCT ATG CTG GAA CCG GTG CCG GAA CTG AAA GAA CAG ATC CAG GCG TGG ATG CGT,1.022013263796316
GAT GCG CCG GAT GAA TTC CGT GAC CCA CTG ATG GAC CAG CTG ATG ACC GAC CCG GTT CGT CTG CCG TCT GGC ACC ATC ATG ACT CGT TCT ATC ATC CTG CGT CAC CTG CTG AAC TCT CCG ACT GAC CCG TTC AAC CGT CAG ACC CTG ACC GAA TCT ATG CTG GAA CCA GTG CCG GAG CTC AAA GAA CAG ATC CAG GCG TGG ATG CGT,-3.804622252101262
GAT GCG CCG GAT GAA TTC CGT GAC CCG CTG ATG GAC ACC CTG ATG ACC GAA CCG GTG CGC CTG CCG TCC GGT ACC ATC ATG GAC GTT TCT ATC ATC CTG CGT CAC CTG CTG AAC TCT CCG ACC GAC CCG TTC AAC CGT CAG ACC CTG ACT GAA TCT ATG CTG GAA CCA GTG CCG GAG CTG AAA GAA CAG ATC CAG GCG TGG ATG CGT,0.174971189831674
GAT GCG CCG GAC GAA TTC CGT GAC CCA CTG ATG GAC ATG CTC ATG ACC GAC CCG GTT CGT CTG CCG TCT GGT ACT ATC ATG TGC CGT TCT ATC ATC CTG CGT CAC CTG CTG AAC TCT CCG ACC GAT CCG TTC AAC CGT CAG ACC CTG ACC GAA TCT ATG CTG GAG CCG GTT CCA GAA CTG AAA GAA CAG ATC CAG GCG TGG ATG CGT,1.2642424288323062
GAC GCT CCG GAT GAA TTC CGT GAC CCG CTG ATG GAC GGC CTG ATG ACT GAC CCG GTT CGT CTG CCG TCT GGT ACT ATC ATG CTG CGC TCT ATC ATC CTG CGT CAC CTG CTG AAC TCT CCG ACC GAC CCG TTC AAC CGT CAG ACC CTG ACC GAA TCT ATG CTG GAA CCA GTG CCG GAA CTG AAA GAA CAG ATC CAG GCG TGG ATG CGT,0.4011394561583258
GAC GCT CCA GAT GAA TTC CGT CTC CCG CTG ATG GAC ACC CTG ATG ACC GAC CCG GTT CGT CTG CCG TCT GGT ACT ATT ATG ATC CGT TCT ATC ATC CTG CGT CAC CTG CTG AAC TCT CCG ACC GAT CCA TTC AAC CGT CAG ACC CTG ACC GAA TCT ATG CTG GAG CCG GTG CCG GAG CTC AAA GAA CAG ATC CAG GCG TGG ATG CGT,0.5849293959358437
GAC GCT CCG GAC GAA TTC CGT GAC CCG CTG ATG GAC ACC CTG ATG ACC GAC CCG GTT CGT CTG CCG GTT GGT ACT ATC ATG GAC CGT TCT ATC ATC CTG CGC CAC CTG CTG AAC TCT CCG ACC AAC CCA TTC AAT CGT CAG ACC CTG ACC GAA TCT ATG CTG GAA CCA GTG CCA GAA CTC AAA GAA CAG ATC CAG GCT TGG ATG CGT,-0.6837562839432036
GAC GCG CCA GAC GAA TTC CGT GAC CCG CTC ATG GAT AAC CTG ATG ACC GAC CCG GTT CGT CTC CCG TCC GGT ACC ATT ATG TGG CGT TCT ATC ATC CTG CGT CAC CTG CTG AAC TCT CCG ACC GAT CCG TTC AAC CGT CAG ACC CTG ACC GAA TCT ATG CTG GAA CCG GTG CCG GAA CTG AAA GAA CAG ATC CAG GCG TGG ATG CGT,0.7133220324021678
GAC GCT CCG GAC GAA TTC CGT GAC CCG CTG ATG GAT ACT CTG ATG ACC GAG CCG GTG CGT CTG CCG TCC GGC ACC ATC ATG GAC GAG TCT ATT ATC CTG CGT CAC CTG CTG AAC TCT CCG ACC GAC CCG TTC AAC CGT CAA ACC CTG ACC GAA TCT ATG CTG GAA CCA GTG CCA GAA CTC AAA GAA CAG ATC CAG GCT TGG ATG CGT,-0.3817772714534052
GAC GCT CCG GAC GAG TTC CGT ATG CCG CTG ATG GAC ACC CTG ATG ACC GAT CCG GTT CGT CTG CCG TCT GGC ACC ATC ATG TAT CGT TCT ATC ATC CTG CGT CAC CTG CTG AAT TCT CCG ACC GAC CCA TTC AAC CGT CAG ACC CTG ACC GAA TCT ATG CTG GAG CCG GTG CCG GAA CTG AAA GAA CAG ATC CAG GCG TGG ATG CGT,0.5275315402028324
GAC GCG CCA GAC GAA TTC CGT TGG CCG CTG ATG GAT ACC CTG ATG ACC GAC CCG GTT CGC CTG CCG TCC GGT ACT ATC ATG GTT CGT TCT ATC ATC CTG CGT CAC CTG CTG AAC TCT CCG ACT GAC CCG TTC AAC CGT CAG ACC CTG ACC GAA TCC ATG CTG GAA CCA GTG CCA GAA CTG AAA GAA CAG ATC CAG GCG TGG ATG CGT,0.5321724040290796
GAT GCG CCG GAT GAA TTC CGT GAC CCG CTG ATG GAC ACC CTG ATG ACC GCT CCG GTT CGT CTG CCG TCT GGT ACT ATC ATG GAC CGT TCT ATC ATC CTG CGC CAC CTG CTC AAC TCT CCG ACC GAC CCG TTC AAT CGT CAG ACC CTG ACC GAA TCT ATG CTG GAA CCG GTG CCG GAA CTC ATG GAA CAG ATC CAG GCG TGG ATG CGT,0.6962338582635248
GAT GCG CCG GAC GAA TTT CGT GAC CCG CTG ATG GAC ACC CTG ATG ACT GAC CCG GTT CGC CTC CCG TCC GGT ACC ATC ATG GAC GAC TCT ATC ATC CTG CGT CAC CTG CTG AAC TCT CCG ACC GAC CCA TTC AAT CGT CAG ACC CTG ACC GAA TCT ATG CTG GAA CCA GTT CCG GAG CTG GGT GAA CAG ATC CAG GCG TGG ATG CGT,1.7731474088940375
GAT GCG CCG GAC GAA TTC CGT GAC CCG CTG ATG GAC ACC CTG ATG ACC GAC CCG GTT CGT CTG CCG TCT GGT ACT ATC ATG GAC CGT TCT ATC ATC CTG CGC CAC CTG CTG AAC TCT CCA ACT GAC CCG AAA AAT CGT CAG ACC CTG ACC GAG TCT ATG CTG GAA CCA GTT CCA GAA CTC AAA GAA CAG ATC CAG GCG TGG ATG CGT,-0.7730553385119305
GAC GCT CCG GAC GAA TTC CGT GAC CCG CTG ATG GAC ACC CTG ATG ACC GAC CCG GTG CGT CTG CCG CAG GGC ACC ATC ATG GAC CGT TCT ATC ATC CTG CGT CAC CTG CTG AAC TCT CCG ACC TGC CCG TTC AAC CGT CAG ACC CTG ACC GAA TCT ATG CTC GAA CCA GTT CCA GAA CTC AAA GAA CAG ATC CAG GCG TGG ATG CGT,0.695659125348002
GAC GCT CCG GAC GAA TTC CGT TTC CCG CTG ATG GAC ACC CTG ATG ACT GAC CCG GTT CGT CTG CCG TCT GGT ACT ATT ATG ATG CGC TCT ATC ATC CTG CGT CAC CTG CTG AAC TCT CCG ACC GAC CCA TTC AAC CGT CAG ACC CTG ACC GAA TCT ATG CTG GAA CCG GTG CCG GAA CTG AAA GAA CAG ATC CAG GCG TGG ATG CGT,0.5590143972962225
GAC GCG CCA GAT GAA TTC CGT GAC CCG CTG ATG GAC ACC CTG ATG ACC GAC CCG GTG CGT CTG CCG TCT GGT ACT ATC ATG GAC CGT TCT ATC ATC CTG CGC CAC CTG CTC AAC CCA CCG CTG GAC CCA TTC AAC CGC CAG ACC CTG ACC GAA TCT ATG CTC GAA CCG GTG CCG GAA CTC AAA GAA CAG ATC CAG GCG TGG ATG CGT,-0.548789645403416
GAC GCT CCG GAC GAA TTC CGT GAC CCG CTG ATG GAC ACT CTC ATG ACT CCA CCA GTT CGT CTG CCG TCC GGT ACC ATT ATG GAC CAC TCT ATC ATC CTC CGT CAC CTG CTG AAC TCT CCG ACC GAC CCG TTC AAC CGT CAA ACC CTG ACC GAA TCT ATG CTG GAG CCG GTG CCA GAA CTC AAA GAA CAG ATC CAG GCG TGG ATG CGT,-1.8354233369444208
GAC GCG CCA GAT GAA TTC CGT GTG CCG CTG ATG GAC ACC CTG ATG ACC GAT CCG GTG CGC CTG CCG TCT GGC ACC ATT ATG ATC CGT TCT ATC ATC CTG CGC CAC CTG CTG AAC TCT CCG ACC GAC CCG TTC AAC CGT CAG ACC CTG ACC GAA TCC ATG CTG GAA CCG GTG CCG GAA CTG AAA GAA CAG ATC CAG GCT TGG ATG CGT,0.76719539656522
GAT GCT CCG GAC GAG TTC GGT GAC CCG CTG ATG GAC ACC CTG ATG ACC GAC CCG GTT CGT CTG CCG TCT GGC ACC ATC ATG GAT CGC TCT ATC ATC CTG CGT CAC CTG CTG AAC TCT CCG ACT GAC CCG TTC AAT CGT CAG ACC CTG ACC GAA TCC ATG CTG GAA CCA GTG CCG GAG CTG AAA GAA CAG ATC CAG GCG TGG ATG CGT,-0.7081314802837257
GAT GCG CCG GAC GAA TTC CGT GAC CCG CTG ATG GAC ACC CTG ATG ACC GAT CCA GTT CGT CTG CCG TCC GGT ACC ATC ATG GAC CGT TCT ATC ATC CTG CGT CAC CTC CTG AAC TCT CCG ACC GAC CCA TTT AAC CGC CAA ACC CTG ACT GAA TCT ATG CTC GAA CCA GTT CCA GAG CTG AAG GAA CAG TAC CAG GCG TGG ATG CGT,-0.1404868399356672
GAC GCT CCG GAC GAA TTC CGT GAC CCG CTG ATG GAC ACT CTG ATG ACT GAC CCG GTT CGT CTG CCG TCT GGT ACT ATT ATG GAC GTT TCT ATC ATC CTG CGT CAC CTG CTG AAC TCT CCG ACC GAC CCG TTC AAC CGT CAA ACT CTG ACC GAA TCT ATG CTG GAG CCG GTT CCA GAA CTG GCG GAA CAG ATC CAG GCG TGG ATG CGT,0.5269225488411946
GAC GCT CCG GAC GAA TTC CGT GAC CCG CTG ATG GAC AAC CTG ATG ACC GAT CCG GTT CGT CTG CCG TCT GGT ACT ATC ATG GAA CGC TCT ATC ATC CTG CGT CAC CTG CTG AAC TCT CCA ACC GAC CCA TTC AAC CGT CAG ACC CTG ACC GAA TCT ATG CTG GAA CCA GTT CCA GAG CTG AAA GAA CAG ATC CAG GCG TGG ATG CGT,0.3677443420140109
GAT GCG CCA GAT GAG TTT CGT GAT CCG CTC ATG GAC ACC CTG ATG ACT GAC CCG GTT CGT CTG CCG CAC GGT ACT ATC ATG GAT CGT TCT ATC ATC CTG CGT CAC CTG CTG AAC TCT CCG ACC GAC CCA TTC AAA CGT CAG ACC CTG ACC GAA TCT ATG CTG GAA CCG GTG CCG GAG CTC AAA GAG CAG ATC CAG GCT TGG ATG CGT,-0.8195997334368279
GAC GCT CCG GAC GAA TTC TCT GAC CCA CTG ATG GAC ACC CTG ATG ACT GAC CCG GTT CGT CTG CCG TCT GGC ACC ATC ATG GAC CGT TCT ATC ATC CTG CGT CAC CTG CTG AAC TCT CCG ACC GAT CCG TTC AAC CGT CAG ACC CTG ACC GAA TCT ATG CTG GAA CCA GTG CCG GAA CTG AAG GAA CAG ATC CAG GCG TGG ATG CGT,-0.0446849851531363
GAC GCG CCA GAC GAG TTC CGT TAC CCG CTG ATG GAC ACC CTG ATG ACC GAC CCG GTT CGT CTG CCG TCT GGT ACT ATC ATG GAG CGT TCT ATC ATC CTG CGT CAC CTG CTG AAC TCT CCG ACT GAC CCA TTC AAC CGT CAG ACC CTG ACC GAA TCT ATG CTG GAG CCG GTG CCG GAA CTG AAA GAA CAG ATC CAG GCG TGG ATG CGT,-0.2286763668730538
GAT GCG CCG GAC GAA TTC CGT GAC CCA CTG ATG GAC GCG CTG ATG ACC GAC CCG GTT CGT CTG CCG TCC GGT ACC ATC ATG AAA CGT TCC ATC ATC CTG CGT CAT CTG CTG AAC TCT CCA ACT GAC CCG TTC AAC CGT CAG ACC CTG ACC GAA TCT ATG CTG GAA CCA GTG CCG GAG CTC AAA GAA CAG ATC CAG GCG TGG ATG CGC,-1.6751174548844667
GAT GCG CCG GAT GAA TTC CGT GAC CCG CTG ATG GAC ACC CTG ATG ACC AAG CCG GTT CGT CTC CCG TCC GGT ACC ATC ATG GAC ATC TCT ATC ATC CTG CGT CAC CTG CTG AAC TCT CCG ACC GAC CCG TTC AAC CGT CAG ACC CTG ACC GAA TCT ATG CTG GAG CCA GTT CCG GAG CTC AAA GAA CAG ATC CAG GCG TGG ATG CGT,0.8622656084603455
GAC GCT CCG GAC GAA TTC CGT GAC CCG CTG ATG GAC ACC CTG ATG ACC TCT CCG GTT CGT CTC CCG TCC GGT ACC ATC ATG GAC TCT TCT ATC ATC CTG CGT CAC CTG CTG AAT TCT CCG ACC GAC CCG TTC AAC CGC CAG ACT CTG ACC GAA TCT ATG CTG GAA CCA GTT CCA GAA CTC AAA GAA CAG ATC CAG GCG TGG ATG CGT,-0.1183857967527574
GAC GCT CCG GAC GAA TTC CGT GAC CCG CTG ATG GAC ACC CTG ATG ACC GAC CCG GTT CGT CTG CCG TCT GGT ACT ATT ATG GAC CGT TCT ATC ATC CTG CGT CAC CTG CTG AAC TCT CCG ACC GAT CCG TTC AAC CGT CAG ACC CTG ACC GAA TCT ATG CTG GAA CCG GTG TGC GAA CTG AAA GAA CAG ATC CAG GCG TGG ATG CGT,1.3484669207351978
GAT GCT CCG GAC GAG TTC CGT GAC CCG CTG ATG GAC ACC CTG ATG ACC CAC CCG GTT CGT CTG CCG TCC GGT ACC ATC ATG GAC GCT TCT ATC ATC CTG CGT CAC CTG CTG AAC TCT CCG ACC GAC CCG TTC AAC CGC CAG ACC CTG ACC GAA TCT ATG CTG GAG CCG GTG CCA GAG CTC AAA GAA CAA ATC CAG GCT TGG ATG CGC,0.2980838779195095
GAC GCT CCG GAC GAG TTC CGT GAC CCA CTC ATG GAT ACC CTG ATG ACC GAC CCG GTT CGT CTG CCG GAC GGT ACC ATC ATG GAC CGT TCT ATC ATC CTG CGT CAC CTG CTG AAC TCT CCG ACT CCG CCG TTC AAC CGT CAG ACC CTG ACC GAA TCT ATG CTG GAA CCA GTT CCA GAA CTG AAA GAA CAG ATC CAG GCG TGG ATG CGT,0.1314226455270855
GAT GCG CCG GAC GAA TTC CGT GAC CCG CTG ATG GAC ACC CTG ATG ACC GAT CCG GTT TGG CTC CCG TCT GGC ACC ATC ATG GAC CGT TCT ATC ATC CTG CGT CAC CTG CTC AAC TCT CCG ACC GAC CCA TTC AAC CGT CAG ACC CTG ACC GAA TCT ATG CTG AAC CCG GTT CCA GAA CTG AAA GAA CAG ATC CAA GCG TGG ATG CGC,-0.1324890942282591
GAC GCT CCG GAT GAA TTC CGT GAC CCG CTG ATG GAC ACC CTG ATG ACC GAT CCG GTT CGT CTG CCG TCC GGT ACC ATC ATG GAC AAA TCT ATC ATC CTG CGT CAC CTG CTG AAC TCT CCG ACC GAC CCA TTC AAC CGC CAG ACC CTG ACC GAA TCT ATG CTG GAA CCG GTG CCA GAA CTG GAA GAA CAG ATC CAG GCG TGG ATG CGT,0.3320095466061987
GAT GCG CCA GAT GAA TTC CGT GAC CCG CTG ATG GAC ACC CTG ATG ACC GAT CCG GTT CGC CTC CCG ACC GGT ACC ATC ATG GAC CGT TCT ATC ATC CTG CGT CAC CTG CTG AAC TCT CCG ACC GAC CCG TTC CTG CGC CAA ACC CTG ACC GAA TCT ATG CTG GAG CCG GTT CCG GAG CTC AAA GAA CAG ATC CAG GCT TGG ATG CGT,0.5065201646784127
GAT GCG CCG GAC GAA TTC CGT GAC CCG CTG ATG GAC ACC CTG ATG ACC GAC CCG GTT CGT CTG CCG ACC GGC ACT ATC ATG GAC CGT TCT ATC ATC CTG CGT CAC CTG CTG AAC TCT CCG ACC AAA CCG TTC AAC CGT CAG ACC CTG ACC GAA TCT ATG CTG GAA CCG GTG CCG GAA CTC AAA GAA CAG ATC CAG GCG TGG ATG CGT,-3.8519106872331816
GAT GCG CCA GAT GAA TTC CGT GAC CCG CTG ATG GAC ACC CTG ATG ACC GAC CCG GTT CGT CTG CCG TCT GGC ACC ATC ATG GAC CGT TCT ATC ATC CTG CGT CAC CTG CTG AAC TAC CCG CAC GAC CCG TTC AAT CGT CAG ACC CTG ACC GAA TCT ATG CTG GAA CCG GTG CCG GAG CTC AAA GAA CAG ATC CAG GCT TGG ATG CGC,1.5942938679284624
GAC GCT CCG GAC GAA ACC CGT GAC CCG CTG ATG GAT ACT CTG ATG ACT GAC CCG GTT CGT CTG CCG TCT GGC ACC ATC ATG GAC CGT TCT ATC ATC CTG CGT CAC CTG CTG AAC TCT CCG ACC GAC CCG TTC AAC CGT CAG ACC CTG ACC GAA TCT ATG CTG GAA CCA GTT CCA GAA CTG AAA GAA CAG ATC CAG GCG TGG ATG CGT,-0.7584665587758197
GAT GCG CCG GAC GAA TTT CGT GAC CCG CTC ATG GAT ACC CTG ATG ACC GAC CCG GTT CGT CTC CCG TCT GGC ACC ATC ATG CAG CGT TCT ATC ATC CTG CGT CAC CTG CTG AAC TCT CCG ACT GAC CCG TTC AAT CGT CAG ACC CTG ACC GAA TCT ATG CTG GAG CCA GTG CCG GAG CTG AAA GAA CAG ATC CAG GCG TGG ATG CGT,0.9996519845025472
GAC GCT CCG GAC GAA TTC CGT GAC CCG CTG ATG GAC AAA CTG ATG ACC GAC CCA GTT CGT CTG CCG TCT GGT ACT ATC ATG ACT CGT TCT ATC ATC CTG CGT CAC CTG CTG AAC TCT CCG ACT GAC CCG TTC AAC CGT CAG ACC CTG ACC GAA TCT ATG CTC GAA CCG GTG CCA GAA CTG AAA GAA CAG ATC CAG GCG TGG ATG CGT,-3.718539737291144
GAT GCG CCG GAC GAA TTC CGT GAC CCG CTG ATG GAC ACC CTG ATG ACT GAC CCG GTT CGT CTG CCG TCT CTG ACC ATC ATG GAC CGT TCT ATC ATC CTG CGT CAC CTG CTG AAC TCT CCG ACC GAC CCA TTC AAC CGT CAG ACC CTG ACC GAA TCT ATG CTG GAA CCG GTG CCG GAA CTG AAA GAA CAG ATC CAG GCG TGG ATG CGT,0.1114768655309915
GAC GCG CCA GAT GAA TTC CGT GAC CCG CTG ATG GAC ACC CTG ATG ACC GAT CCG GTT CTG CTG CCA TCT GGT ACT ATC ATG GAC CGT TCT ATC ATC CTG CGT CAC CTG CTC AAC TCT CCG ACC GAC CCA TTC AAC CGT CAG ACC CTG ACT GAA TCT ATG CTG TCT CCA GTT CCG GAG CTG AAA GAA CAG ATC CAG GCG TGG ATG CGT,1.0704898038950317
GAC GCG CCA GAC GAG TTC CGT GAC CCG CTG ATG GAC ACC CTG ATG ACT GAC CCG GTT CGT CTC CCG TCT GGT ACT ATC ATG GAC CGT TCT ATC ATC CTC CGT CAC CTG GAT AAC TCT CCG ACC GAC CCG TTC AAC CGT CAA ACC CTG ACC GAA TCT ATG CTG GAG CCG GTT CCG GAG CTG AAA GAA CAG ATC CAG GCG TGG ATG CGT,1.7937959544196496
GAT GCG CCG GAT GAA TTC CGT GAC CCA CTG ATG GAC ACC CTG ATG ACC GAC CCG GTT CGT CTG CCG TCT GGC ACC ATC ATG GAC CGT TCT ATC ATC CTC CGC CAC CTC CTC AAC TAT CCG GGT GAT CCG TTC AAC CGT CAA ACC CTG ACC GAA TCT ATG CTG GAA CCG GTG CCG GAA CTG AAA GAA CAG ATC CAG GCT TGG ATG CGC,0.7738402172486392
GAC GCG CCA GAC GAA TTC CGT GAC CCG CTG ATG GAC TCT CTG ATG ACC GAC CCG GTT CGT CTC CCG TCT GGT ACT ATC ATG CGT CGT TCT ATC ATC CTG CGT CAC CTG CTG AAC TCT CCG ACC GAT CCG TTC AAC CGT CAG ACC CTG ACC GAA TCT ATG CTG GAA CCG GTG CCG GAA CTG AAA GAA CAG ATC CAG GCG TGG ATG CGT,-1.4130915867369596
GAC GCG CCA GAT GAA TTC CGT GAC CCG CTG ATG GAC ACC CTG ATG ACC GAC CCG GTT CGT CTG CCG GTT GGC ACC ATT ATG GAC CGC TCT ATC ATC CTG CGC CAC CTG CTG AAC TCT CCG ACT GAC CCG TTC GGT CGT CAG ACC CTG ACC GAA TCT ATG CTG GAG CCG GTT CCA GAA CTG AAA GAA CAG ATC CAG GCG TGG ATG CGT,-2.169183241464416
GAC GCT CCG GAC GAA TTC CGT GAC CCG CTC ATG GAC GTT CTG ATG ACT GAC CCG GTT CGT CTG CCG TCT GGT ACT ATC ATG CAG CGT TCT ATC ATC CTG CGT CAC CTG CTG AAC TCT CCG ACC GAT CCG TTC AAC CGT CAG ACC CTG ACC GAA TCT ATG CTG GAA CCG GTG CCG GAA CTG AAA GAA CAG ATC CAG GCG TGG ATG CGT,1.549241343638664
GAT GCG CCG GAC GAA TTC CGT GAC CCG CTG ATG GAC ACC CTG ATG ACC GAC CCG GTT CGT CTG CCG TCT GGT ACT ATC ATG GAC CGT TCT ATC ATC CTG CGT CAC CTG CTG AAC TCT CCG ACC GAT CCG TTC TCT CGT CAG ACC CTG ACC GAA TCT ATG CTG GAG CCG GTG CCG GAA CTG AAA GAA CAG ATC CAG GCG TGG ATG CGT,2.6727429289632623
GAC GCT CCG GAC GAG TTC CGT GAT CCG CTG ATG GAC ACC CTG ATG ACT GAC CCA GTT CGT CTG CCG TCT GGC ACC ATC ATG GAC CGT TCT ATC ATC CTG CGT CAC CTG CTG AAC TCT CCG ACC GAT CCA TTC AAC GGT CAA ACC CTG ACT GAA TCC ATG CTG GAG CCA GTT CCA GAA CTG AAA GAA CAG ATC CAG GCG TGG ATG CGT,3.67890672259103
GAC GCG CCA GAT GAA TTC CGT GAC CCG CTG ATG GAC ACC CTG ATG ACC GAT CCG GTT CGT CTG CCG TCT GGC ACT ATC ATG GAC CCA TCT ATC ATC CTG CGT CAC CTG CTG AAC TCT CCG ACC GAC CCG TTC AAC CGC CAG ACC CTG ACC GAA TCT ATG CTG GAA CCG GTG CCG GAA CTG CGT GAA CAG ATC CAG GCG TGG ATG CGT,-1.0455437667692833
GAC GCG CCA GAC GAA TTC CGT GAC CCG CTG ATG GAC ACC CTG ATG ACC GAC CCG GTT CGT CTC CCG TCC GGT ACC ATC ATG GAC CGT TCT ATC ATC CTG CGT CAC CTG CTG AAC ATC CCA GCG GAC CCG TTC AAT CGT CAA ACC CTG ACC GAA TCT ATG CTG GAA CCA GTT CCG GAG CTG AAA GAA CAG ATC CAG GCG TGG ATG CGT,0.8612656403705158
GAC GCG GAA GAC GAA TTC CGT GAC CCG CTG ATG GAC ACC CTG ATG ACC GAC CCA GTT CGT CTG CCG TCT GGC ACC ATC ATG GAC CGT TCT ATC ATC CTG CGT CAC CTG CTG AAC TCT CCG ACT GAC CCG TTC AAT CGC CAG ACC CTG ACC GAA TCT ATG CTG GAA CCA GTT CCG GAG CTG AAA GAA CAG ATC CAG GCG TGG ATG CGT,-0.1810115499419924
GAT GCG CCG GAC GAG TTC CGT CAG CCG CTG ATG GAT ACC CTC ATG ACC GAT CCG GTT CGT CTG CCG TCT GGC ACC ATC ATG GGT CGT TCT ATC ATC CTG CGT CAC CTG CTG AAC TCT CCG ACC GAC CCG TTC AAC CGT CAG ACC CTG ACC GAA TCT ATG CTG GAA CCA GTT CCG GAG CTG AAA GAA CAG ATC CAG GCG TGG ATG CGT,-4.70216982235935
GAC GCT CCA GAT GAA TTC CGT GAC CCG CTG ATG GAC ACC CTC ATG ACT GAC CCG GTT CGT CTG CCG TCT GGT ACT ATT ATG GAC CGT TCT ATC ATC CTG CGT CAC CTG CTG AAC TCT CCG ACC GAC CCG TTC AAC CGT ACC ACC CTG ACC GAA TCC ATG CTG GAA CCG GTG CCG GAA CTG AAA GAA CAG ATC CAG GCT TGG ATG CGT,2.9529243241383987
GAC GCT CCG GAC GAG TTC CGT AAA CCG CTG ATG GAC ACC CTG ATG ACT GAC CCG GTT CGT CTG CCG TCT GGC ACC ATC ATG GCG CGT TCT ATC ATC CTG CGT CAC CTG CTG AAC TCT CCG ACC GAC CCG TTC AAC CGT CAG ACC CTG ACC GAA TCT ATG CTG GAA CCG GTG CCG GAA CTG AAA GAA CAG ATC CAG GCT TGG ATG CGT,-0.8712579797466452
GAT GCG CCG GAT GAA TTC CGT GAC CCG CTG ATG GAC ACC CTG ATG ACC GAA CCG GTG CGC CTC CCA TCC GGT ACT ATC ATG GAC GGT TCT ATC ATC CTG CGT CAC CTG CTG AAC TCT CCG ACT GAC CCA TTC AAC CGT CAG ACC CTG ACC GAG TCT ATG CTG GAA CCA GTT CCG GAG CTG AAA GAA CAG ATC CAG GCG TGG ATG CGT,-0.9256646644357284
GAC GCG CCA GAT GAA TTC CGT GAC CCG CTG ATG GAC ACC CTG ATG ACC GAC CCG GTT CGT CTG CCG TCT GGC ACC ATC ATG GAC CGC TCT ATC ATC CTC CGC CAC CTG CTG AAC TTC CCG CTG GAC CCG TTC AAC CGT CAA ACC CTG ACC GAG TCT ATG CTG GAA CCA GTG CCG GAG CTG AAA GAA CAG ATC CAG GCG TGG ATG CGT,1.3117320663651229
GAT GCG CCG GAC GAA TTC CGT GAC CCG CTG ATG GAC ACC CTG ATG ACT GAC CCG GTT CGT CTG CCG TCT GGC ACC ATC ATG GAC CGT TCT ATC ATC CTG CGT CAC CTG CTG AAC GCT CCG ACC GAC CCG TTC AAC CGT CAG ACC CTG ACC GAA TCT ATG CTG GAA CCG GTG CCG GAG CTG AAA GAA CAG ATC CAG GCG TGG ATG CGT,1.2903647195568355
GAC GCT CCG GAC GAA TTC CGT GAC CCA CTG ATG GAC ACC CTG ATG ACT GAC CCG GTG CGT CTG CCG TCT GGT ACT ATC ATG GAT CGT TCT ATC ATC CTG CGT CAC CTG CTG AAC TCT CCG ACC GAC CCG TTT AAC CGC CAG ACC CTG ACC GAA TCT ATG CTC GAA CCA GTT CCA GAA CTG AAA GAA CAG ATC GCG GCG TGG ATG CGT,2.315773062998474
GAT GCG CCG GAC GAA TTC CGT GAC CCG CTG ATG GAC ACC CTG ATG ACC GAC CCG GTT CGT CTG CCG GTT GGT ACT ATC ATG GAC CGT TCT ATC ATC CTG CGT CAC CTG CTG AAC TCT CCG ACC TAC CCG TTC AAC CGT CAA ACC CTG ACC GAA TCT ATG CTG GAA CCG GTG CCA GAG CTG AAA GAA CAG ATC CAA GCG TGG ATG CGT,-0.3613710284607291
GAC GCT CCG GAC GAA TTC CGT GAC CCG CTG ATG GAC ACC CTG ATG ACC GAC CCG GTT GGT CTG CCG TCT GGC ACC ATC ATG GAC CGT TCT ATC ATC CTG CGC CAC CTG CTG AAC TCT CCG ACT GAC CCG TTC AAC CGT CAG ACC CTG ACC GAA TCT ATG CTG ACT CCG GTG CCG GAA CTG AAA GAA CAG ATC CAG GCT TGG ATG CGC,-0.4475116288159424
GAT GCG CCG GAT GAA TTC CGT GAC CCG CTG ATG GAC ACC CTG ATG ACT GAC CCA GTT CGT CTG CCA TCT GGC ACC ATC ATG GAC CGT TCT ATC ATC CTG CGT CAC CTG CTG AAC TCT CCG ACC GAC CCG TTC AAC CGC CAG ACC CTG ACC GAA TCT ATG CTG GAA CTG GTT CCG GAG CTG AAA GAA CAG ATC CAG GCG TGG ATG CGT,1.1985944972979876
GAT GCG CCG GAC GAA TTC CGT GAC CCG CTG ATG GAC ACC CTG ATG ACC GAT CCG GTT CGT CTG CCG CAC GGT ACC ATC ATG GAC CGT TCT ATC ATC CTG CGT CAC CTG CTG AAC TCT CCG ACC GAC CCG TTC ATC CGT CAG ACC CTG ACC GAA TCT ATG CTG GAA CCG GTG CCG GAA CTG AAA GAA CAG ATC CAG GCG TGG ATG CGT,-0.7879964398054328
GAC GCT CCG GAC GAA TTC CGT GAC CCG CTG ATG GAC CCA CTG ATG ACC GAC CCG GTT CGT CTG CCG TCT GGC ACT ATT ATG GGT CGT TCT ATC ATC CTG CGC CAC CTG CTG AAC TCT CCG ACT GAC CCG TTC AAC CGT CAG ACC CTG ACC GAA TCT ATG CTG GAA CCG GTG CCG GAA CTG AAA GAA CAG ATT CAG GCG TGG ATG CGT,-4.403887971649773
GAC GCT CCG GAT GAA TTC CGT GAC CCG CTG ATG GAC ACC CTG ATG ACC GAC CCA GTT CGC CTG CCG TCC GGT ACT ATC ATG GAT TGG TCT ATC ATC CTG CGT CAC CTG CTG AAC TCT CCG ACC GAT CCG TTC AAC CGT CAA ACC CTG ACC GAA TCT ATG CTG GAA CCG GTG CCG GAA CTG TTT GAA CAG ATC CAG GCG TGG ATG CGT,1.6509288079652356
GAC GCG CCA GAT GAA TTC CGT GAC CCG CTG ATG GAC ACC CTG ATG ACT GAC CCG GTT CGT CTG CCG TCT GGC ACC ATC ATG GAC CAT TCT ATC ATC CTG CGT CAC CTG CTG AAC TCT CCG ACC GAT CCA TTC AAC CGT CAA ACC CTG ACC GAA TCT ATG CTG GAG CCA GTT CCA GAA CTC TTT GAA CAG ATC CAG GCG TGG ATG CGT,0.3601262889188005
GAT GCG CCG GAC GAG TTC CGT GAC CCG CTG ATG GAC ACC CTG ATG ACC GAC CCG GTT CGT CTG CCG CTC GGT ACC ATC ATG GAC CGT TCT ATC ATC CTG CGC CAC CTG CTG AAC TCT CCG ACT GGT CCA TTC AAC CGT CAG ACC CTG ACT GAA TCT ATG CTG GAG CCG GTT CCA GAA CTG AAG GAA CAG ATC CAG GCG TGG ATG CGT,-0.5377001716535101
GAC GCG CCA GAT GAA TTC CGT GAC CCG CTG ATG GAC ACC CTG ATG ACC GAC CCG GTT CGT CTG CCG TCC GGT ACC ATC ATG GAC CGT TCT ATC ATC CTG CGT CAC CTG CTG AAC TCT CCG ACT GAC CCG TTC AAC CGT CAG ACC CTG ACC GAA TCC ATG CTG GAA CCG GTG CCG GAG CTG AAA GAA CAG ATC CAG GCG AAC ATG CGC,-0.0994090194433326
GAC GGC CCA GAT GAA TTT CGT GAC CCG CTG ATG GAC ACC CTC ATG ACT GAC CCG GTT CGT CTG CCG TCC GGT ACC ATC ATG GAC CGT TCT ATC ATC CTG CGT CAC CTG CTG AAC TCT CCA ACC GAC CCG TTC AAC CGC CAG ACC CTG ACC GAA TCT ATG CTG GAA CCG GTG CCG GAA CTC AAA GAA CAG ATC CAG GCT TGG ATG CGC,1.1023882798557183
GAT GCG CCG GAC GAA TTT CGT GAC CCG CTG ATG GAC ACT CTG ATG ACT GAC CCG GTT CGT CTG CCA CAG GGT ACC ATC ATG GAC CGT TCT ATC ATC CTG CGT CAC CTG CTG AAC TCT CCG ACC CGT CCA TTT AAC CGC CAG ACT CTC ACC GAG TCT ATG CTG GAA CCA GTG CCA GAA CTG AAA GAA CAG ATC CAG GCG TGG ATG CGT,-3.854991451028984
GAT GCG CCG GAC GAA TTC CGT GAC CCG CTG ATG GAC ACC CTG ATG ACC TTC CCG GTT CGT CTG CCG TCT GGC ACC ATC ATG GAC CGT TCT ATC ATC CTG CGT CAC CTG CTG AAC TCT CCG ACC GAC CCG TTC AAC CGT CAG ACC CTG ACC GAA TCT ATG CTG GAA CCG GTG CCG GAA CTC ATG GAA CAG ATC CAG GCT TGG ATG CGT,1.4053658574739147
GAC GCG CCA GAC GAA TTC CGT GAC CCG CTG ATG GAC ACC CTG ATG ACC GAC CCG GTG CTG CTG CCG TCC GGC ACC ATT ATG GAC CGT TCT ATC ATC CTG CGT CAC CTG CTG AAC TCT CCG ACC GAT CCA TTC AAC CGT CAG ACC CTG ACC GAA TCT ATG CTG CAC CCG GTT CCG GAG CTG AAA GAA CAG ATC CAG GCG TGG ATG CGT,0.9083756724644008
GAC GCT CCG GAT GAA TTC CGT GAC CCG CTG ATG GAC ACC CTG ATG ACC ATG CCG GTT CGT CTG CCG TCC GGT ACC ATC ATG GAC CTG TCT ATC ATC CTG CGT CAC CTG CTG AAC TCT CCG ACC GAC CCG TTC AAC CGT CAG ACC CTG ACC GAA TCT ATG CTG GAG CCG GTG CCA GAA CTG AAA GAA CAG ATC CAG GCG TGG ATG CGC,1.2175588683401308
GAC GCT CCG GAC GAA TTC CGT GAC CCG CTG ATG GAC ACT CTG ATG ACT GAC CCG GTT CGT CTG CCG TCT GGT ATC ATC ATG GAC CGT TCT ATC ATC CTG CGT CAC CTG CTG AAC TCT CCG ACC GAC CCA TTC AAC CGT CAA ACC CTG ACC GAA TCT ATG CTG GAG CCA GTG CCG GAA CTG AAA GAA CAG ATC CAG GCG TGG ATG CGT,3.103417925513334
GAC GCT CCG GAT GAG TTC CGT GAC CCG CTG ATG GAC ACC CTG ATG ACC GAC CCG GTT CGT CTG CCG TCT GGC ACC ATC ATG GAC CGT TCT ATC ATC CTG CGT CAC CTG CTG AAC ATC CCG CTG GAC CCG TTC AAT CGT CAA ACC CTC ACC GAG TCT ATG CTG GAA CCG GTG CCG GAA CTG AAA GAA CAG ATC CAG GCT TGG ATG CGT,1.1685357382407489
GAC GCG CCA GAC GAA TTC CGT GTT CCG CTG ATG GAC ACC CTG ATG ACT GAC CCG GTT CGC CTG CCG TCT GGT ACT ATC ATG CTG CGT TCC ATT ATT CTG CGT CAC CTG CTG AAC TCT CCA ACC GAC CCG TTC AAC CGT CAG ACC CTG ACC GAA TCT ATG CTG GAA CCG GTG CCG GAA CTG AAA GAA CAG ATC CAG GCG TGG ATG CGT,0.9302784103412728
GAC GCT CCG GAC GAA TTT CGT GAC CCA CTG ATG GAT ACC CTC ATG ACC CAT CCG GTT CGT CTG CCG TCT GGT ACT ATC ATG GAC ATC TCT ATC ATC CTG CGT CAC CTG CTG AAC TCT CCG ACC GAC CCG TTC AAC CGT CAA ACC CTG ACC GAA TCT ATG CTG GAG CCG GTT CCA GAG CTG AAA GAA CAG ATC CAG GCG TGG ATG CGT,1.0097417502081265
GAC GCT CCG GAC GAA TTC CGT TTC CCG CTG ATG GAC ACT CTG ATG ACC GAC CCG GTT CGT CTG CCG TCT GGC ACC ATC ATG CAG CGT TCT ATC ATC CTG CGT CAC CTG CTG AAC TCT CCA ACC GAT CCG TTC AAC CGT CAG ACC CTG ACC GAA TCT ATG CTG GAA CCG GTG CCG GAA CTG AAA GAA CAG ATC CAG GCG TGG ATG CGT,-0.4536882103780392
GAT GCG CCG GAT GAA TTC CGT GAC CCG CTG ATG GAC ACC CTG ATG ACC GGC CCA GTT CGT CTC CCG TCT GGC ACC ATT ATG GAT GTT TCT ATC ATC CTC CGT CAC CTG CTC AAC TCT CCG ACC GAC CCG TTT AAT CGT CAG ACC CTG ACC GAA TCT ATG CTG GAA CCG GTG CCG GAA CTC AAA GAA CAG ATC CAG GCG TGG ATG CGT,0.686943809351406
GAC GCT CCG GAC GAA TTC CGT GAC CCG CTG ATG GAT ACC CTC ATG ACC ATG CCG GTT CGT CTC CCG TCT GGC ACC ATC ATG GAC TGC TCT ATC ATC CTG CGT CAC CTG CTG AAC TCT CCG ACC GAC CCG TTC AAT CGT CAG ACC CTG ACC GAA TCT ATG CTG GAA CCG GTG CCG GAA CTG AAA GAA CAG ATC CAG GCG TGG ATG CGT,0.9947012820338834
GAC GCG CCA GAC GAA TTC CGT GAC CCG CTC ATG GAC ACC CTG ATG ACC GAT CCG GTT CGT CTC CCA TCT GGT ACT ATC ATG GAT GAC TCT ATC ATC CTG CGT CAC CTG CTG AAC TCT CCG ACC GAC CCG TTC AAC CGT CAA ACC CTG ACC GAA TCT ATG CTG GAG CCA GTT CCG GAG CTG CTG GAA CAG ATC CAG GCG TGG ATG CGT,-0.1441028817955196
GAT GCG CCG GAC GAA TTC CGT GAC CCG CTC ATG GAT TGG CTG ATG ACC GAT CCA GTT CGT CTG CCG TCT GGC ACC ATT ATG ATG CGT TCT ATC ATC CTG CGT CAC CTG CTG AAC TCT CCG ACC GAC CCG TTC AAT CGT CAG ACC CTG ACC GAA TCT ATG CTG GAG CCG GTT CCA GAG CTG AAA GAA CAG ATC CAG GCG TGG ATG CGC,1.0517468544619497
GAT GCG CCG GAC GAA TTC CGT GAC CCG CTG ATG GAC ACC CTG ATG ACC GAC CCG GTT CGT CTG CCG TCC GGT ACC ATT ATG GAC CGT TCT ATC ATC CTG CGT CAC CTG CTG AAC ATG CCG ATG GAC CCG TTC AAC CGT CAG ACC CTG ACC GAA TCT ATG CTG GAA CCA GTT CCG GAG CTG AAA GAA CAG ATC CAG GCG TGG ATG CGT,1.16867387271199
GAT GCG CCG GAC GAA TTC CGT GAC CCG CTG ATG GAC ACC CTG ATG ACT GAC CCG GTT CGT CTG CCG TCT GGT ACT ATC ATG GAC CGT TCT ATC ATC CTG CGT CAT CTG CTG AAC TCT CCA ACC GAC CCA TCT AAC CGT CAG ACC CTG ACC GAA TCT ATG CTG GAG CCG GTT CCG GAG CTG AAA GAA CAG ATT CAA GCG TGG ATG CGT,-0.5025604733760018
GAT GCT CCG GAC GAG TTC CGT GAC CCG CTG ATG GAC ACC CTG ATG ACC GAT CCG GTT TGC CTG CCA TCC GGC ACC ATC ATG GAC CGT TCT ATC ATC CTC CGT CAC CTG CTG AAC TCT CCA ACC GAC CCA TTC AAC CGT CAG ACC CTG ACC GAA TCC ATG CTG AAA CCG GTG CCA GAG CTG AAA GAA CAG ATC CAG GCG TGG ATG CGT,1.1503676148332225
GAC GCT CCG GAT GAA TTC CGT GAC CCG CTG ATG GAC CTG CTG ATG ACT GAC CCG GTT CGT CTG CCG TCT GGC ACC ATT ATG CCG CGT TCT ATC ATC CTG CGT CAC CTG CTC AAC TCT CCA ACC GAC CCG TTC AAC CGT CAG ACC CTG ACC GAA TCT ATG CTG GAG CCA GTG CCG GAG CTC AAA GAA CAG ATC CAG GCG TGG ATG CGT,0.6864210613621448
GAT GCG CCG GAC GAA TTC CGT GAC CCG CTG ATG GAC ACC CTG ATG ACT GAC CCG GTT TGG CTG CCG TCT GGT ACT ATC ATG GAC CGT TCT ATC ATC CTG CGT CAC CTG CTG AAC TCT CCG ACC GAC CCG TTC AAC CGT CAG ACC CTG ACC GAA TCT ATG CTC CAG CCG GTG CCA GAA CTG AAA GAA CAG ATC CAG GCG TGG ATG CGT,0.4656995072157841
GAT GCG CCG GAC GAA TTC CGT GAC CCG CTG ATG GAC ACC CTG ATG ACC GAC CCA GTT GCG CTG CCG TCC GGT ACC ATC ATG GAC CGT TCT ATC ATC CTG CGT CAC CTG CTG AAC TCT CCG ACT GAC CCG TTC AAC CGT CAA ACC CTG ACC GAA TCT ATG CTC CTG CCG GTG CCG GAG CTG AAA GAA CAG ATC CAG GCG TGG ATG CGT,0.7740019751977152
GAT GCT CCG GAC GAA TTC CGT GAC CCG CTG ATG GAC ACC CTG ATG ACC GAC CCG GTT CGT CTG CCG TCT GGC ACC ATC ATG GAC CGT TCT ATC ATC CTG CGT CAC AAA CTG AAT TCT CCA ACC GAT CCG TTC AAC CGT CAG ACC CTG ACC GAA TCT ATG CTG GAA CCG GTG CCG GAA CTG AAA GAA CAG ATC CAG GCG TGG ATG CGT,-4.685128455382232
GAT GCG CCG GAC GAG TTC CGT CAC CCG CTG ATG GAC ACC CTG ATG ACC GAT CCA GTT CGT CTG CCG TCT GGC ACC ATC ATG GAC CGT TCT ATC ATC CTG CGC CAC CTC CTG AAC TCT CCG ACC GAC CCG TTC AAT CGT CAG ACC CTG ACC GAA TCT ATG CTG GAA CCG GTG CCG GAA CTG AAA GAA CAG ATC CAG GCG TGG ATG CGT,0.0575338570808154
GAT GCG CCG GAC GAA TTC CGT GAC CCG CTG ATG GAC ACC CTG ATG ACC GGC CCA GTT CGT CTG CCG TCT GGC ACC ATC ATG GAC GAC TCT ATC ATC CTG CGT CAC CTG CTG AAC TCT CCG ACC GAC CCG TTC AAC CGT CAG ACC CTG ACC GAA TCT ATG CTG GAA CCG GTG CCG GAA CTG AAA GAA CAG ATC CAG GCT TGG ATG CGT,-2.0085863892089426
GAC GCG CCA GAT GAA TTC CGT GAC CCG CTG ATG GAC ACC CTG ATG ACC CAC CCG GTT CGT CTG CCG TCT GGC ACC ATC ATG GAC CGT TCT ATC ATC CTG CGT CAC CTG CTG AAC TCT CCG ACC GAC CCG TTT AAC CGC CAG ACC CTG ACC GAA TCT ATG CTG GAG CCG GTT CCG GAG CTG GTT GAA CAG ATC CAG GCG TGG ATG CGT,0.5927332963245724
GAT GCG CCG GAT GAA TTC CGT GAC CCG CTG ATG GAC ACC CTG ATG ACC GAT CCG GTT CGT CTG CCG TCC GGT ACC ATC ATG GAC CGT TCT ATC ATC CTG CGT CAC CTG CTG AAC TCT CCG ACC GAC CCG TTC AAC CGT CAG ACC CTG ACC GAA TCT ATG CTG GAA CCA GTG CCG GAG CTC AAG GAA CAG ATC CAG GCG TGG TGG CGT,2.4472260515683715
GAT GCG CCG GAC GAA TTC CGT GAC CCG CTG ATG GAC ACC CTG ATG ACT GAC CCG GTG CTG CTC CCG TCT GGT ACT ATC ATG GAC CGT TCT ATC ATC CTG CGT CAC CTG CTG AAC TCT CCG ACC GAC CCG TTC AAC CGT CAG ACC CTG ACC GAA TCT ATG CTG AAA CCA GTT CCG GAG CTG AAA GAA CAG ATC CAG GCG TGG ATG CGT,1.7986110549294008
GAC GCT CCG GAC GAA TTC CGT GAC CCG CTG ATG GAC ACC CTG ATG ACC GAC CCG GTT CGT CTG CCG TCT GGC ACC ATC ATG GAC GCT TCT ATC ATC CTG CGT CAC CTG CTG AAC TCT CCG ACC GAT CCG TTC AAC CGT CAG ACC CTG ACC GAA TCT ATG CTG GAG CCG GTG CCG GAA CTC ATC GAA CAG ATC CAG GCG TGG ATG CGT,0.684348150127011
GAC GCG CCA GAT GAG TTC CGT GAC CCG CTG ATG GAC ACT CTC ATG ACC GAC CCG GTT CGT CTG CCG ACC GGT ACC ATC ATG GAC CGT TCT ATC ATC CTG CGT CAC CTG CTG AAC TCT CCG ACT GAC CCG TTC CGT CGT CAG ACC CTG ACC GAA TCT ATG CTG GAA CCA GTT CCG GAG CTG AAA GAA CAG ATC CAG GCG TGG ATG CGT,0.0636743126773374
GAC GCT CCG GAT GAA TTC CGT GAC CCG CTG ATG GAC AAC CTG ATG ACT GAC CCG GTT CGT CTG CCG TCT GGC ACC ATC ATG GAC CGT TCT ATC ATC CTG CGT CAC CTG CTG AAC TCT CCG ACC GAC CCG TTT AAC CGT CAG ACC CTG ACC GAA TCT ATG CTG GAG CCG GTG CCG GAA CTG AAA GAA CAG ATC CAG GCG TGG ATG CGT,1.0234997146986058
GAC GCT CCG GAC GAA TTC CGT GAC CCG CTG ATG GAC ACC CTG ATG ACC GAT CCA GTG CGT CTG CCA TAC GGT ACC ATC ATG GAC CGT TCT ATC ATC CTG CGC CAC CTG CTG AAC TCT CCG ACC GAC CCG TTC TCT CGT CAG ACC CTG ACC GAA TCT ATG CTG GAG CCG GTT CCA GAA CTG AAA GAA CAG ATC CAG GCG TGG ATG CGT,0.3660407847439512
GAC GCT CCG GAT GAA TTC CGT GAC CCG CTG ATG GAC ACC CTG ATG ACC TGC CCG GTT CGT CTG CCG TCT GGC ACC ATC ATG GAC TGC TCT ATC ATC CTG CGT CAC CTG CTG AAC TCT CCG ACC GAC CCG TTC AAC CGT CAG ACC CTG ACC GAA TCT ATG CTG GAG CCG GTT CCA GAG CTC AAA GAA CAG ATC CAG GCG TGG ATG CGT,0.6752341027293565
GAC GCG CCA GAT GAA TTC CGT GAC CCG CTG ATG GAC ACC CTG ATG ACC GAC CCG GTT CGT CTG CCG TCT GGT ACT ATC ATG GAC CGT TCT ATC ATC CTG CGT CAC CTG CTG AAC CTG CCG TGG GAC CCG TTC AAT CGC CAG ACC CTG ACC GAA TCT ATG CTG GAA CCA GTT CCG GAG CTG AAA GAA CAG ATC CAG GCG TGG ATG CGT,1.5275567037732856
GAC GCT CCG GAC GAG TTC CGT GAC CCA CTG ATG GAT ACC CTC ATG ACC GAC CCG GTT CGT CTG CCG TCT GGC ACC ATC ATG GAC CGT TCT ATC ATC CTG CGT CAC CTG CTG AAC CTG CCG CAC GAC CCG TTT AAC CGT CAG ACC CTG ACC GAA TCT ATG CTG GAA CCA GTG CCG GAA CTG AAA GAA CAG ATC CAA GCG TGG ATG CGT,0.7455784007072292
GAC GCG CCA GAC GAA TTC CGT GAC CCG CTG ATG GAC ACC CTG ATG ACC GAC CCG GTT AAG CTG CCA TCC GGT ACC ATC ATG GAC CGT TCT ATC ATC CTG CGT CAC CTG CTG AAC TCT CCG ACC GAT CCG TTC AAC CGT CAG ACC CTG ACC GAA TCT ATG CTG GAA CCG GTG CCG GAA CTG AAA GAA CAG ATC CAG GCG TGG ATG CGT,1.84195938980231
GAT GCT CCG GAC GAG TTC CGT GAC CCG CTG ATG GAC ACC CTG ATG ACC TAC CCG GTT CGT CTC CCG TCC GGT ACT ATC ATG GAC CAT TCT ATC ATC CTG CGC CAC CTG CTC AAC TCT CCG ACC GAC CCG TTC AAC CGT CAG ACC CTG ACC GAA TCT ATG CTG GAA CCG GTG CCG GAA CTG AAA GAA CAG ATC CAG GCG TGG ATG CGT,0.589102807086795
GAC GCG CCA GAT GAA TTC CGC GAC CCG CTG ATG GAC ACC CTG ATG ACC GAC CCA GTT CGT CTG CCG TCT GGT ACT ATC ATG GAC CGT TCT ATC ATC CTG CGT CAC CTG CTG AAC GAT CCG GGT GAT CCG TTC AAC CGT CAG ACT CTG ACC GAA TCT ATG CTG GAG CCG GTT CCG GAG CTC AAA GAA CAG ATC CAG GCG TGG ATG CGT,0.3673589615359797
GAC GCG CCA GAC GAG TTC CGT GAC CCG CTG ATG GAC ACC CTC ATG ACC GAC CCG GTT CGC CTG CCA TCT GGT ACT ATC ATG GAC CCG TCT ATC ATC CTG CGC CAC CTG CTG AAC TCT CCG ACT GAT CCG TTC AAC CGT CAA ACC CTG ACC GAA TCT ATG CTG GAG CCG GTG CCA GAA CTG GAA GAA CAG ATC CAG GCG TGG ATG CGT,-0.7207610167324592
GAT GCT CCG GAT GAA TTC CGT GAC CCG CTG ATG GAC ACC CTG ATG ACC ATG CCG GTT CGT CTG CCG TCT GGT ACT ATC ATG GAT ATG TCT ATC ATC CTG CGT CAC CTG CTG AAC TCT CCG ACC GAC CCG TTC AAC CGT CAG ACC CTG ACC GAA TCT ATG CTG GAA CCG GTG CCG GAA CTC AAA GAA CAG ATC CAG GCT TGG ATG CGT,0.956837819068726
GAT GCT CCG GAC GAA TTC CGT GAC CCG CTG ATG GAC ACC CTG ATG ACC GAC CCG GTT CGT CTG CCG TCT GGC ACC ATC ATG GAC GAC TCT ATC ATC CTG CGT CAC CTG CTG AAC TCT CCA ACC GAT CCA TTC AAT CGT CAG ACC CTG ACC GAA TCT ATG CTG GAA CCA GTG CCG GAA CTG CGT GAA CAG ATC CAG GCG TGG ATG CGT,-3.301694829857865
GAT GCG CCG GAC GAG TTC CGT GAC CCG CTG ATG GAC ACC CTG ATG ACC GAC CCA GTT CGC CTG CCA TCC GGT ACT ATC ATG GAC CGT TCT ATC ATC CTG CGT CAC CTG CTG AAC TCT CCG ACC GAT CCG TTC AAC CGT CAG ACC CTG ACC GAA TCT ATG CTG GAG CCG GTG CCA GAA CTG AAA GAA CAG ATC CAG GCG TGG ATG GCG,2.570418067524185
GAT GCG CCG GAC GAA TTC CGT GAT CCG CTG ATG GAC ACC CTG ATG ACC GAC CCG GTT CGT CTG CCA GCG GGT ACC ATC ATG GAC CGT TCT ATC ATC CTG CGT CAC CTG CTG AAC TCT CCG ACC CAC CCG TTC AAT CGC CAG ACC CTG ACC GAA TCT ATG CTG GAG CCG GTT CCG GAG CTG AAA GAA CAG ATC CAG GCG TGG ATG CGT,-0.1450213901555693
GAT GCG CCA GAT GAA TTC CGT GAC CCG CTG ATG GAC ACC CTG ATG ACT GGT CCG GTG CGT CTC CCG TCC GGT ACC ATC ATG GAC CAA TCT ATC ATC CTG CGT CAC CTG CTC AAC TCT CCA ACT GAC CCG TTC AAC CGT CAG ACC CTG ACC GAA TCT ATG CTG GAG CCG GTT CCA GAG CTG AAA GAA CAG ATC CAG GCG TGG ATG CGT,-0.9562573286989088
GAT GCG CCG GAT GAA TTC CGT GAC CCG CTG ATG GAC ACC CTG ATG ACT GAC CCG GTT CGT CTG CCG TCT GGC ACC ATC ATG AAA CGT TCT ATC ATC CTG CGT CAC CTG CTG AAC TCT CCG ACC GAC CCG TTT AAC CGT CAG ACT CTG ACC GAA TCC ATG CTG GAA CCA GTT CCG GAG CTG AAA GAA CAG ATC CAG GCG TGG ATG CGT,-2.489079960806616
GAC GCG CCA GAC GAA TTC CGT GAC CCG CTG ATG GAC ACC CTG ATG ACT GAC CCG GTT CGC CTG CCG ACC GGT ACC ATC ATG GAT CGT TCT ATC ATT CTG CGT CAC CTG CTG AAC TCT CCA ACC GAC CCG TTC TCT CGT CAG ACC CTG ACC GAA TCT ATG CTG GAA CCG GTG CCG GAA CTC AAA GAA CAG ATC CAG GCG TGG ATG CGT,1.2491292928695474
GAC GCG CCA GAT GAA TTC CGT GAC CCG CTG ATG GAC ACC CTG ATG ACC TAC CCG GTT CGT CTG CCG TCT GGC ACC ATC ATG GAC CGT TCT ATC ATC CTG CGT CAC CTG CTG AAC TCT CCG ACC GAC CCG TTC AAC CGT CAG ACC CTG ACC GAA TCT ATG CTG GAG CCG GTT CCA GAA CTG GAA GAA CAG ATC CAG GCG TGG ATG CGT,0.5755977608554295
GAC GCT CCG GAC GAA TTT CGT AAA CCG CTG ATG GAC ACC CTG ATG ACC GAT CCG GTG CGT CTG CCG TCC GGT ACC ATC ATG AAC CGT TCT ATC ATC CTG CGC CAC CTG CTG AAC TCT CCG ACC GAC CCG TTC AAC CGT CAG ACC CTG ACC GAA TCT ATG CTG GAA CCA GTT CCA GAA CTG AAA GAA CAG ATC CAG GCG TGG ATG CGC,-4.693401098943298
GAC GCT CCG GAC GAA TTC CGT GAC CCG CTG ATG GAC ACC CTG ATG ACT GAC CCG GTT CGT CTG CCG TCT GGT ACC GCG ATG GAC CGT TCT ATC ATC CTG CGT CAC CTG CTG AAC TCT CCG ACC GAC CCG TTT AAC CGC CAG ACC CTG ACC GAA TCT ATG CTG GAA CCA GTG CCA GAA CTG AAA GAA CAG ATC CAG GCG TGG ATG CGT,-1.385476309539436
GAC GCG CCA GAT GAA TTC CGT GAC CCG CTG ATG GAC GGT CTG ATG ACT GAC CCA GTT CGT CTG CCG TCC GGT ACC ATC ATG TTC CGT TCT ATC ATC CTG CGT CAT CTG CTG AAC TCT CCG ACC GAC CCG TTC AAC CGT CAG ACC CTG ACC GAA TCT ATG CTG GAA CCA GTT CCA GAA CTG AAA GAA CAG ATC CAG GCG TGG ATG CGT,0.5375582866591686
GAT GCG CCG GAC GAA TTC CGT GAC CCG CTG ATG GAC ACC CTG ATG ACC GAC CCG GTT CGT CTG CCG CAG GGT ACC ATT ATG GAC CGT TCT ATC ATC CTG CGT CAC CTG CTG AAC TCT CCG ACC ATC CCG TTC AAC CGT CAG ACC CTG ACC GAA TCT ATG CTG GAA CCG GTG CCG GAG CTG AAA GAA CAG ATC CAG GCG TGG ATG CGT,-1.1258865414133536
GAT GCG CCG GAT GAA TTC CGT GAC CCG CTG ATG GAC ACC CTG ATG ACC GAC CCG GTT CGT CTG CCG TCT GGC ACC ATC ATG GAC CGT TCT ATC ATC CTG CGT CAC CTG CTG AAC AAC CCG TGG GAC CCG TTC AAC CGT CAG ACC CTG ACC GAA TCT ATG CTG GAA CCG GTG CCG GAG CTG AAA GAA CAG ATC CAG GCG TGG ATG CGT,2.958732713304556
GAT GCG CCG GAC GAA TTC CGT AAA CCG CTG ATG GAC ACC CTG ATG ACT GAC CCG GTT CGT CTG CCG TCT GGC ACC ATT ATG TAC CGT TCT ATC ATC CTG CGT CAC CTG CTG AAC TCT CCG ACC GAC CCG TTC AAC CGT CAG ACC CTG ACC GAA TCT ATG CTG GAA CCA GTG CCG GAA CTG AAA GAA CAG ATC CAG GCG TGG ATG CGT,0.2931325413385828
GAT GCT CCG GAC GAA TTC CGT GAC CCG CTG ATG GAC ACC CTG ATG ACT GAC CCG GTT CGT CTC CCG TCT GGC ACC ATC ATG GAC CGT TCT ATC ATC CTG CGT CAC CTG CTG AAC TCT CCG ACC GAT CCG TTC AAC CGC CAG ACT CTG ACC GAA TCT ATG CTC GAA CCA GTT CCA GAG CTG AAA GAA CAG ATC CAA ATC TGG ATG CGT,2.121940939010777
GAT GCT CCG GAC GAA TTC CGT GAC CCG CTG ATG GAC ACC CTG ATG ACC GAT CCG GTT CGT CTC CCG GTT GGT ACT ATT ATG GAC CGT TCT ATC ATC CTG CGT CAC CTC CTG AAC TCT CCG ACC GAC CCG TTC GTG CGT CAG ACC CTG ACC GAA TCT ATG CTG GAA CCG GTG CCA GAA CTG AAA GAA CAG ATC CAG GCG TGG ATG CGT,-3.879586786890056
GAT GCG CCA GAC GAA TTC CGT GAC CCG CTG ATG GAC ACT CTC ATG ACC GAC CCG GTG CGT CTG CCG TCT GGT ACT ATC ATG GAC CTG TCT ATC ATC CTG CGT CAC CTG CTG AAC TCT CCG ACT GAC CCG TTC AAC CGT CAG ACT CTG ACC GAA TCT ATG CTG GAA CCG GTG CCA GAA CTG CGT GAA CAG ATC CAG GCG TGG ATG CGT,1.496467812931884
AAA GCG CCG GAC GAA TTC CGT GAC CCG CTG ATG GAC ACC CTG ATG ACC GAC CCG GTT CGC CTC CCA TCC GGT ACC ATC ATG GAC CGT TCT ATC ATC CTG CGT CAC CTG CTG AAC TCT CCG ACT GAC CCA TTC AAT CGT CAG ACC CTG ACC GAA TCT ATG CTG GAG CCA GTT CCG GAG CTG AAA GAA CAG ATC CAG GCG TGG ATG CGT,2.798554654379827
GAT GCG CCG GAC GAA TTC CGT GAC CCG CTG ATG GAC ACC CTG ATG ACC GAC CCG GTG CGT CTG CCG TCT GGC ACC ATC ATG GAC CGT TCT ATC ATC CTG CGC CAC CTG CTG AAC TCT CCG ACC GAT CCG TTC AAC CGT CAG ACC CTC ACC GAG TCC ATG CTC GAA CCG GTG CCG GAA CTC AAG GAA CAG ATC CAG GCT TGG ATG AAA,2.699345775924753
GAT GCG CCG GAT GAA TTC CGT GAC CCG CTG ATG GAC ACC CTG ATG ACC GAC CCG GTT CGT CTG CCG TCT GGC ACC ATC ATG GAC CGT TAT ATC ATC CTG CGT CAC CTC CTG AAC TCT CCA ACT GAC CCA TTC AAT CGT CAG ACC CTG ACC GAA TCT ATG CTG GAA CCG GTG CCG GAA CTG AAA GAA CAG ATC CAG GCG TGG ATG CGT,2.183437231888324
GAT GCG CCG GAC GAA TTC CGT GAC CCG CTG ATG GAC ACC CTG ATG ACT GAC CCG GTT CGT CTG CCG TCC GGT ACC ATC ATG GAC CGT TCT ATC ATC CTG CGT CAC CTG CTG AAC ATC CCG ACC GAC CCG TTC AAC CGT CAG ACC CTG ACC GAA TCT ATG CTG GAA CCA GTT CCG GAG CTG AAA GAA CAG ATC CAG GCG TGG ATG CGT,1.0625155396535435
GAT GCG CCG GAC GAA TTC CGC GAC CCG CTG ATG GAC ACC CTG ATG ACC GAC CCG GTT CGT CTG CCG GGT GGC ACC ATT ATG GAC CGT TCT ATC ATC CTG CGT CAC CTG CTG AAC TCT CCG ACC TAC CCG TTC AAC CGT CAG ACC CTG ACC GAA TCT ATG CTC GAA CCA GTG CCG GAG CTG AAA GAA CAG ATC CAG GCG TGG ATG CGT,-0.2138547020855763
GAT GCG CCG GAT GAA TTC CGT GAT CCG CTG ATG GAC ACC CTG ATG ACT GAC CCG GTG CGC CTC CCA TCT GGT ACT ATC ATG GAC CTG TCT ATC ATC CTG CGT CAC CTG CTG AAC TCT CCG ACC GAC CCA TTC AAT CGC CAG ACC CTG ACC GAG TCT ATG CTG GAG CCG GTT CCG GAG CTG GTT GAA CAG ATC CAG GCT TGG ATG CGC,1.3200645463500456
GAC GCT CCG GAT GAA TTC CGT GAC CCG CTG ATG GAT ACC CTG ATG ACC ACT CCA GTG CGT CTG CCG TCT GGC ACC ATC ATG GAT CGT TCT ATC ATC CTG CGT CAC CTC CTG AAC TCT CCG ACC GAT CCG TTC AAC CGC CAG ACC CTG ACC GAA TCT ATG CTG GAA CCA GTG CCG GAG CTC ACT GAA CAG ATC CAG GCG TGG ATG CGT,0.345097387651897
GAT GCT CCG GAC GAA TTC CGT GAC CCG CTG ATG GAC ACC CTG ATG ACC GAC CCG GTT CGT CTG CCG TCT GGT ACT ATC ATG GAC CGT TCT ATC ATC CTG CGT CAC CTG CTG AAC ATG CCG GAA GAC CCG TTT AAC CGT CAG ACC CTG ACC GAA TCT ATG CTG GAG CCG GTT CCA GAG CTG AAA GAA CAG ATC CAG GCG TGG ATG CGT,1.038092955497507
GAT GCG CCG GAC GAA TTC CGT GAC CCG CTG ATG GAC ACT CTG ATG ACT GAC CCG GTG CGT CTG CCG TCT GGT ACT ATC ATG GAT ACC TCT ATC ATC CTG CGT CAC CTG CTG AAC TCT CCG ACC GAC CCG TTT AAC CGC CAG ACC CTG ACC GAA TCT ATG CTG GAA CCA GTT CCG GAG CTG CAC GAA CAG ATC CAG GCG TGG ATG CGT,-0.0959971923418577
GAC GCT CCG GAC GAA TTC CGT GAC CCG CTG ATG GAC ACC CTG ATG ACC CAC CCG GTT CGT CTG CCG TCT GGT ACT ATT ATG GAC CAC TCT ATC ATC CTG CGC CAC CTG CTG AAC TCT CCG ACC GAC CCG TTC AAC CGC CAG ACC CTC ACC GAA TCT ATG CTG GAA CCA GTG CCG GAA CTG AAA GAA CAG ATC CAG GCG TGG ATG CGT,0.3580410771718493
GAC GCG CCA GAC GAA TTC CGT GAC CCG CTG ATG GAC ACC CTG ATG ACC GAC CCG GTT GCG CTG CCG TCC GGT ACC ATC ATG GAC CGT TCT ATC ATC CTG CGT CAC CTG CTG AAC TCT CCA ACT GAC CCG TTC AAC CGT CAG ACC CTG ACC GAA TCT ATG CTG GTT CCG GTT CCA GAA CTG AAA GAA CAG ATC CAG GCG TGG ATG CGT,1.4721603834322865
GAC GCT CCG GAC GAA TTC CGT GAC CCG CTG ATG GAT ACC CTG ATG ACC GAG CCA GTT CGC CTG CCA TCT GGT ACT ATC ATG GAC CGT TCT ATC ATC CTG CGT CAC CTG CTG AAC TCT CCA ACC GAC CCG TTC AAC CGT CAA ACC CTG ACT GAA TCT ATG CTG GAG CCG GTG CCG GAA CTG CGT GAA CAG ATC CAG GCG TGG ATG CGT,1.2468775347288663
GAC GCG CCA GAC GAA TTC CGT GAC CCG CTG ATG GAC ACC CTG ATG ACT CCG CCG GTG CGC CTG CCG TCC GGC ACC ATC ATG GAC GTT TCC ATC ATC CTG CGT CAC CTG CTG AAC TCT CCG ACC GAC CCG TTC AAC CGT CAG ACC CTG ACC GAA TCT ATG CTG GAG CCG GTT CCG GAG CTG AAG GAA CAG ATC CAG GCG TGG ATG CGC,0.1408986567867554
GAC GCT CCA GAT GAA TTC CGT GAC CCG CTG ATG GAC ACC CTG ATG ACC GAC CCG GTT CGT CTG CCG TCT GGT ACT ATC ATG GAC CGT TCT ATC ATC CTG CGT CAC CTG CTG AAC TCT CCG ACC GCG CCA TTC AAC CGC CAG ACC CTG ACC GAA TCT ATG CTG GAA CCG GTG CCG GAA CTG AAA GAA CAG ATC CAG GCG TGG ATG CGT,-0.6625245992957082
GAC GCG CCA GAT GAA TTC CGT GAC CCG CTG ATG GAC CTC CTG ATG ACC GAC CCA GTG CGT CTG CCG TCT GGT ACT ATC ATG CAG CGT TCT ATC ATC CTG CGT CAC CTG CTG AAC TCT CCG ACC GAT CCG TTC AAC CGT CAG ACC CTG ACC GAA TCT ATG CTG GAG CCG GTG CCG GAA CTG AAA GAA CAG ATC CAG GCG TGG ATG CGT,0.2918745667223135
GAT GCG CCG GAC GAG TTC CGT GAC CCG AAA ATG GAC ACC CTG ATG ACT GAC CCG GTT CGT CTG CCG TCT GGT ACT ATC ATG GAC CGT TCT ATC ATC CTC CGT CAC CTG CTG AAC TCT CCG ACC GAC CCG TTC AAC CGT CAG ACC CTG ACC GAA TCT ATG CTG GAG CCG GTT CCA GAG CTG AAA GAA CAG ATC CAG GCG TGG ATG CGT,0.4502761277233063
GAC GCG CCA GAC GAA TTC CGT GAC CCG CTG ATG GAC ACC CTG ATG ACC GAC CCG GTG CGT CTG CCA ATC GGT ACC ATC ATG GAC CGT TCT ATC ATC CTG CGT CAC CTG CTG AAC TCT CCG ACT GCG CCA TTC AAC CGT CAG ACC CTG ACC GAG TCT ATG CTG GAA CCA GTT CCA GAA CTG AAA GAA CAG ATC CAG GCG TGG ATG CGT,-3.190521283126214
GAC GCT CCG GAC GAA TTC CGT GAC CCG CTG ATG GAC ACC CTG ATG ACT GAC CCG GTT TGC CTG CCG TCT GGT ACT ATC ATG GAC CGT TCT ATC ATC CTG CGT CAC CTG CTG AAC TCT CCG ACC GAC CCG TTT AAC CGT CAG ACC CTG ACC GAA TCT ATG CTG CAA CCG GTG CCG GAA CTG AAA GAA CAG ATC CAG GCG TGG ATG CGT,1.125546076940192
GAT GCG CCG GAC GAA TTC CGT GAC CCG CTG ATG GAC ACC CTG ATG ACC GAC CCA GTT CGC CTG CCG TCT GGT ACT ATC ATG GAC CGT TCT ATC ATC CTG CGT CAC CTG CTG AAC TCT CCA ACC GAT CCG TTC AAC CGT CAG ACC CTG ACC GAG TCT TCT CTG GAA CCG GTG CCG GAA CTG AAA GAA CAG ATC CAG GCG TGG ATG CGT,0.8283092944534605
GAC GCG CCA GAC GAA TTC CGT GAC CCG CTG ATG GAC ACC CTG ATG ACC AAC CCG GTT CGT CTC CCG TCT GGT ACT ATC ATG GAC AAC TCT ATC ATC CTG CGT CAC CTG CTG AAC TCT CCG ACC GAC CCG TTC AAT CGT CAG ACC CTG ACC GAA TCT ATG CTC GAA CCA GTG CCG GAA CTG AAA GAA CAG ATC CAG GCG TGG ATG CGT,-0.5148280668144274
GAC GCG CCA GAT GAA TTC CGT GAC CCG CTG ATG GAC ACC CTG ATG ACC CGT CCG GTT CGT CTG CCG TCT GGC ACC ATC ATG GAC CGT TCT ATC ATC CTG CGT CAC CTG CTG AAC TCT CCG ACC GAC CCG TTC AAC CGT CAA ACC CTG ACC GAA TCT ATG CTG GAA CCA GTT CCG GAG CTG TAC GAA CAG ATC CAG GCG TGG ATG CGT,0.6671649381914928
GAT GCG CCG GAC GAA TTC CGT TGC CCG CTG ATG GAC ACC CTG ATG ACC GAT CCG GTT CGT CTC CCG TCT GGT ACT ATC ATG GTT CGT TCT ATC ATC CTG CGT CAC CTG CTG AAC TCT CCG ACC GAC CCG TTC AAC CGT CAG ACC CTG ACC GAA TCT ATG CTG GAA CCG GTG CCA GAG CTG AAA GAA CAG ATC CAG GCG TGG ATG CGT,1.2514717249504348
GAC GCT CCG GAC GAA TTC CGT TGG CCG CTG ATG GAC ACC CTC ATG ACC GAC CCG GTT CGT CTG CCG TCT GGT ACT ATC ATG GAA CGC TCT ATC ATC CTG CGT CAC CTG CTG AAC TCT CCA ACT GAC CCG TTC AAC CGT CAG ACC CTG ACC GAA TCT ATG CTG GAA CCG GTG CCG GAA CTG AAA GAA CAG ATC CAG GCG TGG ATG CGT,0.0792721894876017
GAT GCG CCG GAT GAA TTC CGT GAC CCG CTG ATG GAC ACC CTG ATG ACC GTT CCG GTG CGT CTG CCG TCC GGC ACT ATC ATG GAC GTT TCT ATC ATC CTG CGT CAC CTG CTG AAC TCT CCG ACC GAC CCG TTC AAC CGT CAG ACC CTG ACC GAA TCT ATG CTC GAA CCG GTG CCA GAG CTC AAA GAA CAG ATC CAG GCG TGG ATG CGT,0.6598055930981741
GAC GCG CCA GAC GAA TTC CGT TAC CCG CTG ATG GAT ACT CTG ATG ACC GAC CCG GTT CGT CTC CCG TCT GGT ACT ATC ATG ACT CGT TCT ATC ATC CTG CGT CAC CTG CTG AAC TCT CCG ACT GAC CCG TTT AAC CGT CAG ACC CTG ACC GAA TCT ATG CTG GAA CCG GTG CCA GAA CTG AAA GAA CAG ATC CAG GCG TGG ATG CGT,-0.4482673836663695
GAC GCT CCG GAC GAG TTC CGT GAC CCG CTG ATG GAC ACC CTG ATG ACC CAC CCG GTT CGT CTG CCG TCT GGT ACT ATC ATG GAC CGT TCT ATC ATC CTG CGT CAC CTG CTG AAC TCT CCG ACC GAC CCG TTC AAC CGC CAG ACC CTG ACC GAA TCT ATG CTG GAA CCA GTT CCA GAA CTC TAC GAA CAG ATC CAG GCG TGG ATG CGT,1.2397404725389205
GAC GCG CCA GAC GAA TTC CGT GAC CCG CTG ATG GAC ACC CTG ATG ACC GAC CCG GTT TGC CTG CCG TCC GGT ACC ATC ATG GAC CGT TCT ATC ATC CTG CGT CAC CTG CTG AAC TCT CCG ACC GAT CCG TTC AAC CGT CAG ACC CTG ACC GAA TCT ATG CTG CGC CCA GTG CCG GAA CTG AAA GAA CAG ATC CAG GCG TGG ATG CGC,1.192373758553845
GAC GCT CCG GAC GAA TTC CGT GAC CCG CTG ATG GAC GCG CTC ATG ACC GAT CCG GTT CGC CTG CCA TCT GGC ACC ATC ATG GTT CGT TCT ATC ATC CTG CGT CAC CTG CTG AAC TCT CCG ACC GAC CCG TTC AAC CGT CAG ACC CTG ACC GAA TCT ATG CTG GAA CCG GTG CCG GAA CTG AAA GAA CAG ATC CAG GCG TGG ATG CGC,0.5198522008985018
GAC GCT CCG GAC GAG TTC CGT GAC CCG CTG ATG GAC ACC CTG ATG ACC GTT CCG GTT CGT CTG CCG TCT GGC ACC ATC ATG GAC AAC TCT ATC ATC CTG CGT CAC CTG CTG AAC TCT CCG ACC GAC CCG TTC AAT CGT CAG ACC CTC ACC GAA TCT ATG CTG GAG CCG GTT CCA GAG CTG AAG GAA CAG ATC CAG GCG TGG ATG CGT,-2.8390258031137945
GAT GCT CCG GAC GAA TTC CGT TTC CCG CTG ATG GAC ACC CTC ATG ACC GAC CCG GTT CGT CTG CCG TCT GGT ACT ATC ATG ACT CGT TCT ATC ATC CTG CGT CAC CTG CTG AAC TCT CCG ACC GAT CCG TTC AAT CGT CAG ACC CTG ACC GAA TCT ATG CTG GAA CCA GTG CCA GAA CTC AAA GAA CAG ATC CAG GCG TGG ATG CGT,-0.4610453435718293
GAT GCG CCG GAC GAA TTC CGT GAC CCG CTG ATG GAC ACC CTG ATG ACC GAC CCG GTT CGT CTG CCG ACC GGT ACC ATC ATG GAC CGC TCC ATC ATC CTG CGT CAC CTG CTG AAC TCT CCG ACC GTG CCG TTC AAC CGC CAG ACC CTG ACC GAA TCT ATG CTG GAA CCG GTG CCA GAA CTG AAA GAA CAG ATC CAG GCG TGG ATG CGT,-1.8907161644543151
GAT GCT CCG GAT GAA TTC CGT GAT CCA CTC ATG GAT ACC CTC ATG AAC GAC CCG GTT CGT CTG CCG TCT GGT ACT ATC ATG GAC CGT TCT ATC ATC CTG CGT CAC CTG CTG AAC TCT CCG ACC GAC CCA TTC AAC CGT CAG ACC CTG ACC GAA TCT ATG CTG GAG CCG GTT CCA GAA CTG AAA GAA CAG ATC CAG GCG TGG ATG CGT,1.812266081943608
GAT GCG CCG GAC GAA TTC CGT GAC CCG CTG ATG GAC ACC CTG ATG ACT GAT CCA GTT CGT AAC CCG TCT GGC ACC ATT ATG GAC CGT TCT ATC ATC CTG CGT CAC CTC CTG AAC TCT CCG ACC GAT CCG TTC AAC CGT CAG ACC CTG ACT GAA TCT ATG CTG GAG CCG GTG CCG GAA CTG AAA GAA CAG ATC CAG GCG TGG ATG CGT,-1.164609279712261
GAT GCG CCG GAC GAG TTC CGT GAC CCG CTG ATG GAC ACC CTG ATG ACC AAC CCG GTT CGT CTG CCG TCT GGC ACC ATC ATG GAC ATC TCC ATC ATC CTC CGT CAC CTG CTG AAC TCT CCG ACC GAC CCG TTC AAT CGT CAG ACC CTG ACC GAA TCT ATG CTG GAA CCG GTG CCG GAA CTG AAA GAA CAG ATC CAG GCG TGG ATG CGT,0.7225828863447972
GAC GCT CCA GAT GAA TTC CGT GAC CCG CTG ATG GAC ACC CTG ATG ACC GAC CCG GTT CGT CTG CCG TCT GGC ACC ATC ATG GAC CGT TCT ATC ATC CTG CGT CAC CTG CTG AAC GTG CCG CCA GAT CCG TTC AAC CGT CAG ACC CTG ACC GAA TCT ATG CTG GAA CCA GTT CCG GAG CTG AAA GAA CAG ATC CAG GCG TGG ATG CGT,-0.1193231238968232
GAC GCG CCA GAC GAA TTC CGT GAC CCG CTG ATG GAC ACC CTG ATG ACC GAT CCG GTT CGC CTG CCA TAC GGT ACC ATC ATG GAC CGT TCT ATC ATC CTG CGT CAC CTG CTG AAC TCT CCG ACC GAC CCA TTC GAC CGT CAG ACC CTG ACC GAA TCT ATG CTG GAG CCA GTT CCA GAA CTG AAA GAA CAG ATC CAG GCG TGG ATG CGC,-1.844561776830833
GAC GCT CCG GAC GAA TTC CGT GAC CCG CTG ATG GAC ACT CTG ATG ACC GAC CCA GTT CGT CTG CCG TGG GGT ACC ATT ATG GAC CGT TCT ATC ATC CTG CGT CAC CTG CTG AAC TCT CCG ACT GAC CCG TTC ATG CGT CAA ACC CTG ACC GAA TCT ATG CTG GAG CCG GTT CCA GAG CTG AAA GAA CAG ATC CAG GCG TGG ATG CGT,0.7887123972291183
GAT GCT CCG GAC GAA TTC CGT GCG CCG CTG ATG GAC ACC CTG ATG ACC GAC CCG GTT CGT CTG CCG TCT GGT ACT ATT ATG CCG CGT TCT ATC ATC CTG CGT CAC CTG CTG AAC TCT CCG ACT GAC CCG TTC AAC CGT CAG ACC CTG ACC GAA TCT ATG CTG GAG CCG GTG CCG GAA CTG AAA GAA CAG ATC CAG GCG TGG ATG CGT,-2.076155721258945
GAT GCG CCG GAT GAA TTC CGT GAC CCG CTG ATG GAC ACC CTG ATG ACC GCT CCG GTT CGT CTG CCG TCT GGT ACT ATC ATG GAC CTG TCT ATC ATC CTG CGT CAC CTG CTG AAC TCT CCG ACC GAC CCA TTC AAC CGT CAG ACC CTG ACC GAA TCT ATG CTG GAA CCA GTG CCA GAA CTG AAA GAA CAG ATC CAG GCG TGG ATG CGT,0.8839433628320368
GAC GCT CCG GAC GAA TTC CGT GAC CCG CTG ATG GAT ACC CTC ATG ACC GAC CCA GTT TAC CTG CCG TCC GGT ACC ATC ATG GAC CGT TCT ATC ATC CTG CGT CAC CTC CTG AAT TCT CCG ACC GAT CCA TTC AAC CGT CAG ACC CTG ACC GAA TCT ATG CTG AAC CCG GTT CCA GAA CTG AAA GAA CAG ATC CAG GCG TGG ATG CGT,0.0930170499458966
GAT GCG CCG GAC GAA TTC CGT GAC CCG CTC ATG GAC ACC CTG ATG ACC GAC CCG GTT CGT CTG CCG TCT GGC ACC ATT ATG GAC CGT TCC ATC ATC CTG CGT CAC CTG CTG AAC TGG CCG CAG GAC CCG TTC AAC CGT CAG ACT CTC ACC GAA TCT ATG CTG GAG CCG GTT CCA GAA CTG AAA GAA CAG ATC CAG GCG TGG ATG CGT,1.0780602007278408
GAT GCG CCG GAC GAA TTT CGT GAC CCG CTG ATG GAC ACC CTG ATG ACC GAC CCG GTT CGT CTG CCG ATT GGC ACC ATC ATG GAC CGT TCT ATC ATC CTG CGT CAC CTG CTG AAC TCT CCG ACT GAT CCG TTC AAC CGT CAG ACC CTC ACC GAA TCT ATG CTG GAG CCG GTT CCA GAA CTG AAA GAA CAG ATC CAG GCG TGG ATG CGT,-1.0190366397877284
GAC GCG CCA GAC GAA TTC CGT GAC CCG CTG ATG GAC ACC CTG ATG ACC GAC CCG GTG TGG CTG CCG TCT GGT ACT ATT ATG GAC CGT TCT ATC ATC CTG CGT CAC CTC CTG AAC TCT CCG ACC GAT CCG TTC AAC CGT CAG ACC CTG ACC GAA TCT ATG CTG ATC CCG GTG CCG GAG CTG AAA GAA CAG ATC CAG GCG TGG ATG CGT,1.1635223771897598
GAC GCT CCA GAT GAA TTC CGT GAC CCG CTG ATG GAC ACC CTG ATG ACC GAT CCG GTG CGC CTG CCG TCT GGC ACC ATC ATG GAT CGT TCT ATC ATC CTG CGC TTT CTC CTG AAC TCT CCG ACC GAC CCA TTT AAT CGT CAG ACC CTG ACC GAA TCT ATG CTG GAA CCG GTG CCG GAA CTG AAA GAA CAG ATC CAG GCG TGG ATG CGT,2.185926669372129
GAT GCT CCG GAT GAA TTC CGT GAC CCG CTG ATG GAC ACC CTG ATG ACC CTG CCG GTT CGT CTG CCG TCT GGT ACT ATC ATG GAC CGT TCT ATC ATC CTG CGT CAC CTG CTG AAC TCT CCG ACC GAC CCG TTC AAT CGT CAG ACT CTG ACC GAA TCT ATG CTG GAG CCG GTG CCG GAA CTC GAC GAA CAG ATC CAG GCG TGG ATG CGT,-0.2854719282053384
GAT GCG CCG GAT GAA TTC CGT GAC CCG CTG ATG GAC ACC CTG ATG ACC GAT CCG GTT CGT CTC CCG TCT GGC ACC ATC ATG GAC CAG TCT ATC ATC CTG CGT CAC CTG CTG AAC TCT CCG ACC GAC CCG TTC AAC CGT CAG ACT CTG ACC GAA TCT ATG CTG GAA CCG GTG CCG GAG CTG TGG GAA CAG ATC CAG GCT TGG ATG CGT,0.5852906312633892
GAC GCG CCA GAT GAA TTC CGT GAC CCG CTG ATG GAC ACT CTG ATG ACC ACT CCG GTT CGT CTG CCG TCT GGC ACC ATC ATG GAC CGC TCT ATC ATC CTG CGT CAC CTG CTG AAC TCT CCG ACC GAC CCG TTC AAC CGC CAG ACC CTG ACC GAA TCT ATG CTG GAA CCG GTG CCG GAG CTG GCG GAA CAG ATC CAG GCG TGG ATG CGT,0.4106101803223081
GAT GCG CCG GAC GAA TTC CGT GCG CCG CTG ATG GAC ACC CTG ATG ACC GAC CCG GTT CGT CTG CCG TCT GGC ACC ATC ATG GAA CGC TCT ATC ATC CTG CGT CAC CTG CTG AAC TCT CCG ACC GAT CCG TTC AAC CGT CAG ACC CTG ACC GAA TCT ATG CTG GAG CCG GTT CCG GAG CTG AAA GAA CAG ATC CAG GCG TGG ATG CGT,-2.837746783051315
GAC GCT CCA GAT GAA TTC CGT CAC CCG CTG ATG GAC ACC CTG ATG ACC GAC CCG GTT CGT CTG CCG TCT GGT ACT ATC ATG TCT CGT TCT ATC ATC CTG CGT CAC CTG CTG AAC TCT CCG ACC GAT CCG TTC AAC CGT CAG ACC CTG ACC GAA TCT ATG CTG GAG CCG GTT CCG GAG CTG AAA GAA CAG ATC CAG GCG TGG ATG CGT,-1.13698711712079
GAC GCT CCG GAC GAA TTC CGT GAC CCG CTG ATG GAC ACC CTG ATG ACC GAC CCG GTT CGT CTG CCG TCT GGC ACC ATC ATG GAC CGT TCT ATC ATC CTG CGT CAC CTG CTG AAC TCT CCG TGG GAC CCG TTC AAC CGT CAG ACC CTG ACC GAA TCT ATG CTG GAA CCG GTG CCG GAA CTG AAA GAA CAG ATC CAG GCT TGG ATG CGC,2.868783213331387
GAT GCG CCG GAT GAA TTC CGT GAC CCG CTG ATG GAC ACC CTG ATG ACT GAC CCG GTT CGT CTG CCA TTC GGT ACC ATC ATG GAC CGT TCT ATC ATC CTG CGT CAC CTG CTG AAC TCT CCG ACC GAC CCA TTC TGG CGT CAG ACC CTG ACC GAA TCT ATG CTG GAA CCA GTT CCG GAG CTC AAA GAA CAG ATC CAG GCG TGG ATG CGT,0.5701621431380228
GAT GCG CCG GAC GAA TTC CGT GAC CCG CTG ATG GAC ACC CTG ATG ACT GAC CCG GTT CGC CTG ATG TCT GGC ACC ATC ATG GAC CGT TCT ATC ATC CTG CGT CAC CTG CTG AAC TCT CCG ACC GAC CCG TTC AAC CGT CAG ACC CTG ACC GAA TCT ATG CTG GAA CCG GTG CCG GAA CTG AAG GAG CAG ATC CAG GCT TGG ATG CGT,-0.2701502412677079
GAC GCG CCA GAC GAA TTC CGT GAC CCG CTG ATG GAC ACC CTG ATG ACC GAT CCG GTT GAA CTG CCG TCT GGT ACT ATC ATG GAC CGT TCT ATC ATC CTG CGT CAC CTG CTG AAC TCT CCG ACC GAC CCG TTC AAT CGT CAG ACC CTG ACC GAA TCT ATG CTG CGT CCG GTT CCG GAG CTG AAA GAA CAG ATC CAG GCG TGG ATG CGT,1.2072963220283026
GAC GCT CCG GAC GAA TTC CGT GAC CCG CTG ATG GAC ACC CTG ATG ACC GAC CCG GTT CGT CTG CCG CAC GGT ACC ATC ATG GAC CGT TCT ATC ATC CTG CGT CAC CTG CTG AAC TCT CCG ACC AAC CCG TTC AAC CGC CAG ACC CTG ACC GAA TCT ATG CTG GAA CCA GTT CCA GAA CTG AAA GAA CAG ATC CAG GCG TGG ATG CGT,0.003746060685569
GAC GCT CCG GAC GAA TTC CGT GAC CCG CTG ATG GAC ACC CTG ATG ACT GAC CCG GTT CGT CTG CCG TCT GGC ACC ATC ATG GAC CCG TCT ATC ATC CTG CGT CAC CTG CTG AAC TCT CCG ACC GAC CCG TTC AAC CGT CAA ACT CTG ACC GAG TCT ATG CTC GAA CCA GTG CCG GAA CTC AAA GAA CAG ATC CAG GCG TGG ATG CGT,-1.638503533964749
GAT GCG CCA GAC GAG TTC CGC GAC CCG CTG ATG GAC ACC CTG ATG ACT GGT CCA GTT CGT CTG CCG TCT GGT ACT ATT ATG GAC CGT TCT ATC ATC CTG CGT CAC CTG CTG AAC TCT CCG ACC GAT CCG TTC AAT CGT CAG ACC CTG ACC GAA TCT ATG CTG GAA CCA GTG CCG GAG CTG CGT GAA CAG ATC CAG GCG TGG ATG CGT,-0.7449271381463669
GAC GCT CCG GAC GAA TTT CGT GAC CCG CTC ATG GAC CGT CTG ATG ACC GAC CCG GTT CGT CTG CCG TCT GGT ACT ATC ATG AAC CGT TCT ATC ATC CTG CGT CAC CTG CTG AAC TCT CCG ACT GAC CCG TTC AAC CGT CAG ACC CTG ACC GAA TCT ATG CTG GAA CCG GTG CCG GAA CTC AAA GAA CAG ATC CAG GCG TGG ATG CGT,-3.122805742263351
GAC GCG CCA GAC GAA TTC CGT GAC CCG CTG ATG GAC ACC CTG ATG ACC ATC CCG GTT CGT CTC CCA TCC GGT ACC ATC ATG GAC CAC TCT ATC ATC CTC CGT CAC CTG CTG AAC TCT CCA ACC GAC CCG TTC AAT CGT CAG ACC CTG ACC GAA TCT ATG CTG GAA CCG GTG CCG GAA CTG AAA GAG CAG ATC CAG GCG TGG ATG CGT,-0.2643840750782275
GAT GCG CCG GAC GAA TTC CGT GAC CCG CTG ATG GAC ACC CTG ATG ACT GAC CCG GTT CGT CTG CCG TCT GGC ACC ATC ATG GAC CGT TCT ATC ATC CTG CGT CAC CTG CTG AAC TCT CCG ACC GAC CCG TTC AAC CGT CAG ACC CTG ACC GAA TCT ATG CTG GAA CCG GTG CCG GAA CTG AAC GAA CAG ATC CAG GCT TGG ATG CGT,0.7223620703043583
GAC GCT CCG GAC GAA TTC CGT GAC CCG CTG ATG GAC ACC CTG ATG ACC GAC CCG GTT CGT CTG CCA GTT GGC ACC ATC ATG GAC CGT TCT ATC ATC CTG CGT CAC CTG CTG AAC TCT CCA ACC GGT CCG TTC AAC CGC CAG ACC CTG ACC GAA TCT ATG CTG GAA CCG GTG CCG GAA CTG AAA GAA CAG ATC CAG GCT TGG ATG CGT,-0.742337493541669
GAT GCG CCG GAC GAA TTT CGT GAC CCG CTG ATG GAT ACT CTG ATG ACC GAT CCA GTT CGT CTG CCG TCC GGT ACC ATC ATG GAC CGT TCT ATC CCG CTG CGT CAC CTG CTG AAC TCT CCG ACC GAC CCG TTT AAC CGC CAG ACC CTG ACC GAA TCT ATG CTG GAG CCG GTT CCA GAG CTC AAA GAA CAG ATC CAG GCG TGG ATG CGT,-2.5915783440294824
GAT GCG CCG GAC GGT TTC CGT GAC CCG CTG ATG GAC ACC CTG ATG ACC GAC CCG GTT CGT CTG CCG TCT GGT ACT ATC ATG GAC CGT TCT ATC ATC CTG CGT CAC CTG CTG AAC TCT CCG ACC GAT CCA TTC AAC CGT CAA ACC CTG ACC GAA TCT ATG CTG GAG CCG GTG CCG GAA CTG AAA GAA CAG ATC CAG GCG TGG ATG CGT,1.8638300478946408
GAT GCG CCG GAC GAG TTC CGT GAC CCG CTG ATG GAC AAA CTG ATG ACT GAC CCG GTT CGT CTG CCG TCT GGC ACC ATT ATG CGT CGT TCT ATC ATC CTG CGT CAC CTG CTG AAC TCT CCG ACC GAC CCG TTC AAC CGT CAG ACC CTG ACC GAA TCT ATG CTG GAG CCA GTT CCA GAA CTG AAA GAA CAG ATC CAG GCG TGG ATG CGT,-1.2450409253376975
GAC GCT CCG GAC GAG TTC CGT GAC CCG CTG ATG GAC TCC CTG ATG ACC GAT CCA GTT CGT CTG CCG TCC GGT ACC ATC ATG GTT CGT TCT ATC ATC CTG CGT CAT CTG CTC AAT TCT CCA ACC GAC CCG TTC AAC CGT CAG ACC CTG ACC GAA TCT ATG CTG GAA CCG GTG CCG GAA CTG AAG GAA CAG ATC CAG GCT TGG ATG CGT,-0.0067199391164863
GAT GCG CCG GAC GAA TTC CGT GAC CCG CTG ATG GAC ACC CTG ATG ACC ATG CCG GTT CGT CTG CCG TCT GGC ACC ATT ATG GAC TAC TCT ATC ATC CTG CGT CAC CTG CTG AAC TCT CCG ACC GAC CCG TTT AAC CGT CAG ACC CTG ACT GAA TCT ATG CTG GAG CCA GTG CCG GAG CTG AAA GAA CAG ATC CAG GCG TGG ATG CGT,0.7898023866197167
GAC GCT CCG GAC GAA TTC CGT GAC CCG CTG ATG GAC ACC CTG ATG ACC TAC CCG GTT CGT CTG CCG TCT GGC ACT ATC ATG GAC AAA TCT ATC ATC CTG CGT CAC CTC CTG AAC TCT CCA ACC GAC CCA TTC AAC CGT CAG ACC CTG ACC GAA TCT ATG CTG GAA CCA GTT CCA GAA CTG AAA GAA CAG ATC CAG GCG TGG ATG CGT,0.3747194521918529
GAT GCG CCG GAC GAA TTC CGC GAC CCG CTG ATG GAC ATT CTC ATG ACC GAC CCG GTT CGT CTC CCG TCT GGC ACT ATC ATG TAC CGT TCT ATC ATC CTG CGT CAC CTG CTG AAC TCT CCA ACC GAT CCG TTC AAC CGT CAG ACC CTG ACC GAA TCT ATG CTG GAA CCG GTG CCG GAA CTG AAA GAA CAG ATC CAG GCG TGG ATG CGT,0.6624852272405177
GAT GCT CCA GAC GAA TTC CGT GAC CCG CTG ATG GAC ACC CTG ATG ACC GAT CCA GTT CGT GCG CCG TCT GGC ACC ATC ATG GAC CGT TCT ATC ATC CTG CGT CAC CTG CTG AAC TCT CCG ACC GAC CCG TTC AAC CGT CAG ACC CTG ACC GAA TCT ATG CTG GAA CCG GTG CCG GAA CTG AAA GAA CAG ATC CAG GCT TGG ATG CGT,-3.36861149602911
GAC GCT CCG GAT GAA TTC CGT GAC CCG CTG ATG GAC ACC CTG ATG ACC GAC CCG GTT CGT CTG CCA GAC GGT ACC ATC ATG GAC CGT TCT ATC ATC CTG CGT CAC CTG CTG AAC TCT CCG ACC ATC CCG TTC AAC CGC CAG ACC CTG ACC GAA TCT ATG CTC GAA CCA GTG CCA GAA CTG AAA GAA CAG ATC CAG GCG TGG ATG CGT,0.0723928680507582
GAT GCG CCG GAC GAA TTT CGT GAC CCG CTG ATG GAC ACC CTG ATG ACC GAC CCA GTT CGC CTG CCG TCC GGT ACC ATC ATG GAC CGT TCT ATC ATC CTG CGT CAC CTG CTG AAC TCT TTC ACT GAC CCG TTC AAC CGT CAG ACC CTG ACC GAA TCT ATG CTG GAA CCG GTG CCG GAA CTG AAA GAA CAG ATC CAG GCG TGG ATG CGT,1.749391068833133
GAC GCG CCA GAT GAA TTC CGT TAC CCG CTG ATG GAC ACC CTG ATG ACC GAT CCG GTT CGT CTG CCG TCT GGC ACC ATC ATG GTT CGT TCT ATC ATC CTG CGT CAC CTG CTG AAC TCT CCG ACC GAC CCG TTC AAC CGT CAG ACC CTG ACC GAA TCT ATG CTG GAA CCA GTT CCA GAA CTC AAA GAA CAG ATC CAG GCG TGG ATG CGT,0.3104758033275386
GAC GCT CCG GAC GAG TTC CGT GAC CCG CTC ATG GAC GAT CTG ATG ACT GAC CCA GTT CGT CTG CCA TCT GGC ACC ATC ATG CAC CGT TCT ATC ATC CTG CGT CAC CTG CTG AAC TCT CCG ACC GAC CCA TTC AAC CGT CAG ACC CTG ACC GAA TCT ATG CTG GAA CCG GTG CCG GAA CTG AAA GAG CAG ATC CAG GCG TGG ATG CGT,-3.199623897625452
GAT GCG CCG GAC GAG TTC CGT GAC CCG CTG ATG GAC CAC CTG ATG ACT GAC CCG GTT CGT CTG CCG TCT GGT ACT ATC ATG GAC CGT TCT ATC ATC CTG CGT CAC CTG CTG AAC TCT CCG ACC GAC CCG TTC AAT CGC CAG ACC CTG ACC GAA TCT ATG CTG GAA CCA GTT CCG GAG CTG AAA GAA CAG ATC CAG GCG TGG ATG CGT,1.1000902033164492
GAT GCT CCG GAC GAA TTC CGT GAC CCA CTC ATG GAT ACT CTG ATG ACC ACT CCG GTT CGT CTG CCG TCT GGT ACT ATC ATG GAC AAC TCT ATC ATC CTG CGT CAC CTG CTG AAC TCT CCG ACC GAC CCG TTC AAC CGT CAG ACC CTG ACC GAA TCT ATG CTG GAG CCA GTG CCG GAA CTG AAA GAA CAG ATC CAG GCG TGG ATG CGT,-0.943602046661047
GAC GCT CCG GAC GAA TTT CGC GAC CCA CTG ATG GAC ATT CTC ATG ACC GAT CCG GTT CGT CTG CCG TCC GGT ACC ATC ATG GAC CGT TCT ATC ATC CTG CGT CAC CTG CTG AAC TCT CCA ACC GAC CCG TTC AAC CGT CAG ACC CTG ACC GAA TCT ATG CTG GAA CCA GTG CCG GAG CTC AAA GAA CAG ATC CAG GCT TGG ATG CGT,2.174736956449297
GAC GCG CCA GAT GAA TTC CGT GAC CCG CTG ATG GAC ACC CTG ATG ACC TCT CCG GTT CGT CTC CCG TCC GGT ACC ATT ATG GAC CGT TCT ATC ATC CTG CGT CAC CTG CTG AAC TCT CCG ACC GAC CCG TTC AAC CGC CAG ACC CTC ACC GAA TCT ATG CTG GAG CCG GTG CCG GAA CTG CGT GAA CAG ATT CAA GCG TGG ATG CGT,0.3484107727447437
GAC GCT CCG GAC GAG TTC CGT GAC CCA CTG ATG GAC ACC CTG ATG ACT CCG CCA GTT CGT CTG CCG TCC GGT ACT ATT ATG GAC AAC TCT ATC ATC CTG CGT CAC CTG CTG AAC TCT CCG ACC GAC CCA TTC AAC CGT CAG ACC CTG ACC GAA TCT ATG CTG GAA CCG GTG CCG GAG CTG AAA GAA CAG ATC CAG GCG TGG ATG CGC,-6.055374049949323
GAT GCG CCG GAT GAA TTC CGT GAC CCG CTG ATG GAC ACC CTG ATG ACC ACT CCG GTT CGT CTG CCG TCT GGC ACC ATC ATG GAC CGT TCT ATC ATC CTG CGT CAC CTG CTG AAC TCT CCG ACC GAC CCG TTC AAC CGT CAG ACC CTG ACC GAA TCT ATG CTG GAG CCG GTT CCA GAA CTG GAC GAA CAG ATC CAG GCG TGG ATG CGT,-0.2234364485376655
GAC GCT CCA GAC GAA TTC CGT GAC CCG CTG ATG GAC ACC CTG ATG ACT GAC CCA GTG CTG CTG CCG TCC GGT ACC ATC ATG GAC CGT TCT ATC ATC CTG CGT CAC CTG CTG AAC TCT CCG ACC GAC CCG TTC AAC CGT CAG ACC CTG ACC GAA TCT ATG CTG GGT CCG GTG CCG GAG CTG AAA GAA CAG ATC CAG GCG TGG ATG CGT,-0.2570477651621689
GAC GCT CCG GAC GAG TTC CGT GAC CCG CTG ATG GAC ACC CTG ATG ACC GAC CCG GTT CGT CTG CCG TCT GGT ACT ATC ATG GAC CGT TCT ATC ATC CTG CGT CAC CTG CTG AAC CAG CCG TTC GAC CCG TTC AAC CGT CAA ACC CTG ACC GAA TCT ATG CTG GAA CCA GTG CCG GAA CTG AAA GAA CAG ATC CAG GCG TGG ATG CGT,1.9294908996034112
GAC GCG CCA GAC GAA TTC CGT GAC CCG GTG ATG GAC ACC CTG ATG ACC GAT CCG GTG CGT CTG CCG TCC GGC ACC ATC ATG GAC CGT TCT ATC ATC CTG CGT CAC CTG CTG AAC TCT CCG ACC GAC CCG TTC AAC CGT CAA ACC CTG ACC GAA TCT ATG CTG GAA CCA GTT CCG GAG CTG AAA GAA CAG ATC CAG GCG TGG ATG CGT,1.6300597539106845
GAC GCT CCG GAT GAA TTC CGT GAC CCG CTG ATG GAC ACC CTG ATG ACC CTG CCA GTT CGT CTC CCG TCC GGT ACC ATC ATG GAC GGT TCT ATC ATC CTG CGT CAC CTG CTG AAC TCT CCG ACC GAC CCA TTC AAC CGC CAG ACC CTG ACC GAA TCT ATG CTG GAG CCG GTG CCA GAG CTG AAA GAA CAG ATC CAA GCG TGG ATG CGT,-0.1155108726276544
GAT GCG CCG GAC GAA TTC CGT GAC CCG CTG ATG GAC ACC CTG ATG ACC GAC CCA GTT CGT CTG CCG TCC GGT ACC ATC ATG GAC CGT TCT ATC ATC CTG CGT CAC CTC CTG AAC TCT CCG ACC GAT CCG TTT AAC CGT CAG ACC CTG ACT GAA CCA ATG CTG GAA CCA GTT CCA GAG CTG AAG GAA CAG ATC CAG GCG TGG ATG CGT,1.2985498510413611
GAT GCG CCG GAC GAA TTC CGT GAC CCG CTG ATG GAC ACC CTG ATG ACC GAC CCG GTT CGT CTG CCG CTG GGT ACC ATC ATG GAC CGT TCT ATC ATC CTG CGT CAC CTG CTG AAC TCT CCG ACC AAA CCG TTC AAC CGT CAG ACC CTG ACC GAA TCT ATG CTG GAA CCG GTG CCG GAA CTG AAA GAA CAG ATC CAG GCG TGG ATG CGT,-2.38062342697617
GAT GCG CCG GAC GAG TTC CGT GAC CCG CTG ATG GAC ACC CTG ATG ACC GAC CCG GTT CGT CTG CCG TCT GGT ACT ATC ATG GAT CGT GAC ATC ATC CTG CGT CAC CTG CTG AAC TCT CCG ACT GAC CCG TTC AAC CGT CAA ACC CTG ACC GAA TCC ATG CTG GAG CCG GTG CCG GAA CTG AAA GAA CAG ATC CAG GCG TGG ATG CGT,2.0142054420368
GAT GCG CCG GAC GAA TTC CGT GAC CCG CTG ATG GAC ACC CTG ATG ACC GAC CCG GTT CGT CTG CCG TGC GGT ACC ATC ATG GAC CGT TCT ATC ATC CTG CGT CAC CTG CTG AAC TCT CCG ACT TCT CCG TTC AAC CGT CAG ACC CTG ACC GAA TCT ATG CTG GAA CCA GTT CCG GAG CTG AAA GAA CAG ATC CAG GCG TGG ATG CGC,1.1844128962945053
GAC GCG CCA AAA GAG TTT CGT GAC CCG CTG ATG GAC ACC CTG ATG ACT GAC CCA GTT CGC CTG CCG TCT GGT ACT ATC ATG GAC CGC TCC ATC ATC CTC CGC CAT CTG CTG AAC TCT CCG ACC GAC CCA TTC AAC CGT CAG ACC CTG ACC GAA TCT ATG CTG GAA CCG GTG CCG GAA CTG AAA GAA CAG ATC CAG GCG TGG ATG CGT,3.404755395882872
GAT GCG CCG GAC GAA TTC CGT GAC CCG CTG ATG GAC ACC CTG ATG ACC GAC CCG GTT CGT CTG CCG TCT GGT ACT ATC ATG GAC CGT TCT ATC ATC CTG CGT CAC CTG CTG AAC TCT CCG ACT GAC CCG TGC AAC CGT CAG ACC CTG ACC GAA TCT ATG CTG GAG CCG GTT CCG GAG CTG AAA GAA CAG ATC CAG GCG TGG ATG CGT,0.7219332079501134
GAC GCT CCG GAC GAA TTC CGT GAC CCG CTG ATG GAC CAC CTG ATG ACC GAT CCG GTT CGC CTG CCG TCT GGT ACT ATT ATG CAC CGT TCT ATC ATC CTG CGT CAC CTG CTG AAC TCT CCG ACC GAC CCG TTC AAC CGT CAG ACC CTG ACC GAA TCT ATG CTG GAA CCG GTG CCG GAG CTG AAA GAA CAG ATC CAG GCG TGG ATG CGT,-3.2932748557817098
GAT GCG CCG GAC GAG TTC CGT GAC CCG CTG ATG GAC ACC CTG ATG ACC GAC CCG GTT CGT CTG CCG CAC GGT ACC ATC ATG GAC CGT TCT ATC ATC CTG CGT CAC CTG CTG AAC TCT CCG ACC CTG CCG TTT AAT CGT CAA ACT CTC ACC GAA TCT ATG CTG GAG CCA GTT CCA GAA CTG AAA GAA CAG ATC CAG GCG TGG ATG CGT,-0.34039870834162
GAT GCG CCG GAC GAA TTC CGT GAC CCG CTG ATG GAC ACC CTG ATG ACT GAC CCG GTT TTC CTG CCG TCT GGT ACT ATC ATG GAC CGT TCT ATC ATC CTG CGT CAC CTG CTG AAC TCT CCG ACC GAC CCG TTC AAC CGT CAG ACC CTG ACC GAA TCT ATG CTC GCG CCA GTG CCG GAG CTG AAA GAA CAG ATC CAG GCG TGG ATG CGT,-0.2239491117198316
GAC GCT CCG GAC GAA TTC CGT ATG CCG CTG ATG GAC ACC CTG ATG ACC GAT CCA GTT CGT CTG CCG TCT GGT ACT ATC ATG TGG CGT TCT ATC ATC CTG CGT CAC CTG CTG AAC TCT CCG ACC GAC CCG TTC AAT CGT CAG ACC CTG ACC GAA TCT ATG CTG GAG CCG GTT CCA GAG CTC AAA GAA CAG ATC CAA GCG TGG ATG CGT,0.9925198760167988
GAT GCG CCG GAC GAG TTC CAC GAC CCG CTG ATG GAC ACC CTG ATG ACC GAT CCG GTT CGT CTG CCG TCT GGT ACT ATC ATG GAC CGT TCT ATC ATC CTG CGC CAC CTG CTC AAC TCT CCG ACC GAC CCG TTT AAC CGT CAG ACC CTG ACC GAA TCT ATG CTG GAA CCG GTG CCG GAA CTG AAA GAA CAG ATC CAG GCG TGG ATG CGT,1.0677034058311246
GAC GCT CCG GAC GAA TTC CGT GAC CCG CTG ATG GAC ACC CTG ATG ACC GAC CCA GTT AAA CTG CCG TCT GGC ACC ATC ATG GAC CGT TCT ATC ATC CTG CGT CAC CTG CTG AAC TCT CCA ACT GAC CCG TTC AAC CGT CAG ACC CTG ACC GAA TCC ATG CTC CAG CCG GTT CCA GAA CTG AAA GAA CAG ATC CAG GCG TGG ATG CGT,1.68862548261527
GAC GCT CCG GAC GAA TTC CGT GAC CCG CTG ATG GAC ACC CTG ATG ACT GAC CCG GTT CGT CTG CCA TAC GGT ACC ATC ATG GAC CGT TCT ATC ATC CTG CGT CAC CTG CTG AAC TCT CCG ACC GAC CCG TTC AAC CGT CAG ACC CTG ACC GAA TCT ATG CTG GAG CCG GTT CCA GAG CTG AAA GAA CAG ATC CAG GCG TGG ATG CGT,0.0215934674411779
GAC GCT CCA GAT GAA TTC CGT GAC CCG CTG ATG GAC ACC CTG ATG ACC GAT CCG GTT CGC CTG CCG TCT GGC ACC ATC ATG GAT GAA TCC ATC ATC CTG CGT CAC CTG CTG AAC TCT CCG ACC GAC CCG TTC AAC CGT CAG ACC CTG ACC GAG TCT ATG CTG GAA CCG GTG CCG GAA CTG CAC GAA CAG ATC CAG GCG TGG ATG CGT,-3.1581627338954448
GAC GCT CCG GAC GAA TTC CGT GAC CCG CTG ATG GAT ACT CTC ATG ACC GAC CCG GTT CGT CTG CCG TCT GGT ACT ATC ATG GAC CGT TCT ATC ATC CTG CGT CAC CTG CTG AAT GTT CCA CAG GAC CCG TTC AAC CGT CAG ACC CTG ACC GAA TCT ATG CTG GAA CCA GTG CCG GAA CTG AAA GAA CAG ATC CAG GCG TGG ATG CGT,1.2271002810756015
GAC GCG CCA GAC GAA TTC CGT GAC CCG CTG ATG GAT ACT CTG ATG ACC GTT CCG GTG CGT CTG CCA TCT GGT ACT ATC ATG GAC CAC TCT ATC ATC CTG CGT CAC CTG CTG AAC TCT CCG ACT GAC CCG TTC AAC CGT CAG ACC CTG ACC GAA TCT ATG CTG GAA CCA GTT CCG GAG CTG AAA GAA CAG ATC CAG GCG TGG ATG CGT,-0.0224156315972389
GAC GCG CCA GAT GAA TTC CGT GAC CCG CTG ATG GAC ACC CTG ATG ACC GAC CCG GTT CGT CTG CCG TCT GGT ACT ATC ATG GAC ATC TCT ATC ATC CTG CGT CAC CTG CTG AAC TCT CCG ACT GAC CCG TTC AAC CGC CAG ACC CTG ACC GAA TCT ATG CTG GAG CCG GTT CCA GAA CTC ATG GAA CAG ATC CAG GCG TGG ATG CGT,1.3485571809200694
GAC GCT CCG GAC GAA TTC CGT CGC CCG CTG ATG GAC ACC CTG ATG ACT GAC CCG GTT CGT CTG CCG TCT GGC ACC ATC ATG GCG CGT TCT ATC ATC CTG CGT CAC CTG CTG AAC TCT CCG ACC GAC CCG TTC AAC CGT CAG ACC CTG ACC GAA TCT ATG CTG GAA CCG GTG CCG GAA CTG AAA GAA CAG ATT CAA GCG TGG ATG CGT,-0.3694504927830511
GAC GCT CCG GAC GAA TTC CGT GAC CCG CTG ATG GAT ACT CTG ATG ACC GAC CCG GTT CGT CTG CCA CCG GGT ACC ATC ATG GAC CGT TCT ATC ATC CTG CGT CAC CTG CTG AAC TCT CCG ACC ACT CCA TTC AAC CGC CAG ACC CTG ACC GAA TCT ATG CTG GAA CCA GTG CCG GAG CTG AAA GAA CAG ATC CAG GCG TGG ATG CGT,-2.8334964807551346
GAC GCT CCG GAC GAA TTC CGT GAC CCG CTG ATG GAC ACT CTG ATG ACC GAT CCG GTT CGT CTG CCG TCT GGC ACC ATC ATG GAC CGT TCT ATC ATC CTG CGT CAC CTG CTG AAC TCT CCG ACC GAC CCG TTC TGC CGC CAG ACC CTG ACC GAA TCT ATG CTG GAA CCA GTG CCG GAA CTG AAA GAA CAG ATC CAG GCG TGG ATG CGT,1.2507634013244655
GAC GCT CCG GAC GAA TTC CGT GAC CCG CTG ATG GAT ACT CTG ATG ACC GAC CCG GTT CGT CTG CCG TCT GGT ACT ATC ATG GAC CGT TCT ATC ATC CTG CGT CAC CTG CTG AAC ACT CCG CAC GAC CCG TTC AAC CGT CAA ACT CTG ACC GAA TCT ATG CTG GAG CCG GTG CCA GAA CTG AAA GAA CAG ATC CAG GCG TGG ATG CGT,1.3974203427236285
GAT GCG CCA GAT GAA TTC CGT GAC CCG CTG ATG GAC ACC CTG ATG ACT GAC CCA GTT GTT CTG CCG TCT GGC ACC ATT ATG GAC CGT TCT ATC ATC CTG CGC CAC CTG CTG AAC TCT CCG ACC GAT CCG TTC AAC CGT CAG ACC CTG ACC GAA TCT ATG CTG CAC CCA GTG CCG GAA CTG AAA GAA CAG ATC CAG GCG TGG ATG CGT,0.4610760349157804
GAC GCT CCG GAC GAA TTC CGT GAC CCG CTG ATG GAC ACC CTG ATG ACC GAC CCG GTT CGT CTG CCG AAA GGT ACC ATC ATG GAC CGT TCT ATC ATC CTG CGT CAC CTG CTG AAC TCT CCG ACC TAC CCG TTC AAC CGC CAG ACC CTG ACC GAA TCT ATG CTG GAA CCG GTG CCA GAA CTG AAA GAA CAG ATC CAG GCG TGG ATG CGT,-0.3578609711979701
GAT GCT CCA GAC GAA TTC CGT GAC CCG CTG ATG GAC ACC CTG ATG ACC AAC CCG GTT CGT CTC CCG TCT GGC ACC ATC ATG GAC CCG TCT ATC ATC CTG CGT CAC CTG CTG AAC TCT CCG ACC GAC CCA TTT AAC CGT CAG ACC CTG ACC GAA TCT ATG CTG GAG CCG GTT CCG GAG CTC AAA GAA CAG ATC CAG GCG TGG ATG CGT,-0.4012525796655264
GAT GCG CCG GAT GAG TTC CGT GAC CCG CTG ATG GAC ACC CTG ATG ACC GAT CCG GTT CGT CTG CCG GAC GGT ACC ATC ATG GAC CGT TCT ATC ATC CTG CGT CAC CTG CTG AAC TCT CCG ACC GAC CCG TTT CAC CGT CAG ACC CTG ACC GAA TCT ATG CTG GAG CCG GTT CCG GAG CTG AAA GAA CAG ATC CAG GCG TGG ATG CGC,0.8521207894627874
GAC GCT CCG GAT GAA TTC CGT GAC CCG CTG ATG GAC ACC CTG ATG ACC CTC CCA GTT CGT CTG CCG TCT GGC ACC ATT ATG GAC TGG TCT ATC ATC CTG CGT CAC CTC CTG AAC TCT CCG ACT GAC CCG TTC AAC CGT CAG ACC CTG ACC GAA TCT ATG CTG GAG CCA GTG CCG GAA CTC AAA GAA CAG ATC CAG GCG TGG ATG CGT,1.29801409211548
GAT GCG CCG GAT GAA TTC CGC GAC CCG CTG ATG GAC ACC CTG ATG ACC ATC CCA GTT CGT CTG CCA TCT GGT ACT ATC ATG GAC CGT TCT ATC ATC CTG CGT CAC CTG CTG AAC TCT CCG ACC GAC CCA TTC AAC CGT CAG ACC CTG ACC GAA TCT ATG CTG GAA CCA GTT CCG GAG CTG CGT GAA CAG ATC CAG GCG TGG ATG CGT,0.3124614899513764
GAC GCT CCG GAT GAA TTC CGT GAC CCG CTG TGG GAC ACC CTG ATG ACC GAC CCG GTT CGT CTG CCG TCT GGC ACC ATC ATG GAC CGT TCT ATC ATC CTC CGT CAT CTC CTC AAC TCT CCG ACT GAT CCG TTC AAC CGC CAG ACC CTG ACC GAA TCT ATG CTG GAA CCG GTG CCG GAA CTG AAA GAA CAG ATC CAG GCG TGG ATG CGC,1.839065536137686
GAT GCG CCG GAC GAA TTC CGT GAC CCG CTG ATG GAT ACC CTG ATG ACC TTT CCG GTT CGT CTG CCG TCT GGC ACC ATC ATG GAC TGG TCT ATC ATC CTG CGT CAC CTG CTC AAC TCT CCG ACC GAC CCG TTT AAC CGT CAG ACC CTG ACC GAA TCT ATG CTG GAA CCA GTG CCG GAA CTC AAG GAA CAG ATC CAG GCG TGG ATG CGC,1.3503400584985863
GAT GCG CCG GAC GAA TTC CGT GAC CCG CTG ATG GAC ACC CTG ATG ACT GAC CCG GTT CGT CTG CCG TCT GGC ACC ATC ATG GAT ACT TCT ATC ATC CTG CGT CAC CTG CTG AAC TCT CCG ACC GAC CCA TTC AAC CGT CAG ACC CTG ACC GAG TCT ATG CTG GAG CCG GTG CCG GAA CTG ACT GAG CAG ATC CAG GCG TGG ATG CGT,-1.1326278316549676
GAC GCT CCG GAC GAA TTC CGT CTG CCA CTG ATG GAC ACC CTG ATG ACC GAC CCG GTT CGC CTG CCG TCC GGT ACC ATC ATG TGC CGT TCT ATC ATC CTG CGC CAC CTG CTG AAC TCT CCA ACC GAT CCG TTC AAC CGT CAG ACC CTG ACC GAA TCT ATG CTG GAA CCG GTG CCG GAA CTG AAA GAG CAG ATC CAG GCG TGG ATG CGT,0.9917895651567356
GAC GCG CCA GAC GAA TTC CGT GAC CCG CTG ATG GAC ACC CTG ATG ACC GAC CCG GTT CGC CTG CCG CAC GGT ACC ATC ATG GAC CGT TCT ATC ATC CTG CGT CAC CTG CTG AAC TCT CCG ACC ATC CCG TTC AAC CGT CAA ACC CTG ACC GAA TCT ATG CTG GAA CCG GTG CCG GAG CTG AAA GAA CAG ATC CAG GCG TGG ATG CGT,-1.394432592086091
GAC GCT CCG GAC GAA TTC CGT GAC CCG CTG ATG GAC ATC CTC ATG ACC GAC CCG GTT CGT CTG CCG TCT GGT ACT ATC ATG CAG CGT TCT ATC ATC CTC CGT CAC CTG CTG AAC TCT CCA ACT GAC CCA TTC AAC CGT CAG ACC CTG ACC GAA TCT ATG CTG GAA CCG GTG CCG GAA CTC AAA GAA CAG ATC CAG GCG TGG ATG CGT,1.104708613771097
GAT GCG CCA GAC GAA TTC CGT GAC CCG CTG ATG GAC ACC CTG ATG ACC GAC CCG GTG CGT CTG CCA TCT GGC ACC ATC ATG GAC CGT TCT ATC ATC CTG CGT CAC CTG CTG AAC GTG CCG CAC GAC CCG TTT AAC CGT CAA ACC CTG ACC GAA TCT ATG CTG GAA CCG GTG CCG GAA CTC AAG GAA CAG ATC CAG GCT TGG ATG CGT,0.7261048731874327
GAC GCT CCA GAT GAA TTC CGT GAC CCG CTG ATG GAC ATC CTC ATG ACT GAC CCG GTT CGT CTG CCG TCT GGT ACT ATT ATG ATC CGT TCT ATC ATC CTG CGT CAC CTG CTG AAC TCT CCA ACC GAT CCA TTC AAC CGT CAA ACC CTG ACC GAA TCT ATG CTG GAA CCA GTG CCA GAA CTG AAA GAA CAG ATC CAG GCT TGG ATG CGT,0.9488794883557736
GAC GCT CCG GAT GAA TTC CGT GAC CCG CTG ATG GAC ACC CTG ATG ACC GAC CCG GTT CGC CTG CCG TCT GGC ACC ATC ATG GAC GTT TCT ATC ATC CTG CGT CAC CTG CTG AAC TCT CCG ACT GAC CCA TTC AAC CGC CAG ACC CTG ACC GAA TCT ATG CTG GAG CCG GTT CCA GAA CTC TTC GAA CAG ATC CAG GCG TGG ATG CGT,1.165618484193276
GAT GCT CCG GAT GAA TTC CGT GAC CCG CTG ATG GAC ACC CTG ATG ACC TTC CCG GTT CGT CTC CCG TCT GGC ACC ATT ATG GAC CCG TCT ATC ATC CTG CGT CAC CTG CTG AAC TCT CCG ACC GAC CCG TTC AAC CGT CAG ACC CTG ACC GAA TCT ATG CTG GAA CCG GTG CCG GAG CTG AAA GAA CAG ATC CAG GCT TGG ATG CGT,0.12718820954179
GAC GCT CCG GAC GAA TTC CGT GAC CCG CTG ATG GAC ACC CTG ATG ACC GAC CCG GTT CGT CTG CCG TCT GGC ACC ATC ATG GAC CGT TCT ATC ATC CTG CGT CAC CTG CTG AAC TGG CCG ATG GAC CCG TTC AAC CGT CAA ACT CTG ACC GAA TCT ATG CTG GAA CCA GTT CCA GAA CTG AAA GAA CAG ATC CAG GCT TGG ATG CGT,1.39037211011015
GAC GCT CCG GAT GAA TTC CGT GAC CCG CTG ATG GAC ACC CTG ATG ACT GAC CCG GTT CGT CTG CCG TCT GGC ACC ATC ATG GAC CGT TCT ATC AAC CTG CGT CAC CTG CTG AAC TCT CCG ACC GAC CCG TTC AAC CGT CAA ACC CTG ACC GAA TCT ATG CTG GAG CCA GTT CCA GAA CTC AAA GAA CAG ATC CAG GCG TGG ATG CGT,-3.765767497223921
GAC GCT CCG GAC GAA TTC CGT GAC CCG CTG ATG GAC CAG CTG ATG ACC GAT CCG GTT CGT CTG CCG TCT GGT ACT ATC ATG CTG CGT TCT ATT ATC CTG CGT CAC CTG CTG AAC TCT CCG ACC GAC CCG TTT AAT CGT CAG ACC CTG ACT GAA TCT ATG CTG GAA CCG GTG CCG GAA CTG AAA GAA CAG ATC CAG GCT TGG ATG CGC,0.4807107024057947
GAT GCG CCG GAC GAA TTT CGT GAC CCA CTG ATG GAC ACC CTG ATG ACC GAC CCG GTT CGT CTG CCG TCT GGC ACC ATC ATG GAC CGT TCT ATC ATC CTG CGT CAC CTC CTG AAC GAC CCG CTC GAC CCA TTC AAC CGC CAG ACC CTG ACC GAA TCT ATG CTG GAA CCG GTG CCG GAA CTG AAA GAA CAG ATC CAG GCG TGG ATG CGT,1.3282878224405463
GAT GCG CCG GAC GAA TTT CGT GAC CCG CTG ATG GAC ACC CTG ATG ACC GAC CCG GTG CGT CTG CCA TCT GGT ACT ATC ATG GAC CGT TCT ATC ATC CTG CGT CAC CTG CTG AAC CAC CCA AAA GAT CCG TTC AAC CGT CAG ACC CTG ACC GAA TCT ATG CTG GAA CCG GTG CCG GAA CTG AAG GAA CAG ATC CAG GCG TGG ATG CGT,0.6503100007483681
GAT GCG CCG GAC GAA TTC CGT GAC CCG CTG ATG GAC ACC CTG ATG ACC TGG CCG GTT CGC CTG CCG TCC GGT ACC ATC ATG GAC TCT TCT ATC ATC CTG CGC CAC CTG CTC AAC TCT CCG ACC GAC CCG TTC AAT CGT CAG ACC CTG ACC GAA TCT ATG CTG GAA CCG GTG CCG GAA CTG AAA GAA CAG ATC CAG GCG TGG ATG CGT,0.1492565758667196
GAT GCG CCG GAT GAA TTC CGT GAC CCG CTG ATG GAC ACC CTG ATG ACC GAC CCG GTT CGT CTG CCG CAC GGT ACC ATC ATG GAC CGT TCT ATC ATC CTG CGT CAC CTG CTG AAC TCT CCG ACT GAC CCG TTC GGT CGT CAG ACC CTG ACC GAA TCT ATG CTG GAA CCG GTG CCG GAA CTG AAA GAA CAG ATC CAG GCG TGG ATG CGT,-0.4032877177235693
GAT GCG CCG GAC GAG TTC CGC GAC CCG CTG ATG GAC ACC CTG ATG ACC GAC CCG GTG CGT CTC CCG ATT GGC ACT ATC ATG GAC CGT TCT ATC ATC CTG CGT CAC CTG CTG AAC TCT CCG ACC CTG CCA TTC AAC CGT CAG ACC CTG ACC GAA TCT ATG CTG GAA CCA GTT CCG GAG CTG AAA GAA CAG ATC CAG GCG TGG ATG CGT,-1.7861213951285642
GAC GCT CCG GAC GAA TTC CGT GAC CCG CTG ATG GAC ACC CTG ATG ACC TAC CCG GTT CGT CTG CCG TCC GGT ACC ATC ATG GAC CGC TCT ATC ATC CTG CGT CAC CTG CTC AAC TCT CCG ACC GAT CCG TTC AAT CGT CAG ACC CTG ACC GAA TCT ATG CTG GAA CCG GTG CCG GAA CTG TTT GAA CAG ATC CAG GCG TGG ATG CGT,1.3092071779637051
GAC GCT CCG GAC GAA TTC CGT GAC CCG CTG ATG GAC ACC CTG ATG ACC GAC CCG GTT CGT CTG CCG TCC GGT ACC ATC ATG GAC CGT TCT ATC ATC CTG CGT CAC CTG CTG AAC CTG CCG TGC GAC CCG TTC AAC CGT CAG ACC CTG ACC GAA TCT ATG CTG GAA CCG GTG CCA GAA CTG AAA GAA CAG ATC CAG GCG TGG ATG CGC,1.4539859609957189
GAT GCG CCG GAC GAA TTC CGT GAC CCG CTG ATG GAC ACC CTG ATG ACC GAC CCG GTT CGT CTG CCG AAC GGT ACC ATC ATG GAC CGT TCT ATC ATC CTG CGT CAC CTG CTG AAC TCT CCG ACC GAA CCG TTC AAC CGC CAG ACC CTG ACC GAA TCT ATG CTG GAA CCA GTT CCG GAG CTG AAA GAA CAG ATC CAG GCG TGG ATG CGT,0.2259334255497302
GAT GCG CCG GAC GAA TTC CGT GAC CCG CTG ATG GAC ACC CTG ATG ACC GAC CCG GTT TTC CTG CCG TCT GGC ACC ATT ATG GAC CGT TCT ATC ATC CTG CGT CAC CTG CTG AAC TCT CCG ACT GAC CCG TTC AAC CGT CAG ACC CTG ACC GAA TCT ATG CTC CAG CCG GTG CCG GAA CTG AAA GAA CAG ATC CAG GCG TGG ATG CGT,0.0765335301822557
GAC GCT CCG GAC GAA TTC CGT GAC CCG CTG ATG GAC ACC CTG ATG ACC GAC CCG GTT CGT CTG CCG TGC GGT ACC ATC ATG GAC CGT TCT ATC ATC CTG CGT CAC CTG CTG AAC TCT CCG ACC CTG CCG TTC AAC CGT CAG ACC CTG ACC GAA TCT ATG CTG GAA CCG GTG CCG GAA CTG AAA GAA CAG ATC CAG GCG TGG ATG CGC,0.7554187842648084
GAT GCG CCG GAC GAA TTC CGT GAC CCG CTG ATG GAC ACC CTG ATG ACT GAC CCA GTT TCT CTG CCG TCT GGT ACT ATC ATG GAC CGT TCC ATC ATC CTG CGT CAC CTG CTG AAC TCT CCG ACC GAC CCG TTC AAC CGT CAA ACC CTG ACT GAA TCT ATG CTG AAA CCG GTG CCG GAA CTG AAA GAA CAG ATC CAG GCG TGG ATG CGT,0.9926687426505884
GAC GCT CCG GAC GAA TTC CGT GAC CCG CTG ATG GAC ACC CTG ATG ACT GAC CCG GTT ATG CTG CCG TCT GGC ACC ATC ATG GAC CGT TCT ATC ATC CTG CGT CAC CTG CTG AAC TCT CCG ACC GAC CCG TTC AAC CGT CAG ACC CTG ACC GAA TCT ATG CTG TGG CCG GTT CCA GAA CTG AAA GAA CAG ATC CAG GCG TGG ATG CGT,1.322284778878162
GAC GCT CCG GAC GAA TTC CGT GAC CCG CTG ATG GAC ACC CTG ATG ACC GAC CCG GTT CGT CTG CCG TCT GGC ACC ATC ATG GAC CGT TCT ATC ATC CTG CGT CAC CTG CTG AAC CGT CCG AAC GAC CCA TTC AAC CGC CAG ACC CTG ACC GAA TCT ATG CTG GAA CCG GTG CCG GAG CTG AAA GAG CAG ATC CAG GCG TGG ATG CGC,0.583461972109095
GAT GCG CCG GAT GAA TTC CGT GAC CCG CTG ATG GAC ACC CTG ATG ACC GAC CCG GTT CGT CTG CCG GGT GGC ACC ATT ATG GAC CGT TCT ATC ATC CTG CGT CAC CTG CTG AAC TCT CCG ACT TTC CCG TTC AAC CGT CAG ACC CTG ACC GAA TCT ATG CTG GAA CCA GTT CCA GAA CTG AAA GAA CAG ATC CAG GCG TGG ATG CGT,0.4113735516603768
GAC GCG CCA GAT GAA TTC CGT GAC CCG CTG ATG GAC ACC CTG ATG ACC GAC CCG GTT CGT CTG CCG TCT GGC ACC ATC ATG GAC CGT TCT ATC ATC CTG CGT CAC CTG CTC AAC ATG CCG CTC GAC CCG TTC AAC CGC CAG ACC CTG ACC GAA TCT ATG CTG GAA CCA GTT CCG GAG CTG AAA GAA CAG ATC CAG GCG TGG ATG CGT,1.4062535092131745
GAC GCG CCA GAT GAA TTC CGT GAC CCG CTG ATG GAC ACC CTG ATG ACT ATC CCG GTT CGT CTG CCG TCT GGC ACT ATC ATG GAC AAC TCT ATC ATC CTG CGT CAC CTG CTG AAC TCT CCG ACT GAC CCA TTC AAC CGT CAG ACC CTC ACC GAA TCT ATG CTG GAA CCG GTG CCG GAA CTG AAA GAG CAG ATC CAG GCG TGG ATG CGT,-2.089678400902136
GAT GCG CCG GAC GAA TTC CGT GAC CCG CTG ATG GAC AAA CTG ATG ACC GAC CCG GTT CGT CTG CCG TCT GGT ACT ATC ATG GCG CGT TCT ATC ATC CTG CGT CAC CTG CTG AAC TCT CCG ACC GAT CCA TTC AAC CGT CAG ACC CTG ACC GAA TCT ATG CTG GAG CCA GTT CCG GAG CTG AAA GAA CAG ATC CAG GCG TGG ATG CGT,-1.3734727556081956
GAC GCT CCG GAC GAA TTC CGT GCG CCG CTC ATG GAC ACT CTC ATG ACC GAC CCA GTT CGT CTC CCG TCC GGT ACC ATC ATG TCT CGT TCT ATC ATC CTG CGT CAC CTG CTG AAC TCT CCG ACT GAC CCG TTC AAC CGT CAG ACC CTG ACC GAA TCT ATG CTG GAG CCG GTT CCA GAG CTG AAA GAA CAG ATC CAG GCG TGG ATG CGT,-1.9021714132664715
GAC GCT CCG GAC GAG TTC CGT GAC CCG CTG ATG GAC ACC CTG ATG ACC ATG CCG GTT CGT CTG CCG TCT GGC ACC ATC ATG GAC AAA TCC ATC ATC CTG CGT CAC CTC CTG AAC TCT CCG ACC GAC CCG TTC AAC CGT CAG ACC CTG ACC GAA TCT ATG CTG GAG CCG GTG CCG GAG CTG AAA GAA CAG ATC CAG GCG TGG ATG CGT,0.079459569324769
GAT GCG CCG GAC GAG TTT CGT GAC CCG CTG ATG GAC ACC CTG ATG ACC GAT CCG GTT ATC CTG CCG TCT GGC ACC ATC ATG GAC CGT TCT ATC ATC CTG CGT CAC CTG CTG AAC TCT CCG ACC GAC CCG TTC AAC CGC CAG ACT CTG ACC GAA TCT ATG CTG GAG CCG GTT CCG GAG CTC AAA GAA CAG ATC CAG GCG TGG ATG CGT,0.8692076591680413
GAC GCT CCG GAC GAA TTC CGT GAC CCG CTG ATG GAT ACC CTG ATG ACT GGC CCG GTT CGT CTC CCA TCT GGT ACT ATC ATG GAC ACC TCT ATC ATC CTG CGT CAC CTG CTG AAC TCT CCA ACC GAT CCG TTC AAT CGT CAG ACC CTG ACC GAA TCT ATG CTG GAA CCG GTG CCG GAA CTG AAA GAA CAG ATC CAG GCG TGG ATG CGT,-0.8977938832504124
GAT GCG CCG GAC GAA TTC CGT GAC CCG CTG ATG GAC ACC CTG ATG ACT GAC CCG GTT ATC CTG CCG TCT GGT ACT ATC ATG GAC CGT TCT ATC ATC CTG CGT CAC CTG CTG AAC TCT CCG ACC GAC CCG TTC AAC CGT CAG ACC CTG ACC GAA TCT ATG CTG AAA CCA GTT CCG GAG CTG AAA GAA CAG ATC CAG GCG TGG ATG CGT,1.599878472653408
GAT GCG CCA GAC GAA TTC CGT GAC CCG CTG ATG GAC ACC CTC ATG ACC GAT CCG GTT AAA CTG CCG TCT GGT ACT ATT ATG GAC CGT TCT ATC ATC CTG CGT CAC CTC CTG AAC TCT CCG ACC GAC CCA TTC AAC CGT CAG ACC CTG ACC GAA TCT ATG CTG TTC CCG GTT CCA GAG CTG AAA GAA CAG ATC CAG GCT TGG ATG CGT,0.9896633378629732
GAC GCG CCA GAT GAA TTC CGT GAC CCG CTG ATG GAC ACC CTG ATG ACC GAC CCG GTT CGT CTG CCG TCT GGT ACT ATC ATG GAC CGT TCT ATC ATC CTG CGT CAC CTG CTG AAC TCT CCG ACC AAA CCG TTC AAC CGT CAA ACT CTG ACC GAA TCT ATG CTG GAA CCA GTG CCG GAG CTC AAA GAA CAG ATC CAG GCT TGG ATG CGC,-2.8489203693703344
GAC GCT CCG GAC GAA TTC CGT GAC CCG CTG ATG GAC ACC CTG ATG ACT CCG CCG GTG CGT CTG CCG TCT GGC ACC ATC ATG GAC TTC TCT ATC ATC CTG CGT CAC CTG CTG AAC TCT CCG ACC GAC CCG TTC AAC CGT CAG ACC CTG ACC GAA TCC ATG CTG GAA CCG GTG CCG GAA CTG AAA GAA CAG ATC CAG GCT TGG ATG CGC,0.6421727053652124
GAC GCT CCG GAT GAA TTC CGT GAC CCG CTG ATG GAC ACC CTG ATG ACC GAT CCA GTT CGT CTG CCG AAA GGT ACC ATC ATG GAC CGT TCT ATC ATC CTG CGT CAC CTG CTG AAC TCT CCG ACC GAC CCG TTT TGC CGT CAG ACC CTG ACC GAA TCC ATG CTG GAG CCA GTT CCA GAA CTG AAA GAA CAG ATC CAG GCT TGG ATG CGC,0.3957636950616051
GAT GCG CCG GAC GAA TTT CGT GAC CCG CTG ATG GAC ACC CTC ATG ACC TGG CCG GTT CGT CTG CCG TCT GGT ACT ATC ATG GAC ATC TCT ATC ATC CTG CGT CAC CTG CTG AAC TCT CCG ACC GAC CCG TTC AAC CGC CAG ACC CTG ACC GAA TCT ATG CTG GAA CCA GTT CCG GAG CTG AAA GAA CAG ATC CAG GCG TGG ATG CGT,1.2575470942551426
GAT GCG CCG GAC GAA TTC CGT GAC CCG CTG ATG GAC ACC CTG ATG ACC ATG CCG GTT CGC CTG CCG TCT GGC ACC ATC ATG GAC CGT TCT ATC ATC CTG CGT CAC CTG CTG AAC TCT CCG ACC GAC CCG TTC AAC CGT CAG ACC CTG ACC GAA TCC ATG CTG GAG CCA GTT CCA GAA CTG GTG GAA CAG ATC CAG GCG TGG ATG CGT,0.4652915660282114
GAC GCT CCG GAC GAA TTC CGT GAC CCG CTG ATG GAC ACC CTG ATG ACC GAC CCA GTT CGT CTG CCG TCT GGC ACT ATT ATG GAC CGT TCT ATC ATC CTG CGC CAC CTG CTG AAC TCT CCG ACT GAC CCG TTC AAC CGT CAA ACC CTG ACC GAA TCT ATG CTG GAG CCG GTT AAA GAA CTG AAA GAA CAG ATC CAG GCG TGG ATG CGT,1.6535655472904651
GAC GCT CCG GAC GAA TTC CGT GAC CCG CTG ATG GAC ACT CTC ATG ACT GAC CCG GTT CGT CTG CCG CGT GGT ACT ATC ATG GAC CGT TCT ATC ATC CTG CGT CAT CTG CTG AAC TCT CCG ACT TGC CCG TTC AAC CGT CAG ACC CTG ACC GAA TCT ATG CTG GAA CCG GTG CCG GAA CTG AAA GAA CAG ATC CAG GCG TGG ATG CGT,0.3735264780787082
GAT GCG CCG GAT GAA TTC CGT GAC CCG CTG ATG GAC ACC CTG ATG ACT GGC CCG GTT CGT CTG CCG TCT GGC ACC ATC ATG GAC CGT TCT ATC ATC CTG CGT CAC CTG CTG AAC TCT CCG ACC GAC CCG TTC AAC CGT CAG ACC CTG ACC GAA TCT ATG CTG GAA CCA GTT CCA GAG CTG GAC GAA CAG ATC CAG GCG TGG ATG CGT,-0.6182691564545602
GAC GCG CCA GAC GAA TTC CGT GAC CCG CTG ATG GAT ACC CTC ATG ACC GAT CCG GTT CGT CTC CCG TCC GGT ACC ATC ATG GAC CGT TCT ATC ATC CTG CGT CAC CTG CTG AAC TCT CCA ACC GAC CCA TTC CAC CGT CAA ACC CTG ACC GAA TCT ATG CTG GAA CCG GTG CCA GAA CTG AAA GAA CAG ATC CAG GCG TGG ATG CGT,1.1015004979086398
GAC GCT CCG GAC GAA TTC CGT GAC CCG CTG ATG GAC ACC CTG ATG ACC TAC CCG GTT CGT CTG CCG TCT GGT ACT ATC ATG GAC TTC TCT ATC ATC CTG CGT CAC CTG CTG AAT TCT CCG ACC GAC CCG TTT AAC CGT CAG ACC CTG ACC GAA TCT ATG CTG GAA CCA GTT CCA GAA CTG AAA GAA CAG ATC CAG GCG TGG ATG CGT,1.2589209853286158
GAC GCT CCG GAC GAG TTC CGC GAC CCG CTG ATG GAC ACC CTC ATG ACC GAC CCG GTT CGT CTG CCA TCT GGC ACT ATC ATG GAC CGT TCC ATC ATC CTG CGC CAC CTG CTC AAC TCT CCG ACC GAT CCA TTC AAC CGC TCT ACC CTG ACT GAA TCT ATG CTG GAA CCG GTG CCG GAA CTG AAA GAA CAG ATC CAG GCT TGG ATG CGT,2.77666715668958
GAT GCG CCG GAC GAA TTC CGT GAC CCG CTG ATG GAT ACC CTC ATG ACC GAT CCA GTT CGT CTG CCG TCT GGC ACC ATC ATG GAT GTT TCC ATT ATC CTC CGC CAC CTC CTG AAT TCT CCG ACC GAC CCA TTC AAC CGC CAG ACT CTG ACT GAA TCT ATG CTG GAA CCG GTG CCG GAA CTG ATC GAA CAG ATC CAG GCG TGG ATG CGT,1.4440065733165546
GAC GCT CCG GAC GAA TTC CGT CAG CCG CTG ATG GAC ACC CTG ATG ACC GAT CCG GTT CGC CTG CCG TCT GGC ACC ATT ATG ATC CGT TCT ATC ATT CTG CGT CAC CTG CTG AAC TCT CCG ACC GAC CCG TTC AAC CGT CAG ACC CTG ACC GAA TCT ATG CTG GAG CCG GTT CCA GAG CTG AAA GAA CAG ATC CAG GCG TGG ATG CGT,0.7262109735883471
GAC GCT CCG GAC GAA TTC CGT GAC CCA CTG ATG GAT ACT CTG ATG ACC AAA CCG GTG CGT CTG CCA TCC GGT ACC ATC ATG GAC CGT TCT ATC ATC CTG CGT CAC CTG CTG AAC TCT CCG ACC GAC CCG TTC AAC CGT CAG ACT CTG ACC GAA TCT ATG CTG GAA CCA GTT CCA GAG CTG TCT GAA CAG ATC CAG GCG TGG ATG CGT,-0.2471575258690035
GAT GCG CCG GAT GAA TTT CGT GAC CCG CTG ATG GAC ACC CTG ATG ACC GAC CCG GTT CGT CTG CCG TCT GGT ACT ATC ATG GAC CGT TCT ATC ATC CTG CGT CAC CTG CTG AAC GAG CCG ATC GAC CCG TTC AAC CGT CAG ACC CTG ACC GAA TCT ATG CTG GAA CCA GTT CCA GAA CTG AAA GAA CAG ATC CAG GCT TGG ATG CGT,1.5067110283892693
GAT GCG CCG GAC GAG TTT CGT GAT CCG CTG ATG GAT ACC CTC ATG ACC GAT CCG GTT CGT CTG CCA CCG GGT ACC ATC ATG GAC CGT TCT ATC ATC CTG CGT CAC CTG CTG AAC TCT CCG ACC GAC CCG TTC CAA CGT CAG ACC CTG ACC GAA TCT ATG CTG GAA CCA GTT CCG GAG CTG AAA GAA CAG ATC CAG GCG TGG ATG CGT,-4.97987056525627
GAC GCT CCA GAC GAA TTC CGT GAC CCG CTG ATG GAC ACC CTG ATG ACC GAC CCG GTT CGT CTC CCG GAC GGT ACC ATC ATG GAT CGT TCT ATC ATC CTG CGT CAC CTG CTG AAC TCT CCG ACT CTC CCA TTC AAC CGC CAG ACC CTG ACC GAA TCT ATG CTG GAG CCG GTT CCG GAG CTG AAA GAA CAG ATC CAG GCG TGG ATG CGT,0.0073192394656622
GAC GCT CCG GAC GAA TTC CGT GAC CCG CTG ATG GAC ACC CTG ATG ACC GAC CCG GTT CGT CTG CCG TCT GGC ACC ATC ATG GAC CGT TCT ATC ATC CTG CGT CAC CTG CTG AAC GTG CCG TTC GAC CCG TTC AAC CGT CAG ACC CTG ACC GAA TCT ATG CTG GAA CCA GTT CCA GAA CTG AAA GAA CAG ATC CAG GCT TGG ATG CGT,1.345160677660329
GAT GCG CCG GAC GAA TTT CGT GAC CCG CTG ATG GAC ACC CTG ATG ACC GCT CCG GTT CGT CTG CCG TCT GGC ACC ATT ATG GAC TGG TCT ATC ATC CTC CGC CAC CTG CTG AAC TCT CCG ACC GAC CCG TTC AAT CGT CAG ACC CTG ACC GAA TCT ATG CTG GAA CCG GTG CCG GAA CTG AAA GAA CAG ATC CAG GCG TGG ATG CGT,0.948205592460717
GAT GCG CCG GAC GAA TTC CGT GAC CCG CTG ATG GAC ACC CTG ATG ACT GAC CCG GTT ATC CTG CCG TCC GGT ACC ATC ATG GAC CGT TCT ATC ATC CTG CGT CAC CTG CTG AAC TCT CCG ACC GAC CCA TTC AAC CGT CAG ACC CTG ACC GAA TCT ATG CTG TTC CCA GTG CCA GAA CTG AAA GAA CAG ATC CAG GCG TGG ATG CGT,0.8058508982987251
GAC GCG CCA GAC GAA TTC CGT GAC CCG CTC ATG GAT ACT CTG ATG ACC CAG CCG GTG CGC CTG CCG TCT GGT ACT ATC ATG GAC CGT TCT ATC ATC CTG CGT CAC CTG CTG AAC TCT CCG ACC GAC CCG TTC AAT CGT CAG ACT CTG ACC GAA TCT ATG CTG GAA CCG GTG CCG GAA CTG GAC GAA CAG ATC CAG GCG TGG ATG CGT,-0.0547964224361251
GAT GCG CCG GAC GAG TTC CGT GAC CCG CTG ATG GAC ACC CTG ATG ACC GAC CCG GTT CGT CTC CCG GAC GGT ACC ATC ATG GAC CGT TCT ATC ATC CTG CGT CAC CTG CTG AAC TCT CCG ACC ATG CCG TTC AAC CGT CAG ACC CTG ACC GAA TCT ATG CTG GAG CCG GTG CCA GAA CTG AAA GAA CAG ATC CAG GCG TGG ATG CGT,0.2735517554755623
GAT GCG CCG GAC GAA TTC CGT GAC CCG CTG ATG GAC ACC CTG ATG ACC GAC CCG GTT CGT CTG CCG TCT GGT ACT ATC ATG GAC CGT TCT ATC ATC CTG CGT CAC CTG CTG AAC GCT CCG TAC GAC CCG TTC AAC CGT CAG ACC CTG ACC GAA TCT ATG CTG GAA CCA GTG CCG GAA CTG AAA GAG CAG ATC CAG GCG TGG ATG CGT,2.08324804557082
GAT GCG CCG GAC GAA TTC CGT GAC CCG CTG ATG GAC ACC CTG ATG ACC GAC CCA GTT CGT CTG CCG ACC GGC ACC ATC ATG GAC CGT TCT ATC ATC CTG CGT CAC CTG CTG AAC TCT CCG ACC GAT CCA TTC TTC CGT CAG ACC CTG ACC GAA TCT ATG CTC GAA CCG GTG CCA GAG CTC AAA GAA CAG ATC CAG GCG TGG ATG CGT,0.5816124326189023
GAC GCG CCA GAC GAA TTC CGT GAC CCG CTG ATG GAC ACT CTG ATG ACC GAC CCG GTG CGC CTG CCG GCT GGC ACT ATC ATG GAT CGT TCC ATC ATC CTG CGT CAC CTG CTG AAC TCT CCG ACT GAC CCG TTT TGC CGT CAG ACC CTG ACC GAA TCT ATG CTG GAA CCG GTG CCG GAA CTG AAA GAA CAG ATC CAG GCG TGG ATG CGT,0.5671845486467463
GAT GCG CCG GAC GAA TTC CGT GAC CCG CTG ATG GAT ACC CTG ATG ACC GAT CCG GTT CGT CTG CCG TCT GGC ACC ATC ATG GAC ACC TCT ATC ATC CTG CGT CAC CTG CTG AAC TCT CCG ACT GAC CCG TTT AAC CGT CAG ACC CTG ACC GAA TCT ATG CTG GAA CCA GTT CCA GAG CTG GCG GAA CAG ATC CAG GCG TGG ATG CGT,-0.5009828790648674
GAT GCG CCG GAC GAA TTC CGT GAC CCG CTG ATG GAC ACC CTG ATG ACC GAC CCG GTT CGT CTG CCG GAA GGT ACC ATC ATG GAC CGT TCT ATC ATC CTG CGT CAC CTG CTG AAC TCT CCG ACC CTG CCG TTC AAC CGT CAA ACC CTG ACC GAA TCT ATG CTG GAA CCG GTG CCA GAG CTG AAA GAA CAG ATC CAG GCT TGG ATG CGT,-3.038417246334032
GAT GCT CCG GAC GAA TTC CGT GAT CCA CTC ATG GAC TCC CTC ATG ACT GAC CCA GTT CGT CTG CCG TCT GGT ACT ATC ATG CAA CGT TCT ATC ATC CTG CGT CAC CTG CTG AAC TCT CCG ACC GAC CCG TTC AAC CGT CAG ACC CTG ACC GAA TCT ATG CTG GAG CCG GTT CCA GAA CTG AAA GAA CAG ATC CAA GCG TGG ATG CGC,0.3981888619006305
GAT GCG CCG GAC GAA TTC CGT GAC CCG CTG ATG GAC ACC CTG ATG ACC CTG CCG GTG CGT CTG CCA TCC GGT ACC ATC ATG GAC CGT TCT ATC ATC CTG CGT CAC CTG CTG AAC TCT CCG ACC GAC CCG TTC AAC CGT CAG ACC CTG ACC GAA TCT ATG CTG GAA CCA GTG CCG GAA CTC GTT GAA CAG ATC CAG GCT TGG ATG CGT,0.3959395203692711
GAT GCG CCG GAC GAA TTC CGT CAG CCG CTG ATG GAC ACC CTG ATG ACT GAC CCA GTT CGT CTG CCG TCC GGT ACC ATC ATG GCG CGT TCT ATC ATC CTG CGT CAC CTG CTG AAT TCT CCG ACC GAC CCG TTC AAC CGT CAG ACC CTG ACC GAA TCT ATG CTG GAA CCG GTG CCG GAA CTG AAA GAA CAG ATC CAG GCG TGG ATG CGT,-1.3923169468992351
GAT GCG CCG GAC GAA TTC CGT GAC CCG CTG ATG GAC ACC CTG ATG ACC TTC CCG GTT CGT CTG CCG TCT GGT ACT ATC ATG GAC TGC TCT ATC ATC CTG CGT CAC CTG CTG AAC TCT CCG ACC GAC CCG TTC AAC CGT CAA ACC CTG ACC GAA TCT ATG CTG GAG CCG GTG CCG GAA CTG AAA GAA CAG ATC CAG GCT TGG ATG CGT,1.2330271386032807
GAC TGG CCG GAC GAA TTC CGT GAC CCG CTG ATG GAC ACC CTG ATG ACC GAC CCG GTT CGT CTG CCG TCC GGT ACC ATC ATG GAC CGT TCT ATC ATC CTG CGT CAC CTG CTG AAC TCT CCG ACC GAT CCG TTC AAC CGT CAG ACC CTG ACC GAA TCT ATG CTG GAG CCG GTT CCG GAG CTG AAA GAA CAG ATC CAG GCG TGG ATG CGT,2.4884417393372043
GAC GCT CCA GAT GAA TTC CGT GAC CCG CTG ATG GAC ACC CTG ATG ACC TAC CCG GTT CGT CTG CCG TCC GGT ACC ATT ATG GAC CGT TCT ATC ATC CTG CGC CAC CTG CTC AAC TCT CCG ACC GAC CCG TTC AAT CGC CAG ACC CTG ACC GAA TCT ATG CTG GAA CCG GTG CCG GAA CTG CAG GAA CAG ATC CAG GCG TGG ATG CGT,1.0706791082338
GAT GCG CCA GAT GAA TTC CGT GAC CCG CTG ATG GAT ACT CTC ATG ACC GAC CCG GTT CGT CTG CCG TGC GGT ACC ATC ATG GAC CGT TCT ATC ATC CTG CGT CAC CTG CTG AAC TCT CCA ACC GAT CCA TTT ATG CGT CAG ACT CTG ACC GAA TCT ATG CTG GAG CCG GTT CCG GAG CTG AAA GAA CAG ATC CAG GCG TGG ATG CGT,1.023416401154791
GAT GCT CCG GAC GAA TTT CGT GAC CCG CTG ATG GAC ACC CTC ATG ACC TGG CCG GTT CGT CTG CCG TCT GGT ACT ATC ATG GAC CGT TCT ATC ATC CTG CGT CAC CTG CTG AAC TCT CCG ACC GAC CCG TTC AAT CGT CAG ACC CTG ACC GAA TCT ATG CTG GAA CCA GTT CCA GAG CTG AAA GAA CAG ATC CAG GCG TGG ATG CGT,0.8242734785453041
GAC GCT CCG GAT GAA TTC CGT TTC CCG CTG ATG GAC ACC CTG ATG ACC GAC CCG GTT CGT CTG CCG TCT GGT ACT ATC ATG AAC CGT TCT ATC ATC CTG CGC CAC CTG CTG AAC TCT CCG ACC GAT CCG TTC AAC CGT CAG ACC CTG ACC GAA TCT ATG CTG GAA CCG GTG CCG GAG CTG AAG GAA CAG ATC CAG GCG TGG ATG CGT,-0.1930217592361275
GAC GCG CCA GAT GAA TTC CGT GAC CCG CTG ATG GAC ACC CTG ATG ACC GAC CCG GTT GCG CTG CCG TCT GGC ACC ATC ATG GAC CGT TCT ATC ATC CTG CGT CAC CTC CTG AAC TCT CCG ACC GAT CCG TTC AAC CGT CAG ACC CTG ACC GAA TCT ATG CTG TCT CCG GTT CCG GAG CTG AAA GAA CAG ATC CAG GCG TGG ATG CGT,0.5052484301220141
GAT GCG CCG GAC GAA TTC CGT GAC CCG CTG ATG GAC ACC CTG ATG ACC GAC CCG GTT CGT CTG CCG GCT GGC ACC ATC ATG GAC CGT TCT ATC ATC CTG CGC CAT CTG CTG AAT TCT CCG ACT GAC CCG TTT CCG CGT CAG ACC CTG ACC GAA TCT ATG CTG GAA CCA GTT CCA GAA CTG AAA GAA CAG ATC CAG GCG TGG ATG CGT,-5.772095633597988
GAC GCT CCG GAC GAA TTC CGT GAC CCG CTC ATG GAT ACT CTG ATG ACC ATC CCG GTT CGT CTG CCG TCT GGT ACT ATC ATG GAC GCT TCT ATC ATC CTG CGT CAC CTG CTG AAC TCT CCG ACT GAC CCG TTC AAC CGT CAA ACC CTG ACC GAA TCT ATG CTG GAA CCA GTG CCA GAA CTG AAA GAA CAG ATC CAG GCG TGG ATG CGT,0.4224029037215877
GAC GCT CCG GAC GAA TTC CGT GAC CCG CTG ATG GAC ACC CTG ATG ACT GAC CCG GTT CGT CTG CCG ACC GGT ACC ATC ATG GAC CGT TCT ATC ATC CTG CGT CAC CTG CTG AAC TCT CCA ACC GAC CCG TTC CAC CGT CAG ACC CTG ACC GAA TCT ATG CTG GAA CCG GTG CCG GAA CTG AAA GAA CAG ATC CAG GCG TGG ATG CGT,0.5564918085661748
GAT GCG CCA GAC GAG TTT CGT CCG CCG CTG ATG GAC ACC CTG ATG ACC GAT CCA GTT CGT CTG CCA TCC GGT ACC ATC ATG GCG CGT TCT ATC ATC CTG CGT CAC CTC CTC AAC TCT CCG ACT GAC CCA TTT AAC CGT CAG ACC CTG ACC GAA TCT ATG CTG GAA CCA GTT CCG GAG CTG AAG GAA CAG ATC CAG GCT TGG ATG CGT,2.690695722711334
GAC GCT CCG GAC GAA TTC CGT GAC CCG CTG ATG GAC ACT CTC ATG ACT GAC CCG GTT CGT CTG CCA TCT GGC ACC ATC ATG GAC CGT TCT ATC ATC CTG CGT CAC CTG CTG AAC TCT CCG ACC GAC CCA TTC AAC CGT CAA ACC CTG ACC GAA TCT ATG CTG GAA CCA GTG CCG GAA CTG AAA GAA CGT ATC CAG GCG TGG ATG CGT,3.38299932143522
GAC GCT CCG GAC GAA TTC CGT GAC CCG ACC ATG GAC ACC CTG ATG ACT GAC CCG GTT CGT CTG CCG TCT GGC ACC ATC ATG GAC CGT TCT ATC ATC CTG CGT CAC CTG CTG AAC TCT CCG ACC GAC CCG TTC AAC CGT CAG ACC CTG ACC GAA TCT ATG CTG GAA CCG GTG CCG GAA CTC AAA GAA CAG ATC CAG GCG TGG ATG CGT,1.5107862539507808
GAT GCG CCG GAC GAA TTC CGT GAC CCG CTG ATG GAC ACC CTG ATG ACC GAC CCG GTT CGT CTG CCG TGG GGT ACC ATT ATG GAC CGT TCT ATC ATC CTG CGT CAC CTG CTG AAC TCT CCG ACC GAT CCG TTC CTG CGC CAG ACC CTG ACC GAA TCT ATG CTG GAG CCG GTT CCA GAG CTG AAA GAA CAG ATC CAG GCG TGG ATG CGC,0.7087385132898678
GAC GCG CCA GAC GAG TTC CGT GAC CCG CTG ATG GAC ACC CTG ATG ACT GAC CCG GTT CGT CTG CCA ATC GGT ACC ATC ATG GAC CGT TCT ATC ATC CTG CGT CAC CTG CTG AAC TCT CCA ACC GAC CCG TTC TCC CGT CAG ACC CTG ACC GAA TCT ATG CTG GAA CCG GTG CCA GAG CTG AAG GAA CAG ATC CAG GCG TGG ATG CGT,-0.3746819780539573
GAT GCG CCG GAC GAA TTC CGT GAC CCG CTG ATG GAC ACC CTG ATG ACC GAC CCG GTT CGT CTG CCG TCC GGT ACC ATT ATG GAC CGT TCT ATC ATC CTG CGT CAC CTG CTG AAC GAC CCG TTT GAC CCA TTC AAC CGT CAG ACC CTG ACC GAA TCT ATG CTG GAA CCA GTG CCG GAG CTG AAA GAA CAG ATC CAG GCG TGG ATG CGT,2.432176571242316
GAC GCG CCA GAC GAG TTC CGT GAC CCG CTG ATG GAC ACC CTG ATG ACC GAC CCG GTT CGT CTC CCG TCC GGC ACC ATT ATG GAC CGT TCT ATC ATC CTG CGT CAC CTG CTG AAC TGC CCG CTG GAC CCG TTC AAC CGT CAG ACC CTG ACC GAA TCT ATG CTG GAG CCG GTT CCA GAA CTG AAA GAA CAG ATC CAG GCG TGG ATG CGT,1.927209671918868
GAT GCG CCG GAT GAA TTC CGT GAC CCG CTG ATG GAC ACC CTG ATG ACC ACT CCG GTT CGT CTG CCG TCT GGC ACC ATC ATG GAC CTC TCT ATC ATC CTG CGT CAC CTG CTG AAC TCT CCG ACC GAC CCG TTC AAC CGT CAG ACC CTG ACC GAA TCT ATG CTG GAG CCG GTG CCG GAG CTG AAA GAA CAG ATC CAG GCG TGG ATG CGT,1.0480810371422091
GAC GCT CCA GAT GAA TTC CGT GAC CCG CTG ATG GAC GAC CTG ATG ACC GAC CCG GTT CGT CTG CCG TCT GGC ACC ATT ATG ATT CGT TCT ATC ATC CTG CGT CAC CTG CTG AAC TCT CCG ACC GAT CCA TTC AAC CGT CAG ACC CTG ACC GAA TCT ATG CTG GAG CCG GTT CCG GAG CTG AAA GAA CAG ATC CAG GCG TGG ATG CGT,0.6432398731651705
GAT GCG CCG GAC GAA TTC CGT GAC CCG CTG ATG GAC ACC CTG ATG ACC ATG CCG GTT CGC CTG CCG TCT GGC ACC ATC ATG GAC CGT TCT ATC ATC CTG CGT CAC CTG CTG AAC TCT CCG ACC GAC CCG TTT AAC CGT CAG ACC CTG ACC GAA TCT ATG CTG GAA CCG GTG CCG GAA CTG CAC GAA CAG ATC CAG GCG TGG ATG CGT,0.2068468579695906
GAT GCG CCA GAC GAG TTT CGT GAC CCG CTC ATG GAC GAC CTG ATG ACC GAT CCA GTT CGT CTG CCG TCC GGT ACC ATC ATG GTT CGT TCC ATC ATC CTG CGT CAC CTG CTG AAC TCT CCA ACC GAC CCG TTC AAT CGT CAG ACC CTG ACC GAA TCT ATG CTG GAA CCG GTG CCA GAG CTG AAA GAA CAG ATC CAG GCG TGG ATG CGT,0.1738379552582255
GAC GCG CCA GAT GAA TTC CGT GAC CCG CTG ATG GAC GGT CTG ATG ACC GAC CCG GTT CGT CTG CCG TCC GGT ACC ATT ATG AAA CGT TCT ATC ATC CTG CGT CAC CTG CTG AAC TCT CCG ACT GAC CCG TTC AAC CGT CAG ACC CTG ACC GAA TCT ATG CTG GAA CCG GTG CCG GAA CTG AAA GAA CAG ATC CAG GCG TGG ATG CGT,-1.3087698127787206
GAC GCT CCG GAC GAA TTC CGT GAC CCG CTG ATG GAT ACT CTG ATG ACC GAC CCG GTT CGT CTG CCG ACC GGT ACC ATC ATG GAC CGT TCT ATC ATC CTG CGT CAC CTG CTG AAC TCT CCG ACT GGT CCG TTT AAC CGC CAA ACT CTC ACC GAA TCT ATG CTG GAG CCG GTT CCA GAA CTC AAA GAA CAG ATC CAG GCG TGG ATG CGT,-0.3022297156429178
GAC GCT CCA GAC GAG TTC CGT GAC CCG CTG ATG GAC ACC CTG ATG ACC CAC CCG GTT CGT CTG CCG TCT GGC ACC ATC ATG GAC TCT TCT ATC ATC CTG CGC CAT CTG CTG AAC TCT CCG ACC GAC CCG TTC AAC CGT CAG ACC CTG ACC GAA TCT ATG CTG GAA CCG GTG CCG GAA CTG AAA GAA CAG ATC CAG GCG TGG ATG CGT,-0.7268858985252225
GAC GCT CCG GAC GAA TTT CGT GAC CCG CTG ATG GAC ACC CTG ATG ACT GAC CCG GTT CGT CTG CCA GAG GGT ACC ATC ATG GAC CGT TCT ATC ATC CTG CGT CAC CTG CTG AAC TCT CCG ACC GAT CCG TTC AAA CGT CAG ACT CTG ACT GAA TCT ATG CTG GAG CCG GTG CCG GAG CTG AAG GAA CAG ATC CAG GCG TGG ATG CGT,-3.177751644296225
GAT GCG CCA GAC GAA TTC CGT GAC CCG CTG ATG GAC ACT CTC ATG ACC TTC CCG GTG CGT CTG CCG TCT GGT ACT ATC ATG GAC TGG TCT ATC ATC CTG CGT CAC CTG CTG AAC TCT CCG ACC GAC CCA TTC AAC CGT CAG ACC CTG ACC GAA TCT ATG CTG GAG CCG GTT CCA GAA CTG AAA GAA CAG ATC CAG GCG TGG ATG CGT,1.1893682242361128
GAT GCG CCG GAC GAA TTC CGT GAC CCG CTG ATG GAC ACC CTG ATG ACC ATG CCG GTT CGT CTG CCG TCT GGC ACC ATT ATG GAC CAC TCT ATC ATC CTG CGT CAC CTG CTG AAC TCT CCG ACC GAC CCA TTT AAC CGT CAG ACC CTG ACC GAG TCT ATG CTG GAG CCA GTT CCA GAA CTG AAA GAA CAG ATC CAG GCG TGG ATG CGT,-0.1436499134564741
GAT GCG CCG GAC GAA TTT CGT GAC CCG CTG ATG GAC ACC CTG ATG ACC GAC CCG GTT CGT CTG CCG TCT GGT ACT ATC ATG GAC CGT TCT ATC ATC CTG CGT CAC CTG CTG AAC TCT CCG ACC GAT CCG TTT AAT CGT CAG ACC CTG ACC GAA TCT ATG CTG GAA CCA GTG CCG GAG AAA AAG GAG CAG ATC CAG GCG TGG ATG CGT,-1.3625648543147215
GAT GCG CCG GAC GAA TTC CGT GAC CCG CTG ATG GAC ACC CTG ATG ACC CAC CCG GTT CGT CTG CCG TCT GGC ACC ATC ATG GAC TGG TCT ATC ATC CTG CGC CAC CTG CTG AAC TCT CCG ACC GAC CCG TTC AAC CGT CAG ACC CTG ACC GAA TCT ATG CTG GAA CCA GTG CCG GAG CTG AAG GAA CAG ATC CAG GCG TGG ATG CGT,1.0814572224347423
GAC GCT CCG GAC GAA TTT CGT GAC CCG CTG ATG GAC ACC CTG ATG ACC GAC CCG GTT GAA CTG CCG TCT GGC ACC ATC ATG GAC CGT TCT ATC ATC CTG CGT CAC CTC CTG AAC TCT CCA ACT GAC CCA TTC AAT CGT CAG ACC CTG ACC GAA TCT ATG CTC CAG CCG GTT CCA GAA CTG AAA GAA CAG ATC CAG GCG TGG ATG CGC,0.3140079920477294
GAC GCT CCG GAC GAA TTC CGT GAC CCG CTG ATG GAC ACC CTG ATG ACC TGG CCG GTT CGC CTG CCG TCT GGC ACC ATC ATG GAC CGT TCT ATC ATC CTG CGT CAC CTG CTG AAC TCT CCG ACC GAC CCG TTC AAC CGT CAA ACC CTG ACC GAA TCT ATG CTG GAA CCG GTG CCG GAG CTG TCT GAA CAG ATC CAG GCG TGG ATG CGT,0.3220481160774538
GAT GCG CCG GAT GAA TTC CGT GAC CCG CTG ATG GAC ACC CTG ATG ACC ATG CCG GTT CGT CTG CCG TCT GGT ACT ATC ATG GAC CGT TCT ATC ATC CTG CGC CAC CTG CTC AAC TCT CCG ACC GAC CCG TTC AAC CGC CAG ACC CTG ACC GAA TCT ATG CTG GAA CCG GTG CCG GAA CTG GGT GAA CAG ATC CAG GCG TGG ATG CGT,-0.3498276948014184
GAC GCG CCA GAC GAA TTC CGT GAC CCG CTG ATG GAC ACC CTG ATG ACT GAC CCG GTT CGT CTC CCG TCC GGC ACT ATC ATG GAC CGT TCT ATC ATC CTG CGT CAC CTG CTG AAC TCT CCG ACC GAT CCG TTC AAC CGT CAA ACC CTG ACC GAA TCT ATG CTG GAA CCG GTG CCA GAA CAC AAA GAA CAG ATC CAG GCG TGG ATG CGT,-1.4975518469067404
GAT GCG CCG GAC GAA TTC CGT GAC CCG CTG ATG GAC ACC CTG ATG CAG GAC CCG GTT CGT CTG CCG TCT GGC ACC ATC ATG GAC CGT TCT ATC ATC CTG CGT CAC CTG CTG AAC TCT CCG ACC GAC CCG TTC AAC CGT CAG ACC CTG ACC GAA TCT ATG CTG GAA CCG GTG CCG GAA CTG AAG GAA CAG ATC CAG GCT TGG ATG CGC,2.1563221201899285
GAT GCG CCG GAC GAA TTC CGT GAC CCA CTG ATG GAC TGG CTG ATG ACT GAC CCG GTT CGT CTG CCG TCT GGC ACT ATC ATG CCG CGT TCC ATC ATC CTG CGT CAC CTG CTG AAC TCT CCG ACC GAC CCG TTC AAC CGT CAG ACC CTG ACC GAA TCT ATG CTG GAG CCG GTT CCA GAG CTC AAA GAA CAG ATC CAG GCG TGG ATG CGC,0.4525808701548089
GAC GCT CCG GAC GAA TTT CGT GAC CCA CTG ATG GAT ACC CTG ATG ACC GAC CCG GTT CGT CTG CCG TCT GGT ACT ATC ATG GAC GTT TCT ATC ATC CTG CGT CAC CTG CTG AAC TCT CCG ACC GAT CCA TTT AAC CGC CAG ACC CTG ACC GAA TCT ATG CTG GAG CCG GTG CCA GAA CTC ATG GAA CAG ATC CAG GCG TGG ATG CGT,1.0956383664356577
GAC GCT CCG GAC GAA TTC CGT CAC CCG CTG ATG GAC ACC CTG ATG ACC GAC CCG GTT CGT CTG CCG TCT GGC ACC ATC ATG TTC CGT TCT ATC ATC CTG CGT CAC CTG CTG AAC TCT CCG ACC GAT CCG TTC AAC CGT CAG ACC CTG ACC GAG TCT ATG CTG GAA CCG GTG CCG GAA CTG AAA GAA CAG ATC CAG GCG TGG ATG CGT,1.088956548588937
GAT GCG CCG GAT GAA TTC CGT GAC CCA CTG ATG GAT ACC CTG ATG ACC GAC CCG GTT GGT CTG CCG TCT GGT ACT ATC ATG GAC CGT TCT ATC ATC CTG CGT CAC CTG CTG AAC TCT CCG ACC GAT CCG TTC AAC CGT CAG ACC CTG ACC GAA TCT ATG CTG GAA CCA GTT CCG GAG CTG AAA GAA CAG ATC CAG GCG TGG ATG CGT,-1.3944915732018246
GAC GCT CCA GAC GAA TTC CGT GAC CCG CTG ATG GAC ACC CTG ATG ACC GAC CCG GTT CGT CTC CCG TCT GGT CCG ATC ATG GAT CGT TCT ATC ATC CTC CGT CAC CTG CTG AAC TCT CCG ACT GAC CCG TTC AAC CGT CAG ACC CTG ACC GAA TCT ATG CTG GAG CCG GTT CCA GAG CTC AAA GAA CAG ATC CAG GCG TGG ATG CGT,0.9267647023837656
GAT GCG CCG GAT GAA TTC CGT GAC CCG CTG ATG GAC ACC CTG ATG ACC GAT CCG GTT CGT CTG CCG TCT GGC ACC ATC ATG GAC CGT TCT ATC ATC CTG CGT CAC CTG CTG AAC TCT CCG ACC GAC CCG TTC AAC CGT CAG ACC CTG ACC GAA TCT ATG CTG GAA CCA GTT CCA GAA CTG AAA GAA ATG ATC CAG GCG TGG ATG CGT,2.4895630899182875
GAT GCG CCG GAC GAA TTC CGT GAC CCG CAC ATG GAC ACC CTG ATG ACC GAC CCG GTT CGT CTG CCG TCT GGC ACC ATC ATG GAC CGT TCT ATC ATC CTG CGC CAC CTG CTC AAC TCT CCG ACT GAC CCG TTC AAC CGT CAA ACC CTG ACC GAA TCT ATG CTG GAG CCG GTG CCG GAG CTG AAA GAA CAG ATC CAG GCG TGG ATG CGT,0.471964507863179
GAT GCG CCG GAC GAA TTC CGT GAC CCG CTG ATG GAC ACC CTG ATG ACC GAC CCG GTT CGT CTG CCG TCT GGC ACC ATC ATG GAC AAA TCT ATC ATC CTG CGT CAC CTC CTG AAC TCT CCG ACT GAC CCA TTC AAC CGT CAA ACC CTG ACC GAA TCT ATG CTG GAA CCA GTT CCG GAG CTG CGT GAA CAG ATC CAG GCG TGG ATG CGT,1.5588687543523618
GAC GCT CCG GAC GAA TTC CGT GAC CCG CTG ATG GAC ACC CTG ATG ACC GAT CCG GTT CGT CTG CCG TCT GGC ACC ATC ATG GAC CGT TCT ATC ATC CTG CGT CAC CTG CTG AAC TCT CCA ACC GAC CCA TTC AAC CGC CAG ACC CTG ACC GAA TCT ATG CTG GAA CCA GTT GTT GAA CTG AAA GAA CAG ATC CAG GCG TGG ATG CGT,1.665396169810868
GAT GCG CCG GAC GAA TTC CGT GAC CCG CTG ATG GAC ACC CTG ATG ACC GAC CCG GTT CGT CTG CCG TCT GGC ACC ATC ATG GAC CGT TCT ATC ATC CTG CGT CAC CTG CTG AAC TCT CCG ACC TGG CCG TTC AAC CGT CAG ACC CTG ACC GAA TCT ATG CTG GAA CCG GTG CCG GAA CTG AAA GAA CAG ATC CAG GCT TGG ATG CGT,0.2476245894958282
GAT GCG CCG GAC GAA TTC CGT TGG CCG CTG ATG GAC ACC CTC ATG ACC GAC CCG GTT CGT CTG CCG TCC GGT ACC ATC ATG TTC CGT TCT ATC ATC CTG CGT CAC CTG CTG AAC TCT CCG ACT GAC CCG TTC AAC CGT CAG ACC CTG ACC GAA TCT ATG CTG GAA CCG GTG CCA GAA CTC AAA GAA CAG ATC CAG GCG TGG ATG CGT,1.2064878995121298
GAC GCT CCG GAC GAA TTT CGT GAC CCG CTG ATG GAT ACC CTC ATG ACC TCT CCG GTT CGT CTG CCG TCT GGT ACT ATT ATG GAC GAC TCT ATC ATC CTG CGT CAC CTG CTG AAC TCT CCG ACC GAC CCG TTC AAC CGC CAG ACC CTG ACC GAA TCC ATG CTG GAA CCA GTT CCA GAA CTG AAA GAA CAG ATC CAG GCG TGG ATG CGT,-0.9259920065975822
GAT GCG CCG GAT GAA TTC CGC GAC CCG CTG ATG GAC ACC CTG ATG ACC GAC CCG GTT CGT CTC CCG CGT GGT ACT ATC ATG GAC CGT TCT ATC ATC CTG CGT CAC CTG CTG AAC TCT CCG ACT GAC CCG TTT TGC CGT CAG ACC CTG ACC GAA TCT ATG CTG GAA CCG GTG CCG GAA CTG AAA GAA CAG ATC CAG GCG TGG ATG CGT,0.4605999808828439
GAC GCG CCA GAT GAA TTC CGT GAC CCG CTG ATG GAC ACC CTG ATG ACT GAC CCG GTT GCG CTG CCG TCT GGC ACC ATC ATG GAC CGT TCT ATC ATC CTC CGT CAC CTG CTG AAC TCT CCG ACC GAC CCA TTC AAC CGT CAG ACC CTG ACC GAA TCT ATG CTG AAA CCA GTT CCG GAG CTC AAA GAA CAG ATC CAG GCG TGG ATG CGT,1.1907810375447796
GAT GCG CCG GAC GAA TTC CGT GAC CCG CTG ATG GAC ACC CTG ATG ACC GAC CCG GTT CGT CTG CCG TCT GGC ACC ATC ATG GAT CGC TCT ATC ATC CTG CGT CAC CTG CTG AAC CGT CCG CGT GAT CCG TTC AAC CGT CAA ACC CTC ACC GAG TCC ATG CTG GAA CCA GTG CCG GAA CTC AAA GAA CAG ATC CAG GCG TGG ATG CGT,0.3027175441010474
GAC GCT CCG GAC GAA TTC CGT GAC CCG CTG ATG GAC CAG CTG ATG ACC GAC CCG GTT CGT CTG CCG TCT GGC ACC ATC ATG TTC CGT TCT ATC ATC CTG CGT CAC CTG CTG AAC TCT CCG ACT GAC CCG TTC AAC CGT CAG ACC CTG ACC GAA TCT ATG CTG GAG CCG GTT CCA GAA CTG AAA GAA CAG ATC CAG GCG TGG ATG CGT,0.2354621126851175
GAC GCT CCG GAC GAA TTC CGT GAC CCG CTG ATG GAC ACC CTG ATG ACC GAC CCG GTT CGT CTG CCG GAA GGT ACC ATC ATG GAC CGT TCT ATC ATC CTG CGT CAC CTG CTG AAC TCT CCG ACC ATC CCG TTC AAC CGC CAG ACC CTG ACC GAA TCT ATG CTG GAG CCG GTT CCA GAA CTG AAA GAA CAG ATC CAG GCG TGG ATG CGT,-1.842286075923833
GAC GCT CCG GAC GAA TTC CGC GAC CCA CTG ATG GAT ACC CTC ATG ACC GAC CCG GTT CGT CTG CCG TCT GGC ACC ATC ATG GAT ATG TCT ATC ATC CTG CGT CAC CTG CTG AAC TCT CCG ACT GAC CCG TTC AAC CGT CAA ACC CTG ACC GAA TCT ATG CTG GAG CCG GTG CCG GAA CTG GAA GAA CAG ATC CAG GCG TGG ATG CGT,0.2280650002628248
GAT GCG CCG GAC GAA TTC CGT GAC CCG CTG ATG GAC ACC CTG ATG ACC GAC CCG GTT CGT CTG CCG TCT GGT ACT ATC ATG GAC CGT TCT ATC ATC CTG CGT CAC CTC CTG AAC ACT CCA TCT GAC CCG TTC AAC CGT CAG ACC CTG ACC GAA TCT ATG CTG GAA CCA GTG CCG GAA CTG AAA GAA CAG ATC CAG GCT TGG ATG CGT,1.4943241398284384
GAC GCT CCG GAC GAA TTC CGT GAC CCG CTG ATG GAC ACC CTG ATG ACC TAC CCG GTT CGT CTG CCG TCT GGC ACC ATC ATG GAC CGT TCT ATC ATC CTG CGT CAC CTG CTG AAC TCT CCG ACC GAC CCG TTC AAC CGT CAG ACC CTG ACC GAA TCT ATG CTG GAG CCG GTT CCA GAG CTC GGT GAA CAG ATC CAG GCT TGG ATG CGC,0.0285993665972991
GAT GCG CCG GAT GAA TTC CGT GAC CCG CTG ATG GAC ACC CTG ATG ACC GAC CCG GTT CGT CTG CCG TCT GGC ACC ATC ATG GAC CGT TCT ATC ATC CTG CGT CAC CTG CTG AAC CTG CCG CCA GAC CCG TTT AAC CGT CAG ACC CTG ACC GAA TCT ATG CTG GAA CCA GTT CCA GAA CTC AAA GAA CAG ATC CAG GCG TGG ATG CGT,0.2156969850920383
GAC GCG CCA GAT GAA TTC CGT GAA CCG CTG ATG GAT ACC CTG ATG ACC GAT CCG GTT CGT CTG CCG TCT GGC ACC ATC ATG CCG CGT TCT ATC ATC CTG CGT CAC CTG CTG AAC TCT CCG ACC GAC CCG TTC AAC CGT CAG ACC CTG ACC GAA TCT ATG CTG GAG CCG GTG CCG GAG CTG AAA GAA CAG ATC CAG GCG TGG ATG CGT,-3.2415999768221893
GAT GCG CCG GAC GAA TTC CGT GAC CCG CTG ATG GAC ACC CTG ATG ACC GAC CCG GTT CGT CTG CCG TCT GGC ACC ATC ATG GAC CGT TCT ATC ATC CTG CGC CAC CTG CTG AAC TCT CCG ACC GAT CCA TTC AAC CGT CAG ACC CTG ACC GAA TCT ATG CTG GAA CCG GTG CCG GAA GAC AAA GAA CAG ATC CAG GCT TGG ATG CGC,-3.871979782464698
GAT GCG CCG GAC GAA TTC CGT GAC CCG CTG ATG GAC ACC CTG ATG ACT GAC CCG GTT CGT CTG CCG TCC GGT ACC ATC ATG GAC CGT TCT ATC ATC CTG CGT CAC CTG CTG AAC TCT CCA ACC GAC CCG TTC AAC CGC CAG ACC CTG ACC GAA TCT ATG CTG GAG CCG GTG CCG GAA CTC AAA GAA TTC ATC CAG GCT TGG ATG CGC,1.3183224401083002
GAC GCT CCA GAT GAA TTC CGT GAC CCG CTG ATG GAC ACC CTG ATG ACT GAC CCG GTT CGT CTG CCG TCT GGC ACC ATC ATG GAC GAC TCT ATC ATC CTG CGT CAC CTG CTG AAC TCT CCG ACC GAC CCA TTC AAC CGC CAG ACC CTG ACC GAA TCT ATG CTG GAA CCG GTG CCG GAA CTG CAC GAA CAG ATC CAG GCG TGG ATG CGT,-4.8218248714465
GAC GCT CCA GAC GAA TTC CGT GAC CCG CTG ATG GAC ACC CTG ATG ACC GAC CCA GTG CAG CTC CCG TCC GGT ACC ATC ATG GAC CGT TCT ATC ATC CTG CGT CAC CTG CTG AAC TCT CCG ACC GAT CCG TTC AAT CGT CAG ACC CTG ACC GAA TCT ATG CTC GAT CCG GTG CCA GAA CTG AAA GAG CAG ATC CAG GCG TGG ATG CGT,0.0606395664929683
GAT GCG CCG GAT GAA TTC CGT GAC CCG CTC ATG GAT ACC CTG ATG ACC GAC CCG GTT CGC CTG CCG TCT GGT ACT ATC ATG GAC CGT TCT ATC ATC CTG CGT CAC CTG CTG AAC TCT CCA ACC GAT CCA TTC AAC CGT CAG ACC CTG ACC GAA TCT ATG CTG GAA CCG GTG CCG GAA CTG TTT GAA CAG ATC CAG GCG TGG ATG CGT,1.8537358687119927
GAT GCG CCG GAC GAA TTC CGT GAC CCG CTG ATG GAC ACC CTG ATG ACC GAG CCG GTG CGT CTG CCG TCC GGT ACC ATC ATG GAC CGT TCT ATC ATC CTG CGT CAC CTG CTG AAC TCT CCG ACC GAC CCG TTC AAC CGC CAG ACC CTG ACT GAA TCT ATG CTG GAA CCG GTG CCG GAA CTG GTT GAG CAG ATC CAG GCG TGG ATG CGT,0.6123453044527405
GAC GCT CCG GAC GAA TTC CGT GAC CCG CTG ATG GAC ACC CTG ATG ACC GAC CCA GTT CGT CTG CCG ATG GGT ACC ATC ATG GAC CGT TCT ATC ATC CTG CGT CAC CTG CTG AAC TCT CCG ACT GAC CCG TTC TGC CGT CAG ACC CTG ACC GAA TCT ATG CTG GAA CCA GTT CCA GAA CTG AAA GAA CAG ATC CAG GCG TGG ATG CGT,0.8656538990269663
GAC GCT CCG GAC GAA TTC CGT TCT CCG CTC ATG GAT ACC CTG ATG ACC GAC CCA GTG CGT CTG CCA TCT GGC ACC ATC ATG GAC CGT TCT ATC ATC CTG CGT CAC CTG CTG AAC TCT CCA ACC GAT CCG TTC AAC CGT CAA ACT CTG ACC GAA TCT ATG CTG GAA CCG GTG CCG GAA CTG AAA GAA CAG ATC CAG GCG TGG ATG CGT,-0.3636599730193912
GAC GCG CCA GAT GAA TTC CGT GAC CCG CTG ATG GAC ACC CTG ATG ACC GAC CCG GTT CGT CTG CCG CCA GGT ACC ATC ATG GAC CGT TCT ATC ATC CTG CGT CAC CTG CTG AAC TCT CCA ACC TGC CCG TTT AAC CGT CAG ACC CTG ACC GAA TCT ATG CTG GAG CCG GTT CCG GAG CTG AAA GAA CAG ATC CAG GCG TGG ATG CGT,0.6014631417840893
GAC GCT CCG GAC GAA TTC CGT GAC CCG CTG ATG GAC ACC CTG ATG ACC GAT CCG GTT CGT CTG CCG CTG GGT ACC ATC ATG GAC CGT TCT ATC ATC CTG CGC CAC CTG CTG AAC TCT CCG ACC GAC CCG TTC ACT CGT CAA ACC CTG ACC GAA TCT ATG CTC GAA CCA GTT CCA GAA CTG AAA GAA CAG ATC CAG GCG TGG ATG CGT,0.580419486406919
GAT GCG CCG GAC GAA TTC CGT GAC CCG CTG ATG GAC ACC CTG ATG ACC GAC CCA GTT TCT CTG CCG TCT GGT ACT ATC ATG GAC CGT TCT ATC ATC CTG CGT CAC CTG CTG AAC TCT CCG ACC GAT CCA TTC AAC CGT CAG ACC CTG ACC GAA TCT ATG CTG TAC CCG GTG CCG GAA CTG AAA GAA CAG ATC CAG GCG TGG ATG CGT,-0.3247318560635461
GAC GCG CCA GAT GAA TTC CGT GAC CCG CTG CGT GAC ACC CTG ATG ACC GAC CCG GTT CGT CTG CCG TCC GGT ACC ATC ATG GAC CGT TCT ATC ATC CTG CGC CAC CTG CTC AAT TCT CCA ACT GAC CCG TTC AAC CGT CAG ACC CTG ACT GAA TCT ATG CTG GAA CCG GTG CCG GAA CTG AAA GAA CAG ATC CAG GCT TGG ATG CGT,1.4630041029725491
GAC GCG CCA GAC GAA TTC CGT GAC CCG CTG ATG GAC ACC CTG ATG ACC GAC CCA GTT GGT CTG CCG TCC GGT ACC ATC ATG GAC CGT TCT ATC ATC CTG CGT CAC CTG CTG AAC TCT CCG ACC GAT CCG TTC AAC CGT CAG ACC CTG ACC GAA TCT ATG CTG ATC CCA GTG CCA GAA CTC AAA GAA CAG ATC CAG GCG TGG ATG CGT,-0.3559933162582829
GAC GCG CCA GAT GAA TTC CGT CAC CCG CTG ATG GAC ACC CTG ATG ACC GAT CCG GTT CGT CTG CCG TCT GGC ACC ATC ATG GAA CGC TCT ATC ATC CTG CGT CAC CTC CTG AAC TCT CCG ACT GAC CCG TTC AAC CGT CAG ACC CTG ACC GAA TCT ATG CTG GAG CCA GTT CCA GAA CTC AAA GAA CAG ATC CAG GCG TGG ATG CGT,-0.2400173650608957
GAT GCG CCA GAC GAA TTC CGT GAT CCG TTC ATG GAC ACC CTG ATG ACC GAT CCG GTT CGT CTC CCA TCT GGT ACT ATC ATG GAT CGT TCT ATC ATC CTG CGT CAC CTG CTG AAC TCT CCG ACC GAC CCG TTC AAC CGT CAG ACC CTG ACT GAA TCT ATG CTG GAA CCG GTG CCG GAG CTG AAA GAA CAG ATC CAG GCG TGG ATG CGT,1.6246052315314423
GAT GCG CCG GAC GAA TTC CGT GAC CCG CTG ATG GAC ACC CTG ATG ACC GAC CCG GTT CGT CTG CCG TCT GGC ACC ATC ATG GAC CGT TCT ATC ATC CTG CGT CAC CTG CTG AAC CCG CCG AAA GAC CCG TTC AAC CGT CAG ACC CTG ACT GAA TCT ATG CTG GAA CCA GTT CCA GAA CTG AAA GAA CAG ATC CAG GCG TGG ATG CGT,-2.4935609473821985
GAC GCT CCG GAC GAA TTC CGT GAC CCG CTG ATG GAC ACC CTG ATG ACC GAC CCG GTT CGT CTG CCG TCC GGT ACC ATC ATG GAC CGT TCT ATC ATC CTG CGT CAC CTG CTG AAC CAG CCG GAA GAC CCG TTC AAC CGT CAA ACC CTG ACC GAA TCT ATG CTG GAA CCG GTG CCG GAA CTG AAA GAA CAG ATC CAG GCG TGG ATG CGT,0.8722152646881607
GAT GCT CCG GAT GAA TTC CGT GAC CCG CTG ATG GAC ACC CTG ATG ACC GAC CCG GTT CGT CTG CCG GTG GGT ACC ATC ATG GAC CGT TCT ATC ATC CTG CGC CAC CTG CTG AAC TCT CCG ACC GAT CCG TTC CTG CGT CAA ACC CTG ACC GAA TCC ATG CTG GAA CCA GTT CCA GAA CTG AAA GAA CAG ATC CAG GCG TGG ATG CGT,-1.4227628561880523
GAC GCT CCG GAC GAA TTC CGT GAC CCG CTG ATG GAC ACC CTG ATG ACT GAC CCG GTT TGC CTG CCG TCT GGT ACT ATC ATG GAC CGT TCT ATC ATC CTG CGT CAC CTG CTG AAC TCT CCG ACC GAC CCG TTC AAC CGC CAG ACC CTG ACC GAA TCT ATG CTG ATT CCG GTT CCA GAA CTG AAA GAA CAG ATC CAG GCG TGG ATG CGT,1.670699294114698
GAC GCT CCG GAC GAA TTT CGC GAT CCA CTG ATG GAT ACT CTC ATG ACC GAC CCG GTT CGT CTG CCG TCT GGC ACC ATC ATG GAC CGT TCT ATC ATC CTG CGT CAC CTG CTG AAC TCT CCA ACT GAC CCG TTC AAC CGT CAG ACT CTG CAG GAA TCT ATG CTG GAA CCG GTG CCG GAA CTG AAA GAA CAG ATC CAG GCG TGG ATG CGT,1.7315343899887008
GAC GCT CCG GAC GAA TTC CGT GAC CCG CTG ATG GAC ACC CTG ATG ACT GAC CCG GTT CGT CTG CCG TCT GGC ACC ATT ATG GAC CGT TCT ATC ATC CTG CGT CAC CTG CTG AAC TCT CCA ACC GAC CCG TTC AAC CGT CAG ACC CTG ACC GAA TCT ATG CTG GAA CCA GTT CCA GAA CTC AAA GAA CAG ATC CAG AAG TGG ATG CGC,2.440035254152426
GAC GCT CCG GAC GAA TTC CGT GAC CCG CTG ATG GAC ACC CTG ATG ACC GAT CCG GTT GCG CTG CCG TCT GGT ACT ATC ATG GAC CGT TCT ATC ATC CTG CGT CAC CTG CTG AAC TCT CCG ACC GAC CCG TTC AAC CGT CAG ACC CTG ACC GAA TCT ATG CTG GGT CCG GTT CCA GAG CTC AAA GAA CAG ATC CAG GCG TGG ATG CGT,-2.1766320354960027
GAC GCT CCG GAC GAA TTC CGT GAC CCG CTG ATG GAC ACC CTG ATG ACC CGT CCG GTT CGT CTG CCG TCT GGC ACC ATC ATG GAC CTG TCT ATC ATC CTG CGT CAC CTG CTG AAC TCT CCG ACC GAC CCG TTC AAC CGC CAG ACC CTG ACC GAA TCT ATG CTG GAG CCG GTT CCA GAG CTG AAA GAA CAG ATC CAG GCG TGG ATG CGT,0.978699151852202
GAC GCT CCG GAC GAA TTC CGC GAC CCG CTG ATG GAC ACC CTG ATG ACC GAC CCG GTT CGT CTG CCG TCT GGC ACC ATC ATG GAC CGT TCT ATC ATC CTG CGT CAC CTC CTG AAC ATC CCG CGT GAC CCG TTC AAC CGC CAG ACC CTG ACC GAA TCT ATG CTG GAA CCG GTG CCG GAA CTG AAA GAA CAG ATC CAG GCG TGG ATG CGT,1.1285675416642116
TAC GCT CCG GAC GAA TTC CGT GAC CCG CTG ATG GAC ACC CTG ATG ACC GAT CCG GTT CGT CTG CCG TCT GGC ACC ATC ATG GAC CGT TCT ATC ATC CTG CGT CAC CTG CTG AAC TCT CCG ACC GAC CCA TTC AAC CGT CAG ACC CTG ACC GAA TCT ATG CTG GAA CCG GTG CCG GAA CTG AAA GAA CAG ATC CAG GCG TGG ATG CGT,2.5602964768039875
GAC GCT CCG GAC GAA TTC CGT GAC CCG CTG ATG GAC ACC CTG ATG ACC AAC CCG GTT CGT CTG CCG TCC GGT ACC ATC ATG GAC TGG TCT ATC ATT CTG CGT CAC CTG CTG AAC TCT CCG ACC GAC CCG TTC AAC CGT CAG ACC CTG ACC GAA TCT ATG CTG GAG CCA GTT CCA GAA CTG AAA GAA CAG ATC CAG GCG TGG ATG CGC,1.229390861598807
GAC GCG CCA GAC GAG TTC CGT GAC CCG CTG ATG GAC ACC CTG ATG ACC GGC CCA GTT CGT CTG CCG TCC GGT ACC ATT ATG GAC TTC TCT ATC ATC CTG CGT CAC CTG CTG AAC TCT CCG ACC GAC CCG TTC AAC CGT CAG ACC CTG ACC GAA TCT ATG CTG GAA CCG GTG CCG GAG CTG AAA GAA CAA ATC CAG GCG TGG ATG CGT,0.6185524659292607
GAC GCG CCA GAT GAA TTC CGT GAC CCG CTG ATG GAC ACC CTG ATG ACC GAC CCG GTT CGT CTG CCG TCT GGC ACC ATC ATG GAC CGT TCT ATC ATC CTG CGT CAC CTG CTG AAC GAC CCG TCT GAT CCG TTC AAC CGC CAG ACC CTG ACC GAA TCT ATG CTG GAG CCG GTT CCA GAA CTG AAA GAA CAG ATC CAG GCT TGG ATG CGC,1.6872893481346405
GAC GCT CCG GAC GAA TTC CGT GAT CCG CTG ATG GAC ACC CTG ATG ACC GAC CCG GTT CGT CTG CCG TCT GGC ACC ATC ATG GAC CGT TGC ATC ATC CTG CGT CAC CTG CTG AAC TCT CCG ACT GAC CCG TTC AAC CGT CAG ACC CTG ACC GAA TCT ATG CTG GAA CCA GTG CCG GAA CTG AAA GAA CAG ATC CAG GCG TGG ATG CGT,2.3999235571166952
GAT GCG CCG GAT GAA TTC CGT GAC CCG CTG ATG GAC ACC CTG ATG ACC GAC CCG GTT CGT CTC CCG TCT GGT ACT ATC ATG GAC CGT TCT ATC ATC CTG CGT CAC CTG CTG AAC AAA CCG TAC GAC CCG TTC AAC CGT CAG ACC CTG ACC GAA TCT ATG CTC GAA CCA GTT CCA GAA CTG AAA GAA CAG ATC CAG GCT TGG ATG CGT,2.164711051125632
GAC GCT CCG GAC GAA TTT CGT GAC CCG CTG ATG GAC ACC CTG ATG ACC GAC CCG GTT CGT CTG CCG TCT GGC ACC ATC ATG GAC AAA TCT ATC ATC CTC CGT CAC CTG CTG AAC TCT CCG ACC GAT CCG TTC AAC CGC CAG ACC CTG ACC GAA TCT ATG CTG GAA CCA GTT CCA GAG CTG GGT GAA CAG ATC CAG GCG TGG ATG CGT,-0.0229723283523526
GAT GCG CCG GAT GAA TTC CGT GAC CCG CTG ATG GAC ACC CTG ATG ACC GAC CCG GTT CGT CTG CCG TCT GGC ACC ATT ATG GAC CGT TCT ATC ATC CTG CGT CAC CTG CTG AAC ATG CCG GAC GAT CCG TTT AAT CGT CAG ACC CTG ACC GAA TCT ATG CTG GAA CCG GTG CCG GAA CTG AAA GAA CAG ATC CAG GCG TGG ATG CGT,0.122368214384526
GAC GCT CCG GAC GAA TTC CGT GAC CCG CTG ATG GAC ACC CTG ATG ACC GAA CCA GTT CGT CTG CCG TCC GGT ACC ATC ATG GAT ATG TCT ATC ATC CTG CGT CAC CTG CTG AAC TCT CCG ACC GAC CCG TTC AAC CGT CAG ACC CTG ACC GAG TCT ATG CTG GAG CCG GTG CCG GAG CTC AAA GAA CAG ATC CAG GCG TGG ATG CGC,0.8994580292721195
GAC GCT CCG GAT GAA TTC CGT GAT CCG CTG ATG GAC ACC CTG ATG ACC CAC CCG GTT CGT CTG CCG TCT GGC ACC ATC ATG GAC AAA TCT ATC ATC CTC CGT CAC CTG CTC AAC TCT CCG ACT GAC CCG TTC AAC CGC CAA ACC CTG ACC GAA TCT ATG CTG GAG CCG GTT CCA GAG CTG AAA GAA CAG ATC CAG GCG TGG ATG CGT,0.6608906366170615
GAC GCT CCG GAC GAA TTC CGT GAC CCG CTC ATG GAC GCT CTG ATG ACC GAT CCG GTT CGT CTG CCG TCT GGT ACT ATC ATG TGG CGT TCT ATC ATC CTG CGT CAC CTG CTG AAC TCT CCG ACC GAC CCA TTC AAC CGT CAG ACC CTG ACC GAA TCT ATG CTG GAG CCG GTG CCG GAA CTG AAG GAA CAG ATT CAG GCG TGG ATG CGT,0.8640266551710186
GAC GCT CCG GAC GAG TTC CGT CCG CCG CTG ATG GAC ACC CTG ATG ACC GAC CCG GTT CGT CTG CCA TCT GGT ACT ATT ATG TGG CGT TCC ATC ATC CTG CGT CAC CTG CTG AAC TCT CCG ACC GAT CCG TTC AAC CGT CAG ACC CTG ACC GAA TCT ATG CTG GAA CCG GTG CCG GAA CTG AAA GAA CAG ATC CAG GCG TGG ATG CGT,0.3327837543580291
GAT GCT CCG GAC GAA TTC CGT GAC CCG CTG ATG GAC ACC CTG ATG ACC GAC CCA GTT CGT CTG CCG TTC GGT ACC ATC ATG GAC CGT TCT ATC ATC CTG CGT CAC CTC CTC AAC TCT CCA ACT GAC CCG TTC GTG CGT CAG ACC CTG ACC GAA TCT ATG CTG GAA CCG GTG CCG GAG CTG AAG GAA CAG ATC CAG GCT TGG ATG CGC,1.206177229115512
GAT GCG CCG GAC GAA TTC CGT GAC CCG CTG ATG GAC CAC CTC ATG ACT GAT CCG GTT CGT CTG CCA TCT GGT ACT ATT ATG CTG CGT TCT ATC ATC CTG CGT CAC CTG CTG AAC TCT CCG ACC GAC CCG TTC AAC CGT CAG ACC CTG ACC GAA TCT ATG CTG GAA CCG GTG CCA GAA CTC AAA GAG CAG ATC CAG GCG TGG ATG CGT,0.7911011825641212
GAC GCT CCG GAC GAA TTC CGT GAT CCG CTG ATG GAC ACC CTG ATG ACC GAT CCG GTT CGT CTG CCG GTG GGT ACC ATC ATG GAC CGT TCT ATC ATC CTG CGT CAC CTG CTG AAC TCT CCG ACC GAC CCA TTC CAA CGT CAG ACT CTG ACC GAA TCT ATG CTG GAA CCA GTT CCA GAG CTG AAA GAA CAG ATC CAG GCG TGG ATG CGT,-2.3133524057644284
GAT GCG CCA GAT GAA TTC CGT CAG CCG CTG ATG GAC ACC CTG ATG ACT GAC CCG GTT CGT CTG CCG TCC GGT ACC ATC ATG GTT CGT TCT ATC ATC CTG CGT CAC CTG CTC AAT TCT CCG ACC GAC CCG TTT AAC CGT CAG ACC CTG ACC GAA TCT ATG CTG GAA CCA GTT CCA GAA CTC AAA GAA CAG ATC CAG GCG TGG ATG CGT,-0.0709811457971174
GAC GCG CCA GAT GAG TTC CGT GAC CCG CTG ATG GAC ATG CTG ATG ACC GAC CCA GTT CGT CTC CCG TCT GGT ACT ATC ATG GGT CGT TCT ATC ATC CTG CGT CAC CTG CTG AAC TCT CCG ACC GAT CCG TTC AAC CGT CAG ACC CTG ACC GAA TCT ATG CTG GAA CCA GTG CCG GAA CTG AAA GAA CAG ATC CAG GCG TGG ATG CGC,-3.171845697926195
GAT GCG CCG GAC GAA TTC CGT GAC CCG CTG ATG GAC ACC CTG ATG ACC GAC CCG GTT CGT CTG CCG TCT GGC ACC ATC ATG GAC CGT TCT ATC ATC CTG CGT CAC CTG CTG AAC TCT CCG ACC GAC ATC TTC AAC CGT CAG ACC CTG ACC GAA TCT ATG CTG GAG CCA GTT CCA GAA CTG AAA GAA CAG ATC CAG GCG TGG ATG CGT,-0.754285310078314
GAC GCT CCG GAC GAA TTC CGT GAC CCG CTG ATG GAC ACC CTG ATG ACC GAC CCG GTT CGT CTG CCG GGT GGC ACC ATC ATG GAC CGT TCT ATC ATC CTG CGT CAC CTG CTG AAC TCT CCG ACC TGG CCG TTC AAC CGT CAA ACC CTG ACC GAA TCT ATG CTG GAA CCA GTT CCA GAA CTG AAA GAA CAG ATC CAG GCG TGG ATG CGT,0.3779509126241607
GAC GCT CCG GAC GAA TTC CGT GAC CCA CTG ATG GAT ACT CTC ATG ACC GAC CCG GTT CGT CTG CCG ATG GGT ACC ATC ATG GAC CGT TCT ATC ATC CTG CGT CAC CTG CTG AAC TCT CCG ACT CCA CCA TTC AAC CGC CAG ACC CTG ACC GAA TCT ATG CTG GAG CCA GTG CCG GAA CTG AAA GAA CAG ATC CAG GCG TGG ATG CGT,-2.308731809941078
GAT GCG CCA GAC GAA TTC CGT GAC CCG CTG ATG GAC ACC CTG ATG ACC GAC CCG GTG CGT CTG CCG AAC GGT ACC ATC ATG GAC CGT TCT ATC ATC CTG CGT CAC CTG CTG AAC TCT CCG ACC CAG CCG TTC AAC CGT CAG ACC CTG ACC GAA TCT ATG CTG GAA CCG GTG CCG GAA CTG AAA GAA CAG ATC CAG GCT TGG ATG CGT,-0.4946622845122535
GAC GCT CCG GAC GAA TTC CGT GAC CCG CTG ATG GAT ACC CTC ATG ACC GAC CCG GTT CGT CTG CCG TCC GGT ACC ATC ATG GAC CGT TCT ATC ATC CTG CGT CAC CTG TCT AAC TCT CCG ACC GAT CCG TTC AAC CGT CAA ACC CTG ACC GAA TCT ATG CTG GAG CCG GTT CCA GAG CTG AAA GAA CAG ATC CAG GCG TGG ATG CGT,2.3017758311597287
GAC GCG CCA GAT GAA TTC CGT GTT CCG CTG ATG GAC ACC CTG ATG ACC GAC CCG GTT CGT CTG CCG TCT GGT ACT ATT ATG CCG CGT TCT ATC ATC CTG CGT CAC CTG CTG AAC TCT CCG ACT GAC CCG TTC AAC CGT CAG ACC CTG ACC GAA TCT ATG CTC GAA CCA GTT CCA GAG CTG AAA GAA CAG ATC CAG GCG TGG ATG CGT,-5.269689475591315
GAT GCG CCG GAC GAA TTC CGT GAC CCG CTG ATG GAC ACC CTG ATG ACC GAC CCG GTT CGT CTG CCG TGC GGT ACC ATC ATG GAC CGT TCT ATC ATC CTG CGT CAC CTG CTG AAC TCT CCG ACC AAC CCG TTC AAC CGT CAG ACC CTG ACC GAA TCT ATG CTG GAA CCG GTG CCG GAA CTG AAA GAA CAG ATC CAG GCG TGG ATG CGT,1.8408588938778945
GAC GCT CCA GAC GAA TTC CGT GAC CCG CTG ATG GAC ACC CTG ATG ACC GAC CCG GTT CGT CTC CCG TCT GGC ACC ATC ATG GAC CGT TCT ATC ATC CTG CGT CAC CTG CTG AAC TCT CCG ACC TTC CCG TTC AAC CGT CAA ACC CTG ACC GAA TCT ATG CTG GAA CCA GTT CCA GAA CTG AAA GAA CAG ATC CAG GCT TGG ATG CGC,0.2106931569960244
GAC GCT CCA GAC GAG TTC CGT GAC CCG CTG ATG GAC ACC CTG ATG ACC GAT CCG GTT CGT CTG CCG TGC GGT ACC ATC ATG GAC CGT TCT ATC ATC CTG CGT CAC CTC CTG AAC TCT CCA ACC GAC CCA TTC ATC CGC CAG ACC CTG ACC GAG TCT ATG CTG GAA CCA GTT CCA GAG CTC AAA GAG CAG ATC CAA GCG TGG ATG CGC,0.8302081600891453
GAT GCG CCA GAC GAA TTC CGT GAC CCG CTG ATG GAC ACC CTG ATG ACT GGT CCA GTT CGT CTC CCG TCC GGT ACC ATC ATG GAC AAC TCT ATC ATC CTG CGT CAC CTG CTG AAC TCT CCG ACT GAC CCG TTC AAC CGT CAG ACC CTG ACC GAA TCT ATG CTG GAA CCA GTT CCG GAG CTG AAA GAA CAG ATC CAG GCG TGG ATG CGT,-1.5471019724897237
GAC GCT CCG GAC GAA TTC CGT GAC CCG CTG ATG GAC ACC CTG ATG ACC CTG CCG GTG CGT CTG CCG TCT GGC ACC ATC ATG GAC CGT TCT ATC ATC CTG CGT CAC CTG CTG AAC TCT CCG ACC GAC CCG TTC AAC CGC CAG ACC CTG ACC GAA TCC ATG CTG GAA CCA GTG CCG GAA CTG TCC GAA CAG ATC CAG GCG TGG ATG CGT,0.1108895293340001
GAC GCT CCG GAT GAA TTC CGT GAC CCG CTG ATG GAC ACC CTG ATG ACT GAC CCG GTT TGC CTG CCA TCT GGC ACC ATC ATG GAC CGT TCT ATC ATC CTG CGT CAC CTG CTG AAC TCT CCG ACC GAT CCG TTT AAC CGT CAG ACC CTG ACC GAA TCT ATG CTG ATG CCG GTG CCG GAA CTG AAA GAA CAG ATC CAG GCT TGG ATG CGT,1.314260926790666
GAC GCT CCG GAT GAA TTC CGT GAC CCG CTG ATG GAC ACC CTG ATG ACC GAT CCG GTT CGT CTG CCG TCT GGC ACC ATC ATG GAC CGT TCT ATC ATC CTG CGT CAC CTG CTG AAC TCT CCG ACC GAC CCG TTC AAC CGT CAA ACC CTG ACC GAA TCT ATG CTG GAG CCG GTT CCA GAA CTG AAG GAA CAG ATC CAG GCG TGG ATG ATG,2.4724574624286304
GAC GCT CCG GAT GAA TTC CGT GAC CCG CTC ATG GAC CAG CTG ATG ACC GAT CCA GTT CGT CTG CCG TCT GGC ACC ATC ATG CAC CGT TCT ATC ATC CTG CGT CAC CTG CTG AAC TCT CCG ACC GAC CCG TTC AAC CGC CAG ACC CTG ACC GAA TCT ATG CTC GAA CCG GTG CCG GAA CTG AAA GAA CAG ATC CAG GCT TGG ATG CGC,-0.4624928638789246
GAC GCG CCA GAC GAA TTC CGT GAC CCG CTG ATG GAC ACC CTG ATG ACC GAC CCA GTT CGC CTG CCA GGC GGT ACC ATC ATG GAC CGT TCT ATC ATC CTG CGT CAC CTG CTG AAC TCT CCG ACC GAT CCG TTC TGC CGT CAA ACC CTG ACC GAA TCT ATG CTG GAG CCG GTG CCA GAA CTG AAA GAA CAG ATC CAG GCG TGG ATG CGT,1.1847627443010067
GAC GCG CCA GAC GAA TTC CGT GAC CCG CTG ATG GAC ACC CTG ATG ACC GAC CCA GTG CGT CTG CCG TTC GGT ACC ATC ATG GAC CGT TCT ATC ATC CTG CGT CAC CTG CTG AAC TCT CCG ACT GAC CCG TTC CGT CGT CAG ACC CTG ACC GAA TCT ATG CTG GAA CCG GTG CCG GAA CTG AAA GAA CAG ATC CAG GCT TGG ATG CGT,-0.0960194878692767
GAC GCT CCG GAT GAA TTC CGT GAC CCG CTC ATG GAC ACC CTC ATG ACC GAC CCG GTT CGC CTG CCG CAG GGT ACC ATT ATG GAC CGT TCT ATC ATC CTG CGT CAC CTC CTG AAC TCT CCG ACC CAG CCG TTC AAC CGC CAG ACC CTG ACC GAA TCT ATG CTG GAA CCA GTT CCA GAA CTG AAA GAA CAG ATC CAG GCG TGG ATG CGT,-3.058389700744232
GAC GCT CCA GAT GAA TTT CGC GAT CCG CTG ATG GAC ACC CTG ATG ACC ATC CCG GTT CGT CTG CCG TCT GGT ACT ATC ATG GAC CGT TCT ATC ATC CTG CGT CAC CTG CTG AAC TCT CCG ACC GAC CCG TTC AAC CGT CAA ACC CTG ACC GAA TCT ATG CTG GAA CCA GTT CCA GAA CTG CAG GAA CAG ATC CAG GCG TGG ATG CGT,0.5736529513990624
GAC GCT CCA GAC GAA TTC CGT GAC CCG CTG ATG GAT ACC CTG ATG ACC GAA CCG GTG CGT CTG CCG TCT GGC ACC ATC ATG GAT CGT TCT ATC ATC CTC CGT CAC CTG CTG AAC TCT CCG ACC GAC CCA TTC AAC CGT CAA ACC CTG ACC GAG TCT ATG CTG GAA CCA GTG CCG GAG CTG CAG GAA CAG ATC CAG GCG TGG ATG CGT,1.303009873429577
GAT GCT CCG GAC GAA TTT CGT GAC CCA CTG ATG GAT ACT CTG ATG ACT GAC CCG GTT CGT CTC CCG TCT GGC ACC ATC ATG GAC CGT TCT ATC ATG CTG CGT CAC CTG CTG AAC TCT CCG ACC GAC CCG TTC AAC CGT CAA ACC CTG ACC GAA TCT ATG CTG GAG CCA GTT CCA GAA CTG AAG GAA CAG ATC CAG GCT TGG ATG CGT,-0.7119992488196858
GAC GCG CCA GAC GAG TTC CGT GAC CCG CTG ATG GAC ACC CTG ATG ACC GAC CCG GTT CGC CTG CCA TCT GGT ACT ATC ATG GAC CCG TCT ATC ATC CTG CGC CAC CTG CTC AAC TCT CCG ACT GAC CCG TTC AAT CGT CAG ACC CTG ACC GAA TCT ATG CTG GAA CCA GTG CCG GAG CTG TCT GAA CAG ATC CAG GCG TGG ATG CGT,-1.0347233204233492
GAT GCG CCG GAC GAA TTC CGT AAA CCG CTG ATG GAC ACC CTG ATG ACC GAC CCG GTT CGT CTG CCG TCT GGT ACT ATT ATG CTG CGC TCT ATC ATC CTG CGT CAC CTG CTG AAC TCT CCG ACC GAT CCG TTC AAC CGT CAG ACC CTG ACC GAA TCT ATG CTG GAA CCG GTG CCA GAA CTC AAA GAA CAG ATC CAG GCG TGG ATG CGT,0.556313070114217
GAT GCG CCG GAC GAA TTC CGT GAC CCG CTG ATG GAC ACC CTG ATG ACC GAC CCG GTT CGT CTC CCG ACC GGT ACC ATC ATG GAC CGT TCT ATC ATC CTG CGT CAC CTG CTG AAC TCT CCG ACC GCG CCA TTC AAC CGT CAG ACC CTG ACT GAA TCT ATG CTG GAA CCA GTG CCA GAG CTG AAA GAA CAG ATC CAG GCG TGG ATG CGT,-4.057126217459191
GAT GCT CCG GAC GAA TTT CGT GAC CCG CTG ATG GAC ACC CTG ATG ACT GAC CCG GTT CGT CTG CCG TCC GGT ACC ATC ATG GAC CGT TCT ATC AAA CTG CGT CAC CTG CTG AAC TCT CCG ACC GAC CCG TTC AAC CGT CAG ACC CTG ACC GAA TCT ATG CTG GAA CCG GTG CCG GAA CTG AAA GAA CAG ATC CAG GCT TGG ATG CGC,-2.938306355312241
GAC GCG CCA GAC GAA TTC CGT GAC CCG CTG ATG GAC ACC CTG ATG ACC GAC CCG GTT GAA CTG CCG TCT GGT ACT ATC ATG GAC CGT TCT ATC ATC CTG CGT CAC CTG CTG AAC TCT CCG ACT GAC CCG TTT AAC CGT CAG ACC CTG ACC GAA TCT ATG CTG TGC CCG GTT CCA GAA CTG AAA GAA CAG ATC CAG GCG TGG ATG CGT,0.6568039700271433
GAT GCG CCG GAC GAA TTC CGT GAC CCG CTG ATG GAC ACC CTG ATG ACC GAC CCG GTT CGT GAG CCA TCT GGC ACC ATC ATG GAC CGT TCT ATC ATC CTG CGT CAC CTG CTG AAC TCT CCG ACC GAT CCA TTC AAC CGT CAA ACT CTG ACC GAA TCT ATG CTG GAG CCG GTT CCG GAG CTG AAA GAA CAG ATC CAG GCG TGG ATG CGT,-3.476977746913272
GAT GCG CCG GAC GAA TTC CGT GAC CCG CTG ATG GAC ACC AAA ATG ACC GAT CCA GTT CGC CTG CCG TCT GGC ACC ATT ATG GAC CGT TCT ATC ATC CTG CGT CAC CTG CTG AAC TCT CCG ACC GAC CCG TTC AAT CGT CAA ACC CTG ACC GAA TCC ATG CTG GAA CCG GTG CCG GAA CTG AAA GAA CAG ATC CAG GCT TGG ATG CGT,-0.9602562771865828
GAC GCT CCG GAC CGT TTC CGT GAC CCG CTG ATG GAC ACC CTG ATG ACC GAC CCG GTT CGT CTG CCG TCT GGC ACC ATC ATG GAC CGC TCT ATC ATC CTG CGT CAC CTG CTG AAC TCT CCG ACC GAT CCG TTC AAC CGT CAG ACC CTG ACC GAA TCT ATG CTG GAA CCG GTG CCG GAA CTG AAA GAA CAG ATC CAG GCG TGG ATG CGT,2.5925393764240017
GAT GCG CCG GAC GAA TTC CGT GAC CCG CTG ATG GAC ACC CTG ATG ACC GAC CCG GTT CGC CTG CCG TCT GGC ACC ATC ATG GAT ACC TCT ATC ATC CTG CGT CAC CTC CTG AAC TCT CCG ACT GAC CCA TTC AAC CGT CAG ACC CTG ACC GAA TCT ATG CTG GAG CCA GTT CCA GAA CTG AAC GAA CAG ATC CAG GCG TGG ATG CGT,-0.1641869578378036
GAC GCT CCG GAC GAA TTC CGT ACT CCG CTC ATG GAT ACT CTC ATG ACT GAC CCG GTT CGT CTG CCG TCT GGC ACC ATT ATG CAG CGT TCT ATC ATC CTG CGT CAC CTG CTG AAC TCT CCG ACC GAC CCA TTC AAC CGT CAG ACC CTG ACC GAA TCT ATG CTG GAA CCG GTG CCG GAA CTG AAA GAA CAG ATC CAG GCG TGG ATG CGT,-2.732621887372058
GAT GCG CCG GAC GAA TTC CGT CGT CCG CTG ATG GAC ACC CTG ATG ACC GAT CCA GTT CGT CTG CCG TCT GGC ACC ATC ATG GGT CGT TCT ATC ATC CTG CGT CAC CTG CTG AAT TCT CCG ACC GAC CCG TTC AAC CGC CAG ACC CTG ACC GAA TCT ATG CTG GAA CCA GTT CCA GAA CTG AAA GAA CAG ATC CAG GCG TGG ATG CGT,-2.955084072754353
GAT GCG CCG GAC GAA TTC CGT GAC CCG CTG ATG GAC ACC CTG ATG ACC GAC CCG GTT CGT CTG CCG TCT GGC ACC ATC ATG GAC CGT TCT ATC ATC CTG CGT CAC CTG CTG AAC AAC CCG AAC GAC CCG TTC AAC CGT CAG ACC CTG ACC GAA TCT ATG CTG GAA CCA GTG CCG GAG CTC AAA GAG CAG ATC CAG GCG TGG ATG CGT,1.1981317665285245
GAT GCG CCG GAC GAA TTC CGT GAC CCG CTG ATG GAC GGT CTG ATG ACC GAC CCG GTT CGT CTG CCG TCT GGC ACC ATT ATG ATT CGT TCC ATC ATC CTG CGT CAC CTG CTG AAC TCT CCG ACT GAC CCG TTC AAC CGT CAG ACC CTG ACC GAA TCT ATG CTG GAG CCG GTT CCA GAA CTC AAA GAA CAG ATC CAG GCG TGG ATG CGT,0.2163944752077088
GAT GCT CCG GAC GAA TTC CGC GAC CCG CTG ATG GAC ACC CTG ATG ACC GAC CCG GTT CGT CTG CCG TCT GGC ACC ATT ATG GAC CGT TCT ATC ATC CTG CGT CAC CTG CTG AAC AAC CCA TCT GAC CCG TTC AAC CGT CAG ACC CTG ACC GAA TCT ATG CTG GAA CCG GTG CCG GAA CTG AAA GAA CAG ATC CAG GCG TGG ATG CGT,1.4454416145942168
GAC GCT CCG GAC GAA TTC CGT GAC CCG CTG ATG GAC ACC CTG ATG ACC TAC CCA GTT CGC CTG CCG TCT GGT ACT ATC ATG GAC CGT TCT ATC ATC CTG CGC CAC CTG CTC AAC TCT CCG ACC GAC CCG TTC AAC CGC CAG ACC CTG ACC GAA TCT ATG CTC GAA CCG GTG CCG GAA CTG CTG GAA CAG ATC CAG GCG TGG ATG CGT,1.7374437720180804
GAT GCG CCG GAC GAA TTT CGT GAC CCG CTC ATG GAT ACC CTG ATG ACC AAC CCG GTT CGT CTG CCG TCT GGC ACC ATC ATG GAC CGT TCT ATC ATC CTG CGT CAC CTG CTG AAC TCT CCG ACC GAC CCG TTC AAC CGT CAG ACC CTG ACC GAA TCT ATG CTG GAG CCG GTT CCA GAG CTG ATG GAG CAG ATC CAG GCG TGG ATG CGT,1.2364245201410655
GAT GCG CCG GAC GAA TTC CGT GAC CCG CTG ATG GAC ACC CTG ATG ACC GAC CCG GTT CAT CTG CCG TCC GGT ACC ATC ATG GAC CGT TCT ATC ATC CTG CGT CAC CTG CTG AAC TCT CCG ACC GAT CCG TTC AAC CGC CAG ACC CTG ACC GAA TCT ATG CTG CAC CCA GTG CCG GAG CTG AAA GAA CAG ATC CAG GCG TGG ATG CGT,-0.3226602376687036
GAT GCG CCG GAC GAA TTC CGT GAC CCG CTG ATG GAC ACC CTG ATG ACT GAC CCG GTT CGT CTG CCG TCT GGC ACC ATC ATG GAC CGT TCT ATC ATC CTG CGT CAC CTG CTG AAC TCT CCG ACC GAC CGT TTC AAC CGT CAA ACC CTG ACC GAG TCT ATG CTG GAG CCG GTG CCG GAG CTG AAA GAA CAG ATC CAG GCT TGG ATG CGT,-1.2102042439030274
GAT GCG CCG GAT GAA TTC CGT GAC CCG CTG ATG GAC ACC CTG ATG ACT GGT CCG GTT CGT CTG CCG TCT GGC ACC ATC ATG GAT GTT TCT ATC ATC CTG CGC CAC CTG CTG AAC TCT CCG ACC GAC CCG TTC AAC CGT CAG ACC CTG ACC GAA TCT ATG CTG GAG CCG GTT CCA GAA CTG AAA GAA CAG ATC CAG GCG TGG ATG CGT,0.7044200809639432
GAC GCG CCA GAT GAA TTC CGT GAC CCG CTG ATG GAC ACC CTG ATG ACT GCG CCG GTT CGT CTG CCG TCT GGT ACT ATC ATG GAT GAA TCT ATC ATC CTG CGT CAC CTG CTG AAC TCT CCG ACC GAC CCG TTC AAC CGT CAG ACC CTG ACC GAG TCT ATG CTG GAA CCG GTG CCG GAG CTG AAA GAA CAG ATC CAG GCG TGG ATG CGC,-3.0110307084253263
GAC GCG CCA GAC GAA TTC CGT GAC CCG CTG ATG GAC ACC CTG ATG ACC GAC CCG GTT ATG CTG CCG TCT GGT ACT ATC ATG GAC CGT TCT ATC ATC CTG CGT CAC CTG CTG AAC TCT CCG ACT GAC CCG TTC AAC CGT CAG ACC CTG ACC GAA TCT ATG CTG TCT CCG GTT CCG GAG CTG AAA GAA CAG ATC CAG GCG TGG ATG CGT,1.6230033956670835
GAC GCT CCG GAC GAA TTC CGT GAC CCG CTG ATG GAC ACC CTG ATG ACC TGG CCG GTT CGT CTC CCG TCT GGC ACC ATC ATG GAC CGT TCT ATC ATC CTG CGT CAC CTG CTG AAC TCT CCG ACC GAC CCG TTC AAC CGT CAA ACC CTG ACC GAA TCT ATG CTG GAA CCG GTG CCG GAA CTC TTC GAA CAG ATC CAG GCT TGG ATG CGT,1.1960253585192966
GAT GCG CCG GAC GAA TTC CGT GAC CCG CGT ATG GAC ACC CTG ATG ACC GAC CCG GTT CGT CTG CCG TCC GGT ACC ATC ATG GAC CGT TCT ATC ATC CTG CGT CAC CTG CTG AAC TCT CCG ACT GAT CCG TTC AAC CGT CAA ACC CTG ACC GAA TCT ATG CTG GAG CCG GTT CCA GAG CTC AAA GAA CAG ATC CAG GCG TGG ATG CGT,-0.0385305722246286
GAC GCT CCG GAC GAA TTC CGT GAC CCG CTG ATG GAC ACC CTG ATG ACT CCA CCG GTT CGT CTG CCG TCT GGT ACT ATC ATG GAC CAG TCT ATC ATC CTG CGT CAC CTG CTG AAC TCT CCG ACC GAC CCG TTC AAC CGT CAG ACC CTG ACC GAA TCT ATG CTG GAA CCA GTG CCG GAA CTG AAA GAA CAG ATC CAG GCG TGG ATG CGT,-3.351137750983275
GAT GCG CCG GAC GAA TTC CGT GAC CCG CTG ATG GAC ACC CTG ATG ACC GAT CCG GTT TGC CTG CCG TCT GGT ACT ATC ATG GAC CGT TCT ATC ATC CTG CGT CAC CTG CTG AAC TCT CCG ACC GAC CCG TTC AAC CGT CAG ACC CTG ACC GAA TCT ATG CTG TGC CCG GTT CCA GAA CTG AAA GAA CAG ATC CAG GCG TGG ATG CGT,1.0747075298446385
GAC GCG CCA GAT GAA TTC CGT GAC CCG CTG ATG GAC ACC CTG ATG ACC GAG CCG GTT CGT CTC CCG TCT GGC ACC ATC ATG GAC CGT TCT ATC ATC CTG CGT CAC CTG CTG AAC TCT CCG ACC GAC CCG TTC AAC CGT CAA ACT CTG ACC GAA TCT ATG CTG GAA CCG GTG CCG GAG CTG CCG GAA CAG ATC CAG GCG TGG ATG CGT,-3.1152928084176303
GAC GCT CCG GAC GAA TTC CGT CTG CCG CTG ATG GAC ACC CTG ATG ACC GAC CCG GTT CGT CTC CCG TCC GGT ACC ATC ATG AAA CGT TCT ATC ATC CTG CGT CAC CTG CTG AAC TCT CCG ACC GAT CCG TTC AAC CGT CAG ACC CTG ACC GAA TCT ATG CTG GAA CCA GTG CCG GAA CTG AAA GAA CAG ATC CAG GCG TGG ATG CGT,-2.0245078898497635
GAC GCT CCG GAC GAA TTC CGC GAC CCA CTG ATG GAT ACC CTC ATG ACC GAC CCG GTT CGT CTG CCG TCT GGC ACC ATC ATG GAC GTT TCT ATC ATC CTG CGC CAC CTG CTG AAC TCT CCG ACT GAT CCG TTC AAC CGC CAG ACC CTG ACC GAA TCT ATG CTG GAA CCG GTG CCG GAA CTG TAC GAA CAG ATC CAG GCT TGG ATG CGT,0.9530722137705208
GAC GCT CCA GAT GAA TTC CGT GAC CCG CTG ATG GAC ACC CTG ATG ACC GCG CCA GTG CGT CTC CCG TCT GGC ACC ATC ATG GAC GCT TCT ATC ATC CTG CGT CAC CTG CTG AAC TCT CCG ACC GAT CCG TTC AAC CGT CAG ACC CTG ACC GAA TCT ATG CTG GAA CCA GTT CCG GAG CTG AAA GAA CAG ATC CAG GCG TGG ATG CGT,-0.0114920337495355
GAT GCT CCG GGT GAG TTC CGT GAC CCG CTG ATG GAC ACT CTG ATG ACT GAC CCA GTG CGT CTG CCG TCT GGT ACT ATC ATG GAC CGT TCT ATC ATC CTG CGC CAC CTG CTC AAC TCT CCG ACC GAC CCG TTC AAT CGT CAG ACC CTG ACC GAA TCT ATG CTG GAA CCG GTG CCG GAA CTG AAA GAA CAG ATC CAG GCG TGG ATG CGT,2.3861020296662208
GAC GCT CCG GAC GAA TTC CGT GAC CCG CTG ATG GAC ACC CTG ATG ACC GAC CCG GTT CGT CTG CCG TCT GGT ACT ATC ATG GAC CGT TCT ATC ATC CTG CGT CAC CTG CTG AAC TCT CCG ACC GAT CCA TTC AAC CGT CAG ACC CTG ACC GAA TCT ATG CTG GAA CCG GTG CCA GAA CTC AAA GAA CAG ATC CAG GCG TGG TGT CGT,2.250792267291037
GAC GCT CCG GAC GAA TTC CGT GAC CCG CTG ATG GAT ACC CTG ATG ACC GAT CCG GTT CGC CTG CCG TCT GGC ACC ATT ATG GAC CGC TCT ATC ATC CTG CGC CAC CTG CTC AAC TCT CCG ACC GAC CCG TTC AAC ATC CAG ACC CTG ACC GAA TCT ATG CTG GAA CCG GTG CCG GAG CTG AAA GAA CAG ATC CAA GCG TGG ATG CGC,0.7335516422604706
GAC GCT CCG GAC GAG TTC CGT GAC CCG CTG ATG GAC GGT CTG ATG ACC GAC CCG GTT CGT CTG CCG TCT GGC ACC ATC ATG AAC CGT TCT ATC ATC CTG CGT CAC CTG CTG AAC TCT CCG ACT GAC CCA TTC AAC CGT CAG ACC CTG ACC GAA TCT ATG CTG GAG CCA GTT CCA GAG CTC AAA GAA CAG ATC CAG GCG TGG ATG CGT,-2.4315080035173766
GAC GCG CCA GAC GAA TTC CGT GAC CCG CTG ATG GAC ACC CTG ATG ACC GAC CCA GTG CGT CTG CCG TCC GGT ACC ATC ATG GAC CGT TCT ATC ATC CTG CGT CAC CTG CTG AAC TCT CCG ACC GAT CCG TTC AAC CGT CAG ACC CTG ACC GAA TCT GCG CTG GAA CCA GTT CCG GAG CTG AAA GAA CAG ATC CAG GCG TGG ATG CGT,0.9748274049606932
GAT GCG CCG GAC GAA TTC CGT GAC CCG CTG ATG GAC ACC CTG ATG ACC GAT CCG GTT CGT CTG CCG CAC GGT ACC ATC ATG GAC CGT TCT ATC ATC CTG CGC CAC CTG CTG AAC TCT CCG ACC GAC CCA TTC CTG CGT CAG ACC CTG ACC GAA TCT ATG CTG GAA CCA GTT CCG GAG CTG AAA GAA CAG ATC CAG GCG TGG ATG CGT,-0.1353882438450724
GAC GCG CCA GAT GAA TTC CGT GAC CCA CTG ATG GAC ACC CTG ATG ACC GAC CCG GTT CGT CTG CCG TCT GGC ACC ATC ATG GAC CGT TCT ATC ATC CTG CGT CAC CTG CTC AAC TGG CCG TAC GAC CCG TTC AAC CGT CAG ACT CTG ACC GAA TCT ATG CTG GAG CCG GTG CCG GAG CTG AAA GAG CAG ATC CAG GCT TGG ATG CGT,2.4501964181110205
GAC GCT CCG GAT GAA TTC CGT GAT CCG CTG ATG GAC ACC CTG ATG ACC GAT CCG GTT CGT CTC CCG TCT GGT ACT ATC ATG GAC CAG TCT ATC ATC CTG CGT CAC CTG CTG AAC TCT CCG ACC GAC CCG TTT AAC CGC CAG ACC CTG ACC GAA TCT ATG CTG GAA CCA GTG CCG GAA CTC CCG GAA CAG ATC CAG GCG TGG ATG CGT,-5.486143273822341
GAC GCT CCG GAC GAA TTC CGT GAC CCG CTG ATG GAC ACC CTG ATG ACC CAC CCG GTT CGT CTG CCG TCC GGT ACC ATC ATG GAC CCG TCT ATC ATC CTG CGT CAC CTG CTG AAC TCT CCG ACC GAC CCG TTC AAC CGT CAG ACC CTG ACC GAA TCT ATG CTG GAA CCG GTG CCG GAA CTG AAA GAA CAG ATC CAG GCT TGG ATG CGT,-0.9133482695378916
GAT GCT CCG GAT GAA TTC CGC GAC CCA CTG ATG GAT ACC CTG ATG ACC GAC CCG GTT CGT CTG CCG TCT GGT ACT ATC ATG GAC CGT TCT ATC ATC CTG CGT CAC CTG CTG AAC GCG CCA GGT GAT CCG TTC AAC CGT CAG ACC CTG ACC GAA TCT ATG CTG GAA CCG GTG CCG GAA CTG AAA GAA CAG ATC CAG GCG TGG ATG CGT,0.0894571467874307
GAC GCT CCG GAC GAA TTC CGT GAC CCG CTG ATG GAC ACC CTG ATG ACT GAC CCG GTT CGT CTG CCG TCT CCA ACC ATC ATG GAC CGT TCT ATC ATC CTG CGT CAC CTG CTG AAC TCT CCG ACC GAC CCG TTC AAC CGT CAG ACC CTG ACC GAA TCT ATG CTG GAA CCG GTG CCG GAA CTG AAA GAA CAG ATC CAG GCT TGG ATG CGT,-2.288427861183577
GAC GCT CCG GAC GAA TTC CGT GAC CCG CTG ATG GAC ACC CTG ATG ACC CAC CCG GTT CGT CTG CCG TCT GGC ACC ATC ATG GAC ATC TCT ATC ATC CTG CGT CAC CTG CTG AAC TCT CCG ACC GAC CCG TTC AAT CGT CAG ACC CTG ACC GAA TCT ATG CTG GAA CCG GTG CCG GAA CTG AAA GAA CAG ATC CAG GCG TGG ATG CGT,0.908018886718474
GAC GCT CCG GAC GAA TTC CGT GAC CCG CTG ATG GAC ACT CTG ATG ACT GAC CCA GTT ATG CTG CCG TCT GGT ACT ATC ATG GAC CGT TCT ATC ATC CTG CGT CAC CTG CTG AAC TCT CCG ACC GAC CCG TTT AAC CGT CAG ACC CTG ACC GAA TCT ATG CTC CCA CCG GTT CCA GAA CTG AAA GAA CAG ATC CAG GCG TGG ATG CGT,-4.940078449522621
GAC GCT CCG GAC GAA TTC CGT GAC CCG CTG ATG GAC AAC CTG ATG ACC GAC CCG GTT CGT CTG CCG TCT GGT ACT ATT ATG ATG CGT TCT ATC ATC CTG CGT CAC CTG CTG AAC TCT CCG ACC GAT CCG TTC AAC CGT CAG ACC CTG ACC GAA TCT ATG CTG GAA CCG GTG CCG GAA CTG AAA GAA CAG ATC CAG GCG TGG ATG CGC,0.2786031822625652
GAC GCT CCG GAT GAA TTC CGT GAC CCG CTG ATG GAC ACC CTG ATG ACC GAT CCG GTT CGT CTG CCG ATG GGT ACC ATC ATG GAC CGT TCT ATC ATC CTG CGT CAC CTG CTG AAC TCT CCG ACC GAC CCG TTC CTG CGC CAG ACC CTG ACC GAA TCC ATG CTG GAA CCG GTG CCG GAA CTG AAA GAA CAG ATT CAG GCG TGG ATG CGC,0.199314242996106
GAC GCT CCG GAT GAA TTC CGT GAC CCG CTG ATG GAT ACC CTC ATG ACC CGT CCG GTT CGT CTG CCG TCT GGC ACC ATT ATG GAT ATT TCT ATC ATC CTG CGT CAC CTG CTG AAC TCT CCG ACC GAC CCG TTT AAC CGC CAG ACC CTG ACC GAA TCT ATG CTG GAA CCG GTG CCG GAA CTG AAA GAA CAG ATC CAG GCG TGG ATG CGT,1.0027373252506329
GAT GCG CCG GAT GAA TTC CGT GAC CCG CTG ATG GAC ACC CTG ATG ACC GAC CCG GTT CGT CTG CCG ACC GGT ACC ATC ATG GAC CGT TCT ATC ATC CTG CGT CAC CTG CTG AAC TCT CCG ACC TGC CCG TTC AAC CGT CAG ACC CTG ACC GAA TCT ATG CTG GAA CCA GTT CCG GAG CTC AAA GAA CAG ATC CAG GCG TGG ATG CGT,0.925347757882064
GAT GCG CCG GAC GAA TTC CGT GAC CCG CTG ATG GAC ACC CTG ATG ACT GAC CCG GTT CGT CTG CCG ACC GGT ACC ATC ATG GAC CGT TCT ATC ATC CTG CGT CAC CTG CTG AAC TCT CCG ACC GAC CCG TTC AAC CGT CAG ACC CTG ACC GAA TCT ATG CTG GAA CCG GTG CCG GAG CTG AAA GAA CAG ATC CAG GCG TGG ATG CGT,0.9259236098329018
GAC GCG CCA GAT GAA TTC CGT GAC CCG CTG ATG GAC ACC CTG ATG ACC GAC CCG GTT CGT CTG CCG TGC GGT ACT ATC ATG GAT CGT TCT ATC ATC CTG CGT CAC CTG CTG AAC TCT CCG ACC TAC CCG TTC AAC CGT CAG ACC CTG ACC GAA TCT ATG CTG GAG CCG GTG CCG GAA CTG AAA GAA CAG ATC CAG GCG TGG ATG CGT,0.9010825164670412
GAC GCT CCG GAT GAG TTC CGT GAC CCG CTG ATG GAC ACT CTC ATG ACC GAC CCG GTG CGT CTG CCG TCC GGT ACC ATC ATG GAC CGT TCT ATC ATC CTG CGT CAC CTG CGT AAC TCT CCG ACT GAT CCG TTC AAC CGC CAA ACC CTG ACT GAA TCT ATG CTC GAA CCA GTG CCA GAA CTC AAA GAA CAG ATC CAG GCG TGG ATG CGT,2.675638786111952
GAC GCG CCA GAT GAA TTC CGC GAC CCG CTG ATG GAC ACC CTG ATG ACC GAC CCG GTT CGC CTG CCG TCT GGC ACC ATC ATG GAC CGT TCT AAA ATC CTG CGC CAC CTG CTG AAT TCT CCG ACT GAT CCG TTC AAC CGC CAG ACC CTG ACT GAA TCT ATG CTG GAA CCA GTT CCA GAG CTG AAA GAA CAG ATC CAG GCG TGG ATG CGT,-0.2735458714926062
GAC GCG CCA GAT GAA TTC CGT GAC CCG CTG ATG GAC ACC CTG ATG ACC GCT CCG GTG CGT CTG CCG TCC GGC ACT ATC ATG GAC CGT TCT ATC ATC CTG CGC CAC CTG CTC AAC TCT CCG ACC GAC CCG TTC AAC CGC CAG ACC CTG ACC GAA TCT ATG CTG GAA CCG GTG CCA GAG CTG TTC GAG CAG ATC CAG GCT TGG ATG CGT,0.6230467431742317
GAC GCT CCG GAT GAA TTC CGT GAC CCG CTG ATG GAC GAA CTG ATG ACC GAC CCG GTT CGT CTG CCG TCT GGC ACC ATC ATG ACT CGT TCT ATC ATC CTG CGT CAC CTG CTG AAC TCT CCG ACC GAT CCA TTC AAC CGT CAG ACC CTG ACC GAA TCT ATG CTG GAA CCG GTG CCG GAA CTC AAA GAG CAA ATC CAG GCG TGG ATG CGT,-5.364949645968871
GAC GCT CCG GAC GAA TTC CGT GAC CCG CTG ATG GAC ACC CTG ATG ACT GAC CCG GTT CCG CTG CCG TCT GGC ACC ATC ATG GAC CGT TCT ATC ATC CTG CGT CAC CTG CTG AAC TCT CCG ACC GAC CCG TTC AAC CGT CAG ACC CTG ACC GAA TCT ATG CTG CAC CCG GTG CCG GAA CTG AAA GAA CAG ATC CAG GCT TGG ATG CGT,-2.054735642429386
GAC GCG CCA GAT GAA TTC CGT GTT CCG CTG ATG GAC ACC CTG ATG ACC GAC CCG GTT CGT CTG CCG TCT GGC ACC ATC ATG AAC CGT TCT ATC ATC CTG CGT CAC CTG CTG AAC TCT CCG ACT GAC CCG TTC AAC CGT CAG ACC CTG ACC GAA TCT ATG CTG GAA CCG GTG CCG GAA CTG AAA GAA CAG ATC CAG GCG TGG ATG CGT,-9.133596827028873
GAT GCG CCG GAC GAA TTC CGT GAC CCG CTG ATG GAC ACC CTG ATG ACC GAC CCG GTT TGG CTG CCG TCT GGC ACC ATC ATG GAC CGT TCT ATC ATC CTG CGT CAC CTG CTG AAC TCT CCG ACT GAC CCG TTC AAC CGT CAG ACC CTG ACC GAA TCT ATG CTG CGT CCG GTT CCA GAA CTG AAA GAA CAG ATC CAG GCG TGG ATG CGT,0.8878001102208051
GAC GCT CCG GAC GAA TTC CGT GAC CCG CTG ATG GAC ACC TGC ATG ACC GAC CCG GTT CGT CTG CCG TCT GGT ACT ATC ATG GAC CGT TCT ATC ATC CTG CGT CAC CTG CTG AAC TCT CCG ACT GAC CCG TTC AAC CGC CAG ACC CTG ACC GAA TCT ATG CTG GAA CCA GTG CCA GAG CTG AAA GAA CAG ATC CAG GCG TGG ATG CGT,1.2532982137446709
GAT GCG CCG GAC GAA TTC CGT GAC CCG CTG ATG GAC ACC CTG ATG ACC GAC CCG GTT CGT CTG CCG TCC GGT ACC ATC ATG GAC CGT TCT ATC ATC CTG CGC CAC CTG CTG AAT TCT CCG ACT GAT CCG TTC AAC CGT CAA ACC CTG ACC GAA GAA ATG CTG GAA CCG GTG CCG GAA CTG AAA GAA CAG ATC CAG GCT TGG ATG CGC,2.664145977718235
GAT GCG CCG GAC GAG TTC TTT GAC CCG CTG ATG GAC ACC CTC ATG ACC GAT CCG GTT CGT CTG CCG TCT GGC ACC ATC ATG GAC CGT TCT ATC ATC CTG CGT CAC CTG CTG AAC TCT CCA ACC GAC CCG TTC AAC CGT CAG ACC CTG ACC GAA TCT ATG CTG GAA CCG GTG CCG GAG CTG AAA GAA CAG ATC CAG GCG TGG ATG CGT,2.4254810809935345
GAT GCG CCG GAT GAA CAA CGT GAC CCG CTG ATG GAC ACC CTG ATG ACC GAT CCG GTT CGT CTG CCG TCT GGT ACT ATC ATG GAC CGT TCT ATC ATC CTG CGC CAC CTG CTC AAC TCT CCG ACC GAC CCG TTC AAC CGT CAG ACC CTG ACC GAA TCT ATG CTG GAA CCG GTG CCG GAA CTG AAA GAA CAG ATC CAG GCT TGG ATG CGT,-0.812582735328879
GAT GCG CCG GAC GAA TTT CGT GAC CCG CTG ATG TCT ACC CTG ATG ACT GAC CCG GTT CGT CTG CCG TCC GGT ACC ATC ATG GAC CGT TCT ATC ATC CTG CGT CAC CTG CTG AAC TCT CCG ACC GAC CCG TTC AAT CGT CAG ACC CTG ACC GAA TCT ATG CTG GAG CCG GTT CCG GAG CTG AAA GAA CAG ATC CAG GCG TGG ATG CGT,2.218828137395869
GAT GCG CCG GAC GAG TTC CGT GAC CCG CAG ATG GAC ACC CTG ATG ACC GAC CCG GTT CGT CTG CCG TCT GGC ACC ATC ATG GAC CGT TCT ATC ATC CTG CGC CAC CTG CTG AAT TCT CCG ACC GAT CCG TTC AAC CGC CAG ACT CTG ACC GAA TCT ATG CTG GAA CCG GTG CCG GAA CTG AAA GAA CAG ATC CAG GCT TGG ATG CGT,0.4205255942938311
GAC GCG CCA GAC GAA TTC CGT GAC CCG CTG ATG GAC ACC CTG ATG ACC ATC CCG GTG CGT CTG CCA TCT GGC ACC ATC ATG GAC CGT TCT ATC ATC CTG CGT CAC CTG CTG AAC TCT CCG ACC GAC CCG TTC AAC CGT CAA ACC CTG ACC GAA TCT ATG CTG GAG CCG GTT CCA GAA CTC CAC GAA CAG ATC CAG GCG TGG ATG CGT,0.0834974404246563
GAT GCG CCG GAC GAA TTC CGT GAC CCG CTG ATG GAT ACC CTG ATG ACC TGG CCG GTT CGT CTG CCG TCT GGC ACC ATC ATG GAC ACC TCT ATC ATC CTG CGT CAC CTG CTG AAC TCT CCG ACC GAC CCG TTC AAC CGT CAG ACC CTG ACC GAA TCT ATG CTG GAA CCG GTG CCG GAA CTG AAA GAA CAG ATC CAG GCG TGG ATG CGT,-0.0344623118368253
GAC GCG CCA GAT GAA TTC CGT GAC CCG CTG ATG GAC ACC CTG ATG ACT GAC CCG GTT CGT CTG CCG TCT GGT ACT ATC ATG GAC CGT TCT ATC ATC CTG CGT CAC CTG CTG AAC TCT CCG ACC GAT CCG GCG AAC CGT CAG ACC CTG ACC GAA TCT ATG CTG GAA CCG GTG CCG GAA CTG AAA GAA CAG ATC CAG GCT TGG ATG CGC,-0.78457329388158
GAC GCT CCG GAC GAA TTC CGT GAC CCG CTG ATG GAC ACC CTG ATG ACC GAC CCG GTT CGT CTG CCG TAT GGT ACT ATC ATG GAC CGT TCT ATC ATC CTG CGT CAC CTC CTG AAC TCT CCA ACC GAA CCG TTC AAC CGT CAG ACC CTG ACC GAA TCT ATG CTG GAG CCG GTT CCA GAA CTG AAA GAA CAG ATT CAA GCG TGG ATG CGC,-0.7477434271774224
GAC GCG CCA GAT GAA TTC CGT GAC CCG CTG ATG GAC ACC CTG ATG ACC GAC CCG GTT CGT CTG CCG TCT GGC ACT ATC ATG GAC CGC TCT ATC ATC CTG CGT CAC CTG CTG AAC AAC CCG GCT GAT CCG TTC AAC CGT CAG ACC CTG ACC GAA TCT ATG CTG GAA CCG GTG CCG GAA CTG AAA GAA CAG ATC CAG GCG TGG ATG CGT,1.0341369210851634
GAC GCT CCG GAT GAA TTC CGT GAC CCG CTG ATG GAT ACC CTG ATG ACC GAC CCG GTT CGT CTG CCG GAC GGT ACC ATC ATG GAC CGT TCT ATC ATT CTC CGC CAC CTG CTG AAC TCT CCA ACT GAT CCG TTC TGG CGT CAA ACT CTG ACC GAA TCT ATG CTG GAA CCG GTG CCG GAA CTG AAA GAA CAG ATC CAG GCG TGG ATG CGT,0.6297052095802804
GAC GCG CCA GAT GAA TTC CGT GAC CCG CTG ATG GAC ACC CTG ATG ACC GAC CCG GTT CGT CTG CCG ATG GGT ACC ATC ATG GAC CGT TCT ATC ATC CTG CGT CAC CTG CTG AAC TCT CCG ACC ACT CCA TTC AAC CGC CAG ACC CTG ACC GAA TCC ATG CTG GAA CCG GTG CCG GAA CTG AAA GAA CAG ATC CAG GCG TGG ATG CGT,-4.996537553383915
GAT GCG CCG GAC GAA TTC CGT GAC CCG CTG ATG GAC ACC CTG ATG ACC GAC CCG GTT CGT CTC CCG TGG GGT ACC ATC ATG GAC CGT TCT ATC ATC CTG CGT CAC CTG CTG AAC TCT CCG ACC CTG CCG TTT AAT CGT CAG ACT CTG ACC GAA TCT ATG CTG GAG CCA GTT CCG GAG CTG AAA GAA CAG ATC CAG GCG TGG ATG CGT,0.3235359740280126
GAT GCG CCG GAC GAA TTC CGT GCG CCG CTG ATG GAC ACC CTG ATG ACC GAC CCG GTT CGT CTG CCG TCT GGT ACT ATC ATG TTC CGT TCT ATC ATC CTG CGT CAC CTG CTG AAC TCT CCG ACC GAT CCG TTC AAC CGT CAG ACC CTG ACC GAA TCT ATG CTG GAG CCG GTT CCA GAA CTG AAA GAA CAG ATC CAG GCG TGG ATG CGT,0.6703998454724953
GAT GCG CCA GAT GAA TTC CGT GAC CCG CTG ATG GAC ACC CTG ATG ACC GAT CCG GTT CGT CTG CCG TCT GGT ACT ATC ATG GAC CGT TCT ATC ATC CTG CGT CAC CTG CTG AAC TCT CCG ACC GAC CCA TTC AAC CGT CAG ACC CTG ACC GAA TCT ATG CTG GAA TTC GTT CCA GAA CTG AAA GAA CAG ATC CAG GCG TGG ATG CGT,1.3724327818952693
GAT GCG CCG GAC GAA TTT CGT GAC CCG CTG ATG GAT ACT CTG ATG ACC GAC CCG GTT CGT CTG CCG TCT GGT ACT ATC ATG GAC CGT TCT ATC ATC CTG CGT CAC CTG CTG AAC TCT CCG ACC GAT CCA TTC AAC CGT CAG ACC CTG ACC GAA TCT ATG CTG GAA CCG GTG CCG GAA CTG AAA GAA CAG ATC GAA GCG TGG ATG CGT,3.0366294545543058
GAC GCT CCG GAT GAA TTC CGT GAC CCA CTG ATG GAC CCG CTG ATG ACC GAC CCA GTT CGT CTG CCG TCC GGT ACC ATC ATG TTC CGT TCT ATC ATC CTG CGT CAC CTG CTG AAC TCT CCG ACT GAC CCA TTC AAC CGT CAG ACC CTG ACC GAA TCT ATG CTG GAA CCG GTG CCG GAA CTG AAA GAA CAG ATC CAG GCG TGG ATG CGT,0.1970539152848457
GAC GCT CCG GAT GAA TTT CGT GAC CCG CTG ATG GAC ACC CTG ATG ACC CGT CCG GTT CGT CTG CCG TCT GGC ACC ATC ATG GAC GGT TCT ATC ATC CTG CGT CAC CTG CTG AAC TCT CCG ACC GAC CCG TTC AAT CGC CAG ACC CTG ACC GAA TCT ATG CTG GAA CCG GTG CCG GAA CTG AAA GAA CAG ATC CAG GCG TGG ATG CGT,-0.2112211995387365
GAC GCG CCA GAT GAA TTC CGT GAC CCG CTG ATG GAC ACC CTG ATG ACC CGT CCG GTT CGT CTG CCG TCT GGT ACT ATC ATG GAC CGT TCT ATC ATC CTG CGT CAC CTG CTG AAC TCT CCG ACC GAC CCG TTC AAC CGC CAG ACC CTG ACC GAA TCT ATG CTG GAG CCG GTT CCG GAG CTG GAA GAA CAG ATC CAG GCG TGG ATG CGT,0.8401017063485252
GAC GCT CCG GAC GAA TTC CGT GAC CCG CTG ATG GAC ACC CTG ATG ACC GAC CCG GTT GCG CTG CCG TCT GGT ACT ATC ATG GAC CGT TCT ATC ATC CTG CGT CAC CTG CTG AAC TCT CCG ACT GAC CCG TTC AAC CGT CAG ACC CTG ACC GAA TCT ATG CTG ATG CCG GTT CCA GAA CTC AAA GAA CAG ATC CAG GCG TGG ATG CGT,0.9029607980323776
GAC GCT CCG GAT GAA TTC CGT GAC CCG CTG ATG GAC ACC CTG ATG ACC CTG CCG GTT CGT CTG CCG TCT GGC ACT ATC ATG GAT GTT TCC ATC ATC CTG CGT CAC CTG CTG AAC TCT CCA ACC GAC CCG TTT AAC CGT CAG ACC CTG ACC GAA TCT ATG CTG GAA CCG GTG CCG GAA CTG AAA GAA CAG ATC CAG GCG TGG ATG CGC,0.7367054703324724
GAC GCG CCA GAC GAA TTC CGT GAC CCG CTG ATG GAC ACC CTG ATG ACT GAA CCG GTG CGT CTG CCA TCT GGC ACC ATC ATG GAC TGG TCT ATC ATC CTG CGT CAC CTG CTG AAC TCT CCG ACC GAC CCG TTC AAC CGT CAA ACC CTG ACC GAA TCT ATG CTG GAG CCG GTT CCG GAG CTC AAA GAA CAG ATC CAG GCT TGG ATG CGC,0.9943801689321538
GAC GCG CCA GAC GAA TTC CGT GAC CCG CTC ATG GAT ACC CTG ATG ACT GAC CCG GTG CGT CTG CCG TCT GGT ACT ATC ATG GAC CGT TCT ATC ATC CTG CGT CAC CTG CTG AAC TCT CCA ACC GAC CCG TTT AAT CGT CAA ACC CTG GAC GAG TCT ATG CTG GAA CCG GTG CCA GAA CTG AAA GAA CAG ATC CAA GCG TGG ATG CGT,2.418835064772666
GAT GCG CCG GAC GAA TTC CGT GAC CCG CTG ATG GAC ACC CTG ATG ACC ATC CCG GTT CGT CTG CCG TCT GGC ACC ATC ATG GAC CGT TCT ATC ATC CTG CGT CAC CTG CTG AAC TCT CCG ACC GAC CCG TTC AAC CGT CAG ACC CTG ACC GAA TCT ATG CTG GAA CCG GTG CCG GAA CTC ATG GAA CAG ATC CAG GCT TGG ATG CGT,0.8162018447457776
GAT GCG CCG GAC GAA TTC CGT GAC CCG CTG ATG GAC ACC CTG ATG ACC GAC CCG GTT CGT CTG CCG TCC GGT ACC ATC ATG GAC CGT TCT ATC ATC CTG CGT CAC CTG CTG AAC ATC CCG AAC GAC CCG TTC AAC CGC CAG ACC CTG ACC GAA TCT ATG CTG GAA CCG GTG CCG GAA CTG AAA GAA CAG ATC CAG GCG TGG ATG CGC,0.7420737886412483
GAT GCG CCG GAC GAA TTT CGT GAC CCG CTG ATG GAC ACC CTG ATG ACC GAC CCG GTT CGT CTG CCG TCT GGT ACT ATC ATG GAC AAA TCT ATC ATC CTG CGT CAC CTG CTG AAC TCT CCG ACC GAT CCA TTC AAC CGT CAG ACC CTG ACC GAA TCT ATG CTG GAG CCG GTG CCG GAA CTG TCT GAA CAG ATC CAG GCG TGG ATG CGT,0.516240653165067
GAT GCG CCG GAT GAA TTC CGT GAC CCG CTG ATG GAC ACC CTG ATG ACC GAC CCG GTT CGT CTG CCG GAC GGT ACC ATC ATG GAC CGT TCT ATC ATC CTG CGT CAC CTG CTG AAC TCT CCG ACT GAC CCG TTT CAG CGT CAG ACC CTG ACC GAA TCT ATG CTG GAG CCA GTT CCA GAA CTG AAA GAA CAG ATC CAG GCG TGG ATG CGT,0.6008448398566155
GAT GCG CCG GAC GAA TTC CGT GAC CCG CTG ATG GAC ACC CTG ATG ACC GAT CCG GTT CGT CTG CCG TCT GGC ACC ATC ATG GAC CGT TCT ATC ATC CTG CGT CAC TGC CTG AAC TCT CCG ACC GAC CCG TTC AAC CGT CAG ACC CTG ACC GAA TCT ATG CTG GAA CCG GTG CCG GAA CTG AAA GAA CAG ATC CAG GCG TGG ATG CGT,0.4887466959319646
GAC GCG CCA GAC GAG TTC CGT GAC CCG CTG ATG GAC ACC CTG ATG ACC GAC CCG GTT CGT CTG CCG TTC GGT ACC ATC ATG GAC CGT TCT ATC ATC CTG CGT CAC CTG CTG AAC TCT CCG ACT GAC CCG TTC GAC CGT CAG ACC CTG ACC GAA TCT ATG CTG GAG CCG GTT CCG GAG CTG AAA GAA CAG ATC CAG GCG TGG ATG CGT,-3.4793242139263088
GAT GCG CCG GAC GAA TTT CGC GAC CCG CTG ATG GAC ACC CTC ATG ACT GAC CCG GTG CGT CTG CCA TCC GGT ACT ATC ATG GAC CGT TCT ATC ATC CTG GAA CAC CTG CTG AAC TCT CCG ACC GAC CCG TTC AAC CGT CAG ACC CTG ACC GAA TCT ATG CTG GAA CCG GTG CCA GAA CTG AAA GAA CAG ATC CAG GCG TGG ATG CGT,1.8865587342922183
GAC GCT CCG GAC GAA TTT CGT GAC CCA CTG ATG GAT ACC CTG ATG ACC GAC CCG GTT CGT CTG CCG TCT GGC ACC ATT ATG GAT CGT TCT ATC ATC CTG CGC CAC CTG CTG AAC TCT CCG ACT GAT CCG TTC AAC CGT CAA ACC CTG ACC GAA TCT ATG CTG GAA CCA GTG CCG GAA GCG AAA GAA CAG ATC CAG GCG TGG ATG CGT,-3.6195356307182456
GAT GCG CCG GAC GAG TTC CGC GAC CCG CTG ATG GAC ACC CTG ATG ACC GAC CCG GTT CGT CTG CCG TCT GGT ACT ATC ATG GAC AAA TCT ATC ATC CTG CGT CAC CTG CTG AAC TCT CCG ACT GAC CCG TTC AAC CGT CAG ACC CTG ACC GAA TCT ATG CTG GAG CCA GTT CCG GAG CTG GTG GAA CAG ATC CAG GCG TGG ATG CGT,0.5945449650516121
GAT GCG CCG GAC GAA TTC CGT GAC CCG CTG ATG GAC ACC CTG ATG ACC GAC CCG GTT CGT CTG CCA TCT GGC ACC ATC ATG GAC CGT TCT ATC ATC CTG CGT CAC CTG CTG AAC TCT CCG ACT GAC CCA TTC AAC CGT CAG ACT CTG ACT GAA TCT ATG CTG GAA CCA GTG CCG GAA CTG AAA GAA CAG ATC CAG CCG TGG ATG CGT,-2.2927124761446165
GAT GCG CCG GAC GAA TTC CGT GAC CCG CTG ATG GAC ACC CTG ATG ACC GAT CCG GTT CGT CTG CCG TCT GGC ACC ATC ATG GAC CGT TCT ATC ATC CTG CGT CAC CTG CTG AAC TCT CCG ACC GAC CCA TTC AAC CGC CAA ACC CTC ACC GAA TCT ATG CTG GAA CCA GTG CCG GAA CTG AAA GAA CAG ATT CAG GGT TGG ATG CGT,1.3341737958619877
GAC GCT CCG GAC GAA TTC CGT GAC CCG CTG ATG GAT ACT CTC ATG ACC CTG CCA GTG CGT CTG CCA TCT GGC ACC ATC ATG GAC GGT TCT ATC ATC CTG CGT CAT CTG CTG AAC TCT CCG ACC GAC CCA TTC AAC CGT CAG ACC CTG ACC GAA TCT ATG CTG GAA CCA GTG CCG GAG CTC AAA GAA CAG ATC CAG GCG TGG ATG CGT,0.3198995734250752
GAC GCT CCG GAC GAA TTC CGT GAC CCG CTG ATG GAC ACC CTG ATG ACC GAT CCG GTT CGT CTG CCG AAA GGT ACC ATC ATG GAC CGT TCT ATC ATC CTG CGT CAC CTG CTG AAC TCT CCG ACC GAC CCA TTC GAC CGT CAG ACC CTG ACC GAA TCT ATG CTG GAA CCG GTG CCG GAG CTG AAA GAA CAG ATC CAG GCG TGG ATG CGC,-3.554120762320583
GAT GCG CCG GAC GAA TTT CGT GAC CCG CTG ATG GAC ACC CTG ATG ACT GAC CCG GTT CGT CTG CCG TCT GGC ACC ATC ATG GAC CGT AAA ATC ATC CTG CGT CAC CTG CTG AAC TCT CCA ACC GAC CCG TTC AAC CGC CAG ACC CTG ACC GAA TCT ATG CTG GAA CCA GTT CCG GAG CTG AAA GAA CAG ATC CAG GCG TGG ATG CGT,2.46158733090608
GAT GCG CCG GAC GAA TTC CGT GAC CCG CTG ATG GAC ACC CTG ATG ACC GAT CCA GTT CGT CTG CCA CCG GGT ACC ATC ATG GAC CGT TCT ATC ATC CTG CGT CAC CTG CTG AAC TCT CCG ACT GAC CCG TTT CAC CGT CAG ACC CTG ACC GAA TCT ATG CTG GAG CCG GTT CCG GAG CTC AAA GAA CAG ATC CAG GCG TGG ATG CGT,-1.6742781182379312
GAC GCT CCG GAC GAA TTC CGT GAC CCG CTG ATG GAC ACC CTG ATG ACC GAC CCG GTT CGT CTG CCG TCT GGC ACC ATC ATG GAC CGT TCT ATC ATC CTG CGT CAC CTG CTG AAC TAC CCG ACC GAT CCG TTC AAC CGT CAG ACC CTG ACC GAA TCT ATG CTG GAA CCA GTT CCA GAA CTC AAA GAA CAG ATC CAG GCG TGG ATG CGT,1.7528085924344192
GAC GCG CCA GAT GAG TTC CGT GAC CCG CTG ATG GAC ACC CTG ATG ACC GAC CCG GTT CAG CTG CCG TCT GGT ACT ATC ATG GAC CGT TCT ATC ATC CTG CGT CAC CTG CTG AAC TCT CCG ACT GAC CCG TTC AAC CGT CAG ACC CTG ACC GAA TCT ATG CTG ATG CCG GTT CCG GAG CTG AAA GAA CAG ATC CAG GCG TGG ATG CGT,1.500856703581552
GAC GCG CCA GAT GAA TTC CGT GAC CCG CTG ATG GAC ACC CTG ATG ACC GAC CCG GTT CGT CTG CCG TCT GGT ACT ATC ATG GAC CGT TCT ATC ATC CTG CGT CAC CTG CTG AAC TCT CCG ACT GAC CCG TTC AAC CGT CAG ACC CTG ACC GAA TCT ATG CTG GAA CCG GTG GAC GAA CTG AAA GAA CAG ATC CAG GCG TGG ATG CGT,1.7037747996514658
GAC GCT CCG GAC GAA TTC CGT GAC CCG CTG ATG GAC ACC CTG ATG ACC GAC CCG GTT CGT CTG CCG CCA GGT ACC ATC ATG GAC CGT TCT ATC ATC CTG CGT CAC CTG CTG AAT TCT CCG ACT GAC CCG TTC CTG CGC CAG ACC CTG ACC GAA TCT ATG CTG GAA CCA GTG CCA GAA CTG AAG GAA CAG ATC CAG GCG TGG ATG CGT,-3.197005570272577
GAC GCT CCG GAT GAA TTC CGT GAC CCG CTG ATG GAC ACC CTG ATG ACT GAC CCG GTT GAC CTG CCG TCT GGC ACC ATC ATG GAC CGT TCT ATC ATC CTG CGT CAC CTG CTG AAC TCT CCG ACC GAC CCG TTC AAC CGT CAG ACC CTG ACC GAA TCT ATG CTG TCT CCG GTT CCA GAA CTG AAA GAA CAG ATC CAG GCG TGG ATG CGT,-2.346324170879983
GAC GCT CCG GAC GAA TTC CGT GAC CCG CTG ATG GAC GGT CTG ATG ACC GAC CCA GTT CGT CTC CCG TCC GGT ACC ATC ATG GCG CGT TCT ATC ATC CTG CGT CAC CTC CTC AAC TCT CCG ACC GAT CCG TTT AAC CGT CAG ACC CTG ACC GAA TCT ATG CTC GAA CCA GTG CCG GAG CTG AAA GAA CAG ATC CAG GCG TGG ATG CGT,-1.3914953596330983
GAT GCG CCG GAC GAG TTT CGT GAC CCG CTG ATG GAC ACC CTG ATG ACT GAT CCG GTG CGC CTG CCG TCT GGT ACT ATT ATG GAC TTC TCT ATC ATC CTG CGT CAC CTG CTG AAC TCT CCG ACC GAC CCA TTC AAT CGT CAG ACC CTG ACC GAA TCT ATG CTG GAG CCG GTT CCA GAA CTG GTT GAA CAG ATC CAG GCG TGG ATG CGT,1.1387808534304162
GAC GCG CCA GAC GAA TTC CGT GAC CCG CTG ATG GAC ACC CTG ATG ACT GAC CCG GTG CGT CTG CCG TCT GGT ACT ATC ATG GAC ATC TCT ATC ATC CTG CGT CAC CTG CTG AAC TCT CCG ACT GAT CCG TTC AAT CGT CAA ACC CTG ACC GAA TCT ATG CTG GAG CCA GTG CCG GAA CTG AAA GAA CAG ATC CAG GCG TGG ATG CGT,0.7929992920332088
GAT GCG CCG GAC GAA TTT CGT GAC CCG CTG ATG GAC ACC CTG ATG ACC GAC CCG GTT CGT CTC CCG TCC GGT ACC ATC ATG GAC GGT TCT ATC ATC CTC CGT CAT CTC CTG AAC TCT CCG ACT GAT CCG TTC AAC CGT CAG ACC CTG ACC GAA TCT ATG CTG GAA CCG GTG CCG GAA CTC ATG GAA CAG ATC CAG GCG TGG ATG CGT,0.4118314567690546
GAT GCT CCG GAC GAA TTC CGT GAC CCG CTG ATG GAC ACC CTG ATG ACC ATG CCG GTT CGT CTG CCG TCT GGT ACT ATC ATG GAC CGT TCT ATC ATC CTG CGC CAC CTG CTG AAC TCT CCG ACC GAC CCG TTC AAC CGT CAG ACC CTG ACC GAA TCT ATG CTG GAA CCG GTG CCG GAA CTG ATC GAA CAG ATC CAG GCG TGG ATG CGT,0.5651633855762105
GAC GCT CCG GAC GAA TTC CGT GAC CCG CTG ATG GAC ACC CTG ATG ACC GAC CCG GTT CGT CTG CCG TCT GGT ACT ATC ATG GAC CGT TCT ATC ATC CTG CGT CAT CTG CTG AAC CAC CCG TCT GAC CCG TTC AAC CGT CAG ACC CTG ACC GAA TCT ATG CTG GAG CCG GTT CCA GAA CTG AAA GAA CAG ATC CAG GCG TGG ATG CGT,1.5324968495747515
GAT GCG CCG GAC GAA TTC CGT GAC CCG CTG ATG GAC ACC CTG ATG ACC GAC CCG GTT CGT CTG CCG TGG GGC ACC ATT ATG GAC CGT TCT ATC ATC CTG CGT CAC CTG CTG AAC TCT CCG ACC ATG CCG TTC AAC CGC CAG ACC CTG ACC GAA TCT ATG CTG GAG CCG GTT CCG GAG CTG AAA GAA CAG ATC CAG GCG TGG ATG CGT,0.2308479868355765
GAT GCG CCG GAC GAA TTC CGT GAC CCG CTG ATG GAC GAA CTG ATG ACC GAT CCG GTG CGT CTG CCA TCT GGC ACC ATC ATG AAA CGT TCT ATC ATC CTG CGT CAC CTG CTG AAC TCT CCG ACC GAC CCG TTC AAC CGT CAG ACC CTG ACC GAA TCT ATG CTG GAA CCA GTG CCG GAA CTG AAA GAA CAG ATC CAG GCG TGG ATG CGT,-5.146467468907528
GAT GCG CCG GAC GAA TTC AAC GAC CCG CTG ATG GAT ACT CTG ATG ACC GAC CCA GTT CGT CTG CCG TCT GGC ACC ATC ATG GAC CGT TCT ATC ATC CTG CGT CAC CTG CTG AAC TCT CCG ACT GAC CCG TTT AAC CGT CAG ACC CTG ACC GAA TCT ATG CTG GAG CCG GTT CCA GAG CTC AAA GAA CAG ATC CAG GCG TGG ATG CGT,0.4203137169253952
GAC GCT CCG GAT GAA TTC CGT GAC CCA CTG ATG GAT ACC CTG ATG ACC GAT CCG GTT CGT CTG CCG TCT GGT ACT ATC ATG GAC CGT TCT ATC ATT CTG CGT CAC CTG GAA AAC TCT CCG ACC GAC CCG TTC AAC CGT CAG ACC CTG ACT GAA TCT ATG CTG GAG CCG GTG CCG GAA CTC AAA GAA CAG ATC CAG GCG TGG ATG CGC,2.4181520428322663
GAC GCT CCG GAC GAA TTC CGT GAC CCG CTG ATG GAC ACC CTG ATG ACC GAC CCG GTT CGT CTG CCG TCT GGT CGT ATC ATG GAC CGT TCT ATC ATC CTG CGT CAC CTG CTG AAC TCT CCG ACC GAT CCG TTT AAC CGT CAA ACC CTG ACC GAA TCT ATG CTG GAA CCG GTG CCA GAA CTG AAA GAA CAG ATC CAG GCG TGG ATG CGT,2.8176230982853943
GAC GCT CCG GAC GAA TTC CGT GAC CCG CTG ATG GAC ACC CTG ATG ACC ATC CCG GTT CGT CTG CCG TCC GGT ACC ATC ATG GAC CGT TCT ATC ATC CTG CGT CAC CTG CTG AAC TCT CCG ACC GAC CCG TTC AAC CGT CAG ACC CTG ACC GAA TCT ATG CTG GAA CCG GTG CCG GAG CTG ACT GAG CAG ATC CAG GCG TGG ATG CGT,-0.0510663784880709
GAT GCG CCG GAC GAA GAA CGT GAC CCG CTG ATG GAC ACC CTG ATG ACT GAC CCG GTT CGT CTG CCG TCT GGC ACC ATC ATG GAC CGT TCT ATC ATC CTG CGT CAC CTG CTG AAC TCT CCG ACC GAC CCG TTC AAC CGT CAA ACC CTG ACC GAA TCT ATG CTG GAA CCG GTG CCG GAG CTG AAG GAA CAG ATC CAA GCG TGG ATG CGC,-1.9967954459015056
GAC GCT CCG GAC GAA TTC CGT GAC CCG CTG ATG GAC ACC CTG ATG ACT GAC CCG ATC CGT CTG CCG TCT GGT ACT ATC ATG GAC CGT TCT ATC ATC CTG CGC CAC CTG CTC AAC TCT CCG ACC GAC CCG TTC AAC CGC CAG ACC CTG ACC GAA TCT ATG CTG GAA CCG GTG CCG GAA CTC AAG GAA CAG ATC CAG GCT TGG ATG CGC,0.8207956734219006
GAT GCG CCG GAC GAA TTC CGT GAC CCG CTG ATG GAC ACC CTG ATG ACT GAC CCG GTT CGT CTG CCG TCT GGC ACC ATT ATG GAC CGC TCT ATC ATC TAC CGT CAC CTG CTG AAC TCT CCA ACC GAC CCG TTT AAT CGT CAG ACC CTG ACC GAA TCT ATG CTG GAA CCA GTG CCG GAA CTG AAA GAA CAG ATC CAG GCG TGG ATG CGT,1.0047061865177542
GAT GCG CCG GAC GAA TTC CGT GAC CCG CTG ATG GCG ACC CTG ATG ACC GAC CCA GTT CGC CTG CCG TCT GGC ACC ATC ATG GAC CGT TCT ATC ATC CTG CGT CAC CTG CTG AAC TCT CCG ACT GAT CCG TTC AAC CGT CAA ACT CTG ACC GAA TCT ATG CTG GAA CCG GTG CCG GAA CTG AAA GAA CAG ATC CAG GCG TGG ATG CGT,2.2259776897123214
GAT GCG CCG GAT GAA TTC CGT GAC CCG CTG ATG GAC ACC CTG ATG ACC GAC CCG GTT CGC CTC CCG TGG GGT ACC ATT ATG GAC CGT TCT ATC ATC CTG CGT CAC CTG CTG AAT TCT CCG ACC GAT CCA TTC TCT CGC CAG ACC CTG ACT GAA TCT ATG CTC GAA CCA GTT CCG GAG CTG AAA GAA CAG ATC CAG GCG TGG ATG CGT,0.8845811999278226
GAC GCG CCA GAT GAA TTC CGT GAC CCG CTG ATG GAC ACC CTG ATG ACT GAC CCG GTT ATC CTG CCG TCT GGT ACT ATC ATG GAC CGT TCT ATC ATC CTG CGT CAC CTG CTG AAC TCT CCG ACC GAT CCG TTC AAC CGT CAG ACC CTG ACC GAA TCT ATG CTG TAC CCA GTT CCA GAG CTG AAA GAA CAG ATC CAG GCG TGG ATG CGT,0.6358551045807792
GAC GCT CCA GAC GAA TTC CGT GAC CCA CTC ATG GAC GCG CTG ATG ACT GAC CCG GTG CGT CTG CCG TCT GGC ACC ATT ATG CCG CGT TCT ATC ATC CTG CGC CAC CTG CTG AAC TCT CCG ACC GAC CCG TTC AAC CGT CAG ACC CTG ACC GAA TCT ATG CTG GAA CCG GTG CCG GAG CTG AAA GAA CAG ATC CAG GCG TGG ATG CGT,-0.9389724211462648
GAT GCG CCG GAC GAA TTC CGT GAC CCG CTG ATG GAC ACC CTG ATG ACC GAC CCA GTT ACC CTG CCG TCC GGT ACC ATC ATG GAC CGC TCT ATC ATC CTG CGC CAT CTG CTG AAC TCT CCG ACT GAC CCG TTT AAC CGT CAG ACC CTG ACC GAA TCC ATG CTG GAA CCA GTG CCA GAA CTC AAA GAA CAG ATC CAA GCG TGG ATG CGT,-0.213529476973703
GAC GCT CCG GAC GAA TTC CGT TGG CCG CTG ATG GAC ACC CTG ATG ACC GAC CCG GTT CGT CTG CCG TCT GGC ACC ATC ATG CCG CGT TCT ATC ATC CTG CGT CAC CTG CTG AAC TCT CCG ACC GAT CCG TTC AAC CGT CAG ACC CTG ACC GAA TCC ATG CTG GAA CCA GTG CCG GAA CTG AAA GAA CAG ATC CAG GCG TGG ATG CGT,0.0325743195693049
GAT GCG CCG GAT GAG TTT CGT GAC CCG CTG ATG GAC ACC CTG ATG ACC GAT CCA GTT CGT CTG CCG TCT GGC ACC ATC ACC GAC CGT TCT ATC ATC CTG CGT CAC CTG CTG AAC TCT CCG ACC GAC CCG TTC AAC CGT CAA ACC CTG ACC GAA TCT ATG CTG GAA CCG GTG CCG GAG CTG AAA GAA CAG ATC CAA GCG TGG ATG CGC,-0.0193575542017779
GAC GCT CCG GAT GAG TTC CGT GAC CCG CTG ATG GAC ACC CTG ATG ACT GAC CCG GTT CGT CTG CCG TCT AAA ACC ATC ATG GAC CGT TCT ATC ATC CTG CGT CAC CTG CTG AAC TCT CCG ACC GAC CCA TTC AAC CGT CAG ACC CTG ACC GAA TCT ATG CTG GAA CCG GTG CCG GAA CTG AAA GAA CAG ATC CAG GCG TGG ATG CGT,0.295420782919469
GAC GCT CCG GAC GAA TTC CGT GAC CCG CTG ATG GAC GTT CTG ATG ACC GAC CCG GTT CGT CTG CCG TCT GGC ACC ATC ATG TCT CGT TCT ATC ATC CTG CGT CAC CTG CTG AAC TCT CCG ACT GAC CCA TTC AAC CGT CAG ACC CTG ACC GAA TCT ATG CTG GAA CCG GTG CCG GAA CTG AAA GAA CAG ATC CAG GCT TGG ATG CGT,0.1784450719517959
GAC GCT CCG GAC GAA TTC CGT GAC CCG CTG ATG GAC ACC CTG ATG ACC GAC CCG GTT CGT CTG CCA ATC GGT ACC ATC ATG GAC CGC TCT ATC ATC CTG CGT CAC CTC CTC AAC TCT CCG ACC GAT CCG TTC TAT CGT CAG ACC CTG ACC GAA TCT ATG CTG GAG CCG GTT CCA GAG CTG AAA GAA CAG ATC CAG GCG TGG ATG CGT,-0.7429698870342041
GAT GCG CCG GAC GAA TTT CGT GAC CCG CTG ATG GAC ACC CTG ATG ACC GTT CCG GTG CGT CTC CCG TCC GGT ACC ATT ATG GAC GAC TCT ATC ATC CTG CGT CAC CTG CTG AAC TCT CCG ACC GAT CCG TTC AAC CGC CAG ACC CTG ACC GAA TCT ATG CTG GAG CCG GTT CCA GAA CTG AAA GAA CAG ATC CAG GCG TGG ATG CGT,-0.8475828214975487
GAC GCT CCA GAT GAG TTT CGC GAC CCG CTC ATG ATT ACT CTC ATG ACC GAT CCA GTT CGC CTG CCG TCT GGT ACT ATC ATG GAC CGT TCT ATC ATC CTC CGC CAC CTG CTG AAC TCT CCG ACC GAC CCG TTC AAC CGC CAG ACC CTG ACC GAA TCT ATG CTG GAA CCG GTG CCG GAA CTG AAA GAA CAG ATC CAG GCG TGG ATG CGT,0.9117254080598494
GAT GCG CCG GAC GAA TTC CGT GAC CCG CTG ATG GAC ACC CTG ATG ACT GGT CCG GTT CGT CTG CCG TCT GGT ACT ATC ATG GAC GCT TCT ATC ATC CTG CGC CAC CTG CTC AAC TCT CCG ACC GAC CCG TTC AAC CGT CAG ACC CTG ACC GAA TCT ATG CTG GAA CCG GTG CCG GAA CTG AAA GAA CAG ATC CAG GCT TGG ATG CGT,0.0966455403986889
GAC GCT CCA GAC GAA TTC CGT GAC CCG CTG ATG GAT ACC CTC ATG ACC GAC CCG GTT CGC CTG CCG TGG GGT ACC ATC ATG GAC CGT TCT ATC ATC CTG CGT CAC CTG CTG AAC TCT CCG ACT GAC CCG TTC GCG CGT CAA ACC CTG ACC GAA TCT ATG CTG GAA CCA GTT CCA GAA CTG AAA GAA CAG ATC CAG GCG TGG ATG CGT,0.5109601876115744
GAT GCG CCG GAT GAA TTC CGT GAC CCG CTG ATG GAT ACT CTG ATG ACC GAC CCG GTT CGT CTG CCG TCT GGC ACC ATC ATG GAC CGT TCT ATC ATC CTG CGT CAC CTG CTG AAC TCT CCG ACC GAT CCG TTT AAC CGT CAG ACC CTG ACC GAA TCT ATG CTG GAG CCA GTT CCG GTT CTG AAA GAA CAG ATC CAG GCG TGG ATG CGT,1.7114599351902036
GAT GCG CCG GAC GAA TTC CGT GAC CCG CTG ATG GAC ACC CTG ATG ACC GAT CCG GTT CGT CTG CCG TCT GGT ACT ATC ATG GAC CGT TCT ATC ATC CTG CGT CAC CTG CTG AAC TCT GTT ACC GAC CCA TTC AAC CGC CAG ACC CTG ACC GAA TCT ATG CTG GAA CCA GTT CCA GAA CTC AAA GAA CAG ATC CAG GCT TGG ATG CGC,0.9731209033798583
GAT GCG CCG GAC GAG TTC CGT GAC CCG CTG TCT GAC ACC CTG ATG ACC GAC CCG GTG CGT CTC CCG TCT GGC ACC ATC ATG GAC CGT TCT ATC ATC CTG CGT CAC CTG CTG AAC TCT CCG ACT GAT CCG TTC AAC CGT CAG ACT CTG ACT GAA TCT ATG CTC GAA CCG GTG CCG GAA CTG AAA GAA CAG ATC CAA GCG TGG ATG CGT,2.576375367266325
GAT GCG CCA GAT GAA TTC CGT GAC CCG CTG ATG GAC ACC CTG ATG ACC GAC CCG GTT CGT CTG CCG CAC GGT ACC ATC ATG GAC CGT TCT ATC ATC CTG CGT CAC CTG CTG AAC TCT CCG ACC TGC CCG TTC AAC CGC CAG ACC CTG ACC GAA TCT ATG CTG GAA CCG GTG CCG GAA CTG AAA GAA CAG ATC CAG GCT TGG ATG CGT,0.3970500228166676
GAC GCT CCA GAC GAG TTC CGT TTC CCG CTG ATG GAC ACC CTG ATG ACT GAC CCG GTT CGT CTG CCG TCT GGC ACC ATC ATG TGG CGT TCT ATC ATC CTG CGT CAC CTG CTG AAC TCT CCG ACC GAC CCG TTC AAC CGT CAG ACC CTG ACC GAA TCT ATG CTG GAG CCG GTT CCA GAG CTG AAA GAA CAG ATC CAG GCG TGG ATG CGT,0.9973062567992956
GAC GCG CCA GAT GAA TTC CGT GAC CCG CTG ATG GAC ATC CTG ATG ACC GAC CCG GTT CGT CTG CCG TCT GGT ACT ATC ATG CGT CGT TCT ATC ATC CTG CGT CAC CTG CTG AAC TCT CCG ACC GAT CCG TTC AAC CGT CAG ACC CTG ACC GAA TCT ATG CTG GAA CCG GTG CCG GAA CTG AAA GAA CAG ATC CAG GCT TGG ATG CGT,0.0049540659247446
GAC GCT CCG GAC GAG TTC CGT GAC CCG CTG ATG GAC ACC CTG ATG ACC GAC CCG GTT CGC CTG CCG CTG GGT ACC ATC ATG GAT CGT TCT ATC ATC CTG CGT CAC CTG CTG AAC TCT CCG ACC GAT CCG TTC ATG CGT CAG ACC CTG ACC GAA TCC ATG CTG GAA CCA GTG CCA GAA CTC AAA GAA CAG ATC CAG GCG TGG ATG CGT,-0.0803274187547669
GAC GCG CCA GAC GAA TTC CGT GAC CCG CTG ATG GAC CAC CTG ATG ACC GAC CCG GTG CGT CTG CCG TCT GGT ACT ATC ATG TCT CGT TCT ATC ATC CTG CGT CAC CTC CTG AAT TCT CCG ACT GAC CCG TTT AAC CGT CAG ACC CTG ACC GAA TCT ATG CTC GAA CCG GTG CCA GAA CTG AAA GAA CAG ATC CAG GCG TGG ATG CGT,-0.5856225890814164
GAT GCG CCG GAT GAA TTC CGC GAC CCG CTG ATG GAC ACC CTG ATG ACC GAC CCG GTG CGT CTG CCA TCT GGC ACC ATC ATG GAC CGT TCT ATC ATC CTC CGT CAT CTC CTC ACC TCT CCG ACC GAT CCA TTC AAC CGC CAG ACC CTG ACC GAA TCT ATG CTG GAA CCG GTG CCG GAA CTG AAA GAA CAG ATC CAG GCG TGG ATG CGT,2.795779786452741
GAT GCG CCG GAC GAG TTC CGT GAC ACT CTG ATG GAC ACC CTG ATG ACC GAC CCG GTT CGT CTG CCG TCT GGC ACC ATC ATG GAC CGT TCT ATC ATC CTG CGC CAC CTG CTG AAC TCT CCG ACT GAC CCG TTC AAC CGT CAG ACC CTG ACT GAA TCC ATG CTG GAG CCG GTT CCA GAA CTG AAA GAA CAG ATC CAG GCG TGG ATG CGT,0.1134544726829076
GAC GCG CCA GAT GAA TTC CGT GAC CCG CTG ATG GAC ACC CTG ATG ACT CCA CCG GTT CGC CTG CCG TCC GGT ACC ATC ATG GAC CCG TCT ATC ATC CTG CGT CAC CTG CTG AAC TCT CCG ACC GAC CCA TTC AAC CGC CAG ACC CTG ACC GAA TCC ATG CTG GAA CCA GTT CCG GAG CTG AAA GAA CAG ATC CAG GCG TGG ATG CGT,-0.4703270074303666
GAC GCT CCG GAC GAA TTC CGT GAC CCG CTG ATG GAC ACC CTG ATG ACC AAC CCG GTG CGT CTG CCG TCT GGT ACT ATC ATG GAC CAC TCT ATC ATC CTG CGT CAC CTG CTG AAC TCT CCG ACC GAC CCG TTC AAC CGT CAG ACC CTG ACC GAA TCT ATG CTG GAG CCG GTT CCA GAG CTG AAA GAA CAG ATC CAG GCG TGG ATG CGT,0.5945837817839045
GAT GCG CCG GAC GAA TTC CGT GAC CCG CTG ATG GAC GAA CTC ATG ACT GAC CCG GTT CGT CTG CCG TCT GGC ACC ATC ATG TAC CGT TCT ATC ATC CTG CGT CAC CTG CTG AAC TCT CCG ACC GAC CCA TTC AAC CGT CAG ACC CTG ACC GAA TCT ATG CTG GAA CCG GTG CCG GAA CTG AAA GAA CAG ATC CAG GCG TGG ATG CGC,0.5954910011826577
GAC GCG CCA GAT GAA TTC CGT GAC CCG CTG ATG GAC ACC CTG ATG ACC GAC CCG GTT CGT CTG CCG TCT GGC ACC ATC ATG GAC GAC TCT ATC ATC CTG CGT CAC CTG CTG AAC TCT CCG ACC GAT CCG TTC AAC CGT CAG ACC CTG ACC GAA TCT ATG CTG GAG CCG GTT CCG GAG CTG CCG GAA CAG ATC CAG GCG TGG ATG CGT,-3.608117019909965
GAT GCG CCG GAC GAA TTT CGT GAC CCG CTG ATG GAC ACC CTG ATG ACT GAC CCA GTT CGT CTG CCA TCT GGC ACC ATC ATG GAC CGT TCT ATC ATC CTG CGT CAC CTG CTG AAC TCT CCG ACC GAC CCG TTC AAC CGT GCG ACC CTG ACC GAA TCT ATG CTG GAG CCG GTT CCA GAG CTG AAA GAA CAG ATC CAG GCG TGG ATG CGT,2.25441487019368
GAC GCT CCG GAC GAA TTC CGT GAC CCG CTG ATG GAC ACC CTG ATG ACC GAT CCG GTT CGT CTG CCG TCC GGT ACC ATC ATG GAC CGT TCT ATC ATC CTG CGT CAC CTG CTG AAC TCT CCG ACT GAC CCG TTC AAC CGT CAG ACC CTG ACC GAA TCC ATG CTG CAA CCA GTG CCA GAG CTC AAA GAA CAG ATC CAG GCG TGG ATG CGT,2.35376097724743
GAT GCG CCG GAC GAA TTC CGT GAC CCG CTG ATG GAC ACC CTG ATG ACC GAC CCG GTT CGT CTC CCG ACC GGT ACC ATC ATG GAC CGT TCT ATC ATC CTG CGT CAC CTG CTG AAC TCT CCG ACC TGG CCA TTC AAT CGT CAA ACC CTG ACT GAA TCT ATG CTG GAG CCG GTT CCA GAG CTG AAA GAA CAG ATC CAG GCG TGG ATG CGT,0.2020589742118145
GAC GCT CCG GAT GAA TTC CGT CAC CCG CTG ATG GAC ACC CTG ATG ACC GAC CCG GTT CGT CTG CCG TCT GGC ACC ATT ATG ACC CGC TCT ATC ATC CTG CGC CAT CTG CTG AAT TCT CCG ACC GAT CCA TTC AAC CGT CAG ACT CTG ACT GAA TCT ATG CTG GAA CCA GTT CCA GAA CTC AAA GAA CAG ATC CAG GCG TGG ATG CGC,-0.3882326393694187
GAT GCG CCG GAC GAA TTC CGT GAC CCG CTG ATG GAC ACC CTG ATG ACC GAC CCG GTT CGT CTG CCG GAA GGT ACC ATC ATG GAC CGT TCT ATC ATC CTG CGT CAC CTG CTG AAC TCT CCG ACC TGC CCG TTC AAC CGT CAG ACC CTG ACC GAA TCC ATG CTG GAA CCG GTG CCA GAA CTG AAA GAA CAG ATC CAG GCG TGG ATG CGT,0.6849494075592305
GAC GCT CCG GAC GAA TTC CGT GAC CCG CTG ATG GAC ACC CTG ATG ACC GAC CCG GTT CGT CTG CCG TTC GGT ACC ATC ATG GAC CGT TCT ATC ATC CTG CGT CAC CTC CTG AAC TCT CCG ACC GAT CCG TTC GCT CGC CAG ACC CTG ACC GAA TCT ATG CTG GAA CCA GTT CCA GAA CTG AAA GAA CAG ATC CAG GCG TGG ATG CGT,-0.4326412310119147
GAT GCG CCG GAT GAA TTC CGT GAC CCG CTG ATG GAC ATG CTG ATG ACC GAC CCG GTT CGT CTG CCG TCT GGC ACC ATC ATG ACT CGT TCT ATC ATC CTG CGT CAC CTG CTG AAC TCT CCA ACC GAT CCG TTC AAC CGT CAG ACC CTG ACC GAA TCT ATG CTG GAG CCG GTT CCG GAG CTG AAA GAA CAG ATC CAG GCG TGG ATG CGT,-0.1400729563962713
GAT GCG CCG GAC GTT TTC CGT GAC CCG CTG ATG GAC ACC CTG ATG ACC GAC CCA GTT CGT CTC CCG TCT GGC ACC ATC ATG GAC CGT TCT ATC ATC CTG CGT CAT CTG CTG AAC TCT CCG ACC GAT CCG TTC AAC CGT CAG ACC CTG ACC GAA TCT ATG CTG GAA CCA GTT CCG GAG CTG AAA GAA CAG ATC CAG GCG TGG ATG CGT,2.044059809102299
ATG GCT CCG GAC GAA TTC CGT GAC CCG CTG ATG GAC ACC CTG ATG ACC GAT CCA GTT CGC CTG CCG TCT GGC ACC ATT ATG GAC CGT TCT ATC ATC CTG CGT CAC CTG CTG AAC TCT CCG ACC GAC CCG TTC AAC CGT CAA ACC CTC ACC GAA TCC ATG CTG GAG CCG GTG CCG GAA CTG AAA GAA CAG ATC CAG GCT TGG ATG CGT,2.6243411792550044
GAC GCT CCG GAC GAA TTC CGT GAC CCG CTG ATG GAT TCT CTG ATG ACT GAC CCG GTT CGT CTG CCG TCC GGT ACC ATC ATG ACC CGT TCT ATC ATC CTG CGT CAC CTG CTG AAC TCT CCG ACC GAC CCA TTC AAC CGT CAG ACC CTG ACC GAA TCT ATG CTG GAA CCG GTG CCG GAA CTG AAA GAA CAG ATC CAG GCG TGG ATG CGT,-1.3277553681412515
GAC GCT CCG GAC GAA TTT CGT GAC CCG CTG ATG GAC ACC CTC ATG ACC CAG CCG GTT CGC CTG CCG TCT GGC ACC ATC ATG GAC TTC TCT ATC ATC CTG CGT CAC CTC CTG AAC TCT CCG ACT GAT CCG TTC AAT CGC CAG ACC CTG ACC GAA TCT ATG CTG GAA CCG GTG CCG GAA CTG AAA GAA CAG ATC CAG GCG TGG ATG CGT,0.9721045221552268
GAT GCG CCG GAT GAA TTC CGT GAC CCG CTC ATG GAC ACC CTG ATG ACC GAC CCG GTT CGT CTG CCG TCT GGC ACC ATT ATG GAC CGT TCT ATC ATC CTG CGC CAC CTG CTG AAC TGG CCG GGT GAC CCA TTC AAC CGT CAA ACC CTG ACC GAA TCT ATG CTG GAA CCG GTG CCG GAA CTG AAA GAA CAG ATC CAG GCT TGG ATG CGC,0.6347874623516591
GAT GCG CCG GAC GAA TTC CGT GAC CCG CTG ATG GAC ACC CTG ATG ACC GGC CCA GTG CGT CTG CCG TCT GGT ACT ATC ATG GAC GGT TCT ATC ATC CTG CGT CAC CTG CTG AAC TCT CCG ACC GAC CCG TTC AAC CGT CAG ACC CTG ACC GAA TCT ATG CTG GAA CCG GTG CCG GAA CTG AAA GAA CAG ATC CAG GCG TGG ATG CGC,-3.4100725019632785
GAT GCT CCG GAC GAA TTT CGT GAC CCG CTG ATG GAC ACC CTG ATG ACC GAC CCG GTT CGT CTG CCG CTG GGT ACC ATC ATG GAC CGT TCT ATC ATC CTC CGT CAC CTG CTG AAC TCT CCG ACT GAC CCG TTC TGG CGT CAG ACT CTG ACC GAA TCT ATG CTG GAG CCG GTT CCA GAA CTG AAA GAA CAG ATC CAG GCG TGG ATG CGT,0.4782406866651686
GAC GCT CCG GAC GAA TTT CGT GAC CCG CTG ATG GAC ACC CTG ATG ACC GAT CCA GTT CGT CTG CCG TCT GGC ACC ATC ATG GAC CGT TCT ATC ATC CTG CGT CAC CTG CTG AAC TCT CCG ACC GAC CCG TTT AAC TAC CAG ACC CTG ACC GAA TCT ATG CTG GAA CCA GTG CCG GAA CTC AAA GAA CAG ATC CAG GCG TGG ATG CGT,2.6338410589255976
GAC GCT CCG GAC GAA TTC CGT GAC CCG CTG ATG GAC ACC CTG ATG ACT GAC CCG GTT CGT CTG CCG AAC GGT ACC ATC ATG GAC CGT TCT ATC ATC CTG CGT CAC CTG CTG AAC TCT CCG ACC GAC CCG TTC TTC CGT CAA ACC CTG ACC GAA TCT ATG CTG GAA CCG GTG CCG GAG CTG AAA GAA CAG ATC CAG GCT TGG ATG CGT,0.8834488529530029
GAC GCT CCG GAC GAG TTC CGT GAC CCG CTG ATG GAC ACC CTG ATG ACC GAT CCG GTT CGT CTG CCG TCT GGT ACT ATC ATG GAC GGT TCT ATC ATC CTG CGC CAC CTG CTC AAC TCT CCG ACC GAC CCA TTC AAC CGC CAG ACC CTG ACC GAA TCT ATG CTG GAA CCG GTG CCG GAA CTG AAC GAA CAG ATC CAG GCG TGG ATG CGT,-1.0588675577828257
GAC GCG CCA GAC GAA TTC CGT CTG CCG CTG ATG GAC ACC CTG ATG ACC GAC CCG GTT CGC CTG CCA TCC GGT ACC ATC ATG GAC CGT TCT ATC ATC CTG CGT CAC CTG CTG AAC TCT CCG ACT GAC CCG TTC AAC CGC CAA ACC CTG ACT GAA TCT ATG CTG GAA CCG GTG CCA GAA CTG AAA GAA CAG ATC CAG GCG TGG ATG CGT,0.0729738726919622
GAC GCT CCG GAT GAA TTC CGT GGT CCG CTG ATG GAC ACC CTG ATG ACC GAC CCG GTT CGT CTG CCG TCT GGT ACT ATC ATG GTT CGT TCT ATC ATC CTG CGT CAC CTG CTG AAC TCT CCG ACT GAC CCG TTC AAC CGT CAG ACC CTG ACC GAA TCT ATG CTG GAA CCG GTG CCG GAA CTG AAA GAA CAG ATC CAG GCG TGG ATG CGT,0.6426342257177848
GAT GCG CCG GAC GAG TTC CGT GAC CCG CTG ATG GAC GTT CTG ATG ACC GAT CCG GTT CGT CTG CCG TCT GGC ACC ATC ATG GAC CGT TCT ATC ATC CTG CGT CAC CTG CTG AAC TCT CCG ACC GAC CCA TTC AAC CGC CAG ACC CTG ACC GAA TCT ATG CTG GAA CCG GTG CCG GAA CTG AAA GAA CAG ATC CAG GCG TGG ATG CGT,2.257584504171789
GAC GCT CCG GAC GAG TTC CGT GAC CCG CTG ATG GAC ACC CTC ATG ACT GAC CCG GTT CGT CTG CCG GGT GGC ACC ATC ATG GAC CGT TCT ATC ATC CTG CGT CAC CTG CTG AAC TCT CCG ACC GAC CCA TTC AAA CGT CAG ACC CTG ACC GAA TCT ATG CTG GAG CCG GTT CCA GAG CTG AAA GAA CAG ATC CAG GCG TGG ATG CGC,0.2637252689417264
GAC GCT CCG GAC GAG TTC CGT GAC CCG CTG ATG GAT ACC CTC ATG ACC AAA CCG GTG CGC CTG CCG TCT GGC ACC ATC ATG GAC AAC TCT ATC ATC CTG CGT CAC CTC CTG AAC TCT CCG ACC GAC CCG TTC AAT CGC CAG ACC CTG ACC GAA TCT ATG CTG GAA CCA GTG CCG GAA CTG AAA GAA CAG ATC CAG GCG TGG ATG CGT,-0.3043844553572879
GAC GCG CCA GAT GAA TTC CGT GAC CCG CTG ATG GAC ACC CTG ATG ACC GAG CCG GTG CGT CTG CCG TCT GGC ACC ATC ATG GAC CGT TCT ATC ATC CTG CGT CAC CTG CTG AAC TCT CCG ACT GAT CCA TTC AAC CGT CAA ACC CTG ACT GAA TCT ATG CTG GAG CCA GTT CCG GAG CTG ACC GAA CAG ATC CAG GCG TGG ATG CGT,0.6671040210226187
GAC GCT CCG GAC GAA TTC CGT GAC CCG CTG ATG GAC ACT CTG ATG ACC GGC CCA GTT CGT CTC CCG TCT GGT ACT ATC ATG GAC ATC TCT ATC ATC CTG CGT CAC CTG CTG AAC TCT CCG ACC GAC CCG TTC AAC CGT CAA ACC CTG ACC GAA TCT ATG CTG GAA CCG GTG CCG GAA CTG AAA GAA CAG ATC CAG GCG TGG ATG CGT,1.0028235293386485
GAC GCT CCG GAC GAA TTC CGT GAC CCA CTG ATG GAC ACC CTG ATG ACC GAC CCG GTT CGT CTG CCG TCC GGC ACC ATC ATG GAC CGT TCT ATC ATC CTG CGT CAC CTG CTG AAC TCT CCG ACC GAT CCG TTC AAC CGT CAG ACC CTG ACC GAA TCT ATG CTG GAA CCG TGC CCG GAA CTG AAA GAA CAG ATC CAG GCG TGG ATG CGC,2.471733392455004
GAC GCT CCG GAC GAG TTC CGT GAC CCG CTG ATG GAC ACC CTG ATG ACC GAT CCG GTT CGT CTG CCG TCC GGT ACC ATC ATG GAC CGT TCT ATC ATC ATG CGT CAC CTG CTG AAC TCT CCG ACC GAC CCA TTC AAC CGT CAG ACC CTG ACC GAA TCT ATG CTG GAA CCG GTG CCG GAA CTG AAA GAA CAG ATC CAG GCG TGG ATG CGT,2.4656637554532943
GAC GCT CCG GAC GAA TTC CGT GAC CCG CTG ATG GAC ACC CTG ATG ACC GAC CCG GTT CGT CTG CCG GCT GGC ACC ATT ATG GAC CGT TCT ATC ATC CTG CGT CAC CTG CTG AAC TCT CCG ACT ACT CCG TTC AAC CGC CAG ACC CTG ACC GAG TCT ATG CTC GAA CCA GTT CCA GAA CTG AAA GAA CAG ATC CAG GCG TGG ATG CGT,-3.339890804624553
GAT GCG CCG GAC GAA TTT CGT GAC CCG CTG ATG GAC ACC CTG ATG ACC AAG CCA GTT CGT CTC CCG TCT GGT ACT ATC ATG GAC GCT TCT ATC ATC CTG CGT CAC CTG CTG AAC TCT CCG ACC GAC CCA TTC AAC CGT CAG ACC CTG ACC GAA TCT ATG CTG GAG CCG GTT CCA GAG CTC AAA GAA CAG ATC CAG GCG TGG ATG CGT,-0.1935737983264344
GAT GCG CCA GAC GAA TTC CGT GAC CCG CTG ATG GAC TGG CTG ATG ACC GAT CCG GTG CGT CTG CCG TCC GGC ACC ATC ATG TGC CGT TCT ATC ATC CTG CGT CAC CTG CTC AAC TCT CCG ACT GAC CCA TTC AAC CGT CAG ACC CTG ACC GAA TCT ATG CTG GAG CCG GTT CCA GAA CTG AAA GAA CAG ATC CAG GCG TGG ATG CGT,1.3602326861169196
GAT GCG CCG GAC GAA TCT CGT GAC CCG CTG ATG GAC ACC CTG ATG ACT GAC CCG GTT CGT CTG CCG TCC GGT ACC ATC ATG GAC CGT TCT ATC ATC CTG CGT CAC CTG CTG AAC TCT CCG ACC GAC CCG TTC AAC CGC CAG ACC CTG ACC GAA TCT ATG CTG GAG CCG GTT CCG GAG CTG AAA GAA CAG ATC CAG GCT TGG ATG CGT,-1.490682145726356
GAT GCG CCG GAC GAA TTT CGT GAC CCG CTG ATG GAC ACC CTG ATG ACC GAC CCG GTT CGT CTG CCG TCT GGC ACC ATC ATG GAC CAG TCT ATC ATC CTG CGT CAC CTG CTG AAC TCT CCG ACT GAC CCA TTC AAC CGC CAG ACC CTG ACT GAA TCT ATG CTG GAG CCA GTG CCG GAG CTG GGT GAA CAG ATC CAG GCG TGG ATG CGT,-3.203770026331047
GAT GCT CCA GAC GAA TTC CGT GAC CCG CTG ATG GAC ACC CTG ATG ACC GAC CCA ATG CGC CTC CCG TCT GGC ACC ATC ATG GAC CGT TCT ATC ATC CTG CGT CAC CTG CTG AAC TCT CCA ACT GAC CCA TTC AAC CGC CAG ACC CTC ACT GAA TCT ATG CTG GAG CCA GTT CCG GAG CTG AAA GAA CAG ATC CAG GCT TGG ATG CGT,1.741389113295296
GAC GCT CCG GAC GAA TTC CGT GAC CCG CTG ATG GAC ACC CTG ATG ACC GAT CCG GTT CGT CTG TAC TCT GGC ACC ATT ATG GAC CGT TCT ATC ATC CTG CGT CAC CTG CTG AAC TCT CCG ACT GAC CCA TTC AAC CGC CAG ACC CTG ACC GAA TCT ATG CTG GAA CCG GTG CCG GAA CTG AAA GAA CAG ATC CAG GCG TGG ATG CGT,0.4091131266434314
GAT GCG CCG GAC GAG TTC CGT GAC CCG CTG ATG GAC ACC CTG ATG ACC ACT CCA GTT CGT CTG CCG TCT GGC ACC ATC ATG GAC CGT TCT ATC ATC CTG CGC CAC CTG CTG AAC TCT CCG ACC GAC CCA TTC AAC CGC CAG ACC CTG ACC GAA TCT ATG CTG GAG CCA GTG CCG GAG CTG AAA GAA CAG ATC CAG GCG TGG ATG CGT,-0.129526739892701
GAT GCG CCG GAC GAA TTC CGT GAC CCG CTG ATG GAC ACC CTG ATG ACC ATG CCG GTG CGT CTG CCG TCT GGC ACC ATC ATG GAC CAG TCT ATC ATC CTG CGT CAC CTG CTG AAC TCT CCG ACC GAC CCG TTC AAC CGT CAG ACC CTG ACC GAA TCT ATG CTG GAG CCG GTT CCG GAG CTG AAA GAA CAG ATC CAG GCG TGG ATG CGT,-0.2721175387886573
GAT GCG CCG GAC GAA TTC CGT GTT CCG CTG ATG GAC ACC CTG ATG ACC GAT CCA GTT CGT CTG CCG TCT GGT ACT ATC ATG TGG CGT TCT ATC ATC CTG CGT CAC CTG CTG AAC TCT CCG ACC GAC CCG TTC AAC CGT CAG ACC CTG ACC GAA TCT ATG CTG GAA CCA GTT CCG GAG CTG AAA GAA CAG ATC CAG GCG TGG ATG CGT,0.8245435970129036
GAC GCT CCG GAC GAG TTC CGT GAC CCG CTG ATG GAC ACC CTG ATG ACC GAT CCA GTT CGT CTG CCG CAC GGT ACC ATC ATG GAC CGT TCT ATC ATC CTG CGT CAC CTG CTG AAC TCT CCG ACC GAC CCG TTT GAG CGC CAG ACC CTG ACC GAA TCT ATG CTG GAA CCA GTT CCA GAG CTG AAA GAA CAG ATC CAG GCG TGG ATG CGT,-2.3821000440966857
GAC GCG CCA GAT GAA TTC CGT GAC CCG CTG ATG GAC TAC CTG ATG ACC GAC CCG GTT CGT CTG CCG TCT GGT ACT ATC ATG GGT CGT TCT ATC ATC CTG CGT CAC CTG CTG AAC TCT CCA ACT GAC CCG TTC AAT CGT CAG ACC CTG ACC GAA TCT ATG CTG GAA CCG GTG CCG GAA CTG AAA GAA CAG ATC CAG GCG TGG ATG CGT,-0.2781518394829666
GAT GCG CCG GAC GAA TTC CGT GAC CCG CTG ATG GAC ACC CTG ATG ACC GAC CCG GTT CGT CTG CCA TAC GGT ACC ATC ATG GAC CGT TCT ATC ATC CTG CGT CAC CTG CTG AAC TCT CCG ACC AAC CCG TTC AAC CGT CAG ACC CTG ACC GAA TCT ATG CTG GAA CCA GTT CCG GAG CTG AAA GAA CAG ATC CAG GCG TGG ATG CGT,-0.4593193979384122
GAC GCT CCG GAC GAA TTC CGT GAC CCG CTG ATG GAC ACC CTG ATG ACC GAC CCG GTT CGT CTG CCG TGG GGT ACC ATC ATG GAC CGT TCT ATC ATC CTG CGT CAC CTG CTG AAC TCT CCG ACC GAT CCG TTC ATC CGT CAG ACC CTG ACC GAA TCT ATG CTG GAA CCG GTG CCA GAA CTC AAA GAA CAG ATC CAG GCG TGG ATG CGT,0.5476713554984647
GAT GCT CCG GAC GAG TTC CGT GAC CCG CTG ATG GAC ACC CTG ATG ACC GAC CCG GTT CGT CTG CCG TCT GGC ACC ATC ATG GAC CGT TCT ATC ATC CTG CGT CAC CTG CTG AAC GAC CCG TGC GAT CCG TTC AAC CGT CAG ACC CTG ACC GAA TCT ATG CTG GAG CCG GTG CCG GAA CTG AAA GAA CAG ATC CAG GCG TGG ATG CGT,2.044530492198966
GAT GCG CCG GAC GAA TTT CGT GAC CCG CTG ATG GAC ACC CTG ATG ACT GAC CCA TTT CGT CTG CCG TCT GGC ACC ATC ATG GAC CGT TCT ATC ATC CTG CGT CAC CTG CTG AAC TCT CCG ACC GAC CCG TTC AAC CGT CAG ACC CTG ACC GAA TCT ATG CTG GAA CCA GTT CCG GAG CTG AAA GAA CAG ATC CAG GCG TGG ATG CGT,0.0381720022748536
GAC GCT CCG GAC GAA TTT CGT GAC CCG CTG ATG GAC ACT CTG ATG ACC GAT CCG GTG CGT CTG CCG TCC GGT ACC ATC ATG GAC CGT TCT ATC ATC CTG CGT CAC CTG CTG AAC TCT CCG ACC GAC CCA GGC AAC CGT CAA ACC CTG ACC GAA TCT ATG CTG GAA CCG GTG CCA GAG CTG AAA GAA CAG ATC CAG GCT TGG ATG CGC,-1.220186923572173
GAC GCT CCG GAC GAA TTC CGT GAC CCG CTG ATG GAC TGC CTG ATG ACC GAC CCG GTT CGT CTG CCG TCT GGT ACT ATC ATG GTT CGT TCT ATC ATC CTG CGT CAC CTG CTG AAT TCT CCG ACC GAT CCG TTC AAC CGT CAG ACC CTG ACC GAA TCT ATG CTG GAA CCA GTG CCA GAA CTG AAA GAA CAG ATC CAG GCG TGG ATG CGT,1.4380779972286994
GAT GCG CCG GAC GAA TTC CGT GAC CCG CTG ATG GAC ACC CTG ATG ACT GAC CCG GTT ATG CTG CCG TCT GGC ACC ATC ATG GAC CGT TCT ATC ATC CTG CGC CAC CTG CTC AAC TCT CCG ACC GAT CCG TTT AAC CGT CAG ACC CTG ACC GAA TCT ATG CTG AAA CCA GTT CCG GAG CTG AAG GAA CAG ATC CAG GCG TGG ATG CGT,2.26876271505276
GAC GCT CCG GTG GAG TTC CGC GAC CCG CTG ATG GAC ACC CTG ATG ACC GAT CCG GTT CGT CTG CCG TCT GGT ACT ATC ATG GAC CGT TCT ATC ATC CTG CGC CAC CTG CTC AAC TCT CCG ACC GAC CCG TTC AAT CGC CAG ACC CTG ACC GAA TCT ATG CTG GAA CCG GTG CCG GAA CTG AAA GAA CAG ATC CAG GCG TGG ATG CGT,3.004179308287628
GAT GCG CCG GAC GAA TTC CGT CAC CCG CTG ATG GAC ACC CTG ATG ACC GAC CCG GTT CGT CTG CCG TCT GGC ACC ATC ATG CCG CGT TCT ATC ATC CTG CGT CAC CTG CTG AAC TCT CCA ACC GAT CCG TTC AAC CGT CAG ACC CTG ACC GAA TCT ATG CTG GAA CCG GTG CCG GAA CTG AAA GAA CAG ATC CAG GCG TGG ATG CGT,-1.297153105538901
GAT GCG CCG GAC GAA TTC CGT GAC CCG CTG ATG GAC ACT CTC ATG ACC TGG CCG GTT CGC CTG CCG TCC GGT ACC ATC ATG GAC TCT TCT ATC ATC CTG CGT CAC CTG CTG AAC TCT CCG ACC GAC CCG TTC AAC CGT CAG ACC CTG ACC GAA TCT ATG CTG GAA CCG GTG CCG GAA CTG AAA GAA CAG ATC CAG GCG TGG ATG CGT,0.2738439212407864
GAC GCG CCA GAC GAA TTC CGT GAC CCA CTG ATG GAC ACC CTG ATG ACC GAT CCG GTT CGC CTG CCA GCG GGT ACC ATC ATG GAC CGT TCT ATC ATC CTG CGT CAC CTG CTG AAC TCT CCG ACC GAC CCA TTC GAA CGT CAG ACC CTG ACC GAA TCT ATG CTG GAA CCG GTG CCG GAA CTG AAA GAA CAG ATC CAG GCG TGG ATG CGT,-8.247408290669505
GAC GCT CCG GAT GAA TTC CGT CCG CCG CTC ATG GAC ACC CTG ATG ACC GAT CCG GTT CGT CTG CCG TCT GGT ACT ATC ATG GGT CGT TCT ATC ATC CTG CGT CAC CTG CTG AAC TCT CCA ACT GAC CCG TTC AAC CGT CAG ACC CTG ACC GAA TCT ATG CTG GAA CCA GTT CCA GAA CTG AAA GAA CAG ATC CAG GCG TGG ATG CGT,-4.894319245048386
GAT GCG CCG GAC GAG TTC CGT GAC CCG CTG ATG GAC ACC CTG ATG ACC GAC CCG GTT CGT CTG CCG CTG GGT ACC ATC ATG GAC CGT TCT ATC ATC CTG CGT CAC CTG CTG AAC TCT CCG ACC GCT CCA TTC AAC CGC CAG ACC CTC ACT GAA TCT ATG CTC GAA CCA GTT CCA GAA CTG AAA GAA CAG ATC CAG GCG TGG ATG CGT,-1.2909570088698248
GAC GCT CCG GAC GAA TTC CGT GAC CCG CTG ATG GAC ACC CTG ATG ACT GAC CCA GTT TGC CTG CCG TCT GGT ACT ATC ATG GAC CGT TCT ATC ATC CTG CGT CAC CTG CTG AAC TCT CCA ACC GAC CCG TTC AAC CGT CAG ACC CTG ACC GAA TCT ATG CTG GTT CCG GTT CCA GAG CTG AAA GAA CAG ATC CAG GCG TGG ATG CGT,1.441422973343486
GAC GCT CCG GAC GAA TTC CGT ATG CCG CTG ATG GAC ACC CTG ATG ACT GAC CCA GTT CGT CTG CCG TCT GGC ACC ATC ATG CCG CGT TCT ATC ATC CTC CGT CAC CTG CTG AAC TCT CCG ACC GAC CCA TTC AAC CGT CAG ACC CTG ACC GAA TCT ATG CTG GAA CCG GTG CCG GAA CTC AAG GAA CAA ATT CAG GCT TGG ATG CGT,-0.5241152642226949
GAT GCG CCG GAC GAA TTT CGT GAC CCG CTG ATG GAC ACC CTG ATG ACC AAC CCA GTT CGT CTG CCG TCT GGT ACT ATC ATG GAT ACC TCT ATC ATC CTG CGT CAC CTG CTG AAC TCT CCG ACC GAC CCG TTC AAC CGT CAG ACC CTG ACC GAA TCT ATG CTG GAG CCG GTT CCA GAA CTG AAA GAA CAG ATC CAG GCG TGG ATG CGT,-0.2991411431362415
GAT GCG CCA GAC GAA TTC CGT GAC CCG CTG ATG GAT ACC CTC ATG ACC GAC CCG GTG CGT CTC CCG TCT GGT ACT ATC ATG GAC CGT TCT ATC ATC CTG CGT CAC CTG CTG AAC TCT CCG ACC GAT CCG TTC AAC CGT CAG ACC CTG ACC GAA TCT ATG CTG GAG CCA GTG CCA TCC CTG AAA GAA CAG ATC CAG GCG TGG ATG CGT,2.079634867279321
GAT GCT CCG GAC GAA TTC CGT GAC CCG CTG ATG GAC ACC CTG ATG ACC GAC CCA GTT CGT CTG CCG CAC GGT ACC ATC ATG GAC CGT TCT ATT ATC CTG CGT CAC CTG CTG AAC TCT CCG ACT GAC CCG TTT ACC CGT CAG ACT CTG ACC GAA TCT ATG CTG GAA CCA GTT CCA GAA CTC AAA GAA CAG ATC CAG GCG TGG ATG CGT,1.0454525548766038
GAC GCT CCG GAC GAA TTC CGT GAC CCG CTG ATG GAC ACC CTG ATG ACT GAC CCG GTT CGT CTG CCG TCT GGC ACC ATC ATG GAC CGT TCT ATC ATC CTG CGT CAC CTG CTG AAC TCT CCG ACC GAC CCG TTC AAC CGT CAA ACC CTG ACC GAA TCT ATG CTG GAG CCG GTG CCG GAA AAC AAA GAA CAG ATC CAG GCT TGG ATG CGT,-3.110893748099253
GAT GCG CCG GAC GAA TTC CGT GAC CCG CTG ATG GAC CCA CTG ATG ACT GAC CCG GTT CGT CTG CCG TCC GGT ACC ATC ATG TGG CGT TCT ATC ATC CTG CGT CAC CTG CTG AAC TCT CCG ACC GAC CCG TTC AAC CGT CAG ACC CTG ACC GAA TCT ATG CTG GAG CCG GTT CCG GAG CTG AAA GAA CAG ATC CAG GCG TGG ATG CGT,0.8344048513686955
GAC GCG CCA GAC GAA TTC CGT GAC CCG CTG ATG GAC ACC CTG ATG ACC GAC CCG GTT CGC CTG CCG TCT GGT ACT ATC ATG GAT GCT TCT ATT ATC CTG CGT CAC CTG CTG AAC TCT CCG ACT GAC CCG TTC AAC CGT CAA ACC CTG ACC GAA TCT ATG CTG GAA CCG GTG CCG GAA CTG AAA GAA CAG ATC CAG GCG TGG ATG CGC,0.5045539950936762
GAT GCG CCG GAC GAA TTC CGT GAC CCG CTG ATG GAC ACC CTG ATG ACC CAG CCG GTT CGT CTC CCG TCT GGC ACC ATC ATG GAC CGT TCT ATC ATC CTG CGT CAC CTG CTG AAC TCT CCG ACC GAC CCG TTC AAC CGT CAG ACC CTG ACC GAA TCT ATG CTG GAA CCG GTG CCG GAA CTG GTT GAG CAG ATC CAG GCG TGG ATG CGT,0.3925234973306164
GAT GCG CCG GAC GAA TTC CGT GAC CCG CTG ATG GAC ACC CTG ATG ACT GAC CCG TGG CGT CTG CCG TCC GGT ACC ATC ATG GAC CGT TCT ATC ATC CTG CGT CAC CTG CTG AAC TCT CCG ACC GAC CCG TTC AAC CGT CAG ACC CTG ACC GAA TCT ATG CTG GAA CCG GTG CCG GAA CTC AAA GAA CAG ATC CAG GCT TGG ATG CGC,0.868218003769895
GAT GCT CCG GAC GAA TTC CGT GAC CCG CTG ATG GAC ACC CTG ATG ACC GAC CCG GTT CGT CTG CCG TGG GGT ACC ATC ATG GAC CGT TCT ATC ATC CTG CGT CAC CTG CTG AAC TCT CCG ACC TGG CCG TTC AAC CGT CAG ACC CTG ACC GAA TCT ATG CTG GAA CCG GTG CCG GAA CTG AAA GAA CAG ATC CAG GCG TGG ATG CGT,0.9977403331537664
GAC GCG CCA GAT GAA TTC CGT GAC CCG CTG ATG GAC ACC CTG ATG ACC GAT CCG GTG GCG CTG CCG TCT GGC ACT ATC ATG GAC CGT TCT ATC ATC CTG CGT CAC CTG CTG AAC TCT CCG ACT GAC CCA TTC AAC CGT CAG ACC CTG ACC GAA TCT ATG CTG TGC CCG GTT CCA GAG CTG AAA GAA CAG ATC CAG GCG TGG ATG CGT,0.9466939125600756
GAC GCG CCA GAC GAA TTC CGT GAC CCG CTG ATG GAT ACT CTC ATG ACC GAC CCA GTT TCT CTG CCG TCT GGT ACT ATC ATG GAC CGT TCT ATC ATC CTG CGT CAC CTG CTG AAC TCT CCG ACT GAC CCG TTC AAC CGT CAG ACC CTG ACC GAA TCT ATG CTG CTG CCG GTG CCG GAA CTG AAA GAA CAG ATC CAG GCG TGG ATG CGT,0.6681006710663235
GAC GCT CCG GAC GAA TTC CGT GAC CCG CTG ATG GAT ACC CTG ATG ACC GAC CCG GTT CGT CTG CCG TCT GGC ACC ATC ATG GAC CGT TCT ATC ATC CTC CGT CAC CTG CTG AAC CAG CCG CAA GAC CCG TTC AAC CGT CAA ACC CTG ACC GAA TCT ATG CTG GAA CCA GTG CCG GAG CTG AAA GAA CAG ATC CAG GCT TGG ATG CGC,0.9664031304235025
GAT GCG CCG GAC GAA TTC CGT CTG CCG CTG ATG GAC ACC CTG ATG ACC GAT CCG GTT CGC CTG CCG TCT GGT ACT ATC ATG CAC CGT TCT ATC ATC CTG CGT CAC CTG CTG AAC TCT CCG ACC GAC CCG TTC AAC CGT CAG ACC CTG ACC GAA TCT ATG CTG GAA CCG GTG CCG GAG CTG AAA GAA CAG ATC CAG GCG TGG ATG CGT,-0.229414152585966
GAT GCG CCG GAC GAA TTC CGT GAC CCG CTG ATG GAC ACC CTG ATG ACC GAC CCG GTT CAC CTG CCG TCT GGT ACT ATC ATG GAC CGT TCT ATC ATC CTG CGT CAT CTG CTG AAC TCT CCG ACT GAC CCA TTC AAC CGT CAG ACC CTG ACC GAA TCT ATG CTG CAA CCG GTG CCA GAA CTG AAA GAA CAG ATC CAG GCG TGG ATG CGT,-0.5666438105624806
GAC GCT CCG GAC GAA TTC CGT GAC CCA CTG ATG GAC ACC CTG ATG ACC GAC CCG GTT CGT CTG CCG TCT GGC ACC ATC ATG GAC CGT TCT ATC ATC CTG CGT CAC CTG CTG AAC CAG CCG TGC GAC CCG TTC AAC CGT CAG ACC CTG ACC GAA TCT ATG CTG GAG CCG GTT CCA GAA CTG AAA GAA CAG ATC CAG GCG TGG ATG CGT,1.9397368853607464
GAC GCT CCG GAC GAA TTC CGT GAC CCA CTG ATG GAC ACC CTG ATG ACC GAC CCG GTT CGT CTG CCG TGC GGT ACC ATC ATG GAT CGT TCC ATC ATC CTG CGT CAC CTG CTG AAC TCT CCG ACT CAC CCG TTT AAC CGT CAG ACC CTG ACC GAA TCT ATG CTG GAA CCG GTG CCA GAA CTC AAA GAA CAG ATC CAG GCG TGG ATG CGT,1.0064355465814832
GAT GCG CCG GAT GAA TTC CGT GAC CCG CTG ATG GAT ACC CTC ATG ACC GAC CCG GTT CGT CTG CCG TCT GGC ACC ATC ATG GAC CGT TCT ATC ATC CTG CGT CAC CTG CTG AAC TCT CCA ACC GAT CCG TTC AAC CGT CAG ACC CTG ACC GAA TCT ATG CTG GAA TGG GTT CCG GAG CTG AAA GAA CAG ATC CAG GCG TGG ATG CGT,1.1486737404887928
GAT GCG CCG GAC GAA TTC CGT GAC CCG CTG ATG GAC ACC CTG ATG ACC CAG CCG GTT CGT CTG CCG TCT GGC ACC ATC ATG GAT GCT TCT ATC ATC CTG CGT CAC CTG CTG AAC TCT CCG ACC GAC CCG TTT AAC CGT CAG ACC CTG ACC GAA TCT ATG CTG GAA CCG GTG CCG GAA CTC AAA GAA CAG ATC CAG GCG TGG ATG CGT,0.1169785870667996
GAT GCG CCG GAC GAG TTC CGT GAC CCG CTG ATG GAC ACC CTG ATG ACC GAC CCG GTG CAT CTC CCG TCT GGC ACC ATC ATG GAC CGT TCT ATC ATC CTG CGT CAC CTG CTG AAC TCT CCG ACC GAT CCG TTC AAC CGT CAG ACC CTG ACC GAA TCT ATG CTG TAC CCG GTT CCG GAG CTG AAA GAA CAG ATC CAG GCG TGG ATG CGT,-0.138617794919959
GAT GCG CCG GAC GAA TTT CGC GAC ATC CTG ATG GAC ACC CTG ATG ACC GAC CCG GTT CGC CTC CCG TCT GGC ACC ATC ATG GAC CGT TCT ATC ATC CTG CGT CAC CTG CTG AAC TCT CCG ACT GAT CCA TTC AAC CGT CAG ACC CTG ACC GAA TCT ATG CTG GAG CCA GTT CCG GAG CTC AAA GAA CAG ATC CAG GCG TGG ATG CGT,0.9896633828511174
GAC GCT CCA GAT GAA TTT CGT GAC CCG CTG ATG GAT ACT CTC ATG ACC CTG CCG GTG CGT CTG CCA TCT GGC ACC ATT ATG GAC TAC TCT ATC ATC CTG CGT CAC CTG CTG AAC TCT CCG ACC GAT CCG TTT AAT CGT CAG ACC CTG ACC GAA TCT ATG CTG GAA CCG GTG CCG GAA CTG AAA GAA CAG ATC CAG GCG TGG ATG CGC,0.8383081726166789
GAC GCG CCA GAT GAA TTC CGT GAC CCG CTG ATG GAC ACC CTG ATG ACC AAC CCG GTT CGT CTG CCG TCT GGC ACC ATC ATG GAC CGT TCT ATC ATC CTG CGT CAC CTG CTG AAC TCT CCG ACC GAC CCG TTC AAC CGT CAA ACC CTG ACC GAA TCT ATG CTG GAA CCG GTG CCG GAA CTG CAC GAA CAG ATC CAG GCG TGG ATG CGT,0.6317480790134222
GAT GCG CCG GAC GAG TTC CGT GAC CCG CTG ATG GAC ACC CTG ATG ACT CCA CCA GTT CGT CTG CCG TCT GGC ACC ATT ATG GAT CGT TCT ATC ATC CTG CGC CAC CTG CTC AAC TCT CCG ACC GAC CCG TTT AAC CGT CAG ACC CTG ACC GAA TCT ATG CTG GAA CCG GTG CCG GAA CTG CGT GAA CAG ATC CAG GCG TGG ATG CGT,-0.5997859569448716
GAT GCG CCG GAT GAA TTC CGT GAC CCG CTG ATG GAC ACC CTG ATG ACT GAC CCA GTT CGT CTG CCG TCT GGC ACC ATC ATG GAC CGT TCT ATC ATC CTG CGC CAT CTG CTG AAC TCT CCG ACC GAT CCG TTT AAC CGT CAG ACC CTG ACC GAA TCT ATG CTG GTT CCG GTT CCA GAG CTG AAA GAA CAG ATC CAG GCG TGG ATG CGT,2.780643227226677
GAT GCG CCG GAC GAA TTC CGT GAC CCG CTG ATG GAC ACC CTG ATG ACC GAC CCG GTT CGT CTG CCG TCC GGT ACC ATC ATG GAC CGT TCT ATC ATC CTG CGC CAC CTG CTC AAC TCT CCG ACC GAT CCG TTC AAT CGT CAG ACT CTG ACC GAA TCT ATG CTG GAG CCA GTT CTG GAA CTG AAA GAA CAG ATC CAG GCG TGG ATG CGT,1.7712507904650678
GAC GCT CCG GAC GAA TTC CGT GAC CCG CTG ATG GAC ACC CTG ATG ACC GCG CCA GTT CGT CTG CCA TCC GGT ACT ATC ATG GAC TCT TCT ATC ATC CTC CGT CAC CTG CTG AAC TCT CCG ACC GAT CCG TTC AAC CGT CAG ACC CTG ACC GAG TCT ATG CTC GAA CCG GTG CCA GAG CTG AAA GAA CAG ATC CAG GCG TGG ATG CGC,-0.4837674846299042
GAT GCG CCG GAC GAA TTT CGT GAC CCG CTG ATG GAC ACC CTC ATG ACC GAT CCG CGT CGT CTG CCG TCT GGT ACT ATC ATG GAC CGT TCT ATC ATC CTG CGT CAT CTG CTG AAC TCT CCG ACT GAC CCA TTT AAT CGT CAG ACC CTG ACC GAA TCT ATG CTG GAA CCG GTG CCG GAA CTG AAA GAA CAG ATC CAG GCG TGG ATG CGT,-1.2741427434346666
GAT GCG CCG GAC GAA TTC CGT GAC CCG CTG ATG GAC ACC CTG ATG ACC TGC CCG GTT CGT CTG CCG TCT GGC ACC ATC ATG GAC TCT TCT ATC ATC CTG CGT CAC CTG CTG AAC TCT CCG ACC GAC CCG TTC AAC CGT CAG ACC CTG ACC GAA TCT ATG CTG GAA CCA GTT CCG GAG CTG AAA GAA CAG ATC CAG GCG TGG ATG CGT,0.8121732547864007
GAC GCT CCG GAC GAA TTC CGT GAC CCG CTG ATG GAC ACC CTG ATG ACC AAA CCG GTG CGT CTG CCA TCC GGT ACC ATC ATG GAC CAG TCT ATC ATC CTG CGC CAC CTG CTG AAC TCT CCG ACC GAT CCG TTC AAC CGT CAA ACC CTG ACC GAA TCT ATG CTG GAA CCA GTT CCA GAA CTG AAA GAA CAG ATC CAG GCG TGG ATG CGT,-0.9635296930731015
GAC GCT CCG GAC GAA TTT CGT GAC CCG CTG ATG GAC ACC CTG ATG ACC GTT CCG GTT CGT CTG CCG TCC GGT ACC ATC ATG GAT CGT TCT ATC ATC CTG CGC CAC CTG CTC AAC TCT CCG ACC GAC CCG TTC AAT CGT CAG ACC CTG ACC GAA TCT ATG CTG GAA CCG GTG CCG GAA CTG ATC GAA CAG ATC CAG GCG TGG ATG CGT,0.52843656925135
GAT GCG CCG GAC GAA TTC CGT GAC CCG CTG ATG GAC GCT CTG ATG ACC GAC CCG GTT CGT CTG CCG TCT GGC ACC ATC ATG CTG CGT TCT ATC ATC CTG CGT CAT CTG CTG AAC TCT CCG ACC GAT CCG TTC AAT CGC CAG ACC CTG ACC GAA TCT ATG CTG GAA CCG GTG CCG GAA CTG AAA GAA CAG ATC CAG GCG TGG ATG CGT,0.8308076176623296
GAT GCT CCG GAT GAA TTC CGT GAC CCG CTG ATG GAC ACC CTG ATG ACC GAC CCG GTT CGT CTG CCG TCT GGC ACC ATC ATG GAC CGT TCT ATC ATC CTG CGT CAC CTG CTG AAC GAC CCG CAC GAC CCA TTC AAC CGT CAG ACC CTG ACC GAA TCT ATG CTG GAG CCG GTG CCG GAA CTG AAA GAA CAG ATC CAG GCG TGG ATG CGT,2.448744286826698
GAC GCT CCG GAC GAA TTC CGT GAC CCG CTG ATG GAC ACC CTG ATG ACC GAC CCG GTT ATG CTC CCG TCT GGC ACC ATC ATG GAC CGT TCT ATC ATC CTG CGT CAC CTG CTG AAC TCT CCG ACT GAC CCG TTC AAC CGT CAG ACC CTG ACC GAA TCT ATG CTG CTG CCG GTT CCA GAA CTG AAA GAA CAG ATC CAG GCG TGG ATG CGT,1.953859261742925
GAT GCG CCG GAC GAA TTC CGT GAC CCG CTG ATG GAC ACC CTG ATG ACT GAC CCG GTT CGT CTG CCG TCT GGC ACT ATC ATG GAC TTC TCT ATC ATC CTG CGC CAC CTG CTC AAC TCT CCG ACC GAC CCG TTC AAC CGT CAG ACC CTG ACC GAA TCT ATG CTG GAA CCG GTG CCG GAG CTC AAT GAA CAG ATC CAA GCG TGG ATG CGC,0.3578568089232386
GAC GCT CCG GAC GAA TTC CGT GAC CCG CTG ATG GAC ACT CTG ATG ACC GAC CCG GTT CGT CTG CCG TCT GGT ACT ATC ATG GAC CGT TCT ATC ATC CTG CGT CAC CTG CTG AAC GAC CCG CAG GAC CCG TTT AAC CGC CAG ACC CTG ACC GAA TCT ATG CTG GAG CCG GTT CCA GAA CTG AAA GAA CAG ATC CAG GCG TGG ATG CGT,0.9510807064767506
GAC GCT CCG GAC GAA TTC CGT GAC CCG CTG ATG GAT ACT CTG ATG ACC GAC CCG GTT CGT CTG CCG TCC GGT ACC ATC ATG GAC CGT TCT ATC ATC CTG CGT CAC CTG CTG AAC TTC CCG CAC GAC CCG TTC AAT CGC CAG ACC CTG ACC GAA TCT ATG CTG GAG CCG GTT CCA GAA CTG AAA GAA CAG ATC CAG GCG TGG ATG CGT,1.6710746472282083
GAC GCG CCA GAT GAG TTC CGT GAC CCG CTG ATG GAC ACC CTG ATG ACC GAT CCG GTT CGT CTG CCG TCT GGT ACT ATC ATG GAC CGT TCT ATC TAC CTG CGT CAC CTG CTG AAC TCT CCG ACC GAC CCG TTC AAC CGT CAA ACC CTG ACC GAA TCC ATG CTG GAA CCG GTG CCA GAA CTC AAA GAA CAG ATC CAG GCG TGG ATG CGT,-0.9694624025767586
GAC GCT CCG GAC GAA TTC CGT GAC CCG CTG ATG GAC CTG CTG ATG ACC GAC CCG GTT CGT CTG CCG TCC GGT ACC ATC ATG GAG CGT TCT ATC ATC CTG CGT CAC CTG CTC AAC TCT CCA ACT GAC CCG TTC AAC CGT CAG ACC CTG ACC GAA TCT ATG CTG GAA CCG GTG CCG GAA CTG AAA GAA CAG ATC CAG GCG TGG ATG CGT,1.0507640073957272
GAC GCT CCG GAT GAA TTC CGT GAC CCG CTG ATG GAC ACC CTG ATG ACT GTT CCG GTT CGT CTG CCG TCC GGT ACC ATC ATG GAC CGT TCT ATC ATC CTG CGT CAC CTG CTG AAC TCT CCG ACC GAC CCG TTC AAC CGC CAG ACC CTG ACC GAA TCT ATG CTG GAA CCG GTG CCG GAG CTG TCT GAA CAG ATC CAA GCG TGG ATG CGT,0.1238278575640166
GAC GCT CCG GAC GAA TTC CGT GAC CCG CTG ATG GAC ACC CTG ATG ACC GAG CCG GTT CGT CTG CCG TCT GGC ACC ATT ATG GAC CAG TCT ATC ATC CTG CGT CAC CTG CTG AAC TCT CCG ACC GAC CCA TTC AAC CGC CAG ACC CTG ACC GAA TCC ATG CTG GAA CCG GTG CCG GAA CTC AAA GAA CAG ATC CAG GCG TGG ATG CGT,0.109052878269425
GAT GCG CCG GAC GAA TTC CGT GAC CCG CTC ATG GAC GAC CTG ATG ACC GAT CCA GTT CGT CTG CCG TCT GGT ACT ATC ATG ACC CGT TCT ATC ATC CTG CGT CAC CTG CTG AAC TCT CCG ACC GAC CCA TTC AAC CGT CAG ACC CTG ACC GAA TCT ATG CTG GAG CCG GTT CCG GAG CTG AAA GAA CAG ATC CAG GCG TGG ATG CGT,-1.734441703435246
GAT GCG CCG GAC GAA TTC CGT GAC CCG CTG ATG GAC ACC CTG ATG ACC GAC CCG GTT CGT CTG CCG TCT GGC ACC ATC ATG GAC TTC TCT ATC ATC CTG CGT CAC CTG CTG AAC TCT CCG ACT GAC CCG TTT AAC CGT CAG ACC CTG ACC GAA TCT ATG CTG GAA CCA GTG CCG GAA CTG GAC GAA CAG ATC CAG GCG TGG ATG CGT,0.6418463766631701
GAC GCT CCG GAC GAA TTC CGT GAT CCG CTG ATG GAC CAC CTC ATG ACC GAT CCG GTT CGT CTG CCG TCT GGT ACT ATC ATG CGT CGT TCT ATC ATC CTG CGT CAC CTG CTG AAC TCT CCG ACC GAC CCG TTC AAC CGT CAG ACC CTG ACC GAA TCT ATG CTG GAA CCG GTG CCG GAG CTG AAA GAA CAG ATC CAG GCG TGG ATG CGT,-2.185643805250189
GAC GCG CCA GAT GAA TTC CGT GAC CCG CTG ATG GAC ATC CTG ATG ACC GAC CCG GTT CGC CTG CCG TCT GGT ACT ATC ATG CAC CGT TCT ATC ATC CTG CGT CAC CTG CTG AAC TCT CCG ACC GAT CCG TTC AAC CGT CAG ACC CTG ACC GAA TCT ATG CTG GAA CCA GTT CCG GAG CTC AAA GAA CAG ATC CAG GCT TGG ATG CGT,0.3138482854082641
GAT GCG CCG GAC GAA TTC CGT GAC CCG CTG ATG GAC ACC CTG ATG ACC GAC CCG GTT CGT CTG CCG TCC GGT ACC ATC ATG GAC CGT TCT ATC ATC CTG CGT CAC CTG CTG AAC AAC CCG GAT GAC CCG TTC AAC CGT CAG ACC CTG ACC GAA TCT ATG CTG GAA CCG GTG CCG GAA CTG AAA GAA CAG ATC CAG GCG TGG ATG CGT,0.6016008992256017
GAC GCT CCG GAC GAA TTC CGT GAC CCG CTG ATG GAC ACC CTG ATG ACC GAG CCG GTT CGC CTG CCG TCT GGT ACT ATC ATG GAC GCT TCT ATC ATC CTG CGT CAC CTG CTG AAC TCT CCG ACC GAC CCG TTC AAC CGT CAG ACC CTG ACC GAA TCT ATG CTG GAA CCG GTG CCG GAA CTG AAA GAA CAG ATC CAG GCT TGG ATG CGC,0.1953210204344891
GAC GCG CCA GAT GAA TTC CGT GAC CCG CTG ATG GAT ACC CTG ATG ACC GAC CCG GTT CGT CTG CCG GGT GGC ACC ATC ATG GAC CGT TCT ATC ATC CTG CGT CAC CTG CTG AAC TCT CCG ACT GAC CCG TTC GTT CGT CAG ACC CTG ACC GAA TCT ATG CTG GAG CCG GTT CCA GAA CTG AAG GAA CAG ATC CAG GCG TGG ATG CGT,-0.812226241159454
GAC GCT CCG GAC GAA TTC CGT GAT CCG CTG ATG GAC ACC CTG ATG ACC GAC CCG GTT AAA CTG CCG TCC GGT ACC ATC ATG GAC CGT TCT ATC ATC CTG CGT CAC CTG CTG AAC TCT CCG ACT GAC CCG TTC AAC CGT CAG ACC CTG ACC GAA TCT ATG CTG CAC CCG GTG CCG GAG CTG AAA GAA CAG ATC CAG GCG TGG ATG CGT,0.9466421363309414
GAC GCT CCG GAC GAA TGT CGT GAC CCG CTG ATG GAT ACC CTG ATG ACT GAC CCG GTT CGT CTG CCG TCT GGC ACC ATT ATG GAC CGC TCT ATC ATC CTG CGT CAC CTG CTG AAC TCT CCG ACC GAT CCG TTC AAC CGT CAG ACC CTG ACC GAA TCT ATG CTG GAA CCG GTG CCG GAA CTG AAA GAA CAG ATC CAG GCG TGG ATG CGT,0.8296369459800765
GAC GCT CCG GAC GAA TTC CGT GAC CCG CTG ATG GAC ACC CTG ATG ACC GAT CCG GTT TGG CTG CCG TCT GGC ACC ATC ATG GAC CGT TCT ATC ATT CTG CGT CAC CTG CTG AAC TCT CCA ACC GAC CCA TTC AAC CGT CAG ACC CTG ACC GAA TCT ATG CTG TGG CCG GTT CCA GAA CTG AAA GAA CAG ATC CAG GCG TGG ATG CGT,0.7614351902347567
GAT GCG CCG GAC GAA TTC CGT GAC CCG CTG ATG GAC CAG CTG ATG ACC GAC CCG GTT CGT CTG CCG TCT GGC ACC ATC ATG CCA CGT TCT ATC ATC CTG CGT CAC CTG CTG AAC TCT CCG ACC GAT CCG TTC AAC CGT CAG ACC CTG ACC GAA TCT ATG CTG GAG CCG GTT CCG GAG CTG AAA GAA CAG ATC CAG GCG TGG ATG CGT,-2.089309110391413
GAC GCT CCG GAC GAA TTC CGT GAC CCG CTG ATG GAC ACC CTG ATG ACC GAC CCA GTT CGC CTG CCG TCC GGT ACC ATT ATG GAC CGT TCT ATC ATC CTG CGT CAC CTG CTG AAC GCG CCA GTT GAC CCG TTC AAC CGC CAG ACC CTG ACC GAA TCT ATG CTG GAA CCG GTG CCA GAA CTG AAA GAA CAG ATC CAG GCT TGG ATG CGT,1.3597267227419807
GAT GCG CCG GAC GAA TTT CGT GGT CCG CTG ATG GAC ACC CTG ATG ACC GAT CCG GTT CGT CTG CCG TCC GGT ACC ATC ATG GAC CGT TCT ATC ATC CTG CGT CAC CTG CTG AAC TCT CCG ACC GAC CCG TTC AAC CGT CAG ACC CTG ACC GAA TCT ATG CTG GAA CCA GTT CCG GAG CTG AAA GAA CAG ATC CAG GCG TGG ATG CGT,-0.4435033260781654
GAC GCT CCA GAC GAA TTC CGT GAC CCG CTG ATG GAC ACC CTG ATG ACC GAC CCG GTT CGC CTG CCG CTG GGT ACC ATC ATG GAC CGT TCT ATC ATC CTG CGT CAC CTG CTG AAC TCT CCG ACC GAT CCG TTC GTT CGT CAA ACC CTG ACC GAA TCT ATG CTG GAA CCG GTG CCG GAG CTG AAA GAA CAG ATC CAG GCG TGG ATG CGT,-0.9156743687236488
GAC GCT CCG GAC GAA TTC CGT GAC CCG CTG ATG GAC ACC CTG ATG ACC GAC CCG GTT CGT CTG CCG TCT GGC ACC ATC ATG GAC CGT TCT ATC ATC CTG CGT CAC CTG CTG AAC CAG CCG TGG GAC CCG TTC AAC CGT CAA ACC CTG ACC GAA TCT ATG CTG GAA CCG GTG CCG GAA CTG AAA GAA CAG ATC CAG GCT TGG ATG CGC,2.236611126932106
GAC GCT CCG GAC GAA GAC CGC GAC CCG CTG ATG GAC ACC CTG ATG ACT GAC CCA GTT CGT CTG CCG TCC GGT ACC ATC ATG GAC CGT TCT ATC ATC CTG CGT CAC CTG CTG AAC TCT CCG ACC GAC CCA TTC AAC CGC CAG ACC CTC ACC GAA TCT ATG CTG GAG CCA GTT CCA GAA CTG AAA GAA CAG ATC CAG GCG TGG ATG CGT,-0.642783578484335
GAC GCG ATG GAC GAA TTC CGT GAC CCG CTG ATG GAC ACC CTG ATG ACC GAT CCG GTT CGC CTG CCA TCT GGC ACT ATT ATG GAC CGT TCT ATC ATC CTC CGT CAC CTG CTG AAC TCT CCA ACT GAC CCG TTT AAT CGT CAG ACC CTG ACC GAA TCT ATG CTG GAA CCG GTG CCG GAA CTG AAA GAA CAG ATC CAG GCG TGG ATG CGT,0.3915771835245875
GAT GCT CCA GAC GAA TTC CGT GAC CCG CTG ATG GAC ACC CTG ATG ACT GAC CCA GTT CGT CTC CCG TCT GGT ACT ATC ATG GAC CGT TCT ATC ATC CTG CGT CAC CTC CTC AAC TCT CCG ACC GAC CCA TTC AAC CGT GAC ACT CTG ACC GAA TCT ATG CTG GAA CCA GTT CCA GAG CTG AAA GAA CAG ATC CAG GCG TGG ATG CGT,2.270840919519609
GAC GCG CCA GAC GAA TTC CGT GAC CCG CTG ATG GAT ACC CTC ATG ACC GAC CCG GTG CGT CTG CCG TCT GGT ACT ATC ATG GAC CGT TCT ATC ATC CTG CGT CAC CTG CTG AAC TCT CCG ACC GAT CCA TTC AAC CGT CAG ACC CTG ACC GAA TCT ATG CTG GAA CCA GCG CCG GAA CTG AAA GAA CAG ATC CAG GCG TGG ATG CGT,1.1757289851539203
GAC GCT CCG GAC GAG TTC CGT GAC CCG CTC ATG GAC ACC CTG ATG ACT GGT CCA GTT CGT CTG CCG TCT GGC ACC ATT ATG GAC CGC TCT ATC ATC CTG CGT CAC CTG CTG AAC TCT CCG ACC GAC CCG TTC AAT CGC CAG ACC CTG ACC GAA TCT ATG CTG GAA CCG GTG CCG GAA CTG ATG GAA CAG ATC CAG GCG TGG ATG CGT,0.3597696350209231
GAC GCT CCG GAC GAA TTC CGT GAC CCG CTG ATG GAC ACC CTG ATG ACC GAC CCG GTT CGT CTG CCG TCT GGT ACT ATC ATG GAC CGT TCT ATC ATC CTG CGT CAC CTG CTG AAC TCT CCG ACC GAT CCG TTC AAC CGT CAA ACC CTG ACC GAA GAC ATG CTG GAA CCG GTG CCG GAA CTG AAA GAA CAG ATC CAG GCG TGG ATG CGT,2.810832031498024
GAC GCT CCG GAC GAA TTC CGT GAC CCG CTG ATG GAC ACC CTG ATG ACC CAG CCG GTT CGC CTG CCA TCC GGT ACC ATC ATG GAC CGT TCT ATC ATC CTG CGT CAC CTG CTG AAC TCT CCG ACC GAC CCG TTC AAC CGT CAA ACC CTG ACC GAA TCT ATG CTC GAA CCA GTG CCA GAG CTG GCG GAA CAG ATC CAG GCG TGG ATG CGC,0.8901186766214073
GAC GCT CCG GAC GAA TTC CGT GAC CCG CTG ATG GAC ACC CTG ATG ACC GAC CCG GTT CGT TGC CCG TCT GGT ACT ATC ATG GAC CGT TCT ATC ATC CTG CGT CAC CTG CTG AAC TCT CCG ACT GAC CCA TTC AAC CGT CAG ACC CTG ACC GAA TCT ATG CTG GAA CCG GTG CCG GAA CTG AAA GAA CAG ATC CAG GCG TGG ATG CGT,0.2537603328762072
GAC GCT CCG GAC GAA TTC CGT TAC CCG CTG ATG GAC ACC CTG ATG ACC GAT CCG GTT CGT CTG CCG TCT GGC ACC ATC ATG TCT CGT TCT ATC ATC CTG CGT CAC CTG CTG AAC TCT CCG ACC GAC CCG TTC AAC CGT CAG ACC CTG ACC GAA TCC ATG CTG GAA CCG GTG CCG GAA CTC AAA GAA CAG ATC CAG GCT TGG ATG CGT,-1.0696447407661165
GAT GCT CCG GAC GAA TTC CGC GAC CCA CTG ATG GAT ACC CTG ATG ACT GAC CCA GTT CGT CTC CCG TCT GGT ACT ATT ATG GAC CGT TCT ATC ATC CTG GTT CAC CTG CTG AAC TCT CCG ACC GAC CCG TTC AAC CGT CAG ACC CTG ACC GAA TCT ATG CTG GAG CCG GTG CCG GAA CTC AAA GAA CAG ATC CAG GCG TGG ATG CGT,1.682044878509828
GAC GCT CCG GAC GAA TTC CGT GAC CCG CTG ATG GAT ACT CTG ATG ACC GAC CCG GTT CGT CTG CCG GAA GGT ACC ATC ATG GAC CGT TCT ATC ATC CTG CGT CAC CTG CTG AAT TCT CCG ACT GAC CCG TTC ACC CGT CAG ACC CTG ACC GAA TCT ATG CTG GAG CCG GTG CCA GAG CTG AAA GAA CAG ATC CAG GCG TGG ATG CGT,0.6079390828827083
GAC GCT CCG GAC GAA TTC CGT GAC CCG CTG ATG GAC ACC CTG ATG ACC AAA CCA GTT CGT CTG CCG TCT GGT ACT ATC ATG GAC TCT TCT ATC ATC CTG CGT CAC CTC CTC AAC TCT CCG ACC GAT CCG TTC AAC CGT CAA ACC CTG ACC GAA TCT ATG CTG GAG CCG GTT CCA GAG CTG AAA GAA CAG ATC CAG GCG TGG ATG CGT,-0.938811379676716
GAT GCG CCG GAC GAA TTC CGT GAC CCG CTG ATG GAC CGT CTC ATG ACC GAT CCA GTT CGT CTG CCG TCT GGT ACT ATC ATG CAC CGT TCT ATC ATC CTG CGT CAC CTG CTG AAC TCT CCG ACC GAC CCA TTC AAC CGT CAG ACC CTG ACC GAA TCT ATG CTG GAG CCG GTT CCG GAG CTG AAA GAA CAG ATC CAG GCG TGG ATG CGT,-0.583073894244876
GAC GCG CCA GAT GAA TTC CGT GAC CCG CTG ATG GAC ACC CTG ATG ACT GAC CCA GTT CGT CTG CCG CCA GGT ACC ATC ATG GAC CGT TCT ATC ATC CTG CGT CAC CTG CTG AAC TCT CCG ACC GAC CCG TTC TGG CGT CAA ACC CTG ACC GAA TCT ATG CTG GAG CCG GTT CCA GAG CTG AAA GAA CAG ATC CAG GCG TGG ATG CGT,-0.0446024435745741
GAC GCT CCG GAC GAA TTC CGT GAC CCA CTG ATG GAC GAA CTG ATG ACC GAT CCG GTT CGT CTG CCG TCT GGC ACT ATT ATG GCG CGT TCT ATC ATT CTC CGT CAC CTG CTG AAC TCT CCG ACT GAC CCG TTC AAC CGT CAG ACC CTG ACC GAA TCT ATG CTG GAA CCG GTG CCG GAA CTG AAA GAA CAG ATC CAG GCT TGG ATG CGT,-0.5849019939647628
GAC GCT CCG GAC GAA TTC CGT GAC CCG CTG ATG GAC ACC CTG ATG ACC GAC CCG GTT CGT CTG CCG CGT GGT ACT ATC ATG GAC CGT TCT ATC ATC CTG CGT CAC CTG CTG AAC TCT CCG ACC GAT CCG TTC GAT CGC CAG ACC CTG ACC GAA TCT ATG CTG GAA CCG GTG CCG GAA CTG AAA GAA CAG ATC CAG GCG TGG ATG CGT,-0.580063851164852
GAC GCG CCA GAT GAA TTC CGT GAC CCG CTG ATG GAC ACC CTG ATG ACT GAC CCG GTT CGT CTG CCG TCT GGT ACT ATC ATG GAC CGT TCT ATC ATC CTG CGC CAC CTG CTC AAC TCT CCG ACC GAC CCG TTT AAC CGC CAG ACC CTG ACC GAA CTG ATG CTG GAA CCA GTT CCG GAG CTG AAA GAA CAG ATC CAG GCG TGG ATG CGT,1.9207214836439408
GAT GCG CCG GAC GAA TTC CGT GAT CCG CTG ATG GAC ACC CTG ATG ACT GAC CCG GTT CGT CTG CCG TCT GGC ACC ATC ATG GAC TTC TCT ATC ATC CTG CGT CAC CTG CTG AAC TCT CCG ACC GAC CCA TTC AAC CGT CAG ACC CTG ACC GAA TCT ATG CTG GAG CCG GTT CCA GAA CTG TGG GAA CAG ATC CAG GCG TGG ATG CGT,1.797494817628582
GAT GCG CCG GAC GAA TTT CGT GAC CCG CTG ATG GAC ACC CTG ATG ACT GAC CCA GTT CGT CTG CCA TCT GGC ACC ATC ATG GAC CGT TCT ATC ATC CTG CGT CAT CTC CTC AAC TCT CCG ACC GAC CCA TTC AAC CGC CAG ACC CTG ACC GAG TCT ATG ACC GAA CCA GTT CCG GAG CTG AAA GAA CAG ATC CAG GCG TGG ATG CGT,-2.881484883208927
GAC GCT CCG GAC GAA TTC CGT GAT CCG CTG ATG GAC CCG CTC ATG ACC GAC CCG GTT CGT CTG CCG TCT GGT ACT ATC ATG CTG CGC TCC ATC ATC CTG CGT CAC CTG CTG AAC TCT CCG ACC GAT CCG TTC AAC CGT CAG ACC CTG ACC GAA TCT ATG CTG GAA CCG GTG CCG GAA CTG AAA GAA CAG ATC CAG GCG TGG ATG CGC,0.5959422724219288
GAT GCG CCG GAC GAA TTT CGT GAC CCG CTC ATG GAT ACC CTG ATG ACT GAC CCG GTT CGT CTG CCG TCT GGT ACT AAC ATG GAC CGT TCT ATC ATC CTG CGT CAC CTG CTG AAC TCT CCG ACC GAC CCG TTT AAC CGT CAG ACC CTG ACC GAA TCT ATG CTG GAG CCA GTT CCG GAG CTC AAA GAA CAG ATC CAG GCG TGG ATG CGT,-1.7816659769429328
GAT GCG CCG GAC GAA TTC CGT GAC CCG CTG ATG GAC ACC CTG ATG ACC GAC CCG GTT CGT CTG CCG TGG GGT ACC ATC ATG GAC CGT TCT ATC ATC CTG CGC CAC CTG CTG AAC TCT CCG ACT ACT CCG TTC AAC CGT CAG ACC CTG ACC GAA TCT ATG CTG GAA CCG GTG CCG GAA CTG AAA GAA CAG ATC CAG GCT TGG ATG CGT,-0.1009103668479727
GAC GCT CCG GAT GAA TTC CGT GAC CCG CTG ATG GAC ACC CTG ATG ACC GAC CCG GTT CGT CTG CCG TCT GGT ACT ATC ATG GAC CGT TCT ATC ATC CTG CGC CAC CTC CTG AAC TCT CCG ACC GAT CCG TTC AAC CGT CAA ACC CTG ACC GAA TCT ATG CTG GAA CCA GTT CCA GAA CTG AAA TGG CAG ATC CAG GCG TGG ATG CGT,2.1322010633155566
GAT GCG CCG GAT GAA TTC CGT GAC CCG CTG ATG GAC ACC CTG ATG ACT GAC CCG GTT CGT CTG CCG TCT GGC ACC ATC ATG GAC CGT TCT ATC ATC CTC CGT CAC CTG CTG AAC TCT CCG ACC GAC CCG TTC ACC CGT CAG ACC CTG ACC GAA TCT ATG CTG GAA CCG GTG CCG GAA CTG AAA GAA CAG ATC CAG GCG TGG ATG CGT,3.333898228373738
GAC GCT CCG GAC GAA TTC CGT GAC CCG CTG ATG GAC ACT CTG ATG ACC GAC CCG GTT CGT CTG CCG TCT GGC ACC ATC ATG GAC CGT TCT ATC GAC CTG CGT CAC CTG CTG AAC TCT CCG ACT GAC CCA TTC AAC CGT CAA ACT CTG ACC GAA TCT ATG CTG GAG CCG GTG CCG GAA CTC AAA GAA CAG ATC CAG GCG TGG ATG CGT,-4.892007038141169
GAC GCG CCA GAC GAA TTC CGT GAC CCG CTG ATG GAC ACT CTG ATG ACT GAC CCG GTT CGT CTC CCG GTT GGC ACT ATC ATG GAC CGT TCC ATC ATC CTC CGT CAC CTG CTG AAC TCT CCG ACC CGT CCG TTT AAT CGT CAG ACC CTG ACC GAA TCT ATG CTG GAA CCA GTG CCG GAA CTG AAA GAA CAG ATC CAG GCG TGG ATG CGT,-3.9127899939617263
GAC GCT CCG GAC GAA TTC CGT GAC CCG CTG ATG GAC ACC CAC ATG ACT GAC CCG GTT CGT CTG CCG TCT GGC ACC ATC ATG GAC CGT TCT ATC ATC CTG CGT CAC CTC CTG AAT TCT CCG ACC GAC CCG TTC AAC CGT CAG ACT CTG ACC GAA TCT ATG CTG GAG CCG GTG CCG GAA CTC AAA GAA CAG ATC CAG GCG TGG ATG CGT,-0.0157338376909075
GAT GCG CCG GAC GAA TTC CGT GAC CCG CTG ATG GAC ACC CTG ATG TGG GAC CCG GTT CGT CTG CCG TCT GGC ACC ATC ATG GAC CGT TCT ATC ATC CTG CGT CAC CTG CTG AAC TCT CCG ACC GAC CCG TTC AAC CGT CAG ACC CTG ACC GAA TCT ATG CTG GAA CCG GTG CCG GAA CTG AAA GAA CAG ATC CAG GCT TGG ATG CGT,2.1561233268082964
GAC GCG CCA GAC AAC TTC CGT GAC CCG CTG ATG GAC ACC CTG ATG ACC GAC CCG GTT CGT CTG CCG TCC GGT ACC ATC ATG GAC CGT TCT ATC ATC CTG CGT CAC CTG CTG AAC TCT CCG ACC GAT CCG TTC AAC CGT CAG ACC CTG ACC GAA TCT ATG CTG GAA CCG GTG CCG GAA CTG AAA GAA CAG ATC CAG GCG TGG ATG CGT,2.4066683070251984
GAT GCT CCG GAT GAA TTC CGT GAC CCG CTG ATG GAC ACC CTG ATG ACT GAC CCG GTT CGT CTG CCG TCT GGC ACC ATC ATG GAC CGT TCT ATC ATC CTG CGT CAC CTG CTG AAC TCT CCG ACC GAC CCG TTC AAC CGT CAG ACC CTG ACC GAA TCT ATG CTG GAA CCG GTG GAA GAG CTG AAA GAA CAG ATC CAG GCG TGG ATG CGT,1.6590786444646035
GAT GCG CCG GAC GAA TTC CGT ATG CCG CTG ATG GAT ACC CTG ATG ACC GAT CCG GTT CGC CTG CCG TCT GGC ACT ATT ATG AAC CGT TCT ATC ATC CTG CGC CAC CTG CTG AAT TCT CCG ACC GAC CCG TTC AAC CGT CAG ACC CTG ACC GAA TCC ATG CTG GAG CCG GTT CCA GAA CTG AAA GAA CAG ATC CAG GCG TGG ATG CGT,-2.6640301551389447
GAC GCG CCA GAC GAA TTC CGT CTC CCG CTG ATG GAC ACC CTG ATG ACC GAC CCG GTG CGT CTG CCG TCC GGT ACC ATC ATG GAG CGT TCT ATC ATC CTG CGT CAC CTG CTG AAC TCT CCG ACT GAC CCG TTC AAC CGT CAG ACC CTG ACC GAA TCT ATG CTG GAA CCA GTG CCG GAG CTG AAA GAA CAG ATC CAG GCG TGG ATG CGT,-0.2031949677516665
GAT GCG CCG GAC GAA TTC CGT GAC CCG CTG ATG GAC ACC CTG ATG ACC AAG CCG GTT CGC CTG CCG TCT GGC ACC ATC ATG GAC GGT TCT ATC ATC CTG CGT CAC CTG CTG AAC TCT CCG ACC GAC CCG TTC AAC CGT CAG ACC CTG ACC GAA TCT ATG CTG GAA CCA GTG CCG GAG CTG AAA GAA CAG ATC CAG GCT TGG ATG CGC,-0.8435699517298173
GAT GCG CCG GAT GAA TTC CGT TGC CCG CTG ATG GAC ACC CTG ATG ACC GAC CCG GTT CGT CTG CCG TCC GGT ACC ATC ATG CAG CGT TCT ATC ATC CTG CGT CAC CTG CTG AAC TCT CCG ACT GAC CCA TTC AAC CGT CAG ACC CTG ACC GAA TCT ATG CTG GAA CCG GTG CCG GAA CTG AAA GAA CAG ATC CAG GCG TGG ATG CGT,1.1667651359821174
GAC GCT CCG GAC GAA TTC CGT GAC CCG CTG ATG GAC ACC CTC ATG ACT CCG CCG GTT CGC CTG CCG TCT GGT ACT ATC ATG GAC CGT TCT ATC ATC CTG CGC CAC CTG CTC AAC TCT CCG ACC GAC CCG TTC AAT CGT CAG ACC CTG ACC GAA TCT ATG CTG GAA CCG GTG CCG GAA CTG GCG GAA CAG ATC CAG GCG TGG ATG CGT,-0.7478520238727806
GAC GCT CCG GAC GAA TTC CGT GAC CCG CTG ATG GAC ATC CTG ATG ACT GAC CCG GTT CGT CTG CCG TCT GGC ACC ATC ATG AAC CGT TCT ATC ATC CTG CGT CAC CTG CTG AAC TCT CCG ACC GAC CCA TTC AAC CGT CAG ACC CTG ACC GAA TCT ATG CTG GAG CCG GTT CCA GAA CTG AAA GAA CAG ATC CAG GCG TGG ATG CGT,0.1360797618568163
GAT GCT CCG GAC GAA TTC CGT GAC CCG CTG ATG GAC ACC CTG ATG ACC GAC CCA GTT CGT CTG CCG TCC GGT ACC ATC ATG GAC CGT TCT ATC ATC CTG CGT CAC CTG CTG AAC TCT CCG ACT GAC CCA TTC AAC CGT CAG ACT CTG ACC GAA TCT ATG CTG GAA GCG GTG CCG GAA CTG AAA GAA CAG ATC CAG GCG TGG ATG CGT,2.068479024031705
GAC GCG CCA GAC GAA TTC CGT GAC CCG CTG ATG GAC ACC CTG ATG ACC GAC CCG GTT CGT CTC CCG GAA GGT ACC ATC ATG GAC CGT TCT ATC ATC CTG CGT CAC CTG CTG AAC TCT CCG ACC GAT CCG TTC GAC CGT CAG ACC CTG ACC GAA TCT ATG CTG GAG CCG GTG CCG GAA CTG AAA GAA CAG ATT CAA GCG TGG ATG CGT,-4.16215016963434
GAC GCT CCG GAC GAA TTC CGT GAC CCG CTG ATG GAC CTC CTG ATG ACT GAC CCG GTT CGT CTG CCG TCT GGC ACC ATT ATG AAA CGT TCT ATC ATC CTG CGT CAT CTG CTG AAC TCT CCG ACC GAC CCG TTC AAC CGT CAG ACC CTG ACC GAA TCT ATG CTG GAA CCG GTG CCG GAA CTG AAA GAA CAG ATC CAG GCG TGG ATG CGT,0.1321401271981978
GAC GCG CCA GAC GAA TTC CGT GAC CCG CTG ATG GAC CCA CTG ATG ACC GAT CCG GTG CGT CTG CCG TCT GGT ACT ATC ATG CCG CGT TCT ATT ATC CTG CGT CAC CTG CTG AAC TCT CCA ACC GAC CCG TTC AAC CGT CAG ACC CTG ACC GAA TCT ATG CTG GAA CCG GTG CCG GAG CTG AAA GAA CAG ATC CAG GCG TGG ATG CGT,-3.0872046541597724
GAC GCG CCA GAC GAA TTC CGT GAC CCA CTG ATG GAC ACC CTG ATG ACC GAC CCG GTT CGT CTC CCG TGC GGT ACC ATC ATG GAC CGT TCT ATC ATC CTG CGT CAC CTG CTG AAC TCT CCG ACC CAG CCG TTC AAC CGT CAG ACC CTG ACC GAA TCT ATG CTG GAA CCG GTG CCG GAA CTG AAA GAA CAG ATC CAG GCG TGG ATG CGT,0.4939200136431909
GAT GCG CCG GAC GAA TTC CGT GAC CCG CTG ATG GAC ACC CTG ATG ACC TGG CCG GTT CGT CTC CCG TCT GGC ACC ATT ATG GAC CTG TCT ATC ATC CTG CGC CAC CTG CTG AAC TCT CCG ACC GAC CCA TTC AAC CGT CAA ACC CTG ACC GAA TCC ATG CTG GAG CCG GTG CCG GAA CTG AAG GAA CAG ATC CAG GCG TGG ATG CGT,1.3986596879300393
GAC GCG CCA GAT GAA TTC CGT GAC CCG CTG ATG GAT ACT CTG ATG ACT GAC CCG GTG GAA CTG CCG TCT GGC ACC ATC ATG GAC CGT TCT ATC ATC CTG CGT CAC CTG CTG AAC TCT CCG ACC GAC CCG TTT AAC CGC CAG ACC CTG ACC GAA TCT ATG CTG CCG CCA GTG CCG GAG CTG AAA GAA CAG ATC CAG GCG TGG ATG CGT,-2.6355000704117746
GAT GCG CCG GAC GAA TTC CGT GAC CCA CTG ATG GAC ACC CTG ATG ACC GAC CCG GTT CGT CTG CCG GAA GGT ACC ATC ATG GAC CGT TCT ATC ATC CTG CGT CAC CTG CTG AAC TCT CCG ACC ATG CCA TTC AAC CGT CAG ACC CTG ACC GAA TCT ATG CTG GAG CCG GTT CCG GAG CTG AAA GAA CAG ATC CAG GCG TGG ATG CGT,-2.981989517866677
GAT GCG CCA GAT GAA TTC CGT GAC CCG CTG ATG GAC ACC CTG ATG ACC GAT CCA GTT CGT CTG CCG GGT GGC ACT ATC ATG GAC CGT TCT ATC ATC CTG CGT CAC CTG CTG AAC TCT CCG ACC GAC CCG TTC GGT CGT CAG ACC CTG ACC GAA TCT ATG CTG GAA CCG GTG CCG GAA CTG AAA GAA CAG ATT CAG GCG TGG ATG CGT,0.5036379743405207
GAC GCG CCA GAT GAA TTC CGT TCT CCG CTG ATG GAC ACT CTG ATG ACC GAC CCG GTT CGT CTG CCG TCT GGC ACC ATC ATG TAC CGT TCT ATC ATC CTG CGT CAC CTG CTG AAC TCT CCG ACC GAT CCA TTC AAC CGT CAG ACC CTG ACC GAA TCT ATG CTG GAA CCA GTT CCG GAG CTC AAA GAA CAG ATC CAG GCG TGG ATG CGT,0.4014035153485027
GAT GCG CCG GAC GAA TTC CGT GAC CCG CTG ATG GAC ACC CTG ATG ACC GAC CCA GTT CGT CTG CCG TCT GGC ACC ATC ATG GAC CGT TCT ATC ATC CTG CGC CAC CTC ATG AAC TCT CCG ACT GAC CCG TTC AAC CGT CAG ACC CTG ACC GAA TCT ATG CTG GAA CCA GTT CCA GAA CTG AAA GAA CAG ATC CAG GCG TGG ATG CGT,2.591744617033344
GAT GCG CCG GAC GAA TTT CGT GAC CCG CTG ATG GAC ACC CTG ATG ACC ACT CCA GTT CGT CTG CCG TCT GGC ACC ATC ATG GAC CAG TCT ATC ATC CTG CGT CAC CTG CTG AAC TCT CCG ACC GAC CCG TTC AAC CGC CAG ACC CTG ACC GAA TCT ATG CTG GAA CCA GTT CCG GAG CTG AAA GAA CAG ATC CAG GCG TGG ATG CGT,-0.5902542266288413
GAT GCG CCG GAT GAA TTC CGT GAC CCG CTG ATG GAC ACC CTC ATG ACC GAT CCG GTT CGT CTG CCG TCT GGT ACT ATC ATG GAC CGT TCT ATC ATC CTG CGT CAC CTG CTG AAC TCT CCG ACT GAC CCG TTC AAC CGT CAG ACC CTG ACC GAA TCT ATG CTG GAA CCG ACT CCA GAA CTG AAA GAA CAG ATC CAG GCG TGG ATG CGT,0.4677700364650163
GAC GCT CCG GAT GAA TTC CGT GAC CCG CTG ATG GAC TGG CTG ATG ACC GAC CCA GTT CGT CTG CCG TCT GGC ACC ATC ATG CGT CGT TCT ATC ATC CTG CGT CAC CTG CTG AAC TCT CCG ACC GAT CCA TTC AAC CGT CAG ACC CTG ACC GAA TCT ATG CTG GAA CCG GTG CCG GAA CTG AAA GAA CAG ATC CAG GCG TGG ATG CGT,0.3589927819911597
GAC GCT CCG GAC GAA TTC CGT GAC CCG CTG ATG GAC ACC CTG ATG ACC GAC CCG GTT TCT CTG CCG TCT GGC ACC ATC ATG GAC CGT TCT ATC ATC CTG CGT CAC CTC CTG AAC TCT CCG ACC GAT CCG TTC AAC CGT CAG ACC CTG ACC GAA TCT ATG CTG TGG CCG GTG CCG GAA CTC AAA GAA CAG ATC CAG GCG TGG ATG CGT,-0.2599341462760106
GAC GCT CCG GAC GAA TTT CGT GAC CCA CTG ATG GAT ACT CTC ATG ACC GAT CCG GTG CGT CTG CCA TCC GGT ACC ATT ATG GAC CGT TCT ATC ATC CTG CGC CAC TGG CTC AAC TCT CCA ACT GAC CCA TTT AAT CGT CAG ACC CTG ACC GAA TCT ATG CTG GAA CCG GTG CCG GAA CTG AAA GAA CAG ATC CAG GCG TGG ATG CGT,-0.5050025633609226
GAC GCT CCA GAC GAG TTC CGT GAC CCG CTG ATG GAC ACT CTC ATG ACC GAT CCG GTG CGC CTG CCG TCT GGT ACT ATC ATG GAC CGT TCT ATC ATC CTG CGT CAC CTG CTG AAC TCT CCG ACC GAC CCG TTC AAC CGT CAA ACC CTG ACC GAA TCT ATG CTG GAG CCG GTT TCT GAA CTG AAA GAA CAG ATC CAG GCG TGG ATG CGT,1.626275519429755
GAC GCT CCG GAC GAA TTC CGT GAC CCG CTG ATG GAC ACC CTG ATG ACC GAC CCG GTT CGT CTG CCA TAC GGT ACC ATC ATG GAC CGT TCT ATC ATC CTG CGT CAC CTG CTG AAC TCT CCG ACT GAC CCG TTC ATG CGT CAA ACC CTG ACC GAA TCT ATG CTG GAA CCG GTG CCG GAA CTG AAA GAA CAG ATC CAG GCG TGG ATG CGT,-0.143545284286148
GAC GCT CCA GAC GAA TTC CGT CCG CCG CTG ATG GAC ACC CTG ATG ACC GAC CCG GTG CGT CTG CCG TCT GGC ACC ATC ATG GTT CGT TCT ATC ATC CTG CGT CAC CTG CTG AAC TCT CCG ACT GAC CCG TTC AAC CGT CAG ACC CTG ACC GAA TCT ATG CTG GAA CCA GTG CCG GAA CTG AAA GAA CAG ATC CAG GCG TGG ATG CGT,0.0577930735331159
GAC GCG CCA GAC GAA TTC CGT GAC CCG CTG ATG GAC ACC CTG ATG ACC ACT CCG GTT CGT CTC CCG TCT GGT ACT ATT ATG GAC TGC TCT ATC ATC CTG CGT CAC CTG CTG AAT TCT CCG ACC GAC CCG TTC AAC CGT CAG ACC CTG ACC GAA TCT ATG CTG GAA CCA GTT CCA GAA CTG AAA GAA CAG ATC CAG GCG TGG ATG CGT,1.1802866613817404
GAC GCG CCA GAT GAG TTC CGT GAC CCG CTG ATG GAT ACT CTC ATG ACC GAC CCA GTT CGT CTG CCG TCC GGT ACC ATC ATG GAC CGT TCT TCT ATC CTG CGT CAC CTG CTG AAC TCT CCG ACC GAT CCG TTC AAC CGT CAG ACC CTG ACC GAA TCT ATG CTG GAG CCG GTT CCA GAG CTG AAA GAA CAG ATC CAG GCG TGG ATG CGT,2.2820589361648222
GAT GCG CCG GAT GAA TTC CGT GAC CCG CTG ATG GAC ACC CTG ATG ACC GAC CCG GTG CGT CTG CCG TCT GGC ACC ATC ATG GAC CGT TCT ATC ATC CTG CGT CAC CTG CTG GAA TCT CCG ACT GAC CCG TTC AAC CGT CAG ACT CTG ACC GAA TCT ATG CTC GAA CCA GTT CCG GAG CTG AAA GAA CAG ATC CAG GCG TGG ATG CGT,2.3349656684636244
GAC GCT CCG GAC GAA TTC CGT GAA CCG CTG ATG GAC ACC CTG ATG ACT GAC CCG GTT CGT CTG CCG TCT GGC ACT ATC ATG TGG CGT TCT ATC ATC CTG CGT CAC CTG CTG AAC TCT CCG ACC GAC CCG TTC AAC CGT CAG ACC CTG ACC GAA TCT ATG CTG GAG CCA GTT CCA GAA CTG AAA GAA CAG ATC CAG GCG TGG ATG CGT,0.6531399875155992
GAT GCG CCG GAC GAA TTC CGT GAC CCG CTC ATG GAC TGG CTG ATG ACT GAC CCA GTT CGT CTG CCG TCC GGT ACC ATT ATG AAA CGT TCT ATC ATC CTG CGT CAC CTG CTG AAC TCT CCG ACC GAC CCG TTC AAC CGT CAG ACC CTG ACC GAG TCT ATG CTG GAG CCG GTG CCA GAA CTG AAA GAA CAG ATC CAG GCG TGG ATG CGT,0.8003399703728515
GAC GCT CCG GAC GAA TTC CGT GAC CCG CTG ATG GAC TGC CTG ATG ACC GAC CCG GTT CGT CTG CCG TCT GGC ACC ATC ATG TTC CGT TCT ATC ATC CTG CGC CAC CTG CTG AAC TCT CCG ACT GAC CCG TTC AAC CGT CAG ACC CTG ACC GAA TCT ATG CTG GAA CCG GTG CCG GAA CTG AAA GAA CAG ATT CAG GCG TGG ATG CGT,1.4532206439853883
GAC GCG CCA GAC GAA TTC CGT GAC CCG CTG ATG GAC ACC CTG ATG ACT GAC CCG GTT GAC CTG CCA TCT GGC ACT ATT ATG GAC CGT TCT ATC ATC CTG CGT CAC CTG CTC AAC TCT CCG ACC GAC CCG TTC AAC CGT CAG ACC CTG ACC GAA TCT ATG CTG CGT CCG GTG CCG GAA CTC AAA GAA CAG ATC CAG GCG TGG ATG CGT,-2.4948565682715085
GAC GCT CCG GAT GAA TTC CGT GAC CCG CTG ATG GAC ACC CTG ATG ACC GAC CCG GTT CGT CTG CCG TCT GGC ACT ATT ATG GAT CGT TCT ATC ATC CTG CGT CAC CTG CTG AAC TCT CCG ACC GAC GAC TTT AAC CGT CAG ACC CTG ACC GAA TCT ATG CTG GAG CCG GTT CCA GAG CTG AAG GAA CAG ATC CAG GCT TGG ATG CGC,-1.7146727993948327
GAC GCT CCG GAC GAA TTC CGT GAC CCG CTG ATG GAC ACC CTG ATG ACC AAC CCG GTT CGT CTG CCG TCT GGC ACC ATC ATG GAC TTC TCT ATC ATC CTG CGT CAC CTG CTG AAC TCT CCG ACC GAC CCG TTC AAC CGT CAG ACT CTG ACC GAA TCT ATG CTG GAG CCG GTT CCA GAA CTG AAA GAA CAG ATC CAG GCG TGG ATG CGT,1.1429876618138115
GAT GCT CCG GAT GAA TTC CGT GAC CCG CTG ATG GAC ACC CTG ATG ACC GAC CCG GTT CGT CTG CCG AAC GGT ACC ATC ATG GAC CGT TCT ATC ATC CTG CGT CAC CTG CTG AAC TCT CCG ACC TGG CCA TTC AAC CGT CAG ACC CTG ACC GAA TCT ATG CTG GAA CCG GTG CCG GAA CTG AAA GAA CAG ATC CAG GCG TGG ATG CGT,0.582367420200402
GAT GCG CCG GAC GAA TTC CGT GAC CCG CTG ATG GAC ACC CTG ATG ACC GAC CCG GTT CGT CTC CCA GCG GGC ACT ATC ATG GAT CGT TCT ATC ATC CTG CGT CAC CTG CTG AAC TCT CCG ACT GAC CCG TTC GGT CGT CAG ACC CTG ACC GAA TCT ATG CTG GAG CCG GTT CCA GAA CTG AAA GAA CAG ATC CAG GCG TGG ATG CGT,-3.876278091163844
GAC GCG CCA GAT GAA TTC CGT GAC CCG CTG ATG GAC ACC CTG ATG ACC GAC CCG GTT GTT CTC CCG TCT GGT ACT ATC ATG GAC CGT TCT ATC ATC CTG CGT CAC CTG CTG AAC TCT CCG ACT GAC CCG TTC AAC CGT CAG ACC CTG ACC GAA TCT ATG CTG TTC CCA GTG CCA GAA CTG AAA GAA CAG ATC CAG GCG TGG ATG CGT,0.6922240146016849
GAT ACT CCG GAT GAA TTC CGT GAC CCG CTG ATG GAC ACC CTG ATG ACC GAC CCG GTT CGT CTG CCG TCT GGC ACC ATC ATG GAC CGT TCT ATC ATC CTC CGT CAC CTG CTG AAC TCT CCA ACT GAC CCG TTC AAC CGT CAG ACC CTG ACC GAA TCT ATG CTG GAG CCG GTG CCG GAA CTG AAA GAA CAG ATC CAG GCG TGG ATG CGT,2.2460589537793654
GAC GCT CCG GAC GAA TTC CGT GAC CCG CTG ATG GAC ACC CTG ATG ACC GAC CCG GTT CGT CTG CCG TCT GGC ACC ATC ATG GAC CGC TCT ATC ATC CTG CGT CAC CTG CTG AAC TCT CCG ACT GAT CCG TTC AAC CGC CAG ACC CTG ACC GAA TCT ATG AAC GAG CCG GTG CCG GAA CTG AAA GAA CAG ATC CAG GCG TGG ATG CGT,-4.096440194036406
GAT GCG CCG GAC GAA TTT CGT GAC CCG CTG ATG GAC ACC CTC ATG ACC GAT CCG GTT CGT CTG CCG TCT GGC ACT ATC ATG GAC CGT TCT ATC ATC CTC CGT CAC CTG CTC AAC TCT CCG ACC GAC CCG TTT AAC CGC CAG ACT CTG ACC GAA TCC ATG CTG GAA CCG GTG CGT GAA CTG AAA GAA CAG ATC CAG GCG TGG ATG CGT,1.5868761193719514
GAC GCT CCG GAT GAA TTC CGT GAC CCG CTG ATG GAC AAT CTG ATG ACT GAC CCA GTT CGT CTG CCG TCT GGC ACC ATC ATG AAA CGT TCT ATC ATC CTG CGT CAC CTG CTG AAC TCT CCA ACC GAC CCG TTC AAC CGT CAG ACC CTG ACC GAA TCT ATG CTC GAA CCG GTG CCG GAA CTG AAA GAA CAG ATC CAG GCG TGG ATG CGT,-2.601088549972806
GAC GCT CCG GAT GAA TTC CGT GAC CCG CTG ATG GAT ACT CTG ATG ACC GAT CCA GTT CGT CTG CCG TCT GGC ACC ATC ATG GAC CGT TCT ATC ATC CTC CGT CAC CTG CTG AAC TCT CCA ACC GAC CCG TTC AAC CGT CGT ACC CTG ACC GAG TCT ATG CTG GAA CCA GTG CCG GAG CTG AAA GAA CAG ATC CAG GCG TGG ATG CGT,1.9536706414956289
GAT GCG CCG GAC GAA TTT CGT GAC CCG CTC ATG GAC ACC CTG ATG ACC CAC CCG GTT CGT CTG CCG TCT GGT ACT ATC ATG GAT GGT TCT ATC ATC CTG CGT CAC CTG CTG AAC TCT CCG ACC GAC CCG TTT AAC CGT CAG ACC CTG ACC GAA TCT ATG CTG GAG CCA GTT CCG GAG CTC AAA GAA CAG ATC CAG GCG TGG ATG CGT,-0.1777838812252162
GAC GCG CCA GAT GAA TTC CGT GAC CCG CTG ATG GAC ACC CTG ATG ACC GAT CCA GTT TAC CTG CCG TCC GGT ACC ATC ATG GAC CGT TCT ATC ATC CTG CGT CAC CTG CTG AAC TCT CCG ACC GAC CCG TTC AAC CGT CAG ACC CTG ACC GAA TCT ATG CTG TGG CCG GTT CCA GAA CTG AAA GAA CAG ATC CAG GCG TGG ATG CGC,0.5621792567501489
GAC GCT CCG GAT GAA TTC CGT GAC CCG CTG ATG TTC ACC CTG ATG ACT GAC CCG GTT CGT CTG CCG TCT GGC ACC ATC ATG GAC CGT TCT ATC ATC CTG CGC CAT CTC CTG AAC TCT CCG ACC GAC CCG TTC AAT CGC CAG ACC CTG ACC GAA TCT ATG CTG GAA CCG GTG CCG GAA CTG AAA GAA CAG ATC CAG GCG TGG ATG CGT,3.0160038791333297
GAC GCT CCG GAC GAA TTC CGT GAC CCG CTG ATG GAC ACC CTG ATG ACT GAC CCG GTT CGT CTG CCG TCC GGT ACC ATC ATG GAC CGT TCT ATC ATC CTG CGT CAC CTG CTG AAC TCT CCG ACC GAC CCG TTC AAC CGT CAG ACT CTG ACC GAA TCT ATG CTG GAA CCA CCG CCG GAA CTG AAA GAA CAG ATC CAG GCG TGG ATG CGT,-0.975896012133212
GAT GCG CCG GAC GAA TTT CGT GAC CCG CTG ATG GAC ACC CTC ATG ACT GAC CCG GTT CGC CTG CCA TCC GGT ACT ATC ATG GAT ATG TCT ATC ATC CTC CGC CAC CTG CTG AAC TCT CCG ACC GAC CCG TTC AAC CGT CAG ACC CTG ACC GAA TCT ATG CTG GAG CCA GTG CCG GAG CTG TCT GAA CAG ATC CAG GCG TGG ATG CGT,0.4693952574242627
GAT GCG CCG GAC GAA TTC CGT GAC CCG CTG ATG GAC ACC CTG ATG ACC GAC CCA GTG GAG CTG CCG TCC GGT ACC ATC ATG GAC CGT TCT ATC ATC CTG CGT CAC CTG CTG AAC TCT CCG ACT GAC CCG TTC AAC CGT CAG ACC CTG ACC GAA TCT ATG CTG GCT CCG GTG CCG GAA CTG AAA GAA CAG ATC CAG GCG TGG ATG CGT,-0.2729820751769929
GAC GCT CCG GAC GAA TTC CGT GAC CCG CTG ATG GAC ACC CTG ATG ACC GAC CCG GTT CGT CTG CCG CAC GGT ACC ATC ATG GAC CGC TCT ATC ATC CTG CGT CAC CTG CTG AAC TCT CCG ACT GAC CCG TTC GAC CGT CAG ACC CTG ACC GAA TCT ATG CTG GAG CCG GTG CCG GAA CTG AAA GAA CAG ATC CAG GCG TGG ATG CGT,-1.2751620706718227
GAC GCT CCG GAC GAA TTC CGT GAC CCG CTG ATG GAC ACC CTG ATG ACT GAC CCG GTT CGT CTC CCG TCC GGT ACC ATC ATG GAC GAC TCT ATC ATC CTG CGT CAC CTG CTG AAC TCT CCG ACC GAT CCG TTT AAC CGT CAA ACC CTG ACC GAG TCT ATG CTC GAA CCA GTT CCA GAA CTG TCT GAA CAG ATC CAG GCG TGG ATG CGT,-1.7721803984648627
GAC GCT CCG GAC GAA TTC CGT GAC CCG CTG ATG GAC ACC CTG ATG CTG GAC CCG GTG CGT CTG CCG TCC GGT ACC ATC ATG GAC CGT TCT ATC ATC CTG CGT CAC CTG CTG AAC TCT CCG ACC GAC CCG TTC AAC CGC CAG ACC CTG ACC GAA TCT ATG CTC GAA CCG GTG CCG GAA CTG AAA GAA CAG ATC CAG GCT TGG ATG CGC,2.5633264521313377
GAC GCG CCA GAC GAA TTC CGT GAC CCG CTG ATG GAC ACT CTG ATG ACC GAC CCA GTT CGC CTG CCA TCC GGT ACC ATC ATG GAC CGT TCT ATC ATC CTG CGT CAC CTG CTG AAC TCT CCG ACT GAC CCG TTT AAC CGT CAG AAC CTG ACC GAA TCT ATG CTG GAA CCG GTG CCG GAA CTG AAA GAA CAG ATC CAG GCG TGG ATG CGT,2.2315804093968907
GAC GCT CCG GAC GAA TTC CGT TAC CCG CTG ATG GAC ACC CTG ATG ACC GAT CCG GTT CGC CTG CCG TCT GGT ACT ATT ATG CCG CGT TCT ATC ATC CTG CGT CAC CTG CTG AAC TCT CCG ACC GAC CCG TTC AAC CGT CAG ACC CTG ACC GAA TCT ATG CTG GAG CCG GTT CCA GAA CTG AAA GAA CAG ATC CAG GCG TGG ATG CGT,-0.6259638232790692
GAC GCT CCG GAC GAA TTC CGT GAC CCG CTG ATG GAC ACC CTG ATG ACC GAC CCG GTT CGT CTG CCG TCT GGT ACT ATC ATG GAC CGT TCT ATC ATC CTG CGT CAC CTG CTG AAC CAT CCG GGC GAT CCG TTC AAC CGT CAG ACC CTG ACC GAA TCT ATG CTG GAA CCG GTG CCG GAA CTG AAA GAA CAG ATC CAG GCG TGG ATG CGT,0.765762959885055
GAC GCT CCG GAT GAA TTC CGC GAT CCA CTC ATG GAT ACT CTG ATG ACC GAC CCG GTT CGT CTG CCA ATC GGT ACC ATC ATG GAC CGC TCT ATC ATC CTG CGT CAC CTG CTG AAC TCT CCG ACC TGT CCG TTC AAT CGT CAG ACC CTG ACC GAA TCT ATG CTG GAA CCG GTG CCG GAA CTG AAA GAA CAG ATC CAG GCG TGG ATG CGT,0.8961967863019187
GAC GCG CCA GAT GAA TTC CGT GAC CCG CTG ATG GAC ACC CTG ATG ACT GAT CCG GTT CGT CTG CCG TCT GGT ACT ATC ATG GAC CGT TCT ATC ATC CTG CGT CAC CTG CTG AAC TCT CCG ACC GAC CCA TTC AAC CGC CAG ACC CTG ACC GAA TCT ATG CTG GAA CCA GTT CCG GAG CTG AAA AAG CAG ATC CAG GCG TGG ATG CGT,2.5251387499095075
GAC GCT CCG GAC GAA TTC CGT GAC CCG CTG ATG GAC ATC CTG ATG ACC GAC CCG GTT CGT CTG CCG TCT GGT ACT ATC ATG TGC CGT TCT ATC ATC CTG CGT CAC CTG CTG AAC TCT CCG ACC GAT CCG TTC AAC CGT CAG ACC CTG ACC GAA TCT ATG CTG GAG CCG GTG CCG GAA CTG AAA GAA CAG ATC CAG GCG TGG ATG CGT,1.3423626159099369
GAC GCT CCG GAC GAA TTC CGT GAC CCG CTG ATG GAT ACT CTG ATG ACC GAC CCG GTT CGT CTG CCG TCT GGT ACT ATC ATG GAC CGT TCT ATC ATC CTG CGT CAC CTG CTG AAC TCT CCG ACT GAC CCG TTC AAC CGT CAG GCG CTG ACT GAA TCT ATG CTG GAG CCG GTT CCA GAG CTG AAA GAA CAG ATC CAG GCG TGG ATG CGT,2.6983138460254867
GAT GCT CCG GAC GAA TTC CGT GAC CCG CTG ATG GAC ACC CTG ATG ACC GAC CCG GTT CGT CTG CCG AAA GGT ACC ATC ATG GAC CGT TCT ATC ATC CTG CGT CAC CTG CTG AAC TCT CCG ACC ATC CCG TTC AAC CGT CAG ACC CTG ACC GAA TCT ATG CTG GAA CCG GTG CCG GAA CTG AAA GAA CAG ATC CAG GCT TGG ATG CGT,-3.8285200234697374
GAC GCT CCA GAC GAG TTC CGT GAC CCG CTG ATG GAC ACC CTG ATG ACC GAC CCG GTT CGT CTG CCG TCT GGC ACC ATT ATG GAC CGT TCT ATC ATC CTG CGT CAC CTG CTG AAC ACT CCA TTC GAC CCG TTC AAC CGC CAG ACC CTG ACC GAA TCT ATG CTG GAG CCG GTT CCG GAG CTG AAA GAA CAG ATC CAG GCG TGG ATG CGT,1.8336154751348464
GAT GCG CCG GAC GAA TTC CGT GAC CCG CTG ATG GAC ACC CTG ATG ACC CAC CCG GTT CGT CTG CCG TCC GGT ACC ATC ATG GAC TAC TCT ATC ATC CTG CGT CAC CTG CTG AAC TCT CCG ACC GAC CCG TTC AAC CGT CAG ACC CTG ACC GAA TCT ATG CTG GAG CCG GTT CCG GAG CTG AAA GAA CAG ATC CAG GCG TGG ATG CGT,1.1764623768605322
GAC GCT CCG GAC GAA TTC CGT GAC CCG CTG ATG GAC ACC CTG ATG ACC GAT CCG GTT CGT CTG CCG AAA GGT ACC ATC ATG GAC CGC TCT ATC ATC CTG CGT CAC CTG CTG AAC TCT CCG ACC GTT CCG TTC AAC CGT CAA ACC CTG ACC GAA TCT ATG CTG GAA CCG GTG CCG GAA CTC AAG GAA CAG ATC CAG GCT TGG ATG CGT,-2.4012861962703527
GAT GCT CCG GAC GAA TTT CGT GAC CCG CTG ATG GAC ACC CTG ATG ACC CGT CCG GTT CGT CTG CCG TCT GGC ACC ATT ATG GAC CGT TCT ATC ATC CTG CGT CAC CTG CTG AAC TCT CCG ACC GAC CCG TTC AAC CGT CAG ACT CTG ACC GAA TCT ATG CTG GAG CCG GTT CCA GAA CTG AAC GAA CAG ATC CAG GCG TGG ATG CGT,-0.5322088348332488
GAC GCT CCG GAC GAA TTC CGT CTG CCG CTG ATG GAC ACC CTG ATG ACC GAT CCG GTT CGT CTC CCA TCC GGT ACC ATT ATG GCG CGT TCT ATC ATC CTG CGT CAC CTG CTG AAC TCT CCG ACC GAC CCG TTC AAC CGT CAG ACC CTG ACC GAA TCT ATG CTG GAA CCG GTG CCG GAA CTG AAA GAA CAG ATC CAG GCG TGG ATG CGT,-0.128667772183239
GAC GCT CCG GAC GAA TTC CGT GAC CCG CTG ATG GAC ACC CTG ATG ACC AAA CCA GTG CGT CTG CCG TCT GGT ACT ATC ATG GAC TGC TCT ATC ATC CTG CGT CAC CTG CTG AAC TCT CCG ACC GAC CCG TTC AAT CGT CAG ACC CTG ACC GAA TCT ATG CTG GAG CCG GTG CCG GAA CTG AAA GAA CAG ATC CAG GCG TGG ATG CGT,0.9954436052346948
GAT GCG CCG GAC GAG TTC CGT GAC CCG CTG ATG GAC ACC CTG ATG ACC GAT CCG GTT CGT CTG CCG TCT GGC ACC ATC ATG GAC CGT TCT ATC ATC CTG ACC CAC CTG CTG AAC TCT CCA ACC GAC CCG TTC AAC CGT CAG ACC CTG ACC GAA TCT ATG CTG GAA CCG GTG CCG GAA CTG AAA GAA CAG ATC CAG GCT TGG ATG CGT,1.880232301841964
GAC GCT CCG GAC GAA TTC CGT GAC CCG CTG ATG GAC TAC CTG ATG ACC GAC CCG GTT CGT CTG CCG TCT GGT ACT ATC ATG CAC CGT TCT ATC ATC CTG CGT CAC CTG CTG AAC TCT CCG ACC GAT CCG TTC AAC CGT CAG ACC CTG ACC GAA TCT ATG CTG GAA CCA GTG CCA GAA CTG AAA GAA CAG ATC CAG GCG TGG ATG CGT,0.1168851460831377
GAT GCG CCG GAT GAA TTC CGT GAC CCG CTG ATG GAC ACC CTG ATG ACT GAC CCG GTT CGT CTG CCG TCT GGT ACT ATC ATG GAC CGT TCT ATC ATC CTG CGT CAC CTG CTG AAC TCT CCG ACC GAC CCA TTC AAC CGT CAG ACC CTG ACC GAA TCT ATG CTG GAA CCG GTG CCA GAG CTG AAA GAA CAG ATC CAG GCG GTT ATG CGT,-0.7632265977881676
GAT GCG CCG GAT GAA TTC CGT GAC CCG CTG ATG GAC ACC CTG ATG ACT GAC CCG GTT GAG CTG CCA TCT GGC ACC ATT ATG GAC CGT TCT ATC ATT CTG CGT CAC CTG CTG AAC TCT CCA ACC GAC CCG TTT AAC CGT CAG ACC CTG ACT GAA TCT ATG CTG TGG CCG GTG CCG GAG CTC AAA GAA CAG ATC CAG GCG TGG ATG CGT,0.075209681265192
GAT GCG CCG GAT GAA TTC CGT GAC CCG CTC ATG GAT ACC CTG ATG ACC GAC CCG GTT CGT CTG CCG TCT GGC ACC ATC ATG GAC CGT TCT ATC ATC CTG CGT CAC CTG CTG AAC TCT CCA ACT GAC CCG ATG AAC CGC CAG ACC CTG ACC GAA TCT ATG CTG GAG CCG GTT CCA GAG CTG AAA GAA CAG ATC CAG GCG TGG ATG CGT,0.5017888383483435
GAC GCT CCG GAT GAA TTC CGT GAC CCG CTG ATG GAC ACC CTG ATG ACC GAT CCA GTT CGT CTC CCG TCT GGT TGC ATC ATG GAC CGT TCT ATC ATC CTG CGT CAC CTG CTG AAC TCT CCG ACC GAC CCG TTC AAC CGT CAG ACC CTG ACC GAA TCT ATG CTG GAG CCG GTT CCA GAG CTG AAA GAA CAG ATC CAG GCG TGG ATG CGT,2.3582805819293453
GAT GCG CCG GAC GAA TTC CGT GAC CCG CTG ATG GAC ACC CTG ATG ACC GAC CCG GTT CGT CTG CCG TCC GGT ACC ATC ATG GAC CGT TCT ATC ATC CTG CGT CAC CTG CTG AAC TCT CCG CAG GAC CCG TTC AAC CGT CAG ACC CTG ACC GAA TCT ATG CTG GAA CCG GTG CCG GAA CTG AAA GAA CAG ATC CAG GCT TGG ATG CGT,1.367361110029041
GAC GCG CCA GAC GAA TTC CGT GAC CCG CTG ATG GAC GTT CTG ATG ACC GAC CCA GTT CGC CTG CCG TCT GGT ACT ATC ATG CCG CGT TCT ATC ATC CTG CGT CAC CTG CTG AAC TCT CCG ACC GAT CCG TTC AAC CGT CAG ACC CTG ACC GAA TCT ATG CTG GAG CCG GTG CCG GAA CTC AAA GAA CAG ATC CAG GCG TGG ATG CGT,-3.834872472872521
GAC GCT CCG GAC GAA TTC CGT GAC CCG CTG ATG GAT ACC CTG ATG ACC GAC CCG GTT CGC CTG CCA TCC GGT ACC ATC ATG GAC CGT TCT ATC ATC CTG CGT CAC CTC CTG AAC TCT CCG ACC GAT CCG TTC AAT CGT CAG ACC CTG ACC GAA TCT ATG CTG GAA CCA GTT CCA GAA CTG AAG GAA CAG ATC AAC GCG TGG ATG CGT,2.1278935070979967
GAC GCT CCG GAC GAA TTC CGT GAC CCG CTG ATG GAT ACC CTG ATG ACC GAC CCA GTT CGC CTG CCG TCC GGT ACC ATC ATG GAC CTG TCT ATC ATC CTC CGT CAC CTG CTG AAC TCT CCG ACC GAT CCG TTC AAC CGC CAG ACC CTG ACC GAA TCT ATG CTG GAA CCG GTG CCA GAA CTG CAG GAA CAG ATC CAG GCG TGG ATG CGT,1.0017574404963792
GAC GCT CCG GAC GAG TTC CGT GAC CCG CTG ATG GAC ACC CTG ATG ACC GAT CCG GTT CGT CTG CCG TCT GGC ACC ATC ATG GAC CGT TCT ATC ATC CTG CGT CAC CTG CTG AAC TCT CCG ACC GAC CCA TTC AAC CGT CAG ACC CTG ACC GAA TCT TTT CTG GAA CCG GTG CCG GAA CTG AAA GAA CAG ATC CAG GCG TGG ATG CGT,0.1276728588044167
GAT GCG CCG GAC GAA TTC CGC GAC CCG CTG ATG GAC ACC CTG ATG ACC GAC CCG GTT CGT CTG CCG AAC GGT ACC ATC ATG GAC CGT TCT ATC ATC CTG CGC CAC CTC CTG AAC TCT CCG ACC ACT CCA TTC AAC CGT CAG ACC CTG ACC GAA TCT ATG CTG GAA CCG GTG CCG GAA CTG AAA GAA CAG ATC CAG GCG TGG ATG CGT,0.0498507049851224
GAC GCT CCG GAC GAA TTC CGT GAC CCG CTG ATG GAC ACC CTG ATG ACC GAC CCG GTT CGT CTG CCG TCT GGC ACC ATC ATG GAC CGT TCT ATC ATC CTG CGT CAC CTG CTG AAC ACT CCG TGG GAC CCG TTC AAC CGC CAG ACC CTG ACC GAA TCT ATG CTG GAA CCG GTG CCG GAA CTC AAA GAA CAG ATC CAG GCT TGG ATG CGT,1.7656923070298605
GAT GCG CCG GAC GAA TTC CGT GAC CCG CTG ATG GAC TGC CTG ATG ACC GAC CCG GTT CGT CTG CCG TCT GGT ACT ATC ATG TAC CGT TCT ATC ATC CTG CGT CAC CTG CTG AAT TCT CCA ACC GAT CCG TTC AAC CGT CAG ACC CTG ACC GAA TCT ATG CTG GAA CCA GTG CCG GAG CTG AAG GAA CAG ATC CAG GCG TGG ATG CGT,1.1735510998618484
GAC GCT CCG GAC GAA TTT CGT GAC CCG CTC ATG GAC ACC CTG ATG ACC GAT CCG GTT CGT CTG CCG TCT GGC ACC ATT ATG GAC CGT TCT ATC ATC CTG CGT ACC CTG CTG AAC TCT CCA ACC GAC CCG TTC AAC CGT CAA ACC CTG ACC GAA TCT ATG CTG GAA CCG GTG CCG GAA CTG AAA GAA CAG ATC CAA GCG TGG ATG CGT,-0.6070092940529808
GAC GCT CCG GAC GAA TTC CGT GAC CCG CTG ATG GAC ACC CTG ATG ACC CAG CCG GTT CGT CTG CCG TCT GGC ACC ATC ATG GAC GAG TCT ATC ATC CTG CGT CAC CTC CTG AAC TCT CCG ACC GAC CCG TTC AAC CGC CAG ACC CTG ACC GAA TCT ATG CTG GAA CCA GTG CCG GAA CTC AAA GAA CAG ATC CAG GCG TGG ATG CGT,-1.0545278453473124
GAC GCT CCG GAC GAA TTC CGT GAC CCG CTG ATG GAC ACC CTG ATG ACC GAT CCA GTG GAC CTC CCG TCT GGT ACT ATC ATG GAC CGT TCT ATC ATC CTG CGT CAC CTG CTG AAT TCT CCG ACC GAC CCG TTC AAC CGT CAG ACC CTG ACC GAA TCT ATG CTG GTT CCG GTT CCA GAA CTG AAA GAA CAG ATC CAG GCG TGG ATG CGT,-5.029193913211728
GAC GCT CCG GAC GAA TTC CGT GAC CCG CTG ATG GAC ACC CTG ATG ACC TAC CCG GTT CGT CTG CCG TCT GGT ACT ATC ATG GAC CGT TCT ATC ATC CTG CGC CAC CTG CTC AAC TCT CCG ACC GAC CCG TTC AAC CGC CAG ACC CTG ACC GAA TCC ATG CTG GAA CCG GTG CCA GAA CTC GCT GAA CAG ATC CAG GCG TGG ATG CGT,0.8555447233867991
GAT GCG CCG GAC GAA TTC CGT ATG CCG CTG ATG GAT ACT CTG ATG ACC GAT CCG GTT CGC CTC CCG TCT GGC ACT ATT ATG ATG CGT TCC ATC ATC CTG CGT CAC CTG CTG AAC TCT CCG ACC GAC CCG TTC AAC CGT CAG ACC CTG ACC GAA TCT ATG CTG GAA CCG GTG CCG GAA CTG AAA GAA CAG ATC CAG GCG TGG ATG CGC,4.689141842976956
GAC GCG CCA GAT GAA TTC CGT GAC CCG CTG ATG GAC ACC CTG ATG ACC GAC CCG GTT CGT CTG CCG ATT GGC ACC ATC ATG GAC CGT TCT ATC ATC CTG CGT CAC CTG CTG AAC TCT CCG ACT CGT CCG TTC AAC CGT CAG ACC CTG ACC GAA TCT ATG CTG GAA CCA GTT CCG GAG CTG AAA GAA CAG ATC CAG GCG TGG ATG CGT,-3.345192241471876
GAC GCG CCA GAT GAA TTC CGT GAC CCG CTG ATG GAC ACC CTG ATG ACC GAG CCG GTT CGC CTG CCA TCT GGT ACT ATT ATG GAC AAC TCT ATC ATC CTG CGT CAC CTG CTG AAC TCT CCG ACC GAC CCG TTC AAC CGT CAG ACC CTG ACC GAA TCT ATG CTG GAA CCG GTG CCA GAG CTG AAA GAA CAG ATC CAG GCG TGG ATG CGT,-0.9820972114380472
GAT GCT CCG GAC GAA TTC CGT GAC CCG CTG ATG GAC ACC CTG ATG ACC GAC CCG GTT CGT CTG CCG GTT GGT ACT ATC ATG GAC CGT TCT ATC ATC CTG CGC CAC CTG CTC AAC TCT CCG ACC GAA CCG TTC AAC CGT CAG ACC CTG ACC GAA TCT ATG CTG GAG CCG GTG CCG GAG CTG AAA GAA CAG ATC CAG GCG TGG ATG CGT,-3.266941910444605
GAT GCG CCG GAC GAA TTC TGC GAC CCG CTG ATG GAC ACC CTG ATG ACC GAC CCG GTT CGT CTG CCG TCT GGC ACC ATC ATG GAC CGT TCT ATC ATC CTC CGT CAC CTG CTC AAC TCT CCG ACC GAT CCG TTC AAC CGC CAG ACC CTG ACC GAA TCT ATG CTG GAA CCA GTG CCG GAG CTC AAA GAA CAG ATC CAG GCG TGG ATG CGT,2.0383171171514487
GAT GCT CCG GAC GAA TTC CGT GAC CCG CTG ATG GAC ACC CTG ATG ACC GAA CCA GTT CGT CTG CCG TCT GGC ACC ATC ATG GAC CGT TCT ATC ATC CTG CGT CAC CTG CTG AAC TCT CCG ACC GAC CCG TTC AAC CGT CAG ACC CTC ACC GAA TCT ATG CTG GAA CCG GTG CCG GAG CTG TCT GAA CAG ATC CAG GCG TGG ATG CGT,0.5382370690402478
GAC GCT CCA GAC GAG TTC CGT TTC CCG CTG ATG GAC ACC CTG ATG ACC GAT CCG GTT CGC CTG CCG TCT GGC ACC ATC ATG CAC CGT TCT ATC ATC CTG CGT CAC CTG CTG AAC TCT CCG ACC GAC CCG TTC AAC CGT CAG ACC CTG ACC GAA TCT ATG CTC GAA CCA GTT CCA GAG CTG AAG GAA CAA ATC CAG GCG TGG ATG CGT,-0.3174257014373921
GAT GCT CCA GAC GAA TTC CGT GAC CCG CTG ATG GAC ACC CTG ATG ACC GAC CCG GTT CGT CTC CCG TCT GGC ACC ATC ATG GAC CGT TCT ATC ATC CTG CGT CAC CTG CTG AAC TCT CCG ACC GAT CCG TGG AAC CGT CAG ACC CTG ACC GAA TCT ATG CTG GAA CCA GTT CCG GAG CTG AAA GAA CAG ATC CAG GCG TGG ATG CGT,2.189314651986008
GAC GCT CCG GAT GAA TTC CGT GAC CCG CTC ATG GAC ACC CTC ATG ACC TCT CCG GTG CGC CTG CCG TCT GGC ACT ATC ATG GAT CGT TCT ATC ATC CTG CGC CAC CTG CTG AAC TCT CCG ACC GAT CCG TTC AAC CGT CAG ACC CTG ACC GAA TCC ATG CTG GAA CCG GTG CCG GAA CTG GTT GAG CAG ATC CAG GCT TGG ATG CGC,0.3721629445887933
GAT GCG CCG GAC GAA TTC CGT GAC CCG CTG ATG GAC ACC CTG CCA ACC GAC CCG GTT CGT CTG CCG TCC GGT ACC ATC ATG GAC CGT TCT ATC ATC CTG CGT CAC CTG CTG AAC TCT CCG ACC GAT CCG TTC AAC CGT CAG ACC CTG ACC GAA TCT ATG CTG GAA CCG GTG CCG GAA CTG AAA GAA CAG ATC CAG GCG TGG ATG CGT,-2.877571491896943
GAT GCG CCG GAC GAA TTC CGT GAC CCG CTG ATG GAC ACC CTG ATG ACC GAC CCG GTT CGT CTG CCG TGG GGC ACC ATC ATG GAC CGT TCT ATC ATC CTG CGT CAC CTG CTG AAC TCT CCG ACC CAC CCG TTC AAC CGT CAG ACC CTG ACC GAA TCT ATG CTG GAG CCG GTG CCG GAA CTG AAA GAA CAG ATC CAG GCT TGG ATG CGT,0.53934297652304
GAT GCG CCG GAC GAA TTC CGT GAT CCG CTG ATG GAC ACC CTG ATG ACT GAC CCG GTT CGT CTG CCG TCT GGT ACT ATC ATG GAC GCT TCT ATC ATC CTG CGT CAC CTG CTG AAC TCT CCG ACC GAC CCG TTC AAC CGT CAG ACC CTG ACC GAA TCT ATG CTG GAA CCA GTT CCA GAA CTC CCA GAA CAG ATC CAG GCG TGG ATG CGC,-0.8947562980847462
GAT GCG CCG GAC GAA TTC CGT TGC CCG CTG ATG GAC ACC CTC ATG ACC GAT CCG GTT CGT CTG CCG TCT GGT ACT ATC ATG TGG CGC TCT ATC ATC CTG CGT CAC CTG CTG AAC TCT CCG ACC GAC CCA TTC AAC CGT CAG ACC CTG ACC GAA TCT ATG CTG GAA CCA GTG CCG GAA CTG AAA GAA CAG ATC CAG GCG TGG ATG CGT,1.3279912797125268
GAC GCG CCA GAT GAA TTC CGT GAC CCG CTG ATG GAT ACC CTC ATG ACC GGC CCA GTG CGT CTC CCG TCC GGT ACC ATC ATG GAC CGT TCT ATC ATC CTG CGT CAC CTG CTG AAC TCT CCG ACC GAC CCA TTC AAT CGT CAA ACC CTG ACC GAG TCT ATG CTG GAA CCA GTG CCG GAA CTG TGG GAA CAG ATC CAG GCG TGG ATG CGC,1.0036747259005685
GAC GCT CCG GAC GAA TTC CGT GAC CCG CTG ATG GAC ACC CTG ATG ACT GAA CCG GTG CGT CTG CCG TCT GGC ACC ATC ATG GAC CGT TCT ATC ATC CTG CGT CAC CTG CTG AAC TCT CCG ACC GAC CCG TTC AAC CGT CAA ACT CTG ACC GAA TCT ATG CTG GAA CCA GTT CCA GAA CTC GGT GAA CAG ATC CAG GCG TGG ATG CGT,0.2152215248577339
GAT GCG CCG GAC GAA TTC CGT GAC CCG CTG ATG GAC AAA CTG ATG ACC GAC CCG GTT CGT CTG CCG TCT GGC ACC ATC ATG TTC CGT TCT ATC ATC CTG CGT CAC CTG CTG AAC TCT CCA ACC GAT CCA TTC AAC CGT CAG ACC CTG ACC GAA TCT ATG CTG GAA CCG GTG CCG GAA CTG AAA GAA CAG ATC CAG GCG TGG ATG CGT,0.4959779624300285
GAT GCT CCG GAC GAA TTC CGT GAC CCG CTG ATG GAC CAG CTG ATG ACC GAC CCG GTT CGT CTG CCG TCT GGC ACC ATC ATG CGT CGT TCT ATC ATC CTG CGT CAC CTG CTG AAC TCT CCG ACC GAT CCG TTC AAC CGT CAG ACC CTG ACC GAA TCT ATG CTG GAA CCG GTG CCG GAA CTG AAA GAA CAG ATC CAG GCG TGG ATG CGT,-6.319780231619035
GAC GCG CAT GAT GAA TTC CGT GAC CCG CTG ATG GAC ACC CTG ATG ACC GAC CCG GTT CGT CTG CCG TCT GGC ACC ATC ATG GAC CGT TCT ATC ATC CTG CGT CAC CTG CTG AAC TCT CCA ACC GAT CCG TTC AAC CGT CAA ACC CTG ACC GAA TCT ATG CTG GAG CCG GTG CCG GAA CTG AAA GAA CAG ATC CAG GCG TGG ATG CGT,0.5147377971393587
GAC GCG CCA GAC GAG TTC CGT GAC CCA CTC ATG GAT ACT CTG ATG ACC GAT CCG GTT CGT CTC CCG GCT GGT ACT ATT ATG GAC CGT TCT ATC ATC CTG CGT CAC CTG CTG AAC TCT CCG ACT GAC CCA TTC TAC CGT CAG ACT CTG ACC GAA TCT ATG CTG GAA CCG GTG CCG GAA CTG AAA GAA CAG ATC CAG GCG TGG ATG CGT,-0.2500908336312414
GAC GCG CCA GAT GAA TTC CGT GAC CCG CTG ATG GAC CCA CTG ATG ACC GAC CCG GTT CGT CTG CCG TCT GGT ACT ATT ATG ATT CGC TCT ATC ATC CTG CGT CAC CTG CTG AAC TCT CCG ACC GAT CCG TTC AAC CGT CAG ACC CTG ACC GAA TCT ATG CTG GAA CCA GTT CCG GAG CTG AAA GAA CAG ATC CAG GCG TGG ATG CGT,0.4554361588312169
GAC GCT CCG GAC GAA TTC CGT GAC CCG CTG ATG GAC ACC CTG ATG ACC GAT CCG GTT CGC CTG CCA TCT GGC ACC ATC ATG GAT ACC TCC ATC ATC CTG CGT CAC CTC CTG AAC TCT CCG ACC GAC CCG TTC AAC CGT CAG ACC CTG ACC GAA TCT ATG CTG GAA CCG GTG CCG GAA CTG ATC GAA CAG ATC CAG GCT TGG ATG CGT,0.4447680840542586
GAC GCG CCA GAC GAA TTC CGT GAC CCG CTG ATG GAC ACC CTG ATG ACC GAC CCG GTT CAC CTC CCG TCT GGT ACT ATC ATG GAC CGT TCT ATC ATC CTG CGT CAC CTG CTG AAC TCT CCG ACC GAT CCA TTC AAC CGT CAG ACC CTG ACC GAA TCT ATG CTG GGT CCG GTG CCG GAA CTG AAA GAA CAG ATC CAG GCG TGG ATG CGT,-1.7026981321805137
GAC GCT CCG GAC GAA TTC CGT GAC CCG CTG ATG GAC ACC CTG ATG ACC GAC CCG GTT ACC CTG CCG TCT GGT ACT ATC ATG GAC CGT TCT ATC ATC CTG CGT CAC CTG CTG AAC TCT CCA ACT GAC CCG TTC AAC CGT CAG ACC CTG ACC GAA TCT ATG CTG GTT CCG GTT CCA GAA CTG AAA GAA CAG ATC CAG GCG TGG ATG CGC,0.3097619748279742
GAT GCG CCG GAC GAA TTT CGT GAC CCG CTG ATG GAC ACC CTG ATG ACC AAC CCG GTT CGT CTG CCG TCT GGC ACC ATC ATG GAC TCC TCT ATC ATC CTG CGT CAC CTG CTG AAC TCT CCG ACC GAC CCA TTC AAC CGT CAG ACC CTG ACC GAA TCT ATG CTG GAA CCG GTG CCG GAA CTG AAA GAA CAG ATC CAG GCG TGG ATG CGT,0.3421819328645922
GAC GCT CCG GAT GAA CAC CGT GAC CCG CTG ATG GAC ACC CTG ATG ACC GAC CCG GTT CGT CTG CCG TCT GGC ACC ATC ATG GAC CGT TCT ATC ATC CTG CGT CAC CTG CTG AAC TCT CCG ACC GAT CCG TTC AAC CGT CAG ACC CTG ACC GAA TCT ATG CTG GAG CCG GTG CCG GAG CTG AAA GAA CAG ATC CAG GCT TGG ATG CGT,-0.3158689517645289
GAT GCG CCG GAC GAA TTC CGT GAC CCG CTG ATG GAC ACC CTG ATG ACC GAC CCG GTT CGT CTC CCG TCC GGT ACC ATC ATG GAC CGT TCT ATC ATC CTG CGT CAT GTT CTG AAC TCT CCG ACC GAT CCG TTC AAC CGT CAG ACC CTG ACC GAA TCT ATG CTG GAG CCG GTT CCA GAA CTG AAA GAA CAG ATC CAG GCG TGG ATG CGT,0.37232126948412
GAT GCG CCG GAC GAG TTC CGT GAC CCG CTG ATG GAC ACC CTG ATG ACC TCT CCA GTT CGT CTG CCG TCT GGC ACC ATC ATG GAC GGT TCT ATC ATC CTG CGT CAC CTG CTG AAC TCT CCG ACC GAC CCG TTC AAC CGC CAG ACC CTG ACC GAA TCT ATG CTG GAA CCA GTT CCG GAG CTG AAA GAA CAG ATC CAG GCG TGG ATG CGT,-2.599541674461509
GAC GCG CCA GAC GAG TTC CGT CCG CCG CTG ATG GAT ACC CTG ATG ACC GAC CCG GTT CGT CTG CCG TCC GGT ACC ATC ATG CAG CGT TCT ATC ATC CTG CGT CAC CTG CTG AAC TCT CCA ACT GAC CCG TTC AAC CGT CAG ACC CTG ACC GAA TCT ATG CTG GAG CCA GTT CCA GAA CTG AAA GAA CAG ATC CAG GCG TGG ATG CGT,-1.973808127767065
GAC GCT CCG GAC GAA TTC CGT GAC CCG CTG ATG GAC GTT CTG ATG ACC GAC CCG GTT CGT CTG CCG TCT GGC ACC ATC ATG ACC CGT TCT ATC ATC CTG CGT CAT CTG CTG AAC TCT CCG ACC GAT CCA TTC AAC CGT CAG ACC CTG ACC GAA TCT ATG CTG GAA CCG GTG CCG GAA CTG AAG GAA CAG ATC CAG GCG TGG ATG CGC,-0.5182911398930767
GAC GCT CCG GAC GAA TTC CGT GAC CCG CTG ATG GAC TGG CTG ATG ACC GAC CCG GTT CGT CTG CCG TCT GGC ACC ATC ATG GTT CGT TCT ATC ATC CTG CGT CAC CTG CTG AAC TCT CCG ACC GAT CCG TTC AAC CGT CAG ACC CTG ACC GAA TCT ATG CTG GAA CCG GTG CCG GAA CTG AAA GAA CAG ATC CAG GCG TGG ATG CGT,1.0609440164486432
GAC GCT CCG GAC GAA TTT CGT GAC CCG CTG ATG GAC ACC CTG ATG ACC GAC CCG GTT CGT CTG CCG TCT GGT ACT ATC ATG GAC CGT TCT ATC ATC CTC CGC CAC CTC CTG AAC TCT CCG ACT GAC CCA TTC AAC CGT CAG ACC CTG ACC GAA GGT ATG CTG GAA CCA GTG CCG GAA CTG AAA GAA CAG ATC CAG GCG TGG ATG CGT,2.149984764131572
GAC GCT CCG GAC GAA TTC CGT GAC CCG CTG ATG GAC TTC CTC ATG ACT GAC CCG GTT CGT CTG CCG TCT GGC ACT ATC ATG TGC CGT TCT ATT ATC CTG CGT CAC CTG CTG AAC TCT CCG ACT GAT CCG TTC AAC CGC CAG ACC CTG ACT GAA TCT ATG CTG GAA CCG GTG CCG GAA CTG AAA GAA CAG ATC CAA GCG TGG ATG CGT,1.4548119825005936
GAC GCT CCG GAC GAA TTC CGT GAC CCG CTG ATG GAC ACC CTG ATG ACC GAC CCG GTT CGT CTG CCG TCT GGT ACT ATC ATG GAC TGG TCT ATC ATT CTG CGT CAC CTG CTG AAC TCT CCG ACC GAT CCG TTT AAC CGT CAG ACC CTG ACC GAA TCT ATG CTG GAA CCA GTT CCA GAA CTG TAC GAA CAG ATC CAG GCG TGG ATG CGT,1.440064594786907
GAC GCG CCA GAT GAA TTC CGT GAC CCG CTG ATG GAC GTT CTG ATG ACC GAC CCG GTT CGT CTG CCG TCT GGC ACC ATC ATG GTT CGT TCT ATC ATC CTG CGT CAT CTG CTG AAC TCT CCG ACT GAC CCA TTC AAC CGT CAG ACC CTG ACC GAA TCT ATG CTG GAA CCG GTG CCG GAA CTG AAA GAA CAG ATC CAG GCG TGG ATG CGC,0.2534077033507867
GAT GCG CCG GAC GAA TTC CGT GAC CCG CTG ATG GAC ACC CTG ATG ACC GAC CCG GTT CGT CTG CCG TCT GGT ACT ATC ATG GAT ACC TCT ATC ATC CTC CGT CAC CTG CTG AAC TCT CCG ACC GAT CCG TTC AAC CGT CAG ACC CTG ACC GAA TCT ATG CTG GAG CCG GTT CCA GAA CTC CCG GAA CAG ATC CAG GCG TGG ATG CGT,-1.6033588652102675
GAT GCT CCG GAT GAA TTC CGT GAC CCG CTG ATG GAC ACC CTG ATG ACC GAC CCG GTT CGT CTG CCG TCT GGC ACC ATC ATG GAC CGT TCT ATC ATC CTG CGT CAC CTG CTG AAT CGC CCG GAC GAT CCG TTC AAC CGT CAG ACC CTG ACC GAA TCT ATG CTG GAG CCA GTG CCG GAG CTG AAA GAA CAG ATC CAG GCG TGG ATG CGT,0.4829075395025937
GAT GCG CCG GAC GAA TTT CGT GAC CCG CTG ATG GAC ACT CCG ATG ACC GAC CCG GTT CGT CTC CCA TCT GGT ACT ATC ATG GAC CGT TCT ATC ATC CTG CGT CAC CTG CTG AAC TCT CCG ACC GAT CCG TTC AAC CGT CAG ACC CTG ACC GAA TCT ATG CTG GAA CCA GTT CCG GAG CTG AAA GAA CAG ATC CAG GCG TGG ATG CGT,0.6229795841941295
GAC GCT CCG GAC GAA TTT CGT GAC CCA CTC ATG GAT ACT CTC ATG ACC GAC CCG GTT CGT CTG CCG TCT GGC ACC ATC ATG GAC CGT TCT ATC CAG CTG CGT CAC CTG CTG AAC TCT CCG ACT GAC CCA TTC AAC CGT CAA ACC CTG ACC GAA TCT ATG CTG GAA CCG GTG CCG GAA CTG AAA GAA CAG ATC CAG GCG TGG ATG CGT,-2.146601628019752
GAC GCT CCG GAC GAA TTC CGT GAC CCG CTG ATG GAC ACC CTG ATG ACT GAC CCG GTT CGT CTG CCG TCT GGC ACC ATC ATG GAC CGT TCT TTC ATC CTG CGT CAC CTG CTG AAC TCT CCG ACC GAC CCA TTC AAC CGT CAG ACC CTG ACC GAA TCT ATG CTG GAG CCG GTG CCG GAA CTC AAG GAA CAG ATC CAG GCG TGG ATG CGT,0.5541856929904823
GAT GCG CCG GAC GAA TTT CGT GAC CCG CTG ATG GAC ACC CTG ATG ACC GAT CCG GTT CGT CAC CCG TCT GGC ACC ATC ATG GAC CGT TCT ATC ATC CTG CGT CAC CTG CTG AAC TCT CCG ACC GAC CCG TTC AAC CGT CAG ACC CTG ACC GAA TCT ATG CTG GAA CCA GTT CCG GAG CTG AAA GAA CAG ATC CAG GCG TGG ATG CGT,-4.183368251596581
GAC GCT CCG GAT GAA TTC CGT GAC CCG CTG ATG GAC ACC CTG ATG ACC AAA CCA GTT CGT CTG CCG TCC GGT ACC ATC ATG GAC GAA TCC ATC ATC CTG CGT CAC CTG CTG AAC TCT CCG ACC GAC CCG TTT AAC CGT CAA ACC CTG ACC GAA TCT ATG CTG GAG CCG GTG CCG GAA CTG AAA GAA CAG ATC CAG GCG TGG ATG CGT,-0.229509462513816
GAC GCG CCA GAC GAA TTC CGT GAC CCG CTG ATG GAC ACC CTG ATG ACC AAA CCG GTG CGT CTG CCG TCT GGT ACT ATC ATG GAC AAC TCT ATC ATC CTG CGT CAC CTG CTG AAC TCT CCG ACC GAC CCG TTC AAC CGT CAG ACC CTG ACC GAA TCT ATG CTG GAG CCA GTG CCG GAA CTG AAA GAA CAG ATC CAG GCG TGG ATG CGT,-3.3218684415070827
GAT GCG CCA GAC GAA TTC CGT GAC CCG CTG ATG GAC ACC CTG ATG ACC ATC CCG GTT CGC CTG CCG TCT GGT ACT ATC ATG GAT GAA TCT ATC ATC CTG CGC CAC CTC CTG AAC TCT CCG ACC GAC CCG TTC AAC CGT CAG ACC CTG ACC GAA TCC ATG CTG GAA CCG GTG CCG GAA CTG AAA GAA CAG ATC CAG GCT TGG ATG CGT,0.8973765960482322
GAC GCT CCG GAC GAA TTC CGT GAC CCG CTG ATG GAC TGC CTG ATG ACC GAC CCG GTT CGT CTG CCG TCT GGT ACT ATC ATG ACC CGT TCT ATC ATC CTG CGT CAC CTG CTG AAC TCT CCG ACC GAT CCA TTC AAC CGT CAG ACC CTG ACC GAA TCT ATG CTG GAA CCA GTT CCA GAA CTG AAA GAA CAG ATC CAG GCG TGG ATG CGT,1.0274038730804351
GAC GCT CCG GAC GAA TTC CGT GAC CCG CTG ATG GAC ACC CTG ATG ACC CAG CCA GTG CGC CTG CCG TCC GGT ACC ATC ATG GAC TAC TCT ATC ATC CTG CGT CAC CTG CTG AAC TCT CCG ACC GAC CCG TTC AAC CGT CAG ACC CTG ACC GAA TCT ATG CTG GAG CCG GTG CCG GAA CTG AAA GAA CAG ATT CAA GCG TGG ATG CGC,0.9601289340082568
GAC GCG CCA GAT GAA TTC CGT GAC CCG CTG ATG GAC ACT CTG ATG ACC GAT CCG GTT CGT CTC CCG TCT GGC ACC ATC ATG GAT GGT TCT ATC ATC CTG CGC CAC CTG CTG AAC TCT CCG ACT GAC CCG TTT AAC CGT CAA ACC CTG ACC GAA TCT ATG CTG GAA CCA GTG CCG GAG CTC TCT GAA CAG ATC CAG GCG TGG ATG CGT,-1.9440851246920563
GAT GCG CCA GAC GAA TTC CGT GAC CCG CTG ATG GAC ACC CTG ATG ACT GAC CCG GTT CGT CTC CCG CAG GGT ACC ATC ATG GAT CGT TCT ATC ATC CTG CGT CAC CTG CTG AAC TCT CCG ACC GAC CCA TTC GCG CGT CAG ACC CTG ACC GAA TCT ATG CTG GAA CCA GTT CCG GAG CTG AAG GAA CAG ATC CAG GCG TGG ATG CGT,-2.6033630596835944
GAC GCT CCG GAC GAA TTT CGT GAC CCG CTG ATG GAC ACC CTG ATG ACC GAT CCG GTT TGT CTG CCG TCT GGT ACT ATC ATG GAC CGT TCT ATC ATC CTG CGT CAC CTG CTG AAC TCT CCG ACC GAC CCG TTC AAT CGT CAG ACC CTG ACC GAA TCT ATG CTG GCT CCA GTT CCA GAG CTG AAA GAA CAG ATC CAG GCG TGG ATG CGT,0.9821388667803578
GAC GCT CCG GAC GAA TTC CGT GAC CCG CTG ATG GAC ACC CTG ATG ACC ACT CCG GTT CGT CTG CCG TCT GGC ACC ATC ATG GAC ATC TCT ATC ATC CTG CGT CAC CTG CTG AAC TCT CCG ACC GAC CCG TTT AAC CGT CAG ACC CTG ACC GAG TCT ATG CTG GAA CCG GTG CCG GAA CTG AAA GAA CAG ATC CAG GCG TGG ATG CGT,0.6086828924033689
GAT GCT CCG GAC GAG TTC CGC GAC CCG CTC ATG GAT ACT CTG ATG ACC GAC CCA GTT CGT CTC CCG TCT GGC ACT ATC ATG GAC CGT TCC ATC ATC CTC CGT CAC CTG CTG AAC GAG CCG GAT GAC CCG TTC AAC CGT CAG ACC CTG ACC GAA TCT ATG CTG GAA CCA GTG CCG GAG CTC AAA GAA CAG ATC CAG GCG TGG ATG CGT,-0.38883811664573
GAT GCG CCG GAC GAA TTT CGT GAC CCG CTG ATG GAC ACC CTG ATG ACC GAT CCG GTT CGT CTG CCG TCC GGT ACC ATC ATG GAT ACT TCT ATC ATC CTG CGT CAC CTG CTG AAC TCT CCG ACC GAC CCG TTC AAC CGT CAG ACC CTG ACC GAG TCT ATG CTG GAG CCG GTG CCG GAG CTG CAG GAA CAG ATC CAG GCT TGG ATG CGT,-1.5176821108837948
GAC GCT CCG GAC GAA TTT CGT GAC CCG CTG ATG GAC ACC TTC ATG ACT GAC CCA GTT CGT CTG CCA TCT GGC ACC ATT ATG GAC CGC TCC ATC ATC CTG CGC CAC CTC CTC AAC TCT CCG ACC GAC CCG TTC AAT CGT CAG ACC CTG ACC GAA TCT ATG CTG GAA CCG GTG CCG GAA CTG AAA GAA CAG ATC CAG GCG TGG ATG CGT,1.2863975541436123
GAC GCG CCA GAT GAA TTC CGT GAC CCG CTG ATG GAC ACC CTG ATG ACC ATC CCG GTT CGT CTG CCG TCT GGC ACC ATC ATG GAT TAC TCT ATC ATC CTG CGT CAC CTG CTG AAC TCT CCG ACC GAC CCG TTC AAC CGC CAG ACC CTG ACC GAA TCT ATG CTG GAA CCG GTG CCG GAA CTG AAA GAA CAG ATC CAG GCG TGG ATG CGT,0.9657787650686152
GAT GCG CCA GAC GAA TTC CGT GAC CCG CTG ATG GAC ACC CTC ATG ACC GAC CCG GTT CGC CTG CCG TCT GGT ACT ATC ATG GAC CGT TCT ATC ATC CTG CGT CAC CTG CTC AAC GTT CCG GGT GAC CCA TTC AAC CGT CAG ACC CTG ACC GAA TCT ATG CTG GAA CCA GTG CCG GAA CTG AAA GAA CAG ATC CAG GCG TGG ATG CGT,0.2088454046223108
GAC GCT CCG GAC GAA TTC CGT GAC CCG CTG ATG GAC ACC CTG ATG ACC GAC CCG GTT CGT CTG CCG TCT GGC ACC ATC ATG GAC CGC TCT ATC ATT CTG CGT CAC CTG CTG AAC TGC CCG CAC GAC CCG TTC AAC CGT CAG ACC CTG ACC GAA TCT ATG CTG GAG CCA GTT CCA GAA CTG AAA GAA CAG ATC CAG GCG TGG ATG CGT,1.8091466919607235
GAC GAA CCG GAT GAA TTC CGT GAC CCG CTG ATG GAC ACC CTG ATG ACC GAT CCA GTG CGC CTG CCA TCT GGT ACT ATC ATG GAC CGT TCT ATC ATC CTG CGT CAC CTG CTG AAC TCT CCG ACC GAC CCA TTC AAC CGT CAG ACC CTG ACC GAA TCT ATG CTG GAG CCA GTT CCG GAG CTG AAA GAA CAG ATC CAG GCG TGG ATG CGT,0.959109597208906
GAC GCT CCG GAC GAA TTC CGT GAC CCG CTG ATG GAC ACC CTG ATG ACC GAC CCG GTG GTG CTG CCG TCT GGT ACT ATC ATG GAC CGT TCT ATC ATC CTG CGT CAC CTG CTG AAC TCT CCG ACC GAT CCG TTC AAC CGT CAG ACC CTG ACC GAA TCT ATG CTC CAG CCG GTT CCA GAA CTG AAA GAA CAG ATC CAG GCG TGG ATG CGT,1.027801235220896
GAC GCT CCA GAT GAA TTC CGT GAC CCG CTG ATG GAC ACC CTG ATG ACC TCT CCG GTT CGT CTG CCG TCT GGC ACC ATC ATG GAT GAA TCT ATC ATC CTG CGT CAC CTG CTG AAC TCT CCG ACT GAC CCG TTC AAC CGC CAG ACC CTG ACC GAG TCT ATG CTG GAG CCG GTT CCA GAA CTG AAA GAA CAG ATC CAG GCG TGG ATG CGT,0.007645411775165
GAC GCG CCA GAC GAA TTC CGT TGG CCG CTG ATG GAC ACT CTG ATG ACT GAC CCG GTG CGT CTC CCA TCC GGT ACC ATC ATG CAG CGT TCT ATT ATC CTG CGT CAC CTG CTG AAC TCT CCA ACC GAC CCA TTC AAC CGT CAG ACC CTG ACC GAA TCT ATG CTG GAA CCG GTG CCG GAA CTG AAA GAA CAG ATC CAG GCG TGG ATG CGT,0.2219741788908959
GAC GCG CCA GAT GAA TTC CGT GAC CCG CTG ATG GAC ACC CTG ATG ACC GAA CCA GTG CGT CTG CCG TCT GGC ACC ATC ATG GAT GAA TCT ATC ATC CTG CGT CAC CTG CTG AAC TCT CCG ACC GAC CCG TTC AAC CGT CAG ACC CTG ACT GAA TCC ATG CTG GAG CCG GTG CCG GAA CTG AAA GAA CAG ATC CAG GCT TGG ATG CGC,-0.6059786388740496
GAC GCT CCG GAC GAA TTC CGT GAC CCG CTG ATG GAC ACC CTG ATG ACC GAC CCG GTT CGT CTG CCG TCT GGT ACT ATC ATG GAC CGT TCT ATC ATC CTG CGT CAC CTC CTG AAC CGT CCG TTC GAC CCG TTC AAC CGT CAG ACC CTG ACC GAA TCT ATG CTG GAA CCG GTG CCG GAG CTG AAA GAA CAG ATC CAG GCG TGG ATG CGT,1.5622655285162377
GAT GCG CCG GAC GAA TTC CGT GAC CCG CTG ATG GAC ACC CTG ATG ACT GAC CCA GTG CAT CTG CCG TCT GGT ACT ATC ATG GAC CGT TCT ATC ATC CTG CGT CAC CTG CTG AAC TCT CCG ACC GAC CCG TTC AAC CGT CAG ACC CTG ACC GAA TCT ATG CTG CGT CCG GTT CCA GAA CTG AAA GAA CAG ATC CAG GCG TGG ATG CGT,-0.1036652147899308
GAC GCT CCG GAC GAA TTC CGT GAC CCG CTG ATG GAT ACT CTG ATG ACC GTG CCG GTT CGT CTG CCG TCT GGT ACT ATT ATG GAT ATG TCC ATC ATC CTG CGT CAC CTG CTC AAT TCT CCG ACC GAC CCG TTC AAC CGT CAG ACC CTG ACC GAA TCT ATG CTG GAA CCA GTT CCA GAA CTG AAA GAA CAG ATC CAG GCG TGG ATG CGT,0.8925218054366751
GAT GCG CCG GAC GAA TTC CGT GAC CCG CTG ATG GAC ACC CTG TGG ACT GAC CCG GTT CGT CTG CCG TCT GGC ACC ATC ATG GAC CGT TCT ATC ATC CTG CGT CAC CTG CTG AAC TCT CCG ACC GAC CCG TTC AAC CGT CAG ACC CTG ACC GAA TCT ATG CTG GAA CCG GTG CCG GAA CTG AAA GAA CAG ATC CAG GCT TGG ATG CGC,-0.6293399000404554
GAT GCG CCG GAC GAA TTC CGT GAC CCG CTG ATG GAC ACC CTG ATG ACC GAC CCG GTT CGT CTC CCG ATT GGC ACC ATC ATG GAC CGT TCT ATC ATC CTG CGT CAC CTG CTG AAC TCT CCG ACT GGC CCG TTC AAC CGC CAG ACC CTG ACC GAA TCT ATG CTG GAA CCG GTG CCG GAA CTG AAA GAA CAG ATC CAG GCT TGG ATG CGC,-0.9407467414392952
GAC GCT CCA GAC GAA TTC CGT GAC CCG CTG ATG GAC ATC CTG ATG ACC GAC CCG GTT CGT CTC CCG TCT GGT ACT ATC ATG GTT CGT TCT ATC ATC CTG CGT CAC CTG CTG AAC TCT CCG ACC GAT CCA TTC AAC CGT CAG ACC CTG ACC GAA TCT ATG CTG GAG CCA GTG CCA GAA CTG AAA GAA CAG ATC CAA GCG TGG ATG CGT,0.956859078520751
GAT GCG CCG GAT GAA TTC CGT GAT CCG CTG ATG GAC ACC CTG ATG ACC GAC CCG GTG CGT CTC CCG TCC GGT ACC ATC ATG GAC CGT TCT ATC ATC CTG CGT CAC CTG CTC AAC TCT CCG ACT GAC CCG TTC AAT CGT CAG ACC CTG ACC GAA TCT ATG CTG GAA CCA GTG CCA GAG CTC AAA GAA CAG GCG CAG GCG TGG ATG CGT,-3.1865806974356325
GAC GCT CCG GAC GAG TTC CGT GAC CCA CTG ATG GAT ACC CTC ATG ACC GAC CCG GTT CGT CTG CCG TCT GGT ACC CAC ATG GAC CGT TCT ATC ATC CTG CGT CAC CTG CTG AAC TCT CCG ACT GAT CCG TTC AAC CGC CAG ACC CTG ACC GAG TCT ATG CTG GAG CCG GTT CCA GAA CTC AAA GAA CAG ATC CAG GCG TGG ATG CGT,-0.5893103976194172
GAT GCG CCG GAC GAA TTC CGT GAC CCG CTG ATG GAC ACC CTG ATG ACC AAC CCG GTT CGT CTG CCG TCT GGC ACC ATC ATG GAC AAA TCT ATC ATC CTG CGT CAC CTG CTG AAC TCT CCG ACC GAC CCG TTC AAC CGT CAG ACC CTG ACC GAA TCT ATG CTG GAA CCA GTT CCA GAA CTG AAA GAA CAG ATC CAG GCG TGG ATG CGT,1.147579932792565
GAC GCT CCG GAC GAA TTT CGT GAC CCG CTG ATG GAT ACT CTG ATG ACC GAT CCG GTG CGC CTG CCG TCT GGT ACT ATC ATG GAT ATG TCT ATC ATC CTG CGT CAC CTG CTG AAC TCT CCG ACC GAC CCG TTC AAT CGT CAA ACC CTG ACC GAA TCT ATG CTG GAG CCG GTG CCG GAA CTG TAC GAA CAG ATC CAG GCG TGG ATG CGT,1.1951518188697992
GAT GCG CCG GAT GAA TTC CGT GAC CCG CTG ATG GAC ACC CTC ATG ACT GAC CCG GTT CGT CTG CCA TCC GGT ACC ATC ATG GAC CGT TCT ATC ATC CTG CAT CAC CTG CTG AAC TCT CCA ACC GAC CCA TTC AAC CGT CAA ACC CTG ACC GAA TCT ATG CTG GAA CCG GTG CCG GAA CTG AAA GAA CAG ATC CAG GCG TGG ATG CGT,1.9142070619713685
GAT GCG CCG GAC GAA TTC CGT GAC GAC CTG ATG GAC ACC CTG ATG ACT GAC CCG GTT CGT CTG CCG TCT GGC ACC ATC ATG GAC CGT TCT ATC ATC CTG CGT CAC CTG CTG AAC TCT CCG ACC GAC CCG TTC AAC CGT CAA ACC CTG ACC GAA TCT ATG CTG GAA CCG GTG CCG GAA CTG AAA GAA CAG ATC CAG GCT TGG ATG CGC,0.4152248066107055
GAT GCG CCG GAC GAA TTC CGT GAC CCG CTG ATG GAC ACC CTG ATG ACC GAC CCG GTT CGT CTG CCG TCT GGC ACC ATC ATG GAC CGT TCT ATC ATC CTG CGC CAC CTG CTG AAC TCT CCG ACC GAT CCA TTC AAC CGT CAA ACC CTG ACC GAA TCT ATG CTG CCG CCA GTT CCA GAA CTC AAA GAA CAG ATC CAG GCG TGG ATG CGT,-3.645546674694193
GAC GCG CCA GAT GAA TTC CGT GAC CCG CTG ATG GAC TGG CTG ATG ACC GAC CCG GTT CGC CTG CCG TCT GGC ACC ATC ATG TTC CGT TCT ATC ATC CTG CGT CAC CTG CTG AAC TCT CCG ACC GAT CCG TTC AAC CGT CAG ACC CTG ACC GAA TCT ATG CTG GAA CCG GTG CCG GAA CTG AAA GAA CAG ATC CAG GCG TGG ATG CGT,1.1628745982275732
GAC GCT CCA GAC GAA TTC CGT GAC CCG CTG ATG GAC ACC CTG ATG ACC GAC CCG GTT CGC CTG CCG TCT GGC ACC ATC ATG GAC CGT TCT ATC ATC CTG CGT CAC CTG CTC AAC ATC CCG CAG GAC CCG TTC AAT CGC CAG ACC CTG ACC GAA TCT ATG CTG GAG CCG GTT CCG GAG CTG AAA GAA CAG ATC CAG GCG TGG ATG CGT,1.2447443359076116
GAT GCG CCG GAT GAA TTC CGT GAC CCG CTG ATG GAC ACC CTG ATG ACC GAC CCG GTT CGT CTG CCG TCT GGC ACC ATC ATG GAC CGC GCG ATC ATC CTG CGC CAC CTG CTC AAC TCT CCG ACC GAT CCG TTC AAT CGT CAG ACC CTG ACC GAA TCT ATG CTG GAA CCG GTG CCG GAG CTG AAA GAA CAG ATC CAG GCG TGG ATG CGT,2.606539141142031
GAC GCT CCG GAC GAA TTC CGT GAC CCG CTG ATG GAT ACC CTC ATG ACC GAT CCG GTG CGC CTG CCG GGT GGC ACC ATT ATG GAC CGT TCT ATC ATC CTG CGT CAC CTC CTG AAC TCT CCA ACC CGT CCA TTT AAT CGC CAG ACC CTG ACC GAA TCT ATG CTG GAA CCG GTG CCG GAA CTG AAA GAA CAG ATC CAG GCG TGG ATG CGT,-1.6601598859729485
GAC GCG CCA GAC GAA TTC CGT CAG CCG CTG ATG GAC ACC CTG ATG ACC GAC CCG GTT CGT CTC CCG TCC GGT ACC ATT ATG CAA CGT TCT ATC ATC CTC CGT CAC CTC CTC AAC TCT CCG ACC GAT CCA TTC AAC CGT CAG ACC CTG ACT GAA TCT ATG CTG GAA CCA GTT CCG GAG CTG AAA GAA CAG ATC CAG GCG TGG ATG CGT,-4.330778255587129
GAT GCG CCG GAT GAA TTC CGT GAC CCG CTG ATG GAC ACC CTG ATG ACT GAC CCA GTG CGT CTG CCG TCC GGT ACC ATC ATG GAC CAC TCT ATC ATC CTG CGT CAC CTC CTG AAC TCT CCG ACC GAC CCG TTT AAC CGT CAG ACT CTG ACC GAA TCT ATG CTG GAA CCG GTG CCG GAA CTG CAG GAA CAG ATC CAG GCG TGG ATG CGT,0.2931926571884754
GAC GCT CCG GAC GAA TTC CGT GAC CCG CTG ATG GAC ACC CTG ATG ACC GAC CCG GTT CGT CTG CCG TCC GGT ACC ATC GCG GAC CGT TCT ATC ATC CTG CGT CAC CTG CTG AAC TCT CCG ACC GAT CCG TTC AAC CGC CAA ACC CTG ACC GAA TCT ATG CTG GAA CCG GTG CCA GAA CTG AAG GAA CAG ATC CAG GCT TGG ATG CGC,0.3590813707669644
GAC GCG CCA GAT GAA TTC CGT GAC CCG CTG ATG GAC ACC CTC ATG ACC GAG CCA GTG CGC CTG CCG TCT GGC ACC ATC ATG GAC GCT TCT ATC ATC CTG CGT CAC CTG CTG AAC TCT CCG ACC GAC CCA TTC AAC CGC CAG ACC CTC ACC GAA TCT ATG CTG GAA CCG GTG CCG GAA CTG AAA GAA CAG ATC CAG GCG TGG ATG CGT,0.251290993783665
GAT GCG CCG GAC GAA TTT CGT GAC CCG CTG ATG GAC ACC CTG ATG ACC GAC CCG GTT CGT CTG CCG CAC GGT ACC ATC ATG GAC CGT TCT ATC ATC CTC CGT CAT CTC CTG AAT TCT CCG ACT GAC CCA TTC AAC CGT CAG ACC CTG ACC GAA TCT ATG CTG GAA CCG GTG CCG GAA CTG AAA GAA CAG ATC CAG GCG TGG ATG CGT,0.3271508640747171
GAC GCT CCG GAC GAA TTC CGT GAC CCG CTG ATG GAC ACC CTG ATG ACC TCT CCG GTG CGT CTG CCG TCC GGT ACC ATC ATG GAC CGT TCT ATC ATC CTG CGT CAC CTG CTG AAC TCT CCG ACC GAC CCG TTC AAC CGC CAG ACC CTG ACC GAA TCC ATG CTG GAA CCA GTT CCA GAA CTG GGT GAA CAG ATC CAG GCG TGG ATG CGT,-0.2009216228846246
GAT GCG CCG GAC GAA TTC CGT GAC CCG CTG ATG GAC ACC CTG ATG ACT GAC CCA GTG AAC CTG CCA TCT GGT ACT ATC ATG GAC CGT TCT ATC ATC CTG CGT CAC CTG CTG AAC TCT CCG ACC GAC CCA TTC AAC CGT CAG ACC CTG ACC GAA TCT ATG CTG CCA CCG GTT CCG GAG CTG AAA GAA CAG ATC CAG GCG TGG ATG CGC,-4.828163425908176
GAC GCT CCG GAC GAA TTC CGT TCT CCG CTG ATG GAC ACC CTC ATG ACT GAC CCG GTT CGT CTG CCG TCT GGC ACC ATC ATG AAA CGT TCT ATC ATC CTG CGT CAC CTG CTG AAC TCT CCA ACC GAC CCA TTC AAC CGT CAG ACC CTG ACC GAA TCT ATG CTG GAG CCG GTT CCA GAG CTG AAA GAA CAG ATT CAG GCG TGG ATG CGT,-6.282630975201918
GAC GCT CCG GAC GAA TTC CGT GAC CCG CTG ATG GAT ACC CTC ATG ACC TAC CCG GTT CGT CTG CCG TCT GGT ACT ATC ATG GAC AAC TCT ATC ATC CTG CGT CAC CTG CTG AAC TCT CCG ACC GAC CCA TTC AAC CGC CAG ACC CTG ACC GAA TCT ATG CTG GAA CCA GTG CCG GAA CTG AAG GAA CAG ATC CAG GCG TGG ATG CGT,-0.5913250458050685
GAC GCG CCA GAT GAA TTC CGT GAC CCG CTG ATG GAC ACC CTG ATG ACC GAC CCG GTT CGT CTG CCG CAG GGT ACC ATC ATG GAC CGT TCT ATC ATC CTG CGT CAC CTG CTG AAC TCT CCA ACT GAT CCA TTC GAA CGT CAG ACC CTG ACC GAA TCT ATG CTG GAG CCG GTT CCG GAG CTG AAA GAA CAG ATC CAG GCG TGG ATG CGT,-5.187508374167896
GAC GCT CCG GAC GAA TTC CGT GAC CCG CTG ATG GAC ACC CTG ATG ACC GAC CCG GTT CGT CTC CCG TCT GGC ACT ATC ATG GAC CGC TCT ATC ATC CTG CGC CAC CTG CTG AAC TCT CCG ACT GAC CCG TTC AAC CGT CAG ACC CTC ACC ACT TCT ATG CTG GAA CCG GTG CCG GAG CTC AAA GAA CAG ATC CAG GCG TGG ATG CGT,1.715224718548745
GAT GCG CCG GAC GAA TTC CGT GAC CCG CTG ATG GAC ACC CTG ATG ACC GAC CCA GTT ACC CTG CCG TCT GGT ACT ATC ATG GAC CGT TCT ATC ATC CTG CGT CAC CTG CTG AAC TCT CCA ACT GAC CCG TTC AAC CGT CAG ACC CTG ACC GAA TCT ATG CTG TAC CCG GTT CCG GAG CTG AAA GAA CAG ATC CAG GCG TGG ATG CGT,-0.7184169343673997
GAC GCT CCG GAC GAA TTC CGT GAC CCG CTG ATG GAC ACC CTG ATG ACC GAC CCG GTT CGT CTG CCG CTG GGT ACC ATC ATG GAC CGT TCT ATC ATC CTG CGT CAC CTG CTG AAC TCT CCG ACC CAC CCG TTC AAT CGC CAG ACC CTG ACC GAA TCT ATG CTG GAA CCG GTG CCG GAA CTG AAA GAA CAG ATC CAG GCG TGG ATG CGT,-0.1433549598242898
GAT GCG CCA GAC GAG TTC CGT GAC CCG CTG ATG GAC ACC CTG ATG ACC GAC CCG GTT CGT CTG CCG AAC GGT ACC ATC ATG GAC CGT TCT ATC ATC CTG CGT CAC CTG CTG AAC TCT CCG ACT GAC CCA TTT GAG CGT CAG ACC CTG ACC GAA TCT ATG CTG GAA CCG GTG CCG GAA CTG AAA GAA CAG ATC CAG GCT TGG ATG CGT,0.5622176296239669
GAT GCG CCG GAC GAG TTC CGT GAC CCG CTG ATG GAC ACC CTG ATG ACC GAC CCA GTT CGT CTG CCA TCT GGT ACT ATC ATG GAC CGT TCT TAC ATC CTG CGT CAC CTG CTG AAC TCT CCG ACC GAT CCG TTC AAC CGT CAG ACC CTG ACC GAA TCT ATG CTG GAA CCA GTT CCG GAG CTG AAA GAA CAG ATC CAG GCG TGG ATG CGT,0.9068592223211942
GAC GCT CCG GAC GAA TTC CGT TTC CCG CTG ATG GAC ACC CTG ATG ACC GAC CCG GTT CGT CTG CCG TCT GGT ACT ATC ATG GAG CGT TCT ATC ATC CTG CGT CAC CTG CTG AAC TCT CCG ACC GAT CCG TTC AAC CGT CAG ACC CTG ACC GAA TCT ATG CTG GAG CCG GTG CCG GAA CTG AAA GAA CAG ATC CAG GCG TGG ATG CGT,-0.4398797306199206
GAC GCT CCG GAT GAA TTC CGT GAC CCG CTG ATG GAT TTC CTG ATG ACC GAC CCG GTT CGT CTG CCG TCT GGT ACT ATC ATG TCT CGT TCT ATC ATC CTG CGC CAC CTG CTG AAC TCT CCG ACT GAC CCG TTC AAC CGT CAG ACC CTG ACC GAA TCT ATG CTG GAA CCG GTG CCA GAA CTG AAA GAA CAG ATC CAG GCG TGG ATG CGT,0.2876394234135592
GAT GCG CCG GAC GAA TTC CGT GAC CCG CTG ATG GAC ACC CTG ATG ACT GAC CCG GTT CGT CTG CCG TCT GGC ACC ATC ATG GAC CGT TCT ATC ATC CTG CGT CAC CTG CTG AAC TCT CCG ACC GAC CCG TTC AAC CGT CAG ACC CTG ACC GAA TCT ATG CTG GAA CCA GTT CCG GAG CTC AAA GAA CAG ATG CAG GCG TGG ATG CGT,-0.0096127301723888
GAT GCG CCG GAC GAA TTC CGT GAC CCG CTG ATG GAC ACC CTG ATG ACC AAC CCG GTT CGT CTG CCA TCT GGT ACT ATT ATG GAC CAC TCT ATC ATC CTG CGC CAC CTG CTG AAC TCT CCA ACT GAC CCG TTC AAT CGT CAG ACC CTG ACC GAA TCT ATG CTG GAA CCG GTG CCG GAA CTG AAA GAA CAG ATC CAG GCG TGG ATG CGT,0.7895690372642148
GAT GCG CCG GAT GAA TTC CGT GAC CCG CTG ATG GAC ACC CTG ATG ACC TAT CCA GTT CGC CTG CCG TCC GGT ACC ATC ATG GAC AAA TCT ATC ATC CTG CGT CAC CTG CTG AAC TCT CCG ACT GAC CCG TTC AAC CGT CAG ACC CTG ACC GAA TCT ATG CTG GAA CCA GTG CCG GAA CTG AAA GAA CAG ATC CAA GCG TGG ATG CGT,0.446924938042448
GAC GCG CCA GAC GAA TTC CGT GAC CCG CTG ATG GAC ACC CTG ATG ACC GAC CCA GTT AAA CTG CCG TCC GGT ACC ATC ATG GAC CGT TCT ATC ATC CTG CGT CAC CTG CTG AAC TCT CCA ACC GAT CCG TTC AAC CGT CAG ACC CTG ACC GAA TCT ATG CTG TGG CCG GTT CCA GAA CTG AAA GAA CAG ATC CAG GCG TGG ATG CGT,0.7405556566859928
GAC GCG CCA GAC GAA TTC CGT GAC CCG CTC ATG GAT ACC CTG ATG ACC GCT CCG GTT CGC CTG CCG TCT GGT ACT ATT ATG GAC ACC TCT ATC ATC CTG CGT CAC CTG CTG AAC TCT CCG ACC GAC CCG TTC AAC CGT CAA ACC CTG ACC GAA TCT ATG CTG GAG CCG GTG CCG GAA CTG AAA GAA CAG ATC CAG GCG TGG ATG CGT,-0.4592793611887897
GAT GCG CCG GAC GAA TTC CGT GAC CCG CTG ATG GAC ACC CTG ATG ACT GAC CCG GTT CGT CTG CCG TCT TCT ACC ATC ATG GAC CGT TCT ATC ATC CTG CGT CAC CTG CTG AAC TCT CCG ACC GAC CCG TTT AAT CGT CAG ACC CTG ACT GAA TCT ATG CTC GAA CCA GTG CCA GAA CTG AAA GAA CAG ATC CAA GCG TGG ATG CGT,0.0531463162974332
GAC GCT CCA GAT GAA TTC CGT GAC CCG CTG ATG GAT ACC CTG ATG ACC ACT CCA GTG CGC CTG CCG TCT GGC ACC ATC ATG GAC ACC TCT ATC ATC CTG CGT CAC CTG CTG AAC TCT CCG ACC GAC CCG TTT AAC CGT CAG ACC CTG ACC GAA TCT ATG CTG GAA CCG GTG CCG GAA CTG AAA GAA CAG ATC CAG GCG TGG ATG CGT,-0.5206076160318807
GAC GCT CCG GAC GAA TTC CGT GAC CCG CTG ATG GAC ACC CTG ATG ACC GAC CCG GTT CGT CTG CCG GTT GGT ACT ATC ATG GAT CGT TCT ATC ATC CTG CGT CAC CTG CTG AAC TCT CCG ACC GTT CCG TTC AAC CGC CAG ACT CTG ACC GAA TCT ATG CTG GAA CCG GTG CCA GAA CTG AAA GAA CAG ATC CAG GCT TGG ATG CGT,-3.949067860333895
GAC GCT CCG GAC GAA TTC CGT GAC CCG CTG ATG GAC ACC CTG ATG ACC CAG CCA GTG CGC CTG CCG TCT GGC ACC ATC ATG GAC CGT TCT ATC ATC CTG CGT CAC CTG CTG AAC TCT CCG ACC GAT CCG TTC AAC CGC CAG ACC CTG ACC GAA TCT ATG CTC GAA CCG GTG CCG GAA CTC GAA GAA CAG ATC CAG GCG TGG ATG CGT,0.9615637880798318
GAC CCA CCA GAT GAA TTC CGT GAC CCG CTG ATG GAC ACC CTG ATG ACC GAT CCG GTT CGT CTG CCG TCT GGT ACT ATC ATG GAC CGT TCT ATC ATC CTG CGT CAC CTG CTG AAC TCT CCG ACC GAC CCA TTC AAC CGT CAG ACC CTG ACC GAA TCT ATG CTG GAA CCG GTG CCA GAA CTG AAG GAA CAG ATC CAG GCG TGG ATG CGT,2.811430200804588
GAC GCT CCA GAC GAG TTC CGT GAC CCG CTG ATG GAC ACC CTG ATG ACC ATG CCA GTT CGT CTG CCG TCT GGC ACC ATC ATG GAT ACC TCT ATC ATC CTG CGT CAC CTG CTG AAC TCT CCG ACT GAT CCG TTC AAT CGT CAG ACC CTG ACC GAA TCT ATG CTG GAG CCG GTT CCG GAG CTG AAA GAA CAG ATC CAG GCG TGG ATG CGT,-0.6099340582278223
GAC GCT CCG GAC GAA TTC CGT TCT CCG CTG ATG GAC ACC CTG ATG ACT GAC CCG GTT CGT CTC CCG TCT GGC ACC ATT ATG GTT CGT TCT ATC ATC CTG CGT CAC CTG CTG AAC TCT CCG ACC GAC CCG TTC AAT CGT CAG ACC CTG ACC GAA TCT ATG CTG GAA CCG GTG CCG GAA CTG AAA GAA CAG ATC CAA GCG TGG ATG CGC,-0.0280217916381179
GAC GCT CCG GAC GAA TTC CGT GAC CCG CTG ATG GAC ACC CTG ATG ACT GAC CCG GTT CGT CTG CCG TCT GGT ACT ATC ATG GAC GAC TCT ATC ATC CTG CGT CAC CTG CTG AAC TCT CCG ACC GAC CCA TTT AAC CGC CAG ACC CTG ACC GAA TCT ATG CTG GAG CCG GTT CCA GAA CTG GTT GAA CAG ATC CAG GCG TGG ATG CGT,-0.8392280214936452
GAT GCG CCG GAC GAA TTC CGT GAC CCG CTG ATG GAC ACC CTG ATG ACC GAC CCG GTT CGT CTG CCG CCA GGT ACC ATC ATG GAC CGT TCT ATC ATC CTG CGT CAC CTG CTG AAC TCT CCG ACC GAG CCG TTC AAC CGC CAG ACC CTG ACC GAA TCT ATG CTG GAG CCG GTT CCA GAG CTG AAA GAA CAG ATC CAG GCT TGG ATG CGT,-2.4877505996377978
GAC GCT CCG GAC GAA TTC CGT AAC CCG CTG ATG GAC ACC CTG ATG ACC GAT CCG GTG CGC CTG CCG TCT GGC ACC ATT ATG AAA CGT TCT ATC ATC CTG CGT CAC CTG CTC AAC TCT CCA ACC GAC CCG TTC AAC CGT CAG ACC CTG ACC GAA TCT ATG CTG GAG CCA GTG CCG GAA CTC AAA GAA CAG ATC CAG GCG TGG ATG CGT,-2.5977150137588083
GAC CAG CCG GAC GAA TTC CGT GAC CCG CTG ATG GAC ACC CTG ATG ACC GAC CCG GTT CGT CTG CCG TCC GGT ACC ATC ATG GAC CGT TCT ATC ATC CTG CGT CAC CTG CTG AAC TCT CCG ACC GAT CCG TTC AAC CGT CAG ACC CTG ACC GAA TCT ATG CTG GAG CCG GTT CCG GAG CTG AAA GAA CAG ATC CAG GCG TGG ATG CGT,0.7629060190600614
GAC GCT CCG GAC GAA TTC CGT GAC CCG CTG ATG GAC ACC CTG ATG ACT GAC CCG GTT CGT CTG CCG TCT GGC ACC ATC ATG GAC CGT TCT ATC ATC CTG GGT CAC CTG CTG AAC TCT CCG ACC GAC CCG TTC AAT CGC CAG ACC CTG ACC GAA TCT ATG CTG GAA CCG GTG CCG GAA CTG AAA GAA CAG ATC CAG GCG TGG ATG CGT,1.832087673559725
GAT GCT CCG GAC GAA TTC CGT GAC CCG CTG ATG GAC ACC CTC ATG ACT GAC CCG GTT CGT CTG CCG ATT GGT ACT ATC ATG GAC CGT TCT ATC ATC CTG CGT CAC CTG CTG AAC TCT CCG ACC GAC CCG TTC CTC CGT CAG ACC CTG ACC GAA TCT ATG CTG GAA CCA GTT CCA GAA CTG AAA GAA CAG ATC CAG GCG TGG ATG CGT,0.0553037694081555
GAC GCT CCG GAT GAA TTC CGT GAC CCG CTG ATG GAC ACC CTG ATG ACC GAC CCG GTT TGC CTG CCG TCT GGC ACC ATC ATG GAC CGT TCT ATC ATC CTG CGT CAC CTG CTG AAC TCT CCG ACT GAC CCG TTC AAC CGT CAG ACC CTG ACC GAA TCT ATG CTG GAA CCG GTG CCG GAA CTG AAA GAA CAG ATC CAG GCG TGG ATG CGC,0.9109466200829562
GAC GCT CCG GAC GAA TTC CGT GAC CCG CTG ATG GAC ACC CTG ATG ACC CTG CCG GTG CGT CTG CCG TCC GGT ACC ATC ATG GAC CGT TCT ATC ATC CTG CGT CAC CTG CTG AAC TCT CCG ACC GAC CCG TTC AAC CGT CAA ACC CTG ACT GAA TCC ATG CTG GAA CCA GTG CCA GAA CTG TGG GAA CAG ATC CAG GCG TGG ATG CGT,0.9904142834823232
GAT GCG CCG GAC GAG TTC CGC GAC CCG CTG ATG GAC ACC CTG ATG ACT GAC CCG GTT CGT CTG CCG TCT GGC ACC ATC ATG GAC CGT TCT ATC ATC CTG CGT CAC CTG CTG AAC TCT CCG ACC GAC CCA TTT AAC CGT CAG ACC CTG ACC GAA TCT ATG CTG GAA CCG GTG CCG GAA CTG AAA GAA CAG AAA CAG GCG TGG ATG CGT,-4.959353081117564
GAC GCG CCA GAT GAA TTC CGT GAC CCG CTG ATG GAC ACT CTC ATG ACC GAC CCG GTT CGC CTG CCG TCT GGC ACC ATC ATG GAC CGT TCT ATC ATC CTG CGT CAC CTG CTG AAC TCT CCA ACC GAT CCG TTC AAC CGT CAA ACC CTG ACC GAA TCT ATG CTG GAA CCG GTG CCG GAA CTG CAC GAA CAG ATC CAG GCG TGG ATG CGT,1.0775362348005428
GAC GCT CCG GAC GAG TTC CGT GAC CCG CTG ATG GAC ATG CTG ATG ACT GAC CCG GTT CGT CTG CCG TCT GGT ACT ATC ATG GAC CGT TCT ATT ATC CTG CGC CAC CTG CTC AAC TCT CCG ACC GAC CCG TTC AAT CGC CAG ACC CTG ACC GAA TCT ATG CTG GAA CCG GTG CCG GAA CTG AAA GAA CAG ATC CAG GCG TGG ATG CGT,1.27380609912483
GAT GCG CCG GAC GAA TTC CGC GAC CCG CTG ATG GAC ACC CTG ATG ACC GAC CCG GTT CGT CTG CCG TCT GGC ACC ATT ATG GAC CGT TCT ATC ATC CTG CGT CAC CTG CTG AAC GGC CCA TCT GAC CCG TTC AAC CGT CAG ACC CTG ACC GAA TCT ATG CTG GAG CCG GTT CCA GAA CTG AAA GAA CAG ATC CAG GCG TGG ATG CGT,0.7431644146656715
GAC GCT CCG GAC GAA TTC CGT GAC CCG CTG ATG GAC ACC CTG ATG ACC GAC CCG GTT CGT CTG CCG GCT GGC ACT ATC ATG GAC CGT TCT ATC ATC CTG CGC CAC CTG CTG AAC TCT CCG ACC GAT CCG TTC GCT CGT CAG ACC CTC ACC GAA TCT ATG CTG GAA CCA GTT CCA GAA CTG AAA GAA CAG ATC CAG GCG TGG ATG CGT,-0.974786893324421
GAC GCT CCG GAT GAA TTC CGT GAC CCG CTG ATG GAC ACT CTC ATG ACT AAC CCG GTT CGT CTG CCG TCT GGT ACT ATC ATG GAC ATC TCT ATC ATC CTG CGT CAC CTG CTG AAT TCT CCG ACC GAC CCG TTC AAT CGT CAG ACC CTG ACC GAA TCT ATG CTG GAA CCA GTT CCA GAA CTC AAA GAG CAG ATC CAG GCG TGG ATG CGT,0.8423325123632659
GAT GCG CCG GAC GAA TTC CGT GAC CCG CTG ATG GAC ACC CTG ATG ACC GAT CCA GTT GAA CTG CCG TCT GGC ACC ATT ATG GAC CGC TCT ATC ATC CTG CGT CAC CTG CTG AAC TCT CCA ACC GAC CCG TTC AAC CGT CAA ACC CTG ACC GAA TCT ATG CTG GTT CCA GTT CCA GAA CTG AAA GAA CAG ATC CAG GCG TGG ATG CGT,0.8206532260435246
GAC GCT CCG GAC GAG TTC CGT GAC CCG CTG ATG GAC ACC CTG ATG ACC GAC CCG GTT CGT CTG CCG TCT GGC ACT ATC ATG GAC CGT TCT ATC ATC CTG CGT CAC CTG CTG AAC ATC CCG CAC GAC CCG TTC AAC CGT CAG ACC CTG ACC GAA TCT ATG CTG GAA CCG GTG CCG GAA CTG AAA GAA CAG ATC CAG GCG TGG ATG CGT,0.7450367491188258
GAC GCT CCG GAC GAA TTC CGT GAC CCG CTG ATG GAC ACC CTG ATG ACT GAC CCA GTT CGC CTG CCG TCC GGT ACC ATC ATG GAC CGT TCT ATC ATC CTG CGT CAC CTG CTG AAC TCT CCA ACC GAC CCG TTC AAC CGC CAG ACC CTG ACC GAA TCT ATG TAC GAA CCG GTG CCG GAA CTG AAA GAA CAG ATC CAG GCT TGG ATG CGT,-0.9008574719526078
GAC GCT CCA GAC GAG TTC CGT GAC CCG CTG ATG GAC ACC CTG ATG ACT GAC CCG GTT CGT CTG CCG TCT GGC ACC ATC ATG GAC CGT TCT ATC ATC CTG CGT CAC CTG CTG AAC TCT CCG ACC GAC CCG TTC AAC CGC CAG ACC CTG ACC GAA TCT ATG CTG GAA CCA GTT CCG GAG CTC AAA GAA CAG ATC CAG GCG TGG ATG CGT,2.426600937000374
GAC GCT CCG GAC GAA TTC CGT GAC CCG CTG ATG GAC ACC CTG ATG ACC GAT CCG GTT TAC CTG CCG TCT GGC ACC ATC ATG GAT CGT TCT ATC ATC CTG CGT CAC CTG CTG AAC TCT CCG ACC GAC CCG TTC AAC CGT CAG ACC CTG ACC GAA TCT ATG CTG CCG CCA GTG CCG GAA CTG AAG GAA CAG ATC CAG GCT TGG ATG CGT,-3.9939370909456335
GAC TTC CCG GAC GAA TTC CGT GAC CCG CTG ATG GAC ACC CTG ATG ACC GAT CCA GTT CGC CTC CCG TCT GGC ACC ATT ATG GAC CGT TCT ATC ATC CTG CGC CAC CTG CTG AAC TCT CCG ACC GAC CCG TTT AAC CGT CAG ACC CTG ACC GAA TCC ATG CTC GAA CCA GTG CCG GAA CTG AAA GAA CAG ATC CAG GCG TGG ATG CGT,3.0890662264528013
GAC GCT CCG GAT GAA TTC CGT GAC TAC CTG ATG GAC ACC CTG ATG ACT GAC CCG GTT CGT CTG CCA TCT GGT ACT ATC ATG GAC CGT TCT ATC ATC CTG CGT CAC CTG CTG AAC TCT CCG ACC GAC CCG TTT AAC CGT CAG ACT CTG ACC GAA TCT ATG CTG GAA CCG GTG CCG GAA CTG AAA GAA CAG ATC CAG GCG TGG ATG CGT,0.5762977737895116
GAC GCT CCG GAC GAA TTC CGT GAC CCG CTG ATG GAC ACT CTC ATG ACC GAC CCG GTT CGT CTG CCG TCT GGC ACC ATC ATG GAC GAG TCT ATC ATC CTG CGT CAC CTG CTG AAC TCT CCG ACT GAC CCA TTC AAC CGT CAA ACC CTG ACC GAA TCT ATG CTG GAA CCA GTG CCG GAG CTC AAG GAA CAG ATC CAG GCG TGG ATG CGT,-0.6400387004704021
GAC GCT CCG GAT GAA TTC CGT GAC CCG CTG ATG GAC GGT CTG ATG ACC GAC CCG GTT CGT CTG CCG TCT GGT ACT ATT ATG CGT CGT TCT ATC ATC CTG CGT CAC CTG CTG AAC TCT CCG ACC GAT CCG TTC AAC CGT CAG ACC CTG ACC GAA TCT ATG CTG GAA CCG GTG CCG GAA CTG AAA GAA CAG ATC CAG GCG TGG ATG CGT,-4.323808609403762
GAC GCT CCG GAC GAA TTC CGT TGC CCG CTG ATG GAC ACC CTG ATG ACC GAT CCG GTT CGC CTG CCG TCT GGT ACT ATC ATG GGT CGT TCT ATC ATC CTG CGT CAC CTG CTG AAC TCT CCG ACC GAC CCG TTT AAC CGT CAG ACC CTG ACC GAA TCT ATG CTG GAG CCG GTT CCA GAA CTG AAA GAA CAG ATC CAG GCG TGG ATG CGT,0.5957725628882441
GAC GCT CCG GAC GAA TTC CGT GAC CCG CTG ATG GAT ACT CTC ATG ACT GAC CCG GTT CGT CTG CCG TCT GGT ACT ATC ATG GAT GAG TCT ATT ATC CTG CGT CAC CTG CTG AAC TCT CCG ACC GAC CCG TTC AAT CGC CAG ACC CTG ACC GAA TCT ATG CTC GAA CCA GTG CCA GAA CTG GAC GAG CAG ATT CAG GCG TGG ATG CGT,-1.0329198070938532
GAC GCT CCG GAC GAA TTC CGT GAC CCG CTG ATG GAC ACC CTG ATG ACC GAC CCG GTT CGT CTG CCA GGC GGT ACC ATC ATG GAT CGT TCT ATC ATC CTG CGT CAC CTG CTG AAC TCT CCG ACT GAC CCG TTC TAC CGT CAG ACC CTG ACC GAA TCT ATG CTG GAG CCG GTG CCG GAG CTG AAA GAA CAG ATC CAG GCG TGG ATG CGT,0.4390957719841132
GAC GCT CCG GAT GAA TTC CGT GAC CCG CTG ATG GAC ACC CTG ATG ACC GAC CCG GTT CGT CTG CCG TCC GGT ACC ATC ATG GAC CGT TCT ATC ATC CTG CGT CAC CTG CTG AAC ATG CCG TCT GAT CCG TTC AAC CGC CAG ACC CTG ACC GAA TCT ATG CTG GAG CCG GTG CCG GAA CTG AAA GAA CAG ATC CAG GCG TGG ATG CGT,1.0386952766770152
GAC GCG CCA GAC GAA TTC CGT GAC CCG CTG ATG GAC ACC CTG ATG ACT GAC CCG GTT CGC CTG CCG TCT GGT ACT ATC ATG GAC CAG TCT ATC ATC CTG CGT CAC CTG CTC AAC TCT CCG ACC GAC CCA TTC AAT CGT CAA ACC CTG ACC GAA TCT ATG CTG GAA CCA GTT CCG GAG CTC GCG GAA CAG ATC CAG GCG TGG ATG CGT,-0.3073089589357652
GAT GCG CCA GAC GAA TTC CGT GAC CCG CTG ATG GAC ACC CTG ATG ACC GAC CCA GTT ATG CTG CCG TCC GGT ACC ATC ATG GAC CGC TCT ATC ATC CTG CGT CAC CTG CTG AAC TCT CCG ACT GAC CCG TTC AAC CGT CAG ACC CTG ACC GAA TCT ATG CTG GAG CCG GTG CCG GAA CTC AAA GAA CAG ATC CAG GCG TGG ATG CGT,1.6401017412559566
GAC GCT CCG GAC GAA TTC CGT GAC CCG CTG ATG GAT ACC CTG ATG ACT GAC CCG GTT CGT CTG CCG TCT GGT ACT ATC ATG GAC CGT TCT ATC ATC CTG CGT CAC CTG CTG AAC TCT CCG ACC GAT CCG TTC AAC CGT CAA ACC CTG ACC GAA TCT ATG CTG GAA CCG GTG CCA GAG ATC AAA GAA CAG ATC CAG GCG TGG ATG CGT,0.6881400575754273
GAC GCT CCA GAC GAA TTC CGT GAC CCG CTG ATG GAC AAA CTG ATG ACC GAC CCG GTG CGT CTG CCG TCT GGC ACC ATT ATG TAC CGT TCT ATC ATC CTG CGT CAC CTG CTG AAC TCT CCG ACT GAC CCG TTC AAC CGT CAG ACC CTG ACC GAA TCT ATG CTG GAA CCG GTG CCG GAA CTG AAA GAA CAG ATC CAG GCG TGG ATG CGT,0.3872460215276849
GAT GCG CCG GAC GAA TTC CGT GAC CCG CTG ATG GAC GAC CTG ATG ACT GAC CCG GTT CGT CTG CCG TCC GGT ACC ATC ATG AAA CGT TCT ATC ATC CTG CGT CAC CTG CTG AAC TCT CCG ACC GAC CCG TTC AAC CGT CAG ACC CTG ACC GAA TCT ATG CTG GAG CCG GTG CCG GAA CTG AAA GAA CAG ATC CAG GCG TGG ATG CGT,-2.5665774643131085
GAT GCG CCG GAC GAA TTC CGT GAC CCG CTG ATG GAC ACC CTG ATG ACC GAC CCG GTT CGT CTG CCG TCT GGT ACT ATC ATG GAC CGT TCT ATC ATC CTG CGT CAC CTG CTG AAC GAT CCG GAA GAC CCG TTC AAC CGT CAG ACC CTG ACC GAA TCT ATG CTG GAA CCG GTG CCA GAA CTG AAA GAA CAG ATC CAG GCG TGG ATG CGT,0.3023794137722596
GAT GCG CCG GAC GAG TTC CGT GAC CCG CTG ATG GAC ACC CTG ATG ACC GAC CCG GTT CGC CTG CCG TCT GGT ACT ATC ATG GAC ATC TCT ATC ATC CTG CGT CAC CTG CTG AAC TCT CCG ACT GAC CCG TTC AAC CGT CAG ACC CTG ACC GAA TCT ATG CTG GAG CCG GTT CCA GAG CTG CAG GAA CAG ATC CAG GCG TGG ATG CGT,0.6401146884643318
GAC GCG CCA GAC GAG TTC CGT GAC CCG CTG ATG GAC ACC CTG ATG ACC GAT CCA GTT CGT CTG CCG TCT GGT ACT ATC ATG GAC CGT TCT ATC ATC CTG CGT CAC CTG CTG AAC TCT CCG ACC GAC CCA TTC AAC CGT CAG ACC CTG TGC GAA TCT ATG CTC GAA CCG GTG CCA GAG CTG AAA GAA CAG ATC CAG GCG TGG ATG CGT,1.5178493019167287
GAC GCT CCG GAT GAA TTC CGT ACT CCG CTG ATG GAT ACT CTG ATG ACT GAC CCG GTT CGC CTG CCG TCT GGC ACC ATT ATG TGG CGT TCT ATC ATC CTG CGT CAC CTG CTG AAC TCT CCG ACC GAC CCA TTC AAC CGT CAG ACC CTG ACC GAA TCT ATG CTG GAG CCA GTG CCG GAG CTG AAG GAA CAG ATC CAG GCG TGG ATG CGT,0.9017727870832256
GAC GCT CCG GAC GAA TTC CGT GAC CCG CTG ATG GAC ACT CTG ATG ACT GAC CCG GTT CGT CTG CCG TCT GGT ACT ATC CCG GAC CGT TCT ATC ATC CTG CGT CAC CTG CTG AAC TCT CCG ACC GAC CCG TTC AAC CGT CAA ACC CTG ACC GAA TCT ATG CTG GAG CCG GTT CCA GAG CTG AAA GAA CAG ATC CAG GCG TGG ATG CGT,-3.0191831945979657
GAT GCG CCG GAC GAA TTC CGT GAC CCG CTG ATG GAC ACC CTG ATG ACC GAT CCG GTT CGT CTG CCG TCT GGC ACC ATC ATG GAC CGT TCT ATC ATC CCG CGT CAC CTC CTG AAC TCT CCG ACC GAC CCG TTC AAC CGT CAA ACC CTG ACC GAA TCT ATG CTG GAA CCA GTT CCG GAG CTG AAA GAA CAG ATC CAG GCG TGG ATG CGT,-3.801562282953912
GAT GCG CCG GAC GAA TTC CGT GAC CCG CTG ATG GAC ACC CTG ATG ACC TAC CCG GTT CGT CTG CCG TCT GGT ACT ATC ATG GAC CCG TCT ATC ATC CTG CGC CAC CTG CTC AAC TCT CCG ACT GAC CCG TTT AAC CGC CAG ACC CTG ACC GAG TCT ATG CTG GAA CCG GTG CCG GAA CTC AAG GAA CAG ATC CAG GCT TGG ATG CGT,-0.046195587909803
GAC GCG CCA GAC GAA TTC CGT GAC CCG CTG ATG GAC ACC CTG ATG ACC GAC CCG GTT CGT CTC CCA TAC GGC ACC ATC ATG GAC CGT TCT ATC ATC CTG CGT CAC CTG CTG AAC TCT CCG ACC TCT CCG TTC AAC CGT CAG ACC CTG ACC GAA TCT ATG CTG GAA CCG GTG CCG GAA CTG AAA GAA CAG ATC CAG GCG TGG ATG CGT,-0.3618555113288761
GAC GCT CCG GAT GAG TTT CGT GAC CCG CTG ATG GAC ACT CTC ATG ACC GAC CCA GTT CGC CTG CCA TCT GGT GAA ATT ATG GAC CGC TCT ATC ATC CTG CGT CAC CTG CTC AAC TCT CCG ACT GAT CCG TTC AAT CGC CAG ACC CTG ACC GAA TCT ATG CTG GAA CCG GTG CCG GAA CTG AAA GAA CAG ATC CAG GCG TGG ATG CGT,1.375403217850803
GAC GCT CCG GAC GAA TTC CGT GAC CCG CTG ATG GAC ACC CTG ATG ACT GAC CCG GTT CGC CTG CCG TCC GGT ACC ATC ATG GAT CGT TCT ATC ATC CTG CGT CAC CTG CTG AAC TCT CCG ACC GAC CCA TTC AAC CGC CAG ACC CTG ACC GAA TCC ATG CTC GAA CCG AAA CCG GAG CTC AAA GAA CAG ATC CAG GCG TGG ATG CGT,-0.1357611595438074
GAC GCT CCG GAT GAA TTC CGT GAC CCG CTG ATG GAC ACC CTG ATG ACC ATG CCG GTT CGT CTG CCG TCT GGC ACC ATT ATG GAC ATC TCT ATC ATC CTG CGT CAC CTG CTG AAC TCT CCG ACT GAC CCG TTC AAC CGT CAG ACC CTG ACC GAA TCT ATG CTG GAG CCA GTG CCG GAG CTG AAA GAA CAG ATC CAG GCG TGG ATG CGT,1.1436185909825505
GAT GCG CCG GAC GAA TTC CGT GAC CCG CTG ATG GAC ACC CTG ATG ACT GAC CCG GTT CGT CTG CCG TCC GGT TAC ATC ATG GAC CGT TCT ATC ATC CTG CGT CAC CTG CTG AAC TCT CCG ACC GAC CCG TTC AAC CGT CAG ACC CTG ACC GAA TCT ATG CTG GAA CCA GTT CCA GAA CTG AAA GAA CAG ATC CAG GCG TGG ATG CGT,3.090056448038233
GAC GCG CCA GAT GAA TTC CGT GAC CCG CTG ATG GAC ACC CTG ATG ACC GAT CCG GTT CGT CTG CCG TGC GGT ACC ATC ATG GAC CGT TCT ATC ATC CTG CGT CAC CTG CTG AAC TCT CCG ACC GAC CCA TTC AAC CGT CAG ACC CTG ACC GAA TCT ATG CTG GAA CCG GTG CCG GAA CTG AAA GAA CAG ATC CAG GCG TGG ATG CGT,0.9146011143282012
GAT GCT CCA GAC GAG TTC CGT GAC CCG CTG ATG GAC ACT CTC ATG ACC GAC CCG GTT CGT CTG CCG TCC GGC ACC ATC ATG GAC CGT TCT ATC ATC CTG CGT CAC CTG CTG AAC TCT CCA ACT GAC CCG TTC AAC CGT CAG ACT CTG ACC GAA TCT ATG CTG GAA CCG GTG CCA GAA CTG AAA GAA CAG CGT CAG GCT TGG ATG CGT,-3.460391864420689
GAC GCT CCG GAC GAA TTC CGT GAC CCG CTG ATG GAC ACC CTG ATG ACC TTC CCG GTT CGT CTG CCG TCT GGC ACC ATC ATG GAC CGT TCT ATC ATC CTG CGT CAC CTG CTC AAC TCT CCG ACC GAC CCG TTT AAC CGT CAG ACC CTG ACC GAA TCT ATG CTG GAA CCG GTG CCG GAA CTG TCT GAA CAG ATC CAG GCG TGG ATG CGT,0.4446257100661975
GAT GCG CCA GAC GAG TTC CGT GAC CCG CTG ATG GAC ACC CTG ATG ACC TTC CCG GTT CGT CTG CCG TCC GGT ACC ATC ATG GAC CGT TCT ATC ATC CTG CGT CAC CTG CTG AAC TCT CCG ACC GAC CCG TTC AAC CGT CAA ACC CTG ACC GAA TCT ATG CTG GAA CCA GTT CCG GAG CTG TTC GAG CAG ATC CAG GCG TGG ATG CGT,1.4742031654289756
GAT GCG CCG GAC GAA TTT CGT GAC CCG CTG ATG GAT ACC CTC ATG ACC GAC CCG GTT CGT CTG CCG TCC GGT ACC ATC ATG GAC CGT TCT ATC ATC CTG CGT CAC CTG CTG AAT GTT CCG GCG GAC CCA TTT AAC CGT CAA ACC CTG ACC GAA TCT ATG CTG GAG CCA GTT CCG GAG CTG AAA GAA CAG ATC CAG GCG TGG ATG CGT,0.8782559751431829
GAT GCG CCG GAT GAA TTC CGT GAC CCG CTG ATG GAC ACC CTG ATG ACC GCG CCA GTT CGT CTC CCG TCT GGT ACT ATC ATG GAC CGT TCT ATC ATC CTG CGT CAC CTG CTG AAC TCT CCG ACT GAC CCG TTC AAC CGT CAG ACC CTG ACC GAA TCT ATG CTG GAA CCA GTT CCG GAG CTG CAC GAA CAG ATC CAG GCG TGG ATG CGT,-0.1325108005999981
GAT GCG CCG GAC GAA TTC CGT GAC CCG CTG ATG GAC ACC CTG ATG ACT GAC CCG GTT CGT CTG CCG TCT GGC ACC ATC ATG GAC CGT TCT ATC ATC CTG CGT CAC CTG CTG AAC TCT CCA ACC GAC CCG TTC AAC GAA CAG ACC CTG ACC GAA TCT ATG CTG GAA CCG GTG CCG GAA CTC AAA GAA CAG ATC CAG GCT TGG ATG CGT,2.221653096220708
GAC GCG CCA GAC GAG TTC CGT GAC CCG CTG ATG GAC ACC CTG ATG ACC TAC CCG GTT CGT CTC CCG TCT GGT ACT ATT ATG GAC TCT TCT ATC ATC CTG CGC CAC CTC CTG AAC TCT CCA ACC GAC CCG TTC AAC CGT CAG ACC CTG ACC GAA TCT ATG CTG GAG CCG GTT CCG GAG CTG AAA GAA CAG ATC CAG GCG TGG ATG CGT,0.0506538750640998
GAC GCT CCG GAC GAG TTC CGT GAC CCG CTG ATG GAC ACC CTG ATG ACT CCA CCA GTT CGC CTC CCG TCT GGC ACC ATC ATG GAC ATC TCT ATC ATC CTG CGC CAC CTG CTG AAC TCT CCG ACC GAT CCG TTC AAT CGC CAG ACC CTC ACC GAA TCT ATG CTG GAA CCG GTG CCG GAA CTG AAA GAA CAG ATC CAG GCG TGG ATG CGT,1.7239468870453525
GAC GCT CCG GAC GAA TTC CGT GAC CCG CTG ATG GAC ACC CTG ATG ACC CTG CCG GTT CGT CTG CCG TCC GGT ACC ATT ATG GAC CAC TCT ATC ATC CTG CGT CAC CTG CTG AAC TCT CCG ACC GAC CCG TTC AAC CGT CAG ACC CTG ACC GAA TCT ATG CTG GAG CCG GTG CCG GAA CTG AAA GAA CAG ATC CAG GCG TGG ATG CGT,-0.2687999549448122
GAC GCT CCG GAC GAA TTC CGT TGG CCG CTG ATG GAC ACC CTG ATG ACT GAC CCG GTT CGT CTC CCG TCT GGC ACC ATT ATG TGC CGT TCT ATC ATC CTG CGT CAC CTG CTG AAC TCT CCG ACC GAC CCG TTT AAC CGT CAG ACC CTG ACC GAA TCT ATG CTG GAA CCG GTG CCG GAA CTG AAA GAA CAG ATC CAA GCG TGG ATG CGT,1.190290347325248
GAC GCG CCA GAC GAA TTC CGT GAC CCG CTG ATG GAC ACC CTG ATG ACC GAT CCA GTT GCG CTG CCG TCC GGT ACC ATC ATG GAC CGT TCT ATC ATC CTG CGT CAC CTG CTG AAC TCT CCG ACC GAC CCG TTC AAC CGT CAG ACC CTG ACC GAA TCT ATG CTG TGG CCG GTT CCA GAG CTC AAA GAA CAG ATC CAG GCG TGG ATG CGT,0.3445542031343415
GAC GCT CCG GAC GAA TTC CGT GAC CCG CTG ATG GAC ACC CTG ATG ACC CTG CCG GTT CGT CTC CCG TCT GGC ACC ATC ATG GAC ATC TCT ATC ATC CTG CGT CAC CTG CTG AAC TCT CCG ACC GAC CCG TTC AAC CGT CAA ACC CTG ACC GAA TCC ATG CTG GAA CCG GTG CCG GAA CTG AAA GAA CAG ATC CAG GCT TGG ATG CGC,0.9199912867393168
GAC GCT CCG GAC GAA TTC CGT GAC CCG CTG ATG GAC ACC CTG ATG ACC GAC CCG GTT CGT CTG CCG TCC GGT ACC ATC ATG GAC CGT TCT ATC ATC CTG CGT CAC CTG CTG AAC ACT CCG CTG GAC CCG TTT AAC CGC CAG ACC CTG ACC GAA TCT ATG CTG GAA CCG GTG CCG GAA CTG AAA GAA CAG ATC CAG GCG TGG ATG CGT,1.3729820216268411
GAT GCG CCG GAT GAA TTC CGT GAC CCG CTG ATG GAC ACC CTG ATG ACC GTG CCG GTG CGT CTG CCG TCT GGC ACC ATC ATG GAC AAA TCT ATC ATC CTG CGT CAC CTG CTG AAC TCT CCG ACC GAC CCG TTC AAT CGT CAG ACC CTG ACC GAA TCT ATG CTG GAA CCA GTG CCG GAA CTG AAA GAA CAG ATC CAG GCG TGG ATG CGT,-0.633817071257582
GAC GCG CCA GAC GAA TTC CGT GAC CCG CTG ATG GAC ACC CTG ATG ACC GAC CCG GTG CGT CTG CCG ATT GGT ACT ATC ATG GAC CGT TCT ATC ATC CTG CGT CAC CTG CTG AAC TCT CCG ACC ATG CCG TTC AAC CGT CAA ACC CTG ACC GAA TCT ATG CTG GAA CCA GTT CCG GAG CTG AAA GAA CAG ATC CAG GCG TGG ATG CGT,-0.9828897510425144
GAT GCG CCG GAC GAA TTC CGT GAC CCG CTG ATG GAC ACC CTG ATG ACT GAC CCG GTT CGT CTG CCG TCT GGC ACC ATC ATG GAC CGT TCT CGT ATC CTG CGT CAC CTG CTG AAC TCT CCG ACC GAC CCG TTC AAC CGT CAG ACC CTG ACC GAA TCT ATG CTG GAA CCG GTG CCG GAA CTG AAA GAA CAG ATC CAG GCT TGG ATG CGT,-0.7675033150132803
GAC GCT CCG GAC GAA TTC CGT GAC CCG CTG ATG GAC ACC CTC ATG ACC TTC CCG GTT CGT CTG CCG TCT GGT ACT ATC ATG GAC AAC TCT ATC ATC CTG CGT CAC CTG CTG AAT TCT CCG ACC GAT CCG TTC AAC CGT CAG ACC CTG ACC GAA TCT ATG CTG GAA CCA GTT CCA GAA CTG AAA GAA CAG ATC CAG GCG TGG ATG CGT,-0.1689288272524548
GAT GCT CCG GAT GAA TTC CGT GAC CCG CTG GAC GAC ACC CTG ATG ACT GAC CCG GTT CGT CTG CCG TCT GGT ACT ATC ATG GAC CGT TCT ATC ATC CTG CGT CAC CTG CTG AAC TCT CCG ACC GAC CCA TTC AAC CGT CAG ACC CTC ACC GAA TCT ATG CTG GAG CCA GTG CCA GAG CTG AAA GAA CAG ATC CAG GCG TGG ATG CGT,1.8541373850600675
GAT GCG CCG GAC GAA TTC CGT GAC CCG CTG ATG GAC ACC CTG ATG ACC GAC CCG GTT ATG CTG CCA TCC GGT ACC ATC ATG GAC CGT TCT ATC ATC CTG CGT CAC CTG CTG AAC TCT CCA ACC GAT CCA TTC AAT CGT CAA ACT CTG ACC GAA TCT ATG CTC CGC CCA GTT CCG GAG CTG AAA GAA CAG ATC CAG GCG TGG ATG CGT,2.2745779055931745
GAC GCT CCG GAC GAA TTC CGT GAC CCG CTG ATG GAC ACC CTG ATG ACC GAC CCA GTT CGT CTG CCG ATG GGT ACC ATC ATG GAC CGT TCT ATC ATC CTG CGT CAC CTG CTG AAC TCT CCG ACC GAT CCA TTC GAA CGC CAG ACC CTG ACC GAA TCT ATG CTG GAA CCG GTG CCG GAG CTG AAA GAA CAG ATC CAG GCG TGG ATG CGC,-1.5678853121719247
GAC GCT CCG GAC GAA TTC CGT GAC CCG CTG ATG GAC ACC CTG ATG ACT GAC CCG GTT TTC CTG CCG TCT GGT ACT ATC ATG GAC CGT TCT ATC ATC CTG CGT CAC CTG CTG AAC TCT CCG ACC GAC CCG TTC AAC CGT CAG ACC CTG ACC GAA TCT ATG CTG TGG CCG GTG CCG GAA CTG AAA GAA CAG ATC CAG GCG TGG ATG CGT,0.5475322748263004
GAC GCG CCA GAT GAA TTC CGT GAC CCG CTG ATG GAC ACC CTG ATG ACC TGC CCG GTT CGT CTG CCG TCC GGT ACC ATC ATG GAC GAC TCT ATC ATC CTG CGT CAC CTG CTG AAC TCT CCG ACC GAC CCG TTC AAC CGT CAG ACC CTG ACC GAA TCT ATG CTG GAG CCG GTT CCG GAG CTG AAA GAA CAG ATC CAG GCG TGG ATG CGT,0.434120539629145
GAT GCT CCG GAC GAA TTT CGT GAC CCA CTG ATG GAT ACC CTG ATG ACC ATG CCA GTT CGT CTC CCG TCT GGC ACT ATT ATG GAT ATG TCT ATC ATC CTG CGT CAC CTG CTG AAC TCT CCG ACT GAC CCG TTC AAC CGT CAG ACC CTG ACC GAA TCT ATG CTG GAG CCG GTT CCA GAA CTG AAG GAA CAG ATC CAG GCG TGG ATG CGT,0.996005123954014
GAT GCT CCG GAC GAA TTC CGT GAC CCG CTG ATG GAC ACC CTG ATG ACC GAC CCG GTT CGT CTG CCG GTT GGC ACC ATT ATG GAC CGT TCT ATC ATC CTG CGT CAC CTG CTG AAC TCT CCG ACC GAT CCG TTC AAC CGT CAA ACC CTG ACC GAA TCC ATG CTG GAA CCG GTG CCG GAA CTG AAA GAA CAG ATC CAG GCG TGG ATG CGT,-1.7155958695778906
GAC GCT CCG GAC GAA TTC CGT GAC CCG CTG ATG GAC ACC CTG ATG ACC GAT CCG GTT CGT CTG CCG TCT GGT ACT ATC ATG GAC CGT TCT ATC ATC CTG CGT CAC CTG CTG AAC TCT CCG ACC GAC CCG TTT AAC CGC CAG ACC CTG ACC GAA TCC ATG CTG GAA CCG GTG CCG GAA CTG AAA GAA GGT ATC CAG GCG TGG ATG CGT,0.2528696511414583
GAC GCT CCG GAC GAA TTC CGT GAC CCG CTG ATG GAC TTC CTG ATG ACT GAC CCG GTT CGT CTG CCG TCT GGT ACT ATC ATG CCA CGT TCT ATC ATC CTG CGT CAC CTG CTG AAC TCT CCG ACC GAC CCA TTC AAC CGT CAG ACC CTG ACC GAA TCT ATG CTG GAA CCG GTG CCG GAA CTG AAA GAA CAG ATC CAG GCG TGG ATG CGC,0.8398300614384874
GAC GCT CCG GAC GAA TTC CGT GAC CCG CTG ATG GAC ACC CTG ATG ACC GAT CCG GTG CGT CTG CCG TCT GGC ACC ATC ATG GAC TTC TCT ATC ATC CTG CGT CAC CTG CTG AAC TCT CCG ACC GAC CCG TTC AAC CGT CAG ACC CTG ACC GAA TCC ATG CTC GAA CCG GTG CCG GAG CTG CTG GAA CAG ATC CAG GCG TGG ATG CGT,1.514047983530087
GAC GCT CCG GAC GAA TTC CGT GAC CCG CTG ATG GAC ACC CTG ATG ACC GAC CCG GTT CGT CTG CCG AAC GGT ACC ATC ATG GAC CGT TCT ATC ATC CTG CGC CAC CTG CTG AAC TCT CCG ACC GAT CCG TTT TGC CGT CAG ACC CTG ACC GAA TCT ATG CTG GAA CCG GTG CCG GAA CTG AAA GAA CAG ATC CAG GCT TGG ATG CGT,1.3110703362935312
GAC GCT CCG GAC GAA TTC CGT TGG CCG CTG ATG GAC ACC CTG ATG ACC GAC CCG GTT CGT CTG CCG TCT GGT ACT ATT ATG ATT CGC TCT ATC ATC CTG CGT CAC CTG CTG AAC TCT CCG ACC GAT CCG TTC AAT CGT CAG ACC CTG ACC GAA TCT ATG CTG GAA CCG GTG CCG GAG CTG AAA GAA CAG ATC CAG GCG TGG ATG CGT,1.031327140918841
GAT GCG CCG GAC GAA TTC CGT GAC CCG CTG ATG GAC ACC GAG ATG ACC GAC CCG GTT CGT CTG CCG TCT GGC ACC ATC ATG GAC CGT TCT ATC ATC CTG CGT CAC CTG CTG AAC TCT CCG ACT GAC CCA TTC AAC CGT CAG ACC CTG ACC GAA TCT ATG CTG GAG CCG GTT CCA GAA CTG AAA GAA CAG ATC CAG GCG TGG ATG CGT,-1.524342792637
GAT GCG CCG GAT GAA TTC CGT GAC CCG CTG ATG GAC ACC CTG ATG ACC CAG CCA GTT CGT CTG CCA TCC GGT ACC ATC ATG GAC CGT TCT ATC ATC CTC CGT CAC CTG CTC AAC TCT CCG ACC GAC CCG TTC AAC CGT CAG ACC CTG ACC GAA TCT ATG CTG GAA CCA GTT CCG GAG CTG CGT GAA CAG ATC CAG GCG TGG ATG CGT,0.5826815875863868
GAT GCG CCG GAC GAA TTC CGT TAC CCG CTG ATG GAC ACC CTG ATG ACT GAC CCA GTT CGT CTG CCG TCT GGC ACC ATC ATG CTG CGT TCT ATC ATC CTG CGT CAC CTG CTG AAC TCT CCG ACC GAC CCG TTC AAC CGT CAG ACC CTG ACC GAA TCT ATG CTG GAG CCA GTG CCG GAA CTG AAA GAA CAG ATC CAG GCT TGG ATG CGT,0.7093325368830046
GAT GCG CCG GAC GAA TTC CGT GAC CCG CTG ATG GAC ACC CTG ATG ACC GAC CCG GTT CGT CTG CCA ATC GGT ACC ATC ATG GAC CGT TCT ATC ATC CTG CGT CAC CTG CTG AAC TCT CCG ACC GAT CCG TTC ACC CGT CAG ACC CTG ACC GAA TCT ATG CTG GAA CCG GTG CCG GAA CTG AAA GAA CAG ATC CAG GCG TGG ATG CGT,-0.1399154879839839
GAC GCT CCG GAC GAA TTC CGT GAC CCG CTG ATG GAC ACC CTG ATG ACC TCT CCG GTT CGT CTC CCG TCC GGT ACC ATC ATG GAT ATG TCT ATC ATC CTG CGT CAC CTG CTG AAC TCT CCG ACT GAC CCG TTT AAC CGT CAG ACC CTG ACC GAA TCT ATG CTG GAA CCG GTG CCA GAG CTG AAA GAA CAG ATC CAG GCT TGG ATG CGT,1.0019301602131518
GAC GCT CCG GAC GAA TTC CGT GAC CCG CTG ATG GAC ACC CTG ATG ACC GAC CCG GTT CGT CTG CCG CGT GGC ACC ATC ATG GAC CGT TCT ATC ATC CTG CGT CAC CTG CTG AAC TCT CCG ACC CAC CCG TTC AAC CGC CAG ACC CTG ACC GAA TCT ATG CTG GAA CCG GTG CCG GAA CTG AAA GAA CAG ATC CAG GCT TGG ATG CGT,-0.3648852617218892
GAC GCT CCG GAC GAA TTC CGT GAC CCG CTG ATG GAC ACC CTG ATG ACC GAC CCG GTT CGT CTG CCG TCT GGC ACC ATC ATG GAC CGT TCT ATC ATC CTG CGT CAC CTG CTG AAC TCT CCG ACC GAT CCG TTC AAC CGT CAG ACC CTG CTG GAA TCT ATG CTG GAG CCG GTG CCG GAA CTG AAA GAA CAG ATC CAG GCG TGG ATG CGT,1.9176520361371
GAC GCT CCG GAC GAA TTC CGT CAG CCG CTG ATG GAC ACC CTG ATG ACC GAC CCG GTT CGT CTG CCG TCT GGT ACT ATC ATG CTG CGC TCT ATC ATT CTG CGT CAC CTC CTG AAC TCT CCG ACC GAT CCG TTC AAC CGT CAG ACC CTG ACC GAA TCT ATG CTG GAA CCG GTG CCG GAA CTG AAA GAG CAG ATC CAG GCG TGG ATG CGT,0.6992990264417105
GAC GCT CCG GAC GAA TTC CGT GAC CCG CTG ATG GAC ACC CTG ATG ACT GGT CCG GTT CGT CTG CCG TCC GGT ACC ATC ATG GAC ATC TCT ATC ATC CTG CGT CAC CTG CTG AAC TCT CCG ACC GAC CCG TTC AAC CGT CAG ACC CTG ACC GAA TCT ATG CTG GAA CCG GTG CCG GAA CTG AAA GAA CAG ATC CAG GCG TGG ATG CGT,0.9853720477769516
GAC GCT CCG GAC GAA TTC CGT GAC CCG CTG ATG GAC ACC CTG ATG ACT GAC CCG GTT TGG CTG CCG TCT GGT ACT ATC ATG GAC CGT TCT ATC ATC CTG CGT CAC CTG CTG AAC TCT CCG ACC GAC CCA TTC AAC CGT CAG ACC CTG ACC GAA TCT ATG CTG AAA CCG GTG CCA GAA CTG AAA GAA CAG ATC CAG GCG TGG ATG CGT,0.613109581696242
GAT GCG CCG GAC GAG TTC CGT GAC CCG CTG ATG GAC ACC CTG ATG ACC GAC CCA GTT CGT CTG CCA TCC GGT ACT ATC ATG GAC CGT TCT GAA ATC CTG CGT CAC CTG CTG AAC TCT CCG ACC GAT CCG TTT AAC CGT CAG ACC CTG ACC GAA TCT ATG CTG GAA CCA GTT CCG GAG CTG AAA GAA CAG ATC CAG GCG TGG ATG CGT,0.2478539195165507
GAC GCT CCG GAT GAA TTC CGT GAC CCG CTG ATG GAC ACC CTG ATG ACC GAT CCG GTT CGT CTG CCG GCT GGC ACC ATC ATG GAC CGT TCT ATC ATC CTG CGT CAC CTG CTG AAC TCT CCG ACC GAC CCG TTC GTT CGT CAG ACC CTG ACC GAA TCT ATG CTG GAA CCA GTT CCA GAA CTG AAA GAA CAG ATC CAG GCG TGG ATG CGT,-2.9227227763803647
GAC GCT CCG GAT GAA TTT CGT GAC CCG CTG ATG GAC ACC CTG ATG ACT GGT CCG GTT CGC CTG CCG TCT GGC ACC ATC ATG GAC CGT TCT ATC ATC CTG CGT CAC CTG CTG AAC TCT CCG ACC GAC CCG TTC AAC CGT CAG ACC CTG ACC GAA TCT ATG CTG GAA CCG GTG CCG GAG CTC GCT GAA CAG ATC CAG GCG TGG ATG CGT,-0.179767234052391
GAT GCG CCG GAT GAA TTC CGT GAC CCG CTG ATG GAC ACC CTG ATG ACT GAC CCG GTT CGT CTG CCG TCC GGT ACC ATC ATG GAC CAG TCT ATC ATC CTG CGT CAT CTG CTG AAC TCT CCA ACC GAC CCA TTC AAT CGC CAG ACC CTG ACC GAA TCT ATG CTG GAA CCA GTG CCG GAA CTG CAC GAA CAG ATC CAG GCG TGG ATG CGT,-2.828812677484695
GAC GCG CCA GAT GAA TTC CGT GAC CCG CTG ATG GAT ACT CTC ATG ACT GAC CCG GTT CGT CTG CCG GAC GGT ACC ATC ATG GAC CGT TCT ATC ATC CTG CGT CAC CTG CTG AAC TCT CCG ACC GAC CCG TTC AAA CGT CAG ACC CTG ACC GAA TCT ATG CTG GAA CCG GTG CCG GAA CTG AAA GAA CAG ATC CAG GCG TGG ATG CGT,0.8824035343789267
GAC GCT CCG GAC GAA TTC CGT GAC CCG CTG ATG GAC ACC CTG ATG ACC ACT CCG GTT CGT CTC CCG TCT GGC ACC ATC ATG GAC CGT TCT ATC ATC CTG CGT CAC CTG CTG AAC TCT CCG ACC GAC CCA TTC AAC CGC CAG ACT CTG ACC GAA TCT ATG CTG GAA CCA GTT CCA GAA CTG TGG GAA CAG ATC CAG GCG TGG ATG CGT,0.9324901883280332
GAC GCT CCG GAC GAA TTC CGT GAC CCG CTG ATG GAC ACC CTG ATG ACC GAT CCG GTT CGT CTG CCG TGC GGT ACC ATC ATG GAC CGT TCT ATC ATC CTG CGT CAC CTG CTG AAC TCT CCG ACC GAC CCG TTC CAG CGT CAG ACC CTG ACC GAA TCT ATG CTG GAG CCG GTG CCG GAG CTG AAA GAA CAG ATC CAG GCG TGG ATG CGT,0.7164121426221526
GAC GCG CCA GAT GAA TTC CGT GAC CCG CTG ATG GAC ACC CTG ATG ACC GAC CCG GTT CGT CTG CCA TAC GGT ACC ATC ATG GAC CGT TCT ATC ATC CTG CGT CAC CTG CTG AAC TCT CCG ACT CCG CCA TTC AAC CGT CAG ACC CTG ACC GAA TCT ATG CTG GAA CCA GTG CCG GAG CTG AAA GAA CAG ATC CAG GCG TGG ATG CGT,-2.235170949597415
GAC GCG CCA GAT GAA TTC CGT GAC CCG CTG ATG GAC ACC CTG ATG ACC GAC CCG GTT CGT CTG CCG GCT GGT ACT ATC ATG GAC CGC TCT ATC ATC CTG CGT CAC CTG CTG AAC TCT CCG ACC GTT CCG TTC AAC CGT CAG ACC CTG ACC GAA TCT ATG CTG GAA CCA GTT CCG GAG CTG AAA GAA CAG ATC CAG GCG TGG ATG CGT,-2.55385960005038
GAC GCG CCA GAC GAA TTC CGT GAC CCG CTG ATG GAC ACC CTG ATG ACC GAC CCG GTT GGT CTG CCG TCT GGT ACT ATC ATG GAC CGT TCT ATC ATC CTC CGT CAC CTG CTG AAC TCT CCA ACC GAT CCA TTC AAC CGT CAG ACC CTG ACC GAA TCT ATG CTG GTT CCG GTG CCA GAA CTG AAA GAA CAG ATC CAG GCG TGG ATG CGT,-0.0442004059736413
GAT GCG CCG GAC GAA TTC CGT GAC CCG CTG ATG GAC ACC CTG ATG ACC GAC CCG GTT CGT CTG CCG TCT GGT ACT ATC ATG GAC CGT TCT ATC ATC CTG CGT CAC CTG CTG AAC TAC CCG TTC GAC CCA TTC AAC CGC CAG ACC CTG ACC GAA TCT ATG CTG GAA CCA GTG CCG GAA CTG AAA GAA CAG ATC CAG GCG TGG ATG CGT,2.828693623478188
GAC GCT CCG GAC GAA TTC CGT GAC CCG CTG ATG GAC ACC CTG ATG ACC ATC CCG GTT CGT CTG CCG TCT GGC ACC ATC ATG GAC TCT TCT ATC ATC CTG CGT CAC CTG CTG AAC TCT CCG ACC GAC CCG TTC AAC CGT CAG ACC CTG ACC GAA TCT ATG CTG GAA CCG GTG CCG GAA CTC AAA GAA CAG ATC CAG GCG TGG ATG CGT,-0.4572787126056998
GAT GCG CCG GAC GAA TTC CGT GAC CCG CTG ATG GAC ACC CTG ATG ACC GAC CCG GTT CGT CTG CCG TCT GGT ACT ATC ATG GAC CGT TCT ATC ATC CTG CGT CAC CTG CTG AAC TTC CCA CCG GAC CCG TTC AAC CGT CAG ACC CTG ACC GAA TCT ATG CTG GAG CCG GTT CCG GAG CTG AAA GAA CAG ATC CAG GCG TGG ATG CGT,0.0593939063966032
GAC GCT CCA GAT GAA TTC CGT GAC CCG CTG ATG GAC ACC CTG ATG ACC CAC CCG GTT CGT CTG CCG TCT GGC ACC ATC ATG GAC CGT TCT ATC ATC CTG CGT CAC CTG CTG AAC TCT CCG ACC GAC CCG TTC AAC CGT CAA ACC CTG ACT GAG TCT ATG CTG GAA CCA GTT CCG GAG CTG ACC GAA CAG ATC CAG GCG TGG ATG CGT,0.4162079108294295
GAC GCT CCG GAC GAA TTC CGT GAC CCG CTG ATG GAC TGG CTG ATG ACC GAC CCA GTT CGT CTG CCG TCT GGT ACT ATC ATG GCG CGT TCT ATC ATC CTG CGT CAC CTG CTG AAC TCT CCG ACC GAT CCG TTC AAC CGT CAG ACC CTG ACC GAA TCT ATG CTG GAG CCG GTT CCA GAA CTC AAA GAA CAG ATC CAG GCG TGG ATG CGT,0.7231643485412196
GAC GCG CCA GAC GAA TTC CGT GAC CCG CTG ATG GAC ACT CTG ATG ACT GAC CCA GTT CGC CTC CCG CGT GGC ACT ATC ATG GAC CGT TCT ATC ATC CTC CGT CAC CTG CTG AAC TCT CCG ACC GAC CCG TTC GGT CGT CAG ACT CTG ACC GAA TCT ATG CTG GAA CCA GTT CCG GAG CTG AAA GAA CAG ATC CAG GCG TGG ATG CGT,-5.760970103107364
GAC GCG CCA GAC GAG TTC CGT GAC CCG CTG ATG GAC ATC CTG ATG ACT GAC CCG GTT CGT CTG CCG TCT GGT ACT ATC ATG TCT CGT TCC ATC ATC CTG CGC CAT CTG CTG AAC TCT CCG ACC GAT CCA TTC AAT CGT CAA ACC CTG ACC GAA TCT ATG CTG GAA CCA GTG CCG GAG CTG AAA GAA CAG ATC CAG GCG TGG ATG CGT,0.2152377395730384
GAC GCT CCA GAC GAA TTC CGT CAC CCG CTG ATG GAC ACC CTG ATG ACC GAC CCA GTG CGC CTG CCG TCT GGT ACT ATC ATG GTT CGT TCT ATC ATC CTG CGT CAC CTG CTG AAC TCT CCG ACT GAC CCG TTC AAC CGT CAG ACC CTG ACC GAA TCT ATG CTG GAG CCG GTG CCG GAA CTG AAA GAA CAG ATC CAG GCG TGG ATG CGT,0.3180556734884291
GAC GCT CCG GAC GAA TTC CGT GAC CCG CTG ATG GAC ACC CTG ATG ACC GAC CCG GTT GTT CTG CCG TCT GGC ACC ATT ATG GAC CGT TCT ATC ATC CTG CGT CAC CTG CTG AAC TCT CCG ACT GAC CCG TTC AAC CGT CAG ACC CTG ACC GAA TCT ATG CTC AAC CCG GTG CCG GAA CTG AAA GAA CAG ATC CAG GCG TGG ATG CGC,0.2709942663018592
GAC GCT CCG GAC GAG TTC CGT GAC CCG CTG ATG GAC ACC CTG ATG ACC GAT CCG GTT GTT CTG CCG TCC GGT ACC ATC ATG GAC CGT TCT ATC ATC CTG CGT CAC CTG CTG AAC TCT CCA ACC GAC CCG TTC AAC CGC CAG ACC CTG ACC GAA TCT ATG CTG GAA CCG GTG CCG GAA CTG AAA GAA CAG ATC CAG GCT TGG ATG CGT,0.6994070556270684
GAT GCG CCG GAC GAA TTC CGT GAC CCG CTG ATG GAC ACC CTG ATG ACC AAC CCG GTT CGT CTG CCG TCT GGC ACC ATC ATG GAC CGT TCT ATC ATC CTG CGT CAC CTG CTG AAC TCT CCG ACC GAC CCG TTC AAC CGT CAG ACC CTG ACC GAA TCT ATG CTG GAA CCA GTG CCG GAA CTC CAG GAA CAG ATT CAG GCG TGG ATG CGT,1.2095350848289863
GAC GCT CCG GAC GAA TTC CGT GAC CCG CTG ATG GAC ACC CTG ATG ACT GAC CCG GTT CGT CTG CCG TCT GGT ACT ATC ATG GAC GGT TCT ATC ATC CTG CGT CAC CTG CTG AAC TCT CCA ACC GAC CCG TTC AAC CGC CAG ACC CTG ACC GAG TCT ATG CTG GAA CCG GTG CCA GAG CTC ACC GAA CAG ATC CAG GCG TGG ATG CGT,-0.750768844124522
GAC GCT CCG GAC GAA TTC CGT GAC CCG CTG ATG GAC ACC CTG ATG ACC GAT CCG GTT CGT CTG CCG TCT GGC ACC ATC ATG GAC CGT TCT ATC ATC CTG CGT CAC CTG CTG AAC TCT CCG ACC GAC CCA TTC AAC CGT ATG ACC CTG ACC GAA TCT ATG CTG GAG CCG GTG CCG GAA CTG AAA GAA CAG ATC CAG GCG TGG ATG CGT,2.312308091733981
GAC GCT CCG GAC GAG TTC CGT GAC CCG CTG ATG GAC ACC CTG ATG ACC GAC CCA GTT CGT CTC CCG TCT GGC ACC ATC ATG GAC CGT TCT ATC ATC CTG CGT CAC CTG CTG AAC TCT TGG ACC GAT CCG TTC AAC CGC CAG ACC CTG ACC GAA TCT ATG CTG GAA CCG GTG CCG GAA CTG AAA GAA CAG ATC CAG GCG TGG ATG CGT,1.3784406929232116
GAC GCT CCG GAT GAA TTC CGT GAC CCG CTG ATG GAC ACC CTG ATG ACC GAC CCG GTT CGT CTG CCG TCT GGT AAA ATC ATG GAC CGT TCT ATC ATC CTG CGT CAC CTG CTG AAC TCT CCG ACC GAT CCA TTC AAC CGC CAG ACC CTG ACC GAA TCT ATG CTG GAA CCG GTG CCA GAA CTG AAA GAA CAG ATC CAG GCG TGG ATG CGT,2.65368424908507
GAT GCT CCG GAC GAA TTC CGT GAT CCG CTG ATG GAT ACC CTC ATG ACC GAC CCG GTT CGT CTG CCG TCT GGC ACT ATC ATG GAC ATC TCT ATC ATC CTG CGT CAC CTG CTG AAC TCT CCG ACC GAT CCG TTC AAC CGT CAG ACC CTG ACC GAA TCT ATG CTG GAG CCA GTT CCA GAA CTG CGT GAA CAG ATC CAG GCG TGG ATG CGT,0.8058366372026959
GAT GCG CCA GAC GAA TTC CGT GAT CCG CTG ATG GAC ACC CTG ATG ACC GAC CCA GTT TCT CTG CCG TCC GGC ACT ATT ATG GAC CGT TCT ATC ATC CTC CGT CAT CTG CTG AAT TCT CCG ACC GAT CCA TTC AAC CGT CAG ACC CTG ACC GAA TCT ATG CTG GTT CCG GTT CCA GAA CTG AAA GAA CAG ATC CAG GCG TGG ATG CGC,0.9914633200552394
GAC GCG TAC GAC GAA TTC CGT GAC CCG CTC ATG GAT ACT CTG ATG ACT GAC CCG GTT CGT CTG CCG TCT GGC ACC ATC ATG GAC CGT TCT ATC ATC CTG CGT CAC CTG CTG AAC TCT CCG ACC GAT CCG TTC AAC CGT CAA ACC CTG ACC GAA TCT ATG CTG GAA CCA GTT CCG GAG CTG AAA GAA CAG ATC CAG GCG TGG ATG CGT,0.3508107197275549
GAC GCT CCG GAT GAA TTC CGT CAC CCG CTG ATG GAC ACC CTG ATG ACC GAC CCG GTT CGC CTG CCA TCC GGT ACC ATC ATG AAC CGT TCT ATC ATC CTG CGC CAC CTG CTG AAC TCT CCG ACT GAC CCG TTC AAC CGT CAG ACC CTG ACC GAA TCT ATG CTG GAA CCG GTG CCG GAA CTG AAG GAA CAG ATC CAG GCG TGG ATG CGC,-1.911854045497951
GAC GCT CCA GAT GAA TTC CGT GAC CCG CTG ATG GAC ACC CTG ATG ACT GAC CCG GTT CGT CTG CCG GTT GGC ACC ATC ATG GAC CGT TCT ATC ATC CTG CGT CAC CTG CTG AAC TCT CCG ACC GAC CCG TTC CCG CGT CAA ACT CTG ACC GAA TCT ATG CTG GAA CCG GTG CCG GAG CTC AAA GAA CAG ATC CAG GCG TGG ATG CGC,-3.782803158876971
GAT GCG CCG GAC GAA TTC CGT GAC CCG CTG ATG GAC ACC CTG ATG ACT GAC CCG GTT CGT CTG CCG ATT GGC ACC ATC ATG GAC CGT TCT ATC ATC CTG CGT CAC CTG CTG AAC TCT CCG ACC GAC CCG TTC ATG CGT CAG ACC CTC ACC GAA TCT ATG CTG GAA CCG GTG CCG GAA CTG AAA GAA CAG ATC CAG GCT TGG ATG CGT,-0.4677883381076712
GAT GCG CCG GAC GAA TTC CGT GAC CCG CTG ATG GAC ACC CTG ATG ACC GAC CCG GTT CGT CTG CCG TGC GGT ACC ATC ATG GAC CGT TCT ATC ATC CTC CGT CAC CTG CTG AAC TCT CCG ACT GAC CCA TTC TAC CGT CAG ACC CTG ACC GAA TCT ATG CTG GAG CCG GTT CCA GAA CTG AAA GAA CAG ATC CAG GCG TGG ATG CGT,1.103715118297654
GAC GCT CCG GAC GAA TTC CGT GAC CCG CTG ATG GAC ACC CTG ATG ACT GAC CCG GTT CGT TCT CCG TCC GGT ACC ATC ATG GAC CGT TCT ATC ATC CTG CGT CAC CTG CTG AAC TCT CCG ACC GAC CCA TTC AAC CGC CAG ACC CTG ACC GAA TCT ATG CTG GAA CCG GTG CCG GAG CTG AAA GAA CAG ATC CAG GCG TGG ATG CGT,-2.052444435436579
GAT GCG CCG GAC GAA TTC CGT GAC CCG CTG ATG GAC ACC CTG ATG ACT CCG CCA GTG CGT CTC CCG TCT GGT ACT ATC ATG GAC CGT TCT ATC ATC CTG CGC CAC CTG CTC AAC TCT CCG ACC GAC CCA TTC AAC CGT CAG ACC CTG ACC GAA TCT ATG CTG GAA CCG GTG CCG GAA CTC ACC GAG CAG ATC CAG GCG TGG ATG CGT,-1.0961096601479228
GAC GCG CCA GAC GAA TTC CGT GAC CCG CTG ATG GAC ACC CTG ATG ACC GAC CCG GTT CGT CTC CCG TTC GGT ACC ATC ATG GAC CGT TCT ATC ATC CTG CGT CAC CTG CTG AAC TCT CCG ACT GAC CCA TTC TCT CGT CAG ACC CTG ACC GAA TCT ATG CTG GAG CCG GTT CCG GAG CTG AAA GAA CAG ATC CAG GCG TGG ATG CGT,0.5113824268028093
GAC GCT CCG GAC GAA TTC CGT GAC CCG CTG ATG GAC ACC CTG ATG ACC TGC CCG GTT CGT CTG CCG TCT GGC ACC ATC ATG GAT ATG TCT ATC ATC CTG CGT CAC CTG CTG AAC TCT CCG ACC GAC CCG TTC AAC CGT CAG ACC CTG ACC GAA TCT ATG CTG GAA CCA GTG CCG GAG CTG AAA GAA CAG ATC CAG GCG TGG ATG CGT,1.6555158041220197
GAT GCG CCG GAC GAG TTC CGT GAC CCG CTG ATG GAC ACC CTG ATG ACC GAC CCA GTG CGT CTG CCG TCC GGT ACC ATC ATG GAC CGT TCT ATC ATC CTG CGT CAT CTC GTT AAC TCT CCG ACC GAT CCG TTC AAC CGT CAG ACC CTG ACC GAA TCT ATG CTG GAG CCG GTT CCA GAG CTG AAA GAA CAG ATC CAG GCG TGG ATG CGT,2.073136497293332
GAC GCG CCA GAT GAA TTT CGT GAC CCG CTG ATG GAC ACC CTG ATG ACC GAC CCG GTT CGT CTG CCG CAG GGT ACC ATC ATG GAC CGT TCT ATC ATC CTG CGT CAC CTG CTG AAC TCT CCA ACC GGT CCG TTC AAC CGC CAG ACC CTG ACC GAA TCT ATG CTG GAG CCG GTG CCA GAG CTC AAG GAA CAG ATC CAG GCT TGG ATG CGT,-1.4815987450887285
GAT GCG CCG GAC GAA TTC CGT GAC CCG CTG ATG GAC ACC CTG ATG ACC GAC CCG GTG CGT CTG CCG TTC GGT ACC ATC ATG GAT CGT TCC ATC ATC CTG CGT CAC CTG CTG AAC TCT CCG ACC GTT CCG TTC AAC CGT CAG ACC CTG ACC GAA TCT ATG CTC GAA CCA GTT CCA GAA CTG AAA GAA CAG ATC CAG GCT TGG ATG CGT,-1.1699722713065557
GAC GCT CCG GAC GAA TTC CGT GAC CCG CTG ATG GAC ACT CTG ATG ACT GAC CCA GTT CGC CTG CCG ACC GGT ACC ATC ATG GAC CGT TCT ATC ATC CTG CGT CAC CTG CTG AAC TCT CCG ACC GAC CCG TTC GTT CGC CAG ACC CTG ACC GAA TCT ATG CTC GAA CCG GTG CCG GAA CTG AAA GAA CAG ATC CAG GCT TGG ATG CGT,-0.0235075994700561
GAT GCG CCG GAC GAA TTC CGT GAC CCG CTG ATG GAC ACC CTG ATG ACC GAC CCG GTT CGT CTG CCG TCT GGC ACC ATC ATG GAC CGT TCT ATC CGT CTG CGC CAC CTG CTC AAC TCT CCA ACT GAC CCG TTT AAC CGT CAG ACC CTG ACC GAA TCT ATG CTG GAA CCG GTG CCG GAA CTG AAA GAA CAG ATC CAG GCT TGG ATG CGT,-5.138198859782488
GAT GCG CCG GAC GAA TTC CGT GAC CCG CTG ATG GAC ACC CTG ATG ACC GAC CCG GTT ATC CTG CCG TCC GGT ACC ATC ATG GAC CGT TCT ATC ATC CTG CGT CAC CTG CTG AAC TCT CCA ACT GAC CCG TTC AAC CGT CAG ACC CTG ACC GAA TCT ATG CTG ACT CCA GTT CCA GAA CTG AAA GAA CAG ATC CAG GCG TGG ATG CGT,0.9705639166263422
GAC GCT CCG GAT GAA TTC CGT GAC CCG CTG ATG GAC ACC CTG ATG ACT GAC CCA GTG CGT CTG CCG TCC GGT ACT ATC ATG GAC CGT TCT ATC ATC CTG CGT CAC CTG CTG AAC TCT CCG ACC GAC CCG TTC AAT CGT CAA ACC CTG ACC GAA TCT ATG CTG GAA CCA GTG CCA CAC CTG AAG GAA CAG ATC CAG GCG TGG ATG CGT,2.170006875661364
GAC GCT CCG GAC GAA TTC CGT GAC CCG CTG ATG GAC ACC CTG ATG ACC GAA CCG GTG CGT CTG CCA TCT GGT ACT ATC ATG GAC AAA TCT ATC ATC CTG CGT CAC CTG CTG AAC TCT CCG ACC GAC CCG TTC AAC CGC CAG ACC CTG ACT GAA TCC ATG CTG GAG CCG GTG CCA GAA CTG AAA GAA CAG ATC CAG GCG TGG ATG CGT,1.3603910435630715
GAC GCG CCA GAT GAA TTC CGT GAC CCG CTG ATG GAC ACC CTG ATG ACT GAC CCG GTT GGT CTG CCG TCT GGC ACC ATC ATG GAT CGT TCT ATC ATC CTG CGT CAC CTG CTG AAC TCT CCG ACC GAC CCG TTC AAC CGT CAG ACC CTG ACC GAA TCT ATG CTG ATG CCG GTT CCG GAG CTC AAA GAA CAG ATC CAG GCG TGG ATG CGT,-0.3582870824391034
GAC GCT CCG GAC GAA TTC CGT TAC CCA CTG ATG GAT ACT CTG ATG ACC GAC CCG GTT CGT CTG CCG TCT GGT ACT ATT ATG GGT CGT TCT ATC ATC CTG CGT CAT CTG CTG AAC TCT CCG ACT GAC CCG TTC AAC CGT CAG ACC CTG ACC GAA TCT ATG CTG GAA CCG GTG CCA GAA CTC AAG GAA CAG ATC CAG GCT TGG ATG CGT,-0.5529354728622544
GAT GCG CCA GAC GAA TTC CGT GAC CCG CTG ATG GAC ACC CTG ATG ACC GAC CCG GTG CGT CTG CCG CAG GGT ACC ATC ATG GAC CGT TCT ATC ATC CTG CGT CAC CTG CTG AAC TCT CCG ACT CCG CCG TTC AAC CGT CAG ACC CTG ACC GAA TCT ATG CTG GAA CCA GTT CCA GAA CTG AAA GAA CAG ATC CAG GCG TGG ATG CGT,-2.856489112831772
GAT GCG CCG GAC GAG TTC CGT GAC CCG CTG ATG GAC ACC CTG ATG ACT CCA CCG GTT CGT CTG CCG TCT GGT ACT ATC ATG GAC CTG TCT ATC ATC CTG CGT CAC CTG CTG AAC TCT CCG ACC GAC CCG TTC AAC CGT CAG ACC CTG ACC GAA TCT ATG CTG GAG CCA GTT CCA GAA CTG AAA GAA CAG ATC CAG GCG TGG ATG CGT,0.5501957438462969
GAT GCG CCG GAC GAA TTC CGT GAC CCG CTG ATG GAC ACC CTG ATG ACC GAC CCG GTT CGT CTG CCG GTT GGT ACT ATT ATG GAC CGT TCT ATC ATC CTG CGT CAC CTG CTG AAC TCT CCG ACC CAG CCG TTT AAT CGT CAA ACC CTG ACT GAA TCT ATG CTG GAG CCG GTT CCA GAG CTG AAA GAA CAG ATC CAG GCG TGG ATG CGT,-4.336518624579287
GAC GCT CCG GAC GAG TTC CGC GAC CCG CTG ATG GAC ACC CTG ATG ACT GTT CCG GTT CGT CTG CCG TCT GGC ACC ATC ATG GAC CGT TCT ATC ATC CTG CGT CAC CTG CTG AAC TCT CCG ACC GAC CCG TTC AAC CGT CAG ACC CTG ACC GAA TCT ATG CTG GAG CCG GTT CCA GAA CTC GAC GAA CAG ATC CAG GCG TGG ATG CGT,-0.322319832193653
GAC GCT CCG GAT GAA TTC CGT GAC CCA CTC ATG GAT ACT CTG ATG ACC GAC CCG GTT CGT CTG CCG TCT GGT ACT ATC ATG GAC CGT TCT ATC ATC CTG CGT CAC CTG CTG AAC GCG CCG TGC GAC CCG TTC AAC CGT CAG ACC CTG ACC GAA TCT ATG CTG GAA CCG GTG CCG GAA CTG AAA GAA CAG ATC CAG GCG TGG ATG CGT,1.7084421172633244
GAC GCT CCG GAC GAA TTC CGT GAC CCG CTG ATG GAC ACC CTG ATG ACC GAC CCG GTT CGT CTG CCG TCT GGT ACT ATC ATG GAC CGT TCT ATC ATC CTG CGT CAC CTG CTG AAC AAC CCA GGC GAT CCG TTC AAC CGT CAA ACT CTG ACC GAA TCT ATG CTG GAA CCA GTT CCA GAA CTG AAA GAA CAG ATC CAG GCG TGG ATG CGT,0.6901539491902742
GAT GCT CCG GAC GAG TTC CGT GAC CCG CTG ATG GAC ACC CTG ATG ACT GGC CCG GTT CGT CTG CCG TCT GGC ACC ATC ATG GAC CGT TCT ATC ATC CTG CGT CAC CTG CTG AAC TCT CCG ACC GAT CCG TTC AAC CGT CAG ACC CTG ACC GAA TCT ATG CTG GAA CCG GTG CCG GAA CTG AAA GAA CAG ATC CAG GCG TGG ATG CGT,-0.6603886177127732
GAC GCT CCG GAC GAG TTC CGT GAC CCA CTG ATG GAC GCG CTC ATG ACC GAC CCG GTT CGT CTG CCG TCT GGC ACC ATC ATG GAC CGT TCT ATC ATC CTG CGT CAC CTG CTG AAC TCT CCG ACT GAT CCG TTC AAC CGC CAG ACC CTG ACC GAG TCT ATG CTG GAA CCG GTG CCG GAA CTG AAA GAA CAG ATC CAG GCG TGG ATG CGT,0.7454459306432342
GAC GCT CCG GAC GAG TTC CGT GAC CCG CTG ATG GAC ACC CTC ATG ACC TGG CCG GTT CGT CTG CCG TCT GGC ACC ATT ATG GAC CGT TCT ATC ATC CTG CGT CAC CTG CTG AAC TCT CCG ACC GAC CCG TTC AAC CGT CAA ACC CTG ACC GAA TCT ATG CTG GAA CCA GTT CCA GAG CTG ACT GAA CAG ATC CAG GCG TGG ATG CGT,0.6037683004214465
GAT GCG CCG GAT GAA TTC CGT GAC CCG CTG ATG GAC ACC CTC AAA ACT GAC CCG GTT CGT CTG CCA TCT GGT ACT ATC ATG GAC CGT TCT ATC ATC CTG CGT CAC CTG CTG AAC TCT CCG ACC GAC CCG TTT AAC CGT CAA ACT CTG ACC GAA TCT ATG CTG GAG CCG GTG CCG GAA CTG AAA GAA CAG ATC CAG GCG TGG ATG CGT,-0.8493875548561998
GAT GCG CCG GAC GAA TTC CGT TAC CCG CTG ATG GAC ACC CTG ATG ACT GAC CCG GTT CGT CTG CCG TCT GGT ACT ATC ATG TTC CGT TCT ATC ATC CTG CGT CAC CTG CTG AAC TCT CCG ACC GAC CCG TTC AAC CGT CAG ACC CTG ACC GAA TCT ATG CTG GAA CCG GTG CCG GAA CTG AAA GAA CAG ATC CAG GCG TGG ATG CGT,0.6718718828247126
GAC GCT CCG GAT GAA TTC CGT GAC CCG CTG ATG GAC ACC CTG ATG ACC GAC CCG GTT CGT CTG CCG TCT GGT TCT ATT ATG GAC CGT TCT ATC ATC CTG CGT CAC CTG CTG AAC TCT CCG ACT GAC CCG TTC AAC CGC CAG ACC CTG ACC GAA TCT ATG CTG GAG CCA GTG CCG GAG CTG AAA GAA CAG ATC CAG GCG TGG ATG CGT,1.5517078182324
GAC GCT CCG GAT GAA TTC CGT GAC CCG CTG ATG GAC AAA CTG ATG ACT GAC CCA GTT CGT CTG CCG TCT GGC ACC ATC ATG CAC CGT TCT ATC ATC CTG CGT CAC CTG CTG AAC TCT CCG ACC GAC CCG TTC AAC CGT CAG ACC CTG ACC GAA TCT ATG CTG GAA CCG GTG CCG GAA CTG AAA GAA CAG ATC CAG GCT TGG ATG CGT,-2.605747901334413
GAC GCT CCG GAC GAA TTC CGT GAC CCA CTG ATG GAT ACT CTG ATG ACT CCA CCG GTT CGT CTG CCG TCC GGT ACC ATC ATG GAC CGT TCT ATC ATC CTG CGT CAC CTG CTG AAC TCT CCG ACC GAC CCG TTC AAC CGT CAG ACC CTG ACC GAA TCT ATG CTG GAA CCA GTT CCA GAA CTG TCT GAA CAG ATC CAG GCG TGG ATG CGT,-1.439265996461374
GAT GCG CCG GAC GAA TTC CGT GAT CCG CTG ATG GAC ACC CTG ATG ACC GTT CCG GTT CGT CTG CCG TCT GGT ACT ATC ATG GAC TGG TCT ATC ATC CTG CGT CAC CTG CTG AAC TCT CCG ACC GAT CCG TTC AAC CGT CAG ACC CTG ACC GAA TCT ATG CTG GAA CCA GTG CCA GAA CTG AAA GAA CAG ATC CAG GCG TGG ATG CGT,1.1292372136109023
GAC GCT CCG GAC GAA TTC CGT GAC CCG CTG ATG GAC ACC CTG ATG ACT GAC CCG GTT CGC CTG CCG TCT GGC ACC ATC ATG GAC CTG TCT ATC ATC CTG CGC CAT CTG CTC AAC TCT CCG ACC GAC CCG TTC AAC CGT CAG ACC CTG ACC GAA TCT ATG CTG GAA CCG GTG CCG GAG CTG GCG GAA CAG ATC CAG GCG TGG ATG CGT,1.1002210537918766
GAT GCG CCG GAT GAA TTC CGT GAC CCG CTG ATG GAC ACC CTG ATG ACT GAC CCG GTT CGT CTG CCG TCT GGC ACC ATC ATG GAC CGT TCT ATC ATC CTG CGT CAC CTC CTG AAC TCT CCG ACC GAC CCA TTC AAC CGC CAG ACC CTG ACC GAA TCT ATG CTG GAA CCA GTT CCG GAG CTG AAA GAA CCG ATC CAG GCG TGG ATG CGT,-3.515136527237861
GAT GCG CCG GAC GAA TTC CGT GAC CCG CTG ATG GAC ACC CTG ATG ACC GAT CCG GTT CGT CTG CCA TCT GGC ACC ATC ATG GAC GAG TCT ATC ATC CTG CGT CAC CTG CTG AAC TCT CCG ACC GAC CCG TTC AAC CGT CAG ACC CTG ACC GAA TCT ATG CTG GAG CCG GTT CCA GAA CTC TAC GAA CAG ATC CAG GCG TGG ATG CGT,-0.1795583057818909
GAC GCT CCG GAC GAA TTC CGT GAC CCG CTG ATG GAC CAC CTG ATG ACC GAC CCG GTT CGT CTG CCG TCT GGT ACT ATC ATG TGG CGT TCT ATC ATC CTG CGT CAC CTG CTG AAC TCT CCG ACC GAT CCA TTC AAC CGT CAG ACC CTG ACC GAA TCT ATG CTG GAG CCA GTT CCA GAA CTG AAA GAA CAG ATC CAG GCG TGG ATG CGT,1.072103800310976
GAT GCG CCG GAC GAG TTC CGT GAC CCG CTG ATG GAC ACC CTG ATG ACT GAC CCG GTT CGT CTC CCG TCT GGT ACT ATC ATG GAC CGT TCT ATC ATC CTG CGT CAC CTG CTC AAC TCT CCG ACC GAT CCG TTC AAC CGT CAG ACC CTG ACT GAA TCT ATG GCT GAA CCG GTG CCG GAG CTG AAA GAA CAG ATC CAG GCG TGG ATG CGT,-1.16715504110203
GAC GCG CCA GAT GAA TTC CGT GAC CCG CTG ATG GAC GGT CTG ATG ACC GAC CCG GTT CGT CTG CCG TCC GGT ACC ATC ATG GAG CGT TCT ATC ATC CTG CGT CAC CTG CTG AAC TCT CCG ACT GAT CCG TTC AAC CGT CAG ACC CTG ACC GAA TCT ATG CTG GAA CCG GTG CCA GAA CTG AAA GAA CAG ATC CAG GCG TGG ATG CGT,0.2959411436532033
GAT GCG CCG GAC GAA TTT CGT GAC CCA CTG ATG GTG ACT CTG ATG ACT GAC CCG GTG CGC CTG CCG TCT GGC ACC ATT ATG GAC CGT TCT ATC ATC CTG CGC CAC CTG CTG AAC TCT CCG ACC GAT CCG TTC AAT CGC CAG ACC CTG ACC GAA TCT ATG CTG GAA CCG GTG CCG GAA CTG AAA GAA CAG ATC CAG GCG TGG ATG CGT,0.6787570419574753
GAC GCT CCG GAC GAA TTC CGT GAC CCG CTG ATG GAC ACC CTG ATG ACT GAC CCG GTT CGT CTG CCA TAC GGC ACC ATC ATG GAC CGT TCT ATC ATC CTG CGT CAC CTG CTG AAC TCT CCG ACC GAC CCG TTC CAC CGT CAG ACC CTG ACC GAA TCT ATG CTG GAG CCG GTT CCA GAA CTC AAA GAA CAG ATC CAG GCG TGG ATG CGT,-0.0884201914273284
GAT GCG CCA GAT GAA TTC CGT GAC CCG CTG ATG GAC ACC CTG ATG ACT GAC CCA GTT CGT CTC CCG TCT GGC ACT ATC ATG GAC CAA TCT ATC ATC CTG CGT CAT CTG CTG AAC TCT CCG ACC GAC CCG TTT AAC CGC CAG ACC CTG ACC GAA TCT ATG CTG GAG CCA GTT CCA GAG CTG AAC GAA CAG ATC CAG GCG TGG ATG CGT,-3.2114086754087854
GAC GCG CCA GAT GAG TTC CGT GAC CCG CTC ATG GAC ACC CTC ATG ACC GAC CCG GTT CGT CTG CCG GAA GGT ACC ATT ATG GAC CGT TCT ATC ATC CTG CGT CAC CTG CTG AAC TCT CCG ACT GAC CCG TTC ATT CGT CAG ACC CTG ACC GAA TCT ATG CTG GAG CCG GTT CCA GAG CTG AAA GAA CAG ATC CAG GCG TGG ATG CGT,-0.7298418593313287
GAT GCG CCG GAT GAA TTC CGT GAC CCG CTG ATG GAC ACC CTC ATG ACC ATC CCG GTG CGT CTG CCG TCT GGC ACC ATC ATG GAC CGT TCT ATC ATC CTG CGT CAC CTG CTG AAC TCT CCG ACC GAT CCA TTC AAC CGC CAG ACC CTG ACC GAG TCT ATG CTG GAG CCA GTT CCA GAA CTC GCG GAA CAG ATC CAA GCG TGG ATG CGC,0.5571978867558842
GAT GCG CCG GAT GAA TTC CGT GAC CCG CTG ATG GAC ACC CTG ATG ACC TCT CCG GTT CGT CTG CCG TCC GGT ACC ATC ATG GAC CGT TCT ATC ATC CTG CGT CAC CTG CTG AAC TCT CCG ACC GAC CCG TTC AAC CGC CAG ACC CTG ACC GAA TCC ATG CTG GAA CCG GTG CCG GAA CTG GAG GAA CAG ATC CAG GCG TGG ATG CGT,0.6808842465744885
GAT GCT CCG GAC GAG TTC CGT GAC CCG CTG ATG GAC ACC CTG ATG ACT CCA CCG GTT CGT CTG CCG TCT GGC ACC ATC ATG GAC AAA TCT ATC ATC CTG CGC CAT CTG CTC AAC TCT CCA ACC GAT CCG TTT AAT CGT CAG ACC CTG ACC GAA TCT ATG CTG GAA CCA GTT CCA GAA CTG AAA GAA CAG ATC CAG GCG TGG ATG CGT,-2.4850214003460422
GAC GCG CCA GAT GAA TTC CGT TCT CCG CTC ATG GAC ACC CTG ATG ACC GAC CCG GTT CGT CTC CCG TCT GGC ACC ATT ATG ATG CGC TCT ATC ATC CTG CGT CAC CTG CTG AAC TCT CCG ACC GAT CCG TTC AAC CGT CAG ACC CTG ACC GAA TCT ATG CTG GAG CCG GTT CCA GAA CTG AAA GAA CAG ATC CAG GCG TGG ATG CGT,0.2592534504327369
GAC GCT CCG GAC GAA TTC CGT GAC CCG CTC ATG GAC GCG CTG ATG ACT GAC CCG GTT CGT CTG CCG TCC GGT ACC ATC ATG AAC CGT TCT ATC ATC CTG CGT CAC CTG CTG AAC TCT CCG ACC GAC CCG TTC AAC CGT CAG ACC CTG ACC GAA TCT ATG CTG GAA CCG GTG CCG GAA CTG AAA GAA CAG ATC CAG GCG TGG ATG CGT,-0.6602572958448252
GAC GCT CCA GAC GAG TTC CGT GAT CCG CTG ATG GAT ACT CTG ATG ACC GAC CCG GTT CGT CTG CCG TCT GGT ACT ATC ATG GAC CGT TCT ATC ATC CTG CGT CAC CTG CTG AAC TTC CCG CGT GAC CCG TTC AAC CGT CAG ACC CTG ACC GAA TCT ATG CTG GAA CCA GTT CCG GAG CTG AAA GAA CAG ATC CAG GCG TGG ATG CGT,1.0367270458176328
GAC GCT CCG GAC GAA TTC CGT GAC CCG CTG ATG GAC ACC CTG ATG ACT GAT CCG GTT CGT CTG CCG TCT GGT ACT ATC ATG GAC CCG TCT ATC ATC CTG CGC CAC CTG CTG AAC TCT CCG ACT GAC CCG TTC AAC CGC CAG ACC CTG ACC GAA TCC ATG CTG GAA CCG GTG CCG GAA CTG CAG GAA CAG ATC CAG GCG TGG ATG CGT,-1.603370533985931
GAC GCG CCA GAT GAA TTC CGT GAC CCG CTG ATG GAC ACC CTG ATG ACC GAC CCG GTT CGT CTG CCG TCT GGT ACT ATC ATG GAC CGT TCT ATC ATC CTG CGT CAC CTG CTG AAC CCG CCA CGT GAT CCG TTC AAC CGT CAA ACC CTG ACC GAA TCT ATG CTG GAA CCA GTG CCG GAG CTG AAA GAA CAG ATC CAG GCG TGG ATG CGT,-0.9759924901514856
GAC GCT CCG GAC GAA TTC CGT GAC CCG CTG ATG GAC ACT CTG ATG ACT GAC CCG GTT CGT CTG CCG TCC GGT ACC ATC ATG GAC TCT TCT ATC ATC CTG CGT CAC CTG CTG AAC TCT CCG ACC GAT CCG TTT AAT CGC CAG ACC CTG ACC GAA TCT ATG CTG GAA CCG GTG CCG GAA CTC TTC GAA CAG ATC CAG GCG TGG ATG CGT,0.4089347349744885
GAC GCT CCG GAC GAA TTC CGT ATC CCG CTG ATG GAC ACC CTG ATG ACC GAT CCG GTT CGT CTG CCG TCT GGC ACC ATC ATG CAG CGT TCT ATC ATC CTG CGT CAC CTG CTG AAC TCT CCG ACC GAC CCG TTC AAC CGT CAG ACC CTG ACC GAA TCT ATG CTC GAA CCA GTT CCA GAA CTC AAA GAA CAG ATC CAG GCG TGG ATG CGT,-1.241785761544132
GAT GCG CCG GAC GAA TTC CGT GAC CCG CTG ATG GAC ACC CTG ATG ACC GAT CCA GTT CAT CTG CCA TCT GGC ACC ATC ATG GAC CGT TCT ATC ATC CTG CGT CAC CTG CTG AAC TCT CCG ACT GAC CCG TTC AAC CGT CAG ACC CTG ACC GAA TCT ATG CTG TGC CCA GTG CCG GAG CTG AAG GAA CAG ATC CAG GCG TGG ATG CGT,0.6620804803217226
GAT GCG CCG GAC GAG TTC CGT GAC CCG CTG ATG GAC ACC CTG ATG ACC GAC TGG GTT CGT CTC CCG TCT GGC ACC ATC ATG GAT CGT TCT ATC ATC CTG CGC CAC CTG CTC AAC TCT CCG ACC GAT CCG TTC AAC CGC CAG ACC CTG ACC GAG TCT ATG CTG GAG CCA GTT CCG GAG CTC AAA GAA CAG ATC CAG GCG TGG ATG CGT,0.3917568216893612
GAC GCT CCG GAC GAA TTC CGT GAC CCG CTG ATG GAT ACC CTG ATG ACC GAT CCG GTT CGT CTG CCG GCT GGC ACC ATC ATG GAC CGT TCT ATC ATC CTG CGT CAT CTG CTG AAC TCT CCG ACT GAC CCG TTC TTC CGT CAG ACC CTG ACC GAA TCT ATG CTG GAA CCG GTG CCG GAA CTG AAG GAA CAG ATC CAG GCG TGG ATG CGC,-0.1327175428324895
GAT GCT CCG GAC GAA TTC CGC GAC CCG CTG ATG GAC ACC CTG ATG ACT GAC CCG GTT CGT CTG CCA TGT GGC ACC ATC ATG GAC CGT TCT ATC ATC CTG CGC CAT CTG CTC AAC TCT CCG ACC GAC CCG TTC CCG CGT CAG ACC CTG ACC GAA TCT ATG CTG GAA CCG GTG CCG GAA CTG AAA GAA CAG ATC CAG GCT TGG ATG CGT,0.3200362175117412
GAC GCG CCA GAT GAA TTC CGT GAC CCG CTG ATG GAC AAA CTG ATG ACC GAC CCG GTT CGT CTG CCG TCT GGT ACT ATC ATG GAC CGT TCT ATC ATC CTG CGT CAC CTG CTC AAC TCT CCG ACC GAT CCG TTC AAC CGT CAG ACC CTG ACC GAA TCT ATG CTG GAG CCA GTT CCG GAG CTC AAA GAA CAG ATC CAG GCG TGG ATG CGT,1.109465386355349
GAT GCG CCG GAC GAA TTC CGC GAC CCG CTG ATG GAC ACC CTG ATG ACC GAC CCG GTT CGT CTG CCG TCT GGC ACT ATC ATG GAC CGC TCT ATC ATC CTG CGT CAC CTG CTG AAC CAG CCG CGT GAC CCG TTC AAC CGT CAG ACC CTG ACC GAA TCT ATG CTG GAA CCG GTG CCG GAA CTG AAA GAA CAG ATC CAG GCG TGG ATG CGT,0.8609872526732449
GAT GCT CCG GAC GAA TTC CGT GAC CCA CTG ATG GAC CAG CTG ATG ACC GAC CCG GTT CGT CTG CCG TCT GGC ACC ATT ATG TAC CGT TCT ATC ATC CTG CGC CAC CTG CTG AAC TCT CCG ACC GAT CCG TTC AAC CGT CAG ACC CTG ACC GAA TCT ATG CTG GAA CCG GTG CCG GAA CTG AAA GAA CAG ATC CAG GCG TGG ATG CGC,0.5307371314194336
GAC GCT CCG GAC GAA TTC CGT GAC CCG CTG ATG GAC ACC CTG ATG ACC GAC CCG GTT CGT CTG CCG TCC GGT ACC ATC ATG GAC CGT TCT ATC ATC CTG CGT CAC CTG CTG AAC CTG CCG TTC GAC CCG TTC AAC CGT CAG ACC CTG ACC GAA TCT ATG CTG GAA CCG GTG CCG GAA CTC AAG GAA CAG ATC CAG GCT TGG ATG CGC,1.458650941243831
GAC GCT CCG GAT GAA TTC CGT GAC CCG CTG ATG GAC ACC CTG ATG ACC GAC CCG GTT CGT CTG CCA GGC GGT ACC ATC ATG GAC CGT TCT ATC ATC CTG CGT CAC CTG CTG AAC TCT CCG ACC AAC CCG TTC AAC CGC CAG ACC CTG ACC GAA TCT ATG CTG GAG CCG GTT CCA GAA CTG AAA GAA CAG ATC CAG GCG TGG ATG CGT,1.588023343708148
GAC GCT CCG GAC GAA TTC CGT GAC CCG CTG ATG GAC ACC CTG ATG ACT GAC CCG GTT CGT CTG CCG TCT GGT ATG ATT ATG GAC CGT TCT ATC ATC CTG CGT CAC CTG CTG AAC TCT CCG ACC GAC CCG TTC AAC CGC CAG ACC CTG ACC GAA TCC ATG CTG GAA CCG GTG CCG GAA CTG AAA GAA CAG ATC CAG GCT TGG ATG CGT,3.028991252231392
GAT GCG CCG GAC GAA TTC CGT GAC CCG CTG ATG GAC ACC CTG ATG ACC GAC CCG GTT CGT CTG CCG TCT GGC ACC ATC ATG GAT CGT TCT ATC ATC CTG CGC CAC CTG CTG AAC TCT CCG ACT GAC CCG TTC AAC CGT CAG ACC CTG ACC GAA ACC ATG CTG GAA CCA GTT CCG GAG CTG AAA GAA CAG ATC CAG GCG TGG ATG CGT,2.00590827713066
GAT GCG CCG GAC GAA TTC CGT GAC CCG CTG ATG GAC ACC CTG ATG ACC GAC CCG GTT CGT CTG CCA ATC GGT ACC ATC ATG GAC CGT TCT ATC ATC CTG CGT CAC CTG CTG AAC TCT CCG ACC GAT CCG TTC CAG CGC CAG ACC CTG ACC GAA TCT ATG CTC GAA CCA GTT CCG GAG CTG AAA GAA CAG ATC CAG GCG TGG ATG CGC,-3.312821469082443
GAC GCT CCG GAC GAA TTC CGT GAC CCG CTG ATG GAT ACT CTG ATG ACC GAC CCG GTT CGT CTG CCG TGG GGC ACC ATC ATG GAC CGT TCT ATC ATC CTG CGT CAC CTG CTG AAC TCT CCG ACT GCG CCG TTC AAC CGT CAA ACC CTG ACC GAG TCT ATG CTG GAA CCA GTT CCA GAA CTG AAA GAA CAG ATC CAG GCG TGG ATG CGT,0.1192406034910376
GAT GCG CCG GAC GAA TTT CGT GAC CCG CTG ATG GAC ACC CTG ATG ACC GAT CCG GTT CGT CTG CCG TCT GGT ACT ATC ATG GAC CGT TCT CAG ATC CTG CGT CAC CTG CTG AAC TCT CCG ACT GAC CCG TTC AAT CGC CAG ACC CTG ACC GAA TCT ATG CTG GAG CCG GTT CCA GAA CTG AAG GAA CAG ATC CAG GCG TGG ATG CGT,0.7072872306781852
GAC GCT CCA GAC GAG TTT CGT GAC CCG CTG ATG GAC ACT CTG ATG ACT GAC CCG GTT CGT CTG CCG TCT GGC ACC ATC ATG GAC CGC ATC ATC ATC CTG CGT CAC CTG CTG AAC TCT CCG ACC GAC CCA TTC AAC CGC CAG ACC CTG ACC GAA TCT ATG CTG GAA CCG GTG CCG GAG CTG AAA GAA CAG ATC CAG GCT TGG ATG CGT,2.146979462299009
GAC GCG CCA GAT GAA TTC CGT GAC CCG CTG ATG GAC ACC CTG ATG ACT GAC CCA GTT CGT CTG CCA TCC GGT ACC ATC ATG GAC CGT TCT ATC ATC CTG CGT CAC CTG CTG AAC TCT CCG ACC GAC CCA TTC AAC CGT CAA ACT GTT ACC GAA TCT ATG CTG GAG CCG GTT CCG GAG CTG AAA GAA CAG ATC CAG GCT TGG ATG CGC,1.0164698292669274
GAT GCT CCA GAC GAA TTC CGT GAC CCG CTG ATG GAC ACC CTG ATG ACC GAT CCA GTG CGT CTG CCG TCT GGC ACC ATT ATG GAC CGT TCT ATC ATC CTG CGC CAC CTG CTG AAC TCT CCG ACC GAC CCG TTT AAT CGC CAG ACC CTG ACT GAA TCT ATG CTG GAG CCG GTT CCA GAA ATG AAA GAA CAG ATC CAG GCG TGG ATG CGT,1.1943513944381403
GAC GCT CCG GAC GAA TTC CGT GAC CCG CTG ATG GAC ACC CTG ATG ACC GAC CCG GTT CGT CTG CCG TCT GGC ACC ATC ATG GAC CGT TCT ATC ATC CTG CGT CAC CTG CTG AAC TCT CCG ACT GAT CCG TTC AAC CGT CAA ACT CTG ACC AAC TCT ATG CTG GAA CCA GTG CCG GAA CTC AAA GAA CAG ATC CAG GCG TGG ATG CGT,1.0506329268698051
GAT GCG CCG GAC GAA TTC CGT GAC CCG CTG ATG GAC ACC CTG ATG ACC GAC CCG GTT CGT CTG CCA GAC GGC ACC ATC ATG GAC CGT TCT ATC ATC CTG CGT CAC CTG CTG AAC TCT CCG ACT GAC CCG TTC GCG CGT CAG ACT CTG ACC GAA TCT ATG CTG GAA CCA GTT CCA GAA CTG AAA GAA CAG ATC CAG GCG TGG ATG CGT,0.3197336513707412
GAC GCT CCG GAC GAA TTC CGT GGT CCG CTG ATG GAC ACC CTG ATG ACC GAC CCG GTT CGT CTG CCG TCT GGC ACC ATC ATG TTC CGT TCT ATC ATC CTG CGT CAC CTG CTG AAC TCT CCG ACC GAT CCG TTC AAC CGT CAG ACC CTG ACC GAA TCT ATG CTG GAG CCG GTG CCG GAA CTG AAA GAA CAG ATC CAG GCG TGG ATG CGT,0.5643922012791045
GAT GCG CCG GAC GAA TTC CGT GAC CCG CTG ATG GAC ACC CTG ATG ACC GAC CCG GTT CGT CTG CCG TCT GGT ACT ATC ATG GAC CGT TCT ATC ATC CTG CGT CAC CTG CTG AAC CAT CCG GCG GAC CCG TTC AAT CGC CAG ACC CTG ACC GAA TCT ATG CTG GAA CCG GTG CCG GAA CTG AAA GAA CAG ATC CAG GCG TGG ATG CGT,0.9934572749803712
GAT GCG CCG GAT GAA TTC CGT GAC CCG CTG ATG GAC ACC CTG ATG ACT CCA CCG GTT CGT CTG CCG TCT GGT ACT ATC ATG GAC TAC TCT ATC ATC CTG CGT CAC CTG CTG AAC TCT CCG ACC GAC CCG TTC AAC CGT CAG ACC CTG ACC GAA TCT ATG CTG GAA CCA GTG CCG GAG CTG AAA GAA CAG ATC CAG GCG TGG ATG CGT,0.3874758266066094
GAT GCG CCG GAC GAA TTC CGT GAC CCG CTG ATG GAT ACC CTC ATG ACC GAC CCG GTT CGT CTG CCG TCT GGC ACC ATC ATG GAT CGT TCT ATC ATC CTG CGT CAC CTC CTC AAC TCT CCG ACC GAT CCG TTC AAC CGT CAG ACC ATC ACC GAA TCT ATG CTG GAA CCG GTG CCG GAA CTG AAA GAA CAG ATC CAG GCG TGG ATG CGT,1.3610621541255823
GAT GCG CCG GAC GAA TTC CGT GAC CCG CTG ATG GAC ACC CTG ATG ACC AAC CCG GTT CGT CTG CCG TCT GGC ACC ATC ATG GAC CGT TCT ATC ATC CTG CGT CAC CTG CTG AAC TCT CCG ACC GAC CCG TTC AAC CGT CAG ACC CTG ACC GAA TCT ATG CTG GAG CCG GTT CCG GAG CTG GGT GAA CAG ATC CAG GCG TGG ATG CGT,0.1827751334731493
GAC GCG CCA GAC GAA TTC CGT GAC CCG CTG ATG GAC ACC CTG ATG ACC GAC CCG GTT AAA CTG CCG TCC GGC ACC ATC ATG GAT CGC TCT ATC ATC CTG CGT CAC CTG CTG AAC TCT CCG ACC GAT CCG TTC AAC CGT CAG ACC CTG ACC GAA TCT ATG CTG ACT CCA GTT CCG GAG CTG AAA GAA CAG ATC CAG GCG TGG ATG CGT,1.719507727123461
GAT GCG CCG GAT GAA TTC CGT GAC CCG CTG ATG GAC ATC CTG ATG ACC GAT CCG GTG CGT CTG CCG TCT GGT ACT ATC ATG TTC CGT TCT ATC ATC CTG CGT CAC CTG CTG AAC TCT CCG ACC GAC CCG TTC AAC CGT CAG ACC CTG ACC GAA TCT ATG CTG GAG CCG GTT CCG GAG CTG AAA GAA CAG ATC CAG GCG TGG ATG CGT,0.9504411144302638
GAT GCG CCG GAC GAG TTC CGT GAC CCG CTG ATG GAC ACC CTG ATG ACC GAC CCG GTT CGT CTG CCG CAG GGT ACC ATC ATG GAC CGT TCT ATC ATC CTG CGT CAC CTG CTG AAC TCT CCG ACC CTG CCG TTC AAC CGT CAG ACC CTG ACC GAA TCT ATG CTG GAG CCG GTT CCA GAG CTG AAA GAA CAG ATC CAG GCG TGG ATG CGT,-0.8944774820570232
GAC GCT CCA GAT GAA TTC CGC TCT CCG CTG ATG GAC ACC CTG ATG ACC GAC CCA GTT CGT CTG CCG TCT GGC ACC ATC ATG TTC CGT TCC ATC ATC CTC CGC CAC CTG CTG AAT TCT CCA ACC GAT CCG TTC AAC CGT CAG ACC CTG ACC GAA TCT ATG CTG GAA CCG GTG CCG GAA CTC AAA GAG CAG ATC CAG GCG TGG ATG CGT,0.7027935397578816
GAT GCG CCG GAC GAA TTC CGT GAC CCG CTG ATG GAC ACC CTG ATG ACC GAC CCG GTT CGT CTG CCG TCT GGT ACT ATC ATG GAC CGT TCT ATC ATC CTG CGT CAC CTG CTG AAC TCT CCG ACC GAT CCG TTC AAC TGG CAG ACC CTG ACC GAA TCT ATG CTG GAG CCA GTT CCG GAG CTG AAA GAA CAG ATC CAG GCG TGG ATG CGT,2.269860329118814
GAT GCG CCA GAC GAA TTC CGT GAC CCG CTG ATG GAC ACT CTC ATG ACC GAT CCG GTT CGT CTC CCG TCT GGT ACT ATC ATG GGT CGT TCT ATC ATC CTG CGT CAC CTG CTC AAC TCT CCG ACT GAT CCG TTC AAT CGT CAG ACC CTG ACC GAA TCT ATG CTG GAA CCG GTG CCG GAA CTG AAA GAA CAG ATC CAG GCG TGG ATG CGT,-0.2280118248908676
GAC GCT CCG GAC GAA TTC CGT GAC CCG CTG ATG GAC ACC CTG ATG ACT GAC CCG GTT CGT CTG CCG TCT GGC ACC ATC ATG GAC CGT TCT ATC ATC CTG CGT CAC CTG CTG AAC CAG CCA ACC GAC CCG TTC AAC CGT CAA ACC CTG ACC GAA TCT ATG CTG GAA CCG GTG CCG GAG CTG AAA GAA CAG ATC CAA GCG TGG ATG CGC,1.5669287334616349
GAC GCG CCA GAC GAA TTC CGT GAC CCG CTG ATG GAC ACT CTG ATG ACT GAC CCG GTG CGT CTG CCG CAG GGT ACC ATC ATG GAC CGT TCT ATC ATC CTG CGT CAC CTG CTG AAC TCT CCG ACC GAC CCG TTC ATG CGT CAG ACC CTG ACC GAA TCT ATG CTG GAA CCA GTT CCG GAG CTC AAA GAA CAG ATC CAG GCG TGG ATG CGT,-0.6650695741031909
GAC GCG CCG ATC GAA TTC CGT GAC CCG CTG ATG GAC ACC CTG ATG ACC GAC CCG GTT CGT CTG CCG TCT GGC ACC ATC ATG GAC CGT TCT ATC ATC CTG CGT CAC CTG CTG AAC TCT CCA ACC GAT CCG TTC AAC CGT CAG ACC CTC ACC GAG TCT ATG CTG GAA CCG GTG CCG GAG CTG AAA GAA CAG ATC CAG GCT TGG ATG CGT,3.163826145037424
GAT GCG CCG GAC GAA TTC CGT GAC CCG CTG ATG GAC ACC CTG ATG ACC GAC CCG GTT CGT CTG CCG CGT GGT ACT ATC ATG GAC CGT TCT ATC ATC CTG CGC CAC CTG CTC AAC TCT CCG ACT CCG CCA TTC AAC CGT CAG ACC CTG ACC GAA TCT ATG CTG GAA CCG GTG CCG GAA CTG AAA GAA CAG ATC CAG GCG TGG ATG CGT,-2.013107497236982
GAT GCG CCG GAC GAA TTC CGT GAC CCG CTG ATG GAC ACC CTG ATG ACT CAC CCA GTT CGT CTG CCG TCT GGC ACC ATC ATG GAC TGC TCT ATC ATC CTG CGT CAC CTG CTG AAC TCT CCG ACT GAC CCG TTC AAC CGT CAG ACC CTG ACC GAG TCT ATG CTG GAG CCG GTT CCA GAA CTG AAG GAA CAG ATC CAG GCG TGG ATG CGT,1.0761837487954549
GAC GCT CCG GAC GAA TTT CGT GGT CCG CTG ATG GAC ACC CTG ATG ACC GAC CCA GTT CGT CTG CCG TCT GGC ACT ATC ATG ACT CGT TCT ATC ATC CTG CGT CAC CTG CTG AAC TCT CCG ACC GAT CCG TTC AAC CGT CAG ACC CTG ACC GAA TCT ATG CTG GAA CCG GTG CCG GAA CTG AAA GAA CAG ATC CAA GCG TGG ATG CGC,-4.708040550961685
GAC GCT CCG GAC GAG TTC CGT GAC CCG CTG ATG GAC ACC CTG ATG ACC GAC CCG GTT CGT CTG CCG TAT GGT ACT ATC ATG GAC CGT TCT ATC ATC CTG CGT CAC CTG CTG AAC TCT CCG ACC TAC CCG TTC AAC CGT CAG ACT CTG ACC GAA TCT ATG CTG GAG CCG GTT CCA GAA CTC AAA GAA CAG ATC CAG GCT TGG ATG CGT,-0.2851709165232871
GAC GCT CCG GAT GAA TTC CGT ATC CCG CTG ATG GAC ACC CTG ATG ACC GAC CCA GTT CGT CTG CCG TCC GGT ACC ATC ATG CTG CGT TCT ATC ATC CTG CGT CAC CTG CTG AAC TCT CCG ACC GAT CCG TTC AAC CGT CAG ACC CTG ACC GAA TCT ATG CTG GAG CCG GTT CCA GAA CTG AAA GAA CAG ATC CAG GCG TGG ATG CGT,0.5936027473869896
GAC GCG CCA GAT GAA TTC CGT GAC CCG CTG ATG GAC ACC CTG ATG ACT GAC CCG GTT CGT CTG CCA ATC GGT ACC ATC ATG GAC CGT TCT ATC ATC CTG CGT CAC CTG CTG AAC TCT CCG ACC GAC CCG TTC TGT CGT CAG ACC CTG ACC GAA TCT ATG CTG GAG CCG GTT CCG GAG CTG AAA GAA CAG ATC CAG GCG TGG ATG CGT,0.6721843372778145
GAT GCG CCG GAC GAA TTC CGT GAC CCG CTG ATG GAC ACC CTG ATG ACC GAC CCG GTT CGT CTG CCG TCT GGT ACT ATC ATG GAC CGT TCT ATC ATC CTG CGT CAC CTG CTG AAC TCT CCG ACC GAT CCA TTC AAC CGT CAG ACC CTG ACC GAA TCC GTT CTC GAA CCA GTT CCA GAA CTC AAA GAA CAG ATC CAG GCG TGG ATG CGT,0.5510174958183316
GAC GCG CCA GAT GAA TTC CGT TGG CCG CTG ATG GAC ACC CTG ATG ACC GAT CCG GTT CGT CTG CCG TCT GGT ACT ATT ATG ATG CGT TCT ATC ATC CTG CGT CAC CTG CTG AAC TCT CCG ACC GAC CCG TTT AAC CGT CAG ACC CTG ACC GAA TCC ATG CTG GAG CCG GTT CCG GAG CTG AAA GAA CAG ATC CAG GCG TGG ATG CGC,0.8027344113516945
GAC GCT CCG GAT GAA TTC CGT GGT CCG CTG ATG GAC ACC CTG ATG ACC GAC CCA GTT CGT CTG CCG TCT GGT ACT ATC ATG GGT CGT TCT ATC ATC CTG CGT CAC CTG CTG AAC TCT CCG ACT GAC CCG TTC AAC CGT CAG ACC CTG ACC GAA TCT ATG CTC GAA CCA GTT CCA GAA CTG AAA GAA CAG ATC CAG GCG TGG ATG CGT,-6.192621144657245
GAC GCT CCG GAC GAG TTC CGT GAC CCG CTG ATG GAC ACC CTG ATG ACC GAC CCA GTT CGT CTG CCG CGT GGC ACC ATT ATG GAC CGT TCT ATC ATC CTG CGT CAC CTG CTG AAC TCT CCG ACT GAC CCG TTC GCG CGT CAG ACC CTG ACC GAA TCT ATG CTG GAA CCA GTT CCA GAA CTG AAG GAA CAG ATC CAG GCG TGG ATG CGC,-1.3607629911444277
GAC GCT CCA GAC GAG TTC CGT GAC CCG CTG ATG GAC ATG CTG ATG ACC GAC CCG GTT CGT CTG CCG TCT GGT ACT ATT ATG TCT CGT TCT ATC ATC CTG CGT CAC CTG CTG AAC TCT CCG ACC GAT CCG TTC AAC CGT CAG ACC CTG ACC GAA TCT ATG CTG GAG CCG GTT CCG GAG CTC AAA GAA CAG ATC CAG GCG TGG ATG CGT,0.2990954545860589
GAT GCG CCG GAC GAA TTC CGT GAC CCG CTG ATG GAC ACC CTG ATG ACC GAC CCG GTT CGT CTG CCG TCT GGT ACT ATC ATG GAC CGT TCT ATC ATC CTG CGT CAC CTG CTG AAC ACT CCG TAC GAC CCG TTC AAC CGT CAG ACC CTG ACC GAA TCT ATG CTG GAG CCG GTT CCA GAG CTC AAA GAA CAG ATC CAG GCG TGG ATG CGT,1.846290343431848
GAC GCT CCG GAC GAA TTC CGT GAC CCG CTG ATG GAC CTG CTG ATG ACC GAC CCG GTT CGT CTG CCG TCT GGC ACC ATC ATG CGT CGT TCT ATC ATC CTG CGT CAC CTG CTC AAC TCT CCG ACT GAC CCG TTC AAC CGC CAG ACC CTG ACC GAA TCT ATG CTG GAA CCG GTG CCG GAA CTG AAA GAA CAG ATC CAG GCG TGG ATG CGT,0.0614196552193301
GAT GCG CCG GAT GAA TTC CGT GAC CCG CTG ATG GAC ACC CTG ATG ACC GAT CCG GTT CGT CTG CCG TCT GGT ACT ATC ATG GAC CGT TCT ATC ATC CTG CGT CAC CTG CTG AAC TCT CCG ACC GAC CCG TTC AAC CGT CAG ACC CTG ACC GAA TCT ATG CTG GAA CCG GTG CCG GAA CTG AAA GAA CAG ATC CAG GCG TGG CTG CGT,3.0931895990123746
GAT GCG CCG GAC GAA TTT CGT GAC CCG CTG ATG GAC ACC CTG ATG ACC GAC CCG GTT CGT CTC CCG TCC GGT ACT ATT ATG GAC CTG TCT ATC ATC CTG CGT CAC CTG CTG AAC TCT CCG ACT GAC CCG TTC AAC CGT CAG ACC CTG ACC GAA TCT ATG CTG GAA CCG GTG CCG GAA CTG CAC GAA CAG ATC CAG GCG TGG ATG CGT,0.8608611644370372
GAT GCT CCG GAC GAA TTC CGT GAC CCG CTG ATG GAC ACC CTG ATG ACC GAC CCG GTT CGT CTG CCG AAG GGT ACC ATC ATG GAC CGT TCC ATT ATC CTG CGT CAC CTG CTG AAC TCT CCG ACC GAT CCG TTC TCT CGT CAG ACC CTC ACC GAA TCT ATG CTG GAA CCG GTG CCG GAA CTG AAA GAA CAG ATC CAG GCG TGG ATG CGT,0.2649849877822874
GAC GCT CCG GAC GAA TTC CGT GAC CCG CTG ATG GAC ACC CTG ATG ACT GAC CCG GTT AAA CTG CCA TCT GGC ACC ATC ATG GAC CGT TCT ATC ATC CTG CGT CAC CTG CTG AAC TCT CCG ACC GAC CCG TTC AAC CGT CAG ACC CTG ACC GAA TCT ATG CTG ATG CCG GTT CCA GAA CTC AAG GAA CAG ATC CAG GCG TGG ATG CGT,1.7441679624830106
GAC GCG CCA GAC GAA TTC CGT GAC CCG CTC ATG GAT ACC CTG ATG ACC GAT CCG GTT CGT CTC CCG TCC GGT ACC ATC ATG TTC CGT TCT ATC ATC CTG CGT CAC CTG CTG AAC TCT CCG ACC GAC CCA TTC AAC CGT CAA ACC CTG ACC GAA TCT ATG CTG GAG CCA GTG CCG GAA CTG AAA GAA CAG ATC CAG GCG TGG ATG CGT,1.938091096790168
GAT GCT CCA GAC GAA TTC CGT GAC CCG CTG ATG GAC ACC CTG ATG ACC GAT CCG GTT CGT CTC CCG TCT GGC ACT ATC AAC GAC CGT TCT ATC ATC CTG CGT CAC CTG CTG AAC TCT CCG ACT GAC CCG TTC AAC CGT CAG ACC CTG ACC GAA TCT ATG CTG GAG CCG GTG CCG GAA CTG AAA GAA CAG ATC CAG GCG TGG ATG CGT,-3.129183208719005
GAT GCG CCG GAT GAA TTC CGT GAC CCG CTG ATG GAC ACC CTG ATG ACC GAC CCG GTT CGT CTG CCG TGG GGC ACC ATC ATG GAC CGT TCT ATC ATC CTG CGT CAC CTG CTG AAC TCT CCG ACC TAC CCG TTC AAC CGT CAA ACC CTG ACC GAA TCT ATG CTG GAA CCA GTT CCG GAG CTG AAA GAA CAG ATC CAG GCG TGG ATG CGT,0.635754255733093
GAT GCG CCG GAC GAG TTC CGT GAC CCG CTG ATG GAT ACC TGG ATG ACT GAC CCG GTT CGT CTG CCG TCT GGC ACC ATC ATG GAC CGT TCT ATC ATC CTG CGT CAC CTG CTG AAC TCT CCG ACC GAC CCG TTC AAC CGT CAG ACC CTG ACC GAA TCT ATG CTG GAA CCG GTG CCG GAG CTG AAG GAA CAG ATC CAG GCG TGG ATG CGT,0.5622447994629547
GAC GCT CCG GAT GAA TTC CGT GAC CCG CTG ATG GAC ACC CTG ATG ACC GAC CCG GTT CGT CTG CCG TCT GGC ACC ATC ATG GAC CGT TCT ATC ATC CTG CGT CAC CTG CTG AAC CGT CCG GAG GAC CCG TTC AAC CGC CAG ACC CTG ACC GAA TCT ATG CTG GAA CCA GTT CCA GAA CTG AAA GAA CAG ATC CAG GCG TGG ATG CGT,1.243253253712588
GAC GCG CCA GAT GAA TTC CGT GAC CCG CTG ATG GAC TGT CTG ATG ACC GAC CCA GTT CGT CTG CCG TCT GGC ACC ATC ATG CGT CGT TCT ATC ATC CTG CGC CAC CTG CTG AAC TCT CCG ACC GAT CCA TTC AAC CGT CAG ACC CTG ACT GAA TCT ATG CTG GAA CCA GTT CCA GAA CTC AAA GAA CAG ATC CAG GCG TGG ATG CGT,1.3006344784081043
GAC GCT CCG GAC GAA TTC CGT GAC CCG CTG ATG GAC ACC CTG ATG ACT GAC CCA GTT CGT CTG CCG TCT GGT ACT ATC ATG GAC CGT TCT ATC ATC CTG CGC CAC CTG CTG AAC TCT CCG ACC GAC CCG TTC AAC CGC CAG ACC CTG TCT GAA TCT ATG CTG GAA CCA GTG CCA GAA CTG AAA GAA CAG ATC CAG GCG TGG ATG CGT,2.153140925423839
GAC GCT CCG GAC GAA TTC CGT GAC CCG CTG ATG GAC ACC CTG ATG ACC GAT CCG GTT ATT CTG CCG TCC GGT ACC ATC ATG GAC CGT TCT ATC ATC CTG CGT CAC CTG CTG AAC TCT CCG ACC GAC CCG TTC AAC CGT CAG ACC CTG ACC GAA TCT ATG CTG TGC CCG GTT CCA GAA CTG AAA GAA CAG ATC CAG GCG TGG ATG CGT,1.2010208529400586
GAT GCG CCG GAT GAA TTC CGT GAC CCG CTG ATG GAT ACC CTC ATG ACC GAT CCG GTT CGT CTG CCG TCT GGC ACC ATC ATG GAC CGT TCT ATC ATC CTG CGT CAC CTG CTG AAC TCT CCG ACC GAC CCG TTC AAC CGT CAG ACC CTG TTC GAA TCT ATG CTG GAG CCG GTT CCA GAA CTG AAA GAA CAG ATC CAG GCG TGG ATG CGT,2.1763108929480603
GAC GCT CCG GAC GAA TTC CGT ATC CCG CTG ATG GAC ACC CTC ATG ACC GAC CCG GTT CGT CTG CCG TCT GGT ACT ATT ATG TGG CGT TCT ATC ATC CTG CGT CAC CTG CTC AAC TCT CCA ACT GAC CCG TTC AAC CGT CAG ACC CTG ACC GAA TCT ATG CTG GAA CCG GTG CCG GAA CTG AAA GAA CAG ATC CAG GCG TGG ATG CGT,1.0553867396036658
GAT GCG CCG GAC GAA TTC CGT GAC CCG CTG ATG GAC ACC CTG ATG ACT CCG CCG GTG CGC CTG CCG TCT GGC ACT ATC ATG GAC TTC TCT ATT ATC CTG CGT CAC CTG CTG AAC TCT CCG ACC GAC CCG TTC AAC CGT CAG ACC CTG ACC GAA TCT ATG CTC GAA CCA GTT CCA GAA CTG AAA GAA CAG ATC CAG GCT TGG ATG CGT,0.7856955669252894
GAT GCG CCG GAT GAA TTC CGT GAC CCG CTG ATG GAT ACC CTG ATG ACC GAC CCA GTT CGT CTG CCG TCT GGT ACT ATC ATG GAC TTC TCT ATC ATC CTG CGT CAC CTG CTG AAC TCT CCA ACC GAT CCG TTC AAC CGT CAG ACC CTC ACC GAA TCC ATG CTG GAA CCA GTG CCG GAA CTG ACC GAA CAG ATC CAG GCG TGG ATG CGT,0.6004941261233918
GAC GCT CCG GAC GAA TTC CGT GAC CCG CTG ATG GAC ACC CTG ATG ACC ATC CCG GTT CGT CTG CCG TCT GGT ACT ATC ATG GAC CCG TCT ATC ATC CTG CGT CAC CTG CTG AAC TCT CCG ACC GAC CCG TTC AAC CGT CAG ACC CTG ACC GAA TCT ATG CTG GAG CCG GTT CCA GAG CTG AAA GAA CAG ATC CAG GCG TGG ATG CGT,-0.1621238142415755
GAT GCG CCG GAT GAA TTC CGT GAC CCG CTG ATG GAT ACC CTC ATG ACC GAT CCG GTG CGT CTG CCG TCT GGC ACC ATC ATG GAT CGC TCT ATC ATC CTG CGC CAC CTG CTC AAC TCT CCG ACT GAC CCG TTC AAC CGT CAG ACC AAT ACC GAG TCT ATG CTG GAG CCA GTT CCG GAG CTC AAA GAA CAG ATC CAG GCG TGG ATG CGT,-2.972593064111013
GAC GCG CCA GAC GAA TTC CGC GAC CCG CTG ATG GAC ACC CTG ATG ACT CGC CCA GTT CGC CTG CCG TCT GGT ACT ATC ATG GAC CCG TCT ATC ATC CTG CGT CAT CTG CTG AAC TCT CCG ACC GAC CCG TTC AAT CGT CAA ACC CTG ACC GAA TCT ATG CTG GAG CCG GTT CCG GAG CTG AAA GAA CAG ATC CAG GCG TGG ATG CGT,-0.2997944341257447
GAT GCG CCA GAC GAA TTC CGT GAC CCG CTG ATG GAT ACT CTG ATG ACT GAC CCG GTT CGT CTC CCG TCT GGT ACT ATT ATG GAC CGT TCT ATC ATC CTG CGT CAC CTG ACC AAC TCT CCG ACC GAC CCG TTC AAC CGT CAG ACC CTG ACC GAA TCT ATG CTG GAA CCG GTG CCG GAA CTG AAA GAA CAG ATC CAG GCG TGG ATG CGT,2.0786566550061853
GAT GCG CCG GAC GAA TTC CGT GAC CCG CTG ATG GAC ACC CTG ATG ACC GTG CCG GTG CGT CTG CCG TCT GGC ACC ATC ATG GAC CGT TCT ATC ATC CTG CGT CAC CTG CTG AAC TCT CCG ACC GAC CCG TTC AAC CGT CAG ACC CTG ACC GAA TCT ATG CTG GAA CCA GTT CCG GAG CTG AAA GAA CAG ATC CAG GCG TGG ATG CGT,0.0091147249101766
GAC GCT CCG GAT GAA TTC CGT GAC CCG CTG ATG GAC ACC CTG ATG ACC GAC CCA GTT CGT CTG CCG TCT GGT ACT ATC ATG GAC GAG TCT ATC ATC CTG CGT CAC CTG CTG AAC TCT CCG ACC GAT CCG TTC AAC CGT CAA ACC CTG ACC GAA TCT ATG CTG GAA CCG GTG CCG GAA CTG GAG GAA CAG ATC CAG GCG TGG ATG CGT,-2.138588464200046
GAT GCG CCG GAT GAA TTC CGT GAC CCG CTG ATG GAC ACC CTG ATG ACT GAC CCG GTT CGT CTG CCG TCT GGT ACT ATC ATG GAC CGT TCT ATC ATC CTG CGT CAC CTG CTG AAC TCT CCG ACC GAC CCA TTC AAC CGT CAG ACC CTG ACC GAA TCT ATG CTG GAA CCA GTG CCG GAA GTT AAA GAA CAG ATC CAG GCG TGG ATG CGT,0.243825251667788
GAC GCG CCA GAT GAA TTC CGT GAC CCG CTG ATG GAC ACC CTG ATG ACT GAC CCG GTT CGT CTG CCG TCC GGT ACC ATC ATG GAC CGT TCT ATC ATC CTG CGT CAC CTG CTG AAC TCT CCG ACC GAC CCA TTC AAC CGT CAA ACC CTG ACC GAA TCT GAC CTC GAA CCA GTT CCG GAG CTG AAA GAA CAG ATC CAG GCG TGG ATG CGT,2.201288432526203
GAT GCG CCG GAC GAA TTC CGT GAC CCG CTG ATG GAC CGT CTG ATG ACT GAC CCA GTT CGT CTG CCG TCC GGT ACT ATC ATG TTC CGT TCT ATC ATC CTG CGT CAC CTG CTG AAC TCT CCG ACC GAC CCG TTC AAC CGT CAG ACC CTG ACC GAA TCT ATG CTG GAG CCG GTG CCG GAA CTG AAA GAA CAG ATC CAG GCG TGG ATG CGC,0.6753237428534693
GAT GCT CCG GAT GAA TTC CGT GAC CCG CTG ATG GAC ACC CTG ATG ACC GAT CCG GTT CGT CTC CCG TCT GGC ACC ATC ATG GAC CGT TCT ATC ATC CTG CGT CAC CTG CTG AAC TCT CCG ACT GAC CCA TTC AAC CGT CAG ACC CTG ACC GAA TCT ATG CTG GAA CCA GTG CCG GAG CTC AAG GAA ATC ATC CAG GCG TGG ATG CGT,2.0489796212545994
GAC GCT CCA GAC GAG TTC CGT CAC CCG CTG ATG GAC ACC CTG ATG ACC GAT CCA GTT CGT CTG CCG TCT GGC ACC ATC ATG GGT CGT TCT ATC ATC CTG CGT CAC CTG CTG AAC TCT CCG ACC GAC CCG TTC AAC CGT CAG ACC CTG ACC GAA TCT ATG CTG GAA CCA GTT CCG GAG CTG AAA GAA CAG ATC CAG GCT TGG ATG CGT,-2.2632455667941307
GAT GCG CCG GAC GAA TTC CGT GAC CCG CTG ATG GAC ACC CTG ATG ACC AAC CCG GTT CGT CTG CCG TCT GGC ACT ATC ATG GAT GCT TCT ATC ATC CTG CGT CAC CTG CTG AAC TCT CCG ACT GAC CCG TTC AAC CGT CAG ACC CTG ACC GAA TCT ATG CTG GAA CCA GTT CCG GAG CTG AAA GAA CAG ATC CAG GCG TGG ATG CGT,0.5835687257068077
GAC GCT CCG GAC GAA TTC CGT GAC CCG CTC ATG GAT ACC CTG ATG ACC GAC CCG GTT CGT CTC CCG GAA GGT ACC ATC ATG GAC CGT TCT ATC ATC CTG CGT CAC CTG CTG AAC TCT CCG ACT GAC CCG TTC ATG CGT CAG ACC CTG ACC GAA TCT ATG CTG GAA CCG GTG CCG GAA CTG AAA GAA CAG ATC CAG GCG TGG ATG CGC,-3.3768688641140496
GAC GCG CCA GAT GAA TTC CGT GAC CCG CTG ATG GAC ACT CTG ATG ACC GAT CCG GTT CGT CTG CCA CCG GGT ACT ATC ATG GAC CGT TCT ATC ATC CTG CGT CAC CTG CTG AAC TCT CCG ACC GAC CCG TTC AAT CGC CAG ACC CTG ACC GAA TCT ATG CTG GAG CCA GTT CCG GAG CTC AAA GAA CAG ATC CAG GCG TGG ATG CGT,-5.55277666276028
GAC GCT CCG GAC GAA TTC CGT GAC CCG CTG ATG GAT ACC CTG ATG ACC GAC CCG GTT TGG CTG CCA TCT GGT ACT ATC ATG GAC CGT TCT ATC ATC CTG CGT CAC CTG CTG AAC TCT CCG ACT GAC CCA TTC AAC CGT CAG ACC CTG ACC GAA TCT ATG CTG ATG CCG GTG CCG GAA CTG AAA GAA CAG ATC CAG GCT TGG ATG CGT,0.4786435412719818
GAC GCG CCA GAC GAA TTC CGT GAC CCG CTG ATG GAC GAC CTG ATG ACT GAC CCA GTT CGT CTC CCG TCT GGT ACT ATC ATG CTG CGT TCC ATC ATC CTG CGT CAC CTG CTG AAC TCT CCG ACC GAC CCG TTC AAC CGT CAG ACC CTG ACC GAA TCT ATG CTG GAG CCG GTG CCG GAG CTC AAA GAA CAG ATC CAG GCG TGG ATG CGT,0.3426958494556851
GAT GCG CCA GAC GAA TTC CGT GAC CCG CTG ATG GAC ACC CTG ATG ACC GAT CCG GTT CGC CTG CCG TCT ATC ACC ATC ATG GAC CGT TCT ATC ATC CTG CGT CAC CTG CTG AAC TCT CCG ACC GAC CCA TTC AAC CGT CAG ACC CTG ACC GAA TCT ATG CTG GAA CCG GTG CCG GAA CTG AAA GAA CAG ATC CAG GCG TGG ATG CGT,-0.6714852641075824
GAC GCT CCG GAC GAA TTC CGT GAC CCG CTG ATG GAC ACC CTG ATG ACT GGC CCG GTT CGT CTG CCG TCT GGC ACC ATC ATG GAC CTG TCT ATC ATC CTG CGT CAC CTG CTG AAC TCT CCG ACC GAC CCG TTC AAC CGT CAG ACC CTG ACC GAA TCT ATG CTG GAA CCA GTT CCA GAA CTG AAA GAA CAG ATC CAG GCG TGG ATG CGT,1.0344186017699135
GAC GCT CCG GAC GAA TTC CGT GAC CCG CTG ATG GAC ACC CTG ATG ACC GAC CCG GTT CGT CTG CCG TCT GGT ACT ATC ATG GAC CGT TCT TGC ATC CTG CGT CAC CTG CTG AAC TCT CCG ACT GAC CCG TTC AAC CGT CAG ACC CTG ACC GAA TCT ATG CTG GAA CCG GTG CCG GAA CTG AAA GAA CAG ATC CAG GCG TGG ATG CGT,1.5232303077018872
GAC GCT CCG GAC GAA TTC CGT GAC CCG CTG ATG GAC ACC CTG ATG ACC GAT CCG GTT CGT CTG CCG TCC GGT ACC ATC ATG GAC ATC TCT ATC ATC CTG CGT CAC CTG CTG AAC TCT CCG ACC GAC CCG TTC AAC CGC CAG ACT CTG ACC GAA TCT ATG CTG GAG CCG GTT CCA GAA CTG GAA GAA CAG ATC CAG GCG TGG ATG CGT,0.553423542261239
GAC GCT CCG GAC GAA TTC CGT GAC CCG CTG ATG GAC ACC CTG ATG ACT GAC CCG GTT CGT CTG CCG TCT GGC ACC ATC ATG GAC CGT TCT ATC ATC CGT CGT CAC CTG CTG AAC TCT CCG ACC GAC CCG TTC AAC CGC CAG ACC CTC ACC GAA TCT ATG CTG GAA CCG GTG CCG GAA CTG AAA GAA CAG ATC CAG GCT TGG ATG CGT,1.2935337733949517
GAT GCG CCG GAC GAG TTT CGT GAC CCG CTG ATG GAC ACC CTG ATG ACC TAC CCG GTT CGT CTG CCG TCC GGT ACC ATC ATG GAC GGT TCT ATC ATC CTG CGT CAC CTG CTG AAC TCT CCG ACC GAC CCG TTC AAC CGT CAG ACC CTG ACC GAA TCT ATG CTG GAG CCA GTT CCA GAA CTG AAA GAA CAG ATC CAG GCG TGG ATG CGT,-0.1133580761576565
GAT GCT CCG GAC GAA TTC CGT GAC CCG CTG ATG GAC ACC CTG ATG ACC GAC CCG GTT CGT CTG CCG TCT GGC ACC ATC ATG GAC CGC TCT ATC ATC CTG CGT CAC CTG CTG AAC TAC CCA CGC GAC CCG TTT AAC CGT CAG ACT CTG ACC GAA TCT ATG CTG GAA CCG GTG CCG GAA CTG AAA GAA CAG ATC CAG GCG TGG ATG CGT,1.0445741264014767
GAT GCG CCG GAC GAA TTC CGT GAC CCG CTG ATG GAC ACC CTG ATG ACC GAC CCG GTT CGT CTG CCG TCT GGC ACC ATC ATG GAC CGT TCT ATC ATC CTG CGT CAC CTG CTG AAC GCG CCG AAC GAC CCG TTC AAC CGT CAG ACC CTG ACC GAA TCT ATG CTG GAA CCA GTT CCG GAG CTC AAA GAA CAG ATC CAG GCG TGG ATG CGT,0.9696882968588002
GAC GCT CCG GAC GAA TTC CGT GAC CCG CTG ATG GAC ACC CTG ATG ACC GAC CCG GTT CGT CTG CCG TCT GGC ACC ATC ATG GAC CGT TCT ATC ATC CTG CGT CAC CTG CTG AAC AAA CCG GAA GAC CCG TTC AAC CGT CAG ACC CTG ACC GAA TCT ATG CTG GAA CCG GTG CCG GAA CTG AAA GAA CAG ATC CAG GCG TGG ATG CGT,1.2766345544993114
GAC GCT CCG GAC GAG TTC CGT GAC CCA CTG ATG GAT ACC CTG ATG ACC GAT CCG GTT CGT CTG CCG TCC GGT ACC ATC ATG GAC GGT TCT ATC ATC CTG CGT CAC CTG CTG AAC TCT CCG ACT GAC CCA TTC AAC CGT CAG ACC CTG ACC GAA TCT ATG CTG GAA CCA GTG CCA GAA CTG GCG GAA CAG ATC CAG GCG TGG ATG CGT,-1.2579277294600455
GAC GCT CCG GAC GAA TTC CGT TCT CCG CTG ATG GAC ACC CTG ATG ACT GAC CCG GTT CGT CTG CCG TCT GGT ACT ATC ATG CTG CGT TCT ATC ATC CTG CGT CAC CTG CTG AAC TCT CCG ACC GAC CCA TTC AAC CGT CAG ACC CTG ACC GAA TCT ATG CTG GAG CCG GTG CCG GAA CTG AAA GAA CAG ATC CAG GCG TGG ATG CGC,0.6270275253074975
GAT GCG CCG GAC GAA TTC CGT GAC CCG CTG ATG GAC ACC CTG ATG ACC GTT CCG GTT CGT CTG CCG TCC GGT ACC ATC ATG GAC CGC TCT ATC ATC CTG CGT CAC CTG CTG AAC TCT CCG ACC GAC CCG TTC AAC CGT CAG ACC CTG ACC GAA TCT ATG CTG GAA CCA GTT CCG GAG CTC GTT GAA CAG ATC CAG GCT TGG ATG CGT,0.2698962930556838
GAT GCT CCG GAT GAA TTC CGT CAG CCG CTG ATG GAC ACC CTG ATG ACC GAC CCG GTT CGT CTG CCG TCT GGC ACC ATC ATG TGG CGT TCT ATC ATC CTG CGT CAC CTG CTG AAC TCT CCG ACC GAT CCG TTC AAC CGT CAG ACC CTG ACC GAA TCT ATG CTG GAA CCG GTG CCG GAA CTG AAA GAA CAG ATC CAG GCG TGG ATG CGT,0.889220054338187
GAC GCT CCG GAC GAA TTC CGT GAC CCA CTG ATG GAC ACC CTG ATG ACC GAC CCG GTT CAG CTG CCG TCT GGC ACC ATC ATG GAC CGT TCT ATC ATC CTG CGT CAC CTC CTG AAC TCT CCG ACC GAT CCG TTC AAC CGT CAG ACC CTG ACC GAA TCT ATG CTG CTG CCG GTG CCG GAA CTG AAA GAA CAG ATC CAG GCG TGG ATG CGC,1.4311308122555348
GAC GCG CAG GAC GAA TTC CGT GAC CCG CTG ATG GAC ACC CTG ATG ACC GAC CCG GTT CGT CTG CCG TCT GGC ACC ATC ATG GAC CGT TCT ATC ATC CTG CGT CAC CTG CTG AAC TCT CCG ACC GAT CCG TTC AAC CGC CAG ACC CTG ACC GAA TCT ATG CTG GAG CCG GTT CCG GAG CTG AAA GAA CAG ATC CAG GCG TGG ATG CGT,0.2137229411072166
GAC GCG CCA GAC GAA TTC CGT AAC CCG CTG ATG GAC ACC CTG ATG ACT GAC CCG GTG CGC CTG CCG TCT GGT ACT ATC ATG CAG CGT TCT ATC ATC CTG CGT CAC CTG CTG AAC TCT CCG ACC GAC CCG TTC AAC CGT CAG ACC CTG ACC GAG TCT ATG CTC GAA CCG GTG CCG GAA CTG AAA GAA CAG ATC CAG GCG TGG ATG CGT,-3.2699993175809903
GAT GCT CCG GAC GAA TTC CGT GAC CCG CTG ATG GAC ACC CTG ATG ACC GAC CCG GTT CGT CTG CCG TCT GGT ACT ATT ATG GAC CGT TCT ATC ATC CTG CGT CAC GAC CTG AAC TCT CCG ACC GAT CCG TTC AAC CGT CAG ACC CTG ACC GAA TCT ATG CTG GAA CCA GTT CCA GAA CTG AAA GAA CAG ATC CAG GCG TGG ATG CGT,-2.0630163069021457
GAT GCG CCG GAC GAA TTT CGT GAC CCG CTG ATG GAC ACC CTG ATG ACC GAC TTC GTT CGT CTG CCG TCT GGT ACT ATC ATG GAC CGT TCT ATC ATC CTG CGT CAC CTG CTG AAC TCT CCG ACT GAC CCG TTC AAC CGT CAG ACC CTG ACC GAA TCT ATG CTG GAA CCA GTG CCG GAA CTG AAA GAA CAG ATC CAG GCG TGG ATG CGT,-0.2708815998234388
GAC GCT CCG GAC GAA TTC CGT GAC CCG CTG ATG GAC ACC CTG ATG ACC TTC CCG GTT CGT CTG CCG TCT GGT ACT ATC ATG GAC GGT TCT ATC ATC CTG CGT CAC CTG CTG AAC TCT CCG ACC GAC CCG TTC AAC CGT CAA ACC CTG ACC GAA TCT ATG CTG GAG CCG GTG CCA GAA CTG AAA GAA CAG ATC CAG GCG TGG ATG CGT,0.0176227563849644
GAT GCG CCG GAC GAG TTC CGT GAC CCG CTG ATG GAC ACC CTG ATG ACC AAG CCG GTT CGT CTG CCG TCT GGC ACC ATC ATG GAC ATC TCT ATC ATC CTC CGT CAC CTG CTG AAC TCT CCG ACC GAC CCG TTC AAT CGT CAG ACC CTG ACT GAA TCC ATG CTG GAA CCG GTG CCG GAA CTG AAA GAA CAG ATC CAG GCT TGG ATG CGT,0.9532504994642808
GAT GCG CCG GAC GAG TTC CGT GAC CCG CTG ATG GAC ACC CTG ATG ACC GAC CCG GTT CGT CTC CCG GCT GGC ACT ATC ATG GAC CGT TCT ATC ATC CTG CGT CAC CTG CTG AAC TCT CCG ACC CTG CCG TTC AAT CGC CAG ACT CTG ACC GAG TCT ATG CTG GAG CCG GTG CCA GAA CTG AAA GAA CAG ATC CAG GCG TGG ATG CGT,-0.901986533931944
GAT GCG CCG GAC GAA TTC CGT GAC CCG CTG ATG GAC ACC CTG ATG ACC GAC CCG GTT CGT CTG CCG TCT GGC ACC ATC ATG GAC CGT TCT ATC ATC CTG CGT CAC CTG CTG AAC CAG CCG ATG GAC CCG TTC AAC CGT CAG ACC CTG ACC GAA TCT ATG CTG GAA CCA GTT CCG GAG CTG AAA GAA CAG ATC CAG GCG TGG ATG CGT,1.1508767339927315
GAC GCT CCG GAC GAA TTC CGC GAT CCG CTG ATG GAC TGG CTG ATG ACT GAC CCG GTT CGT CTG CCG TCT GGC ACC ATC ATG GGT CGT TCT ATC ATC CTG CGT CAC CTG CTG AAC TCT CCG ACC GAC CCG TTC AAC CGT CAA ACC CTG ACC GAA TCT ATG CTG GAA CCA GTT CCA GAG CTG AAA GAA CAG ATC CAG GCT TGG ATG CGT,0.5500360628380709
GAC GCT CCG GAC GAG TTT CGT GAC CCG CTG ATG GAC ACC CTC ATG ACC GAT CCG GTT CGT CTG CCG TCT GGT ACT ATC ATG GAC CGT TCT ATC ATC CTG CGC CAC CTG CTG AAC TCT CCG ACC GAC CCG TTC AAC CGT CAG ACC CTG ACC GAA TCT ATG CTG GAA CCG GTG CCG GAA CTG AAA GAA CAG AAC CAG GCG TGG ATG CGT,-2.7739211368177026
GAT GCG CCG GAT GAA TTC CGT GAC CCG CTG ATG GAC ACC CTG ATG ACC GAT CCA GTT CGT CTG CCG TCT CGT ACC ATC ATG GAC CGT TCT ATC ATC CTC CGT CAC CTG CTG AAC TCT CCG ACC GAC CCG TTC AAC CGT CAG ACC CTC ACC GAG TCT ATG CTG GAA CCG GTG CCG GAG CTC AAA GAA CAG ATC CAG GCT TGG ATG CGT,0.0932253240586926
GAT GCG CCG GAC GAA TTC CGT GAC CCG CTG ATG GAC ACC CTG ATG ACC GAC CCA GTT CGT CTG CCG TCT GGT CAG ATC ATG GAC CGT TCT ATC ATC CTG CGT CAC CTG CTG AAC TCT CCG ACC GAT CCA TTC AAC CGT CAG ACC CTG ACC GAA TCT ATG CTG GAA CCA GTG CCG GAG CTC AAA GAA CAG ATC CAG GCG TGG ATG CGT,2.140081817992304
GAC GCT CCG GAT GAA TTC CGT GAC CCG CTG ATG GAC ACC CTG ATG ACC ACT CCG GTT CGT CTG CCG TCT GGC ACC ATC ATG GAC GAA TCT ATT ATC CTG CGT CAC CTG CTC AAC TCT CCG ACC GAC CCG TTC AAC CGT CAG ACC CTG ACC GAA TCC ATG CTG GAA CCA GTT CCA GAA CTC AAA GAA CAG ATC CAG GCG TGG ATG CGT,-0.5141647939796831
GAT GCG CCG GAC GAA TTC CGT GAC CCG CTG ATG GAC ACC CTG ATG ACC CTG CCG GTT CGT CTC CCG TCT GGC ACC ATC ATG GAC CAC TCT ATC ATC CTG CGT CAC CTG CTG AAC TCT CCG ACC GAC CCG TTC AAC CGT CAG ACC CTG ACC GAA TCT ATG CTG GAA CCG GTG CCG GAA CTG AAA GAA CAG ATC CAG GCT TGG ATG CGC,0.0903164147532947
GAC GCG CCA GAT GAA TTC CGT GAC CCG CTG ATG GAC ACC CTG ATG ACC GAC CCG GTT CGT CTG CCG TCC GGT ACC ATC ATG GAC CGT TCT ATC ATC CTG CGT CAC CTG CTG AAC CAT CCG CCG GAC CCG TTC AAC CGC CAG ACC CTG ACC GAA TCT ATG CTG GAA CCA GTT CCG GAG CTG AAA GAA CAG ATC CAG GCG TGG ATG CGT,0.2133039461538184
GAT GCG CCA GAC GAA TTC CGT GAC CCG CTG ATG GAC ACT CTC ATG ACT GAC CCG GTT CGC CTG CCG TCT GGT ACT ATC ATG GAC CGT TCT ATC ATC CTG CGT CAC CTG CTG AAC TCT CCG ACC GAC CCA TTC AAC CGT CAG ACC CTC ACC GAA TCT ATG CTG GAA CCA GTG CCG GCT CTG AAA GAA CAG ATC CAG GCG TGG ATG CGT,2.074819787071533
GAC GCG CCA GAT GAA TTC CGT GAC CCG CTG ATG GAC ACC CTG ATG ACC ATC CCG GTT CGT CTG CCG TCT GGC ACC ATC ATG GAC CGT TCT ATC ATC CTG CGT CAC CTG CTG AAC TCT CCG ACC GAC CCG TTC AAC CGT CAA ACC CTG ACC GAA TCT ATG CTG GAA CCG GTG CCG GAA CTG GGT GAA CAG ATC CAG GCG TGG ATG CGT,-0.3320022675849504
GAT GCG CCG GAC GAA TTC CGT GAC CCG CTG ATG GAC ACC CTG ATG ACC CAG CCG GTG CGT CTC CCG TCT GGC ACC ATC ATG GAT CGC TCT ATC ATC CTG CGT CAC CTG CTG AAC TCT CCG ACC GAC CCG TTT AAC CGC CAG ACC CTG ACC GAA TCT ATG CTG GAA CCG GTG CCG GAA CTG CCG GAG CAG ATC CAG GCG TGG ATG CGT,-0.8886704970393227
GAC GCT CCG GAC GAA TTC CGT GAC CCG CTG ATG GAC ACC CTG ATG ACC TGG CCG GTT CGT CTG CCG TCT GGC ACC ATC ATG GAC GAC TCT ATC ATC CTG CGT CAC CTG CTG AAC TCT CCG ACC GAC CCG TTC AAC CGT CAG ACC CTG ACC GAA TCT ATG CTG GAA CCA GTT CCA GAA CTC AAA GAA CAG ATC CAG GCG TGG ATG CGT,-0.2540817874718866
GAT GCG CCG GAT GAA TTC CGC GAC CCG CTG ATG GAC ACC CTG ATG ACC GAC CCA GTT CGT CTG CCA TCT GGT ACT ATC ATG GAC CGT TCT ATC ATC CTG CGC CAC CTG CTC AAC GAA CCG GGT GAC CCA TTC AAC CGT CAG ACC CTG ACC GAA TCT ATG CTG GAA CCG GTG CCG GAA CTG AAA GAA CAG ATC CAG GCG TGG ATG CGT,0.1143263282367002
GAT GCG CCG GAC GAA TTC CGT GAC CCG CTG ATG GAC ACC CTG ATG ACC ATG CCG GTT CGT CTG CCG TCT GGC ACC ATC ATG GAC TAC TCT ATC ATC CTG CGT CAC CTG CTG AAC TCT CCG ACC GAC CCG TTC AAC CGT CAG ACC CTG ACT GAA TCT ATG CTG GAA CCG GTG CCG GAA CTG AAA GAA CAG ATC CAG GCT TGG ATG CGC,0.8162005414333058
GAT GCG CCG GAC GAA TTC CGT GAC CCG CTG ATG GAC ACC CTG ATG ACT GAC CCG GTT CGT CTG CCG TCT GGT ACT ATC ATG GAC CGT TCT ATC ATC CTG CGC CAC CTG CTC AAC TCT CCG ACC GAC CCG TTC AAC CGT CAG ACC CTG ACC GAA TCT ATG CTG GAA CCG GTG CCG GAA CTG AAA GAA AAC ATC CAG GCT TGG ATG CGT,1.1378580363030872
GAT GCG CCG GAC GAA TTC CGT GAC CCG CTG ATG GAC ACC CTG ATG ACC GAC CCG GTT CGT CTC CCA CCG GGT ACC ATC ATG GAC CGT TCT ATC ATC CTG CGT CAC CTG CTG AAC TCT CCG ACC AAC CCG TTC AAC CGC CAG ACC CTG ACC GAA TCT ATG CTG GAG CCG GTT CCG GAG CTG AAA GAA CAG ATC CAG GCG TGG ATG CGC,-0.5922476390335402
GAC GCG CCA GAT GAA TTC CGT GAC CCG CTG ATG GAC ACC CTG ATG ACC GAC CCG GTT TGG CTG CCG TCT GGT ACT ATC ATG GAC CGT TCT ATC ATC CTG CGT CAC CTG CTG AAC TCT CCG ACT GAC CCA TTC AAC CGT CAG ACT CTG ACC GAG TCT ATG CTC ACT CCG GTT CCA GAA CTC AAA GAA CAG ATC CAG GCG TGG ATG CGC,0.3196667878583719
GAC GCT CCG GAC GAA TTC CGT ACT CCG CTG ATG GAC ACT CTG ATG ACC GAC CCG GTG CGC CTG CCG TCT GGC ACC ATC ATG AAA CGT TCT ATC ATC CTG CGT CAC CTG CTG AAC TCT CCA ACC GAT CCG TTC AAC CGT CAG ACC CTG ACC GAA TCT ATG CTG GAG CCG GTT CCA GAA CTG AAA GAA CAG ATC CAG GCG TGG ATG CGT,-3.393197303810524
GAC GCT CCG GAC GAA TTC CGT GAC CCG CTG ATG GAC AAA CTG ATG ACC GAC CCA GTT CGT CTG CCG TCC GGT ACC ATC ATG GGT CGT TCT ATC ATC CTG CGT CAC CTG CTG AAC TCT CCG ACT GAC CCG TTC AAC CGT CAG ACC CTG ACC GAA TCT ATG CTG GAG CCG GTT CCA GAA CTG AAA GAA CAG ATC CAG GCG TGG ATG CGC,-4.919237838439885
GAC GCT CCG GAC GAA TTT CGT GAC CCG CTG ATG GAC ACC CTG ATG ACC GAT CCG GTT CGT CTG CCA TAC GGC ACC ATC ATG GAC CGT TCT ATC ATC CTG CGT CAC CTG CTG AAC TCT CCG ACC GAC CCG TTC CGT CGT CAG ACC CTC ACT GAA TCT ATG CTG GAG CCG GTG CCG GAA CTG AAA GAA CAG ATC CAG GCT TGG ATG CGT,-0.4952743490968638
GAC GCT CCA GAC GAA TTC CGT GAC CCG CTG ATG GAC ACC CTG ATG ACC GAC CCG GTG CGT CTG CCG TCT GGT ACT ATC ATG GAC CGT TCT ATC ATC CTG CGT CAC CTC CTC AAC AAC CCG ATC GAC CCG TTC AAC CGC CAG ACC CTG ACC GAA TCT ATG CTC GAA CCG GTG CCA GAA CTG AAA GAA CAG ATC CAG GCT TGG ATG CGT,1.734811435842956
GAC GCG CCA GAT GAA TTC CGT GAC CCG CTG ATG GAC CGT CTG ATG ACC GAT CCG GTT CGT CTG CCG TCT GGC ACC ATC ATG AAA CGT TCT ATC ATC CTG CGT CAC CTG CTG AAC TCT CCG ACC GAC CCG TTC AAC CGT CAG ACC CTG ACC GAA TCT ATG CTG GAA CCA GTT CCG GAG CTG AAA GAA CAG ATC CAG GCG TGG ATG CGT,-2.1197925541346296
GAT GCG CCG GAC GAA TTC CGT GAC CCG CTG ATG GAC ACC CTG ATG ACC GAT CCG GTT GTT CTG CCG TCT GGT ACT ATC ATG GAC CGT TCT ATC ATC CTG CGT CAC CTG CTG AAC TCT CCA ACC GAC CCG TTC AAC CGT CAG ACC CTG ACC GAA TCT ATG CTG ATC CCG GTG CCG GAA CTG AAA GAA CAG ATC CAG GCG TGG ATG CGT,1.3157489285867023
GAT GCT CCG GAT GAA TTC CGT GAC CCG CTG ATG GAC ACC CTG ATG ACT GAC CCG GTT CGT CTG CCG TCT GGC ACC ATC ATG GAT CGC TCT ATC ATC CTG CGC ATC CTC CTG AAC TCT CCG ACC GAC CCG TTC AAT CGT CAG ACC CTG ACC GAG TCT ATG CTG GAA CCG GTG CCG GAA CTG AAA GAA CAG ATC CAG GCG TGG ATG CGT,1.7341133701129707
GAT GCG CCG GAC GAA TTC CGT GAC CCG CTG ATG GAC ACC CTG ATG ACC GAC CCG GTT CGT CTG CCG TCT GGC ACC ATC ATG GAC CGT TCT ATC ATC CTG CGT CAC CTG CTG AAC GAC CCG TGG GAC CCG TTC AAC CGT CAA ACC CTG ACC GAA TCT ATG CTG GAG CCA GTT CCA GAA CTC AAA GAA CAG ATC CAG GCG TGG ATG CGT,1.865229801681938
GAC GCT CCG GAC GAG TTT ATG GAC CCG CTG ATG GAC ACC CTG ATG ACC GAT CCG GTT CGT CTG CCG TCT GGC ACC ATC ATG GAC CGT TCT ATC ATC CTG CGT CAC CTG CTG AAC TCT CCG ACC GAC CCG TTC AAC CGT CAG ACC CTG ACC GAA TCT ATG CTG GAG CCA GTT CCA GAA CTC AAG GAA CAG ATC CAG GCG TGG ATG CGT,2.028079349325408
GAC GCT CCG GAC GAA TTC CGT GAC CCG CTG ATG GAC ACC CTG ATG ACT GAC CCG GTG CCA CTG CCG TCT GGT ACT ATC ATG GAC CGT TCT ATC ATC CTG CGT CAC CTG CTG AAC TCT CCG ACC GAC CCG TTC AAC CGT CAG ACC CTG ACC GAA TCT ATG CTG ACT CCG GTT CCA GAA CTG AAA GAA CAG ATC CAG GCG TGG ATG CGT,-4.33497025193967
GAC GCT CCG GAC GAA TTC CGT GAC CCG CTG ATG GAT ACT CTC ATG ACC CAG CCG GTT CGC CTG CCG TCT GGC ACC ATC ATG GAT GCT TCT ATC ATC CTG CGT CAC CTG CTG AAC TCT CCG ACC GAC CCG TTC AAC CGC CAG ACC CTG ACC GAA TCT ATG CTG GAA CCA GTT CCA GAA CTG AAA GAA CAG ATC CAG GCG TGG ATG CGC,-0.1682466221908788
GAC GCG CCA GAC GAA TTC CGT GAC CCG CTC ATG GAT ACC CTG ATG ACC GAC CCG GTT CGC CTG CCG TCC GGT ACC ATT ATG GAC AAC TCT ATC ATC CTG CGT CAC CTG CTG AAC TCT CCG ACT GAC CCG TTC AAC CGT CAA ACC CTG ACC GAA TCT ATG CTG GAG CCG GTT CCG GAG CTG GCG GAA CAG ATC CAG GCG TGG ATG CGT,-0.7371933602283216
GAT GCG CCG GAT GAA TTC CGT GAC CCG CTG ATG GAT ACC CTG ATG ACC GAT CCA GTT CGT CTG CCG TCT GGC ACC ATC ATG GAT CGT TCT ATC ATC CTC CGT CAC CTG CTG AAC TCT AAC ACC GAC CCA TTC AAC CGT CAG ACC CTG ACC GAA TCT ATG CTG GAA CCG GTG CCG GAA CTG AAA GAA CAG ATC CAG GCG TGG ATG CGT,2.3101164432264776
GAC GCT CCG GAT GAA TTC CGT TGC CCG CTG ATG GAC ACC CTG ATG ACC GAC CCG GTT CGT CTG CCG TCT GGC ACC ATC ATG TTC CGT TCT ATC ATC CTG CGT CAC CTG CTG AAC TCT CCG ACC GAT CCG TTC AAC CGT CAG ACC CTG ACC GAA TCT ATG CTG GAG CCG GTT CCA GAA CTG AAA GAA CAG ATC CAG GCG TGG ATG CGT,1.242674493421562
GAT GCG CCG GAC GAA TTT CGC GAC CCG CTG ATG GAC ACC CTG ATG ACC TCT CCG GTT CGT CTC CCG TCT GGC ACC ATC ATG GAC CGT TCT ATC ATC CTC CGT CAT CTC CTG AAT TCT CCG ACT GAC CCG TTT AAC CGT CAG ACC CTG ACC GAA TCT ATG CTG GAA CCG GTG CCG GAA CTG TGG GAA CAG ATC CAG GCG TGG ATG CGT,1.3732497142111653
GAC GCG CCA GAT GAA TTC CGT CCG CCG CTG ATG GAC ACC CTG ATG ACC GAT CCG GTT CGT CTG CCG TCT GGT ACT ATC ATG TCT CGT TCT ATC ATC CTG CGT CAC CTG CTG AAC TCT CCG ACC GAC CCG TTC AAC CGT CAG ACC CTG ACC GAA TCT ATG CTG GAA CCG GTG CCA GAA CTG AAA GAA CAG ATC CAG GCG TGG ATG CGT,-1.992215248808808
GAC GCT CCG GAC GAA TTC CGT GCG CCG CTG ATG GAC ACC CTG ATG ACC GAT CCG GTT CGT CTC CCG TCT GGT ACT ATC ATG TGC CGT TCT ATC ATC CTG CGT CAC CTG CTG AAC TCT CCG ACC GAC CCG TTC AAC CGT CAG ACC CTG ACC GAA TCT ATG CTG GAA CCA GTG CCG GAA CTC AAA GAA CAG ATC CAG GCG TGG ATG CGT,0.8611646215660425
GAT GCG CCG GAC GAA TTC CGT GAC CCG CTG ATG GAC ACC CTG ATG ACT GAC CCG GTT CGT CTG CCG TCT GGC ACC ATC ATG GAC AAC TCT ATC ATC CTG CGT CAC CTG CTG AAC TCT CCG ACC GAC CCG TTC AAC CGC CAG ACC CTG ACC GAA TCC ATG CTG GAG CCG GTT CCG GAG CTG GAA GAA CAG ATC CAG GCT TGG ATG CGT,-1.946720007162621
GAC GCG CCA GAT GAA TTC CGC GAC CCG CTC ATG GAC CTC CTG ATG ACC GAC CCG GTT CGT CTG CCG TCT GGT ACT ATC ATG CTG CGT TCT ATC ATC CTG CGT CAC CTG CTG AAC TCT CCG ACT GAC CCG TTT AAC CGT CAG ACC CTG ACC GAG TCT ATG CTG GAG CCA GTT CCA GAG CTC AAA GAG CAA ATC CAG GCT TGG ATG CGC,0.954048020799604
GAC GCT CCG GAC GAA TTC CGT GAC CCG CTG ATG GAC ACC CTG ATG ACC GAC CCG GTT CGT CTG CCG TCT GGT ACC TGC ATG GAC CGT TCT ATC ATC CTG CGT CAC CTG CTG AAC TCT CCA ACT GAC CCA TTC AAC CGT CAG ACC CTG ACC GAA TCT ATG CTG GAA CCA GTT CCA GAA CTC AAA GAA CAG ATC CAG GCG TGG ATG CGT,1.0262002483734882
GAC GCT CCA GAT GAA TTC CGT GAC CCG CTG ATG GAC ACC CTG ATG ACT GAC CCG GTT CGT CTG CCG TCT GGT ACT ATC CGC GAC CGT TCT ATC ATC CTG CGT CAC CTG CTG AAC TCT CCG ACC GAC CCG TTC AAC CGT CAA ACC CTG ACC GAA TCT ATG CTG GAA CCA GTT CCG GAG CTG AAA GAA CAG ATC CAG GCG TGG ATG CGT,-0.8567153638845186
GAT GCG CCG GAC GAA TTT CGT GAC CCG CTG ATG GAC ACC CTG ATG ACC GAT CCG GTT CGT CTG CCG TCT GGT ACT ATC ATG GAC CCG TCT ATC ATC CTC CGC CAC CTG CTC AAC TCT CCG ACC GAC CCG TTT AAC CGT CAG ACC CTG ACC GAA TCT ATG CTG GAA CCG GTG CCG GAA CTG TAC GAA CAG ATC CAG GCG TGG ATG CGT,0.2099875604267573
GAT GCG CCG GAC GAA TTC CGT TTC CCG CTG ATG GAC ACC CTG ATG ACC GAC CCG GTT CGT CTG CCG TCT GGC ACC ATC ATG CTC CGT TCT ATC ATC CTG CGC CAC CTG CTG AAC TCT CCG ACC GAT CCA TTT AAC CGT CAG ACC CTC ACC GAA TCT ATG CTG GAA CCG GTG CCG GAA CTC AAA GAA CAG ATC CAG GCT TGG ATG CGT,0.6932877395742487
GAC GCT CCA GAT GAA TTC CGT GAC CCG CTG ATG GAC ACC CTG ATG ACC ATC CCG GTT CGT CTG CCG TCT GGC ACC ATC ATG GAC GTT TCT ATC ATC CTC CGT CAC CTG CTG AAC TCT CCG ACT GAT CCG TTC AAT CGT CAG ACC CTG ACC GAA TCT ATG CTG GAG CCG GTT CCG GAG CTG AAA GAA CAG ATC CAG GCG TGG ATG CGT,0.8329494241278355
GAC GCT CCG GAC GAA TTC CGT GAC CCG CTG ATG GAC AAA CTG ATG ACT GAC CCG GTT CGT CTG CCG TCT GGC ACC ATT ATG ATT CGT TCT ATC ATC CTG CGT CAC CTG CTG AAC TCT CCG ACC GAC CCG TTC AAT CGT CAG ACC CTG ACC GAA TCT ATG CTG GAA CCG GTG CCG GAA CTG AAA GAA CAG ATC CAG GCG TGG ATG CGT,0.9422052684836936
GAC GCT CCA GAT GAA TTC CGT CTG CCG CTG ATG GAC ACC CTC ATG ACC GAC CCG GTT CGT CTC CCG TCT GGC ACC ATC ATG GGT CGT TCT ATC ATC CTG CGT CAC CTG CTG AAC TCT CCG ACT GAC CCG TTC AAC CGT CAG ACT CTG ACC GAA TCT ATG CTG GAA CCA GTT CCA GAA CTC AAA GAA CAG ATC CAG GCG TGG ATG CGT,-4.74349908423166
GAC GCT CCG GAC GAC TTC CGT GAC CCG CTG ATG GAC ACC CTG ATG ACC GAC CCG GTT CGT CTG CCG TCT GGC ACC ATC ATG GAC CGT TCT ATC ATC CTG CGT CAC CTG CTG AAC TCT CCG ACT GAT CCG TTC AAC CGC CAG ACC CTG ACC GAG TCT ATG CTG GAA CCA GTT CCA GAA CTC AAA GAA CAG ATC CAG GCG TGG ATG CGT,1.788594371512426
GAC GCT CCG GAC GAA TTC CGT GAC CCG CTG ATG GAC ACC CTG ATG ACC GAT CCG GTT CAT CTG CCG TCT GGC ACC ATC ATG GAC CGT TCT ATC ATC CTG CGT CAC CTG CTG AAC TCT CCG ACC GAC CCG TTC AAC CGT CAG ACC CTG ACC GAA TCT ATG CTG TGG CCG GTT CCA GAA CTG AAA GAA CAG ATC CAG GCG TGG ATG CGT,0.1593694530702858
GAC GCT CCG GAC GAA TTC CGT GAC CCG CTG ATG GAC ACC CTG ATG ACC GAC CCG GTT AAT CTG CCG TCT GGC ACC ATT ATG GAC CGT TCT ATC ATC CTG CGT CAC CTG CTG AAC TCT CCG ACC GAT CCG TTC AAC CGT CAG ACC CTG ACC GAA TCT ATG CTG TCT CCG GTG CCG GAA CTG AAA GAA CAG ATC CAG GCG TGG ATG CGT,-2.63457727550524
GAC GCG CCA GAT GAA TTC CGT GAC CCG CTG ATG GAC ACC CTG ATG ACT GAC CCG GTT CGT CTG CCG TCT GGC ACC ATC ATG GAC CGT TCT ATC ATC CTG CGT CAC CTG CTG AAC CTG CCG ACC GAC CCG TTC AAC CGT CAA ACC CTG ACC GAA TCT ATG CTG GAA CCG GTG CCG GAA CTG AAA GAA CAG ATC CAG GCT TGG ATG CGT,0.9163023061688462
GAT GCG CCG GAC GAA TTC CGT GAC CCG CTG ATG GAC ACC CTG ATG ATC GAC CCG GTT CGT CTG CCG TCT GGT ACT ATC ATG GAC CGT TCT ATC ATC CTG CGC CAC CTG CTC AAC TCT CCG ACC GAC CCG TTC AAC CGC CAG ACC CTG ACC GAA TCT ATG CTG GAA CCG GTG CCG GAA CTG AAA GAA CAG ATC CAG GCT TGG ATG CGT,2.603127075560769
GAC GCG CCA GAT GAA TTT CGT GGC CCA CTG ATG GAC ACC CTC ATG ACT GAC CCG GTT CGT CTG CCG TCC GGT ACT ATC ATG CAC CGT TCT ATC ATC CTG CGT CAC CTG CTG AAC TCT CCG ACC GAC CCG TTC AAC CGT CAG ACC CTG ACC GAA TCT ATG CTG GAG CCG GTT CCG GAG CTG AAG GAA CAG ATC CAG GCG TGG ATG CGT,-0.9756749311552692
GAT GCG CCG GAC GAA TTC CGT GAC CCG TGG ATG GAC ACC CTG ATG ACC GAC CCG GTT CGT CTG CCG TCC GGT ACC ATC ATG GAC CGT TCT ATC ATC CTG CGT CAC CTG CTG AAT TCT CCG ACC GAT CCG TTT AAC CGC CAG ACC CTG ACT GAA TCT ATG CTG GAA CCA GTG CCA GAA CTC AAA GAA CAG ATC CAG GCT TGG ATG CGT,1.9878773318567269
GAC GCT CCG GAC GAA TTC CGT GAC CCG CTG ATG GAC ACC CTC ATG ACC TGG CCG GTT CGT CTG CCG TCT GGT ACT ATC ATG GAC TAC TCT ATC ATC CTG CGT CAC CTG CTG AAT TCT CCG ACC GAC CCG TTC AAC CGT CAG ACT CTG ACC GAA TCT ATG CTG GAA CCG GTG CCG GAA CTG AAA GAA CAG ATC CAG GCG TGG ATG CGT,1.2688999368846838
GAC GCT CCG GAC GAG TTC CGC GAC CCG CTG ATG GAC ACC CTG ATG ACC GAT CCG GTT CGT CTC CCA TCT GGT GTT ATC ATG GAC CGT TCT ATC ATC CTG CGC CAC CTG CTC AAC TCT CCG ACC GAC CCG TTT AAC CGT CAG ACC CTG ACC GAA TCT ATG CTG GAA CCG GTG CCG GAA CTG AAA GAA CAG ATC CAG GCG TGG ATG CGT,3.107205892379618
GAC GCT CCG GAT GAA TTC CGT GAC CCG CTG ATG GAC ACC CTG ATG ACC GAC CCG GTT CGT CTG CCG TCT GGT ACT ATC ATG GAC CGT TCT ATC ATC CTG CGT CAC CTG CTG AAC CAC CCG GAC GAT CCG TTT AAC CGT CAA ACC CTG ACC GAA TCT ATG CTG GAA CCA GTT CCA GAA CTC AAA GAA CAG ATC CAG GCG TGG ATG CGT,0.8905695919241015
GAT GCG CCG GAC GAA TTC CGT GAC CCG CTG ATG GAC ACC CTG ATG ACC GAC CCA GTG ATG CTG CCG TCT GGC ACC ATC ATG GAC CGT TCT ATC ATC CTG CGC CAC CTG CTG AAC TCT CCG ACT GAC CCG TTC AAC CGT CAG ACC CTG ACC GAA TCT ATG CTC CAT CCG GTT CCG GAG CTG AAA GAA CAG ATC CAG GCG TGG ATG CGT,1.34196244886251
GAC GCG CCA GAT GAA TTC CGT GAC CCG CTG ATG GAC ACC CTC ATG ACC GAC CCA GTT CGT CTG CCG GAC GGT ACC ATC ATG GAC CGT TCT ATC ATC CTG CGT CAC CTG CTG AAC TCT CCG ACT GAC CCG TTC CCG CGT CAG ACT CTG ACC GAA TCT ATG CTG GAA CCG GTG CCG GAG CTG AAA GAA CAG ATC CAG GCG TGG ATG CGT,-5.933230215216011
GAC GCT CCG GAC GAA TTC CGC GAC CCA CTG ATG GAT ACC CTC ATG ACC CAG CCG GTT CGC CTG CCG TCT GGT ACT ATC ATG GAC ATC TCT ATC ATC CTG CGT CAC CTG CTG AAC TCT CCG ACC GAC CCG TTC AAC CGT CAG ACC CTG ACC GAA TCT ATG CTG GAG CCA GTT CCA GAA CTG AAA GAA CAG ATC CAG GCG TGG ATG CGT,0.8094920961730563
GAT GCG CCG GAT GAA TTC CGT GAC CCG CTG ATG GAC ACC CTG ATG ACC GAC CCG GTT CGT CTG CCG AAC GGT ACC ATC ATG GAC CGT TCT ATC ATC CTG CGT CAC CTG CTG AAC TCT CCG ACT GCG CCG TTC AAC CGT CAG ACT CTG ACC GAG TCT ATG CTG GAA CCG GTG CCG GAA CTG AAA GAA CAG ATC CAG GCT TGG ATG CGC,-0.1576160131028653
GAT GCG CCG GAC GAA TTC CGT GAC CCG CTG ATG GAC ACC CTG ATG ACC GAC CCG GTT CGT CTG CCA TAC GGT ACC ATC ATG GAC CGT TCT ATC ATC CTG CGT CAC CTG CTG AAC TCT CCG ACT GCG CCG TTC AAC CGT CAG ACC CTG ACT GAA TCT ATG CTG GAA CCA GTG CCG GAA CTG AAA GAA CAG ATC CAG GCG TGG ATG CGT,-5.69842506606706
GAC GCT CCG GAT GAA TTC CGT GAC CCG CTG ATG GAC ACC CTG ATG ACC GAT CCA GTT GTT CTG CCG TCT GGT ACT ATT ATG GAC CGT TCT ATC ATC CTG CGT CAC CTG CTG AAC TCT CCG ACC GAC CCG TTC AAC CGT CAG ACC CTG ACC GAA TCT ATG CTG GTT CCA GTT CCA GAA CTC AAA GAA CAG ATC CAG GCG TGG ATG CGT,1.1910489293156084
GAC GCT CCG GAT GAA TTC CGT GAC CCG CTG ATG GAC ACC CTG ATG ACT GAC CCA GTT CGT CTG CCA TCC GGT ACC ATC ATG GAC CAC TCT ATC ATC CTC CGT CAC CTG CTC AAC TCT CCG ACC GAT CCG TTT AAT CGC CAG ACC CTG ACC GAA TCT ATG CTG GAA CCG GTG CCG GAA CTG GAC GAA CAG ATC CAG GCG TGG ATG CGT,-0.3076317864805438
GAC GCG CCA GAC GAA TTC CGT GAC CCG CTC ATG GAC ACT CTG ATG ACC CAT CCA GTT CGC CTG CCA TCT GGC ACC ATT ATG GAT ACT TCC ATC ATT CTG CGT CAC CTG CTG AAC TCT CCG ACC GAC CCG TTC AAC CGT CAG ACC CTG ACC GAA TCT ATG CTG GAG CCG GTT CCA GAA CTG AAA GAA CAG ATC CAG GCG TGG ATG CGT,-0.3945664658708467
GAT GCG CCG GAC GAA TTT CGT GAC CCG CTG ATG GAT ACT CTG ATG ACT CCA CCG GTT CGT CTG CCG TCT GGT ACT ATC ATG GAC CGT TCT ATC ATC CTG CGT CAC CTG CTG AAC TCT CCG ACT GAC CCG TTC AAC CGT CAA ACC CTG ACC GAA TCT ATG CTG GAG CCA GTG CCG GAA CTG AAA GAA CAG ATC CAG GCG TGG ATG CGT,-1.6285727516006152
GAC GCT CCG GAC GAG TTC CGT GAC CCG CTG ATG GAC ACC CTG ATG ACC GAC CCG CAC CGT CTG CCG TCT GGC ACC ATC ATG GAC CGT TCT ATC ATC CTG CGT CAC CTG CTG AAC TCT CCG ACC GAT CCA TTC AAC CGT CAG ACC CTG ACC GAA TCT ATG CTG GAA CCG GTG CCG GAA CTG AAA GAA CAG ATC CAG GCG TGG ATG CGT,-0.1314223884023563
GAT GCT CCG GAC GAA TTC CGT GAC CCG CTG ATG GAC TGG CTG ATG ACT GAC CCG GTT CGT CTG CCG TCT GGC ACC ATC ATG CTG CGC TCT ATC ATC CTG CGT CAC CTG CTG AAC TCT CCG ACC GAC CCG TTC AAT CGT CAG ACC CTG ACC GAA TCT ATG CTG GAA CCG GTG CCG GAA CTG AAG GAA CAG ATC CAG GCG TGG ATG CGT,1.0122198743775028
GAC GCT CCG GAC GAA TTC CGT GAC CCG CTG ATG GAC ACT CTG ATG ACT GAT CCG GTT CGT CTG CCG TCC GGT ACC ATC ATG GAC CGT TCT ATC ATC CTG CGT CAC CTG CTG AAC TCT CCG ACC GAC CCG TTC AAC CGT TGC ACC CTG ACC GAA TCT ATG CTG GAG CCG GTG CCG GAA CTG AAA GAA CAG ATC CAG GCG TGG ATG CGT,1.95108490782588
GAC GCG CCA GAC GAA TTC CGT GAC CCG CTG ATG GAT ACT CTG ATG ACC GAC CCA GTT ATC CTG CCG TCT GGT ACT ATC ATG GAC CGT TCT ATC ATC CTG CGT CAT CTG CTG AAC TCT CCG ACC GAT CCG TTC AAC CGT CAG ACC CTG ACC GAA TCT ATG CTG CTG CCG GTT CCG GAG CTG AAA GAA CAG ATC CAG GCG TGG ATG CGT,1.3385654138171907
GAC GCT CCG GAC GAA TTC CGT GAC CCG CTG ATG GAC CGT CTG ATG ACC GAT CCA GTT CGT CTC CCA TCT GGC ACC ATC ATG GGT CGT TCT ATC ATC CTG CGT CAC CTG CTG AAC TCT CCG ACT GAC CCG TTC AAT CGT CAG ACC CTG ACT GAA TCT ATG CTG GAG CCG GTG CCG GAA CTG AAA GAA CAG ATC CAG GCG TGG ATG CGC,-4.930903616149351
GAC GCT CCG GAC GAA TTT CGT GAC CCG CTC ATG GAC ACT CTC ATG ACC GAC CCG GTT CGT CTG CCG TCT GGT ACT ATC ATG GAT ACT TCT ATC ATC CTG CGC CAC CTG CTG AAC TCT CCG ACT GAC CCG TTC AAC CGC CAA ACC CTG ACT GAA TCT ATG CTG GAG CCG GTT CCA GAG CTG ATG GAA CAG ATC CAG GCG TGG ATG CGT,-0.2366927175532094
GAC GCT CCG GAC GAA TTC CGT GAC CCG CTG ATG GAC ACC CTG ATG ACT GAC CCG GTT CGT CTG CCG TCT GGT ACC TGG ATG GAC CGT TCT ATC ATC CTG CGT CAC CTG CTG AAC TCT CCG ACC GAC CCG TTC AAC CGT CAA ACC CTG ACC GAA TCT ATG CTG GAA CCG GTG CCG GAA CTG AAA GAA CAG ATC CAG GCT TGG ATG CGT,-0.1005430205855132
GAC GCG CCA GAT GAA TTC CGT GAC CCG CTG ATG GAC ACC CTG ATG ACC GAC CCG GTT CGT CTG CCG TGC GGT ACT ATC ATG GAT CGT TCT ATC ATC CTG CGT CAC CTG CTG AAC TCT CCG ACT GAC CCG TTC TTC CGT CAG ACC CTG ACC GAA TCT ATG CTG GAG CCG GTG CCG GAG CTG AAA GAA CAG ATC CAG GCG TGG ATG CGC,1.3307209167694285
GAC GCT CCG GAC GAA TTC CGT GAC CCG CTG ATG GAC ACC GTT ATG ACT GAC CCG GTT CGT CTG CCG TCT GGT ACT ATC ATG GAC CGT TCT ATC ATC CTG CGC CAC CTG CTC AAC TCT CCG ACC GAC CCG TTC AAC CGC CAG ACC CTG ACC GAA TCT ATG CTG GAA CCA GTG CCA GAA CTG AAA GAA CAG ATC CAA GCG TGG ATG CGT,2.3254788301049665
GAC GCT CCG GAC GAA TTC CGT GAT CCG CTG ATG GAC ACC CTG ATG ACC GAT CCG GTT CGT CTG CCA GCG GGC ACT ATC ATG GAT CGC TCT ATC ATC CTG CGC CAC CTG CTG AAC TCT CCA ACC GAC CCG TTT GAC CGT CAG ACC CTG ACC GAA TCT ATG CTG GAA CCG GTG CCG GAA CTG AAA GAA CAG ATC CAG GCG TGG ATG CGT,-1.754851225952761
GAC GCT CCG GAC GAA TTC CGT GAC CCG CTG ATG GAC ACC CTG ATG ACC GAC CCA GTT TGG CTG CCG TCT GGC ACC ATT ATG GAC CGT TCT ATC ATC CTG CGT CAC CTG CTG AAC TCT CCG ACT GAC CCG TTC AAC CGT CAG ACC CTG ACC GAA TCT ATG CTG GAC CCG GTT CCA GAA CTG AAA GAA CAG ATC CAG GCG TGG ATG CGT,-0.07250445462488
GAT GCG CCG GAC GAG TTC CGT GAC CCG CTG ATG GAC ACC CTG ATG ACC GAC CCG GTT CGT CTG CCG TCT GGT ACT ATC ATG GAC CGT TCT ATC ATC CTG CGT CAC CTG CTG AAC CAC CCG CAG GAC CCA TTC AAC CGC CAG ACT CTG ACC GAA TCT ATG CTG GAG CCG GTT CCG GAG CTG AAA GAA CAG ATC CAG GCG TGG ATG CGT,1.1701685323178157
GAC GCT CCG GAC GAA TTC CGT GAT CCG CTG ATG GAT ACC CTC ATG ACC GTT CCG GTT CGT CTG CCG TCT GGC ACC ATC ATG GAC ATC TCT ATC ATC CTG CGC CAC CTG CTG AAC TCT CCG ACT GAC CCG TTT AAC CGC CAG ACC CTC ACC GAA TCT ATG CTG GAA CCG GTG CCG GAA CTG AAA GAA CAG ATC CAA GCG TGG ATG CGT,0.9779199813498743
GAT GCT CCG GAC GAA TTC CGC GAC CCA CTG ATG GAC ACC CTG ATG ACC GAT CCG GTT CGT CTG CCG TCT GGC ACC ATC ATG GAT CGC TCC ATC ATC CTG CGT CAC CTG CTG AAC TCT CCG ACC GAC CCG TTC AAC CGT CAG ACC CTG ACC GAA TCT ATG CTG GAG CCG GTT CCG TGC CTG AAA GAG CAG ATC CAG GCG TGG ATG CGT,1.7344458705543255
GAC GCG CCA GAT GAA TTC CGT GAC CCA CTG ATG GAC GCG CTG ATG ACC GAT CCA GTT CGT CTG CCG TCT GGC ACC ATT ATG ATT CGT TCT ATC ATC CTG CGT CAC CTG CTG AAC TCT CCG ACC GAC CCG TTC AAC CGT CAG ACC CTG ACC GAA TCT ATG CTG GAA CCG GTG CCG GAA CTG AAA GAA CAG ATC CAG GCG TGG ATG CGC,0.8923138254570084
GAC GCT CCG GAT GAG TTC CGT GAC CCG CTG ATG GAT ACT CTG ATG ACC TTC CCG GTT CGT CTG CCG TCT GGT ACT ATC ATG GAC ACT TCT ATC ATC CTG CGT CAC CTG CTG AAC TCT CCG ACC GAC CCG TTC AAC CGT CAG ACT CTG ACC GAA TCT ATG CTG GAG CCG GTG CCA GAG CTG AAA GAA CAG ATC CAG GCG TGG ATG CGT,0.1324812258608441
GAC GCG CCA GAT GAA TTC CGT GAC CCG CTG ATG GAC GGT CTG ATG ACC GAC CCG GTT CGT CTG CCG TCT GGT ACT ATC ATG TCT CGT TCT ATC ATC CTG CGT CAC CTG CTG AAC TCT CCG ACC GAT CCG TTC AAC CGT CAG ACC CTG ACC GAA TCT ATG CTG GAA CCG GTG CCG GAA CTG AAA GAA CAG ATC CAG GCG TGG ATG CGT,-1.31307053705599
GAC GCG CCA GAC GAA TTC CGT GAC CCG CTG ATG GAC ACC CTG ATG ACC GAC CCG GTT CGC CTG CCG TCT GGT ACT ATC ATG GAC CGT TCT ATC ATC CTG CGT CAC CTG CTG AAC TCT CCG ACC GAT CCG TTC AAC CGT CAG ACC CTG TAC GAA TCT ATG CTG GAA CCA GTG CCG GAA CTG AAA GAA CAG ATC CAG GCG TGG ATG CGT,2.335853579154572
GAT GCG CCG GAT GAA TTC CGT GAC CCG CTG ATG GAC ACC CTG ATG ACC GAC CCG GTT CGT CTG CCG TCT GGT ACT ATT ATG GAT CAG TCT ATC ATC CTG CGT CAC CTG CTG AAC TCT CCG ACT GAC CCG TTC AAC CGT CAG ACC CTG ACC GAA TCT ATG CTG GAG CCG GTG CCA GAA CTC TTC GAA CAG ATC CAG GCG TGG ATG CGT,-0.0314243645221904
GAC GCT CCA GAC GAG TTC CGT GAC CCG CTG ATG GAC ACT CTC ATG ACC ACT CCG GTG CGC CTG CCG TCT GGC ACC ATC ATG GAC AAG TCT ATC ATC CTG CGC CAC CTG CTG AAC TCT CCG ACT GAC CCA TTC AAC CGT CAG ACT CTG ACC GAA TCT ATG CTC GAA CCA GTT CCG GAG CTG AAA GAA CAG ATC CAG GCG TGG ATG CGT,-0.1232287190949533
GAC GCT CCG GAC GAA TTC CGT GAC CCG CTG ATG GAC TTC CTG ATG ACC GAC CCA GTG CGT CTG CCG TCT GGC ACC ATC ATG TGG CGT TCC ATC ATC CTG CGT CAC CTG CTG AAC TCT CCG ACT GAC CCA TTC AAC CGT CAG ACC CTG ACC GAA TCT ATG CTG GAA CCG GTG CCG GAA CTG AAA GAA CAG ATC CAG GCG TGG ATG CGT,1.3899628488278517
GAC GCT CCG GAC GAA TTC CGT GAC CCG CTG ATG GAC ACC CTG ATG ACC GAC CCG GTT CGT CTG CCG TCT GGC ACC ATC ATG GAC CGT TCT ATC ATC CTG CGT CAC CTG CTG AAC GCG CCG ATG GAC CCG TTC AAC CGC CAG ACC CTG ACC GAA TCT ATG CTG GAA CCA GTG CCG GAA CTG AAA GAA CAG ATC CAG GCT TGG ATG CGT,1.262026243464597
GAC GCT CCG GAC GAA TTC CGT GAC CCG CTG ATG GAC ACC CTG ATG ACC GAC CCG GTT CGT CTG CCG TCT GGC ACC ATC ATG GAC CGT TCT ATC ATC CTG CGC CAC CTG CAC AAC TCT CCG ACC GAT CCG TTC AAC CGC CAG ACC CTG ACC GAA TCT ATG CTG GAA CCG GTG CCG GAG CTG AAA GAA CAG ATC CAG GCG TGG ATG CGT,2.03452656265935
GAT GCG CCG GAT GAA TTC CGT GAC CCG CTG ATG GAC ACC CTG ATG ACT GAC CCA GTT CGT CTC CCG TCT GGT ACT ATC ATG GAC GGT TCT ATC ATC CTG CGC CAC CTG CTC AAC TCT CCG ACC GAC CCG TTC AAC CGT CAG ACC CTG ACC GAA TCT ATG CTG GAA CCG GTG CCA GAA CTG GAA GAA CAG ATC CAG GCT TGG ATG CGT,-1.2562482377856887
GAC GCT CCG GAC GAA TTC CGT GAT CCG CTG ATG GAC ACC CTG ATG ACC GAT CCG GTT CGT CTG CCG CAG GGT ACC ATC ATG GAC CGT TCT ATC ATC CTG CGT CAC CTG CTG AAC TCT CCG ACC GAC CCA TTC CAA CGT CAG ACC CTG ACC GAA TCT ATG CTG GAA CCA GTT CCA GAG CTG AAA GAA CAG ATC CAG GCG TGG ATG CGC,-4.130522485551863
GAC GCG CCA GAT GAG TTC CGT GAC CCG CTG ATG GAC ACC CTG ATG ACC CTG CCG GTT CGT CTC CCG TCT GGC ACC ATC ATG GAC CGT TCT ATC ATC CTG CGT CAC CTG CTG AAC TCT CCG ACC GAC CCG TTC AAC CGC CAG ACC CTG ACC GAA TCT ATG CTG GAA CCA GTG CCG GAG CTG CAC GAA CAG ATC CAG GCT TGG ATG CGC,0.1406048399274591
GAC GCG CCA GAC GAA TTC CGT GAC CCG CTG ATG GAC ACC CTG ATG ACT GAC CCG GTT CGT CTC CCA TAC GGT ACC ATC ATG GAT CGT TCT ATC ATC CTG CGT CAC CTG CTG AAC TCT CCG ACC GAC CCA TTC CCA CGT CAG ACC CTG ACC GAA TCC ATG CTG GAA CCA GTG CCG GAG CTG AAA GAA CAG ATC CAG GCG TGG ATG CGC,-3.972006212500842
GAC GCG CCA GAC GAA TTC CGT GAC CCG CTG ATG GAC ACC CTG ATG ACC CAG CCA GTT CGC CTG CCG TCC GGT ACC ATC ATG GAC CCG TCT ATC ATC CTG CGT CAC CTG CTG AAC TCT CCG ACC GAC CCG TTC AAC CGT CAG ACC CTG ACC GAA TCT ATG CTG GAA CCA GTT CCG GAG CTG AAA GAA CAG ATC CAG GCG TGG ATG CGT,-0.5171765124491003
GAT GCG CCG GAC GAA TTC CGT GAC CCG CTG ATG GAC ACC CTG ATG ACC GAC CCG GTT CGT CTG CCG TCT GGT ACT ATT ATG GAC CGT TCT ATC ATC CTG CGT CAC CTG CTG AAC TCT CCG ACC GAT GAG TTT AAC CGC CAG ACC CTG ACC GAA TCT ATG CTG GAA CCA GTG CCG GAA CTG AAA GAA CAG ATC CAG GCG TGG ATG CGT,-3.58907904981472
GAC GCT CCG GAC GAG TTC CGT GAC CCG CTG ATG GAC ACT CTG ATG ACT GAC CCA GTT CGT CTG CCG TCT GGT ACT ATC ATG GAC CGT TCT ATC ATC CTG CGT CAC CTG CTG AAC TCT CCG ACC GAT CCG TTC AAC CGT CAC ACC CTG ACC GAA TCC ATG CTG GAA CCG GTG CCG GAA CTG AAA GAA CAG ATC CAG GCG TGG ATG CGT,1.904379579948149
GAC GCT CCG GAC GAA TTC CGT GAC CCG CTG GAA GAC ACC CTG ATG ACT GAC CCG GTT CGT CTG CCG TCC GGT ACC ATC ATG GAC CGT TCT ATC ATC CTG CGT CAC CTG CTG AAC TCT CCG ACC GAC CCA TTC AAC CGT CAG ACC CTG ACC GAA TCT ATG CTG GAA CCG GTG CCG GAA CTG AAA GAA CAG ATC CAG GCG TGG ATG CGT,2.464969169408581
GAC GCT CCG GAC GAA TTT CGT GAC CCG CTC ATG GAC ACC CTC ATG ACC GAT CCG GTT CGT CTG CCG TCT GGC ACC ATC ATG GAT CGT TCT ATC ATC CTG CGT CAC CTG CTG AAC TCT CAC ACC GAC CCG TTC AAT CGC CAG ACC CTG ACC GAA TCC ATG CTG GAA CCG GTG CCG GAA CTG AAA GAA CAG ATC CAG GCG TGG ATG CGT,2.143867980892135
GAT GCG CCG GAT GAA TTC CGT GAC CCG CTG ATG GAC CTG CTG ATG ACC GAC CCG GTT CGT CTG CCG TCC GGT ACC ATC ATG TGG CGT TCT ATC ATC CTG CGT CAC CTG CTC AAC TCT CCG ACC GAT CCG TTC AAC CGT CAG ACC CTG ACC GAA TCT ATG CTG GAG CCG GTG CCG GAA CTG AAA GAA CAG ATC CAG GCG TGG ATG CGT,1.245803929922309
GAC GCG CCA GAT GAA TTC CGT GAC CCG CTG ATG GAC ACC CTG ATG ACC GAT CCG GTT CGT CTG CCG TTC GGT ACC ATC ATG GAC CGT TCT ATC ATC CTG CGT CAC CTG CTG AAC TCT CCG ACC GAC CCG TTC CAC CGT CAG ACT CTG ACC GAA TCT ATG CTG GAG CCG GTT CCG GAG CTG AAA GAA CAG ATC CAG GCG TGG ATG CGT,-0.5288323962109868
GAC GCT CCG GAC GAG TTC CGT GAC CCG CTG ATG GAC ACC CTG ATG ACC GAC CCG GTT CGT CTG CCG CAC GGT ACC ATC ATG GAC CGT TCT ATC ATC CTG CGT CAC CTG CTG AAC TCT CCG ACC GCG CCA TTC AAC CGT CAA ACT CTG ACC GAA TCT ATG CTC GAA CCA GTT CCA GAG CTG AAA GAA CAG ATC CAG GCG TGG ATG CGT,-3.3253160759650413
GAC GCT CCG GAC GAA TTC CGT GAC CCG CTG ATG GAC ACC CTG ATG ACC GAC CCG GTT CGT CTG CCG TCT GGC ACC ATC TGG GAC CGT TCT ATC ATC CTG CGT CAC CTG CTG AAC TCT CCG ACT GAC CCG TTC AAC CGC CAG ACC CTG ACC GAA TCC ATG CTG GAA CCG GTG CCG GAA CTG AAA GAA CAG ATC CAG GCG TGG ATG CGT,0.2474935004582454
GAT GCG CCG GAC GAA TTC CGT GAC CCG CTG ATG GAC ACC CTG ATG ACC GAC CCA GTT AAC CTG CCG TCC GGT ACC ATC ATG GAC CGT TCT ATC ATC CTG CGT CAC CTG CTG AAC TCT CCG ACT GAC CCG TTC AAC CGT CAG ACC CTG ACC GAA TCT ATG CTG ATC CCA GTT CCG GAG CTC AAA GAA CAG ATC CAG GCG TGG ATG CGT,-0.856261561210522
GAC GCT CCG GAC GAA TTC CGT GAC CCG CTG ATG GAC ATG CTG ATG ACC GAT CCG GTT CGT CTG CCG TCT GGC ACC ATT ATG ATT CGT TCT ATC ATC CTG CGT CAC CTG CTG AAC TCT CCG ACC GAC CCA TTC AAC CGT CAG ACC CTG ACC GAA TCT ATG CTG GAA CCG GTG CCG GAA CTG AAA GAA CAG ATC CAG GCT TGG ATG CGT,0.9632896072052616
GAC GCT CCA GAC GAA TTC CGT GAC CCG CTG ATG GAC ACC CTG ATG ACT GAC CCA GTT CGT CTC CCG TCT GGT ACT ATC ATG GAC CGT TCT ATC ATC CTG CGT CAC CTG CTG AAC TCT CCG ACC GAC CCA TTT AAT CGT CAA ACC CTG ACC GAA TCT ATG CTG GAG CCG GTG CCG GAA GAG AAA GAA CAG ATC CAG GCG TGG ATG CGT,-2.267865349294619
GAC GCG CCA GAT GAA TTC CGT GAC CCG CTG ATG GAC ACC CTG ATG ACT GAC CCA ACC CGC CTG CCG TCT GGC ACC ATT ATG GAC CGC TCT ATC ATC CTG CGC CAC CTG CTG AAC TCT CCA ACC GAC CCG TTC AAC CGT CAA ACC CTG ACC GAG TCC ATG CTC GAA CCG GTG CCG GAA CTG AAG GAA CAG ATC CAA GCG TGG ATG CGC,-0.1169637612608099
GAT GCG CCA GAC GAG TTC CGT GAC CCG CTG ATG GAC ACC CTG ATG ACC GAC CCG GTT CGT CTG CCG TCT GGT ACT ATC ATG GAC CGT TCT ATC ATC TCT CGT CAC CTG CTG AAC TCT CCG ACC GAT CCG TTC AAC CGT CAG ACC CTG ACC GAA TCT ATG CTG GAA CCG GTG CCG GAA CTG AAA GAA CAG ATC CAG GCG TGG ATG CGT,1.0787393453916465
GAT GCG CCG GAT GAA TTC CGT GAC CCG CTG ATG GAC ACC CTC ATG ACC GAC CCG GTT CGT CTG CCG TCT GGT ACT ATC ATG GAC CGT TCT ATC ATC CTG CGT CAC CTG CTG AAC TCT ATC ACC GAT CCG TTC AAC CGT CAG ACC CTG ACC GAA TCT ATG CTG GAG CCG GTT CCG GAG CTG AAA GAA CAG ATC CAG GCG TGG ATG CGT,0.8997669443612317
GAC GCT CCG GAC GAA TTC CGT GAC CCA CTG ATG GAC ACC CTC ATG ACC ATG CCG GTT CGT CTG CCG TCT GGT ACT ATC ATG GAT GAA TCC ATC ATC CTG CGT CAC CTG CTG AAC TCT CCG ACC GAC CCG TTC AAC CGC CAG ACC CTG ACC GAA TCT ATG CTG GAA CCA GTG CCG GAG CTC AAA GAA CAG ATC CAG GCG TGG ATG CGT,-0.3039876584794569
