sequence,label
GAC GTT GAA CCG GGT AAA TTC TAC AAG GGT GTT GTT ACC CGT ATC GAA AAA TAC GGT GCG TTC ATC AAT CTG AAC GAG CAG GTT CGT GGT CTG CTG CGT CCG CGT GAC ATG ATC TCT CTG CGT CTG GAA AAC CTG AAT GTT GGT GAC GAA ATC ATT GTT CAG GCG ATC GAC GTT TGG CCG GAA AAA CGT GAA ATC CGT TTC AAA TAC ATC CCG,4.743198683999005
GAC GTT GAA CCG GGT AAA TTC TAC AAA GGT GTT GTT ACC CGT ATC GAA AAA TAC GGT GCG TTC ATC AAC CTG AAC GAA CAG GTT CGT GGT CTG CTG CGT CCA CGT GCG ATG ATC TCT CTG CGT CTG GAA AAT CTG AAT GTT GGT GAC GAA ATC ATC GTG CAA GCG ATC GAC GTG CGT CCG GAA AAA CGT GAG ATC TTC TTC AAA TAC ATC CCG,2.6936536790845107
GAT GTT GAA CCG GGC AAA TTC TAC AAA GGC GTT GTT ACC CGT ATC GAA AAA TAC GGT GCG TTC ATC AAC CTG AAT GAA CAG GTT CGC GGT CTG CTG CGT CCG CGT GAC ATG ATC TCT CTC CGT CTG GAG AAC CTC AAC GTG GGT GAC GAA ATC ATC GTG CAG GCT ATC GAC GTT CAG CCA GAA AAA CGT GAA ATC GTT TTC AAA TAC ATC CCG,3.642860897876477
GAC GTT GAA CCG GGT AAA TTC TAC AAG GGC GTT GTT ACC ATG ATC GAA AAA TAC GGT GCG TCT ATC AAC CTC AAT GAA CAG GTT CGT GGC CTG CTG CGT CCG CGC GAC ATG ATC TCT CTC CGT CTG GAA AAC CTG AAC GTG GGT GAT GAA ATC ATC GTG CAG GCG ATT GAC GTT CGT CCG GAA AAA CGT GAA ATC GAC TTC AAA TAC ATC CCG,1.5191437964349306
GAC GTT GAA CCG GGT AAA TTC TAC AAA GGT GTT GTT ACC CGT ATC GAA AAA TAC GGT GCG TTC ATC AAT CTC AAC GAA CAG GTT CGT GGT CTG CTG CTG CCG CGT CAC ATG ATC TCT CTG CGT CTG GAA AAC CTG AAC GTT GGT GAC GAA ATC ATC GTT CAA GCT ATC GAC GTT CGT CCG GAA AAA CGT GAA ATC GAC TTC AAA TAC ATC CCG,3.2297567834596137
GAC GTG GAA CCG GGT AAA TTC TAC AAA GGT GTT GTT ACC CGT ATC GAA AAA TAC GGT GCG TTC ATC AAT CTC AAC GAA CAG GTT CGT GGT CTG CTC CGT CCG CGT TCT ATG ATC TCT CTG CGT CTG GAA AAT CTG AAC GTT GGT GAC GAA ATC ATC GTG CAG GCG ATC GAC GTT CGT CCG GAA AAA CGT GAA ATC GAC TTC AAA TAC ATC CCG,3.597331811087125
GAC GTT GAA CCA GGT AAA TTC TAC AAA GGT GTT GTT ACC CAC ATC CCG AAA TAC GGT GCG TTC ATC AAT CTG AAC GAA CAG GTG CGT GGT CTG CTG CGT CCG CGT GAC ATG ATC TCC CTG CGT CTG GAA AAC CTG AAC GTT GGT GAC GAA ATC ATC GTG CAA GCG ATC GAC GTT CGT CCG GAA AAA CGT GAA ATC GAC TTC AAA TAC ATT CCA,1.4001978167705036
GAT GTT GAA CCG GGT AAA TTC TAC AAA GGT GTT GTT ACC CGT ATC GAA AAA TAC GGT GCG TTC ATC AAT CTG AAC GAA CAG GTG CGT GGT CTG CTG AAC CCG CGT ATG ATG ATC TCT CTG CGT CTG GAA AAC CTG AAC GTT GGT GAC GAA ATC ATC GTT CAA GCG ATC GAC GTT CGT CCG GAA AAA CGT GAA ATC GAC TTC AAA TAC ATC CCG,2.003822568939565
GAT GTT GAA CCG GGT AAA TTC TAC AAA GGT GTT GTT ACC CGT ATC GAA AAA TAC GGT GCT TTC ATC AAA CTG AAC GAA CAG GTT CGT GGT CTG CTG CGT CCG CGT GAC ATG ATC TCT CTC CGT CTG GAA AAC CTC AAC GTG GGT GAC GAA ATC ATC GTT CAA GCT ATC GAC GTT CGT CCG GAA AAA CGT GAA ATC GAC TTC AAA TAC ATC CCG,5.160819095626488
GAC GTT GAA CCG GGT AAA TTC TAC AAA GGT GTT GTT ACC CGT ATC GAA AAA TAC GGT GCG TTC ATC AAT CTG AAT GAA CAG GTT CGT GGT CTG CTC CGC CCA CGC CTG ATG ATC TCT CTC CGT CTG GAA AAC CTC AAT GTT GGT GAC GAA ATC ATC GTT CAG GCG ATT GAC GTT CGC CCA GAA AAA CGT GAA ATC GAC TTC ATG TAT ATC CCG,2.666386389471297
GAC GTT GAA CCG GGT AAA TTC TAC AAA GGT GTT GTT ACC CGT ATC GAA AAA TAC GGT GCG TTC ATC AAC CTC AAC GAA CAG GTT CGT GGT CTG CTG GAA CCG CGT GAC ATG ATC TCT CTG CGT CTG GAA AAC CTG AAC GTT GGT GAC GAA ATC ATC GTG CAG GCG ATC GAC GTT CGT CCG GAA AAA CGT GAA ATC GGT TTC AAA TAC ATC CCG,1.9408954707162425
GAC GTT GAA CCG GGT AAA TTC TAC AAA GGT GTT GTT ACC CGT ATC GAA AAA TAC GGT GCG TTC ATC AAC CTC AAC GAG CAG GTT CGT GGT CTG CTG CGC CCA CGT GAC ATG ATC TCT CTG CGT CTG GAA AAT CTG AAC GTT GGT GAC GAA ATC ATC GTT CAG GCG ATC GAC GTG GGT CCG GAA AAA CGC GAA ATC TTC TTC AAG TAC ATC CCG,4.640697860532473
GAC GTT GAA CCG GGT AAA TTC TAC AAA GGT GTT GTT ACC CGT ATC GAA AAA TAC GGT GCG TTC ATC AAT CTG AAC GAA CAG GTT CGT GGT CTG CTG CCG CCA CGT GCG ATG ATC TCT CTG CGT CTG GAA AAC CTG AAC GTT GGT GAT GAA ATC ATC GTT CAA GCG ATC GAC GTT CGT CCG GAA AAA CGT GAA ATC GAC TTC AAA TAC ATC CCG,1.8022776312658588
GAT GTT GAA CCG GGT AAA TTC TAC AAA GGC GTT GTT ACC GAG ATC GAG AAA TAC GGT GCG GAA ATC AAC CTC AAC GAA CAG GTG CGT GGT CTG CTG CGT CCA CGT GAC ATG ATC TCT CTC CGT CTG GAA AAC CTG AAC GTT GGT GAC GAA ATC ATC GTT CAA GCT ATT GAC GTT CGT CCA GAA AAA CGT GAA ATC GAC TTC AAA TAC ATC CCG,0.4903119915511387
GAC GTT GAA CCG GGT AAA TTC TAC AAG GGT GTT GTT ACC CGT ATC GAA AAA TAC GGT GCT TTC ATC AAC CTC AAC GAG CAG GTT CGT GGT CTG CTG CGT CCG CGT GAC ATG ATT TCT CTG CGT CTC ATG AAT CTG AAC GTT GGT GAC GAG ATC ATT GTT CAG GCG ATC GAT GTT CGT CCG GAA AAA CGT GAA ATC GAC TTC AAA TAC ATC CCG,4.218288082765783
GAC GTT GAA CCG GGT AAA TTC TAC AAA GGT GTT GTT ACC CGT ATC GAA AAA TAC GGT GCG TTC ATC AAC CTC AAC GAA CAG GTT CGC GGT CTG CTG CGT CCG CGT CAG ATG ATC TCT CTG CGC CTG GAA AAT CTG AAC GTG GGT GAC GAA ATC ATC GTT CAG GCG ATT GAC GTT CGT CCG GAA AAA CGT GAA ATC TGG TTC AAA TAC ATC CCG,2.604364445001808
GAC GTT GAA CCG GGT AAA TTC TAC AAA GGT GTT GTT ACC CGT ATC GAA AAA TAC GGT GCG TTC ATC AAC CTG AAC GAA CAG GTT CGT GGT CTG CTG CGT CCG CGT CCG ATG ATC TCT CTC CGT CTG GAA AAT CTG AAC GTT GGT GAC GAA ATC ATC GTT CAA GCG ATC GAC GTT CGT CCG GAA AAA CGT GAA ATC GAC TTC CGT TAC ATC CCG,1.5013967665613008
GAC GTT GAA CCG GGC AAA TTC TAC AAA GGT GTT GTT ACC CGT ATC GAA AAA CCG GGT GCG TTC ATC AAC CTG AAC GAA CAG GTT CGT GGT CTG CTG CGT CCG CGC GAC ATG ATT TCT CTG CGT CTG GAA AAT CTG AAC GTT GGT GAC GAG ATC ATC GTG CAG GCG ATC GAT GTT CGT CCG GAA AAA CGT GAA ATC GAC TTC AAA TAC ATC CCG,1.4172999387078968
GAC GTT GAA CCG GGT AAA TTC TAC AAA GGT GTT GTT ACC CGT ATC GAA AAA TAC GGT GCG TTC ATC AAC CTG AAT GAA CAG GTT CGT GGT CTG CTG CGT CCG CGC TCT ATG ATC TCT CTG CGC CTG GAA AAC CTC AAC GTG GGT GAC GAA ATC ATC GTT CAG GCT ATT GAT GTG CTC CCG GAA AAA CGT GAA ATC GAC TTC AAA TAC ATC CCG,1.8465645801302657
GAC GTT GAA CCG GGT AAA TTC TAC AAA GGT GTT GTT ACC TCT ATC CTG AAG TAC GGT GCG TTC ATC AAC CTG AAC GAA CAG GTT CGT GGT CTG CTC CGT CCG CGT GAC ATG ATC TCT CTG CGT CTG GAA AAC CTC AAC GTG GGT GAC GAA ATC ATC GTT CAA GCG ATC GAC GTG CGC CCA GAA AAG CGT GAA ATC GAC TTC AAA TAC ATC CCG,4.330705506179914
GAC GTT GAA CCG GGT AAA TTC TAC AAA GGT GTT GTT ACC CGT ATC GAA AAA TAC GGT GCG TTC ATC AAC CTG AAT GAA CAG GTT CGT GGC CTC CTC CGC CCA CGC GTT ATG ATC TCT CTG CGT CTC GAA AAC CTC AAT GTT GGT GAC GAA ATC ATC GTT CAG GCG ATC GAC GTT CGT CCG GAA AAA CGT GAA ATC GAC TTC CGT TAC ATC CCG,2.1560555554486047
GAT GTT GAA CCG GGT AAA TTC TAC AAG GGT GTT GTT ACC CGT ATC GAA AAA TAC GGT GCG TTC ATC AAC CTC AAC GAA CAG GTT CGT GGC CTC CTG CGT CCG CGT TCT ATG ATC TCT CTG CGT CTG GAA AAC CTG AAC GTT GGT GAC GAA ATC ATC GTG CAG GCG ATC GAT GTT CGT CCG GAA AAA CGT GAA ATC GAC TTC CTG TAC ATC CCG,2.748004209445369
GAC GTT GAA CCG GGT AAA TTC TAC AAA GGT GTT GTT ACC CGT ATC GAA AAA TAC GGT GCG TTC ATC AAC CTG AAC GAA CAG GTT CGT GGT CTG CTG CCA CCG CGT GTT ATG ATC TCT CTG CGT CTG GAA AAC CTC AAC GTG GGT GAC GAA ATC ATC GTG CAG GCG ATT GAC GTT CGT CCG GAA AAA CGT GAA ATC GAC TTC AAA TAC ATC CCG,1.752848004025933
GAT GTT GAA CCG GGT AAA TTC TAC AAA GGT GTT GTT ACC CGT ATC GAA AAA TAC GGT GCT TTC ATC AAT CTG AAC GAA CAG GTT CGT GGT CTG CTG TAC CCG CGT GAC ATG ATC TCT CTG CGT CTG GAA AAC CTG AAC GTT GGT GAC GAA ATC ATC GTT CAA GCG ATC GAC GTT TCT CCG GAA AAA CGT GAA ATC GAC TTC AAA TAC ATC CCG,1.4649392603751688
GAC GTT GAA CCG GGT AAA TTC TAC AAA GGT GTT GTT ACC AAC ATC GAA AAA TAC GGT GCG AAC ATC AAT CTG AAC GAA CAG GTT CGT GGT CTG CTC CGT CCG CGT GAC ATG ATC TCT CTG CGC CTG GAA AAC CTG AAC GTT GGT GAC GAA ATC ATC GTT CAA GCG ATC GAC GTG CGT CCG GAA AAA CGT GAA ATC GAC TTC AAA TAC ATC CCA,0.9805645392037736
GAC GTT GAA CCG GGT AAA TTC TAC AAA GGT GTT GTT ACC CGT ATC GAA AAA TAC GGT GCG TTC ATC AAC CTC AAC GAA CAG GTT CGT GGT CTG CTG GAC CCG CGT GAC ATG ATC TCT CTG CGT CTG GAA AAC CTG AAC GTT GGT GAC GAA ATC ATC GTG CAG GCG ATC GAC GTT TGG CCG GAA AAA CGT GAA ATC GAC TTC AAA TAC ATC CCG,1.4139374202303323
GAC GTT GAA CCG GGT AAA TTC TAC AAA GGT GTT GTT ACC CGT ATC GAA AAA TAC GGT GCG TTC ATC AAC CTC AAC GAG CAG GTT CGT GGT CTG CTG ATC CCG CGT GAC ATG ATC TCT CTG CGT CTG GAA AAC CTG AAT GTT GGT GAC GAA ATC ATC GTG CAG GCG ATT GAC GTG CGT CCG GAA AAG CGC GAG ATC TAC TTC AAA TAC ATC CCG,2.7151401407956866
GAT GTT GAA CCG GGT AAA TTC TAC AAA GGT GTT GTT ACC CGT ATC GAA AAA TAC GGT GCG TTC ATC AAC CTC GAC GAA CAG GTT CGT GGT CTG CTG CGT CCG CGT GAT ATG ATC TCT CTG CGT CTC GAA AAC CTC AAT GTT GGT GAC GAA ATC ATC GTT CAG GCG ATC GAC GTT CGT CCG GAA AAA CGT GAA ATC GAC TTC AAA TAC ATC CCG,4.30737000371129
GAC GTT GAA CCG GGT AAA TTC TAC AAA GGT GTT GTT ACC CGT ATC GAA AAA TAC GGT GCG TTC ATC AAT CTG AAC GAA CAG GTT CGT GGT CTG CTG ATG CCG CGT ATG ATG ATC TCT CTG CGT CTG GAA AAC CTG AAT GTT GGT GAC GAA ATC ATC GTG CAA GCG ATC GAC GTT CGT CCG GAA AAA CGT GAA ATC GAC TTC AAA TAC ATC CCG,2.42002166925126
GAC GTT GAA CCG GGT AAA TTC TAC AAA GGT GTT GTT ACC CGT ATC GAA AAA TAC GGT GCG TTC ATC AAC CTC AAC GAA CAG GTT CGT GGT CTG CTG CGT CCG CGT GTT ATG ATC TCT CTG CGT CTG GAA AAC CTG AAT GTT GGT GAC GAA ATC ATC GTT CAG GCG ATT GAC GTT CAC CCG GAA AAA CGT GAA ATC GAC TTC AAA TAC ATC CCG,1.8256589682868145
GAC GTT GAA CCG GGT AAA TTC TAC AAA GGT GTT GTT ACC CGT ATC GAA AAA TAC GGT GCG TTC ATC AAC CTG AAC GAA CAG GTT CGT GGT CTG CTG CGT CCG CGT CAG ATG ATC TCT CTG CGT CTG GAA AAC CTC AAT GTT GGT GAC GAA ATC ATC GTG CAG GCT ATC GAC GTT CAG CCG GAA AAA CGT GAA ATC GAC TTC AAA TAC ATC CCG,2.001642040984007
GAC GTT GAA CCG GGT AAA TTC TAC AAA GGT GTT GTT ACC CGT ATC GAA AAA TAC GGT GCG TTC ATC AAC CTG AAT GAA CAG GTT CGT GGT CTG CTC CGT CCA CGT ATT ATG ATC TCT CTG CGT CTG GAA AAT CTG AAT GTT GGT GAC GAA ATC ATC GTG CAG GCG ATC GAC GTT CGT CCG GAA AAA CGT GAA ATC TCC TTC AAA TAC ATC CCG,1.8054374076939383
GAC GTT GAA CCG GGT AAA TTC TAC AAA GGT GTT GTT ACC CGT ATC GAA AAA TAC GGT GCG TTC ATC AAC CTG AAT GAA CAG GTT CGT GGT CTG CTG CGT CCG CGT GAC ATG ATC TCT CTG CGT CTG GAA AAT GAA AAC GTT GGT GAC GAA ATC ATC GTT CAG GCG ATC GAT GTT CGT CCG GAA AAA CGT GAA ATC GAC TTC AAA TAC ATC CCG,0.2339172742768787
GAT GTT GAA CCG GGT AAA TTC TAC AAG GGT GTT GTT ACC CGT ATC GAA AAA TAC GGT GCG TTC ATC AAC CTC AAT GAA CAG GTT CGT GGT CTG CTC CGT CCG CGT GAC ATG ATC TCT CTC CGT CTG GAA AAC CTG AAC GTT GGT GAC GAA ATC ATC GTT CAA GCG ATC GAC TGC CGT CCG GAA AAA CGT GAA ATC GAC TTC AAA TAC ATC CCG,2.901503165275398
GAC GTT GAA CCG GGT AAA TTC TAC AAA GGT GTT GTT ACC CGT ATC GAA AAA TAC GGT GCG TTC ATC AAC CTG AAC GAA CAA GTT CGT GGT CTG CTG CGT CCG CGT CAG ATG ATC TCT CTG CGT CTG GAA AAC CTC AAC GTG GGT GAC GAA ATC ATC GTG CAG GCG ATC GAC GTT GCG CCG GAA AAA CGT GAA ATC GAC TTC AAA TAC ATC CCG,1.6580559564988462
GAT GTT GAA CCG GGT AAA TTC TAC AAA GGT GTT GTT ACC CGT ATC GAA AAA TAC GGT GCG TTC ATC AAC CTC AAC GAA CAG GTT CGT GGT CTG CTG GTT CCG CGT GAC ATG ATC TCT CTG CGT CTG GAA AAT CTG AAC GTT GGT GAC GAA ATT ATC GTT CAG GCG ATC GAC GTT CGT CCG GAA AAA CGT GAA ATC ATG TTC AAA TAC ATC CCG,2.228993043114253
GAC GTT GAA CCG GGT AAA TTC TAC AAA GGT GTT GTT ACC CGT ATC GAA AAA TAC GGT GCG TTC ATC AAC CTG AAC GAA CAG GTT CGT GGT CTG CTG CGT CCG CGT GAC ATG ATC TCT CTG CGT CTG GAA AAC CTC AAC GTG GGT GAC GTT ATC ATC GTT CAA GCG ATT GAC GTT CGT CCG GAA AAA CGT GAA ATC GAC TTC AAA TAC ATC CCG,6.904036922525242
GAC GTT GAA CCG GGT AAA TTC TAC AAA GGT GTT GTT ACC CGT ATC GAA AAA TAC GGT GCG TTC ATC AAT CTG AAC GAA CAG GTT CGT GGT CTG CTG CGT CCA CGC ACT ATG ATC TCC CTC CGT CTG GAA AAC CTG AAC GTT GGT GAC GAA ATC ATC GTT CAA GCG ATT GAC GTG CGC CCA GAA AAA CGT GAA ATC GAC TTC ATG TAT ATC CCA,2.031821038765606
GAC GTT GAA CCG GGT AAA TTC TAC AAA GGT GTT GTT ACC CGT ATC GAA AAA TAC GGT GCG TTC ATC AAC CTG AAC GAG CAG GTT CGT GGT CTG CTG AAC CCG CGT GAC ATG ATC TCT CTG CGT CTG GAA AAT CTG AAC GTT GGT GAC GAA ATC ATC GTT CAA GCG ATC GAC GTT CGT CCG GAA AAA CGT GAA ATC CAC TTC AAA TAC ATC CCG,2.120012870673137
GAC GTT GAA CCG GGT AAA TTC TAC AAA GGT GTT GTT ACC CGT ATC GAA AAA TAC GGT GCG TTC ATC AAC CTC AAC GAG CAG GTT CGT GGT CTG CTG CGT CCG CGT GAC ATG ATC TCT CTG TGG CTG GAA AAC CTG AAC GTT GGT GAC GAA ATC ATC GTT CAA GCG ATC GAC GTT CGT CCG GAA AAA CGT GAA ATC GAC TTC AAA TAC ATC CCG,4.207483879514873
GAC GTT GAA CCG GGT AAA TTC TAC AAA GGT GTT GTT ACC CGT ATC GAA AAA TAC GGT GCG TTC ATC AAT CTC AAC GAA CAA GTT CGT GGT CTG CTC CGT CCG CGC ATG ATG ATC TCT CTG CGT CTG GAA AAC CTC AAC GTG GGC GAC GAA ATC ATC GTT CAG GCG ATC GAT GTT CGT CCG GAA AAA CGT GAA ATC GAC TTC ATG TAT ATC CCA,3.1255593945503106
GAT GTT GAA CCG GGT AAA TTC TAC AAA GGT GTT GTT ACC CGT ATC GAA AAA TAC GGT GCG TTC ATC AAC CTG AAT GAA CAG GTT CGT GGT CTG CTG TTC CCG CGT GAC ATG ATC TCT CTG CGT CTG GAA AAC CTC AAT GTT GGT GAC GAA ATC ATC GTT CAG GCG ATC GAC GTT GAC CCG GAA AAA CGT GAA ATC GAC TTC AAA TAC ATC CCG,2.338125617111157
GAC GTT GAA CCG GGT AAA TTC TAC AAA GGT GTT GTT ACC CGT ATC GAA AAA TAC GGT GCG TTC ATC AAC CTG AAT GAA CAG GTT CGT GGT CTG CTG TGG CCG CGT CGT ATG ATC TCT CTG CGT CTG GAA AAT CTG AAC GTT GGT GAC GAA ATC ATC GTT CAG GCG ATC GAT GTT CGT CCG GAA AAA CGT GAA ATC GAC TTC AAA TAC ATC CCG,1.7963277501991843
GAC GTT GAA CCG GGT AAA TTC TAC AAA GGT GTT GTT ACC CGT ATC GAA AAA TAC GGT GCG TTC ATC AAC CTG AAC GAA CAG GTT CGT GGT CTG CTG TTC CCG CGT GAC ATG ATC TCT CTG CGT CTG GAA AAC CTC AAT GTT GGC GAC GAA ATC ATC GTT CAA GCG ATC GAC GTT TGG CCG GAA AAA CGT GAA ATC GAC TTC AAA TAC ATC CCG,1.9862297597235865
GAC GTT GAA CCG GGT AAA TTC TAC AAA GGT GTT GTT ACC CGT ATC GAA AAA TAC GGT GCG TTC ATC AAC CTG AAC GAA CAG GTT CGT GGT CTG CTG CTG CCG CGT GAC ATG ATC TCT CTG CGT CTG GAA AAT CTG AAC GTT GGT GAC GAA ATC ATC GTT CAA GCG ATC GAT GTT CAG CCG GAA AAA CGT GAA ATC GAC TTC AAA TAC ATC CCG,2.1551963424188045
GAC GTT GAA CCG GGT AAA TTC TAC AAG GGT GTT GTT ACC TGG ATC GAC AAA TAC GGT GCG TTC ATC AAC CTC AAC GAA CAG GTT CGT GGT CTG CTG CGT CCG CGT GAC ATG ATC TCT CTG CGC CTG GAA AAC CTG AAC GTT GGT GAC GAA ATC ATT GTT CAA GCT ATC GAC GTT CGT CCG GAA AAA CGT GAA ATC GAC TTC AAA TAC ATC CCG,3.898497008154536
GAC GTG GAA CCG GGC AAA TTC TAC AAA GGT GTT GTT ACC CGT ATC GAA AAA TAC GGT GCG TTC ATC AAC CTG AAT GAA CAG GTT CGT GGT CTG CTG CGT CCG CGT GAC ATG ATC TCT CTG CGT CTG GAA AAC CTC AAC GTG GGT GAC GAA ATC ATC GTT CAA GCG ATT GAC GTT GAC CCG GAA AAA CGT GAG ATC AAC TTC AAA TAC ATC CCG,5.196734432807509
GAC GTG GAA CCG GGC AAA TTC TAC AAA GGT GTT GTT ACC TTC ATC CAC AAA TAC GGT GCG TTC ATC AAC CTG AAC GAG CAG GTT CGT GGT CTG CTC CGT CCG CGT GAC ATG ATC TCT CTG CGT CTG GAA AAT CTG AAC GTT GGT GAC GAA ATC ATT GTT CAG GCG ATC GAC GTT CGT CCG GAA AAA CGT GAA ATC GAC TTC AAA TAC ATC CCG,4.006618870208296
GAC GTT GAA CCG GGT AAA TTC TAC AAA GGT GTT GTT ACC ATG ATC AAC AAA TAC GGT GCG TTC ATC AAC CTG AAT GAA CAG GTT CGT GGT CTG CTC CGT CCG CGT GAC ATG ATC TCT CTG CGT CTC GAA AAC CTC AAC GTG GGT GAC GAA ATC ATC GTT CAG GCG ATC GAC GTT CGT CCG GAG AAG CGT GAA ATC GAC TTC AAA TAC ATC CCG,4.231695234810426
GAC GTT GAA CCG GGC AAA TTC TAC AAA GGT GTT GTT ACC CGT ATC GAA AAA TAC GGT GCG TTC ATC AAT CTG AAC GAA CAG GTT CGT GGT CTG CTG CGT CCG CGT GAC ATG ATC TCT CTG CGT CTG GAA AAC CTC AAC GTG GGT GAC GAA ATC ATC GTG CAG GCT ATT TCC GTT CGT CCG GAA AAA CGT GAA ATC GAC TTC AAA TAC ATC CCG,6.944712482049438
GAC GTT GAA CCG GGT AAG TTC TAC AAA GGT GTT GTT ACC CGT ATC GAA AAG TAC TGG GCG TTC ATC AAC CTC AAC GAA CAA GTT CGT GGT CTG CTG CGT CCG CGT GAC ATG ATC TCT CTG CGT CTG GAA AAC CTG AAC GTT GGT GAC GAA ATC ATC GTT CAA GCG ATC GAC GTT CGC CCG GAA AAA CGT GAA ATC GAC TTC AAA TAC ATC CCA,3.2644846538644523
GAT GTT GAA CCG GGT AAA TTC TAC AAA GGT GTT GTT ACC CGT ATC GAA AAA TAC TTC GCG TTC ATC AAT CTC AAC GAA CAG GTT CGT GGT CTG CTG CGT CCG CGT GAC ATG ATC TCT CTG CGT CTG GAA AAC CTC AAT GTT GGT GAT GAA ATC ATC GTT CAG GCG ATC GAC GTT CGT CCG GAA AAA CGT GAA ATC GAC TTC AAA TAC ATC CCG,3.3280426957085574
GAC GTT GAA CCG GGT AAA TCT TAC AAG GGT GTT GTT ACC CGT ATC GAA AAA TAC GGT GCG TTC ATC AAC CTG AAC GAA CAG GTT CGC GGT CTG CTG CGC CCA CGT GAC ATG ATC TCT CTG CGT CTG GAA AAT CTG AAC GTT GGT GAC GAA ATC ATT GTT CAG GCG ATC GAC GTT CGT CCG GAA AAA CGT GAA ATC GAC TTC AAA TAC ATC CCG,4.817086295081195
GAC GTT GAA CCG GGT AAA TTC TAC AAA GGT GTT GTT ACC CGT ATC GAA ATC TAC GGT GCG TTC ATC AAT CTG AAT GAA CAG GTT CGT GGT CTG CTG CGT CCA CGT GAC ATG ATC TCT CTG CGT CTG GAG AAC CTG AAC GTT GGT GAC GAA ATC ATC GTG CAA GCG ATC GAC GTT CGT CCG GAA AAA CGT GAA ATC GAC TTC AAA TAC ATC CCG,5.256729964950784
GAC GTG GAA CCG GGT AAA TTC TAC AAA GGT GTT GTT ACC CGT ATC GAA AAA TAC GGT GCG TTC ATC AAC CTG AAC GAA CAG GTG CGT GGT CTG CTG CGT CCG CGT TCT ATG ATT TCT CTG CGT CTG GAA AAT CTG AAC GTT GGT GAC GAG ATT ATT GTT CAA GCG ATC GAC GTT CGT CCG GAA AAA CGT GAG ATC ATG TTC AAA TAC ATC CCG,2.5876767663009463
GAC GTT GAA CCG GGT AAA TTC TAC AAG GGT GTT GTT ACC CGT ATC GAA AAA TAC GGT GCG TTC ATC AAC CTC AAT GAA CAG GTT CGT GGT CTG CTG CGT CCG CGT GAC ATG ATC TCT CTG CGT CTG GAA AAC CTG AAC GTT GGT GAC GAA ATC ATC GTT CAA GCG AAC GAC GTT CGC CCG GAA AAA CGT GAA ATC GAC TTC AAA TAC ATT CCG,3.2890297706821934
GAC GTT GAG CCG GGT AAA TTC TAC AAA GGT GTT GTT ACC GAC ATC GAA AAA TAC GGT GCG GAC ATC AAT CTC AAT GAA CAG GTT CGT GGT CTG CTC CGT CCG CGT GAC ATG ATC TCT CTG CGT CTG GAA AAT CTG AAC GTT GGC GAC GAA ATC ATC GTT CAG GCG ATT GAC GTT CGT CCG GAA AAA CGT GAA ATC GAC TTC AAA TAC ATC CCA,-0.0103368598356663
GAC GTT GAA CCG GGT AAA TTC TAC AAA GGT GTT GTT ACC CGT ATC GAA AAA TAC GGT GCG TTC ATC AAT CTC AAC GAA CAG GTT CGT GGT CTG CTG CGT CCG CGT GAT ATG ATT TCC CTG CGT CTG GAA AAC CTG AAC GTT GGT GAC GAG ATT ATT GTT CAG GCG ATC GAC GTT AAA CCG GAA AAA CGT GAG ATC ATG TTC AAA TAC ATC CCG,3.984922829697022
GAC GTT GAA CCG GGT AAA TTC TAC AAA GGT GTT GTT ACC CGT ATC GAA AAA TAC GGT GCG TTC ATC AAC CTG AAC GAA CAG GTT CGT GGT CTG CTG CGT CCG CGT AAC ATG ATC TCT CTG CGT CTG GAA AAT CTG AAT GTT GGT GAC GAA ATC ATT GTT CAG GCG ATC GAT GTT CGT CCG GAA AAA CGT GAA ATC CCG TTC AAA TAC ATT CCG,2.1734310137281265
GAC GTT GAA CCG GGT AAA TTC TAC AAA GGT GTT GTT ACC CGT ATC GAA AAA TAC GGT GCG TTC ATC AAC CTG AAC GAA CAG GTT CGT GGT CTG CTG CGT CCG CGT GAC ATG ATC TCT CTG CGT CTG GAA AAT CTG AAT GTT GGT GAC GAA ATC ATC GTT CAA GCG ATC GAC GTT CGT CCG GTT AAA CGT GAA ATC GAC TTC AAA TAC ATC CCG,4.170327413059885
GAC GTG GAA CCG GGT AAA TTC TAC AAA GGT GTT TGC ACC CGT ATT GAG AAA TAC GGT GCG TTC ATC AAC CTC AAC GAA CAG GTT CGT GGC CTG CTG CGT CCG CGC GAC ATG ATC TCC CTG CGT CTG GAA AAC CTG AAC GTT GGT GAC GAA ATC ATT GTT CAG GCG ATC GAC GTT CGT CCG GAA AAA CGT GAA ATC GAC TTC AAA TAC ATC CCG,2.1740885317031573
GAC GTT GAA CCG GGT AAA TTC TAC AAA GGT GTT GTT ACC CGT ATC GAA AAA TAC GGT GCG TTC ATC AAC CTG AAC GAA CAG GTT CGT GGT CTG CTG GTT CCG CGT AAG ATG ATC TCT CTG CGT CTG GAA AAT CTG AAC GTT GGT GAC GAA ATC ATC GTG CAG GCG ATT GAC GTT CGT CCG GAA AAA CGT GAA ATC GAC TTC AAA TAC ATC CCG,2.410756850585912
GAT GTT GAA CCG GGT AAG TTC TAC AAA GGT GTT GTT ACC CTG ATC GAA AAA TAC GGT GCG GAC ATC AAT CTG AAT GAA CAG GTT CGT GGC CTC CTG CGT CCG CGC GAC ATG ATC TCT CTG CGT CTG GAG AAC CTG AAC GTT GGT GAC GAA ATT ATC GTG CAG GCG ATC GAC GTT CGT CCA GAA AAA CGT GAA ATC GAC TTC AAA TAC ATC CCA,0.747361034735941
GAC GTT GAA CCG GGT AAG TTC TAC AAA GGT GTT GTT ACC CGT ATC GAA AAA GAC GGT GCG TTC ATC AAT CTG AAC GAA CAG GTT CGT GGT CTG CTG CGT CCG CGT GAC ATG ATC TCT CTG CGT CTC GAA AAC CTG AAC GTT GGT GAC GAA ATC ATC GTG CAG GCG ATC GAT GTT CGT CCG GAA AAA CGT GAA ATC GAC TTC AAA TAC ATC CCG,3.3600101547604497
GAC GTT GAA CCG GGT AAA TTC TAC AAA GGT GTT GTT ACC CGT ATC GAA AAA TAC GGT GCG TTC ATC AAC CTG AAC GAA CAG GTT CGT GGT CTG CTG CGT CCG CGT GAC ATG ATC TCT CTG CGT CTG GAA AAT CTG AAC GTG GGT GAC GAA ATC ATC GTG CAG GCG ATC GAC GTT CGT CCG GAA AAA CGT GAA ATC GAC TTC GCG TAC ATT CCG,8.413650853667097
GAC GTT GAA CCG GGT AAA TTC TAC AAA GGT GTT GTT ACC CGT ATC GAA AAA TAC GGT GCG TTC ATC AAC CTG AAT GAA CAG GTT CGC GGT CTG CTG CGT CCG CGT CGT ATG ATC TCT CTG CGT CTG GAG AAT CTG AAC GTT GGT GAC GAA ATC ATC GTT CAG GCT ATC GAC GTT CGT CCG GAA AAA CGT GAA ATC CAC TTC AAA TAC ATC CCG,1.9371184629717983
GAC GTT GAA CCG GGT AAG TTC TAC AAA GGT GTT GTT ACC CAC ATC GAA AAA TAC GGT GCG TTC ATC AAT CTG AAT GAA CAG GTT CGT GGT CTG CTG CGT CCG CGT GAT ATG ATC TCT CTG CGT CTG GAG AAC CTG AAC GTT GGT GAC GAA ATC ATC GTT CAA GCG ATC GAT GTT CGT CCG GAA AAA CGT GAA ATC GAC TTC AAA TAC ATC CCG,4.207515447882464
GAC GTT GAA CCG GGT AAA TTC TAC AAA GGT GTT GTT ACC CGT ATC GAA AAA TAC GGT GCG TTC ATC AAC CTG AAT GAA CAG GTT CGT GGT CTG CTC CGT CCG CGT GAG ATG ATC TCT CTG CGT CTG GAA AAC CTC AAC GTG GGT GAC GAA ATC ATC GTT CAG GCG ATT GAC GTT CGT CCG GAA AAA CGT GAA ATC GAC TTC TTC TAC ATC CCG,1.9829982496795124
GAT GTT GAA CCG GGT AAA TTC TAC AAA GGT GTT GTT ACC CGT ATC GAG AAA TAC GGT GCG TTC ATC AAC CTC AAC GAA CAG GTT CGC GGT CTG CTG CGT CCG CGT ATG ATG ATC TCT CTG CGT CTG GAA AAT CTG AAT GTT GGT GAC GAA ATC ATC GTT CAG GCG ATC GAC GTT CGT CCG GAA AAA CGT GAA ATC GTT TTC AAA TAC ATC CCG,3.1197945503968283
GAT GTT GAA CCG GGT AAA TTC TAC AAA GGT GTT GTT ACC CGT ATC GAA AAA TAC GGT GCG TTC ATC AAC CTC AAC GAA CAA GTT CGT GGT CTG CTC TGG CCA CGT CTG ATG ATC TCT CTG CGT CTG GAA AAC CTG AAT GTT GGT GAC GAA ATC ATC GTT CAG GCG ATC GAC GTG CGT CCG GAA AAA CGT GAA ATC GAC TTC AAA TAC ATC CCG,2.2897677865763524
GAC GTT GAA CCG GGC AAA TTC TAC AAA GGT GTT GTT ACC CGT ATC GAA AAA TAC GGT GCG TTC ATC AAC CTG AAT GAA CAG GTT CGT GGT CTG CTG TTC CCG CGT GAA ATG ATC TCT CTG CGT CTG GAA AAT CTG AAC GTT GGT GAC GAA ATC ATC GTT CAG GCG ATC GAC GTT CGT CCG GAA AAA CGC GAA ATC GAC TTC AAA TAC ATC CCA,1.8256052104523088
GAT GTT GAA CCG GGT AAA TTC TAC AAA GGT GTT GTT ACC CGT ATC GAA AAA TAC GGT GCG TTT ATC AAC CTC AAC GAA CAG GTT CGT GGT CTG CTC CGT CCG CGT ATT ATG ATC TCT CTG CGT CTG GAA AAC CTG AAC GTT GGT GAC GAA ATC ATC GTG CAG GCG ATC GAT GTG CGT CCG GAA AAA CGT GAA ATC CTG TTC AAA TAC ATC CCG,2.14846736545656
GAC GTT GAA CCG GGT AAA TTC TAC AAA GGT GTT GTT ACC CGT ATC GAA AAA TAC GGT GCG TTC ATC AAC CTC AAT GAA CAG GTT CGT GGT CTG CTG CGT CCG CGT GAC ATG ATC TCT CTG CGC CTG GAA AAC CTG AAC GTT GGT GAC GAA ATC ATC GTT CAA GCG ATC GAC GTT CGT CCG ATC AAA CGT GAA ATC GAC TTC AAA TAC ATC CCG,4.320090059761173
GAC GTT GAA CCG GGT AAA TTC TAC AAA GGT GTT GTT ACC CGT ATC GAA AAA TAC GGT GCG TTC ATC AAC CTG AAC GAA CAG GTT CGT GGT CTG CTG AAC CCG CGT TTC ATG ATC TCT CTG CGT CTG GAA AAT CTG AAC GTT GGT GAC GAA ATC ATC GTG CAG GCG ATC GAT GTT CGT CCG GAA AAA CGT GAA ATC GAC TTC AAA TAC ATC CCG,2.244747246063896
GAC GTT GAA CCG GGT AAA TTC TAC AAA GGT GTT GTT ACC CGT ATC GAA AAA TAC GGT GCG TTC ATC AAC CTG AAC GAA CAG GTT CGT GGT CTG CTG GAC CCG CGT GAA ATG ATC TCT CTG CGT CTG GAA AAC CTC AAC GTG GGT GAC GAA ATC ATC GTT CAA GCG ATC GAC GTT CGC CCG GAA AAA CGC GAA ATC GAC TTC AAA TAC ATT CCG,1.7221301136810605
GAC GTT GAA CCG GGT AAA TTC TAC AAA GGT GTT GTT ACC CGT ATC GAA AAA TAC GGT GCG TTC ATC AAC CTG AAC GAA CAG GTT CGT GGT CTG CTG CGT CCG CGT GAC ATG ATC TCT CTG CGT CTG GAA AAC CTC AAT GTT GGT GAC GAA ATC ATC GTT CAA GCG ATC GAC GTT CAC CCG GAA AAA CGT GAA ATC GAC TTC AAA TAC ATC CCG,3.8675340699558207
GAC GTT GAA CCG GGT AAA TTC TAC AAA GGT GTT GTT ACC CGT ATC GAA AAA TAC GGT GCG TTC ATC AAT CTC AAC GAG CAG GTT CGT GGT CTG CTG TCT CCG CGT GAC ATG ATC TCT CTG CGT CTG GAA AAC CTG AAT GTT GGT GAC GAA ATC ATC GTT CAG GCG ATC GAC GTG GGT CCG GAA AAA CGT GAA ATC GAC TTC AAA TAC ATC CCG,1.5340734603679549
GAT GTG GAA CCG GGT AAA TTC TAC AAA GGT GTT GTT ACC CGT ATC GAA AAA TAC GGT GCG TTC ATC AAC CTG AAT GAA CAG GTT CGC GGC CTG CTG CGT CCG CGT GGT ATG ATT TCT CTG CGT CTG GAA AAC CTC AAT GTT GGT GAC GAG ATC ATC GTT CAG GCG ATC GAC GTT CGT CCG GAA AAA CGT GAA ATC GAC TTC GGT TAC ATC CCG,2.314508559468187
GAC GTT GAA CCG TAC AAA TTC TAC AAA GGT GTT GTT ACC CGT ATC GAA AAA TAC GGT GCG TTC ATC AAC CTG AAC GAA CAG GTG CGT GGT CTG CTC CGT CCG CGT GAC ATG ATC TCT CTG CGT CTG GAA AAC CTC AAC GTG GGT GAC GAA ATC ATC GTT CAA GCG ATC GAC GTT CGT CCG GAA AAA CGT GAA ATC GAC TTC AAA TAC ATC CCG,4.1417716743121655
GAT GTT GAA CCG GGT AAG TTC TAC AAA GGC GTT GTT ACC CAG ATC GAA AAA TAC GGT GCG ACC ATC AAC CTC AAC GAG CAG GTT CGT GGT CTG CTC CGT CCG CGT GAC ATG ATC TCT CTG CGT CTG GAG AAC CTG AAC GTG GGT GAC GAA ATC ATC GTG CAG GCG ATC GAC GTT CGT CCG GAA AAA CGT GAA ATC GAC TTC AAA TAC ATC CCA,2.672280852974972
GAC GTT GAA CCG GGT AAA TTC TAC AAA GGT GTT GTG ACC TTC ATC ACC AAA TAC GGT GCG TTC ATC AAC CTC AAC GAA CAG GTT CGT GGT CTG CTG CGT CCG CGT GAC ATG ATC TCT CTG CGC CTG GAA AAC CTG AAC GTT GGT GAC GAA ATC ATT GTG CAG GCG ATC GAC GTT CGT CCG GAA AAA CGT GAA ATC GAC TTC AAA TAC ATC CCG,5.286365716834867
GAC GTT GAA CCG GGT AAA TTC TAC AAA GGT GTT GTT ACC ACC ATC GAA AAA TAC GGT GCG TTC ATC AAT CTG AAC GAA CAG GTT CGT GGT CTG CTG CGT CCG CGT GAC ATG ATC TCT CTG CGT CTG GAA AAC CTG AAC GTT GGT GAC GAA ATC ATC GTG CAG GCT ATC GAC GTT CGT CCG GAA AAA CGT GAA ATC GAC TTC AAA TAC ATC CCG,3.7315695420741104
GAC GTT GAA CCG GGT AAA TTC TAC AAA GGT GTT GTT ACC CGT ATC GAA AAA TAC GGT GCG TTC ATC AAC CTC AAC GAA CAG GTT CGT GGT CTG CTG TAC CCG CGT GAT ATG ATC TCT CTG CGT CTG GAA AAC CTG AAC GTG GGT GAC GAA ATC ATC GTG CAG GCG ATC GAC GTG CGT CCG GAA AAA CGT GAA ATC CAG TTC AAA TAC ATC CCG,2.543681529478592
GAC GTT GAA CCG GGT AAA TTC TAC AAA GGT GTT GTG ACC CGT ATC GAA AAA TAC GGT GCG TTC ATC AAC CTC AAC GAA CAG GTT CGT GGT CTG CTG CGT CCG CGT GAC ATG ATC TCT CTG CGT CTG GAA AAC CTG AAC GTT GGT GAC GAA ATT ATC GTT CAA GCG ATC GAC GTG CCA CCG GAA AAA CGT GAA ATC TAC TTC AAA TAC ATC CCG,3.8779788293434887
GAC GTT GAA CCG GGT AAA TTC TAC AAA GGT GTT GTT ACC CGT ATC GAA AAA TAC GGT GCG TTC ATC AAC CTC AAC GAA CAG GTT CGT GGT CTG CTC CGT CCG CGC AAC ATG ATC TCT CTG CGT CTG GAA AAT CTG AAC GTT GGT GAC GAA ATC ATC GTT CAG GCG ATC GAC GTT CGT CCG GAA AAA CGT GAA ATC TGG TTC AAA TAC ATC CCG,3.4650769608301224
GAT GTT GAA CCG GGT AAA TTC TAC AAA GGT GTT GTT ACC CGT ATC GAA AAA TAC GGT GCG TTC ATC AAC CTC AAT GAA CAG GTT CGT GGT CTG CTG CGT CCG CGT GAC ATG ATC TCT CTG CGT CTG GAA AAC CTG AAT GTT GGT GAC GAA ATT ATC GTT CAG GCG ATC GAC GTT ACT CCG GAA AAA CGT GAA ATC ATG TTC AAA TAC ATC CCG,3.7354424406881312
GAC GTT GAA CCG GGC AAA TTC TAC AAA GGT GTT GTT ACC CGT ATC GAA AAA TAC GGT GCG TTC ATC AAC CTC AAT GAA CAG GTT CGT GGT CTG CTG CGT CCG CGT GAC ATG ATC TCT CTG CGT CTG GAA AAT CTC AAT GTT GGT GAC GAA ATC ATG GTT CAG GCG ATC GAT GTT CGT CCG GAA AAA CGT GAA ATC GAC TTC AAA TAC ATC CCG,4.613176068220083
GAT GTT GAA CCG GGC AAA TTC TAC AAA GGT GTT GTT ACC CGT ATC GAA AAA TAC GGT GCG TTC ATC AAC CTG AAT GAA CAG GTT CGT GGT CTG CTC CGT CCG CGT GTT ATG ATC TCT CTG CGT CTG GAA AAT CTG AAC GTT GGT GAC GAA ATC ATC GTT CAG GCG ATC GAC GTT CGT CCG GAA AAA CGT GAA ATC GAC TTC ACC TAC ATC CCG,2.008531153048775
GAC GTT GAA CCG GGT AAG TTC TAC AAA GGT GTT GTT ACC CGT ATC GAA AAA TAC GGT GCG TTC ATC AAC CTG AAC GAA CAA GCG CGT GGC CTG CTG CGT CCG CGC GAC ATG ATC TCC CTC CGT CTG GAA AAT CTG AAT GTT GGT GAC GAA ATC ATT GTT CAA GCT ATC GAC GTT CGT CCG GAA AAA CGT GAA ATC GAC TTC AAA TAC ATC CCG,3.7921841549811743
GAC GTT GAA CCG GGT AAA TTC TAC AAA GGT GTT GTT ACC CGT ATC GAA AAA TAC GGT GCG TTC ATC AAC CTG AAC GAA CAG GTT CGT GGT CTG CTG CGT CCG CGT GAC ATG ATC TCT CTG CGT CTG GAA AAC CTC AAT GTT GGT GAC GAA ATC ATC GTG CAG GCG ATC GAC GTT GGT CCG GAA AAA CGT GAA ATC GGT TTC AAA TAC ATC CCG,3.588426044004762
GAC GTT GAG CCG GGT AAA TTC TAC AAA GGT GTT GTT ACC CGT ATC GAA AAG TAC GGT GCG TTC ATC AAT CTG AAC GAA CAG GTT CGT GGC CTG CTC CGT CCA CGT TCT ATG ATC TCT CTG CGT CTG GAA AAC CTG AAC GTT GGC GAC GAA ATC ATT GTT CAA GCG ATC GAC GTT CGT CCG GAA AAA CGT GAA ATC CCG TTC AAA TAC ATC CCG,1.0916494679893578
GAC GTT GAA CCG GGT AAA TTC TAC AAA GGT GTT GTT ACC CGT ATC GAA AAA TAC GGT GCG TTC ATC AAC CTC AAC GAA CAG GTT CGT GGT CTG CTG CCA CCG CGT TTC ATG ATC TCT CTG CGT CTG GAA AAC CTG AAC GTG GGT GAC GAA ATC ATC GTG CAG GCG ATT GAC GTT CGT CCG GAA AAA CGT GAA ATC GAC TTC AAA TAC ATC CCG,2.193651610334952
GAC GTT GAA CCG GGT AAA TTC TAC AAA GGT GTT GTT ACC CGT ATC GAA AAA TAC GGT GCG TTC ATC AAC CTC AAC GAA CAG GTT CGT GGT CTG CTG TGG CCG CGT GAC ATG ATC TCT CTG CGT CTG GAA AAC CTG AAC GTT GGT GAC GAA ATC ATC GTT CAA GCG ATC GAC GTT ACT CCG GAA AAA CGT GAA ATC GAC TTC AAA TAC ATC CCG,1.4808749737041205
GAT GTT GAA CCG GGT AAA TTC TAC AAA GGT GTT GTT ACC CGT ATC GAA AAA TAC GGT GCT TTC ATC AAT CTG AAC GAA CAG GTG CGT GGT CTG CTG CGT CCG CGT AAC ATG ATC TCT CTG CGT CTG GAA AAC CTG AAC GTT GGT GAC GAA ATC ATC GTT CAA GCT ATC GAC GTT CGT CCG GAA AAA CGT GAA ATC GTG TTC AAA TAC ATC CCG,4.374123100683245
GAT GTT GAA CCG GGT AAA TTC TAC AAA GGT GTT GTT ACC CGT ATC GAA AAA TAC GGT GCG TTC ATC AAC GTT AAT GAA CAG GTT CGT GGT CTG CTG CGT CCG CGT GAC ATG ATC TCT CTG CGT CTG GAA AAC CTG AAC GTT GGT GAC GAA ATC ATC GTT CAA GCG ATC GAT GTT CGT CCG GAA AAA CGT GAA ATC GAC TTC AAA TAC ATC CCG,4.1401624205561305
GAC GTT GAA CCG GGT AAA TTC TAC AAA GGT GTT GTT ACC CGT ATC GAA AAA TAC GGT GCG TTC ATC AAT CTC AAC GAA CAG GTT CGT GGT CTG CTG CTG CCG CGT GAC ATG ATC TCT CTG CGC CTG GAA AAC CTG AAT GTT GGT GAC GAA ATC ATC GTT CAG GCG ATC GAC GTT CGT CCG GAA AAA CGC GAA ATC TCT TTC AAA TAC ATC CCG,2.884583659591624
GAC GTT GAA CCG GGT AAA TTC TAC AAA GGT GTT GTT ACC CGT ATC GAA AAA TAC GGT GCG TTC ATC AAC CTC AAC GAA CAG GTT CGT GGT CTG CTG CGT CCG CGT GAC ATG GGT TCT CTG CGT CTG GAA AAC CTG AAC GTT GGT GAC GAA ATC ATC GTT CAA GCG ATC GAC GTT CGT CCG GAA AAA CGT GAA ATC GAC TTC AAG TAC ATC CCG,8.423907976294117
GAC GTT GAA CCG GGT AAA TTC TAC AAA GGT GTT GTT ACC CGT ATC GAA AAA TAC GGT GCG TTC ATC ATC CTC AAC GAA CAG GTT CGT GGT CTG CTG CGT CCG CGT GAC ATG ATC TCT CTG CGC CTG GAA AAC CTG AAC GTT GGT GAC GAA ATC ATC GTG CAG GCT ATC GAC GTT CGT CCG GAA AAA CGT GAA ATC GAC TTC AAA TAC ATC CCG,3.547420606816916
GAT GTT GAA CCG GGT AAA TTC TAC AAA ATG GTT GTT ACC CGT ATC GAA AAA TAC GGT GCG TTT ATC AAC CTC AAC GAA CAG GTT CGT GGT CTG CTG CGT CCG CGT GAC ATG ATC TCT CTG CGT CTG GAA AAC CTG AAT GTT GGT GAC GAA ATC ATC GTT CAG GCG ATT GAC GTT CGT CCG GAA AAA CGT GAA ATC GAC TTC AAA TAC ATC CCG,2.586314867154452
GAC GTT GAA CCG GGT AAA TTC TAC AAA GGT GTT GTT ACC CGT ATC GAA AAA TAC GGT GCG TTC ATC AAC CTG AAT GAA CAG GTT CGT GGT CTG CTG CGT CCG CGT GAC ATG ATC TCT CTG CGT CTG GAA AAT CTG AAC GTT GGT GCT GAA ATC ATC GTT CAA GCG ATC GAC GTT CGC CCG GAA AAA CGT GAA ATC GAC TTC AAA TAC ATC CCG,3.683531328703335
GAC GTG GAA CCG GGT AAG TTC TAC AAA GGT GTT GTT ACC CGT ATC GAA AAA TAC GGT GCG TTC ATC AAC CTC AAC GAA CAG GTT CGT GGC CTG CTG CGT CCG CGT TGC ATG ATC TCT CTG CGC CTG GAA AAC CTG AAC GTT GGT GAC GAA ATC ATT GTT CAA GCG ATC GAC GTT CGT CCG GAA AAA CGT GAA ATC GAC TTC CAG TAC ATC CCG,3.380698534895184
GAT GTT GAA CCG GGT AAA TTC TAC AAA GGT GTT GTT ACC CGT ATC GAA AAA TAC GGT GCG TTC ATC AAC CTC AAC GAG CAG GTT CGT GGT CTG CTG AAC CCG CGT CAC ATG ATC TCT CTG CGT CTG GAA AAC CTG AAT GTT GGT GAC GAA ATC ATC GTT CAG GCG ATC GAC GTT CGT CCG GAA AAA CGT GAA ATC GAC TTC AAA TAC ATC CCG,2.1293153441307875
GAC GTT GAA CCG GGT AAA TTC TAC AAG GGT GTT GTT ACC CGT ATC GAA AAA TAC GGT GCG TTC ATC AAC CTG AAC GAA CAG GTT CGT GGC CTG CTC CGT CCG CGT CAG ATG ATC TCT CTG CGT CTG GAG AAC CTC AAC GTG GGT GAT GAA ATC ATC GTT CAA GCG ATC GAC GTG CGT CCG GAA AAA CGT GAA ATT GAC TTC GCT TAC ATC CCG,3.433904556017569
GAC GTG GAA CCG GGT AAA TTC TAC AAA GGT GTT GTT ACC CGT ATC GAA AAA TAC GGT GCG TTC ATC AAC CTG AAC GAA CAG GTT AAC GGT CTG CTG CGT CCG CGT GAC ATG ATC TCT CTG CGT CTG GAG AAC CTC AAT GTT GGT GAC GAA ATC ATT GTT CAG GCG ATC GAC GTT CGT CCG GAA AAA CGT GAA ATC GAC TTC AAA TAC ATC CCG,3.9547454908144064
GAT GTG GAA CCG GGT AAA TTC TAC AAA GGT GTT GTT ACC CGT ATC GAA AAA TAC GGT GCG TTC ATC AAC CTC AAC GAA CAG GTT CGT GGT CTG CTC CGT CCG CGT AAC ATG ATC TCT CTG CGC CTG GAA AAC CTG AAC GTT GGT GAC GAA ATC ATC GTG CAG GCG ATT GAC GTT CGC CCG GAA AAA CGT GAA ATC GAC TTC TGC TAC ATC CCA,4.401225741611576
GAC GTT GAA CCG GGT AAG TTC TAC AAA GGT GTT GTT ACC CGT ATC GAA AAA TAC GGT GCG TTC ATC AAC CTC AAT GAA CAG GTT CGT GGT CTG CTG CGT CCG CGT GAC ATG ATC TCT CTG CGT CTG GAA AAC CTG AAC GTT GGC GAC GAA ATC ATC GTT CAA GCG ATC GAC GTT CGT CAC GAA AAA CGT GAA ATC GAC TTC AAA TAC ATC CCG,4.600142041233733
GAC GTT GAA CCG GGT AAA TTC TAC AAA GGT GTT GTT ACC CGT ATC GAA AAA TAC GGT GCG TTC ATC AAT CTG AAC GAA CAG GTT CGT GGT CTG CTG ATC CCG CGT GAC ATG ATC TCT CTG CGT CTG GAA AAC CTG AAC GTT GGT GAC GAA ATC ATT GTT CAG GCG ATC GAC GTG TCT CCG GAA AAA CGT GAA ATC GAC TTC AAA TAC ATC CCG,2.671626503147459
GAC GTT GAA CCG GGT AAA TTC TAC AAA GGT GTT GTT ACC CGT ATC GAA AAA TAC GGT GCG TTC ATC AAC CTG AAC GAA CAG GTT CGT GGT CTG CTG CGT CCG CGT GAC ATG ATC TCT CTG CGT CTG GAA AAC CTC AAC GTG GGC GAC GAA ATC ATC GTG CAG GCG ATC GAC GTT CAC CCG GAA AAA CGT GAA ATC CGT TTC AAA TAC ATC CCG,5.22333668140309
GAC GTT GAA CCG GGT AAA TTC TAC AAA GGT GTT GTT ACC AAC ATC GAA AAA TAC GGT GCG TGG ATC AAC CTG AAC GAA CAG GTG CGC GGT CTG CTC CGT CCG CGT GAC ATG ATC TCT CTC CGT CTG GAA AAC CTC AAC GTG GGC GAC GAA ATC ATC GTT CAA GCG ATC GAC GTT CGT CCG GAA AAA CGT GAA ATC GAC TTC AAA TAC ATC CCA,3.771012736208194
GAC GTT GAA CCG GGT AAA TTC TAC AAA GGT GTT GTT ACC CGT ATC GAA AAA TAC GGT GCG TTC ATC AAT CTG AAC GAA CAA GTT CGT GGT CTG CTG CGT CCA CGT GCG ATG ATC TCT CTG CGT CTG GAG AAC CTG AAT GTT GGT GAT GAA ATC ATC GTG CAG GCG ATC GAC GTT CGT CCG GAA AAA CGT GAA ATC GAC TTC GAA TAC ATC CCG,1.8069771346848755
GAC GTT GAA CCG GGC AAA TTC TAC AAA GGT GTT GTT ACC ACC ATC CAG AAA TAC GGT GCG TTC ATC AAC CTC AAC GAG CAG GTT CGT GGT CTG CTG CGT CCA CGT GAC ATG ATC TCT CTG CGT CTG GAA AAC CTG AAC GTT GGT GAC GAA ATC ATC GTG CAG GCG ATC GAT GTT CGT CCG GAA AAA CGT GAA ATC GAC TTC AAA TAC ATC CCG,3.1156087273214395
GAC GTT GAA CCG GGT AAA TTC TAC AAA GGT GTT GTT ACC CGT ATC GAA AAA TAC GGT GCG TTC ATC AAC CTG AAC GAA CAG GTT CGT GGT CTG CTG CGT CCG CGT CTG ATG ATC TCT CTG CGT CTG GAA AAT CTG AAC GTT GGT GAC GAA ATC ATC GTT CAA GCT ATC GAC GTT GTG CCG GAA AAA CGT GAA ATC GAC TTC AAA TAC ATC CCG,1.6847585452090148
GAT GTG GAA CCG GGT AAA TTC TAC AAG GGT GTG GTT ACC ACC ATC GAA AAA TAC GGT GCG AAA ATC AAC CTG AAC GAG CAG GTT CGT GGT CTG CTG CGT CCG CGT GAC ATG ATC TCT CTG CGC CTG GAA AAC CTC AAC GTG GGT GAC GAA ATT ATC GTG CAG GCG ATT GAC GTT CGC CCG GAA AAA CGT GAA ATC GAC TTC AAA TAC ATC CCG,1.1628143691708934
GAC GTT GAA CCG GGT AAA TTC TAC AAG GGT GTT GTT ACC CGT ATC GAA AAA TAC GGT GCG TTC ATC AAC CTG AAC GAA CAG GTT CGT GGC CTC CTG CGT TGC CGT GAC ATG ATC TCT CTG CGT CTG GAA AAC CTC AAT GTG GGT GAC GAA ATC ATT GTT CAG GCG ATC GAC GTT CGT CCG GAA AAA CGT GAA ATC GAC TTC AAA TAC ATC CCG,3.817689586207355
GAT CAC GAA CCG GGT AAA TTC TAC AAA GGT GTT GTT ACC CGT ATC GAA AAA TAC GGT GCG TTC ATC AAC CTG AAC GAA CAA GTT CGT GGT CTG CTG CGT CCG CGT GAC ATG ATC TCT CTG CGT CTG GAA AAC CTC AAC GTG GGT GAC GAA ATC ATT GTT CAG GCG ATC GAT GTT CGT CCG GAA AAA CGT GAA ATC GAC TTC AAA TAC ATC CCG,2.686982213680481
GAC GTT GAA CCG GGT AAA TTC TAC AAA GGT ACC GTT ACC CGT ATC GAA AAA TAC GGT GCG TTC ATC AAC CTG AAC GAA CAG GTT CGT GGT CTG CTG CGT CCG CGT GAC ATG ATC TCT CTG CGT CTG GAA AAT CTG AAT GTT GGT GAC GAA ATC ATC GTG CAG GCT ATC GAT GTT CGT CCG GAA AAA CGT GAA ATC GAC TTC AAA TAC ATC CCG,5.219503318021807
GAC GTT GAA CCG GGT AAA TTC TAC AAA GGT GTT GTT ACC CGT ATC GAA AAA TAC GGT GCG TTC ATC AAT CTG AAC GAA CAG GTT CGT GGT CTG CTG CGT CCG CGT GAC ATG ATC TCT CTG CGT CTG GAA AAC CTG AAC GTT GGT GAC GAA ATC ATC GTT CAA GCG ATC GAC GTT CGT CCG GAA AAA CGT GAA ATC GAC TTC GAT TAC ATC CCG,1.8432445743692256
GAC GTT GAA CCG GGT AAA TTC TAC AAA GGT GTT GTT ACC CGT ATC GAA AAA TAC GGT GCG TTC ATC AAC CTG AAT GAA CAG GTT CGT GGT CTG CTC CGT CCA CGT TGG ATG ATC TCT CTG CGT CTG GAG AAT CTG AAC GTT GGT GAC GAA ATC ATC GTG CAG GCG ATT GAC GTG CGT CCG GAA AAA CGT GAA ATC CAC TTC AAA TAC ATC CCG,2.992008170446549
GAC GTT GAA CCG GGT AAA TTC TAC AAG GGT GTT GTG ACC TCT ATC GAG AAA TAC GGT GCG TAC ATC AAC CTC AAT GAA CAG GTT CGT GGT CTG CTG CGT CCG CGT GAC ATG ATC TCT CTG CGT CTG GAA AAC CTG AAC GTT GGC GAC GAA ATC ATC GTT CAA GCG ATC GAC GTT CGT CCG GAA AAA CGT GAA ATC GAC TTC AAA TAC ATC CCG,4.11294590425565
GAC GTT GAA CCG GGT AAA TTC TAC AAA GGT GTT GTT ACC CGT ATC GAA AAA TAC GGT GCG TTC ATC AAC CTC AAC GAA CAG GTT CGT GGT CTG CTG GTT CCG CGT ATG ATG ATC TCT CTG CGT CTG GAA AAT CTG AAC GTT GGC GAC GAA ATC ATC GTT CAG GCG ATC GAT GTT CGT CCG GAA AAA CGT GAA ATC GAC TTC AAA TAC ATC CCG,2.736471935090567
GAC GTT GAA CCG GGT AAA TTC TAC AAA GGT GTT GTT ACC CGT ATC GAA AAA TAC GGT GCG TTC ATC AAC CTG AAC GAA CAA GTT CGT GGT CTG CTC CGC CCA CGT AAC ATG ATC TCT CTG CGT CTG GAA AAC CTC AAC GTG GGT GAC GAA ATC ATC GTT CAA GCG ATC GAC GTT CGT CCG GAA AAA CGT GAG ATC TAC TTC AAA TAC ATC CCG,4.100208332932382
GAC GTG GAA CCG GGT AAA TTC TAC AAA GGT GTT GTT ACC CGT ATC GAA AAA TAC GGT GCG TTC ATC AAT CTG AAC GAA CAG GTT CGT GGT CTG CTG CGC CCA CGT CCG ATG ATC TCT CTG CGT CTG GAG AAC CTG AAT GTT GGT GAT GAA ATC ATC GTG CAG GCG ATC GAC GTT CGT CCG GAA AAA CGT GAA ATC GAC TTC TGG TAC ATC CCG,1.7304563340879535
GAC GTT GAA CCG GGT AAA TTC TAC AAA GGT GTT GTT ACC CGT ATC GAA AAA TAC GGT GCG TTC ATC AAT CTC AAC GAA CAG GTT CGT GGT CTG CTG GAA CCG CGT GAC ATG ATC TCT CTG CGT CTG GAA AAC CTG AAC GTT GGT GAC GAA ATC ATC GTG CAA GCG ATC GAC GTT CGT CCG GAA AAA CGT GAA ATC GAA TTC AAA TAC ATC CCG,1.4100193145650377
GAC GTT GAA CCG GGT AAG TTC TAC AAA GGT GTT GTT ACC CGT ATC GAA AAA TAC GGT GCG TTC ATC AAC CTG AAT GAG CAG GTT CGT GGT CTG CTC CGT CCG CGT CAA ATG ATC TCT CTG CGC CTG GAG AAC CTC AAT GTT GGT GAC GAA ATC ATC GTG CAG GCG ATC GAC GTG CGT CCA GAA AAA CGT GAA ATC GAC TTC GAA TAC ATC CCA,1.855066750742778
GAT GTT GAA CCG GGT AAA TTC TAC AAA GGT GTT GTT ACC CGT ATC GAA AAA TAC GGT GCG TTT ATC AAC CTC AAC GAA CAG GTT CGT GGT CTG CTG CGT CCG CGT GAC ATG ATC TCT CTG GAC CTG GAA AAC CTG AAT GTT GGT GAC GAA ATC ATT GTT CAA GCG ATC GAC GTT CGT CCG GAA AAA CGT GAA ATC GAC TTC AAA TAC ATC CCG,4.316827960704488
GAC GTT GAA CCG GGT AAA TTC TAC AAA GGT GTT GTT ACC CGT ATC GAA AAA TAC GGT GCG TTC ATC AAC CTC AAT GAA CAG GTT CGT GGT CTG CTG CGT CCG CGT AAC ATG ATC TCT CTG CGT CTG GAA AAC CTG AAC GTT GGT GAC GAA ATC ATC GTG CAG GCG ATT GAT GTT CGT CCG GAA AAA CGT GAA ATC AAA TTC AAA TAC ATC CCG,3.4433286160461094
GAC GTT GAA CCG GGT AAA TTC TAC AAA GGT GTT GTT ACC CGT ATC GAA AAA TAC GGT GCG TTC ATC AAC CTG AAC GAA CAG GTT CGT GGT AAA CTG CGT CCG CGT GAC ATG ATC TCT CTG CGT CTG GAA AAT CTG AAT GTT GGT GAC GAA ATC ATC GTT CAA GCG ATC GAC GTT CGT CCG GAA AAA CGT GAA ATC GAC TTC AAA TAC ATC CCG,2.188693554956466
GAC GTT GAA CCG CGT AAA TTC TAC AAA GGT GTT GTT ACC CGT ATC GAA AAA TAC GGT GCG TTC ATC AAC CTG AAC GAG CAG GTT CGT GGT CTG CTG CGT CCA CGT GAC ATG ATC TCT CTG CGT CTG GAA AAT CTG AAT GTT GGT GAC GAA ATC ATT GTT CAA GCG ATC GAC GTT CGT CCG GAA AAA CGT GAA ATC GAC TTC AAA TAC ATC CCG,3.60757140825637
GAT GTG GAA CCG GGT AAA TTC TAC AAG GGT GTT GTT ACC CGT ATC GAA AAA TAC GGT GCG TTC ATC AAC CTC AAC GAA CAG GTT CGT GGC CTC CTG CGT CCA CGT TTT ATG ATC TCT CTC CGT CTG GAA AAC CTG AAC GTT GGT GAC GAA ATC ATC GTT CAA GCG ATC GAC GTG CGT CCG GAA AAA CGC GAA ATC GAC TTC CTG TAC ATC CCG,3.316208982872441
GAC GTT GAA CCG GGT AAA TTC TAC AAA GGT GTT GTT ACC CGT ATC GAA AAA TAC GGT GCG TTC ATC AAC CTC AAC GAA CAG GTT CGT GGT CTG CTG TCT CCG CGT GCG ATG ATC TCT CTG CGT CTG GAA AAC CTG AAT GTT GGT GAC GAA ATC ATT GTG CAG GCT ATC GAC GTT CGT CCG GAA AAA CGT GAA ATC GAC TTC AAA TAC ATC CCG,2.2131791649821526
GAT GTT GAA CCG GGT AAA TTC TAC AAA GGT GTT GTT ACC CGT ATC GAA AAA TAC GGT GCG TTC ATC AAC CTC AAT GAG CAG GTT CGT GGT CTG CTG GGT CCG CGT GAC ATG ATC TCT CTG CGT CTG GAA AAC CTG AAC GTT GGT GAC GAA ATC ATC GTG CAG GCG ATC GAC GTT CGT CCG GAA AAA CGT GAA ATC CTG TTC AAA TAC ATC CCG,2.500611937509013
GAC GTT GAA CCG GGT AAA TTC TAC AAA GGT GTT GTT ACC CGT ATC GAA AAA TAC GGT GCG TTC ATC AAC CTG AAT GAA CAG GTT CGT GGT CTG CTG AAA CCG CGT GCG ATG ATC TCT CTG CGT CTG GAA AAC CTC AAC GTG GGT GAC GAA ATC ATC GTT CAA GCG ATC GAC GTT CGT CCG GAA AAA CGT GAA ATC GAC TTC AAA TAC ATC CCG,2.6454237818677937
GAT GTT GAA CCG GGT AAA TTC TAC AAA GGT GTT GTT ACC CGT ATC GAA AAA TAC GGT GCG TTC ATC AAC CTG AAC GAA CAG GTT CGT GGC CTG CTG CGC CCA CGC ATT ATG ATC TCC CTG CGT CTG GAG AAC CTC AAT GTT GGT GAC GAA ATC ATT GTT CAG GCG ATC GAC GTT CGT CCG GAA AAA CGT GAA ATC GAC TTC GTT TAC ATC CCG,2.4535754140692267
GAT GTT GAA CCG GGC AAA TTC TAC AAA GGT GTT GTT ACC TTC ATT GCG AAA TAC GGT GCG TTC ATC AAC CTG AAT GAG CAA GTT CGT GGT CTG CTG CGT CCG CGT GAC ATG ATC TCT CTG CGC CTC GAA AAT CTC AAC GTG GGT GAC GAA ATC ATT GTT CAG GCT ATC GAC GTT CGT CCG GAA AAA CGT GAA ATC GAC TTC AAA TAC ATT CCG,5.020051484402206
GAT GTT GAA CCG GGT AAA TTC TAC AAA GGT GTT GTT ACC CGT ATC GAA AAA TAC GGT GCG TTC ATC AAT CTG AAC GAA CAG GTT CCG GGT CTG CTG CGT CCA CGT GAC ATG ATC TCT CTC CGT CTG GAA AAC CTG AAC GTT GGT GAC GAA ATC ATT GTT CAG GCG ATC GAC GTT CGT CCG GAA AAA CGT GAA ATC GAC TTC AAA TAC ATC CCG,1.874281161513609
GAC GTT GAA CCG GGT AAA TTC TAC AAG GGT GTT GTT ACC CGT ATC GAA AAA TAC GGT GCG TTC ATC AAT CTG AAT GAA CAG GTT CGT GGT CTG CTG CGC CCA CGC CCA ATG ATC TCT CTG CGT CTG GAG AAC CTG AAT GTT GGC GAC GAA ATC ATC GTT CAG GCG ATC GAC GTT CGT CCG GAA AAA CGT GAA ATC GAA TTC AAA TAC ATC CCG,1.4363174232435325
GAC GTT GAA CCG GGT AAA TTC TAC AAA GGT GTT GTT ACC CGT ATC GAA AAA TAC GGT GCG TTC ATC AAC CTG AAC GAA CAG CAC CGT GGT CTG CTG CGT CCG CGT GAC ATG ATC TCT CTG CGC CTG GAA AAT CTG AAC GTT GGT GAC GAA ATC ATC GTT CAA GCG ATC GAT GTT CGT CCG GAA AAA CGT GAA ATC GAC TTC AAA TAC ATC CCG,4.188775709133658
GAC GTT GAA CCG GGT AAA TTC TAC AAA GGT GTT GTT ACC CGT ATC GAA AAA TAC GGT GCG TTC ATC AAC CTC AAC GAG CAG GTT CGT GGT CTG CTG CGT CCA CGC GAT ATG ATC TCT CTG CGT CTG GAG AAC CTG AAC GTT GGT GAC GAA ATC ATC GTG CAG GCG ATC GAC GTT CGT CCG GAA AAA CGT GAA ATC GAC TTC TGG TAT ATC CCG,2.897657507117768
GAT GTT GAG CCG GGT AAA TTC TAC AAA GGT GTT GTT ACC CGT ATC GAA AAA TAC GGT GCG TTC ATC AAT CTG AAT GAA CAG GTT CGT GGT CTG CTG ACT CCG CGT GAC ATG ATC TCT CTG CGT CTG GAA AAC CTG AAT GTG GGT GAC GAA ATC ATC GTT CAG GCG ATT GAC GTT GAA CCG GAA AAA CGT GAA ATC GAC TTC AAA TAC ATC CCG,1.161579975638463
GAC GTG GAG CCG GGT AAA TTC TAC AAA GGT GTT GTT ACC CAG ATC ACC AAG TAC GGT GCG TTT ATC AAC CTG AAC GAA CAG GTT CGT GGT CTG CTG CGT CCG CGT GAC ATG ATC TCT CTG CGT CTG GAA AAC CTC AAC GTG GGT GAC GAA ATC ATT GTG CAG GCG ATC GAC GTT CGT CCG GAA AAA CGT GAA ATC GAC TTC AAA TAC ATC CCG,5.311286872098798
GAC GTT GAA CCG GGT AAA TTC TAC AAA GGT AAC GTG ACC CGT ATC GAA AAA TAC GGT GCG TTC ATC AAC CTG AAT GAA CAG GTT CGT GGT CTG CTG CGT CCG CGT GAC ATG ATC TCT CTG CGT CTG GAA AAT CTG AAC GTT GGT GAC GAA ATC ATC GTG CAG GCG ATT GAC GTT CGT CCG GAA AAA CGT GAA ATC GAC TTC AAA TAC ATC CCG,3.3667913759701684
GAT GTT GAA CCG GGT AAA TTC TAC AAG GGT GTT GTT ACC CGT ATC GAA AAA TAC GGT GCG TTC ATC AAC CTC AAC GAA CAG GTT CGC GGT CTG CTC CGT CCA CGT GAC ATG ATC TCT CTG CGT CTG GAG AAT CTG AAC GTT GGT CTG GAA ATC ATC GTT CAA GCT ATC GAC GTT CGT CCG GAA AAA CGT GAA ATC GAC TTC AAA TAC ATC CCG,3.7395212779715177
GAC GTT GAA CCG GGT AAA TTC TAC AAA GGT GTT GTT ACC CGT ATC GAA AAA TAC GGT GCG TTC ATC AAC CTC AAC GAA CAG GTT CGT GGT CTG CTG CGT CCG CGT GAC ATG ATC TCT CTG CGT CTG GAA AAC CTG AAT GTT GGT GAC GAA ATC ATC GTT CAG TGG ATC GAC GTT CGT CCG GAA AAA CGT GAA ATC GAC TTC AAA TAC ATC CCG,2.1256695311252107
GAC GTT GAA CCG GGT AAA TTC TAC AAA GGC GTT GTT ACC GTT ATC GAA AAA TAC GGT GCG ATC ATC AAT CTG AAC GAA CAG GTT CGT GGT CTG CTG CGT CCG CGT GAC ATG ATC TCT CTG CGC CTG GAG AAC CTG AAT GTT GGT GAT GAA ATC ATC GTG CAG GCG ATC GAC GTT CGT CCG GAA AAA CGT GAA ATC GAC TTC AAA TAC ATT CCG,3.210160285879093
GAC GTT GAA CCG GGT AAA TTC TAC AAA GGT GTT GTT ACC CGT ATC GAA AAA TAC GGT GCG TTC ATC AAC CTG AAT GAA CAG GTT CGT GGT CTG CTG CGT CCG CGT GCG ATG ATC TCT CTG CGT CTG GAA AAT CTG AAC GTT GGT GAC GAA ATC ATC GTT CAG GCG ATT GAC GTT CGT CCG GAA AAA CGT GAA ATC AAC TTC AAG TAC ATC CCG,2.3757435233887136
GAC GTT GAA CCG GGT AAG TTC TAC AAA GGC GTT GTT ACC ATG ATC GAA AAA TAC GGT GCG CAG ATC AAC CTG AAT GAG CAG GTT CGT GGT CTG CTG CGT CCG CGC GAC ATG ATC TCT CTG CGC CTG GAA AAT CTG AAC GTT GGT GAC GAA ATC ATC GTT CAG GCG ATC GAC GTT CGT CCG GAA AAA CGT GAA ATC GAC TTC AAA TAC ATC CCA,1.841495248995563
GAC GTT GAA CCG GGT AAA TTC TAC AAA GGT GTT GTT ACC GAC ATC AAG AAA TAC GGT GCG TTC ATC AAT CTG AAC GAA CAG GTT CGT GGT CTG CTG CGT CCG CGT GAC ATG ATC TCT CTG CGT CTG GAA AAC CTG AAC GTT GGT GAT GAA ATC ATC GTT CAA GCG ATC GAC GTT CGT CCG GAA AAA CGT GAA ATC GAC TTC AAA TAC ATC CCG,4.403102501389816
GAC CGT GAA CCG GGT AAA TTC TAC AAA GGT GTT GTT ACC CGT ATC GAA AAA TAC GGT GCG TTC ATC AAC CTG AAT GAA CAG GTT CGT GGT CTG CTG CGT CCG CGT GAC ATG ATC TCT CTG CGT CTG GAA AAC CTC AAT GTT GGT GAC GAA ATC ATC GTG CAG GCT ATC GAC GTT CGT CCG GAA AAA CGT GAA ATC GAC TTC AAA TAC ATC CCG,1.86516315831827
GAC GTT GAA CCG GGT AAA TTC TAC AAA GGT GTT GTT ACC TTC ATC CAG AAA TAC GGT GCG TTC ATC AAC CTG AAT GAA CAG GTT CGT GGT CTG CTG CGT CCA CGT GAC ATG ATC TCT CTG CGT CTG GAA AAT CTG AAC GTT GGT GAC GAA ATC ATC GTG CAG GCG ATC GAC GTG CGC CCA GAA AAA CGT GAA ATC GAC TTC AAA TAC ATC CCG,3.4805931466403486
GAC GTT GAA CCG GGC AAA TTC TAC AAA GGT GTT GTT ACC CGT ATC GAA AAA TAC GGT GCG TTC ATC AAC CTG AAC GAG CAG GTT CGT GGT CTG CTG CGT CCG CGT GAC ATG ATC TCT CTG CGT CTG GAA AAC CTC AAT GTT GGT GAC GAA GAA ATT GTT CAG GCG ATC GAC GTT CGT CCG GAA AAA CGT GAA ATC GAC TTC AAA TAC ATC CCG,-0.1404625976510323
GAC GTT GAA CCG GGT AAA TTC TAC AAA GGT GTT GTT ACC CGT ATC GAA AAA TAC GGT GCG TTC ATC AAC CTG AAC GAA CAA GTT CGT GGT CTG CTG CGT CCG CGT GAC ATG ATC TCT CTG CGT CTG GAA AAT CTG AAT GTT GGT GAC GAA ATC ATC GTG CAG GCT ATC GAT GTT CGT CCG GAA AAA CGT GAA ATC GAC TGG AAA TAC ATT CCG,4.481159750093502
GAC GTT GAA CCG GGC AAA TTC TAC AAA GGT GTT GTT ACC CGT ATC GAA AAA TAC GGT GCG TTC ATC AAT CTG AAT GAA CAG GTT CGT GGC CTG CTG CGT CCG CGT CCG ATG ATC TCT CTG CGT CTG GAA AAC CTG AAC GTT GGT GAT GAA ATC ATC GTG CAG GCG ATC GAC GTT CGT CCG GAA AAA CGT GAA ATC GAC TTC CAC TAC ATC CCG,1.3885145348566392
GAC GTT GAG CCG GGT AAA TTC TAC AAA GGT GTT GTT ACC CGT ATC GAA AAA TAC GGT GCT TTC ATC AAT CTG AAC GAA CAG GTG CGT GGT CTG CTG CGT CCG CGT GGT ATG ATC TCT CTG CGT CTG GAA AAC CTC AAT GTG GGT GAC GAA ATC ATC GTT CAA GCT ATC GAT GTT CGT CCG GAA AAA CGT GAA ATC TAC TTC AAG TAC ATC CCG,2.394226877316425
GAC GTT GAG CCG GGT AAA TTC TAC AAA GGT GTT GTT ACC CGT ATC GAA AAA TAC GGT GCG TTC ATC AAC CTC AAT GAA CAG GTT CGT GGT CTG CTG CGT CCG CGT GAC ATG ATC TCT CTG CGT CTG GAA AAC CTG AAC GTT GGT GAC GAA ATC ATC GTT CAA GCG ATC GAC GTT CCG CCG GAA AAA CGT GAA ATC AAC TTC AAA TAC ATC CCG,3.1871711616852845
GAT GTT GAA CCG GGT AAA TTC TAC AAA GGT GTT GTT ACC CGT ATC GAA AAA TAC GGT GCG TTC ATC AAC CTG AAC GAA CAG GTT CGC GGT CTG CTG CGT CCG CGT GAT ATG ATT TCT CTG CGT AAA GAA AAC CTC AAC GTG GGT GAC GAG ATC ATC GTG CAG GCG ATT GAC GTT CGT CCG GAA AAA CGT GAA ATC GAC TTC AAA TAC ATC CCG,2.7866957906179963
GAC GTG GAA CCG GGC AAA TTC TAC AAA GGT GTT GTT ACC CGT ATC GAA AAA TAC GGT GCG TTC ATC AAC CTC AAT GAG CAG GTT CGT GGT CTG CTG CGT CCG CGT GAA ATG ATC TCT CTG CGT CTG GAA AAC CTG AAC GTT GGT GAT GAA ATC ATC GTG CAG GCG ATC GAC GTT TGG CCG GAA AAA CGT GAG ATC GAC TTC AAA TAC ATC CCG,1.9543884312044977
GAC GTT GAA CCG GGT AAA TTC TAC AAA GGT GTT GTT ACC CGT ATC GAA AAA TAC GGT GCG TTC ATC AAC CTC AAC GAA CAG GTT CGT GGT CTG CTG CGT CCG CGT GAC ATG ATC TCT CTG CGT CTG GAA AAC CTG AAT GTT GGT GAC GAA ATC ATC GTG CAG TAC ATC GAC GTT CGT CCG GAA AAA CGT GAA ATC GAC TTC AAA TAC ATC CCG,2.256337374288223
GAC GTT GAA CCG GGT AAA TTC TAC AAA GGT GTT GTT ACC CGT ATC GAA AAA TAC GGT GCG TTC ATC AAT CTG AAT GAA CAG GTT CGT GGT CTG CTG CAC CCG CGT GAC ATG ATC TCT CTG CGT CTG GAA AAC CTG AAT GTT GGT GAC GAA ATC ATC GTT CAG GCG ATC GAC GTT CGT CCG GAA AAA CGT GAA ATC GCG TTC AAA TAC ATT CCG,2.469961675361904
GAC GTT GAA CCG GGT AAA TTC TAC AAA GGT GTT GTT ACC CGT ATC GAA AAA TAC GGT GCG TTC ATC AAC CTC AAC GAA CAG GTT CGT GGT CTG CTG CGT GTT CGT GAC ATG ATC TCT CTG CGT CTG GAA AAC CTG AAC GTT GGT GAC GAA ATC ATC GTT CAA GCG ATC GAC GTT CGT CCG GAA AAA CGT GAA ATC GAC TTC AAA TAC ATC CCG,5.181150854316485
GAT GTT GAA CCG GGT AAA TTC TAC AAA GGT GTT GTT ACC CGT ATC GAA AAA TAC GGT GCG TTC ATC AAC CTC AAT GAG CAG GTT CGT GGT CTG CTG CGT CCG CAG GAC ATG ATC TCT CTC CGT CTG GAA AAC CTG AAC GTT GGT GAC GAA ATC ATC GTG CAG GCG ATC GAC GTT CGT CCG GAA AAA CGT GAA ATC GAC TTC AAA TAC ATC CCG,4.887545529042129
GAC GTT GAA CCG GGT AAG TTC TAC AAA GGT GTT GTT ACC GAC ATC GAA AAA TAC GGT GCG GAA ATC AAC CTG AAC GAA CAG GTT CGT GGT CTG CTG CGT CCG CGT GAC ATG ATC TCT CTG CGT CTG GAA AAT CTG AAC GTT GGC GAC GAA ATC ATC GTT CAA GCG ATC GAC GTT CGT CCG GAA AAA CGT GAA ATC GAC TTC AAA TAC ATC CCG,0.1809371572715426
GAC GTT GAA CCG GGT AAA TTC TAC AAA GGT GTT GTT ACC CGT ATC GAA AAA TAC GGT GCG TTC ATC AAC CTG AAC GAA CAG GTT CGT GGT CTG CTG CGT CCG CGT GAC ATG ATC TCT CTG CGT CTG GAA AAT CTG AAC GTT GGT GAC GAA ATC ATC GTG CAG GCG AAA GAC GTT CGT CCG GAA AAA CGT GAA ATC GAC TTC AAA TAC ATC CCG,4.954729950970116
GAC GTG GAA CCG GGT AAG TTC TAC AAA GGT GTT GTT ACC CGT ATC GAA AAA TAC GGT GCG TTC ATC AAC CTG AAC GAA CAG GTT CGT GGC CTC CTC CGT CCA CGT GAG ATG ATC TCT CTG CGC CTG GAG AAT CTC AAC GTG GGC GAC GAA ATC ATT GTT CAG GCG ATT GAC GTT CGT CCG GAA AAA CGT GAA ATC GAC TTC TAC TAC ATC CCA,1.9288758683376936
GAC GTT GAA CCG GGT AAA TTC TAC AAA GGT GTT GTT ACC CGT ATC GAA AAA TAC GGT GCG TTC ATT AAC CTG AAC GAA CAG GTT GAC GGT CTG CTG CGT CCG CGT GAC ATG ATC TCT CTG CGC CTG GAA AAC CTC AAC GTG GGT GAC GAG ATT ATC GTG CAG GCG ATT GAC GTT CGT CCG GAA AAA CGT GAA ATC GAC TTC AAA TAC ATC CCG,3.460706749005257
GAC GTT GAA CCG GGT AAA TTC TAC AAA GGT GTT GTT ACC CGT ATC GAA AAA TAC GGT GCG TTC ATC AAC CTC AAC GAA CAG GTT CGT GGT CTG CTG CAC CCG CGT GAC ATG ATC TCT CTG CGT CTG GAA AAC CTG AAT GTT GGT GAC GAA ATC ATT GTT CAG GCG ATT GAC GTT CGT CCG GAG AAG CGT GAG ATT ATC TTC AAA TAC ATC CCG,3.010271128108528
GAC GTT GAA CCG GGT AAA TTC TAC AAA GGT GTT GTT ACC CGT ATC GAA AAA TAC GGT GCG TTC ATC AAC CTG TCT GAA CAG GTT CGT GGT CTG CTG CGT CCG CGT GAC ATG ATC TCT CTG CGT CTG GAA AAC CTG AAC GTT GGT GAC GAA ATC ATC GTT CAA GCG ATT GAC GTT CGT CCG GAA AAA CGT GAA ATC GAC TTC AAA TAC ATC CCG,5.822924669760072
GAC GTT GAA CCG GGC AAA TTC TAC AAA GGT GTT GTT ACT GCG ATC GAA AAA TAC GGT GCG GTT ATC AAC CTC AAC GAA CAA GTT CGT GGT CTG CTG CGT CCG CGT GAC ATG ATC TCT CTG CGT CTC GAA AAC CTG AAC GTT GGT GAC GAA ATC ATC GTG CAG GCT ATC GAT GTT CGT CCG GAA AAA CGT GAA ATC GAC TTC AAA TAC ATC CCG,3.5520151950640657
GAC GTT GAA CCG GGT AAA TTC TAC AAA GGT GTT GTT ACC CGT ATC GAA AAA TAC GGT GCG TTC ATC AAT CTG AAC GAA CAG GTT CGT GGT CTG CTC CGT CCG CGT TTC ATG ATC TCT CTG CGT CTG GAA AAC CTG AAC GTT GGT GAC GAA ATC ATC GTT CAA GCG ATC GAC GTT CAC CCG GAA AAA CGT GAA ATC GAC TTC AAA TAC ATC CCG,2.8061263318994936
GAC GTT GAA CCG GGC AAA TTC TAC AAA GGT GTT GTT ACC CGT ATC GAA AAA TAC GGT GCG TTC ATC AAC CTC AAC GAG CAG GTT CGT GGT CTG CTG CGT CCG CGT GAC ATG ATC TCT CTG CGT CTG GAA AAT CTG AAC GTT GGT GAC GAA ATC ATC CGT CAG GCG ATC GAC GTT CGT CCG GAA AAA CGT GAA ATC GAC TTC AAA TAC ATT CCG,-0.1602253256862104
GAC GTT GAA CCG GGT AAA TTC TAC AAA GGT GTT GTT ACC CGT ATC GAA AAA TAC GGT GCG TTC ATC AAT CTG AAC GAA CAG GTT CGT GGT CTG CTG CGT CCG CGT GAC ATG ATC TCT CTG CGT CTG GAA AAC CTG AAT GTT GGT GAT GAA ATC ATT GTT CAG GCG ATT GAC GTT CGT CCG TGG AAA CGT GAA ATC GAC TTC AAA TAC ATC CCG,3.6497113841300814
GAT GTT GAA CCG GGT AAA TTC TAC AAA GGC GTG GTT ACC GAA ATC TTC AAA TAC GGT GCG TTC ATC AAT CTG AAT GAA CAA GTT CGT GGT CTG CTC CGT CCG CGT GAT ATG ATC TCT CTG CGT CTG GAA AAC CTC AAC GTG GGT GAC GAA ATC ATC GTT CAG GCG ATC GAT GTG CGC CCA GAA AAA CGT GAA ATC GAC TTC AAG TAC ATC CCG,3.91987138970742
GAC GTT GAA CCG GGT AAG TTC TAC AAG GGT GTT GTT ACC TAC ATC GAA AAA TAC GGT GCG ATG ATC AAC CTG AAC GAA CAG GTT CGT GGT CTG CTG CGT CCA CGC GAT ATG ATC TCT CTG CGT CTG GAG AAC CTC AAT GTT GGC GAC GAA ATC ATT GTG CAG GCG ATC GAC GTT CGT CCG GAA AAA CGT GAA ATC GAC TTC AAA TAC ATC CCG,2.3971758725016308
GAC GTT GAA CCG GGT AAA TTC TAC AAA GGT GTT GTT ACC CGT ATC GAA AAA TAC GGT GCG TTC ATC AAC CTC AAC GAA CAG GTT CGT GGT CTG CTG CGT CCG CGT GAG ATG ATC TCT CTG CGT CTG GAA AAC CTG AAC GTT GGT GAC GAA ATC ATC GTT CAA GCG ATC GAC GTT CGT CCG GAA AAA CGT GAA ATC GCG TTC AAA TAC ATC CCG,2.5254197916282326
GAC GTT GAA CCG GGT AAA TTC TAC AAG GGT GTT GTG ACC CGT ATC GAA AAA TAC GGT GCG TTC ATC AAC CTG AAC GAA CAG GTT CGT GGT CTG CTC CGT CCG CGT GAC ATG ATC TCT CTG CGT CTG GAA AAC CTC AAT GTT GGT GAC GAA ATC ATC GTG CAG GCG ATC GAC GTT GCG CCG GAA AAA CGT GAA ATC AAA TTC AAA TAC ATC CCG,3.63865205429278
GAC GTT GAA CCG GGT AAG TTC TAC AAA GGT GTT GTT ACC TTC ATC GGT AAA TAC GGT GCG TTC ATC AAC CTG AAC GAA CAG GTT CGT GGT CTG CTG CGT CCG CGT GAC ATG ATT TCT CTG CGT CTG GAA AAC CTC AAC GTG GGT GAC GAG ATC ATC GTT CAA GCG ATC GAC GTT CGT CCG GAA AAA CGT GAA ATC GAC TTC AAA TAC ATC CCG,4.543584011535238
GAT GTT GAA CCG GGT AAA TTC TAC AAG GGT GTT GTT ACC CGT ATC GAA AAA TAC GGT GCG TTC ATC AAT CTG AAC GAG CAG GTT CGT GGT CTG CTG CAT CCG CGT GAC ATG ATC TCT CTG CGT CTG GAG AAC CTG AAC GTT GGT GAC GAA ATC ATC GTG CAG GCG ATT GAC GTT CGT CCG GAA AAA CGT GAA ATC AAG TTC AAA TAC ATC CCG,3.087983624453281
GAC GTT GAA CCG GGT AAA TTC TAC AAA GGT GTT GTT ACC CGT ATC GAA AAA TAC GGT GCG TTC ATC AAC CTC AAC GAA CAG GTT CGT GGT CTG CTG CGT CCG CGT GAC ATG ATC TCT CTG CGT CTG GAA AAC CTG CAT GTT GGT GAC GAA ATC ATC GTT CAG GCT ATC GAC GTT CGT CCG GAA AAA CGT GAA ATC GAC TTC AAA TAC ATC CCG,11.273277689693858
GAC GTT GAA CCG GGT AAA TTC TAC AAA GGT GTT GTT ACC CGT ATC GAA AAA TAC GGT GCG TTC ATC AAC CTG AAC GAA CAG GTT CGT GGT CTG CTG GCT CCG CGT GAC ATG ATC TCT CTG CGT CTG GAA AAC CTC AAT GTT GGT GAC GAA ATC ATC GTT CAA GCG ATC GAC GTG GAC CCG GAA AAA CGT GAA ATC GAC TTC AAA TAC ATC CCG,2.120165074006275
GAC GTT GAA CCG GGT AAA TTC TAC AAG GGT GTT GTT ACC CGT ATC GAA AAA TAC GGT GCG TTC ATC AAT CTG AAC GAG CAG GTT CGT GGT CTG CTC CGT CCG CGT GAC ATG ATC TCT CTG CGT CTG GAA AAC CTG AAC GTT GGT GAC TGC ATC ATC GTT CAA GCG ATC GAC GTT CGT CCG GAA AAA CGT GAA ATC GAC TTC AAA TAC ATT CCG,5.239850589781804
GAC GTT GAA CCG GGC AAA TTC TAC AAA GGT GTT GTT ACC CGT GAA GAA AAA TAC GGT GCG TTC ATC AAC CTG AAC GAA CAG GTT CGT GGT CTG CTG CGT CCG CGT GAC ATG ATC TCT CTG CGT CTG GAA AAC CTC AAT GTT GGC GAC GAA ATC ATT GTT CAA GCG ATC GAC GTT CGT CCG GAA AAA CGT GAA ATC GAC TTC AAA TAC ATC CCG,0.3881922044869624
GAC GTT GAA CCG GGT AAA TTC TAC AAG GGT GTT GTT ACC CGT ATC GAA AAA TAC GGT GCG TTC ATC AAC CTG AAC GAA CAG GTG CGT GGT CTG CTG CGT CCA CGT TGG ATG ATC TCT CTG CGT CTG GAA AAT CTG AAC GTT GGT GAC GAA ATC ATC GTG CAG GCG ATT GAC GTT CGT CCG GAA AAA CGT GAA ATC GAC TTC GAA TAC ATC CCG,2.2921618190194923
GAC GTT GAA CCG GGT GAA TTT TAC AAA GGT GTT GTT ACC CGT ATC GAA AAA TAC GGT GCG TTC ATC AAC CTC AAC GAG CAG GTT CGT GGT CTG CTG CGT CCG CGT GAC ATG ATC TCT CTG CGC CTG GAA AAC CTG AAC GTT GGT GAC GAA ATT ATC GTT CAA GCG ATC GAT GTT CGT CCA GAA AAA CGT GAA ATC GAC TTC AAA TAC ATT CCG,4.045685128525841
GAC GTT GAA CCG GGT AAA TTC TAC AAA GGT GTT GTT ACC CGT ATC GAA AAA TAC GGT GCG TTC ATC AAT CTG AAC GAA CAG GTT CGT GGT CTG CTG CGT CCG CGT GAC ATG ATC TCT CTG CGT CTG GAA AAC CTG AAT GTT GGT GAC GAA ATC ATC GTG CAA GCG ATC GAC GTT AAA CCG GAA AAA CGT GAA ATC CAG TTC AAA TAC ATC CCG,3.821560774564311
GAT GTT GAA CCG GGT AAA TTC TAC AAA GGT GTT GTT ACC CGT ATC GAA AAA TAC GGT GCT TTC ATC AAC CTG AAT GAA CAG GTT CGT GGT CTG CTG CGT CCG CGT GGT ATG ATC TCT CTG CGT CTG GAA AAT CTG AAC GTT GGT GAC GAA ATC ATC GTT CAG GCG ATC GAC GTT GAC CCG GAA AAA CGT GAA ATC GAC TTC AAG TAC ATC CCG,2.360877982390875
GAC GTT GAA CCG GGT AAA TTC TAC AAA GGT GTT GTT ACC CGT ATC GAA AAA TAC GGT GCG TTC ATC AAT CTC AAC GAA CAG GTT CGT GGT CTG CTG CGT CCG CGT GAC ATG ATC TCT CTG CGT CTG GAA AAC CTC AAC GTG GGT GAC GAA AAC ATC GTT CAG GCG ATT GAC GTG CGC CCA GAA AAA CGT GAA ATC GAC TTC AAA TAC ATC CCG,0.7893022878632522
GAC GTG GAA CCG GGT AAA TTC TAC AAG GGT GTT GTT ACC ATC ATC GAG AAG TAC GGT GCG GAC ATC AAC CTG AAC GAA CAG GTT CGT GGC CTC CTG CGT CCG CGT GAC ATG ATC TCT CTG CGC CTG GAA AAC CTC AAC GTG GGT GAC GAA ATC ATC GTT CAA GCG ATT GAC GTT CGT CCG GAA AAA CGT GAA ATC GAC TTC AAA TAC ATC CCG,0.5464516813290184
GAT GTT GAA CCG GGT AAA TTC TAC AAA GGT GTT GTT ACC CGT ATC GAA AAA TAC GGT GCG TTC ATC AAT CTG AAT GAA CAG GTT CGT GGT CTG CTG CGT CCG CGT GAA ATG ATC TCT CTG CGT CTG GAA AAC CTG AAC GTT GGT GAC GAA ATC ATT GTT CAG GCG ATC GAC GTT ATC CCG GAA AAA CGC GAA ATC GAC TTC AAA TAC ATC CCG,1.7282625499576372
GAC GTT GAA CCG GGT AAA TTC TAC AAA GGT GTT GTT ACC CGT ATC GAA AAA TAC GGT GCG TTC ATC AAC CTG AAC GAA CAG GTT CGT GGT CTG CTC CGT CCG CGT CGT ATG ATC TCT CTG CGT CTG GAA AAT CTG AAT GTG GGT GAC GAA ATC ATC GTG CAA GCG ATC GAT GTT GTT CCA GAA AAA CGT GAG ATC GAC TTC AAA TAC ATC CCG,1.5886623664791677
GAT GTG GAA CCG GGT AAA TTC TAC AAA GGC GTT GTT ACC CAC ATC GAA AAA TAC GGT GCG AAC ATC AAC CTG AAC GAA CAG GTT CGT GGT CTG CTC CGT CCG CGT GAC ATG ATC TCT CTG CGT CTG GAA AAT CTG AAC GTG GGT GAT GAA ATC ATC GTG CAG GCG ATC GAC GTG CGC CCA GAA AAA CGT GAA ATC GAC TTC AAA TAC ATC CCG,1.190990303447129
GAT GTT GAA CCG GGT AAA TTC TAC AAA GGT GTT GTT ACC CGT ATC GAA AAA TAC GGT GCG TTC ATC AAC CTC AAC GAA CAA GTT CGC GGT CTG CTG CGT CCA CGT GAA ATG ATC TCT CTC CGT CTG GAA AAC CTG AAT GTT GGT GAC GAA ATC ATC GTT CAG GCG ATC GAC GTT CGT CCG GAA AAA CGT GAG ATC GAC TTC CTG TAC ATC CCG,2.370638094207803
GAC GTT GAA CCG GGT AAA TTC TAC AAA GGT GTT GTT TGG CGT ATC GAA AAA TAC GGT GCG TTC ATC AAT CTC AAC GAA CAG GTT CGT GGT CTG CTG CGT CCG CGT GAC ATG ATC TCT CTG CGC CTC GAA AAC CTG AAC GTT GGT GAC GAA ATC ATT GTT CAG GCT ATC GAC GTT CGC CCG GAA AAA CGT GAA ATC GAC TTC AAA TAC ATC CCG,3.5991583055829763
GAC GTT GAG CCG GGT AAA TTC TAC AAA GGT GTT GTT ACC CGT ATC GAA AAA TAC GGT GCG TTC ATC AAC CTC AAC GAA CAG GTT CGT GGT CTG CTG AAC CCG CGT GAC ATG ATC TCT CTG CGT CTG GAA AAC CTG AAC GTT GGT GAC GAA ATC ATC GTG CAG GCT ATC GAT GTG GAA CCG GAA AAA CGT GAA ATC GAC TTC AAA TAC ATC CCG,1.250537728813135
GAC GTT GAA CCG GGT AAA TTC TAC AAA GGT GTT GTT ACC GTT ATC ATG AAA TAC GGT GCG TTC ATC AAC CTC AAC GAA CAG GTT CGT GGT CTG CTC CGT CCG CGT GAC ATG ATC TCT CTG CGT CTG GAG AAC CTG AAC GTT GGT GAC GAA ATC ATT GTT CAG GCT ATC GAC GTG CGC CCA GAA AAG CGT GAA ATC GAC TTC AAA TAC ATC CCG,4.770542146833996
GAC AAC GAA CCG GGT AAA TTC TAC AAA GGT GTT GTT ACC CGT ATC GAA AAA TAC GGT GCG TTC ATC AAT CTG AAT GAA CAG GTT CGT GGT CTG CTG CGC CCA CGT GAC ATG ATC TCT CTG CGT CTG GAA AAC CTG AAC GTT GGT GAC GAA ATC ATC GTG CAG GCG ATC GAC GTT CGT CCG GAA AAA CGT GAA ATC GAC TTC AAA TAC ATC CCG,1.8861275222234355
GAC GTT GAA CCG GGT AAG TTC TAC AAA GGT GTT GTT ACC CGT ATC GAA AAA TAC GGT GCG TTC ATC AAC CTG AAT GAG CAG GTT CGT GGT CTG CTG CGT CCG CGT GAC ATG ATC TCT CTG CGT CTG GAA AAC CTC AAT GTT GGC GAC GAA ATC ATC GTT CAG GCG ATC TGC GTT CGT CCG GAA AAA CGT GAA ATC GAC TTC AAA TAC ATC CCG,4.3574657645834325
GAC GTG GAA CCG GGT AAG TTC TAC AAA GGT GTT GTT ACC CGT ATC GAA AAA TAC GGT GCG TTC ATC AAC CTG AAC GAA CAA GTT CGT AAC CTG CTG CGT CCG CGT GAC ATG ATC TCT CTG CGT CTG GAG AAC CTC AAT GTG GGT GAC GAA ATC ATC GTT CAA GCG ATC GAC GTT CGT CCA GAA AAA CGT GAA ATC GAC TTC AAA TAC ATC CCG,1.4073113371892916
GAT GTT GAA CCG GGT AAA TTC TAC AAA GGT GTT GTT ACC CGT ATC GAG TTC TAC GGT GCG TTC ATC AAC CTG AAC GAG CAG GTT CGT GGT CTG CTG CGT CCG CGT GAC ATG ATC TCT CTG CGT CTG GAA AAC CTC AAC GTG GGT GAT GAA ATC ATT GTT CAG GCG ATC GAC GTT CGT CCG GAA AAA CGT GAA ATC GAC TTC AAA TAC ATC CCG,5.098755229897204
GAT GTT GAA CCG GGT AAA TTC TAC AAG GGT GTT GTT ACC CGT ATC GAA AAA TAC GGT GCG TTC ATC AAT CTG AAT GAA CAA GTT CGC GGT CTG CTC CGT CCG CGT GAA ATG ATC TCT CTG CGT CTG GAG AAC CTC AAT GTT GGT GAC GAA ATC ATC GTT CAG GCG ATT GAC GTT CGT CCG GAA AAG CGT GAG ATC GGT TTC AAA TAC ATC CCG,1.9610326423199167
GAT GTT GAA CCG GGT AAA TTC TAC AAA GGT GTT GTT ACC CGT ATC GAA AAA TAC GGT GCG TTC ATC AAC CTG AAT GAA CAG GTG CGT GGT CTG CTG CGT CCG CGT ATG ATG ATC TCT CTG CGC CTG GAA AAT CTG AAT GTT GGT GAC GAA ATC ATC GTT CAG GCG ATC GAC GTT CGT CCG GAA AAA CGT GAA ATC GAC TTC AAA TAC ATC CCG,3.690711785742793
GAC GTT ATT CCG GGT AAA TTC TAC AAA GGC GTT GTT ACC CGT ATC GAA AAA TAC GGT GCG TTC ATC AAC CTG AAT GAA CAG GTT CGT GGT CTG CTC CGT CCG CGT GAT ATG ATC TCT CTG CGT CTG GAA AAT CTG AAT GTT GGT GAC GAA ATC ATC GTT CAG GCG ATC GAC GTT CGT CCG GAA AAA CGT GAA ATC GAC TTC AAA TAC ATC CCG,8.035299978439156
GAT GTT GAA CCG GGT AAA TTC TAC AAA GGT GTT GTT ACC CTG ATC GGT AAA TAC GGT GCG TTC ATC AAT CTG AAT GAA CAG GTT CGT GGT CTG CTG CGT CCG CGT GAC ATG ATC TCT CTG CGT CTG GAA AAC CTG AAT GTT GGT GAC GAG ATT ATT GTT CAA GCG ATC GAC GTT CGT CCG GAA AAA CGT GAA ATC GAC TTC AAA TAC ATC CCG,3.857804444514613
GAC GTT GAA CCG GGT AAA TTC TAC AAA GGT GTT GTT ACC CGT ATC GAA AAA TAC GGT GCG TTC ATC AAC CTC AAC GAA CAG GTT CGT GGT CTG CTG CGT CCG CGT GAC ATG ATC TCT CTG CGT CTG GAA AAC CTG AAC GTT GGT GAC GAA ATC ATC GTG CAG GCG ATC GAC GTT AAA CCG GAA AAG CGT GAG ATC TTC TTC AAA TAC ATC CCG,4.866351083734841
GAT GTT GAA CCG GGC AAA TTC TAC AAA GGT GTT GTT ACC CGT ATC GAA AAA TAC GGT GCG TTC ATC AAC CTC AAC GAA CAG GTT CGC GGT CTG CTC CGC CCA CGT ACT ATG ATC TCT CTG CGC CTG GAG AAC CTG AAT GTT GGT GAC GAA ATC ATC GTT CAA GCT ATT GAT GTG CGT CCA GAA AAA CGT GAA ATC GAC TTC GCG TAC ATC CCG,2.787776620397178
GAC GTT GAA CCG GGC AAA TTC TAC AAA GGT GTT GTT ACC CGT ATC GAA AAA TAC GGT GCG TTC ATC AAC CTC AAC GAA CAG GTT CGT GGC CTG CTG CGT CCG CGT GAC ATG ATC TCC CTG CGC CTG GAA AAC CTG AAC GTT GGT GAC GAA ATC ATC GTG CAG GCT ATT GAC GTG CAC CCG GAA AAA CGT GAA ATC TGG TTC AAA TAC ATC CCA,4.096035933571816
GAC GTT GAA CCG GGT AAA TTC TAC AAG GGT GTT GTT ACC GAC ATT TGG AAA TAC GGT GCG TTC ATC AAC CTC AAC GAA CAG GTT CGT GGT CTG CTG CGT CCG CGT GAC ATG ATC TCT CTG CGT CTG GAA AAT CTG AAC GTT GGT GAT GAA ATC ATC GTT CAG GCG ATC GAC GTT CGT CCG GAA AAA CGT GAA ATC GAC TTC AAA TAC ATC CCG,3.3407805462172804
GAC GTT GAA CCG GGT AAA TTC TAC AAA GGT GTT GTT ACC CGT ATC GAA AAA TAC GGT GCG TTC ATC AAC CTC AAC GAA CAG GTT CGT GGT CTG CTG GGT CCG CGT ATT ATG ATC TCT CTG CGT CTG GAA AAT CTG AAC GTT GGT GAC GAA ATC ATC GTG CAG GCT ATC GAC GTT CGT CCG GAA AAA CGT GAA ATC GAC TTC AAA TAC ATC CCG,2.308121701096788
GAC GTT GAA CCG GGC AAA TTC TAC AAA GGT GTT GTT ACC CGT ATC GAA AAA TAC GGT GCG TTC ATC AAC CTG AAT GAG CAG GTT CGT GGT CTG CTG GGT CCG CGT GGT ATG ATC TCT CTG CGT CTG GAA AAT CTG AAC GTT GGT GAC GAA ATC ATC GTT CAG GCG ATC GAT GTT CGT CCG GAA AAA CGT GAA ATC GAC TTC AAA TAC ATC CCG,1.7278606191743449
GAC GTT GAA CCA GGT AAA TTC GCT AAA GGT GTT GTT ACC CGT ATC GAA AAA TAC GGT GCG TTC ATC AAC CTG AAC GAA CAG GTT CGC GGT CTG CTC CGT CCG CGT GAT ATG ATC TCT CTG CGC CTG GAA AAT CTG AAT GTT GGT GAC GAA ATC ATC GTG CAG GCG ATC GAT GTT CGT CCG GAA AAA CGT GAA ATC GAC TTC AAA TAC ATC CCG,1.1218706704959285
GAC GTT GAA CCG GGT AAA TTC TAC AAA GGT GTT GTT ACC CGT ATC GAA AAA TAC GGT GCG TTC ATC AAC CTC AAC GAA CAG GTT CGT GGT CTG CTG CCG CCA CGT GAC ATG ATC TCT CTG CGT CTG GAA AAC CTG AAT GTT GGT GAC GAA ATC ATC GTT CAG GCG ATC GAC GTT ATC CCG GAA AAA CGT GAA ATC GAC TTC AAA TAC ATC CCG,1.0724383602165413
GAT GTT GAA CCG GGT AAA TTC TAC AAA GGT GTT GTT ACC CGT ATC GAA AAA TAC GGT GCT TTC ATC AAC CTC AAC GAA CAG GTT CGT GGT CTG AAC CGT CCG CGT GAC ATG ATC TCT CTG CGT CTG GAA AAC CTG AAC GTT GGT GAC GAA ATC ATC GTT CAA GCT ATC GAC GTT CGT CCG GAA AAA CGT GAA ATC GAC TTC AAA TAC ATC CCG,1.040685529308103
GAC GTT GAA CCG GGT AAA TTC TAC AAA GGT GTT GTT ACC CGT ATC GAA AAA TAC GGT GCG TTC ATC AAC ATC AAC GAA CAG GTT CGT GGT CTG CTG CGT CCG CGT GAC ATG ATC TCT CTG CGC CTG GAA AAC CTG AAC GTT GGT GAC GAA ATC ATC GTG CAG GCG ATC GAC GTT CGT CCG GAA AAA CGT GAA ATC GAC TTC AAA TAC ATC CCG,5.229047181529699
GAC GTT GAA CCG GGT AAA TTC TAC AAA GGT GTT GTT ACC CGT ATC GAA AAA TAC GGT GCG TTC ATC AAC CTC AAC GAA CAG GTT CGT GGT CTG CTG CGT CCG CGT GAC ATG ATC TCT CTG CGT CTG GAA AAC CTG AAT GTT GGT GAC GAA ATT ATC GTG CAA GCG ATC GAC GTT AAA CCG GAG AAA CGT GAA ATC ATC TTC AAG TAC ATC CCG,4.223285273728711
GAT GTT GAA CCG GGT AAA TTC TAC AAA GGT GTT GTT ACC CGT ATC GAA AAA TAC GGT GCG TTC ATC AAT CTG AAT GAG CAG GTT CGT GGT CTG CTG TGG CCG CGT GAC ATG ATC TCT CTG CGT CTG GAA AAC CTG AAT GTT GGT GAC GAA ATC ATC GTT CAG GCG ATC GAC GTT CGT CCG GAA AAA CGT GAA ATC CAG TTC AAA TAC ATC CCG,2.17466162433961
GAC GTT GAA CCG GGT AAA TTC TAC AAA GGT GTT GTT ACC CGT ATC GAA AAA TAC GGT GCG TTC ATC AAC CTG AAT GAA CAG GTT CGT GGT CTG CTG CGT CCG CGT CTC ATG ATC TCT CTG CGT CTG GAA AAT CTG AAT GTT GGT GAC GAA ATC ATC GTT CAG GCG ATC GAC GTT ACT CCA GAA AAA CGC GAA ATC GAC TTC AAA TAC ATC CCG,1.6599124757511856
GAC GTT GAA CCG GGT AAA TTC TAC AAA GGT GTT GTT ACC CGT ATC GAA AAA TAC GGT GCG TTC ATC AAC CTG AAC GAA CAG GTT CGT GGT CTG CTG CGT CCG CGT GAC ATG ATC TCT CAG CGT CTG GAA AAT CTG AAC GTT GGT GAC GAA ATC ATC GTG CAG GCG ATC GAT GTT CGT CCG GAA AAA CGT GAA ATC GAC TTC AAA TAC ATC CCG,3.358499596820164
GAT GTT GAA CCG GGT AAA TTC TAC AAA GGT GTT GTT ACC CGT ATC GAA AAA TAC GGT GCG TTC ATC AAC CTG AAC GAA CAG GTT CGT GGT CTG CTC CGT CCG CGT CCG ATG ATC TCT CTG CGT CTG GAA AAT CTC AAC GTG GGT GAC GAA ATC ATC GTG CAG GCG ATT GAC GTT CGT CCG GAA AAA CGT GAA ATC GAC TTC AAC TAC ATC CCG,1.5391770531287017
GAC GTT GAA CCG GGT AAA TTC TAC AAA GGT GTT GTT ACC CGT ATC GAA AAA TAC GGT GCG TTC ATC AAC CTC AAC GAA CAG GTT CGT GGT CTG CTG TTC CCG CGC AAA ATG ATC TCT CTG CGT CTG GAA AAC CTG AAC GTT GGT GAC GAA ATC ATC GTG CAG GCG ATC GAC GTG CGT CCG GAA AAA CGT GAA ATC GAC TTC AAA TAC ATC CCG,1.7948680588076142
GAC GTT GAA CCG GGT AAA TTC TAC AAG GGT GTT GTT ACC CGT ATC GAA AAA TAC GGT GCG TTC ATC AAC CTC AAC GAA CAG GTT CGT GGT CTG CTG CGT CCG CGT TGG ATG ATC TCT CTG CGT CTG GAA AAC CTG AAC GTT GGT GAC GAA ATC ATC GTT CAA GCG ATT GAC GTT CGT CCG GAA AAA CGT GAA ATC CAG TTC AAA TAC ATC CCG,3.031088215669827
GAC GTT GAA CCG GGT AAA TTC TAC AAA GGT GTT GTT ACC CGT ATC GAA AAA TAC GGT GCG TTC ATC AAC CTG AAT GAA CAG GTT CGT GGC CTG CTG TAC CCA CGT GCG ATG ATC TCT CTG CGT CTG GAA AAT CTG AAT GTT GGT GAC GAA ATC ATT GTT CAG GCT ATC GAC GTT CGT CCG GAG AAA CGT GAA ATC GAC TTC AAG TAT ATC CCG,1.676105161901237
GAC GTT GAA CCG GGT AAA TTC TAC AAA GGT GTT GTT ACC CGT ATC GAA AAA TAC GGT GCG TTC ATC AAC CTC AAT GAA CAG GTT CGT GGT CTG CTG CGT CCG CGT TAC ATG ATC TCT CTG CGC CTG GAA AAC CTG AAC GTT GGT GAC GAA ATC ATC GTT CAA GCG ATC GAT GTT CAG CCG GAA AAA CGT GAA ATC GAC TTC AAA TAC ATC CCG,2.5588801227124955
GAC GTT GAA CCG GGC AAA TTC TAC AAA GGT GTT GTT ACC CGT ATC GAA AAA TAC GGT GCG TTC ATC AAC CTG AAT GAA CAG CCG CGT GGC CTG CTG CGT CCG CGC GAC ATG ATC TCT CTG CGT CTG GAA AAT CTG AAC GTT GGT GAC GAA ATC ATC GTT CAG GCG ATC GAC GTT CGC CCG GAA AAA CGT GAA ATC GAC TTC AAA TAC ATC CCG,1.6228395915218026
GAC GTT GAA CCG GGC AAA TTC TAC AAA GGT GTT GTT ACC CGT ATC GAA AAA TAC GGT GCG TTC ATC AAC CTC AAC GAG CAG GTT CGT GGT CTG CTG CGT CCG CGT GAC ATG ATC TCT CTG CGT CTG GAA AAC CTG AAT GTT GGT GAC GAA ATC ATC GTT CAG CAG ATC GAC GTT CGT CCG GAA AAA CGT GAA ATC GAC TTC AAA TAC ATC CCG,1.7557869726509066
GAC GTT GAA CCG GGT AAA TTC TAC AAA GGT GTT GTT ACC CGT ATC GAA AAA TAC GGT GCG TTC ATC AAC CTG AAC GAG CAG GTT CGT GGT CTG CTG CGT CCG CGC GAC ATG ATC TCT CTG CGT CTG GAA AAT CTC AAC GTG GGT GAC GAA ATT ATC GTG CAG GCG ATC GAT GTT CGT CCG GAA AAA CGT GAA ATC GAC GAA AAG TAC ATC CCG,1.487266112548994
GAC GTT GAA CCG GGT AAA TTC TAC AAA GGT GTT GTT ACC CGT ATC GAA AAA TAC GGT GCG TTC ATC AAT CTG AAT GAA CAG GTT CGT GGT CTG CTG AAA CCG CGT TCT ATG ATC TCT CTG CGT CTG GAA AAC CTG AAC GTT GGT GAC GAA ATC ATC GTG CAA GCG ATC GAC GTG CGT CCG GAA AAA CGT GAA ATC GAC TTC AAA TAC ATC CCG,2.587065127053442
GAC GTT GAA CCG GGC AAA TTC TAC AAA GGT GTT GTT ACC CGT ATC GAA AAA TAC GGT GCG TTC ATC AAC CTC AAT GAA CAG GTT CGT GGT CTG CTG CGT CCG CGC AAC ATG ATC TCT CTG CGT CTG GAA AAC CTG AAT GTT GGT GAC GAA ATC ATC GTG CAG GCT ATC GAT GTT CGT CCG GAA AAA CGT GAA ATC GAC TTC TGG TAC ATC CCG,3.11073236312925
GAC GTT GAA CCG GGT AAA TTC TAC AAA GGT GTT GTT ACC CGT ATC GAA AAA TAC GGT GCG TTC ATC AAC CTG AAC GAA CAG GTT CGT GGT CTG CTG CGT CCG CGT GAC ATG CAC TCT CTG CGT CTG GAA AAC CTC AAT GTT GGT GAC GAG ATC ATC GTT CAA GCG ATC GAC GTT CGT CCG GAA AAA CGT GAA ATC GAC TTC AAA TAC ATC CCG,5.68800676916757
GAC GTT GAA CCG GGC AAA TTC TAC AAA GGT GTT GTT ACC CGT ATC GAA AAA TAC GGT GCG TTC ATC AAC CTG AAC GAA CAA GTT CGT GGT CTG CTG ATG CCG CGT TGG ATG ATC TCT CTG CGT CTG GAA AAT CTG AAC GTT GGT GAC GAA ATC ATT GTT CAG GCG ATC GAC GTT CGT CCG GAA AAA CGT GAA ATC GAC TTC AAA TAC ATC CCG,2.8023626049534816
GAC GTT GAA CCG GGT AAG TTC TAC AAA GGT GTT GTT ACC TGG ATC TCT AAA TAC GGT GCG TTC ATC AAC CTG AAT GAA CAG GTT CGT GGT CTG CTG CGT CCG CGT GAC ATG ATC TCT CTG CGT CTG GAA AAT CTG AAC GTT GGT GAC GAA ATC ATC GTT CAG GCG ATC GAC GTT CGT CCG GAA AAA CGT GAA ATC GAC TTC AAA TAC ATC CCG,4.673947754671087
GAC GTT GAA CCG GGT AAA TTC TAC AAA GGT GTT GTT ACC CGT ATC GAA AAA TAC GGC GCT TTC ATT AAC CTG AAC GAA CAG GTT CGT GGT CTG CTG CGT CCA CGT TAC ATG ATC TCT CTG CGT CTG GAA AAT CTG AAC GTT GGT GAC GAA ATC ATC GTG CAA GCG ATT GAC GTT CTG CCG GAA AAA CGT GAA ATC GAC TTC AAA TAC ATC CCG,2.287940257502407
GAC GTT GAA CCG GGT AAA TTC TAC AAA GGC GTT GTT ACC CAC ATC ACC AAA TAC GGT GCG TTC ATC AAC CTC AAC GAG CAG GTG CGT GGT CTG CTG CGT CCA CGT GAC ATG ATC TCC CTG CGT CTG GAA AAC CTG AAC GTT GGT GAC GAA ATC ATT GTT CAG GCG ATC GAC GTT CGT CCG GAA AAA CGT GAA ATC GAC TTC AAA TAC ATT CCG,4.934749842593842
GAC GTT GAA CCG GGC AAA TTC TAC AAA GGT GTT GTT ACC ATC ATC GAA AAA TAC GGT GCG AAC ATC AAT CTG AAC GAG CAG GTT CGT GGC CTC CTG CGT CCG CGC GAC ATG ATC TCT CTG CGT CTG GAA AAC CTG AAT GTT GGT GAC GAA ATC ATC GTT CAA GCG ATC GAC GTT CGT CCA GAA AAA CGT GAA ATC GAC TTC AAA TAC ATC CCA,0.7387797485350978
GAC GTT GAA CCG GGT AAA TTC TAC AAA GGT GTT GTT ACC CGT ATC GAA AAA TAC GGT GCG TTC ATC AAT CTG AAC GAA CAG GTT CGT GGT CTG CTC CAA CCG CGT GAT ATG ATC TCT CTG CGT CTG GAA AAC CTG AAT GTT GGT GAC GAA ATC ATC GTT CAA GCG ATC GAC GTT GCG CCG GAA AAA CGT GAA ATC GAC TTC AAA TAC ATC CCG,1.5571737343507015
GAC GTT GAA CCG GGT AAA TTC TAC AAA GGT GTT GTT ACC CGT ATC GAA AAA TAC GGT GCG TTC ATC AAC CTC AAC GAA CAG GTT CGT GGT CTG CTG CGT CCG TCT GAT ATG ATC TCT CTG CGT CTG GAA AAC CTG AAC GTT GGT GAC GAA ATC ATC GTG CAA GCG ATC GAC GTT CGT CCG GAA AAA CGT GAA ATC GAC TTC AAA TAC ATC CCG,4.492865651195196
GAT GTG GAA CCG GGT AAA TTC TAC AAA GGC GTT GTG ACC GTT ATC GAA AAA TAC GGT GCG GGT ATC AAT CTG AAC GAA CAA GTG CGT GGC CTC CTG CGT CCG CGT GAC ATG ATC TCT CTG CGT CTC GAA AAC CTG AAC GTT GGT GAC GAA ATC ATC GTG CAG GCG ATT GAC GTT CGT CCG GAA AAA CGT GAA ATC GAC TTC AAA TAC ATC CCG,1.0039557706732354
GAC GTT GAA CCG GGT AAA TTC TAC AAA GGT GTT GTT ACC CGT ATC GAA AAA TAC GGT GCG TTC ATC AAC CTG AAC GAA CAG GTT CGT GGT CTG CTG CAA CCA CGT GAC ATG ATC TCT CTG CGT CTG GAA AAC CTC AAT GTT GGT GAC GAA ATC ATC GTT CAA GCG ATC GAC GTT CTG CCG GAA AAA CGT GAA ATC GAC TTC AAA TAC ATC CCG,1.5668422097079313
GAC GTG GAA CCG GGT AAA TTC TAC AAA GGT GTT GTT ACC CGT ATC GAG AAG TAT GGT GCG TTC ATC AAT CTG AAC GAA CAG GTT CGT GGT CTG CTG CGT CCG CGT ATG ATG ATC TCT CTG CGT CTG GAA AAC CTG AAT GTT GGT GAC GAA ATC ATC GTG CAG GCG ATC GAC GTT CAC CCG GAA AAA CGT GAA ATC GAC TTC AAA TAC ATC CCG,2.650229129313673
GAC GTT GAA CCG GGT AAA TTC TAC AAA GAA GTG GTG ACC CGT ATC GAA AAA TAC GGT GCG TTC ATC AAC CTG AAC GAA CAG GTT CGC GGT CTG CTC CGT CCG CGT GAT ATG ATC TCT CTC CGT CTG GAA AAT CTG AAC GTG GGT GAT GAA ATC ATT GTT CAG GCG ATT GAC GTT CGT CCG GAA AAA CGT GAA ATC GAC TTC AAA TAC ATC CCG,0.672771354423488
GAC GTT GAA CCG GGT AAA TTC TAC AAA GGT GTT GTT ACC CGT ATC GAA AAA TAC GGT GCT TTC ATC AAC CTG AAT GAG CAG GTT CGT GGT CTG CTC AAA CCA CGT GAC ATG ATC TCT CTG CGT CTG GAA AAC CTC AAT GTT GGT GAC GAA ATC ATC GTT CAG GCG ATC GAT GTT CGT CCG GAG AAA CGT GAA ATC TCT TTC AAA TAC ATC CCG,3.6141711811305175
GAC GTT GAA CCG GGC AAA TTC TAC AAA GGT GTT GTT ACC CGT ATC GAA AAA TAC GGT GCG TTC ATC AAC CTG AAC GAG CAG GTT CGT GGT CTG CTG ATT CCG CGT GAC ATG ATC TCT CTG CGT CTG GAA AAT CTG AAC GTT GGT GAC GAA ATC ATT GTT CAG GCG ATC GAC GTT CGT CCG GAA AAA CGT GAA ATC CCG TTC AAA TAC ATC CCG,1.2808712110833147
GAC GTT GAA CCG GGT AAA TTC TAC AAG GGT GTT GTT ACC CGT ATC GAA AAA TAC GGT GCG TTC ATC AAC CTG AAT GAA CAG GTT CGT GGT CTG CTG CGT CCG CGT GAC ATG ATT TCC CTG CGT CTG GAA AAC CTC AAC GTG GGT GAC GAG ATT ATC GTT CAG GCG ATC GAC ATG CGC CCA GAA AAA CGT GAA ATC GAC TTC AAA TAC ATC CCA,3.533707429137194
GAC GTT GAA CCG GGT AAA TTC TAC AAA GGT GTT GTT ACC CGT ATC GAA AAG ACC GGT GCG TTC ATC AAC CTG AAT GAA CAG GTT CGT GGT CTG CTG CGT CCA CGT GAC ATG ATC TCT CTG CGC CTG GAA AAT CTG AAC GTT GGT GAC GAA ATC ATC GTT CAG GCG ATT GAC GTT CGT CCG GAA AAA CGT GAA ATC GAC TTC AAA TAC ATC CCG,3.2069024772165418
GAT GTT GAA CCG GGT AAA TTC TAC AAA GGT GTT GTT ACC CGT ATC GAA AAA TAC GGT GCG TTC ATC AAT CTG AAT GAA CAG GTT CGT GGT CTG CTG CGT CCG CGC GAC ATG ATC TCT GAC CGT CTG GAA AAC CTG AAC GTT GGT GAC GAA ATC ATC GTG CAG GCG ATC GAC GTT CGT CCA GAA AAA CGT GAA ATC GAC TTC AAA TAC ATT CCG,2.9031442776440217
GAC GTT GAA CCG GGT AAA TTC TAC AAA GGT GTT GTT ACC CGT ATC GAA AAA TAC GGT GCG TTC ATC AAC CTC AAC GAA CAG GTT CGT GGT CTG CTG CCG CCA CGT GAC ATG ATC TCT CTG CGT CTG GAA AAC CTG AAC GTT GGT GAC GAA ATC ATC GTT CAA GCG ATC GAT GTT CGT CCG GAA AAA CGT GAA ATC GTG TTC AAA TAC ATC CCG,2.092352868776631
GAC GTT GAA CCG GGT AAA TTC TAC AAA GGT GTT GTT ACC CGT ATC GAA AAA TAC GGT GCG TTC ATC AAC CTG AAT GAA CAG GTT CGT GGT CTG CTG CGT CCG CGT AAC ATG ATC TCT CTG CGT CTG GAA AAT CTG AAC GTT GGT GAC GAA ATC ATC GTT CAA GCG ATC GAC GTT AAA CCG GAA AAA CGT GAA ATC GAC TTC AAA TAC ATC CCG,4.327716335158286
GAC GTT GAA CCG GGT AAA TTC TAC AAG GGT GTT GTT ACC CGT ATC GAA AAA TAC GGT GCG TTC ATC AAC CTG AAT GAA CAG GTT CGT GGT CTG CTG CGT CCG CGT GAC ATG ATC TCT CTG CGT CTG GAA AAC CTC AAC GTT TGG GAC GAA ATC ATC GTT CAG GCG ATC GAC GTT CGT CCA GAA AAA CGT GAA ATC GAC TTC AAA TAC ATC CCG,3.9243313382346665
GAT GTT GAA CCG GGT AAA TTC TAC AAA GGT GTT GTT ACC CGC ATC GAA AAA TAC GGT GCG TTC ATC AAC CTC AAC GAA CAA GTT CGT GGT CTG CTG CGT CCG CGT ACC ATG ATC TCT CTG CGT CTG GAA AAC CTG AAT GTT GGT GAC GAA ATC ATC GTT CAG GCG ATC GAC GTT TGG CCG GAA AAA CGT GAA ATC GAC TTC AAA TAC ATC CCG,1.5312728580662722
GAC GTT GAA CCG GGT AAA TTC TAC AAA GGT GTT GTT ACC CGT ATC GAA AAA TAC GGT GCG TTC ATC AAC CTG AAC GAA CAG GTT CGT GGT CTG CTG CGT CCG CGT GAC ATG ATC TCT CTG CGT CTG GAA AAT CTG AAC GTT GGT GAC GAA ATC ATC GTG CAG GCT ATC GAC GTT CGT CCG GAA AAA CGT GAA ATC GAC TTC AAA TAC CAC CCG,4.296964220322905
GAC GTT GAA CCG GGT AAA TTC TAC AAA GGT GTT GTT ACC CGT ATC GAA AAA TAC GGT GCG TTC ATC AAC CTG AAT GAG CAG GTT CGT GGT CTG CTC CGT CCG CGT CGT ATG ATC TCT CTG CGT CTG GAA AAT CTG AAC GTT GGT GAC GAA ATC ATT GTT CAG GCT ATC GAC GTT CCG CCG GAA AAA CGT GAA ATC GAC TTC AAA TAC ATC CCG,1.3339350004043944
GAC GTT GAA CCG GGT AAA TTC TAC AAA GGT GTT GTT ACC CGT ATC GAA AAA TAC GGT GCG TTC ATC AAC CTC AAC GAA CAG GTT CGT GGT CTG CTG CGT CCG CGT GAC ATG ATC TCT CTG CGT CTG GAA AAC CTG AAT GTT GGT GAC GAA ATC ATC GTT CAG GCG ATT GAC GAC CGT CCG GAA AAA CGT GAA ATC GAC TTC AAA TAC ATC CCG,2.02382824704383
GAC GTT GAA CCG GGT AAA TTC TAC AAA GGT GTT GTT ACC CGT ATC GAA AAA TAC GGT GCG TTC ATC AAC CTG AAC GAA CAG GTT CGT GGT CTG CTG CGT CCG CGT GAC ATG ATC TCT CTG CGT CTG GAA AAT CTG AAC GTT GGT GAC GAA ATC ATC GTT AAA GCG ATC GAC GTT CGT CCG GAA AAA CGT GAA ATC GAC TTC AAA TAC ATC CCG,4.40953621567375
GAC GTT GAA CCG GGT AAA TTC TAC AAA GGT GTT GTT ACC CGT ATC GAA AAA TAC GGT GCG TTC ATC AAT CTG AAC GAA CAG GTT CGT GGT CTG CTG ACT CCG CGT GAC ATG ATC TCT CTG CGT CTG GAA AAC CTG AAC GTT GGT GAC GAA ATC ATC GTG CAG GCG ATC GAT GTG TCT CCG GAA AAA CGT GAA ATC GAC TTC AAA TAC ATC CCG,1.581637849087698
GAC GTT GAA CCG GGT AAA TTC TAC AAA GGT GTT GTT ACC CGT ATC GAA AAA TAC GGT GCG TTC ATC AAC CTG AAC GAA CAA GTG CGT GGT CTG CTG GGT CCG CGT GAC ATG ATC TCT CTG CGC CTG GAA AAT CTG AAC GTT GGT GAC GAA ATC ATC GTG CAG GCG ATT GAC GTT CGC CCG GAA AAA CGT GAG ATC TAT TTC AAA TAC ATC CCG,2.5620194203867275
GAT GTT GAA CCG GGT AAA TTC TAC AAA GGT GTT GTT ACC CGT CAG GAA AAA TAC GGT GCG TTC ATC AAC CTG AAC GAA CAG GTT CGT GGT CTG CTG CGT CCG CGT GAT ATG ATC TCT CTG CGT CTC GAA AAC CTC AAC GTG GGT GAC GAA ATC ATC GTT CAA GCT ATC GAC GTT CGT CCG GAA AAA CGT GAA ATC GAC TTC AAA TAC ATC CCG,0.9596472626282488
GAC GTT GAG CCG GGT AAA TTC TAC AAA GGT GTT GTT ACC TAC ATC TAC AAG TAC GGT GCG TTC ATC AAT CTG AAC GAA CAG GTG CGT GGT CTG CTG CGT CCG CGC GAC ATG ATC TCT CTC CGT CTG GAA AAC CTG AAC GTT GGT GAC GAA ATC ATC GTG CAG GCT ATC GAC GTT CGT CCG GAA AAA CGT GAA ATC GAC TTC AAA TAC ATC CCG,4.4237091703416045
GAC GTT GAA CCA GGT AAA TTC TAC AAA GGT GTT GTT ACC CTG ATC CCG AAA TAC GGT GCG TTC ATC AAC CTG AAT GAA CAA GTT CGT GGT CTG CTG CGT CCG CGT GAC ATG ATC TCT CTG CGT CTG GAG AAC CTC AAT GTG GGC GAC GAA ATT ATC GTG CAG GCT ATC GAC GTT CGT CCA GAA AAA CGT GAA ATC GAC TTC AAA TAC ATT CCA,1.4006542762614855
GAC GTT GAA CCG GGT AAG TTC TAC AAA GGT GTT GTT ACC CGT ATC GAA AAA TAC GGC GCG TTC ATC AAC CTG AAT GAA CAG GTT CGT GGT CTG CTG GAC CCG CGT GAT ATG ATC TCT CTG CGT CTG GAA AAT CTG AAT GTT GGT GAC GAA ATC ATC GTT CAG GCT ATC GAC GTT CGT CCG GAA AAA CGT GAA ATC CGT TTC AAA TAC ATC CCG,3.124986691912924
GAC GTT GAA CCG GGT AAA TTC TAC AAA GGT GTT GTT ACC CGT ATC GAA AAA TAC GGT GCG TTC ATC AAC CTC AAC GAA CAG GTT CGT GGT CTG CTG CGT CCG CGT GAC TCT ATC TCT CTG CGT CTG GAA AAC CTG AAT GTT GGT GAC GAA ATC ATC GTG CAG GCG ATT GAC GTT CGT CCG GAA AAA CGT GAA ATC GAC TTC AAA TAC ATC CCG,3.115316364976424
GAC GTT GAA CCG GGT AAA TTC TAC AAA GGT GTT GTT ACC CGT ATC GAA AAA TAC GGT GCG TTC ATC AAC CTG AAC GAA CAG GTT CGT GGT CTG CTG CGT CCG CGT GTT ATG ATC TCT CTG CGT CTG GAA AAT CTG AAC GTT GGT GAC GAA ATC ATC GTT CAA GCG ATC GAC GTT GTT CCG GAG AAA CGT GAA ATC GAC TTC AAA TAC ATC CCG,1.4648350074231846
GAC GTT GAA CCG GGC AAA TTC TAC AAA GGT GTT GTT ACC TGG ATC TGC AAA TAC GGT GCG TTC ATC AAC CTG AAC GAA CAG GTT CGT GGT CTG CTG CGT CCG CGT GAC ATG ATC TCT CTG CGT CTC GAA AAC CTC AAT GTT GGC GAC GAA ATC ATC GTT CAA GCG ATT GAC GTT CGT CCG GAA AAA CGT GAA ATC GAC TTC AAA TAC ATC CCG,3.882384098831041
GAC GTT GAA CCG GGT AAA TTC TAC AAA GGT GTT GTT ACC CGT ATC GAA AAA TAC GGT GCG TTC ATC AAC CTG AAC GAA CAG GTT CGT GGT CTG CTC GCG CCA CGT TCT ATG ATC TCT CTG CGT CTG GAA AAC CTC AAT GTT GGT GAC GAA ATC ATC GTT CAA GCG ATC GAC GTT CGT CCG GAA AAA CGT GAA ATC GAC TTC AAA TAC ATC CCG,2.0944779145117383
GAC GTT GAA CCG GGT AAA TTC TAC AAA GGT GTT GTT ACC CGT ATC GAA AAA TAC GGT GCG TTC ATC AAC CTC AAC GAA CAG GTT CGT GGT CTG CTG CGT CCG CGT GAC ATG ATC TCT CTG CGT CTG GAA AAC CTG AAT GTT GGT GAC GAA ATC ATC GTT CAG GCT ATC GAC GTT CAA CCG GAA AAA CGT GAA ATC CTG TTC AAA TAC ATC CCG,4.515622324831067
GAC GTT GAA CCG GGT AAA TTC TAC AAA GGT GTT GTT ACC CGT ATC GAA AAA TAC GGT GCG TTC ATC AAT CTG AAC GAA CAG GTT CGT GGT CTG CTG CGT CCG CGT GTT ATG ATC TCT CTG CGT CTG GAA AAC CTG AAT GTT GGT GAC GAA ATT ATC GTG CAG GCG ATC GAC GTT CGT CCG GAG AAA CGT GAA ATC ATG TTC AAA TAC ATC CCG,1.972870954311
GAC GTT GAA CCG GGT AAA TTC TAC AAG GGT GTT GTT ACC CGT ATC GAA AAA TAC GGT GCG TTC ATC AAC CTC AAT GAA CAA GTT CGT GGT CTG CTG CGT CCG CGT GAC ATG ATT TCT CTG CGT CTG GAG AAC CTG AAT GTT GGT GAC GAA ATT ATC GTT CAG GCG ATC GAC GTT CGT CCG GAG AAA CGT GAG ATC ATT TTC AAA TAC ATC CCG,4.49617241991356
GAC GTG GAA CCG GGT AAG TTC TAC AAA GGT GTT GTT ACC CGT ATC GAA AAA TAC GGT GCG TTC ATC AAC CTC AAC GAA CAG GTT CGT GGT CTG CTG CGT CCG CGT TAC ATG ATC TCT CTG CGT CTG GAA AAC CTG AAT GTT GGT GAC GAA ATC ATC GTT CAG GCT ATC GAC GTT CCG CCG GAA AAA CGT GAA ATC GAC TTC AAA TAC ATC CCG,1.8775263076892208
GAC GTT GAA CCG GGT AAA TTC TAC AAA GGT GTT GTT ACC CGT ATC GAA AAA TAC GGT GCG TTC ATC AAC CTC AAC GAA CAG GTT CGT GGT CTG CTG TAC CCG CGT GAT ATG ATC TCT CTG CGT CTG GAA AAC CTG AAC GTT GGT GAC GAA ATC ATC GTT CAA GCG ATC GAC GTT CGT CCG GAA AAA CGT GAA ATC AAA TTC AAA TAC ATC CCG,2.608058807133148
GAC GTT GAA CCG GGT AAA TTC TAC AAA GGT GTT GTT ACC CGT ATC GAA AAA TAC GGT GCG TTC ATC AAC CTC AAC GAA CAG GTT CGT GGT CTG CTG CGT CCG CGT CGT ATG ATC TCT CTG CGT CTG GAA AAT CTC AAC GTG GGT GAC GAA ATC ATC GTT CAA GCG ATC GAC GTT CAG CCG GAA AAA CGT GAA ATC GAC TTC AAA TAC ATC CCG,1.6823454643980806
GAC GTT GAA CCG CTG AAA TTC TAC AAA GGT GTT GTT ACC CGT ATC GAA AAA TAC GGT GCG TTC ATC AAC CTC AAT GAA CAG GTT CGT GGT CTG CTG CGT CCG CGT GAC ATG ATC TCT CTG CGT CTG GAA AAC CTG AAC GTT GGT GAC GAA ATC ATT GTG CAG GCT ATC GAC GTT CGT CCG GAA AAA CGT GAA ATC GAC TTC AAA TAC ATC CCG,4.086398615282354
GAC GTT GAA CCG GGT AAA TTC TAC AAA GGT GTT GTT ACC CGT ATC GAA AAA TAC GGT GCG TTC ATC AAC CTG AAT GAA CAG GTT CGT GGT CTG CTG CGT CCG CGT GAC ATG ATC TCT CTG CGT CTG GAA AAC CTC AAC GTG GGT GAC GAA ATC ATC GTT CAA CTG ATT GAC GTT CGT CCG GAA AAA CGT GAA ATC GAC TTC AAA TAC ATC CCG,3.511175608916125
GAC GTT GAG CCG GGT AAA TTC TAC AAA GGT GTT GTT ACC CGT ATC GAA AAA TAC GGT GCG TTC ATC AAT CTC AAC GAA CAG GTG CGT GGT CTG CTG GAC CCG CGT GAC ATG ATC TCT CTG CGT CTG GAG AAC CTG AAT GTT GGT GAC GAA ATC ATT GTT CAG GCT ATC GAC GTT CGT CCG GAA AAA CGT GAG ATC AAC TTC AAA TAC ATC CCG,1.6711618504706252
GAT GTT GAA CCG GGT AAA TTC TAC AAA GGT GTT GTT ACC CGT ATC GAA AAA TAC GGT GCG TTT ATG AAT CTG AAC GAA CAG GTT CGT GGT CTG CTG CGT CCG CGT GAC ATG ATC TCT CTG CGT CTG GAA AAC CTG AAC GTT GGT GAC GAA ATC ATC GTT CAA GCG ATC GAC GTT CGT CCG GAA AAA CGT GAA ATC GAC TTC AAA TAC ATC CCG,1.561950978687049
GAC GTT GAA CCG GGT AAA TTC TAC AAA GGT GTT GTT ACC CGT ATC GAA AAA TAC GGT GCG TTC ATC AAC CTC AAC GAA CAG GTT CGT GGT CTG CTG TCT CCG CGC GTT ATG ATC TCT CTG CGT CTG GAA AAC CTG AAT GTT GGT GAC GAA ATC ATC GTT CAG GCG ATC GAC GTT CGT CCG GAA AAA CGT GAA ATC GAC TTC AAA TAC ATC CCG,1.8513911661430047
GAT GTT GAA CCG GGT AAG TTC TAC AAA GGT GTT GTG ACC ATC ATC GAA AAA TAC GGT GCG TGC ATC AAC CTC AAC GAA CAG GTT CGT GGC CTC CTG CGT CCG CGT GAC ATG ATC TCT CTG CGC CTG GAA AAT CTG AAC GTT GGT GAC GAA ATT ATC GTT CAG GCG ATT GAC GTT CGT CCG GAA AAA CGT GAA ATC GAC TTC AAA TAC ATC CCG,2.586904808412645
GAC GTT GAA CCG GGT AAA TTC TAC AAA GGT GTT GTT ACC CGT ATC GAA AAA TAC GGT GCG TTC ATC AAC CTG AAT GAA CAG GTT CGT GGT CTG CTG ATC CCG CGT GAC ATG ATC TCT CTG CGT CTG GAA AAC CTC AAT GTT GGT GAC GAA ATC ATC GTG CAG GCG ATC GAC GTT AAC CCG GAA AAA CGT GAA ATC GAC TTC AAA TAC ATC CCG,2.787392097338512
GAC GTT GAA CCG GGT AAG TTC TAC AAA GGT GTT GTT ACC CGT ATC GAG AAA AAC GGT GCG TTC ATC AAC CTG AAC GAA CAG GTT CGT GGT CTG CTG CGT CCG CGT GAC ATG ATC TCT CTG CGT CTG GAA AAC CTC AAT GTT GGT GAC GAA ATC ATC GTT CAA GCG ATC GAC GTT CGT CCG GAG AAA CGT GAA ATC GAC TTC AAA TAC ATC CCG,3.050402658287358
GAT GTT GAA CCG GGT AAA TTC TAC AAG GGT GTG GTT ACC GAA ATC CAG AAA TAC GGC GCG TTC ATC AAC CTG AAC GAA CAG GTG CGT GGT CTG CTG CGT CCA CGT GAC ATG ATC TCC CTC CGT CTC GAA AAT CTG AAC GTG GGT GAC GAA ATC ATC GTG CAG GCG ATT GAT GTT CGC CCG GAA AAA CGT GAA ATC GAC TTC AAA TAC ATC CCG,4.205126456853244
GAT GTT GAA CCG GGT AAA TTC TAC AAA GGT GTT GTT ACC CGT ATC GAA AAA TAC GGT GCG TTC ATC AAT CTG AAT GAA CAG GTT CGT GGT CTG CTG TTC CCG CGT TAC ATG ATC TCT CTG CGT CTG GAA AAC CTG AAC GTT GGT GAC GAA ATC ATC GTT CAA GCG ATC GAC GTT CGT CCG GAA AAA CGT GAA ATC GAC TTC AAA TAC ATC CCG,2.427983016358981
GAC GTT GAA CCG GGT AAA GAA TAC AAA GGC GTT GTT ACC CGT ATC GAA AAA TAC GGT GCG TTC ATC AAC CTC AAT GAA CAG GTT CGT GGT CTG CTG CGT CCG CGT GAC ATG ATC TCT CTG CGT CTG GAA AAC CTG AAC GTT GGT GAC GAA ATC ATC GTG CAG GCG ATC GAT GTT CGT CCG GAA AAA CGT GAA ATC GAC TTC AAA TAC ATC CCG,3.1460162089747623
GAC GTT GAA CCG GGT AAA TTC TAC AAA GGT GTT GTT ACC CGT ATC GAA AAA TAC GGT GCG TTC ATC AAC CTC AAT GAG CAG GTT CGT GGT CTG CTG CGT CCG CGT GAC ATG ATC TCT CTG CGT CTG GAA AAC CTG AAT GTT GGT GAC GAA ATC ATC GTT CAA GCG ATC GAC GTT CGT CCG GAA AAA CGT GAA ATC GAC TTC GAA TAC ATC CCG,2.965285840159469
GAC GTT GAA CCG GGT AAA TTC TAC AAA GGT GTT GTT ACC CGT ATC GAA AAA TAC GGT GCG TTC ATC AAT CTG AAC GAA CAG GTT CGT GGT CTG CTG CGT CCG CGT GAC ATG ATC TCT CTG CGT CTG GAA AAC CTG AAT GTT GGT GAT GAA ATC ATC GTT CAA GCT ATC GAC GTT CTG CCG GAA AAA CGT GAA ATC CAG TTC AAA TAC ATC CCG,3.304462887130692
GAC GTT GAA CCG GGT AAA TTC TAC AAA GGT GTT GTT ACC CGT ATC GAA AAA TAC GGT GCG TTC ATC AAC CTG AAC GAA CAG GTT CGT GGT CTG CTG AAC CCG CGT GAC ATG ATC TCT CTG CGT CTG GAA AAT CTG AAC GTT GGT GAC GAA ATC ATC GTT CAA GCG ATC GAC GTT CGC CCG GAA AAA CGT GAA ATC ACC TTC AAA TAC ATC CCG,2.333875185338949
GAC GTT GAA CCG GGT AAA TTC TAC AAA GGT GTT GTT ACC CGT ATC GAA AAA TAC GGT GCG TTC ATC AAT CTC AAC GAA CAG GTT CGT GGT CTG CTG CGC CCA CGT GAT ATG ATC CTG CTC CGT CTG GAA AAC CTC AAC GTG GGT GAC GAA ATC ATC GTT CAG GCG ATT GAC GTT CGT CCG GAA AAA CGT GAA ATC GAC TTC AAA TAC ATC CCG,4.964796670646251
GAT GTG GAA CCG GGT AAG TTC TAC AAA GGT GTT GTT ACC CGT ATC GAA AAA TAC GGT GCG TTC ATC AAC CTG AAT GAA CAG GTT CGT GGT CTG CTC CGC CCA CGT AAC ATG ATT TCT CTG CGT CTG GAG AAC CTC AAC GTG GGT GAC GAG ATC ATT GTG CAG GCG ATC GAC GTT CGC CCG GAA AAA CGT GAA ATC GAC TTC ACC TAT ATC CCG,3.327569889747334
GAC GTG GAA CCG GGC AAA TTC TAC AAA GGT GTT GTT ACC CGT ATC GAA AAA TAC GGT GCG TTC ATC AAC CTG AAT GAG CAG GTT CGT GGT CTG CTC CGT CCG CGC ATG ATG ATC TCT CTG CGC CTG GAA AAC CTC AAC GTG GGT GAC GAA ATC ATT GTT CAG GCG ATT GAC GTT CGT CCG GAA AAA CGT GAA ATC GAC TTC GTT TAC ATC CCG,2.4473507195725963
GAC GTT GAA CCG GGT AAA TTC TAC AAA GGT GTT GTT ACC CGT ATC GAA AAA TAC GGT GCG TTC ATC AAC CTG AAT GAA CAG GTT CGT GGT CTG CTG CGT CCG CGT CCG ATG ATC TCT CTG CGT CTG GAA AAT CTG AAC GTT GGT GAC GAA ATC ATC GTT CAG GCG ATC GAC GTG TAC CCG GAA AAA CGT GAA ATC GAC TTC AAA TAC ATC CCG,1.1300367995717782
GAC GTT GAA CCG GGT AAG TTC TAC AAA GGT GTT GTT ACC CGC ATC GAA AAA TAC GGT GCG TTC ATC AAC CTC AAC GAA CAG GTT CGT GGC CTG CTG CGT CCA CGT GAC ATG ATC TCT CTC CGT CTG GAA AAT CTG AAT GTG GGT GAC GAA ATC ATC GTT CAG GCT ATT GAT GTT CGT ATC GAG AAA CGC GAA ATT GAC TTC AAG TAT ATC CCG,4.685534204574841
GAC GTT GAA CCG GGT AAG TTC TAC AAA GGT GTT GTT ACC AAC ATT TAC AAA TAC GGT GCG TTC ATC AAC CTG AAC GAA CAG GTT CGT GGT CTG CTG CGT CCG CGT GAC ATG ATC TCT CTG CGT CTG GAA AAC CTC AAC GTG GGT GAC GAA ATC ATC GTG CAG GCG ATC GAT GTT CGT CCG GAA AAA CGT GAA ATC GAC TTC AAA TAC ATC CCG,3.867974451223133
GAC GTT GAA CCG GGT AAG TTC TAC AAA GGT GTT GTT ACC CGT ATC GAA AAA TAC GGT GCG TTC ATC AAT CTG AAC GAA CAG GTT CGT GGT CTG CTG CGT CCG CGT GAC ATG ATC TCT CTG CGT CTG GAA AAC CTG AAC GTG GGT GAC GAG ATT ATC GTG CAA GCG ATC GAC GTT TTC CCG GAA AAA CGT GAA ATC GCG TTC AAA TAC ATC CCG,3.5173676677030405
GAC GTT GAA CCG GGT AAG TTC TAC AAA GGT GTT GTT ACC CGT ATC GAA AAA TAC GGT GCG TTC ATC AAC CTC AAC GAG CAG GTT CGT GGT CTG CTG CGT CCG CGT GAC ATG ATC TCT CTG CGT CTG GAA AAC CTG AAT GTG GGT GAC GAA ATC ACC GTT CAA GCG ATC GAT GTT CGT CCG GAA AAA CGT GAA ATC GAC TTC AAA TAC ATC CCG,4.832785927054966
GAC GTT GAA CCG GGT AAA TTC TAC AAA GGT GTT GTT ACC CGT ATC GAA AAA TAC GGT GCG TTC ATC AAC CTG AAT GAA CAG GTT CGT GGT CTG CTG CGT CCG CGT GAC ATG ATC TCT CTG CGT CTG GAA AAT CTG AAC GTT GGT GAC GAA ATC ATC GTG CAG GCT ATC GAC GTT CGT CCG GAA AAA CGT GAA ATC CAG TTC AAA TAC ATC CCG,3.842974303987728
GAC GTT GAA CCG GGT AAA TTC TAC AAA GGT GTT GTT ACC CGT ATC GAA AAA TAC GGT GCG TTC ATC AAC CTG AAC GAA CAG GTT CGT GGT CTG CTG CGT CCG CGC ATT ATG ATC TCT CTG CGT CTG GAA AAC CTC AAC GTG GGC GAC GAA ATC ATC GTG CAG GCG ATC GAC GTT CGT CCG GAA AAA CGT GAG ATC TAC TTC AAG TAC ATC CCG,2.131940487150424
GAC GTT GAA CCG GGT AAA TTC TAC AAA GGT GTT GTT ACC CGT ATC GAA AAA TAC GGT GCG TTC ATC AAC CTC AAC GAA CAG GTT CGT GGT CTG CTG CGT CCG CGT GAC ATG ATC TCT CTG CGT CTG GAA AAC CTG AAC GTT GGT GAC GAA ATC ATC GTG CAG GCG ATC GAC GTT TGG CCG GAA AAA CGT GAA ATC GCG TTC AAA TAC ATC CCG,3.571948608012497
GAC GTT GAA CCG GGC AAA TTC TAC AAA GGT GTT GTT ACC CGT ATC GAA AAA TAC GGT GCG TTC ATC AAC CTC AAC GAA CAG GTT CGC GGT CTG CTG CGT CCA CGT GAC ATG ATC TCC CTG CGC CTG GAG AAC CTG AAC GTT GGT GAT GAA ATC ATC GTG CAA GCT ATC GAC GTT CGT CCG GGT AAA CGT GAG ATC GAC TTC AAA TAC ATT CCG,5.124329432419614
GAC GTT GAA CCG GGT AAA TTC TAC AAA GGT GTT GTT ACC CGT ATC GAA AAA TAC GGT GCG TTC ATC AAC CTC AAC GAA CAG GTT CGT GGT CTG CTG GGT CCG CGT GAC ATG ATC TCT CTG CGT CTG GAA AAC CTG AAC GTT GGT GAC GAA ATC ATC GTG CAG GCT ATC GAC GTT CGT CCG GAA AAA CGT GAA ATC CGT TTC AAA TAC ATC CCG,3.266848550215682
GAT GTT GAA CCG GGT AAA TTC TAC AAG GGT GTT GTT ACC CGT ATC GAA AAA TAC GGT GCG TTC ATC AAC CTC AAC GAG CAG GTT CGT GGT CTG CTG GGT CCG CGT GAT ATG ATC TCT CTG CGT CTG GAA AAC CTG AAC GTT GGT GAC GAA ATC ATC GTG CAG GCG ATC GAC GTT AAC CCG GAA AAA CGT GAA ATC GAC TTC AAA TAC ATC CCG,1.5481162922597531
GAC GTT GAA CCG GGT AAA TTC TAC AAA GGT GTT GTT ACC CGT ATC GAA AAA TAC GGT GCG TTC ATC AAC CTG AAC GAA CAG GTT CGT GGT CTG CTG GGT CCG CGC GAC ATG ATC TCT CTG CGT CTG GAA AAT CTG AAT GTT GGT GAC GAA ATC ATT GTT CAA GCG ATC GAC GTG CGT CCG GAA AAA CGT GAA ATC ACC TTC AAG TAC ATT CCG,2.5122919944553868
GAC GTT GAA CCG GGC AAA TTC TAC AAA GGT GTT GTT ACC CGT ATC GAA AAA TAC GGT GCG TTC ATC AAC CTG AAC GAA CAG GTT CGC GGT CTG CTG CGT CCG CGT GAC ATG ATC TCT CTG CGT CTG GAA AAC CTG TCT GTT GGT GAC GAA ATC ATT GTT CAG GCT ATC GAC GTT CGT CCG GAA AAA CGT GAA ATC GAC TTC AAA TAC ATC CCG,7.479025472905798
GAC GTT GAA CCG GGT AAA TTC TAC AAA GGT GTT GTT ACC CGT ATC GAA AAA TAC GGT GCG TTC ATC AAC CTC AAC GAA CAG GTT CGT GGT CTG CTG CGT CCG CGT GTT ATG ATC TCT CTC CGT CTG GAA AAT CTG AAC GTT GGT GAC GAA ATC ATC GTT CAG GCG ATC GAC GTT TCT CCG GAA AAA CGT GAA ATC GAC TTC AAA TAC ATC CCG,1.4885971472355417
GAC GTT GAA CCG GGT AAA TTC TAC AAA GGT GTT GTT ACC CGT AAC GAA AAA TAC GGT GCG TTC ATC AAT CTG AAC GAG CAG GTT CGT GGT CTG CTG CGT CCG CGT GAC ATG ATC TCT CTC CGT CTG GAA AAC CTG AAC GTT GGT GAC GAA ATC ATT GTT CAG GCG ATC GAC GTT CGC CCG GAA AAA CGT GAA ATC GAC TTC AAA TAC ATC CCG,0.6298702649961785
GAT GTT GAA CCG GGT AAA TTC TAC AAA GGC GTG GTT ACC TTC ATC ATC AAG TAC GGC GCG TTC ATC AAC CTC AAC GAG CAG GTT CGT GGT CTG CTG CGT CCG CGT GAC ATG ATC TCT CTG CGT CTG GAA AAC CTG AAT GTT GGT GAC GAA ATC ATC GTG CAG GCG ATT GAC GTT CGT CCG GAA AAA CGT GAA ATC GAC TTC AAA TAC ATC CCG,3.269317797546824
GAT GTT GAA CCG GGT AAA TTC TAC AAA GGT GTT GTT ACC CGT ATC GAA AAA TAC GGT GCG TTC ATC AAT CTG AAT GAA CAG GTG CGT GGT CTG CTG CGT CCG CGT AAC ATG ATC TCT CTG CGT CTG GAA AAC CTC AAT GTT GGT GAC GAA ATC ATC GTT CAG GCG ATC GAT GTG GAA CCG GAA AAA CGT GAA ATC GAC TTC AAA TAC ATC CCG,3.441484597480845
GAC GTT GAA CCG GGC AAA TTC TAC AAA GGT GTT GTT ACC CGT ATC GAA AAA TAC CTG GCG TTC ATC AAC CTG AAT GAA CAG GTT CGT GGT CTG CTG CGT CCG CGT GAC ATG ATC TCT CTC CGT CTG GAA AAT CTG AAC GTT GGT GAC GAA ATC ATC GTT CAG GCG ATC GAC GTT CGT CCG GAA AAA CGT GAA ATC GAC TTC AAA TAC ATC CCG,2.365125700899425
GAC GTT GAA CCG GGC AAA TTC TAC AAA GGT GTT GTT ACC CGT ATC GAA AAA TAC GGT GCG TTC ATC AAC CTC AAT GAA CAG GTG CGC GGT CTG CTG CGT CCG CGT GCG ATG ATC TCT CTG CGC CTG GAA AAC CTG AAC GTT GGT GAC GAA ATC ATT GTT CAA GCG ATC GAC GTT CGT CCG GAA AAA CGT GAA ATC CCG TTC AAA TAC ATC CCA,1.3567003052726188
GAC GTT GAA CCG GGT AAA TTC TAC AAA GGT GTT GTT ACC CGT ATC GAA AAA TAC GGT GCG TTC ATC AAC CTC AAC GAA CAG GTT CGT GGT CTG CTC CAG CCG CGT GAC ATG ATC TCT CTG CGT CTG GAA AAC CTG AAC GTT GGT GAC GAA ATC ATC GTT CAA GCG ATC GAC GTT CGT CCG GAA AAA CGT GAA ATC CTG TTC AAA TAC ATC CCG,3.077025917969148
GAC GTT GAA CCG GGT AAA TTC TAC AAA GGT GTT GTT ACC CGT ATC GAA AAA TAC GGT GCG TTC ATC AAC CTG AAC GAA CAG GTT CGT GGC CTC CTG CGT CCA CGC GAT ATG ATC TCT CTG CGT CTG GAG AAC CTC AAT GTT GGT GAC GAA ATC ATC GTT CAA GCG ATT GAC GTT CGT CCG GAA AAA CGT GAA ATC GAC TTC AAA TAC TGT CCG,3.880487861100912
GAC GTT GAA CCG GGT AAA TTC TAC AAA GGT GTT GTT ACC CGT ATC GAA AAA TAC GGT GCG TTC ATC AAC CTG AAT GAA CAG GTT CGT GGT CTG CTG CGT CCG CGT GAC ATG ATC TCT CTG CGT CTG GAA AAC CTC AAT GTT GGT GAC GAA ATC ATC GTT CAG GCG ATC GGT GTT CGT CCG GAA AAA CGT GAA ATC GAC TTC AAA TAC ATC CCG,6.179348031616532
GAC GTT GAA CCG GGT AAA TTC TAC AAA GGT GTT GTT ACC CGT ATC GAA AAA TAC GGT GCG TTC ATC AAC CTG AAT GAA CAG GTT CGT GGT CTG CTG CGT CCG CGT GGT ATG ATC TCT CTG CGC CTG GAA AAC CTC AAT GTT GGT GAC GAA ATC ATC GTT CAG GCG ATC GAC GTT CTG CCG GAA AAA CGT GAA ATC GAC TTC AAA TAC ATC CCG,1.477441829569174
GAC GTT GAA CCG GGT AAA TTC TAC AAA GGT GTT GTT ACC CGT ATC GAA AAA TAC GGT GCG TTC ATC AAC CTG AAT GAA CAG GTT CGT GGT CTG CTG TTC CCG CGT GAC ATG ATC TCT CTG CGT CTG GAA AAC CTC AAT GTT GGC GAC GAA ATC ATC GTT CAA GCG ATC GAC GTT ATG CCG GAA AAA CGT GAA ATC GAC TTC AAA TAC ATC CCG,1.6420709897698038
GAC GTT GAA CCG GGT AAA TTC TAC AAA GGT GTT GTT ACC TGC ATC GAA AAA TAC GGT GCG CCG ATC AAC CTC AAC GAA CAG GTT CGT GGT CTG CTG CGT CCG CGT GAC ATG ATC TCT CTG CGT CTG GAA AAC CTG AAC GTG GGT GAC GAA ATC ATT GTG CAG GCG ATC GAT GTT CGT CCG GAA AAA CGT GAA ATC GAC TTC AAA TAC ATC CCA,1.1970605119328117
GAC GTT GAA CCG GGT AAA TTC TAC CCA GGT GTT GTT ACC CGT ATC GAA AAA TAC GGT GCG TTC ATC AAC CTC AAC GAG CAG GTT CGT GGT CTG CTG CGT CCG CGT GAC ATG ATC TCT CTG CGT CTG GAA AAT CTG AAC GTT GGC GAC GAA ATC ATT GTG CAG GCG ATC GAC GTT CGT CCG GAA AAA CGT GAA ATC GAC TTC AAA TAC ATT CCG,3.4014142001401866
GAC GTT GAA CCG GGT AAA TTC TAC AAA GGT GTT GTT ACC CGT ATC GAA AAA TAC GGT GCG TTC ATC AAC CTG AAC GAA CAG GTT CGT GGT CTG CTG AAA CCG CGT AAA ATG ATC TCT CTG CGT CTG GAA AAT CTG AAC GTT GGT GAC GAA ATC ATC GTG CAG GCG ATC GAC GTT CGT CCG GAA AAA CGT GAA ATC GAC TTC AAA TAC ATC CCG,2.01160281996502
GAC GTG GAA CCG GGC AAA TTC TAC AAA GGT GTT GTT ACC CGT ATC GAA AAA TAC GGT GCG TTC ATC AAC CTG AAT GAA CAG GTT CGT GGT CTG CTC GCT CCA CGT GAC ATG ATC TCT CTG CGT CTG GAA AAT CTG AAC GTT GGT GAC GAA ATC ATC GTT CAG GCG ATC GAC GTT CCA CCA GAA AAA CGT GAA ATC GAC TTC AAA TAC ATC CCG,1.2014841706589627
GAC GTT GAA CCG GGT AAA TTC TAC AAA GGT GTT GTT ACC CGT ATC GAA AAA TAC GGT GCG TTC ATC AAT CTG AAC GAG CAG GTT TAC GGT CTG CTG CGT CCG CGC GAC ATG ATC TCT CTG CGT CTG GAA AAC CTG AAT GTT GGT GAC GAA ATC ATC GTT CAA GCG ATC GAC GTT CGT CCG GAA AAA CGT GAA ATC GAC TTC AAG TAC ATC CCG,5.217128308309708
GAC GTT GAA CCG GGT AAA TTC TAC AAA GGT GTT GTT ACC CGT ATC GAA AAA TAC GGT GCG TTC ATC AAC CTG AAC GAA CAG GTT CGT GGT CTG CTG CGT CCG CGT GCT ATG ATC TCT CTG CGT CTG GAA AAC CTC AAC GTG GGC GAC GAA ATT ATC GTT CAA GCG ATT GAC GTT CGT CCG GAA AAG CGT GAA ATC ATC TTC AAA TAC ATC CCG,2.6887879060884825
GAC GTT GAA CCG GGT AAG TTC TAC AAA GGT GTT GTT ACC CGT ATC GAA AAA TAC GGT GCG TTC ATC AAC CTC AAT GAA CAG GTT CGT GGT CTG CTG ATG CCG CGT TAC ATG ATC TCT CTG CGT CTG GAA AAC CTG AAC GTT GGT GAC GAA ATC ATC GTG CAG GCG ATC GAC GTT CGC CCG GAA AAA CGT GAA ATC GAC TTC AAA TAC ATC CCG,3.00193378963562
GAC GTT GAA CCG GGT AAG TTC TAC AAA GGT GTT GTT ACC CGT ATC GAA AAA TAC GGT GCG TTC ATC AAC CTC AAC GAA CAG GTT CGT GGC CTG CTG CGT CCG CGT TGG ATG ATC TCT CTG CGC CTG GAA AAC CTG AAC GTT GGT GAC GAA ATC ATC GTG CAG GCG ATT GAC GTT CGT CCG GAG AAA CGT GAA ATC GAC TTC ATC TAC ATT CCA,3.1402589011939748
GAC GTT GAG CCG GGT AAA TTC TAT AAA GGC GTT GTT ACC CGT ATC GAA AAA TAC ACC GCG TTC ATC AAC CTC AAT GAA CAG GTT CGT GGT CTG CTG CGT CCG CGT GAC ATG ATC TCT CTG CGT CTG GAA AAC CTG AAC GTG GGT GAC GAA ATC ATT GTG CAG GCG ATC GAT GTT CGT CCG GAA AAA CGT GAA ATC GAC TTC AAA TAC ATC CCG,1.844327468542538
GAT TGC GAA CCG GGT AAA TTC TAT AAA GGT GTT GTT ACC CGT ATC GAA AAA TAC GGT GCG TTC ATC AAT CTC AAC GAG CAG GTG CGT GGC CTC CTG CGT CCG CGT GAC ATG ATC TCT CTC CGT CTG GAA AAC CTG AAC GTT GGT GAC GAA ATC ATC GTG CAG GCG ATC GAC GTT CGT CCA GAA AAA CGT GAA ATC GAC TTC AAA TAC ATC CCG,2.959774934431452
GAC GTT GAA CCG GGT AAA TTC TAC AAA GGT GTT GTT ACC CGT ATC GAA AAA TAC GGT GCG TTC ATC AAC CTG AAC GAA CAA GTT CGT GGT CTG CTG CGT CCG CGT TGG ATG ATC TCT CTG CGT CTG GAA AAT CTG AAT GTT GGT GAC GAA ATC ATT GTT CAG GCT ATC GAC GTT CGT CCG GAA AAA CGT GAA ATC AAA TTC AAA TAC ATC CCG,2.7698140039257586
GAC GTT GAA CCG GGT AAA TTC TAC AAA GGT GTT GTT ACC CGT ATC GAA AAA TAC GGT GCG TTC ATC AAC CTG AAC GAA CAG GTT CGT GGT CTG CTG AAA CCG CGT GAC ATG ATC TCT CTG CGT CTG GAA AAC CTC AAC GTG GGT GAC GAA ATC ATC GTG CAG GCT ATC GAC GTT CAG CCG GAA AAA CGT GAA ATC GAC TTC AAA TAC ATC CCG,2.079356469315832
GAC GTG GAA CCG GGT AAA TTC TAC AAA GGT GTT GTT ACC CGT ATC GAA AAA TAC GGT GCG TTC ATC AAC CTG AAC GAA CAA GTT CGT GGT CTG CTG CGT CCG CGT ATT ATG ATC TCT CTG CGT CTG GAA AAC CTC AAC GTG GGT GAC GAA ATC ATT GTT CAG GCG ATC GAT GTG CCG CCA GAA AAA CGC GAA ATC GAC TTC AAA TAC ATC CCA,1.4371948438517224
GAC GTT GAA CCG GGT AAA TTC TAC AAA GGT GTT GTT ACC GCG ATC CAC AAA TAC GGT GCG TTC ATC AAC CTG AAC GAA CAG GTT CGT GGT CTG CTG CGT CCG CGT GAC ATG ATC TCT CTG CGC CTG GAA AAC CTC AAT GTT GGT GAC GAA ATC ATT GTT CAA GCG ATC GAC GTT CGT CCG GAA AAA CGT GAA ATC GAC TTC AAA TAC ATT CCG,5.216867450478633
GAC GTT GAA CCG GGT AAA TTC TAC AAA GGT GTT GTT ACC CGT ATC GAA AAA TAC GGT GCG TTC ATC AAC CTC AAC GAA CAG GTT CGT GGT CTG CTG CGT CCG CGT AAA ATG ATC TCT CTG CGT CTG GAA AAC CTG AAC GTT GGT GAC GAA ATC ATC GTG CAG GCG ATC GAC GTT AAC CCG GAA AAA CGT GAA ATC GAC TTC AAA TAC ATC CCG,1.8983204062294243
GAC GTT GAA CCG GGT AAA TTC TAC AAA GGT GTT GTT ACC CGT ATC GAA AAA TAC GGT GCG TTC ATC AAC CTG AAT GAA CAG GTT CGT GGT CTG CTG CTG CCG CGT CCG ATG ATC TCT CTG CGT CTG GAA AAC CTC AAT GTT GGT GAC GAA ATC ATC GTT CAA GCG ATC GAC GTT CGT CCG GAA AAA CGT GAA ATC GAC TTC AAA TAC ATC CCG,1.79452853510929
GAC GTG GAA CCG GGT AAG TTC TAC AAA GGT GTT GTT ACC CGT ATC GAA AAA TAC GGT GCG TTC ATC AAC CTC AAC GAA CAG GTT CGT GGT CTG CTG CGT CCG CGT GAC ATG ATC TCT CTG CGC CTG GAA AAC CTG AAT GTT GGC GAC GAA ATC ATC GTT CAG GCG ATC GAC GTT CGT CCG GAA AAA CGT GAA ATC GAC TTC AAA TAC ATC TGC,4.172968398072936
GAC GTG GAA CCG TGC AAA TTC TAC AAA GGT GTT GTT ACC CGT ATC GAA AAA TAC GGT GCG TTC ATC AAT CTG AAT GAG CAG GTT CGT GGT CTG CTG CGC CCA CGC GAC ATG ATC TCT CTC CGT CTG GAA AAC CTG AAC GTG GGT GAC GAA ATC ATT GTG CAG GCG ATT GAC GTT CGT CCG GAA AAA CGT GAA ATC GAC TTC AAA TAC ATC CCG,4.057084530972807
GAC GTT GAA CCG GGT AAA TTC TAC AAA GGT GTT GTT ACC CGT ATC GAA AAA TAC GGT GCG TTC ATC AAC CTG AAT GAA CAG GTT CGT GGT CTG CTG GAC CCG CGT GTT ATG ATC TCT CTG CGT CTG GAA AAC CTC AAT GTT GGT GAC GAA ATC ATC GTT CAA GCG ATC GAC GTT CGT CCG GAA AAA CGT GAA ATC GAC TTC AAA TAC ATC CCG,1.7118274089654792
GAC GTG GAG CCG GGT AAA TTC TAC AAA GGT GTG GTT ACC ATG ATC GAA AAA TAC GGT GCG CTG ATC AAT CTG AAC GAA CAG GTT CGT GGT CTG CTC CGT CCA CGC GAC ATG ATC TCT CTG CGT CTG GAA AAT CTC AAT GTT GGT GAT GAA ATC ATC GTG CAG GCG ATC GAC GTT CGT CCG GAA AAA CGT GAA ATC GAC TTC AAA TAC ATC CCA,2.4947159093068736
GAC GTT GAA CCG GGT AAA TTC TAC AAG GGT GTT GTT ACC CGT ATC GAA AAA TAC GGT GCG TTC ATC AAC CTC AAC GAA CAG GTT CGT GGC CTG CTC CGT CCA CGT CGT ATG ATC TCT CTG CGT CTG GAA AAT CTG AAT GTT GGT GAC GAA ATC ATC GTT CAG GCG ATC GAT GTT CGT CCG GAA AAA CGT GAA ATC GAC TTC TGC TAC ATC CCG,2.637584932186446
GAC GTT GAA CCG GGT AAA TTC TAC AAG GGT GTT GTG ACC AAA ATC CCG AAA TAC GGT GCG TTC ATC AAC CTC AAC GAA CAG GTG CGT GGC CTC CTG CGT CCG CGT GAC ATG ATC TCT CTG CGT CTC GAA AAC CTG AAT GTT GGT GAC GAA ATC ATT GTT CAG GCT ATC GAC GTT CGT CCA GAA AAA CGT GAA ATC GAC TTC AAA TAC ATC CCA,1.2572356674869325
GAT GTT GAA CCG GGT AAA TTC TAC AAA GGT GTT GTT ACC CGT ATC GAA AAA TAC GGT GCG TTC ATC AAC CTG AAT GAA CAG GTT CGT GGT CTG CTG CGT CCG CGT GAC ATG ATC TCT CTG CGT CTG GAA AAT CTG AAC GTT GGT GAC GAA ATC ATC GTG CAG GCG ATC GAC GTT AAA CCG GAA AAA CGT GAA ATC CAC TTC AAA TAC ATC CCG,3.9902868020330753
GAC GTT GAA CCG GGT AAA TTC TAC AAA GGT GTT GTT ACC CGT ATC GAA AAA TAC GGT GCG TTC ATC AAC CTG AAT GAA CAG GTT CGT GGT CTG CTG TGG CCG CGT GAC ATG ATC TCT CTG CGT CTG GAA AAC CTC AAC GTG GGT GAC GAA ATC ATC GTT CAG GCG ATC GAC GTT CGC CCG GAA AAG CGT GAA ATC TAC TTC AAA TAC ATC CCG,2.405569833125285
GAC GTT GAA CCG GGT AAA TTC TAC AAA GGT GTT GTT ACC CGT ATC GAA AAA TAC GGT GCG TTC ATC AAC CTG AAC GAA CAG GTT CGT GGT CTG CTG CGT CCG CGT TTC ATG ATT TCT CTG CGT CTG GAA AAT CTG AAC GTT GGC GAC GAA ATT ATC GTT CAA GCG ATC GAC GTT CGT CCG GAG AAA CGT GAG ATC ATC TTC AAA TAC ATC CCG,3.3900257687620474
GAC GTG GAA CCG GGT AAA TTC TAC AAA GGT GTT GTT ACT CCG ATC GTT AAA TAC GGT GCG TTC ATC AAT CTG AAC GAG CAG GTT CGT GGT CTG CTG CGT CCG CGT GAT ATG ATC TCT CTG CGT CTG GAA AAC CTC AAT GTT GGT GAC GAA ATC ATC GTG CAG GCG ATC GAC GTT CGT CCG GAA AAA CGT GAA ATC GAC TTC AAA TAC ATC CCG,0.2970181648997472
GAC GTT GAA CCG GGT AAG TTC TAC AAA GGT GTT GTT ACC CGT ATC GAA AAA TAC GGT GCG TTC ATC AAC CTC AAC GAA CAA GTT CGT GGT CTG CTG CGT AAG CGT GAC ATG ATC TCT CTG CGT CTG GAA AAC CTG AAT GTT GGT GAC GAA ATC ATC GTT CAG GCG ATT GAC GTT CGT CCA GAA AAA CGT GAA ATC GAC TTC AAA TAC ATC CCG,5.330440911780465
GAT GTT GAA CCG GGT AAA TTC TAC AAG GGT GTT GTT ACC ACC ATC GAA AAA TAC GGT GCG TCT ATC AAC CTG AAT GAA CAG GTT CGT GGT CTG CTC CGT CCG CGC GAC ATG ATT TCT CTG CGT CTG GAA AAT CTC AAT GTT GGT GAC GAG ATC ATT GTT CAA GCG ATC GAT GTT CGT CCG GAA AAA CGT GAA ATC GAC TTC AAA TAC ATC CCG,1.2068344308564611
GAC GTT GAA CCG GGC AAA TTC TAC AAA GGT GTT GTT ACC CGT ATC GAA AAA TAC GGT GCG TTC ATC AAC CTC AAC GAA CAG GTG CGT GGT CTG CTG CGT CCG CGT GAC ATG ATT TCT CTG CGT CTG GAA AAC CTG AAT GTT GGT TTC GAG ATC ATC GTG CAG GCG ATC GAC GTT CGT CCA GAA AAA CGT GAA ATC GAC TTC AAA TAC ATC CCG,3.534859335296453
GAC GTG GAA CCG GGC AAA TTC TAC AAA GGT GTT GTT ACC CGC ATC GAA AAA TAC GGT GCG TTC ATC AAC CTG AAC GAA CAG GTT CGT GGT CTG CTC CGT CCG CGT GAC ATG ATC TCT CTG CGT CTG GAG AAT CTG AAT GTT GGT GAC GAA ATC ATC GTT CAA GCG ATC GAC GTT CCG CCG GAA AAA CGT GAA ATT TTC TTC AAA TAC ATC CCG,3.520584359262345
GAC GTT GAA CCG GGT AAG TTC TAC AAA GGT GTT GTT ACT CCG ATC GAA AAA TAC GGT GCG AAC ATC AAC CTC AAC GAA CAG GTT CGT GGC CTG CTG CGT CCG CGT GAC ATG ATC TCT CTC CGT CTG GAG AAT CTG AAC GTT GGT GAC GAA ATC ATT GTT CAG GCT ATC GAC GTT CGT CCG GAA AAA CGT GAA ATC GAC TTC AAA TAC ATC CCG,-0.4444771361148251
GAC GTT GAA CCG GGT AAA TTC AAG AAA GGT GTT GTT ACC CGT ATC GAA AAA TAC GGT GCG TTC ATC AAC CTC AAC GAA CAG GTT CGT GGC CTG CTG CGT CCG CGT GAC ATG ATC TCT CTG CGT CTG GAA AAT CTG AAT GTG GGT GAT GAA ATC ATC GTG CAG GCG ATC GAC GTG CGC CCA GAA AAA CGT GAA ATC GAC TTC AAA TAC ATT CCG,0.3784356089840875
GAC GTT GAA CCG GGT AAA TTC TAC AAA GGT GTT GTT ACC CGT ATC GAA AAA TAC GGT GCG TTC ATC AAC CTC AAC GAA CAG GTT CGT GGT CTG CTG CGT CCG CGT GAC ATG ATC TCT CTG CGT CTG GAA AAC CTG AAT GTT GGT GAT GAA ATC ATC GTG CAA GCG ATC GAC GTT CGT CCG GAA AAA CGT GAA ATC GAC TTC AAA ATG ATC CCG,3.118119395567424
GAC GTT GAA CCG GGT AAA TTC TAC AAA GGT GTT GTT ACC CGT ATC GAA AAA TAC GGT GCG TTC ATT AAC CTC AAC GAA CAG GTT CGT GGT CTG CTG CGT CCG CGT GAC ATG ATC TCT CTG CGT CTG GAA AAC CTG AAC GTT GGT GAC GAA ATC ATC GTG CAG GCG ATC GAC GTT CGT CCA TAC AAA CGT GAA ATC GAC TTC AAA TAC ATC CCG,3.644099724288542
GAC GTT GAA CCG GGT AAA TTC TAC AAA GGT GTT GTT ACC CGT ATC GAA AAA TAC GGT GCG TTC ATC AAC CTG AAT GAA CAG GTT CGT GGT CTG CTC CGT CCG CGC ACC ATG ATC TCT CTG CGT CTG GAA AAT CTG AAC GTT GGT GAC GAA ATC ATC GTT CAG GCG ATC GAC GTT CGT CCG GAA AAA CGT GAA ATC GAC TTC GAA TAC ATC CCG,1.5706735646044003
GAC GTT GAA CCG GGT AAA TTC TAC AAA GGT GTT GTT ACC CGT ATC GAA AAA TAC GGT GCG TTC ATC AAC CTG AAT GAA CAG GTT CGC GGT CTG CTG CGT CCG CGT ATG ATG ATC TCT CTG CGT CTG GAA AAT CTG AAT GTT GGT GAC GAA ATC ATC GTT CAG GCT ATC GAC GTT TGG CCG GAA AAA CGT GAA ATC GAC TTC AAA TAC ATC CCG,2.270386051752076
GAC GTT GAA CCG GGC AAA TTC TAC AAA GGT GTT GTT ACC CGT ATC GAA AAA TAC GGT GCG TTC ATC AAC CTG AAC GAG CAG GTT CGT GGT CTG CTG GAA CCG CGT GAC ATG ATC TCT CTG CGT CTG GAA AAC CTC AAT GTT GGT GAC GAA ATC ATT GTT CAG GCG ATC GAC GTT CGT CCG GAG AAA CGC GAA ATT TTC TTC AAA TAC ATC CCG,2.631622816320208
GAT GTT GAA CCG GGT AAA TTC TAC AAA GGT GTT GTT ACC CGT ATC GAA AAA TAC GGT GCG TTC ATC AAT CTC AAC GAG CAG GTT CGT GGT CTG CTG CGC CCA TAC GAC ATG ATC TCT CTG CGT CTG GAA AAC CTG AAT GTT GGT GAC GAA ATC ATC GTT CAG GCG ATC GAC GTT CGT CCG GAA AAA CGT GAA ATC GAC TTC AAA TAC ATC CCG,3.876588810038721
GAC GTT GAA CCG GGT AAA TTC TAC AAA GGT GTT GTT ACC CGT ATC GAA AAA TAC GGT GCG TTC ATC AAC CTG AAC GAA CAG GTT CGT GGT CTG CTC GCG CCA CGT GAC ATG ATC TCT CTC CGT CTC GAA AAC CTC AAC GTG GGT GAC GAA ATT ATC GTT CAA GCG ATC GAC GTT CGC CCG GAA AAA CGT GAA ATC GGT TTC AAA TAC ATC CCG,2.0850557376755177
GAC GTT GAA CCG GGC AAA TTC TAC AAA GGT GTT GTT ACC CGT ATC GAA AAA TAC GGT GCG TTC ATC AAC CTG AAC GAA CAG GTT CGC TGC CTG CTG CGT CCG CGT GAC ATG ATC TCT CTG CGC CTG GAA AAC CTC AAC GTG GGT GAC GAA ATC ATT GTT CAA GCG ATC GAC GTT CGT CCG GAA AAA CGT GAA ATC GAC TTC AAA TAC ATC CCG,2.621801668505
GAC GTG GAA CCA GGT AAA TTC TAC AAA GGC GTT GTT ACC CGC ATT GAG AAA TAC GGT GCG TTC ATC AAC CTG AAT GAA CAG GTT CGT GGT CTG CTG CGT CCG CGT GAT ATG ATC TCT CTG CGT CTG GAA AAC CTC AAC GTG GGC GAC GAA ATC ATC GTT CAG GCG ATC GAC GTT CGT CCG GAA AAA CCG GAA ATC GAC TTC AAA TAC ATC CCG,3.9030464242390153
GAT GTT TTC CCG GGC AAA TTC TAC AAA GGT GTT GTT ACC CGT ATC GAA AAA TAC GGT GCG TTC ATC AAT CTG AAC GAG CAG GTT CGT GGT CTG CTG CGT CCG CGT GAC ATG ATC TCT CTG CGT CTG GAA AAC CTG AAC GTT GGT GAC GAA ATC ATC GTG CAG GCG ATT GAC GTT CGT CCG GAA AAA CGT GAA ATC GAC TTC AAA TAC ATC CCG,5.087230367407452
GAC GTT GAA CCG GGT AAA TTC TAC AAA GGT GTT GTT ACC CGT ATC GAA AAA TAC GGT GCG TTC ATC AAC CTC AAT GAA CAG GTT CGT GGT CTG CTG GAA CCG CGT GAC ATG ATC TCT CTG CGT CTG GAA AAC CTG AAC GTT GGT GAC GAA ATC ATC GTG CAG GCG ATC GAC GTT ATC CCG GAA AAA CGT GAA ATC GAC TTC AAG TAC ATT CCG,0.970853266357882
GAC GTT GAA CCG GGT AAA TTC TAC AAA GGT GTT GTT ACC CGT ATC GAA AAA TAC GGT GCG TTC ATC AAC CTG AAC GAA CAG GTT CGT GGT CTG CTG AAC CCG CGT GAC ATG ATC TCT CTG CGT CTG GAA AAT CTG AAT GTT GGT GAC GAA ATC ATC GTG CAG GCG ATC GAC GTG TCT CCG GAA AAA CGT GAA ATC GAC TTC AAA TAC ATC CCG,1.4809668547976875
GAC GTT GAA CCG GGT AAA TTC TAC AAA GGT GTT GTT ACC CGT ATC GAA AAA TAC GGT GCG TTC ATC AAC CTC AAT GAA CAG GTT CGT GGT CTG CTG GCT CCG CGT GAC ATG ATC TCT CTG CGT CTG GAA AAC CTG AAT GTT GGT GAC GAA ATC ATC GTT CAG GCG ATC GAC GTT CGT CCG GAA AAA CGT GAA ATC CAG TTC AAA TAC ATC CCG,2.993598690493777
GAC GTT GAA CCG GGT AAA TTC TAC AAG GGT GTT GTT ACC CGT ATC GAA AAA TAC GGT GCG TTC ATC AAC CTG AAC GAA CAG GTT CGT GGC CTG CTC CGC CCA CGT ATT ATG ATT TCC CTC CGT CTG GAA AAT CTG AAC GTT GGT GAC GAG ATC ATC GTT CAA GCG ATC GAC GTT CGT CCG GAA AAA CGT GAA ATC GAC TTC ACC TAC ATC CCG,1.9124072945973525
GAT GTT GAA CCG GGT AAA TTC TAC AAA GGT GCG GTT ACC CGT ATC GAA AAA TAC GGT GCG TTC ATC AAC CTC AAC GAG CAG GTT CGT GGT CTG CTG CGT CCG CGT GAC ATG ATC TCT CTG CGT CTG GAA AAC CTG AAT GTG GGT GAC GAA ATC ATC GTT CAG GCG ATT GAC GTT CGT CCG GAA AAA CGT GAA ATC GAC TTC AAA TAC ATC CCG,3.194838463349914
GAC GTG GAA CCG GGT AAA TTC TAC AAG GGT GTT GTT ACC TCC ATC AAC AAG TAC GGT GCG TTT ATC AAC CTG AAC GAA CAG GTT CGT GGT CTG CTG CGT CCG CGT GAC ATG ATC TCT CTG CGT CTG GAA AAC CTC AAC GTG GGT GAT GAA ATC ATC GTT CAA GCG ATC GAC GTT CGT CCG GAA AAA CGT GAA ATC GAC TTC AAA TAC ATC CCG,4.320345936516622
GAC GTT GAA CCG GGT AAA TTC TAC AAG GGT GTT GTT ACC TGC ATC CAC AAA TAC GGT GCG TTC ATC AAC CTG AAT GAA CAG GTT CGT GGC CTG CTG CGT CCG CGC GAT ATG ATC TCC CTC CGT CTG GAG AAT CTG AAC GTT GGT GAC GAA ATT ATC GTT CAG GCG ATC GAT GTT CGT CCG GAA AAA CGT GAA ATC GAC TTC AAA TAC ATC CCG,3.5682638641183253
GAC GTT GAA CCG GGT AAA TTC TAC AAA GGT GTT GTT ACC CGT ATC GAA AAA TAC GGT GCG TTC ATC AAC CTC AAC GAA CAG GTT CGT GGT CTG CTC CAA CCA CGT GAT ATG ATC TCT CTG CGT CTG GAA AAC CTG AAT GTT GGT GAC GAA ATC ATC GTG CAG GCG ATC GAC GTT TGG CCG GAA AAA CGT GAA ATC GAC TTC AAA TAC ATC CCG,1.722331425223462
GAC GTT GAA CCG GGC AAA TTC TAC AAA GGT GTT GTT ACC CGT ATC GAA AAA TAC GGT GCG TTC ATC AAC CTG AAC GAG CAG GTT CGT GGT CTG CTG TGG CCG CGT TAT ATG ATC TCT CTG CGT CTG GAA AAT CTG AAC GTT GGT GAC GAA ATC ATT GTT CAG GCG ATC GAC GTT CGT CCG GAA AAA CGT GAA ATC GAC TTC AAA TAC ATC CCG,2.354053131578324
GAC GTT GAG CCG GGT AAA TTC TAC AAA GGT GTT GTT ACC CGT ATC GAA AAA TAC GGT GCG TTC ATC AAC AAA AAC GAA CAG GTT CGT GGT CTG CTG CGT CCG CGT GAC ATG ATC TCT CTG CGT CTG GAA AAT CTG AAC GTT GGT GAC GAA ATC ATC GTT CAG GCG ATC GAC GTT CGT CCG GAA AAA CGT GAA ATC GAC TTC AAA TAC ATC CCG,0.76585795348448
GAC GTT GAA CCG GGT AAA TTC TAC AAA GGT GTT GTT ACC CGC ATC GAA AAA TAC AAA GCG TTC ATC AAC CTC AAC GAA CAG GTT CGT GGT CTG CTG CGT CCG CGT GAC ATG ATC TCT CTG CGT CTG GAA AAC CTG AAT GTT GGT GAC GAA ATC ATC GTT CAA GCG ATC GAC GTT CGT CCG GAA AAA CGT GAA ATC GAC TTC AAA TAC ATC CCG,2.3417587361201537
GAT GTT GAA CCG GGT AAA TTC TAC AAA GGT GTT GTT ACC CGT ATC GAA AAA TAC GGT GCG GCG ATC AAC CTG AAC GAA CAG GTT CGT GGT CTG CTG CGT CCG CGT GAC ATG ATC TCT CTG CGT CTG GAA AAT CTG AAC GTT GGT GAC GAA ATC ATC GTG CAG GCG ATC GAT GTT CGT CCG GAA AAA CGT GAA ATC GAC TTC AAA TAC ATC CCG,2.101117504127239
GAC GTT GAA CCG GGT AAA TTC TAC AAA GGT GTT GTT ACC CGT ATC GAA AAA TAC GGT GCG TTC ATC AAC CTG AAT GAA CAG GTT CGT GGT CTG CTG GCT CCG CGT GAC ATG ATC TCT CTG CGT CTG GAA AAC CTC AAC GTG GGT GAC GAA ATC ATC GTT CAG GCG ATC GAC GTG CGC CCA GAA AAA CGT GAA ATC GTT TTC AAA TAC ATC CCG,2.93243857199782
GAC GTT GAA CCG GGT AAG TTC TAC AAA GGT GTT GTT CAG CGT ATC GAA AAA TAC GGT GCG TTC ATC AAC CTG AAT GAA CAA GTT CGT GGT CTG CTG CGT CCG CGT GAC ATG ATC TCT CTC CGT CTG GAA AAC CTC AAT GTT GGT GAC GAA ATC ATC GTT CAG GCG ATC GAT GTT CGT CCG GAA AAA CGT GAA ATC GAC TTC AAA TAC ATC CCG,3.6310495455855296
GAC GTT GAA CCG GGT AAA TTC TAC AAA GGT GTT GTT ACC CGT ATC GAA AAA TAC GGT GCG TTC ATC AAC CTG AAC GAA CAG GTT CGT GGT CTG CTG CGT CCA CGT GAC ATG ATC TCT CTG CGT CTG GAA AAC CAT AAC GTT GGT GAC GAA ATC ATC GTT CAA GCG ATC GAC GTT CGT CCG GAA AAA CGT GAA ATC GAC TTC AAA TAC ATC CCG,1.070783082069747
GAC GTT GAA CCG GGT AAA TTC TAC AAA GGT GTT GTT ACC CGT ATC GAA AAA TAC GGT GCG TTC ATC AAT CTG AAC GAA CAG GTT CGT GGT CTG CTG TAC CCG CGT GAC ATG ATC TCT CTG CGT CTG GAA AAC CTG AAC GTT GGT GAC GAA ATC ATC GTG CAA GCT ATC GAC GTG CGT CCG GAA AAA CGT GAA ATC GTT TTC AAA TAC ATC CCG,2.6354050914315
GAC GTT GAG CCG GGT AAA TTC TAC AAA GGT GTT GTT ACC CGT ATC GAA AAA TAC GGT GCG TTC ATC AAT CTG AAC GAG CAG GTT CGT GGT CTG CTG CGT CCG CGT TGG ATG ATC TCT CTG CGT CTG GAA AAC CTG AAT GTT GGT GAC GAA ATC ATC GTG CAG GCG ATC GAC GTT GCG CCG GAA AAA CGT GAA ATC GAC TTC AAA TAC ATC CCG,2.1891422928640694
GAT GTT GAA CCG GGC AAA TTC TAC AAA GGT GTT GTT ACC TAC ATC GCG AAA TAC GGT GCG TTC ATC AAC CTC AAC GAG CAG GTT CGT GGT CTG CTG CGT CCG CGT GAC ATG ATC TCT CTG CGT CTG GAA AAC CTG AAT GTT GGT GAC GAA ATC ATC GTT CAA GCG ATC GAC GTT CGT CCA GAA AAA CGT GAA ATC GAC TTC AAA TAC ATC CCG,5.346106219510757
GAT GTT GAA CCG GGT AAA TTC TAC AAA GGT GTT GTT ACC CGT ATC GAA AAA TAC GGT GCG TTC ATC AAC CTC AAT GAA CAG GTT CGT GGT CTG CTG CGT CCG CGT GAC ATG ATC TCT CTG CGT CTG GAA AAT CTC AAC GTG AAC GAC GAA ATC ATC GTT CAG GCG ATC GAC GTT CGT CCG GAA AAA CGC GAA ATC GAC TTC AAA TAC ATC CCG,3.647830507944196
GAC GTT GAA CCG GGT AAA TTC TAC AAA GGC GTT GTT ACC GAC ATC GAA AAA TAC GGT GCG CCG ATC AAC CTC AAC GAA CAG GTT CGT GGT CTG CTG CGT CCG CGT GAC ATG ATC TCT CTG CGT CTG GAA AAT CTG AAC GTG GGT GAC GAA ATC ATC GTT CAG GCG ATT GAC GTT CGT CCG GAA AAA CGT GAA ATC GAC TTC AAA TAC ATC CCG,-0.0387629068098116
GAC GTT GAG CCA GGC AAA TTC TAC AAA GGT GTT GTT ACC CGT ATC GAA AAA TAC GGT GCG TTC ATC AAC CTG AAC GAA CAA GTT CGT GGT CTG CTG CGC CCA CGT GAC ATG ATT TCT CTG CGT CTG GAG AAT CTG AAT GTT GGT GAC GAA ATC CTG GTT CAG GCG ATC GAC GTG CGT CCG GAA AAA CGT GAA ATC GAC TTC AAA TAC ATT CCG,4.7655657733988015
GAC GTT GAA CCG GGT AAA TTC TAC AAA GGT GTT GTT ACC GAG ATC GAA AAA TAC GGT GCG CCG ATC AAC CTC AAC GAA CAG GTT CGT GGT CTG CTG CGT CCG CGT GAC ATG ATC TCT CTG CGT CTG GAA AAC CTG AAT GTT GGT GAC GAA ATC ATC GTT CAG GCG ATT GAC GTT CGT CCG GAA AAA CGT GAA ATC GAC TTC AAA TAC ATC CCG,-0.0845624669312777
GAC GTT GAA CCG GGT AAA TTC TAC AAA GGT GTT GTT ACC CGT ATC GAA AAA TAC GGT GCG TTC ATC AAC CTC AAC GAA CAG GTT CGT GGT CTG CTG TAC CCG CGT GAT ATG ATC TCT CTG CGT CTG GAA AAC CTG AAC GTT GGT GAC GAA ATC ATC GTG CAG GCG ATC GAT GTG CGT CCG GAA AAA CGT GAA ATC GAA TTC AAA TAC ATC CCG,1.837188802882515
GAC GTT GAA CCG GGT AAA TTC TAC AAG GGT GTT GTT ACC CAC ATC ATG AAA TAC GGT GCG TTC ATC AAC CTC AAC GAA CAG GTT CGT GGT CTG CTG CGT CCG CGT GAC ATG ATC TCT CTG CGC CTG GAA AAT CTG AAC GTT GGT GAC GAA ATC ATC GTT CAG GCG ATC GAC GTT CGT CCG GAA AAA CGT GAA ATC GAC TTC AAA TAC ATC CCG,4.464110130005767
GAC GTT GAA CCG GGT AAA TTC TAC AAA GGT GTT GTT ACC CGT ATC GAA AAA TAC GGT GCG TTC ATC AAC CTC AAC GAA CAG GTT CGT GGT CTG CTG CGT CCG CGT GAC ATG ATC TCT CTG CGT CTG GAA AAC CTG AAT GTT GGT GAC GAA ATC ATC GTT CAG GCG ATC GAC GTT ACT CCA GAA AAG CGT GAA ATC ACC TTC AAA TAC ATC CCG,3.846302772476722
GAC GTT GAA CCG GGT AAA TTC TAC AAA GGT GTT GTT ACC CGT ATC GAA AAA TAC GGT GCG TTC ATC AAC CTC AAC GAA CAG GTT CGT GGT CTG CTG CGT CCG CGT GAC ATG ATC TCT CTG CGT CTG GAA AAC CTG AAT GTT GGT GAC GAA ATC ATC GTT CAG GCG ATC GAC GTT AAC CCG GAA AAA CGT GAA ATC GCG TTC AAA TAC ATC CCG,4.565418838199616
GAC GTT GAA CCG GGT AAA TTC TAC AAA GGT GTT GTT ACC CGT ATC GAA AAA TAC GGT GCG TTC ATC AAC CTC AAC GAA CAG GTT CGT GGT CTG CTG CGT CCA CGT GAT ATG ATC TCT CTG CGT CTC CTG AAC CTG AAC GTT GGT GAC GAA ATC ATC GTT CAA GCG ATT GAC GTT CGT CCG GAA AAA CGT GAA ATC GAC TTC AAA TAC ATC CCG,3.926255463463432
GAC GTT GAA CCG GGT AAA TTC TAC AAA GGT GTT GTT ACC CGT ATC GAA AAA TAC GGT GCG TTC ATC AAC CTC AAC GAA CAG GTG CGT GGT CTG CTG CGT CCG CGT AAC ATG ATC TCT CTG CGT CTG GAA AAT CTG AAC GTT GGT GAC GAA ATC ATC GTT CAG GCG ATC GAC GTT ATG CCG GAA AAA CGT GAA ATC GAC TTC AAA TAC ATC CCG,3.5420799499958457
GAC GTT GAA CCG GGT AAA TTC TAC AAA GGT GTT GTT ACC CGT ATC GAA AAA TAC GGT GCG TTC ATC AAC CTG AAC GAA CAG GTT CGT GGT CTG CTC GCG CCA CGT GAC ATG ATC TCT CTC CGT CTG GAA AAC CTC AAT GTT GGT GAC GAA ATC ATC GTG CAG GCG ATC GAC GTT AAC CCG GAA AAA CGT GAA ATC GAC TTC AAA TAC ATC CCG,2.038496571593237
GAC GTT GAA CCG GGT AAA TTC TAC AAA GGT GTT GTT ACC CGT ATC GAA AAA TAC GGT GCG TTC ATC AAC CTC AAC GAA CAG GTT CGT GGT CTG CTG CGT CCG CGT GAC ATG ATC TCT CTG CGT CTG GAA AAT CTC AAC GTG GGT GAC GAA ATC ATC GTT CAG GCG ATC GAC GTT CGT CCG GAA AAA CGT GAA ACC GAC TTC AAA TAC ATC CCG,2.4414501571059075
GAC GTT GAA CCG GGT AAA TTC TAC AAA GGT GTT GTT ACC CGT ATC GAA AAA TAC GGT GCG TTC ATC AAC CTG AAT GAA CAG GTT CGT GGT CTG CTG CGT CCG CGT GAC ATG ATC TCT CTG CGT CTG GAA AAT CTG AAC GTT GTT GAC GAA ATC ATT GTG CAG GCT ATC GAT GTT CGT CCG GAA AAA CGT GAA ATC GAC TTC AAA TAC ATC CCG,0.5893269598489483
GAC GTT GAA CCG GGT AAA TTC TAC AAA GGT GTT GTT ACC CGT ATC GAA AAA TAC GGT GCG TTC ATC AAC CTC AAT GAA CAG GTT CGT GGT CTG CTG TGG CCG CGT GAC ATG ATC TCT CTG CGT CTG GAA AAC CTG AAC GTT GGT GAC GAA ATC ATT GTT CAG GCG ATC GAC GTT ATG CCG GAA AAA CGT GAA ATC GAC TTC AAA TAC ATC CCG,1.3761973660949438
GAT GTT GAA CCG GGT AAA TTC TAC AAA GGC GTT GTT ACC CGT ATC GAA AAA TAC GGT GCG TTC ATC AAC CTC AAT GAA CAG GTT CGC GGC CTG CTG CGT CCG CGT GTG ATG ATC TCT CTC CGT CTG GAA AAC CTG AAC GTG GGT GAC GAA ATC ATT GTT CAG GCT ATC GAC GTT CGT CCG GAA AAG CGT GAA ATC TCT TTC AAA TAC ATC CCG,1.9353165448342675
GAC GTT GAA CCG GGT AAG TTC TAC AAA GGT GTT GTT ACC CGT ATC GAA AAA TAC GGT GCG TTT ATC AAC CTC AAC GAA CAG GTT CGT GGT CTG CTC CGT CCG CGT GAC ATG ATC TCT CTG CGT CTG GAA AAC CTG AAC GTT GGT GAC GAA ATC ATC GTG CAG GCT ATC GAC GTT CGT CCG GAA AAA GAG GAG ATC GAC TTC AAA TAC ATC CCG,4.614079015300998
GAC GTT GAA CCG GGT AAA TTC TAC AAA GGT GTT GTT ACC CGT ATC GAA AAA TAC GGT GCG TTC ATC AAC CTC AAC GAG CAG GTT CGT GGT CTG CTG CAC CCG CGT GAC ATG ATC TCT CTG CGT CTG GAA AAC CTG AAC GTG GGT GAC GAA ATC ATC GTG CAG GCG ATT GAC GTT CGT CCG GAA AAG CGT GAA ATC TAC TTC AAA TAC ATC CCG,3.002893578267945
GAC GTT GAA CCG GGT AAA TTC TAC AAA GGT GTT GTT ACC CGT ATC GAA AAA TAC GGT GCG TTC ATC AAC CTG AAC GAA CAG GTT CGT GGT CTG CTG CGT CCG CGT GAC ATG ATC TCT CTG CGT CTG GAA AAT CTG AAC GTT GGT GAC GAA ATC ATC GTT GAA GCG ATC GAC GTT CGT CCG GAA AAA CGT GAA ATC GAC TTC AAA TAC ATC CCG,3.648893617385573
GAC GTT GAA CCG GGC AAA TTC TAC AAA GGT GTT GTT ACC CGT ATC GAA AAA TAC GGT GCG TTC ATC AAC CTC AAC GAA CAG GTT CGT GGC CTG CTG CGT CCG CGT GAC ATG ATC TCT CTG CGT CTG GAA AAT CTG AAT GTG GGT GAC GAA ATC ATC GTT CAG GCG ATT GAT GTT GGC CCG GAA AAA CGT GAA ATC CAG TTC AAA TAC ATC CCG,3.827037576035497
GAC GTT GAA CCG GGT AAA TTC TAC AAA GGT GTT GTT ACC CGT ATC GAA AAA TAC GGT GCG TTC ATC AAC CTG AAC GAA CAG GTT CGT GGT CTG CTG CGT CCG CGT GAC ATG ATC TCT CTG CGT CTG GAA AAC CTC AAT GTT GGT GAC GAA ATC ATC GTG CAG GTT ATC GAC GTT CGT CCG GAA AAA CGT GAA ATC GAC TTC AAA TAC ATC CCG,11.12478405941984
GAC GTT GAA CCG GGT AAA TTC TAC AAA GGT GTT GTT ACC CGC ATC GAA AAA TAC GGT ATC TTC ATC AAC CTG AAC GAG CAA GTT CGC GGC CTG CTG CGT CCG CGT GAC ATG ATC TCT CTG CGT CTG GAG AAT CTC AAT GTG GGT GAC GAA ATC ATC GTT CAA GCT ATC GAC GTT CGC CCG GAA AAA CGT GAA ATC GAC TTC AAA TAC ATC CCA,3.369854030602119
GAC GTT GAA CCG GGT AAA TTC TAC AAA GGT GTT GTT ACC CGT ATC GAA AAA TAC GGT GCG TTC ATC AAC CTG AAT GAA CAG GTT CGT GGT CTG CTG CGC CCA CGT TAC ATG ATC TCT CTG CGT CTG GAA AAC CTC AAT GTT GGC GAC GAA ATC ATT GTT CAG GCG ATC GAC GTT CGT CCG GAA AAA CGT GAA ATC GAC TTC GAA TAC ATC CCG,2.3377747509602846
GAC GTT GAA CCG GGT AAG TTC TAC AAA GGT GTT GTT ACC CGT ATC GAA AAA TAC GGT GCG TTC ATC AAC CTC AAC GAA CAG GTT CGT GGC CTG CTG CGT CCG CGT CCA ATG ATC TCT CTC CGT CTG GAG AAC CTG AAC GTT GGT GAC GAA ATT ATC GTT CAA GCG ATT GAC GTT CGT CCG GAA AAA CGC GAA ATC ATT TTC AAA TAC ATC CCG,1.8104538642508816
GAC GTT GAA CCG GGT AAA TTC TAC AAA GGC GTT GTT ACC CGT ATC GAA AAA TAC GGT GCG TTC ATC AAC CTG AAT GAA CAG GTT CGT GGT CTG CTG CGT CCG CGT GAC ATG ATC TCT CTG CGT CTG GAA AAC CTC AAC GTG GGT GAC ATC ATC ATC GTT CAG GCG ATC GAC GTT CGC CCG GAA AAA CGT GAA ATC GAC TTC AAA TAC ATC CCG,8.914296746127064
GAC GTT GTT CCG GGT AAA TTC TAC AAA GGT GTT GTT ACC CGT ATC GAA AAA TAC GGT GCG TTC ATC AAC CTG AAT GAA CAG GTT CGT GGT CTG CTG CGT CCG CGT GAC ATG ATC TCT CTG CGT CTG GAA AAT CTG AAC GTT GGT GAC GAA ATC ATC GTG CAG GCG ATT GAC GTT CGT CCG GAA AAA CGT GAA ATC GAC TTC AAG TAC ATC CCG,7.357338364586093
GAC GTT GAA CCG GGT AAA TTC TAC AAA GGT GTT GTT ACC CGT ATC GAA AAA TAC GGT GCG TTC ATC AAC CTG AAT GAA CAG GTT CGT GGT CTG CTG GAC CCG CGT GAT ATG ATC TCT CTG CGT CTG GAA AAT CTG AAC GTT GGT GAC GAA ATC ATC GTT CAG GCG ATC GAC GTT TTC CCG GAA AAA CGT GAA ATC GAC TTC AAA TAC ATC CCG,1.2171745952952278
GAC GTT GAA CCG GGC AAA TTC TAC AAA GGT GTT GTT ACC CGT ATC GAA AAA TAC GGT GCG TTC ATC AAC CTC AAC GAA CAG GTT CGC GGT CTG CTG CGT CCA CGT GAC ATG ATC TCT CTG CGT CTG GAA AAC CTG AAC GTT GGT GAC GAA ATC ATC GTT CAA GCG ATC GAC GTT TAC CCG GAA AAA CGT GAA ATC GTT TTC AAA TAC ATC CCG,3.7596459765839794
GAC GTT GAA CCG GGT AAA TTC TAC AAA GGT GTT GTT ACC CGT ATC GAA AAA TAC GGT GCG TTC ATC AAC CTC AAC GAA CAG GTT CGT GGT CTG CTG CGT CCG CGT GAC ATG ATC TCT CTG CGT CTG GAA AAC CTG GTT GTT GGT GAC GAA ATC ATC GTT CAG GCG ATT GAC GTT CGT CCG GAA AAA CGT GAA ATC GAC TTC AAA TAC ATC CCG,5.31562632188714
GAC GTT GAA CCG GGT AAA TTC TAC AAA GGC GTT GTT ACC TGG ATT CCG AAA TAC GGT GCG TTC ATC AAC CTG AAC GAA CAG GTT CGT GGT CTG CTG CGT CCG CGT GAC ATG ATC TCT CTG CGT CTG GAA AAC CTC AAT GTT GGT GAC GAA ATC ATC GTT CAA GCG ATT GAC GTT CGT CCG GAA AAA CGT GAA ATC GAC TTC AAA TAC ATC CCG,1.987758138491762
GAT GTT GAA CCG GGT AAG TTC TAC AAA GGC GTT GTT ACC CGT ATC GAA AAA TAC GGT GCG TTC ATC AAC CTC AAT GAA CAG GTT CGT GGT CTG CTG CGT CCG CGT CGT ATG ATC TCT CTG CGT CTG GAA AAC CTG AAC GTG GGC GAC GAA ATC ATT GTG CAG GCG ATT GAC GTT CGT CCG GAA AAA CGT GAA ATC GAC TTC GAA TAC ATC CCA,2.42702530017754
GAC GTT GAA CCG GGT AAG TTC TAC AAA GGT GTT GTT ACC CGT ATC GAA AAA TAC GGT GCG TTC ATC AAC CTC AAC GAG CAG GTT CGT GGT CTG CTG CGT CCG CGT GAC ATG ATC TCT CTG CGT CTG GAA AAT CTG AAC GTT GGT GAC GAA ATC ATC GTT CAA GCG ATC GAC GTT CAA CCG GAA AAA CGT GAA ATC ACC TTC AAA TAC ATC CCG,3.920264478782822
GAT GTT GAA CCG GGT AAA TTC TAC AAA GGT GTT GTT ACC CGT ATC GAA AAA TAC GGT GCG TTC ATC AAC CTG AAC GAG CAG GTT CGT GGT CTG CTG CGT CCG CGT TCT ATG ATC TCT CTG CGT CTG GAA AAC CTC AAC GTG GGT GAC GAA ATC ATC GTG CAG GCG ATC GAT GTT CGT CCG GAA AAA CGT GAA ATC CTG TTC AAA TAC ATC CCG,2.970710921479032
GAT GTT GAA CCG GGT AAA TTC TAC AAA GGT GTT GTT ACC CGT ATC GAA AAA TAC GGT GCG TTC ATC AAC CTC AAC GAA CAG GTT CGT GGT CTG CTC CGT CCG CGT TTC ATG ATC TCT CTG CGT CTG GAG AAC CTG AAC GTT GGT GAC GAA ATC ATC GTT CAA GCG ATT GAC GTT CGC CCA GAA AAA CGT GAA ATC GAC TTC ATG TAT ATC CCG,3.5647017702047306
GAT GTT GAA CCG GGT AAA TTC TAC AAA GGT GTT GTT ACC GAA ATC GCG AAA TAC GGT GCG TTC ATC AAC CTC AAC GAG CAG GTT CGT GGT CTG CTG CGT CCG CGC GAC ATG ATC TCC CTG CGC CTG GAA AAC CTG AAT GTT GGT GAT GAA ATC ATC GTT CAG GCG ATC GAC GTG CGC CCA GAA AAA CGT GAA ATC GAC TTC AAA TAC ATT CCG,3.937705342569688
GAC GTT GAA CCG GGT AAA TTC TAC AAA GGT GTT GTT ACC CGT ATC GAA AAA TAC GGT GCG TTC ATC AAC CTG AAT GAA CAG GTT CGT GGT CTG CTC CAG CCA CGT GAC ATG ATC TCT CTG CGT CTG GAA AAC CTC AAT GTT GGT GAC GAA ATC ATC GTG CAG GCG ATC GAC GTT CGT CCG GAA AAA CGT GAA ATC CAC TTC AAA TAC ATC CCG,2.919161463385588
GAC GTT GAA CCG GGT AAA TTC TAC AAA GGT GTG GTT ACC TCT ATC GAA AAA TAC GGT GCG CCG ATC AAC CTG AAC GAA CAG GTT CGT GGC CTC CTG CGT CCG CGT GAC ATG ATC TCT CTG CGT CTC GAA AAC CTC AAC GTG GGC GAC GAA ATC ATC GTT CAA GCG ATC GAC GTT CGT CCG GAA AAA CGT GAA ATC GAC TTC AAA TAC ATC CCG,0.2544239740783691
GAC GTT GAA CCG GGT AAA TTC TAC AAA GGT GTT GTT ACC CGT ATC GAA AAA TAC GGT GCG TTC ATC AAC CTC AAC GAA CAG GTT CGT GGT CTG CTG CGT CCG CGT GAC ATG ATC TCT CTG CGT CTG GAA AAC CTG AAT GTT GGT GAC GAA ATC ATC GTT CAG GCT ATC GAC GTT CGT CCG GAA AAA CGT GAA ATC GAC TTC AAA ACC ATC CCG,2.5381958262467865
GAC GTT GAA CCG GGT AAG TTC TAC AAA GGT GTT GTT ACC CGT ATC GAA AAA TAC GGT GCG TTC ATC AAT CTG AAC TTC CAG GTT CGT GGC CTG CTG CGT CCG CGT GAT ATG ATC TCT CTG CGT CTG GAA AAC CTG AAC GTT GGT GAC GAA ATC ATC GTG CAG GCT ATC GAC GTT CGT CCG GAA AAA CGT GAA ATC GAC TTC AAA TAC ATC CCG,5.456560776339991
GAC GTT GAA CCG GGT AAA TTC TAC AAA GGT GTT GTT ACC CGT ATC GAA AAA TAC GGT GCG TTC ATC AAC CTG AAT GAA CAG GTT CGT GGT CTG CTG CGT CCA CGC GCG ATG ATC TCT CTG CGT CTG GAG AAC CTC AAT GTT GGT GAC GAA ATC ATC GTG CAG GCG ATC GAC GTT TAT CCA GAA AAA CGT GAA ATC GAC TTC AAA TAC ATC CCG,2.179805172311823
GAC GTT GAA CCG GGT AAA TTC TAC AAA GGT GTT GTT ACC CGT ATC GAA AAA TAC GGT GCG TTC ATC AAC CTC AAC GAA CAG GTT CGT GGT CTG CTC CGT CCG CGT GAC ATG ATC TCT CTG CGT CTG GAA AAC CTG AAT GTT GGT GAC GAA ATC ATC GTT CAG GCG ATC GAT GTG CGT CCG GAA AAG GTT GAA ATC GAC TTC AAA TAC ATC CCG,3.7803858311694354
GAC GTT GAA CCG GGT AAA TTC TAC AAA GGT GTT GTT ACC CGT ATC GAA AAA TAC GGT GCG TTC ATC AAC CTG AAC GAA CAG GTT CGT GGT CTG CTC CGT CCG CGT CCG ATG ATC TCT CTC CGT CTC GAA AAC CTC AAC GTG GGT GAC GAA ATC ATC GTT CAA GCG ATT GAC GTT CGT CCG GAA AAA CGT GAA ATC GAC TTC ACC TAC ATC CCA,1.3478296853244696
GAT GTG GAA CCG GGT AAA TTC TAC AAA GGC GTT GTG ACC CGT ATC GAA AAA TAC GGT GCG TTC ATC AAC CTG AAT GAA CAG GTT CGT GGT CTG CTG CGT CCG CGT GGT ATG ATC TCT CTC CGT CTG GAA AAT CTG AAC GTT GGT GAC GAA ATC ATC GTG CAG GCG ATC GAC GTT CGT CCG GAA AAA CGT GAA ATC GAC TTC GCG TAC ATC CCG,2.740832224882393
GAC GTT GAA CCG GGT AAA TTC TAC AAA GGT GTT GTT ACC CGT ATC GAA AAA TAC GGT GCG TTC ATC AAT CTG AAC GAA CAG GTT CGT GGT CTG CTC CGT CCG CGT ACC ATG ATC TCT CTG CGT CTG GAA AAC CTC AAC GTG GGT GAC GAA ATC ATC GTG CAG GCG ATT GAC GTT CAC CCG GAA AAA CGT GAA ATC GAC TTC AAA TAC ATC CCG,1.4186693436719169
GAC GTT GAA CCG GGT AAA TTC TAC AAA GGT GTT GTT ACC CGT ATC GAA AAA TAC GGT GCG TTC ATC AAC CTG AAC GAA CAG GTT CGT GGT CTG CTG CGT CCG CGT GAC ATG ATC TCT CTG CGT CTG GAA AAC CTC AAC GTT ACT GAC GAA ATC ATC GTT CAA GCG ATC GAC GTT CGT CCG GAA AAA CGT GAA ATC GAC TTC AAA TAC ATC CCG,2.519836178210901
GAC GTT GAA CCG GGT AAA TTC TAC AAA GGT GTT GTT ACC CGT ATC GAA AAA TAC GGT GCG TTC ATC AAT CTG AAC GAA CAG GTT CGT GGT CTG CTG CGT CCA CGT CAC ATG ATC TCT CTG CGT CTG GAG AAC CTG AAC GTT GGT GAC GAA ATC ATC GTG CAG GCG ATT GAC GTT CGT CCG GAA AAA CGT GAA ATC CAG TTC AAA TAC ATC CCG,3.652981298878148
GAC GTT GAA CCG GGT AAA TTC TAC AAA GGT GTT GTT ACC CGT ATC GAA AAA TAC GGT GCG TTC ATC AAT CTG AAT GAA CAG GTT CGT GGT CTG CTG TAC CCG CGT GAC ATG ATC TCT CTG CGT CTG GAA AAC CTG AAC GTT GGT GAC GAA ATC ATC GTG CAG GCG ATC GAC GTT CGT CCG GAA AAA CGT GAA ATC GCG TTC AAA TAC ATC CCG,1.9375683607762608
GAC GTT GAA CCG GGT AAA TTC TAC AAA GGT GTT GTT ACC CGT ATC GAA AAA TAC GGT GCG TTC ATC AAC CTG AAC GAA CAG GTT CGT GGT CTG CTG CGT CCG CGT TTC ATG ATC TCT CTG CGT CTG GAA AAC CTC AAT GTT GGT GAC GAA ATC ATC GTT CAA GCG ATC GAC GTT CCG CCG GAA AAA CGT GAA ATC GAC TTC AAA TAC ATC CCG,1.8874940753814635
GAC GTT GAA CCG GGT AAA TTC TAC AAG GGT GTT GTT ACC CGT ATC GAA AAA TAC GGT GCG TTC ATC AAC CTG AAT GAA CAG GTT CGT GGT ATC CTC CGT CCG CGT GAC ATG ATC TCT CTG CGT CTG GAA AAT CTG AAC GTT GGT GAC GAA ATC ATC GTT CAG GCG ATC GAC GTT CGT CCG GAA AAA CGT GAA ATC GAC TTC AAA TAC ATC CCG,4.2985473356375605
GAC GTT GAA CCG GGT AAA TTC TAC AAG GGT GTT GTT ACC CGT ATC GAA AAA TAC GGT GCG TTC ATC AAC CTC AAC GAA CAG GTT CGC GGT CTG CTC CGT CCG CGC AAA ATG ATC TCT CTG CGT CTG GAA AAT CTC AAT GTT GGT GAC GAA ATC ATC GTT CAG GCT ATC GAC GTT CGT CCG GAA AAA CGT GAA ATC GAC TTC TAC TAC ATC CCG,1.976406052501504
GAC GTT GAA CCG GGT AAG TTC TAC AAA GGT GTT GTT ACC CGT ATC GAG AAA TAT GGT GCG TTC ATC AAC CTC AAC GAA CAG GTT CGT GGT CTG CTG CGT CCG CGT ACC ATG ATC TCC CTG CGC CTG GAA AAC CTG AAC GTT GGC GAC GAA ATC ATT GTG CAG GCT ATC GAC GTG CAA CCG GAG AAA CGT GAA ATC GAC TTC AAA TAC ATC CCA,1.1808067304601522
GAC GTT GAA CCG GGT AAA TTC TAC AAA GGT GTT GTT ACC CGT ATC GAA AAA TAC GGT GCG TTC ATC AAC CTC AAT GAA CAG GTT CGT GGT CTG CTG CGT CCG CGT ATG ATG ATC TCT CTG CGT CTC GAA AAC CTG AAT GTT GGT GAC GAA ATC ATC GTT CAG GCG ATC GAT GTT CGT CCG GAA AAA CGT GAG ATC AAA TTC AAG TAC ATC CCG,2.373034270158968
GAC GTT GAA CCG GGT AAA TTC TAC AAA GGT GTT GTT ACC GCG ATC ACC AAA TAC GGT GCG TTC ATC AAC CTG AAC GAA CAG GTT CGT GGT CTG CTG CGT CCG CGT GAC ATG ATC TCT CTG CGT CTG GAG AAT CTG AAC GTT GGT GAC GAA ATC ATC GTG CAA GCG ATC GAC GTT CGT CCG GAA AAA CGT GAA ATC GAC TTC AAA TAC ATC CCA,5.279409082506563
GAT GTT GAA CCG GGT AAA TTC TAC AAA GGT GTT GTT ACC CGT ATC GAA AAA TAC GGT GCG TTC ATC AAC CTC AAC GAG CAG GTT CGT GGT CTG CTG CGT CCA CGT GAC ATG ATC TCT CTG CGT CTG GAG AAC CTG AAC GTT GGT GAC GAA ATC ATC GTG CAG GCG ATC GAC GTT CGC CCG GAA AAA CGT GAA GAA GAC TTC AAA TAC ATC CCG,1.3350514950261592
GAC GTT GAA CCG GGT AAG TTC TAC AAA GGT GTT GTT ACC CGT ATC GAA AAA TAC GGT GCG TTC ATC AAC CTG AAC GAA CAG GTT CGC GGT CTG CTG CGT CCA CGT TGG ATG ATC TCT CTG CGC CTG GAA AAT CTG AAC GTT GGT GAC GAA ATC ATT GTT CAG GCG ATC GAC GTT CGT CCG GAA AAA CGT GAA ATC GAC TTC AAA TAC ATC CCG,4.011512494016079
GAC GTG GAA CCG GGT AAG TTC TAC AAA GGT GTT GTT ACC CGT ATC GAA AAA TAC GGT GCG TTC ATC AAC CTG AAC GAA CAA GTT TTC GGT CTG CTG CGT CCG CGC GAC ATG ATC TCT CTG CGT CTG GAG AAC CTC AAC GTG GGT GAC GAA ATC ATT GTT CAG GCG ATT GAC GTT CGT CCG GAA AAA CGT GAA ATC GAC TTC AAA TAC ATC CCG,4.9985376418474825
GAC GTT GAA CCG GGC AAA TTC TAC AAA GGT GTT GTT ACC CGT ATC GAA AAA TAC GGT GCG TTC ATC AAC CTG AAC GAA CAG GAC CGT GGT CTG CTG CGT CCG CGT GAC ATG ATC TCT CTG CGT CTG GAA AAT CTG AAC GTT GGT GAC GAA ATC ATC GTG CAG GCG ATT GAC GTT CGT CCG GAA AAA CGT GAA ATC GAC TTC AAA TAC ATC CCG,3.860622310425102
GAT GTT GAA CCG GGT AAA TTC TAC AAG GGC GTT GTT ACT CCG ATC GAA AAA TAC GGT GCG TGG ATC AAT CTG AAT GAA CAG GTT CGT GGT CTG CTG CGT CCG CGT GAC ATG ATC TCT CTG CGT CTG GAA AAC CTG AAC GTT GGT GAC GAA ATC ATC GTG CAG GCG ATT GAT GTT CGT CCA GAA AAA CGT GAA ATC GAC TTC AAA TAC ATC CCG,0.0170842873591566
GAC GTT GAA CCG GGT AAA TTC TAC AAG GGT GTT GTT ACC CGT ATC GAA AAA TAC GGT GCG TTC ATC AAC CTG AAT GAA CAG GTT CGC TGG CTG CTG CGT CCG CGT GAC ATG ATC TCT CTG CGT CTG GAA AAT CTC AAT GTT GGT GAC GAA ATC ATC GTT CAG GCG ATT GAC GTT CGT CCG GAA AAA CGT GAA ATC GAC TTC AAA TAC ATC CCG,2.2970497198998814
GAC GTT GAA CCG GGT AAA TTC TAC AAA GGT GTT GTT ACC CGT ATC GAA AAA TAC GGT GCG TTC ATC AAC CTC AAC GAA CAG GTT CGT GGT CTG CTG CGT CCG CGT GAT ATG ATC TCT CTG CGT CTG GAA AAT CTG AAC GTT GGT GAC GAA ATC ATC GTT CAG GCG ATC GAT GTT CGT CCG GAA AAA CGT GAA CAG GAC TTC AAA TAC ATC CCG,2.3763740379763165
GAC GTT GAA CCG GGT AAA TTC TAC AAA GGT GTT GTT ACC CGT ATC GAA AAA TAC GGT GCG TTC ATC AAC CTG AAC GAA CAG GTT CGT GGT CTG CTG CGT CCG CGT GAC ATG ATC TCT CTG CGT CTG GAA AAC CTC AAT GTT GGT GAC GAA ATC ATC GTT TGG GCG ATC GAC GTT CGT CCG GAA AAA CGT GAA ATC GAC TTC AAA TAC ATC CCG,4.701931324468877
GAT GTT GAA CCG GGT AAA TTC TAC AAA GGT GTT GTT ACC CGT ATC GAA AAA TAC GGT GCG TTC ATC AAC CTC AAC GAA CAG GTT CGT GGT CTG CTG CGT CCG CGT CAG ATG ATC TCT CTG CGT CTG GAA AAC CTG AAC GTT GGT GAC GAA ATC ATC GTT CAA GCG ATT GAC GTT GAC CCG GAA AAA CGT GAA ATC GAC TTC AAA TAC ATC CCG,2.8436150792675035
GAC GTT GAA CCG GGT AAA TTC TAC AAA GGT GTT GTT ACC GGC ATC TTC AAG TAC GGT GCG TTC ATC AAC CTG AAC GAA CAA GTG CGT GGT CTG CTG CGT CCG CGT GAC ATG ATC TCT CTG CGT CTG GAA AAT CTG AAC GTT GGT GAC GAA ATC ATC GTT CAA GCG ATT GAC GTT CGT CCG GAA AAA CGT GAA ATC GAC TTC AAA TAC ATC CCG,4.748298437390181
GAC GTT GAA CCG GGT AAA TTC TAC AAA GGT GTT GTT ACC CGT ATC GAA AAA TAC GGT GCG TTC ATC AAC CTC AAC GAA CAG GTT CGT GGT CTG CTG CGT CCG CGT GAC ATG ATC TCT CTG CGT CTG GAA AAC CTG AAT GTT GGT GAC GAA ATC ATC GTT CAG GCG ATC GAC GTT TAT CCG GAA AAA CGT GAA ATC GCG TTC AAA TAC ATC CCG,3.7061906832175895
GAC GTT GAA CCG GGT AAA TTC TAC AAA GGT GTT GTT ACC CGT ATC GAA AAA TAC GGT GCG TTC ATC AAT CTG AAC GAA CAG GTT CGT GGT CTG CTG ATC CCG CGT GAC ATG ATC TCT CTG CGT CTG GAA AAC CTG AAC GTT GGT GAC GAA ATC ATC GTT CAA GCG ATC GAC GTT CGT CCG GAA AAA CGT GAA ATC ACC TTC AAA TAC ATT CCG,2.388732643497225
GAC GTT GAA CCG GGT AAA TTC TAC AAA GGT GTT GTT ACC CGT ATC GAA AAA TAC GGT GCG TTC ATC AAC CTC AAC GAA CAG GTT CGT GGT CTG CTG CGT CCG CGT GAT ATG ATC TCT CTG CGT CTG GAA AAT CTG AAC GTT GGT GAC GAA ATC ATC GTT CAG GCG ATT GAC GTT CAC CCG GAA AAA CGT GAA ATC CAC TTC AAA TAC ATC CCG,4.276997680215947
GAC GTT GAA CCG GGT AAG TTC TAC AAA GGC GTT GTT ACC ATC ATC GAA AAA TAC GGT GCG GAA ATC AAC CTC AAC GAG CAG GTT CGT GGT CTG CTC CGT CCG CGT GAC ATG ATC TCT CTG CGT CTG GAA AAC CTG AAT GTG GGC GAC GAA ATC ATT GTG CAG GCG ATT GAC GTT CGT CCG GAA AAA CGT GAA ATC GAC TTC AAA TAC ATC CCG,1.1410666302173933
TGG GTG GAA CCG GGT AAA TTC TAC AAG GGT GTT GTT ACC CGT ATC GAA AAA TAC GGT GCG TTC ATC AAC CTG AAC GAG CAG GTT CGT GGT CTG CTG CGT CCG CGT GAC ATG ATC TCT CTG CGT CTG GAA AAC CTC AAT GTT GGT GAC GAA ATC ATT GTT CAG GCG ATC GAC GTT CGT CCG GAA AAA CGT GAA ATC GAC TTC AAA TAC ATC CCG,12.047135310228558
GAC GTT GAA CCG GGT AAA TTC TAC AAG GGT GTT GTT ACC CGT ATC GAA AAA TAC GGT GCG TTC ATC AAC CTG AAC GAA CAG GTT CGT GGT CTG CTG CGT CCG CGT ACC ATG ATC TCT CTG CGT CTG GAA AAC CTC AAT GTT GGC GAC GAA ATC ATC GTT CAA GCG ATC GAC GTT CGT CCG GAA AAG CGT GAA ATC TTC TTC AAA TAC ATC CCG,1.7472471311516606
GAC GTT GAG CCG GGT AAA TTC TAC AAA GGT GTT GTT ACC CGT ATC GAA AAA TAC GGT GCG TTC ATC AAT CTG AAC GAA CAG GGT CGT GGT CTG CTG CGT CCA CGT GAC ATG ATC TCT CTG CGT CTG GAA AAC CTG AAC GTG GGT GAC GAA ATC ATC GTT CAA GCG ATC GAC GTT CGT CCG GAA AAA CGT GAA ATC GAC TTC AAA TAC ATC CCG,2.7209976982874
GAT GTT GAA CCG GGT AAG TTC TAC AAA GGT GTT GTT ACC CGT ATC GAA AAA TAC GGT GCG TTC ATC AAC CTG AAC GAG CAG GTT CGT GGT CTG CTG CGT CCG CGT GAC ATG ATC TCT CTG CGT CTG GAA AAC CTC AAT GTT GGT GAC GAA ATC ATT GTT CAG GCG ATC GAC GTT GTT CCA GAA AAA CGT GAA ATC CGT TTC AAG TAC ATC CCG,4.632231731281487
GAC GTT GAG CCG GGT AAA TTC TAC AAA GGT GTT GTT ACC CGT ATC GAA AAA TAC GGT GCG TTC ATC AAC CTC AAC GAG CAG GTT CGT GGT CTG CTG CGT CCG CGC CAC ATG ATC TCT CTG CGT CTG GAA AAC CTG AAT GTT GGT GAC GAA ATC ATC GTG CAG GCG ATT GAC GTG GAA CCG GAA AAA CGT GAA ATC GAC TTC AAA TAC ATC CCG,2.5375832058950936
GAC GTT GAA CCG GGT AAA TTC TAC AAA GGT GTT GTT ACC CGT ATC GAA AAA TAC GGT GCG TTC ATC AAC CTG AAC GAA CAG GTT CGT GGT CTG CTG GAA CCG CGT GAC ATG ATC TCT CTG CGT CTG GAA AAT CTG AAC GTT GGT GAC GAA ATC ATC GTG CAG GCG ATC GAC GTT GCG CCG GAA AAA CGT GAA ATC GAC TTC AAA TAC ATC CCG,1.1050909069430532
GAT GTT GAA CCG GGT AAG TTC TAC AAA GGT GTT GTT ACC TGC ATC GAA AAA TAC GGT GCG GGT ATT AAC CTG AAC GAA CAG GTT CGT GGT CTG CTC CGT CCG CGT GAC ATG ATC TCT CTG CGT CTG GAA AAT CTG AAC GTT GGT GAC GAA ATC ATC GTT CAA GCG ATC GAC GTG CGT CCG GAA AAA CGT GAA ATC GAC TTC AAA TAC ATC CCG,1.493544943204537
GAC GTT GAA CCG GGT AAA TTC TAC AAG GGT GTT GTT ACC ATC ATC GGT AAA TAC GGT GCG TTC ATC AAC CTC AAC GAA CAA GTT CGT GGT CTG CTC CGT CCG CGT GAC ATG ATC TCT CTG CGT CTC GAA AAT CTG AAC GTT GGT GAC GAA ATC ATC GTT CAG GCG ATC GAT GTT CGT CCG GAA AAA CGT GAA ATC GAC TTC AAA TAC ATC CCG,3.5648462491911843
GAC GTT GAA CCG GGT AAA TTC TAC AAA GGT GTT GTT ACC CGT ATC GAA AAA TAC GGT GCG TTC ATC AAC CTG AAT GAA CAG GTT CGT GGT CTG CTG ACT CCG CGT GAC ATG ATC TCT CTG CGT CTG GAA AAC CTC AAC GTG GGT GAC GAA ATC ATC GTT CAG GCT ATC GAC GTT CGT CCG GAA AAA CGT GAA ATC CGT TTC AAA TAC ATC CCG,3.794031881995102
GAC GTT GAA CCG GGT AAA TTC TAC AAA GGC GTT GTG ACC TCT ATC GGT AAA TAC GGT GCG TTC ATC AAC CTG AAC GAA CAG GTT CGT GGT CTG CTG CGT CCG CGT GAC ATG ATC TCT CTG CGT CTG GAA AAC CTC AAT GTT GGT GAC GAA ATC ATT GTT CAG GCG ATC GAC GTT CGT CCG GAA AAA CGT GAA ATC GAC TTC AAA TAC ATC CCG,4.189641279488472
GAC GTT GAA CCG GGT AAA TTC TAC AAA GGT GTT GTT ACC CGT ATC GAG AAA ATG GGT GCG TTC ATC AAC CTG AAT GAA CAG GTT CGT GGT CTG CTC CGT CCG CGT GAC ATG ATC TCT CTG CGT CTG GAA AAC CTC AAC GTG GGT GAC GAA ATC ATC GTT CAA GCT ATC GAC GTT CGT CCG GAA AAA CGT GAA ATC GAC TTC AAA TAC ATC CCG,3.3923324862571818
GAT GTT GAA CCG GGT AAA TTC TAC AAA GGT GTT GTT ACC CGT ATC GAA AAA TAC GGT GCG TTC ATC AAC CTC AAC GAA CAG GTT CGT GGT CTG CTG CGT CCA CGT CGT ATG ATC TCT CTG CGT CTG GAA AAT CTG AAC GTT GGT GAC GAA ATC ATC GTT CAG GCG ATC GAC GTT CGT CCG GAA AAG CGT GAA ATC TTC TTC AAA TAC ATC CCG,2.07499143370902
GAC GTT GAA CCG GGT AAA TTC TAC AAA GGT GTT GTT ACC CGT ATC GAA AAA TAC GGT GCG TTC ATC AAC CTC AAC GAA CAG GTT CGT GGT CTG CTG TAC CCG CGC TGG ATG ATC TCT CTG CGC CTG GAA AAC CTG AAC GTT GGT GAC GAA ATC ATC GTG CAG GCG ATC GAC GTT CGT CCG GAA AAA CGT GAA ATC GAC TTC AAA TAC ATC CCG,2.3634828983069296
GAC GTT GAA CCG GGT AAA TTC TAC AAA GGT GTT GTT ACC CGT ATC GAA AAG TAC GGT GCG TTC ATC AAC CTG AAC GAA CAG GTT CGT GGC CTG CTG GAC CCG CGT GAT ATG ATC TCT CTG CGT CTG GAA AAT CTG AAC GTT GGT GAC GAA ATC ATC GTG CAG GCG ATC GAC GTT GTG CCG GAA AAA CGT GAA ATC GAC TTC AAA TAC ATC CCG,1.03535411357508
GAC GTT GAA CCG GGT AAA TTC TAC AAA GGT GTT GTT ACC CGT ATC GAA AAA TAC GGT GCG TTC ATC AAC CTG AAC GAA CAG GTT CGT GGT CTG CTC CAG CCG CGT GAC ATG ATC TCT CTG CGT CTG GAA AAT CTG AAC GTT GGT GAC GAA ATC ATC GTG CAG GCG ATC GAT GTT CCG CCG GAA AAA CGT GAA ATC GAC TTC AAA TAC ATC CCG,1.2064153538589926
GAC GTT GAA CCG GGT AAA TTC TAC AAA GGT GTT GTT ACC CGT ATC GAA AAA TAC GGT GCG TTC ATC AAT CTG AAC GAA CAG GTT CGT GGT CTG CTG ATG CCG CGT CTG ATG ATC TCT CTG CGT CTG GAA AAC CTG AAT GTT GGT GAC GAA ATC ATC GTG CAG GCG ATC GAC GTT CGT CCG GAA AAA CGT GAA ATC GAC TTC AAA TAC ATC CCG,2.4145922941459257
GAC GTT GAA CCG GGT AAA TTC TAC AAA GGT GTT GTT ACC TGC ATC AAG AAA TAC GGT GCG TTC ATC AAT CTG AAT GAA CAG GTT CGT GGT CTG CTC CGC CCA CGC GAC ATG ATC TCT CTG CGC CTG GAA AAC CTG AAC GTT GGT GAC GAA ATC ATC GTT CAA GCG ATC GAC GTT CGT CCG GAA AAA CGT GAA ATC GAC TTC AAA TAC ATC CCG,4.252938387772701
GAC GTT GAA GAG GGC AAA TTC TAC AAA GGT GTT GTT ACC CGT ATC GAA AAA TAC GGT GCG TTC ATC AAC CTC AAC GAA CAG GTG CGT GGT CTG CTG CGT CCG CGT GAC ATG ATC TCT CTG CGT CTG GAG AAC CTG AAT GTT GGT GAC GAA ATC ATT GTT CAG GCG ATC GAC GTG CGC CCA GAA AAA CGT GAA ATC GAC TTC AAA TAC ATT CCG,4.711877904482478
GAT GTT GAA CCG GGT AAA TTC TAC AAA GGC GTT GTT ACC CGT ATC GAA AAA TAC GGT GCG TTC ATC AAC CTC AAC GAA CAG GTT CGT GGT CTG CTC CGT CCG CGT ATG ATG ATC TCT CTG CGC CTG GAG AAC CTG AAC GTT GGT GAC GAA ATC ATC GTG CAG GCG ATC GAC GTG CTG CCG GAA AAA CGT GAA ATC GAC TTC AAA TAC ATC CCA,1.9859062082632464
GAC GTT GAA CCG GGT AAA TTC TAC AAA GGT GTT GTT ACC CGT ATC GAA AAA TAC GGT GCG TTC ATC AAC CTC AAC GAA CAA GTT CGT GGT CTG CTG CGT CCG CGT GAC ATG ATC TCT CTG CGT CTG GAA AAT CTG AAC GTT GGT GAC GAA ATC ATC GTT CAG GCG ATC GAC GTT TGG CCG GAA AAG CGT GAA ATC AAA TTC AAA TAC ATC CCG,3.591423634989308
GAC GTT GAA CCG GGT AAA TTC TAC AAA GGT GTT GTT ACC CGT ATC GAA AAA TAC GGT GCG TTC ATC AAC CTC AAC GAA CAG GTT CGT GGT CTG CTG CGC CCA CGT GAT ATG ATC TCT CTG CGT CTG GAA AAC GTT AAT GTT GGT GAC GAA ATC ATC GTT CAG GCG ATC GAC GTT CGT CCA GAA AAA CGT GAA ATC GAC TTC AAA TAC ATC CCG,3.734816503379292
GAT GTT GAA CCG GGT AAA TTC TAC AAG GGT GTT GTT ACC CGT ATC GAA AAA TAC GGT GCG TTC ATC AAC CTG AAT GAA CAG GTT CGT GGT CTG CTG CGC CCA CGC TAC ATG ATC TCT CTG CGT CTG GAA AAT CTG AAC GTT GGT GAC GAA ATC ATC GTT CAG GCG ATT GAC GTT CGC CCA GAA AAA CGT GAA ATC GAC TTC GGT TAC ATC CCA,4.059449787896725
GAT GTT GAA CCG GGT AAA TTC TAC AAA GGT GTT GTT ACC CGT ATC GAA AAA TAC GGT GCG TTC ATC AAC CAG AAC GAA CAG GTT CGT GGT CTG CTG CGT CCG CGT GAC ATG ATC TCT CTG CGT CTG GAA AAT CTC AAC GTG GGT GAC GAA ATC ATC GTT CAG GCT ATC GAC GTT CGT CCG GAA AAA CGT GAA ATC GAC TTC AAA TAC ATC CCG,0.8938677405905368
GAC GTT GAA CCG GGT AAA TTC TAC AAA GGT GTT GTT ACC CGT ATC GAA AAA TAC GGT GCG TTC ATC AAC CTG AAC GAG CAG GTT CGC GGT CTG CTG CGT CCA CGT ACC ATG ATC TCT CTG CGT CTG GAA AAC CTC AAC GTG GGC GAC GAA ATC ATC GTG CAG GCG ATC GAC GTT CGT CCG GAA AAA CGC GAA ATC TCT TTC AAA TAC ATC CCG,1.6662795216270732
GAC GTT GAA CCG GGC AAA TTC TAC AAA GGT GTT GTT ACC CGT ATC GAA AAA TAC GGT GCG TTC ATC AAC CTG AAT GAA CAG GTT CGT GGT CTG CTG CGT CCA CGC ATG ATG ATC TCT CTC CGT CTG GAA AAT CTG AAC GTT GGT GAC GAA ATC ATC GTT CAG GCG ATC GAC GTT CGT CCG GAA AAA CGT GAA ATC GAC TTC GAC TAC ATC CCG,1.6039483574453626
GAC GTT GAA CCG GGT AAG TTC TAC AAA GGT GTT GTT ACC CGT ATC GAA AAA TAC GGT GCG TTC ATC AAC CTG AAC GAA CAG GTG CGT GGT CTG CTG CGT CCG CGT TCT ATG ATC TCT CTG CGT CTG GAA AAC CTC AAT GTT GGT GAC GAA ATC ATT GTT CAG GCG ATC GAC GTT CAG CCG GAA AAA CGT GAA ATC GAC TTC AAA TAC ATC CCG,1.9752024563753063
GAC GTT GAA CCG GGT AAA TTC TAC AAA GGT GTT GTT ACC CGT ATC GAA AAA TAC GGT GCG TTC ATC AAC CTG AAC GAA CAG GTT CGT GGT CTG CTG CCG CCA CGT GAC ATG ATC TCT CTG CGT CTG GAA AAT CTG AAT GTT GGT GAC GAA ATC ATC GTG CAG GCG ATT GAT GTT CGT CCG GAA AAA CGT GAA ATC GCG TTC AAA TAC ATT CCG,1.332699853979769
GAT GTT GAA CCG GGT AAA TTC TAC AAA GGT GTT GTT ACC CGT ATC GAA AAA TAC GGT GCG TTC ATC AAC CTG AAT GAG CAG GTT CGT GGT CTG CTC CAG CCG CGT GAC ATG ATC TCT CTG CGT CTG GAG AAC CTC AAT GTT GGT GAC GAA ATC ATC GTT CAG GCG ATC GAC GTT GTT CCA GAA AAA CGT GAA ATC GAC TTC AAA TAC ATC CCG,1.4072707368113555
GAT GTT GAA CCG GGT AAA TTC TAC AAA GGT GTT GTT ACC CGT ATC GAA AAA TAC GGT GCG TTC ATC AAT CTC AAC GAG CAG GTT CGT GGT CTG CTG TGG CCG CGT GAC ATG ATC TCT CTC CGT CTG GAA AAC CTG AAT GTT GGT GAC GAA ATC ATC GTT CAG GCG ATC GAC GTT ATC CCG GAA AAA CGT GAA ATC GAC TTC AAA TAC ATC CCG,1.4501622782383443
GAC GTT GAA CCG GGT AAA TTC TAC AAA GGT GTT GTT ACC CGT ATC GAA AAA TAC GGT GCG TTC ATC AAC CTC AAC GAA CAG GTT CGT GGT CTG CTG GGT CCG CGT GAC ATG ATC TCT CTG CGT CTG GAA AAC CTG AAT GTT GGT GAC GAA ATC ATC GTT CAG GCT ATC GAC GTG CGT CCG GAA AAA CGT GAA ATC GTT TTC AAA TAC ATC CCG,2.431627870656678
GAC GTT GAA CCG GGT AAG TTC TAC AAA GGT GTT GTT ACC TGG ATT CTG AAA TAC GGT GCG TTC ATC AAT CTC AAC GAG CAG GTT CGT GGT CTG CTG CGT CCG CGT GAC ATG ATC TCT CTG CGT CTG GAA AAC CTC AAC GTG GGT GAC GAA ATC ATC GTG CAG GCT ATC GAT GTT CGT CCG GAA AAA CGT GAA ATC GAC TTC AAA TAC ATC CCG,3.5192696995008808
GAC GTT GAA CCG GGT AAA TTC TAC AAA GGT GTT GTT ACC CGT ATC GAA AAA TAC GGT GCG TTC ATC AAT CTG AAC GAA CAG GTT CGT GGT CTG CTG CGT CCG CGT AAC ATG ATC TCT CTG CGT CTG GAA AAC CTG AAC GTT GGT GAC GAA ATC ATC GTT CAA GCG ATC GAC GTT TAT CCG GAA AAA CGT GAA ATC GAC TTC AAA TAC ATC CCG,3.912641990913455
GAC GTT GAA CCG GGT AAA TTC TAC AAG GGT GTT GTG ACC CGT ATC GAA AAA TAC GGT GCG TTC ATC AAC CTC AAT GAA CAG GTT CGT GGT CTG CTG CGT CCG CGT GAC ATG ATC TCT CTG CGT CTG GAA AAT CTG AAC GTT GGT GAC GAA ATT ATC GTT CAG GCG ATC GAC GTT TGG CCG GAA AAA CGC GAA ATC ATG TTC AAA TAC ATC CCG,3.448976498291133
GAC GTT GAG CCG GGT AAG TTC TAC AAA GGT GTT GTT ACC GTT ATC ATC AAA TAC GGT GCG TTC ATC AAC CTG AAT GAA CAA GTT CGT GGT CTG CTG CGT CCG CGT GAC ATG ATC TCT CTG CGT CTG GAA AAC CTC AAT GTT GGT GAC GAA ATC ATC GTT CAG GCG ATC GAC GTT CGT CCG GAA AAA CGT GAA ATC GAC TTC AAG TAC ATC CCG,3.15418185123509
GAC GTT GAA CCG GGT AAA TTC TAC AAA GGT GTT GTT ACC CGT ATC GAA AAA TAC GGT GCG TTC ATC AAC CTC AAC GAA CAG GTT CGT GGT CTG CTG ATC CCG CGT GAT ATG ATC TCT CTG CGT CTG GAA AAC CTG AAT GTT GGT GAC GAA ATC ATC GTT CAG GCG ATT GAC GTT CGT CCG GAA AAA CGT GAA ATC CAG TTC AAA TAC ATC CCG,2.4117616102590214
GAC GTT GAA CCG GGT AAA TTC TGG AAA GGT GTT GTT ACC CGT ATC GAA AAA TAC GGT GCG TTC ATC AAC CTG AAT GAA CAG GTG CGT GGT CTG CTG CGT CCG CGT GAC ATG ATC TCT CTG CGT CTC GAA AAT CTG AAC GTT GGT GAC GAA ATC ATC GTT CAG GCG ATC GAC GTT CGT CCG GAA AAA CGT GAA ATC GAC TTC AAG TAC ATC CCG,1.9401768255410723
GAC GTT GAA CCG GGT AAA TTC TAC AAA GGT GTT GTT ACC CGT ATC GAA AAA TAC GGT GCG TTC ATC AAT CTG AAT GAA CAG GTT CGT GGT CTG CTC CAG CCG CGT GGT ATG ATC TCT CTG CGT CTG GAA AAC CTG AAT GTT GGT GAC GAA ATC ATC GTT CAG GCG ATC GAC GTT CGT CCG GAA AAA CGT GAA ATC GAC TTC AAA TAC ATC CCG,1.91576345222492
GAC GTT GAA CCG GGT AAA TTC TAC AAA GGT GTT GTT ACC CGT ATC GAA AAA TAC GGC GCG TTC ATC AAC CTG AAT GAA CAG GTT CGT GGT CTG ATG CGT CCG CGT GAC ATG ATC TCT CTG CGT CTG GAA AAC CTC AAT GTT GGT GAC GAA ATC ATC GTT CAA GCG ATC GAC GTT CGT CCG GAA AAA CGT GAA ATC GAC TTC AAA TAC ATC CCG,3.655177449819445
GAC GTT GAA CCG GGT AAG TTC TAC AAA GGT GTT GTT ACC CGT ATC GAA AAA TAC GGT GCG TTC ATC AAC CTG AAC GAA CAG GTG CGT GGT CTG CTG CGT CCA CGT GCG ATG ATC TCT CTG CGT CTG GAA AAC CTC AAT GTT GGT GAC GAA ATC ATC GTT CAA GCG ATC GAC GTT CGT CCG GAG AAA CGT GAA ATC AAA TTC AAG TAC ATC CCG,2.125952908744998
GAC GTT GAA CCG GGT AAA TTC TAC AAG GGT GTT GTT ACC CGT ATC GAA AAA TAC GGT GCG TTC ATC AAC CTG AAT GAA CAG GTT CGT GGT CTG CTG CGT CCG CGC TAC ATG ATC TCT CTG CGT CTG GAA AAC CTC AAT GTT GGC GAC GAA ATC ATC GTT CAG GCT ATC GAC GTT CGT CCG GAA AAA CGT GAA ATC GAC TTC TGG TAC ATC CCA,2.438313550883884
GAC GTT GAA CCG GGT AAA TTC TAC AAA GGT GTT GTT ACC CGT ATC GAA AAA TAC GGC GCG TTC ATC AAC CTG AAC GAA CAG GTT CGT GGT CTG CTC CGC CCA CGT GTT ATG ATC TCT CTG CGC CTG GAA AAC CTC AAT GTT GGC GAC GAA ATC ATC GTT CAA GCG ATC GAC GTT CGT CCG GAA AAA CGT GAA ATC GAC TTC TCT TAC ATT CCG,1.8641115518159384
GAC GTT GAA CCG GGC AAA TTC TAC AAA GGT GTT GTT ACC TAC ATC GAA AAA TAC GGT GCG ATC ATC AAC CTC AAC GAA CAG GTT CGT GGC CTC CTC CGT CCA CGC GAT ATG ATC TCT CTG CGC CTC GAA AAC CTG AAT GTT GGT GAC GAA ATC ATC GTT CAA GCG ATT GAC GTT CGT CCG GAA AAA CGT GAA ATC GAC TTC AAA TAC ATC CCG,3.124162378340789
GAC GTT GAA CCG GGT AAG TTC TAC AAA GGT GTT GTT ACC CGT ATC GAA AAA TAC GGC GCG TTC ATC AAC CTG AAT GAA CAG GTT CGT GGT CTG CTG CGC CCA CGT GAA ATG ATC TCT CTG CGT CTG GAA AAT CTC AAT GTT GGT GAC GAA ATC ATC GTT CAG GCG ATC GAC GTT TCT CCG GAA AAA CGC GAA ATC GAC TTC AAA TAC ATT CCG,2.163145791624443
GAC GTT GAA CCG GGT AAA TTC TAC AAA GGT GTT GTT ACC CGT ATC GAA AAA TAC GGT GCG TTC ATC AAC CTG AAC GAA CAG GTT CGT GGT CTG CTG CGT CCG CGT GAC ATG ATC TCT CTG CGT CTG GAA AAT CTG AAT GTT GGT GAC GAA ATC ATC GTT CAA GCG ATC GAC GTT CGT CCG GAA AAA CGT GAA ATC GAC TTC AAA TAC CAG CCG,4.499436243544102
GAT GTT GAA CCG GGT AAA TTC TAC AAA GGT GTT GTT ACC CGT ATC GAA AAA TAC GGT GCG TTC ATC AAC CTG AAT GAA CAG GTG CGT GGT CTG CTG CGT CCG CGT CAG ATG ATC TCT CTG CGT CTG GAA AAT CTG AAT GTT GGT GAC GAA ATC ATC GTT CAG GCG ATT GAC GTT CGT CCG GAA AAA CGT GAA ATC TCC TTC AAA TAC ATC CCG,2.7804782466299915
GAC GTT GAA CCG GGT AAA TTC TAC AAA GGC GTT GTG ACC TGG ATT GAA AAA TAC GGT GCG ATG ATC AAC CTG AAT GAA CAG GTT CGT GGT CTG CTC CGT CCA CGT GAT ATG ATC TCT CTG CGT CTG GAG AAT CTG AAC GTT GGC GAC GAA ATC ATC GTT CAG GCG ATC GAC GTT CGT CCG GAA AAA CGT GAA ATC GAC TTC AAA TAC ATC CCG,2.693595929760176
GAC GTT GAA CCG GGT AAA TTC TAC AAA GGT GTT GTT ACC CAC ATC CAG AAA TAC GGT GCG TTC ATC AAC CTC AAT GAG CAG GTT CGT GGT CTG CTG CGT CCG CGT GAC ATG ATC TCT CTC CGT CTG GAA AAC CTG AAT GTT GGT GAC GAA ATC ATC GTT CAG GCG ATC GAC GTT CGT CCG GAA AAA CGT GAA ATC GAC TTC AAA TAC ATC CCG,3.397022234270011
GAC GTT GAA CCG GGT AAA TTC TAC AAA GGT GTT GTT ACC TGG ATC GAA AAA TAC GGT GCG TTC ATC AAC CTG AAC GAA CAG GTT CGT GGT CTG CTG CGT CCG CGT GAC ATG ATC TCT CTG CGT CTG GAA AAT CTG AAC GTT GGT GAC GAA ATC ATC GTT CAA GCG ATC GAC GTT CGT CCG GAA AAA CGT GAA ATC GAC TTC AAA TAC ATC CCG,4.005811703892038
GAC GTT GAA CCG GGT AAA TTC TAC AAA GGT GTT GTT ACC CGT ATC GAA AAA TAC GGT GCG TTC ATC AAT CTG AAC GAA CAG GTT CGT GGT CTG CTG CGT CCG CGT GAC ATG ATC TCT CTG CGT CTG GAA AAC CTG AAC GTT GGT GAC GAA ATC ATC GTT CAA GCG ATC GAC GTT CGT CCG GAA AAA CGC CAC ATC GAC TTC AAA TAC ATC CCG,4.686943958242828
GAC GTT GAA CCG GGC AAA TTC TAC AAA GGT GTT GTT ACC GTT ATC GAA AAA TAC GGT GCG GAC ATC AAC CTG AAT GAG CAG GTT CGT GGC CTC CTG CGT CCG CGT GAC ATG ATC TCT CTG CGT CTG GAG AAC CTC AAC GTG GGT GAT GAA ATT ATC GTT CAG GCG ATC GAC GTT CGC CCA GAA AAA CGT GAA ATC GAC TTC AAA TAC ATC CCG,0.4206457307134111
GAT GTT GAA CCG GGT AAG TTC TAC AAA GGC GTT GTG ACC CGT ATC GAA AAA TAC GGT GCG TTC ATC AAC CTG AAC GAA CAG GTT CGT GGC CTG CTC CGT CCG CGT ATG ATG ATC TCT CTG CGT CTG GAA AAC CTC AAT GTT GGT GAC GAA ATC ATC GTG CAG GCG ATC GAC GTT CGT CCA GAA AAA CGT GAA ATC GAC TTC TGC TAC ATC CCG,2.9464887767152854
GAC GTT GAA CCG GGT AAA TTC TAC AAA GGT GTT GTT ACC CGT ATC GAA AAA TAC GGT GCG TTC ATC AAC CTG AAC GAA CAG GTT CGT GGT CTG CTG CAC CCG CGT GAT ATG ATC TCT CTG CGT CTG GAA AAC CTC AAC GTG GGT GAC GAA ATC ATT GTT CAG GCG ATC GAC GTT CGT CCA GAA AAA CGT GAA ATC CCG TTC AAA TAC ATT CCA,1.1973059042009726
GAC GTT GAA CCG GGT AAA TTC TAC AAA GGT GTT GTT ACC CGT ATC GAA AAA TAC GGT GCG TTC ATC AAT CTC AAC GAA CAG GTT CGT GGT CTG CTG CGT CCG CGT GAC ATG ATC TCT CTG CGT CTG GAA AAC CTG AAT GTT GGT GAC GAA ATC ATC GTG CAA GCT ATT GAT GTG GAA CCG GAG AAA CGT GAA ATC AAC TTC AAA TAC ATC CCG,3.73490688737403
GAC GTT GAA CCG GGT AAA TTC TAC AAA GGT GTT GTT ACC CGT ATC GAA AAA TAC GGT GCG TTC ATC AAT CTG AAC GAA CAG GTT CGT GGT CTG CTG CGT CCG CGT GAC ATG ATC TCT CTG GTT CTG GAA AAC CTG AAC GTT GGT GAC GAA ATC ATC GTT CAA GCG ATC GAC GTT CGT CCG GAA AAA CGT GAA ATC GAC TTC AAA TAC ATC CCG,4.687388226145357
GAC GTG GAG AAC GGT AAA TTC TAC AAA GGT GTT GTT ACC CGT ATC GAA AAA TAC GGT GCG TTC ATC AAC CTG AAT GAA CAG GTG CGT GGT CTG CTG CGT CCG CGT GAC ATG ATC TCT CTG CGT CTG GAA AAC CTC AAC GTG GGT GAC GAA ATC ATC GTT CAG GCG ATC GAC GTT CGT CCG GAG AAA CGT GAA ATC GAC TTC AAA TAC ATC CCG,4.404724844445139
GAC GTT GAA CCG GGT AAA TTC TAC AAA GGT GTT GTT ACC CGT ATC GAA AAA TAC GGT GCG TTC ATC AAT CTG AAC GAA CAG GTT CGT GGT CTG CTG CGT CCG CGT GAC ATG ATC TCT CTG CGT CTG GAA AAC CTG AAC GTT GGT GAC GAA ATC ATC GTG CAG GCG ATC GAC GTT CGT CCG GAA AAA CGT GAA ATC GAC CAG AAA TAC ATC CCG,1.7177120850634693
GAC GTT GAA CCG GGT AAA TTC TAC GAC GGT GTT GTT ACC CGT ATC GAA AAA TAC GGT GCG TTC ATT AAC CTC AAC GAA CAG GTT CGT GGT CTG CTG CGT CCG CGT GAC ATG ATC TCT CTG CGT CTG GAA AAC CTG AAT GTG GGT GAC GAA ATC ATC GTT CAG GCG ATC GAC GTT CGT CCG GAA AAA CGT GAA ATC GAC TTC AAA TAC ATC CCG,2.6044807765030544
GAT GTT GAA CCG GGT AAA TTC TAC AAA GGT GTT GTT ACC CGT ATC GAA AAA TAC GGT GCG TTC ATC AAT CTG AAC GAG CAG GTT CGT GGT CTG CTG CGT CCG CGT AAC ATG ATT TCT CTG CGC CTG GAG AAC CTG AAC GTT GGT GAC GAG ATC ATC GTT CAA GCG ATC GAC GTT CGT CCG GAA AAA CGT GAA ATC GAC TTC CAC TAC ATC CCG,3.478428842955443
GAC GTT GAA CCG GGT AAG TTC TAC AAA GGT GTT GTT ACC TAC ATC TGC AAA TAC GGT GCG TTC ATC AAT CTC AAT GAA CAG GTT CGT GGT CTG CTC CGT CCG CGT GAT ATG ATC TCT CTG CGT CTC GAA AAC CTC AAC GTG GGC GAC GAA ATC ATC GTT CAG GCG ATC GAC GTT CGT CCG GAA AAA CGT GAA ATC GAC TTC AAA TAC ATC CCG,3.9701162400418575
GAC GTT GAA CCG GGT AAA TTC TAC AAA GGT GTT GTT ACC CGT ATC GAA AAA TAC GGT GCG TTC ATC AAC CTC AAT GAA CAG GTT CGT GGT CTG CTG CGT CCG CGT GAC ATG ATC TCT GAA CGT CTG GAA AAC CTG AAT GTG GGT GAC GAA ATC ATC GTT CAA GCG ATC GAC GTT CGT CCG GAA AAA CGT GAA ATC GAC TTC AAA TAC ATC CCG,3.242886049448324
GAC GTT GAA CCG GGT AAA TTC TAC AAA GGT GTT GTT ACC CGT ATC GAA AAA TAC GGT GCG TTC ATC AAC CTG AAC GAA CAG GTT CGT GGT CTG CTG CGT CCG CGT GAC ATG ATC TCT CTG CGC CTG GAA AAC CTC AAT GTT GGT GAC GAA ATC ATC GTG CAG GCT ATT GAC GTG CGT CCA GAA AAA CAG GAA ATC GAC TTC AAA TAC ATC CCG,5.315524979941207
GAC GTT GAA CCG GGT AAA TTC TAC AAA GGT GTT GTT ACC CGT ATC GAA AAA TAC GGT GCG TTC ATC AAC CTG AAC GAA CAA GTT CGT GGT CTG CTG CGT CCG CGC TTC ATG ATC TCT CTG CGT CTG GAA AAC CTC AAT GTT GGT GAC GAA ATC ATC GTT CAA GCG ATC GAC GTT ATC CCG GAA AAA CGT GAA ATC GAC TTC AAA TAC ATC CCG,2.164038214334245
GAC GTT GAA CCG GGT AAA TTC TAC AAA GGT GTT GTT ACC CGT ATC GAA AAA TAC GGT GCG TTC ATC AAC CTG AAT GAA CAG GTT CGT GGT CTG CTC CGT CCG CGT ACC ATG ATC TCT CTG CGT CTG GAA AAC CTC AAC GTG GGC GAC GAA ATC ATT GTT CAA GCG ATC GAT GTT GGT CCG GAA AAA CGT GAA ATC GAC TTC AAA TAC ATC CCG,1.377012599145626
GAC GTT GAA CCG GGC AAA TTC TAC AAA GGT GTT GTT ACC CGT ATC GAA AAA TAC GGT GCG TTC ATC AAC CTG AAC GAA CAA GTT CGT GGT CTG CTC CGT CCG CGT AAG ATG ATC TCT CTG CGC CTG GAG AAC CTC AAT GTT GGT GAT GAA ATC ATC GTT CAA GCG ATT GAT GTG CGC CCA GAA AAA CGT GAA ATC GAC TTC ACC TAC ATC CCG,1.8532301048569133
GAC GTT GAA CCG GGT AAA TTC TAC AAA GGT GTT GTT ACC CGT ATC GAA AAA TAC GGT GCG TTC ATC AAT CTC AAC GAA CAG GTT CGT GGT CTG CTC CAG CCA CGT GAA ATG ATC TCT CTG CGT CTG GAA AAC CTC AAC GTG GGC GAC GAA ATC ATC GTT CAG GCG ATC GAC GTT CGT CCG GAA AAA CGC GAA ATC GAC TTC AAA TAC ATC CCG,2.0273038739651232
GAT GTT GAA CCG GGT AAA TTC TAC AAA GGT GTT GTT ACC CGT ATC GAA AAA TAC GGT GCG TTC ATC AAC CTG AAT GAG CAG GTT CGT GGT CTG CTG CGT CCG CGT GAC ATG ATC GCG CTC CGT CTG GAA AAC CTC AAT GTG GGT GAC GAA ATC ATC GTT CAG GCT ATC GAC GTT CGT CCG GAA AAA CGT GAA ATC GAC TTC AAA TAC ATC CCG,5.213945505285629
GAC GTT GAA CCG GGT AAA TTC TAC AAA GGT GTT GTT ACC CGT ATC GAA AAA TAC GGT GCG TTC ATC AAT CTG AAT GAA CAG GTT CGT GGT CTG CTG GAA CCG CGT GAC ATG ATC TCT CTG CGT CTG GAA AAC CTG AAT GTT GGT GAC GAA ATC ATC GTT CAG GCG ATC GAT GTT CGT CCG GAA AAG CGT GAG ATC AAC TTC AAA TAC ATC CCG,1.997060349654511
GAC GTT GAA CCG GGT AAA TTC TAC AAA GGT GTT GTT ACC CGT ATC GAA AAA TAC GGT GCG TTC ATC AAT CTG AAC GAG CAG GTT CGT GGT CTG CTG CGT CCG CGT GTT ATG ATC TCT CTG CGT CTG GAA AAC CTC AAT GTT GGT GAC GAA ATC ATC GTT CAA GCG ATC GAC GTT CGT CCG GAA AAA CGT GAA ATC CGT TTC AAA TAC ATC CCG,2.05921726918304
GAC GTT GAA CCG GGT AAA TTC TAC AAA GGT GTT GTT ACC CGT ATC GAA AAA TAC GGT GCG TTC ATC AAC CTG AAT GAA CAG GTT CGT GGT CTG CTG CGT CCG CGT TCT ATG ATT TCT CTG CGT CTG GAG AAC CTC AAT GTT GGT GAC GAG ATT ATC GTT CAG GCT ATC GAC GTT CGT CCG GAA AAA CGT GAG ATC ATC TTC AAA TAC ATC CCG,2.614757416112118
GAC GTT GAA CCG GGT AAA TTC TAC AAA GGT GTT GTT ACC AAC ATC GAA AAA TAC GGT GCG GTT ATC AAC CTG AAT GAG CAG GTT CGT GGT CTG CTC CGT CCG CGT GAC ATG ATC TCC CTG CGT CTG GAA AAC CTC AAC GTG GGT GAC GAA ATC ATC GTT CAG GCG ATT GAC GTT CGT CCG GAA AAA CGT GAA ATC GAC TTC AAA TAC ATC CCA,2.4854670669062737
GAC GTT GAA CCG GGT AAA TTC TAC AAA GGT GTT GTT ACC CGT ATC GAA AAA TAC GGT GCG TTC ATC AAC CTC AAT GAA CAG GTT CGT GGT CTG CTG CCG CCA CGT GAC ATG ATC TCT CTG CGT CTG GAA AAC CTG AAT GTT GGT GAC GAA ATC ATC GTT CAG GCG ATC GAC GTT CGT CCG GAA AAA CGT GAA ATC ACC TTC AAA TAC ATC CCG,1.948533049492972
GAC GTT GAA CCG GGT AAA TTC TAC AAA GGT GTT GTT ACC CGT ATC GAA AAA TAC GGT GCG TTC ATC AAT CTG AAC GAA CAG GTT CGT GGT CTG CTG CGT CCG CGT GAC ATG ATC TCT CTG CGT CTG GAA AAC CTG AAC GTT GGT GAC GAA ATC ATC GTT CAA GCG ATC GAC GTT TTC CCG GAA AAA CGT GAA ATC GAC TTC AAA TAC ATC CCG,3.282299170807522
GAC GTT GAA CCG GGT AAA TTC TAC AAA GGT GTT GTT ACC CGT ATC GAA AAA TAC GGT GCG TTC ATC AAC CTC AAC GAA CAG GTT CGT GGT CTG CTG CAC CCG CGT GAC ATG ATC TCT CTG CGT CTG GAA AAT CTG AAC GTT GGT GAC GAA ATC ATC GTT CAG GCG ATC GAC GTT TCT CCG GAA AAA CGT GAA ATC GAC TTC AAA TAC ATC CCG,1.7332614941157916
GAC GTT GAA CCG GGT AAA TTC TAC AAA GGT GTT GTT ACC CGT ATC GAA AAA TAC GGT GCG TTC ATC AAC CTG AAT GAA CAG GTG CGT GGT CTG CTG GGT CCG CGT GAC ATG ATC TCT CTC CGT CTC GAA AAC CTC AAT GTT GGC GAC GAA ATC ATC GTT CAA GCG ATC GAC GTT CGT CCG GAA AAA CGT GAA ATC AAA TTC AAG TAC ATC CCG,2.671483458972233
GAC GTT GAA CCG GGT AAA TTC TAC AAA GGT GTT GTT ACC CGT ATC GAA AAA TAC GGT GCG TTC ATC AAC CTC AAC GAA CAG GTT CGT GGT CTG CTG CGT CCG CGT GAC ATG ATC TCT CTG CGT CTG GAA AAC CTG AAC GTT GGT GAC GAA ATC ATC GTG CAG GCG ATC GAC GTT CAC CCG GAA AAA CGT GAA ATC CCG TTC AAA TAC ATC CCG,1.999352437415681
GAC GTT GAA CCG GGT AAA TTC TAC AAA GGC GTT GTT ACC TAC ATC CAG AAA TAC GGT GCG TTC ATC AAT CTG AAC GAA CAG GTT CGT GGT CTG CTG CGT CCG CGT GAC ATG ATC TCT CTG CGT CTG GAA AAC CTG AAC GTT GGT GAC GAA ATC ATC GTG CAG GCT ATT GAT GTT CGT CCG GAA AAA CGT GAA ATC GAC TTC AAG TAC ATC CCG,3.5530908970967743
GAC GTT GAA CCG GGT AAA TTC TAC AAA GGT GTT GTT ACC CGT ATC GAA AAA TAC GGT GCG TTC ATC AAT CTG AAC GAA CAG GTT CGT GGT CTG CTG CAC CCG CGT CAC ATG ATC TCT CTG CGT CTG GAA AAC CTG AAC GTT GGT GAC GAA ATC ATC GTG CAG GCT ATC GAC GTT CGT CCG GAA AAA CGT GAA ATC GAC TTC AAA TAC ATC CCG,2.840625131632987
GAC GTT GAA CCG GGT AAA TTC TAC AAA GGT GTT GTT ACC CGT ATC GAA AAA TAC GGT GCG TTC ATC AAC CTG AAC GAA CAG GTT CGT GGT CTG CTG CAC CCG CGT GAC ATG ATC TCT CTG CGT CTG GAA AAC CTC AAT GTT GGT GAC GAA ATC ATC GTT CAA GCG ATC GAC GTT CAC CCG GAA AAA CGT GAA ATC GAC TTC AAA TAC ATC CCG,1.852088330232013
GAC GTT GAA CCG GGT AAA TTC TAC AAA GGT GTT GTT ACC CGT ATC GAA AAA TAC GGT GCG TTC ATT AAC CTC AAC GAA CAG GTT CGT GGT CTG CTG CGT CCG CGT GAC ATG ATC TCT CTG CGT CTG GAA AAC CTG AAT GCT GGT GAC GAA ATC ATC GTT CAG GCG ATC GAC GTT CGT CCG GAA AAA CGT GAA ATC GAC TTC AAA TAC ATC CCG,3.114169876121975
GAT GTT GAA CCG GGC AAA TTC TAC AAA GGT GTT GTT ACC ATG ATC GCG AAA TAC GGT GCG TTC ATC AAC CTC AAC GAA CAG GTT CGT GGC CTG CTG CGT CCA CGT GAC ATG ATC TCT CTG CGT CTG GAA AAC CTG AAC GTT GGT GAC GAA ATC ATC GTT CAA GCG ATT GAT GTT CGC CCG GAG AAA CGT GAA ATC GAC TTC AAA TAC ATC CCG,4.39755264827443
GAC GTT GAA CCG GGT AAG TTC TAC AAA GGT GTT GTT ACC CGT ATC GAA AAA TAC GGT GCG TTC ATC AAC CTG AAT GAA CAA GTT CGT GGT CTG CTG CGT CCG CGT GAC ATG ATC TCT CTG CGC CTG GAG GCG CTG AAT GTT GGC GAC GAA ATC ATC GTT CAG GCG ATC GAC GTT CGC CCG GAA AAA CGT GAA ATC GAC TTC AAA TAC ATC CCA,5.051776049406603
GAC GTT GAA CCG GGT AAA TTC TAC AAA GGT GTT GTT ACC CGT ATC GAA AAA TAC GGT GCG TTC ATC AAC CTG AAC GAA CAG GTT CGT GGT CTG CTG ACT CCG CGC TGG ATG ATC TCT CTG CGC CTC GAA AAT CTC AAC GTG GGT GAC GAA ATC ATT GTT CAG GCG ATT GAC GTT CGT CCA GAA AAA CGT GAA ATC GAC TTC AAA TAC ATC CCG,2.8435431522280608
GAC GTT GAA CCG GGT AAA TTC TAC AAA GGT GTT GTT ACC TGG ATC TTC AAG TAC GGT GCG TTC ATC AAC CTG AAC GAG CAG GTT CGT GGT CTG CTG CGT CCG CGT GAT ATG ATC TCT CTC CGT CTG GAA AAC CTC AAT GTT GGC GAC GAA ATC ATT GTT CAG GCG ATC GAC GTT CGT CCG GAA AAA CGT GAA ATC GAC TTC AAA TAC ATC CCG,4.790940377890807
GAC GTT GAA CCG GGT AAA TTC TAC AAA GGT GTT GTT ACC CGT ATC GAA AAA TAC GGT GCG TTC ATC AAC CTC AAC GAA CAG GTT CGT GGT CTG CTG CGT CCG CGT GAC ATG ATC TCT CTG CGC CTG GAA AAC CTG AAC GTG GGT GAC TAC ATC ATT GTT CAG GCG ATC GAC GTT CGT CCG GAA AAA CGT GAA ATC GAC TTC AAA TAC ATC CCG,9.460125635022738
GAC GTT GAA CCG GGT AAA TTC TAC AAA GGT GTT GTT ACC CGT ATC GAA AAA TAC GGT GCG TTC ATC AAC CTG AAC GAA CAG GTT CGT GGT CTG CTG CAC CCG CGT TAC ATG ATC TCT CTG CGT CTG GAA AAC CTC AAT GTT GGC GAC GAA ATC ATT GTT CAG GCG ATC GAC GTT CGT CCG GAA AAA CGT GAA ATC GAC TTC AAA TAC ATC CCG,2.543063906522724
GAC GTT GAA CCG GGT AAG TTC TAC AAA GGT GTT GTT ACC CGT ATC GAA AAA TAC GGT GCG TTC ATC AAC CTC AAC GAA CAG GTT CGT GGC CTG CTG TAC CCA CGT GAC ATG ATC TCT CTG CGT CTG GAA AAC CTG AAT GTT GGT GAC GAA ATC ATC GTG CAG GCG ATC GAC GTT CGC CCG GAA AAA CGT GAA ATC GAC TTC AAA TAC ATC CCA,1.759169141114016
GAT GTT GAA CCG GGT AAG TTC TAC AAA GGT GTT GTT ACC CGT ATC GAA AAA TAC GGT GCG TTC ATC ACT CTG AAC GAG CAG GTT CGT GGT CTG CTG CGT CCG CGT GAC ATG ATC TCT CTG CGT CTG GAA AAC CTC AAC GTG GGT GAC GAA ATC ATT GTT CAG GCT ATC GAC GTT CGT CCG GAA AAA CGT GAA ATC GAC TTC AAA TAC ATC CCG,4.976533418535548
GAC GTT GAA CCG GGT AAA TTC TAC AAA GGT GTT GTT ACC CGT ATC GAA AAA TAC GGT GCG TTC ATC AAC CTG AAC GAA CAG GTT CGT GGT CTG CTG CGT CCG CGT GAC ATG ATC TCT CTG CGT CTG GAA AAC CTC AAT GTT GAA GAC GAA ATC ATC GTG CAA GCG ATC GAC GTT CGT CCG GAA AAA CGT GAA ATC GAC TTC AAA TAC ATC CCG,2.4847217825321524
GAC GTG GAA CCG GGT AAA TTC TAC AAA GGT GTT GTT ACC ACC ATC GAA AAA TAC GGT GCG GGC ATC AAC CTC AAC GAA CAG GTT CGT GGT CTG CTC CGT CCA CGT GAC ATG ATC TCT CTG CGT CTG GAA AAT CTG AAC GTT GGC GAC GAA ATC ATC GTT CAG GCG ATC GAT GTT CGT CCG GAA AAA CGT GAA ATC GAC TTC AAA TAC ATC CCG,0.8453848730418826
GAC GTT GAG CCG GGT AAA TTC TAC AAA GGT GTT GTT ACC CGT ATC GAA AAA TAC GGT GCG TTC ATC AAC CTG AAT GAA CAG GTG CGC GGT CTG CTG CGT CCG CGT GAC ATG ATC TCT CTG CGT CTG GAA AAT CTG AAC GTT GGT GAC GAA ATC ATC GTG CAG GCG ATT GAC GTT ATC CCG GAA AAA CGT GAA ATC GCG TTC AAA TAC ATC CCG,3.4414404215053374
GAC GTT GAA CCG GGT AAA TTC TAC AAA GGT GTT GTT ACC CGT ATC GAA AAA TAC GGT GCG TTC ATC AAC CTG AAC GAA CAG GTT CGT GGT CTG CTG CCA CCG CGT ATG ATG ATC TCT CTG CGT CTG GAA AAC CTC AAC GTG GGT GAC GAA ATC ATC GTT CAA GCG ATC GAT GTT CGT CCG GAA AAA CGT GAA ATC GAC TTC AAA TAC ATC CCG,2.1315547215972392
GAT GTT GAA CCG GGT AAA TTC TAC AAA GGT GTT GTT ACC CGT ATC GAA AAA TAC GGT GCG TTT ATC AAC CTC AAC GAA CAG GTT CGT GGT CTG CTG CGT CCA CGT GCG ATG ATC TCT CTC CGT CTG GAA AAC CTG AAC GTT GGT GAT GAA ATC ATT GTT CAG GCG ATC GAC GTT AAC CCG GAA AAA CGT GAA ATC GAC TTC AAG TAC ATC CCG,2.6214054595132543
GAC GTT GAA CCG GGT AAA TTC TAC AAA GGT GTT GTT ACC CGT ATC GAA AAA TAC GGT GCG GGT ATC AAC CTC AAT GAA CAG GTT CGT GGT CTG CTG CGC CCA CGT GAC ATG ATC TCT CTG CGT CTG GAG AAC CTG AAC GTT GGC GAC GAA ATC ATT GTT CAG GCG ATC GAT GTT CGT CCG GAA AAA CGT GAA ATC GAC TTC AAA TAC ATC CCG,1.1477051517475003
GAC GTT GAA CCG GGC AAA TTC TAC AAA GGT GTT GTT ACC CGT ATC GAA AAA TAC GGT GCG TTC ATC AAT CTG AAT GAA CAG GTT CGT GGT CTG CTG CGT CCG CGC GAC ATG ATC TCT CTG CGT CTG GAG AAC CTG AAT GTT GGC GAT CCA ATC ATC GTT CAG GCG ATC GAC GTT CGT CCG GAA AAA CGT GAA ATC GAC TTC AAA TAC ATC CCA,4.9530844231678905
GAC GTG GAA CCG GGT AAA TTC TAC AAA GGT GTT GTT ACC TAC ATC AAG AAG TAC GGT GCG TTC ATC AAC CTG AAC GAA CAG GTT CGC GGT CTG CTC CGT CCG CGT GAC ATG ATC TCT CTG CGT CTG GAA AAC CTC AAT GTT GGT GAC GAA ATC ATT GTT CAA GCG ATT GAC GTT CGT CCG GAG AAA CGT GAA ATC GAC TTC AAG TAC ATC CCG,4.036146742473809
GAC GTT GAA CCG GGT AAG TTC TAC AAA GGT GTT GTT ACC CGT ATC GAA AAA TAC GGT GCG TTC ATC AAC CTG AAC GAG CAG GTT CGT GGT CTG CAG CGT CCG CGT GAC ATG ATC TCT CTG CGT CTG GAA AAC CTC AAT GTT GGT GAC GAA ATC ATT GTT CAG GCG ATC GAC GTT CGT CCG GAA AAA CGT GAA ATC GAC TTC AAA TAC ATC CCG,1.2130936123346832
GAC GTT GAG CCA GGC AAG TTC TAC AAA GGT GTT GTT ACC TAC ATC TGG AAA TAC GGT GCT TTC ATC AAC CTC AAC GAA CAG GTT CGT GGT CTG CTC CGT CCG CGT GAC ATG ATC TCT CTG CGT CTG GAG AAC CTG AAC GTT GGT GAC GAA ATC ATC GTT CAA GCG ATC GAT GTT CGT CCG GAA AAA CGC GAA ATC GAC TTC AAA TAC ATC CCG,4.537823859305057
GAC GTT GAA CCG GGT AAA TTC TAC AAA GGT GTT GTT ACC CGT ATC GAA AAA TAC GGT GCG TTC ATC AAC CTG AAC GAG CAG GTT CGT GGT CTG CTG AAA CCG CGT ATT ATG ATC TCT CTG CGT CTG GAA AAT CTG AAC GTT GGT GAC GAA ATC ATC GTG CAG GCG ATC GAC GTT CGT CCG GAA AAA CGT GAA ATC GAC TTC AAA TAC ATC CCG,1.7968374216467915
GAC GTT GAA CCG GGT AAA TTC TAC AAA GGT GTT GTT ACC CGT ATC GAA AAA TAC GGT GCG TTC ATC AAT CTG AAC GAA CAG GTT CGT GGT CTG CTG TCT CCG CGT CCG ATG ATC TCT CTG CGT CTG GAA AAC CTG AAC GTT GGT GAC GAA ATC ATC GTG CAG GCG ATC GAT GTG CGT CCG GAA AAA CGT GAA ATC GAC TTC AAA TAC ATC CCG,1.3090557597127486
GAC GTT GAA CCG GGT AAA TTC TAC AAA GGT GTT GTT ACC CGT ATC GAA AAA TAC GGT GCG TTC ATC AAC CTG AAT GAA CAG GTG CGT GGT CTG CTG CGT CCA CGT CCG ATG ATC TCT CTG CGT CTG GAA AAT CTG AAC GTT GGT GAC GAA ATC ATC GTT CAG GCG ATC GAC GTT CGT CCG GAA AAA CGT GAA ATC GGT TTC AAA TAC ATC CCG,0.962294158878248
GAC GTT GAA CCG GGT AAA TTC TAC AAA GGT GTT GTT ACC CGT ATC GAA AAA TAC GGT GCG TTC ATC AAC CTC AAC GAA CAG GTT CGT GGT CTG CTG GAC CCG CGT GAC ATG ATC TCT CTG CGT CTG GAA AAC CTG AAC GTT GGT GAC GAA ATC ATC GTT CAA GCG ATC GAC GTT CGT CCG GAA AAA CGT GAA ATC ACC TTC AAA TAC ATC CCG,2.215798549136929
GAC GTT GAA CCG GGT AAA TTC TAC AAA GGT GTT GTT ACC CGT ATC GAA AAA TAC GGT GCG TTC ATC AAT CTG AAC GAA CAG GTT CGT GGT CTG CTG CGT CCG CGT GAC ATG ATC TCT CTG CGT CTG GAA AAC CTG AAT GTG GGT GAC GAA ATC ATC GTG CAG GCG ATC GAC GTT CGT CCG GCG AAA CGT GAG ATC GAC TTC AAA TAC ATC CCG,4.980113454137909
GAC GTT GAA CCG GGT AAA TTC TAC AAA GGT GTT GTT ACC CGT ATC GAA AAA TAC GGT GCG TTC ATC AAC CTG AAC GAA CAG GTT CGT GGT CTG CTG CGT TCT CGT GAC ATG ATC TCT CTG CGT CTG GAA AAC CTC AAT GTT GGT GAC GAA ATC ATC GTT CAA GCG ATC GAC GTT CGT CCG GAA AAA CGT GAA ATC GAC TTC AAA TAC ATC CCG,4.606196119178584
GAC GTT GAA CCG GGT AAA TTC TAT AAA GGT GTT GTT ACC CCG ATT GGT AAA TAC GGT GCG TTC ATC AAC CTG AAT GAA CAG GTT CGT GGT CTG CTG CGT CCG CGT GAC ATG ATC TCT CTG CGT CTG GAA AAT CTG AAC GTT GGT GAC GAA ATC ATC GTT CAG GCG ATC GAT GTT CGT CCG GAA AAA CGT GAA ATC GAC TTC AAA TAC ATC CCG,0.4679771524235828
GAC GTT GAA CCG GGT AAA TTC TAC AAG GGT GTT GTG ACC GAA ATC CTG AAA TAC GGC GCG TTC ATC AAC CTC AAC GAA CAG GTT CGC GGT CTG CTC CGT CCG CGC GAT ATG ATC TCC CTG CGT CTG GAA AAC CTG AAC GTT GGT GAC GAA ATC ATC GTG CAG GCT ATC GAC GTT CGT CCG GAA AAA CGT GAA ATC GAC TTC AAA TAC ATC CCA,4.390934190651667
GAT GTT GAA CCG GGT AAA TTC TAC AAA GGT GTT GTT ACC CGT ATC GAA AAA TAC GGT GCG TTC ATC AAT CTG AAC GAA CAG GTT CGT GGT CTG CTG ATG CCG CGT GAC ATG ATC TCT CTG CGT CTG GAA AAC CTG AAC GTT GGT GAC GAA ATC ATC GTG CAG GCG ATC GAC GTT GAC CCG GAA AAA CGT GAA ATC GAC TTC AAA TAC ATC CCG,2.6416234914478096
GAC GTT GAA CCG GGT AAA TTC TAC AAA GGT GTT GTT ACC AAC ATC GAA AAA TAC GGT GCG CAG ATC AAC CTG AAC GAA CAA GTT CGT GGT CTG CTG CGT CCG CGT GAC ATG ATC TCT CTC CGT CTG GAA AAC CTC AAC GTG GGT GAT GAA ATC ATC GTT CAA GCT ATC GAC GTT CGT CCG GAA AAA CGT GAA ATC GAC TTC AAA TAC ATC CCG,1.5445483757493652
GAC GTT GAA CCG GGT AAA TTC TAC AAA GGT GTT GTT ACC CGT ATC GAA AAA TAC GGT GCG TTC ATC AAC CTC AAC GAA CAG GTT CGT GGT CTG CTG CAC CCG CGT GAC ATG ATC TCT CTG CGT CTG GAA AAC CTG AAT GTT GGT GAC GAA ATC ATC GTT CAG GCG ATC GAC GTT AAA CCG GAA AAA CGT GAA ATC GAC TTC AAA TAC ATC CCG,1.8208099532281887
GAC GTT GAA CCG GGT AAA TTC TAC AAA GGT GTT GTT ACC CGT ATC GAA AAA TAC GGT GCG TTC ATC AAC CTC AAC GAA CAG GTT CGT GGT CTG CTG CGT CCG CGT GTT ATG ATC TCT CTG CGT CTG GAA AAC CTG AAC GTG GGT GAC GAA ATC ATT GTT CAG GCG ATT GAC GTG CCG CCA GAG AAA CGT GAA ATC GAC TTC AAA TAC ATC CCG,1.1898343081867602
GAT GTT GAA CCG GGT AAA TTC TAC AAA GGT GTT GTT ACC CGT ATC GAA AAA TAC GGT GCG TTC ATC AAC CTG AAC GAA CAA GTT CGT GGT CTG CTG CGT CCG CGT TCT ATG ATC TCT CTG CGT CTG GAA AAC CTC AAT GTT GGT GAT GAA ATC ATC GTT CAA GCG ATC GAC GTT CGT CCG GAG AAA CGT GAA ATC TTC TTC AAA TAC ATC CCG,2.761585575155252
GAT GTT GAA CCG GGT AAG TTC TAC AAA GGT GTT GTT ACC CGT ATC GAA AAA TAC GGT GCG TTC ATC AAC CTC AAC GAG CAG GTT CGT GGT CTG CTG CGC CAT CGT GAC ATG ATC TCT CTG CGT CTG GAA AAT CTC AAC GTG GGT GAC GAA ATC ATC GTT CAG GCG ATC GAT GTT CGT CCG GAA AAA CGT GAA ATC GAC TTC AAA TAC ATC CCG,3.8259392377485466
GAC GTT GAA CCG GGC AAA TTC TAC AAA GGC GTT GTT ACC TCT ATC TGC AAA TAC GGT GCG TTC ATC AAC CTG AAC GAA CAA GTT CGT GGT CTG CTC CGC CCA CGT GAC ATG ATC TCT CTG CGT CTG GAA AAC CTC AAT GTT GGT GAC GAA ATC ATC GTT CAA GCG ATC GAC GTT CGT CCA GAA AAA CGT GAA ATC GAC TTC AAG TAT ATC CCG,3.948898528310325
GAT GTT GAA CCG GGT AAA TTC TAC AAA GGT GTT GTG ACC CAG ATC ATG AAA TAC GGT GCG TTC ATC AAC CTC AAC GAA CAA GTT CGT GGT CTG CTG CGT CCG CGT GAC ATG ATT TCC CTC CGT CTG GAA AAC CTG AAC GTT GGT GAC GAG ATC ATC GTG CAG GCG ATC GAC GTT CGT CCG GAA AAA CGT GAA ATC GAC TTC AAA TAC ATC CCG,5.195068326441998
GAC GTT GAA CCG GGT AAA TTC TAC AAA GGT GTT GTT ACC CGT ATC GAA AAA TAC GGT GCG TTC ATC AAT CTG AAT GAA CAG GTT CGT GGT CTG CTG ACT CCG CGT GAC ATG ATC TCT CTG CGT CTG GAA AAC CTG AAC GTT GGT GAC GAA ATC ATT GTT CAG GCG ATC GAC GTT ATC CCG GAA AAA CGT GAA ATC GAC TTC AAA TAC ATC CCG,1.3695235584129737
GAC GTT GAA CCG GGT AAA TTC TAC AAA GGT GTT GTT ACC CGT ATC GAA AAA TAC GGT GCG TTC ATC AAC CTG AAC GAA CAG GTT CGT GGT CTG CTG CGT CCG CGT CGC ATG ATC TCT CTG CGT CTG GAA AAT CTC AAC GTG GGC GAC GAA ATC ATC GTT CAA GCG ATC GAC GTG GAA CCG GAA AAA CGT GAA ATC GAC TTC AAA TAC ATC CCG,1.455920441354286
GAC GTT GAA CCG GGT AAA TTC TAC AAA GGT GTT GTT ACC CGT ATC GAA AAA TAC GGT GCG TTC ATC AAC ATG AAC GAG CAG GTT CGT GGT CTG CTG CGT CCG CGT GAC ATG ATC TCT CTG CGT CTG GAA AAC CTG AAC GTG GGT GAT GAA ATC ATC GTG CAA GCT ATT GAT GTT CGT CCG GAA AAA CGT GAA ATC GAC TTC AAA TAC ATC CCG,2.9380009105843685
GAC GTT GAA CCG GGT AAA TTC TAC AAG GGT GTT GTT ACT GCG ATC GAA AAA TAC GGT GCG AAC ATC AAC CTC AAC GAA CAA GTT CGT GGT CTG CTC CGT CCG CGC GAT ATG ATC TCT CTG CGT CTG GAA AAT CTG AAC GTT GGT GAC GAA ATC ATC GTG CAG GCT ATC GAC GTT CGT CCG GAA AAA CGT GAA ATC GAC TTC AAA TAC ATC CCG,1.3446396134407883
GAC GTT GAA CCG GGT AAA TTC TAC AAA GGT GTT GTT ACC CGT ATC GAA AAA TAC GGT GCG TTC ATC AAC CTG AAC GAA CAG GTT CGT GGT CTG CTG CGT CCG CGT CCG ATG ATC TCT CTG CGT CTG GAA AAT CTG AAC GTT GGT GAC GAA ATC ATC GTG CAG GCG ATC GAC GTT AAA CCG GAA AAA CGT GAA ATC GAC TTC AAA TAC ATC CCG,1.0481968433940043
GAC GTT GAA CCG GGT AAA TTC TAC AAA GGT GTT GTT ACC CGT ATC GAA AAA TAC GGT GCG TTC ATC AAC CTC AAC GAA CAG GTT CGT GGT CTG CTG CGT CCG CGT TCT ATG ATC TCT CTG CGT CTG GAA AAC CTG AAC GTT GGT GAC GAA ATC ATC GTT CAA GCG ATC GAC GTT CGT CCG GAA AAG CGT GAA ATC AAG TTC AAA TAC ATC CCG,2.197417053885089
GAC GTT GAA CCG GGT AAA TTC TAC AAA GGT GTT GTT ACC CGT ATC GAA AAA TAC GGT GCG TTC ATC AAC CTG AAC GAA CAG GTT CGT GGT CTG CTG CCG CCA CGT GAC ATG ATC TCT CTG CGT CTG GAA AAC CTC AAT GTT GGT GAC GAA ATC ATC GTG CAG GCG ATC GAC GTT GTT CCG GAG AAA CGT GAA ATC GAC TTC AAA TAC ATC CCG,0.8657754147763705
GAC GTT GAG CCG GGT AAA TTC TAC AAA GGT GTT GTT ACC CGT ATC GAA AAA TAC GGT GCG TTC ATC AAC CTC AAC GAA CAG GTT ATG GGT CTG CTG CGT CCG CGT GAC ATG ATC TCT CTG CGT CTG GAA AAT CTG AAT GTT GGT GAC GAA ATC ATC GTG CAG GCG ATC GAC GTT CGT CCG GAA AAA CGT GAA ATC GAC TTC AAA TAC ATC CCG,4.949236024558579
GAC GTT GAA CCG GGC AAA TTC TAC AAA GGT GTT GTT ACC CGT ATC GAA AAA TAC GGT GCG TTC ATC AAC CTG AAC GAA CAA GTT CGT GGT CTG CTG CGT CCG CGT GAC ATG ATC TCT CTG CGT CTG GAA AAC CTC AAT GTT GGT GAC GAA ATC ATC GTT CAA GCG ATC GAC GTT TAC CCG GAG AAA CGT GAA ATT ATG TTC AAA TAC ATC CCG,3.629980698761412
GAC GTT GAA CCG GGT AAG TTC TAC AAA GGT GTT GTT ACC CGT ATC GAA AAA TAC GGT GCG TTC ATC AAC CTC AAC GAG CAG GTT CGT GGT CTG CTG CAC CCG CGT ATT ATG ATC TCT CTG CGT CTG GAA AAT CTG AAC GTT GGT GAC GAA ATC ATC GTT CAG GCG ATC GAC GTT CGT CCG GAA AAA CGT GAA ATC GAC TTC AAA TAC ATC CCG,2.17051957374478
GAC GTT GAA CCG GGC AAA TTC TAC AAA GGT GTT GTT ACC CGT ATC ACC AAA TAC GGT GCG TTC ATC AAC CTG AAT GAA CAG GTT CGT GGT CTG CTG CGT CCG CGT GAC ATG ATC TCT CTG CGT CTG GAA AAT CTG AAC GTT GGT GAC GAA ATC ATC GTG CAG GCG ATC GAC GTG CGT CCA GAA AAA CGT GAA ATC GAC TTC AAA TAC ATC CCG,5.4573386309054985
GAC GTT GAA CCG GGT AAA TTC TAC AAA GGT GTT GTT ACC CGT ATC GAA AAA TAC GGT GCG TTC ATC AAC CTG AAT GAA CAG GTT CGT GGT CTG CTG TAC CCG CGT AAA ATG ATC TCT CTG CGT CTG GAA AAT CTG AAC GTT GGT GAC GAA ATC ATC GTT CAG GCG ATC GAC GTT CGT CCG GAA AAA CGT GAA ATC GAC TTC AAA TAC ATC CCG,1.5020585887211864
GAC GTT GAA CCG GGT AAA TTC TAC AAA GGT GTT GTT ACC CGT ATC GAA AAA TAC GGT GCG TTC ATC AAC CTG AAC GAA CAG GTT CGT GGT CTG CTC CGT CCG CGC CAC ATG ATC TCT CTG CGC CTG GAA AAT CTG AAC GTT GGT GAT GAA ATC ATC GTT CAA GCG ATC GAC GTT CGT CCG GAA AAA CGT GAA ATC GAC TTC TAC TAC ATC CCA,3.6169238380352375
GAC GTT GAA CCG GGT AAA TTC TAC AAA CTG GTT GTT ACC CGT ATC GAA AAA TAC GGT GCG TTC ATC AAC CTG AAT GAA CAG GTT CGT GGT CTG CTG CGT CCG CGT GAC ATG ATC TCT CTG CGT CTG GAG AAT CTG AAC GTT GGT GAC GAA ATC ATC GTG CAG GCG ATC GAC GTT CGT CCG GAA AAA CGT GAA ATC GAC TTC AAG TAC ATC CCG,2.604334413178193
GAC GTT GAA CCG GGT AAA TTC TAC AAA GGT GTT GTT ACC CGT ATC GAA AAA TAC GGT GCG TTC ATC AAC CTG AAC GAA CAG GTT CGT GGT CTG CTG CGT CCG CGT GAC GGT ATC TCT CTG CGT CTG GAA AAC CTC AAC GTG GGT GAC GAG ATC ATC GTG CAG GCG ATC GAT GTT CGC CCG GAA AAA CGT GAA ATC GAC TTC AAA TAC ATC CCG,2.394969623831095
GAC GTT GAA CCG GGC AAA TTC TAC AAA GGT GTT GTT ACC CGT ATC GAA AAA TAC GGT GCG TTC ATC AAC CTC AAT GAA CAG GTT CGT GGT CTG CTG TTC CCG CGT GAC ATG ATC TCT CTG CGT CTG GAA AAT CTC AAC GTG GGC GAC GAA ATC ATC GTT CAG GCG ATC GAC GTT TAC CCG GAA AAA CGT GAA ATC GAC TTC AAA TAC ATC CCG,1.6669505510035436
GAC GTT GAA CCG GGT AAA TTC TAC AAG GGT GTG GTT ACC CGT ATC GAA AAA TAC GGT GCG TTC ATC AAC CTG AAT GAA CAG GTT CGT GGT CTG CTG CGT CCG CGT GAC ATG ATC TCT CTG CGT CTG GAA AAC CTC AAT GTT GGT GAC GAA ATC ATC GTT CAG GCG ATC GAC GTT CAC CCA GAA AAA CGT GAA ATC GGT TTC AAA TAC ATC CCG,3.5680313802411243
GAC GTT GAA CCG GGT AAA TTC TAC AAA GGT GTT GTT ACC CGT ATC GAA AAA TAC GGT GCG TTC ATC AAC CTG ATG GAA CAG GTT CGT GGT CTG CTG CGT CCG CGT GAC ATG ATC TCT CTG CGC CTG GAA AAC CTC AAT GTT GGT GAC GAA ATC ATC GTT CAG GCT ATC GAC GTT CGT CCG GAA AAA CGT GAA ATC GAC TTC AAA TAC ATC CCG,3.288860938436041
GAT GTT GAA CCG GGT AAA TTC TAC AAA GGT GTT GTT ACC CGT ATC GAA AAA TAC GGT GCG TTC ATC AAC CTC AAC GAA CAG GTT CGT GGC CTG CTG CGT CCG CGT TAC ATG ATC TCT CTC CGT CTG GAA AAC CTG AAC GTT GGT GAC GAA ATC ATC GTT CAA GCG ATC GAC GTT CGT CCG GAA AAA CGT GAA ATC GAC TTC TGC TAC ATC CCG,3.47422151627452
GAC GTT GAA CCG GGT AAA TTC TAC AAA GGT GTT GTT ACC CGT ATC GAA AAA TAC GGT GCG TTC ATC AAC CTG AAC GAA CAG GTT CGT GGT CTG CTG CGT CCG CGT GAC ATG ATC TCT CTG CGT CTG GAA AAT CTG AAC GTT GGT GAT GAA ATC ATC GTT CAA GCG ATC GAC GTT CGT CCA GAA TGG CGT GAA ATT GAC TTC AAA TAC ATC CCG,3.934055130178072
GAT GTT GAA CCG GGT AAG TTC TAC AAA GGT GTT GTT ACC GAA ATC GAG AAA TAC GGT GCG CAG ATC AAC CTC AAT GAA CAA GTT CGT GGC CTG CTG CGT CCG CGC GAC ATG ATC TCT CTG CGT CTG GAA AAC CTG AAC GTT GGT GAC GAA ATC ATC GTG CAG GCG ATC GAC GTT CGT CCG GAA AAA CGT GAA ATT GAC TTC AAA TAC ATC CCG,1.208650916780427
GAC GTT GAA CCG GGT AAA TTC TAC AAA GGT GTT GTT ACC CGT ATC GAA AAA TAC GGT GCG TTC ATC AAT CTG AAC GAA CAG GTT CGT GGT CTG CTG TCT CCG CGT GAC ATG ATC TCT CTG CGT CTG GAA AAC CTG AAT GTT GGT GAC GAA ATC ATC GTG CAG GCG ATC GAC GTT CTG CCG GAA AAA CGT GAA ATC GAC TTC AAA TAC ATC CCG,1.341461194035637
GAT GTT GAA CCG GGC AAA TTC TAC AAA GGT GTT GTT ACC TGC ATC GAA AAA TAC GGT GCG CAT ATC AAT CTG AAC GAA CAG GTT CGT GGC CTG CTG CGT CCG CGT GAC ATG ATC TCT CTG CGT CTG GAA AAC CTG AAC GTT GGT GAC GAA ATC ATC GTG CAG GCG ATT GAC GTT CGT CCG GAA AAA CGT GAA ATC GAC TTC AAA TAC ATC CCG,2.6177043791074954
GAC GTT GAA CCG GGT AAA TTC TAC AAA GGT GTT GTT ACC CGT ATC GAA AAA TAC GGT GCG TTC ATC AAT CTG AAC GAA CAG GTT CGT GGT CTG CTG CAA CCG CGT GAC ATG ATC TCT CTG CGT CTG GAA AAC CTG AAC GTG GGT GAC GAA ATC ATC GTT CAA GCG ATC GAC GTT ATG CCG GAA AAA CGT GAA ATC GAC TTC AAA TAC ATC CCG,1.4222044203786064
GAT GTT GAA CCG GGT AAA TTC TAC AAA GGT GTT GTT ACC CGT ATC GAA AAG TAT GGT GCG TTC ATC AAC CTC AAC GAA CAG GTT CGT GGT CTG CTG CGT CCG CGT GAC ATG ATC TCT CTG CGT CTG GAA AAT CTG AAC GTT GGT GAC GAG ATC AAA GTT CAG GCG ATC GAC GTT CGT CCG GAA AAA CGT GAA ATC GAC TTC AAA TAC ATC CCG,3.523506141930687
GAT GTT GAA CCG GGT AAA TTC TAC AAA GGT GTT GTT ACC CGT ATC GAA AAA TAC GGT GCG TTC ATC AAT CTG AAT GAA CAG GTT CGT GGT CTG CTG CGT CCG CGT TGG ATG ATC TCT CTG CGT CTG GAA AAC CTG AAT GTT GGT GAC GAA ATC ATC GTT CAA GCG ATC GAC GTT GGT CCG GAA AAA CGT GAA ATC GAC TTC AAA TAC ATC CCG,2.4132718716250507
GAC GTT GAA CCG GGT AAA TTC TAC AAA GGT GTT GTT ACC CGT ATC GAA AAA TAC GGT GCG TTC ATC AAC CTG AAT GAA CAG GTT CGT GGT CTG CTG CGT CCG CGT GAT ATG ATC TCT CTG CGC CTG GAA AAT CTC AAT GTT GGT GAC GAA ATC ATC GTT CAG GCG ATC GAC GTT CGT CCG GAA AAA TGC GAA ATC GAC TTC AAA TAC ATC CCG,4.327301425072966
GAC GTT GAA CCG GGT AAA TTC TAC AAA GGT GTT GTT ACC CGT ATC GAA AAG TAT GGT GCG TTC ATC AAC CTG AAC GAA CAG GTT CGT GGT CTG CTG CGC CCA CGT CAC ATG ATC TCT CTG CGT CTG GAA AAT CTG AAC GTT GGC GAT GAA ATC ATT GTT CAG GCG ATC GAC GTT GTT CCG GAG AAA CGC GAA ATC GAC TTC AAA TAC ATC CCG,2.936913843728072
GAT GTT GAA CCG GGT AAA TTC TAC AAA GGT GTT GTT ACC CGT ATC GAA AAA TAC GGT GCG TTC ATC AAC CTC AAC GAA CAG GTT CGT GGT CTG CTG CGC CCA CGC CAC ATG ATC TCT CTG CGT CTG GAG AAC CTG AAC GTT GGT GAC GAA ATC ATC GTT CAA GCG ATC GAT GTT CGT CCG GAA AAA CGT GAA ATC GAC TTC ACC TAC ATC CCG,3.252525917446742
GAC GTT GAA CCG GGC AAA TTC TAC AAA GGT GTT GTT ACC CGT ATC GAA AAA TAC GGT GCG TTC ATC AAC CTC AAC GAA CAG GTT CGC GGT CTG CTG CGT CCG CGT CAG ATG ATC TCT CTG CGT CTG GAA AAC CTG AAT GTT GGT GAC GAA ATC ATC GTT CAA GCG ATT GAC GTT ACT CCA GAA AAA CGT GAA ATC GAC TTC AAA TAC ATC CCG,1.861230370878978
GAC GTT GAA CCG GGT AAA TTC TAC AAA GGT GTT GTT ACC CGT ATC GAA AAA TAC GGT GCG TTC ATC AAT CTG AAC GAA CAG GTT CGT GGT CTG CTG TAC CCA CGT GAC ATG ATC TCT CTG CGT CTG GAA AAC CTG AAC GTT GGT GAC GAA ATC ATC GTT CAA GCG ATC GAC GTT CGT CCG GAA AAA CGT GAA ATC CTG TTC AAG TAC ATC CCG,2.753307748584205
GAT GTT GAA CCG GGT AAA TTC TAC AAG GGT GTT GTT ACC GAC ATC GAA AAA TAC GGT GCG CGT ATC AAC CTG AAC GAA CAG GTT CGC GGT CTG CTC CGT CCG CGT GAC ATG ATC TCT CTG CGT CTG GAA AAC CTC AAC GTG GGT GAC GAA ATC ATC GTG CAG GCG ATT GAT GTG CGT CCG GAG AAA CGT GAA ATC GAC TTC AAA TAC ATT CCA,1.2781330728822866
GAC GTT GAA CCG GGT AAA TTC TAC AAA GGT GTT GTT ACC CGT ATC GAA AAA TAC GGT GCG TTC ATC AAC CTC AAT GAA CAG GTT CGT GGT CTG CTG CGT CCG CGT GAC ATG ATC TCT CTG CGT CTG GAA AAT CTG AAC GTT GGT GAC GAA ATC ATC GTT CAG GCG ATC GAC GTT TTC CCG GAA AAA CGT GAA ATC ACC TTC AAA TAC ATC CCG,3.7385660798443823
GAC GTT GAA CCG GGT AAA TTC TAC AAA GGT GTT GTT ACC CGT ATC GAA AAA TAC GGT GCG TTC ATC AAC CTC AAT GAA CAG GTT CGT GGT CTG CTG AAC CCG CGT GAC ATG ATC TCT CTG CGT CTG GAA AAC CTG AAT GTT GGT GAC GAA ATC ATC GTG CAG GCG ATC GAC GTT CGT CCG GAA AAA CGC GAA ATC TTC TTC AAA TAC ATC CCG,2.701211580444565
GAT GTT GAA CCG GGT AAA TTC TAC AAA GGT GTT GTT ACC CGT ATC GAA AAG TAC GGT GCG TTC ATC AAT CTG AAC GAA CAG GTT CGT GGT CTG CTG ATC CCA CGT GAC ATG ATC TCT CTG CGT CTG GAA AAC CTG AAC GTT GGT GAC GAA ATC ATT GTT CAG GCG ATC GAC GTT TAT CCG GAA AAA CGT GAA ATC GAC TTC AAA TAC ATC CCG,2.207349392764374
GAC GTT GAA CCG GGT AAA TTC TAC AAA GGT GTT GTT ACC CGT ATC GAA AAA TAC GGT GCG TTC ATC AAC CTG AAC GAA CAG GTT CGT GGT CTG CTG CGT CCG CGT TGG ATG ATC TCT CTG CGT CTG GAA AAT CTG AAC GTT GGT GAC GAA ATC ATC GTG CAA GCT ATC GAC GTG ATG CCG GAA AAA CGT GAA ATC GAC TTC AAA TAC ATC CCG,2.117599370245681
GAC GTT GAA CCG GGT AAA TTC TAC AAA GGT GTT GTT ACC AAC ATC GAA AAA TAC GGT GCG GAC ATC AAT CTG AAT GAA CAG GTT CGT GGC CTC CTC CGT CCA CGT GAT ATG ATC TCT CTG CGT CTC GAA AAC CTG AAT GTG GGT GAC GAA ATC ATC GTT CAG GCG ATC GAC GTT CGC CCG GAA AAA CGT GAA ATC GAC TTC AAA TAC ATC CCG,0.721110520696623
GAC GTT GAA CCA GGC AAG TTC TAC AAA GGT GTT GTT ACC AAA ATC GGT AAA TAC GGT GCG TTC ATC AAC CTG AAT GAA CAG GTT CGT GGT CTG CTG CGT CCG CGT GAC ATG ATC TCT CTG CGT CTG GAA AAC CTC AAC GTG GGC GAC GAA ATC ATC GTT CAG GCT ATC GAT GTT CGC CCG GAG AAG CGT GAA ATC GAC TTC AAA TAC ATC CCA,4.099178582754053
GAC GTT GAG CCG GGT AAA TTC TAC AAA GGT GTT GTT ACC ATC ATC ATG AAA TAC GGT GCG TTC ATC AAC CTG AAC GAA CAG GTT CGC GGT CTG CTG CGT CCG CGT GAC ATG ATC TCT CTG CGT CTG GAA AAC CTC AAT GTG GGT GAC GAA ATC ATC GTT CAA GCG ATC GAC GTT CGT CCG GAA AAA CGT GAA ATC GAC TTC AAG TAC ATC CCG,4.516700148205237
GAC GTT GAA CCG GGT AAA TTC TAC AAA GGT GTT GTT ACC CGT ATC GAA AAA TAC GGT GCG TTC ATC AAC CTG AAC GAA CAG GTT CGT GGT CTG CTG CGT CCG CGT GAC ATG ATC TCT CTG CGT AAC GAA AAT CTG AAC GTT GGT GAC GAA ATC ATC GTG CAG GCT ATC GAC GTT CGT CCG GAA AAA CGT GAA ATC GAC TTC AAA TAC ATC CCG,2.073744100241331
GAC GTT GAA CCG GGT AAA TTC TAC AAA GGT GTT GTT ACC CGT ATC GAA AAA TAC GGT GCG TTC ATC AAC CTG AAT GAA CAG GTT CGT GGT CTG CTC CCA CCG CGT GAC ATG ATC TCT CTG CGT CTG GAA AAC CTC AAT GTT GGT GAC GAA ATC ATC GTT CAG GCG ATC GAC GTT CGT CCG GAA AAA CGT GAA ATC CGT TTC AAA TAC ATC CCG,1.998578833277822
GAC GTG GAA CCG GGT AAA TTC TAC AAA GGT GTT GTT ACC CGT ATC GAA AAA TAC GGT GCG TTC ATC AAC CTC AAC GAA CAA GTT CGC GGT CTG CTG CGT CCG CGT GAC ATG ATC TCT CTG CGT CTG GAA AAC CTG AAT GTT GGT GAC GAA ATC ATT GTT CAG GCG ATT GAC GTT CGT CCG GAA AAA CGT CTG ATC GAC TTC AAA TAC ATC CCG,5.982340764325203
GAC GTT GAA CCG GGT AAA TTC TAC AAA GGT GTT GTT ACC CGT ATC GAA AAA TAC GGT GCG TTC ATC AAC CTC AAT GAA CAG GTT CGT GGT CTG CTG CTG CCA CGT GAC ATG ATC TCT CTG CGT CTG GAA AAC CTG AAT GTT GGT GAC GAA ATC ATC GTT CAG GCG ATT GAC GTT ACT CCG GAA AAA CGT GAA ATC GAC TTC AAA TAC ATC CCG,2.247237912901117
GAC GTT GAA CCG GGT AAA TTC TAC AAA GGT GTT GTT ACC CGT ATC GAA AAA TAC GGT GCG TTC ATC AAC CTG AAT GAA CAG GTT CGT GGT CTG CTG GTT CCG CGT ATT ATG ATC TCT CTG CGT CTG GAA AAC CTC AAC GTG GGT GAC GAA ATC ATC GTT CAA GCG ATC GAC GTT CGT CCG GAA AAA CGT GAA ATC GAC TTC AAA TAC ATC CCG,2.2509861866552874
GAT GTT GAA CCG GGT AAA TTC TAC AAA GGT GTT GTT ACC CGT ATC GAA AAA TAC GGT GCG TTC ATC AAT CTG AAT GAA CAG GTT CGT GGT CTG CTG CGC CCA CGT GAC ATG ATC TCT CTG CGT CTG GAA AAC CTC AAT GTT GGT GAC GAA ATC ATC GTT CAG GCG ATC GAC GTT CGT CCG GAA AAA CGT GAA ATC TGC TTC AAA TAC ATC CCG,3.5309331013130016
GAC GTT GAA CCG GGT AAA TTC TAC AAA GGT GTT GTT ACC CGT ATC GAA AAA TAC GGT GCG TTC ATC AAT CTG AAC GAG CAG GTT CGT GGT CTG CTG TCT CCG CGT CGT ATG ATC TCT CTG CGT CTG GAA AAC CTG AAC GTT GGT GAC GAA ATC ATC GTT CAA GCG ATC GAC GTT CGT CCG GAA AAA CGT GAA ATC GAC TTC AAA TAC ATC CCG,2.257032150715788
GAC GTG GAA CCG GGT AAA TTC TAC AAA GGT GTT GTT ACC CGT ATC GAA AAA TAC GGT GCG TTC ATC AAT CTG AAT GAG CAG GTT CGT GGT CTG CTG AAA CCG CGT TGG ATG ATC TCT CTG CGT CTG GAA AAC CTC AAC GTG GGT GAC GAA ATC ATC GTG CAG GCG ATC GAC GTT CGT CCG GAA AAA CGT GAA ATC GAC TTC AAA TAC ATC CCG,3.4316574282719863
GAC GTT GAA CCG GGC AAA TTC TAC AAA GGT GTT GTT ACC CGT ATC GAA GGT TAC GGT GCG TTC ATC AAT CTG AAC GAA CAG GTT CGT GGT CTG CTG CGT CCG CGT GAT ATG ATC TCT CTC CGT CTG GAG AAC CTG AAC GTT GGT GAC GAA ATC ATC GTT CAA GCG ATT GAC GTT CGT CCA GAA AAA CGT GAA ATC GAC TTC AAA TAC ATC CCG,4.253040363035714
GAC GTT GAA CCG GGT AAA TTC TAC AAA GGT GTT GTT ACC ACC ATC ATC AAA TAC GGT GCG TTC ATC AAC CTG AAC GAA CAA GTT CGT GGT CTG CTG CGT CCG CGT GAC ATG ATC TCT CTG CGT CTG GAA AAC CTC AAC GTG GGT GAC GAG ATT ATT GTT CAG GCG ATC GAC GTT CGT CCG GAA AAA CGT GAA ATC GAC TTC AAG TAC ATC CCG,2.69404894920331
GAC GTT GAA CCG GGT AAA TTC TAC AAA GGT GTT GTT ACC CGT ATC GAA AAA TAC GGT GCG TTC ATC AAC CTG AAC GAA CAG GTT CGT GGT CTG CTG CAC CCG CGT GAC ATG ATC TCT CTG CGT CTG GAA AAT CTG AAT GTT GGT GAC GAA ATC ATC GTT CAA GCG ATC GAC GTT CGT CCG GAG AAA CGT GAA ATC AAC TTC AAA TAC ATC CCG,2.5058304528027247
GAC GTT GAA CCG GGC AAA TTC TAC AAA GGT GTT GTT ACC CGT ATC GAA AAA TAC GGT GCG TTC ATC AAC CTC AAC GAA CAG GTT CGC GGT CTG CTG CGT CCG CGT GAT ATG ATC TCT CTG CGT CTG GAA AAC CTG AAT GTT GGC GAC GAA ATC ATC GTT CTG GCG ATC GAC GTT CGT CCG GAA AAA CGT GAA ATC GAC TTC AAA TAC ATT CCG,6.413434578545428
GAT GTT GAA CCG GGT AAA TTC TAC AAA GGT ATG GTT ACC CGT ATC GAA AAA TAC GGT GCG TTC ATC AAC CTC AAC GAA CAG GTT CGT GGT CTG CTC CGT CCG CGC GAC ATG ATC TCT CTG CGC CTC GAA AAT CTG AAT GTT GGT GAT GAA ATC ATC GTT CAG GCG ATC GAT GTT CGT CCG GAA AAA CGT GAA ATC GAC TTC AAG TAC ATC CCG,4.620007343698115
GAT GTT GAA CCG GGT AAA TTC TAC AAA GGT GTT GTT ACC CGT ATC GAA AAA TAC GGT GCG TTC ATC AAC CTG AAT GAA CAG GTT CGT GGT CTG CTG CGT CCG CGT GAC ATG ATC TCT CTG CGT CTG GAA AAT CTG AAC GTT GGT GAC GAA ATC ATC GTT CAA GCG ATC GAC GTT CGT CCG GAA AAA CGT GAA ATC GAC TTC AAC TAC ATC CCG,2.978937424781415
GAC GTT GAA CCG GGT AAA TTC TAC AAA GGT GTT GTT ACC CGT ATC GAA AAA TAC GGT GCG TTC ATC AAC CTC AAT GAA CAG GTT CGT GGT CTG CTG CGT CCG CGT GAC ATG ATC TCT CTG CGT CTG GAA AAC CTG AAC GTT GGT GAC GAA ATC ATC GTT CAA GCG ATC GAC GTT TGG CCG GAA AAA CGT GAA ATC CAC TTC AAA TAC ATC CCG,3.872247827102217
GAC GTG GAA CCG GGT AAA TTC TAC AAA GGT GTT GTT ACC CGT ATC GAA AAA TAC GGT GCG TTC ATC AAC CTG AAC GAA CAG GTG CGT GGT CTG CTG CGT CCG CGT TGG ATG ATC TCT CTG CGT CTG GAA AAC CTC AAT GTT GGT GAC GAA ATC ATT GTT CAG GCT ATC GAC GTT CGT CCG GAA AAA CGT GAG ATT ATC TTC AAA TAC ATC CCG,3.3292624541454696
GAC GTT GAA CCG GGT AAA TTC TAC AAA GGT GTT GTT ACC CGT ATC GAA AAA TAC GGT GCG TTC ATC AAT CTG AAC GAA CAG GTT CGT GGT CTG CTG TTC CCG CGT GAC ATG ATC TCT CTG CGT CTG GAA AAC CTG AAT GTT GGT GAC GAA ATC ATC GTT CAA GCG ATC GAC GTT TCT CCG GAA AAA CGT GAA ATC GAC TTC AAA TAC ATC CCG,1.7884588325018336
GAC GTT GAA CCG GGT AAA TTC TAC AAA GGT GTT GTT ACC CGT ATC GAA AAA TAC GGT GCG TTC ATC AAC CTC AAC GAA CAG GTT CGT GGT CTG CTG CCA CCG CGT GGC ATG ATC TCT CTG CGT CTG GAA AAC CTG AAC GTT GGT GAC GAA ATC ATC GTG CAG GCG ATC GAC GTT CGT CCG GAA AAA CGT GAA ATC GAC TTC AAA TAC ATC CCG,1.634628316610801
GAC GTT GAA CCG GGT AAA TTC TAC TAC GGT GTT GTT ACC CGT ATC GAA AAA TAC GGT GCG TTC ATC AAC CTC AAC GAG CAG GTT CGT GGT CTG CTG CGT CCG CGT GAC ATG ATC TCT CTG CGT CTG GAA AAC CTG AAT GTT GGT GAC GAA ATC ATC GTG CAG GCG ATC GAT GTT CGT CCG GAA AAA CGT GAA ATC GAC TTC AAA TAC ATC CCG,4.645612152160044
GAT GTT GAA CCG GGT AAA TTC TAC AAA GGT GTT GTT ACC CGT ATC GAA AAA TAC GGT GCG TTC ATC AAT CTG AAT GAA CAG GTT CGT GGT CTG CTC CGT CCG CGT GGT ATG ATC TCT CTG CGT CTG GAA AAC CTC AAC GTG GGC GAC GAA ATC ATC GTT CAG GCG ATC GAC GTT CGT CCG GAA AAA CGT GAA ATC GCG TTC AAA TAC ATC CCA,1.942699359375136
GAC GTG GAA CCG GGT AAA TTC TAC AAA GGT GTG GTT ACC AAA ATC TTC AAA TAC GGT GCG TTC ATC AAC CTC AAC GAA CAA GTT CGC GGT CTG CTG CGT CCG CGT GAC ATG ATC TCT CTG CGT CTG GAA AAC CTG AAC GTT GGT GAC GAA ATC ATC GTT CAA GCT ATC GAC GTT CGT CCG GAA AAA CGT GAA ATC GAC TTC AAG TAC ATC CCG,5.21266133494531
GAT GTT GAA CCG GGT AAA TTC TAC AAG GGT GTT GTG ACC TTC ATC GAA AAA TAC GGT GCG ACC ATC AAC CTG AAT GAA CAG GTT CGT GGT CTG CTG CGT CCA CGT GAT ATG ATC TCT CTC CGT CTC GAA AAT CTG AAC GTT GGT GAC GAA ATC ATC GTT CAG GCG ATC GAC GTT CGT CCG GAA AAA CGT GAA ATC GAC TTC AAA TAC ATC CCG,2.415366750159632
GAC GTT GAA CCG GGT AAA TTC TAC AAA GGT GTT GTT ACC CGT ATC GAA AAA TAC GGT GCG TTC ATC AAC CTG AAC GAA CAA GTT CGT GGT CTG CTG CGT CCG CGT GAC ATG GTT TCC CTG CGT CTG GAA AAC CTC AAC GTG GGC GAC GAA ATC ATC GTG CAG GCG ATC GAC GTT CGT CCG GAA AAA CGT GAA ATC GAC TTC AAA TAC ATC CCG,5.1705834177674905
GAC GTG GAA CCG GGT AAA TTC TAC AAA GGT GTT GTT ACC GAA ATC GAA AAA TAC GGT GCG TTC ATC AAC CTG AAC GAG CAA GTT CGT GGT CTG CTG CGT CCG CGT GAC ATG ATC TCT CTG CGT CTC GAA AAT CTG AAC GTT GGT GAC GAA ATC ATC GTG CAA GCG ATT GAC GTT CGT CCG GAG AAA CGC GAG ATT GAC TTC AAA TAC ATC CCG,3.3848012313429026
GAC GTT GAA CCG GGT AAG TTC TAC AAA GGT GTT GTT ACC CGT ATC GAC AAA TAC GGC GCG TTC ATC AAC CTG AAC GAA CAG GTG CGT GGT CTG CTG CGT CCG CGT GAC ATG ATC TCT CTG CGC CTG GAA AAC CTC AAT GTT GGT GAC GAA ATC ATT GTT CAG GCG ATC GAC GTT CGT CCG GAA AAA CGT GAA ATC GAC TTC AAA TAC ATC CCG,3.8704345688243658
GAC GTT GAA CCG GGT AAA TTC TAC AAA GGT GTT GTT ACC CGT ATC GAA AAA TAC GGT GCG TTC ATC AAC CTG AAC GAA CAG GTT CGT GGT CTG CTC GCG CCA CGT ATT ATG ATC TCT CTG CGT CTG GAA AAT CTG AAC GTT GGT GAC GAA ATC ATC GTT CAA GCG ATC GAC GTT CGT CCG GAA AAA CGT GAA ATC GAC TTC AAA TAC ATC CCG,1.9566761680497
GAT GTT GAA CCG GGC AAA TTC TAC AAA GGT GTG GTT ACC GTT ATC GAA AAA TAC GGC GCG TGC ATC AAC CTC AAC GAA CAG GTT CGT GGC CTG CTG CGT CCG CGT GAT ATG ATC TCT CTC CGC CTG GAG AAC CTG AAT GTT GGT GAC GAA ATC ATT GTT CAG GCG ATC GAT GTT CGT CCG GAA AAA CGT GAA ATC GAC TTC AAA TAC ATC CCG,2.410371253299145
GAC GTG GAA CCG GGT AAA TTC TAC AAG GGT GTT GTT ACC CGT ATC GAA AAA TAC GGT GCG TTC ATC AAC CTC AAC GAG CAG GTT CGT GGT CTG CTG CGT CCG CGT CAC ATG ATC TCT CTG CGT CTG GAA AAC CTG AAT GTT GGT GAC GAA ATC ATC GTT CAG GCG ATC GAC GTT CGC CCG GAA AAA CGT GAA ATC GCG TTC AAA TAC ATC CCG,3.692880910167612
GAC GTT GAA CCG GGT AAA TTC TAC AAA GGT GTT GTT ACC CGT ATC GAA AAA TAC GGT GCG TTC ATC AAC CTG AAC GAG CAG GTT CGT GGT CTG CTG TAC CCG CGT ATT ATG ATC TCT CTG CGT CTG GAA AAT CTG AAC GTT GGT GAC GAA ATC ATC GTG CAG GCT ATC GAC GTT CGT CCG GAA AAA CGT GAA ATC GAC TTC AAA TAC ATC CCG,2.27178208576943
GAC GTT GAA CCG GGT AAA TTC TAC AAA GGT GTT GTT ACC CGT ATC GAA AAA TAC GGT GCG TTC ATC AAT CTG AAC GAA CAG GTT CGT GGT CTG CTG ACT CCA CGT GAC ATG ATC TCT CTG CGT CTG GAA AAC CTG AAC GTT GGT GAC GAA ATC ATC GTG CAG GCG ATC GAC GTT CGT CCG GAG AAG CGT GAA ATC TCT TTC AAA TAC ATC CCG,2.356151484259961
GAC GTT GAA CCG GGC AAA TTC TAC AAA GGT GTT GTT ACC CGT ATC GAA AAA TAC GGT GCG TTC ATC AAC CTG AAC GAA CAG GTT CGT GGC CTC CTG CGT CCG CGT GAC ATG ATC TCT CTC CGC CTG GAG AAC CTC AAT GTT GGT GAC GAA ATC ATT GTT CAG GCG ATC GAC CGT CGT CCG GAA AAA CGT GAA ATC GAC TTC AAA TAC ATC CCA,3.0349563936939488
GAC GTT GAA CCG GGT AAA TTC TAC AAA GGT GTT GTT ACC CGT ATC GAA AAA TAC GGT GCG TTC ATC AAC CTG AAC GAG CAG GTT CGT GGT CTG CTG CGT CCA CGT GAC ATG ATC TCT CTG CGT CTG GAA AAT CTG AAC GTT GGT GAC GAA ATC ATT GTT CAG GCT ATC GCG GTT CGT CCG GAA AAA CGT GAA ATC GAC TTC AAA TAC ATC CCG,12.21677985358549
GAC GTT GAA CCG GGC AAA TTC TAC AAA GGT GTT GTG ACC GAA ATC GAA AAA TAC GGT GCG AAA ATC AAC CTG AAC GAG CAG GTT CGT GGT CTG CTC CGT CCG CGC GAC ATG ATC TCT CTG CGT CTG GAA AAT CTG AAC GTT GGC GAC GAA ATC ATC GTT CAA GCG ATT GAC GTT CGT CCG GAA AAA CGT GAA ATT GAC TTC AAA TAC ATC CCA,1.3840103150626302
GAT GTT GAA CCG GGT AAA TTC TAC AAA GGT GTT GTT ACC CGT ATC GAA AAA TAC GGT GCG TTC ATC AAT CTC AAC GAA CAG GTT CGT GGT CTG CTG CGT CCG CGT GAC ATG ATC TCT CTG CGT CTG GAC AAT CTG AAC GTT GGT GAC GAA ATC ATC GTT CAG GCG ATC GAC GTT CGT CCG GAA AAA CGT GAA ATC GAC TTC AAA TAC ATC CCG,5.065753177759164
GAC GTT GAA CCG GGT AAG TTC TAC AAA GGT GTT GTT ACC CGT ATC GAA AAC TAC GGT GCG TTC ATC AAC CTG AAC GAA CAG GTT CGT GGT CTG CTG CGT CCG CGT GAC ATG ATC TCT CTG CGT CTG GAA AAC CTC AAT GTT GGT GAC GAA ATC ATT GTT CAA GCG ATC GAC GTT CGT CCG GAA AAA CGT GAA ATC GAC TTC AAA TAC ATC CCG,5.07837212621243
GAC GTT GAA CCG GGT AAA TTC TAC AAA GGT GTT GTT ACC CGT ATC GAA AAA TAC GGT GCG TTC ATC AAT CTG AAC GAA CAG GTT CGC GGT CTG CTG CGT CCG CGC TCC ATG ATC TCT CTG CGT CTG GAA AAC CTG AAC GTT GGT GAC GAA ATC ATC GTG CAA GCG ATC GAC GTT ATG CCG GAA AAA CGT GAA ATC GAC TTC AAA TAC ATC CCG,1.770852020792328
GAC GTG GAG CCG GGT AAA TTC TAC AAA GGT GTT GTT ACC AAA ATC GAA AAG TAC GGT GCG CTG ATC AAC CTC AAC GAG CAG GTG CGT GGT CTG CTC CGT CCG CGC GAC ATG ATC TCT CTG CGC CTC GAA AAC CTG AAT GTT GGT GAT GAA ATC ATC GTT CAG GCG ATC GAC GTG CGT CCA GAA AAA CGT GAA ATC GAC TTC AAA TAC ATC CCA,3.1193972876051097
GAC GTT GAG CCG GGT AAA TTC TAC AAA GGC GTT GTG ACC ATC ATC GAG AAA TAC GGT GCG TCT ATC AAC CTC AAC GAA CAG GTT CGT GGC CTC CTG CGT CCG CGT GAC ATG ATC TCT CTG CGC CTC GAA AAT CTG AAC GTT GGT GAC GAA ATC ATC GTG CAG GCG ATT GAC GTT CGT CCG GAA AAA CGT GAA ATC GAC TTC AAA TAC ATC CCG,1.224652467580315
GAC GTT GAA CCG GGT AAA TTC TAC AAA GGT GTT GTT ACC CGT ATC GAA AAA TAC GGT GCG TTC ATC AAT CTG AAT GAA CAG GTT CGT GGT CTG CTG GTT CCG CGT GAC ATG ATC TCT CTG CGT CTG GAA AAC CTC AAC GTG GGT GAC GAA ATC ATT GTT CAG GCG ATC GAC GTT GCG CCG GAA AAA CGT GAA ATC GAC TTC AAA TAC ATC CCG,1.9802322708159457
GAC GTT GAA CCG GGC AAA TTC TAC AAA GGT GTT GTT ACC CGT ATC GAA AAA TAC GGT GCG TTC ATC AAT CTG AAC GAA CAA GTT CGT GGT CTG CTG CGT CCG CGC GAC ATG ATC TCT CTG CGT CTG GAA AAC CTG AAC GTT GGT GAC GAA ATC ATC AAC CAG GCG ATC GAC GTT CGT CCG GAA AAA CGT GAA ATC GAC TTC AAA TAC ATC CCG,-0.1911980940714705
GAT GTT GAA CCG GGT AAA TTC TAC AAA GGT GTT GTT ACC CGC ATC GAA AAA TAC GGT GCG TTC ATC AAC CTC AAT GAA CAG GTT CGT GGT CTG CTC CGT CCG CGT CTG ATG ATC TCT CTG CGT CTG GAA AAC CTG AAC GTG GGT GAC GAA ATC ATC GTT CAA GCG ATC GAC GTT ATG CCG GAA AAA CGT GAA ATC GAC TTC AAA TAC ATC CCG,1.5977310745048592
GAC GTT GAA CCG GGT AAA TTC TAC AAA GGT GTT GTT ACC CGT ATC GAA AAA TAC GGT GCG TTC ATC AAC CTG AAT GAA CAG GTT CGT GGT CTG CTG CGT CCG CGT GAC ATG ATC TCT CTG CGT CTG GAA AAT CTG AAC GTT GGT GAC GAA ATC ATT GTT CAG GCG ATC GAC GTT TCT CCG GAA AAA CGT GAA ATC CAG TTC AAA TAC ATC CCG,3.952957987839021
GAC GTT GAA CCG ATG AAA TTC TAC AAA GGT GTT GTT ACC CGT ATC GAA AAA TAC GGT GCG TTC ATC AAT CTC AAC GAA CAG GTT CGT GGT CTG CTG CGT CCG CGT GAC ATG ATC TCT CTG CGT CTG GAA AAT CTG AAT GTT GGT GAC GAA ATC ATC GTT CAG GCT ATT GAC GTT CGT CCG GAA AAA CGT GAA ATC GAC TTC AAA TAC ATC CCG,4.137753009988623
GAC GTT GAA CCG GGT AAA TTC TAC AAA GGT GTT GTT ACC CGT ATC GAA AAA TAC GGT GCG TTC ATC AAC CTC AAC GAA CAG GTT CGT GGT CTG CTG CGT CCG CGT GAC ATG ATC TCT CTG CGT CTG GAA AAC CTG AAC GTT GGT GAC GAA ATC ATC GTT CAA GCG ACC GAC GTT CGT CCG GAA AAA CGT GAA ATC GAC TTC AAA TAC ATC CCG,4.341202625372835
GAT GTT GAA CCG GGT AAA TTC TAC AAA GGT GTT GTT ACC CGT ATC GAA AAA TAC GGT GCT TTC ATC AAC GAG AAC GAA CAG GTT CGT GGT CTG CTG CGT CCG CGT GAC ATG ATC TCT CTG CGT CTG GAA AAC CTG AAC GTT GGT GAC GAA ATC ATC GTG CAG GCG ATC GAC GTT CGT CCG GAA AAA CGT GAA ATC GAC TTC AAA TAC ATC CCG,0.2869515286421962
GAC GTT GAA CCG GGT AAA TTC TAC AAA GGT GTT GTT ACC CGT ATC GAA AAA TAC GGT GCG TTC ATC AAT CTG AAC GAG CAG GTT CGT GGT CTG CTG GAA CCG CGT TAC ATG ATC TCT CTG CGT CTG GAA AAC CTG AAC GTT GGT GAC GAA ATC ATC GTT CAA GCG ATC GAC GTT CGT CCG GAA AAA CGT GAA ATC GAC TTC AAA TAC ATC CCG,2.2172742696230374
GAC GTT GAA CCG GGC AAA TTC TAC AAA GGT GTT GTT ACC CGT ATC GAA AAA TAC GGT GCG TTC ATC AAT CTG AAC GAA CAG GTT CGT GGT CTG CTG CGT CCG CGT GAC ATG ATC TCC CTG CGT CTG GAA AAC CTG AAC GTG GGT GAC GAG ATT ATC GTT CAA GCG ATC GAC GTT CCG CCG GAA AAA CGC GAA ATC ATC TTC AAA TAC ATC CCG,3.6622375920651447
GAC GTG GAA CCG GGT AAA TTC TAC AAA GGT GTT GTT ACC CGT ATC GAA AAA TAC GGC ACC TTC ATC AAC CTC AAC GAA CAA GTT CGT GGT CTG CTG CGT CCG CGT GAC ATG ATC TCT CTG CGT CTG GAA AAC CTG AAT GTT GGT GAC GAA ATC ATT GTT CAA GCG ATC GAC GTT CGT CCG GAA AAA CGT GAA ATC GAC TTC AAG TAC ATC CCG,2.260490916566712
GAC GTT GAA CCG GGT AAA TTC TAC AAA GGT GTT GTT ACC CGT ATC GAA AAA TAC GGT GCG TTC ATC AAC CTG AAT GAA CAG GTT CGT GGT CTG CTG ACT CCG CGT GAC ATG ATC TCT CTG CGT CTG GAA AAT CTG AAC GTT GGT GAC GAA ATC ATC GTT CAG GCG ATC GAC GTT AAA CCG GAA AAA CGT GAA ATC GAC TTC AAA TAC ATC CCG,1.508361603292648
GAC GTT GAA CCG GGT AAA TTC TAC AAG GGT GTT GTG ACC CAG ATT TGG AAA TAC GGT GCG TTC ATC AAC CTG AAT GAA CAA GTT CGT GGT CTG CTG CGT CCG CGT GAC ATG ATC TCT CTC CGT CTG GAG AAT CTG AAT GTT GGT GAC GAA ATC ATC GTT CAG GCG ATT GAC GTT CGC CCG GAA AAA CGT GAA ATC GAC TTC AAA TAC ATC CCG,4.272082454746188
GAC GTT GAA CCG GGT AAA TTC TAC AAA GGT GTT GTT ACC CAC ATC TGG AAG TAC GGT GCG TTC ATC AAT CTG AAC GAA CAG GTT CGT GGT CTG CTG CGT CCG CGC GAC ATG ATC TCT CTG CGT CTG GAG AAC CTC AAC GTG GGT GAC GAA ATC ATT GTT CAG GCT ATC GAC GTT CGT CCG GAA AAA CGT GAA ATC GAC TTC AAA TAC ATC CCG,4.262278011816845
GAC GTT GAA CCG GGT AAA TTC TAC AAA GGT GTT GTT ACC CGT ATC GAA AAA TAC GGT GCG TTC ATC AAT CTG AAC GAA CAG GTT CGT GGT CTG CTG TTC CCG CGT TGG ATG ATC TCT CTG CGT CTG GAA AAC CTG AAC GTT GGT GAC GAA ATC ATC GTT CAA GCG ATC GAC GTT CGT CCG GAA AAA CGT GAA ATC GAC TTC AAA TAC ATC CCG,2.514656826810339
GAC GTT GAA CCG GGT AAA TTC TAC AAA GGT GTT GTT ACC CGT ATC GAA AAG TAC GGT GCG TTC ATT AAT CTG AAT GAA CAG GTT CGT GGT CTG CTG CGT CCG CGT TTC ATG ATC TCT CTG CGT CTG GAA AAC CTG AAC GTT GGT GAC GAA ATC ATC GTT CAA GCG ATC GAC GTT GCG CCG GAA AAA CGT GAA ATC GAC TTC AAA TAC ATC CCG,2.16857125853318
GAC GTT GAA CCG GGT AAA TTC TAC AAA GGT GTT GTT ACT CCG ATC GAA AAA TAC GGT GCG GCG ATC AAT CTG AAC GAA CAG GTT CGT GGT CTG CTC CGT CCA CGT GAC ATG ATC TCT CTG CGC CTG GAG AAC CTG AAT GTT GGT GAT GAA ATC ATT GTT CAG GCG ATC GAC GTT CGT CCG GAA AAA CGT GAA ATC GAC TTC AAA TAC ATC CCG,-0.436908129570874
GAC GTT GAA CCG GGT AAA TTC TAC AAA GGT GTT GTT ACC CGT ATC GAA AAA TAC GGT GCG TTC ATC AAC CTG AAT GAA CAG GTT CGT GGT CTG CTG CGT CCG CGC TGG ATG ATC TCT CTG CGT CTG GAA AAT CTG AAC GTT GGT GAC GAA ATC ATC GTG CAG GCG ATT GAC GTT CAC CCG GAA AAA CGT GAA ATC GAC TTC AAA TAC ATC CCG,2.8922944824174035
GAC GTT GAA CCG GGT AAA TTC TAC AAA GGT GTT GTT ACC CGT ATC GAA AAA TAC GGT GCG TTC ATC AAT CTG AAC GAA CAG GTT CGT GGT CTG CTG AAA CCG CGT GAC ATG ATC TCT CTG CGT CTG GAA AAC CTG AAT GTT GGT GAC GAA ATC ATT GTT CAG GCG ATC GAC GTT TCT CCG GAA AAA CGT GAA ATC GAC TTC AAA TAC ATC CCG,2.4481258101847017
GAC GTT GAA CCG GGT AAG TTC TAC AAA GGT GTT GTT ACC CGT ATC GAA AAA TAC GGT GCG TTC ATC AAT CTG AAT GAA CAG GTT CGT GGT CTG CTG AAC CCG CGT GAC ATG ATC TCT CTG CGT CTG GAA AAC CTG AAC GTT GGT GAC GAA ATC ATC GTG CAG GCG ATC GAC GTT TGG CCG GAA AAA CGT GAA ATC GAC TTC AAA TAC ATC CCG,1.469102651631051
GAC GTT GAA CCG GGT AAA TTC TAC AAA GGT GTT GTT ACC CGT ATC GAA AAA TAC GGT GCG TTC ATC AAC CTC AAC GAA CAG GTT CGT GGT CTG CTG GAA CCG CGT GAC ATG ATC TCT CTG CGT CTG GAA AAC CTG AAT GTT GGT GAC GAA ATC ATC GTT CAG GCG ATC GAC GTT CGT CCG GAG AAG CGT GAA ATC AAA TTC AAA TAC ATC CCG,3.0758676017785005
GAC GTT GAA CCG GGT AAA TTC TAC AAA GGT GTT GTT ACC CGT ATC GAA AAA TAC GGT GCG TTC ATC AAC CTC AAC GAG CAG GTT CGT GGT CTG CTG CGT CCG ATG GAC ATG ATC TCT CTG CGC CTG GAA AAC CTG AAC GTT GGT GAC GAA ATC ATC GTT CAA GCG ATC GAC GTT CGT CCG GAA AAA CGT GAA ATC GAC TTC AAA TAC ATC CCG,4.324641981980337
GAT GTT GAA CCG GGT AAA TTC TAC AAA GGT GTT GTT ACC CGT ATC GAA AAA TAC GGT GCG TTC ATC AAC CTC AAC GAA CAG GTT CGT GGT CTG CTC CGT CCG CGT GAT ATG ATC TCT CTG CGC CTG GAA AAC CTG AAC GTT GGT TGC GAA ATC ATC GTT CAA GCG ATC GAT GTT CGT CCG GAA AAA CGT GAA ATC GAC TTC AAA TAC ATC CCG,3.689983840693752
GAC GTT GAA CCG GGT AAA TTC TAC AAA GGT GTT GTT ACC CGT ATC GAA AAA TAC GGT GCG TTC ATC AAC CTC AAC GAA CAG GTT CGT GGT CTG CTG CGT CCG CGT GTT ATG ATC TCT CTG CGC CTC GAA AAC CTG AAT GTT GGT GAC GAA ATC ATC GTT CAG GCG ATC GAT GTT CAG CCG GAA AAA CGT GAA ATC GAC TTC AAA TAC ATC CCG,1.506518019963226
GAC GTT GAA CCG GGT AAA TTC TAC AAA GGT GTT GTT ACC GCG ATC GAA AAA TAC GGT GCG ATG ATC AAC CTG AAT GAG CAG GTT CGT GGT CTG CTG CGC CCA CGT GAC ATG ATC TCT CTG CGT CTG GAA AAC CTC AAC GTG GGT GAC GAA ATC ATC GTT CAG GCT ATC GAC GTT CGT CCG GAA AAA CGT GAA ATC GAC TTC AAA TAC ATC CCG,3.311873147824298
GAC GTT GAA CCG GGT AAA TTC TAC AAA GGT GTT GTT ACC CGT ATC GAA AAA TAC GGT GCG TTC ATC AAC CTG AAC GAA CAG GTT CGT GGC CTG CTG CGT CCA CGC ACT ATG ATC TCT CTC CGT CTC GAA AAC CTC AAC GTG GGT GAC GAA ATC ATC GTG CAG GCG ATT GAC GTG CGT CCG GAA AAA CGT GAA ATC GAC TTC CAG TAT ATC CCA,1.7454968570829497
GAT GTT GAA CCG GGT AAA TTC TAC AAA GGT GTT GTT ACC CGT ATC GAA AAA TAC GGT GCG TTC ATC AAT CTC AAC GAA CAG GTT CGT GGT CTG CTG TCT CCG CGT GAC ATG ATC TCT CTG CGT CTG GAA AAC CTG AAT GTT GGT GAC GAA ATC ATC GTT CAG GCG ATC GAC GTT GCG CCG GAA AAA CGT GAA ATC GAC TTC AAA TAC ATC CCG,1.4740027840884111
GAC GTG GAA CCG GGT AAA TTC TAC AAA GGT GTG GTT ACC AAA ATC GAA AAA TAC GGT GCG CCG ATC AAC CTG AAC GAG CAG GTT CGT GGC CTG CTG CGT CCG CGT GAC ATG ATC TCT CTG CGC CTC GAA AAT CTC AAC GTG GGT GAC GAA ATC ATC GTT CAA GCG ATC GAC GTT CGC CCG GAA AAA CGT GAA ATC GAC TTC AAA TAC ATC CCG,0.304814338518197
GAC GTT GAA CCG GGT AAG TTC TAC AAA GGT GTT GTT ACC CGT ATC GAA AAA TAC GGC GCG TTC ATC AAC CTG AAT GAA CAG GTT CGT GGT CTG CTG CGT CCG CGT GAC ATG ATC TCT CTG CGT CTG GAA AAT CTG AAC GTT GGT GAC GAA TGG ATC GTT CAA GCG ATC GAC GTT CGT CCG GAA AAA CGT GAA ATC GAC TTC AAA TAC ATC CCA,1.1760221931814647
GAC GTG GAA CCG GGC AAA TTC TAC AAA GGT GTT GTT ACC CGT ATC GAA AAA TAC GGT GCG TTC ATC AAC CTC AAC GAG CAG GTT CGT GGT CTG CTC CGT CCG CGT GAC ATG ATC TCT CTG CGT CTG GAA AAC CTG AAT GTG GGT GAC GAA ATC ATC GTT TGC GCG ATC GAC GTT CGT CCA GAA AAA CGT GAA ATC GAC TTC AAA TAC ATT CCG,4.26487095527073
GAC GTT GAA CCG GGC AAA TTC TAC AAA GGT GTT GTT ACC CGT ATC GAA AAA TAC GGT GCG TTC ATC AAC CTG AAC GAG CAG GTT CGT GGT CTG CTG CGT CCG CGT GAC ATG ATC TCT CTG CGT CTG GAA AAT CTG AAC GTT GGT TAC GAA ATC ATC GTT CAA GCG ATC GAC GTT CGT CCG GAA AAA CGT GAA ATC GAC TTC AAA TAC ATC CCG,3.7723160201131822
GAC GTT GAA CCG GGT AAA TTC TAC AAG GGT GTT GTT ACC ACC ATC GAA AAA TAC GGT GCG CTG ATC AAC CTG AAC GAA CAG GTT CGT GGT CTG CTG CGT CCG CGT GAC ATG ATC TCT CTG CGT CTG GAA AAC CTC AAT GTT GGT GAC GAA ATC ATC GTG CAG GCG ATC GAT GTT CGT CCG GAA AAA CGT GAA ATC GAC TTC AAA TAC ATC CCG,2.2169300639634377
GAT GTT GAA CCG GGT AAA TTC TAC AAA GGT GTT GTT ACC CGT ATC GAA AAA TAC GGT GCG TTC ATC AAT CTG AAT GAG CAG GTT CGT GGT CTG CTG GGT CCG CGT GAC ATG ATC TCT CTG CGT CTG GAA AAC CTC AAT GTT GGT GAC GAA ATC ATC GTT CAG GCG ATC GAC GTT CGT CCG GAA AAA CGT GAA ATC CAG TTC AAA TAC ATC CCG,2.250770051346392
GAC GTT GAA CCG GGT AAA TTC TAC AAA GGT GTT GTT ACC AAG ATC GAA AAA TAC GGT GCG TTC ATC AAC CTC AAC GAA CAG GTT CGT GGT CTG CTG CGT CCG CGT GAC ATG ATC TCT CTG CGT CTG GAA AAC CTG AAT GTT GGT GAC GAA ATC ATC GTT CAG GCG ATC GAC GTG CGT CCA GAG AAA CGT GAA ATC GAC TTC AAA TAC ATC CCG,4.791028515198663
GAC GTT GAA CCG GGT AAA TTC TAC AAA GGT GTT GTT ACC CGT ATC GAA AAA TAC GGT GCG TTC ATC AAC CTG AAC GAA CAA GTT CGC GGT GCG CTG CGT CCG CGT GAC ATG ATC TCT CTG CGT CTG GAA AAC CTC AAT GTT GGT GAC GAA ATT ATC GTG CAG GCG ATC GAC GTT CGT CCG GAA AAA CGT GAA ATC GAC TTC AAA TAC ATC CCG,1.5784396675870984
GAC GTT GAA CCG GGT AAA TTC TAC AAA GGT GTT GTT ACC CGT ATC GAA AAA TAC GGT GCG TTC ATC AAC CTG AAC GAA CAG GTT CGT GGT CTG CTG CGT CCG CGT TTC ATG ATC TCT CTG CGT CTG GAA AAT CTG AAT GTT GGT GAC GAA ATC ATC GTT CAA GCG ATC GAC GTT CGT CCG GAA AAA CGT GAA ATC GGT TTC AAA TAC ATC CCG,2.462752981799252
GAC GTT GAA CCG GGT AAA TTC TAC AAG GGT GTT GTT ACC ACC ATC CTG AAA TAC GGT GCG TTC ATC AAT CTG AAC GAA CAG GTT CGT GGT CTG CTG CGT CCG CGT GAC ATG ATC TCT CTG CGT CTG GAA AAC CTG AAC GTT GGT GAC GAA ATC ATC GTT CAA GCG ATT GAC GTT CGT CCG GAA AAA CGT GAA ATC GAC TTC AAA TAC ATT CCG,3.7139178986077774
GAC GTG GAA CCG GGC AAA TTC TAC AAA GGT GTT GTT ACC CGT ATC GAA AAA TAC GGT GCG TTC ATC AAC CTG AAC TGC CAA GTG CGT GGC CTG CTC CGT CCA CGT GAC ATG ATC TCT CTG CGT CTG GAA AAC CTC AAT GTT GGT GAC GAA ATC ATT GTT CAG GCG ATT GAC GTG CGC CCA GAA AAA CGT GAA ATC GAC TTC AAA TAC ATT CCG,4.543229057877111
GAC GTT GAA CCG GGT AAA TTC TAC AAA GGT GTT GTT ACC CGT ATC GAA AAA TAC GGT GCG TTC ATC AAC CTC AAC GAA CAG GTT CGT GGT CTG CTG GGT CCG CGT GAC ATG ATC TCT CTG CGT CTG GAA AAC CTG AAC GTG GGT GAC GAA ATC ATC GTT CAA GCG ATC GAC GTT AAA CCG GAA AAA CGT GAA ATC GAC TTC AAA TAC ATC CCG,1.3460326601563544
GAC GTT GAA CCG GGT AAA TTC TAC AAA GGT GTT GTT ACC CGT ATC GAA AAA TAC GGT GCG TTC ATC AAC CTC AAT GAG CAG GTT CGC GGT CTG CTG ATG CCA CGT GAC ATG ATC TCT CTG CGT CTG GAA AAC CTG AAC GTT GGT GAC GAA ATC ATC GTT CAA GCG ATC GAC GTT CGT CCG GAG AAA CGT GAA ATC TAC TTC AAA TAC ATC CCG,3.452197269212248
GAC GTG GAA CCG GGT AAG TTC TAC AAG GGT GTT GTT ACC CGT ATC GAA AAA TAC GGT GCG TTC ATC AAT CTG AAT GAA CAG GTT CGT GGT CTG CTG CGT CCG CGT GAC ATG ATC TCT CTG CGC CTG GAA AAC CTG AAT GTG GGT GAC GAA ATC ATC GTT CAG GCG ATC GAC AAA CGT CCG GAA AAA CGT GAA ATC GAC TTC AAA TAC ATC CCG,3.046308703135581
GAC GTT GAA CCG GGT AAA TTC TAC AAA GGT GTT GTT ACC CGT ATC GAA AAG TAC GGT GCG TTC ATC AAC CTG AAC GAA CAG GTT CGC GGT CTG CTG CGT CCG CGT TTC ATG ATC TCT CTG CGC CTG GAG AAC CTC AAT GTT GGT GAC GAA ATC ATC GTT CAA GCG ATT GAC GTT CGT CCG GAA AAA CGT GAA ATC GAC TTC CGT TAC ATC CCA,3.473090016731655
GAT GTT GAA CCG GGC AAA TTC TAC AAA GGT GTT GTT ACC CGT ATC GAA AAA TAC GGT GCG TTC ATC AAT CTG AAC GAG CAG GTT CGT GGT CTG CTG CGT CCG CGC GAC ATG ATC TCT CTG CGT CTG GAG AAC CTG AAC GTT GGT GAC GAA ATT ATC GTT CAA GCT ATC GAT GTT CGC CCG GAA CCG CGT GAA ATC GAC TTT AAG TAC ATC CCA,3.454993288048229
GAC GTT GAA CCG GGT AAA TTC TAC AAA GGT GTT GTT ACC CGT ATC GAA AAA TAC GGT GCG TTC ATC AAC CTG AAC GAA CAG GTT CGT GGT CTG CTG ACT CCG CGT ACC ATG ATC TCT CTG CGT CTG GAA AAC CTC AAC GTG GGT GAC GAA ATC ATC GTT CAA GCG ATC GAC GTT CGT CCG GAA AAA CGT GAA ATC GAC TTC AAA TAC ATC CCG,1.6800785008247392
GAC GTT GAA CCG GGC AAA TTC TAC AAA GGT GTT GTT ACC CGT ATC GAA AAA TAC GGT GCG TTT ATC AAC CTC AAC GAA CAG GTT CGT GGC CTG CTG CGT CCA CGT GCG ATG ATC TCT CTG CGC CTG GAA AAC CTG AAT GTT GGT GAC GAA ATC ATC GTG CAG GCG ATT GAC GTG CGT CCG GAA AAA CGT GAA ATC GAC TTC ATG TAT ATC CCG,3.129975216439042
GAC GTT GAA CCG GGT AAA TTC TAC AAA GGT GTT GTT ACC CGT ATC GAA AAA TAC GGT GCG TTC ATC AAT CTC AAC GAA CAG GTT CGT GGT CTG CTC CAA CCA CGT GAC ATG ATC TCT CTG CGT CTG GAG AAC CTC AAT GTT GGT GAC GAA ATC ATC GTT CAG GCG ATC GAC GTT TAC CCA GAA AAG CGT GAA ATC GAC TTC AAA TAC ATC CCG,1.7483285265356132
GAC GTT GAA CCG GGT AAG TTC TAC AAA GGT GTT GTT ACC CGT ATC GAA AAA TAC GGT GCG TTC ATC AAT CTC AAC GAA CAG GTT CGT GGT CTG CTG GGT CCG CGT GCG ATG ATC TCT CTG CGT CTG GAA AAC CTC AAC GTG GGT GAC GAA ATC ATC GTT CAG GCG ATC GAC GTT CGT CCG GAA AAA CGT GAA ATC GAC TTC AAA TAC ATC CCG,1.7248660824184772
GAC GTT GAA CCG GGT AAA TTC TAC AAA GGT GTT GTT ACC ACC ATC GAA AAA TAC GGC GCG TGC ATC AAT CTG AAT GAA CAG GTT CGT GGT CTG CTC CGT CCG CGT GAC ATG ATC TCT CTG CGT CTG GAA AAC CTC AAC GTG GGT GAC GAA ATC ATC GTT CAG GCT ATC GAT GTG CGT CCG GAA AAA CGT GAA ATC GAC TTC AAA TAC ATC CCG,2.60649903799312
GAT GTT GAA CCG GGT AAA TTC TAC AAA GGT GTT GTT ACC CGT ATC GAA AAA TAC GGT GCG TTC ATC AAT CTG AAC GAA CAG GTT CGT GGT CTG CTG CGT CCG CGT GAC ATG ATC TCT CTG ACC CTG GAA AAC CTG AAT GTT GGT GAC GAA ATC ATT GTT CAG GCG ATC GAC GTT CGT CCG GAA AAA CGT GAA ATC GAC TTC AAA TAC ATC CCG,6.147696266845078
GAT GTT GAA CCG GGT AAA TTC TAC AAA GGT GTT GTT ACC CGT ATC GAA AAA TAC GGT GCG TTC ATC AAC CTC AAC GAA CAG GTT CGT GGT CTG CTG CGT CCG CGT GAC ATG ATC TCT CTG CGT CTG GAA AAC CTG AAT GTT GGT GAC GAA ATC ATC GTT CAG GCG ATC GAC GTT AAC CCG GAA AAA CGT GAA ATC GAA TTC AAA TAC ATC CCG,3.652586632435216
GAC GTT GAA CCG GGT AAG TTC TAC AAA GGT GTT GTT ACC CGT ATC GAA AAA TAC GGT GCG TTC ATC AAC CTC AAC GAA CAG GTT TGG GGT CTG CTG CGT CCG CGT GAC ATG ATC TCT CTG CGT CTG GAA AAC CTG AAT GTT GGT GAC GAA ATC ATC GTT CAG GCG ATT GAC GTT CGT CCG GAA AAA CGT GAA ATC GAC TTC AAA TAC ATC CCG,5.35913153144428
GAT GTT GAA CCG GGT AAA TTC TAC AAA GGT GTT GTT ACC CGT ATC GAA AAA TAC GGT GCG TTC ATC AAC CTG AAT GAA CAG GTT CGC GGT CTG CTG GGT CCG CGC CTC ATG ATC TCT CTG CGT CTG GAA AAT CTG AAT GTT GGT GAC GAA ATC ATC GTT CAG GCG ATC GAC GTG CGT CCG GAA AAA CGT GAA ATC GAC TTC AAA TAC ATC CCG,2.033294506789584
GAC GTT GAG CCG GGT AAA TTC TAC AAG GGT GTT GTT ACC CGT ATC GAA AAA TAC GGT GCG TTC ATC AAT CTG AAT GAA CAG GTT CGT GGC CTC CTG CGT CCG CGT GAA ATG ATC TCT CTC CGT CTG GAA AAC CTG AAC GTT GGT GAC GAA ATC ATC GTT CAA GCG ATT GAC GTT CGC CCG GAA AAA CGC GAA ATC GAC TTC GAC TAC ATC CCG,1.5142518885987393
GAC GTT GAA CCG GGT AAA TTC TAC AAA GGT GTT GTT ACC CGT ATC GAA AAA TAC GGT GCG TTC ATC AAC CTC AAC GAA CAG GTT CGT GGT CTG CTG CGT CCG CGT GAC ATG ATC TCT CTG CGT CTG GAA AAC CTG AAC GTT GGT GAC GAA ATC ATC GTG CAG GCG ATC GAC GTG GGT CCG GAA AAA CGT GAA ATC CTG TTC AAA TAC ATC CCG,4.515652330252892
GAC GTT GAA CCG GGT AAA TTC TAT AAA GGT GTT GTG ACC CGT ACC GAA AAA TAC GGT GCG TTC ATC AAC CTC AAC GAA CAG GTT CGT GGT CTG CTG CGT CCG CGT GAC ATG ATC TCT CTG CGT CTG GAA AAC CTG AAT GTT GGT GAC GAA ATC ATC GTT CAG GCT ATC GAT GTT CGT CCG GAA AAA CGT GAA ATC GAC TTC AAA TAC ATC CCG,2.2976709078921536
GAT GTT GAA CCG GGT AAA TTC TAC AAA GGT GTT GTT ACC CGT ATC GAA AAA TAC GGT GCG TTC ATC AAT CTG AAC GAA CAG GTT CGT GGT CTG CTG CGT CCG CGT CAC ATG ATC TCT CTG CGT CTG GAA AAC CTG AAC GTT GGT GAC GAA ATC ATT GTT CAG GCG ATC GAT GTT CTG CCG GAA AAA CGT GAA ATC GAC TTC AAG TAC ATC CCG,2.8212880956246904
GAC GTT GAA CCG GGT AAA TTC TAC AAA GGT GTT GTT ACC CGT ATC GAA AAA TAC GGT GCG TTC ATC AAC CTC AAT GAA CAG GTT CGT GGT CTG CTG CGT CCG CGT GAC ATG ATC TCT CTG CGT CTG GAA AAC CTG AAC GTT GGT GAC GAA ATC ATT GTT CAG GCG ATC GAC GTT CGT CCG GAA AAA CGT GAA ATC GAC TTC AAA CAC ATC CCG,3.498433042893266
GAT GTT GAA CCG GGT AAA TTC TAC AAA GGT GTT GTT ACC CGT ATC GAA AAA TAC GGT GCG TTC ATC AAC CTC AAC GAA CAG GTT CGT GGT CTG CTG ATC CCA CGT GAC ATG ATC TCT CTG CGT CTG GAA AAC CTG AAC GTT GGT GAC GAA ATC ATC GTG CAG GCG ATC GAT GTT GCT CCG GAA AAA CGT GAA ATC GAC TTC AAA TAC ATC CCG,2.346060653000261
GAC GTT GAA CCG GGT AAA TTC TAC AAA GGT GTT GTT ACC CGT ATC GAA AAA TAC GGT GCG TTC ATC AAT CTG AAC GAA CAG GTT CGT GGT CTG CTG CAC CCG CGT GAC ATG ATC TCT CTG CGT CTG GAA AAC CTG AAC GTT GGT GAC GAA ATC ATC GTT CAA GCG ATC GAC GTT CGT CCG GAA AAG CGT GAG ATC TTC TTC AAA TAC ATC CCG,2.8659314958085
GAC GTT GAA CCG GGT AAA TTC TAC AAG AAA GTT GTG ACC CGT ATC GAG AAA TAC GGT GCG TTC ATC AAC CTC AAC GAA CAG GTT CGT GGT CTG CTG CGT CCG CGT GAC ATG ATC TCC CTG CGT CTC GAA AAT CTG AAC GTT GGT GAC GAA ATC ATC GTT CAA GCG ATC GAC GTT CGC CCG GAA AAA CGT GAA ATC GAC TTC AAA TAC ATC CCA,0.8322165777815017
GAC GTG GAA CCG GGT AAA TTC TAC AAA GGT GTT GTT ACC GAC ATC CCG AAA TAC GGT GCG TTC ATC AAC CTG AAT GAA CAG GTT CGT GGT CTG CTG CGT CCG CGT GAC ATG ATC TCT CTC CGC CTG GAA AAC CTC AAT GTT GGT GAT GAA ATC ATC GTT CAG GCG ATC GAC GTT CGT CCG GAA AAA CGT GAA ATC GAC TTC AAA TAC ATT CCG,1.1102811260217451
GAC GTT GAA CCG GGT AAA TTC TAC AAA GGT GTT GTT ACC CGT ATC GAA AAA TAC GGT GCG TTC ATC AAC CTC AAT GAA CAG GTT CGT GGT CTG CTG CGT CCG CGT GAC ATG ATC TCT CTG CGT CTG GAA AAC CTG AAT GTT GGT GAC GAA ATC ATC GTT GGT GCG ATC GAC GTT CGT CCG GAA AAA CGT GAA ATC GAC TTC AAA TAC ATC CCG,2.9994364700282805
GAC GTT GAA CCG GGT AAA TTC TAC AAA GGT GTT GTT ACC CGT ATC GAA AAA TAC GGT GCG TTC ATC AAC CTG AAC GAA CAG GTT CGT GGT CTG CTG CGT CCG CGT GTT ATG ATC TCT CTG CGC CTG GAA AAT CTG AAC GTT GGT GAC GAA ATC ATC GTG CAG GCG ATC GAC GTT CGT CCG GAA AAA CGT GAA ATC ACC TTC AAA TAC ATC CCG,2.0737746564668167
GAC GTT GAA CCG GGT AAA TTC TAC ATC GGT GTT GTT ACC CGT ATC GAA AAA TAC GGT GCG TTC ATC AAC CTG AAT GAA CAG GTG CGT GGT CTG CTC CGC CCA CGT GAC ATG ATC TCT CTG CGT CTG GAA AAT CTG AAC GTT GGT GAC GAA ATC ATT GTT CAG GCG ATC GAC GTG CGT CCG GAA AAA CGT GAA ATC GAC TTC AAA TAC ATC CCG,4.809913364482553
GAC GTT GAA CCG GGT AAA TTC TAC AAA GGT GTT GTT ACC CGT ATC GAA AAA TAC GGT GCG TTC ATC AAC CTG AAC GAA CAG GTT CGT GGT CTG CTG CGT CCG CGT GAC ATG ATC TCT CTG CGT CTG GAA AAT CTG AAT GTT GGT GAC GAA ATC ATC GTT CAA GCG ATC GAC GTT GCG CCG GAA AAA CGC GAA ATT TAC TTC AAA TAC ATC CCG,4.476207688055069
GAC GTT GAA CCG GGC AAA TTC TAC AAA GGT GTT GTT ACC CGT ATC GAA AAA TAC GGT GCG TTC ATC AAC CTG AAT GAA CAG GTT CGT GGC CTG CTG CGT CCG CGC TCT ATG ATC TCT CTG CGC CTG GAA AAC CTC AAC GTG GGT GAC GAA ATT ATC GTT CAG GCG ATC GAT GTT CGT CCG GAA AAA CGT GAA ATC GAC TTC CAC TAC ATC CCG,1.933194649303985
GAC GTT GAA CCG GGT AAA TTC TAC AAG GGT GTT GTT ACC CGT ATC GAA AAA TAC GGT GCG TTC ATC AAC CTG AAC GAA CAG GTG CGT GGT CTG CTG CGT CCG CGT GCG ATG ATC TCT CTG CGT CTG GAG AAT CTG AAT GTT GGT GAC GAA ATC ATT GTT CAG GCG ATC GAT GTT CAG CCG GAA AAA CGT GAA ATC GAC TTC AAA TAC ATC CCG,1.9319516183239005
GAC GTT GAA CCG GGT AAA TTC TAC AAA GGT GTT GTT ACC CGT ATC GAA AAA TAC GGT GCG TTC ATT AAC TGG AAC GAA CAG GTT CGT GGT CTG CTG CGT CCG CGT GAC ATG ATC TCT CTG CGT CTG GAA AAC CTG AAT GTT GGT GAC GAA ATC ATC GTT CAA GCG ATC GAC GTT CGT CCG GAA AAA CGT GAA ATC GAC TTC AAA TAC ATC CCG,2.0829753401955298
GAT GTT GAA CCA GGT AAA TTC TAC AAA GGC GTT GTG ACC CGT ATC GAA AAA TAC GGT GCG TTC ATC AAC CTG AAT GAA CAG GTT CGT GGT CTG CTG CGT CCG CGT CAC ATG ATT TCT CTG CGT CTG GAA AAC CTC AAT GTT GGC GAC GAG ATC ATT GTT CAG GCG ATC GAC GTT CGT CCG GAA AAA CGT GAA ATC GAC TTC ATC TAC ATC CCG,3.5931311095366807
GAT GTT GAA CCG GGT AAA TTC TAC AAA GGT GTT GTT ACC GGC ATC GAA AAA TAC GGT GCG GAA ATC AAC CTG AAC GAA CAG GTT CGT GGT CTG CTC CGT CCA CGT GAC ATG ATC TCT CTG CGT CTG GAA AAC CTC AAC GTG GGT GAC GAA ATC ATC GTG CAG GCG ATC GAC GTT CGC CCG GAA AAA CGT GAA ATC GAC TTC AAA TAC ATC CCG,1.0581122486644805
GAC GTT GAA CCG GGC AAA TTC TAC AAA GGT GTT GTT ACC CGT ATC GAA AAA TAC GGT GCG TTC ATC AAT CTG AAC GAA CAG GTT CGT GGT CTG CTG AAA CCG CGT GAC ATG ATC TCT CTG CGT CTG GAA AAC CTG AAC GTT GGT GAC GAA ATC ATT GTT CAG GCT ATC GAT GTT GGT CCG GAA AAG CGT GAA ATC GAC TTC AAA TAC ATC CCA,2.111891913743732
GAC GTT GAA CCG GGT AAG TTT TAC AAA GGT GTG GTT ACC TTC ATC GAA AAA TAC GGT GCG TGC ATC AAC CTG AAC GAA CAG GTT CGT GGC CTG CTG CGC CCA CGT GAT ATG ATT TCT CTG CGT CTG GAA AAC CTC AAT GTT GGC GAC GAA ATT ATC GTG CAG GCG ATC GAT GTT CGT CCG GAA AAA CGT GAA ATC GAC TTC AAA TAC ATC CCG,2.794014699137131
GAT GTT GAA CCG GGC AAA TTC TAC AAA GGT GTT GTT ACC CGT ATC GAA AAA TAC GGT GCG TTC ATC AAC CTC AAC GAA CAG GTG CGT GGT CTG CTC CGT CCG CGT GGT ATG ATC TCT CTG CGT CTG GAA AAC CTG AAT GTT GGT GAC GAA ATC ATC GTT CAG GCG ATT GAC GTT CGT CCG GAA AAA CGT GAA ATC GAC TTC ATG TAT ATT CCG,2.514005894026022
GAT GTT GAA CCG GGT AAA TTC TAC AAA GGT GTT GTT ACC TGC ATC TCT AAA TAC GGT GCG TTC ATC AAC CTG AAC GAG CAG GTT CGT GGC CTC CTG CGT CCA CGT GAT ATG ATC TCT CTG CGT CTG GAA AAC CTC AAT GTT GGC GAC GAA ATC ATC GTG CAG GCG ATC GAC GTT CGT CCG GAA AAA CGT GAA ATC GAC TTC AAA TAC ATC CCG,3.8280908026849154
GAC GTT GAA CCG GGT AAA TTC TAC AAA GGT GTT GTT ACC CGT ATC GAA AAA TAC GGT GCG TTC ATC AAT CTG AAC GAA CAG GTT CGT GGT CTG CTG CGT CCG CGT GAC ATG ATC TCT CTG CGT CTG GAA AAC CTG AAT GTT GGT GAC GAA ATC ATC GTG CAG GCG ATC GAC GTT AAA CCG GAA AAA CGT GAA ATC GAC TTC AAA TAC ATC CCG,3.643610740554752
TAC GTT GAA CCG GGT AAA TTC TAC AAA GGT GTT GTT ACC CGT ATC GAA AAA TAC GGT GCG TTC ATC AAC CTG AAC GAA CAG GTT CGT GGT CTG CTC CGT CCG CGT GAC ATG ATC TCT CTG CGT CTG GAA AAC CTC AAT GTT GGT GAC GAA ATT ATC GTG CAG GCG ATC GAC GTT CGT CCG GAA AAA CGT GAA ATC GAC TTC AAA TAC ATC CCG,6.454481100147227
GAC GTT GAA CCG GGC AAA TTC TAC AAA GGC GTT GTT ACC CGC ATC GAA AAA TAC GGT GCT TTC ATC AAC CTG AAT GAA CAG GTT CGT GGT CTG CTC CGT CCA CGT CCG ATG ATC TCT CTG CGT CTG GAA AAT CTG AAC GTT GGC GAC GAA ATC ATC GTT CAG GCT ATC GAT GTT CGT CCG GAA AAA CGT GAA ATC GAC TTC CCG TAC ATC CCG,1.155587860518834
GAC GTT GAA CCG GGT AAG TTC TAC AAA GGT GTT GTT ACC CGT ATC GAA AAA TAC GGT GCG TTC ATC AAC CTG AAT GAA CAG GTT CGT GGT CTG CTC TGG CCG CGT TGG ATG ATC TCT CTG CGT CTG GAA AAT CTG AAC GTT GGT GAC GAA ATC ATC GTT CAG GCG ATT GAC GTT CGT CCG GAA AAA CGT GAA ATC GAC TTC AAA TAC ATC CCG,2.195785491223332
GAC GTT GAA CCG GGT AAA TTC TAC AAA GGT GTT GTT ACC CGT ATC GAA AAA TAC GGT GCG TTC ATC AAC CTG AAC GAG CAG GTT CGT GGT CTG CTG CGT CCG CGT CGT ATG ATC TCT CTG CGT CTG GAA AAC CTC AAT GTT GGT GAC GAA ATC ATC GTG CAG GCG ATC GAC GTT CAC CCG GAA AAA CGT GAA ATC GAC TTC AAA TAC ATC CCG,2.1119782821618016
GAC GTG GAA CCG GGC AAA TTC TAC AAA GGT GTT GTT ACC CGT ATC GAA AAA TAC GGT GCG TTC ATC AAC CTG AAC GAA CAG GTT CGT GGC CTC CTG CGT CCG CGT GAT ATG ATC TCT TGC CGT CTG GAA AAT CTC AAC GTG GGT GAC GAA ATC ATC GTG CAG GCG ATT GAC GTT CGT CCG GAA AAA CGT GAA ATC GAC TTC AAA TAC ATC CCG,3.925072857663037
GAT GTT GAA CCG GGT AAA TTC TAC AAA GGT GTT GTT ACC CGT ATC GAA AAA TAC GGT GCT TTC ATC AAC CTG AAT GAA CAG GTT CGT GGT CTG CTG TTC CCG CGT GAC ATG ATC TCT CTG CGT CTG GAA AAT CTG AAC GTT GGT GAC GAA ATC ATC GTG CAG GCT ATC GAC GTT CGT CCG GAA AAA CGT GAA ATC GTT TTC AAA TAC ATC CCG,2.7270002009446137
GAC GTG GAA CCG GGT AAA TTC TAC AAA GGT GTT GTT ACC CGT ATC GAA AAA TAC GGT GCG TTC ATC AAC CTC AAT GAA CAG GTT CGT GGT CTG CTG CGT CCG CGT CAG ATG ATC TCT CTG CGT CTG GAA AAT CTC AAC GTG GGT GAC GAA ATC ATC GTT CAG GCG ATC GAC GTT CGT CCG GAA AAA CGT GAA ATC GGT TTC AAA TAC ATC CCG,2.098854251799101
GAC GTG GAA CCG GGT AAA TTC TAC AAA GGT GTT GTT ACC CGT ATC GAA AAA TAC GGT CCG TTC ATC AAC CTG AAC GAA CAG GTG CGT GGT CTG CTC CGT CCG CGT GAC ATG ATC TCT CTG CGT CTG GAA AAC CTC AAC GTG GGC GAC GAA ATC ATT GTT CAG GCG ATC GAC GTT CGC CCG GAA AAA CGT GAA ATC GAC TTC AAA TAC ATC CCG,0.7773252813180159
GAC GTT GAA CCG GGT AAA TTC TAC AAA GGT GTT GTT ACC CGT ATC GAA AAA TAC GGT GCG TTC ATC AAT CTG AAC GAA CAG GTT CGT GGT CTG CTG TCT CCG CGT CAC ATG ATC TCT CTG CGT CTG GAA AAC CTG AAC GTT GGT GAC GAA ATC ATC GTT CAA GCG ATC GAC GTT CGT CCG GAA AAA CGT GAA ATC GAC TTC AAA TAC ATC CCG,3.081883775199409
GGT GTT GAA CCG GGT AAA TTC TAC AAA GGT GTT GTT ACC CGC ATC GAA AAA TAC GGT GCG TTC ATC AAC CTG AAC GAA CAG GTT CGT GGT CTG CTG CGT CCG CGT GAC ATG ATC TCT CTG CGT CTG GAA AAC CTC AAT GTT GGT GAC GAA ATC ATC GTG CAG GCG ATT GAC GTT CGT CCG GAA AAA CGT GAA ATC GAC TTC AAA TAC ATC CCG,6.035434298992563
GAT GTT GAA CCG GGT AAA TTC TAC AAA GGT GTT GTT ACC CGT ATC GAA AAA TAC GGT GCG TTC ATC AAC CTC AAC GAA CAA GTT CGC GGT CTG CTC CGT CCG CGT CCG ATG ATC TCT CTG CGT CTG GAA AAC CTG AAC GTT GGT GAC GAA ATC ATC GTG CAG GCG ATT GAC GTT CGT CCG GAA AAA CGT GAA ATC GAC TTC GAA TAC ATC CCG,1.513952138660359
GAC GTT GAA CCG GGT AAA TTC TAC AAG GGC GTT GTT ACC ATC ATC GAA AAA TAC GGT GCG CGT ATC AAC CTG AAC GAA CAG GTT CGT GGT CTG CTC CGT CCG CGT GAC ATG ATC TCT CTG CGT CTG GAA AAC CTC AAT GTT GGC GAC GAA ATC ATT GTG CAG GCG ATC GAC GTT CGT CCG GAA AAA CGT GAA ATC GAC TTC AAA TAC ATC CCG,1.419340153836243
GAC GTT GAG CCG GGT AAA TTC TAC AAG GGT GTT GTT ACC CGT ATC GTT AAA TAC GGT GCG TTC ATC AAC CTC AAC GAA CAA GTT CGT GGT CTG CTG CGT CCG CGT GAC ATG ATC TCT CTG CGT CTG GAA AAC CTG AAC GTT GGT GAC GAA ATC ATC GTT CAA GCG ATC GAC GTT CGC CCG GAA AAA CGT GAA ATC GAC TTC AAA TAC ATC CCA,5.351119352207705
GAC GTT GAA CCG GGT AAA TTC TAC AAA GGT GTT GTT ACC CGT ATC GAA AAA TAC GGT GCG TTC ATC AAC CTG AAC GAA CAG GTT CGT GGT CTG CTG CGT CCG CGT CAG ATG ATC TCT CTG CGT CTG GAA AAT CTG AAC GTT GGT GAC GAA ATC ATC GTT CAA GCG ATC GAC GTT CGT CCG GAA AAA CGT GAA ATC CTG TTC AAA TAC ATC CCG,3.0234528664660907
GAC GTT GAA CCG GGT AAA TTC TAC AAA GGT GTT GTT ACC CTG ATC GCG AAA TAC GGT GCG TTC ATC AAC CTC AAC GAA CAG GTT CGT GGT CTG CTG CGT CCG CGT GAC ATG ATC TCT CTG CGT CTG GAA AAC CTG AAC GTT GGT GAC GAA ATC ATT GTT CAG GCG ATC GAC GTG CGT CCA GAA AAA CGT GAA ATC GAC TTC AAA TAC ATC CCA,4.3551441164391616
GAC GTT GAA CCG GGC AAA TTC TAC AAA GGT GTT GTT ACC CGT ATC GAA AAA TAC GGT GCG TTC ATC AAC CTG AAT GAA CAG GTT CGT GGT CTG CTG ACT CCG CGT GAC ATG ATC TCT CTG CGT CTG GAA AAC CTC AAT GTT GGT GAC GAA ATC ATC GTT CAG GCG ATC GAC GTT TAT CCA GAA AAA CGT GAA ATC GAC TTC AAA TAC ATC CCG,1.519402926294715
GAT GTG GAA CCG GGT AAA TTC TAC AAA GGT GTG GTT ACC AAA ATC GAA AAA TAC GGT GCG GTT ATC AAT CTG AAC GAG CAG GTT CGT GGT CTG CTC CGC CCA CGC GAT ATG ATC TCT CTC CGT CTG GAA AAC CTC AAT GTT GGT GAC GAA ATC ATC GTG CAG GCG ATT GAC GTG CGT CCA GAA AAA CGT GAA ATC GAC TTC AAA TAC ATC CCA,3.485278438286823
GAC GTT GAA CCG GGT AAA TTC TAC AAG GGT GTT GTT ACC CGT ATC GAA AAA TAC GGT GCG TTC ATC AAC CTC AAT GAA CAG GTT CGT GGT CTG CTG CGT CCG CGT GAC ATG ATC TCT CTG CGT CTG GAA AAC CTG AAC GTT GGT GAC GAA ATC ATC TCT CAG GCG ATT GAC GTT CGT CCG GAA AAA CGT GAA ATC GAC TTC AAA TAC ATC CCG,0.6115242397452565
GAC GTG GAG CCG GGT AAA TTC TAC AAA GGT GTT GTT ACC CGT ATC GAA AAA TAC GGT GCG TTC ATC AAC CTC AAC GAA CAA GTT CGT GGT CTG CTG ATC CCG CGT GAC ATG ATC TCT CTG CGT CTG GAA AAC CTG AAC GTT GGT GAC GAA ATC ATC GTG CAG GCG ATC GAC GTT GAA CCG GAA AAA CGT GAA ATC GAC TTC AAA TAC ATC CCG,2.097980237929334
GAC GTT GAA CCG GGC AAA TTC TAC AAA GGT GTT GTT ACC CGT ATC GAA AAA TAC GGT GCG TTC ATC AAT CTG AAC GAA CAG GTT CGT GGT CTG CTG CGT CCG CGT GAC ATG ATC TCT CTG CGT CTG GAA AAC CTG AAT GTG GGT GAT GAA ATC ATC GTG CAA GCG ATC GAC GTT TCT CCG GAA AAA CGT GAA ATC CGT TTC AAA TAC ATC CCG,5.178585461182951
GAT GTT GAA CCG GGT AAA TTC TAC AAA GGT GTT GTT ACC CGT ATC GAA AAA TAC GGT GCG TTC ATC AAC CTC AAC GAA CAA GTT CGT GGT CTG CTG CGT CCG CGT TGG ATG ATC TCC CTG CGC CTC GAA AAC CTG AAC GTT GGT GAC GAA ATC ATC GTG CAG GCG ATC GAT GTT CGT CCG GAA AAA CGT GAA ATC GAC TTC GTT TAC ATT CCA,2.904840550967224
GAC GTT GAA CCG GGT AAA TTC TAC AAA GGT GTT GTT ACC CGT ATC GAA AAA TAC GGT GCG TTC ATC AAC CTC AAT GAA CAG GTT CGT GGT CTG CTG CGT CCA CGT TGG ATG ATC TCT CTG CGT CTG GAA AAC CTG AAC GTT GGT GAC GAA ATC ATC GTT CAA GCG ATC GAC GTT GTG CCG GAA AAA CGT GAA ATC GAC TTC AAA TAC ATC CCG,2.0471921058614413
GAT GTT GAA CCG GGT AAA TTC TAC AAA GGT GTT GTT ACC AAC ATC GAA AAG TAT GGC GCG CAC ATC AAT CTC AAC GAA CAG GTG CGT GGT CTG CTG CGT CCG CGT GAC ATG ATC TCT CTG CGT CTG GAG AAC CTC AAT GTG GGT GAC GAA ATT ATC GTT CAG GCG ATT GAC GTT CGT CCG GAA AAA CGT GAA ATC GAC TTC AAA TAC ATC CCG,1.857118040912304
GAT GTT GAA CCG GGT AAG TTC TAC AAA GGC GTT GTT ACC CAG ATC GAA AAA TAC GGT GCG TGG ATC AAC CTC AAC GAA CAG GTT CGT GGC CTC CTG CGT CCA CGT GAC ATG ATC TCT CTG CGT CTG GAA AAC CTG AAT GTT GGT GAC GAA ATC ATC GTT CAA GCG ATC GAC GTT CGC CCG GAA AAA CGT GAA ATC GAC TTC AAA TAC ATC CCA,4.718475371196229
GAC GTT GAA CCG GGT AAA TTC TAC AAA GGT GTT GTT ACC CGT ATC GAA AAA TAC GGT GCG TTC ATC AAT CTG AAC GAA CAG GTT CGT GGT CTG CTG AAA CCG CGT GAC ATG ATC TCT CTC CGT CTG GAA AAC CTG AAC GTT GGT GAC GAA ATC ATC GTT CAA GCG ATC GAT GTT CGT CCG GAA AAA CGT GAA ATC CTG TTC AAA TAC ATC CCG,3.727513839003061
GAT GTT GAA CCG GGC AAA TTC TAC AAA GGC GTT GTG ACC CTG ATC GAA AAA TAC GGT GCG CAG ATC AAC CTC AAC GAA CAG GTT CGT GGC CTC CTG CGT CCG CGC GAT ATG ATC TCT CTG CGC CTG GAA AAC CTG AAT GTT GGT GAC GAA ATC ATC GTT CAG GCG ATC GAT GTT CGT CCG GAA AAA CGT GAA ATC GAC TTC AAA TAC ATC CCG,1.9616952676601347
GAC GTT GAA CCG GGT AAA TTC TAC AAA GGT GTT GTT ACC CGT ATC GAA AAA TAC GGT GCG TTC ATC AAC CTC AAT GAA CAG GTT CGT GGT CTG CTG CGT CCG CGT GAC ATG ATC TCT CTG CGT CTG GAA AAC CTG AAT GTT GGT GAC GAA ATC ATC GTT CAG GCG CAG GAT GTT CGT CCG GAA AAA CGT GAA ATC GAC TTC AAA TAC ATC CCG,3.65683521824716
GAT GTT GAA CCG GGT AAA TTC TAC AAA GGT GTT GAA ACC CGT ATC GAA AAA TAC GGT GCG TTC ATC AAC CTG AAT GAA CAG GTT CGT GGT CTG CTG CGT CCG CGT GAC ATG ATC TCT CTG CGT CTG GAA AAT CTG AAT GTT GGT GAC GAA ATC ATC GTG CAG GCT ATT GAC GTT CGT CCG GAA AAA CGT GAA ATC GAC TTC AAA TAC ATC CCG,0.418208752692762
GAC GTT GAG CCG GGT AAA TTC TAC AAA GGC GTT TTC ACC CGT ATC GAA AAA TAC GGT GCG TTC ATC AAC CTC AAC GAA CAG GTT CGT GGT CTG CTG CGT CCG CGT GAC ATG ATC TCT CTG CGT CTG GAA AAC CTG AAT GTG GGT GAC GAA ATC ATC GTT CAG GCG ATC GAT GTT CGT CCG GAA AAA CGT GAA ATC GAC TTC AAA TAC ATC CCG,1.0179219762044318
GAT GTT GAA CCG GGT AAA TTC TAC AAG GGT GTT GTT ACC CGT ATC GAA AAA TAC GGT GCG TTC ATC AAC CTG AAC GAG CAG GTT CGT GGT CTG CTG TCT CCA CGT GAC ATG ATC TCT CTG CGT CTG GAG AAC CTC AAT GTT GGT GAC GAA ATC ATC GTG CAG GCT ATC GAC GTG CGT CCA GAG AAA CGT GAG ATC TAC TTC AAA TAC ATC CCG,2.838218037869157
GAC GTT GAA CCG GGT AAA TTC TAC AAA GGT GTT GTT ACC CGT ATC GAA AAA TAC GGT GCG TTC ATC AAC CTG AAC GAA CAG GTT CGT GGT CTG CTG CAT CCG CGT GAC ATG ATC TCT CTG CGT CTG GAA AAC CTC AAC GTG GGT GAC GAA ATC ATC GTG CAG GCG ATC GAT GTT GGT CCG GAA AAA CGT GAA ATC GAC TTC AAA TAC ATC CCG,1.63496680345529
GAC GTT GAA CCG GGT AAA TTC TAC AAG GGT GTT GTT ACC CGT ATC GAA AAA TAC GGT GCG TTC ATC AAC CTG AAC GAG CAG GTT CGT GGT CTG CTG ACT CCG CGT GAC ATG ATC TCT CTG CGT CTG GAA AAT CTG AAC GTT GGT GAC GAA ATC ATT GTT CAG GCG ATC GAC GTT CGT CCG GAA AAA CGT GAA ATC CCG TTC AAA TAC ATC CCG,0.998794515643146
GAC GTT GAA CCG GGC AAA TTC TAC AAA GGT GTT GTT ACC CGT ATC GAA AAA TAC GGT GCG TTC ATC AAC CTG AAT GAA CAG GTT CGT GGT CTG CTG CGT CCG CGT ACC ATG ATC TCT CTC CGT CTG GAA AAT CTG AAC GTT GGT GAC GAA ATC ATC GTT CAG GCG ATC GAC GTT CGT CCG GAA AAG CGT GAA ATC TAC TTC AAA TAC ATC CCG,1.758630664418876
GAC GTT GAA CCG GGT AAA TTC TAC AAA GGT GTT GTT ACC GAC ATC ACC AAA TAC GGT GCG TTC ATC AAT CTG AAT GAA CAG GTT CGT GGT CTG CTG CGT CCG CGT GAC ATG ATC TCT CTG CGT CTG GAA AAC CTG AAT GTT GGT GAC GAA ATC ATC GTT CAA GCG ATT GAC GTT CGT CCG GAA AAA CGT GAA ATC GAC TTC AAA TAC ATC CCA,4.18608212680152
GAT GTT GAA CCG GGC AAA TTC TAC AAA GGT GTT GTT ACC CGT ATC GAA AAA TAC GGT GCG TTC ATC AAC CTG AAC GAG CAG GTT CGT GGT CTG CTC CGT CCG CGT TGG ATG ATC TCT CTG CGT CTG GAA AAC CTC AAT GTT GGT GAC GAA ATC ATC GTG CAG GCG ATC GAC GTT CGC CCG GAA AAA CGT GAA ATC GAC TTC CGT TAC ATC CCG,3.680356332486051
GAC GTT GAA CCG GGT AAA TTC TAC AAA GGT GTT GTT ACC CGT ATC GAA AAA TAC GGC GCG TTC ATC AAC CTG AAC GAA CAG GTT CGT GGT CTG CTG CGT CCG CGT AAA ATG ATC TCT CTG CGT CTG GAA AAC CTC AAC GTG GGT GAC GAA ATC ATT GTT CAG GCG ATC GAC GTT CGT CCG GAA AAA CGT GAA ATC ACC TTC AAG TAC ATC CCG,2.165316860845114
GAC GTT GAA CCG GGT AAA TTC TAC AAA GGT GTT GTT ACC CGT ATC GAA AAA TAC GGT GCG TTC ATC AAC CTC AAC GAA CAG GTT CGT GGT CTG CTG CGT CCG CGT TTC ATG ATC TCT CTG CGT CTG GAA AAT CTG AAC GTT GGT GAC GAA ATC ATC GTT CAG GCG ATC GAC GTT CGT CCG GAA AAA CGT GAA ATC GAC TTC AAG TAC ATC CCG,3.821878530627821
GAC GTT GAA CCG GGT AAA TTC TAC CGT GGT GTT GTT ACC CGT ATC GAA AAA TAC GGT GCG TTC ATC AAC CTC AAC GAG CAG GTT CGT GGT CTG CTG CGT CCG CGT GAC ATG ATC TCT CTG CGT CTG GAA AAT CTC AAT GTT GGT GAC GAA ATC ATC GTT CAG GCG ATC GAT GTT CGT CCG GAA AAA CGT GAA ATC GAC TTC AAA TAC ATC CCG,5.460043394201948
GAT GTT GAA CCG GGT AAA TTC TAC AAA GGT GTT GTG ACC CGT ATC GAA AAG TAC GGT GCG TTT ATC AAC CTG AAC GAA CAG GTT CGT GGT CTG CTG AAA CCG CGT GAC ATG ATC TCT CTG CGT CTG GAA AAC CTC AAC GTG GGT GAC GAA ATC ATC GTT CAA GCT ATC GAC GTT CGT CCG GAA AAA CGT GAA ATC CAC TTC AAA TAC ATC CCG,3.2115375269215747
GAC GTT GAA CCG GGC AAA TTC TAC AAA GGT GTT GTT ACC CGT ATC GAA AAG TAC GGT GCG TTC ATC AAC CTG AAC GAG CAG GTT CGT GGT CTG CTG CGT CCG CGT GAC ATG ATC TCT CTG CGT CTG GAA AAT CTG AAC GTT GGT GAC GAA ATC ATC GTG CAG GCG ATC GAC GTT CGT CCA GAA ATG CGT GAA ATC GAC TTC AAA TAC ATC CCA,4.795603263752922
GAC GTT GAA CCG GGT AAA TTC TAC AAG GGT GTG GTT ACC TTC ATC TAC AAA TAC GGT GCG TTC ATC AAC CTC AAC GAA CAG GTT CGT GGT CTG CTG CGT CCG CGT GAC ATG ATC TCT CTG CGT CTG GAA AAC CTG AAT GTT GGT GAC GAA ATC ATT GTT CAG GCT ATC GAC GTT CGT CCG GAA AAA CGT GAA ATC GAC TTC AAA TAC ATC CCG,4.382416304449799
GAT GTT GAG CCG GGT AAA TTC TAC AAG GGT GTT GTT ACC TCT ATC CGC AAA TAC GGT GCG TTC ATC AAC CTC AAC GAA CAG GTG CGT GGT CTG CTG CGT CCG CGT GAT ATG ATC TCT CTG CGT CTG GAA AAT CTG AAC GTT GGT GAC GAA ATC ATC GTT CAA GCT ATC GAC GTT CGT CCG GAA AAA CGT GAA ATC GAC TTC AAA TAC ATC CCG,5.019482478885103
GAC GTT GAA CCG GGT AAA TTC TAC AAA GGT GTT GTT ACC GAC ATC GAC AAA TAC GGT GCG TTC ATC AAT CTG AAT GAA CAG GTT CGT GGT CTG CTG CGT CCG CGT GAC ATG ATC TCT CTG CGT CTG GAA AAC CTG AAC GTT GGT GAC GAA ATC ATC GTT CAA GCG ATC GAC GTT CGT CCG GAA AAA CGT GAA ATC GAC TTC AAA TAC ATC CCG,2.682134980531071
GAC GTT GAA CCG GGT AAA TTC TAC AAA GGC GTG GTT ACC CGT ATC GAA AAA TAC GGT GCG TTC ATC AAC CTG AAC GAA CAG GTG CGT GGT CTG CTC AAC CCG CGT GAC ATG ATC TCT CTG CGT CTG GAA AAT CTG AAT GTT GGT GAC GAA ATC ATC GTT CAA GCG ATT GAC GTT ACT CCA GAA AAA CGT GAA ATC GAC TTC AAA TAC ATC CCG,1.1255634073570224
GAC GTT GAA CCG GGC AAA TTC TAC AAA GGT GTT GTT ACT CCG ATC GAA AAA TAC GGC GCG ACC ATC AAC CTG AAC GAA CAA GTT CGT GGT CTG CTG CGT CCG CGT GAC ATG ATC TCT CTG CGT CTG GAG AAT CTG AAC GTT GGT GAC GAA ATC ATT GTT CAG GCG ATC GAT GTT CGT CCG GAA AAA CGT GAA ATC GAC TTC AAA TAC ATC CCG,-0.1302828383314796
GAC GTT GAA CCG GGT TTC TTC TAC AAA GGT GTT GTT ACC CGT ATC GAA AAA TAC GGT GCG TTC ATC AAC CTC AAC GAG CAG GTT CGT GGT CTG CTG CGT CCA CGT GAC ATG ATC TCT CTG CGC CTG GAA AAT CTG AAC GTT GGT GAC GAA ATC ATC GTT CAG GCG ATT GAC GTT CGT CCG GAA AAA CGT GAA ATC GAC TTC AAA TAC ATC CCG,4.062880636650977
GAC GTT GAA CCG GGT AAA TTC TAC AAA GGC GTG GTT ACC AAA ATC CAG AAA TAC GGT GCG TTC ATC AAC CTG AAC GAA CAG GTT CGT GGT CTG CTG CGT CCG CGT GAC ATG ATC TCT CTG CGC CTG GAG AAC CTC AAT GTT GGT GAC GAA ATC ATC GTT CAA GCT ATC GAT GTT CGT CCG GAA AAA CGT GAA ATC GAC TTC AAA TAC ATC CCG,4.118423581213058
GAT GTG GAA CCG GGT AAA TTC TAC AAG GGT GTT GTT ACC CGT ATC GAA AAA TAC GGT GCG TTC ATC AAC CTG AAC GAA CAG GTT CGT GGC CTC CTG CGT CCG CGT TAC ATG ATC TCT CTC CGT CTG GAA AAT CTG AAC GTG GGT GAC GAA ATC ATC GTT CAA GCG ATC GAC GTG CGC CCA GAA AAA CGT GAA ATC GAC TTC TCT TAC ATC CCA,3.2050637896862693
GAC GTT GAA CCG GGT AAA TTC TAC TCT GGT GTT GTT ACC CGT ATC GAA AAA TAC GGT GCG TTC ATC AAT CTG AAC GAG CAG GTT CGT GGT CTG CTG CGT CCG CGC GAC ATG ATC TCT CTG CGT CTG GAA AAC CTG AAT GTT GGT GAC GAA ATC ATC GTG CAG GCG ATC GAT GTT CGT CCG GAA AAA CGT GAA ATC GAC TTC AAA TAC ATC CCG,4.313363251811461
GAC GTG GAG CCG GGT AAA TTC TAC AAG GGT GTT GTT ACC CGT ATC GAA AAA TAC GGT GCG TTC ATC AAC CTG AAC GAG CAG GTT CGT GGT CTG CTG CGT CCG CGT GAC ATG ATC TCT CTG CGT CTG GAA AAC CTC AAT GTT GGC GAT GAA ATT ATC GTG CAG GCG ATT GAC GTT GAG CCA GAA AAA CGT GAA ATC CCG TTC AAA TAC ATC CCG,1.7335994633120908
GAT GTT GAA CCG GGT AAA TTC TAC AAA GGT GTT GTT ACC CGT ATC GAA AAA TAC GGT GCG TTC ATC AAT CTG AAT GAA CAG GTT CGT GGT CTG CTG CGT CCG CGT GAC ATG ATC TCT CTC CGT CTG GAA AAC CTG AAT GTT GGT GAC GAA ATC ATC GTT CAG GCG ATC GAC GTT CGT CCG GAA AAA CGT TAC ATC GAC TTC AAA TAC ATC CCG,5.264016779818382
GAC GTT GAA CCG GGT AAA TTC TAC AAA GGT GTT GTT ACC CGT ATC GAA AAA TAC GGT GCG TTC ATC AAT CTG AAC GAA CAG GTT CGT GGT CTG CTC CAG CCA CGT GAC ATG ATC TCT CTG CGT CTG GAA AAC CTG AAC GTT GGT GAC GAA ATC ATC GTT CAA GCG ATC GAC GTT CGT CCG GAA AAA CGT GAA ATC GGT TTC AAA TAC ATC CCG,2.360872473879581
GAC GTT GAA CCG GGT AAA TTC TAC AAA GGT GTT GTT ACC GGC ATC GAA AAA TAC GGT GCG GAC ATC AAC CTG AAC GAG CAA GTT CGT GGC CTG CTG CGC CCA CGT GAC ATG ATC TCT CTG CGT CTG GAA AAT CTG AAC GTT GGT GAT GAA ATC ATT GTT CAG GCG ATC GAC GTT CGT CCG GAA AAA CGT GAA ATC GAC TTC AAA TAC ATC CCG,0.5868167158484034
GAT GTT GAG CCG GGT AAA TTC TAC AAA GGC GTT GTT ACC CGT ATC GAA AAA TAC GGT GCG TTC ATC AAC CTC AAT GAA CAG GTT CGT GGT CTG CTG CGT CCG CGT GGT ATG ATC TCT CTG CGT CTG GAA AAC CTG AAT GTT GGT GAC GAA ATC ATC GTT CAA GCG ATC GAC GTT CGT CCA GAA AAA CGT GAA ATC GAC TTC TTC TAC ATC CCA,2.224525633039817
GAC GTT GAA CCG GGT AAA TTC TAC AAG GGT GTT GTT ACC CGT ATC GAA AAA TAC GGT GCG TTC ATC AAC CTG AAT GAA CAG GTT CGT GGT CTG CTG AAA CCG CGT GAC ATG ATC TCT CTG CGT CTG GAA AAC CTC AAC GTG GGC GAC GAA ATC ATC GTT CAG GCG ATC GAC GTT CGT CCG GAA AAA CGT GAA ATC ACC TTC AAA TAC ATC CCA,3.6361853683352408
GAT GTT GAA CCG GGT AAG TTC TAC AAG GGT GTG GTT ACT TAC ATC GAA AAA TAC GGT GCG TCC ATC AAC CTG AAC GAA CAG GTT CGT GGT CTG CTG CGT CCG CGC GAT ATG ATC TCT CTC CGT CTG GAA AAC CTC AAT GTT GGT GAC GAA ATC ATC GTG CAG GCG ATC GAT GTT CGT CCG GAA AAA CGT GAA ATC GAC TTC AAA TAC ATC CCA,1.3341785679644205
GAT GTT GAA CCG GGT AAG TTC TAC AAA GGT GTG GTT ACC TGC ATC TTC AAG TAT GGT GCG TTC ATC AAC CTG AAT GAA CAG GTT CGT GGT CTG CTC CGT CCG CGT GAC ATG ATC TCT CTG CGT CTG GAA AAT CTC AAC GTG GGT GAC GAA ATC ATC GTT CAG GCG ATT GAC GTT CGT CCG GAA AAA CGT GAA ATC GAC TTC AAA TAC ATC CCG,4.011037921070631
GAC GTT GAA CCG GGT AAA TTC TAC AAA GGT GTT GTT ACC CGT ATC GAA AAA TAC GGT GCG TTC ATC AAC CTC AAC GAA CAG GTT CGT GGT CTG CTG CGT CCG CGT GAC ATG ATC TCT CTG CGT CTG GAA AAC CTG AAT GTT GGT GAC GAA ATC ATC GAC CAA GCT ATC GAC GTT CGT CCG GAA AAA CGT GAA ATC GAC TTC AAA TAC ATC CCG,-0.1679501039593047
GAC GTT GAA CCG GGT AAA TTC TAC AAA GGT GTT GTT ACC CGT ATC GAA AAA TAC GGT GCG TTC ATC AAC CTC AAC GAA CAG GTT CGT GGT CTG CTG CGT CCG CGT GTT ATG ATC TCT CTC CGT CTG GAA AAC CTG AAC GTT GGT GAC GAA ATC ATC GTT CAA GCG ATC GAC GTT CGT CCG GAA AAA CGT GAG ATT ATC TTC AAG TAC ATC CCG,2.130180035620269
GAT GTT GAA CCG GGT AAA TTC TAC AAA GGT GTT GTT ACC CGT ATC GAA AAA TAC GGT GCG TTC ATC AAC CTG AAC GAA CAG GTT CGT GGC CTG CTG CGT CCG CGC AAC ATG ATC TCT CTC CGT CTG GAA AAT CTG AAC GTT GGT GAC GAA ATC ATC GTT CAA GCG ATC GAC GTT CGT CCG GAA AAA CGT GAA ATC GAC TTC CGT TAC ATC CCG,4.840555675323094
GAT GTT GAA CCG GGT AAA TTC TAC AAA GGT GTT GTT ATG CGT ATC GAA AAA TAC GGT GCG TTC ATC AAC CTC AAC GAA CAG GTG CGT GGT CTG CTG CGC CCA CGT GAC ATG ATC TCT CTG CGT CTG GAA AAT CTG AAC GTT GGT GAC GAA ATC ATC GTT CAG GCG ATC GAC GTT CGT CCG GAA AAA CGT GAA ATC GAC TTC AAA TAC ATC CCG,4.174730357857971
GAC GTT GAA CCG GGC AAA TTC TAC AAA GGT GTT GTT ACC CGT ATC GAA AAA TAC GGT GCG TTC ATC AAC CTC AAC GAA CAG GTT CGT GGC CTC CTG CGT CCG CGT CGC ATG ATC TCT CTC CGT CTG GAG AAT CTG AAT GTT GGT GAC GAA ATC ATT GTT CAA GCG ATC GAT GTT CGT CCG GAA AAA CGT GAA ATC GAC TTC GGT TAC ATC CCG,2.828762462349508
GAC GTT GAA CCG GGT AAA TTC TAC AAA GGT GTT GTT ACC CGT ATC GAA AAA TAC GGT GCG TTC ATC AAT CTG AAC GAA CAG GTT CGT GGT CTG CTG CGT CCG CGT AAA ATG ATC TCT CTG CGT CTG GAA AAC CTG AAT GTT GGT GAC GAA ATC ATC GTG CAG GCG ATC GAT GTT GAC CCG GAA AAA CGT GAA ATC GAC TTC AAA TAC ATC CCG,2.057199421818921
GAC GTT GAA CCG GGT AAA TTC TAC AAG GGT GTT GTT ACC CGT ATC GAA AAA TAC GGT GCG TTC ATC AAC CTC AAC GAA CAG GTT CGT GGT CTG CTC ACT CCG CGC AAA ATG ATC TCT CTG CGT CTG GAA AAC CTG AAT GTT GGT GAC GAA ATC ATC GTT CAG GCT ATC GAC GTT CGT CCG GAA AAA CGT GAA ATC GAC TTC AAG TAC ATC CCG,1.8571574398267143
GAC GTT GAA CCG GGT AAA TTC TAC AAA GGT GTT GTT ACC CGT ATC GAA AAA TAC GGT GCG TTC ATC AAC CTG AAT GAA CAG GTT CGT GGT CTG CTG CGT CCG CGT CGT ATG ATC TCT CTG CGC CTG GAA AAC CTC AAC GTG GGC GAC GAA ATC ATC GTT CAG GCG ATC GAC GTT CGT CCG GAA AAG CGT GAA ATC AAA TTC AAA TAC ATC CCG,1.9872497725148053
GAC GTT GAA CCG GGT AAA TTC TAC AAA GGT GTT GTG ACC ATC ATC TTC AAG TAT GGT GCG TTC ATC AAT CTG AAC GAA CAG GTT CGT GGT CTG CTC CGC CCA CGC GAT ATG ATC TCT CTG CGT CTG GAA AAC CTG AAT GTG GGC GAC GAA ATC ATC GTT CAA GCG ATC GAC GTT CGT CCG GAA AAA CGT GAA ATC GAC TTC AAA TAC ATC CCG,4.506270169898856
GAC GTT GAA CCG GGT AAA TTC TAC AAA GGT GTT GTT ACC CGT ATC GAA AAA TAC GGT GCG TTC ATC AAC CTC AAC GAA CAG GTT CGT GGT CTG CTG GAC CCG CGT GAC ATG ATC TCT CTG CGT CTG GAA AAC CTG AAC GTT GGT GAC GAA ATC ATC GTT CAA GCG ATC GAT GTT GGT CCG GAA AAA CGT GAA ATC GAC TTC AAA TAC ATC CCG,1.2510399867383024
GAC GTT GAA CCA GGT AAA TTC TAC AAA GGC GTT GTT ACC CGT ATC GAA AAA TAC GGT GCG TTC ATC AAC CTC AAC GAA CAG GTG CGT GGT CTG CTG CGT CCG CGT ACC ATG ATC TCT CTG CGT CTG GAA AAC CTG AAT GTT GGT GAC GAA ATC ATC GTG CAA GCG ATT GAC GTT CGT CCG GAA AAA CGT GAG ATT ATC TTC AAG TAC ATC CCG,1.9952914001789688
GAC GTT GAA CCG GGT AAA TTC ACC AAA GGT GTT GTT ACC CGT ATC GAA AAA TAC GGT GCG TTC ATC AAC CTC AAT GAA CAG GTT CGT GGT CTG CTG CGT CCA CGT GAC ATG ATC TCT CTG CGT CTG GAA AAC CTG AAC GTT GGT GAC GAA ATC ATC GTG CAG GCG ATC GAC GTG CGT CCG GAA AAA CGT GAA ATC GAC TTC AAA TAC ATC CCG,0.8835179611515013
GAC GTT GAA CCG GGT AAG TTC TAC AAA GGT GTT GTT ACC CGT ATC GAA AAA TAC GGT GCG TTC ATT AAC TCT AAC GAA CAG GTT CGT GGT CTG CTG CGT CCA CGT GAC ATG ATC TCT CTG CGT CTG GAA AAC CTG AAC GTT GGT GAC GAA ATC ATC GTG CAG GCG ATC GAC GTT CGT CCG GAA AAA CGT GAA ATC GAC TTC AAA TAC ATC CCG,1.1299840324217418
GAT GTT GAA CCG GGT AAA TTC TAC AAA GGT GTT GTT ACC CGT ATC GAA AAA TAC GGT GCG TTC ATC AAC CTC AAC GAA CAG GTG CGT GGT CTG CTG CGT CCA CGT GAC ATG ATC TCT CTG CGC CTG GAA AAT CTG AAT GTT TCT GAC GAA ATC ATC GTT CAG GCG ATC GAC GTT CGT CCG GAA AAA CGT GAA ATC GAC TTC AAA TAC ATC CCG,2.967686647587821
GAC GTT GAA CCG GGT AAG TTC TAC AAA GGT GTT GTT ACC TTC ATC GAC AAA TAC GGT GCG TTC ATC AAC CTC AAC GAG CAG GTT CGT GGT CTG CTG CGT CCG CGT GAC ATG ATC TCT CTG CGT CTG GAA AAC CTG AAT GTT GGT GAC GAA ATC ATC GTG CAG GCG ATC GAT GTT CGT CCG GAA AAA CGT GAA ATC GAC TTC AAA TAC ATC CCG,3.837845153660194
GAC GTT GAA CCG GGT AAA TTC TAC AAA GGT GTT GTT ACC CGT ATC GAA AAA TAC GGT GCG TTC ATC AAC CTC AAC GAA CAG GTT CGT GGT CTG CTG CAA CCG CGT GTG ATG ATC TCT CTG CGT CTG GAA AAC CTG AAC GTT GGT GAC GAA ATC ATC GTT CAA GCG ATC GAC GTT CGT CCG GAA AAA CGT GAA ATC GAC TTC AAA TAC ATC CCG,1.851715069396405
GAC GTT GAA CCG GGC AAG TTC TAC AAA GGT GTT GTT ACC GTT ATC TGG AAA TAC GGT GCG TTC ATC AAC CTC AAC GAA CAG GTT CGT GGT CTG CTG CGT CCG CGT GAC ATG ATC TCT CTC CGT CTG GAG AAT CTG AAT GTT GGT GAC GAA ATC ATC GTT CAG GCG ATT GAC GTT CGT CCG GAA AAA CGT GAA ATC GAC TTC AAA TAC ATC CCG,4.0201197134377145
GAC GTT GAA CCG GGT AAA TTC TAC AAA GGT GTT GTT ACC CGT ATC GAA AAA TAC GGT GCG TTC ATC AAT CTG AAC GAA CAG GTT CGT GGT CTG CTG TTC CCG CGT GAC ATG ATC TCT CTG CGT CTG GAA AAC CTG AAT GTT GGT GAC GAA ATC ATC GTT CAA GCT ATC GAC GTT CAC CCG GAA AAA CGT GAA ATC GAC TTC AAA TAC ATT CCG,1.7808113375795809
GAC GTG GAG CCG GGT AAA TTC TAC AAG GGC GTT GTT ACC CGT ATC GAA AAA TAC GGT GCG TTC ATC AAC CTC AAC GAA CAG GTT CGT GGC CTG CTC CGT CCG CGT GAA ATG ATC TCT CTG CGT CTG GAA AAC CTG AAT GTT GGT GAC GAA ATC ATC GTT CAG GCG ATC GAT GTT CGT CCG GAA AAA CGT GAG ATT GAC TTC CCG TAC ATC CCG,1.451840640515009
GAT GTT GAA CCG GGT AAA TTC TAC AAA GGT GTT GTT ACC CGT ATC GAA AAA TAC GGC GCG TTC ATC AAC CTG AAC GAA CAA GTT CGT GGT CTG CTG GAC CCG CGT GAT ATG ATC TCT CTG CGT CTG GAG AAC CTC AAT GTT GGT GAC GAA ATC ATC GTG CAG GCG ATC GAC GTT GCG CCG GAA AAA CGT GAA ATC GAC TTC AAA TAC ATT CCA,1.1150483541165106
GAC GTT GAG CCA GGT AAA TTC TAC AAA GGT GTT GTT ACC CGT ATC GAA AAA TAC GGT GCG TTC ATC AAC CTG AAC GAA CAG GTT CGT GGT CTG CTG ACT CCG CGC GAC ATG ATC TCT CTG CGT CTG GAA AAT CTG AAC GTT GGT GAC GAA ATC ATC GTG CAG GCG ATC GAT GTT GAC CCG GAA AAA CGT GAA ATC GAC TTC AAA TAC ATC CCG,1.6596748685450473
GAC GTG GAA CCG GGT AAA TTC TAC AAA GGT GTT GTT ACC CGT ATC GAA AAA TAC GGT GCT TTC ATC AAC CTG AAC GAA CAG GTT CGT GGT CTG CTG ATC CCG CGT GCG ATG ATC TCT CTG CGT CTG GAA AAT CTG AAC GTG GGT GAC GAA ATC ATC GTT CAA GCG ATC GAC GTT CGT CCG GAA AAA CGT GAA ATC GAC TTC AAA TAC ATC CCG,2.5835155849437905
GAT GTT GAA CCG GGT AAA TTC TAC AAA GGT GTT GTT ACC CGT ATC GAA AAA TAC GGT GCG TTC ATC AAC CTG AAC GAA CAG GTT CGT GGT CTG CTG CGT CCG CGT GCT ATG ATC TCT CTG CGT CTG GAA AAC CTC AAC GTG GGT GAC GAA ATC ATC GTG CAG GCG ATC GAC GTT ACT CCA GAA AAA CGT GAA ATC GAC TTC AAA TAC ATC CCG,1.9060236352293685
GAC GTT GAA CCG GGT AAA TTC TAC AAA GGT GTT GTT ACC CGT ATC GAA AAA TAC GGT GCG TTC ATC AAC CTG AAT GAA CAA GTT CGT GGT CTG CTG CGT CCA CGT GAC ATG ATC TCT CTG CGT CTG GAA AAC CTC AAC GTG GGT GAC GAA ATT ATC GTT CAG GCG ATC GAT GTT ATG CCG GAA AAA CGT GAA ATC ATG TTC AAA TAC ATT CCG,3.38025509960758
GAT GTT GAA CCG GGT AAA TTC TAC AAA GGT GTT GTT ACC CGT ATC GAA AAA TAC GGT GCG TTC ATC AAT CTG AAT GAA CAG GTT CGT GGT CTG CTG CGT CCG CGT GAC ATG ATC TCT CTG CGT CTG GAA AAC CTG AAT GTT GGT GAC GAA ATC ATC GTT CAG GCT ATC GAC GTT CGT CCG GAA ACC CGC GAA ATC GAC TTC AAA TAC ATC CCG,4.849005863376101
GAC GTT GAA CCG GGT AAG TTC TAC AAA GGT GTT GTT ACT CCG ATC GAG AAA TAC GGT GCG CTG ATC AAC CTC AAC GAA CAG GTT CGT GGT CTG CTG CGT CCG CGT GAC ATG ATC TCT CTG CGC CTG GAA AAC CTG AAC GTT GGT GAC GAA ATT ATC GTT CAA GCG ATC GAC GTT CGT CCG GAA AAA CGT GAA ATC GAC TTC AAA TAC ATC CCG,-0.4967193523825737
GAC GTT GAA CCG GGT AAA TTC TAC AAA GGT GTT GTT ACC CGT ATC GAA AAA TAC GGT GCG TTC ATC AAT CTG AAC GAA CAG GTT CGT GGT CTG CTG AAA CCG CGT GAC ATG ATC TCT CTG CGT CTG GAA AAC CTG AAC GTT GGT GAC GAA ATC ATC GTT CAA GCG ATC GAC GTT AAC CCG GAA AAA CGT GAA ATC GAC TTC AAA TAC ATC CCG,2.8886450517484024
GAC GTT GAA CCG GGC AAA TTC TAC AAA GGT GTT GTT ACC CAC ATC GAA AAA TAC GGT GCG CGT ATC AAC CTC AAC GAA CAG GTT CGT GGC CTG CTG CGT CCG CGT GAC ATG ATC TCC CTG CGT CTG GAA AAC CTG AAC GTT GGT GAC GAA ATC ATT GTT CAG GCG ATC GAC GTT CGT CCG GAA AAA CGT GAA ATC GAC TTC AAA TAC ATT CCA,1.8742664764990384
GAC GTT GAA CCG GGT AAA TTC TAC AAA GGT GTT GTT ACC GAG ATC GAT AAA TAC GGT GCG TTC ATC AAT CTG AAC GAA CAG GTG CGT GGT CTG CTG CGT CCG CGT GAC ATG ATC TCT CTG CGT CTG GAA AAC CTG AAC GTT GGT GAC GAA ATC ATC GTG CAG GCT ATC GAC GTT CGT CCG GAA AAA CGT GAA ATC GAC TTC AAA TAC ATC CCG,3.1884949568831216
GAC GTT GAA CCG GGT AAA TTC TAC AAA GGT GTT GTT ACC CGT ATC GAA AAA TAC GGT GCG TTC ATC AAC CTC AAC GAA CAG GTT CGT GGT CTG CTG GAG CCG CGT ATT ATG ATC TCT CTG CGT CTG GAA AAC CTG AAC GTT GGT GAC GAA ATC ATC GTT CAA GCG ATC GAC GTT CGT CCG GAA AAA CGT GAA ATC GAC TTC AAA TAC ATC CCG,2.006144473679815
GAC GTT GAA CCG GGT AAA TTC TAC AAA GGT GTT GTT ACC CGT ATC GAA AAA TAC GGT GCG TTC ATC AAC CTG AAC GGT CAG GTT CGT GGT CTG CTG CGT CCG CGT GAC ATG ATC TCT CTG CGT CTG GAA AAT CTG AAT GTT GGT GAC GAA ATC ATC GTT CAA GCG ATT GAC GTT CGT CCG GAA AAA CGT GAA ATC GAC TTC AAA TAC ATC CCG,5.035766736209277
GAC GTT GAG CCG GGT AAA TTC TAC AAA GGT GTT GTT ACC TGG ATT CAA AAA TAC GGT GCG TTC ATC AAC CTC AAC GAA CAG GTT CGT GGT CTG CTG CGT CCG CGT GAC ATG ATC TCT CTG CGT CTG GAA AAC CTG AAC GTT GGT GAC GAA ATC ATC GTT CAA GCG ATC GAC GTT CGT CCG GAA AAA CGT GAA ATC GAC TTC AAA TAC ATC CCG,3.3502983510312982
GAC GTT GAA CCG GGT AAA TTC TAC AAA GGC GTT GTT ACC CGT ATC GAA AAA TAC GGT GCG TTC ATC AAC CTG AAC GAA GTT GTT CGT GGT CTG CTG CGT CCG CGT GAC ATG ATC TCT CTG CGT CTG GAA AAC CTC AAT GTT GGT GAC GAA ATC ATC GTG CAG GCT ATC GAT GTT CGT CCG GAA AAA CGT GAA ATC GAC TTC AAA TAC ATC CCG,5.240365787499277
GAC GTT GAA CCG GGT AAA TTC TAC AAA GGT GTT GTT ACC CGT ATC GAA AAA TAC GGT GCG TTC ATC AAT CTG AAC GAA CAG GTT CGT GGT CTG CTG ATG CCG CGT GAC ATG ATC TCT CTG CGT CTG GAA AAC CTG AAC GTT GGT GAC GAA ATC ATC GTG CAG GCG ATC GAC GTT CGT CCG GAA AAA CGT GAA ATC CTG TTC AAA TAC ATC CCG,3.3071749991245536
GAC GTT GAA CCG GGT AAA TTC TAC AAA GGT GTT GTT ACC GGC ATC TCT AAA TAT GGT GCG TTC ATC AAC CTG AAC GAA CAG GTT CGT GGT CTG CTG CGT CCG CGT GAC ATG ATC TCT CTG CGT CTG GAA AAT CTG AAC GTG GGT GAC GAA ATC ATC GTG CAG GCG ATC GAC GTT CGT CCG GAA AAA CGT GAA ATC GAC TTC AAA TAC ATC CCG,4.154150502863307
GAC GTT GAA CCG GGT AAA TTC TAC AAA GGT GTT GTT ACC CGT ATC GAA AAA TAC GGT GCG TTC ATC AAC CTG AAT GAA CAG GTT CGC GGC CTC CTG CGT CCG CGC GTG ATG ATC TCT CTG CGT CTG GAG AAC CTC AAT GTG GGT GAC GAA ATC ATT GTG CAG GCG ATT GAC GTT CGT CCG GAA AAA CGT GAA ATC GAC TTC ATG TAT ATC CCA,2.262449783454917
GAC GTT GAA CCG GGT AAA TTC TAC AAA GGT GTT GTT ACC CGT ATC GAA AAA TAC GGT GCG TTC ATC AAC CTC AAC GAA CAA GTT CGT GGT CTG CTG CTG CCG CGT GAC ATG ATC TCT CTG CGT CTG GAA AAC CTG AAC GTT GGT GAC GAA ATT ATC GTT CAA GCG ATC GAC GTT CGT CCG GAA AAA CGT GAA ATC ATG TTC AAA TAC ATT CCG,3.0955804746780307
GAC GTT GAA CCG GGT AAA TTC TAC AAA GGT GTT GTT ACC CGT ATC GAA AAA TAC GGT GCG TTC ATC AAC CTG AAT GAA CAG GTT CGT GGT CTG CTG CGT CTG CGT GAC ATG ATC TCT CTG CGC CTG GAA AAC CTC AAC GTG GGT GAC GAA ATC ATC GTT CAA GCG ATT GAC GTT CGT CCG GAA AAA CGT GAA ATC GAC TTC AAA TAC ATC CCG,4.693941024252126
GAT GTT GAA CCG GGT AAA TTC TAC AAA GGT GTT GTT ACC CGT ATC GAA AAA TAC GGT GCG TTC ATC AAT CTG AAT GAG CAG GTT CGT GGT CTG CTG ATC CCG CGT CCG ATG ATC TCT CTG CGT CTG GAA AAC CTG AAC GTG GGT GAC GAA ATC ATC GTT CAA GCG ATC GAT GTT CGT CCG GAA AAA CGT GAA ATC GAC TTC AAA TAC ATC CCG,1.9362032381535004
GAC GTT GAG CCG GGC AAA TTC TAC AAA GGT GTT GTT ACC CGT ATC GAA AAA TAC GGT GCG TTC ATC AAC CTC AAC GAG CAG GTT CGT GGT CTG CTC CGT CCG CGT AAC ATG ATC TCT CTG CGT CTG GAA AAC CTG AAT GTT GGT GAC GAA ATC ATC GTT CAA GCG ATC GAC GTT CGC CCG GAA AAA CGT GAA ATC GAC TTC TAC TAC ATC CCG,3.848194070872668
GAT GTT GAA CCG GGT AAA TTC TAC AAA GGT GTT GTT ACC CGT ATC GAA AAA TAC GGT GCG TTC ATC AAC CTG AAC GAG CAG GTT CGT GGT CTG CTG CGT CCG CGT ATG ATG ATC TCT CTG CGT CTG GAA AAC CTC AAT GTT GGT GAC GAA ATC ATC GTT CAA GCG ATC GAC GTT GGC CCG GAA AAA CGT GAA ATC GAC TTC AAA TAC ATC CCG,2.236128403938651
GAT GTT GAA CCG GGT AAA TTC TAC AAA GGT GTT GTT ACC CGT ATC GAA AAA TAC GGT GCG TTC ATC AAC CTC AAC GAG CAA GTG CGT GGT CTG CTG TAC CCG CGT GAC ATG ATC TCT CTG CGT CTG GAA AAC CTG AAT GTT GGT GAC GAA ATC ATC GTT CAG GCG ATC GAC GTT TTC CCG GAA AAA CGT GAA ATC GAC TTC AAA TAC ATC CCG,1.3942867054488637
GAC GTT GAG CCG GGT AAA TTC TAC AAA GGT GTT GTT ACC CGT ATC GAA AAA TAC GGT GCG TTC ATC AAC CTG AAT GAA CAA GTT CGT GGT CTG CTG GGT CCA CGT GAC ATG ATT TCC CTG CGT CTG GAG AAT CTG AAC GTT GGT GAC GAG ATT ATC GTT CAG GCG ATT GAC GTT CGT CCG GAG AAA CGT GAG ATC ATC TTC AAA TAC ATC CCG,2.618834899045166
GAC GTT GAA CCG GGT AAA TTC TAC AAA GGT GTT GTT ACC CGT ATC GAA AAA TAC GGT GCG TTC ATC AAC CTG AAC GAA CAG GTT CGT GGT CTG CTG ATG CCG CGT GAC ATG ATC TCT CTG CGT CTG GAA AAT CTG AAC GTT GGT GAC GAA ATC ATC GTT CAA GCG ATC GAC GTT ATG CCG GAA AAA CGT GAA ATC GAC TTC AAA TAC ATC CCG,1.5930884734739834
GAT GTT GAG CCG GGT AAA TTC TAC AAA GGT GTT GTT ACC CGT ATC GAA AAA TAC GGT GCG TTC ATC AAT CTG AAT GAA CAG GTT CGT GGT CTG CTG CGT CCG CGT GAC ATG ATC TCT CTG CGT CTG GAA AAC CTG AAC GTT GGT GAC GAA ATC ATC GTG CAG GCG ATC GAC GTT GAA CCG GAA AAA CGT GAA ATC CGT TTC AAA TAC ATC CCG,4.474245677179409
GAT GTT GAG CCA GGT AAA TTC TAC AAA GGC GTT GTT ACC CGT ATC GAA AAA TAC GGT GCG TTC ATC AAC CTC AAC GAG CAG GTT CGT GGC CTG CTG CGT CCG CGT CTC ATG ATC TCT CTG CGT CTG GAG AAC CTG AAT GTT GGC GAC GAA ATC ATT GTT CAA GCT ATC GAT GTG CGT CCA GAA AAA CGT GAA ATT GAC TTC CAC TAC ATC CCA,1.8353213497102696
GAC GTT GAA CCG GGT AAA TTC TAC AAA GGT GTT GTT ACC CGT ATC GAA AAA TAC GGT GCG TTC ATC AAC CTG AAT GAA CAG GTT CGT GGT CTG CTG ATC CCG CGT GAC ATG ATC TCT CTG CGT CTG GAA AAC CTC AAT GTT GGT GAC GAA ATC ATC GTG CAG GCG ATC GAC GTT CGT CCG GAA AAA CGT GAA ATC GGT TTC AAA TAC ATC CCG,1.8332368887780257
GAT GTT GAA CCG GGC AAA TTC TAC AAA GGT GTT GTT ACC CGT ATC GAA AAA TAC GGT GCG TTC ATC AAC CTG AAT GAA CAG GTT CGT GGT CTG CTG CGT CCG CGT TGC ATG ATC TCT CTG CGT CTG GAA AAC CTC AAT GTT GGT GAC GAA ATC ATC GTT CAG GCT ATT GAC GTT CGT CCG GAA AAA CGT GAA ATC GAC TTC TTC TAC ATC CCG,3.4215247325462754
GAT GTT GAA CCG GGT AAA TTC TAC AAA GGT GTT GTT ACC CGT ATC GAA AAA TAC GGT GCG TTC ATC AAC CTG AAT GAA CAG GTT CGT CCG CTG CTG CGT CCG CGT GAC ATG ATC TCT CTG CGT CTG GAA AAT CTG AAC GTT GGT GAC GAA ATC ATC GTT CAA GCG ATC GAC GTT CGC CCG GAA AAA CGT GAA ATC GAC TTC AAA TAC ATC CCG,1.401560000777204
GAC GTT GAA CCG GGT AAA TTC TAC AAA GGT GTT GTT ACC CGT ATC GAA AAA TAC GGT GCG TTC ATC AAT CTG AAT GAA CAG GTT CGT GGT CTG CTG CAC CCG CGT CGT ATG ATC TCT CTG CGT CTG GAA AAC CTG AAT GTT GGT GAC GAA ATC ATC GTT CAG GCG ATC GAC GTT CGT CCG GAA AAA CGT GAA ATC GAC TTC AAA TAC ATC CCG,2.0697575028901536
GAC GTT GAA CCG GGT AAA TTC TAC AAA GGT GTT GTT ACC CGT ATC GAA AAA TAC GGT GCG TTC ATC AAC CTC AAC GAA CAG GTT CGT GGT CTG CTG CGT CCG CGT GAA ATG ATC TCT CTG CGT CTG GAA AAC CTG AAC GTT GGT GAC GAA ATC ATT GTT CAG GCT ATC GAC GTT GTT CCA GAA AAA CGC GAA ATC GAC TTC AAA TAC ATC CCG,1.6568277489031948
GAT GTT GAA CCG GGT AAA TTC TAC AAA GGT GTT GTT ACC CGT ATC GAA AAA TAC GGT GCG TTC ATC AAC CTG AAT GAG CAG GTT CGT GGT CTG CTG CGT CCG CGT GAC GTT ATC TCT CTG CGT CTG GAA AAT CTG AAC GTG GGC GAC GAG ATC ATC GTT CAA GCG ATC GAC GTT CGT CCG GAA AAA CGT GAA ATC GAC TTC AAA TAC ATC CCG,2.8826048775101656
GAC GTT GAA CCG GGT AAA TTC TAC AAA GGT GTT GTT ACC CGT ATC GAA AAA TAC GGT GCG TTC ATC AAT CTG AAC GAA CAG GTT CGT GGT CTG CTC GCG CCA CGT GAC ATG ATC TCT CTG CGT CTG GAG AAC CTG AAT GTT GGT GAC GAA ATC ATC GTT CAA GCG ATC GAC GTT CGC CCA GAA AAA CGT GAA ATC CCG TTC AAA TAC ATT CCG,1.1656323444709673
GAC GTT GAA CCG GGT AAA TTC TAC AAA GGT GTT GTT ACC CGT ATC GAA AAA TAC GGT GCG TTC ATC AAC CTG AAT GAA CAG GTT CGT GGT CTG CTG CGT CCG CGT GAC ATG ATC TCT CTG CGT CTG GAA AAT CTG AAC GTT GGT GAC GAA ATC ATC GTT CAG GCG ATC GAC GTT TCT CCG GAA AAA CGT GAA ATC TCT TTC AAA TAC ATC CCG,4.413248797571405
GAC GTT GAA CCG GGT AAA TTC TAC AAA GGC GTT GTG ACC CGC ATT GAA AAA TAC GGT GCG TTC ATT AAC CTC AAC GAG CAG GTT CGT GGT CTG CTG TGG CCG CGT AAG ATG ATC TCT CTC CGT CTC GAA AAC CTG AAC GTT GGT GAC GAA ATC ATT GTT CAG GCT ATC GAC GTT CGT CCG GAA AAA CGT GAA ATC GAC TTC AAA TAC ATC CCG,1.6980757538536406
GAT GTT GAA CCG GGT AAA TTC TAC AAA GGT GTT GTT ACC CGT ATC GAA AAA TAC GGT GCG TTC ATC AAC CTG AAC GAA CAG GTT CGT GGT CTG CTC CGT CCG CGT TGT ATG ATC TCT CTG CGC CTG GAA AAT CTG AAC GTT GGT GAC GAA ATC ATC GTT CAA GCG ATC GAT GTT CGT CCG GAA AAA CGT GAA ATC GAC TTC TGG TAC ATC CCG,2.910992019572433
GAC GTT GAA CCG GGT AAA TTC TAC AAA GGT GTT GTT ACC CGT ATC GAA AAA TAC GGT GCG TTC ATC AAC CTG AAC GAA CAG GTT CGT GGT CTG CTG CGT CCG CGT GAC ATG ATC TCT CTG CGT CTG GAA AAC CTC AAT GTT GGT GAC GAA ATC ATC GTT CAA GCG ATC GAC GTT CGT CCG GAA AAA CGT GAA CCA GAC TTC AAA TAC ATC CCG,1.9142565440527743
GAC GTT GAA CCG GGT AAA TTC TAC AAA GGT GTT GTT ACC CGT ATC GAA AAA TAC GGT GCG TTC ATC AAT CTG AAC GAA CAG GTT CGT GGT CTG CTG CGT CCG CGT CAC ATG ATC TCT CTG CGT CTG GAA AAC CTG AAC GTT GGT GAC GAA ATC ATC GTG CAG GCT ATC GAT GTT GAC CCG GAA AAA CGT GAA ATC GAC TTC AAA TAC ATC CCG,3.801630367012812
GAC GTT GAA CCG GGT AAA TTC TAC AAA GGT GTT GTT ACC CGT ATC GAA AAA TAC GGT GCG TTC ATC AAC CTG AAC GAA CAG GTT CGT GGT CTG CTG CGT CCG CGT TGG ATG ATC TCT CTG CGT CTG GAA AAC CTC AAT GTT GGT GAC GAA ATC ATT GTT CAA GCG ATC GAC GTT CGT CCG GAA AAA CGT GAA ATT CTG TTC AAA TAC ATC CCG,3.64454759789038
GAC GTT GAA CCG GGT AAA TTC TAC AAA GGT GTT GTT ACC CGT ATC GAA AAA TAC GGT GCG TTC ATC AAC CTC AAC GAA CAA GTT CGT GGT CTG CTG CGT CCG CGT GAC ATG ATC TCT CTG CGT CTG GAA AAC CTG AAC GTT GGT GAC GAA ATC ATC GTT CAA GCG ATC GAC GTT CGT CCG GAA AAA CGT GAA ATC GAC TTC AAA GTT ATC CCG,2.936057772318102
GAT GTG GAA CCG GGC AAA TTC TAC AAG GGT GTT GTT ACC AAA ATC GAA AAA TAC GGT GCG GGT ATC AAC CTC AAC GAG CAG GTT CGT GGT CTG CTC CGT CCA CGC GAC ATG ATC TCT CTG CGT CTG GAA AAC CTG AAT GTT GGT GAC GAA ATC ATC GTT CAG GCG ATT GAC GTT CGC CCG GAA AAA CGT GAA ATC GAC TTC AAA TAC ATC CCA,0.7532907143901799
GAC GTT GAA CCG GGT AAA TTC TAC AAG GGT GTT GTT ACC CGT ATC GAA AAA TAC GGT GCG TTC GTG AAC CTG AAC GAA CAG GTT CGT GGT CTG CTG CGT CCG CGT GAC ATG ATC TCT CTG CGT CTG GAA AAC CTC AAT GTT GGT GAC GAA ATC ATC GTT CAA GCG ATT GAC GTT CGT CCG GAA AAA CGT GAA ATC GAC TTC AAA TAC ATC CCG,4.811765412270871
GAC GTT GAA CCG GGT AAA TTC TAC AAA GGT GTT GTT ACC CGT ATC GAA AAA TAC GGT GCG TTC ATC AAC CTC AAC GAA CAG GTT CGT GGT CTG CTC CAA CCA CGC GAT ATG ATC TCT CTG CGT CTG GAA AAC CTG AAC GTT GGT GAC GAA ATC ATC GTG CAG GCG ATT GAC GTT AAG CCG GAA AAA CGT GAA ATC GAC TTC AAA TAC ATC CCG,1.901214537459324
GAC GTT GAA CCG GGT AAA TTC TAC AAA GGT GTT GTT ACC CGC ATC CCA AAA TAC GGT GCG TTC ATC AAC CTG AAT GAA CAG GTT CGT GGT CTG CTC CGT CCG CGT GAC ATG ATC TCT CTG CGT CTG GAG AAT CTG AAC GTT GGT GAC GAA ATT ATC GTT CAG GCG ATT GAC GTT CGT CCG GAA AAA CGT GAA ATC GAC TTC AAA TAC ATC CCA,1.7844978906840492
GAC GTG GAG CCG GGT AAA TTC TAC AAG GGT GTT GTT ACC CGT ATC GAA AAA TAC GGT GCG TTC ATC AAC CTC AAC GAA CAG GTT CGT GGT CTG CTG CGT CCG CGT GAC ATG ATC TCT CTG CGC CTG GAA AAT CTG AAC GTT GGT GAC GAA ATC ATC GTT CAG GCG ATC GAC GTT GAT CCG GAA AAA CGT GAA ATC GAC TTC AAA TAC ATC CCG,3.884658128305158
GAC GTT GAA CCG GGT AAG TTC TAC AAA GGC GTT GTT ACC CGT ATC GAA AAA TAC GGT GCG TTC ATC AAC CTC AAC GAA CAG GTT CGT GGC CTG CTG CGT CCG CGT GAC ATG ATC TCT CTG CGT CTG CGT AAC CTG AAC GTT GGT GAC GAA ATC ATC GTG CAG GCG ATC GAT GTT CGT CCG GAA AAA CGT GAA ATC GAC TTC AAA TAC ATT CCG,4.574964425323239
GAT GTT GAA CCG GGC AAG TTC TAC AAA GGC GTT GTG ACC TCT ATC GAA AAA TAC GGT GCG TCT ATC AAC CTC AAC GAA CAG GTT CGT GGC CTG CTG CGC CCA CGC GAT ATG ATC TCT CTC CGT CTG GAA AAC CTG AAC GTT GGT GAC GAA ATC ATC GTT CAA GCG ATT GAT GTT CGC CCA GAA AAA CGT GAA ATC GAC TTC AAA TAC ATC CCG,1.8094811933748471
GAC GTT GAA CCG GGT AAG TTC TAC AAA GGT GTT GTT ACC CGT ATC GAA AAA TAC GGT GCG TTC ATC AAC CTC AAC GAG CAG GTT CGT GGT CTG CTG CGT CCG CGT ACC ATG ATC TCT CTG CGT CTG GAA AAC CTG AAT GTT GGT GAC GAA ATC ATC GTT CAG GCG ATC GAC GTT AAC CCG GAA AAA CGT GAA ATC GAC TTC AAA TAC ATC CCG,1.5856062045639554
GAC GTT GAA CCG GGT AAA TTC TAC AAA GGT GTT GTT ACC CGT ATC GAA AAA TAC GGT GCG TTC ATC AAC CTC AAC GAA CAG GTT CGT GGT CTG GAC CGT CCG CGT GAC ATG ATC TCT CTG CGT CTG GAA AAT CTG AAC GTT GGT GAC GAA ATC ATC GTT CAG GCG ATC GAT GTT CGT CCG GAA AAA CGT GAA ATC GAC TTC AAA TAC ATC CCG,1.0454530327134814
GAC GTT GAA CCG GGC AAA TTC TAC AAA GGT GTT GTT ACC CTC ATC TCT AAA TAC GGT GCG TTC ATC AAT CTG AAC GAA CAG GTT CGT GGT CTG CTG CGT CCG CGT GAC ATG ATC TCT CTG CGT CTG GAA AAC CTG AAC GTT GGT GAC GAA ATC ATC GTG CAG GCT ATC GAT GTT CGT CCG GAA AAA CGT GAA ATC GAC TTC AAA TAC ATC CCG,4.2634781550897385
GAC GTT GAA CCG GGT AAA TTC TAC AAG GGT GTT GTT ACC CGT ATC GAA AAA TAC GGT GCG TTC ATC AAC CTG AAC GAA CAA GTT CGT GGT CTG CTG CAT CCG CGT GAC ATG ATC TCT CTG CGT CTG GAA AAT CTG AAC GTT GGT GAC GAA ATC ATT GTT CAG GCG ATC GAC GTT CGT CCG GAA AAA CGT GAA ATC TGG TTC AAG TAC ATC CCG,2.989158271736765
GAC GTT GAA CCG GGT AAA TTC TAC AAA GGT GTT GTT ACC CGT ATC GAA AAA TAC GGT GCG TTC ATC AAT CTG AAC GAA CAG GTT CGT GGT CTG CTG TCT CCG CGT TTC ATG ATC TCT CTG CGT CTG GAA AAC CTG AAT GTT GGT GAC GAA ATC ATC GTT CAA GCG ATC GAC GTT CGT CCG GAA AAA CGT GAA ATC GAC TTC AAA TAC ATC CCG,2.599548133981571
GAT GTT GAA CCG GGT AAA TTC TAC AAA GGT GTT GTT ACC CGT ATC GAA AAA TAC GGT GCG TTC ATC AAC CTG AAT GAG CAG GTT CGT GGT CTG CTG GAA CCG CGT GCG ATG ATC TCT CTG CGT CTG GAA AAC CTC AAT GTT GGT GAC GAA ATC ATC GTT CAG GCG ATC GAC GTT CGT CCG GAA AAA CGT GAA ATC GAC TTC AAA TAC ATC CCG,1.7526539765684137
GAC GTT GAA CCG GGT ATG TTC TAC AAA GGT GTT GTT ACC CGT ATC GAA AAA TAC GGT GCG TTC ATC AAT CTG AAC GAA CAG GTT CGT GGT CTG CTG CGT CCG CGT GAC ATG ATC TCT CTG CGT CTG GAA AAC CTG AAT GTT GGT GAC GAA ATC ATC GTT CAA GCG ATC GAC GTT CGC CCG GAA AAA CGT GAA ATC GAC TTC AAA TAC ATC CCG,4.650859398179829
GAC GTT GAA CCG GGT AAA TTC TAC AAA GGT GTT GTT ACC CGT ATC GAA AAA TAC GGT GCG TTC ATC AAC CTG AAC GAG CAG GTT CGT GGT CTG CTG CGT CCG CGT GAA ATG ATC TCT CTG CGT CTG GAA AAT CTG AAC GTT GGT GAC GAA ATC ATC GTT CAA GCT ATC GAC GTT CGT CCG GAA AAG CGC GAA ATT TTC TTC AAA TAC ATC CCG,3.0551208851379004
GAC GTT GAG CCG GGT AAA TTC TAC AAA GGT GTT GTT ACC CGT ATC GAA AAA TAC GGT GCG TTC ATC AAC CTC AAC GAA CAG GTT CGT GGT CTG CTG CGT CCG CGT GAC ATG ATC TCT CTG CGT CTG GAA AAT CTG AAC GTT GGT GAC GAA ATC ATC GTT CAG GCG ATC GAC GTG CTG CCG GAA AAA CGT GAA ATC GAA TTC AAA TAC ATC CCG,2.6846938825489106
GAC GAC GAA CCG GGT AAA TTC TAC AAG GGT GTT GTT ACC CGT ATC GAA AAA TAC GGT GCG TTC ATC AAC CTC AAC GAA CAG GTT CGT GGT CTG CTG CGT CCG CGT GAC ATG ATC TCT CTG CGC CTG GAA AAC CTG AAC GTT GGT GAC GAA ATC ATT GTT CAG GCG ATC GAC GTT CGT CCG GAA AAA CGT GAA ATC GAC TTC AAA TAC ATC CCG,2.1350388178911404
GAC GTT GAA CCG GGT AAA TTC TAC AAA GGT GTT GTT ACC CGT ATC GAA AAA TAC GGT GCG TTC ATC AAC CTC AAC GAA CAG GTT CGT GGT CTG CTG CGT CCG CGC ATT ATG ATC TCT CTC CGT CTG GAA AAC CTG AAT GTT GGT GAC GAA ATC ATC GTT CAG GCG ATT GAC GTT CGT CCG GAA AAA CGT GAA ATC ACC TTC AAA TAC ATC CCG,1.9746662169243585
GAC GTT GAA CCG GGT AAA TTC TAC AAA GGT GTT GTT ACC CGT ATC GAA AAA TAC GGT GCG TTC ATC AAC CTG AAT GAA CAG GTT CGT GGT CTG CTG ATC CCG CGT GAC ATG ATC TCT CTG CGT CTG GAA AAT CTG AAC GTT GGT GAC GAA ATC ATC GTT CAG GCG ATC GAC GTT ATG CCG GAA AAA CGT GAA ATC GAC TTC AAA TAC ATC CCG,2.015892386723237
GAC GTT GAA CCG GGT AAA TTC TAC AAA GGT GTT GTT ACC CGT ATC GAA AAA TAC GGT GCG TTC ATC AAC CTG AAT GAA CAG GTT CGT GGT CTG CTG ACT CCG CGT GAC ATG ATC TCT CTG CGT CTG GAA AAC CTC AAT GTT GGC GAC GAA ATC ATC GTT CAA GCG ATC GAC GTT CGT CCG GAG AAA CGT GAA ATC TTC TTC AAA TAC ATC CCG,2.745433520690544
GAC GTT GAA CCG GGC AAA TTC TAC AAA GGT GTT GTT ACC CGT ATC GAA AAA TAC GGT GCG TTC ATC AAC CTC AAC GAA CAG GTT CGC GGT CTG CTC CGT CCG CGT CTG ATG ATC TCT CTG CGT CTG GAA AAC CTG AAT GTT GGT GAC GAA ATC ATC GTT CAG GCG ATT GAC GTT CGT CCG GAA AAA CGT GAA ATC GAC TTC TTC TAC ATC CCG,2.1665576592625606
GAC GTT GAA CCG GGT AAA TTC TAC AAA GGT GTT GTT ACC CGT ATC GAA AAA TAC GGT GCG TTC ATC AAC CTG AAC GAG CAG GTT CGT GGT CTG CTG CGT CCG CGT TCT ATG ATC TCT CTG CGT CTG GAA AAC CTC AAC GTG GGT GAC GAA ATC ATT GTT CAG GCG ATT GAC GTT ACT CCG GAA AAA CGT GAA ATC GAC TTC AAA TAC ATC CCG,1.877198488692444
GAC GTT GAA CCG GGT AAA TTC TAC AAA GGT GTT GTT ACC CGT ATC GAA AAA TAC GGT GCG TTC ATC AAC CTC AAC GAA CAG GTT CGT GGT CTG CTG AAC CCG CGT GAC ATG ATC TCT CTG CGT CTG GAA AAC CTG AAC GTT GGT GAC GAA ATC ATC GTT CAA GCG ATC GAC GTT CGT CCG GAA AAG CGT GAA ATC AAC TTC AAA TAC ATC CCG,1.7955524495698758
GAC GTT GAG CCG GGC AAA TTC TAC AAA GGT GTT GTT ACC CGT ATC GAA GTT TAC GGC GCG TTC ATC AAC CTC AAC GAA CAG GTG CGT GGT CTG CTG CGT CCG CGC GAT ATG ATT TCT CTC CGC CTG GAA AAC CTG AAC GTT GGT GAC GAA ATT ATC GTT CAA GCG ATT GAC GTT CGT CCG GAA AAA CGT GAA ATC GAC TTC AAA TAC ATC CCG,5.552657704624544
GAT GTT GAA CCG GGT AAA TTC TAC AAA GGT GTT GTT ACC CGT ATC GAA AAA TAC GGT GCG TTC ATC AAC CTG AAT GAA CAG GTT CGT GGT CTG CTG CGT CCG CGT GCT ATG ATC TCT CTG CGT CTG GAA AAC CTC AAT GTT GGT GAC GAA ATC ATC GTT CAG GCG ATC GAC GTT GGT CCG GAA AAA CGT GAA ATC GAC TTC AAA TAC ATC CCG,1.9952622980730592
GAC GTT GAA CCG GGT AAA TTC TAC AAG GGT GTT GTT ACC CGT ATC GAA AAA TAC GGT GCG TTC ATC AAC CTC AAC GAA CAG GTT CGT GGT CTG CTG AAC CCG CGT GAC ATG ATC TCT CTG CGT CTG GAA AAC CTG AAT GTG GGT GAC GAA ATC ATC GTT CAG GCG ATC GAT GTT CAC CCG GAA AAA CGT GAA ATC GAC TTC AAA TAC ATC CCG,1.5006043767091874
GAC GTT GAA CCG GGT AAA TTC TAC AAA GGT GTT GTT ACC CGT ATC GAA AAA TAC GGT GCG TTC ATC AAC CTC AAC GAA CAG GTT CGT GGT CTG CTG ACT CCA CGT GAC ATG ATC TCT CTG CGT CTG GAA AAC CTG AAC GTT GGT GAC GAA ATC ATC GTG CAG GCG ATC GAC GTT TTC CCG GAA AAA CGT GAA ATC GAC TTC AAA TAC ATC CCG,1.3534532910394632
GAC GTT GAA CCG GGT AAA TTC TAC AAA GGT GTT GTT ACC CGT ATC GAA AAA TAC GGT GCG TTC ATC AAC CTG AAT GAA CAG GTT CGT GGT CTG CTG ATG CCG CGT GAC ATG ATC TCT CTG CGT CTG GAA AAC CTC AAT GTT GGT GAC GAA ATC ATC GTG CAG GCG ATC GAC GTT CCG CCG GAA AAA CGT GAA ATC GAC TTC AAA TAC ATC CCG,1.7931549391956318
GAC GTT GAA CCG GGT AAA TTC TAC AAA GGT GTT GTT ACC CGT ATC GAA AAA TAC GGT GCG TTC ATC AAC CTC AAC GAA CAG GTT CGT GGT CTG CTG CGT CCG CGT CAC ATG ATC TCT CTG CGT CTG GAA AAC CTG AAC GTT GGT GAC GAA ATC ATC GTG CAG GCT ATC GAC GTT CAC CCG GAA AAA CGT GAA ATC GAC TTC AAA TAC ATC CCG,3.5524412250184367
GAT GTG GAA CCG GGT AAA TTC TAC AAG GGT GTT GTT ACC TGC ATC GAA AAA TAC GGT GCG AAC ATC AAC CTC AAT GAA CAG GTT CGT GGT CTG CTG CGT CCG CGT GAC ATG ATC TCT CTG CGT CTG GAA AAC CTG AAT GTT GGT GAC GAA ATC ATC GTT CAA GCG ATC GAC GTT CGC CCA GAA AAA CGT GAA ATC GAC TTC AAA TAC ATC CCA,1.3696401423695452
GAC GTT GAA CCG GGT AAA TTC TAC AAA GGT GTT GTT ACC CGT ATC GAA AAA TAC GGT GCG TTC ATC AAC CTC AAC GAA CAG GTT CGT GGT CTG CTG CGT CCG CGT CTG ATG ATC TCT CTG CGT CTG GAA AAT CTG AAC GTT GGT GAC GAA ATC ATC GTT CAG GCG ATC GAC GTT CGT CCG GAG AAA CGT GAA ATC CGT TTC AAA TAC ATT CCG,2.349917447031142
GAT GTT GAA CCG GGT AAA TTC TAC AAA GGC GTT GTG ACT CGC ATC GAA AAA TAC GGT GCG TTC ATC AAC CTC AAC GAA CAG GTG CGT GGT CTG CTC CGT CCG CGT GAG ATG ATC TCT CTG CGT CTG GAA AAT CTG AAC GTT GGT GAC GAA ATC ATC GTG CAG GCG ATT GAC GTT CGT CCG GAA AAA CGT GAA ATC GAC TTC GTT TAC ATC CCA,2.191755296148769
GAC GTT GAA CCG GGT AAA TTC TAC AAG GGT GTT GTT ACC CGT ATC GAA AAA TAC GGT GCG TTC ATC AAC CTC AAC GAA CAG GTG CGT GGT CTG CTC CGT CCG CGT ACC ATG ATC TCT CTG CGT CTG GAA AAT CTG AAC GTG GGT GAC GAA ATC ATC GTT CAA GCG ATC GAC GTT CGT CCA GAA AAA CGT GAA ATC GAC TTC CGT TAC ATT CCG,2.063509741425416
GAC GTT GAA CCG GGT AAA TTC TAC AAA GGT GTT GTT ACC CGT ATC GAA AAA TAC GGT GCG TTC ATC AAC CTC AAC GAA CAG GTT CGT GGT CTG CTG CGT CCG CGT GAC ATG ATC TCT CTG CGT CTG GAA AAC CTG AAC GTT GGT TCT GAA ATC ATT GTT CAG GCG ATT GAC GTT CGT CCG GAA AAA CGT GAA ATC GAC TTC AAA TAC ATC CCG,3.336866003853392
GAC GTG GAA CCG GGT AAA TTC TAC AAA GGT GTT GTT ACC CGT ATC GAA AAA TAC GGT GCG TTC ATC AAC CTG AAT GAA CAG GTG CGT GGT CTG CTG CGT CCG CGT GAC ATG ATC TCT CTG CGT CTG GAA AAT CTG AAC GTT GGT GAC GAA ATC ATC GTT CAG GCG ATC GAC GTT AAC CCG GAA AAA CGT GAA ATC CAC TTC AAA TAC ATC CCG,4.765878173381285
GAC GTT GAA CCG GGT AAA TTC TAC AAG GGT GTT GTT ACC CGT ATC GAA AAA TAC GGT GCG TTC ATC AAC CTG AAC GAA CAG GTT CGT GGC CTG CTG CGT CCA CGT CGT ATG ATC TCT CTG CGT CTG GAA AAT CTC AAC GTG GGC GAC GAA ATC ATC GTG CAG GCG ATT GAC GTT CGT CCG GAA AAA CGT GAA ATC GAC TTC ATG TAT ATT CCG,2.7786058943736007
GAC GTT GAA CCG GGT AAG TTC TAC AAA GGT GTT GTT ACC CGT ATC GAA AAA TAC GGT GCG TTC ATC AAT CTG AAC GAA CAG GTT CGT GGT CTG CTG CGT CCG CGT GAC ATG ATC TCT CTG CGT CTG GAA AAC CTG AAT GTG GGT GAC GAA ATC ATT GTT CAG GCG ATC GAT GTT GCG CCG GAA AAA CGT GAA ATC CGT TTC AAA TAC ATC CCG,4.514694788872194
GAC GTT GAA CCG GGT AAA TTC TAC AAA GGT GTT GTT ACC CGT ATC GAA AAA TAC GGT GCG TTC ATC AAC CTG AAC GAA CAG GTT CGT GGT CTG CTG CCA CCG CGT GAC ATG ATC TCT CTG CGT CTG GAA AAC CTC AAT GTT GGC GAC GAA ATT ATC GTT CAA GCG ATC GAC GTT CGT CCG GAA AAG CGT GAA ATT CTG TTC AAA TAC ATC CCG,2.3818796868662853
GAC GTT GAA CCG GGT AAA TTC TAC AAA GGT GTT GTT ACC CGT ATC GAA AAA TAC GGT GCG TTC ATC AAC CTC AAT GAA CAG GTT CGT GGT CTG CTG CGT CCG CGT GAC ATG ATC TCT CTG CGT CTG GAA AAT CTG AAC GTT GGT GAC GAA ATC ATT GTT CAG GCG ATC GAC GTT TCT CCG GAA AAA CGT GAA ATC GAA TTC AAA TAC ATC CCG,3.3732021881139307
GAT GTT GAA CCG GGC AAA TTC TAC AAA GGT GTT GTT ACC AAA ATC TCC AAA TAC GGC GCG TTC ATC AAC CTC AAC GAA CAA GTT CGT GGT CTG CTG CGC CCA CGT GAT ATG ATC TCT CTC CGT CTG GAA AAC CTG AAC GTT GGT GAC GAA ATC ATT GTT CAG GCG ATC GAC GTT CGT CCG GAA AAA CGT GAA ATC GAC TTC AAA TAC ATC CCG,4.415773505546664
GAC GTT GAA CCG GGT AAA TTC TAC AAA GGT GTT GTT ACC CGT ATC GAA AAA TAC GGT GCG TTC ATC AAC CTG AAC GAA CAG GTT CGT GGT CTG CTG CGC CCA CGT GAA ATG ATC TCT CTG CGT CTG GAA AAT CTG AAC GTT GGT GAC GAA ATC ATC GTG CAG GCG ATC GAC GTT CGT CCG GAA AAA CGC GAA ATC GAC TTC CGT TAC ATC CCG,3.654558827779467
GAC GTT GAA CCG GGT AAA TTC TAC AAG GGT GTT GTT ACC CGT ATC GAA AAA TAC GGT GCG TTC ATC AAC CTC AAC GAA CAG GTT CGT GGT CTG CTG CGT CCG CGT GAT ATG ATC TCT CTG CGC CTG GAA AAC CTG AAT GTT GGT GAT GAA ATC ATC GTT CAG GCG ATC GAC GTT CGT CCG GAA TGC CGT GAA ATC GAC TTC AAA TAC ATT CCA,3.915000978732989
GAC GTG GAA CCG GGC AAA TTC TAC AAA GGT GTT GTT ACC CGT ATC GAA AAA TAC GGT GCG TTC ATC AAC CTG AAC GAA CAG GTG CGT GGT CTG CTG CGT CCG CGT GAC ATG ATC TCT CTG CGT CTG GAA AAC CTC AAT GTT GGT GAC GAA ATC ATC GTT CAA GCG ATC GAC GTT CGC CCG GAA AAA CGT GAA ATC GAC CAT AAA TAC ATC CCG,1.5422732000478137
GAT GTT GAA CCG GGT AAA TTC TAC AAG GGT GTT GTT ACC TGC ATC GAA AAA TAC GGT GCG TGC ATC AAC CTG AAT GAG CAG GTT CGT GGT CTG CTC CGT CCA CGC GAC ATG ATC TCT CTG CGT CTG GAA AAT CTG AAT GTT GGT GAC GAA ATC ATC GTT CAG GCG ATC GAC GTT CGT CCA GAA AAA CGT GAA ATC GAC TTC AAG TAT ATC CCA,2.6396097161971044
GAC GTT GAA CCG GGT AAA TTC TAC AAA GGT GTT GTT ACC CGT ATC GAA AAA TAC GGT GCG TTC ATC AAT CTC AAT GAG CAG GTT CGT GGT CTG CTC CGT CCA CGT CCG ATG ATC TCT CTG CGT CTG GAA AAT CTG AAC GTT GGT GAC GAA ATC ATC GTT CAA GCG ATC GAC GTT CGT CCG GAG AAA CGC GAA ATC TTC TTC AAA TAC ATC CCG,1.976159525607757
GAC GTG GAA CCG GGT AAA TTC TAC AAA GGT GTT GTT ACC TGG ATC GAA AAA TAC GGT GCG CCG ATC AAT CTG AAC GAA CAG GTT CGT GGT CTG CTG CGT CCG CGT GAC ATG ATC TCT CTG CGT CTG GAA AAC CTG AAC GTG GGC GAC GAA ATC ATC GTG CAG GCG ATC GAC GTT CGT CCG GAA AAA CGT GAA ATC GAC TTC AAA TAC ATC CCG,1.0744378307362965
GAC GTT GAA CCG GGT AAA TTC TAC AAA GGT GTT GTT ACC CGC ATC GAA AAA TAC GGT GCG TTC ATC AAT CTG AAC GAA CAG GTT CGT GGT CTG CTG CGT CCG CGT GAC ATG ATT TCT CTG CGT CTG GAA AAC CTG AAC GTT GGT GAC GAG ATT ATC GTT CAA GCG ATC GAT GTT CGC CCG GAA AAG AAC GAA ATC GAC TTC AAA TAC ATC CCG,5.669211028392789
GAC GTT GAA CCG GGT AAA TTC TAC AAA GGT GTT GTT ACC CGT ATC GAA AAA TAC GGT GCG TTC ATC AAC CTC AAC GAA CAA GTT CGT GGT CTG CTG CGT CCG CGT GAC ATG ATC TCT CTG CGT CTG GAA AAC CTG AAC GTT GGT GAC GAA ATC ATC GTG CAG GCG ATC GAC GTT TGG CCG GAA AAA CGC GAG ATC GTT TTC AAA TAC ATC CCA,3.514049273637992
GAC GTT GAA CCG GGT AAG TTC TAC AAA GGT GTT GTT ACC CGT ATC GAA AAA TAC GGT GCG TTC ATC AAC CTG AAT GAA CAG GTT CGT GGT CTG CTG CAA CCG CGT AAT ATG ATC TCT CTG CGT CTG GAA AAC CTC AAT GTT GGT GAC GAA ATC ATC GTT CAG GCT ATC GAC GTT CGT CCG GAA AAA CGT GAA ATC GAC TTC AAA TAC ATC CCG,4.17145258881029
GAT GTT GAA CCG GGT AAA TTC TAC AAA GGT GTT GTT ACC CGT ATC GAA AAA TAC GGT GCG TTC ATC AAC CTG AAT GAG CAG GTT CGT GGT CTG CTG ACT CCG CGC GAC ATG ATC TCT CTG CGT CTG GAA AAC CTC AAT GTT GGT GAC GAA ATC ATC GTT CAG GCG ATC GAC GTT TGG CCG GAA AAA CGT GAA ATC GAC TTC AAA TAC ATC CCG,1.5707872559441831
GAC GTT GAA CCG GGT AAA TTC TAC AAA GGT GTT GTT ACC CGT ATC GAA AAA TAC GGT GCG TTC ATC AAC CTG AAT GAA CAG GTT CGT GGT CTG CTG CGT CCG CGT GAC ATG ATC TCT CTG CGT CTG GAA AAT CTG AAC GTT GGT GAC GAA ATC ATC GTT CAG GCG ATC GAT GTT CGT CCG GAA AAA CGT GAA ATC GAC TAC AAA TAC ATC CCG,1.950290655267383
GAC GTT GAA CCG GGT AAA TTC TAC AAA GGT GTT GTT ACC CGT ATC GAA AAA TAC GGT GCG TTC ATC AAC CTG AAC GAA CAA GTT CGT GGT CTG CTG CGT CCG CGT GAC ATG ATC TCT CTG CGT CTG GAA AAC CTC AAC GTG GGT GAC GAA ATC ATC GTG CAG GCG ATC GAC GTT CGT CCA CGC AAA CGT GAA ATC GAC TTC AAA TAC ATC CCG,3.948512574744432
GAT GTT GAA CCG GGT AAA TTC TAC AAA GGT GTT GTT ACC CGT ATC GAA AAA TAC GGT GCT TTC ATC AAC CTG AAC GAA CAG GTT CGT GGT CTG CTG CGT CCG CGT GAC ATG ATC TCT CTG CGT CTG GAA AAT CTG AAC GTT GGT GAT TGG ATC ATC GTG CAG GCG ATC GAT GTT CGT CCG GAA AAA CGT GAA ATC GAC TTC AAA TAC ATC CCG,12.431678708283869
GAC GTT GAA CCG GGT AAA TTC TAC AAA GGC GTT GTT ACC GTT ATC ACC AAA TAC GGT GCG TTC ATC AAC CTC AAT GAA CAG GTT CGT GGT CTG CTG CGT CCG CGT GAC ATG ATC TCT CTG CGT CTG GAA AAC CTG AAC GTT GGT GAC GAA ATC ATC GTT CAA GCG ATC GAC GTT CGT CCG GAA AAA CGT GAA ATC GAC TTC AAA TAC ATC CCG,4.919851949555734
GAC GTT GAA CCG GGT AAA TTC TAC AAA GGT GTT GTT ACC CGT ATC GAA AAA TAC GGT GCG TTC ATC AAC CTG AAC GAA CAG GTT CGT GGT CTG CTG CAC CCG CGT GAC ATG ATC TCT CTG CGT CTG GAA AAT CTG AAT GTT GGT GAC GAA ATC ATC GTG CAA GCG ATC GAC GTT GTT CCA GAA AAA CGT GAG ATC GAC TTC AAA TAC ATC CCG,1.379192180545056
GAT GTT GAA CCG GGT AAA TTC TAC AAA GGT GTT GTT ACC CGT ATC GAA CAG TAC GGT GCG TTC ATC AAC CTG AAC GAA CAG GTT CGT GGT CTG CTG CGT CCG CGT GAT ATG ATC TCT CTG CGC CTG GAG AAC CTC AAC GTG GGC GAC GAG ATT ATC GTG CAG GCG ATC GAC GTG CGT CCA GAA AAA CGT GAA ATC GAC TTC AAA TAC ATC CCA,5.012719008846438
GAC GTT GAA CCG GGT AAA TTC TAC AAA GGT GTT GTT ACC ACC ATC TCT AAA TAC GGT GCG TTC ATC AAC CTC AAC GAG CAG GTT CGT GGT CTG CTG CGT CCG CGT GAC ATG ATC TCT CTG CGC CTG GAA AAC CTG AAC GTG GGT GAC GAA ATC ATC GTT CAA GCG ATC GAC GTT CGC CCG GAA AAA CGT GAA ATC GAC TTC AAA TAC ATT CCG,3.611017949221025
GAC GTT GAA CCG GGT AAA TTC TAC AAA GGT GTT GTT ACC CGT ATC GAA AAA TAC GGT GCG TTC ATC AAC CTC AAC GAA CAG GTT CGT GGT CTG CTG CTG CCG CGT GAC ATG ATC TCT CTG CGC CTG GAA AAC CTG AAC GTT GGT GAC GAA ATC ATC GTT CAA GCG ATT GAC GTT CGC CCG GAA AAA CGT GAA ATC TGG TTC AAA TAC ATC CCG,3.342467067747936
GAC GTT GAA CCG GGT AAA TTC TAC AAA GGT GTT GTT ACC CGT ATC GAA AAA TAC GGT GCG TTC ATC AAC CTG AAC GAA CAG GTT CGT GGT CTG CTG CCG CCA CGT GAC ATG ATC TCT CTG CGT CTG GAA AAC CTC AAT GTT GGT GAC GAA ATC ATC GTT CAA GCG ATC GAC GTT AAC CCG GAA AAA CGT GAA ATC GAC TTC AAA TAC ATC CCG,1.3092348011975743
GAC GTT GAA CCG GGT AAA TTC TAC AAA GGT GTT GTT ACC CGT ATC GAA AAA TAC GGT GCG TGG ATC AAT CTG AAT GAA CAG GTT CGT GGT CTG CTG CGT CCG CGC GAC ATG ATC TCT CTC CGT CTG GAA AAC CTG AAC GTG GGT GAC GAA ATC ATC GTT CAA GCG ATC GAT GTT CGT CCA GAA AAA CGT GAA ATC GAC TTC AAA TAC ATC CCG,6.016064911230098
GAC GTT GAA CCG GGT AAG TTC TAC AAA GGT GTT GTT ACC CGT ATC GAA AAA TAC GGT GCG TTC ATC AAC CTG AAT GAA CAG GTT CGT GGT CTG CTG CGT TAC CGT GAT ATG ATC TCT CTG CGT CTG GAA AAC CTC AAT GTT GGT GAC GAA ATC ATC GTT CAA GCG ATC GAC GTT CGT CCG GAA AAA CGT GAA ATT GAC TTC AAA TAC ATC CCG,3.8504184604661487
GAC GTT GAA CCG GGT AAA TTC TAC AAA GGT GTT GTT ACC CGT ATC GAA AAA TAC GGT GCG TTC ATC AAT CTG AAT GAA CAG GTT CGC GGT CTG CTG GCT CCG CGT GAC ATG ATC TCT CTG CGT CTG GAG AAC CTG AAC GTT GGT GAC GAA ATC ATC GTT CAA GCG ATC GAT GTT CGT CCG GAA AAA CGT GAA ATC ACC TTC AAA TAC ATC CCG,3.1005763545725804
GAT GTT GAA CCG GGT AAA TTC TAC AAA GGT GTT GTT ACC CGT ATC GAA AAA TAC GGT GCG TTC ATC AAT CTG AAT GAA CAG GTT CGT GGT CTG CTG ATT CCA CGC GAC ATG ATC TCT CTG CGT CTG GAA AAC CTG AAT GTT GGT GAC GAA ATC ATC GTT CAG GCG ATC GAT GTT CGT CCG GAA AAA CGT GAA ATC TCC TTC AAA TAC ATC CCG,2.225269133513059
GAC GTG GAA CCG GGT AAG TTC TAC AAA GGT GTT GTT ACC CGT ATC GAA AAA TAC GGT GCG TTC ATC AAC CTC AAC GAA CAG GTT CGT GGC CTC CTG CGT CCG CGT GAA ATG ATC TCT CTG CGC CTG GAA AAC CTG AAT GTT GGT GAC GAA ATC ATT GTT CAG GCG ATC GAT GTT CGT CCG GAA AAA CGC GAA ATC GAC TTC ACC TAC ATC CCG,1.9548110355081207
GAC GTG GAA CCG GGT AAA TTC TAC AAG GGT GTT GTT ACC CGT ATC GAA AAA TAC GGT GCG TTC ATC AAC CTG AAC GAA CAA GTT CGT GGT CTG CTG CGT CCA CGC CAC ATG ATC TCT CTG CGT CTG GAA AAC CTC AAT GTT GGT GAC GAA ATC ATC GTT CAA GCG ATC GAC GTT CGC CCG GAA AAA CGT GAA ATC GAC TTC CTG TAC ATC CCG,3.8449497840551503
GAC GTT GAA CCG GGT AAA TTC TAC AAA GGT GTT GTT ACC CGT ATC GAA AAA TAC GGT GCG TTC ATC AAC CTC AAC GAA CAG GTT CGT GGT CTG CTG CGT CCG CGT GAC ATG ATC TCT CTG CGT CTG GAG TGG CTG AAC GTT GGT GAC GAA ATC ATC GTT CAG GCG ATC GAC GTT CGT CCA GAA AAA CGT GAA ATC GAC TTC AAA TAC ATC CCG,5.472813056018456
GAC GTT GAG CCG GGT AAA TTC TAC AAA GGC GTT GTT ACC CGT ATC GAA AAA TAC GGT GCG TTC ATC AAC CTG AAC GAA CAG GTT CGT GGC CTC CTC CCG CCA CGT CGT ATG ATC TCT CTG CGT CTG GAA AAT CTG AAC GTT GGT GAC GAA ATC ATT GTT CAG GCG ATC GAC GTT CGT CCG GAA AAA CGT GAA ATC GAC TTC AAA TAC ATC CCG,1.67789180858835
GAC GTT GAA CCG GGT AAG TTC TAC AAA GGT GTT GTT ACC CGT ATC GAA AAA TAC GGT GCG TTC ATC TCT CTG AAC GAG CAG GTT CGT GGT CTG CTG CGT CCG CGT GAC ATG ATC TCC CTG CGC CTG GAA AAC CTG AAC GTT GGC GAC GAA ATT ATC GTT CAA GCG ATT GAC GTG CGT CCA GAA AAA CGT GAA ATC GAC TTC AAA TAC ATC CCG,5.551196668214612
GAC GGT GAA CCG GGT AAA TTC TAC AAA GGT GTT GTT ACC CGT ATC GAA AAA TAC GGT GCG TTC ATC AAT CTG AAC GAA CAG GTT CGT GGT CTG CTG CGT CCG CGT GAC ATG ATC TCT CTG CGT CTG GAA AAC CTC AAT GTT GGT GAC GAA ATC ATT GTT CAG GCG ATC GAC GTT CGT CCG GAA AAA CGT GAA ATC GAC TTC AAA TAC ATC CCG,1.904433060651261
GAC GTT GAA CCG GGT AAA TTC TAC AAA GGT GTT GTT ACC CGT ATC GAA AAA TAC GGT GCG TTC ATC AAC CTG AAC GAA CAG GTT CGT GGT CTG CTG CGT CCG CGT CAG ATG ATC TCT CTG CGT CTG GAA AAT CTG AAC GTT GGT GAC GAA ATC ATC GTG CAG GCG ATC GAC GTT TGG CCG GAA AAA CGT GAA ATC GAC TTC AAA TAC ATC CCG,2.151397679629171
GAC GTT GAA CCG GGT AAA TTC TAC AAA GGT GTT GTT ACC CGT ATC GAA AAA TAC GGT GCG TTC ATC AAC CTC AAC GAG CAG GTT CGT GGT CTG CTG TAC CCG CGT GAC ATG ATC TCT CTG CGT CTG GAA AAT CTG AAC GTT GGT GAC GAA ATC ATC GTG CAA GCG ATC GAC GTT CGT CCG GAA AAA CGT GAG ATC TAC TTC AAA TAC ATC CCG,2.733085650221544
GAC GTT GAG CCG GGT AAG TTT TAC AAA GGT GTT GTT ACC CGT ATC GAA AAA TAC GGT GCG TTC ATC AAT CTG AAC GAA CAG GTT CGT GGC CTG CTG CGT CCA CGT CAG ATG ATC TCT CTC CGT CTG GAA AAC CTG AAC GTG GGT GAC GAA ATC ATC GTG CAG GCG ATT GAC GTT CGT CCG GAA AAA CGT GAA ATC GAC TTC ACC TAC ATC CCG,2.037156225511648
GAC GTT GAA CCG GGT ATC TTC TAC AAA GGT GTT GTT ACC CGT ATC GAA AAA TAC GGT GCG TTC ATC AAC CTC AAC GAA CAG GTG CGT GGT CTG CTG CGT CCA CGT GAC ATG ATC TCT CTG CGT CTG GAA AAC CTG AAC GTT GGT GAC GAA ATC ATC GTG CAG GCG ATC GAC GTT CGT CCA GAA AAA CGT GAA ATC GAC TTC AAA TAC ATC CCG,4.150421663296097
GAT GTT GAA CCG GGT AAA TTC TAC AAA GGT GTT GTT ACC CGT ATC GAA AAG TAC GGT GCG TTC ATC AAC CTC AAC GAA CAG GTT CGT GGT CTG CTG TTC CCG CGT GAC ATG ATC TCT CTG CGT CTG GAA AAC CTG AAT GTT GGT GAC GAA ATC ATC GTT CAA GCG ATC GAC GTT GTT CCG GAG AAA CGT GAA ATC GAC TTC AAA TAC ATC CCG,1.4298475850323098
GAC GTT GAA CCG GGT AAA TTC TAC AAA GGT GTT GTT ACC CGT ATC GAA AAA TAC GGT GCG TTC ATC AAC CTC AAC GAA CAG GTT CGT GGT CTG CTG CGT CCA CGT GCG ATG ATC TCT CTG CGT CTG GAA AAC CTG AAC GTT GGT GAC GAA ATC ATC GTG CAG GCG ATC GAC GTT GCG CCG GAA AAA CGT GAA ATC GAC TTC AAA TAC ATC CCG,1.7296946293854478
GAC GTT GAA CCG GGT AAA TTC TAC AAG GGT GTT GTT ACC CGT ATC GAA AAA TAC GGT GCG TTC ATC AAC CTC AAC GAA CAG GTT CGT GGC CTC CTG CGT CCG TGT GAC ATG ATC TCT CTG CGC CTG GAA AAC CTG AAC GTT GGC GAC GAA ATC ATC GTT CAA GCG ATC GAC GTT CGT CCG GAA AAA CGT GAA ATC GAC TTC AAA TAC ATC CCG,3.627613909445776
GAC GTT GAA CCG GGT AAA TTC TAC AAA GGT GTT GTT ACC CAG ATC TCT AAA TAC GGT GCG TTC ATC AAC CTG AAC GAA CAG GTT CGT GGT CTG CTG CGT CCG CGT GAC ATG ATC TCT CTG CGT CTG GAA AAC CTC AAC GTG GGT GAC GAA ATT ATC GTG CAA GCG ATC GAC GTT CGT CCG GAA AAA CGT GAA ATC GAC TTC AAA TAC ATC CCG,4.315472693940659
GAT GTT GAA CCG GGT AAA TTC TAC AAA GGT GTT GTT ACC CGT ATC GAA AAA TAC GGT GCG TTC ATC AAC CTG CTG GAA CAG GTT CGT GGT CTG CTG CGT CCA CGT GAC ATG ATC TCT CTC CGT CTC GAA AAT CTG AAC GTT GGT GAC GAA ATC ATC GTT CAG GCG ATC GAC GTT CGT CCG GAA AAA CGT GAA ATC GAC TTC AAA TAC ATC CCG,2.85949662877816
GAC GTT GAA CCG GGT AAA TTC TAC AAA GGC GTG GTT ACC TCC ATC TGG AAA TAC GGT GCG TTC ATT AAC CTG AAT GAA CAG GTT CGT GGC CTG CTC CGT CCG CGT GAC ATG ATC TCC CTC CGT CTC GAA AAT CTG AAC GTT GGT GAC GAA ATC ATC GTT CAG GCG ATC GAC GTG CGT CCG GAA AAA CGT GAA ATT GAC TTC AAA TAC ATC CCA,4.616505919795731
GAC GTG GAA CCG GGT AAG TTT TAC AAA GGC GTT GTT ACC ATT ATC TAC AAA TAC GGT GCG TTC ATC AAC CTG AAC GAA CAG GTT CGT GGT CTG CTG CGT CCG CGT GAC ATG ATC TCT CTG CGT CTG GAA AAT CTG AAC GTT GGT GAC GAA ATC ATC GTT CAA GCG ATC GAC GTT CGT CCG GAA AAA CGT GAA ATC GAC TTC AAA TAC ATC CCG,4.14844615421381
GAC GTT GAG CCG GGT AAA TTC TAC AAA GGT GTT GTT ACC CGT ATC GAA AAA TAC GGT GCG TTC ATC AAT CTG AAC GAA CAG GTT CGT GGT CTG CTG CGT CCG CGT GAC ATG ATC TCT CTG CGT CTG GAA AAC CTG AAT GTG GGT GAC GAA ATC ATC GTT GAC GCG ATC GAC GTT CGT CCG GAA AAA CGT GAA ATC GAC TTC AAA TAC ATC CCG,1.0619195558411405
GAC GTT GAA CCG GGT AAG TTC TAC AAA GGT GTT GTT ACC ATC ATC ATC AAA TAC GGT GCG TTC ATC AAC CTC AAC GAA CAG GTT CGT GGT CTG CTG CGT CCG CGT GAC ATG ATC TCT CTG CGT CTG GAA AAT CTG AAC GTT GGT GAC GAA ATC ATC GTT CAG GCG ATC GAC GTT CGT CCG GAG AAA CGT GAA ATC GAC TTC AAG TAC ATC CCG,3.05287528812405
GAC GTT GAA CCG GGT AAA TTC TAC AAA GGT GTT GTT ACC CGT ATC GAA AAA TAC GGT GCG TTC ATC AAC CTC AAC GAG CAG GTT CGT GGT CTG CTG CGT CCG CGT ATG ATG ATC TCT CTG CGT CTG GAA AAC CTG AAT GTT GGT GAC GAA ATC ATC GTT CAA GCG ATC GAC GTT TAT CCG GAG AAG CGT GAA ATC GAC TTC AAA TAC ATC CCG,2.254751620529904
GAC GTG GAA CCG GGT AAA TTC TAC AAA GGT GTT GTG ACC AAA ATC GAA AAA TAC GGT GCG AAC ATC AAT CTG AAC GAA CAG GTT CGT GGT CTG CTG CGT CCG CGT GAC ATG ATC TCT CTC CGT CTC GAA AAC CTG AAT GTT GGT GAC GAA ATC ATC GTT CAA GCG ATC GAC GTT CGT CCG GAA AAA CGT GAA ATC GAC TTC AAA TAC ATC CCG,1.307296612882998
GAC GTT GAA CCG GGT AAA TTC TAC AAG GGC GTT GTT ACC GTT ATC GAA AAA TAC GGT GCG TGG ATC AAC CTC AAC GAA CAG GTT CGT GGT CTG CTG CGT CCG CGT GAC ATG ATC TCT CTG CGT CTG GAA AAC CTG AAT GTG GGT GAC GAA ATC ATC GTT CAG GCG ATC GAT GTT CGT CCG GAA AAA CGT GAA ATC GAC TTC AAA TAC ATC CCG,4.155908810308938
GAC GTT GAA CCG GGT AAG TTC TAC AAA GGT GTT GTT ACC CGT ATC GAA AAA TAC GGT GCG TTC ATC AAC CTC AAC GAA CAA GTT CGT GGT CTG CTG CGT CCG CGT GAC ATG ATC TCT CTG CGT CTG GAA AAC CTG AAC GTT GGT GAC GAA ATC ATC GTG CAG GCG ATC GAT GTT CGT CCG GAA AAA CGT GAA ATC TGG TTC AAA TAC ATC CCG,4.122102181702971
GAC GTT GAA CCG GGT AAA TTC TAC AAA GGT GTT GTT ACC CGT ATC GAA AAA TAC GGT GCG TTC ATC AAT CTG AAC GAG CAG GTT CGT GGT CTG CTG TAC CCG CGT GAC ATG ATC TCT CTG CGT CTG GAA AAC CTG AAC GTT GGT GAC GAA ATC ATC GTT CAA GCG ATC GAC GTT CGT CCG GAA AAA CGT GAA ATC CAC TTC AAA TAC ATC CCG,2.3310039969314733
GAC GTT GAA CCG GGT AAA TTC TAC AAA GGT GTT GTT ACC CGT ATC GAA AAA TAC GGT GCG TTC ATC AAC CTC AAC GAA CAG GTT CGT GGT CTG CTG GCT CCG CGC ATG ATG ATC TCT CTC CGT CTG GAA AAC CTG AAC GTT GGT GAC GAA ATC ATC GTT CAA GCG ATC GAT GTT CGT CCG GAA AAA CGT GAA ATC GAC TTC AAA TAC ATC CCG,2.3232781048300755
GAC GTT GAA CCG GGT AAA TTC TAC AAA GGT GTT GTT ACC CGT ATC GAA AAA TAC GGT GCG TTC ATC AAC CTC AAC GAA CAG GTT CGT GGT CTG CTG CGT CCG CGT GAC ATG ATC TCT CTG CGT CTG GAA AAC CTG AAC GTT GGT GAC GAA ATC ATC GTG CAG GCG ATC GAC GTT CGT CCG GAA AAA CGT GAA ATC GAC GCG AAA TAC ATT CCG,1.4709465201211558
GAC GTT GAA CCG GGT AAA TTC TAC AAA GGT GTT GTT ACC CGT ATC GAA AAA TAC GGT GCG TTC ATC AAC CTG AAT GAA CAG GTT CGT GGT CTG CTG CGT CCG CGT TAC ATG ATC TCT CTG CGT CTG GAA AAC CTC AAC GTG GGT GAC GAA ATC ATC GTT CAG GCG ATC GAC GTT TCT CCG GAA AAA CGT GAA ATC GAC TTC AAA TAC ATC CCG,2.815826566364389
GAC GTT GAA CCG GGT AAG TTC TAC AAA GGT GTT GTT ACC CGT ATC GAA AAA TAC GGT GCG TTC ATC AAC CTG AAT GAA CAG GTT CGT GGT CTG CTG CGT CCA CGT TTT ATG ATC TCT CTG CGT CTG GAA AAT CTG AAT GTT GGT GAC GAA ATC ATC GTT CAG GCT ATC GAC GTT CGT CCG GAA AAA CGC GAA ATC CGT TTC AAA TAC ATC CCG,2.9702651020096296
GAC GTT GAA CCG GGT AAA TTC TAC AAA GGT GTT GTT ACC CGT ATC GAA AAA TAC GGT GCG TTC ATC AAC CTC AAC GAA CAG GTT CGT GGT CTG CTG CGC ATC CGT GAC ATG ATC TCT CTG CGT CTG GAA AAC CTG AAC GTT GGT GAC GAA ATC ATC GTT CAA GCG ATC GAC GTT CGT CCG GAA AAA CGT GAA ATC GAC TTC AAA TAC ATC CCG,4.762646371874896
GAC GTT GAA CCG GGT AAA TTC TAC AAA GGT GTT GTT ACC CGT ATC GAA AAA TAC GGT GCG TTC ATC AAC CTC AAC GAA CAG GTT CGT GGT CTG CTG ACT CCG CGT AAC ATG ATC TCT CTG CGT CTG GAA AAC CTG AAC GTT GGT GAC GAA ATC ATC GTT CAA GCG ATC GAC GTT CGT CCG GAA AAA CGT GAA ATC GAC TTC AAA TAC ATC CCG,3.949769391896581
GAT GTT GAA CCG GGT AAA TTC TAC AAA GGT GTT GTT ACC CGT ATC GAA AAA TAC GGT GCG TTC ATC AAC CTG AAC GAG CAG GTT CGT GGT CTG CTG CGT CCG CGC AAC ATG ATC TCT CTG CGT CTG GAA AAC CTC AAC GTG GGT GAC GAA ATC ATC GTT CAA GCG ATC GAT GTT CGT CCG GAA AAA CGT GAA ATC GAC TTC ATC TAC ATC CCG,3.784617389244164
GAT GTT GAA CCG GGT AAA TTC TAC AAG GGT GTT GTG ACC ATG ATC GAA AAA TAC GGT GCG CGT ATC AAC CTC AAC GAG CAG GTT CGT GGT CTG CTG CGT CCG CGT GAC ATG ATC TCT CTG CGC CTG GAA AAC CTG AAC GTG GGT GAC GAA ATC ATC GTT CAA GCG ATC GAC GTT CGT CCA GAA AAA CGT GAA ATC GAC TTC AAA TAC ATC CCG,1.9905194216906057
GAT GTT GAG CCG GGT AAA TTC TAC AAA GGT GTT GTT ACC CGT ATC GAA AAA TAC GGT GCG TTC AAC AAC CTG AAC GAG CAG GTT CGT GGT CTG CTG CGT CCG CGT GAC ATG ATC TCT CTG CGT CTG GAA AAC CTC AAT GTT GGT GAC GAA ATC ATC GTG CAG GCG ATC GAC GTT CGC CCG GAA AAA CGT GAA ATC GAC TTC AAA TAC ATC CCA,0.4202623204348917
GAC GTT GAA CCG GGT AAA TTC TAC AAA GGT GTT GTT ACC CGT ATC GAA AAA TAC GGT GCG TTC ATC AAT CTC AAC GAA CAG GTT CGT GGT CTG CTG CCG CCA CGT GAC ATG ATC TCT CTG CGT CTG GAA AAC CTC AAT GTT GGT GAC GAA ATC ATC GTT CAG GCG ATC GAT GTT CGT CCG GAA AAA CGT GAA ATC AAA TTC AAA TAC ATC CCG,1.7497981268772684
GAT GTG GAG CCG GGT AAG TTC TAC AAA GGT GTT GTT ACC ACC ATC GAA AAA TAC GGT GCG CAG ATC AAT CTG AAC GAA CAG GTT CGT GGT CTG CTG CGT CCG CGT GAC ATG ATC TCT CTG CGC CTG GAA AAC CTG AAT GTT GGT GAC GAA ATC ATT GTT CAG GCG ATC GAC GTG CGC CCA GAA AAA CGT GAA ATC GAC TTC AAA TAC ATC CCA,1.5461295206234995
GAC GTT GAA CCG GGT AAA TTC TAC AAA GGT GTT GTT ACC CGT ATC GAA AAA TAC GGT GCG TTC ATC AAT CTG AAC GAA CAG GTT CGT GGT CTG CTG CGT CCG CGT GAC ATG ATC TCT CTG CGT CTG GAA AAC CTG AAC GTT GGT GAC GAA ATC ATC GTG CAG GCG ATC GAC GTT ACT CCG GAA AAA CGT GAA ATC CGT TTC AAA TAC ATC CCG,4.627437968864546
GAT GTT GAA CCG GGT AAA TTC TAC AAA GGT GTT GTT ACC CGT ATC GAA AAA TAC GGT GCG TTC ATC AAC CTG AAC GAA CAG GTT CGC GGT CTG CTG GGT CCG CGT GAT ATG ATC TCT CTG CGT CTG GAA AAT CTG AAC GTT GGT GAC GAA ATC ATT GTT CAG GCG ATC GAC GTT GTG CCG GAA AAA CGT GAA ATC GAC TTC AAA TAC ATC CCG,1.155350701160308
GAC GTT GAG CCG GGT AAA TTC TAC AAA GGT GTT GTT ACC CGT ATC GAA AAA TAC GGT GCG TTC ATC AAT CTG AAC GAA CAG GTT CGT GGT ATG CTG CGT CCG CGT GAC ATG ATC TCT CTG CGT CTG GAA AAC CTG AAT GTT GGT GAC GAA ATC ATT GTT CAG GCT ATC GAC GTT CGT CCG GAG AAA CGT GAA ATC GAC TTC AAA TAC ATC CCA,3.924442604803303
GAC GTT GAA CCG GGT AAA TTC ATC AAA GGT GTT GTT ACC CGT ATC GAA AAA TAC GGT GCG TTT ATC AAC CTG AAT GAA CAG GTT CGT GGT CTG CTG CGT CCG CGT GAC ATG ATC TCT CTG CGT CTG GAA AAT CTG AAC GTT GGT GAC GAA ATC ATC GTT CAA GCT ATC GAC GTT CGT CCG GAA AAA CGT GAA ATC GAC TTC AAA TAC ATC CCG,1.7514651133709638
GAC GTT GAA CCG GGC AAG TTC TAC AAA GGT GTT GTT ACC TAC ATT CAC AAA TAC GGT GCG TTC ATC AAC CTG AAC GAA CAG GTT CGT GGT CTG CTG CGT CCG CGT GAC ATG ATC TCT CTG CGT CTG GAA AAC CTC AAC GTG GGC GAC GAA ATC ATC GTT CAA GCG ATC GAC GTT CGT CCG GAA AAG CGT GAA ATC GAC TTC AAA TAC ATC CCG,3.949844228002448
GAC GTT GAA CCG GGT AAA TTC TAC AAA GGT GTT GTT ACC CGT ATC GAA AAA TAC GGT GCG TTC ATC AAC CTG AAC GAA CAG GTT CGT GGT CTG CTG AAC CCG CGT GAC ATG ATC TCT CTG CGT CTG GAA AAT CTG AAC GTT GGT GAC GAA ATC ATC GTG CAG GCG ATC GAC GTT CGT CCG GAA AAA CGT GAA ATC CCG TTC AAA TAC ATC CCG,0.8795865359457251
GAT GTT GAA CCG GGT AAA TTC TAC AAA GGT GTT GTT ACC CAG ATC CAC AAA TAC GGT GCG TTC ATC AAC CTG AAT GAA CAG GTT CGT GGT CTG CTG CGT CCG CGT GAC ATG ATC TCT CTC CGT CTG GAA AAC CTC AAC GTG GGT GAC GAA ATC ATC GTT CAG GCG ATC GAT GTT CGT CCG GAA AAA CGT GAA ATC GAC TTC AAA TAC ATC CCG,4.476085161674877
GAC GTT GAA CCG GGT AAA TTC TAC AAA GGT GTT GTT ACC CGT ATC GAA AAA TAC GGT GCG TTC ATC AAC CTG AAT GAA CAG GTT CGT GGT CTG CTG CGT CCG CGT CGT ATG ATT TCT CTC CGT CTG GAA AAT CTG AAC GTT GGT GAC GAG ATT ATT GTG CAG GCG ATC GAT GTT CGT CCG GAA AAA CGT GAG ATC ATC TTC AAA TAC ATC CCG,2.404858752729941
GAC GTT GAA CCG GGC AAG TTC TAC AAA GGT GTT GTT ACC TAC ATC GAA AAA TAC GGT GCG AAC ATC AAT CTG AAC GAG CAG GTT CGT GGT CTG CTC CGT CCG CGC GAC ATG ATT TCT CTG CGT CTG GAA AAC CTG AAT GTG GGT GAC GAG ATT ATC GTT CAA GCG ATT GAC GTT CGT CCG GAA AAA CGT GAA ATC GAC TTC AAA TAC ATC CCA,1.0436756382401753
GAC GTT GAG CCG GGT AAA TTC TAC AAA GGT GTT GTT ACC CGT ATC GAA AAA TAC GGT GCG TTC ATC AAC CTG AAC GAA CAA GTT CGT GGT CTG CTG GTT CCG CGT GAC ATG ATC TCT CTG CGT CTG GAA AAT CTG AAC GTT GGT GAC GAA ATC ATC GTG CAA GCG ATT GAC GTT CGT CCG GAA AAA CGT GAA ATC ACT TTC AAA TAC ATC CCG,2.4293022531939146
GAC GTT GAA CCG GGT AAA TTC TAC AAA GGT GTT GTT ACC CGT ATC GAA AAA TAC GGT GCG TTC ATC AAC CTG AAC GAA CAG GTT CGT GGT CTG CTG CAA CCG CGT GAC ATG ATC TCT CTG CGT CTG GAA AAC CTC AAC GTG GGT GAC GAA ATC ATC GTT CAA GCG ATT GAC GTT CAC CCA GAA AAA CGT GAA ATC GAC TTC AAA TAC ATC CCG,2.071654221418715
GAC GTT GAA CCG GGT AAA TTC TAC AAA GGT GTT GTT ACC CGT ATC GAA AAA TAC GGT GCG TTC ATC AAT CTG AAC GAA CAG GTT TGC GGT CTG CTC CGT CCG CGT GAC ATG ATC TCT CTG CGT CTG GAG AAC CTC AAC GTG GGC GAC GAG ATT ATC GTG CAG GCG ATC GAC GTT CGT CCG GAA AAA CGT GAA ATC GAC TTC AAA TAC ATC CCG,4.090276116107424
GAC GTT GAA CCG GGT AAG TTC TAC AAA GGT GTT GTT ACC CGT ATC GAA AAA TAC GGT GCG TTC ATC AAC CTC AAC GAA CAA GTT CGT GGT CTG CTG CGT CCG CGT AAG ATG ATC TCT CTG CGT CTG GAG AAC CTG AAC GTT GGT GAC GAA ATC ATT GTT CAG GCG ATC GAC GTT CGT CCG GAA AAA CGT GAA ATC GAC TTC AAA TAC ATC CCG,2.6582529344418457
GAT GTG GAA CCG GGT AAG TTC TAC AAA GGC GTG GTG ACC CGT ATC GAA AAA TAC GGT GCG TTC ATC AAT CTG AAT GAA CAG GTT CGT GGT CTG CTC CGT CCG CGT TTC ATG ATC TCT CTG CGT CTG GAA AAC CTC AAT GTT GGT GAC GAA ATC ATC GTT CAG GCG ATC GAT GTT CGT CCG GAA AAA CGT GAA ATC GAC TTC TGC TAC ATC CCG,3.4256099062465486
GAC GTT GAA CCG GGT AAA TTC TAC AAG GGT GTT GTT ACC CGT ATC GAA AAA TAC GGT GCG TTC ATC AAC CTG AAT GAA CAG GTT CGT GGT CTG CTG CGT CCG CGT GAC ATG ATC TCT CTG CGT CTG GAA AAC CTC AAT GTT GGT GAC GAA ATC ATC GTT CAG CAC ATC GAC GTT CGT CCA GAA AAA CGT GAA ATC GAC TTC AAA TAC ATC CCG,1.4353795302099597
GAT GTT GAA CCG GGT AAA TTC TAC AAA GGT GTT GTT ACC CGT ATC GAA AAA TAC GGT GCG TTC ATC AAT CTG AAT GAA CAG GTT CGT GGT CTG CTG CGT CCG CGT CTG ATG ATC TCT CTG CGT CTG GAA AAC CTG AAT GTT GGT GAC GAA ATC ATC GTT CAG GCG ATC GAC GTT TAC CCA GAG AAA CGT GAA ATC GAC TTC AAA TAC ATC CCG,1.869972378002544
GAC GTT GAA CCG GGT AAA TTC TAC AAG GGT GTT GTT ACC CGT ATC GAA AAA TAC GGT GCG TTC ATC AAC CTG AAT GAA CAG GTT CGT GGT CTG CTG CGT CCG CGC GAA ATG ATC TCT CTG CGT CTG GAA AAC CTC AAT GTT GGT GAC GAA ATC ATC GTT CAA GCG ATC GAC GTT CCG CCG GAA AAA CGT GAA ATC GAC TTC AAA TAC ATC CCA,1.2753477672967213
GAC GTT GAA CCG GGT AAA TTC TAC AAA GGT GTT GTT ACC CGT ATC GAA AAA TAC GGT GCG TTC ATC AAC CTC AAC GAG CAG GTT CGT GGT CTG CTG CTG CCG CGT GAC ATG ATC TCT CTG CGT CTG GAA AAC CTG AAC GTT GGT GAC GAA ATC ATC GTT CAA GCG ATC GAC GTT TTC CCG GAA AAA CGT GAA ATC GAC TTC AAA TAC ATC CCG,2.168455347872886
GAC GTT GAA CCG GGT AAA TTC TAC AAG GGT GTT GTT ACC CGT ATC GAA AAA TAC GGT GCG TTC ATC AAC CTC AAC GAA CAG GTT CGT GGT CTG CTG TTC CCG CGT GAC ATG ATC TCT CTG CGC CTG GAA AAC CTG AAC GTT GGC GAC GAA ATC ATT GTG CAG GCG ATC GAC GTT CGT CCG GAA AAA CGT GAA ATC GAA TTC AAA TAC ATC CCG,2.213455999471303
GAC GTT GAA CCG GGT AAA TTC TAC AAG GGT GTT GTT ACC ACC ATC ACC AAA TAC GGT GCG TTC ATC AAC CTC AAC GAG CAG GTT CGT GGT CTG CTG CGT CCG CGT GAC ATG ATC TCT CTG CGC CTG GAG AAC CTG AAT GTT GGT GAC GAA ATC ATT GTT CAG GCG ATC GAC GTT CGT CCG GAA AAA CGT GAA ATC GAC TTC AAA TAC ATT CCG,4.48732621465938
GAT GTT GAA CCG GGC AAA TTC TAC AAG GGT GTT GTT ACC TCT ATC GAA AAA TAC GGT GCG GGT ATC AAC CTC AAC GAA CAA GTT CGT GGT CTG CTG CGC CCA CGC GAC ATG ATC TCT CTG CGT CTG GAA AAC CTG AAT GTG GGT GAC GAA ATC ATC GTT CAA GCG ATC GAC GTG CGT CCG GAA AAA CGT GAA ATC GAC TTC AAA TAC ATC CCG,1.4010748517994491
GAC GTG GAA CCG GGT AAA TTC TAC AAA GGT GTG GTT ACC AAC ATC GAA AAA TAC GGT GCG GCG ATT AAC CTG AAT GAA CAG GTG CGT GGC CTG CTG CGT CCG CGT GAC ATG ATC TCT CTC CGT CTG GAA AAC CTC AAC GTG GGT GAC GAA ATC ATC GTT CAG GCG ATT GAC GTT CGC CCG GAA AAA CGT GAA ATC GAC TTC AAA TAC ATC CCG,1.1045914851595011
GAC GTT GAA CCG GGT AAA TTC TAC AAA GGT GTT GTT ACC GCG ATC CGT AAA TAC GGT GCG TTC ATC AAT CTG AAC GAA CAG GTT CGT GGT CTG CTG CGT CCG CGT GAC ATG ATC TCT CTG CGT CTG GAA AAC CTG AAC GTT GGT GAC GAA ATC ATC GTG CAG GCG ATC GAC GTT CGT CCG GAA AAA CGT GAA ATC GAC TTC AAA TAC ATC CCG,5.2188311849879385
GAC GTT GAG CCG GGT AAA TTC TAC AAA GGC GTT GTT ACC CGT ATC GAA AAA TAC GGT GCG TTC ATC AAC CTG AAC GAA CAG GTT CGC GGT CTG CTG TGG CCG CGT ATT ATG ATC TCT CTG CGT CTG GAA AAT CTG AAC GTT GGT GAC GAA ATC ATT GTT CAG GCG ATC GAC GTT CGT CCG GAA AAA CGT GAA ATC GAC TTC AAA TAC ATC CCG,1.8648986663918703
GAC GTT GAA CCG GGT AAA TTC TAC AAG GGC GTT GTG ACC TCT ATC GAA AAA TAC GGT GCG AAC ATC AAC CTG AAC GAA CAG GTT CGC GGT CTG CTC CGT CCA CGT GAC ATG ATC TCT CTG CGT CTC GAA AAT CTG AAC GTT GGT GAC GAA ATC ATC GTG CAG GCG ATT GAC GTT CGT CCG GAA AAA CGT GAA ATC GAC TTC AAA TAC ATC CCG,1.7331014712796842
GAC GTT GAA CCG GGT AAA TTC TAC AAA GGT GTT GTT ACC CGT ATC GAA AAA TAC GGT GCG TTC ATC AAC CTG AAC GAA CAG GTT CGT GGT CTG CTG GAA CCG CGT GAT ATG ATC TCT CTG CGT CTG GAA AAT CTG AAT GTG GGT GAC GAA ATC ATC GTT CAA GCG ATC GAC GTT GTG CCG GAA AAA CGT GAA ATC GAC TTC AAA TAC ATC CCG,1.0130950184867924
GAT GTT GAA CCG GGT AAA TTC TAC AAA GGT GTT GTT ACC CGT ATC GAA AAA TAC GGT GCT TTC ATC GAC CTC AAC GAA CAG GTT CGT GGT CTG CTG CGT CCG CGT GAC ATG ATC TCT CTG CGT CTG GAA AAC CTG AAT GTT GGT GAC GAA ATC ATC GTT CAG GCT ATC GAC GTT CGT CCG GAA AAA CGT GAA ATC GAC TTC AAA TAC ATC CCG,4.792393530581812
GAC GTT GAA CCG GGT TAC TTC TAC AAA GGT GTT GTT ACC CGT ATC GAA AAA TAC GGT GCG TTC ATC AAC CTG AAC GAA CAA GTT CGT GGT CTG CTG CGT CCG CGT GAC ATG ATC TCT CTG CGT CTG GAA AAC CTC AAT GTT GGT GAC GAA ATC ATC GTG CAG GCG ATT GAC GTT CGT CCG GAA AAA CGT GAA ATC GAC TTC AAA TAC ATC CCG,4.089975817327467
GAC GTT GAA CCG GGT AAA TTC TAC AAA GGT GTT GTT ACC GGC ATC CTG AAA TAC GGT GCG TTC ATC AAC CTG AAT GAA CAG GTG CGT GGT CTG CTG CGT CCG CGT GAC ATG ATC TCT CTG CGC CTG GAA AAC CTC AAC GTG GGT GAC GAA ATC ATC GTT CAG GCG ATT GAC GTT CGT CCG GAA AAA CGT GAA ATC GAC TTC AAA TAC ATC CCG,3.6887108840564
GAC GTT GAA CCG GGT AAG TTC TAC AAA GGT GTT GTT ACC CGT ATC GAA AAA TAC GGT GCG TTC ATC AAC CTG AAC GAA CAG GTT CGC GGT CTG CTG CGC CCA CGT AAG ATG ATC TCC CTG CGT CTG GAA AAT CTG AAT GTT GGT GAC GAA ATC ATC GTG CAG GCT ATC GAC GTT CGT CCA GAA AAA CGT GAA ATC GAC TTC CAC TAC ATC CCG,1.663601732314747
GAT GTT GAA CCG GGT AAG TTC TAC AAA GGT GTT GTT ACC CGT ATC GAA AAA TAC GGT GCG TTC ATC AAC CTG AAC GAA CAG GTT CGT GGC CTG CTC CGT CCG CGT TTC ATG ATC TCT CTG CGT CTG GAG AAT CTC AAT GTT GGT GAC GAA ATC ATC GTT CAA GCT ATT GAC GTT CGT CCG GAA AAA CGT GAA ATC GAC TTC GAC TAC ATC CCG,1.9125453573897824
GAC GTT GAA CCG GGT AAA TTC TAC AAA GGC GTT GTT ACC ATC ATC GAA AAA TAC GGT GCG CAG ATC AAT CTG AAC GAA CAG GTT CGT GGT CTG CTC CGT CCA CGT GAC ATG ATC TCT CTG CGC CTG GAA AAC CTG AAC GTT GGT GAC GAA ATC ATT GTT CAG GCG ATC GAC GTT CGT CCG GAA AAA CGT GAA ATC GAC TTC AAA TAC ATC CCG,1.7013187331696311
GAT GTT GAA CCG GGT AAA TTC TAC AAA GGT GTT GTT ACT CCG ATC GCG AAA TAC GGC GCG TTC ATC AAT CTC AAC GAA CAG GTT CGT GGC CTG CTG CGT CCG CGC GAC ATG ATC TCT CTG CGT CTG GAG AAT CTG AAT GTT GGT GAT GAA ATC ATC GTG CAG GCG ATC GAC GTT CGC CCG GAA AAA CGT GAA ATC GAC TTC AAA TAC ATC CCA,-0.0304985428994532
GAC GTT GAA CCG GGT AAA TTC TAC AAA GGT GTT GTT ACC CGT ATC GAA AAA TAC GGT GCG TTC ATC AAT CTG AAC GAA CAG GTT CGT GGT CTG CTG CGT CCG CGT TAC ATG ATC TCT CTG CGT CTG GAA AAC CTG AAC GTT GGT GAC GAA ATC ATC GTG CAA GCG ATT GAC GTT CGT CCG GAA AAA CGT GAA ATC GAA TTC AAA TAC ATC CCG,3.751781632087862
GAT GTT GAA CCG GGT AAA TTC TAC AAA GGT GTT GTT ACC CGT ATC GAA AAA TAC GGT GCG TTC ATC AAT CTC AAC GAA CAG GTT CGT GGT CTG CTC CGT CCG CGT ACC ATG ATC TCT CTG CGT CTG GAA AAC CTG AAC GTT GGT GAC GAG ATT ATT GTT CAG GCT ATT GAC GTT CGT CCG GAA AAA CGT GAA ATC ATG TTC AAA TAC ATC CCG,1.72266600945701
GAC GTT GAA CCG GGT AAA TTC TAC AAA GGT GTT GTT ACC CGT ATC GAA AAA TAC GGT GCG TTC ATC AAT CTC AAC GAA CAG GTT CGT GGT CTG CTG GGT CCG CGC GAC ATG ATC TCC CTG CGT CTC GAA AAT CTG AAT GTT GGT GAC GAA ATT ATC GTT CAA GCG ATC GAC GTT CGT CCG GAA AAA CGT GAA ATC ATG TTC AAA TAC ATT CCG,2.228645632938831
GAC GTT GAA CCG GGT AAA TTC TAC AAG GGT GTT GTT ACC TGC ATC GAA AAA TAC GGT GCG AAA ATC AAC CTG AAT GAA CAG GTT CGT GGT CTG CTC CGT CCG CGT GAC ATG ATC TCT CTC CGT CTG GAA AAC CTC AAT GTT GGC GAC GAA ATC ATC GTT CAG GCG ATC GAC GTT CGT CCG GAA AAA CGT GAA ATC GAC TTC AAA TAC ATC CCG,1.514795348523612
GAT GTT GAA CCG GGT AAA TTC TAC AAA GGT GTT GTT ACC CGT ATC GAA AAA TAC GGT GCG TTC ATC AAT CTG AAT GAG CAG GTT CGT GGT CTG CTG CGT CCG CGT TCT ATG ATC TCT CTG CGT CTG GAA AAC CTG AAC GTT GGT GAC GAA ATC ATC GTT CAA GCG ATC GAC GTT AAA CCG GAA AAA CGT GAA ATC GAC TTC AAA TAC ATC CCG,2.339243820097222
GAC GTT GAA CCG GGT AAA TTC TAC AAA GGT GTT GTT ACC CGT ATC GAA AAA TAC GGT GCG TTC ATC AAT CTG AAC GAA CAG GTT CGT GGT CTG CTG CTG CCA CGT GAC ATG ATC TCT CTC CGT CTG GAA AAC CTG AAT GTT GGT GAC GAA ATC ATT GTT CAG GCG ATC GAC GTT TGG CCG GAA AAA CGT GAA ATC GAC TTC AAA TAC ATC CCG,2.2955100978086733
GAC GTT GAA CCG GGT AAA TTC TAC AAA GGT GTT GTT ACC CGT ATC GAA AAA TAC GGT GCG TTC ATC AAC CTG AAT GAA CAG GTT CGT GGT CTG CTG TCT CCG CGT GAC ATG ATC TCT CTG CGT CTG GAA AAC CTC AAT GTT GGT GAC GAA ATC ATC GTT CAG GCG ATT GAC GTT TGG CCG GAA AAA CGT GAA ATC GAC TTC AAA TAC ATC CCG,1.7765609119948136
GAT GTG GAA CCG GGT AAA TTC TAC AAA GGT GTT GTT ACC CGT ATC GAA AAA TAC GGT GCG TTC ATC AAC CTG AAT GAA CAG GTT CGC GGT CTG CTG TGG CCG CGT GAC ATG ATC TCT CTG CGT CTG GAA AAT CTC AAT GTT GGT GAC GAA ATC ATC GTG CAG GCG ATC GAC GTT GAA CCG GAA AAA CGT GAA ATC GAC TTC AAA TAC ATC CCG,1.3437534878278052
GAC GTT GAA CCG GGT AAA TTC TAC AAA GGT GTT GTT ACC CGT ATC GAA AAA TAC GGT GCG TTC ATC AAT CTG AAC GAA CAG GTT CGT GGT CTG CTG CGT CCG CGT GAC ATG ATC TCT CTG CGT CTG GAA AAC CTG AAC GTT GGT GAC GAA ATC ATC GTG CAG GCG ATC GAC GTT TCT CCG GAA AAA CGT GAA ATC GGT TTC AAA TAC ATC CCG,3.597026304561183
GAC GTT GAA CCG GGT AAA TTC TAC AAA GGT GTT GTT ACC CGT ATC GAA AAA TAC GGT GCG TTC ATC AAC CTG AAC GAA CAC GTT CGT GGT CTG CTG CGT CCG CGT GAC ATG ATC TCT CTG CGT CTG GAA AAT CTG AAC GTT GGT GAC GAA ATC ATC GTG CAG GCT ATC GAC GTT CGC CCG GAA AAA CGT GAA ATC GAC TTC AAA TAC ATC CCG,8.648147407530121
GAT GTT GAA CCG GGT AAA TTC TAC AAA GGT GTT GTT ACC CGT ATC GAA AAA TAC GGT GCG TTC ATC AAC CTG AAT GAA CAG GTT CGT GGC CTG GAA CGT CCG CGT GAC ATG ATC TCT CTG CGT CTG GAA AAC CTC AAC GTG GGT GAC GAA ATC ATC GTG CAA GCG ATC GAC GTT CGT CCG GAA AAA CGT GAA ATC GAC TTC AAA TAC ATC CCG,1.2687367929763045
GAT GTT GAA CCG GGT AAA TTC TAC AAA GGT GTT GTT ACC CGT ATC GAA AAA TAC GGT GCG TTC ATC AAC CTC AAC GAA TTT GTT CGT GGT CTG CTG CGT CCG CGT GAC ATG ATC TCT CTC CGT CTG GAA AAC CTG AAT GTT GGT GAC GAA ATC ATC GTT CAA GCG ATC GAC GTT CGT CCG GAA AAA CGT GAA ATC GAC TTC AAA TAC ATC CCG,7.28886506504389
GAC GTT GAA CCG GGT AAA TTC TAC AAA GGT GTT GTT ACC CGT ATC GAA AAA TAC GGT GCG TTC ATC AAC CTC AAC GAA CAG GTT CGT GGT CTG CTG CGT CCG CGT GAC ATG ATC TCT CTG CGT CTG GAA AAC CTG AAT GTT GGT GAC GAA ATC ATT GTT CAG GCG ATC GAC GTT ATG CCG GAA AAA CGT GAA ATC CTG TTC AAA TAC ATC CCG,3.98653784891378
GAT GTT GAA CCG GGT AAA TTC TAC AAA GGT GTT GTT ACC CGT ATC GAA AAA TAC GGT GCG TTT ATC AAT CTG AAC GAA CAG GTT CGT GGT CTG CTG CGT CCG CGT GAC ATG ATC TCT CTG CGT CTG GAA AAC CTG AAC GTT GGC GAC GAA ATC ATC GTT ACT GCT ATT GAC GTT CGT CCG GAA AAA CGT GAA ATC GAC TTC AAG TAC ATC CCG,3.7436165419018783
GAT GTT GAA CCG GGT AAA TTC TAC AAA GGT GTT GTT ACC CGT ATC GAA AAA TAC GGT GCG TTC ATC AAT CTG AAT GAA CAG GTT CGT GGT CTG CTG TCT CCG CGC GAG ATG ATC TCT CTG CGT CTG GAA AAC CTG AAT GTT GGT GAC GAA ATC ATC GTT CAG GCG ATC GAC GTT CGT CCG GAA AAA CGT GAA ATC GAC TTC AAA TAC ATC CCG,2.152992784584664
GAT GTG GAA CCG GGT AAA TTC TAC AAA GGT GTT GTT ACC CGT ATC GAA AAA TAC GGT GCG TTC ATC AAC CTC AAC GAA CAG GTT CGT GGT CTG CTG CGT CCG CGT GGC ATG ATC TCT CTG CGC CTG GAA AAT CTG AAT GTT GGT GAC GAA ATC ATC GTT CAG GCT ATT GAC GTT CGT CCG GAA AAA CGT GAA ATC TGG TTC AAA TAC ATC CCG,2.325600934823787
GAC GTT GAA CCG GGT AAA TTC TAC AAA TTC GTT GTT ACC CGC ATC GAA AAA TAC GGT GCG TTC ATC AAT CTC AAC GAA CAA GTG CGC GGT CTG CTG CGT CCA CGT GAC ATG ATC TCT CTG CGT CTG GAA AAC CTG AAT GTT GGT GAC GAA ATC ATC GTG CAG GCG ATC GAC GTT CGT CCG GAA AAA CGT GAA ATC GAC TTC AAG TAC ATC CCG,2.7128224959820955
GAC GTT GAA CCG GGT AAA TTC TAC AAA GGT GTT GTT ACC CGT ATC GAA AAA TAC GGT GCG TTC ATC AAT CTC AAC GAA CAG GTT CGT GGT CTG CTG CGT CCG CGT GAC ATG ATC TCT CTG CGT CTG GAA AAC CTC AAT GTT GGT GAC GAA ATC ATC GTT CAA GCG CAC GAC GTT CGT CCG GAA AAA CGT GAA ATC GAC TTC AAA TAC ATC CCG,3.975688882223381
GAC GTT GAA CCG GGT AAA TTC TAC AAA GGT GTT GTT ACC CGT ATC GAA AAA TAC GGT GCG TTC ATC AAC CTG AAC GAG CAG GTT CGT GGT CTG CTG CGT CCG CGT GTT ATG ATC TCT CTG CGT CTG GAA AAC CTC AAT GTT GGT GAC GAA ATC ATC GTG CAA GCG ATC GAC GTT CGT CCG GAA AAA CGT GAA ATT TTC TTC AAA TAC ATC CCG,2.093085221032438
GAC GTT GAA CCG GGT AAA TTC TAC AAA GGT GTT GTT ACC CGT ATC GAA AAA TAC GGT GCG TTC ATC AAC CTC AAC GAA CAG GTT CGT GGT CTG CTG CGT CCG CGT AAA ATG ATC TCT CTG CGT CTG GAA AAC CTG AAC GTT GGT GAC GAA ATC ATC GTT CAA GCG ATC GAC GTT ATC CCG GAA AAA CGT GAA ATC GAC TTC AAA TAC ATC CCG,1.406024400799661
GAT GTT GAA CCG GGT AAG TTC TAC AAA GGT GTT GTT ACC CGT ATC GAA AAA TAC GGT GCG TTC ATC AAC CTC AAC GAA CAG GTT CGT GGC CTG CTG CGT CCG CGT GGT ATG ATC TCT CTG CGT CTG GAA AAC CTG AAT GTT GGT GAC GAA ATC ATC GTT CAA GCG ATC GAC GTT CGT CCA GAA AAA CGT GAA ATC GAC TTC GTT TAC ATT CCA,2.694928616834318
GAT GTT GAA CCG GGT AAA TTC TAC AAA GGT GTT GTT ACC GAA ATC GAA AAA TAC GGT GCG CGT ATC AAC CTG AAT GAA CAG GTT CGT GGT CTG CTC CGT CCA CGC GAT ATG ATT TCT CTG CGT CTG GAG AAC CTC AAT GTT GGC GAC GAG ATC ATC GTT CAG GCG ATT GAC GTT CGC CCG GAA AAA CGT GAA ATT GAC TTC AAA TAC ATC CCA,1.6335674326338383
GAT GTG GAA CCG GGT AAA TTC TAC AAG GGT GTT GTT ACC CGT ATC GAA AAA TAC GGT GCG TTC ATC AAC CTC AAC GAG CAG GTT CGT GGC CTG CTC CGT CCG CGT CGC ATG ATC TCT CTG CGT CTC GAA AAC CTG AAT GTT GGT GAC GAA ATC ATC GTG CAG GCG ATT GAC GTT CGT CCG GAA AAA CGT GAA ATC GAC TTC GTT TAC ATC CCG,2.3619653181001725
GAC GTT GAA CCG GGT AAA TTC TAC AAA GGT GTT GTT ACC CAC ATC GAA AAA TAC GGT GCG CTG ATC AAC CTC AAC GAA CAG GTT CGT GGC CTC CTG CGT CCG CGT GAC ATG ATC TCT CTG CGC CTG GAA AAC CTG AAC GTT GGC GAC GAA ATC ATT GTG CAG GCG ATC GAC GTT CGC CCG GAA AAA CGT GAA ATC GAC TTC AAA TAC ATC CCG,2.667811005200936
GAC GTT GAA CCG GGT AAA TTC TAC AAA GGT GTT GTT ACC CGT ATC GAA AAA TAC GGT GCG TTC ATC AAC CTG AAC GAA CAG GTT CGT GGT CTG CTC GAT CCG CGT GAC ATG ATC TCT CTG CGT CTG GAA AAC CTC AAC GTG GGT GAC GAA ATC ATC GTG CAG GCT ATC GAC GTT CGT CCG GAA AAA CGT GAA ATC CTG TTC AAA TAC ATC CCG,2.683386948251792
GAC GTT GAA CCG GGT AAA TTC TAC AAA GGT GTT GTT ACC CGT ATC GAA AAA TAC GGT GCG TTC ATC AAC CTC AAC GAA CAG GTT CGT GGT CTG CTG ATG CCG CGT GAC ATG ATC TCT CTG CGT CTG GAA AAC CTG AAT GTT GGT GAC GAA ATC ATC GTT CAA GCG ATC GAC GTT CGT CCG GAA AAA CGT GAA ATC CGT TTC AAA TAC ATC CCG,4.174758256890096
GAT GTT GAA CCG GGT AAA TTC TAC AAA GGT GTG GTT ACC ATG ATC GTT AAA TAC GGT GCG TTC ATC AAC CTG AAC GAA CAG GTG CGT GGT CTG CTG CGT CCA CGC GAC ATG ATC TCT CTG CGC CTG GAA AAT CTG AAC GTT GGT GAC GAA ATC ATC GTG CAG GCG ATC GAC GTT CGT CCA GAA AAA CGT GAA ATC GAC TTC AAA TAC ATC CCG,4.646052856657844
GAT GTT GAA CCG GGT AAA TTC TAC AAA GGT GTG GTT ACC CGT ATC GAA AAA TAC GGT GCG TTC ATC AAC CTC AAC GAG CAG GTT CGT GGT CTG CTG CGT CCA CGT GAT ATG ATC TCT CTG CGT CAC GAA AAC CTG AAC GTT GGT GAC GAA ATC ATC GTG CAG GCG ATC GAC GTG CGT CCG GAA AAA CGT GAA ATC GAC TTC AAA TAC ATC CCA,2.563650626214679
GAC GTT GAA CCG GGT AAA TTC TAC AAA GGT GTT GTT ACC CGT ATC GAA AAA TAC GGT GCG TTC ATC AAC CTC AAT GAA CAG GTT CGT GGT CTG CTG CGT CCG CGT ATG ATG ATC TCT CTG CGT CTG GAA AAC CTG AAC GTT GGT GAC GAA ATC ATC GTG CAA GCG ATC GAC GTT CGT CCG GAA AAA CGT GAA ATC GCG TTC AAG TAC ATC CCG,2.73374472723296
GAC GTT GAA CCG GGT AAA TTC TAC AAA GGT GTT GTT ACC CGT ATC GAA AAA TAC GGT GCG TTC ATC AAC CTG AAT GAA CAA GTT CGT GGT CTG CTG CGT CCA CGT GAC ATG ATC TCT CTG CGT CTG GAA AAT CTG AAC GTT GGT GAT GAG ATT ATT GTT CAG GCG ATC GAC GTT TTC CCG GAA AAA CGT GAA ATC AAG TTC AAG TAC ATC CCG,3.602248768325473
GAC GTT GAA CCG GGT AAA TTC TAC AAA GGT GTT GTT ACC CGT ATC GAA AAA TAC GGT GCG TTC ATC AAC CTG AAC GAA CAA GTT CGT GGT CTG CTG CGT CCG CGT GAC ATG ATC TCT CTG CGT CTG GAA AAC CTC AAT GTT GGT GAC GAA ATC ATC GTT CAA GCG ATC GAC GTT CGT CCG GAA TCC CGT GAA ATC GAC TTC AAA TAC ATC CCG,4.876312537565809
GAC GTT GAA CCG GGC AAA TTC TAC AAA GGT GTT GTT ACC CGT ATC GAA AAA TAC GGT GCG TTC ATC AAC CTC AAC GAA CAA GTT CGC GGT CTG CTC GAA CCG CGT GGC ATG ATC TCC CTG CGT CTG GAA AAT CTG AAC GTT GGT GAC GAA ATC ATC GTT CAG GCG ATC GAT GTT CGT CCG GAA AAA CGT GAA ATC GAC TTC AAA TAC ATC CCG,1.640404714558035
GAC GTT GAG CCA GGT AAA TTC TAC AAA GGC GTT GTT ACC CGT ATC GAA AAA TAC GGT GCG TTC ATC AAC CTG AAC GAG CAG GTT CGT GGT CTG CTG CGT CCG CGT GAC ATG ATC TCT CTG CGT CTG GAA AAC CTC AAT GTT GGT GAC GAA ATC ATC GTG CAG GCG ATC GAT GTT CGT CCG GAA AAA CGT GAA ATC GAC CCA AAA TAC ATC CCA,1.2537515638814298
GAC GTT GAA CCG GGT AAA TTC TAC AAA GGT GTT GTT ACC CGT ATC GAA AAA TAC GGT GCG TTC ATC AAC CTG AAT GAA CAG GTT CGT GGT CTG CTG CGT CCG CGT GAC ATG ATC TCT CTG CGT CTG GAA AAT CTG AAC GTT GGT GAC GAA ATC ATT GTT CAG GCG ATC GAC GTT ACT CCG GAA AAA CGT GAA ATC GGT TTC AAA TAC ATC CCG,3.28874802227278
GAC GTT GAG CCG GGC AAA TTC TAC AAA GGT GTT GTT ACC CGT ATC GAA AAA TAC GGT GCT TTC ATC AAC CTG AAC GAA CAG GTT CGT GGT CTG CTC CGT CCA CGT GAA ATG ATC TCT CTG CGT CTG GAA AAT CTG AAC GTG GGC GAC GAA ATC ATC GTG CAG GCG ATC GAC GTT CGT CCG GAA AAA CGT GAG ATC GAC TTC TGC TAC ATC CCG,2.703992757816297
GAC GTT GAA CCG GGT AAA TTC TAC AAA GGT GTT GTT ACC CAG ATC ATC AAG TAC GGT GCG TTC ATC AAC CTG AAT GAA CAG GTT CGC GGT CTG CTG CGC CCA CGT GAC ATG ATC TCT CTG CGT CTG GAA AAC CTC AAC GTG GGT GAC GAA ATC ATC GTT CAA GCT ATC GAT GTG CGT CCA GAA AAA CGT GAA ATC GAC TTC AAA TAC ATC CCG,3.747539806653301
GAC GTT GAG CCG GGT AAA TTC TAC AAA GGT GTT GTT ACC ATC ATC GAA AAA TAC GGT GCG TAC ATC AAC CTG AAC GAA CAG GTT CGT GGT CTG CTC CGC CCA CGT GAC ATG ATC TCT CTG CGT CTG GAA AAC CTC AAT GTT GGT GAC GAA ATC ATC GTT CAA GCG ATC GAC GTT CGT CCG GAA AAA CGT GAA ATC GAC TTC AAA TAC ATC CCG,3.470475244662764
GAC GTT GAA CCG GGT AAA TTC TAC AAA GGT GTT GTT ACC CGT ATC GAA AAA TAC GGT GCG TTC ATC AAC CTC AAC GAA CAG GTT CGT GGT CTG CTG CGT CCA CGT GCG ATG ATC TCT CTG CGT CTG GAA AAC CTG AAT GTT GGT GAC GAA ATC ATC GTT CAG GCT ATC GAC GTT TCT CCG GAA AAA CGT GAA ATC GAC TTC AAA TAC ATC CCG,2.203115043103634
GAT GTT GAA CCG GGT AAA TTC TAC AAA GGT GTT GTT ACC CGT ATC GAA AAA TAC GGT GCG TTC ATC AAT CTG AAC GAA CAG GTT CGT GGT CTG CTG CGT CCG CGC GAA ATG ATC TCT CTC CGT CTG GAA AAC CTG AAC GTT GGT GAC GAA ATC ATC GTG CAG GCG ATT GAC GTT CGC CCG GAA AAA CGT GAA ATC GAC TTC ATG TAT ATC CCA,2.3275535873038624
GAC GTT GAA CCG GGT AAA TTC TAC AAA GGT GTT GTT ACC CGT ATC GAA AAA TAC GGT GCG TTC ATC AAC CTC AAT GAA CAG GTT CGT GGT CTG CTG CGT CCG CGT GAC ATG ATG TCT CTG CGT CTG GAA AAC CTG AAT GTT GGT GAC GAA ATC ATC GTT CAA GCG ATC GAC GTT CGT CCG GAA AAA CGT GAA ATC GAC TTC AAA TAC ATC CCG,4.875051790590813
GAC GTT GAA CCG GGT AAA TTC TAC AAA GGT GTT GTT ACC CGT ATC GAA AAA TAC GGC GCG TTC ATC ATG CTG AAC GAA CAG GTG CGT GGT CTG CTG CGT CCA CGT GAC ATG ATC TCT CTG CGT CTC GAA AAC CTG AAC GTT GGT GAC GAA ATC ATC GTT CAA GCG ATC GAC GTT CGT CCA GAA AAA CGT GAA ATC GAC TTC AAA TAC ATC CCG,4.98576364360848
GAT GTT GAA CCG GGT AAA TTC TAC AAA GGT GTT GTT ACC CGT ATC GAA AAA TAC GGT GCG TTC ATC AAT CTC AAC GAA CAG GTT CGT GGC CTG CTG CGT CCG CGT CCG ATG ATC TCT CTG CGT CTG GAG AAC CTC AAT GTT GGT GAC GAA ATC ATC GTT CAG GCG ATC GAT GTT CGT CCG GAA AAA CGT GAA ATC GAC TTC CTG TAC ATC CCG,1.8591209364507384
GAC GTT GAA CCG GGT AAA TTC TAC AAA GGT GTT GTT ACC CGT ATC GAA AAA TAC GGT GCG TTC ATC AAC CTC AAC GAA CAG GTT CGT GGT CTG CTG CGT CCG CGC TAC ATG ATC TCT CTG CGT CTG GAA AAC CTG AAT GTG GGT GAC GAA ATC ATC GTT CAG GCG ATC GAC GTT ATG CCG GAA AAA CGT GAA ATC GAC TTC AAA TAC ATC CCG,2.187863192682996
GAC GTT GAA CCG GGT AAA TTC TAC AAA GGT GTT GTT ACC CGT ATC GAA AAA TAC GGT GCG TTC ATC AAC CTG AAC GAA CAG GTT CGT GGT CTG CTG ATG CCG CGT AAC ATG ATC TCT CTG CGT CTG GAA AAT CTG AAC GTT GGT GAC GAA ATC ATC GTT CAA GCG ATC GAC GTT CGT CCG GAA AAA CGT GAA ATC GAC TTC AAA TAC ATC CCG,3.9379038307071568
GAC GTT GAA CCG GGT AAA TTC TAC AAA GGT GTT GTT ACC CGT ATC GAA AAA TAC GGT GCG TTC ATC AAC CTC AAT GAA CAG GTT CGT GGT CTG TTC CGT CCG CGT GAC ATG ATC TCT CTG CGT CTG GAA AAC CTG AAC GTT GGT GAC GAA ATC ATC GTT CAA GCG ATC GAC GTT CGT CCG GAA AAA CGT GAA ATC GAC TTC AAA TAC ATC CCG,1.5014968311849093
GAT GTT GAA CCG GGT AAA TTC TAC AAA GGT GTT GTT ACC CGT ATC GAA AAA TAC GGT GCG TTC ATC AAC CTG AAC GAG CAG GTT CGT GGT CTG CTG CGT CCG CGT GAT ATG ATC TCT CTG CGT CTC GAA AAC CTC CTG GTT GGT GAC GAA ATC ATC GTG CAG GCG ATC GAC GTT CGT CCA GAA AAA CGT GAA ATC GAC TTC AAA TAC ATC CCG,5.747121790284563
GAC GTT GAA CCG GGT AAA TTC TAC AAA GGT GTT GTT ACC CGT ATC GAA AAA TAC GGT GCG TTC ATC AAC CTG AAC GAA CAG GTT CGT GGT CTG CTG CGT CCG CGT CAC ATG ATC TCT CTG CGT CTG GAA AAT CTG AAC GTT GGT GAC GAA ATC ATC GTT CAA GCT ATC GAC GTT CGT CCG GAA AAG CGC GAA ATC CTC TTC AAA TAC ATC CCG,3.960037718269717
GAC GTT GAA CCG GGC AAA TTC TAC AAA GGT GTT GTT ACC CGT ATC GAA AAA TAC GGT GCG TTC ATC AAC CTG AAC GAA CAA GTT CGT GGT CTG CTG CGC CCA CGT TCT ATG ATC TCT CTG CGC CTG GAA AAT CTG AAC GTT GGT GAC GAA ATC ATC GTT CAA GCG ATC GAC GTT CGT CCA GAG AAA CGT GAA ATC AAC TTC AAA TAC ATC CCG,2.489125642715239
GAC GTT GAA CCG GGC AAA TTC TAC AAA GGT GTT GTT ACC CGT ATC GAA AAA TAC GGT GCG TTC ATC AAC CTG AAT GAA CAG GTT CGT GGT CTG CTC CGT CCG CGT GTT ATG ATC TCT CTG CGT CTG GAG AAC CTC AAT GTT GGC GAC GAA ATC ATC GTT CAG GCG ATC GAC GTT CGT CCG GAA AAA CGT GAA ATC GAC TTC TGC TAC ATC CCG,2.633029308602856
GAC GTT GAA CCG GGT AAA TTC TAC AAA GGT GTT GTT ACC CGT ATC GAA AAA TAC GGT GCG TTC ATC AAC CTG AAC GAA CAG GTT CGT GGT CTG CTG TCT CCG CGT ATG ATG ATC TCT CTG CGT CTG GAA AAC CTC AAT GTT GGT GAC GAA ATC ATC GTT CAA GCG ATC GAC GTT CGT CCG GAA AAA CGT GAA ATC GAC TTC AAA TAC ATC CCG,2.4970719797519845
GAC GTT GAA CCG GGT AAA TTC TAC AAA GGT GTT GTT ACC CGT ATC GAA AAA TAC GGT GCG TTC ATC AAT CTG AAC GAA CAG GTT CGT GGT CTG CTG CAA CCG CGT GAC ATG ATC TCT CTG CGT CTG GAA AAC CTG AAT GTT GGT GAC GAA ATC ATC GTT CAA GCG ATC GAC GTT CGT CCG GAA AAA CGT GAG ATC TAC TTC AAG TAC ATC CCG,3.218503875359807
GAC GTT GAA CCG GGT AAA TTC TAC AAA GGT GTT GTG ACC TGG ATT CGC AAA TAC GGT GCG TTC ATC AAC CTC AAC GAA CAG GTT CGT GGT CTG CTG CGT CCG CGT GAC ATG ATC TCT CTG CGT CTG GAA AAC CTG AAC GTT GGT GAC GAA ATC ATC GTG CAG GCG ATC GAC GTT CGT CCG GAA AAA CGT GAA ATC GAC TTC AAA TAC ATC CCA,3.983501944736971
GAC GTT GAA CCG GGT AAA TTC TAC AAA GGT GTT GTT ACC CGT ATC GAA AAA TAC GGT GCG TTC ATC AAC CTC AAC GAA CAG GTT TCT GGT CTG CTG CGT CCG CGT GAC ATG ATC TCT CTG CGC CTG GAA AAC CTG AAC GTT GGC GAC GAA ATC ATC GTG CAG GCG ATC GAC GTT CGC CCG GAA AAA CGT GAA ATC GAC TTC AAA TAC ATT CCG,5.031774109539271
GAC GTT GAA CCG GGT AAA TTC TAC AAA GGT GTT CAG ACC CGT ATC GAA AAA TAC GGT GCG TTC ATC AAT CTG AAC GAG CAG GTT CGT GGT CTG CTG CGT CCG CGT GAT ATG ATC TCT CTG CGT CTG GAG AAC CTG AAC GTT GGT GAC GAA ATC ATC GTT CAA GCG ATT GAC GTT CGT CCG GAA AAA CGT GAA ATC GAC TTC AAA TAC ATC CCG,-0.0941658605610286
GAC GTG GAA CCG ATC AAA TTC TAC AAA GGT GTT GTT ACC CGT ATC GAA AAA TAC GGT GCG TTC ATC AAC CTC AAC GAA CAG GTT CGT GGT CTG CTG CGT CCG CGT GAC ATG ATC TCT CTG CGT CTC GAA AAC CTG AAT GTT GGT GAC GAA ATT ATC GTT CAG GCG ATT GAC GTT CGT CCG GAA AAA CGT GAA ATC GAC TTC AAA TAC ATC CCG,2.179870127730715
GAC GTT GAA ATG GGT AAA TTC TAC AAA GGT GTG GTT ACC CGT ATC GAA AAA TAC GGT GCG TTC ATC AAT CTG AAC GAA CAG GTT CGT GGT CTG CTG CGT CCG CGT GAC ATG ATC TCT CTG CGT CTG GAA AAC CTG AAT GTT GGT GAC GAA ATC ATC GTG CAG GCG ATC GAC GTT CGT CCG GAA AAA CGT GAA ATC GAC TTC AAG TAC ATC CCG,5.260293601681962
GAC GTT GAA CCG GGT AAA TTC TAC AAA GGT GTT GTT ACC CGT ATC GAA AAA TAC GGT GCG TTC ATC AAC CTG AAC GAA CAG GTT CGT GGT CTG CTG ACT CCG CGT ATT ATG ATC TCT CTG CGT CTG GAA AAC CTC AAT GTG GGT GAC GAA ATC ATC GTT CAA GCG ATC GAC GTT CGT CCG GAA AAA CGT GAA ATC GAC TTC AAA TAC ATC CCG,2.002420949807974
GAC GTT GAA CCG GGT AAG TTC TAC AAA GGT GTT ATC ACC CGT ATC GAA AAA TAC GGT GCG TTT ATC AAT CTG AAC GAA CAG GTT CGT GGT CTG CTG CGT CCG CGT GAC ATG ATC TCT CTG CGT CTG GAA AAC CTC AAT GTG GGT GAT GAA ATC ATT GTT CAG GCG ATC GAC GTT CGT CCG GAG AAA CGT GAA ATC GAC TTC AAA TAC ATC CCA,5.054315126808804
GAC GTT GAA CCG GGC AAA TTC TAC AAA GGT GTT GTT ACC CGT ATC GAA AAA TAC GGT GCG TTC ATC AAC CTC AAC GAA CAA GTT CGT GGT CTG CTG CGT CCG CGT GAC ATG ATC TCT CTG CGT CTG GAA AAC CTG AAC GTT GGT GAC GAA ATC ATC GTT CAA GCG ATC GAC GTT GTG CCG GAA AAA CGT GAA ATC TCC TTC AAA TAC ATC CCG,3.825691007502276
GAC GTT GAA CCG GGT AAA TTC TAC AAA GGT GTT GTT ACC CGT ATC GAA AAA TAC GGT GCG TTC ATC AAC CTC AAC GAA CAG GTT CGT GGT CTG CTG ACT CCG CGT GAT ATG ATC TCT CTG CGT CTG GAA AAC CTG AAC GTT GGT GAC GAA ATC ATC GTG CAA GCG ATC GAT GTT CGT CCG GAA AAA CGT GAA ATC TAC TTC AAA TAC ATC CCG,2.8436742476680887
GAC GTT GAA CCG GGT AAA TTC TAC AAA GGT GTT GTT ACC CGT ATC GAA AAA TAC GGT GCG TTC ATC AAT CTG AAC GAA CAG GTT CGT GGT CTG CTG CGT CCG CGT GAC ATG ATC TCT CTG CGT CTG GAA AAC CTG AAT GTT GGT GAC GAA ATC TCT GTT CAA GCG ATC GAC GTT CGT CCG GAA AAA CGT GAA ATC GAC TTC AAA TAC ATC CCG,3.383994662148744
GAT GTT GAA CCG GGT AAA TTC TAC AAA GGT GTT GTT ACC CGT ATC GAA AAA TAC GGT GCG TTC ATC AAT CTG AAT GAA CAG GTT CGT GGT CTG CTG CGT CCG CGT GAC ATG ATC TCT CTG CGC CTG GAA AAC CTG AAT GTT ATC GAC GAA ATC ATC GTT CAG GCG ATC GAC GTT CGT CCG GAA AAA CGT GAA ATC GAC TTC AAA TAC ATC CCG,1.1048202978588226
GAC GTT GAA CCG GGT AAA TTC TAC AAG GGT GTT GTT ACC CGT ATC GAA AAG TAT GGT GCG TTC ATC AAC CTG AAT GAA CAG GTT CGT GGT CTG CTG AAA CCG CGT GAC ATG ATC TCT CTG CGT CTG GAA AAT CTG AAC GTT GGT GAC GAA ATC ATT GTT CAG GCG ATC GAC GTT CGT CCG GAG AAA CGT GAA ATC CGT TTC AAA TAC ATC CCG,4.293474669780325
GAC GTT GAA CCG GGT AAA TTC TAC AAA GGT GTT GTT ACC CGT ATC GAA AAA TAC GGT GCG TTC ATC AAC CTG AAT GAA CAG GTT CGT GGT CTG CTG AAA CCG CGT GAC ATG ATC TCT CTG CGT CTG GAA AAC CTC AAT GTT GGT GAC GAA ATT ATC GTT CAA GCG ATC GAC GTT CGT CCG GAA AAA CGT GAA ATC ATC TTC AAA TAC ATC CCG,3.6347260900464695
GAC GTT GAA CCG GGT AAA TTC TAC AAA GGT GTT GTT ACC CGT ATC GAA AAA TAC GGT GCG TTC ATC AAC CTG AAC GAA CAG GTT CGT GGT CTG CTG CGT CCG CGT GAC ATG ATC TCT CTG CGT CTG GAA AAC CTC AAT GTG GGT ATG GAA ATC ATC GTT CAA GCG ATC GAC GTT CGT CCG GAA AAA CGT GAA ATC GAC TTC AAA TAC ATC CCG,5.263615073582787
GAC GTT GAA CCG GGT AAA TTC TAC AAA GGT GTT GTT ACC CGT ATC GAA AAA TAC GGT GCG TTC ATC AAC CTC AAC GAA CAG GTT CGT GGT CTG CTG CGT CCG CGT GAC ATG ATC TCT CTG CGT CTG GAA AAC CTG AAT GTT GGT GAC GAA ATC ATC GTT CAG GCG ATC GAC GTT ATC CCG GAA AAA CGT GAA ATC TCT TTC AAG TAC ATC CCG,3.807168801539401
GAC GTT GAA CCG GGT AAG TTC TAC AAA GGT GTT GTT ACC CGT ATC GAA AAA TAC GGT GCG TTC ATC AAC CTG AAC GAA CAG GTT CGT GGC CTG CTG CTG CCA CGT GAA ATG ATC TCT CTG CGT CTG GAA AAT CTG AAC GTT GGT GAC GAA ATC ATC GTG CAG GCG ATC GAT GTT CGT CCA GAA AAA CGT GAG ATC GAC TTC AAA TAC ATC CCG,2.685910764909819
GAC GTT GAA CCG GGC AAA TTC TAC AAA GGC GTG GTT ACC CTG ATC GAA AAA TAC GGT GCT AAC ATC AAC CTC AAC GAG CAA GTG CGT GGT CTG CTC CGT CCG CGT GAT ATG ATC TCT CTG CGC CTC GAA AAC CTG AAT GTG GGT GAC GAA ATC ATT GTG CAG GCG ATT GAC GTT CGT CCG GAA AAA CGT GAA ATC GAC TTC AAA TAC ATC CCG,1.1193262662679455
GAT GTT GAA CCG GGT AAA TTC TAC AAA GGT GTT GTT ACC CGT ATC GAA AAA TAC GGT GCG TTC ATC AAC CTG AAC GAA CAA GTT CGC GGT CTG CTC CGT CCG CGC CAC ATG ATC TCT CTG CGT CTG GAA AAC CTC AAT GTT GGT GAC GAA ATC ATC GTG CAG GCG ATC GAT GTT CGT CCG GAA AAA CGT GAA ATC GAC TTC AAC TAC ATC CCG,2.604269292079458
GAC GTT GAA CCG GGT AAA TTC TAC AAA GGT GTT GTT ACC CGT ATC GAA AAA TAC GGT GCG TTC ATC AAT CTG AAC GAA CAG GTT CGT GGT CTG CTG CGT CCG CGT GAC ATG ATC TCT CTG CGT CTG GAA AAC CTG AAC GTT GGT GAC TCT ATC ATC GTG CAA GCG ATT GAC GTT CGT CCG GAA AAA CGT GAA ATC GAC TTC AAA TAC ATC CCG,6.721323834323675
GAC GTT GAA CCG GGT AAG TTC TAC AAA GGT GTT GTT ACC CGT ATC GAA AAA TAC GGT GCG TTC ATC AAT CTG AAC GAA CAG GTT CGT GGC CTC CTG CGT CCA CGT ACC ATG ATC TCT CTC CGT CTG GAA AAC CTG AAC GTG GGT GAC GAA ATC ATC GTG CAG GCT ATT GAC GTT CGT CCG GAA AAA CGT GAA ATC GAC TTC GTT TAC ATC CCG,1.948408447895125
GAT GTT GAA CCG GGT AAA TTC TAC AAA GGT GTT GTT ACC CGT ATC GAA AAA TAC GGT GCG TTC ATC AAC CTG AAT GAA CAG GTG CGT GGT CTG CTG GTT CCG CGT GAC ATG ATC TCT CTG CGT CTG GAA AAC CTC AAT GTT GGT GAC GAA ATC ATC GTT CAG GCT ATC GAC GTT CGT CCG GAA AAA CGT GAA ATT GAC TTC AAA TAC ATC CCG,2.8281061418837745
GAT GTT GAA CCG GGT AAA TTC TAC AAG GGT GTT GTT ACC CGT ATC GAA AAA TAC GGT GCG TTC ATC AAC CTC AAC GAG CAG GTG CGC GGT CTG CTC CGT CCA CGC AAT ATG ATC TCT CTG CGT CTG GAG AAC CTG AAT GTT GGT GAC GAA ATC ATC GTT CAG GCG ATC GAT GTT CGT CCG GAA AAA CGT GAA ATC GAC TTC ATG TAT ATC CCG,4.533657211419074
GAC GTT GAG CCG GGT AAA TTC TAC AAA GGT GTT GTT ACT CGT ATC GAA AAA TAC GGC GCG TTC ATC AAC CTC AAC GAA CAG GTT CGT GGT CTG CTG ATG CCG CGT GAC ATG ATC TCT CTG CGT CTC GAA AAT CTG AAC GTT GGT GAC GAA ATC ATC GTT CAG GCT ATC GAC GTG ATC CCG GAA AAA CGT GAA ATC GAC TTC AAA TAC ATC CCG,1.5767438279565718
GAC GTT GAA CCG GGT AAA TTC TAC AAA GGT GTT GTT ACC CGT ATC GAA AAA TAC GGT GCG TTC ATC AAC CTG AAC GAG CAG GTT CGT GGT CTG CTG TGG CCG CGT GAT ATG ATC TCT CTG CGT CTG GAA AAT CTG AAC GTT GGT GAC GAA ATC ATC GTG CAA GCG ATC GAC GTT TCT CCG GAA AAA CGT GAA ATC GAC TTC AAA TAC ATC CCG,1.6463756361966686
GAC GTT GAA CCG GGT AAA TTC TAC AAA GGT GTT GTT ACC CGT ATC GAA AAA TAC GGT GCG TTC ATC AAC CTG AAC GAA CAG GTT CGT GGT CTG CTG CGT CCG CGT GAC ATG ATC TCT CTG CGT CTG GAA AAT CTG AAC GTT GGT GAC GAA ATC ATC GTT CAA GCG ATC GAC GTT CTG CCG GAA AAA CGT GAA ATC GGT TTC AAA TAC ATC CCG,2.7555119566587907
GAC GTT GAA CCG GGT AAA TTC TAC AAA GGT GTT GTT ACC CGT ATC GAA AAA TAC GGT GCG TTC ATC AAT CTC AAC GAG CAG GTT CGT GGT CTG CTG GAC CCG CGT ACC ATG ATC TCT CTG CGT CTG GAA AAC CTC AAT GTT GGT GAC GAA ATC ATC GTT CAG GCT ATC GAC GTT CGT CCG GAA AAA CGT GAA ATC GAC TTC AAA TAC ATC CCG,1.7135204905974626
GAC GTT GAA CCG GGT AAG TTC TAC AAA GGT GTT GTT ACC CGT ATC GAA AAA TAC GGT GCG TTC ATC AAC CTC AAC GAA CAG GTT CGT GGC CTG CTG CGT CCG CGT CTG ATG ATC TCT CTG CGT CTG GAA AAC CTG AAT GTG GGT GAC GAA ATT ATC GTG CAG GCG ATT GAC GTT CGT CCG GAA AAA CGT GAA ATC CTG TTC AAA TAC ATC CCG,2.8697070106478795
GAC GTT GAA CCG GGT AAA TTC TAC AAA GGT GTT GTT ACC CGT ATC GAA AAA TAC GGT GCG TTC ATC AAC CTG AAC GAA CAG GTT CGT GGT CTG CTG CTG CCG CGT GAC ATG ATC TCT CTG CGT CTG GAA AAC CTC AAT GTT GGT GAC GAA ATC ATC GTG CAG GCG ATC GAT GTT CGT CCG GAA AAA CGT GAA ATC ACC TTC AAA TAC ATC CCG,2.9679112777706083
GAC GTT GAA CCG GGT AAA TTC TAC AAA GGT GTT GTT ACC CGT ATC GAA AAA TAC GGT GCG TTC ATC AAC CTC AAC GAA CAG GTT CGT GGT CTG CTG CGT CCG CGT ACC ATG ATC TCT CTG CGT CTG GAA AAC CTG AAC GTT GGT GAC GAA ATC ATC GTG CAG GCT ATC GAT GTT ATG CCG GAA AAA CGT GAA ATC GAC TTC AAA TAC ATC CCG,1.208210995257797
GAC GTG GAA CCG GGT AAA TTC TAC AAA GGT GTT GTT ACC CGT ATC GAA AAA TAC GGT GCG TTC ATC AAC CTG AAT GAG CAG GTG CGT GGT CTG CTG CGT CCG CGC GAC ATG ATC TCT CTG CGT CTG GAA AAC CTC AAT GTT GGT GAC GAA ATC ATC GTT CAG GCG ATC GAC GTT GAC CCG GAA AAA CGT GAA ATC GAA TTC AAA TAC ATC CCG,3.9462484607336767
GAC GTT GAA CCG GGT AAA TTC TAC AAA GGT GTT GTT ACC CGT ATC GAA AAA TAC GGT GCG TTC ATC AAC CTG AAC GAA CAG GTT CGT GGT CTG CTG TTC CCG CGT CCG ATG ATC TCT CTG CGT CTG GAA AAT CTG AAC GTT GGT GAC GAA ATC ATC GTT CAA GCG ATC GAC GTT CGT CCG GAA AAA CGT GAA ATC GAC TTC AAA TAC ATC CCG,1.478715615227786
GAC GTT GAA CCG GGT AAA TTC TAC AAA GGT GTT GTT ACC CGT ATC GAA AAA TAC GGT GCG TTC ATC AAC CTG AAC GAA CAG GTT CGT CGT CTG CTG CGT CCG CGT GAC ATG ATC TCT CTC CGT CTG GAA AAT CTG AAC GTT GGT GAC GAA ATC ATC GTG CAG GCG ATC GAT GTT CGT CCG GAA AAA CGT GAA ATC GAC TTC AAA TAC ATC CCG,1.6097084655973244
GAC GTT GAA CCG GGT AAA TTC TAC AAA GGT GTT GTT ACC CGT ATC GAA AAA TAC GGT GCG TTC ATC AAC CTG AAC GAA CAG GTT CGT GGT CTG CTG CGC CCA CGT GAC ATG ATC TCT CTG CGT CTG GAA AAT CTG AAC GTT GGT GAC GAA ATC ATC GTT CAA GCG ATC GAC GTT CGC CCG GAC AAA CGT GAA ATT GAC TTC AAA TAC ATC CCG,5.468360047754628
GAC GTT GAA CCG GGT AAA TTC TAC AAG GGT GTT GTT ACC CGT ATC GAA AAA TAC GGT GCG TTC ATC AAC CTG AAT GAA CAG GTT CGT GGT CTG CTG CGT CCG CGT GAC ATC ATC TCT CTG CGT CTG GAA AAC CTC AAT GTT GGT GAC GAA ATC ATC GTT CAG GCG ATC GAC GTT CGC CCG GAA AAA CGT GAA ATC GAC TTC AAA TAC ATT CCG,3.5074049364199493
GAT GTT GAA CCG GGT AAA TTC TAC AAA GGT GTT GTG ACC GTT ATC TCT AAA TAC GGT GCG TTC ATC AAC CTG AAT GAA CAG GTT CGT GGT CTG CTG CGT CCG CGT GAC ATG ATC TCT CTG CGC CTG GAA AAT CTG AAC GTT GGT GAC GAA ATC ATC GTT CAG GCG ATC GAC GTG CGT CCA GAA AAA CGT GAA ATC GAC TTC AAA TAC ATC CCG,3.879341257821687
GAC GTG GAA CCG GGT AAA TTC TAC AAA GGT GTT GTT ACC CGT ATC GAA CAC TAC GGT GCG TTC ATC AAT CTG AAC GAA CAG GTT CGT GGT CTG CTG CGT CCG CGT GAC ATG ATC TCT CTG CGT CTG GAA AAC CTG AAC GTT GGT GAC GAA ATC ATC GTT CAA GCG ATC GAC GTT CGT CCG GAA AAA CGT GAA ATC GAC TTC AAA TAC ATC CCG,5.366437216197587
GAC GTT GAG CCG GGT AAA TTC TAC AAA GGT GTT GTT ACC ATC ATC GAA AAA TAC GGT GCG TGG ATC AAC CTC AAC GAA CAA GTT CGT GGT CTG CTC CGT CCG CGT GAC ATG ATC TCT CTG CGC CTG GAG AAC CTG AAC GTT GGT GAT GAA ATC ATC GTT CAA GCG ATC GAC GTG CGC CCA GAA AAA CGT GAA ATC GAC TTC AAG TAT ATC CCA,3.996972080799037
GAC GTT GAA CCG GGT AAA TTC TAC AAA GGT GTT GTT ACC CGT ATC GAA AAA TAC GGT GCG TTC ATC AAC CTG AAT GAA CAG GTT CGT GGT CTG CTG CTG CCG CGT GGT ATG ATC TCT CTG CGT CTG GAA AAC CTC AAT GTG GGT GAC GAA ATC ATC GTT CAG GCG ATT GAC GTT CGT CCG GAA AAA CGT GAA ATC GAC TTC AAA TAC ATC CCG,2.6673189945160543
GAC GTT GAA CCG GGT AAA TTC TAC AAA GGT GTT GTT ACC CGT ATC GAA AAA TAC GGT GCG TTC ATC AAC CTC AAC GAA CAG GTT CGT GGT CTG CTG CGT CCG CGT GAC ATG ATC TCT CTG CGT CTG GAA AAC CTG AAT GTT GGT GAC GAA ATC CCG GTG CAG GCG ATC GAC GTT CGT CCG GAA AAA CGT GAA ATC GAC TTC AAA TAC ATC CCG,1.8679022252172657
GAC GTT GAA CCG GGT AAA TTC TAC AAA GGT GTT GTT ACC CGT ATC GAA AAA TAC GGT GCG TTC ATC AAC CTG AAC GAA CAG GTT CGT GGT CTG CTG CGT CCG CGT GAA ATG ATC TCT CTG CGT CTG GAA AAC CTC AAT GTT GGT GAC GAA ATC ATC GTT CAA GCG ATC GAC GTT CGT CCG GAA AAA CGC GAA ATT TGG TTC AAA TAC ATC CCG,2.722366142870932
GAC GTT GAA CCG GGT AAA TTC TAC AAA GGT GTT GTT ACC CGT ATC GAA AAA TAC GGT GCG TTC ATC AAC CTG AAC GAA CAG GTT CGT GGT CTG CTG CGT CCG CGT GAC ATG ATC TCT CTG CGC CTC GAA AAC CTC AAT GTT GGT GAC GAA ATC ATC GTT CAA GCG TGC GAT GTT CGT CCG GAA AAA CGT GAA ATC GAC TTC AAA TAC ATC CCA,3.381692280047158
GAC GTT GAG CCG GGT AAA TTC TAT AAA GGT GTT GTT ACC CGT ATC GAA AAA TAC GGT GCG TTC ATC AAC CTC AAT GAG CAG GTT CGT GGT CTG CTG TCT CCG CGT GAT ATG ATC TCT CTG CGT CTG GAA AAC CTG AAT GTT GGT GAC GAA ATC ATC GTT CAA GCG ATC GAC GTT TCT CCG GAA AAA CGT GAA ATC GAC TTC AAG TAC ATC CCG,1.7220176838538523
GAT GTT GAA CCG GGT AAA TTC TAC AAA GGT GTT GTT ACC CGT ATC GAA AAA TAC GGT GCG TTC ATC AAC CTG AAC GAG CAG GTT CGT GGT CTG CTG CGT CCG CGT ATT ATG ATC TCT CTG CGT CTG GAA AAT CTG AAC GTT GGT GAC GAA ATC ATC GTG CAG GCG ATC GAC GTT TCT CCG GAA AAA CGT GAA ATC GAC TTC AAA TAC ATC CCG,1.843854567626309
GAC GTT GAA CCG GGT AAA TTC TAC AAG GGT GTT GTT ACC CGT ATC GAA AAA TAC GGT GCG TTC ATT AAC CTG AAC GAA CAG GTT CGT GGT CTG CTG CGT CCA CGC GAT ATG ATC TCT CTG CGT CTG GAG AAC CTC AAT GTT GGT GAC GAA ATC ATT GTT CAG GCG ATT GAC TTC CGT CCG GAA AAA CGT GAA ATC GAC TTC AAA TAC ATC CCG,3.8778608770405048
GAC GTT GAA CCG GGT AAA TTC TAC AAA GGT GTT GTT ACC CGT ATC GAA AAA TAC GGT GCG TTC ATC AAC CTG AAT GAA CAG GTT CGT GGT CTG CTG ACT CCG CGT CTG ATG ATC TCT CTG CGT CTG GAA AAC CTC AAT GTT GGT GAC GAA ATC ATC GTG CAG GCG ATC GAC GTT CGT CCG GAA AAA CGT GAA ATC GAC TTC AAA TAC ATC CCG,2.3237593302135
GAC GTT GAA CCG GGT AAA TTC TAC AAA GGT GTT GTT ACC CGT ATC GAA AAA TAC GGT GCG TTC ATC AAT CTG AAC GAA CAG GTT CGT GGT CTG CTG CGT CCG CGT ATT ATG ATC TCT CTG CGT CTG GAA AAC CTG AAC GTT GGT GAC GAA ATC ATC GTG CAA GCG ATC GAC GTT CGT CCG GAA AAA CGT GAA ATC GAC TTC AAA TAC ATC CCG,1.9618503610420024
GAC GTT GAA CCG GGT AAA TTC TAC AAA GGT GTT GTT ACC CGT ATC GAA AAA TAC GGT GCG TTC ATC AAT CTG AAC GAA CAG GTT CGT GGT CTG CTG CGT CCG CGT GAC ATG ATC TCT CTG CGT CTG GAA AAC CTG AAC GTT GGT GAC GAA ATC ATC GTT CAA GCG ATC GAC GTT AAC CCG GAA AAA CGT GAA ATC ACC TTC AAA TAC ATC CCG,4.908097209336276
GAC GTT GAA CCG GGT AAA TTC TAC AAA GGT GTT GTT ACC CGT ATC GAA AAA TAC GGT GCG TTC ATC AAC CTG AAC GAA CAG GTT CGT GGT CTG CTG CGT CCG CGT GAC ATG ATC TCT CTG CGT CTG GAA AAC CTC AAC GTG GGT GAT GAA ATC ATC GTT CAA GCG ATC GAC GTT CGT CCG CCG AAG CGC GAG ATC GAC TTC AAA TAC ATC CCG,3.61017141246903
GAC GTT GAA CCG GGT AAG TTC TAC AAA GGT GTT GTT ACC TGG ATC GAA AAA TAC GGT GCG CTG ATC AAC CTG AAC GAA CAG GTT CGT GGT CTG CTC CGT CCA CGT GAT ATG ATC TCT CTG CGT CTG GAA AAT CTC AAC GTG GGT GAC GAA ATC ATC GTT CAA GCG ATT GAC GTT CGC CCG GAA AAA CGT GAA ATC GAC TTC AAA TAC ATC CCG,2.6014346657534952
GAC GTT GAA CCG GGC AAA TTC TAC AAA GGT GTT GTT ACC CGT ATC GAA AAA TAC GGT GCG TTC ATC AAC CTG AAT GAA CAG GTT CGT GGT CTG CTC CGT CCG CGC TAC ATG ATT TCC CTG CGT CTG GAA AAC CTC AAT GTT GGT GAC GAA ATT ATC GTT CAG GCG ATC GAC GTT CGT CCG GAA AAA CGT GAA ATC GAC TTC CCG TAC ATC CCG,1.7132930875254475
GAC GTT GAA CCG GGT AAG TTC TAC AAA GGT GTT GTT ACC CGT ATC GAA AAA TAC GGT GCG TTC ATC AAC CTG AAC GAA CAA GTT CGT GGT CTG CTG CGT CCG CGT CCG ATG ATC TCT CTG CGT CTG GAA AAT CTG AAC GTT GGT GAC GAA ATC ATC GTT CAA GCG ATT GAC GTT ACT CCA GAA AAA CGT GAA ATC GAC TTC AAA TAC ATC CCG,1.0917836563711507
GAC GTG GAA CCG GGC AAA TTC TAC AAA GGT GTT GTG ACC TTC ATC GAA AAA TAC GGT GCG ATC ATC AAC CTC AAC GAA CAG GTT CGT GGT CTG CTC CGT CCG CGT GAC ATG ATC TCT CTG CGT CTG GAA AAC CTG AAT GTT GGT GAC GAA ATC ATT GTT CAG GCG ATC GAC GTT CGT CCG GAA AAA CGT GAA ATC GAC TTC AAA TAC ATC CCG,3.248650741912771
GAT GTT GAA CCG GGT AAA TTC TAC AAA GGT GTT GTT ACC CGT ATC GAA AAA TAC GGT GCG TTC ATC AAT CTG AAC GAG CAG GTT CGT GGT CTG CTG CGT CCG CGT TTC ATG ATC TCT CTC CGT CTG GAA AAC CTG AAC GTG GGT GAC GAA ATC ATC GTT CAA GCG ATC GAC GTT GTT CCA GAA AAA CGT GAA ATC GAC TTC AAA TAC ATC CCG,2.078603000718859
GAC GTT GAA CCG GGT AAA TTC TAC AAA GGT GTT GTT ACC CGT ATC GAA AAA TAC GGT GCG TTC ATC AAT CTG AAC GAA CAG GTT CGT GGT CTG CTG CGT CCG CGT GAC ATG ATT TCC CTG CGT CTG GAA AAC CTG AAC GTT GGT GAC GAA ATT ATC GTG CAG GCG ATT GAC GTT TCT CCG GAA AAA CGT GAG ATC ATC TTC AAA TAC ATC CCG,4.2601924268328055
GAC GTT GAA CCG GGT AAA TTC TAC AAA GGT GTT GTT ACC CGT ATC GAA AAA TAC GGT GCG TTC ATC AAT CTG AAC GAG CAG GTT CGT GGT CTG CTG GAA CCG CGT GAC ATG ATC TCT CTC CGT CTG GAA AAC CTG AAC GTG GGT GAC GAA ATC ATC GTG CAG GCG ATC GAC GTT CGT CCA GAA AAA CGT GAA ATC GAC TTC AAA TAC ATC CCG,1.589130590690639
GAC GTT GAA CCG GGT AAA TTC TAC AAA GGT GTT GTT ACC CGT ATC GAA AAA TAC GGT GCG TTC ATC AAC CTC AAC GAA CAG GTT CGT GGT CTG CTG CGT CCG CGT TCT ATG ATC TCT CTG CGT CTG GAA AAC CTG AAC GTT GGT GAC GAA ATC ATC GTG CAG GCG ATT GAC GTT AAT CCG GAA AAA CGT GAA ATC GAC TTC AAA TAC ATC CCG,2.682125902755507
GAC GTT GAA CCG GGT AAA TTC TAC AAA GGT GTT GTT ACC CGT ATC GAA AAA TAC GGT GCG TTC ATC AAC CTC AAC GAA CAG GTT CGT GGT CTG CTC GAT CCG CGC GAT ATG ATC TCT CTG CGT CTG GAA AAC CTG AAC GTG GGT GAC GAA ATC ATT GTT CAG GCG ATC GAC GTT CCA CCG GAA AAA CGT GAA ATC GAC TTC AAA TAC ATC CCG,1.0335034045679343
GAC GTT GAA CCG GGT AAA TTC TAC AAA GGT GTT GTT ACC CGT ATC GAA AAA TAC GGT GCG TTC ATC AAC CTG AAC GAA CAG GTT CGT GGT CTG CTG GCT CCA CGT GAT ATG ATC TCT CTG CGT CTG GAA AAT CTG AAC GTT GGT GAC GAA ATC ATT GTG CAG GCG ATC GAT GTT CGT CCG GAA AAA CGC GAG ATT ATG TTC AAA TAC ATC CCG,2.760424787049597
GAC GTT GAA CCG GGC AAA TTC TAC AAA GGT GTT GTT ACC CGT ATC GAA AAA TAC GGT GCG TTC ATC AAC CTC AAC GAA CAA GTT CGC GGC CTG CTG CGT CCG CGT TTC ATG ATC TCT CTG CGT CTG GAA AAT CTC AAC GTG GGT GAT GAA ATT ATC GTT CAG GCG ATC GAC GTT CGT CCG GAA AAA CGT GAA ATC GAC TTC CAC TAC ATC CCA,2.3688827503116103
GAC GTT GAA CCG GGC AAA TTC TAC AAA GGT GTT GTT ACC CGT ATC GAA AAA TAC GGT GCG TTC ATC AAC CTC AAC GAG CAG GTT CGT GGT CTG CTG CGT CCG CGT GGT ATG ATC TCT CTG CGT CTG GAA AAC CTG AAT GTT GGT GAC GAA ATC ATC GTT CAA GCG ATC GAT GTT CGT CCG GAA AAA CGT GAA ATC CTG TTC AAA TAC ATC CCG,2.4935665802087925
GAC GTT GAA CCG GGT AAA TTC TAC AAA GGT GTT GTT ACC CGT ATC GAA AAA TAC GGT GCG TTC ATC AAT CTG AAT GAA CAG GTT CGT GGT CTG CTG TGG CCG CGT GAC ATG ATC TCT CTG CGT CTG GAA AAC CTG AAC GTT GGT GAC GAA ATC ATC GTT CAA GCG ATC GAC GTT CGT CCG GAA AAA CGT GAA ATC GGT TTC AAA TAC ATC CCG,1.41054450131463
GAC GTT GAA CCG GGT AAA TTC TAC AAA GGT GTT GTT ACC CGT ATC GAA AAA TAC GGT GCG TTC ATC AAC CTC AAC GAA CAG GTT CGT GGT CTG CTG TAC CCG CGT GAT ATG ATC TCT CTG CGT CTG GAA AAC CTG AAT GTT GGT GAC GAA ATC ATC GTT CAG GCG ATT GAC GTT CTG CCG GAA AAA CGT GAA ATC GAC TTC AAA TAC ATC CCG,1.3818443020339175
GAC GTT GAA CCG GGT AAA TTC TAC AAG GGT GTT GTT ACC CGT ATC GAA AAA TAC GGT GCG TTC ATC AAC CTG AAC GAA CAG GTT CGC GGT CTG CTG CGT CCG CGT CAG ATG ATC TCT CTG CGT CTG GAA AAC CTC AAT GTT GGT GAC GAA ATC ATC GTG CAG GCG ATT GAC GTT CGC CCG GAA AAA CGC GAG ATC CCG TTC AAA TAC ATC CCG,1.1875374175102924
GAC GTT GAA CCG GGT AAA TTC TAC AAA GGT GTT GTT ACC CGT ATC GAA AAA TAC GGT GCG TTC ATC AAT CTG AAC GAA CAG GTT CGT GGT CTG CTG CGT CCG CGT GAC ATG ATC TCT CTG CGT CTG GAA AAC CTG AAC GTT GGT GAC GAA ATC ATC GTT CAA GCG ATC GAC GTT TGG CCG GAA AAA CGC GAG ATT ATC TTC AAA TAC ATC CCG,3.7253141156438905
GAC GTT GAA CCG GGT AAA TTC TAC AAA GGT GTT GTT ACC CGT ATC GAA AAA TAC GGT GCG TTC ATC AAC CTG AAT GAA CAG GTT CGT GGT CTG CTG CGC CCA CGT GAC ATG ATC TCT CTG CGT CTG GAA AAC CTC AAT GTT GGC GAC GAA ATC ATC GTT CAA GCG ATC GAC GTG CGT GCG GAA AAA CGT GAA ATC GAC TTC AAA TAC ATC CCG,5.304234763165695
GAC GTT GAG CCG GGT AAA TTC TAC AAA GGT GTT GTT ACC CGT ATC GAA AAA TAC GGT GCG TTC ATC AAC CTC AAT GAA CAG GTT CGT GGT CTG CTG CAC CCG CGT GAC ATG ATC TCT CTG CGT CTG GAA AAC CTG AAT GTG GGT GAC GAA ATC ATC GTG CAG GCG ATC GAC GTT CGT CCG GAA AAA CGT GAA ATC GAA TTC AAA TAC ATC CCG,2.137396922908068
GAC GTT GAA CCG GGT AAA TTC TAC AAA GGT GTT GTT ACC CGT ATC GAA AAA TAC GGT GCG TTC ATC AAC CTG AAC GAA CAG GTT CGT GGT CTG CTG CGT CCG CGT GAC ATG ATC TCT CTG CGT CTG GAA AAT CTG AAC GTT GGT GAC GAA ATC ATC GTT CAA GCG ATC GAC GTT CGT CCG GAA ATC CGT GAA ATC GAC TTC AAA TAC ATC CCG,4.335805789246411
GAC GTT GAA CCG GGT AAA TTC TAC AAA GGT GTT GTT ACC CGT ATC GAA AAA TAC GGT GCG TTC ATC AAC CTC AAT GAA CAG GTT CGT GGT CTG CTG CGT CCG CGT GAC ATG ATC TCT CTG CGT CTG GAA AAC CTG AAC GTT GGT GAC GAA ATC ATC GTT TAC GCG ATT GAC GTT CGT CCG GAA AAA CGT GAA ATC GAC TTC AAA TAC ATC CCG,5.016406482128882
GAC GTT GAA CCG GGT AAA TTC TAC AAA GGT GTT GTT ACC CGT ATC GAA AAA TAC GGT GCG TTC ATC AAC CTG AAC GAA CAG GTT CGT GGT CTG CTG CGT CCA CGT AAC ATG ATC TCT CTG CGT CTG GAA AAC CTC AAC GTG GGT GAC GAA ATC ATC GTG CAG GCT ATC GAC GTT CTG CCG GAA AAA CGT GAA ATC GAC TTC AAA TAC ATC CCG,3.657576809010408
GAC GTT GAA CCG GGT AAA TTC TAC AAA GGT GTT GTT ACC CGT ATC GAA AAG TAT GGT GCG TTC ATC AAC CTG AAC GAA CAG GTT CGT GGT CTG CTC CGT CCG CGC GAC ATG ATC TCT CTG CGT CTG GAA AAT CTC AAC GTG GGT GAC GAA ATC ATT GTT CAG GCG ATC GAC GTT CAG CCG GAA AAG CGT GAA ATC TCT TTC AAG TAC ATC CCG,3.892133770522282
GAC GTT GAA CCG GGT AAA TTC TAC AAA GGT GTT GTT ACC CGT ATC GAA AAA TAC GGT GCG TTC ATC AAC CTG AAC GAA CAG GTT CGT GGT CTG CTG CTG CCG CGT CTG ATG ATC TCT CTG CGT CTG GAA AAT CTC AAC GTG GGT GAC GAA ATC ATC GTG CAG GCG ATC GAC GTG CGT CCA GAA AAA CGT GAA ATC GAC TTC AAA TAC ATC CCG,2.5122717847269125
GAC GTT GAA CCG GGT AAA TTC TAC AAA GGT GTT GTT ACC CGT ATC GAA AAA TAC GGT GCT TTC ATC AAC CTG AAC GAA CAG GTT CGT GGT CTG CTC CGC CCA CGT TGC ATG ATC TCT CTG CGC CTC GAA AAT CTG AAC GTT GGT GAC GAA ATC ATC GTG CAG GCG ATC GAC GTT CGT CCG GAA AAA CGT GAA ATC GAC TTC ACC TAC ATC CCG,2.771072084509445
GAC GTT GAA CCG GGT AAA TTC TAC AAA GGT GTT GTT ACC CGT ATC GAA AAA TAC GGT GCG TTC ATC AAC CTG AAT GAG CAG GTT CGT GGT CTG CTG CGC ATG CGT GAC ATG ATC TCT CTG CGT CTG GAA AAT CTG AAC GTT GGT GAC GAA ATC ATC GTT CAG GCT ATC GAC GTT CGT CCG GAA AAA CGT GAA ATC GAC TTC AAA TAC ATC CCG,4.0456712323961295
GAC GTT GAA CCG GGT AAA TTC TAC AAA GGT GTT GTT ACC CGT ATC GAA AAA TAC GGT GCG TTC ATC AAT CTG AAC GAA CAG GTT CGT GGT CTG CTG TTC CCG CGT ACC ATG ATC TCT CTG CGT CTG GAA AAC CTG AAC GTG GGT GAC GAA ATC ATT GTT CAG GCG ATC GAC GTT CGT CCG GAA AAA CGT GAA ATC GAC TTC AAA TAC ATC CCG,1.579264206454612
GAT GTT GAA CCG GGT AAG TTC TAC AAA GGT GTG GTT ACC ATG ATC TGC AAG TAC GGT GCG TTC ATC AAT CTG AAT GAA CAG GTT CGT GGT CTG CTG CGT CCG CGT GAC ATG ATT TCT CTG CGT CTG GAA AAC CTG AAC GTT GGT GAC GAG ATC ATC GTG CAG GCG ATC GAC GTT CGT CCG GAA AAA CGT GAA ATC GAC TTC AAA TAC ATC CCA,4.5096267427527685
GAC GTT GAA CCG GGT AAG TTC TAC AAA GGT GTT GTT ACC CGT ATC GAA AAA TAC GGT GCG TTC ATC AAC CTG AAC GAG CAG GTT CGT GGT CTG CTG CGT CCG CGC TGT ATG ATC TCT CTG CGT CTG GAA AAC CTC AAT GTT GGC GAC GAA ATC ATC GTT CAA GCT ATC GAC GTT CGT CCG GAA AAA CGT GAA ATC GAC TTC AAA TAC ATC CCG,3.719245259802424
GAC GTT GAA CCG GGT AAA TTC TAC AAA GGT GTT GTT ACC CGT ATC GAA AAA TAC GGT GCG TTC ATC AAC CTG AAC ATG CAG GTT CGT GGT CTG CTG CGT CCG CGC GAC ATG ATC TCT CTG CGT CTG GAA AAC CTC AAT GTT GGT GAC GAA ATC ATC GTT CAA GCG ATC GAC GTT CGT CCA GAA AAA CGT GAA ATC GAC TTC AAA TAC ATC CCG,5.265523070183752
GAC GTT GAA CCG GGT AAA TTC TAC AAA GGT GTT GTT ACC CGT ATC GAA AAA TAC GGT GCG TTC ATC AAC CTC AAT GAA CAG GTT CGT GGT CTG CTG CGT CCG CGT GAC ATG ATC TCT CTG CGT CTG GAA AAC CTG AAC GTT GGC GAC GAA ATT ATC GTT CAA GCG ATC GAC GTT AAC CCG GAA AAA CGT GAA ATC ATG TTC AAA TAC ATC CCG,4.61706449556057
GAT GTT GAA CCG GGT AAA TTC TAC AAA GGT GTT GTT ACC CGT ATC GAA AAA TAC GGT GCG TTC ATC AAC CTG AAT GAA CAA GTT CGT GGT CTG CTG CGT CCG CGT ATG ATG ATC TCT CTG CGT CTG GAA AAC CTC AAT GTT GGT GAC GAA ATT ATC GTT CAA GCG ATC GAC GTT CGT CCG GAA AAA CGT GAA ATC ATC TTC AAA TAC ATC CCG,3.257867582785937
GAC GTT GAA CCG GGT AAA TTC TAC AAA GGT GTT GTT ACC CTG ATC GAA AAA TAC GGT GCG CCG ATC AAC CTG AAC GAA CAG GTT CGC GGC CTG CTG CGC CCA CGT GAC ATG ATC TCT CTG CGT CTC GAA AAT CTG AAC GTT GGT GAC GAA ATC ATC GTG CAG GCG ATC GAT GTT CGT CCG GAA AAA CGT GAA ATC GAC TTC AAA TAC ATC CCA,0.3518850235453749
GAC GTT GAA CCG GGC AAA TTC TAC AAA GGT GTT GTT ACC CGT ATC GAA AAA TAC GGT GCG TTC ATC AAC CTC AAT GAA CAG GTT CGT GGT CTG CTG CGT CCG CGT ATG ATG ATC TCT CTG CGC CTG GAG AAC CTG AAT GTT GGC GAC GAA ATC ATC GTT CAG GCG ATC GAC GTT CGT CCG GAA AAA CGT GAA ATC GAA TTC AAA TAC ATC CCG,3.430760368304851
GAT GTT GAA CCG GGC AAA TTC TAC AAA GGT GTT GTT ACC CGT ATC GAA AAA TAC GGT GCG TTC ATC AAC CTC AAC GAA CAA GTT CGT GGT CTG CTC CGT CCG CGC GAA ATG ATC TCT CTG CGT CTG GAA AAC CTG AAC GTT GGT GAC GAA ATC ATC GTT CAA GCG ATC GAC GTT CGT CCA GAA AAA CGT GAA ATC GAC TTC ATC TAC ATC CCG,2.327243782616246
GAC GTT GAA CCG GGT AAA TTC TAC AAA GGT GTT GTT ACC CGT ATC GAA AAA TAC GGT GCG TTC ATC AAC CTC AAC GAA CAG GTT CGT GGT CTG CTG CGT CCG CGT GAC ATG ATC TCT CTG CGT CTG GAA AAC CTG AAC GTT GGT GAC GAA ATC ATC GTG CAG GCG ATC GAC GTT CGC CCG GAA AAA CGT GTT ATC GAC TTC AAA TAC ATC CCG,4.390850001660649
GAC GTT GAA CCG GGT AAG TTC TAC AAA GGT GTT GTT ACC CGT ATC GAA AAA TAC GGT GCG TTC ATC AAC CTG AAT GAA CAG GTT CGT GGT CTG CTG CGT CCG CGT GAC ATG ATC TCT CTG CGT CTG GAA AAC CTC AAT GTT GGT GAC GAA ATC ATC GTG CAG GCT ATC GAT GTT CGT CCG GAA AAA CGT GAA ATC GAC ATG AAA TAC ATC CCG,2.87146799721258
GAC GTT GAA CCG GGT AAA TTC TAC AAA GGT GTT GTT ACC CGT ATC GAA AAA TAC GGT GCG TTC ATC AAC CTG AAC GAA CAG GTT CGT GGT CTG CTG TGG CCG CGT GGC ATG ATC TCT CTG CGT CTG GAA AAC CTC AAT GTT GGT GAC GAA ATC ATC GTG CAG GCG ATC GAC GTT CGT CCG GAA AAA CGT GAA ATC GAC TTC AAA TAC ATC CCG,1.983942600173085
GAC GTT GAA CCG GGT AAA TTC TAC AAA GGT GTT GTT ACC CGT ATC GAA AAA TAC GGT GCG TTC ATC AAC CTG AAT GAA CAG GTT CGT GGT CTG CTG GAC CCG CGT TTC ATG ATC TCT CTG CGT CTG GAA AAC CTC AAT GTT GGT GAC GAA ATC ATC GTT CAG GCT ATC GAC GTT CGT CCG GAA AAA CGT GAA ATC GAC TTC AAG TAC ATC CCG,2.0106657245314867
GAC GTT GAA CCG GGT AAA TTC TAC AAA GGT GTT GTT ACC CGT ATC GAA AAA TAC GGT GCG TTC ATC AAT CTG AAC GAA CAG GTT CGT GGT CTG CTG CGT CCG CGT GAC ATG ATC TCT CTG CGT CTG GAA AAC CTG AAT GTT GGT GAC GAA ATC ATC GTT CAA GCG ATC GAC GTT CGT CCG GAA AAA GGT GAA ATC GAC TTC AAA TAC ATC CCG,6.737340526554676
GAC GTT GAA CCG GGT AAA TTC TAC AAA GGT GTT GTT ACC CGT ATC GAA AAA TAC GGT GCG TTC ATC AAC CTC AAC GAA CAG GTT CGT GGT CTG CTG CGT CCG CGT GAC ATG ATC TCT CTG CGT CTG GAA AAC CTG AAT GTT GGT GAC GAA ATC ATC GTT CAG GCG ATC CGT GTT CGT CCG GAA AAA CGT GAA ATC GAC TTC AAA TAC ATC CCG,7.455369206703642
GAC GTT GAA CCG GGT AAA TTC TAC AAA GGT GTT GTT ACC CGT ATC TGG AAA TAC GGT GCG TTC ATC AAT CTG AAT GAG CAG GTT CGT GGT CTG CTG CGT CCG CGT GAC ATG ATC TCT CTG CGC CTG GAA AAC CTG AAC GTT GGT GAC GAA ATC ATC GTG CAG GCG ATC GAC GTT CGT CCA GAA AAA CGT GAA ATC GAC TTC AAA TAC ATC CCG,4.537056578826618
GAC GTT GAA CCG GGT AAA TTC TAC AAG GGT GTT GTT ACC CGT ATC GAA AAA TAC GGT GCG TTC ATC AAC CTG AAT GAA CAG GTT CGT GGT CTG CTC CGT CCG CGC GAA ATG ATC TCT CTG CGT CTG GAA AAC CTC AAC GTG GGT GAC GAA ATC ATT GTG CAG GCG ATC GAC GTT CGC CCG GAA AAA CGT GAA ATC GAC TTC TCT TAC ATC CCG,2.246304552078673
GAC GTT GAA CCG GGT AAA TTC TAC AAA GGT GTT GTT ACC CGT ATC GAA AAA TAC GGT GCG TTC ATC AAT CTG AAC GAA CAG GTT CGT GGT CTG CTG ACT CCA CGT GAC ATG ATC TCT CTG CGT CTG GAA AAC CTC AAT GTT GGT GAT GAA ATC ATC GTT CAA GCG ATC GAC GTT CGT CCG GAA AAG CGC GAA ATC AAA TTC AAA TAC ATC CCG,2.8908767134427933
GAC GTT GCT CCG GGC AAA TTC TAC AAA GGT GTT GTT ACC CGT ATC GAA AAA TAC GGT GCG TTC ATC AAC CTC AAC GAA CAG GTT CGC GGT CTG CTG CGT CCG CGT GAC ATG ATC TCT CTG CGT CTG GAA AAT CTG AAT GTG GGT GAC GAA ATC ATC GTT CAA GCG ATC GAC GTT CGC CCG GAA AAA CGT GAA ATC GAC TTC AAA TAC ATC CCA,4.7344318359872055
GAT GTG GAA CCG GGT AAA TTC TAC AAA GGT GTT GTT ACC CGT ATC GAA AAA TAC GGT GCG TTC ATC AAC CTC AAC GAA CAG GTT CGT GGT CTG CTG CGT CCG CGT GAC ATG ATC TCT CTC CGT CTG GAA AAC CTG AAC TAC GGT GAC GAA ATC ATC GTT CAG GCG ATC GAC GTT CGT CCG GAA AAA CGT GAA ATC GAC TTC AAA TAC ATC CCG,3.5148515252162573
GAC GTT GAA CCG GGT AAA TTC TAC AAG GGC GTG GTT ACT CGT ATT GAG AAA TAC GGT GCG TTC ATC AAC CTG AAT GAA CAG GTT CGT GGC CTG CTG CGT CCG CGT TGG ATG ATC TCT CTG CGC CTG GAG AAC CTC AAT GTT GGT GAT GAA ATC ATC GTT CAG GCG ATT GAC GTT CGT CCG GAA AAA CGT GAA ATC GAC TTC CAC TAC ATC CCG,2.424980725966948
GAC GTT GAA CCG GGT AAA TTC TAC AAA GGT GTT GTT ACC CGT ATC GAA AAA TAC GGT GCG TTC ATC AAC CTG AAC GAG CAG GTT CGT GGC CTC CTG CGT CCG CGT GGC ATG ATC TCT CTG CGT CTG GAA AAC CTC AAT GTT GGT GAT GAA ATC ATC GTG CAG GCG ATC GAC GTT CGT CCG GAA AAA CGT GAA ATC GAC TTC CTG TAC ATC CCG,2.577877877876858
GAC GTT GAA CCG GGT AAA TTC TAC AAA GGT GTT GTT ACC CGT ATC GAA AAA TAC GGT GCG TTC ATC AAC CTG AAC GAG CAG GTT CGT GGT CTG CTG CGT CCG CGT GAC ATG ATC TCT CTG CGT CTG GAA AAT CTG AAC GTT GGC GAT GAA ATC ATT GTT CAG GCG ATC GAC GTT GTT CCG GAG AAA CGT GAA ATC GCG TTC AAA TAC ATC CCG,3.337536829282868
GAC GTT GAA CCG GGT AAA TTC TAC AAA GGT GTT GTT ACC CGT ATC GAA AAA TAC GGT GCG TTC ATC AAC CTC AAT GAA CAG GTT CGT GGT CTG CTG GTT CCG CGT GAC ATG ATC TCT CTG CGT CTG GAA AAC CTG AAC GTG GGT GAC GAA ATC ATC GTG CAG GCT ATC GAC GTT CGT CCG GAA AAA CGC GAG ATC AAC TTC AAA TAC ATC CCG,1.8885563800030112
GAC GTT GAA CCG GGT AAA TTC TAC AAG GGT GTT GTT ACC CGT ATC GAA AAA TAC GGT GCG TTC ATC AAC CTC AAT GAA CAG GTT CGT GGT CTG CTG CGT CCG CGT GAC ATG ATC TCT CTG CGT CTG GAA AAC CTG AAC GTT GGT GAC GAA ATC ATC GTT CAA GCG ATC GAC GTT CGC CCG GAA AAA CGT GAA ATC GAC TTC AAA TAC ATC CTG,3.4942703364928684
GAC GTT GAA CCG GGC AAA TTC TAC AAA GGT GTT GTT ACC CGT ATC GAA AAA TAC GGT GCG TTC ATC AAC CTC AAC GAA CAG GTT CGC GGT CTG CTG CGT CCG CGT CGT ATG ATC TCT CTG CGC CTG GAA AAC CTG AAC GTT GGT GAT GAA ATC ATC GTG CAG GCG ATT GAC GTT CTG CCG GAA AAA CGT GAA ATC GAC TTC AAA TAC ATC CCG,1.831674958371433
GAC GTT GAA CCG GGC AAA TTC TAC AAA GGT GTT GTT ACC CAG ATT TAC AAA TAC GGT GCG TTC ATC AAC CTC AAC GAA CAG GTT CGT GGT CTG CTG CGT CCG CGT GAC ATG ATC TCT CTG CGT CTG GAA AAC CTG AAT GTT GGT GAC GAA ATC ATC GTT CAG GCT ATC GAC GTT CGT CCG GAA AAA CGT GAA ATC GAC TTC AAA TAC ATC CCG,4.491027371369656
GAC GTT GAA CCG GGT AAA TTC TAC AAA GGT GTT GTT ACC GAC ATC CGT AAA TAC GGC GCG TTC ATC AAC CTG AAT GAA CAA GTT CGT GGT CTG CTG CGT CCG CGT GAC ATG ATC TCT CTG CGT CTG GAA AAC CTC AAT GTT GGT GAC GAA ATC ATC GTG CAG GCG ATC GAC GTT CGT CCG GAA AAA CGT GAA ATC GAC TTC AAA TAC ATC CCG,4.356174720663564
GAC GTT GAA CCG GGC AAA TTC TAC AAA GGT GTT GTT ACC CGT ATC GAA AAA TAC GGT GCG TTC ATC GAA CTG AAC GAA CAG GTT CGT GGT CTG CTG CGT CCG CGT GAC ATG ATC TCT CTG CGT CTG GAA AAC CTG AAC GTG GGT GAT GAA ATC ATC GTG CAG GCG ATT GAC GTT CGC CCG GAA AAA CGT GAA ATC GAC TTC AAA TAC ATC CCG,4.8398602285466765
GAC GTT GAG CCG GGT AAA TTC TAC AAA GGT GTT GTT ACC CGT ATC GAA AAA TAC GGT GCG TTC ATC AAC CTG AAC GAG CAG GTT CGT GGT CTG CTG CGT CCG CGT AAA ATG ATC TCT CTG CGT CTG GAA AAT CTG AAC GTT GGT GAT GAA ATC ATT GTT CAG GCG ATC GAT GTT GAA CCG GAA AAA CGT GAA ATC GAC TTC AAA TAC ATC CCG,1.1522287826610782
GAC ACC GAG CCG GGT AAA TTC TAC AAG GGT GTT GTT ACC CGT ATC GAA AAA TAC GGT GCG TTC ATC AAT CTG AAT GAA CAG GTT CGT GGT CTG CTG CGT CCG CGT GAC ATG ATC TCT CTG CGT CTG GAA AAC CTG AAT GTT GGT GAC GAA ATC ATC GTT CAG GCT ATC GAC GTT CGT CCG GAA AAA CGT GAA ATC GAC TTC AAA TAC ATC CCG,2.962289377848865
GAC GTT GAA CCG GGT AAA TTC TAC AAA GGT GTT GTT ACC CGT ATC GAA AAA TAC GGT GCG TTC ATC AAT CTG AAC GAA CAG GTT CGT GGT CTG CTG CGT CCG CGT GAC ATG ATC TCT CTG CGT CTG GAA AAC CTG AAT GTT GGT GAC GAA ATC ATC GTT CAA GCG GTT GAC GTT CGC CCG GAA AAA CGT GAA ATC GAC TTC AAA TAC ATC CCG,4.896281625456823
GAC GTT GAA CCG GGT AAA TTC TAC AAA GGT GTT GTT ACC CGT ATC GAA AAA TAC GGT GCG TTC ATC AAC CTG AAC GAA CAG GTT CGT GGT CTG CTG CGT CCG CGT GAC ATG ATC TCT CTG CGT CTG GAA AAC CTC AAT GTT GGT GAC GAA ATC ATC GTT CAA GCG ATC GAC GTT TCT CCG GAA AAA CGC GAG ATC TAT TTC AAA TAC ATC CCG,5.094047467876015
GAC GTT GAA CCG GGT AAG TTC TAC AAA GGT GTT GTT ACC CGT ATC GAA AAA TAC GGT GCG TTC ATC AAC CTG AAT GAA CAG GTT CGC GGT CTG CTG GGT CCG CGT GAC ATG ATC TCT CTG CGT CTG GAG AAT CTG AAC GTT GGT GAC GAA ATC ATC GTG CAA GCG ATC GAC GTG CGC CCA GAA AAA CGT GAG ATC TTC TTC AAA TAC ATC CCG,2.480924640206829
GAC GTT GAA CCG GGT AAA TTC TAC AAA GGC GTT GTT ACC CAC ATC GAA AAA TAC GGT GCG AAA ATC AAC CTC AAC GAA CAG GTT CGT GGC CTC CTG CGT CCG CGT GAC ATG ATC TCT CTG CGC CTG GAG AAC CTG AAT GTT GGT GAC GAA ATT ATC GTT CAG GCG ATT GAC GTT CGC CCG GAA AAA CGT GAA ATC GAC TTC AAA TAC ATC CCA,1.617450311795127
GAC GTT GAA CCG GGT AAA TTC TAC AAA GGT GTT GTT ACC CGT ATC GAA AAA TAC GGT GCG TTC ATC AAC CTC AAC GAA CAG GTT CGT GGT CTG CTG GAA CCG CGT TTC ATG ATC TCT CTG CGT CTG GAA AAC CTG AAC GTT GGT GAC GAA ATC ATC GTG CAG GCG ATC GAC GTG CGT CCG GAA AAA CGT GAA ATC GAC TTC AAA TAC ATC CCG,2.2934103251017826
GAC GTT GAA CCG GGT AAA TTC TAC AAA GGT GTT GTT ACC CGC ATC GAA AAA TAC GGT AAG TTC ATC AAC CTC AAC GAG CAG GTT CGT GGT CTG CTG CGC CCA CGT GAC ATG ATC TCT CTG CGT CTG GAG AAT CTC AAT GTT GGT GAC GAA ATC ATC GTT CAG GCG ATC GAC GTG CGT CCG GAG AAG CGT GAA ATT GAC TTC AAA TAC ATC CCG,0.828594226452163
GAC GTT GAA CCG GGT AAA TTC TAC AAA GGT GTT GTT ACC CGT ATC GAA AAA TAC GGT GCG TTC ATC AAC CTG AAC GAA CAG GTT CGT GGT CTG CTG TGG CCG CGT GAC ATG ATC TCT CTG CGT CTG GAA AAC CTC AAT GTT GGT GAC GAA ATC ATC GTT CAA GCG ATC GAC GTG GAC CCG GAA AAA CGT GAA ATC GAC TTC AAA TAC ATC CCG,1.8956375938064376
GAC GTT GAA GGC GGT AAA TTC TAC AAA GGT GTT GTT ACC CGT ATC GAA AAA TAC GGT GCG TTC ATC AAC CTG AAC GAA CAG GTT CGT GGT CTG CTG CGT CCG CGT GAC ATG ATC TCT CTG CGT CTG GAA AAC CTC AAT GTT GGT GAC GAA ATC ATT GTG CAG GCG ATC GAT GTT CGT CCG GAA AAA CGT GAA ATC GAC TTC AAA TAC ATC CCG,3.570027701010153
GAT GTT GAA CCG GGT AAA TTC TAC AAA GGT GTT GTT ACC CGT ATC GAA AAA TAC GGT GCG TTC ATC AAT CTG AAT GAA CAG GTT CGT GGT CTG CTG GGT CCG CGT TGG ATG ATC TCT CTG CGT CTG GAA AAC CTC AAC GTG GGT GAC GAA ATC ATC GTT CAG GCG ATC GAC GTT CGC CCG GAA AAA CGT GAA ATC GAC TTC AAA TAC ATC CCG,2.286590431500104
GAC GTT GAA CCG GGT AAA TTC TAC AAA GGT GTT GTT ACC CGC ATC GAA AAA TAC GGT GCG TTC ATC AAC CTG AAC GAA CAG GTT CGT GGT CTG CTG CGT CCG CGT GAC ATG TTC TCT CTG CGT CTC GAA AAT CTG AAC GTT GGT GAC GAA ATC ATC GTT CAA GCG ATC GAC GTT CGT CCG GAA AAA CGT GAA ATC GAC TTC AAA TAC ATC CCG,4.421950383805164
GAC GTT GAA CCG GGT AAA TTC TAC AAA GGC GTT GTT ACC CAG ATC GAA AAA TAC GGT GCG TTC ATC AAC CTC AAC GAG CAG GTT CGT GGT CTG CTG CGT CCA CGT GAC ATG ATC TCT CTG CGT CTG GAG AAC CTG AAC GTT GGT GAC GAA ATC ATC GTG CAG GCG ATC GAC GTT CGC CCG GAA AAA CGT GAA ATC GAC TTC AAA TAC ATC CCG,4.964709683437724
GAT GTT GAA CCG GGT AAA TTC TAC AAA GGT GTT GTT ACC CGT ATC GAA AAA TAC GGT GCG TTC ATC AAT CTG AAC GAA CAA GTT CGT GGT CTG CTG CGT CCG CGT AAC ATG ATC TCT CTG CGT CTG GAA AAC CTG AAT GTT GGT GAC GAA ATT ATC GTT CAA GCG ATC GAT GTT CGT CCG GAA AAA CGT GAA ATC ATT TTC AAA TAC ATC CCG,4.248971421850918
GAC GTT GAA CCG GGT AAA TTC TAC AAA GGT GTT GTT ACC CGT ATC GAA AAA TAC GGT GCG TTC ATC AAC CTC AAC GAA CAG GTT CGT GGT CTG CTG CGT CCG CGT GAC ATG ATC TCT CTG CGT CTG GAA AAC CTG AAT GTT GGT GAC GAA ATC ATC GTT CAA GCG GGT GAC GTT CGT CCG GAA AAA CGT GAA ATC GAC TTC AAA TAC ATC CCG,3.736119079011387
GAC GTT GAA CCG GGT AAA TTC TAC AAA GGT GTT GTT ACC CGT ATC GAA AAA TAC GGT GCG TTC ATC AAC CTG AAC GAA CAG GTT CGT GGT CTG CTG CGT CCG CGT GAC ATG ATC TCT CTG CGT CTG GAA GTT CTG AAC GTT GGT GAC GAA ATC ATC GTT CAA GCT ATC GAC GTT CGT CCG GAA AAA CGT GAA ATC GAC TTC AAA TAC ATC CCG,4.242337163845125
GAC GTT GAA CCG GGT AAA TTC TAC AAA GGT GTT GTT ACC CGT ATC GAA AAA TAC GGT GCG TTC ATC AAC CTG AAC GAA CAG GTT CGT GGT CTG CTG CGT CCG CGT GAC ATG ATC TCT CTG CGT CTG GAA AAC CTC AAC ACT GGT GAC GAA ATC ATC GTT CAA GCG ATC GAC GTT CGT CCG GAA AAA CGT GAA ATC GAC TTC AAA TAC ATC CCG,3.4863028415442905
GAC GTG GAA CCG GGT AAA TTC TAC AAG GGT GTT GTT ACC CGT ATC GAA AAA TAC GGT GCG TTC ATC AAC CTC AAC GAA CAG GTT CGT GGT CTG CTC CGT CCG CGT GAC ATG ATT ATG CTG CGT CTG GAA AAT CTG AAC GTT GGT GAC GAA ATC ATC GTT CAG GCG ATT GAC GTT CGT CCG GAA AAA CGT GAA ATC GAC TTC AAA TAC ATC CCG,5.202660939712004
GAC GTT GAA CCG GGC AAA TTC TAC AAA GGT GTT GTT ACC CGT ATC GAA AAA TAC GGT GCG TTC ATC AAC CTG AAC GAA CAA GTT CGT GGT CTG CTG CGT CCG CGT GAC ATG ATC TCT CTG CGT CTG GAA AAC CTC AAT GTG GGT GAC GAA ATC ATT GTT CAG GCT ATC GAC GTT CGT CCG GAA AAA CGT GAA ATC ACC TTC AAA TAC ATC CCG,4.327042426260569
GAC GTT GAA CCG GGT AAA TTC TAC AAA GGT GTT GTT ACC CGT ATC GAA AAA TAC GGT GCG TTC ATC AAC CTG AAC GAA CAG GTT CGT GGT CTG CTG CAA CCG CGT GAC ATG ATC TCT CTG CGT CTG GAA AAC CTC AAC GTG GGT GAC GAA ATT ATC GTT CAA GCG ATC GAC GTT CGT CCG GAA AAA CGC GAG ATC AAA TTC AAA TAC ATC CCG,3.170929660862948
GAC GTT GAA CCG GGT AAA TTC TAC AAA GGT GTT GTT ACC CGT ATC GAA AAA TAC GGT GCG TTC ATC AAC CTC AAT GAA CAG GTT CGT GGT CTG CTG CGT CCA CGC TGG ATG ATC TCT CTG CGT CTG GAA AAC CTG AAC GTT GGT GAC GAA ATC ATC GTG CAG GCG ATC GAC GTT CGT CCG GAA AAA CGT GAG ATC TTC TTC AAG TAC ATC CCG,3.31121874696231
GAT GTT GAA CCG GGT AAG TTC TAC AAA GGT GTT GTT ACC CGT ATC GAA AAA TAC GGT GCG TTC ATC AAT CTG AAC GAA CAG GTT CGT GGT CTG CTG CAC CCG CGT GAT ATG ATC TCT CTG CGT CTG GAA AAC CTC AAT GTG GGT GAT GAA ATC ATT GTT CAG GCG ATC GAC GTT CTG CCG GAA AAA CGT GAA ATC GAC TTC AAA TAC ATC CCA,1.4866723538849738
GAC GTT GAA CCG GGT AAA TTC TAC AAA GGT GTT GTT ACC CGT ATC GAA AAA TAC GGT GCG TTC ATC AAC CTG AAC GAA CAG GTT CGT GGT CTG CTG CGT CCG CGT GAC ATG ATC TCT CTG CGT CTG GAA AAC CTC AAT GTT GGT GAT GAA ATC ATC GTT CAA GCG ATC GAC GTT ACT CCG GAA AAA CGT GAA ATC GAA TTC AAA TAC ATC CCG,2.9927232851550523
GAT GTT GAA CCA GGT AAA TTC TAC AAA GGC GTG GTT ACC CGT ATC GAA AAA TAC GGT GCG TTC ATC AAC CTG AAC GAG CAG GTT CGT GGT CTG CTC CGT CCG CGT TGG ATG ATC TCT CTG CGT CTG GAA AAT CTG AAT GTG GGT GAC GAA ATC ATC GTT CAA GCG ATC GAC GTG CGT CCG GAA AAA CGT GAA ATC GAC TTC GGT TAC ATC CCA,3.808715806955638
GAC GTT GAA CCG GGT AAG TTC TAC AAA GGT GTT GTT ACC CGT ATC GAA AAA TAC GGT GCG TTC ATC AAC CTC AAC GAA CAG GTT CGT TTC CTG CTG CGT CCG CGT GAC ATG ATC TCT CTG CGT CTG GAA AAC CTG AAC GTG GGT GAC GAA ATT ATC GTG CAG GCG ATT GAC GTT CGT CCA GAA AAA CGT GAA ATC GAC TTC AAA TAC ATC CCG,2.719076607334104
GAC GTT GAA CCG GGT AAA TTC TAC AAA GGT GTT GTT ACC CGT ATC GAA AAA TAC GGT GCG TTC ATC AAC CTG AAC GAA CAG GTT CGT GGT CTG CTG GAC CCG CGT AAT ATG ATC TCT CTG CGT CTG GAA AAT CTG AAC GTT GGT GAC GAA ATC ATC GTG CAG GCG ATT GAC GTT CGT CCG GAA AAA CGT GAA ATC GAC TTC AAA TAC ATC CCG,2.7428318842502657
GAC GTT GAA CCG GGT AAA TTC TAC AAA GGT GTT GTT ACC CGT ATC GAA AAA TAC GGT GCG TTC ATC AAC CTC AAC GAA CAG GTT CGT GGT CTG CTG CGT CCG CGT GTT ATG ATC TCT CTG CGT CTG GAA AAC CTG AAT GTT GGT GAC GAA ATC ATC GTT CAG GCG ATC GAC GTT TAC CCA GAA AAG CGT GAA ATC GAC TTC AAA TAC ATC CCG,1.7320309441965436
GAC GTT GAA CCG GGT AAA TTC TAC AAA GGT GTT GTT ACC CGT ATC GAA AAA TAC GGT GCG TTC ATC AAC CTG AAC GAA CAG GTT CGT GGT CTG CTG CGT CCG CGT GAC ATG ATC TCT CTG CGT CTG GAA AAT CTG AAT GTT GGT GAC GAA ATC ATC GTT CAA GCG ATC GAC GTT GGT CCG GAA AAA CGT GAA ATC ACC TTC AAA TAC ATC CCG,3.920706408245338
GAC GTT GAA CCG GGT AAA TTC TAC AAA GGT GTT GTT ACC CGT ATC GAA AAA TAC GGT GCG TTC ATC AAC CTG AAC GAA CAG GTT CGT GGT CTG CTG TCT CCG CGT GAT ATG ATC TCT CTG CGT CTG GAA AAT CTG AAC GTT GGT GAC GAA ATC ATC GTG CAG GCT ATC GAC GTT CGT CCG GAA AAA CGT GAA ATC GCG TTC AAA TAC ATC CCG,2.73785470258588
GAC GTT GAA CCG GGT AAG TTC TAC AAG GGT GTT GTT ACC CGT ATC GAA AAA TAC GGT GCG TTC ATC AAC CTG AAC GAA CAG GTG CGT GGT CTG CTC CGT CCG CGT GCG ATG ATC TCT CTG CGT CTG GAA AAC CTC AAT GTT GGT GAC GAA ATC ATC GTT CAA GCG ATT GAC GTT CGC CCG GAA AAA CGT GAA ATC GAC TTC GTT TAC ATC CCG,2.5030013132421667
GAT GTG GAA CCG GGT AAA TTC TAC AAG GGT GTT GTG ACC ATG ATC GAA AAA TAC GGT GCG CCA ATC AAC CTG AAT GAA CAG GTT CGT GGT CTG CTG CGT CCA CGC GAC ATG ATC TCT CTC CGT CTG GAG AAC CTC AAC GTG GGT GAC GAA ATC ATT GTT CAG GCG ATC GAT GTT CGT CCG GAA AAA CGT GAA ATC GAC TTC AAA TAC ATC CCA,0.3005995481297293
GAC GTT GAA CCG GGT AAA TTC TAC AAA GGT GTT GTT ACC CGT ATC GAA AAA TAC GGT GCG TTC ATC AAC CTC AAC GAA CAG GTT CGT GGT CTG CTC CCA CCG CGT GAC ATG ATC TCT CTG CGT CTG GAA AAC CTG AAC GTT GGT GAC GAA ATC ATT GTT CAA GCG ATC GAC GTT CGT CCG GAA AAA CGT GAA ATC GAC TTC AAA TAC ATC CCG,1.3381260485679525
GAC GTT GAA CCG GGT AAA TTC TAC AAA GGT GTT GTT ACC CGT ATC GAA AAA TAC GGT GCG TTC ATC AAT CTG AAC GAA CAG GTT CGT GGT CTG CTG CGT CCG CGT GAC ATG ATC TCT CTG CGT CTG GAA AAC CTG AAT GTT GGT GAC GAA ATC ATC GTG CAG GCT ATC GAT GTT AAC CCG GAA AAA CGT GAA ATC GGT TTC AAA TAC ATC CCG,3.97685018225633
GAC GTT GAA CCG GGT AAG TTC TAC AAA GGT GTT GTT ACC TAC ATC ATG AAG TAC GGT GCG TTC ATC AAC CTC AAC GAA CAG GTT CGT GGT CTG CTC CGT CCG CGT GAC ATG ATC TCT CTG CGT CTG GAA AAC CTG AAC GTG GGT GAC GAA ATC ATC GTT CAA GCG ATC GAT GTT CGC CCG GAA AAG CGT GAA ATT GAC TTC AAA TAC ATC CCG,4.54557036734178
GAC GTT GAA CCG GGT AAA TTC TAC AAG GGT GTT GTT ACC CGT ATC GAA AAA TAC GGT GCG TTC ATC AAC CTG AAC GAA CAA GTT CGT GGT CTG CTG CGC CCA CGT GTT ATG ATC TCT CTG CGC CTG GAA AAT CTG AAC GTT GGT GAT GAA ATC ATC GTT CAA GCG ATC GAC GTT CGT CCG GAA AAA CGT GAA ATC GAC TTC GAC TAC ATC CCG,1.7434482869904595
GAC GTT GAG CCG GGT AAA TTC TAC AAG GGT GTT GTT ACC CGT ATC GAA AAA TAC GGT GCG TTC ATC AAT CTG AAT GAA CAG GTT CGT GGC CTC CTG CGT CCA CGT ATT ATG ATT TCT CTC CGT CTG GAA AAC CTG AAT GTG GGT GAC GAG ATC ATC GTT CAG GCG ATC GAC GTT CGC CCG GAA AAA CGT GAA ATC GAC TTC ATC TAT ATC CCG,2.614488673057187
GAT GTT GAA CCG GGT AAA TTC TAC AAA GGT GTT GTT ACC CGT ATC GAA AAG TAC GGT GCG TTT ATC AAC CTC AAT GAA CAG GTT CGT GGT CTG CTG CGT CCG CGT GAC ATG ATC TCT CTG CGT CTG TCT AAC CTG AAC GTT GGT GAC GAA ATC ATC GTG CAG GCG ATC GAC GTT CGT CCG GAA AAA CGT GAA ATC GAC TTC AAA TAC ATC CCG,5.199100985535849
GAC GTT GAA CCG GGT AAA TTC TAC AAA GGT GTT GTT ACC CGT ATC GAA AAA TAC GGT GCG TTC ATC AAC CTG AAC GAA CAG GTT CGT GGT CTG CTG CGT CCG CGT GAC ATG ATC TCT CTG CGT CTG GAA AAT CTG AAC GTT GGT GAC GAA ATC ATC GTT CAA GCG ATC GAC GTT CGT CCG GAA AAA CGT GAA ATC GAC TTC AAA TAC CGT CCG,3.8647714220815055
GAT GTG GAA CCG GGT AAA TTC TAC AAG GGT GTT GTT ACC CGT ATC GAA AAA TAC GGT GCG TTC ATC AAT CTC AAC GAG CAG GTG CGT GGC CTG CTG CGC CCA CGT AAC ATG ATC TCT CTG CGC CTG GAG AAC CTG AAT GTT GGC GAC GAA ATC ATC GTT CAG GCT ATC GAC GTT CGT CCG GAA AAA CGT GAA ATC GAC TTC GTT TAC ATC CCG,3.705701856746147
GAC GTT GAA CCG GGT AAA TTC TAC AAA GGT GTT GTT ACC CGT ATC GAA AAA TAC GGT GCG TTC ATC AAT CTG AAC GAA CAG GTT CGT GGT CTG CTG TGG CCG CGT GAC ATG ATC TCT CTG CGT CTG GAA AAC CTG AAT GTT GGT GAC GAA ATC ATT GTT CAG GCG ATC GAC GTT CGT CCG GAA AAA CGT GAA ATC TGG TTC AAA TAC ATC CCG,2.4671043819734906
GAC GTT GAA CCG GGT AAA TTC TAC AAG GGT GTT GTT ACC CGT ATC GAA AAA TAC GGT GCG TTC ATC AAC CTC AAC GAA CAG GTT CGT GGT CTG CTG CGT CCG CGT GAC ATG ATC TCT CTG CGT CTG GAA AAC CTG AAT GTT GGT GAC GAA ATC ATC GTG CAG GCT ATC GAC GTT ATG CCG GAG AAG CGT GAA ATC AAA TTC AAG TAC ATC CCG,3.49222814160683
GAT GTT GAA CCG GGT AAA TTC TAC AAA GGT GTT GTT ACC CGT ATC GAA AAA TAC GGT GCG TTC ATC AAT CTC AAC GAA CAG GTT CGT GGT CTG CTG CGT CCG CGT CAG ATG ATC TCT CTG CGT CTG GAA AAC CTC AAT GTT GGT GAC GAA ATC ATC GTT CAG GCG ATC GAC GTT TTC CCG GAA AAA CGT GAA ATC GAC TTC AAA TAC ATC CCG,2.004429827585936
GAC GTG GAA CCG GGT AAA TTC TAC AAG GGT GTT GTT ACC ACC ATC GAA AAA TAC GGT GCG GAC ATC AAC CTG AAT GAA CAG GTT CGT GGT CTG CTG CGT CCG CGT GAC ATG ATC TCT CTG CGT CTG GAA AAC CTC AAT GTG GGC GAC GAA ATC ATC GTT CAG GCG ATT GAC GTT CGT CCG GAA AAA CGT GAA ATC GAC TTC AAA TAC ATT CCA,0.2893235243749787
GAT GTG GAA CCG GGT AAG TTC TAC AAA GGT GTT GTT ACC CGT ATC GAA AAA TAC GGT GCG TTC ATC AAC CTG AAC GAG CAG GTT CGT GGT CTG CTC CGT CCG CGT GTT ATG ATC TCT CTG CGT CTG GAA AAC CTC AAC GTG GGT GAC GAA ATC ATC GTT CAA GCG ATC GAC GTT CGC CCG GAA AAA CGT GAA ATC GAC TTC GGT TAC ATC CCG,2.261436491739758
GAC GTT GAA CCG GGT AAA TTC TAC AAA GGT GTT GTT ACC CGT ATC GAA AAA TAC GGT GCG TTC ATC AAC CTC AAC GAG CAG GTT CGT GGT CTG CTG CCA CCG CGT GAT ATG ATC TCT CTG CGT CTG GAA AAC CTG AAT GTT GGT GAC GAA ATC ATC GTT CAA GCG ATC GAC GTT TCT CCG GAA AAA CGT GAA ATC GAC TTC AAA TAC ATC CCG,1.1046159162908586
GAC GTT GAA CCG GGT AAA TTC TAC AAA GGT GTT GTT ACC CGT ATC GAA AAA TAC GGT GCG TTC ATC AAC CTC AAC GAA CAG GTT CGT GGT CTG CTC CGT CCG CGT AAA ATG ATC TCT CTG CGT CTG GAA AAC CTG AAT GTT GGT GAC GAA ATC ATC GTT CAG GCG ATC GAT GTT CGT CCG GAA AAA CGC GAA ATC TAC TTC AAA TAC ATC CCG,2.2625149275420458
GAC GTT GAA CCG GGT AAA TTC TAC AAA GGT GTT GTT ACC CGT ATC GAA AAA TAC GGT GCG TTC ATC AAT CTG AAC GAA CAG GTT CGT GGT CTG CTG CGT CCG CGT GAC ATG ATC TCT CTG CGT CTG GAA AAC CTG AAC GTT GGT GAC GAA ATC ATC GTG CAG GCG ATC GAC GTT TCT CCG GAA AAA CGT GAA ATC CAC TTC AAA TAC ATC CCG,4.156132147574178
GAC GTT GAA CCG GGT AAA TTC TAC AAG GGT GTT GTT ACC CGT ATC GAA AAA TAC GGT GCG TTC ATC AAC CTG AAT GAA CAG GTT CGT GGT CTG CTG CGC CCA CGT TGG ATG ATC TCT CTG CGT CTG GAA AAC CTC AAT GTT GGT GAT GAA ATC ATC GTT CAG GCG ATC GAC GTT CGT CCG GAA AAA CGT GAA ATC GAC TTC ATG TAC ATC CCG,3.668755628208758
GAC GTT GAA CCG GGT AAA TTC TAC AAA GGT GTT GTT ACC CGT ATC GAA AAA TAC GGT GCG TTC ATC AAC CTG AAC GAG CAG GTT CGT GGT CTG CTG CGC CCA CGC ATT ATG ATC TCT CTG CGT CTG GAA AAT CTG AAC GTT GGT GAC GAA ATC ATC GTG CAG GCG ATC GAC GTT CGT CCG GAA AAA CGT GAA ATC GAC TTC GCG TAC ATC CCG,1.9790273493688195
GAC GTT GAA CCG GGT AAA TTC TAC AAA GGT GTT GTT ACC CGT ATC GAA AAA TAC GGT GCG TTC ATC AAT CTG AAT GAA CAG GTT CGT GGT CTG CTG CAA CCG CGT ATT ATG ATC TCT CTG CGT CTG GAA AAC CTG AAC GTT GGT GAC GAA ATC ATC GTT CAA GCG ATC GAC GTT CGT CCG GAA AAA CGT GAA ATC GAC TTC AAA TAC ATC CCG,2.051147839726463
GAC GTT GAA CCG GGT AAA TTC TAC AAA GGT GTT GTT ACC CGT ATC GAA AAA TAC GGT GCG TTC ATC AAC CTG AAC GAA CAG GTT CGT GGT CTG CTG AAT CCG CGT GAC ATG ATC TCT CTG CGT CTG GAA AAC CTC AAT GTT GGT GAC GAA ATC ATC GTT CAA GCG ATC GAC GTG TAC CCG GAA AAA CGT GAA ATC GAC TTC AAA TAC ATC CCG,1.516130485923997
GAC GTT GAA CCG GGT AAA TTC TAC AAA GGT GTT GTT ACC CGT ATC GAA AAA TAC GGT GCG TTC ATC AAC CTG AAC GAA CAG GTT CGT GGT CTG CTG CGT CCG CGT GAC ATG ATC TCT CTG CGT CTG GAA AAT CTG AAC GTT GGT GAC GAA ATC ATC GTT CAA GCG ATT GAC GTT CGT CCG GAA AAA CGT GAA ATC GAC AAC AAA TAC ATC CCG,1.2787214843158845
GAC GTT GAA CCG GGT AAA TTC TAC AAA GGT GTT GTT ACC CGT ATC GAA AAA TAC GGT GCG TTC ATC AAC CTG AAC GAA CAG GTT CGT GGT CTG CTG CGT CCA CGT GAC ATG ATC TCT ATC CGT CTG GAA AAT CTG AAC GTT GGT GAC GAA ATC ATC GTG CAG GCG ATT GAC GTG CGT CCG GAA AAA CGT GAA ATC GAC TTC AAA TAC ATC CCG,4.995250444122407
GAT GTT GAA CCG GGC AAA TTC TAC AAA GGT GTT GTT ACC TGC ATC CAG AAA TAC GGT GCG TTC ATC AAC CTG AAT GAG CAG GTT CGC GGC CTC CTG CGT CCG CGC GAC ATG ATC TCT CTC CGT CTC GAA AAT CTG AAC GTG GGT GAC GAA ATC ATT GTT CAG GCG ATC GAC GTT CGT CCG GAA AAA CGT GAA ATC GAC TTC AAA TAC ATC CCG,3.3298010400500693
GAC GTT GAA CCG GGT AAA TTC TAC AAA GGC GTT GTT ACC TAC ATC GAG AAA TAC GGT GCG GCG ATC AAC CTC AAC GAA CAG GTT CGT GGC CTC CTG CGT CCA CGT GAC ATG ATC TCT CTG CGT CTC GAA AAC CTG AAT GTT GGT GAC GAA ATC ATC GTG CAG GCG ATT GAC GTT CGT CCG GAA AAA CGT GAA ATC GAC TTC AAG TAT ATC CCG,1.2615393774734598
GAC GTT GAA CCG GGT AAA TTC TAC AAA GGT GTT GTT ACC CGT ATC GAA AAA TAC GGT GCG TTC ATC AAC CTG AAC GAA CAG GTT CGT GGT CTG CTG CGT CCG CGT GAC ATG ATC TCT CTG CGT CTG GAA AAC CTC AAT GTT GGT GAC GAA ATC ATC GTG CAG GCT ATC GAT GTT CGC CCG GAA AAA CGT GAA GAC GAC TTC AAA TAC ATC CCG,1.556142039414734
GAC GTT GAA CCG GGC AAA TTC TAC AAA GGT GTT GTT ACC TTC ATC GAA AAA TAC GGT GCG GAA ATC AAC CTG AAC GAA CAG GTT CGT GGT CTG CTG CGT CCA CGT GAC ATG ATC TCT CTG CGC CTG GAA AAC CTC AAT GTT GGT GAC GAA ATC ATC GTG CAG GCG ATT GAC GTT CGC CCG GAA AAA CGT GAA ATC GAC TTC AAA TAC ATC CCA,1.282585569445892
GAT GTG GAA CCG GGT AAA TTC TAC AAA GGT GTT GTT ACC CGT ATC GAA AAA TAC GGT GCG TTC ATC AAC CTC AAC GAG CAG GTT CGT GGT CTG CTG CGT CCG CGT GCG ATG ATC TCT CTG CGT CTG GAA AAT CTC AAT GTT GGT GAC GAA ATC ATC GTT CAG GCG ATT GAC GTT CGT CCG GAA AAA CGT GAA ATC GGT TTC AAA TAC ATC CCG,2.0219160265155764
GAC GTT GAA CCG GGT AAA TTC TAC AAA GGT GTT GTT ACC CGT ATC GAA AAA TAC GGT GCG TTC ATC AAT CTG AAC GAA CAG GTT CGT GGT CTG CTG AAA CCG CGT GAC ATG ATC TCT CTG CGT CTG GAA AAC CTG AAT GTT GGT GAC GAA ATC ATT GTT CAA GCG ATC GAC GTT CTG CCG GAA AAA CGT GAA ATC GAC TTC AAA TAC ATC CCG,1.8393463160025103
GAC GTT GAA CCA GGT AAC TTC TAC AAA GGT GTT GTT ACC CGC ATC GAA AAA TAC GGT GCG TTC ATC AAC CTG AAT GAA CAG GTT CGT GGT CTG CTG CGT CCG CGT GAC ATG ATC TCT CTG CGT CTG GAA AAT CTG AAC GTG GGT GAC GAA ATC ATC GTT CAG GCG ATC GAC GTT CGC CCG GAA AAA CGT GAA ATC GAC TTC AAA TAC ATC CCA,4.430299815462199
GAC GTT GAA CCG GGT AAA TTC TAC AAA GGT GTT GTT ACC CGT ATC GAA AAA TAC GGT GCG TTC ATC AAC CTG AAT GAA CAG GTT CGT GGT CTG CTG CGT CCG CGT GAC ATG ATC TCT CTG CGT CTG GAA AAC CTC AAC GTG GGC GAC GAA ATC ATC GTT CAG GCG ATC GAC GTT CGT CCG GAA AAA CGT GAA ATC GAC TTC AAA CCG ATC CCG,1.9249989844796127
GAC GTT GAA CCG GGT AAG TTC TAC AAA GGT GTT GTT ACC CGT ATC GAA AAA TAC GGT GCG TTC ATC AAC CTC AAT GAA CAG GTT CGT GGT CTG CTG TTC CCA CGC GCG ATG ATC TCT CTG CGT CTG GAA AAC CTG AAT GTT GGT GAT GAA ATC ATC GTT CAG GCG ATT GAC GTT CGT CCG GAA AAA CGC GAA ATC GAC TTC AAA TAC ATC CCA,1.9405522149665475
GAC GTT GAA CCG GGT AAA TTC TAC AAA GGT GTT GTT ACC CGT ATC GAA AAA TAC GGT GCG TTC ATC AAT CTG AAC GAA CAA GTT CGT GGT CTG CTG CGT CCG CGC CTG ATG ATC TCT CTG CGT CTG GAA AAC CTG AAC GTT GGT GAC GAA ATC ATC GTT CAA GCT ATC GAC GTT CGT CCG GAA AAA CGT GAA ATC CCG TTC AAA TAC ATC CCG,1.0650213934310868
GAC GTT GAA CCG GGT AAA TTC TAC AAG GGT GTT GTT ACC CGT ATC GAA AAA TAC GGT GCG TTC ATC AAT CTG AAC GAG CAG GTT CGT GGT CTG CTG CGT CCG CGT GGT ATG ATC TCT CTG CGT CTG GAA AAC CTG AAC GTT GGT GAC GAA ATC ATT GTG CAG GCG ATC GAT GTT CGT CCA GAA AAA CGT GAA ATC GAC TTC ACC TAC ATC CCG,1.986136295659852
GAC GTT GAA CCG GGT AAA TTC TAC AAA GGT GTT GTT ACC CGT ATC GAA AAA TAC GGT GCG TTC ATC AAC CTC AAC GAA CAG GTT CGT GGT CTG CTG CGT CCG CGT GAC ATG ATC TCT CTG CGT CTG GAA AAT CTG AAC GTG GGT GAC GAA ATC ATC GTT CAG GCT ATC GAC GTT TGG CCG GAA AAA CGT GAA ATC ACC TTC AAA TAC ATC CCG,3.6082368412599664
GAC GTT GAA CCG GGT AAA TTC TAC AAA GGT GTT GTT ACC CGT ATC GAA AAA TAC GGT GCG TTC ATT AAC CTC AAT GAA CAG GTT CGT GGT CTG CTC CCG CCA CGT GAC ATG ATC TCT CTG CGT CTC GAA AAC CTG AAT GTT GGT GAC GAA ATT ATC GTT CAG GCG ATT GAC GTT GCG CCG GAA AAA CGT GAA ATC GAC TTC AAA TAC ATC CCG,1.055067313490171
GAT GTT GAA CCG GGT AAA TTC TAC AAA GGT GTT GTT ACC CGT ATC GAA AAA TAC GGT GCG TTC ATC AAT CTG AAC GAG CAG GTT CGT GGT CTG CTG CGT CCA CGT GAC ATG ATC TCT CTC CGT CTG GAA AAC CTG AAC GTT GGT GAC GAA ATC ATT GTT CAG GCG ATC GAC GTT GAG CCG GAA AAG CGT GAA ATC TTC TTC AAG TAC ATC CCG,4.181019716012552
GAC GTT GAA CCG GGT AAA TTC TAC AAA GGT GTT GTT ACC CGT ATC GAA AAA TAC GGC GCG TTC ATC AAC CTG AAC GAA CAG GTT CGT GGT CTG CTG CGT CCG CGT GAA ATG ATC TCT CTG CGT CTG GAA AAT CTG AAC GTT GGT GAC GAA ATC ATC GTT CAA GCG ATC GAC GTT CGT CCG GAA AAA CGC GAA ATT CCG TTC AAA TAC ATC CCG,1.089382284386204
GAC GTG GAA CCG GGT AAA TTC TAC AAA GGT GTT GTT ACC CGT ATC GAA AAA TAC GGT GCG TTC ATC AAT CTG AAT GAG CAG GTG CGT GGT CTG CTG CGT CCG CGT GAC ATG ATC TCT CTG CGT CTG GAA AAC CTC AAT GTT GGT GAC GAA ATC ATC GTT CAG GCT ATC GAC GTT GTT CCG GAG AAA CGT GAA ATC AAA TTC AAG TAC ATC CCG,3.6679080613813895
GAC GTT GAA CCG GGT AAA TTC TAC AAA GGT GTT GTT ACC CGT ATC GAA AAA TAC GGT GCG TTC ATC AAC CTG AAT GAA CAG GTT CGT GGT CTG CTG AAA CCG CGT GAC ATG ATC TCT CTG CGT CTG GAA AAT CTG AAT GTT GGT GAC GAA ATC ATC GTT CAG GCT ATC GAC GTT GCG CCG GAA AAA CGT GAA ATC GAC TTC AAA TAC ATC CCG,1.9076225636234447
GAC GTG GAA CCG GGT AAA TTC TAC AAG GGT GTT GTT ACC CGT ATC GAA AAA TAC GGT GCG TTC ATC AAC CTG AAC GAA CAG GTT CGT GGT CTG GTG CGT CCG CGT GAT ATG ATC TCT CTG CGT CTG GAA AAT CTG AAC GTT GGT GAC GAA ATC ATC GTG CAG GCG ATC GAT GTT CGT CCG GAA AAA CGT GAA ATC GAC TTC AAA TAC ATC CCG,2.262724217455986
GAC GTT GAA CCG GGT AAA TTC TAC AAA GGT GTT GTT ACC CGT ATC GAA AAA TAC GGT GCG TTC ATC AAC CTG AAT GAA CAG GTT CGT GGT CTG CTG CGT CCA CGT GAC ATG ATC TCT CTG CGT CTG GAG AAC CTC AAT GTT GGT GAC GAA ATC ATC GTT CAG GCG TAC GAC GTT CGT CCG GAA AAA CGT GAA ATC GAC TTC AAA TAC ATC CCG,5.536140286237819
GAT GTT GAA CCG GGT AAA TTC TAC AAA GGT GTT GTT ACC CGT ATC GAA AAA TAC GGT GCG TTC ATC AAT CTG AAT GAA CAG GTT CGT GGT CTG CTC CGC CCA CGT CAG ATG ATC TCT CTG CGT CTG GAA AAC CTG AAC GTT GGT GAC GAA ATC ATT GTT CAG GCG ATC GAC GTT CGT CCG GAA AAA CGT GAA ATC GAC TTC AAC TAC ATC CCG,1.7311305231382832
GAT GTT GAG CCG GGT AAG TTC TAC AAA GGT GTT GTT ACC CGT ATC GAA AAA TAC GGT GCG TTC ATC AAT CTG AAC CCG CAG GTT CGT GGT CTG CTG CGT CCG CGT GAC ATG ATC TCT CTG CGT CTG GAA AAC CTG AAT GTT GGT GAC GAA ATC ATC GTT CAG GCG ATC GAT GTT CGT CCG GAA AAA CGT GAA ATC GAC TTC AAA TAC ATC CCG,10.431443575687116
GAT GTT GAA CCG GGT AAA TTC TAC AAA GGT GTT GTT ACC CGT ATC GAA AAA TAC GGT GCG TTC ATC AAC CTG AAC GAG CAG GTT CGT GGT CTG CTG CGT CCA CGT CAA ATG ATC TCT CTG CGT CTG GAG AAC CTC AAC GTG GGT GAC GAA ATC ATC GTT CAA GCG ATT GAC GTT CGT CCG GAA AAA CGT GAA ATC GAC TTC TGG TAC ATC CCG,2.038946417427153
GAT GTT GAA CCG GGT AAA TTC TAC AAA GGT GTT GTT ACC CGT ATC GAA AAA TAC GGT GCG TTC ATC AAT CTG AAT GAG CAG GTT CGT GGT CTG CTC CAG CCA CGC CTG ATG ATC TCT CTG CGT CTG GAA AAC CTG AAC GTT GGT GAC GAA ATC ATC GTT CAA GCG ATC GAC GTT CGT CCG GAA AAA CGT GAA ATC GAC TTC AAA TAC ATC CCG,2.130011714763964
GAC GTT GAA CCG GGT AAA TTC TAC AAA GGT GTT GTT ACC CGT ATC GAA AAA TAC GGT GCG TTC ATC CAC CTG AAC GAA CAG GTT CGT GGT CTG CTG CGT CCG CGT GAC ATG ATC TCT CTG CGT CTG GAA AAC CTG AAT GTT GGT GAC GAA ATC ATC GTT CAA GCG ATC GAC GTT CGT CCG GAA AAA CGT GAA ATC GAC TTC AAA TAC ATC CCG,5.681360922426025
GAT GTT GAA CCG GGT AAA TTC TAC AAG GGT GTT GTT ACC CGT ATC GAA AAA TAC GGT GCG TTC ATC AAC CTC AAC GAG CAG GTT CGT GGT CTG CTG CGT CCG CGT AAA ATG ATC TCT CTC CGT CTG GAA AAC CTG AAT GTT GGT GAC GAA ATC ATC GTT CAG GCT ATC GAC GTT CGT CCG GAA AAA CGT GAA ATC GAC TTC GAA TAC ATC CCG,1.7484690924894897
GAC GTG GAG CCG GGT AAA TTC TAC AAG GGT GTT GTT ACC CGT ATC GAA AAA TAC GGT GCG TTC ATC AAC CTG AAC GAG CAG GTT CGT CAG CTG CTG CGT CCG CGT GAC ATG ATC TCT CTG CGT CTG GAA AAT CTG AAC GTT GGT GAC GAA ATC ATT GTT CAG GCG ATC GAC GTT CGT CCG GAA AAA CGT GAA ATC GAC TTC AAA TAC ATC CCG,1.4462271844516086
GAT GTT GAA CCG GGT AAA TTC TAC AAA GGT GTT GTT ACC CAC ATC TAC AAG TAC GGT GCT TTC ATC AAT CTG AAC GAA CAG GTT CGT GGT CTG CTG CGT CCG CGT GAT ATG ATC TCT CTG CGT CTG GAA AAC CTG AAT GTT GGT GAC GAA ATC ATT GTT CAA GCG ATC GAC GTT CGT CCG GAA AAA CGT GAA ATC GAC TTC AAA TAC ATC CCG,4.577311598186087
GAC GTT GAA CCG GGT AAA TTC TAC AAA GGT GTT GTT ACC CGT ATC GAA AAA TAC GGT GCG TTC ATC AAC CTC AAT GAA CAG GTT CGT GGT CTG CTG GAA CCG CGT GTT ATG ATC TCT CTG CGT CTG GAA AAC CTG AAC GTT GGT GAC GAA ATC ATC GTT CAA GCG ATC GAC GTT CGT CCG GAA AAA CGT GAA ATC GAC TTC AAA TAC ATC CCG,1.5495503225688338
GAT GTT GAA CCG GGT AAA TTC TAC AAA GGT GTT GTT ACC CGT ATC GAA AAA TAC GGT GCG TTC ATC AAC CTG AAC GAA CAG GTT CGC GGT CTG CTG CGT CCG CGT ATT ATG ATC TCT CTG CGT CTG GAA AAT CTG AAT GTT GGT GAC GAA ATC ATT GTT CAA GCG ATC GAC GTT AAA CCG GAA AAA CGT GAA ATC GAC TTC AAA TAC ATC CCG,1.663464626115993
GAC GTT GAA CCG GGT AAG TTC TAC AAA GGT GTT GTT ACC CGT ATC GAA AAA TAC GGT GCG TTC ATC AAC CTG AAC GAA CAG GTT CGT GGC CTG CTC CGT CCA CGT GAC ATG ATC TCT CTG CGC CTG GAA AAT CTG AAC GTT GGT GAC GAA ATC ATC GTT CAA GCT ATC GAC GTT CTG CCG GAA AAA CGT GAA ATC TCC TTC AAA TAC ATC CCG,3.5510577683129427
GAC GTT GAA CCG GGC AAA TTC TAC AAA GGT GTT GTT ACC CGT ATC GAA AAA TAC GGC GCG TTC ATC AAT CTG AAC GAA CAG GTT CGC GGT CTG CTG CGT AAC CGT GAC ATG ATC TCT CTG CGC CTG GAA AAC CTG AAC GTT GGT GAC GAA ATC ATC GTG CAG GCT ATT GAC GTT CGC CCG GAA AAA CGT GAA ATC GAC TTC AAA TAC ATC CCG,3.898091735673132
GAT GTT GAA CCG GGT AAG TTC TAC AAA GGT GTT GTT ACC CGT ATC GAA AAA TAC GGT GCG TTC ATC AAC CTC AAC GAA CAG GTG CGT GGT CTG CTC CGT CCG CGT ACC ATG ATC TCT CTG CGT CTG GAA AAT CTC AAT GTT GGT GAC GAA ATC ATC GTT CAG GCG ATT GAC GTT CGC CCA GAA AAA CGT GAA ATC GAC TTC CAC TAC ATC CCG,1.577119987915046
GAC GTT GAA CCG GGT AAA TTC TAC AAG GGT GTT GTT ACC CGT ATC GAA AAA TAC GGT GCG TTC ATC AAC CTG AAC GAG CAG GTT CGT GGT CTG CTG GAA CCG CGT GAC ATG ATC TCT CTG CGT CTG GAA AAT CTG AAC GTT GGT GAC GAA ATC ATC GTG CAG GCG ATC GAC GTT TCT CCG GAA AAA CGT GAA ATC GAC TTC AAA TAC ATC CCG,1.0483078520621218
GAC GTT GAA CCG GGT AAA TTC TAC AAA GGT GTT GTT ACC GAC ATC GCG AAA TAC GGT GCG TTC ATC AAC CTG AAT GAA CAG GTT CGT GGT CTG CTG CGT CCG CGT GAC ATG ATC TCT CTG CGT CTG GAA AAT CTG AAC GTT GGT GAC GAA ATC ATC GTT CAA GCG ATC GAC GTT CGT CCG GAA AAA CGT GAA ATC GAC TTC AAA TAC ATC CCG,3.0943884564464152
GAC GTT GAA CCG GGC AAA TTC TAC AAA GGT GTT GTT ACC ATC ATC GAA AAA TAC GGT GCG GGC ATC AAC CTC AAT GAA CAG GTT CGT GGT CTG CTG CGT CCG CGT GAC ATG ATC TCT CTG CGT CTG GAA AAT CTG AAC GTT GGC GAC GAA ATC ATC GTT CAA GCG ATC GAC GTT CGT CCG GAA AAA CGT GAA ATC GAC TTC AAA TAC ATT CCA,0.9170868426243566
GAC GTT GAG CCG GGT AAA TTC TAC AAA GGT GTT GTT ACC GAA ATC ATG AAA TAC GGT GCG TTC ATC AAT CTG AAC GAA CAG GTG CGT GGT CTG CTG CGT CCG CGT GAC ATG ATC TCT CTG CGT CTG GAG AAC CTG AAC GTG GGT GAC GAA ATT ATC GTG CAG GCG ATT GAC GTT CGC CCG GAA AAA CGT GAA ATC GAC TTC AAA TAC ATC CCG,4.450942340484498
GAT GTT GAA CCG GGT AAA TTC TAC AAA GGT GTT GTT ACC CGT ATC GAA AAA TAC GGT GCG TTC ATC AAT CTG AAT GAA CAG GTT CGT GGT CTG CTC CGT CCA CGC TAC ATG ATC TCT CTG CGT CTG GAA AAC CTG AAC GTT GGT GAC GAA ATC ATC GTG CAA GCG ATT GAC GTT CGC CCG GAA AAA CGT GAA ATC GTT TTC AAA TAC ATC CCG,3.491507500566469
GAC GTT GAA CCG GGT AAA TTC TAC AAA GGT GTT GTT ACC CGT ATC GAA AAA TAC GGT GCG TTC ATC AAC CTG AAC GAA CAG GTT CGT GGT CTG CTG CGT CCA CGT GCG ATG ATC TCT CTG CGT CTG GAA AAC CTC AAT GTT GGT GAC GAA ATC ATC GTG CAG GCT ATT GAC GTT ATC CCG GAA AAA CGT GAA ATC GAC TTC AAA TAC ATC CCG,1.822304206260416
GAC GTT GAA CCG GGT AAA TTC TAC AAA GGT GTT GTT ACC CGT ATC GAA AAA TAC GGT GCG TTC ATC AAC CTG AAC GAA CAA GTT CGT GGT CTG CTG CGT CCG CGT GAT ATG ATC TCT CTG CGT CTG GAA AAC CTC AAT GTT GGT GAC GAA ATT ATC GTG CAG GCG ATC GAC GTT CCG CCG GAA AAA CGT GAA ATC CAC TTC AAA TAC ATC CCG,3.4938299280568392
GAT GTT GAA CCG GGT AAA TTC TAC AAA GTT GTT GTT ACC CGC ATC GAG AAA TAC GGT GCG TTC ATC AAT CTG AAC GAG CAG GTT CGT GGT CTG CTG CGT CCG CGT GAC ATG ATC TCT CTG CGT CTG GAA AAC CTG AAC GTT GGT GAC GAA ATC ATC GTT CAA GCG ATC GAC GTT CGT CCA GAA AAA CGT GAA ATC GAC TTC AAA TAC ATC CCG,3.1456163477197414
GAC GTT GAG CCG GGT AAA TTC TAC AAA GGC GTT GTT ACC CGT ATC GAA AAA TAC GGT GCG TTC ATC AAC CTG AAT GAA CAG GTT CGT GGT CTG CTG CGT CCG CGT ACC ATG ATC TCT CTG CGT CTG GAA AAC CTC AAT GTT GGC GAC GAA ATC ATC GTT CAG GCG ATC GAC GTT CGT CCG GAA AAA CGT GAA ATC GAC TTC TAC TAC ATC CCG,1.7793347705744185
GAC GTT GAA CCG GGT AAA TTC TAC AAA GGT GTT GTT ACC CGT ATC GAA AAA TAC GGT GCG TTC ATC AAT CTG AAC GAA CAG GTT CGT GGT CTG CTG CAC CCG CGT GTT ATG ATC TCT CTG CGT CTG GAA AAC CTG AAC GTT GGT GAC GAA ATC ATC GTT CAA GCG ATC GAC GTT CGT CCG GAA AAA CGT GAA ATC GAC TTC AAA TAC ATC CCG,1.74798363892547
GAC GTG GAA CCG GGT AAA TTC TAC AAA GGT GTT GTT ACC CGT ATC GAA AAA TAC GGT GCG TTC ATC AAT CTG AAC GAA CAG GTT CGT GGT CTG CTG CGT CCG CGT GAC ATG ATC TCT CTG CGT CTG GAA AAC CTG AAC GTT GGT GAC GAA ATC ATT GTT CAG GCG ATC GAC GTT AAC CCG GAA AAA CGT GAA ATC TGG TTC AAA TAC ATC CCG,4.7261768869739225
GAC GTT GAA CCG GGT AAA TTC TAC AAA GGC GTT GTT ACT CGT ATC GAA AAG TAC GGT GCG TTC ATC AAC CTC AAC GAA CAA GTT CGC GGC CTG CTG CGC CCA CGT TAC ATG ATC TCT CTC CGT CTG GAA AAC CTG AAT GTT GGT GAC GAA ATC ATC GTT CAG GCG ATT GAC GTT CGT CCG GAA AAA CGT GAA ATC GAC TTC TAC TAC ATC CCG,2.699370374309474
GAC GTT GAA CCG GGT AAA TTC TAC AAA GGT GTT GTT ACC CGT ATC GAA AAA TAC GGT GCG TTC ATC AAC CTG AAT GAA CAG GTT CGT GGT CTG CTG CGC CCA CGT ATT ATG ATC TCT CTG CGT CTG GAA AAC CTC AAC GTG GGT GAC GAA ATC ATC GTG CAA GCG ATC GAC GTT CGT CCG GAA AAA CGT GAA ATC TGG TTC AAA TAC ATC CCG,2.1974301151180304
GAC GTT GAA CCG GGC AAA TTC TAC AAA GGT GTT GTT ACC CGT ATC GAA AAA TAC GGT GCG TTC ATC AAC CTG AAT GAA CAG GTT CGT GGC CTG CTG CGT CCG CGT ACC ATG ATC TCT CTG CGT CTG GAG AAT CTC AAT GTG GGT GAC GAA ATC ATC GTT CAG GCG ATC GAT GTT CGT CCG GAA AAA CGT GAA ATC GAC TTC CTG TAC ATC CCG,1.9467398227137305
GAC GTT GAA CCG GGT AAG TTC TAC AAA GGT GTT GTT ACC CGT ATC GAA AAA TAC GGT GCG TTC ATC AAC CTG AAC GAA CAA GTT CGT GGT CTG CTC TTC CCG CGT GAC ATG ATC TCT CTG CGT CTG GAA AAT CTG AAC GTG GGT GAT GAA ATC ATC GTG CAG GCG ATC GAC GTG CGT CCG GAA AAG CGT GAA ATC TAC TTC AAA TAC ATC CCG,2.8396627377707766
GAT GTT GAA TAC GGC AAA TTC TAC AAA GGT GTT GTG ACC CGT ATC GAA AAA TAC GGT GCG TTC ATC AAC CTC AAT GAA CAG GTT CGT GGT CTG CTG CGT CCG CGT GAC ATG ATC TCT CTG CGT CTG GAA AAC CTG AAC GTT GGT GAC GAA ATC ATC GTT CAA GCG ATC GAC GTT CGT CCG GAA AAA CGC GAA ATC GAC TTC AAA TAC ATC CCG,4.324388748026372
GAC GTT GAA CCG GGT AAA TTC TAC AAA GGT GTT GTT CTG CGT ATC GAA AAA TAC GGT GCG TTC ATC AAT CTC AAC GAA CAG GTT CGT GGT CTG CTG CGT CCG CGT GAC ATG ATC TCT CTG CGT CTG GAA AAC CTG AAC GTT GGT GAC GAA ATC ATT GTT CAG GCG ATC GAC GTG CGT CCA GAA AAA CGC GAA ATC GAC TTC AAA TAC ATC CCG,3.1287031121279325
GAC GTT GAA CCG GGC AAA TTC TAC AAA GGT GTT GTT ACC CGT ATC GAA AAA TAC GGT GCG TTC ATC AAC CTC AAC GAA CAA GTT CGT GGT CTG CTG CGT CCG CGT CAC ATG ATC TCT CTG CGT CTG GAA AAC CTG AAT GTT GGC GAC GAA ATC ATT GTG CAG GCG ATC GAC GTT CGT CCG GAA AAA CGT GAA ATC GAC TTC TCT TAC ATC CCG,3.8952939479706
GAC GTT GAA CCG GGT AAA TTC TAC AAA GGT GTT GTT ACC CGT ATC GAA AAA TAC GGT GCG TTC ATC AAC CTG AAC GAG CAG GTT CGT GGT CTG CTG GAC CCG CGT GAC ATG ATC TCT CTG CGT CTG GAA AAC CTC AAT GTT GGT GAC GAA ATC ATC GTG CAG GCG ATT GAC GTT AAA CCG GAA AAA CGT GAA ATC GAC TTC AAA TAC ATC CCG,1.268510079608939
GAC GTT GAA CCG GGT AAA TTC TAC AAA GGT GTT GTT ACC GAC ATC ATG AAA TAC GGT GCG TTC ATC AAC CTC AAT GAA CAG GTT CGT GGT CTG CTG CGT CCG CGT GAC ATG ATT TCT CTG CGT CTG GAA AAT CTG AAC GTT GGT GAC GAA ATT ATC GTT CAG GCG ATC GAC GTT CGT CCG GAA AAA CGT GAA ATC GAC TTC AAA TAC ATC CCG,3.7421459291084505
GAC GTT GAA CCG GGT AAA TTC TAC AAA GGT GTT GTT ACC CGT ATC GAA AAA TAC GGT GCG TTC ATC AAC CTG AAC GAG CAG GTT CGT GGC CTC CGT CGT CCG CGT GAC ATG ATC TCT CTG CGT CTG GAA AAC CTC AAT GTT GGT GAC GAA ATC ATC GTT CAA GCG ATC GAC GTT CGT CCG GAA AAA CGT GAA ATC GAC TTC AAA TAC ATC CCG,1.374120247318888
GAC GTT GAA CCG GGT AAG TTC TAC AAA GGT GTT GTT TCT CGT ATC GAA AAA TAC GGT GCG TTC ATT AAC CTC AAC GAA CAG GTT CGT GGT CTG CTG CGT CCG CGT GAC ATG ATC TCT CTG CGT CTG GAA AAC CTG AAT GTG GGT GAC GAA ATC ATC GTT CAG GCG ATC GAC GTT CGT CCG GAA AAA CGT GAA ATC GAC TTC AAA TAC ATC CCG,5.301756419973776
GAC GTT GAA CCG GGT AAA TTC TAC AAA GGT GTT GTT ACC CGT ATC GAA AAA TAC GGT GCG TTC ATC AAC CTC AAT GAA CAG GTT CGT GGT CTG CTG CGT CCG CGT GAC ATG ATC TCT CTG CGC CTG GAA AAC CTG AAT GTT GGT GAC GAA ATC ATC GTT CAG GCG ATC GAC GTT CGT CCG GAA AAA CGT GAA ATC GAC TTC AAA TAC ATC CCG,5.479008922963652
GAC GTT GAA CCG GGT AAA TTC TAC AAA GGT GTT GTT ACC CGT ATC GAA AAA TAC GGT GCG TTC ATC AAT CTG AAC GAA CAG GTT CGT GGT CTG CTG CGT CCG CGT GGT ATG ATC TCT CTG CGT CTG GAG AAC CTG AAT GTT GGT GAC GAA ATC ATT GTT CAA GCG ATC GAC GTT CGT CCG GAA AAA CGT GAA ATC AAC TTC AAA TAC ATC CCG,1.9200287092519863
GAC GTT GAA CCG GGT AAA TTC TAC AAA GGT GTT GTT ACC CGT ATC GAA AAA TAC GGT GCG TTC ATC AAT CTG AAC GAA CAG GTT CGT GGT CTG CTG GCT CCG CGC GAC ATG ATC TCT CTG CGT CTG GAA AAC CTG AAC GTT GGT GAC GAA ATC ATC GTT CAA GCG ATC GAC GTT CGC CCG GAA AAA CGT GAA ATC CAC TTC AAA TAC ATC CCG,2.967356459167982
GAC GTT GAA CCG GGT AAA TTC TAC AAA GGT GTT GTT ACC CGT ATC GAA AAA TAC GGT GCG TTC ATC AAC CTC AAC GAA CAG GTT CGT GGT CTG CTG CGT CCG CGT GAC ATG ATC TCT CTG CGT CTG GAA AAC CTG AAT GTT GGT GAC GAA ATC ATC GTG CAA GCG ATC ATT GTT CGT CCG GAA AAA CGT GAA ATC GAC TTC AAA TAC ATC CCG,4.727047695944836
GAC GTT GAA CCG GGT AAA TTC TAC AAA GGT GTT GTT ACC CGT ATC GAA AAA TAC GGT GCG TTC ATC AAC CTG AAC GAA CAG GTT CGT GGT CTG CTG GAA CCG CGT GAC ATG ATC TCT CTG CGT CTG GAA AAT CTG AAC GTT GGT GAC GAA ATC ATC GTT CAA GCG ATC GAC GTT CGT CCG GAA AAA CGT GAA ATC GCG TTC AAA TAC ATC CCG,2.347071806942778
GAT GTT GAA CCG GGT AAA TTC TAC AAA GGT GTT GTT ACC CGT ATC GAA AAA TAC GGT GCT TTC ATC AAC CTG AAT GAA CAG GTT CGT GGT CTG CTG CGT CCG CGT GAC ATG ATC TCT CTG CGT CTC GAA AAC CTC AAC GTG GGT GAC GAA ATC ATC GTT CAG GCG ATC GAC GTT CGT CCG GAA AAA CGT GAA ATG GAC TTC AAA TAC ATC CCG,3.130414732266619
GAC GTT GAA CCG GGT AAA TTC TAC AAA GGT GTT GTT ACC CGT ATC GAA AAA TAC GGT GCG TTC ATC AAC CTC AAC GAA CAG GTT CGT GGT CTG CTG ATG CCG CGT GAC ATG ATC TCT CTG CGT CTG GAA AAC CTG AAC GTT GGT GAC GAA ATC ATC GTG CAG GCG ATC GAC GTT TGG CCG GAA AAA CGT GAA ATC GAC TTC AAA TAC ATC CCG,1.8656148542800488
GAC GTT GAA CCG GGT AAA TTC TAC AAA GGT GTT GTT ACC CGT ATC GAA AAA TAC GGT GCG TTC ATC AAC CTC AAC GAA CAG GTT CGT GGT CTG CTG ATT CCG CGT GAC ATG ATC TCT CTG CGT CTG GAA AAC CTG AAC GTT GGT GAC GAA ATC ATC GTT CAA GCG ATC GAC GTT CGT CCG GAA AAA CGT GAA ATC GAA TTC AAA TAC ATC CCG,2.6146255828753304
GAC GTT GAA CCG GGT AAA TTC TAC AAA GGT GTT GTT ACC CGT ATC GAA AAA TAC GGT GCG TTC ATC AAC CTC AAC GAA CAG GTT CGT GGT CTG CTG AAC CCG CGT AAG ATG ATC TCT CTG CGT CTG GAA AAC CTG AAC GTT GGT GAC GAA ATC ATC GTT CAA GCG ATC GAC GTT CGT CCG GAA AAA CGT GAA ATC GAC TTC AAA TAC ATC CCG,1.557021525625052
GAC GTT GAA CCG GGT AAA TTC TAC AAA GGT GTT GTT ACC CGT ATC GAA AAA TAC GGT GCG TTC ATC AAT CTG AAC GAA CAG GTT CGT GGT CTG CTG CGT CCG CGT GAC ATG ATC TCT CTC CGT CTG GAA AAC CTG AAT GTT GGT CAC GAA ATC ATC GTG CAA GCG ATC GAT GTT CGT CCG GAA AAA CGT GAA ATC GAC TTC AAA TAC ATC CCG,3.140819208670266
GAC GTT GAA CCG GGT AAA TTC TAC AAA GGT GTT GTT ACC CGT ATC GAA AAA TAC GGT GCG TTC ATC AAT CTG AAC GAA CAG GTT CGT GGT CTG CTC CGT CCG CGT ACC ATG ATC TCT CTG CGT CTG GAA AAC CTG AAC GTT GGT GAC GAA ATC ATC GTT CAA GCG ATC GAC GTT ACT CCG GAA AAA CGT GAA ATC GAC TTC AAA TAC ATC CCG,1.314198153620212
GAC GTT GAA CCG GGC AAA TTC TAC AAA GGT GTT GTT ACC CGT ATC GAA AAA TAC GGT GCG TTC ATT AAC CTC AAC GAA CAG GTT CGT GGT CTG CTC CGT CCG CGT AAC ATG ATC TCT CTG CGT CTG GAA AAC CTG AAT GTT GGT GAC GAA ATC ATC GTT CAG GCG ATC GAC GTT AAC CCG GAA AAA CGT GAA ATC GAC TTC AAA TAC ATC CCG,4.833170272462119
GAC GTT GAA CCG GGT AAG TTC TAC AAA GGT GTT GTT ACC CGT ATC GAA AAA TAC GGT GCG TTC ATC AAC CTC AAT GAA CAG GTT CGT GGT CTG CTG TTC CCG CGT GAC ATG ATC TCT CTG CGT CTG GAA AAC CTG AAT GTT GGT GAC GAA ATC ATC GTT CAA GCG ATC GAC GTT ACT CCG GAA AAA CGT GAA ATC GAC TTC AAA TAC ATC CCG,1.6614218549055515
GAC GTT GAA CCG GGT AAA TTC TAC AAA GGT GTT GTT ACC CGT ATC GAA AAA TAC GGT GCG TTC ATC AAC CTC AAT GAA CAG GTT CGT GGT CTG CTG GTT CCG CGT GAA ATG ATC TCT CTG CGT CTG GAA AAC CTG AAC GTT GGT GAC GAA ATC ATC GTG CAG GCG ATT GAC GTG CGT CCG GAA AAA CGC GAA ATC GAC TTC AAA TAC ATC CCG,2.629468504447965
GAC GTT GAA CCG GGT AAG TTC TAC AAA GGT GTG GTT ACC TTC ATC TCT AAA TAC GGT GCG TTC ATC AAC CTC AAC GAA CAG GTT CGT GGT CTG CTG CGT CCG CGT GAC ATG ATC TCT CTG CGT CTG GAA AAC CTG AAT GTG GGC GAC GAA ATC ATC GTG CAA GCG ATC GAC GTT CGT CCG GAA AAA CGT GAA ATC GAC TTC AAA TAC ATC CCG,4.643185256718098
GAC GTT GAA CCG GGT AAA TTC TAC AAA GGT GTT GTT ACC CGT ATC GAA AAA TAC GGT GCG TTC ATC AAT CTG AAT GAA CAG GTT CGT GGT CTG CTG ATC CCG CGT GAC ATG ATT TCT CTG CGT CTG GAA AAC CTG AAC GTT GGT GAC GAG ATT ATT GTG CAG GCG ATT GAC GTT CGT CCG GAA AAA CGT GAG ATC ATG TTC AAA TAC ATC CCG,2.463506146889745
GAC GTT GAA CCG GGT AAA TTC TAC AAA GGT GTT GTT ACC GAA ATC AAC AAA TAC GGT GCG TTC ATC AAC CTC AAC GAA CAA GTT CGT GGT CTG CTC CGT CCG CGT GAC ATG ATC TCT CTG CGT CTG GAA AAC CTG AAC GTT GGT GAC GAG ATT ATT GTT CAG GCG ATT GAC GTG CGC CCA GAA AAA CGT GAA ATC GAC TTC AAA TAC ATC CCG,4.404944505974008
GAC GTT GAA CCG GGT AAA TTC TAC AAA GGT GTT GTT ACC CGT ATC GAA AAA TAC GGT GCG TTC ATC AAT CTG AAT GAA CAG GTT CGT GGT CTG CTG CTC CCG CGT GAC ATG ATC TCT CTG CGT CTG GAA AAC CTG AAC GTT GGT GAC GAA ATC ATC GTT CAA GCG ATC GAC GTT CGT CCG GAA AAG CGT GAA ATC AAC TTC AAA TAC ATC CCG,2.6421824010636024
GAC GTT GAA CCG GGT AAA TTC TAC AAA GGT GTT GTT ACC CGT ATC GAA AAA TAC GGT GCG TTC ATC AAC CTG AAC GAA CAG GTT CGT GGT CTG CTG CGC CCA CGT TAC ATG ATC TCT CTG CGT CTG GAA AAC CTC AAT GTT GGT GAC GAA ATC ATC GTG CAG GCG ATC GAC GTT CGT CCG GAA AAA CGT GAG ATC AAG TTC AAA TAC ATC CCG,2.837974955796573
GAC GTG GAA CCG GGT AAA TTC TAC AAA GGT GTT GTT ACC CGT ATC GAA AAA TAC GGT GCG TTC ATC AAC CTG AAT GAA CAA GTT CGT GGT CTG CTG CGT CCG CGT GAC ATG ATC TCT CTG CGT CTG GAA AAT CTG AAC GTT GGT GAC GAA ATC ATC GTG CAG GCG ATC GAC GTT GAC CCG GAA AAA CGC GAA ATT TTC TTC AAA TAC ATC CCG,5.799524840923198
GAC GTT GAA CCG GGT AAA TTC TAC AAA GGT GTT GTT ACC CGT ATC GAA AAA TAC GGT GCG TTC ATC AAT CTG AAC GAA CAG GTT CGT GGT CTG CTG CGT CCG CGT GAA ATG ATC TCT CTG CGT CTG GAA AAC CTG AAC GTT GGT GAC GAA ATC ATC GTT CAA GCG ATC GAC GTT CGT CCG GAA AAA CGT GAG ATC ACC TTC AAA TAC ATC CCG,2.8719610621107847
GAC GTT GAA CCG GGT AAA TTC TAC AAG GGT GTT GTT ACC CAG ATC GAA AAA TAC GGT GCG CAT ATC AAC CTG AAC GAG CAG GTT CGT GGT CTG CTG CGT CCG CGT GAC ATG ATC TCT CTG CGT CTC GAA AAT CTC AAC GTG GGT GAC GAA ATC ATT GTG CAG GCG ATC GAC GTT CGC CCG GAA AAA CGT GAA ATC GAC TTC AAA TAC ATC CCG,2.528135002379212
GAC GTT GAA CCG GGT AAA TTC TAC AAG GGT GTT GTT ACC CGT ATC GAA AAA TAC GGT GCG TTC ATC AAC CTC AAC GAA CAA GTT CGT GGT CTG CTG CGT CCG CGT CCG ATG ATC TCT CTG CGT CTG GAA AAC CTG AAT GTT GGT GAC GAA ATC ATT GTT CAG GCG ATC GAC GTT CGT CCG GAA AAA CGT GAA ATC CTG TTC AAA TAC ATC CCG,1.787231158306528
GAC GTT GAA CCG GGT AAA TTC TAC AAA GGT GTT GTT ACC CGT ATC GAA AAA TTC GGT GCG TTC ATC AAC CTG AAC GAA CAG GTG CGC GGT CTG CTG CGT CCA CGT GAT ATG ATC TCT CTC CGT CTC GAA AAT CTG AAT GTG GGT GAC GAA ATC ATT GTT CAG GCG ATC GAC GTT CGT CCG GAA AAA CGT GAA ATC GAC TTC AAA TAC ATC CCG,5.133027742276349
GAC GTT GAA CCG GGT AAA TTC TAC AAA GGT GTT GTT ACC CGT ATC GAA AAA TAC GGT GCG TTC ATC AAC CTG AAC GAA CAG GTT CGT GGT CTG CTG CGT GCG CGT GAC ATG ATC TCT CTG CGC CTG GAA AAC CTC AAC GTG GGT GAC GAA ATC ATC GTG CAG GCG ATC GAT GTT CGT CCG GAA AAA CGT GAA ATC GAC TTC AAA TAC ATC CCG,4.985409354684294
GAC GTT GAA CCG GGT AAG TTC TAC AAA GGT GTT GTT ACC AAA ATC GTT AAA TAC GGT GCG TTC ATC AAC CTG AAC GAA CAG GTT CGT GGT CTG CTG CGT CCG CGT GAC ATG ATC TCT CTG CGT CTG GAA AAC CTC AAT GTT GGT GAC GAA ATT ATC GTT CAA GCG ATC GAC GTT CGT CCG GAA AAA CGT GAA ATC GAC TTC AAA TAC ATC CCG,5.340771331479226
GAC GTT GAA CCG GGT AAG TTC TAC AAA GGT GTT GTT ACC CGT ATC GAA AAA TAC GGT GCG TTC ATC AAC CTG AAC GAG CAG GTT CGT GGT CTG CTG CGT CCG CGT GAC ATG ATC TCT CTG CGT CTG GAA AAT CTG AAC GTT GGT GAC GAA ATC ATT GTT CAG GCG ATC GAC GTT CGT CCG GAG AAG AAA GAG ATC GAC TTC AAA TAC ATC CCG,5.8849214154049
GAC GTT GAA CCG GGT AAA TTC TAC AAA GGT GTT GTT ACC CGT ATC GAA AAA TAC GGT GCG TTC ATC AAC CTC AAT GAA CAG GTG CGT GGT CTG CTG CGT CCG CGT TCT ATG ATC TCT CTC CGT CTG GAA AAC CTG AAT GTT GGT GAC GAA ATC ATC GTG CAA GCG ATC GAT GTT CGC CCG GAA AAA CGT GAA ATC GAA TTC AAA TAC ATC CCG,3.479341612900841
GAC GTT GAA CCG GGC AAA TTC TAC AAA GGT GTT GTT ACC AAC ATT CCG AAA TAC GGT GCG TTC ATC AAC CTC AAC GAA CAG GTT CGT GGT CTG CTG CGT CCG CGT GAC ATG ATC TCT CTG CGT CTG GAA AAC CTG AAT GTG GGT GAC GAA ATC ATC GTT CAG GCG ATC GAC GTT CGC CCG GAA AAA CGT GAA ATC GAC TTC AAA TAC ATC CCG,0.9084247056742484
GAC GTT GAA CCG GGT AAA TTC TAC AAA GGT GTT GTT ACC CGT ATC GAA AAA TAC GGT GCG TTC ATC AAC CTG AAC GAA CAA GTT CGT GGT CTG CAC CGT CCA CGT GAC ATG ATC TCT CTG CGT CTG GAA AAC CTC AAC GTG GGT GAC GAA ATC ATC GTG CAG GCT ATC GAC GTT CGT CCG GAA AAA CGT GAA ATC GAC TTC AAA TAC ATC CCG,1.266169570618484
GAC GTT GAA CCG GGT AAA TTC TAC AAA GGT GTT GTT ACC CGT ATC GAA AAA TAC GGT GCG TTC ATC AAC CTG AAC GAA CAG GTT CGT GGT CTG CTG CGT CCG CGT GAC ATG ATC AAA CTG CGT CTG GAA AAT CTC AAT GTT GGC GAC GAA ATT ATC GTT CAA GCG ATC GAC GTT CGT CCG GAA AAA CGT GAA ATC GAC TTC AAA TAC ATC CCG,5.215217598651488
GAC GTT GAA CCG GGT AAA TTC TAC AAA GGT GTT GTT ACC GAC ATC CAC AAA TAC GGT GCG TTC ATC AAC CTG AAT GAA CAG GTT CGT GGT CTG CTG CGT CCG CGT GAC ATG ATC TCC CTG CGT CTG GAA AAT CTG AAC GTT GGT GAC GAA ATC ATC GTT CAG GCT ATC GAC GTT CGT CCG GAA AAA CGT GAA ATC GAC TTC AAA TAC ATC CCG,3.62804702977872
GAC GTT GAA CCG GGT AAA TTC GGC AAA GGT GTT GTT ACC CGT ATC GAA AAA TAC GGT GCG TTC ATC AAC CTC AAC GAA CAG GTT CGT GGT CTG CTG CGT CCA CGC GAC ATG ATC TCT CTG CGT CTG GAA AAC CTG AAC GTT GGT GAC GAA ATC ATC GTT CAA GCG ATT GAC GTT CGT CCG GAA AAA CGT GAA ATC GAC TTC AAA TAC ATC CCG,0.1531972656406058
GAT GTT GAA CCG GGT AAA TTC TAC AAA GGT GTT GTT ACC CGT ATC GAA AAA TAC GGT GCG TTC ATC AAC CTC AAC GAG CAG GTT CGT GGT CTG CTG TCT CCG CGT CTG ATG ATC TCT CTG CGT CTG GAA AAC CTG AAT GTT GGT GAC GAA ATC ATC GTG CAG GCT ATC GAC GTT CGT CCG GAA AAA CGT GAA ATC GAC TTC AAA TAC ATC CCG,2.12165104890591
GAC GTT GAA CCG GGC AAA TTC TAC AAA GGT GTT GTT ACC CTG ATC AAC AAA TAC GGT GCG TTC ATC AAC CTG AAC GAA CAA GTT CGT GGT CTG CTG CGC CCA CGT GAC ATG ATC TCT CTG CGT CTG GAA AAT CTG AAC GTT GGT GAC GAA ATC ATT GTT CAG GCG ATC GAC GTT CGT CCG GAA AAA CGT GAA ATC GAC TTC AAA TAC ATC CCG,4.2762931814541325
GAT GTT GAA CCG GGT AAA TTC TAC AAA GGT GTT GTT CCG CGT ATC GAA AAA TAC GGT GCG TTC ATC AAC CTC AAC GAA CAG GTT CGC GGT CTG CTG CGT CCG CGC GAC ATG ATC TCC CTC CGT CTG GAA AAC CTG AAC GTT GGT GAC GAA ATC ATC GTT CAA GCG ATC GAC GTT CGT CCA GAA AAA CGT GAA ATC GAC TTC AAA TAC ATC CCA,-0.0740971212973865
GAC GTT GAA CCG GGT AAG TTC TAC AAA GGT GTT GTT ACC AAG ATC CTG AAA TAC GGT GCG TTC ATC AAT CTC AAT GAG CAG GTG CGT GGC CTG CTC CGT CCG CGT GAT ATG ATC TCT CTG CGT CTG GAA AAC CTG AAT GTT GGT GAC GAA ATC ATC GTT CAG GCG ATC GAC GTG CGT CCG GAA AAA CGT GAA ATC GAC TTC AAA TAC ATC CCG,5.032926907151827
GAC GTT GAA CCG GGT AAA TTC TAC AAA GGT GTT GTT ACC CGT ATC GAA AAA TAC GGT GCG TTC ATC AAC CTG AAC GAA CAG GTT CGT GGT CTG CTG CGT CCG CGT GGC ATG ATC TCT CTG CGT CTG GAA AAT CTG AAC GTT GGT GAC GAA ATC ATC GTT CAA GCG ATT GAC GTT CAC CCG GAA AAA CGT GAA ATC GAC TTC AAA TAC ATC CCG,1.7708127814574697
GAC GTG GAA CCG GGT AAG TTC TAC AAA GGT GTT GTT ACC CTG ATC GAA AAA TAC GGT GCG TAC ATC AAC CTG AAC GAG CAG GTT CGT GGT CTG CTC CGT CCG CGT GAC ATG ATC TCT CTG CGT CTG GAA AAC CTC AAT GTT GGC GAC GAA ATC ATC GTT CAA GCG ATC GAC GTT CGT CCG GAA AAA CGT GAA ATC GAC TTC AAA TAC ATC CCG,3.696013241057587
GAT GTT GAA CCG GGT AAA TTC TAC CAC GGT GTT GTT ACC CGT ATC GAA AAA TAC GGT GCG TTC ATC AAC CTG AAC GAA CAG GTT CGT GGT CTG CTC CGT CCA CGT GAT ATG ATC TCT CTG CGC CTC GAA AAT CTG AAC GTT GGT GAC GAA ATC ATT GTG CAG GCG ATC GAC GTG CGC CCA GAA AAA CGT GAA ATC GAC TTC AAA TAC ATT CCG,4.943926617832858
GAT GTT GAA CCG GGT AAA TTC TAC AAG GGT GTT GTT ACC CGT ATC GAA AAA TAC GGT GCG TTC ATC AAC CTG AAC GAA CAA GTT CGT GGT CTG CTG CGT CCA CGT ATG ATG ATC TCT CTG CGT CTG GAA AAC CTC AAT GTT GGT GAC GAA ATC ATC GTT CAA GCG ATC GAC GTT CGT CCG GAA AAA CGT GAA ATC GAC TTC AAC TAC ATC CCG,1.894171742268388
GAC GTT GAA CCG GGT AAA TTC TAC AAG GGT GTT GTT ACC CGT ATC GAA AAA TAC GGT GCG TTC ATC AAC CTG AAT GAA CAG GTT CGT GGT CTG CTG CGT CCG CGT GAC ATG ATC TCT CTG CGT CTG GAA AAC CTC AAC GTG GGT GAT GAA ATC ATC GTT CAG GCG ATT GAC GTT CGT CCG GAA AAA CAC GAA ATC GAC TTC AAA TAC ATC CCG,5.390105242015341
GAC GTT GAA CCG GGT AAA TTC TAC AAA GGT GTT GTT ACC CGT ATC GAA AAA TAC GGT GCG TTC ATC AAC CTC AAC GAA CAG GTT CGT GCG CTG CTG CGT CCG CGT GAT ATG ATC TCT CTG CGT CTG GAG AAC CTG AAC GTT GGT GAC GAA ATC ATC GTT CAA GCG ATT GAC GTT CGT CCG GAA AAA CGT GAA ATC GAC TTC AAG TAC ATT CCG,2.3872799354078547
GAT GTT GAA CCG GGT AAA TTC TAC AAA GGT GTT GTT ACC CGT ATC GAA AAA TAC GGT GCG TTC ATC AAC CTG AAT GAA CAG GTT CGC GGT CTG CTG CTC CCG CGT GAC ATG ATC TCT CTG CGT CTG GAA AAC CTC AAC GTG GGT GAC GAA ATC ATC GTT CAG GCT ATT GAC GTT CCG CCA GAA AAA CGT GAA ATC GAC TTC AAA TAC ATC CCG,2.094245965643868
GAC GTT GAA CCG GGC AAA TTC TAC AAA GGT GTT GTT ACC CGT ATC GAA AAA TAC GGT GCG TTC ATC AAC CTG AAT GAA CAG GTG CGT GGT CTG CTG CGT CCG CGT TGG ATG ATC TCT CTG CGT CTG GAG AAC CTC AAC GTG GGT GAT GAA ATT ATC GTG CAG GCG ATC GAT GTT ACT CCA GAG AAA CGT GAA ATC GAC TTC AAA TAC ATC CCG,2.237957136585748
GAC GTT GAA CCG GGT AAA TTC ATG AAG GGT GTT GTT ACC CGT ATC GAA AAA TAC GGT GCG TTC ATC AAC CTC AAC GAA CAG GTT CGT GGT CTG CTG CGT CCG CGT GAC ATG ATC TCT CTG CGC CTG GAA AAC CTG AAT GTT GGT GAC GAA ATC ATC GTT CAG GCT ATC GAC GTT CGT CCA GAA AAA CGT GAA ATC GAC TTC AAA TAC ATC CCG,1.942171594183537
GAT GTT GAG CCG GGT AAA TTC TAC AAA GGT GTT GTT ACC CGT ATC GAA AAA TAC GGT GCG TTC ATC AAC CTC AAC GAA CAG GTT CGT GGT CTG CTG CGT CCG CGT GAA ATG ATC TCT CTG CGT CTG GAA AAT CTC AAT GTT GGT GAC GAA ATC ATC GTT CAG GCT ATC GAC GTT CGT CCG GAA AAA CGT GAG ATT ATG TTC AAA TAC ATC CCG,2.871402969210746
GAC GTT GAA CCG GGT AAA TTC TAC AAA GGT GTT GTT ACC CGT ATC GAA AAA TAC GGT GCG TTC ATC AAC CTC AAC GAA CAG GTT CGT GGT CTG CTG ATC CCG CGT AAC ATG ATC TCT CTG CGT CTG GAA AAC CTG AAT GTT GGT GAC GAA ATC ATC GTT CAA GCG ATC GAC GTT CGT CCG GAA AAA CGT GAA ATC GAC TTC AAA TAC ATC CCG,3.502479059799331
GAC GTT GAG CCG GGT AAA TTC TAC AAA GGT GTT GTT ACC CGT ATC TTT AAG TAC GGT GCG TTC ATC AAT CTC AAC GAA CAG GTT CGC GGT CTG CTG CGT CCG CGT GAC ATG ATC TCT CTG CGT CTG GAA AAT CTG AAC GTT GGT GAC GAA ATC ATC GTT CAA GCG ATC GAC GTT CGT CCG GAA AAA CGT GAA ATC GAC TTC AAA TAC ATC CCG,5.0019017642569015
GAC GTG GAA CCG GGC AAA TTC TAC AAA GGT GTT GTT ACC CGT ATC GAA AAA TAC GGT GCG TTC ATC AAC CTG AAC GAA CAG GTT CGT GGC CTG CTC CGT CCG CGT CAG ATG ATC TCT CTG CGT CTG GAA AAT CTG AAC GTG GGT GAC GAA ATC ATC GTT CAA GCG ATC GAT GTT CGT CCG GAA AAA CGT GAA ATC GAC TTC CAG TAC ATC CCG,2.407125569891789
GAC GTG GAA CCG GGT AAA TTC TAC AAA GGT GTT GTT ACC CGT ATC GAA AAA TAC GGT GCG TTC ATC AAC CTC AAT GAA CAG GTT CGT GGT CTG CTG CGT CCG CGT GAC ATG ATC TCT CTG CGT CTG GAA AAC CTG AAT GTT GGT GAC GAA ATC ATC GTT CAG GCT ATC GAC GTT CGC GAC GAG AAA CGT GAA ATC GAC TTC AAA TAC ATC CCG,3.863502543170159
GAC GTT GAA CCG GGT AAA TTC TAC AAA GGT GTT GTT ACC CGT ATC GAA AAA TAC GGT GCG TTC ATC AAC CTC AAC GAA CAG GTT CGT GGT CTG CTG GTT CCG CGT GAC ATG ATC TCT CTG CGT CTG GAA AAC CTG AAC GTT GGT GAC GAA ATC ATC GTT CAA GCG ATC GAC GTT CGT CCG GAA AAA CGT GAA ATC CAC TTC AAA TAC ATC CCG,2.3266081188180974
GAC GTT GAA CCG GGT AAA TTC TAC AAA GGT GTT GTT ACC CGT ATC GAA AAA TAC GGT GCG TTC ATC AAC CTC AAC GAA CAG GTT CGT GGT CTG CTG CGT CCG CGT GAC ATG ATC TCT CTG CGT CTG GAA AAC CTG AAT GTT GGT GAC GAA CCG ATC GTG CAG GCG ATC GAC GTT CGT CCG GAA AAA CGT GAA ATC GAC TTC AAA TAC ATC CCG,0.4538153560818901
GAC GTT GAA CCG GGT AAA TTC TAC AAA GGC GTG GTT ACC CGT ATC GAA AAA TAC GGT GCG TTC ATC AAC CTC AAC GAA CAG GTG CGT GGT CTG CTC CGT CCG CGT TTC ATG ATC TCT CTG CGT CTC GAA AAC CTG AAT GTT GGT GAC GAA ATC ATC GTG CAG GCG ATC GAC GTT CGT CCA GAA AAA CGT GAA ATC GAC TTC GTT TAC ATC CCA,2.8563848932435327
GAT GTT GAA CCG GGT AAA TTC TAC AAG GGT GTT GTT ACC CGT ATC GAA AAA TAC GGT GCG TTC ATC AAC CTG AAC GAA CAG GTT CGC GGT CTG CTG CGC CCA CGT GAT ATG ATC CAA CTG CGT CTG GAA AAC CTC AAT GTT GGT GAC GAA ATC ATC GTT CAA GCG ATC GAC GTT CGT CCA GAA AAA CGT GAA ATC GAC TTC AAA TAC ATC CCG,5.912415914321403
GAT GTT GAA CCG GGT AAA TTC TAC AAA GGT GTT GTT ACC CGT ATC GAA AAA TAC GGT GCG TTC ATC AAT CTG AAT GAG CAG GTT CGT GGT CTG CTG CGT CCG CGC CAC ATG ATC TCT CTG CGT CTG GAG AAC CTG AAT GTT GGT GAC GAA ATC ATC GTT CAG GCG ATC GAC GTG GGT CCG GAA AAA CGT GAA ATC GAC TTC AAA TAC ATC CCG,2.949596661137241
GAT GTT GAA CCG GGC AAA TTC TAC AAA GGT GTT GTG ACC ATG ATC GAA AAA TAC GGT GCG GAC ATC AAC CTG AAT GAG CAG GTT CGT GGT CTG CTC CGT CCG CGT GAC ATG ATC TCT CTG CGT CTG GAA AAT CTG AAC GTT GGT GAC GAA ATC ATC GTG CAG GCG ATC GAC GTT CGC CCG GAA AAA CGT GAA ATC GAC TTC AAA TAC ATC CCG,0.8053966081561698
GAC GTG GAA CCG GGT AAA TTC TAC AAA GGT GTT GTT ACC CGT ATC GAA AAA TAC GGT GCG TTC ATC AAC CTC AAT GAA CAG GTT CGT GGT CTG CTG CGT CCG CGT GAC ATG ATC TCT CTG CGT CTG GAA AAC CTG AAT GTT GGT GAC GAA ATC ATC GTG CAG GCG ATC GAC GTT ATG CCG GAA AAA CGT GAG ATC TAC TTC AAA TAC ATT CCG,4.384249213090135
GAC GTT GAA CCG GGT AAA TTC TAC AAA GGT GTT GTT ACC CGT ATC GAA AAA TAC GGT GCG TTC ATC AAC CTG AAC GAA CAG GTT CGT GGT CTG CTG TGG CCG CGT CCG ATG ATC TCT CTG CGT CTG GAA AAC CTC AAC GTG GGT GAC GAA ATC ATC GTG CAG GCG ATT GAC GTT CGT CCG GAA AAA CGT GAA ATC GAC TTC AAA TAC ATC CCG,1.4094045343292452
GAC GTT GAA CCG GGT AAG TTC TAC AAA GGT GTT GTT ACC GAA ATC GAG AAA TAC GGT GCG GTT ATC AAC CTG AAC GAA CAG GTT CGT GGC CTC CTG CGT CCG CGT GAC ATG ATC TCT CTG CGC CTG GAG AAC CTC AAT GTT GGT GAT GAA ATC ATC GTT CAA GCG ATC GAC GTT CGC CCG GAA AAA CGT GAG ATC GAC TTC AAA TAC ATC CCG,2.4015388316951034
GAC GTT GAA CCG GGT AAA TTC TAC AAA GGC GTT GTT ACT CGC ATC GAA AAA TAC GGT TTC TTC ATC AAC CTC AAC GAG CAA GTT CGC GGT CTG CTC CGT CCG CGT GAC ATG ATC TCT CTG CGT CTG GAA AAC CTG AAC GTT GGT GAC GAA ATC ATC GTG CAG GCG ATC GAT GTT CGT CCG GAA AAA CGT GAA ATC GAC TTC AAA TAC ATC CCA,2.41372250213747
GAT GTT GAA CCG GGT AAA TTC TAC AAA GGT GTG GTT ACC GGC ATC GAA AAA TAC GGT GCG TGG ATC AAC CTG AAC GAA CAG GTT CGT GGT CTG CTG CGT CCG CGT GAC ATG ATC TCT CTC CGT CTG GAG AAT CTG AAT GTT GGT GAC GAA ATC ATT GTT CAA GCT ATC GAC GTT CGC CCA GAA AAA CGT GAA ATC GAC TTC AAA TAC ATC CCA,4.59970201439646
GAC GTT GAA CCG GGC AAA TTC TAC AAA GGT GTT GTT ACC CGT ATC GAA AAA TAC GGT GCG TTC ATC AAC CTG AAC GAA CAA GTT CGT GGT CTG CTC CGT CCG CGT CAC ATG ATC TCT CTG CGT CTG GAA AAC CTC AAT GTT GGC GAC GAA ATC ATC GTT CAA GCG ATC GAC GTT CGT CCG GAA AAA CGT GAA ATC GAC TTC GGT TAC ATC CCG,4.255926418873553
GAC GTT GAA CCG GGT AAA TTC TAC AAA GGT GTT GTT ACC CGT ATC GAA AAA TAC GGT GCG TTC ATC AAC CTG AAC GAA CAG GTT CGT GGT CTG CTG CGT CCG CGT ATT ATG ATC TCT CTG CGT CTG GAA AAT CTG AAC GTT GGT GAC GAA ATC ATT GTT CAG GCG ATC GAC GTT ATG CCG GAA AAA CGT GAA ATC GAC TTC AAA TAC ATC CCG,1.579491158053557
GAT GTT GAA CCG GGT AAA TTC TAC AAA GGT GTT GTT ACC CGT ATC GAA AAA TAC GGT GCG TTC ATC AAT CTG AAC GAA CAG GTT CGT GGT CTG CTG CGT CCG CGT GAC ATG ATC TCT CTG CGT CTG GAA AAC CTG AAC GTT GGT GAC GAA ATC ATC GTT CAA GCG ATC GAC GTT GAC CCG GAA AAA CGT GAA ATC CTG TTC AAG TAC ATC CCG,5.604311725375379
GAC GTT GAA CCG GGT AAA TTC TAC AAA GGT GTT GTG ACC GGT ATC ACC AAG TAC GGT GCG TTC ATC AAC CTC AAC GAA CAG GTT CGT GGT CTG CTG CGT CCG CGT GAC ATG ATC TCT CTG CGT CTG GAA AAC CTG AAC GTT GGT GAC GAA ATC ATC GTG CAG GCG ATC GAC GTT CGT CCG GAA AAA CGT GAA ATC GAC TTC AAA TAC ATC CCA,4.817704178284618
GAC GTT GAA CCG GGT AAA TTC TAC AAA GGT GTT GTT ACC CGT ATC GAG AAA TAC GGT GCG TTC ATC AAC CTC AAT GAA CAA GTT CGT GGT CTG CTG TAC CCG CGT GAC ATG ATC TCT CTG CGT CTG GAA AAC CTG AAC GTT GGT GAC GAA ATC ATC GTG CAG GCG ATC GAT GTT AAA CCG GAA AAA CGT GAA ATC GAC TTC AAA TAC ATC CCG,1.3453609147331171
GAT GTT GAA CCG GGT AAA TTC TAC AAA GGT GTT GTT ACC CGT ATC GAG AAA TAT GGT GCG TTC ATC AAC CTG AAC GAG CAG GTT CGT GGT CTG CTG CGT CCG CGT CAC ATG ATC TCT CTG CGC CTG GAA AAT CTG AAC GTT GGT GAC GAA ATC ATC GTG CAG GCG ATC GAT GTT CGT CCG GAA AAA CGT GAA ATC GAC TTC GAA TAC ATC CCG,2.911611519907456
GAC GTT GAA CCG GGT AAA TTC TAC AAA GGT GTT GTT ACC CGT ATC GAA AAA TAC GGT GCG TTC ATC AAC CTG AAC GAA CAG GTT CGT GGT CTG CTG CGT CCG CGT GAC ATG ATC TCT CTG CGT CTG GAA AAC CTC AAT GTT GGT GAC GAA ATC ATC GCG CAG GCG ATT GAC GTT CGT CCG GAA AAA CGT GAA ATC GAC TTC AAA TAC ATC CCG,2.010757013172359
GAC GTT GAA CCG GGT AAA TTC TAC AAA GGT GTT GTT ACC CGT ATC GAA AAA TAC GGT GCG TTC ATC AAC CTC AAC GAA CAG GTT CGT GGT CTG CTC CGT CCA CGT TTC ATG ATC TCT CTG CGC CTG GAA AAC CTG AAC GTT GGT GAC GAA ATC ATC GTG CAG GCG ATC GAC GTT CGT CCG GAA AAA CGT GAA ATC GAC TTC CCG TAC ATC CCG,2.0493527852151816
GAC GTG GAA CCG GGT AAA TTC TAC AAA GGT GTT GTT ACC CGT ATC GAA AAA TAC GGT GCG TTC ATC AAT CTG AAC GAA CAG GTT CGT GGT CTG CTG CGT CCG CGT GAC ATG ATC TCT CTG CGT CTG GAG AAC CTC AAC GTG GGT GAC GAA ATC ATC GTG CAA GCG ATC GAC GTG CAC CCG GAA AAA CGT GAA ATC GAA TTC AAA TAC ATC CCG,3.378988511318842
GAT GTT GAA CCG GGT AAA TTC TAC AAA GGT GTT GTT ACC GAC ATC GAA AAA TAC GGT GCG TGC ATC AAC CTC AAC GAA CAG GTT CGT GGT CTG CTC CGT CCG CGT GAC ATG ATC TCT CTG CGT CTG GAA AAC CTG AAT GTT GGT GAC GAA ATC ATC GTT CAG GCG ATC GAC GTT CGT CCG GAA AAA CGT GAA ATC GAC TTC AAA TAC ATC CCG,1.8428679410975723
GAC GTT GAA CCG GGT AAG TTC TAC AAA GGC GTT GTG ACC AAC ATC GAG AAA TAC GGT GCG AAA ATC AAC CTG AAC GAA CAA GTT CGT GGT CTG CTG CGT CCG CGT GAC ATG ATC TCT CTG CGT CTG GAA AAC CTC AAC GTG GGT GAC GAA ATC ATC GTT CAA GCG ATC GAC GTT CGT CCA GAA AAA CGT GAA ATC GAC TTC AAA TAC ATC CCA,1.0040246509979058
GAC GTG GAA CCG GGT AAA TTC TAC AAA GGT CAG GTG ACC CGT ATC GAA AAA TAC GGT GCG TTC ATC AAC CTC AAC GAA CAG GTT CGT GGT CTG CTG CGT CCA CGT GAC ATG ATC TCT CTG CGT CTG GAA AAC CTG AAT GTT GGT GAT GAA ATC ATC GTT CAG GCT ATC GAC GTT CGT CCG GAA AAA CGT GAA ATC GAC TTC AAA TAC ATC CCG,4.029014548942662
GAT GTT GAA CCG GGT AAA TTC TAC AAA GGT GTT GTT ACC CGT ATC GAA AAA TAC GGT GCG TTC ATC AAC CTC AAT GAA CAG GTT CGT GGT CTG CTG GAC CCG CGT ATG ATG ATC TCT CTG CGT CTG GAA AAC CTG AAT GTT GGT GAC GAA ATC ATC GTT CAG GCT ATC GAC GTT CGT CCG GAA AAA CGT GAA ATT GAC TTC AAG TAC ATC CCG,1.89506768745088
GAC GTT GAA CCG GGT AAA TTC TAC AAA GGT GTT GTT ACC CGT ATC GAA AAA TAC GGT GCG TTC ATC AAT CTG AAC GAA CAG GTT CGT GGT CTG CTG GTT CCG CGT GAC ATG ATC TCT CTG CGT CTG GAA AAC CTC AAC GTG GGT GAC GAA ATC ATC GTT CAA GCG ATC GAC GTT CGT CCG GAA AAA CGT GAA ATC CAG TTC AAA TAC ATC CCG,2.3844319245681787
GAC GTT GAA CCG GGC AAA TTC TAC AAA GGC GTT GTT ACC CGT ATC GAA AAA TAC GGT GCG TTC ATC AAC CTG AAT GAG CAG GTT CGT GGT CTG CTG CGT CCG CGT GGT ATG ATC TCT CTG CGT CTG GAA AAT CTG AAC GTT GGT GAC GAA ATC ATC GTG CAG GCG ATT GAC GTT CGT CCG GAA AAA CGT GAA ATC GAC TTC ATC TAC ATC CCG,2.850666673431587
GAT GTT GAA CCG GGC AAA TTC TAC AAA GGT GTT GTT ACT CCG ATC GAA AAA TAC GGT GCG ATC ATC AAT CTG AAC GAA CAG GTT CGT GGC CTC CTG CGT CCG CGT GAT ATG ATC TCT CTG CGC CTG GAG AAC CTG AAC GTT GGT GAC GAA ATC ATT GTT CAG GCT ATC GAC GTT CGT CCG GAA AAA CGT GAA ATC GAC TTC AAA TAC ATC CCG,0.4903346059797898
GAC GTT GAG CCG GGC AAA TTC TAC AAA GGT GTT GTT ACC CGT ATC GAA AAA TAC GGT GCG TTC ATC AAC CTG AAT GAA CAG GTT CGT GGT CTG CTG CGT CCG CGT GAC ATG ATC TCT CTG CGT CTG GAA AAC CTC AAT GTT GGC GAC GAA ATC ATC GTT CAG GCG ATC GAC GTT TTC CCG GAA AAA CGT GAA ATC CAG TTC AAA TAC ATC CCG,3.3697292756587305
GAC GTT GAA CCG GGT AAA TTC TAC AAG GGC GTT GTT ACC CGT ATC GAA AAA TAC GGT GCG TTC ATC AAC CTG AAC GAA CAG GTG CGT GGT CTG CTG CGT CCG CGT CTG ATG ATC TCT CTG CGT CTG GAG AAT CTG AAC GTT GGT GAC GAA ATC ATC GTG CAG GCG ATC GAC GTT CGC CCG GAA AAA CGT GAA ATC GAC TTC ATC TAC ATC CCA,2.4501743204445168
GAC GTT GAA CCG GGC AAA TTC TAC AAA GGT GTT GTT ACC AAC ATC ATG AAA TAC GGT GCG TTC ATC AAC CTG AAC GAA CAA GTT CGT GGT CTG CTG CGT CCG CGT GAC ATG ATC TCC CTC CGT CTG GAA AAT CTG AAC GTT GGT GAC GAA ATC ATC GTG CAG GCG ATT GAC GTT CGT CCG GAG AAA CGT GAA ATT GAC TTC AAA TAC ATC CCG,3.909214918742812
GAC GTT GAA CCG GGC AAA TTC TAC AAA GGT GTT GTT ACC CGT ATC GAA AAA TAC GGT GCG TTC ATC AAC CTC AAT GAA CAG GTT CGT GGT CTG CTG CGT CCG CGT CAG ATG ATC TCT CTG CGT CTG GAA AAC CTG AAC GTT GGT GAC GAA ATC ATC GTG CAG GCG ATC GAT GTT GTT CCA GAA AAA CGT GAA ATC GAC TTC AAA TAC ATC CCG,1.7719629219945203
GAC GTG GAA CCG GGT AAA TTC TAC AAA GGT GTT GTT ACC CGT ATC GAA AAA TAC GGT GCG TTC ATC AAC CTC AAC GAA CAG GTT CGT GGT CTG CTG CGT CCG CGT GAC ATG ATC TCT CTG CGT CTG GAA AAT CTC AAT GTT GGT GAC CGT ATC ATC GTT CAG GCT ATC GAT GTT CGT CCG GAA AAA CGT GAA ATC GAC TTC AAA TAC ATT CCG,6.112125101822803
GAC GTT GAA CCG GGT AAG TTC TAC AAA GGT GTT GTT ACC TTT ATC AAC AAG TAC GGT GCG TTC ATC AAC CTC AAT GAA CAA GTT CGT GGT CTG CTG CGT CCG CGT GAC ATG ATC TCT CTG CGT CTG GAA AAC CTG AAT GTT GGT GAC GAA ATC ATC GTT CAG GCG ATC GAC GTT CGT CCG GAA AAA CGC GAA ATC GAC TTC AAA TAC ATC CCG,4.336579110795521
GAC GTT GAA CCG GGT AAA TTC TAC TGG GGT GTT GTT ACC CGT ATC GAA AAA TAC GGT GCG TTC ATC AAC CTG AAT GAA CAG GTT CGT GGT CTG CTG CGT CCG CGC GAT ATG ATC TCT CTG CGT CTG GAA AAC CTC AAC GTG GGT GAC GAA ATC ATC GTT CAG GCG ATT GAC GTT CGT CCG GAA AAA CGT GAA ATC GAC TTC AAA TAC ATC CCG,5.668382021906183
GAC GTT GAA CCG GGT AAA TTC TAC AAG GGC GTT GTT ACC CGT ATC GAA AAA TAC GGT GCG TTC ATC AAC CTG AAT GAA CAG GTG CGT GGT CTG CTG CGT CCG CGT TGG ATG ATC TCT CTG CGT CTG GAA AAT CTC AAT GTG GGT GAC GAA ATC ATT GTT CAG GCG ATC GAT GTT CGT CCG GAA AAA CGT GAA ATC GAC TTC TAC TAC ATC CCG,2.695374950861061
GAC GTT GAA CCG GGT AAA TTC TAC AAA GGT GTT GTT ACC CGT ATC GAA AAA TAC GGT GCG TTC ATC AAC CTC AAC GAA CAG GTT CGT GGT CTG CTC CGT CCG CGT TAC ATG ATC TCT CTG CGT CTG GAA AAC CTG AAC GTT GGT GAC GAA ATC ATC GTG CAG GCT ATC GAC GTT ACT CCG GAA AAA CGT GAA ATC GAC TTC AAA TAC ATC CCG,2.34612273600901
GAT GTT GAA CCG GGT AAA TTC TAC AAA GGT GTT GTT ACC GCG ATC GAA AAA TAC GGT GCG CGT ATT AAT CTC AAC GAA CAG GTT CGC GGT CTG CTC CGT CCG CGT GAC ATG ATC TCC CTC CGT CTG GAG AAC CTG AAC GTT GGT GAC GAA ATC ATT GTT CAA GCT ATC GAT GTG CGT CCA GAA AAA CGT GAA ATC GAC TTC AAA TAC ATC CCA,2.497120111324276
GAC GTT GAG CCG GGT AAA TTC TAC AAA GGT GTT GTT ACC CGT ATC GAA AAA TAC GGT GCG TTC ATC AAT CTG AAC GAA CAG GTG CGT GGT CTG CTG GAC CCG CGT GAC ATG ATC TCT CTG CGT CTG GAA AAC CTG AAC GTT GGT GAC GAA ATT ATC GTT CAA GCG ATC GAC GTG CGT CCG GAA AAA CGT GAA ATC ATG TTC AAA TAC ATT CCG,2.3545310347884936
GAC GTT GAA CCG GGT AAA TTC TAC AAG GGT GTT GTT ACC CGT ATC GAA AAA TAC GGT GCG TTC ATC AAC CTG AAC GAG CAG GTT CGT GGT CTG CTC CGC CCA CGT AAT ATG ATC TCT CTG CGT CTG GAA AAC CTC AAT GTT GGT GAC GAA ATC ATC GTG CAG GCG ATC GAC GTT CGT CCG GAA AAA CGT GAA ATC GAC TTC TCT TAC ATC CCG,4.203922372737551
GAC GTT GAA CCG GGT AAA TTC TAC AAA GGT GTT GTT ACC CGT ATC GAA GAC TAC GGT GCG TTC ATC AAC CTG AAT GAA CAG GTT CGC GGT CTG CTG CGT CCG CGT GAC ATG ATC TCT CTG CGT CTG GAA AAT CTG AAC GTT GGT GAC GAA ATC ATC GTT CAG GCG ATC GAC GTT CGT CCG GAA AAA CGT GAA ATC GAC TTC AAA TAC ATC CCG,4.682849979975285
GAT GTT GAA CCG GGT AAA TTC TAC AAA GGT GTT GTT ACC ACC ATC AAC AAA TAC GGT GCG TTC ATC AAC CTG AAT GAA CAG GTT CGC GGT CTG CTG CGT CCG CGT GAC ATG ATC TCT CTG CGT CTG GAA AAT CTG AAT GTT GGT GAC GAA ATC ATC GTT CAG GCG ATC GAC GTT CGT CCG GAA AAA CGT GAA ATC GAC TTC AAA TAC ATC CCG,3.657029849743512
GAC GTT GAA CCG GGT AAA TTC TAC AAA GGT GTT GTT ACC CGT ATC GAA TAC TAC GGT GCG TTC ATC AAC CTC AAT GAA CAG GTT CGT GGT CTG CTG CGT CCG CGT GAC ATG ATC TCT CTG CGT CTG GAA AAT CTG AAC GTG GGT GAC GAA ATC ATC GTT CAG GCG ATC GAC GTT CGT CCG GAA AAA CGT GAA ATC GAC TTC AAA TAC ATC CCG,5.542620926854193
GAC GTT GAA CCG GGT AAA TTC TAC AAA GGT GTT GTT ACC CGT ATC GAA AAA TAC GGT GCG TTC ATC AAC CTG AAC GAG CAG GTT CGT GGT CTG CTG CGT CCG CGT TTC ATG ATC TCT CTG CGT CTG GAA AAT CTG AAT GTT GGT GAC GAA ATC ATC GTG CAG GCG ATT GAT GTT CTG CCG GAA AAA CGT GAA ATC GAC TTC AAA TAC ATC CCG,2.042640584871693
GAC GTT GAA CCG GGT AAG TTC TAC AAA GGT GTT GTT ACC CGT ATC GAA AAA TAC GGT GCG TTC ATC AAC CTG AAC GAA CAG GTG CGT GGT CTG CTC CGT CCG CGT GAC ATG ATC TCT CTG CGT CTG GAA AAC CTC AAC GTG GGT GAC GAA ATC ATC GTG CAG GCG ATC GAC GTT GGT CCG GAA AAA CGC GAA ATC TAT TTC AAG TAC ATC CCG,4.895614096236479
GAC GTT GAA CCG GGT AAA TTC TAC AAA GGT GTT GTT ACC CGT ATC GAA AAA TAC GGT GCG TTC ATC AAC CTG AAC GAA CAG GTT CGT GGT CTG CTG AAT CCG CGT CTG ATG ATC TCT CTG CGT CTG GAA AAT CTG AAT GTT GGT GAC GAA ATC ATC GTG CAG GCG ATC GAC GTT CGT CCG GAA AAA CGT GAA ATC GAC TTC AAA TAC ATC CCG,1.9178879249774687
GAC GTT GAA CCG GGT AAA TTC TAC AAA GGT GTT GTT ACC CGT ATC GAA AAA TAC GGT GCG TTC ATC AAC CTG AAT GAA CAG GTT CGT GGT CTG CTG CGT CCG CGT GAC ATG ATC TCT CTG CGT CTG GAA AAC CTC AAT GTT GGT GAC GAA ATT ATC GTT CAG GCG ATC GAC GTT CCG CCG GAA AAA CGT GAA ATC ATG TTC AAA TAC ATC CCG,3.427839014978232
GAC GTT GAA CCG GGT AAG TTC TAC AAA GGT GTT GTT ACC CGT ATC GAA AAA TAC GGT GCG TTC ATC AAC CTG AAC GAA CAG GTT CGT GGC CTG CTG CTG CCG CGT CGC ATG ATC TCT CTG CGC CTG GAA AAC CTC AAT GTT GGT GAC GAA ATC ATT GTT CAG GCG ATC GAT GTG CGT CCG GAA AAA CGT GAA ATC GAC TTC AAA TAC ATT CCG,2.557119760959852
GAT GTT GAA CCG GGC AAA TTC TAC AAA GGT GTT GTT ACC CGT ATC GAA AAA TAC GGT GCG TTC ATC AAC CTG AAT GAA CAG GTT CGT GGT CTG CTG CGT CCG CGT ACC ATG ATC TCT CTG CGT CTG GAA AAC CTC AAT GTT GGT GAC GAA ATC ATC GTT CAG GCG ATT GAC GTT CGT CCG GAA AAA CGT GAA ATC GAC TTC ATC TAC ATC CCG,2.1862701351814664
GAC GTT GAA CCG GGT AAA TTC TAC AAA GGT GTT GTT ACC CGT ATC GAA AAA TAC GGT GCG TTC ATC AAC CTC AAC GAA CAG GTT CGT GGT CTG CTG AAC CCG CGT TGG ATG ATC TCT CTG CGT CTG GAA AAC CTG AAT GTG GGT GAC GAA ATC ATT GTT CAG GCG ATC GAC GTT CGT CCG GAA AAA CGT GAA ATC GAC TTC AAA TAC ATC CCG,2.0920278416318827
GAC GTT GAA CCG GGT AAA TTC TAC AAA GGC GTT GTG ACC CGT ATT GAA AAA TAC GGT GCG TTC ATC AAC CTC AAC GAA CAG GTT CGT GGT TCT CTG CGT CCA CGT GAC ATG ATC TCC CTG CGT CTG GAG AAC CTG AAC GTT GGT GAC GAA ATC ATT GTT CAG GCG ATC GAC GTT CGT CCG GAA AAA CGT GAA ATC GAC TTC AAA TAC ATC CCG,1.6552969865780085
GAC GTT GAA CCG GGT AAA TTC TAC AAA GGT GTT GTT ACC CGT ATC GAA AAA TAC GGT GCG TTC ATC AAC CTG AAC GAA CAG GTT CGT GGT CTG CTG CGT CCG CGT GAC ATG ATC TCT CTG CGC GAC GAA AAT CTG AAT GTT GGT GAC GAA ATC ATC GTG CAG GCG ATC GAC GTT CGT CCG GAA AAA CGT GAA ATC GAC TTC AAA TAC ATC CCG,1.5600528817313717
GAT GTT GAA CCG GGT AAA TTC TAC AAA GGT GTT GTT ACC CGT ATC GAA AAG TAC GGT GCG TTT ATC AAC CTC ATC GAA CAG GTT CGT GGT CTG CTG CGT CCG CGT GAC ATG ATC TCT CTG CGT CTG GAA AAT CTG AAC GTT GGT GAC GAA ATC ATC GTT CAG GCG ATC GAC GTT CGT CCG GAA AAA CGT GAA ATC GAC TTC AAA TAC ATC CCG,2.7293129691913336
GAC GTT GAA CCG GGT AAA TTC TAC AAA GGT GTT GTT ACC CGT ATC GAA AAA TAC GGT GCG TTC ATC AAC CTC AAT GAA CAG GTT CGT GGT CTG CTG CGT CCG CGT GAT ATG ATC TCT CTG CGT CTG GAG AAC CTG AAT GTT GGT GAC GAA ATC ATC GTT CAG GCG ATC GAC ATC CGT CCG GAA AAA CGT GAA ATC GAC TTC AAA TAC ATT CCG,4.513830603325551
GAT GTT GAA CCG GGT AAA TTC TAC AAG GGT GTT GTT ACC CAG ATC GAA AAA TAC GGT GCG GTT ATC AAC CTG AAT GAA CAG GTT CGT GGT CTG CTG CGT CCG CGT GAC ATG ATC TCT CTC CGT CTG GAA AAC CTC AAT GTT GGT GAC GAA ATC ATC GTT CAG GCG ATC GAC GTT CGT CCA GAA AAA CGT GAA ATC GAC TTC AAA TAC ATC CCA,3.139196688605356
GAT GTG GAA CCG GGT AAA TTC TAC AAG GGT GTT GTT ACC TGG ATC GAA AAA TAC GGT GCG CAG ATC AAC CTC AAC GAA CAG GTT CGT GGT CTG CTC CGC CCA CGT GAC ATG ATC TCT CTG CGT CTG GAA AAC CTG AAC GTT GGT GAC GAA ATC ATC GTT CAA GCG ATC GAC GTT CGT CCA GAA AAA CGT GAA ATC GAC TTC AAA TAC ATC CCG,1.9730184876675183
GAC GTG GAA CCG GGC AAA TTC TAC AAA GGT GTT GTT ACC AAA ATC GAA AAA TAC GGT GCG GAC ATC AAC CTG AAC GAA CAA GTT CGT GGT CTG CTC CGC CCA CGT GAC ATG ATC TCT CTC CGT CTC GAA AAC CTC AAT GTT GGT GAC GAA ATC ATC GTG CAG GCT ATC GAC GTG CGC CCA GAA AAA CGT GAA ATC GAC TTC AAA TAC ATT CCG,1.1587646943832826
GAC GTG GAA CCG GGC AAA TTC TAC AAA GGT GTT GTT ACC CGT ATC GAA AAA TAC GGT GCG TTC ATC AAC CTG AAC GAG CAG GTT CGT GGT CTG CTG CGT CCG CGT GAC ATG ATC TCT CTG CGT CTG GAA AAT CTC AAC GTG GGT GAC GAA ATT ATC GTG CAG GCG ATC GAT GTT CAG CCG GAA AAA CGT GAG ATC AAG TTC AAA TAC ATC CCG,3.805252840867333
GAC GTT GAA CCG GGC AAA TTC TAC AAA GGT GTT GTT ACC CGT ATC GAA AAA TAC GGT GCG TTC ATC AAC CTC AAC GAA CAA GTT CGT GGT CTG CTG CGT CCG CGT GAC ATG ATC TCT CTG CGT CTG GAA AAC CTG AAC GTT GGT GAC GAA ATC ATC GTG CAG GCG ATC GAC GTT TAC CCG GAA AAA CGT GAA ATC CCG TTC AAA TAC ATT CCG,2.031438440977009
GAC GTT GAA CCG GGT AAA TTC TAC AAA GGT GTT GTT ACC CGT ATC GAA AAA TAC GGT GCG TTC ATC AAC CTG AAC GAA CAA GTT CGT GGT CTG CTG TAC CCG CGT GAC ATG ATC TCT CTG CGT CTG GAA AAC CTC AAC GTG GGT GAC GAA ATC ATT GTT CAG GCG ATC GAC GTT AAC CCG GAA AAA CGT GAA ATC GAC TTC AAA TAC ATC CCG,1.618153150309808
GAC GTG GAA CCG GGT AAA TTC TAC AAA GGT GTT GTT ACC CGT ATC GAA AAA TAC GGT GCG TTC ATC AAC CTG AAC GAA GAC GTT CGT GGT CTG CTG CGT CCG CGT GAC ATG ATC TCT CTG CGC CTC GAA AAT CTG AAC GTT GGT GAC GAA ATC ATC GTT CAA GCG ATC GAT GTT CGT CCG GAA AAA CGT GAA ATC GAC TTC AAA TAC ATC CCG,5.204159948363527
GAT GTT GAA CCG GGT AAA TTC TAC AAA GGT GTT GTT ACC CGT ATC GAA AAA TAC GGT GCG TTC ATC AAC CTC AAC GAG CAG GTT CGC GGT CTG CTG CGT CCG CGC GAA ATG ATC TCT CTG CGT CTG GAA AAC CTG AAC GTT GGT GAC GAA ATC ATC GTT CAA GCG ATC GAT GTT CGT CCG GAA AAA CGT GAA ATC GAC TTC AAA TAC ATC CCG,3.4609481945486102
GAC GTT GAA CCG GGT AAA TTC TAC AAA GGT GTT GTT ACC CGT ATC GAA AAA TAC GGT GCG TTC ATC AAC CTG AAC GAA CAG GTT CGT GGT CTG CTG GAC CCG CGT GAC ATG ATC TCT CTG CGT CTG GAA AAT CTG AAC GTT GGT GAC GAA ATC ATC GTT CAA GCG ATC GAC GTT ATC CCG GAA AAA CGT GAA ATC GAC TTC AAA TAC ATC CCG,1.1448708473139366
GAC GTT GAA CCG GGT AAA TTC TAC AAA GGT GTT GTT ACC CGT ATC GAA AAA TAC GGT GCG TTC ATC AAC CTG AAT GAA CAG GTT CGT GGT CTG CTG CGT CCG CGT GAC ATG ATC TCT CTG CGT CTG GAA AAC CTC AAT GTT GGT GAC GAA ATC ATC GTT CAG GCT ATC GAT GTT CGT CCG GAA AAA CGT GAA ATC GAC TTC AAA TAC ATC GCG,4.482539130963947
GAC GTT GAA CCG GGT AAA TTC TAC AAA GGT GTT GTT ACC CGT ATC GAA AAA TAC GGT GCG TTC ATC AAT CTG AAC GAA CAG GTT CGT GGT CTG CTG CGT CCG CGT GAC ATG ATC TCT CTG CGT CTG GAA AAC CTG AAT GTT GGT GAC GAA ATC ATT GTT CAG GCG ATC GAC AAC CGT CCG GAA AAA CGT GAA ATC GAC TTC AAA TAC ATC CCG,3.3345806853408053
GAC GTT GAA CCG GGT AAG TTC TAC AAA GGT GTT GTT ACC CGT ATC GAA AAA TAC GGT GCG TTC ATC AAC CTC AAC ATC CAG GTT CGT GGT CTG CTG CGT CCG CGC GAT ATG ATC TCT CTG CGT CTG GAA AAC CTG AAT GTT GGT GAC GAA ATC ATC GTT CAA GCT ATT GAC GTT CGT CCG GAA AAA CGT GAA ATC GAC TTC AAA TAC ATC CCG,5.118072590601043
GAC GTT GAA CCG GGT AAA TTC TAC AAA GGT GTT GTT ACC CGT ATC GAA AAA TAC GGT GCG TTC ATC AAC CTC AAC GAA CAA GTT CGT GGT CTG CTG CGT CCG CGT GAC ATG GCG TCT CTG CGT CTG GAA AAC CTG AAC GTT GGT GAC GAA ATC ATC GTT CAA GCG ATC GAC GTT CGT CCG GAA AAA CGT GAA ATC GAC TTC AAA TAC ATC CCG,4.705911102287399
GAC GTT GAA CCG GGT AAA TTC TAC AAA GCG GTT GTT ACC CGT ATC GAA AAA TAC GGC GCG TTC ATC AAC CTC AAC GAA CAG GTT CGT GGT CTG CTG CGT CCG CGT GAC ATG ATC TCT CTG CGT CTG GAA AAC CTG AAT GTG GGT GAC GAA ATC ATC GTT CAG GCG ATC GAT GTT CGT CCG GAA AAA CGT GAA ATC GAC TTC AAA TAC ATC CCG,3.376141965775384
GAT GTT GAG CCG GGT AAA TTC TAC AAA GGT GTT GTG ACC ATG ATC GAA AAA TAC GGT GCG GCG ATC AAC CTC AAC GAA CAG GTT CGT GGT CTG CTG CGT CCG CGT GAC ATG ATC TCT CTG CGC CTC GAA AAC CTG AAC GTT GGC GAC GAA ATC ATC GTT CAA GCG ATC GAT GTT CGT CCG GAA AAA CGT GAA ATC GAC TTC AAA TAC ATC CCA,1.4140107450462098
GAC GTT GAA CCG GGC AAA TTC TAC AAA GGT GTT GTT ACC GAC ATC TTC AAA TAC GGT GCG TTC ATC AAC CTC AAC GAA CAG GTT CGC GGT CTG CTG CGT CCA CGT GAC ATG ATC TCT CTG CGT CTG GAA AAC CTG AAC GTT GGT GAC GAA ATC ATC GTT CAA GCT ATC GAC GTT CGC CCG GAA AAA CGT GAA ATC GAC TTC AAG TAC ATC CCA,3.924509429582428
GAC GTT GAA CCG GGT AAA TTC TAC AAA GGT GTT GTT ACC CGT ATC GAA AAA TAC GGT GCG TTC ATC AAC CTG AAC GAA CAG GTT CGT GGT CTG CTG CGT CCG CGT AAA ATG ATC TCT CTG CGC CTG GAA AAC CTC AAT GTT GGT GAC GAA ATC ATC GTG CAG GCT ATC GAC GTT CGT CCG GAA AAA CGT GAA ATC GAC TTC TCT TAC ATC CCG,2.343870697853628
GAT GTT GAA CCG GGT AAA TTC TAC AAA GGT GTT GTT ACC CGT ATC GAA AAA TAC GGT GCG TTC ATC AAC CTC AAC GAA CAA GTT ATC GGT CTG CTG CGT CCG CGT GAC ATG ATC TCT CTG CGT CTG GAA AAC CTG AAT GTT GGT GAC GAA ATC ATC GTG CAG GCG ATC GAT GTT CGT CCG GAA AAA CGT GAA ATC GAC TTC AAA TAC ATC CCG,5.132875215860304
GAC GTT GAA CCG GGT AAA TTC TAC AAA GGT GTT GTT ACC CGT ATC GAA AAA TAC GGT GCG TTC ATC AAT CTG AAC GAA CAG GTT CGT GGT CTG CTG CTG CCA CGT AAC ATG ATC TCT CTG CGT CTG GAA AAC CTC AAT GTT GGT GAC GAA ATC ATT GTT CAA GCG ATC GAC GTT CGT CCG GAA AAA CGT GAA ATC GAC TTC AAA TAC ATC CCG,4.052470697343736
GAC GTT GAA CCG GGT AAA TTC TAC AAA GGT GTT GTT ACC CGT ATC GAA AAA TAC GGT GCG TTC ATC AAC CTG AAC GAA CAG GTT CGT GGT CTG CTG CGT CCG CGT GAT ATG ATC TCT CTG CGT CTG GAA AAT CTG AAC GTT GGT GAC GAA ATC ATC GTT CAA GCG ATC GAC GTG GAA CCG GAA AAA CGT GAA ATC TGG TTC AAA TAC ATC CCG,3.518944480877729
GAC GTT GAA CCG GGT AAA TTC TAC AAA GGT GTT GTT ACC CGT ATC GAA AAA TAC GGT GCG TTC ATC AAC CTG AAT GAA CAG GTT CGT GGT CTG CTG CGT CCG CGT GAC ATG ATC TCT CTG CGT CTG GAA AAC CTC AAC GTG GGC GAC GAA ATC ATC GTT CAG GCG ATC GAC GTT CAC CCA GAA AAA CGT GAA ATC CAG TTC AAA TAC ATC CCG,3.903217125326447
GAC GTT GAA CCG GGT AAA TTC TAC AAA GGT GTT GTT ACC CGT ATC GAA AAA TAC GGT GCG TTC ATC AAC CTC AAT GAA CAG GTT CGT GGT CTG CTG ATG CCG CGT GAC ATG ATC TCT CTG CGT CTG GAA AAC CTG AAC GTT GGT GAC GAA ATC ATC GTG CAG GCG ATC GAC GTG CGT CCG GAA AAA CGT GAA ATC ACC TTC AAA TAC ATC CCG,3.0913807744086066
GAC GTT GAA CCG GGT AAA TTC TAC AAA GGT GTT GTT ACC GAG ATC GAA AAA TAC GGT GCG TCT ATC AAC CTC AAC GAG CAA GTT CGT GGC CTC CTG CGC CCA CGT GAC ATG ATC TCT CTG CGT CTG GAA AAC CTG AAT GTT GGT GAC GAA ATC ATC GTT CAG GCT ATC GAC GTT CGT CCG GAA AAA CGT GAA ATC GAC TTC AAA TAC ATC CCG,1.1375337722036851
GAC GTT GAA CCG GGT AAA TTC TAC AAA GGT GTT GTT ACC CGT ATC GAA AAA TAC GGT GCG TTC ATC AAC CTG AAC GAA CAG GTT CGT GGT CTG CTG CGT CCG CGT GAC ATG ATC TCT CTG CGT CTG GAA AAT CTG AAC GTT GGT GAC GAA ATC ATC GTT CAA GCG ATC GAC GTT TTC CCG GAA AAA CGT GAA ATC CAC TTC AAA TAC ATC CCG,3.9522896787860775
GAC GTT GAA CCG GGT AAA TTC TAC AAA GGT GTT GTT ACC CGT ATC GAA AAA TAC GGT GCG TTC ATC AAC CTC AAC GAA CAA GTT CGT GGT CTG CTG CGT CCG CGT GAC ATG ATC TCT CTG CGT CTG GAA AAC CTG AAC GTT GGT GAC GAA ATC ATC GTT CAA GCG ATC GAC GTT TTC CCG GAA AAG CGC GAA ATC TAC TTC AAA TAC ATC CCG,4.789471420834506
GAC GTT GAA CCG GGT AAA TTC TAC AAA GGT GTT GTT ACC CGT ATC GAA AAA TAC GGT GCG TTC ATC AAC CTG AAC GAA CAG GTT CGT GGT CTG CTG GCT CCG CGT GAC ATG ATC TCT CTG CGT CTG GAA AAT CTG AAT GTT GGT GAC GAA ATC ATC GTG CAA GCG ATC GAC GTT CGT CCG GAA AAA CGT GAA ATC TGG TTC AAA TAC ATC CCG,2.853329329526089
GAT GTT GAA CCG GGT AAA TTC TAC AAA GGT GTT GTT ACC CGT ATC GAA AAA TAC GGT GCG TTC ATC AAC CTG AAT GAA CAA GTT CGC GGT CTG CCG CGT CCG CGT GAC ATG ATC TCT CTG CGT CTG GAA AAT CTG AAC GTG GGT GAC GAA ATT ATC GTT CAG GCG ATC GAC GTT CGT CCG GAA AAA CGT GAA ATC GAC TTC AAG TAC ATC CCG,1.0765731994376813
GAC GTT GAA CCG GGT AAA TTC TAC AAA GGT GTT GTT ACC CGT ATC GAA AAA TAC GGT GCG TTC ATC AAC CTC AAC GAA CAG GTT CGT GGT CTG CTG AAA CCG CGT GAC ATG ATC TCT CTG CGT CTG GAA AAC CTG AAC GTT GGT GAC GAA ATC ATC GTG CAG GCG ATC GAC GTT TAT CCG GAA AAA CGT GAA ATC GAC TTC AAA TAC ATC CCG,2.252633973725936
GAC GTT GAA CCG GGT AAA TTC TAC AAA GGT GTT GTT ACC CGT ATC GAA AAA TAC GGT GCG TTC ATC AAC CTC AAC GAA CAG GTT CGT GGT CTG CTC GCG CCA CGT GAC ATG ATC TCT CTG CGT CTG GAA AAC CTG AAT GTT GGT GAC GAA ATC ATC GTG CAG GCG ATC GAT GTT CGT CCG GAA AAA CGT GAA ATC GAC TTC AAA TAC ATC CCG,2.964041761155089
GAT GTT GAA CCG GGT AAA TTC TAC AAA GGT GTT GTT ACC CGT ATC GAA AAA TAC GGT GCG TTC ATC AAT CTG AAC GAA CAG GTT CGT GGT CTG CTG CGT CCG CGT GAC ATG ATC TCT CTG CGT CTG GAA AAC CTG AAC GTT GGT GAC GAA ATC ATC GTT CAA GCG GCG GAC GTG CGC CCA GAA AAA CGT GAA ATC GAC TTC AAA TAC ATC CCG,4.226575425783826
GAC GTT GAG CCG GGT AAG TTC TAC AAA GGT GTT GTT ACC GAG ATC GAA AAA TAC GGT GCG AAC ATC AAC CTC AAT GAA CAG GTT CGT GGT CTG CTG CGC CCA CGT GAC ATG ATC TCT CTG CGT CTG GAA AAC CTG AAC GTT GGC GAC GAA ATC ATC GTT CAA GCG ATC GAC GTT CGT CCG GAA AAA CGT GAA ATC GAC TTC AAA TAC ATC CCG,0.6038439388471966
GAT GTT GAA CCG GGT AAG TTC TAC AAA GGT GTT GTT ACC CGT ATC GAA AAA TAC GGT GCG TTC ATC AAC CTG AAC GAG CAG GTT CGT GGT CTG CTG TCT CCG CGT GAT ATG ATC TCT CTG CGT CTG GAA AAT CTG AAC GTT GGT GAC GAA ATC ATC GTT CAA GCG ATC GAC GTT GTT CCA GAA AAA CGT GAA ATC GAC TTC AAA TAC ATC CCG,1.441260054103623
GAC GTT GAA CCG GGT AAG TTC TAC AAA GGT GTT GTT ACC CGT ATC GAA AAA TAC GGT GCG TTC ATC AAC CTG AAT GAA CAG GTT CGT GGT CTG CTG CGT CCG CGT GAC ATG ATC TCT CTG CGT CTG GAA AAC CTC AAT GTT GGT GAC GAA ATC ATC GTT CAG GCG ATC GAC GTT TGG CCG GAA AAA CGT GAA ATC CTC TTC AAA TAC ATC CCG,4.02570294372774
GAC GTT GAA CCG GGT AAA TTC TAC AAA GGT GTT GTT ACC CAG ATC GAA AAA TAC GGT GCG TAC ATC AAT CTC AAC GAG CAG GTT CGT GGT CTG CTC CGT CCG CGC GAC ATG ATC TCT CTG CGT CTG GAA AAC CTC AAT GTG GGT GAC GAA ATC ATC GTT CAG GCG ATT GAC GTT CGT CCG GAA AAA CGT GAA ATC GAC TTC AAA TAC ATC CCG,4.26245285455748
GAC GTT GAA CCG GGT AAA TTC TAC AAA GGT GTT GTT ACC CGT ATC GAA AAA TAC GGT GCG TTC ATC AAC CTG AAC GAA CAG GTT CGT GGT CTG CTC CGT CCG CGT CAC ATG ATC TCT CTG CGT CTG GAA AAC CTC AAT GTT GGT GAC GAA ATC ATC GTG CAA GCG ATC GAC GTT CGT CCG GAA AAA CGT GAA ATC GAC TTC AAA TAC ATC CCG,5.187471748714664
GAC GTT GAA CCG GGT AAA TTC TAC AAA GGT GTT GTT ACC GAC ATT GAA AAA TAC GGT GCG CAG ATC AAC CTC AAT GAG CAG GTT CGT GGC CTG CTG CGT CCG CGT GAC ATG ATC TCT CTG CGT CTG GAA AAC CTG AAT GTT GGT GAC GAA ATC ATC GTT CAA GCG ATC GAC GTT CGC CCG GAA AAA CGT GAA ATC GAC TTC AAA TAC ATC CCA,0.7968773666578273
GAC GTT GAA CCG GGT AAA TTC TAC AAA GGT GTT GTT ACC CGT ATC GAA AAA TAC GGT GCG TTC ATC AAC CTG AAT GAA CAG GTT CGT GGT CTG CTG AAA CCA CGT CTG ATG ATC TCT CTG CGC CTG GAA AAC CTC AAT GTT GGT GAC GAA ATC ATC GTT CAA GCG ATC GAC GTT CGT CCG GAA AAA CGT GAA ATC GAC TTC AAA TAC ATC CCG,2.486198138469613
GAC GTT GAA CCG GGT AAG TTC TAC AAA GGT GTT GTT ACC TAC ATC GAA AAA TAC GGT GCG ACC ATC AAC CTC AAC GAA CAG GTT CGT GGT CTG CTG CGT CCG CGT GAC ATG ATC TCT CTG CGC CTG GAA AAC CTG AAC GTT GGC GAC GAA ATC ATC GTT CAA GCG ATC GAC GTT CGT CCG GAA AAA CGT GAA ATC GAC TTC AAA TAC ATC CCA,2.36436965793914
GAC GTG GAA CCG GGT AAA TTC TAC AAA GGT GTT GTT ACC CGT ATC GAA AAA TAC GGT GCG TTC ATC AAC CTC AAC GAA CAG GTT CGT GGC CTG CTG CGT CCG CGT GAC ATG ATC TCT CTG CGT CTG GAA AAT CTG AAC GTT GGC GAC GAA ATG ATC GTG CAA GCG ATC GAC GTT CGC CCG GAA AAA CGT GAA ATC GAC TTC AAA TAC ATC CCG,3.6360391026455448
GAC GTT GAA CCG GGC AAA TTC TAC AAA GGT GTT GTT ACC CGT ATC GAA AAA TAC GGT GCG TTC ATC AAC CTC AAC GAG CAG GTT CGT GGT CTG CTG CGT CCG CGC GAC ATG ATC TCT CTG CGT CTG GAA AAC CTG AAT GTT GGT GAC GAA ATC ATC GTG CAG GCG ATC GAC GTT CGT CCA GAA AAA CGT GAA ATC GAC TTC AAA TAC ATC CCG,5.417274099823807
GAC GTG GAA CCG GGT AAA TTC TAC AAA GGT GTT GTT ACC CGT ATC GAA AAA TAC GGT GCG TTC ATC AAT CTG AAT GAA CAG GTG CGT GGT CTG CTG CGT CCG CGT GAC ATG ATC TCT CTG CGT CTG GAA AAC CTG AAC GTT GGT GAC GAA ATC ATC GTT CAA GCG ATC GAC GTT GAG CCG GAA AAA CGT GAA ATC GAA TTC AAA TAC ATC CCG,2.621782029500457
GAC GTT GAA CCG GGT AAA TTC TAC AAA GGT GTT GTT ACC CGT ATC GAA AAA TAC GGT GCG TTC ATC AAC CTC AAC GAA CAG GTT CGT GGT CTG CTG GCT CCG CGT GGC ATG ATC TCT CTG CGT CTG GAA AAC CTG AAC GTT GGT GAC GAA ATC ATC GTG CAG GCG ATC GAC GTT CGT CCG GAA AAA CGT GAA ATC GAC TTC AAA TAC ATC CCG,1.9223963895486167
GAC GTT GAA CCG GGT AAA TTC TAC AAA GGT GTT GTT ACC CGT ATC GAA AAA TAC GGT GCG TTC ATC AAT CTG AAC GAA CAG GTT CGT GGT CTG CTG CGT CCG CGT GAC ATG ATC TCT CTG CGT CTG GAA AAC CTG AAC GTT GGT GAC GAA ATC ATT GTT CAG GCG ATC GAC GTT TGG CCG GAA AAG CGT GAA ATC TCT TTC AAA TAC ATC CCG,3.720411650271278
GAC GTT GAA CCG GGT AAA TTC TAC AAA GGT GTT GTT ACC CGT ATC GAA AAA TAC GGT GCG GAA ATC AAC CTG AAC GAA CAA GTT CGT GGT CTG CTG CGT CCG CGT GAC ATG ATC TCT CTG CGT CTG GAA AAC CTC AAC GTG GGT GAC GAA ATC ATC GTG CAG GCG ATC GAC GTT CGT CCG GAA AAA CGT GAA ATC GAC TTC AAA TAC ATC CCG,2.928495809506789
GTG GTT GAA CCG GGT AAA TTC TAC AAA GGT GTT GTT ACC CGT ATC GAA AAG TAC GGT GCG TTC ATC AAC CTG AAC GAA CAA GTT CGT GGT CTG CTG CGT CCG CGT GAC ATG ATC TCT CTG CGT CTG GAA AAT CTG AAT GTT GGT GAC GAA ATC ATC GTG CAG GCT ATT GAC GTT CGT CCG GAA AAA CGT GAA ATC GAC TTC AAA TAC ATC CCG,6.185055755634208
GAC GTT GAA CCG GGT AAG TTC TAC AAA GGT GTT GTT ACC CGT ATC GAA AAA TAC GGT GCG TTC ATC AAT CTG AAT GAA CAG GTT CGT GGT CTG CTG TGG CCG CGT GAC ATG ATC TCT CTG CGT CTG GAA AAT CTC AAT GTT GGT GAC GAA ATC ATC GTT CAG GCG ATC GAC GTT CGT CCG GAA AAA CGT GAA ATC CCG TTC AAA TAC ATC CCG,0.895021095125867
GAC GTT GAA CCG GGT AAA TTC TAC AAA CGT GTT GTT ACC CGT ATC GAA AAA TAC GGT GCG TTC ATC AAC CTC AAC GAA CAG GTT CGC GGT CTG CTG CGT CCA CGC GAC ATG ATC TCT CTG CGC CTG GAG AAC CTG AAT GTT GGT GAC GAA ATC ATC GTG CAG GCT ATC GAC GTT CGT CCG GAA AAA CGT GAA ATC GAC TTC AAA TAC ATC CCA,0.7455241364234726
GAT GTT GAA CCG GGT AAA TTC TAC AAA GGT GTT GTT ACC CGT ATC GAA AAA TAC GGT GCG TTC ATC AAC CTC AAC GAA CAA GTT CGT GGT CTG CTG CGT CCG CGT TTC ATG ATC TCT CTG CGT CTC GAA AAC CTG AAT GTT GGT GAC GAA ATC ATC GTT CAG GCG ATC GAC GTT ACT CCG GAA AAA CGT GAA ATC GAC TTC AAA TAC ATC CCG,2.3176993584710326
GAC GTT GAA CCG GGC AAA TTC TAC AAA GGT GTT GTT ACC ATC ATC GAA AAA TAC GGT GCG ATC ATC AAC CTC AAC GAA CAG GTG CGT GGT CTG CTG CGT CCG CGT GAC ATG ATC TCT CTG CGC CTC GAA AAC CTG AAC GTT GGT GAC GAA ATC ATT GTT CAG GCT ATC GAC GTT CGT CCG GAA AAA CGT GAA ATC GAC TTC AAA TAC ATC CCA,3.103504317440424
GAC GTT GAA CCG GGT AAA TAC TAC AAA GGT GTT GTT ACC CGT ATC GAA AAA TAC GGT GCG TTC ATC AAC CTG AAC GAA CAG GTT CGT GGT CTG CTG CGT CCG CGT GAC ATG ATC TCT CTG CGT CTG GAA AAC CTC AAT GTT GGT GAC GAA ATC ATC GTG CAG GCT ATC GAC GTT CGT CCG GAA AAA CGT GAA ATC GAC TTC AAA TAC ATC CCG,5.063214904943804
GAC GTT GAA CCG GGT AAA TTC TAC AAA GGT GTT GTT ACC CGT ATC GAA AAA TAC GGT GCG TTC ATC AAT CTC AAC GAA CAG GTT CGT GGT CTG CTG CGT CCG CGT GAC ATG ATC TCT CTG CGT CTG GAA AAC CTG AAC GTT GGT GAC GAA ATC ATC GTG CAG GCG ATC GAT GTT AAC CCG GAA AAG CGT GAA ATC TAC TTC AAA TAC ATC CCG,6.070983307134261
GAC GTT GAA CCG GGT AAA TTC TAC AAA GGT GTT GTT ACC CGT ATC GAA AAA TAC GGT GCG TTC ATC AAC CTG AAC GAG CAG GTT CGT GGT CTG CTC GCG CCA CGT GAC ATG ATC TCT CTG CGT CTG GAA AAC CTC AAC GTG GGT GAC GAA ATC ATC GTG CAG GCG ATT GAC GTT GGC CCG GAA AAA CGT GAA ATC GAC TTC AAA TAC ATC CCG,1.5788484820482536
GAC GTT GAA CCG GGT AAA TTC TAC AAA GGT GTT GTT ACC CGT ATC GAA AAA TAC GGT GCG TTC ATC AAC CTG AAC GAA CAG GTT CGT GGT CTG CTG CGT CCG CGT GAC ATG ATC TCT CTG CGC CTG GAA AAT CTG AAC GTT GGT GAC GAA ATC TTC GTG CAG GCG ATC GAC GTT CGT CCG GAA AAA CGT GAA ATC GAC TTC AAA TAC ATC CCG,4.244819762741214
GAC GTG GAA CCG GGT AAA TTC TAC AAA GGT GTT GTT ACC CGT ATC GAA AAA TAC GGT GCG TTC ATC AAC CTC AAC GAA CAA GTT CGT GGT CTG CTG CGT CCG CGT CTG ATG ATC TCT CTG CGT CTG GAA AAT CTC AAC GTG GGT GAC GAA ATC ATC GTT CAG GCT ATC GAC GTT CGT CCG GAA AAA CGT GAG ATC AAA TTC AAA TAC ATC CCG,2.160983227819409
GAC GTT GAA CCG GGT AAA TTC TAC AAA GGT GTT GTT ACC CGT ATC GAA AAA TAC GGT GCG TTC ATC AAC CTC AAC GAA CAG GTT CGT GGT CTG CTG GAA CCG CGT TGG ATG ATC TCT CTG CGT CTG GAA AAC CTG AAC GTT GGT GAC GAA ATC ATC GTG CAG GCG ATC GAC GTT CGT CCG GAA AAA CGT GAA ATC GAC TTC AAA TAC ATC CCG,2.329581353148932
GAC GTT GAA CCG GGT AAA TTC TAC AAA GGT GTT GTT ACC CGT ATC GAA AAA TAC GGT GCG TTC ATC AAT CTG AAC GAA CAG GTT CGT GGT CTG CTG CGT CCG CGT GAG ATG ATC TCT CTG CGT CTG GAA AAC CTG AAC GTT GGT GAC GAA ATC ATC GTT CAA GCG ATC GAC GTT CGT CCG GAA AAA CGT GAA ATC CGT TTC AAG TAC ATC CCG,2.891022953303652
GAC GTT GAG CCG GGT AAA TTC TAC AAA GGT GTT GTT ACC CGT ATC GAA AAA TAC GGT GCG TTC ATC AAC CTG AAC GAA CAA GTT CGT GGT CTG CTG CGT CCG CGT GAC ATG ATT TCC CTG CGT CTG GAA AAC CTC AAT GTT GGT GAC GAG ATC ATC GTT CAA GCG ATC GAC GTT ACC CCG GAA AAA CGT GAA ATT ATC TTC AAA TAC ATC CCG,4.119127589762064
GAC GTG GAA CCG GGT AAG TTC TAC AAA GGT GTT GTT ACC CGT ATC GAA AAA TAC GGT GCG TAC ATC AAC CTG AAT GAA CAG GTT CGT GGT CTG CTG CGT CCG CGT GAC ATG ATC TCT CTC CGT CTG GAA AAT CTG AAC GTT GGT GAC GAA ATC ATC GTT CAG GCG ATC GAC GTT CGT CCG GAA AAA CGT GAA ATC GAC TTC AAA TAC ATC CCG,5.488497200263021
GAT GTT GAA CCG GGT AAA TTC TAC AAA GGT GTT GTT ACC CGT ATC GAA AAA TAC GGT GCG TTC ATC AAC CTG AAT GAA CAG GTG CGT GGT CTG CTG CGT CCG CGT GAC ATG ATT TCT CTG CGC CTG GAA AAC CTC AAC GTG GGT GAC GAG ATC ATT GTT CAG GCG ATC GAC GTT ATG CCG GAA AAA CGC GAA ATC AAC TTC AAA TAC ATC CCG,3.561227500172903
GAC GTT GAA CCG GGT AAA TTC TAC AAA GGT GTT GTT ACC ACC ATC AAA AAG TAC GGT GCG TTC ATC AAC CTC AAC GAA CAA GTT CGT GGT CTG CTG CGT CCG CGT GAC ATG ATC TCT CTG CGT CTG GAA AAC CTG AAT GTT GGT GAC GAA ATC ATC GTT CAG GCG ATC GAT GTT CGT CCG GAA AAA CGT GAA ATC GAC TTC AAG TAC ATC CCG,4.260809468133921
GAC GTT GAG CCG GGC AAA TTC TAC AAA GGT GTT GTT ACC CGT ATC GAA AAA TAC GGT GCG TTC ATC AAT CTG AAC GAG CAG GTT CGT GGT CTG CTG CGT CCG CGT GAC ATG ATC TCT CTG CGT CTG GAA AAC CTG AAC GTT GGT GAC GAA ATC ATC GTT CAA GCG ATC GAC GTT GTG CCG GAA AAA CGT GAA ATC ACC TTC AAA TAC ATC CCG,3.7205624425080455
GAC GTT GAA CCG GGT AAA TTC TAC AAA GGT GTT GTT ACC CGT ATC GAA AAA TAC GGT GCG TTC ATC AAT CTG AAC GAA CAG GTT CGT GGT CTG CTG GAC CCA CGT GAC ATG ATC TCT CTG CGT CTG GAA AAC CTG AAT GTT GGT GAC GAA ATC ATC GTT CAA GCG ATC GAC GTT CGT CCG GAA AAA CGT GAA ATC GAA TTC AAA TAC ATC CCG,1.5112987886841536
GAC GTT GAA CCG GGT AAA TTC TAC AAA GGT GTT GTT ACC CGT ATC GAA AAA TAC GGT GCG TTC ATC AAC CTG AAT GAA CAG GTT CGT GGT CTG CTG TCT CCG CGT GAC ATG ATC TCT CTG CGT CTG GAA AAC CTC AAC GTG GGT GAC GAA ATC ATC GTT CAA GCG ATC GAC GTT TTC CCG GAA AAA CGT GAA ATC GAC TTC AAA TAC ATC CCG,1.6559744485664791
GAC GTT GAA CCG GGT AAG TTC TAC AAA GGT GTT GTT ACC CGT ATC GAA AAA TAC GGT GCG TTC ATT AAC CTC AAC GAA CAG GTT AAA GGT CTG CTG CGT CCG CGT GAC ATG ATC TCT CTG CGT CTG GAA AAT CTC AAT GTT GGT GAC GAA ATC ATC GTT CAG GCG ATC GAT GTT CGT CCG GAA AAA CGT GAA ATC GAC TTC AAA TAC ATC CCG,4.567085753982553
GAT GTT GAA CCG GGT AAA TTC TAC AAA GGT GTT GTT ACC CGT ATC GAA AAA TAC GGT GCG TTC ATC AAC CTG AAT GAA CAG GTT CGT GGT CTG CTG CGT CCG CGT CCG ATG ATC TCT CTG CGT CTG GAA AAC CTC AAC GTG GGT GAT GAA ATC ATC GTT CAG GCG ATT GAC GTT CGT CCG GAA AAA CGT GAA ATC CAC TTC AAA TAC ATC CCG,1.4419353083465505
GAC GTT GAA CCG GGT AAA TTC TAC AAA GGT GTT GTT ACC CGT ATC GAA AAA TAC GGT GCG TTC ATC AAC CTG AAC GAA CAA GTT CGT GGT CTG CTG CGT CCG CGT CCG ATG ATC TCT CTG CGT CTG GAA AAT CTG AAC GTT GGT GAC GAA ATT ATC GTG CAA GCG ATT GAC GTT CGC CCG GAA AAA CGT GAA ATC AAG TTC AAG TAC ATC CCG,1.3784309321305577
GAC GTT GAG CCG GGT AAA TTC TAC AAA GGT GTT GTT ACC CGT ATC GAA AAA TAC GGT GCT TTC ATC AAC CTG AAC GAA CAG GTT CGT GGT CTG CTC CGT CCG CGT GAA ATG ATC TCT CTG CGT CTG GAA AAT CTG AAT GTT GGT GAC GAA ATC ATT GTT CAG GCT ATC GAC GTG GAC CCG GAG AAA CGT GAG ATC GAC TTC AAA TAC ATC CCG,2.349401145696228
GAC GTT GAA CCG GGC AAA TTC TAC AAA GGT GTT GTT ACC CGT ATC GAA AAA TAC GGT GCG TTC ATC AAC CTG AAT GAA CAG GTT CGT GGT CTG CTG GGT CCG CGT GAA ATG ATC TCT CTG CGT CTG GAA AAT CTG AAC GTT GGT GAC GAA ATC ATC GTT CAG GCG ATC GAC GTT CGT CCG GAA AAA CGC GAA ATC GAC TTC AAA TAC ATC CCA,1.6342429515802743
GAC GTT GAA CCG GGT AAA TTC TAC AAA GGT GTT GTT ACC CGT ATC GAA AAA TAC GGT GCG TTC ATC AAT CTG AAC GAA CAG GTT CGT GGT CTG CTG AAA CCG CGT GAC ATG ATC TCT CTG CGT CTG GAA AAC CTG AAT GTT GGT GAC GAA ATC ATC GTT CAA GCG ATC GAC GTT GTG CCG GAA AAA CGT GAA ATC GAC TTC AAA TAC ATC CCG,1.9021902523720795
GAC GTT GAA CCG GGT AAA TTC TAC AAG GGT GTT GTT ACC CGT ATC GAA AAA TAC GGT GCG TTC ATC AAT CTG AAT GAA CAG GTT CGT GGT CTG CTG CTG CCA CGT GAC ATG ATC TCT CTG CGT CTG GAA AAC CTG AAT GTT GGT GAC GAA ATC ATC GTT CAG GCG ATC GAC GTT CGT CCG GAA AAA CGT GAA ATC CCG TTC AAA TAC ATC CCG,1.4408438656734002
GAC GTT GAA CCG GGT AAA TTC TAC AAA GGT GTT GTT ACC CGT ATC GAA AAA TAC GGT GCG TTC ATC AAT CTG AAC GAA CAA GTT CGT GGT CTG CTG CGT CCG CGT GAC ATG ATC TCC CTG CGT CTG GAA AAC CTG AAT GTT GGT GAC GAG ATT ATC GTT CAA GCG ATC GAC GTT TCT CCG GAA AAA CGT GAA ATC ATG TTC AAA TAC ATC CCG,4.060829132879588
GAC GTT GAA CCG GGT AAA TTC TAC AAA GGT GTT GTT ACC CGT ATC GAA AAA TAC GGT GCG TTC ATC AAC CTC AAC GAA CAG GTT CGT GGT CTG CTG CGT CCA CGT ATG ATG ATC TCT CTG CGT CTG GAA AAC CTG AAT GTT GGT GAC GAA ATC ATT GTT CAG GCG ATC GAT GTT GAC CCG GAA AAA CGT GAA ATC GAC TTC AAA TAC ATC CCG,3.03266362568899
GAC GTT GAA CCG GGC AAA TTC TAC AAA GGT GTT GTT ACC CGT ATC GAA AAA TAC GGT GCG TTC ATC AAT CTG AAC GAA CAG GTT CGT GGT CTG CTG CGT CCG CGT GAC ATG ATC TCT CTG CGT CTG GAA AAC CTG AAT GTT GGT GAC GAA ATC ATT GTT CAG GCT ATC GAC GTT CGC CCG GAA TAT CGT GAA ATC GAC TTC AAG TAC ATC CCG,4.200957652365003
GAC GTT GAA CCG GGC AAA TTC TAC AAA GGT GTT GTT ACC CGT ATC GAA AAA TAC GGT GCG TTC ATC AAT CTG AAC GAA CAG GTT CGT GGT CTG CTG CAC CCG CGT GGT ATG ATC TCT CTG CGT CTG GAA AAC CTG AAT GTT GGT GAC GAA ATC ATT GTT CAG GCT ATC GAC GTT CGT CCG GAA AAA CGT GAG ATC GAC TTC AAG TAC ATC CCG,1.7240372078561446
GAT GTT GAA CCG GGT AAA TTC TAC AAA GGT GTT GTT ACC CGT ATC GAA AAG TAT GGT GCG TTC ATC AAC CTC AAT GAA CAG GTT CGT GGT CTG CTG CGT CCG CGT GAC ATG ATC TCT CTG CGT CTG GAA AAC CTG AAC CTG GGT GAC GAA ATC ATC GTT CAG GCG ATC GAC GTT CGT CCG GAA AAA CGT GAA ATC GAC TTC AAA TAC ATC CCG,5.247813925855986
GAT GTT GAA CCG GGT AAA TTC TAC AAA GGT GTT GTT ACC CGT ATC GAA AAA TAC GGT GCG TTC ATC AAC CTG AAC GAA CAG GTT CGT GGT CTG CTG CGT CCG CGC GTT ATG ATC TCT CTC CGT CTG GAA AAC CTC AAC GTG GGC GAT GAA ATC ATT GTG CAA GCG ATC GAC GTT CGT CCG GAA AAA CGT GAA ATC GAC TTC ATC TAC ATC CCG,2.2820633456272703
GAC GTT GAA CCG GGT AAA TTC TAC AAA GGT GTT GTT ACC CGT ATC GAA AAA TAC GGT GCG TTC ATC AAT CTG AAC GAA CAG GTT CGT GGT CTG CTG AAA CCG CGT GAC ATG ATC TCT CTG CGT CTG GAA AAC CTG AAT GTT GGT GAC GAA ATC ATC GTG CAA GCG ATC GAC GTT CGT CCG GAA AAA CGT GAA ATC CAG TTC AAA TAC ATC CCG,3.383326497438816
GAC GTG GAA CCG GGT AAA TTC TAC AAA GGT GTT GTT ACC CGT ATC GAA AAA TAC GGT GCG TTC ATC AAC CTC AAC GAA CAG GTT CGT GGT CTG CTG CGT CCA CGT GAC ATG ATC TCT CTG CGT CTG GTT AAT CTG AAC GTT GGT GAC GAA ATC ATC GTT CAG GCG ATC GAC GTT CGT CCG GAA AAA CGT GAA ATC GAC TTC AAA TAC ATC CCG,4.508276242163135
GAC GTT GAA CCG GGT AAA TTC TAC AAA GGT GTT GTT ACC CGT ATC GAA AAA TAC GGT GCG TTC ATC AAC CTG AAC GAA CAG GTT CGT GGT CTG CTG CGT GAC CGT GAC ATG ATC TCT CTG CGT CTG GAA AAT CTG AAT GTT GGT GAC GAA ATC ATC GTG CAA GCG ATC GAC GTT CGT CCG GAA AAA CGT GAA ATC GAC TTC AAA TAC ATC CCG,3.585922561190899
GAC GTT GAA CCG GGT AAA TTC TAC AAA GGT GTT GTT ACC CGT ATC GAA AAA TAC GGT GCG TTC ATC AAT CTG AAC GAA CAG GTT CGT GGT CTG CTG CGT CCG CGT GAC ATG ATC TCT CTG CGT CTG GAA AAC CTG AAC GTT GGT GAC GAA ATC ATC GTG CAG AAC ATT GAT GTT CGC CCG GAA AAA CGT GAA ATC GAC TTC AAA TAC ATC CCG,1.0983431349687118
GAT GTT GAA CCG GGT AAA TTC TAC AAA GGC GTT GTG ACC CGT ATC GAA AAA TAC GGT GCG TTC ATC AAC CTC AAC GAA CAG GTG CGT GGT CTG CTG CGT CCG CGC GAC ATG ATC TCC CTG CGT CTG GAG AAT CTG AAC GTT GGT GAC GAA TAC ATC GTT CAG GCG ATC GAC GTT CGC CCG GAA AAA CGT GAA ATC GAC TTC AAA TAC ATT CCG,1.781366256700557
GAC GTT GAA CCG GGT AAA TTC TAC AAA GGT GTT GTT ACC CGT ATC GAA AAA TAC GGT GCG TTC ATC AAC CTC AAC GAA CAG GTT CGT GGT CTG CTG GGT CCG CGT GAC ATG ATC TCT CTG CGT CTG GAA AAC CTG AAC GTT GGT GAC GAA ATC ATC GTT CAA GCG ATC GAC GTT ATG CCG GAA AAA CGT GAA ATC GAC TTC AAA TAC ATC CCG,1.1120178812322106
GAC GTT GAA CCG GGT AAA TTC TAC AAA GGT GTT GTT ACC CGT ATC GAA AAA TAC GGT GCG TTC ATC AAC CTC AAC GAA CAG GTT CGT GGT CTG CTG GGT CCG CGT CCG ATG ATC TCT CTG CGT CTG GAA AAT CTG AAC GTT GGT GAC GAA ATC ATC GTT CAG GCG ATC GAC GTT CGT CCG GAA AAA CGT GAA ATC GAC TTC AAA TAC ATC CCG,1.3704812622173417
GAT GTT GAA CCG GGT AAA TTC TAC AAA GGT GTT GTT ACC CGT ATC GAA AAA TAC GGT GCG TTC ATC AAC CTG AAC GAA CAG GTT CGT GGT CTG CTG CGT CCG CGT GAC ATG ATC TCT CTG CGT CTG GAA AAC CTC AAC GTG GGT GAT GAA ATC ATC GTT CAA GCG ATC GAC GTT TCT CCG GAA AAA CGC GAG ATC TTC TTC AAG TAC ATC CCG,4.961190062171239
GAC GTT GAA CCG GGC AAA TTC TAC AAA GGT GTT GTT ACC CGT ATC GAA AAA TAC GGT GCG TTC ATC AAC CTC AAC GAA CAG GTG CGT GGT CTG CTG CGT CCG CGC GAC ATG ATC TCT CTG CGC CTG GAG AAT CTG AAT GTG GGT GAC GAA ATC ATT GTT CAG GCT ATC GAC GTT GGC CCG GAG AAA CGT GAA ATC GAA TTC AAA TAC ATC CCA,3.2718999542232314
GAC GTT GAA CCG GGT AAA TTC TAC AAA GGT GTT GTT ACC CGT ATC GAA AAA TAC GGT GCG TTC ATC AAC CTG AAT GAA CAG GTT CGC GGT CTG CTG CGT CCG CGT CGT ATG ATC TCT CTG CGT CTG GAG AAC CTC AAT GTT GGT GAC GAA ATC ATC GTT CAG GCT ATT GAC GTT CGT CCG GAA AAA CGT GAA ATC CAG TTC AAA TAC ATC CCG,2.3080706842723107
GAC GTT GAA CCG GGT AAA TTC TAC AAA GGT GTT GTT ACC CGT ATC GAA AAA TAC GGT GCG TTC ATC AAC CTC AAC GAA CAG GTT CGT GGT CTG CTG CGT CCG CGT GAC ATG ATC TCT CTG CGT CTG GAA AAC CTG AAC GTT GGT GAC GAA ATC GCG GTT CAG GCG ATT GAC GTT CGT CCG GAA AAA CGT GAA ATC GAC TTC AAA TAC ATC CCG,2.904295849644302
GAT GTT GAA CCG GGC AAA TTC TAC AAA GGT GTT GTT ACC CGT ATC GAA AAA TAC GGT GCG TTC ATC AAC CTC AAC GAA CAG GTT CGC GGT CTG CTC CGT CCG CGT GGT ATG ATC TCT CTG CGT CTG GAA AAT CTG AAC GTT GGT GAC GAA ATC ATC GTG CAG GCT ATC GAC GTT CGC CCG GAA AAA CGT GAA ATC GAC TTC TCT TAC ATC CCG,2.0266722784888844
GAC GTT GAA CCG GGT AAA TTC TAC AAA GGT GTT GTT ACC CGT ATC GAA AAA TAC GGT GCG TTC ATC AAT CTG AAC GAA CAG GTT CGT GGT CTG CTG CGT CCG CGT GAC ATG ATC TCT CTG CGT CTG GAA AAC CTG AAC GTT GGT GAC GAA ATC ATC GTT CAA GCG ATC GAC GTT ACT CCG GAA AAA CGT GAG ATC CTC TTC AAA TAC ATC CCG,4.147322107165236
GAT GTT GAA CCG GGT AAA TTC TAC AAG GGT GTT GTG ACC TGC ATC GAA AAA TAC GGT GCG CGT ATC AAC CTG AAT GAA CAA GTT CGT GGT CTG CTG CGC CCA CGC GAC ATG ATC TCT CTG CGC CTC GAA AAC CTC AAC GTG GGT GAT GAA ATC ATT GTT CAG GCG ATC GAT GTT CGT CCG GAA AAA CGT GAA ATC GAC TTC AAA TAC ATC CCG,2.141994226218628
GAT GTT GAA CCG GGT AAA TTC TAC AAG GGT GTT GTT ACC CGT ATC GAA AAA TAC GGT GCG TTC ATC AAC CTG TGG GAA CAG GTT CGC GGT CTG CTG CGT CCA CGT GAT ATG ATC TCT CTG CGT CTG GAG AAT CTG AAT GTT GGT GAC GAA ATC ATC GTG CAG GCT ATC GAT GTT CGT CCG GAA AAA CGT GAA ATC GAC TTC AAA TAC ATC CCG,4.808217259971466
GAC GTT GAA CCG GGT AAA TTC TAC AAA GGT GTT GTT ACC CGT ATC GAA AAA TAC GGT GCG TTC ATC AAC CTC AAC GAA CAG GTT CGT GGT CTG CTG CGT CCG CGT CAG ATG ATC TCT CTG CGT CTG GAA AAC CTG AAT GTT GGT GAC GAA ATC ATT GTT CAG GCT ATC GAC GTT CGT CCG GAA AAA CGT GAA ATC CGT TTC AAA TAC ATC CCG,2.705383700723915
GAT GTG GAA CCG GGC AAA TTC TAC AAA GGT GTT GTT ACC ATC ATC GAA AAA TAC GGC GCG AAA ATC AAC CTG AAC GAG CAG GTT CGT GGT CTG CTC CGT CCA CGT GAC ATG ATC TCT CTG CGC CTC GAA AAC CTC AAC GTG GGT GAC GAA ATC ATT GTG CAG GCG ATC GAC GTT CGT CCA GAA AAA CGT GAA ATC GAC TTC AAA TAC ATC CCG,1.2219857288745568
GAT GTT GAA CCG GGT AAA TTC TAC AAA GGT GTG GTT ACC ATG ATC AAG AAA TAC GGT GCG TTC ATC AAT CTG AAT GAG CAG GTT CGT GGT CTG CTG CGT CCG CGT GAC ATG ATC TCT CTC CGT CTG GAA AAC CTG AAC GTT GGT GAC GAA ATC ATC GTT CAA GCG ATC GAC GTT CGT CCG GAA AAA CGT GAA ATC GAC TTC AAA TAC ATC CCG,5.129861685290408
GAC GTT GAA CCG GGT AAG TTC TAC AAA GGT GTT GTT ACC CGT ATC GAA AAA TAC GGT GCG TTC ATC AAC CTG AAC GAG CAG GTT CGT GGT CTG CTG CGT CCG CGT GGT ATG ATC TCT CTC CGT CTG GAA AAC CTC AAC GTG GGT GAT GAA ATC ATC GTG CAG GCG ATC GAT GTT CGT CCG GAA AAA CGT GAA ATC GAC TTC CAG TAC ATC CCG,2.180001041926324
GAC GTT GAA CCG GGT AAA TTC TAC AAA GGT GTT GTT ACC CGT ATC GAA AAA TAC GGT GCG TTC ATC AAC CTC AAC GAA CAG GTT CGT GGT CTG CTG CGT CCG CGT GGC ATG ATC TCT CTG CGC CTG GAA AAC CTG AAC GTT GGT GAC GAA ATC ATC GTT CAA GCG ATC GAC GTT GCG CCG GAA AAA CGT GAA ATC GAC TTC AAA TAC ATC CCA,1.5511024708018255
GAC GTT GAA CCG GGT AAA TTC TAC AAA GGT GTT GTT ACC CGT ATC GAA AAA TAC GGT GCG TTC ATC AAC CTC AAC GAA CAG GTT CGT GGT CTG CTG ATG CCG CGT GGT ATG ATC TCT CTG CGT CTG GAA AAC CTG AAC GTT GGT GAC GAA ATC ATC GTG CAG GCG ATC GAC GTT CGT CCG GAA AAA CGT GAA ATC GAC TTC AAA TAC ATC CCG,2.356197055138461
GAT GTT GAA CCG GGT AAA TTC TAC AAA GGT GTT GTT ACC CGT ATC GAA AAA TAC GGT GCG TTC ATC AAC CTG AAT GAG CAG GTT CGT GGT CTG CTG CGC CCA CGT CAG ATG ATC TCT CTG CGT CTG GAA AAC CTC AAT GTT GGT GAC GAA ATT ATC GTT CAG GCT ATC GAC GTT CGT CCG GAA AAG CGT GAA ATC GTT TTC AAA TAC ATC CCG,2.8336011165001818
GAC GTT GAA CCG GGT AAA TTC TAC AAA GGT GTT GTT ACC CGT ATC GAA AAA TAC GGT GCG TTC ATC AAC CTG AAC GAA CAG GTT CGT GGT CTG CTG CGC CCA CGC GCG ATG ATC TCT CTG CGT CTG GAA AAT CTG AAC GTT GGT GAC GAA ATC ATC GTG CAG GCG ATC GAC GTT CGT CCG GAA AAA CGT GAA ATC GAC TTC GAC TAC ATC CCG,1.55077704610651
GAC GTT GAA CCG GGT AAA TTC TAC AAA GGC GTT GTT ACT CGC ATC GAA AAA TAC GGT GCG TTC ATC AAT CTG AAC GAG CAG GTT CGT GGT CTG CTG ACT CCG CGT GAC ATG ATC TCT CTG CGT CTG GAA AAC CTG AAC GTT GGT GAC GAA ATC ATC GTG CAG GCG ATC GAC GTT CGC CCG GAA AAA CGT GAA ATC GAA TTC AAA TAC ATC CCG,1.90589195288876
GAT GTT GAA CCG GGT AAA TTC TAC AAA GGT GTT GTT ACC CGT ATC ATC AAA TAT GGT GCG TTC ATC AAT CTG AAC GAG CAG GTT CGT GGT CTG CTG CGT CCG CGT GAC ATG ATC TCT CTG CGC CTG GAA AAC CTG AAT GTT GGT GAC GAA ATC ATT GTT CAG GCG ATC GAC GTT CGT CCG GAA AAA CGT GAA ATC GAC TTC AAA TAC ATC CCG,3.8623171798652978
GAC GTT GAA CCG GGT AAA TTC TAC AAA GGT GTT GTT ACC CGT ATC GAA AAA TAC GGT GCG TTC ATC AAT CTG AAC GAA CAG GTT CGT GGT CTG CTG AAA CCG CGT CGT ATG ATC TCT CTG CGT CTG GAA AAC CTG AAT GTT GGT GAC GAA ATC ATT GTT CAG GCG ATT GAC GTT CGT CCG GAA AAA CGT GAA ATC GAC TTC AAA TAC ATC CCG,2.322942238535729
GAC GTT GAA CCG GGT AAA TTC TAC AAG GGT GTT GTT ACC ATC ATC CGT AAA TAC GGT GCG TTC ATC AAC CTG AAT GAA CAG GTT CGT GGT CTG CTG CGT CCG CGT GAT ATG ATC TCT CTG CGT CTG GAG AAC CTC AAT GTT GGT GAC GAA ATC ATC GTT CAG GCG ATC GAT GTT CGT CCG GAA AAA CGT GAA ATC GAC TTC AAA TAC ATC CCG,4.495572102811067
GAC GTT GAA CCG GGC AAA TTC TAC AAA GGT GTT GTT ACC CGT ATC GAA AAA TAC GGT GCG TTC ATC AAT CTG AAT GAA CAG GTT CGT GGT CTG CTC CGT CCG CGT TTC ATG ATC TCT CTG CGT CTG GAA AAC CTG AAT GTT GGT GAC GAA ATC ATC GTT CAG GCG ATC GAC GTT TAC CCG GAA AAA CGT GAA ATC GAC TTC AAA TAC ATC CCG,2.4486451815440344
GAC GTT GAA CCG GGT AAA TTC TAC AAG GGT GTT GTT ACC GCG ATT GAA AAA TAC GGT GCG AAA ATC AAC CTG AAC GAG CAG GTT CGT GGT CTG CTC CGT CCG CGT GAC ATG ATC TCT CTG CGT CTC GAA AAC CTC AAT GTT GGT GAC GAA ATC ATC GTG CAG GCG ATC GAT GTT CGT CCG GAA AAA CGT GAA ATC GAC TTC AAA TAC ATC CCG,2.060643802421872
GAC GTT GAA CCG GGC AAG TTC TAC AAA GGT GTT GTT ACC CGT ATC GAA AAA TAC GGT GCG TTC ATC AAC CTG AAC GAA CAG GTT CGT GGT CTG CTG CGT CCG CGT CGT ATG ATC TCT CTG CGT CTG GAA AAC CTC AAT GTG GGT GAC GAA ATC ATC GTT CAA GCG ATC GAC GTT TAC CCG GAA AAA CGT GAA ATC GAC TTC AAA TAC ATC CCG,1.948581262238856
GAC GTT GAA CCG GGC AAA TTC TAC AAA GGT GTT GTT ACC CGT ATC GAA AAA TAC GGT GCG TTC ATC AAT CTG AAT GAA CAG GTT CGT TCT CTG CTG CGT CCA CGT GAC ATG ATC TCT CTG CGT CTG GAA AAC CTG AAT GTT GGT GAC GAA ATC ATC GTT CAG GCT ATC GAC GTT CGT CCG GAA AAA CGT GAA ATC GAC TTC AAA TAC ATC CCG,1.506593443368077
GAC GTT GAA CCG GGT AAG TTC TAC AAA GGT GTT GTT ACC CGT ATT GAA AAA TAC GGT GCG TTC ATC AAC CTG AAT GAA CAG GTG CGT GGT CTG CTG GGT CCG CGT GAC ATG ATC TCT CTG CGT CTC GAA AAT CTG AAC GTT GGT GAC GAA ATC ATC GTG CAG GCG ATC GAC GTT CGT CCG GAA AAA CGT GAA ATC GAA TTC AAA TAC ATC CCG,1.7385244100453692
GAT GTT GAA CCG GGT AAA TTC TAC AAA GGT GTT GTT ACC CTG ATC GAA AAA TAC GGT GCG GCG ATC AAC CTG AAC GAA CAG GTT CGT GGT CTG CTC CGT CCG CGT GAC ATG ATC TCT CTG CGT CTG GAA AAT CTG AAC GTT GGT GAC GAA ATC ATC GTG CAA GCG ATC GAC GTT CGC CCG GAA AAA CGT GAA ATC GAC TTC AAA TAC ATC CCG,1.2552286723186863
GAC GTT GAA CCG GGT AAA TTC TAC AAA GGT GTT GTT ACC CGT ATC GAA AAA TAC GGT GCG TTC ATC AAC CTG AAC GAA CAG GTT CGT GGT CTG CTG CAA CCG CGT GCG ATG ATC TCT CTG CGT CTG GAA AAT CTC AAC GTG GGT GAC GAA ATC ATC GTT CAA GCG ATT GAC GTT CGT CCA GAA AAA CGT GAA ATC GAC TTC AAA TAC ATC CCG,2.126067721078696
GAC GTT GAA CCA GGT AAA TTC TAC AAA GGT GTT GTT ACC GCG ATC CCG AAA TAC GGT GCG TTC ATC AAC CTG AAT GAA CAG GTT CGT GGT CTG CTG CGT CCG CGT GAC ATG ATC TCT CTG CGT CTG GAA AAC CTC AAT GTT GGT GAC GAA ATC ATC GTT CAG GCG ATT GAC GTT CGT CCG GAA AAA CGT GAA ATC GAC TTC AAA TAC ATC CCG,1.9484855656273807
GAC GTT GAA CCG GGT AAA TTC TAC AAA GGT GTT GTT ACC CGT ATC GAA AAA TAC GGT GCG TTC ATC AAC CTG AAC GAA CAG GTT CGT GGT CTG CTC CGT CCG CGC GAC TAC ATC TCT CTG CGT CTC GAA AAT CTC AAC GTG GGT GAC GAA ATC ATT GTG CAG GCG ATC GAC GTG CGT CCG GAA AAA CGT GAA ATC GAC TTC AAA TAC ATC CCG,1.9917680433208416
GAC GTT GAA CCG GGT AAA TTC TAC AAG GGT GTT GTT ACC CGT ATC GAA AAA TAC GGT GCG TTC ATC AAC CTG AAC GAG CAG GTT CGT GGT CTG CTG CGT CCG CGT GAC ATG ATC TCT CTG CGT CTG GAA AAC CTC AAT GTT GGC GAC GAG ATT ATT GTT CAG GCG ATC GAC GTT CGT CCA GAA AAA CGT GAA ATC GAC TTC GGT TAC ATC CCA,5.7592836725842895
GAC GTT GAA CCG GGT AAG TTC TAC AAA GGT GTT GTT ACC CGT ATC GAA AAA TAC GGT GCG TTC ATC AAC CTG AAC GAA CAA GTT CGT GGT CTG CTG CCG CCA CGT GAC ATG ATC TCT CTG CGT CTG GAA AAC CTC AAT GTT GGT GAC GAA ATC ATT GTT CAG GCG ATC GAC GTT CGT CCG GAA AAA CGT GAA ATC CCG TTC AAA TAC ATC CCG,0.6781653369722236
GAC GTT GAA CCG GGT AAA TTC TAC AAA GGT GTT GTT ACC CGT ATC GAA AAA TAC GGT GCG TTC ATC AAC CTG AAC GAA CAG GTT CGT GGT CTG CTG CGT CCG CGC ATG ATG ATC TCT CTG CGT CTG GAA AAC CTC AAT GTT GGT GAC GAA ATC ATC GTT CAA GCG ATC GAC GTT CGT CCG GAA AAA CGT GAA ATC CGT TTC AAA TAC ATC CCG,2.7836448730407097
GAT GTT GAA CCG GGT AAA TTC TAC AAA GGC GTT GTT ACT CGT ATC GAA AAA TAC GGT GCG TTC ATC AAC CTC AAT GAG CAG GTG CGT GGC CTG CTG CGT CCG CGC GAT ATG ATC TCT CTG CGT CTG GAA AAC CTG AAC GTT GGT GAC GAA ATC ATC GTG CAG GCG ATC GAC GTT TTC CCG GAA AAA CGT GAA ATC TTC TTC AAA TAC ATC CCG,4.621320736559296
GAC GTG GAA CCG GGT AAA TTC TAC AAG GGT GTT GTT ACC CGT ATC GAA AAA TAC GGT GCG TTC ATC AAC CTG AAT GAA CAG GTT CGT GGT CTG CTG CGT CCG CGT CGT ATG ATC TCT CTG CGT CTG GAA AAC CTC AAT GTT GGT GAC GAA ATC ATC GTT CAG GCT ATC GAC GTT GGC CCG GAA AAA CGT GAA ATC GAC TTC AAA TAC ATT CCG,1.7758678548331532
GAT GTT GAA CCG GGT AAA TTC TAC AAA GGT GTT GTT ACC CGT ATC GAA AAA TAC GGT GCG TTC ATC AAT CTG AAT GAA CAG GTT CGT GGT CTG CTG ATC CCG CGT GAT ATG ATC TCT CTG CGT CTG GAA AAC CTG AAC GTT GGT GAC GAA ATC ATC GTT CAA GCG ATC GAC GTT CGT CCG GAA AAA CGT GAA ATC TTC TTC AAA TAC ATC CCG,2.6844534019434856
GAC GTT GAA CCG GGT AAA TTC TAC AAA GGT GTT GTT ACC CGT ATC GAA AAA TAC GGT GCG TTC ATC AAC CTC AAC GAA CAG GTT CGT GGT CTG CTG CGT CCG CGT GAC ATG ATC TCT CTG CGT CTG GAA AAC CTG AAC GTG CGT GAT GAA ATC ATC GTT CAA GCT ATC GAT GTT CGT CCG GAA AAA CGT GAA ATC GAC TTC AAA TAC ATC CCG,2.839894904207809
GAC GTT GAA CCG GGT AAA TTC TAC AAA GGT GTT GTT ACC CGT ATC GAA AAA TAC GGT GCG TTC ATC AAC CTC AAC GAA CAG GTT CGT GGT CTG CTG CGT CCG CGT CAC ATG ATC TCT CTG CGT CTG GAA AAC CTG AAC GTT GGT GAC GAA ATC ATC GTG CAG GCG ATC GAC GTT GCG CCG GAA AAA CGT GAA ATC GAC TTC AAA TAC ATC CCG,2.842352719011969
GAC GTT GAA CCG GGT AAG TTC TAC AAA GGT GTT GTT ACC CGT ATC GAA AAA TAC GGT GCG TTC ATC AAT CTC AAC GAA CAG GTT CGT GGT CTG CTG GCT CCG CGT GTT ATG ATC TCT CTG CGT CTG GAA AAT CTG AAC GTT GGT GAC GAA ATC ATC GTG CAG GCG ATC GAC GTT CGT CCG GAA AAA CGT GAA ATC GAC TTC AAA TAC ATC CCG,1.7641434065405297
GAC GTT GAA CCG GGT AAA TTC TAC AAA GGT GTT GTT ACC CGT ATC GAA AAA TAC GGT GCG TTC ATC AAC CTC AAC GAA CAG GTT CGT GGT CTG CTG TGG CCG CGT ATG ATG ATC TCT CTG CGT CTG GAA AAC CTG AAC GTT GGT GAC GAA ATC ATC GTT CAA GCG ATC GAC GTT CGT CCG GAA AAA CGT GAA ATC GAC TTC AAA TAC ATC CCG,2.072390155108345
GAC GTT GAA CCG GGT AAA TTC TAC AAA GGT GTT GTT ACC CGT ATC GAA AAA TAC GGT GCG TTC ATC AAC CTG AAT GAA CAG GTT CGT GGT CTG CTG CGT CCG CGT GAC ATG ATC TCT CTG CGT CTG GAA AAT CTG AAT GTT GGT GAC GAA ATC ATC GTT CAA GCG ATC GAC CCG CGT CCG GAA AAA CGT GAA ATC GAC TTC AAA TAC ATC CCG,2.9959714177812766
GAT GTT GAA CCG GGT AAA TTC TAC AAA GGC GTG GTT ACC CAG ATC GAA AAA TAC GGC GCT CCG ATC AAC CTG AAC GAA CAG GTT CGC GGT CTG CTG CGT CCG CGT GAT ATG ATC TCC CTC CGC CTG GAA AAT CTC AAT GTG GGT GAC GAA ATC ATT GTT CAG GCG ATT GAC GTT CGC CCG GAA AAA CGT GAA ATC GAC TTC AAA TAC ATT CCA,-0.2088483404112222
GAC GTT GAA CCG GGC AAA TTC TAC AAA GGT GTT GTT ACC CGT ATC GAA AAA TAC GGT GCG TTC ATC AAC CTC AAC GAA CAG GTG CGT GGT CTG CTG TGG CCG CGT GTT ATG ATC TCT CTG CGT CTG GAA AAT CTG AAC GTT GGT GAC GAA ATC ATT GTT CAG GCG ATC GAC GTT CGT CCG GAA AAA CGT GAA ATC GAC TTC AAA TAC ATC CCG,1.7750652514375718
GAC GTT GAA CCG GGT AAA TTC TAC AAA GGT GTT GTT ACC CGT ATC GAA AAA TAC GGT GCG TTC ATC AAT CTG AAC GAA CAG GTT CGT GGT CTG CTG CGT CCG CGT ATT ATG ATC TCT CTG CGT CTG GAA AAC CTG AAC GTT GGT GAC GAA ATC ATC GTT CAA GCG ATC GAC GTT CGT CCG GAA AAA CGT GAA ATC AAC TTC AAA TAC ATC CCG,1.6775005359451214
GAT GTT GAA CCG GGT AAA TTC TAC AAG GGT GTT GTT ACC GAC ATC GAA AAA TAC GGT GCG TCT ATC AAC CTC AAC GAG CAG GTT CGT GGT CTG CTC CGT CCA CGT GAC ATG ATC TCC CTG CGT CTG GAA AAT CTG AAT GTT GGT GAC GAA ATC ATC GTT CAG GCG ATC GAC GTT CGT CCG GAA AAA CGT GAA ATC GAC TTC AAA TAC ATC CCG,0.7737787278641783
GAC GTT GAA CCG GGC AAA TTC TAC AAA GGT GTT GTT ACC AAC ATC TGC AAA TAC GGT GCG TTC ATC AAT CTG AAC GAA CAG GTT CGC GGT CTG CTG CGT CCA CGC GAT ATG ATC TCT CTG CGT CTC GAA AAC CTG AAC GTT GGT GAC GAA ATC ATC GTG CAG GCG ATT GAC GTT CGT CCG GAA AAA CGT GAA ATC GAC TTC AAA TAC ATC CCG,3.31659506023128
GAC GTT GAA CCG GGT AAA TTC TAC AAA GGT GTT GTT ACC CGT ATC GAA AAA TAC GGT GCG TTC ATC AAC CTC AAC GAA CAG GTT CGT GGT CTG CTC CGT CCG CGC ATG ATG ATC TCT CTG CGC CTG GAA AAC CTG AAT GTT GGT GAC GAA ATC ATC GTG CAG GCG ATC GAC GTT ATG CCG GAA AAA CGT GAA ATC GAC TTC AAA TAC ATC CCG,2.0395639113028423
GAC GTT GAA CCG GGT AAA TTC TAC AAA GGT GTT GTT ACC ACC ATC CAC AAA TAC GGT GCG TTC ATC AAC CTG AAT GAA CAG GTT CGT GGT CTG CTG CGT CCG CGT GAC ATG ATC TCT CTG CGT CTG GAA AAT CTG AAC GTT GGT GAC GAA ATC ATC GTG CAG GCG ATC GAT GTT CGC CCG GAA AAA CGT GAA ATC GAC TTC AAA TAC ATC CCG,3.816143168283204
GAT GTT GAG CCG GGT AAA TTC TAC AAA GGT GTT GTT ACC TAC ATC ACT AAG TAC GGT GCG TTC ATC AAT CTG AAC GAA CAG GTT CGT GGT CTG CTG CGT CCG CGT GAC ATG ATC TCT CTG CGT CTG GAG AAC CTG AAC GTT GGT GAC GAA ATC ATC GTG CAG GCG ATC GAC GTT CGT CCG GAA AAA CGT GAA ATC GAC TTC AAA TAC ATC CCG,5.375206107116119
GAC GTT GAA CCG GGT AAA TTC TAC AAA GGT GTT GTT ACC CGT ATC GAA AAA TAC GGT GCG TTC ATC AAC CTG AAT GAA CAG GTT CGT GGT CTG CTG ACT CCG CGT GAC ATG ATC TCT CTG CGT CTG GAA AAC CTC AAC GTG GGT GAC GAA ATC ATC GTG CAG GCT ATC GAC GTT CGT CCG GAA AAA CGT GAA ATC GAC TTC AAA TAC ATC CCG,2.3151115312651545
GAC GTT GAA CCG GGT AAA TTC TAC AAA GGT GTT GTG ACC ATG ATT TTC AAG TAT GGT GCG TTC ATC AAC CTG AAC GAA CAG GTG CGT GGT CTG CTG CGT CCG CGT GAC ATG ATC TCT CTG CGT CTG GAA AAT CTG AAT GTT GGT GAC GAA ATC ATC GTT CAA GCG ATC GAC GTT CGT CCG GAA AAA CGT GAA ATC GAC TTC AAA TAC ATC CCG,5.0266925043277615
GAC GTT GAA CCG GGT AAA TTC TAC AAA GGT GTT GTT ACC CGT ATC GAA AAA TAC GGT GCG TTC ATC AAC CTG AAC GAA CAG GTT CGT GGT CTG CTG GGT CCG CGT GAC ATG ATC TCT CTG CGT CTG GAA AAC CTC AAC GTG GGT GAC GAA ATC ATC GTT CAA GCG ATC GAC GTT ATC CCG GAA AAA CGT GAA ATC GAC TTC AAA TAC ATC CCG,1.129885761048223
GAC GTT GAA CCG GGT AAA TTC TAC AAA GGT GTT GTT ACC CGT ATC GAA AAA TAC GGT GCG TTC ATC AAC CTC AAC GAA CAG GTT CGT GGT CTG CTC CGT CCG CGT ATT ATG ATC TCT CTG CGT CTC GAA AAT CTC AAT GTT GGT GAC GAA ATC ATC GTG CAG GCG ATC GAC GTT CGT CCG GAA AAA CGT GAA ATC GAA TTC AAA TAC ATC CCG,2.003893224261395
GAC GTT GAA CCG GGT AAA TTC TAC AAA GGT GTT GTT ACC CGT ATC GAA AAA TAC GGT GCG TTC ATC AAC CTG AAT GAA CAG GTT CGT GGT CTG CTG TCT CCG CGT GGT ATG ATC TCT CTG CGT CTG GAA AAC CTC AAC GTG GGT GAC GAA ATC ATC GTG CAA GCT ATC GAC GTT CGT CCG GAA AAA CGT GAA ATC GAC TTC AAA TAC ATC CCG,2.0203779946952127
GAT GTT GAA CCG GGT AAA TTC TAC AAA GGT GTT GTT ACC CGT ATC GAA AAA TAC GGT GCT TTC ATC AAT CTC AAC GAA CAG GTT CGT GGT CTG CTG CGT CCG CGT AAA ATG ATC TCT CTG CGT CTG GAA AAC CTC AAT GTT GGT GAC GAA ATC ATC GTT CAA GCG ATC GAC GTT ACT CCG GAA AAA CGT GAA ATC GAC TTC AAG TAC ATC CCG,1.5670247588198534
GAT GTG GAA CCG GGT AAA TTC TAC AAA GGT GTT GTT ACC CGT ATC GAA AAA TAC GGT GCG TTC ATC AAC CTC AAC GAA CAG GTT CGT GGT CTG CTG CGT CCG CGT GAC ATG ATC TCT CTG CGT CTG GAA AAT CTG AAC GTT GGT GAC GAA ATC ATC GTT CAG GCG ATC GAC GTT GAA CCG GAA AAA CGT GAA ATC ACC TTC AAA TAC ATC CCG,3.659548321931923
GAC GTT GAA CCG GGT AAA TTC TAC AAA GGT GTT GTT ACC CGT ATC GAA AAA TAC GGT GCG TTC ATC AAC CTC AAC GAA CAG GTT CGT GGT CTG CTG CGT CCG CGT GAC ATG ATC TCT CTG CGT CTG GAA AAT CTG AAC GTT GGT GAC GAA ATC ATC GTT CAG GCG ATC GAC GTT CGT CCG GAA AAA CGT GAA ATC GCG TTC AAA TAC ATC CCG,4.036679753648032
GAC GTT GAA CCG GGT AAA TTC TAC AAA GGT GTT GTT ACC CGT ATC GAA AAA TAC GGT GCG TTC ATC AAT CTG AAC GAA CAG GTT CGT GGT CTG CTG TTT CCG CGT TCT ATG ATC TCT CTG CGT CTG GAA AAC CTG AAT GTT GGT GAC GAA ATC ATC GTG CAG GCG ATC GAC GTT CGT CCG GAA AAA CGT GAA ATC GAC TTC AAA TAC ATC CCG,2.0238934966050897
GAC GTT GAA CCG GGT AAA TTC TAC AAA GGT GTT GTT ACC CGT ATC GAA AAA TAC GGT GCG TTC ATC AAC CTG AAT GAA CAG GTT CGT GGT CTG CTG CGC TTC CGT GAC ATG ATC TCT CTG CGT CTG GAA AAT CTG AAT GTT GGT GAC GAA ATC ATC GTT CAG GCG ATC GAT GTT CGT CCG GAA AAA CGT GAA ATC GAC TTC AAA TAC ATC CCG,3.907269569549245
GAC GTT GAA TCT GGT AAA TTC TAC AAG GGT GTT GTT ACC CGT ATC GAA AAA TAC GGT GCG TTC ATC AAC CTG AAC GAA CAG GTG CGT GGT CTG CTG CGT CCG CGT GAC ATG ATC TCT CTG CGT CTG GAA AAT CTG AAC GTT GGT GAT GAA ATC ATC GTT CAA GCG ATC GAC GTT CGT CCG GAA AAG CGT GAA ATC GAC TTC AAA TAC ATC CCG,4.66087363110545
GAC GTG GAA CCG GGT AAA TTC TAC AAA GGT GTT GTT ACC CGT ATC GAA AAA TAC GGT GCG TTC ATC AAT CTC AAC GAA CAG GTT CGT GGT CTG CTG CGT CCG CGT GCG ATG ATC TCT CTG CGT CTG GAA AAC CTC AAC GTG GGT GAC GAA ATC ATC GTT CAG GCG ATC GAT GTT CCG CCG GAA AAA CGT GAA ATC GAC TTC AAA TAC ATC CCG,1.585525462303664
GAC GTT GAA CCG GGT AAA TTC TAC AAA GGT GTT GTT ACC CGT ATC GAA AAA TAC GGT GCG TTC ATC AAC CTC AAC GAA CAG GTT CGT GGT CTG CTG CGT CCG CGT GAC ATG ATC TCT CTG CGT CTG GAA AAC CTG AAC GTT GGT GAC GAA ATC ATC GTT CAA GCG ATT GAC GTT GTT CCG GAG AAA CGT GAA ATC TTC TTC AAA TAC ATC CCG,4.48626410400226
GAC GTT GAA CCG GGT AAA TTC TAC AAA GGT GTT GTT ACC CGT ATC GAA AAA TAC GGT GCG TTC ATC AAC CTC AAC GAG CAG GTT CGT GGT CTG CTG CGT CCG CGT TAC ATG ATC TCT CTG CGT CTG GAA AAT CTG AAC GTT GGT GAC GAA ATT ATC GTT CAA GCG ATC GAC GTT CGT CCG GAA AAA CGT GAA ATC ATG TTC AAA TAC ATT CCG,3.365618181289376
GAC GTT TGC CCG GGT AAA TTC TAC AAA GGT GTT GTT ACC CGT ATC GAA AAA TAC GGT GCG TTC ATC AAC CTG AAC GAA CAG GTT CGT GGT CTG CTG CGT CCG CGT GAT ATG ATC TCT CTG CGC CTG GAA AAT CTG AAC GTT GGC GAC GAA ATC ATC GTT CAA GCG ATC GAC GTT CGT CCG GAA AAA CGT GAA ATC GAC TTC AAA TAC ATC CCA,4.267700715633976
GAT GTT GAA CCG GGT AAA TTC TAC AAA GGT GTT GTT ACC CGT ATC GAA AAA TAC GGT GCG TTC ATC AAC CTG AAC GAA CAG GTT CGT GGT CTG CTG CGT CCG CGT GAC ATG ATC TCT CTG CGT CTG GAA AAC CTC AAC GTG GGT GAT GAA ATC ATC GTT CAA GCT ATC GAC GTT CGT CCG GAA AAA CGT GAA ATC GAC TTC TCT TAC ATC CCG,4.795248773116409
GAC GTT GAA CCG GGC AAA TTC TAC AAA GGT GTT GTT ACC CGT ATC GAG AAA TAT GGT GCG TTC ATC AAC CTC AAC GAA CAG GTT CGT GGT CTG CTG CGT GAA CGT GAC ATG ATC TCT CTG CGT CTG GAG AAC CTG AAC GTT GGT GAC GAA ATC ATC GTG CAG GCT ATT GAC GTT CGT CCG GAA AAA CGT GAA ATC GAC TTC AAA TAC ATC CCG,5.04099337368703
GAT GTT GAA CCG GGT AAA TTC TAC AAG GGT GTT GTT ACC CGT ATC GAA AAA TAC GGT GCT TTC ATC AAC CTC AAC GAG CAG GTT CGT GGT CTG CTG CGT CCA CGC GGC ATG ATC TCT CTG CGT CTG GAA AAC CTG AAT GTT GGC GAC GAA ATC ATC GTT CAG GCG ATC GAT GTT CGT CCG GAA AAA CGT GAA ATC GAC TTC GAC TAC ATC CCG,1.7771786466532853
GAC GTT GAA CCG GGT AAA TTC TAC AAA GGT GTT GTT ACC CGT ATC GAA AAA TAC GGT GCG TTC ATC AAC CTG AAC GAA CAG GTT CGT GGT CTG CTG TTT CCG CGT CAC ATG ATC TCT CTG CGT CTG GAA AAT CTG AAC GTT GGT GAC GAA ATC ATC GTG CAG GCT ATC GAC GTT CGT CCG GAA AAA CGT GAA ATC GAC TTC AAA TAC ATC CCG,2.6075145789891963
GAC GTT GAA CCG GGT AAA TTC TAC AAA GGT GTT GTT ACC CGT ATC GAA AAA TAC GGT GCG TTC ATC AAC CTC AAC GAA CAG GTT CGT GGT CTG CTG CGT CCG CGT GAC ATG ATC TCT CTG CGT CTG GAA AAC CTG AAT GTT GGT GAC GAA ATC ATC GTT CAA GCG ATC GAC GTT CGT CCG GAA AAA CGT GAA ATC GAC TTC AAA TAC TAC CCG,4.808417878163261
GAC GTT GAA CCG GGT AAA TTC TAC AAA GGT GTT GTT ACC GGC ATC ATG AAA TAC GGT GCG TTC ATC AAC CTG AAT GAA CAG GTT CGT GGT CTG CTG CGT CCG CGT GAC ATG ATC TCT CTG CGT CTG GAG AAT CTG AAT GTT GGT GAC GAA ATC ATT GTT CAG GCT ATC GAC GTT CGC CCG GAA AAA CGT GAA ATC GAC TTC AAG TAC ATC CCA,4.555565801525487
GAC GTT GAA CCG GGT AAA TTC TAC AAA GGT GTT GTT ACC CGT ATC GAA AAA TAC GGT GCG TTC ATC AAC CTG AAC GAA CAG GTT CGT GGC CTG CTG CGC CCA CGT GAC ATG ATC TCT CTG CGT CTG GAA AAT CTG AAC GTT GGT GAC GAA ATC ATC ACC CAG GCG ATT GAC GTT CGT CCG GAA AAA CGT GAA ATC GAC TTC AAA TAC ATC CCG,1.1129064133355515
GAT GTT GAA CCG GGT AAA TTC TAC AAA GGT GTT GTT ACC CGT ATC GAA AAA TAC GGT GCG TTC ATC AAC CTG AAT GAA CAG GTT CGT GGT CTG CTG CGT CCA CGT CTC ATG ATT TCC CTG CGT CTG GAA AAC CTC AAT GTT GGT GAC GAA ATT ATC GTT CAG GCG ATC GAC GTT CGT CCG GAA AAG CGT GAG ATC ATT TTC AAA TAC ATC CCG,2.9421123213859675
GAC GTT GAA CCG GGT AAA TTC TAC AAG GGT GTT GTG ACC TAC ATC GAA AAA TAC GGC GCT CAC ATC AAC CTC AAC GAA CAG GTT CGT GGT CTG CTG CGT CCG CGT GAC ATG ATC TCT CTG CGT CTG GAA AAT CTG AAC GTT GGT GAC GAA ATC ATC GTG CAG GCG ATT GAC GTT CGC CCG GAA AAA CGT GAA ATC GAC TTC AAA TAC ATC CCG,2.0386540971790024
GAC GTT GAA CCG GGT AAG TTC TAC AAA GGT GTT GTT ACC CGT ATC GAA AAA TAC GGT GCG TTC ATC AAC GGT AAC GAA CAA GTT CGT GGT CTG CTG CGT CCG CGT GAC ATG ATC TCT CTG CGT CTG GAA AAC CTG AAC GTT GGT GAC GAA ATC ATC GTG CAG GCT ATC GAC GTT CGC CCG GAA AAA CGT GAA ATC GAC TTC AAA TAC ATC CCA,0.9529267581542242
GAT GTT GAA CCG GGT AAA TTC TAC AAA GGT GTT GTT ACC CGT ATC TAC AAG TAC GGC GCG TTC ATC AAC CTC AAC GAA CAG GTT CGC GGT CTG CTG CGT CCA CGT GAC ATG ATC TCT CTG CGT CTG GAA AAC CTG AAC GTT GGT GAC GAA ATC ATC GTT CAA GCG ATC GAC GTG CGT CCG GAA AAA CGT GAA ATC GAC TTC AAA TAC ATC CCA,4.981884262672088
GAC GTT GAA CCG GGC AAA TTC TAC AAA GGT GTT GTT ACC CGT ATC GAA AAA TAC GGT GCG TTC ATC AAC CTG CAC GAG CAG GTT CGT GGT CTG CTG CGT CCG CGC GAC ATG ATC TCT CTG CGC CTG GAA AAC CTC AAT GTT GGT GAC GAA ATT ATC GTT CAG GCG ATT GAC GTT CGT CCG GAA AAA CGT GAA ATC GAC TTC AAA TAC ATC CCG,4.107743971592537
GAC GTT GAA CCG GGT AAA TTC TAC AAA GGT GTT GTT ACC CGT ATC GAA AAA TAC GGT GCG TTC ATC AAT CTG AAC GAG CAG GTT CGT GGT CTG CTG TTC CCG CGT CGT ATG ATC TCT CTG CGT CTG GAG AAC CTG AAC GTT GGT GAC GAA ATC ATT GTT CAG GCG ATC GAC GTT CGT CCG GAA AAA CGT GAA ATC GAC TTC AAA TAC ATC CCG,1.8478014879183848
GAC GTT GAA CCG GGT AAA TTC TAC AAA GGT GTT GTT ACC CGT ATC GAA AAA TAC GGT GCG TTC ATC AAC CTC AAC GAA CAG GTT CGT GGT CTG CTG CGT CCA CGT GTT ATG ATC TCT CTG CGT CTG GAA AAC CTG AAT GTT GGT GAC GAA ATC ATC GTT CAA GCG ATC GAC GTG CGT CCG GAA AAA CGT GAA ATC CAC TTC AAA TAC ATC CCG,1.8882758795705616
GAC GTT GAA CCG GGT AAG TTC TAC AAA GGT GTT GTT ACC CGT ATC GAA AAA TAC GGT GCG TTC ATC AAC CTC AAC GAA CAG GTT CGT GGT CTG CTG CGT CCG CGT ATT ATG ATC TCT CTG CGT CTG GAA AAC CTG AAC GTT GGT GAC GAA ATC ATC GTT CAA GCG ATC GAC GTT TAT CCG GAA AAA CGT GAA ATC GAC TTC AAA TAC ATC CCG,1.7099928702235578
GAC GTT GAA CCG GGT AAA TTC TAC AAA GGT GTT GTT ACC CGT ATC GAA AAA TAC GGT GCG TTC ATC AAC CTG AAC GAA CAA GTG CGT GGT CTG CTG GAA CCG CGT GAT ATG ATC TCT CTG CGT CTG GAA AAT CTG AAC GTT GGT GAC GAA ATC ATC GTT CAA GCG ATC GAC GTT CGT CCG GAA AAA CGT GAA ATC CCG TTC AAA TAC ATC CCA,1.091704776151618
GAC GTT GAA CCG GGT AAA TTC TAC AAA GGT GTT GTT ACC AAC ATC GCG AAA TAC GGT GCG TTC ATC AAC CTC AAT GAA CAG GTG CGT GGT CTG CTG CGT CCG CGT GAC ATG ATT TCC CTC CGT CTG GAA AAC CTG AAC GTT GGT GAC GAA ATT ATC GTT CAA GCG ATC GAC GTT CGT CCG GAA AAA CGT GAA ATC GAC TTC AAA TAC ATT CCG,3.2896581912799823
GAT GTT GAA CCG GGT AAA TTC TAC AAA GGT GTT GTT ACC CGT ATC GAA AAA TAC GGT GCG TTC ATC AAC CTG AAT GAA CAG GTG CGT GGT CTG CTG CGT CCA CGT CCG ATG ATC TCT CTG CGT CTG GAG AAC CTC AAC GTG GGT GAC GAA ATC ATC GTT CAG GCG ATT GAC GTT CGT CCG GAA AAA CGT GAA ATC ACC TTC AAA TAC ATC CCG,1.4286208102209663
GAC GTT GAA CCG GGT AAA TTC TAC AAG GGT GTT GTT ACC CGT ATC GAA AAA TAC GGT GCG TTC ATC AAC CTC AAC GAA CAA GTT CGT GGT CTG CTG CGT CCG CGT ATT ATG ATT TCC CTC CGT CTG GAG AAC CTG AAT GTT GGT GAC GAG ATC ATC GTT CAG GCT ATC GAT GTT CGT CCG GAA AAA CGT GAA ATC GAC TTC GAC TAC ATC CCG,1.7997666242172627
GAC GTT GAA CCG GGT AAA TTC TAC AAA GGT GTT GTT ACC CGT ATC GAA AAG TAC GGT GCG TTC ATC AAT CTG AAC GAG CAG GTT CGT GGT CTG CTG CGT CCG CGT GAC ATG ATC TCT CTC CGT CTG GAA AAC CTG AAT GTT GGT GAC GAA ATC ATC GTT CAA GCG ATC GAC GTT CGC CCG GAA AAA CGT GAA ATC GAC TTC TGC TAC ATC CCA,3.7923946817544953
GAC GTT GAA CCG GGT AAA TTC TAC AAA GGT GTT GTT ACC CGT ATC GAA AAA TAC GGT GCG TTC ATC AAC CTG AAC GAG CAG GTT CGT GGT CTG CTG CGT CCG CGC CTG ATG ATC TCT CTG CGT CTG GAA AAC CTC AAC GTG GGC GAT GAA ATC ATT GTG CAG GCG ATC GAC GTG GAC CCA GAA AAA CGT GAA ATC GAC TTC AAA TAC ATC CCA,2.2541635563123426
GAC GTT GAA CCG GGT AAA TTC TAC AAA GGT GTT GTT ACC CGT ATC GAG AAA TAC GGT GCG TTC ATC AAT CTG AAC GAA CAA GTT CGT GGT CTG CTG TCT CCG CGT GAC ATG ATC TCT CTG CGT CTG GAA AAC CTG AAC GTT GGT GAC GAG ATT ATT GTT CAG GCG ATC GAC GTG CGT CCG GAA AAG CGC GAA ATC AAA TTC AAA TAC ATC CCG,3.28051135794348
GAC GTT GAA CCG GGC AAA TTC TAC AAA GGT GTT GTT ACC TTC ATC CCG AAA TAC GGT GCG TTC ATC AAT CTG AAC GAA CAG GTT CGT GGT CTG CTG CGT CCG CGT GAC ATG ATC TCT CTG CGT CTG GAA AAC CTG AAC GTT GGT GAC GAA ATC ATC GTT CAA GCG ATC GAT GTT CGT CCG GAA AAA CGT GAA ATC GAC TTC AAA TAC ATC CCG,1.855676934970583
GAC GTT GAA CCG GGT AAA TTC TAC AAA GGT GTT GTT ACC CGT ATC GAA AAA TAC GGT GCG TTC ATC AAC CTG AAC GAA CAG GTT CGT GGT CTG CTG CAT CCG CGT GAC ATG ATC TCT CTG CGT CTG GAA AAC CTC AAC GTG GGT GAC GAA ATC ATC GTG CAG GCG ATT GAC GTT CGT CCA GAA AAA CGT GAA ATC CTG TTC AAA TAC ATC CCG,2.91076072203668
GAT GTT GAA CCG GGT AAA TTC TAC AAA GGT GTT GTT ACC CGT ATC GAA AAA TAC GGT GCG TTC ATC AAC CTG AAT GAG CAG GTT CGT GGT CTG CTG TGG CCG CGT GAC ATG ATC TCT CTG CGT CTG GAA AAT CTG AAT GTT GGT GAC GAA ATC ATC GTT CAG GCT ATC GAC GTT CGT CCG GAA AAA CGT GAG ATC TTC TTC AAA TAC ATC CCG,2.4188857932636285
GAC GTT GAA CCG GGT AAA TTC TAC AAA GGT GTT GTT ACC CGT ATC GAA AAA TAC GGT GCG TTC ATC AAC CTG AAC GAA CAG GTT CGT GGT CTG CTG CGT CCG CGT GAC ATG ATC TCT CTG CGT CTG GAA AAT CTG AAC GTT GGT GAC GAA ATC ATC GTT CAA GCG ATC GAT GTT CGT CCG GAA AAA CGT CAA ATC GAC TTC AAA TAC ATC CCG,5.789962674059556
GAC GTG GAA CCG GGC AAA TTC TAC AAA GGT GTT GTT ACC CGT ATC GAA AAA TAC GGT GCG TTC ATC AAT CTG AAC GAG CAG GTG CGT GGT CTG CTG CGT CCG CGT GAC ATG ATC TCT CTG CGT CTG GAA AAC CTG AAT GTT GGT GAC GAA ATC ATC GTG CAG GCG ATT GAT TGG CGT CCG GAA AAA CGT GAA ATC GAC TTC AAA TAC ATC CCG,3.9577117542957545
GAC GTT GAG CCG GGT AAA TTC TAC AAA GGT GTT GTT ACC CGT ATC GAA AAA TAC GGT GCG TTC ATC AAT CTG AAC GAA CAG GTT CGT GGT CTG CTC CAA CCG CGT GAT ATG ATC TCT CTG CGT CTG GAA AAC CTC AAT GTT GGT GAC GAA ATC ATC GTT CAA GCG ATC GAC GTT CGT CCG GAA AAA CGT GAA ATC GCT TTC AAA TAC ATC CCG,2.8615015031404623
GAC GTT GAG CCG GGT AAA TTC TAC AAA GGT GTT GTT ACC CGT ATC GAA CTG TAC GGT GCG TTC ATC AAC CTC AAT GAA CAG GTT CGT GGT CTG CTG CGT CCG CGT GAC ATG ATC TCT CTG CGT CTG GAA AAC CTG AAT GTT GGT GAC GAA ATC ATC GTG CAG GCG ATC GAC GTT CGT CCG GAA AAA CGT GAA ATC GAC TTC AAA TAC ATC CCG,4.810799259854775
GAC GTT GAA CCG GGT AAG TTC TAC AAA GGT GTT GTT ACC CGT ATC GAA AAA TAC GGT GCG TTC ATC AAC CTG AAT GAA CAG GTT CGT GGT CTG CTG CGT CCG CGT GAC ATG ATC TCT CTG CGT CTG GAA AAC CTC AAC GTG GGT GAC GAA GTT ATC GTT CAA GCG ATC GAT GTT CGT CCG GAA AAA CGT GAA ATC GAC TTC AAA TAC ATC CCG,4.133567559386245
GAC GTT GAA CCG GGT AAA TTC TAC AAA GGT GTT GTT ACC CGT ATC GAA AAA TAC GGT GCG TTC ATC AAT CTG AAC GAA CAG GTT CGT GGT CTG CTG TTC CCG CGT GTT ATG ATC TCT CTG CGT CTG GAA AAC CTG AAT GTT GGT GAC GAA ATC ATC GTT CAA GCG ATC GAC GTT CGT CCG GAA AAA CGT GAA ATC GAC TTC AAA TAC ATC CCG,1.9866910250082084
GAC GTT GAA CCG GGT AAA TTC TAC AAA GGT GTT GTT ACC CGT ATC GAA AAA TAC GGT GCG TTC ATC AAT CTG AAC GAA CAG GTT CGT GGT CTG CTC CAG CCA CGT GAT ATG ATC TCT CTG CGT CTC GAA AAC CTG AAC GTT GGT GAC GAA ATC ATC GTG CAG GCG ATC GAT GTG CAG CCG GAA AAA CGT GAA ATC GAC TTC AAA TAC ATC CCG,1.571382970271601
GAC GTT GAA CCG GGT AAA TTC TAC AAG GGT GTT GTT ACC CGT ATC GAA AAA TAC GGT GCG TTC ATC AAC CTC AAC GAA CAA GTT CGT GGT CTG CTG CGT CCG CGT GCT ATG ATC TCT CTG CGT CTG GAA AAC CTG AAC GTT GGT GAC GAA ATC ATC GTT CAA GCT ATC GAT GTT CGT CCG GAA AAA CGT GAA ATC GAC TTC AAA TAC ATC CCG,3.4910826444015086
GAC GTT GAA CCG GGT AAA TTC TAC AAA GGT GTT GTT ACC CGT ATC GAA AAA TAC GGT GCG TTC ATC AAC CTG AAC GAA CAA GTT CGT GGT CTG CTG CGC CCA CGT TTC ATG ATC TCT CTG CGC CTG GAA AAC CTC AAT GTT GGT GAT GAA ATC ATC GTG CAG GCG ATC GAC GTT CGT CCG GAA AAA CGT GAA ATC GAC TTC AAC TAC ATC CCG,2.1232532826077595
GAC GTT GAA CCG GGT AAA TTC TAC AAA GGC GTT GTT ACC TGG ATT CAC AAA TAC GGT GCG TTC ATC AAC CTC AAT GAA CAG GTT CGT GGT CTG CTG CGT CCG CGT GAC ATG ATC TCT CTG CGT CTG GAA AAC CTG AAC GTT GGT GAC GAA ATC ATC GTT CAA GCT ATT GAC GTT CGT CCG GAA AAA CGT GAA ATC GAC TTC AAA TAC ATC CCG,3.721968564991189
GAC GTT GAA CCG GGT AAA TTC TAC AAA GGT GTT GTT ACC CGT ATC GAA AAA TAC GGT GCG TTC ATC AAT CTG AAC GAA CAG GTT CGT GGT CTG CTG CGT CCG CGT GAC ATG ATC TCT CTG CGT CTG GAA AAC CTG AAC AAG GGT GAT GAA ATC ATC GTT CAA GCG ATC GAC GTT CGT CCG GAA AAA CGT GAA ATC GAC TTC AAA TAC ATC CCG,3.2911769837142977
GAC GTT GAA CCG GGT AAG TTC TAC AAA GGT GTT GTT ACC CGT ATC GAA AAA TAC GGT GCG TTC ATC AAC CTC AAC GAA CAA GTT CGT GGT CTG CTG CGT CCG CGT GAC ATG ATC TCT CTG CGT CTG GAA AAC CTG AAC GTT GGT GAC GAA ATC ATC GTG CAG GCG ATC GAC GTT GTT CCG GAG AAA CGT GAA ATC TGG TTC AAA TAC ATC CCG,3.795945992179108
GAC GTT GAA CCG GGT AAG TTC TAC AAA GGT GTT GTT ACC ATC ATC CAG AAA TAC GGT GCG TTC ATC AAC CTG AAT GAA CAA GTT CGT GGT CTG CTG CGT CCG CGT GAC ATG ATC TCT CTG CGT CTG GAA AAC CTC AAC GTG GGT GAC GAA ATC ATC GTT CAG GCG ATC GAC GTT CGT CCG GAA AAA CGT GAA ATC GAC TTC AAG TAC ATC CCG,3.373790532710492
GAC GTG GAA CCG GGT AAA TTC TAC AAA GGT GTT GTT ACC CGT ATC GAA AAA TAC GGT GCG TTC ATC AAT CTG AAC GAA CAG GTT CGT GGT CTG CTG CGT CCG CGT GAC ATG ATC TCT CTG CGT CTG GAA AAC CTG AAT GTT GGT GAC GAA ATC ATC GTG CAG GCG ATC GAC GTT GAC CCG GAA AAA CGT GAA ATC CGT TTC AAA TAC ATC CCG,8.68519222896933
GAC GTT GAA CCG GGT AAA TTC TAC AAA GGT GTT GTT ACC CGT ATC GAA AAA TAC GGT GCG TTC ATC AAC CTG AAT GAA CAG GTT CGT GGT CTG CTG CGT CCG CGT GAC ATG ATC TCT CTG CGT CTG GAA AAC CTC AAC GTG GGT GAC GAA ATC ATC GTT CAA GCG ATC GAC GTT ATC CCG GAA AAA CGT GAA ATC CCG TTC AAA TAC ATC CCG,1.831156980878089
GAC GTT GAA CCG GGT AAA TTC TAC AAA GGT GTT GTT ACC CGT ATC GAA AAA TAC GGT GCG TTC ATC AAC CTG AAT GAA CAG GTT CGT GGT CTG CTG TAC CCG CGT GAC ATG ATC TCT CTG CGT CTG GAA AAT CTG AAC GTT GGT GAC GAA ATC ATC GTT CAG GCG ATC GAC GTT TGG CCG GAA AAA CGT GAA ATC GAC TTC AAA TAC ATC CCG,1.4581502923316625
GAC GTT GAA CCG GGT AAA TTC TAC AAA GGT GTT GTT ACC CGT ATC GAA AAA TAC GGT GCG TTC ATC AAC CTG AAC GAA CAG GTT CGT GGT CTG CTG ATG CCG CGT GAC ATG ATC TCT CTG CGT CTG GAA AAC CTC AAT GTT GGT GAC GAA ATC ATC GTT CAA GCG ATC GAC GTT CGT CCG GAA AAA CGT GAA ATC CAG TTC AAA TAC ATC CCG,2.897196565407844
GAT GTT GAA CCG GGT AAA TTC TAC AAA GGC GTT GTT ACC CGT ATC GAG AAA TAC GGT GCG TTC ATC AAC CTG AAT GAA CAG GTT CGT GGT CTG CTC CGT CCA CGT ATT ATG ATC TCT CTG CGT CTG GAA AAC CTC AAC GTG GGT GAC GAA ATC ATC GTT CAG GCG ATC GAT GTT CGT CCG GAA AAA CGT GAA ATC GAC TTC TGC TAC ATC CCG,2.5978646550211
GAC GTT GAA CCG GGT AAA TTC TAC AAA GGC GTT GTT ACC CGT ATC GAA AAA TAC GGT GCT TTC ATC AAC CTC AAC GAA CAG GTG CGT GGT CTG CTG CGT CCA CGT GAC ATG ATC TCT CTG CGT CTG AAC AAC CTG AAC GTT GGC GAC GAA ATC ATC GTT CAA GCG ATC GAC GTT CGT CCG GAA AAA CGT GAA ATC GAC TTC AAA TAC ATC CCG,4.609824193512626
GAC GTT GAA CCG GGT AAA TTC TAC AAA GGT GTT GTT GAC CGT ATC GAA AAA TAC GGT GCG TTC ATC AAT CTG AAC GAA CAG GTT CGT GGT CTG CTG CGT CCG CGT GAC ATG ATC TCT CTG CGT CTG GAA AAC CTG AAC GTT GGT GAC GAA ATC ATC GTT CAA GCG ATC GAC GTT CGT CCG GAA AAA CGT GAA ATC GAC TTC AAA TAC ATC CCG,3.539989053394644
GAC GTT GAA CCG GGT AAA TTC TAC AAG GGT GTT GTT ACC CGT ATC GAA AAA TAC GGT GCG TTC ATC AAC CTG AAC GAA CAG GTT CGT GGC CTG CTC CGT CCG CGT GAT ATG ATC TCT CTG CGT CTG GAA AAT CTG AAC TGC GGT GAC GAA ATC ATC GTT CAA GCG ATC GAC GTT CGT CCA GAA AAA CGT GAA ATC GAC TTC AAA TAC ATC CCG,3.352136101627297
GAC GTT GAA CCG GGT AAA TTC TAC AAA GGT GTT GTT ACC CGT ATC GAA AAA TAC GGT GCG TTC ATC AAT CTG AAC GAA CAG GTT CGT GGT TAC CTG CGT CCG CGT GAC ATG ATC TCT CTG CGT CTG GAA AAC CTG AAT GTT GGT GAC GAA ATC ATC GTT CAA GCG ATC GAC GTT CGT CCG GAA AAA CGT GAA ATC GAC TTC AAA TAC ATC CCG,2.937773251863852
GAC GTT GAA CCG GGT AAA TTC TAC AAA GGT GTT GTT ACC GCG ATC CTG AAA TAC GGT GCG TTC ATC AAC CTG AAT GAA CAG GTT CGT GGT CTG CTG CGT CCG CGT GAC ATG ATC TCT CTG CGC CTC GAA AAC CTC AAT GTT GGT GAT GAA ATC ATC GTT CAG GCG ATC GAC GTT CGC CCG GAA AAA CGT GAA ATC GAC TTC AAA TAC ATC CCA,4.887913489865683
GAC GTT GAA CCG GGT AAA TTC TAC AAA GGT GTT GTT ACC CGT ATC GAA AAA TAC GGT GCG TTC ATC AAC CTG AAT GAA CAG GTT CGT GGT CTG CTG CGT CCG CGT TAC ATG ATC TCT CTC CGT CTG GAA AAT CTG AAC GTT GGT GAC GAA ATC ATC GTT CAG GCG ATC GAC GTT CGT CCG GAA AAA CGT GAA ATC TTC TTC AAA TAC ATC CCG,3.3496013267992355
GAC GTT GAA CCG GGC AAA TTC TAC AAA GGT GTT GTT ACC TCT ATC ACC AAG TAC GGT GCG TTC ATT AAC CTC AAC GAA CAA GTT CGT GGT CTG CTG CGT CCG CGT GAC ATG ATC TCC CTC CGT CTG GAA AAT CTG AAC GTT GGT GAC GAA ATC ATC GTT CAG GCG ATC GAC GTT CGT CCG GAA AAG CGT GAA ATC GAC TTC AAG TAC ATC CCG,5.15717614104998
GAC GTT GAA CCG GGT CAC TTC TAC AAA GGT GTT GTT ACC CGT ATC GAA AAA TAC GGT GCG TTC ATC AAC CTC AAC GAA CAG GTT CGT GGT CTG CTG CGT CCA CGT GAC ATG ATC TCT CTG CGC CTC GAA AAT CTG AAC GTT GGT GAC GAA ATC ATC GTT CAG GCG ATT GAC GTT CGT CCG GAA AAA CGT GAA ATC GAC TTC AAA TAC ATC CCG,4.806013022990333
GAC GTT GAA CCG GGT AAA TTC TAC AAA GGT GTT GTT ACC CGT ATC GAA AAA TAC GGT GCG TTC ATC AAC CTG AAT GAA CAG GTT CGT GGT CTG CTG CGT CCG CGT ATG ATG ATC TCT CTG CGT CTG GAA AAC CTC AAC GTG GGT GAC GAA ATC ATC GTT CAG GCG ATC GAC GTT AAA CCG GAA AAA CGT GAA ATC GAC TTC AAA TAC ATC CCG,2.557309774666099
GAC GTT GAA CCG GGT AAG TTC TAC AAA GGT GTT GTT ACC CGT ATC GAA AAA TAC GGT GCG TTC ATC AAC CTG AAC GAA CAG GTG CGT GGT CTG CTC CGT CCG CGT GAC ATG ATC TCT CTG CGC CTG GAA AAC CTC AAT GTT GGT GAC GAA ATC ATC GTT CAA GCG ATC GAC GTT CGT CCG GAA AAG TAT GAA ATC GAC TTC AAG TAC ATC CCG,4.905159406212389
GAC GTT GAA CCG GGT AAA TTC TAC AAA GGT GTT GTT ACC CGT ATC GAA AAA TAC GGT GCG TTC ATC AAT CTG AAT GAA CAG GTT CGT GGT CTG CTG GGT CCA CGT ACC ATG ATC TCT CTG CGT CTG GAA AAC CTG AAC GTT GGT GAC GAA ATC ATC GTG CAG GCG ATT GAC GTT CGT CCG GAA AAA CGT GAA ATC GAC TTC AAA TAC ATC CCG,1.375026329828256
GAC GTT GAA CCG GGT AAA TTC TAC AAA GGT GTT GTT ACC CGT ATC GAA AAA TAC GGT GCG TTC ATC AAC CTC AAC GAA CAG GTT CGT GGT CTG CTG CAA CCG CGT AAA ATG ATC TCT CTG CGT CTG GAA AAC CTG AAC GTT GGT GAC GAA ATC ATC GTG CAG GCG ATT GAC GTT CGT CCG GAA AAA CGT GAA ATC GAC TTC AAA TAC ATC CCG,1.6228713228153286
GAC GTT GAA CCG GGT AAA GAC TAC AAA GGT GTT GTT ACC CGT ATC GAA AAA TAC GGT GCG TTC ATC AAT CTG AAC GAA CAG GTT CGT GGT CTG CTG CGT CCG CGT GAC ATG ATC TCT CTG CGT CTG GAA AAC CTG AAC GTT GGT GAC GAA ATC ATC GTT CAA GCG ATC GAC GTT CGT CCG GAA AAA CGT GAA ATC GAC TTC AAA TAC ATC CCG,3.009576787323766
GAT GTT GAA CCG GGT AAA TTC TAC AAA GGT GTT GTT ACC CGT ATC GAA AAA TAC GGC GCG TTC ATC AAC CTC AAC GAA CAA GTT CGT GGT CTG CTG CGT CCA CGT ACC ATG ATC TCT CTG CGC CTG GAA AAT CTG AAC GTT GGT GAC GAA ATC ATC GTT CAG GCG ATC GAT GTT CGT CCG GAA AAA CGC GAA ATT AAC TTC AAA TAC ATC CCG,1.539942295814948
GAC GTT GAA CCG GGT AAA TTC TAC AAA GGT GTT GTT ACC CGT ATC GAA AAA TAC GGT GCG TTC ATC AAC CTG AAC GAA CAG GTT CGT GGT CTG CTG CGT CCG CGT GAT ATG ATC TCT CTG CGT CTG GAA AAC CTC AAT GTT GGT GAC GAA ATT ATC GTG CAG GCG ATC GAC GTT GCG CCG GAG AAA CGT GAA ATC ATG TTC AAA TAC ATC CCG,3.5531666383617218
GAT GTT GAA CCG GGT AAA TTC TAC AAA GGC GTT GTT ACC GAA ATC TGG AAG TAC GGC GCG TTT ATC AAC CTC AAC GAA CAA GTG CGT GGC CTG CTG CGT CCG CGT GAC ATG ATC TCT CTG CGT CTG GAA AAC CTG AAT GTT GGT GAC GAA ATC ATT GTT CAG GCG ATT GAC GTT CGT CCG GAA AAA CGT GAA ATC GAC TTC AAA TAC ATC CCG,4.338181876195215
GAT GTT GAA CCG GGT AAA TTC TAC AAA GGT GTT GTT ACC CGT ATC GAA AAA TAC GGT GCG TTC ATC AAC CTG AAC GAG CAG GTT CGT GGT CTG CTG GGT CCA CGT GAC ATG ATC TCT CTG CGT CTG GAA AAT CTG AAC GTT GGT GAC GAA ATC ATC GTT CAA GCG ATC GAC GTT CGT CCG GAA AAA CGT GAA ATC TGG TTC AAA TAC ATC CCG,2.4476368947649627
GAC GTT GAA CCG GGT AAA TTC TAC AAA GGT GTT GTT ACC CGT ATC GAA AAA TAC GGT GCG TTC ATC AAC CTG AAT GAA CAG GTT CGT GGT CTG CTC CGC CCA CGT GAC ATG AAC TCT CTG CGT CTG GAG AAT CTG AAC GTT GGT GAC GAA ATC ATC GTT CAG GCG ATC GAC GTT CGT CCG GAA AAA CGT GAA ATC GAC TTC AAA TAC ATC CCG,4.826100287367193
GAC GTT GAA CCG GGC AAA TTC TAC AAA GGT GTT GTT ACC CGT ATC GAA AAA TAC GGT GCG TTC ATC AAC CTG AAC GAG CAG GTT CGT GGT CTG CTG ACT CCG CGT GAC ATG ATC TCT CTG CGT CTG GAA AAT CTG AAC GTT GGT GAC GAA ATC ATT GTT CAG GCG ATC GAC GTT CGT CCG GAA AAA CGT GAA ATC TGG TTC AAA TAC ATC CCG,2.6613453202528747
GAC GTT GAA CCG GGT AAA TTC TAC AAA GGT GTT GTT ACC CGT ATC GAA AAA TAC GGT GCG TTC ATC AAC CTG AAC GAA CAG GTT CGT GGT CTG CTG CGT CCG CGT GAC ATG ATC TCT CTG CGT CTG GAA AAT CTG AAT GTT GGT GAC GAA ATC ATC GTG CAA GCG ATC GAC GTT CCG CCG GAA AAA CGT GAA ATC CTG TTC AAA TAC ATC CCG,3.913469005611896
GAC GTT GAA CCG GGC AAA TTC TAC AAA GGT GTT GTT ACC CGT ATC GAA AAA TAC GGT GCG TTC ATC AAC CTG AAC GAG CAG GTT CGT GGT CTG CTG CGT CCG CGT GAC ATG ATC TGC CTG CGT CTG GAA AAC CTC AAT GTT GGT GAC GAA ATC ATC GTT CAA GCG ATC GAC GTT CGC CCG GAA AAA CGT GAA ATC GAC TTC AAA TAC ATC CCA,5.311779664039532
GAC GTG GAA CCG GGT AAA TTC TAC AAA GGT GTT GTT ACC CTG ATC CAC AAA TAC GGT GCG TTC ATC AAT CTG AAC GAA CAG GTT CGT GGT CTG CTG CGT CCG CGT GAC ATG ATC TCT CTG CGT CTG GAA AAC CTG AAC GTT GGT GAC GAA ATC ATC GTT CAA GCG ATC GAC GTT CGT CCG GAA AAA CGT GAA ATC GAC TTC AAA TAC ATC CCG,3.849741851445386
GAC GTT GAA CCG GGT AAA TTC TAC AAG GGT GTT GTT ACC CGT ATC GAA AAG TAC GGT GCT TTC ATC AAT CTG AAT GAA CAG GTT CGT GGT CTG CTG CGT CCG CGT AAC ATG ATC TCT CTG CGT CTG GAA AAC CTG AAC GTT GGT GAC GAA ATC ATC GTG CAG GCT ATC GAC GTT CAC CCG GAA AAA CGT GAA ATC GAC TTC AAA TAC ATC CCG,4.338299121159405
GAC GTT GAA CCG GGC AAA TTC TAC AAA GGT GTT GTT ACC CGT ATC GAA AAA TAC GGT GCT TTC ATC CCG CTG AAC GAA CAG GTT CGT GGT CTG CTG CGT CCG CGT GAC ATG ATC TCT CTG CGT CTG GAA AAC CTG AAT GTT GGT GAC GAA ATC ATC GTG CAA GCG ATC GAC GTT CGC CCG GAA AAA CGT GAA ATC GAC TTC AAA TAC ATC CCA,0.4098035178749403
GAC GTT GAA CCG GGT AAA TTC TAC AAA GGT GTT GTT ACC CGT ATC GAA AAA TAC GGT GCG TTC ATC AAC CTG AAC GAA CAG GTT CGT GGC CTG CTG CGT CCG CGT ATG ATG ATC TCT CTG CGC CTG GAA AAC CTC AAT GTT GGT GAC GAA ATC ATT GTT CAG GCG ATC GAC GTT CGT CCG GAA AAA CGT GAA ATC GAC TTC TTC TAC ATC CCG,2.575432533530998
GAC GTT GAA CCG GGT AAA TTC TAC GAA GGT GTT GTT ACC CGT ATC GAA AAA TAC GGT GCG TTC ATC AAC CTC AAT GAA CAG GTT CGT GGT CTG CTC CGT CCG CGT GAC ATG ATC TCT CTG CGT CTG GAA AAT CTG AAC GTT GGT GAC GAA ATC ATC GTT CAG GCT ATC GAC GTT CGT CCG GAA AAA CGT GAA ATC GAC TTC AAA TAC ATC CCG,3.174664355550533
GAC GTT GAA CCG GGT AAA TTC TAC AAG GGT GTT GTT ACC CGT ATC GAA AAA TAC GGT GCG TTC ATC AAC CTG AAC GAG CAG GTT CGT GGT CTG CTG CGT CCG CGT GGT ATG ATC TCT CTG CGT CTG GAA AAC CTC AAT GTG GGT GAC GAA ATC ATT GTT CAG GCG ATC GAC GTT TCT CCG GAA AAA CGT GAA ATC GAC TTC AAA TAC ATC CCG,1.9200977144085964
GAC GTT GAA CCG GGC AAA TTC TAC AAA GGT GTT GTT ACC TGG ATC GAA AAA TAC GGT GCG GAA ATC AAC CTC AAC GAA CAG GTT CGT GGT CTG CTC CGT CCA CGT GAC ATG ATC TCT CTG CGC CTG GAA AAC CTG AAC GTT GGT GAC GAA ATC ATC GTG CAG GCG ATT GAC GTT CGC CCG GAA AAA CGT GAA ATC GAC TTC AAA TAC ATC CCA,1.3975574451870174
GAC GTT GAA CCG GGT AAA TTC TAC AAA GGT GTT GTT ACC CGT ATC GAA AAA TAC GGT GCG TTC ATC AAT CTG AAC GAA CAG GTT CGT GGT CTG CTG CGT CCG CGT GAC ATG ATC TCT CTG CGT CTG GAA AAC CTG AAT GTT GGT GAC GAA ATC ATT GTT CAG GCG ATC GAT GTG CAG CCG GAA AAA CGT GAA ATC GAC TTC AAA TAC ATC CCG,3.1992264725646606
GAC GTT GAA CCG GGT AAA TTC TAC AAA GGT GTT GTT CAC CGC ATC GAA AAA TAC GGT GCG TTC ATC AAC CTG AAC GAA CAG GTT CGT GGT CTG CTG CGT CCG CGT GAC ATG ATC TCT CTG CGT CTG GAG AAT CTG AAC GTT GGT GAC GAA ATC ATC GTG CAG GCG ATC GAC GTT CGT CCG GAA AAA CGT GAA ATC GAC TTC AAA TAC ATC CCG,3.439043656700049
GAC GTT GAA CCG GGT AAA TTC TAC AAA GGT GTT GTT ACC CGT ATC GAA AAA TAC GGT GCG TTC ATC AAT CTC AAC GAA CAA GTT CGT GGT CTG CTC CGT CCG CGT GAC ATG ATC TCT CTG CGT CTG GAA AAC CTC AAT GTT GGT GAC GAA ATC ATC GTT CAG GCG ATT GAC GTT ATC CCG GAA AAA CGT GAA ATC ACT TTC AAA TAC ATC CCG,3.779549241770309
GAC GTT GAA CCG GGT AAG TTC TAC AAA GGT GTT GTT ACC CAC ATC GAC AAA TAC GGT GCG TTC ATC AAC CTG AAC GAA CAG GTT CGT GGT CTG CTG CGT CCG CGT GAC ATG ATC TCT CTG CGT CTG GAA AAT CTG AAC GTT GGT GAC GAA ATC ATC GTG CAG GCG ATC GAC GTT CGC CCG GAA AAA CGT GAA ATC GAC TTC AAA TAC ATT CCG,3.797704690420261
GAC GTT GAA CCG GGT AAA TTC TAC AAA GGT GTT GTT ACC CGT ATC GAA AAA TAC GGT GCG TTC ATC AAC CTC AAC GAA CAG GTT CGT GGT CTG CTG ATG CCG CGT CAC ATG ATC TCT CTG CGT CTG GAA AAC CTG AAT GTT GGT GAC GAA ATC ATC GTT CAG GCG ATC GAC GTT CGT CCG GAA AAA CGT GAA ATC GAC TTC AAA TAC ATC CCG,3.1232066629193973
GAC GTT GAA CCG GGT AAA TTC TAC AAA GGT GTT GTT ACC GAC ATC CAG AAA TAC GGC GCG TTC ATC AAT CTC AAT GAA CAG GTT CGT GGT CTG CTG CGT CCG CGT GAC ATG ATC TCT CTG CGT CTG GAA AAC CTC AAC GTG GGC GAC GAA ATC ATC GTT CAG GCG ATC GAC GTT CGT CCG GAA AAA CGT GAA ATC GAC TTC AAA TAC ATC CCG,3.884220084635377
GAC GTT GAA CCG GGT AAA TTC TAC AAG GGT GTT GTT ACC CGT ATC GAA AAA TAC GGT GCG TTC ATC AAC CTC AAC GAG CAG GTT CGT GGT CTG CTG CGT CCG CGT GAC AAT ATC TCT CTG CGT CTG GAA AAT CTG AAC GTT GGT GAC GAA ATC ATC GTT CAG GCG ATT GAC GTT CGT CCG GAA AAA CGT GAA ATC GAC TTC AAA TAC ATC CCG,3.211845474030272
GAC GTT GAA CCG GGT AAA TTC TAC AAA GGT GTT GTT ACC CGT ATC GAA AAA TAC GGT GCG TTC ATC AAC CTC AAC GAA CAG GTT CGT GGT CTG CTC CGT CCA CGT AAC ATG ATC TCT CTG CGT CTG GAA AAC CTG AAC GTT GGT GAC GAA ATC ATC GTG CAG GCG ATT GAT GTT GAC CCG GAA AAA CGT GAA ATC GAC TTC AAA TAC ATC CCG,5.031044859790251
GAC GTT GAA CCG GGT AAA TTC TAC AAA GGT GTT GTT ACC CGT ATC GAA AAA TAC GGT GCG TTC ATC AAC CTG AAT GAA CAG GTT CGT GGT CTG CTG TAC CCG CGT CAG ATG ATC TCT CTG CGT CTG GAA AAC CTC AAT GTT GGT GAC GAA ATC ATT GTT CAG GCG ATC GAT GTT CGT CCG GAA AAA CGT GAA ATC GAC TTC AAA TAC ATC CCG,1.7357295663192929
GAT GTT GAA CCG GGT AAA TTC TAC AAG GGT GTT GTT ACC CGT ATC GAA AAA TAC GGT GCG TTC ATC AAC CTG AAT GAA CAG GTT CGT GGT CTG CTC CGT CCG CGT AAC ATG ATC TCT CTG CGT CTG GAG AAC CTC AAT GTT GGT GAC GAA ATC ATC GTT CAG GCG ATC GAC GTT CGT CCA GAA AAA CGT GAA ATC GAC TTC GAA TAC ATC CCG,3.078285530164269
GAT GTT GAA CCG GGT AAA TTC TAC AAA GGT GTT GTT ACC CGT ATC GAA AAA TAC GGT GCT TTC ATC AAC CTC AAC GAA CAG GTT CGT GGT CTG CTG CGT CCG CGT CTG ATG ATC TCT CTG CGT CTG GAA AAC CTG AAC GTG GGT GAC GAA ATC ATT GTT CAG GCG ATC GAC GTT GGT CCG GAA AAA CGT GAA ATC GAC TTC AAA TAC ATC CCG,1.847040767149607
GAT GTT GAA CCG GGT AAA CAG TAC AAA GGT GTT GTT ACC CGT ATC GAA AAA TAC GGT GCG TTC ATC AAT CTC AAC GAA CAG GTT CGT GGT CTG CTG CGT CCG CGT GAC ATG ATC TCT CTG CGT CTG GAA AAT CTG AAC GTT GGT GAC GAA ATC ATC GTT CAG GCG ATC GAC GTT CGT CCG GAA AAA CGT GAA ATC GAC TTC AAA TAC ATC CCG,3.407906228506715
GAC GTT GAA CCG GGT AAA TTC TAC AAA GGT GTT GTT ACC ATC ATC GTT AAA TAC GGT GCG TTC ATC AAC CTG AAC GAA CAG GTT CGT GGT CTG CTG CGT CCG CGT GAC ATG ATC TCT CTG CGT CTG GAA AAC CTC AAT GTT GGT GAC GAA ATC ATT GTG CAA GCG ATC GAC GTT CGT CCG GAA AAA CGT GAA ATC GAC TTC AAG TAC ATC CCG,4.043671773555018
GAC GTT GAA CCG GGT AAA TTC TAC AAA GGC GTT GTT ACC CTG ATC GAC AAA TAC GGT GCT TTC ATC AAC CTC AAT GAA CAG GTT CGT GGT CTG CTC CGT CCG CGT GAC ATG ATC TCT CTG CGT CTC GAA AAC CTG AAC GTT GGT GAC GAA ATC ATC GTG CAG GCT ATC GAC GTG CGT CCG GAA AAA CGT GAA ATC GAC TTC AAA TAC ATC CCG,3.365034063961512
GAT GTT GAA CCG GGT AAA TTC TAC AAA GGT GTT GTT ACC TGG ATC GTT AAG TAT GGT GCG TTC ATC AAC CTC AAC GAA CAG GTT CGT GGT CTG CTG CGT CCG CGC GAC ATG ATC TCT CTG CGT CTG GAA AAT CTC AAC GTG GGC GAC GAA ATC ATC GTT CAG GCG ATC GAC GTT CGT CCG GAA AAA CGT GAA ATC GAC TTC AAA TAC ATC CCG,4.144437266852833
GAC GTG GAA CCG GGT AAA TTC TAC AAA GGT GTT GTT ACC CGT ATC GAA AAA TAC GGT GCG TTC ATC AAC CTC AAC GAA CAA GTT CGT GGT CTG CTG CGT CCG CGT GAC ATG ATC TCT CTG CGT CTG GAA AAC CTG AAC GTT GGT GAC GAA ATC ATC GTT CAA GCG ATC GAC ACC CGT CCG GAA AAA CGT GAA ATC GAC TTC AAA TAC ATC CCG,3.852535402446132
GAT GTT GAA CCG GGT AAA TTC TAC AAA GGT GTT GTT ACC CGT ATC GAA AAA TAC GGT GCG ATG ATC AAT CTG AAT GAA CAG GTT CGT GGT CTG CTG CGT CCG CGT GAC ATG ATC TCT CTG CGT CTG GAA AAC CTG AAC GTT GGC GAC GAA ATT ATC GTG CAG GCG ATC GAT GTG CGC CCA GAA AAA CGT GAA ATC GAC TTC AAA TAC ATT CCG,3.89442290616734
GAC GTT GAA CCG GGT AAA TTC TAC AAA GGT GTT GTT ACC CGT ATC GAA AAA TAC GGT GCG TTC ATC AAC CTG AAC GAA CAG GTT CGT GGT CTG CTG CGT CCG CGT GAC ATG ATC TCT CTG CGT CTG GAA AAT CTG AAC GTG GGT GAC GAA ATC ATC GTG CAG GCG ATC GAC GTT GCG CCG GAA AAA CGT GAA ATC ACC TTC AAA TAC ATC CCG,3.682012605226255
GAC GTT GAA CCG GGT AAA TTC TAC AAA GGT GTT GTT ACC CGT ATC GAA AAA TAC GGT GCG TTC ATC AAC CTG AAC GAG CAG GTT CGT GGT CTG CTG CGT CCG CGT GAC ATG ATC TCT CTG CGT CTG GAA AAT CTG AAC GTT GGT GAC GAA ATC ATC GTG CAG GCG ATT GAC GTT CCG CCG GAA AAA CGT GAA ATC CCG TTC AAA TAC ATC CCG,2.2883866879626025
GAC GTT GAA CCG GGT AAA TTC TAC AAA GGT GTT GTT CGT CGT ATC GAA AAA TAC GGT GCG TTC ATC AAC CTG AAC GAA CAG GTT CGT GGT CTG CTG CGT CCG CGT GAC ATG ATC TCT CTG CGT CTG GAA AAT CTG AAC GTT GGT GAC GAA ATC ATC GTT CAA GCG ATC GAC GTT CGT CCG GAA AAA CGT GAA ATC GAC TTC AAA TAC ATC CCG,3.5100040739276555
GAC GTT GAA CCG GGT AAA TTC TAC AAA GGT GTT GTT ACC CGT ATC GAA AAA TAC GGT GCG TTC ATC AAT CTG AAC GAA CAG GTT CGT GGT CTG CTG CGT CCG CGT GAC ATG ATC TCT CTG CGT CTG GAA AAC CTG AAC GTT TTC GAC GAA ATC ATC GTG CAA GCG ATC GAC GTT CGT CCG GAA AAA CGT GAA ATC GAC TTC AAA TAC ATC CCG,3.566487960315034
GAC GTT GAA CCG GGT AAA TTC TAC AAA GGT GTT GTT ACC CGT ATC GAA AAA TAC GGT GCG TTC ATC AAC CTG AAC GAA CAG GTT CGT GGT CTG CTG CGT CCG CGT TCC ATG ATC TCT CTG CGC CTC GAA AAT CTG AAC GTT GGT GAC GAA ATC ATC GTG CAG GCG ATC GAC GTT CGT CCG GAA AAA CGT GAA ATC GAC TTC TCT TAC ATC CCG,2.6918567293292632
GAC GTT GAA CCG GGC AAA TTC TAC AAA GGT GTT GTT ACC CGT ATC GAA AAA TAC GGT GCG TTC ATC AAC CTG AAT GAA CAG GTT CGT GGT CTG CTG CGT CCG CGT CCG ATG ATT TCT CTG CGT CTG GAA AAT CTG AAC GTT GGC GAC GAG ATC ATT GTG CAG GCG ATC GAC GTT TGG CCG GAA AAA CGT GAA ATC GAC TTC AAA TAC ATT CCG,1.3242320556863865
GAC GTT GAA CCG GGT AAG TTC TAC AAA GGT GTT GTT ACC CGT ATC GAA AAA TAC GGT GCG TTC ATC AAT CTG AAT GAA CAG GTT CGT GGT CTG CTG TTC CCG CGT ATG ATG ATC TCT CTG CGT CTG GAA AAC CTG AAT GTT GGT GAC GAA ATC ATC GTT CAA GCG ATC GAC GTT CGT CCG GAA AAA CGT GAA ATC GAC TTC AAA TAC ATC CCG,2.0062300001119624
GAC GTT GAA CCG GGT AAA TTC TAC AAA GGT GTT GTT ACC TGC ATC GCG AAA TAC GGT GCG TTC ATC AAC CTC AAC GAA CAG GTT CGT GGT CTG CTG CGT CCG CGT GAC ATG ATC TCT CTG CGT CTG GAG AAT CTC AAT GTG GGT GAC GAA ATC ATT GTT CAG GCT ATC GAT GTT CGT CCG GAA AAA CGT GAA ATC GAC TTC AAA TAC ATC CCA,3.938783803491616
GAC GTT GAA CCG GGT AAA TTC TAC AAA GGT GTT GTT ACC CGT ATC GAA AAA TAC GGT GCG TTC ATC AAC CTC AAC GAA CAG GTT CGT GGT CTG CTG CGT CCG CGT GAC ATG ATC TCT CTG CGT CTG GAA AAC CTG AAC GTG GGT GAC GAA ATT ATC GTT CAA GCG ATT GAC GTT GGC CCG GAA AAA CGT GAA ATC GCG TTC AAA TAC ATC CCG,3.886006206611488
GAC GTT GAA CCG GGT AAA TTC TAC AAA GGT GTT GTT ACC CGT GCG GAG AAA TAC GGT GCG TTC ATC AAC CTC AAT GAA CAG GTT CGT GGT CTG CTC CGT CCG CGT GAC ATG ATC TCT CTG CGT CTG GAA AAC CTG AAC GTT GGT GAC GAA ATC ATC GTG CAG GCG ATC GAC GTT CGT CCG GAA AAA CGT GAA ATC GAC TTC AAA TAC ATC CCG,0.7749485975993788
GAT GTG TAC CCG GGC AAG TTC TAC AAA GGT GTT GTT ACC CGT ATC GAA AAA TAC GGT GCG TTC ATC AAC CTG AAC GAA CAA GTT CGT GGT CTG CTG CGT CCG CGT GAC ATG ATC TCT CTG CGT CTG GAA AAC CTC AAC GTG GGT GAC GAA ATC ATT GTT CAG GCT ATC GAC GTT CGT CCG GAA AAA CGT GAA ATC GAC TTC AAA TAC ATC CCG,5.270769430798285
GAC GTT GAA CCG GGT AAA TTC TAC AAA GGT GTT GTT ACC CGT ATC GAA AAA TAC GGT GCG TTC ATC AAC CTG AAC GAA CAA GTT CGT GGT CTG CTG CGT CCG CGT GTT ATG ATC TCT CTG CGT CTG GAA AAC CTC AAT GTT GGT GAC GAA ATC ATC GTT CAA GCG ATC GAC GTT CGT CCG GAG AAA CGT GAA ATC TAC TTT AAG TAC ATC CCG,2.194984028797988
GAC GTT GAA CCG GGT AAA TTC TAC AAA GGT GTT GTT ACC CAG ATC GAA AAA TAC GGT GCG CTG ATC AAT CTG AAC GAA CAG GTT CGT GGC CTG CTG CGT CCG CGT GAC ATG ATC TCT CTG CGT CTG GAA AAC CTG AAT GTT GGT GAC GAA ATC ATC GTT CAA GCG ATT GAC GTT CGT CCG GAA AAA CGT GAA ATC GAC TTC AAA TAC ATC CCA,2.843654570524788
GAC GTG GAA CCG GGC AAG TTC TAC AAA GGT GTT GTT ACC TAC ATC GAA AAA TAC GGT GCG GGT ATC AAC CTC AAC GAG CAG GTT CGT GGC CTC CTG CGT CCG CGT GAC ATG ATC TCT CTG CGC CTG GAA AAC CTG AAT GTG GGT GAC GAA ATC ATC GTT CAG GCG ATC GAC GTT CGC CCG GAA AAA CGT GAA ATC GAC TTC AAA TAC ATC CCG,1.7021504319563028
GAC GTT GAG CCA GGT AAA TTC TAC AAA GGC GTT GTT ACC CGT ATC GAA AAG TAC GGT GCG TTC ATC AAT CTC AAT GAA CAG GTT CGC GGC CTG CTC CGT CCG CGT GAC ATG ATC TCT CTG CGT CTG GAA AAC CTG AAC CGT GGT GAC GAA ATC ATC GTG CAA GCG ATC GAT GTT CGT CCG GAA AAA CGC GAA ATC GAC TTC AAA TAC ATC CCA,3.319608818995663
GAC GTT GAA CCG GGT AAA TTC TAC AAA GGT GTT GTT ACC CGT ATC GAA AAA TAC GGT GCG TTC ATC AAC CTG AAT GAA CAG GTT CGT GGT CTG CTG GGT CCG CGT GAC ATG ATC TCT CTG CGT CTG GAA AAC CTC AAT GTT GGT GAC GAA ATC ATC GTT CAG GCG ATC GAC GTT CAG CCG GAA AAA CGT GAA ATC GAC TTC AAA TAC ATC CCG,1.0887998559722556
GAC GTT GAA CCG GGC AAA TTC TAC AAA GGT GTT GTT ACC CGT ATC GAA AAA TAC GGT GCG TTC ATC AAC CTG AAT GAG CAG GTT CGT GGT CTG CTC CGT CCG CGT TTC ATG ATC TCT CTG CGT CTG GAA AAT CTG AAC GTT GGT GAC GAA ATC ATC GTT CAG GCG ATC GAC GTG CGC CCA GAA AAA CGT GAA ATC GAC TTC ATC TAC ATC CCG,2.999645849051221
GAC GTT GAA CCG GGT AAA TTC TAC AAA GGT GTT GTT ACC CGT ATC GAA AAA TAC GGT GCG TTC ATC AAC CTG AAC GAA CAG GTT CGT GGT CTG CTG TGG CCG CGT TCT ATG ATC TCT CTG CGT CTG GAA AAC CTC AAC GTG GGT GAC GAA ATC ATC GTT CAA GCG ATT GAC GTT CGT CCG GAA AAA CGT GAA ATC GAC TTC AAA TAC ATC CCG,1.8015765969231736
GAC GTT GAA CCG GGT AAA TTC TAC AAA GGT GTT GTT ACC CGT ATC GAA AAA TAC GGT GCG TTC ATC AAC CTG AAC GAA CAG GTT CGT GGT CTG CTG CGT CCA CGC GAC CAC ATC TCT CTC CGT CTG GAA AAT CTG AAT GTT GGT GAC GAA ATC ATC GTG CAA GCG ATT GAC GTT CGT CCG GAA AAA CGT GAA ATC GAC TTC AAA TAC ATC CCG,2.361882228600156
GAT GTT GAA CCG GGT AAA TTC TAC AAA GGT GTT GTT ACC CGT ATC GAA AAA TAC GGT GCG TTC ATC AAC CTC AAT GAA CAG GTT CGT GGT CTG CTG CGT CCG CGT GAC ATG ATC TCT AAC CGT CTG GAA AAC CTG AAT GTT GGT GAC GAA ATC ATC GTT CAG GCG ATC GAC GTT CGT CCG GAA AAA CGT GAA ATC GAC TTC AAA TAC ATC CCG,3.046242016664949
GAC GTT GAA CCG GGT AAG TTC TAC AAA GGT GTG GTT ACC CAC ATC GAA AAA TAC GGT GCG ATC ATC AAC CTG AAC GAA CAA GTT CGC GGT CTG CTG CGT CCG CGC GAC ATG ATC TCT CTG CGT CTG GAA AAC CTC AAC GTG GGT GAC GAA ATC ATT GTG CAG GCG ATC GAC GTT CGC CCG GAA AAA CGT GAA ATC GAC TTC AAA TAC ATC CCG,3.3720446746018933
GAC GTT GAA CCG GGT AAA TTC CAC AAA GGT GTT GTT ACC CGT ATC GAA AAA TAC GGT GCG TTC ATC AAC CTG AAC GAA CAG GTT CGT GGT CTG CTC CGT CCA CGT GAC ATG ATC TCT CTG CGT CTG GAA AAT CTG AAC GTT GGT GAC GAA ATC ATC GTT CAA GCG ATC GAC GTT CGT CCG GAA AAA CGT GAA ATC GAC TTC AAA TAC ATC CCG,1.5780239773238989
GAC GTT GAA CCG GGT AAA TTC TAC AAA GGT GTT GTT ACC CGT ATC GAA AAA TAC GGT GCG TTC ATC AAC CTG AAC GAA CAG GTT CGT GGT CTG CTG CGT CCG CGT GAC ATG ATC TCT CTG CGT CTG GAA AAC CTC AAT GTT GGT GAC GAA ATT ATC GTG CAA GCG ATC GAT GTT GTT CCA GAA AAA CGC GAA ATC ATC TTC AAA TAC ATC CCG,3.888863100013768
GAC GTT GAA CCG GGC AAA TTC TAC AAA GGT GTT GTT ACC CGT ATC GAA AAA TAC GGT GCG TTC ATC AAC CTG AAT GAA CAG GTT CGT GGT CTG CTG ACT CCG CGT GAC ATG ATC TCT CTG CGT CTG GAA AAT CTG AAC GTT GGT GAC GAA ATC ATC GTT CAA GCG ATT GAC GTT CCG CCG GAA AAA CGT GAA ATC GAC TTC AAA TAC ATC CCG,1.232901538546263
GAT GTT GAA CCG GGT AAA TTC TAC AAA GGT GTT GTT ACC CGT ATC GAA AAA TAC GGT GCG TTC ATC AAC CTC AAT GAG CAG GTT CGT GGT CTG CTC CGT CCA CGC TTC ATG ATC TCT CTG CGT CTG GAA AAC CTG AAC GTG GGT GAC GAA ATC ATC GTT CAA GCT ATC GAT GTT CGT CCG GAA AAA CGT GAA ATC GAA TTC AAA TAC ATC CCG,3.5753295079080143
GAC GTG GAA CCG GGT AAG TTC TAC AAA GGT GTT GTT ACC CGT ATC GAA AAA TAC GGT GCG TTC ATC AAC CTC AAC GAA CAG GTT CGT GGT CTG CTG CGT CCG CGT GCG ATG ATC TCT CTG CGT CTG GAA AAT CTC AAC GTG GGT GAC GAA ATC ATC GTT CAG GCG ATT GAC GTT CGT CCG GAA AAA CGT GAA ATC ACC TTC AAA TAC ATC CCG,2.63158390278104
GAC GTT GAA CCG GGT AAA TTC TAC AAA GGT GTT GTT ACC CGT ATC GAA AAA TAC GGT GCG TTC ATC AAT CTG AAC GAA CAG GTT CGT GGT CTG CTG CGT CCG CGT AAC ATG ATC TCT CTG CGT CTG GAA AAC CTG AAT GTT GGT GAC GAA ATC ATC GTT CAA GCG ATC GAC GTT CGT CCG GAG AAA CGT GAA ATC TCT TTC AAA TAC ATC CCG,4.261072309338164
GAC GTT GAA CCG GGC AAA TTC TAC AAA GGT GTT GTT ACC CGT ATC GAA AAA TAC GGT GCG TTC ATC AAT CTG AAC GAG CAG GTT CGT GGT CTG CTG CGT CCA CGT GAC ATG ATC TCT CTG CGT CTG GAG AAC CTC AAC GTG GGT GAC GAA ATC ATT GTG CAG GCG ATC GAC GTT CGC CCG GAA AAA CGT GAA ATC GAC TTC AAA TAC GAC CCA,5.564344603013731
GAC GTT GAA CCG GGT AAA TTC TAC AAA GGT GTT GTT ACC CGT ATC GAA AAA TAC GGT GCG TTC ATC AAC CTC AAC GAA CAG GTT CGT GGC CTG CTG CGT CCG CGT CCG ATG ATC TCT CTG CGT CTG GAA AAT CTG AAC GTT GGC GAC GAA ATC ATC GTT CAG GCG ATC GAC GTT CGT CCG GAA AAA CGT GAA ATC GAC TTC AAA TAC ATC CCG,1.4345584035394985
GAC GTT GAG CCG GGT AAG TTC TAC AAA GGT GTT GTT ACC CGT ATC GAA AAA TAC GGT GCG TTT ATC AAC CTG AAT GAA CAA GTT CGT GGT CTG CTG CGT CCG CGT GAC ATG ATC TCT CTG CGC CTG GAA AAT CTG AAC GTT GGT GAC GAA ATC ATC GTT CAG GCT ATT GAC GTG GAA CCG GAA AAA CGT GAA ATC GCG TTC AAA TAC ATC CCG,3.414255087782149
GAC GTT GAA CCG GGT AAA TTC TAC AAA GGT GTT GTT ACC CGT ATC GAA AAA TAC GGT GCG TTC AAA AAC CTC AAT GAA CAG GTT CGT GGT CTG CTG CGT CCG CGT GAC ATG ATC TCT CTG CGT CTG GAA AAC CTG AAC GTT GGT GAC GAA ATC ATC GTT CAA GCT ATC GAC GTT CGT CCG GAA AAA CGT GAA ATC GAC TTC AAA TAC ATC CCG,0.3123846605586441
GAT GTT GAA CCG GGT AAG TTC TAC AAA GGT GTT GTT ACC TGC ATC GAA AAA TAC GGT GCG ATC ATC AAT CTG AAC GAA CAG GTT CGT GGC CTG CTC CGT CCG CGT GAC ATG ATC TCT CTG CGT CTG GAA AAC CTG AAC GTT GGT GAC GAA ATC ATC GTT CAA GCG ATC GAC GTG CGT CCG GAA AAA CGT GAA ATC GAC TTC AAA TAC ATC CCG,3.313354993158481
GAC GTT GAG CCG GGT AAA TTC TAC AAA GGT GTT GTT ACC CGT ATC GAA AAA TAC GGT GCG TTC ATC AAC CTC AAT GAA CAG GTT CGT GGT CTG CTG GTT CCG CGT TCT ATG ATC TCT CTG CGT CTG GAA AAC CTG AAC GTT GGT GAC GAA ATC ATC GTG CAG GCG ATC GAC GTT CGT CCG GAA AAA CGT GAA ATC GAC TTC AAA TAC ATC CCG,2.5399926031574864
GAC GTT GAA CCG GGT AAA TTC TAC AAA GGT GTT GTT ACC CGT ATC GAA AAA TAC GGT GCG TTC ATC AAC CTG AAC GAA CAG GTT CGT GGT CTG CTG CCA CCG CGT GAC ATG ATC TCT CTG CGT CTG GAA AAT CTG AAC GTT GGT GAC GAA ATC ATC GTT CAA GCG ATC GAC GTT CGT CCG GAA AAA CGC GAA ATC TTC TTC AAA TAC ATC CCG,2.5551204735051263
GAT GTT GAA CCG GGT AAA TTC TAC AAA GGT GTT GTT ACC CGT ATC GAA AAA TAC GGT GCG TTC ATC AAT CTG AAT GAA CAG GTT CGT GGT CTG CTG CGT CCG CGT GAC ATG ATC TCT CTC CGT CTG CCA AAC CTG AAC GTT GGT GAC GAA ATC ATT GTT CAA GCG ATC GAC GTT CGT CCG GAA AAA CGT GAA ATC GAC TTC AAA TAC ATC CCG,3.417209269999211
GAT GTT GAA CCG GGT AAA TTC TAC AAA GGT GTG GTT ACC AAC ATC TTC AAG TAC GGT GCG TTC ATC AAC CTG AAT GAA CAG GTT CGT GGT CTG CTG CGT CCG CGT GAT ATG ATC TCT CTG CGT CTG GAG AAT CTG AAC GTT GGT GAC GAA ATC ATC GTT CAG GCG ATC GAC GTT CGT CCG GAA AAA CGT GAA ATC GAC TTC AAA TAC ATC CCG,3.99096883799716
GAC GTT GAA CCG GGC AAA TTC TAC AAA GGT GTT GTT ACC CGT ATC GAA AAA TAC GGT GCG TTC ATC AAC CTC AAT GAA CAG GTT CGT GGT CTG CTG CGT CCG CGT CCG ATG ATC TCT CTG CGT CTG GAA AAC CTG AAT GTT GGT GAC GAA ATC ATC GTT CAG GCG ATT GAC GTT CAC CCG GAA AAA CGT GAA ATC GAC TTC AAA TAC ATC CCG,1.178734170640929
GAC GTT GAA CCG GGT AAA TTC TAC AAA GGT GTT GTT ACC CGT ATC GAA AAA TAC GGT GCG TTC ATC AAC CTG AAC GAA CAG GTT CGT GGT CTG CTG ATT CCG CGT GAC ATG ATC TCC CTG CGT CTG GAA AAC CTC AAC GTG GGT GAT GAG ATT ATC GTT CAA GCG ATC GAC GTT CGT CCG GAA AAA CGC GAA ATC ATT TTC AAA TAC ATC CCG,2.9053920161689004
GAC GTT GAA CCG GGT AAA TTC TAC AAA GGT GTT GTT ACC CGT ATC GAG AAA CGC GGT GCG TTC ATC AAC CTG AAC GAA CAG GTT CGT GGT CTG CTG CGC CCA CGT GAC ATG ATC TCT CTG CGT CTG GAA AAT CTG AAT GTT GGT GAC GAA ATC ATC GTG CAG GCG ATC GAT GTT CGT CCG GAA AAA CGT GAA ATC GAC TTC AAA TAC ATC CCG,3.394646255403543
GAC GTT GAA CCG GGT AAA ATC TAC AAA GGT GTT GTT ACC CGT ATC GAA AAA TAC GGT GCG TTC ATC AAC CTG AAC GAA CAG GTT CGT GGT CTG CTG CGT CCA CGC GAC ATG ATC TCT CTG CGT CTG GAA AAT CTG AAC GTT GGT GAC GAA ATC ATC GTT CAA GCG ATC GAC GTT CGT CCG GAA AAA CGT GAA ATC GAC TTC AAA TAC ATC CCG,3.801635520508023
GAC GTT GAA CCG GGT AAA TTC TAC AAA GGT GTT GTT ACC CGT ATC GAA AAA TAC GGT GCG TTC ATC AAC CTC AAC GAA CAG GTT CGT GGT CTG CTG CGT CCG CGT GAC ATG ATC TCT CTG CGT CTG GAA AAC CTG AAC GTT GGT GAC GAA ATC ATC GTG CAG GCG ATC GAC GTG GGT CCG GAA AAA CGT GAA ATC CGT TTC AAA TAC ATC CCG,4.773550067891407
GAC GTT GAA CCG GGT AAA TTC TAC AAA GGT GTT GTT ACC CGT ATC GAA AAA TAC GGT GCG TTC ATC AAC CTG AAT GAA CAG GTT CGT GGT CTG CTG GCT CCA CGC AAC ATG ATC TCT CTG CGT CTG GAA AAC CTC AAT GTT GGT GAC GAA ATC ATC GTG CAG GCG ATC GAC GTT CGT CCG GAA AAA CGT GAA ATC GAC TTC AAA TAC ATC CCG,3.939912621196021
GAC GTT GAA CCG GGT AAG TTC TAC AAA GGT GTT GTT ACC CGT ATC GAA AAA TAC GGT GCG TTC ATC AAT CTC AAC GAA CAG GTT CGT GGT CTG CTG CGT CCG CGT GAC ATG ATC TCT CTG CGT CTG GAA AAC CTC AAC GTG GGC GAC GAA ATC ATC GTT CAG GCG ATC GAT TCT CGT CCG GAA AAA CGT GAA ATC GAC TTC AAA TAC ATC CCG,3.898536972407826
GAC GTT GAA CCG GGT AAA TTC TAC AAA GGT GTT GTT ACC CGT ATC GAA AAA TAC GGT GCG TTC ATC AAT CTG AAC GAA CAG GTT CGT GGT CTG CTC GTG CCA CGT ACC ATG ATC TCT CTG CGT CTG GAA AAC CTC AAT GTT GGC GAC GAA ATC ATT GTG CAA GCG ATC GAC GTT CGT CCG GAA AAA CGT GAA ATC GAC TTC AAA TAC ATC CCG,1.9763308350693007
GAT GTT GAA CCG GGT AAA TTC TAC AAA GGT GTT GTG ACC CGT ATC GAA AAA TAC GGT GCG TTC ATC AAC CTG AAT GAA CAG GTT CGT GGT CTG CTG AAA CCG CGT GAC ATG ATT TCT CTG CGT CTC GAA AAC CTC AAT GTT GGT GAC GAA ATT ATC GTT CAG GCG ATC GAC GTT CGT CCA GAA AAG CGC GAG ATC ATG TTC AAG TAC ATC CCG,3.329982914757701
GAT GTT GAA CCG GGT AAA TTC TAC AAA GGT GTT GTT ACC CGT ATC GAA TGG TAC GGT GCG TTC ATC AAC CTC AAC GAA CAG GTT CGT GGT CTG CTG CGT CCG CGT GAC ATG ATC TCT CTG CGT CTG GAA AAC CTG AAT GTT GGT GAC GAA ATC ATC GTT CAG GCT ATC GAC GTT CGT CCG GAA AAG CGT GAA ATC GAC TTC AAA TAC ATC CCG,6.229468294011529
GAC GTT GAA CCG GGC AAA TTC TAC AAA GGT GTT GTT ACC CGT ATC GAA AAA TAC GGT GCG TTC ATC AAC CTC AAC GAG CAA GTG CGT GGC CTG CTG CGC CCA CGC GAC ATG ATC TCC CTG CGT CTG TGC AAC CTG AAC GTT GGT GAC GAA ATC ATC GTG CAA GCT ATC GAC GTT CGT CCA GAA AAA CGT GAA ATC GAC TTC AAA TAC ATC CCA,4.340905818570562
GAC GTT GAA CCG GGT AAA TTC TAC AAA GGT GTT GTT ACC CGT ATC GAA AAA TAC GGT GCG TTC ATC AAC CTG AAT GAA CAG GTT CGT GGT CTG CTG TGG CCG CGT GAC ATG ATT TCC CTG CGT CTG GAA AAC CTC AAC GTG GGT GAC GAA ATT ATC GTT CAG GCG ATC GAC GTT CGT CCG GAA AAA CGT GAG ATC ATC TTC AAG TAC ATC CCG,2.553634930140813
GAC GTT GAA CCG GGC AAA TTC TAC AAA GGT GTT GTT ACC CGT ATC GAA AAA TAC GGT GCG TTC ATC AAC CTG AAC GAA CAG GTG CGT GGT CTG CTG CGT CCG CGT GAC ATG ATT TCC CTG CGC CTG GAA AAC CTC AAC GTG GGT GAC GAG ATT ATC GTT CAA GCT ATC GAC GTT CGC CCG GAA AAA CGT GAA ATC GAC TTC AAA ATC ATT CCG,2.557485684835556
GAC GTT GAA CCG GGC AAA TTC TAC AAA GGT GTT GTT ACC CGT ATC GAA AAA TAC GGT GCG TTC ATC AAT CTG AAC GAA CAG GTT CGT GGT CTG CTG ATG CCG CGT GAC ATG ATC TCT CTG CGT CTG GAA AAC CTG AAC GTT GGT GAC GAA ATC ATC GTG CAG GCG ATC GAC GTT TAC CCG GAA AAA CGT GAA ATC GAC TTC AAA TAC ATC CCG,1.910682777450296
GAC GTT GAA CCG GGT AAA TTC TAC AAA GGT GTT GTT ACC CGT ATC GAA AAA TAC GGT GCG TTC ATC AAC CTG AAC GAG ATG GTT CGT GGT CTG CTG CGT CCG CGT GAC ATG ATC TCT CTG CGT CTG GAA AAT CTG AAC GTT GGT GAC GAA ATC ATC GTG CAA GCG ATC GAC GTT CGT CCG GAA AAA CGT GAA ATC GAC TTC AAA TAC ATC CCG,5.4460451987913725
GAC GTT GAA CCG GGT AAA TTC TAC AAA GGT GTT GTT ACC CGT ATC GAA AAA TAC GGT GCG TTC ATC AAC CTG AAC GAA CAA GTT CGT GGT CTG CTG CGT CCG CGT GGT ATG ATC TCT CTC CGT CTG GAA AAT CTG AAC GTG GGT GAC GAA ATC ATC GTG CAA GCG ATC GAC GTT CGT CCG GAA AAG CGT GAA ATC AAA TTC AAA TAC ATC CCG,1.817306198231511
GAC GTG GAA CCG GGT AAA TTC TAC AAA GGT GTT GTT ACC CGT ATC GAA AAA TAC GGT GCG TTC ATC AAC CTC AAT GAA CAG GTT CGT GGT CTG CTG CGT CCG CGT GAC ATG ATC TCT CTG CGT CTG GAA AAC CTG AAC GTT GGT GAC GAA ATC ATC AAA CAG GCG ATC GAC GTT CGT CCG GAA AAA CGT GAA ATC GAC TTC AAA TAC ATC CCG,-0.5231132415304327
GAT GTT GAA CCG GGT GGT TTC TAC AAA GGT GTT GTT ACC CGT ATC GAA AAA TAC GGT GCG TTC ATC AAC CTG AAT GAA CAG GTT CGT GGT CTG CTG CGT CCG CGT GAC ATG ATC TCT CTG CGT CTG GAA AAC CTC AAC GTG GGC GAT GAA ATC ATT GTG CAG GCG ATT GAC GTT CGT CCG GAA AAA CGT GAA ATC GAC TTC AAA TAC ATC CCG,4.241730688937171
GAC GTT GAA CCG GGT AAG TTC TAC AAA GGT GTT GTT ACC CGT ATC GAA AAA TAC GGT GCG TTC ATC AAC CTC AAC GAG CAG GTT CGT GGT CTG CTC CGC CCA CGC GCG ATG ATC TCT CTG CGT CTG GAA AAC CTG AAT GTT GGC GAC GAA ATC ATC GTT CAG GCG ATC GAC GTT CGT CCG GAA AAA CGT GAA ATC GAC TTC TTC TAC ATC CCG,2.497117364126584
GAC GTT GAA CCG GGT AAA TTC TAC AAA GGT GTT GTT ACC CGT ATC GAA AAA TAC GGT GCG TTC ATC AAC CTC AAC GAG CAG GTT CGT GGT CTG CTG CGT CCG CGC GAA ATG ATC TCT CTG CGT CTG GAA AAC CTG AAC GTT GGT GAC GAA ATC ATC GTT CAA GCG ATC GAC GTT GCG CCG GAA AAA CGT GAA ATC GAC TTC AAA TAC ATT CCG,1.5520701521488935
GAC GTT GAA CCG GGT AAA TTC TAC AAA GGT GTT GTT ACC CGT ATC GAA AAA TAC GGT GCG TTC ATC AAC CTG AAC GAA CAG GTT CGT GGT CTG CTG CGT CCG CGT GAC ATG ATC TCT CTG CGT CTG GAA AAC CTC AAC GTG GGC GAC GAA ATC ATC GTG CAG GCG ATC GAC GTT CGT CCG GAG AAA CGT GAA ATC AAG TTC AAA TAC ATC CCG,4.041876697307065
GAC GTT GAA CCG GGT AAA TTC TAC AAA GGT GTT GTT ACC CGT ATC GAA AAA TAC GGT GCG TTC ATC AAC CTG AAT GAA CAG GTT CGT GGT CTG CTG CGT CCG CGT CAG ATG ATC TCT CTG CGT CTG GAA AAT CTG AAC GTT GGT GAC GAA ATC ATC GTT CAG GCG ATC GAC GTT AAA CCG GAA AAA CGT GAA ATC GAC TTC AAA TAC ATC CCG,2.414079645219936
GAC GTT GAA CCG GGT AAA TTC TAC AAA GGT GTT GTT ACC CGT ATC GAA AAA TAC GGT GCG TTC ATC AAT CTG AAC GAG CAG GTT CGT GGT CTG CTG AAA CCG CGT GAA ATG ATC TCT CTG CGT CTG GAA AAC CTG AAC GTT GGT GAC GAA ATC ATC GTG CAG GCG ATC GAC GTT CGT CCG GAA AAA CGC GAA ATC GAC TTC AAA TAC ATC CCG,2.6279943624987703
GAT GTT GAA CCG GGT AAG TTC TAC AAA GGT GTT GTT ACC CGT ATC GAA AAA TAC GGT GCG TTC ATC AAC CTC AAT GAA CAG GTT CGT GGT CTG CTG TCT CCG CGT TCT ATG ATC TCT CTG CGT CTG GAA AAC CTG AAC GTT GGT GAC GAA ATC ATC GTG CAG GCG ATC GAC GTT CGT CCG GAA AAA CGT GAA ATC GAC TTC AAA TAC ATC CCG,2.1601338175253764
GAC GTG GAA CCG GGT AAA TTC TAC AAA GGT GTT GTT ACC CGT ATC GAA AAA TAC GGT GCG TTC ATC AAC CTC AAC GAA CAG GTT CGT GGT CTG CTG CGT CCG CGT AAA ATG ATC TCT CTG CGT CTG GAA AAC CTG AAT GTT GGT GAC GAA ATC ATT GTT CAG GCG ATC GAC GTT GTG CCG GAA AAA CGT GAA ATC GAC TTC AAA TAC ATC CCG,1.368099416887652
GAC GTT GAA CCG GGT AAG TTC TAC AAA GGT GTT GTT ACC CGT ATC GAA AAA TAC GGT GCG TTC ATC AAC CTG AAC GAA CAA GTT CGT GGT CTG CTG TTC CCG CGT GAC ATG ATC TCC CTG CGT CTG GAA AAT CTG AAC GTT GGT GAC GAA ATC ATC GTT CAA GCT ATC GAC GTT CGC CCG GAA AAA CGT GAA ATC CAC TTC AAA TAC ATC CCA,2.301555150863936
GAC GTT GAA CCG GGT AAA TTC TAC AAA GGT GTT GTT ACC CGT ATC GAA AAA TAC GGT GCG TTC ATC AAC CTC AAC GAA CAG GTT CGT GGT CTG CTG CAC CCG CGT TTC ATG ATC TCT CTG CGT CTG GAA AAC CTG AAC GTT GGT GAC GAA ATC ATC GTT CAA GCG ATC GAC GTT CGT CCG GAA AAA CGT GAA ATC GAC TTC AAA TAC ATC CCG,2.394492937339127
GAC GTT GAA CCG GGT AAA TTC TAC AAA GGT GTT GTT ACC CGT ATC GAA AAA TAC GGT GCG TTC ATC AAC CTC AAC GAG CAG GTT CGT GGT CTG CTG CGT CCA CGT ATT ATG ATC TCT CTG CGT CTG GAA AAC CTG AAC GTT GGT GAC GAA ATC ATT GTG CAG GCG ATC GAC GTT TTC CCG GAA AAA CGT GAA ATC GAC TTC AAA TAC ATC CCG,1.6763735611369175
GAC GTT GAA CCG GGT AAA TTC TAC AAA GGT GTT GTT TGC CGT ATC GAA AAA TAC GGT GCG TTC ATC AAC CTG AAC GAA CAG GTT CGT GGC CTG CTG CGT CCG CGT GAT ATG ATC TCT CTC CGT CTG GAG AAT CTG AAC GTT GGT GAC GAA ATC ATC GTG CAG GCT ATC GAC GTT CGT CCG GAA AAA CGT GAA ATC GAC TTC AAA TAC ATC CCG,3.649253914069204
GAC GTG GAG CCG GGT AAA TTC TAC AAA GGT GTT GTT ACC CGT ATC GAA AAA TAC GGT GCG TTC ATC AAT CTG AAT GAA CAG GTT CGT GGT CTG CTG AAC CCG CGT GAC ATG ATC TCT CTG CGT CTG GAA AAC CTG AAT GTT GGT GAC GAA ATC ATC GTT CAG GCG ATC GAC GTT GAC CCG GAA AAA CGT GAA ATC GAC TTC AAA TAC ATC CCG,1.5654204182200688
GAC GTT GAA CCG GGT AAA TTC TAC AAG GGT GTT GTT ACC TGC ATC GTT AAA TAC GGT GCG TTC ATC AAC CTC AAC GAA CAA GTT CGT GGT CTG CTG CGT CCG CGT GAC ATG ATC TCT CTG CGT CTG GAA AAC CTG AAC GTT GGT GAC GAA ATC ATC GTT CAA GCG ATC GAC GTT CGC CCG GAA AAA CGT GAA ATC GAC TTC AAA TAC ATC CCG,3.862524776725696
GAT GTG GAG CCG GGC AAG TTC TAC AAA GGC GTT GTT ACC GAG ATC GAA AAA TAC GGT GCG ATC ATC AAC CTG AAT GAA CAG GTT CGT GGC CTG CTG CGT CCA CGC GAC ATG ATC TCT CTG CGT CTG GAG AAC CTC AAT GTG GGT GAC GAA ATC ATT GTT CAA GCG ATC GAT GTT CGT CCG GAA AAA CGT GAA ATC GAC TTC AAA TAC ATC CCG,2.7686160414958163
GAC GTT GAA CCG GGT AAA TTC TAC AAG GGT GTT GTT ACC CGT ATC GAA AAA TAC GGT GCG TTC ATC AAC CTC AAT GAA CAG GTT CGT GGT CTG CTG CGT CCG CGT GAC ATG ATC TCT CTG CGT CTG GAA AAC CTG AAC GTT GGT GAC GAA ATC ATC GTT CAG ACC ATT GAC GTT CGT CCG GAA AAA CGT GAA ATC GAC TTC AAA TAC ATC CCG,3.848941707440728
GAC GTT GAA CCG GGT AAA TTC TAC AAA GGT GTT GTT ACC CGT ATC GAA AAA TAC GGT GCG TTC ATC AAC CTC AAC GAA CAG GTT CGT GGT CTG CTG CGT CCG GGT GAC ATG ATC TCT CTG CGC CTG GAA AAC CTG AAT GTT GGT GAC GAA ATC ATC GTT CAG GCG ATC GAC GTT CGT CCG GAA AAA CGT GAA ATC GAC TTC AAA TAC ATC CCG,4.436697321907586
GAC GTT GAA CCG GGT AAA TTC TAC AAA GGT GTT GTT ACC CGT ATC GAA AAA TAC GGT GCG TTC ATC AAT CTG AAC GAA CAG GTT CGT GGT CTG CTG TAC CCG CGT ATG ATG ATC TCT CTG CGT CTG GAA AAC CTG AAC GTT GGT GAC GAA ATC ATC GTT CAA GCG ATC GAC GTT CGT CCG GAA AAA CGT GAA ATC GAC TTC AAA TAC ATC CCG,1.9249095173333788
GAC GTG GAA CCG GGT AAA TTC TAC AAA GGT GTT GTT ACC CGT ATC GAA AAA TAC GGT GCG TTC ATC AAC CTC AAC GAA CAG GTT CGT GGT CTG CTG TAC CCG CGT GAC ATG ATC TCT CTG CGT CTG GAA AAT CTG AAC GTT GGT GAC GAA ATC ATC GTT CAG GCG ATC GAC GTT CGT CCG GAA AAA CGT GAA ATC GGT TTC AAA TAC ATC CCG,1.7703874087403122
GAC GTT GAA CCG GGC AAG TTC TAC AAG GGT GTT GTT ACC AAA ATC CAC AAA TAC GGT GCG TTC ATC AAC CTG AAC GAA CAG GTT CGT GGC CTG CTG CGT CCA CGT GAC ATG ATC TCT CTG CGC CTG GAA AAT CTG AAC GTT GGT GAC GAA ATC ATT GTT CAG GCG ATC GAC GTT CGT CCA GAA AAA CGT GAA ATC GAC TTC AAA TAC ATC CCG,4.202022079209833
GAT GTT GAA CCG GGT AAA TTC TAC AAA GGT GTT GTT ACC CGT ATC GAA AAG TAT GGT GCG TTC ATC AAT CTG AAT GAG CAG GTT CGT GGT CTG CTG CGT CCG CGT GAC ATG ATC TCT GTG CGT CTC GAA AAC CTG AAC GTT GGT GAC GAA ATC ATC GTT CAA GCG ATC GAC GTT CGT CCG GAA AAA CGT GAA ATC GAC TTC AAA TAC ATC CCG,3.9263668229698014
GAT GTT GAA CCG GGT AAA TTC TAC AAA GGT GTT GTT ACC CGT ATC GAA AAA TAC GGT GCG TTC ATC AAC CTC AAT GAG CAG GTT CGT GGT CTG CTG CGC CCA CGT GAC ATG ATC TCT CTG CGT CTG GAA AAC CTG AAC AAC GGT GAC GAA ATC ATC GTT CAG GCT ATC GAC GTT CGT CCG GAA AAA CGT GAA ATC GAC TTC AAA TAC ATC CCG,2.680754874868832
GAC GTT GAA CCG GGT AAA TTC TAC AAA GGT GTT GTT ACC CGT ATC GAA AAA TAC GGT GCG TTC ATC AAC CTC AAC GAA CAG GTT CGT GGT CTG CTG CGT CCG CGT GAC ATG ATC TCT CTG CGT CTG GAA AAC CTG AAC GTT ATG GAC GAA ATC ATC GTT CAA GCG ATC GAC GTT CGT CCG GAA AAA CGT GAA ATC GAC TTC AAA TAC ATC CCG,3.4097684611939747
GAC GTT GAA CCG GGT AAG TTC TAC AAA GGC GTT GTT ACC CGT ATC GAA AAA TAC GGT GCG TTC ATC AAC CTG AAC GAG CAG GTT CGT GGT CTG CTC CGT CCG CGT CAG ATG ATC TCT CTG CGT CTG GAA AAC CTC AAT GTG GGT GAC GAA ATC ATC GTT CAA GCG ATC GAT GTT CGT CCG GAA AAA CGT GAA ATC GAC TTC CTG TAC ATC CCG,2.502331604499204
GAT GTT GAA CCG GGT AAA TTC TAC AAA TAC GTT GTT ACC CGT ATC GAA AAA TAC GGC GCG TTC ATC AAC CTG AAT GAA CAG GTT CGT GGT CTG CTG CGT CCG CGT GAC ATG ATC TCT CTG CGC CTG GAA AAT CTC AAC GTG GGT GAC GAA ATC ATC GTT CAG GCG ATC GAT GTT CGT CCG GAA AAA CGT GAA ATC GAC TTC AAA TAC ATC CCG,1.5408389272682346
GAC GTT GAA CCG GGT AAG TTC TAC AAA GGT GTT GTT ACC CGT ATC GAA AAA TAC GGT GCG TTC ATC AAC CTC AAC GAA CAG GTG CGT GGT CTG CTG CGT CCG CGT GAC ATG ATC TCT CTG CGT CTG GAA AAC CTG AAC GTT GGT GAC GAA ATC ATC TTC CAG GCG ATC GAC GTT CGC CCG GAA AAA CGT GAA ATC GAC TTC AAA TAC ATC CCG,1.8351505171897549
GAC GTT GAA CCA GGT AAA TTC TAC AAA GGT GTT GTT ACC GCG ATC TCT AAG TAC GGT GCG TTC ATC AAC CTG AAC GAA CAG GTT CGT GGT CTG CTG CGT CCG CGT GAC ATG ATC TCT CTG CGT CTG GAA AAC CTC AAT GTT GGT GAC GAA ATC ATC GTG CAG GCG ATC GAT GTT CGT CCG GAA AAA CGT GAA ATC GAC TTC AAA TAC ATC CCG,4.5900630085226695
GAC GTT GAA CCG GGT AAA TTC TAC AAA GGT GTT GTT ACC CGT ATC GAA AAA TAC GGT GCG TTC ATC AAT CTG AAC GAA CAG GTT CGT GGT CTG CTG TCT CCG CGT GAC ATG ATC TCT CTG CGT CTG GAA AAC CTC AAC GTG GGT GAC GAA ATC ATC GTT CAA GCG ATC GAC GTT CGT CCG GAA AAA CGT GAG ATC CTG TTC AAA TAC ATC CCG,2.8848240111892616
GAC GTT GAA CCG GGT AAA TTC TAC AAG GGT GTT GTT ACC CGT ATC GAA AAA TAC GGT GCG TTC ATC AAC CTC AAC GAA CAG GTG CGT GGT CTG CTG CGT CCG CGT GAC ATG ATC TCT CTG CGT CTG GAG AAC CTG AAC GTT GGC GAC GAA ATC ATC GTG CAG GCG ATC GAC GTT TTC CCG GAA AAA CGT GAA ATC TGG TTC AAA TAC ATC CCA,4.090022773968148
GAC GTT GAA CCG GGC AAA TTC TAC AAA GGT GTT GTT ACC CGT ATC GAA AAA TAC GGT GCG TTC ATC AAC CTG AAC GAG CAG GTT CGT GGT CTG CTG CAC CCG CGT GAC ATG ATC TCT CTG CGT CTG GAA AAC CTC AAT GTT GGT GAC GAA ATC ATC GTG CAG GCG ATT GAC GTT CGT CCG GAA AAA CGT GAA ATC GAC TTC AAA TAC ATC CCG,3.1236561067462416
GAC GTT GAA CCG GGT AAA TTC TAC AAA GGT GTT GTT ACC CGT ATC GAA AAA TAC GGT GCG TTC ATC AAC CTG AAC GAA CAG GTT CGT GGT CTG CTC GAC CCG CGT CGC ATG ATC TCT CTG CGT CTG GAA AAC CTC AAC GTG GGT GAC GAA ATC ATC GTG CAG GCG ATT GAC GTT CGT CCA GAA AAA CGT GAA ATC GAC TTC AAA TAC ATC CCG,1.8753441312390944
GAT GTT GAA CCG GGC AAA TTC TAC AAA GGC GTT GTT ACC CAC ATC GAA AAA TAC GGC GCG ACC ATC AAT CTG AAT GAA CAA GTT CGT GGT CTG CTG CGT CCG CGT GAC ATG ATC TCT CTG CGT CTG GAA AAT CTC AAT GTT GGC GAC GAA ATC ATT GTG CAG GCG ATC GAC GTT CGT CCG GAA AAA CGT GAA ATC GAC TTC AAA TAC ATT CCA,2.771526363605076
GAC GTT GAA CCG GGT AAA TTC TAC AAA GGT GTT GTT ACC CGT ATC GAA AAG TAC GGC GCG TTC ATC AAC CTC AAC GAA CAG GTG CGT GGT CTG CTG CGT CCG CGT CGT ATG ATC TCT CTG CGC CTG GAA AAT CTG AAC GTT GGT GAT GAA ATC ATC GTT CAG GCG ATC GAC GTT CGT CCG GAA AAA CGT GAA ATC GAC TTC GAC TAC ATC CCG,1.6932534255957377
GAC GTG GAA CCG GGT AAG TTC TAC AAA GGT GTT GTT ACC CGT ATC GAA AAA TAC GGT GCG TTC ATC AAC CTC AAC GAA CAG GTT CGT GGC CTG CTG CGT CCG CGT GTT ATG ATC TCT CTG CGT CTG GAA AAC CTG AAC GTT GGC GAC GAA ATC ATT GTG CAG GCG ATC GAC GTT CGT CCG GAA AAA CGT GAA ATC GAC TTC GCG TAC ATC CCG,2.7554912480416505
GAC GTT GAA CCG GGT AAA TTC TAC AAA GGT GTT GTT ACC CGT ATC GAA AAA TAC GGT GCG TTC ATC AAC CTG AAC GAA CAG GTT CGT GGT CTG CTG CGT CCA CGT GAA ATG ATC TCT CTG CGT CTG GAA AAT CTG AAT GTT GGT GAC GAA ATC ATC GTG CAG GCG ATT GAC GTG CGT CCG GAA AAA CGT GAG ATC AAC TTC AAA TAC ATC CCG,2.4157962531711843
GAC GTT GAA CCG GGT AAA TTC TAC AAG GGT GTT GTT ACC CGT ATC GAA AAA TAC GGT GCG TTC ATC AAT CTG AAT GAA CAG GTT CGT GGT CTG CTG CGT CCA CGT ATT ATG ATC TCT CTG CGT CTG GAA AAC CTG AAT GTT GGT GAC GAA ATC ATC GTT CAA GCG ATC GAC GTG CAG CCG GAA AAA CGT GAA ATC GAC TTC AAA TAC ATC CCG,1.6227462740109022
GAC GTT GAA CCG GGC AAA TTC TAC AAA GGT GTT GTT ACC GTT ATC GGC AAA TAC GGT GCG TTT ATC AAC CTC AAC GAA CAG GTT CGT GGT CTG CTG CGT CCG CGT GAC ATG ATC TCT CTG CGT CTG GAA AAT CTG AAC GTT GGT GAT GAA ATC ATC GTT CAG GCG ATT GAC GTT CGT CCG GAA AAA CGT GAA ATC GAC TTC AAG TAC ATC CCG,3.6294994759540087
GAC GTT GAA CCG GGT AAG TTC TAC AAA GGT GTT GTT ACC CGT ATC GAA CCA TAC GGT GCG TTC ATC AAC CTC AAT GAA CAG GTG CGT GGT CTG CTG CGT CCG CGC GAC ATG ATC TCT CTC CGT CTG GAA AAC CTG AAC GTT GGT GAC GAA ATC ATT GTT CAG GCG ATC GAC GTT CGT CCG GAA AAA CGT GAA ATC GAC TTC AAA TAC ATC CCA,6.167950152825767
GAT GTT GAA CCG GGT AAA TTC TAC AAA GGT GTT GTT ACC CGT GGT GAA AAA TAC GGT GCG TTC ATC AAC CTG AAC GAG CAG GTT CGT GGT CTG CTG CGT CCG CGT GAC ATG ATC TCT CTG CGT CTG GAA AAC CTC AAT GTT GGT GAC GAA ATC ATC GTG CAG GCG ATT GAC GTT CGT CCG GAA AAA CGT GAA ATC GAC TTC AAA TAC ATC CCG,0.101807323569626
GAC GTT GAA CCG GGT AAA TTC TAC AAA GGT GTT GTT ACC CGT ATC GAA AAA TAC GGT GCG TTC ATC AAC CTG AAT GAA CAG GTT CGT GGT CTG CTG AAA CCG CGT GAC ATG ATC TCT CTG CGT CTG GAA AAC CTC AAT GTT GGT GAC GAA ATC ATC GTG CAA GCG ATC GAC GTT ACT CCG GAA AAA CGT GAA ATC GAC TTC AAA TAC ATC CCG,2.0252032531781907
GAC GTT GAA CCG GGT AAA TTC TAC AAA GGT GTT GTT ACC CGT ATC GAA AAA TAC GGT GCG TTC ATC AAC CTG AAC GAA CAG GTT CGT GGT CTG CTG GTT CCG CGC CTG ATG ATC TCT CTG CGT CTG GAA AAT CTG AAT GTT GGT GAC GAA ATC ATT GTT CAA GCG ATC GAC GTT CGT CCG GAA AAA CGT GAA ATC GAC TTC AAA TAC ATC CCG,2.4587919741779816
GAC GTT GAA CCG GGT AAA TTC TAC AAA GGT GTT GTT ACC CGT ATC GAA AAA TAC GGT GCG TTC ATC AAC CTC AAT GAA CAG GTT CGT GGT CTG CTC CGT CCG CGT TTC ATG ATC TCT CTG CGT CTG GAA AAC CTG AAC GTT GGT GAC GAA ATC ATC GTG CAG GCG ATC GAC GTT AAA CCG GAA AAA CGT GAA ATC GAC TTC AAA TAC ATC CCG,2.780566070063145
GAC GTT GAA CCG GGC AAA TTC TAC AAA GGT GTT GTT ACC TTC ATC GAA AAA TAC GGT GCG AAC ATC AAT CTG AAC GAA CAG GTT CGT GGC CTG CTG CGT CCG CGT GAC ATG ATC TCT CTG CGC CTG GAA AAC CTG AAC GTG GGT GAC GAA ATC ATC GTG CAG GCG ATT GAC GTT CGT CCG GAA AAA CGT GAA ATC GAC TTC AAA TAC ATC CCG,1.0641700896230015
GAC GTT GAA CCG GGT AAA TTC TAC AAA GGT GTT GTT ACC CGT ATC GAA AAA TAC GGT GCG TTC ATC AAC CTC AAT GAA CAG CGT CGT GGT CTG CTC CGT CCG CGT GAC ATG ATC TCT CTG CGT CTG GAA AAC CTG AAC GTT GGT GAC GAA ATC ATC GTT CAA GCG ATC GAC GTT CGT CCG GAA AAA CGT GAA ATC GAC TTC AAA TAC ATC CCG,3.312194540659295
GAC CCA GAA CCG GGC AAA TTC TAC AAA GGT GTT GTT ACC CGT ATC GAA AAA TAC GGT GCG TTC ATC AAC CTG AAT GAG CAG GTT CGT GGT CTG CTG CGT CCG CGT GAC ATG ATC TCT CTG CGT CTG GAA AAC CTC AAT GTT GGT GAC GAA ATC ATC GTT CAG GCG ATC GAC GTT CGC CCG GAA AAA CGT GAA ATC GAC TTC AAA TAC ATC CCA,3.714951949926115
GAC GTT GAA CCG GGT AAA TTC TAC AAA GGT GTT GTT ACC CGT ATC GAA AAA TAC GGT GCG TTC ATC AAC CTG AAC GAA CAA GTT CGT GGT CTG CTG CGT CCG CGT GAC ATG ATC TCT CTG CGT CTG GAA AAC CTG CCG GTT GGT GAC GAA ATC ATC GTT CAA GCG ATC GAC GTT CGT CCG GAA AAA CGT GAA ATC GAC TTC AAA TAC ATC CCG,0.8968089503359522
GAC GTT GAA CCG GGT AAA TTC TAC AAA GGT GTT GTT ACC CGT ATC GAA AAA TAC GGT GCG TTC ATC AAT CTG AAC GAA CAG GTT CGT GGT CTG CTC GCT CCA CGT GAC ATG ATC TCT CTG CGT CTG GAA AAC CTG AAC GTG GGT GAC GAG ATT ATC GTT CAA GCG ATC GAC GTT CGT CCG GAA AAA CGT GAA ATC AAC TTC AAG TAC ATC CCG,2.545114599604754
GAC GTT GAA CCG GGT AAA TTC TAC AAA GGT GTT GTT ACC CGT ATC GAA AAA TAC GGT GCG TTC ATC AAC CTC AAC GAA CAG GTT CGT GGT CTG CTG CGT CCG CGT TCT ATG ATC TCT CTG CGT CTG GAA AAC CTG AAC GTT GGT GAC GAA ATC ATC GTT CAA GCG ATC GAC GTT CGT CCG GAA AAA CGT GAA ATC TGG TTC AAA TAC ATC CCG,2.5335511868575726
GAT GTT GAA CCG GGT AAA TTC TAC AAG GGT GTT GTT ACC CGT ATC GAA AAA TAC GGT GCG TTC ATC AAC CTC AAT GAA CAG GTT CGT GGT CTG CTC CGT CCG CGT CCA ATG ATC TCT CTG CGT CTG GAA AAC CTG AAC GTT GGT GAC GAA ATC ATC GTG CAG GCT ATC GAT GTT CGT CCG GAA AAA CGT GAA ATC GAC TTC GTT TAC ATC CCG,1.8756202492873872
GAC GTT GAA CCG GGT AAA TTC TAC AAG GGT GTT GTT ACC ATG ATC ACC AAA TAC GGT GCG TTC ATC AAC CTG AAC GAG CAG GTT CGT GGT CTG CTG CGT CCA CGC GAC ATG ATC TCT CTC CGT CTG GAA AAT CTG AAC GTT GGT GAC GAA ATC ATC GTT CAA GCT ATC GAC GTT CGT CCG GAA AAA CGT GAA ATC GAC TTC AAA TAC ATC CCG,5.315078357164502
GAC GTT GAA CCG GGT AAA TTC TAC AAA GGT GTT GTT ACC CGT ATC GAA AAA TAC GGT GCG TTC ATC AAC CTC AAC GAA CAG GTT CGT GGT CTG CTG ACT CCG CGT GTT ATG ATC TCT CTG CGT CTG GAA AAC CTG AAC GTT GGT GAC GAA ATC ATC GTG CAA GCG ATC GAC GTT CGT CCG GAA AAA CGT GAA ATC GAC TTC AAA TAC ATC CCG,1.7173784000139525
GAC GTT GAA CCG GGT AAA TTC TAC AAA GGT GTT GTT ACC CGT ATC GAA AAA TAC GGT GCG TTC ATC AAC CTC AAT GAA CAG GTT CGT GGT CTG CTG TTC CCG CGT AAC ATG ATC TCT CTG CGT CTG GAA AAC CTG AAT GTT GGT GAC GAA ATC ATC GTT CAA GCG ATC GAC GTG CGC CCA GAA AAA CGT GAA ATC GAC TTC AAG TAC ATC CCG,3.032505145650408
GAC GTT GAA CCG GGT AAA TTC TAC AAA GGT GTT GTT ACC CGT ATC GAA AAA TAC GGT GCG TTC ATC AAT CTG AAC GAA CAG GTT CGT GGT CTG CTG GCT CCG CGT GCG ATG ATC TCT CTG CGT CTG GAA AAC CTG AAT GTT GGT GAC GAA ATC ATC GTG CAA GCG ATC GAC GTT CGT CCG GAA AAA CGT GAA ATC GAC TTC AAA TAC ATC CCG,2.093022059365466
GAC GTG GAG CCG GGT AAA TTC TAC AAA GGC GTT GTT ACC CGT ATC GAA AAA TAC GGT GCG TTC ATC AAC CTG AAC GAG CAG GTT CGT GGT CTG CTG TCT CCG CGT GAC ATG ATC TCT CTG CGT CTG GAA AAT CTG AAC GTT GGT GAC GAA ATC ATT GTT CAG GCG ATC GAC GTT GAC CCG GAA AAA CGT GAA ATC GAC TTC AAA TAC ATC CCG,1.9358894536704847
GAT GTT GAA CCG GGT AAA TTC TAC AAA GGT GTT GTT ACC CGT ATC GAA AAA TAC GGT GCG TTC ATC AAC CTG AAT GAA CAG GTT CGT GGT CTG CTG CGT CCG CGT GAA ATG ATC TCT CTG CGT CTG GAA AAT CTG AAT GTT GGT GAC GAA ATC ATC GTT CAG GCT ATC GAC GTT CGT CCG GAA AAG CGT GAG ATC AAA TTC AAA TAC ATC CCG,2.4659177289215304
GAC GTT GAA CCG GGT AAG TTC TAC AAA GGT GTT GTT ACC CAA ATC TGC AAA TAC GGT GCG TTC ATC AAC CTG AAC GAA CAG GTG CGT GGT CTG CTC CGT CCG CGT GAC ATG ATC TCT CTG CGT CTG GAA AAT CTG AAT GTG GGT GAC GAA ATC ATT GTT CAG GCG ATC GAC GTG CGC CCA GAA AAA CGT GAA ATC GAC TTC AAA TAC ATC CCG,4.142193079415598
GAC GTT GAA CCG GGT AAG TTC TAC AAA GGT GTT GTT ACC CGT ATC GAA AAA TAC GGT GCG TTC ATT AAC CTG AAC GAA CAG GTT CGT GGT CTG CTG CGT CCG CGT AAA ATG ATC TCT CTG CGT CTG GAA AAC CTC AAT GTT GGT GAC GAA ATC ATC GTT CAA GCG ATC GAC GTT CGT CCG GAA AAA CGT GAA ATC CAG TTC AAA TAC ATC CCG,1.9846138467873784
GAT GTT GAA CCG GGT AAG TTC TAC AAA GGT GTT GTT ACC CGT ATC GAA AAA TAC GGT GCG TTC ATC AAC CTC AAC GAG CAG GTT CGT GGT CTG CTG CGT CCG CGT GCT ATG ATC TCT CTG CGC CTG GAA AAC CTG AAC GTT GGT GAC GAA ATC ATT GTG CAA GCG ATC GAC GTT TTC CCG GAA AAA CGT GAA ATC GAC TTC AAA TAC ATC CCG,2.0847843569321984
GAC GTT GAA CCG GGT AAA TTC TAC AAG GGT GTT GTT ACC CGT ATC GAA AAA TAC GGC GCG TTC ATC AAC CTC AAC GAA CAG GTT CGT GGT CTG CTG CGT CCA CGC GAC ATG AAA TCT CTG CGT CTG GAA AAC CTG AAC GTT GGT GAC GAA ATC ATC GTG CAG GCT ATT GAC GTT CGT CCA GAA AAA CGT GAA ATC GAC TTC AAA TAC ATC CCG,4.410414011334908
GAC GTT GAA CCG GGC AAA TTC TAC AAA GGT GTT GTT ACC TAC ATC GAC AAA TAC GGC GCG TTC ATC AAC CTC AAC GAA CAG GTT CGT GGT CTG CTG CGT CCG CGT GAC ATG ATC TCT CTG CGT CTG GAA AAC CTG AAT GTT GGT GAC GAA ATC ATC GTT CAG GCG ATC GAC GTT CGC CCG GAA AAA CGC GAA ATC GAC TTC AAA TAC ATC CCA,4.018779471383766
GAC GTT GAA CCG GGT AAA TTC TAC AAA GGT GTT GTT ACC CGT ATC GAA AAA TAC GGT GCG TTC ATC AAT CTG AAT GAG CAG GTT CGT GGC CTG CTG CGT CCG CGT CAC ATG ATC TCT CTG CGC CTG GAA AAC CTG AAC GTT GGT GAC GAA ATC ATC GTT CAA GCG ATC GAC GTT CGT CCG GAA AAA CGT GAA ATC GAC TTC CAC TAC ATC CCG,3.1179316939181065
GAC GTT GAA CCG GGT AAA TTC TAC AAA GGT GTT GTT ACC CGT ATC GAA AAA TAC GGT GCG TTC ATC AAC CTC AAC GAA CAG GTT CGT GGT CTG CTG CCA CCG CGT GAC ATG ATC TCT CTG CGT CTG GAA AAC CTG AAT GTT GGT GAC GAA ATC ATC GTT CAG GCG ATC GAC GTT TGG CCG GAA AAA CGT GAA ATC GAC TTC AAA TAC ATC CCG,1.168799256083204
GAC GTT GAA CCG GGT AAA TTC TAC AAG GGT GTT GTT ACC CTG ATC TAC AAA TAC GGT GCG TTC ATC AAC CTG AAC GAG CAG GTT CGT GGT CTG CTG CGT CCA CGT GAC ATG ATC TCT CTG CGT CTG GAA AAC CTC AAC GTG GGT GAC GAA ATC ATT GTT CAG GCG ATC GAC GTT CGT CCG GAA AAA CGT GAA ATC GAC TTC AAG TAC ATC CCG,4.317792120223653
GAT GTT GAA CCG GGT AAA TTC TAC AAA GGT GTT GTT ACC CGT ATC GAA AAA TAC GGT GCG TTT ATC AAC CTG AAT GAA CAG GTT CGT GGT CTG CTG ATG CCG CGT GAC ATG ATC TCT CTG CGT CTG GAA AAT CTG AAT GTT GGT GAC GAA ATC ATC GTT CAA GCG ATC GAC GTT CAC CCG GAA AAA CGT GAA ATC GAC TTC AAA TAC ATC CCG,2.074144850531228
GAC GTT GAA CCG GGT AAA TTC TAC AAA GGT GTT GTT ACC CGT ATC GAA AAA TAC GGT GCG TTC ATC AAC CTC AAC GAA CAG GTT CGT GGT CTG CTG CGC CCA CGT GAC ATG ATC TCT CTG CGT CTG GAG AAC CTG AAT GTT GGT GAT ATG ATT ATC GTG CAA GCG ATC GAC GTT CGT CCG GAA AAA CGT GAA ATC GAC TTC AAA TAC ATC CCG,6.586749150379154
GAC GTT GAA CCG GGT AAA TTC TAC AAA GGT GTT GTT ACC CGT ATC GAA AAA TAC GGT GCG TTC ATC AAC CTG AAC GAA CAA GTT CGT GGT CTG CTG ATC CCA CGT GAC ATG ATC TCT CTG CGT CTG GAA AAC CTC AAT GTT GGT GAC GAA ATC ATC GTG CAG GCT ATT GAC GTT CGT CCG GAA AAA CGT GAA ATC TGG TTC AAA TAC ATC CCG,2.8970761775414404
GAC GTT GAA CCG GGT AAA TTC TAC AAA GGT GTT GTT ACC CGT ATC GAA AAA TAC GGT GCG TTC ATC AAC CTG AAT GAA CAG GTT CGT GGT CTG CTG CGT CCG CGT GAC ATG ATC GTT CTG CGT CTG GAA AAT CTG AAT GTG GGT GAC GAA ATC ATC GTT CAA GCG ATC GAC GTT CGT CCG GAA AAA CGT GAA ATC GAC TTC AAA TAC ATC CCG,4.414033629712037
GAC GTT GAA CCG GGT AAA TTC TAC AAA GGT GTT GTT ACC CGT ATC GAA AAA TAC GGT GCG TTC ATC AAT CTG AAC GAA CAG GTT CGT GGT CTG CTG CGT CCG CGT CGT ATG ATC TCT CTG CGT CTG GAA AAC CTG AAC GTT GGT GAC GAA ATC ATC GTT CAA GCT ATT GAC GTT CGT CCG GAA AAA CGT GAA ATC GAC TTC AAA TAC ATC CCG,2.871059156549946
GAC GTT GAG CCG GGT AAA TTC TAC AAA GGT GTT GTT ACC CGT ATC GAA AAA TAC GGT GCG TTC ATC AAT CTG AAC GAA CAG GTT CGT GGT CTG CTC AAT CCA CGC TCT ATG ATC TCT CTG CGT CTG GAA AAC CTG AAT GTT GGT GAC GAA ATC ATT GTT CAG GCT ATC GAC GTT CGT CCG GAA AAG CGC GAA ATC GAC TTC AAA TAC ATC CCA,1.6853178946816405
GAC GTT GAA TGC GGT AAA TTC TAC AAA GGT GTG GTT ACC CGT ATC GAA AAA TAC GGT GCG TTC ATC AAC CTG AAT GAA CAG GTT CGT GGT CTG CTG CGT CCG CGT GAC ATG ATC TCT CTG CGT CTG GAA AAC CTC AAC GTG GGT GAC GAA ATC ATC GTT CAG GCG ATC GAC GTT CGC CCG GAA AAA CGT GAA ATC GAC TTC AAA TAC ATC CCA,4.391395274021008
GAC GTT GAA CCG GGT AAA TTC TAC AAA GGT GTT GTT ACC CGT ATC GAA AAA TAC GGT GCG TTC ATC AAC CTC AAC GAA CAG GTT CGT GGT CTG CTG CAT CCA CGT GAC ATG ATC TCT CTC CGT CTG GAA AAC CTG AAC GTT GGT GAC GAA ATC ATC GTG CAG GCG ATC GAT GTG CAG CCG GAA AAA CGT GAA ATC GAC TTC AAA TAC ATC CCG,1.4793671857989494
GAC GTT GAA CCG GGT AAA TTC TAC AAA GGT GTT GTT ACC CGT ATC GAA AAA TAC GGT GCG TTC ATC AAC CTC AAC GAA CAG GTT CGT GGT CTG CTG CGT TGG CGT GAC ATG ATC TCT CTG CGT CTG GAA AAC CTG AAC GTT GGT GAC GAA ATC ATC GTT CAA GCG ATC GAC GTT CGT CCG GAA AAA CGT GAA ATC GAC TTC AAA TAC ATC CCG,4.384253340217732
GAC GTT GAA CCG GGT AAA TTC TAC AAA GGT GTT GTT ACC CGT ATC GAA AAA TAC GGT GCG TTC ATC AAC CTC AAC GAA CAG GTT CGT GGT CTG CTG CAC CCG CGT CCG ATG ATC TCT CTG CGT CTG GAA AAC CTG AAC GTT GGT GAC GAA ATC ATC GTT CAA GCG ATC GAC GTT CGT CCG GAA AAA CGT GAA ATC GAC TTC AAA TAC ATC CCG,1.1865614148582535
GAC GTT GAA CCG GGT AAA TTC TAC AAA GGT GTT GTT ACC CGT ATC GAA AAA TAC GGT GCG TTC ATC AAC CTG AAC GAA CAG GTT CGT GGT CTG CTG ACT CCG CGC GAC ATG ATC TCT CTG CGT CTG GAG AAC CTC AAC GTG GGC GAC GAA ATC ATC GTT CAA GCG ATT GAC GTT CGT CCG GAA AAA CGT GAA ATC CAC TTC AAA TAC ATC CCG,2.375245709909002
GAT GTT GAA CCG GGT AAA TTC TAC AAA GGT GTT GTT ACC CGT ATC GAA AAA TAC GGT GCG TTC ATC AAC CTG AAT GAA CAG GTT CGT GGT CTG CTG CGT CCG CGT GAC ATG ATC TCT CTG CGT CTG GAA AAT CTG AAC GTT GGT GAC GAA ATC ATC GTT CAG GCG CTG GAC GTT CGT CCG GAA AAA CGT GAA ATC GAC TTC AAA TAC ATC CCG,5.499675199547938
GAC GTG GAA CCG GGT AAG TTC TAC AAA GGT GTT GTT ACC CGT ATC GAA AAA TAC GGT GCG TTC ATC AAC CTC AAC GAA CAG GTT CGT GGC CTG CTC CGT CCG CGT GGC ATG ATC TCT CTG CGC CTG GAA AAC CTG AAC GTT GGT GAC GAA ATC ATC GTT CAA GCG ATC GAC GTT CGT CCA GAA AAA CGT GAA ATC GAC TTC CAC TAC ATC CCG,2.0602492418088145
GAC GTT GAA CCG GGT AAA TTC TAC AAA GGT GTT GTT ACC CGT ATC GAA AAA TAC GGT GCG TTC ATC AAT CTG AAC GAG CAG GTT CGT GGT CTG CTG CGT CCG CGT TGG ATG ATC TCT CTG CGC CTG GAA AAC CTG AAC GTT GGT GAC GAA ATC ATT GTT CAG GCG ATC GAC GTT CGT CCG GAA AAA CGC GAA ATC TCT TTC AAA TAC ATC CCG,3.277284155773112
GAC GTT GAA CCG GGT AAA TTC TAC AAA GGT GTT GTT ACC CGT ATC GAA AAA TAC GGT GCG TTC ATC AAC CTC AAC GAA CAG GTT CGT GGT CTG CTG CGT CCG CGC TAC ATG ATC TCT CTG CGT CTG GAA AAC CTG AAC GTT GGT GAC GAA ATC ATC GTT CAA GCG ATT GAC GTT GTT CCA GAA AAA CGT GAG ATC GAC TTC AAA TAC ATC CCG,2.228235798871307
GAC GTT GAA CCG GGT AAA TTC TAC AAA GGT GTT GTT ACC CGT ATC GAA AAA CAG GGT GCG TTC ATC AAC CTC AAT GAA CAG GTT CGT GGT CTG CTC CGT CCG CGT GAC ATG ATC TCT CTG CGT CTG GAA AAC CTG AAC GTT GGT GAC GAA ATC ATC GTG CAG GCG ATC GAC GTT CGT CCG GAA AAA CGT GAA ATC GAC TTC AAA TAC ATC CCG,3.481023972168106
GAT GTT GAA CCG GGT AAA TTC TAC AAA GGT GTT GTT ACC CGT ATC GAA AAA TAC GGT GCG TTC ATC AAC CTC AAC GAG CAG GTT CGC GGT CTG CTG CCA CCG CGT ATT ATG ATC TCT CTG CGT CTG GAA AAT CTG AAC GTT GGC GAC GAA ATC ATC GTT CAG GCG ATC GAC GTT CGT CCG GAA AAA CGT GAA ATC GAC TTC AAA TAC ATC CCG,1.9182782534002905
GAC GTT GAA CCG GGC AAA TTC TAC AAA GGT GTT GTT ACC CGT ATC GAA AAA TAC GGT GCG TTC ATC AAC CTC AAC GAA CAA GTT CGT GGT CTG CTG CGT CCG CGT GAC ATG ATC TCT CTG CGT CTG GAA AAC CTG AAT GTT GGT GAC GAA ATC ATT GTG CAG GCG ATC GAC GTT TAC CCG GAG AAA CGT GAA ATC GAA TTC AAA TAC ATC CCG,2.873883026392403
GAT GTT GAA CCG GGT AAA TTC TAC AAA GGT GTT GTT ACC CGT ATC GAA AAA TAC GGT GCG TTC ATC AAT CTG AAT GAA CAG GTT CGT GGT CTG CTG CGT CCG CGT GAC ATG ATC TCT CTG CGT CTG GAA AAC CTG AAC GTT GGT GAC GAA ATC ATC GTT CAG TTC ATC GAC GTT CGT CCG GAA AAA CGT GAA ATC GAC TTC AAA TAC ATC CCG,2.64475895481676
GAC GTT GAA CCG GGT AAA TTC TAC AAA GGT GTT GTT ACC CGT ATC GAA AAA TAC GGT GCG TTC ATT AAC CTG AAC GAA CAG GTT CGT GGT CTG CTG CGT CCG CGT GAC ATG ATC TCT CTG CGT CTG GAA TAT CTG AAC GTT GGT GAC GAA ATC ATC GTG CAG GCT ATC GAC GTT CGT CCG GAA AAA CGT GAA ATC GAC TTC AAA TAC ATC CCG,4.766258593487622
GAC GTT GAA CCG GGT AAA TTC TAC AAA GGT GTT GTT ACC CGT ATC GAA AAA TAC GGT GCG TTC ATC AAC CTG AAT GAA CAG GTT CGT GGT CTG CTG AAC CCG CGT GAC ATG ATC TCT CTG CGT CTC GAA AAT CTG AAC GTT GGT GAC GAA ATC ATC GTG CAG GCG ATC GAT GTG CGT CCG GAA AAA CGT GAA ATC GAA TTC AAA TAC ATC CCG,1.7574494750520169
GAT GTT GAA CCG GGT AAG TTC TAC AAA GGT GTT GTG ACC CAA ATC GGT AAA TAC GGT GCG TTC ATC AAC CTG AAT GAA CAG GTT CGT GGT CTG CTG CGT CCG CGC GAC ATG ATT TCT CTC CGC CTC GAA AAC CTC AAC GTG GGC GAC GAA ATT ATC GTT CAG GCG ATC GAC GTT CGT CCG GAA AAA CGT GAA ATC GAC TTC AAA TAC ATC CCG,3.3391384658060987
GAC GTT GAA CCG GGT AAG TTC TAC AAA GGT GTT GTT ACC CGT ATC GAA AAA TAC GGT GCG TTC ATC AAC CTC AAC GAA CAG GTT CGT GGT CTG CTG CGT CCG CGC AAT ATG ATC TCT CTG CGT CTG GAA AAT CTG AAC GTT GGT GAC GAA ATT ATC GTG CAG GCT ATT GAC GTT CGT CCG GAA AAG CGT GAA ATC ATG TTC AAA TAC ATC CCG,3.9123418625157456
GAC GTT GAA CCG GGT AAG TTC TAC AAA GGT GTT GTT ACC CGT ATC GAA AAA TAC GGT GCG TTC ATC AAC CTC AAC GAA CAA GTT CGT GGT CTG CTG CGT CCA CGT TGG ATG ATC TCT CTG CGT CTG GAG AAC CTG AAC GTT GGC GAC GAA ATC ATT GTG CAG GCG ATC GAC GTT CGT CCG GAA AAA CGT GAA ATC GAC TTC CTG TAC ATT CCG,3.222664922559126
GAC GTT GAA CCG GGT AAA TTC TAC AAA GGT GTT TAC ACC CGT ATC GAA AAA TAC GGT GCG TTC ATC AAC CTC AAC GAA CAG GTT CGT GGT CTG CTG CGT CCG CGT GAC ATG ATC TCT CTG CGT CTG GAA AAC CTG AAT GTT GGT GAC GAA ATC ATT GTT CAG GCG ATT GAC GTT CGT CCG GAA AAA CGT GAA ATC GAC TTC AAA TAC ATC CCG,1.6545974010897757
GAC GTT GAA CCG GGT AAA TTC TAT AAA GGC GTG GTG ACC CGT ATC GAG AAA TAC GGT GCG TTC ATC AAC CTG AAC GAG CAG GTG CGT GGT CTG CTG CGT CCG CGC GAC ATG ATC TCC CTC CGC CTC GAA AAT CTG AAC GTT GGT GAT GAA ATC ATC GTG CAG GCG ATT GAC GTG CGT CCA GAA AAA CGT GAA ATC GTT TTC AAA TAC ATC CCG,4.148915799952693
GAC GTT GAA CCG GGT AAA TTC TAC AAG GGT GTT GTT ACC CGT ATC GAA AAA TAC GGT GCG TTC ATC AAC CTC AAC GAG CAG GTT CGT GGT CTG CTG CGT CCG CGT GAC ATG ATC TCT CTG CGT ATG GAA AAC CTG AAT GTT GGT GAC GAA ATC ATC GTT CAA GCG ATT GAC GTT CGT CCG GAA AAA CGT GAA ATC GAC TTC AAA TAC ATC CCG,4.006663977048477
GAC GTT GAA CCG GGT AAA TTC TAC AAA GGT GTT GTT ACC CGT ATC GAA AAA TAC GGT GCG TTC ATC AAT CTC AAC GAA CAG GTT CGT GGT CTG CTG TGG CCG CGT GAC ATG ATC TCT CTG CGT CTG GAA AAC CTC AAT GTT GGT GAC GAA ATC ATC GTT CAG GCG ATC GAC GTG CGT CCG GAG AAA CGT GAA ATC AAG TTC AAA TAC ATC CCG,2.20184434850758
GAC GTT GAA CCG GGT AAA TTC TAC AAA GGT GTT GTT ACC CGT ATC GAA AAA TAC GGT GCG TTC ATC AAC CTC AAC GAA CAG GTT CGT GGT CTG CTG CAC CCA CGT TGG ATG ATC TCT CTG CGT CTG GAA AAC CTG AAC GTT GGT GAC GAA ATC ATC GTG CAG GCG ATC GAC GTT CGT CCG GAA AAA CGT GAA ATC GAC TTC AAA TAC ATC CCG,2.4554567181843483
GAC GTT GAA CCG GGT AAG TTC TAC AAA GGC GTT GTT ACC CGT ATC GAA AAA TAC GGT GCG TTC ATC AAC CTC AAC GAA CAA GTT CGT GGT CTG CTG CGT CCG CGT GAC ATG ATC TCT CTG CGT CTG GAA AAC CTG AAC GTT GGT GAC GAA ATC ATC GTT CAA GCG ATT GAC GTT ACT CCA GAA AAA CGT GAG ATC AAC TTC AAA TAC ATC CCG,3.76446891439413
GAC GTT GAA CCG GGT AAA TTC TAC AAA GGT GTT GTT ACC AAC ATC GAA AAA TAC GGT GCG TAC ATC AAC CTG AAC GAA CAG GTT CGT GGT CTG CTG CGT CCA CGC GAC ATG ATC TCT CTC CGT CTG GAA AAC CTC AAT GTG GGT GAC GAA ATC ATC GTT CAA GCG ATT GAC GTT CGT CCG GAA AAA CGT GAA ATC GAC TTC AAA TAC ATC CCG,3.0786758151095475
GAC GTT GAA CCG GGT AAA TTC TAC AAA GGT GTT GTT ACC CGT ATC GAA AAA TAC GGT GCG TTC ATC AAT CTC AAC GAA CAG GTT CGT GGT CTG CTG TAC CCG CGT GAC ATG ATC TCT CTG CGT CTG GAA AAC CTG AAC GTT GGT GAC GAA ATC ATT GTT CAA GCG ATC GAC GTT CCG CCG GAA AAA CGT GAA ATC GAC TTC AAA TAC ATC CCG,1.1818697494580497
GAC GTT GAA CCG GGT AAA TTC TAC AAA GGT GTT GTT ACC CGT ATC GAA AAA TAC GGT GCG TTC ATC AAC CTG AAT GAA CAG GTT CGT GGT CTG CTC GCG CCA CGT TAC ATG ATC TCT CTG CGT CTG GAA AAC CTC AAC GTG GGT GAC GAA ATC ATT GTG CAG GCG ATC GAC GTG CGT CCG GAA AAA CGT GAA ATC GAC TTC AAA TAC ATC CCG,2.731822405072544
GAC GTT GAA CCG GGT AAA TTC TAC AAA GGT GTT GTT ACC CGT ATC GAA AAA TAC GGT GCG TTC ATC AAC CTC AAT GAA CAG GTT CGT GGT CTG CTG CGT CCG CGT GAC ATG ATC TCT CTG CGT CTG GAA AAC CTG AAC GTT GGT GAC GAA ATC ATC GTG CAG GCG ATC GAT GTT CGT CCG GAA AAA CGT GAA ATC GAC TTC AAA TAC TCT CCG,4.6354377337911234
GAC GTT GAA CCG GGT AAG TTC TAC AAA GGT GTT GTT ACC CGT ATC GAA AAA TAC GGT GCG TTC ATC AAC CTG AAC GAA CAG GTG CGT GGT CTG CTG CGT CCG CGT ACC ATG ATC TCT CTG CGT CTG GAA AAC CTC AAT GTT GGT GAC GAA ATC ATT GTT CAG GCG ATC GAC GTT CGT CCG GAA AAA CGT GAA ATC GAC TTC GAT TAC ATC CCG,1.5649632298279772
GAC GTT GAA CCG GGT AAA TTC TAC AAA GGT GTT GTT ACC CGT ATC GAA AAA TAC GGT GCG TTC ATC AAC CTG AAT GAA CAG GTT CGT GGT CTG CTG CGT CCG CGC TTC ATG ATC TCT CTG CGC CTG GAA AAT CTG AAT GTT GGT GAC GAA ATC ATC GTT CAA GCG ATC GAC GTT GGT CCG GAA AAA CGT GAA ATC GAC TTC AAA TAC ATC CCG,2.4248027233073683
GAT GTG GAA CCG GGT AAA TTC TAC AAA GGT GTT GTT ACC AAC ATC GAA AAA TAC GGT GCG CCG ATC AAC CTG AAT GAA CAG GTT CGT GGT CTG CTG CGT CCG CGT GAC ATG ATC TCT CTG CGT CTG GAA AAC CTC AAT GTG GGT GAC GAA ATC ATC GTT CAG GCG ATT GAC GTT CGT CCG GAA AAA CGT GAA ATC GAC TTC AAA TAC ATC CCA,0.584297794982803
GAC GTT GAA CCG GGT AAA TTC TAC AAA GGT GTT GTT ACC CAC ATC GAA AAA TAC GGT GCG GCG ATC AAC CTC AAC GAA CAG GTT CGT GGT CTG CTG CGT CCG CGT GAC ATG ATC TCT CTG CGT CTG GAA AAT CTG AAC GTG GGT GAC GAA ATT ATC GTG CAG GCT ATC GAC GTT CGT CCG GAA AAA CGT GAA ATC GAC TTC AAA TAC ATC CCG,1.35984259640909
GAC GTT GAA CCG GGT AAA TTC TAC AAA GGT GTT GTT ACC CGT ATC GAA AAA TAC GGT GCG TTC ATC AAC CTG AAC GAA CAG GTT CGT GGT CTG CTG CGT CCG CGT GAC ATG ATC TCT CTG CGT CTG TAC AAT CTG AAT GTT GGT GAC GAA ATC ATC GTT CAA GCG ATC GAC GTT CGT CCG GAA AAA CGT GAA ATC GAC TTC AAA TAC ATC CCG,4.439327637195891
GAC GTT GAA CCG GGT AAA TTC TAC AAG GGT GTT GTT ACC CGT ATC GAA AAA TAC GGT GCG TTC ATC AAC CTG AAC GAA CAG GTT CGT GGC CTG CTG CGT CCG CGT GAC ATG ATC TCT CTG CGT CTG GAA AAT CTC AAT GTT GGT GAC GAA ATC ATC GTG CAA GCG ATC GAC GTT CGT TAC GAA AAA CGT GAA ATC GAC TTC AAA TAC ATC CCG,4.444546299311854
GAC GTT GAA CCG GGT AAA TTC TAC AAA GGT GTT GTT ACC CGT ATC GAA AAA TAC GGT GCG TTC ATC AAC CTG AAC GAA CAG GTT CGT GGT CTG CTG CGT CCG CGT CTG ATG ATC TCT CTG CGT CTG GAA AAT CTG AAT GTT GGT GAC GAA ATC ATC GTG CAA GCG ATC GAC GTG TTC CCG GAA AAA CGT GAA ATC GAC TTC AAA TAC ATC CCG,1.818769827433752
GAC ATG GAA CCG GGT AAA TTC TAC AAA GGT GTT GTT ACC CGT ATC GAA AAA TAC GGT GCG TTC ATC AAT CTG AAC GAA CAG GTT CGT GGT CTG CTG CGT CCG CGT GAC ATG ATC TCT CTG CGT CTG GAA AAC CTC AAT GTT GGT GAC GAA ATC ATC GTT CAA GCG ATC GAC GTT CGT CCG GAA AAA CGC GAA ATC GAC TTC AAA TAC ATC CCA,3.53654332992384
GAC GTT GAA CCG GGT AAA TTC TAC AAA GGT GTT GTG ACC AAA ATC GAA AAA TAC GGT GCG ATG ATC AAC CTG AAC GAA CAG GTT CGT GGT CTG CTG CGC CCA CGT GAC ATG ATC TCT CTG CGT CTG GAA AAC CTC AAC GTG GGT GAC GAA ATC ATC GTG CAG GCG ATT GAC GTG CGT CCA GAA AAA CGT GAA ATC GAC TTC AAA TAC ATC CCA,3.119972094789217
GAC GTT GAA CCG GGT AAA TTC TAC AAA GGT GTT GTT ACC CGT ATC GAA AAA TAC GGT GCG TTC ATC AAC CTC AAC GAA CAG GTT CGT GGT CTG CTC TAC CCG CGT GAC ATG ATC TCT CTG CGT CTG GAA AAT CTG AAT GTT GGT GAC GAA ATC ATC GTT CAG GCG ATT GAC GTT CAC CCG GAA AAA CGT GAA ATC GAC TTC AAA TAC ATC CCG,1.5751650729776072
GAC GTT GAA CCG GGT AAA TTC TAC AAG GGT GTG GTT ACC TTC ATC GAA AAA TAC GGT GCG GTT ATC AAC CTG AAC GAA CAG GTT CGT GGT CTG CTG CGC CCA CGT GAC ATG ATC TCT CTC CGC CTG GAG AAT CTG AAT GTT GGT GAC GAA ATC ATC GTG CAG GCG ATT GAC GTT CGT CCG GAA AAA CGT GAA ATC GAC TTC AAA TAC ATC CCG,2.903339345338155
GAC GTT GAA CCG GGT AAA TTC TAC AAA GGT GTT GTT ACC CGT ATC GAA AAG TAT GGT GCG TTC ATC AAC CTG AAC GAA CAG GTT CGT GGT CTG CTG CGT CCG CGT CTC ATG ATC TCT CTG CGT CTG GAA AAT CTG AAC GTT GGT GAC GAA ATC ATC GTG CAG GCG ATC GAC GTT CGT CCG GAA AAA CGT GAA ATC CAC TTC AAA TAC ATC CCG,2.1813101946226485
GAC GTT GAA CCG GGT AAG TTC TAC AAA GGT GTT GTT ACC CGT ATC GAA AAA TAC GGT GCG TTC ATC AAC CTC AAC GAG CAG GTT CGT GGT CTG CTC CGT CCG CGC TCT ATG ATC TCC CTG CGT CTG GAG AAC CTG AAC GTT GGT GAC GAA ATC ATC GTT CAA GCG ATC GAT GTT CGT CCG GAA AAA CGT GAA ATC GAC TTC CAG TAC ATC CCA,2.716804222101966
GAC GTT GAA CCG GGT AAG TTC TAC AAA GGT GTT GTT ACC CGT ATC GAA AAA TAC GGT GCG TTC ATC AAC CTG AAT GAA CAG GTT CGT GGT CTG CTG CGT CCG CGT CGT ATG ATC TCT CTG CGT CTG GAA AAC CTC AAT GTT GGT GAC GAA ATC ATC GTT CAG GCG ATT GAC GTT CGT CCG GAA AAA CGT GAA ATC GTT TTC AAA TAC ATC CCG,2.500599239698474
GAC GTT GAA CCG GGT AAA TTC TAC AAA GGT GTT GTT ACC CGT ATC GAA AAA TAC GGT GCG TTC ATC AAC CTG AAC GAA CAG GTT CGT GGT CTG CTG ATC CCG CGT TCT ATG ATC TCT CTG CGT CTG GAA AAC CTC AAT GTT GGT GAC GAA ATC ATC GTG CAG GCG ATC GAC GTT CGT CCG GAA AAA CGT GAA ATC GAC TTC AAA TAC ATC CCG,2.6836872698363368
GAC GTT GAA CCG GGT AAA TTC TAC AAA GGT GTT GTT ACC GCG ATC TGC AAA TAC GGT GCG TTC ATC AAC CTC AAC GAA CAG GTT CGT GGT CTG CTC CGT CCG CGT GAC ATG ATC TCT CTG CGT CTG GAA AAC CTG AAC GTT GGT GAC GAA ATC ATT GTT CAG GCT ATC GAC GTT CGT CCG GAA AAA CGT GAA ATC GAC TTC AAA TAC ATC CCG,4.298475264567246
GAC GTT GAA CCG GGT AAA TTC TAC AAA GGT GTT GTT ACC CGT ATC GAA AAA TAC GGT GCG TTC ATC AAT CTC AAC GAA CAG GTT CGT GGT CTG CTC CAG CCA CGT GAC ATG ATC TCT CTG CGT CTG GAA AAC CTC AAT GTT GGT GAC GAA ATC ATC GTG CAG GCG ATC GAC GTT CGT CCG GAA AAA CGT GAA ATC GAA TTC AAA TAC ATC CCG,2.17523289846976
GAC GTT GAA CCG GGT AAA TTC TAC AAA GGT GTT GAC ACC CGT ATC GAA AAA TAC GGT GCG TTC ATC AAC CTG AAC GAA CAG GTT CGT GGT CTG CTG CGT CCG CGT GAC ATG ATC TCT CTG CGT CTG GAA AAT CTG AAT GTT GGT GAC GAA ATC ATC GTT CAA GCG ATC GAC GTT CGT CCG GAA AAA CGT GAA ATC GAC TTC AAA TAC ATC CCG,-0.5496305044975911
GAT GTT GAA CCG GGT AAA TTC TAC AAA GGT GTT GTT ACC TCC ATC CAC AAA TAC GGC GCG TTC ATC AAT CTC AAC GAG CAG GTT CGT GGT CTG CTG CGT CCA CGT GAT ATG ATC TCT CTC CGT CTC GAA AAC CTC AAC GTG GGT GAC GAA ATC ATC GTT CAG GCG ATC GAT GTT CGT CCG GAA AAA CGT GAG ATC GAC TTC AAA TAC ATC CCG,5.347840784015386
GAT GTG GAA CCG GGT AAA TTC TAC AAA GGT GTT GTT ACC CGT ATC GAA AAA TAC GGT GCG TTC ATC AAC CTG AAC GAA CAG GTT CGT GGC CTC CTG CGT CCA CGT GAC ATG ATC TCT CTG CGT CTG GAA AAT CTG AAC GTT GGT GAC GAA ATC ATC GTG CAG GCG ATC GAC GTT CGT CCG GAA AAA CGT GAA ATC GAC TGC AAA TAC ATC CCG,2.377471481762337
GAC GTT GAA CCG GGT AAA TTC TAC AAA GGT GTT GTT ACC CGT ATC GAA AAA TAC GGT GCG TTC ATC AAC CTC AAC GAA CAG GTT CGT GGT CTG CTG ATG CCG CGT TTC ATG ATC TCT CTG CGT CTG GAA AAC CTG AAT GTT GGT GAC GAA ATC ATC GTT CAA GCG ATC GAC GTT CGT CCG GAA AAA CGT GAA ATC GAC TTC AAA TAC ATC CCG,2.8733582848586274
GAC GTT GAA CCG GGT AAG TTC TAC AAA GGT GTT GTT ACC CGT ATC GAA AAA TAC GGT GCG TTC ATC AAC CTG AAT GAA CAG GTT CGT GGT CTG CTC CGT CCG CGT GGT ATG ATC TCC CTG CGT CTG GAA AAC CTC AAC GTG GGT GAC GAG ATT ATC GTT CAG GCG ATC GAC GTG CGT CCG GAA AAA CGT GAA ATC ATG TTC AAA TAC ATC CCG,2.0216414025857934
GAC GTT GAA CCG GGT AAA TTC TAC AAA GGT GTT GTT ACC CGT ATC GAA AAA TAC GGT GCG TTC ATC AAT CTG AAC GAA CAG GTT CGT GGT CTG CTG TAC CCG CGT GTT ATG ATC TCT CTG CGT CTG GAA AAC CTG AAC GTT GGT GAC GAA ATC ATC GTT CAA GCG ATC GAC GTT CGT CCG GAA AAA CGT GAA ATC GAC TTC AAA TAC ATC CCG,1.7177219470018357
GAC GTT GAA CCG GGT AAA TTC TAC AAA GGT GTT GTT ACC CGT ATC GAA AAA TAC GGT GCG TTC ATC AAC CTG AAC GAA CAG GTT CGT GGT CTG CTC CGT CCA CGC CAC ATG ATC TCT CTG CGT CTG GAA AAT CTG AAC GTT GGT GAT GAA ATT ATC GTG CAG GCG ATC GAC GTT CGT CCG GAA AAA CGC GAA ATC ATT TTC AAA TAC ATC CCG,3.805943347235964
GAC GTT GAA CCG GGT AAG TTC TAC AAA GGT GTT GTT ACC CGT ATC GAA AAA TAC GGT GCG TTC ATC AAC CTC AAC GAG CAG GTT CGT GGT CTG CTG CGT CCG CGT ACC ATG ATC TCT CTG CGT CTG GAA AAC CTG AAT GTT GGT GAC GAA ATC ATC GTT CAG GCG ATC GAC GTT TTC CCG GAA AAA CGT GAA ATC GAC TTC AAA TAC ATC CCG,1.403955644687695
GAC GTT GAA CCG GGT AAA TTC TAC AAA GGT GTT GTT ACC CGT ATC GAA AAA TAC GGT GCG TTC ATC AAC CTC AAC GAA CAG GTT CGT GGT CTG CTG CGT CCA CGT GAC ATG ATC TCT CTG CGT CTG GCG AAT CTG AAC GTT GGT GAC GAA ATC ATC GTT CAG GCG ATC GAC GTT CGT CCG GAA AAA CGT GAA ATC GAC TTC AAA TAC ATC CCG,5.025440005070708
GAC GTT GAA CCG GGT AAA TTC TAC AAA GGT GTT GTT ACC CGT ATC GAA AAA TAC GGT GCG TTC ATC AAC CTC AAC GAA CAG GTT CGT GGT CTG CTG CGT CCG CGT GAC ATG CCG TCT CTG CGT CTG GAA AAC CTG AAT GTT GGT GAC GAA ATC ATC GTG CAG GCG ATC GAT GTT CGT CCG GAA AAA CGT GAA ATC GAC TTC AAA TAC ATC CCG,3.813687745807552
GAT GTT CAG CCG GGT AAA TTC TAC AAA GGT GTT GTT ACC CGT ATC GAA AAA TAC GGT GCG TTC ATC AAC CTG AAT GAA CAG GTT CGT GGT CTG CTG CGT CCG CGT GAT ATG ATC TCT CTG CGT CTG GAA AAC CTC AAT GTT GGT GAC GAA ATC ATC GTG CAG GCG ATT GAC GTT CGT CCG GAA AAA CGT GAA ATC GAC TTC AAA TAC ATC CCG,6.126592015125446
GAT GTT GAA CCG GGT AAA TTC TAC AAA GGT GTT GTT ACC CAC ATC AAC AAA TAC GGT GCG TTC ATC AAC CTC AAC GAG CAG GTT CGT GGT CTG CTC CGT CCA CGT GAC ATG ATC TCT CTG CGT CTG GAA AAC CTG AAT GTT GGT GAC GAA ATC ATC GTT CAG GCT ATC GAC GTT CGT CCG GAA AAA CGT GAA ATC GAC TTC AAA TAC ATC CCG,4.071340423819352
GAC GTT GAA CCG GGT AAA TTC TAC AAA GGT GTT GTT ACC CGT ATC GAA AAA TAC GGT GCG TTC ATC AAC CTC AAC GAA CAG GTT CGT GGT CTG CTG ACT CCG CGT GAT ATG ATC TCT CTG CGT CTG GAA AAC CTG AAC GTT GGT GAC GAA ATC ATC GTG CAA GCG ATC GAC GTT CGT CCG GAA AAA CGT GAA ATC GCG TTC AAA TAC ATC CCG,2.1722319518869373
GAT GTT GAA CCG GGT AAA TTC TAC AAA GGT GTT GTT ACC CGT ATC GAA AAA TAC GGT GCG TTC ATC AAT CTG AAT GAA CAG GTT CGT GGT CTG CTG CGT CCG CGT GAC ATG ATC TCT CTG CGT CTG GAA AAC CTG AAC GTT GGT GAT GAA ATC ATC GTG CAG GCG ATC GAT GTT GCG CCG GAA AAA CGC GAA ATC AAT TTC AAA TAC ATC CCG,3.624628955525531
GAC GTT GAA CCG GGT AAA TTC TAC AAA GGT GTT GTT ACC CGT ATC GAA AAA TAC GGT GCG CGT ATC AAC CTG AAT GAG CAG GTT CGT GGT CTG CTG CGC CCA CGT GAC ATG ATC TCT CTG CGT CTG GAA AAC CTC AAC GTG GGT GAC GAA ATC ATC GTT CAG GCG ATC GAT GTT CGT CCG GAA AAA CGT GAA ATC GAC TTC AAA TAC ATC CCG,2.589022074552383
GAC GTT GAA CCG GGT AAA TTC TAC AAA GGT GTT GTT ACC CGT ATC GAA AAA TAC GGC GCG TTC ATC GTT CTG AAT GAA CAG GTT CGC GGT CTG CTC CGT CCG CGT GAC ATG ATC TCT CTG CGT CTG GAA AAT CTG AAC GTT GGT GAC GAA ATC ATT GTT CAG GCG ATC GAC GTG CGT CCG GAA AAA CGT GAA ATC GAC TTC AAA TAC ATC CCG,4.239934233701936
GAC GTT GAA CCG GGT AAA TTC TAC AAA GGT GTT GTT ACC CGT ATC GAA AAA TAC GGT GCG TTC ATC AAC CTG AAC GAA CAG GTT CGT GGT CTG CTG TGG CCG CGT AAC ATG ATC TCT CTG CGT CTG GAA AAC CTC AAC GTG GGT GAC GAA ATC ATT GTT CAG GCG ATC GAC GTT CGT CCG GAA AAA CGT GAA ATC GAC TTC AAA TAC ATC CCG,2.5295483204996723
GAC GTG GAA CCG GGT AAA TTC TAC AAA AAC GTT GTT ACC CGT ATC GAA AAA TAC GGT GCG TTC ATC AAC CTG AAT GAA CAG GTG CGT GGT CTG CTG CGT CCG CGT GAC ATG ATC TCT CTG CGT CTG GAA AAC CTC AAT GTT GGT GAC GAA ATC ATC GTT CAG GCT ATC GAC GTT CGT CCG GAG AAA CGT GAA ATC GAC TTC AAA TAC ATC CCG,0.7574630123964174
GAC GTT GAA CCG GGT AAA TTC TAC AAA GGT GTT GTT ACC CGT ATC GAA AAA TAC GGT GCG TTC ATC AAT CTG AAC GAA CAG GTT CGT GGT CTG CTG ATC CCG CGT CAG ATG ATC TCT CTG CGT CTG GAA AAC CTG AAC GTT GGT GAC GAA ATC ATC GTG CAA GCG ATC GAT GTT CGT CCG GAA AAA CGT GAA ATC GAC TTC AAA TAC ATC CCG,2.71871572578422
GAC GTT GAA CCG GGT AAA TTC TAC AAA GGT GTT GTT ACC CGT ATC GAA AAA TAC GGT GCG TTC ATC AAT CTG AAT GAG CAA GTT CGT GGT CTG CTG CGT CCG CGC GTG ATG ATC TCT CTG CGT CTG GAA AAC CTC AAT GTT GGT GAT GAA ATC ATC GTT CAG GCG ATC GAC GTT CGT CCG GAG AAA CGC GAG ATC AAC TTC AAA TAC ATC CCG,1.8818014197467288
GAC GTT GAA CCG GGT AAG TTC TAC AAA GGT GTT GTT ACC CGT ATC GAA AAA TAC GGT GCG TTC ATC AAC CTC AAC GAA CAG GTG CGT GGT CTG CTG CGT CCG CGT CAG ATG ATC TCT CTG CGT CTG GAG AAC CTG AAC GTT GGT GAC GAA ATT ATC GTG CAG GCG ATC GAT GTT CGT CCA GAG AAA CGT GAG ATC TAC TTC AAA TAC ATC CCG,3.1340373748681243
GAC GTT GAA CCG GGT AAA TTC TAC AAA GGT GTT GTT ACC CGT ATC GAA AAA TAC GGT GCG TTC ATC AAC CTG AAC GAA CAG GTT CGT GGT CTG CTG TGG CCG CGT GAC ATG ATC TCT CTG CGT CTG GAA AAC CTC AAT GTT GGT GAC GAA ATC ATC GTG CAA GCG ATC GAC GTT CCG CCG GAA AAA CGT GAA ATC GAC TTC AAA TAC ATC CCG,1.506521609207352
GAC GTT GAA ACC GGT AAA TTC TAC AAA GGT GTT GTT ACC CGT ATC GAA AAA TAC GGT GCG TTC ATC AAT CTG AAC GAA CAG GTT CGT GGT CTG CTG CGT CCG CGT GAC ATG ATC TCT CTG CGT CTG GAA AAC CTG AAT GTG GGT GAC GAA ATC ATC GTT CAA GCG ATC GAC GTT CGT CCG GAA AAA CGT GAG ATC GAT TTC AAA TAC ATC CCG,5.564745977058177
GAC GTT GAA CCG GGT AAA TTC TAC AAA GGT GTT GTT ACC CGT ATC GAA AAA TAC GGT GCG TTC ATC AAC CTG AAT GAA CAG GTT CGT GGT CTG CTG TTC CCG CGT GAC ATG ATC TCT CTG CGT CTG GAA AAC CTC AAC GTG GGC GAC GAA ATC ATC GTT CAG GCG ATC GAC GTT CGT CCG GAA AAG CGT GAA ATC TCT TTC AAA TAC ATC CCG,2.1397357703728987
GAC GTT GAA CCG GGT AAA TTC TAC AAA GGT GTT GTT ACC CGT ATC GAA AAA TAC GGT GCG TTC ATC AAT CTG AAC GAA CAG GTT CGT GGT CTG CTG TAC CCG CGT GAG ATG ATC TCT CTG CGT CTG GAA AAC CTG AAC GTT GGT GAC GAA ATC ATC GTG CAA GCG ATC GAT GTT CGT CCG GAA AAA CGT GAA ATC GAC TTC AAA TAC ATC CCG,1.644827958356017
GAC GTT GAA CCG GGT AAA TTC AAC AAA GGT GTT GTT ACC CGT ATC GAA AAA TAC GGC GCG TTC ATC AAC CTG AAT GAA CAG GTT CGT GGT CTG CTG CGT CCA CGT GAC ATG ATC TCT CTG CGT CTG GAG AAC CTC AAC GTG GGT GAC GAA ATC ATC GTT CAG GCG ATC GAC GTG CGT CCG GAA AAA CGT GAA ATC GAC TTC AAA TAC ATC CCA,0.6591346139153187
GAC GTT GAA CCG GGT AAG TTC TAC AAA GGT GTT GTT ACC CGT ATC GAA AAA TAC GGT GCG TTC ATT AAC CTG AAC GAA CAG GTG CGT GGT CTG CTG CGT CCG CGT GAC ATG ATC TCT CTG CGT CTG GAA AAC AAC AAT GTT GGT GAC GAA ATC ATT GTG CAG GCG ATC GAC GTT CGT CCG GAA AAA CGT GAA ATC GAC TTC AAA TAC ATC CCG,0.3938040622283727
GAC GTT GAA CCG GGT AAA TTC TAC AAA GGT GTT GTT ACC CGT ATC GAA AAA TAC GGT GCG TTC ATC AAC CTG AAT GAA CAG GTT CGT GGT CTG CTC GCT CCG CGT GAC ATG ATC TCT CTG CGT CTG GAA AAC CTC AAT GTT GGT GAC GAA ATC ATC GTT CAG GCG ATC GAC GTT CAG CCG GAA AAA CGT GAA ATC GAC TTC AAA TAC ATC CCG,1.4355083168886311
GAC GTT GAA CCG GGT AAA TTC TAC AAA GGT GTT GTT ACC CGT ATC GAA AAA TAC GGT GCG TTC ATC AAC CTC AAC GAG CAG GTT CGT GGT CTG CTG GCT CCA CGT GAC ATG ATC TCT CTG CGT CTG GAA AAC CTG AAC GTT GGT GAT GAA ATC ATT GTG CAA GCG ATC GAC GTT CGT CCA GAA AAA CGC GAA ATC AAG TTC AAA TAC ATC CCG,3.1302075832692644
GAC GTT GAA CCG GGT AAA TTC TAC AAA GGT GTT GTT ACC CGT ATC GAA AAA TAC GGT GCG TTC ATC AAT CTC AAC GAA CAG GTT CGT GGT CTG CTG CGT CCG CGT AAA ATG ATC TCT CTG CGT CTG GAA AAC CTC AAC GTG GGT GAC GAA ATC ATC GTT CAG GCT ATC GAC GTT CGT CCG GAA AAA CGT GAA ATC GGT TTC AAA TAC ATC CCG,1.5912392199033718
GAT GTT GAA CCG GGT AAA TTC TAC AAA GGT GTT GTT ACC CGT ATC GAA AAA TAC GGT GCG TTC ATC AAC CTC AAC GAA CAG GTT CGT GGT CTG AAA CGT CCG CGT GAC ATG ATC TCT CTG CGT CTG GAA AAC CTG AAC GTT GGT GAC GAA ATC ATC GTG CAA GCG ATT GAC GTT CGT CCG GAA AAA CGT GAA ATC GAC TTC AAA TAC ATC CCG,1.1826365828118883
GAC GTT GAG CCG GGC AAA TTC TAC AAA GGT GTT GTT ACC CGT ATC GAA AAA TAC GGT GCG TTC ATC AAC CTC AAC GAA CAG GTT CGT GGC CTG CTG CGT CCG CGT CAG ATG ATC TCT CTG CGT CTG GAA AAC CTG AAT GTT GGC GAC GAA ATT ATC GTG CAG GCG ATT GAC GTT CGT CCG GAA AAA CGT GAA ATC GAC TTC CCG TAC ATC CCG,1.5414748597758683
GAT GTT GAA CCG GGT AAA TTC TAC AAG GGT GTT GTT ACC CGT ATC GAA AAA TAC GGT GCG TTC ATC AAC CTG AAC GAA CAG GTT CGT GGC CTG CTG CGT CCG CGT GGT ATG ATC TCT CTC CGT CTG GAA AAT CTG AAC GTT GGT GAC GAA ATC ATC GTT CAA GCG ATT GAT GTT CGC CCG GAA AAA CGT GAA ATC GAC TTC TAC TAC ATC CCA,2.142625688574456
GAC GTT GAA CCG GGT AAA TTC TAC AAA GGT GTT GTT ACC CGT ATC GAA AAA TAC GGT GCG TTC ATC AAC CTG AAC GAA CAG GTT CGT GGT CTG CTG CGT CCG CGT GAC ATG ATC TCT CTG CGT CTG GAA AAT CTG AAT GTT GGT GAC GAA ATC ATC GTG CAG GCG ATT GAT GTT CAG CCG GAA AAA CGT GAA ATC GCG TTC AAA TAC ATC CCA,3.6754557310630194
GAC GTT GAA CCG GGT AAA TTC TAC AAA GGT GTT GTT ACC CGT ATC GAA AAA TAC GGT GCG TTC ATC AAC CTC AAC GAA CAG GTT CGT GGT CTG CTG CGT CCG CGT GAC ATG ATC TCT CTG CGT CTG GAA AAC CTG AAT GTT GGT GAC GAA ATC ATC GTT CAA GCG ATC GAC GTT CGT CCG GAA AAA CGT GAA ATC GAC TTC CGT TAC ATC CCG,6.932418778590159
GAC GTT GAA CCG GGT AAA TTC TAC AAA GGT GTT GTT ACC CGT ATC GAA AAA TAC GGT GCG TTC ATC AAC CTG AAC GAA CAG GTT CGT GGT CTG CTG CGT CCG CGT GAC ATG ATC TCT CTG CGT CTG GAA AAC CTC AAC GTG GGT GAC GAA ATC ATT GTG CAG GCT ATC TGG GTT CGT CCG GAA AAA CGT GAA ATC GAC TTC AAA TAC ATC CCG,4.2095684828145
GAC GTT GAA CCG GGT AAA TTC TAC AAG GGT GTT GTT ACC TAC ATC CGT AAA TAC GGT GCG TTC ATC AAC CTG AAC GAA CAG GTT CGT GGT CTG CTG CGC CCA CGC GAT ATG ATC TCT CTG CGT CTG GAA AAT CTC AAC GTG GGT GAC GAA ATC ATC GTT CAA GCG ATT GAC GTT CGC CCG GAA AAA CGT GAA ATC GAC TTC AAG TAC ATT CCG,3.879854959422318
GAC GTT GAG CCG GGT GAC TTC TAC AAA GGT GTT GTT ACC CGT ATC GAA AAA TAC GGT GCG TTC ATC AAT CTG AAT GAA CAG GTT CGT GGT CTG CTG CGT CCG CGT GAC ATG ATC TCT CTG CGC CTG GAA AAC CTG AAC GTG GGT GAC GAA ATC ATC GTT CAA GCG ATC GAC GTT CGC CCG GAA AAA CGT GAA ATC GAC TTC AAA TAC ATT CCG,2.877531522951183
GAT GTT GAA CCG GGT AAA TTC TAC AAA GGT GTT GTT ACC CGT ATC GAA AAA TAC GGT GCG TTT ATC AAC CTG AAT GAA CAG GTT CGT GGT CTG CTG CGT CCG CGT GCG ATG ATC TCT CTG CGT CTG GAA AAC CTC AAC GTG GGT GAC GAA ATC ATT GTT CAG GCT ATC GAC GTT GAC CCG GAA AAA CGT GAA ATC GAC TTC AAA TAC ATC CCG,2.711580784651105
GAC GTT GAA CCG GGT AAG TTC TAC AAA GGT GTT GTT ACC CGT ATC GAA AAA TAC GGT GCG TTC ATC AAC CTC AAC GAG CAG GTT CGT GGT CTG CTG CGT CCG CGT GAC ATG ATC TCT CTG CGT CTG GAA AAC CTG AAT GTT GGT GAC GAA ACC ATT GTT CAG GCT ATT GAC GTT CGT CCG GAA AAA CGT GAA ATC GAC TTC AAA TAC ATC CCG,1.0770963950280417
GAT GTT GAA CCG GGC AAA TTC TAC AAA GGT GTT GTT ACT CCG ATC ACC AAA TAC GGT GCG TTC ATC AAC CTC AAT GAG CAG GTT CGT GGT CTG CTG CGT CCG CGT GAC ATG ATC TCT CTG CGT CTG GAA AAC CTG AAT GTT GGT GAC GAA ATC ATC GTT CAG GCG ATT GAC GTT CGT CCG GAA AAA CGT GAA ATC GAC TTC AAA TAC ATC CCG,0.0819156137006479
GAT GTT GAA CCG GGT AAA TTC TAC AAG GGT GTT GTT ACC CGT ATC GAA AAA TAC GGT GCG TTC ATC AAT CTG AAT GAG CAG GTT CGT GGT CTG CTG CGT CCG CGT GAT ATG ATC TCT CTG CGT CTG GAA AAC CTC AAC GTT TAC GAC GAA ATC ATC GTT CAG GCG ATC GAC GTT CGT CCG GAA AAA CGT GAA ATC GAC TTC AAA TAC ATC CCG,3.458258876223094
GAC GTT GAA CCG GGT AAA TTC TAC AAA GGT GTT GTT ACC CGT ATC GAA AAA TAC GGT GCG TTC ATC AAC CTC AAC GAA CAG GTT CGT GGT CTG CTG CTG CCG CGT GAC ATG ATC TCT CTG CGC CTG GAA AAC CTG AAC GTT GGT GAC GAA ATC ATC GTG CAG GCG ATT GAC GTT CGT CCG GAA AAA CGT GAA ATC GGT TTC AAA TAC ATC CCG,2.5317613045428846
GAC GTT ATG CCG GGT AAA TTC TAC AAA GGT GTT GTT ACC CGT ATC GAA AAA TAC GGT GCG TTC ATC AAC CTG AAC GAA CAG GTT CGT GGT CTG CTC CGT CCG CGC GAC ATG ATC TCT CTG CGT CTG GAA AAT CTG AAC GTT GGT GAC GAA ATC ATC GTT CAA GCG ATC GAC GTT CGC CCG GAA AAA CGT GAA ATC GAC TTC AAA TAC ATC CCG,6.88657675222644
GAC GTT GAA CCG GGT AAA TTC TAC AAA GGT GTT GTT ACC CGT ATC GAA AAA TAC GGT GCG TTC ATC AAC CTC AAC GAA CAG GTT CGT GGT CTG CTC GCG CCA CGT GAC ATG ATC TCT CTG CGT CTG GAA AAC CTG AAT GTT GGT GAC GAA ATC ATC GTT CAG GCT ATC GAC GTT TCT CCG GAA AAA CGT GAA ATC GAC TTC AAG TAC ATC CCG,1.7336098491005671
GAC GTT GAA CCG GGC AAA TTC TAT AAA GGT TGC GTT ACC CGT ATC GAA AAA TAC GGT GCG TTC ATC AAC CTC AAC GAA CAG GTT CGT GGC CTG CTG CGT CCA CGC GAT ATG ATC TCC CTG CGC CTC GAA AAT CTG AAT GTT GGT GAC GAA ATC ATT GTT CAG GCG ATC GAT GTT CGT CCG GAA AAA CGT GAA ATC GAC TTC AAA TAC ATC CCG,3.8580487907917207
GAC GTT GAA CCG GGT AAA TTC TAC AAA GGT GTT GTT ACC CGT ATC GAA AAA TAC GGT GCG TTC ATC AAC CTG AAC GAA CAG GTT CGT GGT CTG CTG TCT CCA CGT GAC ATG ATC TCT CTG CGT CTG GAA AAT CTG AAC GTT GGT GAC GAA ATC ATC GTG CAG GCG ATC GAC GTT AAC CCG GAA AAA CGT GAA ATC GAC TTC AAA TAC ATC CCG,2.0090493290104696
GAT GTT GAA CCG GGT AAA TTC TAC AAA GGT GTT GTT ACC CGT ATC GAA AAA TAC ATC GCG TTC ATC AAC CTC AAC GAA CAG GTT CGT GGT CTG CTG CGT CCG CGT GAC ATG ATC TCT CTG CGT CTG GAA AAT CTG AAC GTT GGT GAC GAA ATC ATC GTG CAG GCG ATC GAC GTT CGT CCG GAA AAA CGT GAA ATC GAC TTC AAG TAC ATC CCG,2.437105629801596
GAT GTT GAA CCG GGT AAA TTC TAC AAA GGT GTT GTT ACC CGT ATC GAA AAA TAC GGT GCG TTT ATC AAC CTC AAT GAA CAG GTT CGT GGT CTG CTG CGT CCG CGT GAC ATG ATC TCT CGT CGT CTG GAA AAC CTG AAC GTT GGT GAC GAA ATC ATC GTT CAA GCG ATC GAC GTT CGT CCG GAA AAA CGT GAA ATC GAC TTC AAA TAC ATC CCG,3.3784584000155933
GAC GTT GAA CCG GGT AAG TTC TAC AAA GGT GTT GTT ACC CGT ATC GAA AAA TAC GGT GCG TTC ATC AAC CTC AAT GAA CAG GTT CGT GGT CTG CTG CGT CCG CGT GAC ATG ATC TCT CTG CGT CTG GAA AAC CTG AAC GTT GGT GAC GAA ATC ATC GTT CAA AAG ATC GAC GTT CGT CCA GAA AAA CGT GAG ATC GAT TTC AAA TAC ATC CCG,2.1352734626663787
GAC GTT GAA CCG GGT AAA TTC TAC AAA GGT GTT GTT ACC CGT ATC GAA AAA TAC GGT GCG TTC ATC AAC CTG AAT GAA CAG GTT CGT GGT CTG CTG CGT CCG CGT GAC ATG ATC TCT CTG CGT CTG GAA AAC CTG GAA GTG GGT GAC GAA ATC ATC GTT CAG GCG ATT GAC GTT CGT CCG GAA AAA CGT GAA ATC GAC TTC AAA TAC ATC CCG,5.188462314146072
GAC GTT GAA CCG GGT AAA TTC TAC AAG GGT GTT GTT ACC CGT ATC GAA AAA TAC GGT GCG TTC ATC AAC CTG AAC GAA CAA GTT CGT GGT CTG CTG CGT CCG CGT GAC ATG ATC TCT CTG CGT CTG GAA AAC CTC AAT GTT GGT GAC GAA ATC ATC GTG CAG GCG ATC GAT GTT CGT CCG GAA GTG CGT GAA ATT GAC TTC AAA TAC ATC CCA,4.793013372275388
GAC GTT GAA CCG GGT AAA TTC TAC AAA GGC GTT GTT ATC CGT ATC GAA AAA TAC GGT GCG TTC ATC AAC CTG AAT GAG CAG GTT CGT GGT CTG CTG CGT CCG CGT GAC ATG ATC TCT CTG CGT CTG GAA AAT CTC AAT GTT GGT GAC GAA ATC ATC GTT CAA GCG ATC GAC GTT CGT CCG GAA AAA CGT GAA ATC GAC TTC AAA TAC ATC CCG,4.018157346297187
GAC GTT GAA CCA GGT AAA TTC TAC AAA GGC GTG GTG ACT CGT ATC GAA AAA TAC GGT GCG TTC ATC AAC CTG AAT GAA CAG GTT CGT GGT CTG CTG CGT CCG CGT GAC ATG ATC TCT CTG CGT CTG GAA AAC CTC AAC GTG GGT GAC GAA CAG ATC GTG CAG GCG ATC GAC GTT CGT CCG GAA AAA CGT GAA ATC GAC TTC AAA TAC ATC CCA,0.053496043183345
GAC GTT GAA CCG GGT AAA TTC TAC AAA GGT GTT GTT ACC CGT ATC GAA AAA TAC GGT GCG TTC ATC AAT CTG AAC GAA CAG GTT CGT GGT CTG CTG CGT CCG CGT AAC ATG ATC TCT CTG CGT CTG GAA AAC CTG AAC GTT GGT GAC GAA ATC ATC GTG CAA GCG ATT GAC GTT CGT CCG GAA AAA CGT GAA ATC GAA TTC AAA TAC ATC CCG,6.427395925947733
GAC GTT GAA CCG GGT AAA TTC TAC AAA GGT GTT GTT ACC CGT ATC GAA AAA TAC GGT GCG TTC ATC AAC CTC AAC GAA CAA GTT CGT GGT CTG CTG CGT CCG CGT GAC ATG ATC TCT CTG CGT CTG GAA AAC CTG AAC GTT GGT GAC GAG ATT ATT GTT CAG GCG ATC GAC GTT TTC CCG GAA AAG CGT GAA ATC ATG TTC AAA TAC ATC CCG,3.63236049910763
GAC GTT GAA CCG GGT AAA TTC TAC AAA GGT GTT GTT ACC CGT ATC GAA AAA TAC GGT GCG TTC ATC AAC CTG AAT GAA CAG GTT CGT GGT CTG CTG CAC CCG CGT CAG ATG ATC TCT CTG CGT CTG GAA AAC CTC AAT GTT GGC GAC GAA ATC ATC GTT CAG GCG ATC GAC GTG CGT CCG GAA AAA CGT GAA ATC GAC TTC AAA TAC ATC CCG,2.103873253336596
GAT GTT GAA CCG GGT AAA TTC TAC AAA GGT GTT GTT ACC CGT ATC GAA AAA TAC GGT GCG TTC ATC AAC CTC AAC GAG CAG GTT CGT GGT CTG CTG TCT CCA CGT GAC ATG ATC TCT CTG CGT CTG GAA AAC CTG AAC GTT GGT GAC GAA ATC ATC GTG CAG GCG ATC GAT GTT CGT CCG GAA AAG CGT GAA ATC AAC TTC AAA TAC ATC CCG,2.5238826486084847
GAC GTT GAA CCG GGT AAA TTC TAC AAA GGC GTT GTG ACT CCA ATC GAG AAA TAC GGT GCG CAA ATC AAC CTC AAT GAA CAG GTT CGT GGC CTG CTC CGT CCG CGC GAC ATG ATC TCC CTG CGT CTG GAA AAC CTG AAC GTT GGT GAC GAA ATC ATT GTT CAG GCG ATC GAC GTT CGC CCA GAA AAA CGT GAA ATC GAC TTC AAA TAC ATC CCG,-0.7319119919255048
GAC GTT GAG CCG GGT AAA TTC TAC AAA GGT GTT GTT ACC CGT ATC GAA AAA TAC GGC GCG TTC ATC AAT CTG AAC GAA CAG GTT CGT GGT CTG CTG CGT CCA CGT GAC ATG ACC TCT CTG CGT CTG GAA AAC CTG AAC GTT GGT GAC GAA ATC ATC GTG CAG GCG ATC GAC GTT CGT CCG GAA AAA CGT GAA ATC GAC TTC AAA TAC ATC CCG,5.0156633805359405
GAC GTT GAA CCG GGT AAA TTC TAC AAA GGT GTT GTT ACC CGT ATC GAA AAA TAC GGT GCG TTC ATC AAC CTC AAT GAA CAG GTT CGT GGT CTG CTG TCT CCG CGT CAG ATG ATC TCT CTG CGT CTG GAA AAC CTG AAC GTT GGT GAC GAA ATC ATC GTT CAA GCG ATC GAC GTT CGT CCG GAA AAA CGT GAA ATC GAC TTC AAA TAC ATC CCG,2.4299557670314824
GAC GTT GAA CCG GGT AAA TTC TAC AAG GGT GTT GTT ACC CGT ATC GAA AAA TAC GGT GCG TTC ATC AAT CTG AAT GAA CAG GTT CGT GGT CTG CTC GCG CCA CGT GAC ATG ATC TCT CTC CGT CTG GAA AAC CTG AAC GTT GGT GAC GAA ATC ATC GTG CAG GCG ATC GAC GTT TTC CCG GAA AAA CGT GAA ATC GAC TTC AAA TAC ATC CCG,1.596224124234357
GAC GTT GAA CCG GGT AAG TTC TAC AAA GGT GTT GTT ACC CGT ATC GAA AAA TAC GGT GCG TTC ATC AAC CTG AAC GAG CAG GTT CGT GGT CTG CTG CGT CCG CGT TCC ATG ATC TCT CTG CGT CTG GAA AAC CTC AAT GTT GGT GAC GAA ATC ATT GTT CAG GCG ATC GAC GTT CGT CCG GAA AAA CGT GAA ATC CAG TTC AAA TAC ATC CCG,2.488630584983952
GAC GTT GAA CCG GGT AAA TTC TAC AAA GGT GTT GTT ACC CGT ATC GAA AAA TAC GGT GCG TTC ATC AAT CTG AAC GAA CAG GTT CGT GGT CTG CTG CGT CCG CGT AAT ATG ATC TCT CTG CGT CTG GAA AAC CTG AAC GTT GGT GAC GAA ATC ATC GTG CAG GCG ATC GAC GTT CGC CCG GAA AAA CGT GAA ATC CAG TTC AAA TAC ATC CCG,4.192990212511126
GAC GTT GAA CCG GGT AAA TTC TAC AAA GGT GTT GTT ACC CGT ATC GAA AAA TAC GGT GCG TTC ATC AAC CTG AAC GAA CAG GTT CGT GGT CTG CTG CGT CCG CGT TTC ATG ATC TCT CTG CGT CTG GAA AAT CTC AAT GTT GGT GAC GAA ATC ATC GTT CAA GCG ATC GAC GTT CGT CCG GAA AAA CGT GAA ATC GCG TTC AAA TAC ATC CCG,2.896995628467149
GAC GTT GAA CCG GGT AAA TTC TAC AAA GGT GTT GTT ACC CGT ATC GAA AAA TAC GGT GCG TTC ATC AAC CTG AAC GAA CAG GTT CGT GGT CTG CTG TTC CCA CGT GAC ATG ATC TCT CTG CGT CTG GAA AAT CTG AAC GTT GGT GAC GAA ATC ATC GTG CAA GCG ATC GAC GTT CGT CCG GAA AAG CGT GAA ATC TTC TTC AAA TAC ATC CCG,2.611788993234513
GAC GTT GAA CCG GGT AAA TTC TAC AAA GGT GTT GTT ACC CGT ATC GAA AAA TAC GGT GCG TTC ATC AAC CTC AAC GAA CAG GTT CGT GGT CTG CTC GCG CCA CGT GAC ATG ATC TCT CTG CGT CTG GAA AAC CTG AAC GTT GGT GAC GAA ATC ATC GTT CAA GCG ATC GAC GTT ATG CCG GAA AAA CGT GAA ATC GAC TTC AAA TAC ATT CCG,1.449765242917218
GAC GTT GAA CCG GGT AAA TTC TAC AAA GGT GTT GTT ACC CGT ATC GAA AAA TAC GGT GCG TTC ATC AAT CTG AAC GAA CAG GTT CGT GGT CTG CTG AAC CCG CGT GAC ATG ATC TCT CTG CGT CTG GAA AAC CTC AAC GTG GGT GAC GAA ATC ATC GTT CAA GCG ATC GAT GTT CGT CCA GAA AAA CGT GAA ATC CTG TTC AAG TAC ATC CCG,2.40478707637377
GAT GTT GAA CCG GGT AAA TTC TAC AAG GGT GTT GTG ACC TTC ATC GAA AAA TAC GGC GCT CAC ATC AAC CTC AAC GAG CAG GTG CGT GGT CTG CTG CGT CCG CGT GAC ATG ATT TCT CTG CGT CTC GAA AAC CTG AAC GTT GGT GAC GAG ATT ATT GTG CAG GCG ATC GAC GTT CGT CCG GAA AAA CGT GAA ATC GAC TTC AAA TAC ATC CCA,2.150645560034246
GAC GTG GAA CCG GGT AAA TTC TAC AAA GGT GTT GTT ACC GAA ATC ACC AAA TAC GGT GCG TTC ATC AAC CTC AAC GAA CAA GTT CGT GGT CTG CTG CGT CCG CGT GAC ATG ATC TCT CTG CGT CTG GAG AAC CTG AAC GTT GGT GAC GAA ATT ATC GTT CAA GCG ATC GAC GTT CGT CCG GAA AAA CGT GAA ATC GAC TTC AAA TAC ATC CCG,5.211216374278765
GAC GTG GAA CCG GGT AAA TTC TAC AAA GGT GTG GTT ACC GAA ATC AAA AAG TAC GGT GCG TTC ATC AAT CTG AAC GAA CAG GTG CGT GGT CTG CTG CGT CCG CGT GAC ATG ATT TCT CTG CGC CTG GAA AAC CTG AAC GTG GGT GAT GAA ATT ATC GTG CAG GCG ATC GAC GTT CGT CCA GAA AAA CGT GAA ATC GAC TTC AAA TAC ATC CCG,4.722554530288168
GAC GTT GAA CCG GGT AAA TTC TAC AAA GGT GTT GTT ACC CGT ATC GAA AAA TAC GGT GCG TTC ATC AAC CTG AAC GAA CAG TCT CGT GGT CTG CTG CGT CCG CGT GAC ATG ATC TCT CTG CGT CTG GAA AAT CTG AAC GTT GGT GAC GAA ATC ATC GTT CAA GCG ATC GAC GTT CGT CCG GAA AAA CGT GAA ATC GAC TTC AAA TAC ATC CCG,3.680613974549325
GAC GTT GAA CCG GGT AAA TTC TAC AAA GGT GTT GTT ACC CGT ATC GAA AAA TAC GGT GCG TTC ATC AAC CTG AAC GAA CAG GTT CGT GGT CTG CTG AAC CCG CGT GAC ATG ATC TCT CTG CGT CTG GAA AAC CTC AAT GTT GGT GAC GAA ATC ATC GTT CAA GCG ATC GAC GTT CGT CCG GAA AAA CGT GAA ATC CAG TTC AAA TAC ATC CCG,2.215486668042564
GAC GTG GAA CCG GGC AAA TTC TAC AAA GGT GTT GTT ACC GGC ATC GAA AAA TAC GGT GCG AAA ATC AAC CTG AAC GAA CAG GTT CGT GGC CTG CTG CGC CCA CGT GAC ATG ATC TCT CTG CGT CTG GAA AAT CTG AAC GTT GGT GAC GAA ATC ATC GTT CAA GCG ATC GAC GTT CGC CCG GAA AAA CGT GAA ATC GAC TTC AAA TAC ATC CCG,1.4739917967435396
GAC GTT GAA CCG GGT AAA TTC TAC AAA GGT GTT GTT ACC CGT ATC GAA AAA TAC GGT GCG TTC ATC AAC CTC AAC GAA CAG GTT GTT GGT CTG CTG CGT CCG CGT GAC ATG ATC TCT CTG CGT CTG GAA AAC CTG AAT GTT GGT GAC GAA ATC ATC GTG CAG GCG ATC GAT GTT CGT CCG GAA AAA CGT GAA ATC GAC TTC AAA TAC ATC CCG,5.1142657844155135
GAC GTT GAA CCG GGT AAA TTC TAC AAA GGT GTT GTT ACC CGT ATC GAA AAA TAC GAC GCG TTC ATC AAC CTC AAC GAA CAG GTT CGT GGT CTG CTG CGT CCG CGT GAC ATG ATC TCT CTG CGT CTG GAA AAC CTG AAC GTG GGT GAC GAA ATT ATC GTG CAA GCT ATC GAT GTT CGT CCG GAA AAA CGT GAA ATC GAC TTC AAA TAC ATC CCG,0.9023757059214472
GAC GTT GAA CCG GGC AAA TTC TAC AAA GGT GTT GTT ACC CGT ATC GAA AAA TAC GGT GCG TTC ATC AAC CTG AAC GAA CAA GTT CGT GGT CTG CTG GAA CCG CGT GAC ATG ATC TCT CTG CGT CTG GAA AAT CTG AAT GTT GGT GAC GAG ATT ATT GTT CAA GCG ATC GAC GTT CGT CCG GAA AAA CGT GAA ATC ATC TTC AAA TAC ATC CCG,2.358344152382916
GAC GTT GAA CCG GGT AAA TTC TAC AAA GGT GTT GTT ACC CGT ATC GAA AAA TAC GGT GCG TTC ATC AAC CTC AAT GAA CAA GTG CGT GGT CTG CTG CGT CCG CGT ATT ATG ATT TCC CTG CGC CTG GAG AAC CTG AAC GTT GGT GAC GAG ATT ATC GTT CAA GCG ATT GAC GTT CGT CCG GAA AAA CGT GAG ATC ATG TTC AAA TAC ATC CCG,1.8909062862984976
GAC GTT GAA CCG GGT AAA TTC TAC AAA GGT GTT GTT ACC CGT ATC GAA AAA TAC GGT GCG TTC ATC AAC CTG AAC GAA CAG GTT CGT GGT CTG CTG CGT CCG CGT CAG ATG ATC TCT CTG CGT CTG GAA AAT CTG AAC GTT GGT GAC GAA ATC ATC GTG CAG GCG ATT GAC GTT AAT CCG GAA AAA CGT GAA ATC GAC TTC AAA TAC ATC CCG,2.598372037099695
GAT GTT GAA CCG GGT AAA TTC TAC AAA GGC GTT GTT ACC CGT ATC GAA AAA TAC GGT GCG GTT ATC AAC CTG AAC GAG CAG GTT CGT GGT CTG CTG CGT CCG CGC GAC ATG ATC TCT CTG CGT CTG GAG AAT CTC AAC GTG GGT GAC GAA ATT ATC GTT CAA GCT ATC GAC GTT CGT CCG GAA AAA CGT GAA ATC GAC TTC AAA TAC ATC CCG,4.371072678419617
GAT GTT GAA CCG GGT AAA TTC TAC AAA GGT GTT GTT ACC CGT ATC GAA AAA TAC GGT GCG TTC ATC AAT CTG AAC GAA CAA GTT CGT GGT CTG CTC CGT CCG CGT ATG ATG ATT TCT CTG CGT CTG GAA AAC CTG AAC GTT GGT GAC GAA ATT ATC GTG CAG GCT ATT GAC GTT CGT CCG GAA AAA CGT GAG ATC ATG TTC AAG TAC ATC CCG,2.937939354381693
GAC GTT GAA CCG GGT AAA TTC TAC AAA GGT GTT GTT ACC CGT ATC GAA AAA TAC GGT GCG TTC ATC AAC CTG AAC GAA CAG GTT CGT GGT CTG CTC CAG CCG CGT CAG ATG ATC TCT CTG CGT CTG GAA AAC CTC AAT GTT GGT GAC GAA ATC ATC GTT CAA GCG ATC GAC GTT CGT CCG GAA AAA CGT GAA ATC GAC TTC AAA TAC ATC CCG,2.181492509607178
GAC GTT GAA CCG GGT AAA TTC TAC AAA TGG GTT GTT ACC CGT ATC GAA AAA TAC GGT GCG TTC ATC AAC CTC AAC GAA CAG GTT CGT GGT CTG CTG CGT CCG CGT GAC ATG ATC TCT CTG CGT CTG GAA AAC CTG AAT GTT GGT GAC GAA ATC ATC GTT CAA GCG ATC GAC GTT CGT CCG GAA AAA CGT GAA ATC GAC TTC AAA TAC ATC CCG,6.806736076429001
GAC GTT GAA CCG GGT AAA TTC TAT AAA GGC GTT GTT ACC CGC ATT GAG AAA TAC GGT GCG TTC ATC AAC CTC AAC GAA CAG GTT CGT GGC CTG CTG CGT CCG CGT GAC ATG ATC TCT CTG CGT CTG GAA AAT CTG AAT GTT GGT GAC GAA ATC ATC GTT CAA GCG ATC GAC GTG TTC CCA GAG AAA CGT GAA ATC AAC TTC AAA TAC ATC CCG,3.941916367285742
GAC GTT GAA CCG GGT AAA TTC TAC AAA GGT GTT GTT ACC CGT ATC GAA AAA TAC GGT GCG TTC ATC AAC CTG AAT GAA CAG GTT CGT GGT CTG CTG CCA CCG CGT GAC ATG ATC TCT CTG CGT CTG GAA AAC CTC AAT GTT GGT GAC GAA ATC ATC GTT CAG GCG ATC GAC GTT CGT CCG GAA AAA CGT GAA ATC GGT TTC AAA TAC ATC CCG,1.4072215250314106
GAC GTT GAA CCG GGT AAA TTC TAC AAA GGT GTT GTT ACC CGT ATC GAA AAA TAC GGT GCG TTC ATC AAC CTG AAC GAA CAG GTT CGT GGT CTG CTG CGT CCG CGT TTC ATG ATC TCT CTG CGT CTG GAA AAC CTC AAT GTT GGT GAC GAA ATC ATC GTT CAA GCG ATC GAC GTT CGT CCG GAA AAA CGT GAA ATC CTG TTC AAA TAC ATC CCG,3.703227776168313
GAC GTT GAA CCG GGT AAA TTC TAC AAA GGC GTT GTT ACC ATC ATC GAC AAA TAC GGT GCG TTC ATC AAC CTG AAC GAA CAG GTT CGT GGT CTG CTG CGT CCG CGT GAC ATG ATC TCT CTG CGC CTG GAA AAT CTG AAC GTT GGT GAC GAA ATC ATC GTT CAA GCG ATC GAC GTT CGT CCG GAA AAA CGT GAA ATC GAC TTC AAA TAC ATC CCG,2.909771855453363
GAC GTT GAA CCG GGT AAA TTC TAC AAA GGT GTT GTT ACC CGT ATC GAA AAA TAC GGT GCG TTC ATC AAT CTC AAC GAA CAG GTT CGT GGT CTG CTG TAC CCG CGT GAC ATG ATC TCT CTG CGT CTG GAA AAC CTG AAT GTT GGT GAC GAA ATC ATC GTT CAG GCG ATT GAC GTT GGT CCG GAA AAA CGT GAA ATT GAC TTC AAG TAC ATC CCG,1.4031773964429113
GAC GTT GAA CCG GGT AAA TTC TAC AAG GGT GTT GTT ACC CGT ATC GAA AAA TAC GGT GCG TTC ATC AAC CTC AAC GAA CAG GTT CGC GGT CTG CTG AAC CCA CGT GAT ATG ATC TCT CTC CGT CTG GAA AAC CTG AAC GTT GGT GAC GAG ATT ATC GTT CAA GCG ATC GAC GTT CGT CCG GAA AAA CGT GAA ATC ATG TTC AAG TAC ATC CCG,2.229090122477332
GAC GTT GAA CCG GGT AAA TTC TAC AAA GGT GTT GTT ACC CGT ATC GAA AAA TAC GGT GCG TTC ATC AAC CTG AAT GAA CAG GTT CGT GGT CTG CTG CGT CCG CGT GAC ATG ATC TCT CTG CGT CTG GAA AAC CTC AAC GTG GGC GAC GAA GGC ATC GTT CAG GCG ATC GAT GTT CGT CCG GAA AAA CGT GAA ATC GAC TTC AAA TAC ATC CCG,-0.0483297255708216
GAC GTT GAA CCG GGT AAA TTC TAC AAA GGT GTT GTT ACC CGT ATC GAA AAG TAT GGT GCG TTC ATC AAC CTG AAT GAA CAG GTG CGT GGT CTG CTG CGT CCG CGT AAA ATG ATC TCT CTG CGT CTG GAA AAC CTC AAT GTT GGC GAC GAA ATC ATC GTT CAG GCG ATC GAC GTT GGT CCG GAA AAA CGT GAA ATC GAC TTC AAA TAC ATC CCG,1.497322586762444
GAC GTT GAA CCG GGT AAA TTC TAC AAA GGC GTG GTT ACC CGT ATC GAG AAA TAC GGT GCG TTC ATC AAT CTG AAC GAA CAG GTT CGT GGT CTG CTG CGT CCG CGT TGG ATG ATC TCT CTG CGT CTG GAA AAC CTG AAT GTT GGT GAC GAA ATC ATC GTT CAA GCG ATC GAC GTT CGC CCG GAA AAA CGT GAA ATC GAC TTC TCT TAC ATC CCA,3.194844822719738
GAC GTT GAA CCG GGT AAA TTC TAC AAA GGT GTT GTT ACC CGT ATC GAA AAA TCT GGT GCG TTC ATC AAC CTC AAC GAA CAG GTT CGT GGT CTG CTG CGT CCG CGT GAC ATG ATC TCT CTG CGT CTG GAA AAC CTG AAC GTT GGT GAC GAA ATC ATC GTG CAG GCG ATC GAC GTT CGT CCG GAA AAA CGT GAA ATC GAC TTC AAA TAC ATC CCG,3.185214438243244
GAC GTT GAA CCG GGT AAA TTC TAC AAA GGT GTT GTT ACC CGT ATC GAA AAA TAC GGT GCG TTC ATC AAT CTG AAC GAA CAG GTT CGT GGT CTG CTG CGT CCG CGT GAC ATG ATC TCT CTG CGT CTG GAA AAC CTG AAC GTT GGT GAC GAA ATC ATC GTT GTT GCG ATC GAC GTT CGT CCG GAA AAA CGT GAA ATC GAC TTC AAA TAC ATC CCG,5.064245870173411
TCT GTG GAA CCG GGC AAA TTC TAC AAA GGT GTT GTT ACC CGT ATC GAA AAA TAC GGT GCG TTC ATC AAC CTG AAT GAA CAG GTT CGT GGT CTG CTG CGT CCG CGT GAC ATG ATC TCT CTG CGT CTG GAA AAC CTC AAC GTG GGT GAC GAA ATC ATC GTT CAG GCG ATC GAC GTT CGT CCA GAA AAA CGT GAA ATC GAC TTC AAA TAC ATC CCG,6.00072144933169
GAC GTT GAA CCG GGT AAG TTC TAC AAA GGT GTT GTT ACC CGT ATC GAA AAA TAC GGT GCG TTC ATC AAC CTC AAC GAA CAA GTT CGT GGT CTG CTG CGT CCG CGT GAC ATG ATC GGT CTG CGT CTG GAA AAC CTG AAC GTT GGT GAC GAA ATC ATC GTT CAA GCG ATC GAC GTT CGC CCG GAA AAA CGT GAA ATC GAC TTC AAA TAC ATC CCA,9.709817585583206
GAC GTG GAA CCG GGT AAA TTC TAC AAA GGT GTT GTT ACC CGT ATC GAA AAA TAC GGT GCG TTC ATC AAC CTC AAT GAA CAG GTT CGT GGT CTG CTG CGT CCG CGT GAC ATG ATC TCT CTG CGT CTG GAA AAC CTG AAT GTT GGT GAC GAA ATC ATC GTT CAG GCG ATT GAC GTT AAC CCG GAA AAA CGT GAA ATC CGT TTC AAA TAC ATT CCG,5.742396127043708
GAC GTG GAA CCG GGT AAA TTC TAC AAA GGT GTT GTT ACC CAG ATT TTC AAA TAC GGT GCG TTC ATC AAT CTC AAC GAA CAG GTT CGT GGT CTG CTG CGT CCG CGT GAC ATG ATC TCT CTG CGT CTG GAG AAC CTG AAT GTT GGT GAC GAA ATC ATC GTT CAA GCG ATT GAC GTT CGT CCG GAA AAA CGT GAA ATC GAC TTC AAG TAC ATC CCG,4.962998651402819
GAC GTT GAA CCG GGT AAG TTC TAC AAA GGT GTT GTT ACC CGT ATC GAA AAA TAC GGT GCG TTC ATC AAC CTC AAC GAA CAA GTT CGT GGT CTG CTC CGT CCG CGT GAC ATG ATC TCT CTG CGT CTG GAA AAT CTG AAC GTT GGT GAC GAA ATC ATC GTT CAG GCT ATC GAC GTT CGT CCG GAA AAA GAC GAG ATC GAC TTC AAA TAC ATC CCG,4.709643368243181
GAC GTT GAA CCG GGT AAA TTC TAC AAA GGT GTT GTT ACC CGT ATC GAA AAA TAC GGT GCG TTC ATC AAC CTC AAC GAA CAG GTT CGT GGT CTG CTG TAC CCA CGC GAT ATG ATT TCT CTG CGT CTG GAA AAC CTG AAT GTT GGT GAC GAA ATT ATC GTT CAA GCG ATC GAC GTT CGT CCG GAA AAA CGT GAG ATC ATT TTC AAA TAC ATC CCG,3.004043292489608
GAC GTT GAA CCG GGT AAG TTC TAC AAA GGT GTT GTT ACT CCA ATC TGC AAA TAC GGT GCG TTC ATC AAC CTC AAC GAA CAA GTT CGT GGT CTG CTG CGT CCG CGT GAC ATG ATC TCT CTG CGT CTG GAA AAC CTG AAC GTT GGC GAC GAA ATC ATC GTT CAA GCG ATC GAC GTT CGT CCG GAA AAA CGT GAA ATC GAC TTC AAA TAC ATC CCA,1.263549269911596
GAC GTT GAA CCG GGT AAA TTC TAC AAA GGT GTT GTT ACC CGT ATC GAA AAA TAC GGT GCG TTC ATC AAT CTG AAC GAA CAG GTT CGT GGT CTG CTG GTT CCG CGT GAC ATG ATC TCT CTG CGT CTG GAA AAC CTG AAC GTT GGT GAC GAA ATC ATC GTT CAA GCG ATC GAC GTT CGT CCG GAA AAA CGT GAG ATC TTC TTC AAA TAC ATC CCG,2.543134455783549
GAC GTT GAA CCG GGT AAA TTC TAC AAA GGT GTT GTT ACC GCG ATC AAC AAA TAC GGT GCG TTC ATC AAC CTC AAT GAA CAG GTT CGT GGT CTG CTG CGT CCG CGT GAC ATG ATC TCT CTG CGT CTG GAA AAC CTG AAT GTT GGT GAC GAA ATC ATC GTT CAG GCG ATT GAC GTT CGT CCG GAA AAA CGT GAA ATC GAC TTC AAA TAC ATC CCG,4.305117382671138
GAC GTT GAA CCG GGT AAG TTC TAC AAA GGT GTT GTT ACC CGT ATC GAA AAA TAC GGT GCG TTC ATC AAC CTC AAC GAG CAG GTG CGT GGC CTG CTG CGT CCG CGC GAA ATG ATC TCC CTG CGT CTG GAA AAC CTG AAC GTT GGT GAC GAA ATC ATC GTT CAA GCG ATC GAC GTG CGT CCA GAA AAA CGT GAA ATC CTG TTC AAA TAC ATC CCA,3.2096123219870307
GAC GTT GAA CCG GGT AAA TTC TAC AAA GGT GTT GTT ACC CGT ATC GAA AAA TAC GGT GCG TTC ATC AAC CTG AAC GAG CAA GTT CGT GGT CTG CTG CGT CCG CGT GAC ATG ATC TCT CTG CGT CTG GAA AAT CTG AAT GTT GGT GAC GAA ATC ATC GTT CAA GCG ATC GAC GTT ATC CCG GAA AAA CGT GAA ATC GAC TTC AAA TAC ATC CCG,2.859970711574535
GAC GTT GAA CCG GGT AAA TTC TAC AAA GGT GTT GTT ACC CGT ATC GAA AAA TAC GGC GCG TTC ATC AAC CTC AAC GAA CAG GTT CGT GGT CTG CTG AAC CCG CGT GAC ATG ATC TCT CTG CGT CTG GAA AAC CTG AAC GTT GGT GAC GAA ATC ATC GTT CAA GCT ATC GAC GTT ATC CCG GAA AAA CGT GAA ATC GAC TTC AAA TAC ATC CCG,1.4438040747626482
GAC GTT GAA CCG GGT AAA TTC TAC AAA GGC GTT GTT ACC GTT ATC GAA AAA TAC GGT GCG CGT ATC AAC CTG AAT GAA CAG GTT CGT GGT CTG CTC CGT CCA CGT GAC ATG ATC TCT CTG CGT CTG GAA AAC CTC AAT GTT GGC GAC GAA ATC ATC GTT CAG GCG ATC GAC GTT CGT CCG GAA AAA CGT GAA ATC GAC TTC AAA TAC ATC CCG,1.7062050986249404
GAC GTT GAA CCG GGT AAG TTC TAC AAA GGT GTT GTT ACC CGT ATC GAA AAG TAC GGT GCG TTC ATC AAC CTG AAC GAA CAG GTT CGT GGT CTG CTG CGT CCG CGT GAT ATG ATC TCT CTG CGC CTG GAG AAC CTC AAT GTG GGT GAC GAA ATC ATT GTT CAG GCG ATT GAC GTT GCG CCG GAG AAA CGT GAA ATC GTT TTC AAA TAC ATC CCG,3.5232946327599945
GAC GTT GAG CCG GGT AAA TTC TAC AAG GGT GTT GTT ACC CGT ATC GAA AAA TAC GGT GCG TTC ATC AAT CTG AAC GAA CAA GTT CGT GGT CTG CTC CGC CCA CGT GCG ATG ATC TCT CTG CGT CTG GAA AAC CTG AAC GTT GGT GAC GAA ATC ATC GTT CAA GCG ATC GAT GTT CGT CCG GAA AAA CGT GAA ATC GAC TTC ATC TAC ATC CCA,2.5639886214072134
GAC GTT GAA CCG GGC AAA TTC TAC AAA GGT GTT CGT ACC CGT ATC GAA AAA TAC GGT GCG TTC ATC AAC CTC AAC GAA CAG GTT CGT GGT CTG CTG CGT CCG CGT GAC ATG ATC TCT CTG CGT CTG GAA AAC CTG AAT GTT GGT GAC GAA ATC ATC GTT CAG GCG ATC GAT GTT CGT CCG GAA AAA CGT GAA ATC GAC TTC AAA TAC ATC CCG,0.514762753534264
GAT GTT GAA CCG GGT AAA TTC TAC AAA GGT GTT GTT ACC CGT ATC GAA AAA TAC GGT GCG TTC ATC AAC CTC AAC GAA CAG GTT CGT GGT CTG CTG CGT CCG CGT GAC ATG ATC TCT CTC CGT CTG GAA AAC CTG AAC GTT GGT GAC GAA ATC ATC GTG CAG GCG ATC GAC GAA CGT CCG GAA AAA CGT GAA ATC GAC TTC AAA TAC ATC CCG,2.247448787289021
GAC GTT GAA CCG GGT AAA TTC TAC AAA GGT GTT GTT ACC CGT ATC GAA AAA TAC GGT GCG TTC ATC AAC CTG AAT GAA CAG GTT CGT GGT CTG CTG CGT CCG CGT GAC ATG ATC TCT CTG CGC CTG GAG AAC TCT AAC GTT GGT GAC GAA ATC ATC GTT CAG GCG ATC GAC GTT CGT CCG GAA AAA CGT GAA ATC GAC TTC AAA TAC ATC CCG,0.8941731811046669
GAC GTT GAA CCG GGT AAA TTC TAC AAG GGT GTT GTT ACC CGT ATC GAA AAA TAC GGC GCG TTC ATC AAC CTG AAC GAA CAG GTT CGT GGT CTG CTG CGT CCG CGT GAC ATG ATC TCT CTG CGT CTG GAA AAT CTG AAC GTT GGT GAC CTG ATC ATC GTG CAG GCG ATC GAC GTT CGT CCG GAA AAA CGT GAA ATC GAC TTC AAA TAC ATT CCG,6.205578151555978
GAT GTT GAG CCG GGT AAA TTC TAC AAA GGT GTT GTT ACC CGT ATC GAA AAA TAC GGT GCG TTC ATC AAT CTC AAC GAA CAG GTT CGT GGT CTG CTG CGT CCG CGT ATG ATG ATC TCT CTG CGT CTG GAA AAC CTG AAT GTT GGT GAC GAA ATC ATC GTT CAG GCG ATC GAC GTT GAA CCG GAA AAA CGT GAA ATC GAC TTC AAA TAC ATC CCG,1.965813509935527
GAC GTT GAA CCG GGC AAA TTC TAC AAA GGT GTT GTT ACC CGT ATC GAA AAA TAC GGT GCG TTC ATC AAC CTG AAT GAA CAG GTT CGT GGT CTG CTG CGT CCG CGT GAC ATG ATC TCT CTG CGT CTG GAA AAC CTC AAT GTT GGT GAC GAA ATT ATC GTT CAG GCG ATT GAC GTT CGC TCT GAA AAA CGT GAA ATC GAC TTC AAA TAC ATC CCG,4.528784303914492
GAT GTT GAA CCG GGT AAA TTC TAC AAA GGT GTT GTT ACC CGT ATC GAA AAA TAC GGT GCG TTC ATC AAT CTG AAT GAA CAG GTT CGT GGT CTG CTG CGT CCG CGT GAC ATG ATC TCT CTG CGT CTG GAA AAC CTG AAT GTT GGT GAC GAA ATC ATC GTT CAG GCG ATC GAC GTT ACT CCG GAA AAG CGT GAA ATC TTC TTC AAG TAC ATC CCG,4.458782031907223
GAC GTG GAA CCG GGT AAG TTC TAC AAA GGT GTT GTT ACC CGT ATC GAA AAA TAC GGT GCG TTC ATC AAC CTG AAT GAA CAG GTT CGT GGT CTG CTG CGT CCG CGT GAC ATG ATC TCT CTG CGT CTG GAA AAC CTC AAC GTG GGC GAC GAA ATC ATC GTT CAG GCG ATC GAC GTT TTC CCG GAA AAA CGT GAA ATC CCG TTC AAA TAC ATC CCA,2.0012574946768624
GAC GTT GAA CCG GGC AAA TTC TAC AAA GGT GTT GTT ACC CGT ATC GAA AAA TAC GGT GCG TTC ATC AAT CTG AAT GAA CAG GTT CGT GGT CTG CTG GTT CCG CGT GAC ATG ATC TCT CTG CGT CTG GAA AAC CTG AAC GTT GGT GAC GAA ATC ATC GTT CAA GCT ATC GAC GTT AAA CCG GAA AAA CGT GAA ATC GAC TTC AAA TAC ATC CCG,1.9581365829535549
GAC GTT GAA CCG GGT AAA TTC TAC AAA GGT GTT GTT ACC CGT ATC GAA AAA TAC GGT GCG TTC ATC AAT CTG AAC GAA CAG GTT CGT GGT CTG CTG CGT CCG CGT CAG ATG ATC TCT CTG CGT CTG GAA AAC CTG AAT GTT GGT GAC GAA ATC ATC GTT CAA GCG ATC GAC GTT CGT CCG GAA AAA CGT GAA ATC CAC TTC AAA TAC ATC CCG,2.506763308676134
GAC GTT GAA CCG GGT AAA TTC TAC AAA GGT GTT GTT ACC CGT ATC GAA AAA TAC GGT GCT CTG ATC AAC CTG AAC GAG CAG GTT CGT GGT CTG CTG CGT CCG CGC GAC ATG ATC TCT CTG CGC CTG GAA AAT CTC AAC GTG GGT GAT GAA ATC ATC GTG CAG GCG ATT GAC GTT CGT CCG GAA AAA CGT GAA ATC GAC TTC AAA TAC ATC CCG,4.243651264615608
GAC GTT GAA CCG GGT AAA TTC TAC AAA GGT GTT GTT ACC CGT ATC GAA AAA TAC GGT GCG TTC ATC AAT CTG AAC GAA CAG GTT CGT GGT CTG CTC CAA CCG CGT CAC ATG ATC TCT CTG CGT CTG GAG AAC CTG AAC GTT GGT GAC GAA ATC ATC GTG CAG GCT ATC GAC GTT CGT CCG GAA AAA CGT GAA ATC GAC TTC AAA TAC ATC CCG,3.302536315825897
GAC GTT GAA CCG GGT AAA TTC TAC AAA GGT GTT GTT ACC CGT ATC GAA AAA TAC GGT GCG TTC ATC CTG CTG AAC GAA CAG GTT CGT GGT CTG CTG CGT CCG CGT GAC ATG ATC TCT CTG CGT CTG GAA AAC CTG AAC GTT GGT GAC GAA ATC ATC GTT CAA GCG ATC GAT GTT CGT CCG GAA AAA CGT GAA ATC GAC TTC AAA TAC ATC CCG,3.966945840979803
GAC GTT GAA CCG GGT AAA TTC TAC AAA GGT GTT GTT ACC CGT ATC GAA AAA TAC GGT GCG TTC ATC AAC CTC AAC GAA CAG GTT CGT GGT CTG CTG CGT CCG CGT GAC ATG ATC TCT CTG CGT CTG GAA AAC CTG AAC GTT GGT GAC GAA ATC ATC GTG CAG GCG ATC GAC GTT CGT CCG GAA AAA CGT GAA ATC GAC TTC GTT TAC ATC CCG,3.972955282517828
GAC GTT GAA CCG GGT AAA TTC TAC AAA GGT GTT GTT ACC CGT ATC GAA AAA TAC GGT GCG TTC ATC AAT CTG AAC GAA CAG GTT CGT GGT CTG CTG TAC CCG CGT GGT ATG ATC TCT CTG CGT CTG GAA AAC CTG AAT GTT GGT GAC GAA ATC ATC GTG CAG GCG ATC GAC GTT CGT CCG GAA AAA CGT GAA ATC GAC TTC AAA TAC ATC CCG,1.9238456642677733
GAC GTT GAA CCG GGT AAA TTC TAC AAA GGT GTT GTT ACC CGT ATC GAA AAA TAC GGT GCG TTC ATC AAC CTG AAT GAA CAG GTT CGT GGT CTG CTC CGT CCG CGT TTC ATG ATC TCT CTG CGT CTG GAA AAC CTC AAT GTT GGT GAC GAA ATT ATC GTT CAA GCG ATC GAC GTT CGT CCG GAA AAA CGT GAA ATC AAA TTC AAA TAC ATC CCG,2.701637034642241
GAC GTT GAA CCG GGT AAA TTC TAC AAA GGT GTT GTT ACC CGT ATC GAA AAA TAC GGT GCG TTC ATC AAC CTC AAC GAA CAG GTT CGT GGT CTG CTC ATC CCG CGT GAC ATG ATC TCT CTG CGT CTG GAA AAC CTG AAC GTT GGT GAC GAA ATC ATC GTT CAA GCG ATC GAC GTT CGT CCG GAA AAA CGT GAA ATC CGT TTC AAA TAC ATC CCG,2.8811914404088683
GAT GTT GAA CCG GGT AAG TTC TAC AAA GGT GTT GTT ACC CGT ATC GAA AAA TAC GGT GCG TTC ATC AAC CTC AAC GAA CAA GTT CGT GGT CTG CTC CGT CCA CGC AAA ATG ATC TCT CTG CGT CTG GAG AAC CTG AAT GTT GGT GAC GAA ATC ATC GTT CAG GCG ATC GAT GTT CGT CCG GAA AAA CGT GAA ATC GAC TTC GTT TAC ATC CCG,2.0475361014773545
GAC GTT GAA CCG GGT AAA TTC TAC AAA GGT GTT GTT ACC CGT ATC GAA AAA TAC GGT GCG TTC ATC AAC CTC AAC GAA CAG GTT CGT GGT CTG CTG CGT CCG CGT GAG ATG ATC TCT CTG CGT CTG GAA AAC CTG AAC GTG GGT GAC GAA ATC ATT GTT CAG GCT ATC GAC GTT ACT CCG GAA AAA CGT GAA ATC GAC TTC AAA TAC ATC CCG,1.849608753808822
GAC GTT GAA CCG GGT AAA TTC TAC AAA GGT GTT GTT ACC CGT ATC GAA AAA TAC GGT GCG TTC ATC AAC CTG AAC GAA CAG GTT CGT GGT CTG CTG AAT CCA CGC GAC ATG ATC TCT CTG CGT CTG GAA AAC CTC AAC GTG GGT GAC GAA ATC ATC GTT CAA GCT ATC GAC GTG CGT CCG GAA AAA CGT GAA ATC GAC TTC AAA TAC ATC CCG,2.156724430791476
GAC GTT GAA CCG GGT AAG TTC TAC AAA GGT GTT GTT ACC CGT ATC GAA AAA TAC GGT GCG TTC ATC AAT CTG AAT GAA CAG GTT CGC GGT CTG CTG CGT CCG CGT AAC ATG ATC TCT CTG CGT CTG GAG AAC CTG AAC GTT GGT GAC GAA ATC ATC GTG CAG GCG ATC GAC GTT GTG CCG GAA AAA CGT GAA ATC GAC TTC AAA TAC ATC CCG,3.623920984446624
GAC GTT GAA CCG GGT AAA TTC TAC AAA GGT GTT GTT ACC CGT ATC GAA AAA TAC GGT GCG TTC ATC AAC CTG AAT GAA CAG GTT CGT GGT CTG CTG AAC CCG CGT GAC ATG ATC TCT CTG CGT CTG GAA AAT CTG AAC GTT GGT GAC GAA ATC ATC GTT CAA GCG ATC GAC GTT CGT CCG GAA AAA CGT GAA ATC TGG TTC AAA TAC ATC CCG,2.414455533871748
GAC GTG GAA CCG GGT AAA TTC TAC AAG GGT GTG GTT ACC TCT ATC GAA AAA TAC GGT GCG ATG ATC AAC CTC AAC GAA CAG GTT CGT GGT CTG CTC CGT CCA CGT GAC ATG ATC TCT CTG CGC CTG GAA AAC CTG AAT GTT GGT GAC GAA ATC ATC GTT CAG GCT ATC GAT GTT CGC CCA GAA AAA CGT GAA ATC GAC TTC AAA TAC ATC CCG,3.2660524327151443
GAC GTT GAA CCG GGC AAA TTC TAC AAA GGT GTT GTT ACC CGT ATC GAA AAA TAC GGT GCT CCG ATC AAC CTG AAC GAA CAG GTT CGT GGT CTG CTG CGT CCG CGT GAC ATG ATC TCT CTG CGT CTG GAA AAT CTG AAC GTT GGT GAC GAA ATC ATC GTT CAA GCG ATC GAC GTT CGT CCG GAA AAA CGT GAA ATC GAC TTC AAA TAC ATC CCG,0.590134123095609
GAC GTT GAA CCG GGT AAA TTC TAC AAA GGT GTT GTT ACC CGT ATC GAA AAA TAC GGT GCG TTC ATC AAC CTC AAC GAA CAG GTT CGC GGT CTG CTG TCT CCA CGT GAC ATG ATC TCT CTG CGT CTG GAA AAC CTG AAC GTT GGT GAC GAA ATC ATC GTG CAG GCG ATC GAC GTT CGT CCA GAA AAG CGT GAA ATC GAC TTC AAA TAC ATC CCG,2.8823773993238744
GAT GTT GAA CCG GGT AAA TTC TAC AAA GGT GTT GTG ACC CAC ATC GGT AAA TAC GGT GCG TTT ATC AAC CTG AAC GAA CAG GTT CGT GGT CTG CTG CGT CCG CGT GAC ATG ATC TCT CTG CGT CTG GAA AAC CTC AAC GTG GGT GAT GAA ATC ATC GTG CAG GCT ATC GAC GTT CGT CCG GAA AAA CGT GAA ATC GAC TTC AAA TAC ATC CCG,4.282383639125379
GAC GTT GAA CCG GGT AAA TTC TAC AAA GGT GTT GTT ACC CGT ATC GAA AAA TAC GGT GCG TTC ATC AAC CTC AAC GAA CAG GTT CGT GGT CTG CTG GGT CCA CGT GAC ATG ATC TCT CTG CGT CTG GAA AAC CTG AAT GTG GGT GAC GAA ATC ATC GTT CAG GCG ATC GAC GTT CGC CCG GAA AAG CGT GAA ATC TCT TTC AAA TAC ATC CCG,2.14212996483704
GAC GTT GAA CCG GGT AAA TTC TAC AAA GGT GTT GTT ACC CGT ATC GAA AAA TAC GGT GCG TTC ATC AAC CTC AAC GAA CAG GTT CGT GGT CTG CTG GTT CCG CGT TTC ATG ATC TCT CTG CGT CTG GAA AAC CTG AAC GTT GGT GAC GAA ATC ATC GTT CAA GCG ATC GAC GTT CGT CCG GAA AAA CGT GAA ATC GAC TTC AAA TAC ATC CCG,2.8614854498928173
GAC GTT GAA CCG GGT AAA TTC TAC AAA GGT GTT GTT ACC ACC ATC GAA AAA TAC GGT GCG TGG ATC AAC CTG AAC GAA CAG GTT CGT GGT CTG CTC CGT CCG CGT GAC ATG ATC TCT CTG CGT CTG GAA AAT CTG AAC GTT GGT GAT GAA ATC ATC GTT CAA GCG ATC GAC GTT CGT CCG GAA AAA CGT GAA ATC GAC TTC AAA TAC ATC CCG,3.961403241280557
GAC GTT GAA CCG GGC AAA TTC TAC AAA GGT GTT GTG ACC ATC ATC GAA AAA TAC GGT GCG CCG ATT AAC CTC AAC GAA CAG GTT CGT GGC CTC CTG CGT CCG CGT GAC ATG ATC TCT CTG CGT CTG GAA AAC CTG AAC GTT GGT GAT GAA ATC ATC GTT CAA GCG ATC GAC GTT CGT CCA GAA AAA CGT GAA ATC GAC TTC AAA TAC ATC CCG,0.5385113452869303
GAC GTG GAA CCG GGT AAA TTC TAC AAA GGT GTT GTT ACC CGT ATC GAA AAA TAC GGT GCT TTC ATC AAC CTG AAC GAA CAG GTT CGT GGT CTG CTG CGT CCG CGT GAC ATG ATC TCT CTG CGT CTG GAA AAT CTG AAT GTT GGT GAC GAA ATC ATT GTG CAG GCG ATC GAC GTT TCT CCG GAA AAA CGT GAA ATC CTG TTC AAA TAC ATT CCG,4.686588427668258
GAT GTT GAA CCG GGT AAG TTC TAC AAA GGT GTT GTT ACC CGT ATC GAA AAA TAC GGT GCG TTC ATC AAC CTC AAC GAA CAA GTT CGT GGT CTG CTC CGT CCG CGT TAC ATG ATC TCT CTG CGT CTG GAG AAC CTG AAT GTT GGT GAC GAA ATC ATC GTT CAG GCG ATC GAC GTT CGC CCG GAA AAA CGT GAA ATC GAC TTC TTC TAC ATT CCG,2.8113902554598704
GAT GTG GAA CCG GGC AAA TTC TAC AAA GGT GTT GTT ACC CGT ATC GAA AAA TAC GGT GCG TTC ATC AAC CTG AAT GAA CAG GTT CGT GGT CTG CTG CGT CCA CGC GTT ATG ATC TCT CTG CGC CTG GAA AAT CTG AAC GTT GGC GAC GAA ATC ATC GTT CAG GCG ATC GAC GTT CGT CCG GAA AAA CGT GAA ATC GAC TTC CAG TAC ATC CCG,2.198008564152889
GAC GTT GAA TTC GGC AAA TTC TAC AAA GGT GTT GTT ACC CGT ATC GAA AAA TAC GGT GCG TTC ATC AAT CTG AAC GAA CAG GTT CGT GGT CTG CTG CGT CCG CGT GAC ATG ATC TCT CTG CGT CTG GAA AAC CTG AAC GTT GGT GAC GAA ATC ATC GTG CAG GCG ATC GAC GTT CGT CCG GAA AAA CGT GAA ATC GAC TTC AAA TAC ATC CCG,4.218788695482832
GAC GTT GAA CCG GGT AAA TTC TAC AAA GGT GTT GTT ACC CGT ATC GAA AAA TAC GGT GCG TTC ATC AAC CTC AAC GAA CAG GTT CGT GGT CTG CTG ATG CCG CGT GAC ATG ATC TCT CTG CGT CTG GAA AAC CTG AAC GTT GGT GAC GAA ATC ATC GTT CAA GCG ATC GAC GTT AAA CCG GAA AAA CGT GAA ATC GAC TTC AAA TAC ATC CCG,1.9594380177561088
GAC GTT GAA CCG GGC AAA TTC TAC AAA GGT GTT GTT ACC CGT ATC GAA AAA TAC GGT GCG TTC ATC AAC CTC AAT GAA CAG GTG CGT GGT CTG CTC CCG CCA CGT GAT ATG ATT TCT CTG CGT CTG GAA AAT CTG AAC GTT GGT GAC GAG ATC ATC GTG CAG GCG ATC GAC GTT CCG CCG GAA AAA CGT GAA ATC GAC TTC AAA TAC ATC CCA,0.8804188975793392
GAT GTT GAA CCG GGT AAA TTC TAC AAG GGT GTT GTT ACC GGC ATC GCG AAA TAC GGT GCG TTC ATC AAC CTG AAC GAG CAG GTT CGT GGT CTG CTG CGT CCG CGT GAC ATG ATC TCT CTG CGT CTG GAG AAC CTC AAC GTG GGT GAC GAA ATT ATC GTG CAG GCG ATT GAC GTT CGT CCG GAA AAA CGT GAA ATC GAC TTC AAA TAC ATC CCG,3.906750761897966
GAC GTT GAA CCG GGT AAA TTC TAC AAA GGT GTT GTT ACC CGT ATC GAA AAA TAC GGT GCG TTC ATC AAC CTG AAC GAA CAG GTT CGT GGT CTG CTG TCT CCA CGT GAC ATG ATC TCT CTG CGT CTG GAA AAT CTG AAC GTT GGT GAC GAA ATC ATC GTT CAA GCG ATC GAC GTT ATC CCG GAA AAA CGT GAA ATC GAC TTC AAA TAC ATC CCG,1.5222738259432065
GAC GTT GAA CCG GGC AAA TTC TAC AAA GGT TGG GTT ACC CGT ATC GAA AAA TAC GGT GCG TTC ATC AAC CTC AAT GAA CAG GTT CGT GGT CTG CTG CGT CCG CGT GAC ATG ATC TCT CTG CGT CTG GAA AAC CTG AAT GTG GGC GAC GAA ATC ATC GTT CAG GCG ATT GAC GTT CGT CCG GAA AAA CGT GAA ATC GAC TTC AAA TAC ATC CCA,6.599182998511154
GAC GTT GAA CCG GGT AAA TTC TAC AAA CAC GTT GTT ACC CGT ATC GAA AAA TAC GGT GCG TTC ATC AAC CTC AAC GAG CAG GTT CGT GGT CTG CTG CGT CCG CGT GAC ATG ATC TCT CTG CGT CTG GAG AAC CTG AAC GTG GGT GAC GAA ATC ATT GTT CAG GCG ATT GAC GTT CGT CCG GAA AAA CGT GAA ATC GAC TTC AAA TAC ATC CCG,0.6841633133437262
GAC GTT GAA CCG GGT AAA TTC TAC AAA GGT GTT GTT ACC ACC ATC GGT AAA TAC GGT GCG TTC ATC AAC CTC AAC GAA CAG GTT CGT GGT CTG CTG CGT CCG CGT GAC ATG ATC TCT CTG CGT CTG GAA AAC CTG AAT GTT GGT GAC GAA ATC ATC GTT CAA GCG ATC GAC GTT CGT CCG GAA AAA CGT GAA ATC GAC TTC AAA TAC ATC CCG,3.3428349851404
GAC GTT GAA CCG GGT AAG TTC TAC AAA GGT GTT GTT ACC CGT ATC GAA AAA TAC GGT GCG TTC ATC AAC CTG AAC GAA CAA GTT CGT GGT CTG CTG CGT CCG TGG GAT ATG ATC TCT CTC CGT CTG GAA AAC CTC AAT GTT GGT GAC GAA ATC ATT GTT CAG GCG ATC GAC GTT CGT CCG GAA AAA CGT GAA ATC GAC TTC AAA TAC ATC CCG,4.062906898176195
GAC GTG GAA CCG GGC AAA TTC TAC AAA GGT GTT GTT ACC CGT ATC GAA AAG TAC GGT GCG TTC ATC AAC CTG AAC GAG CAG GTT CGT GGT CTG CTC CGT CCG CGC GAT ATG ATT TCC CTG CGT CTG GAA AAT CTG AAC GTT GGC GAT GAA ATT ATC GTG CAG GCG ATT GAC GTT GGT CCA GAA AAA CGT GAA ATC TGG TTC AAA TAC ATC CCG,3.7593206194062505
GAC GTT GAA CCG GGT AAA TTC TAC AAA GGT GTT GTT ACC CGT ATC GAA AAA TAC GGT GCG TTC ATC AAC CTG AAC GAA CAG GTT CGT GGT CTG CTG CGT CCG CGT GAC ATG ATC TCT CTG ATG CTG GAA AAC CTC AAT GTT GGT GAC GAA ATC ATC GTT CAA GCG ATC GAC GTT CGT CCG GAA AAA CGT GAA ATC GAC TTC AAA TAC ATC CCG,4.867608703850545
GAC GTT CCG CCA GGT AAA TTC TAC AAA GGT GTT GTT ACC CGT ATC GAA AAA TAC GGT GCG TTC ATC AAC CTG AAC GAA CAG GTT CGT GGT CTG CTG CGC CCA CGT GAT ATG ATC TCT CTG CGT CTG GAA AAC CTC AAC GTG GGT GAC GAA ATC ATC GTG CAG GCG ATT GAC GTT CGC CCA GAA AAA CGT GAA ATC GAC TTC AAA TAC ATC CCG,2.9739753964920794
GAT GTT GAA CCG GGC AAA TTC TAC AAA GGC GTT GTT ACC CGT ATC GAA AAA TAC GGT GCG TTC ATC AAC CTG AAT GAG CAG GTT CGT GGT CTG CTG CGT CCG CGT ACC ATG ATC TCT CTG CGT CTG GAA AAC CTC AAT GTT GGT GAC GAA ATC ATC GTT CAG GCT ATC GAT GTT CGT CCG GAA AAA CGT GAA ATC TGG TTC AAA TAC ATC CCG,1.8407788343802447
GAC GTT GAA CCG GGC AAA TTC TAT AAA GGT GTT GTT ACC CGT ATC GAA AAA TAC GGT GCG TTC TAC AAT CTG AAC GAA CAG GTT CGT GGT CTG CTG CGT CCG CGC GAC ATG ATC TCT CTC CGT CTG GAA AAC CTG AAC GTT GGT GAC GAA ATC ATT GTT CAG GCG ATC GAC GTT CGT CCG GAA AAA CGT GAA ATC GAC TTC AAA TAC ATC CCG,0.9944500746183682
GAC GTT GAG CCG GGT AAA TTC TAC AAG GGT GTT GTT ACC ATC ATC TCT AAA TAC GGT GCG TTC ATC AAC CTC AAC GAA CAG GTT CGT GGT CTG CTG CGT CCG CGT GAC ATG ATC TCT CTG CGT CTG GAA AAT CTG AAC GTT GGT GAC GAA ATC ATC GTT CAG GCG ATT GAT GTT CGT CCG GAA AAA CGT GAA ATC GAC TTC AAA TAC ATC CCG,3.801945595319688
GAC GTT GAA CCG GGT AAA TTC TAC AAA GGT GTT GTT ACC CGT ATC GAA AAA TAC GGT GCG TTC ATC AAC CTG AAC GAA CAG GTT CGT GGC CTG CTG CGT CCA CGT CGC ATG ATC TCT CTC CGT CTC GAA AAC CTC AAT GTT GGT GAC GAA ATC ATC GTG CAG GCT ATC GAC GTT CGT CCA GAG AAA CGT GAA ATC GAC TTC CAC TAC ATT CCG,1.8595699136769148
GAC GTT GAA CCG GGT AAA TTC TAC AAA GGT GTT GTT ACC CGT ATC GAA AAA TAC GGT GCG TTC ATC AAC CTG AAC GAA CAG GTT CGT GGT CTG CTG CGT CCG CGT TGG ATG ATC TCT CTG CGT CTG GAA AAC CTC AAT GTT GGT GAC GAA ATC ATC GTG CAG GCG ATT GAC GTT CGT CCG GAA AAA CGT GAA ATC CGT TTC AAA TAC ATC CCG,2.993998367361602
GAT GTT GAA CCG GGT AAA TTC TAC AAA GGT GTT GTT ACC CGT ATC GAA AAA TAC GGT GCG TTC ATC AAC CTG AAT GAA CAG GTG CGT GGT CTG CTG GAC CCA CGC GAT ATG ATC TCT CTG CGT CTG GAA AAC CTC AAT GTG GGT GAC GAA ATC ATC GTT CAG GCT ATC GAC GTT CGC CCG GAA AAA CGT GAA ATC GAC TTC AAA TAC ATC CCG,2.117621984037654
GAC GTT GAA CCG GGT AAA TTC TAC AAA GGT GTT GTT ACC CGT ATC GAA AAA TAC GGT GCG TTC ATC AAC CTG AAT GAA CAG GTT CGT GGT CTG CTG GAA CCG CGT GAC ATG ATC TCT CTG CGT CTG GAA AAT CTG AAC GTT GGT GAC GAA ATC ATT GTT CAG GCG ATC GAC GTT TTC CCG GAA AAA CGT GAA ATC GAC TTC AAA TAC ATC CCG,1.1244720783149704
GAC GTG GAA CCG GGT AAA TTC TAC AAA GGT GTT GTT ACC GTT ATC TTC AAA TAC GGT GCG TTC ATC AAC CTG AAC GAA CAG GTT CGT GGT CTG CTG CGT CCG CGT GAC ATG ATC TCT CTG CGT CTG GAA AAT CTG AAC GTT GGT GAC GAA ATC ATC GTT CAA GCG ATC GAC GTT CGT CCG GAA AAA CGT GAA ATC GAC TTC AAG TAC ATC CCG,4.63857578346941
GAC GTT GAA CCG GGT AAA TTC TAC AAG GGT GTT GTT ACC CGT ATC GAA AAA TAC GGT GCG TTC ATC AAC CTG AAT GAA CAG GTT CGT GGT CTG CTG CGT CCG CGT CAG ATG ATC TCT CTG CGT CTG GAA AAC CTC AAT GTT GGT GAC GAA ATC ATC GTT CAG GCG ATT GAC GTT CGT CCG GAA AAA CGT GAA ATC GAC TTC TGC TAC ATC CCA,2.7826679934904472
GAC GTT GAA CCG GGT AAA TTC TAC AAA GGT GTT GTT ACC CGT ATC GAA AAA TAC GGT GCG TTC ATC AAC CTG AAC GAA CAG GTT CGT GGT CTG CTG CGT CCG CGT GAC TTC ATC TCT CTG CGT CTG GAA AAT CTG AAC GTT GGT GAC GAA ATC ATC GTT CAA GCG ATC GAC GTT CGT CCG GAA AAA CGT GAA ATC GAC TTC AAA TAC ATC CCG,2.114330106627108
GAC GTT GAA CCG GGT AAA TTC TAC AAA GGT GTT GTT ACC CGT ATC GAA AAA TAC GGT GCG TTC ATC AAT CTG AAT GAG CAG GTT CGT AAA CTG CTG CGT CCG CGT GAC ATG ATC TCT CTG CGT CTG GAA AAC CTG AAT GTT GGT GAT GAA ATC ATC GTT CAG GCG ATT GAC GTT CGC CCG GAA AAA CGC GAA ATC GAC TTC AAA TAC ATC CCA,1.6431542253432156
GAC GTT GAA CCG GGT AAA TTC TAC AAA GGT GTT GTT ACC CGT ATC GAA AAA TAC GGT GCG TTC ATC AAC CTG AAT GAA CAG GTT CGT GGT CTG CTG CGT CCG CGT GAC ATG ATC TCT CTG CGT CTG GAA AAC CTC AAC GTG GGT GAC GAA ATC ATC GTG CAG GCT ATC GAC GTT TGG CCG GAG AAA CGT GAG ATC TTC TTC AAA TAC ATC CCG,4.217419842916994
GAC GTT GAA CCG GGT AAA TTC TAC AAA GGT GTT GTT ACC CGT ATC GAA AAA TAC GGT GCG TTC ATC AAC CTG AAC GAA CAG GTT CGT GGT CTG CTC AAC CCA CGT GAC ATG ATC TCT CTG CGT CTG GAA AAT CTG AAC GTT GGT GAC GAA ATC ATC GTG CAG GCG ATT GAC GTT CGT CCG GAA AAA CGT GAA ATC CGT TTC AAA TAC ATC CCG,2.952066178049719
GAT GTT GAA CCG GGT AAA TTC TAC AAA GGC GTT GTT ACC GAC ATC GAA AAA TAC GGT GCG GTT ATC AAT CTG AAC GAA CAG GTT CGT GGT CTG CTC CGT CCG CGT GAC ATG ATC TCT CTG CGT CTC GAA AAC CTC AAT GTT GGT GAC GAA ATC ATT GTT CAG GCG ATC GAC GTT CGT CCG GAA AAA CGT GAA ATC GAC TTC AAA TAC ATC CCA,1.826543340325769
GAC GTT GAA CCG GGT AAA TTC TAC AAA GGT GTT GTT ACC CGT ATC GAA AAA TAC GGT GCG TTC ATC AAC CTC AAC GAA CAG GTT CGT GGT CTG CTG GAA CCG CGT GAC ATG ATC TCT CTG CGT CTG GAA AAC CTG AAT GTG GGT GAC GAA ATC ATC GTT CAG GCG ATC GAT GTT CAC CCG GAA AAA CGT GAA ATC GAC TTC AAA TAC ATC CCG,1.1300768623482642
GAC GTT GAA CCG GGT AAA TTC GTT AAA GGT GTT GTT ACC CGT ATC GAA AAA TAC GGT GCG TTC ATC AAC CTC AAC GAA CAG GTT CGT GGC CTG CTG CGT CCG CGT GAC ATG ATC TCT CTG CGT CTG GAA AAC CTG AAC GTT GGT GAC GAA ATC ATC GTG CAG GCG ATC GAC GTT CGT CCA GAA AAA CGT GAA ATC GAC TTC AAA TAC ATC CCG,2.310944608540711
GAC GTT GAA CCG GGT AAG TTC TAC AAA GGC GTT GTT ACC CGT ATC GAA AAA TAC GGT GCG TTC ATC AAC CTC AAC GAA CAG GTT CGT GGC CTG CTG CGT CCG CGT TGC ATG ATC TCT CTG CGT CTG GAA AAT CTC AAT GTT GGC GAC GAA ATC ATC GTT CAG GCG ATC GAC GTT CGT CCG GAA AAA CGT GAA ATC GAC TTC TGC TAC ATC CCG,4.899948636520263
GAC GTT GAA CCG GGT AAA TTC TAC AAA GGT GTT GTT ACC CGT ATC GAA AAA TAC GGT GCG TTC ATC AAT CTC AAC GAA CAG GTT CGT GGT CTG CTG CGT CCG CGT AAA ATG ATC TCT CTG CGT CTG GAA AAC CTG AAT GTT GGT GAC GAA ATC ATC GTT CAG GCG ATC GAC GTT TAT CCG GAA AAA CGT GAA ATC GAC TTC AAA TAC ATC CCG,1.6132989351497795
GAT GTG GAA CCG GGT AAA TTC TAC AAG GGT GTT GTT ACC CGT ATC GAA AAA TAC GGT GCG TTC ATC AAC CTG AAC GAA CAA GTT CGT GGT CTG CTC CGT CCA CGC GGT ATG ATC TCT CTG CGT CTG GAA AAT CTG AAT GTT GGC GAC GAA ATC ATC GTT CAA GCG ATC GAC GTT CGC CCA GAA AAA CGT GAA ATC GAC TTC GAA TAC ATC CCA,1.9823688008089069
GAC GTT GAA CCG GGT AAA TTC TAC AAA GGT GTT GTT ACC CGT ATC GAA AAA TAC GGT GCG TTC ATC AAC CTG AAC GAG CAG GTT CGT GGC CTG CTC CGT CCG CGC TCT ATG ATT TCT CTG CGT CTG GAG AAC CTC AAC GTG GGC GAC GAG ATT ATC GTG CAG GCG ATC GAT GTT CGT CCG GAA AAA CGT GAA ATC GAC TTC AAC TAT ATC CCG,1.8119348037454763
GAC GTT GAA CCG GGC AAA TTC TAC AAA GGT GTT GTT ACC CGT ATC GAA AAA TAC GGT GCG TTC ATC AAC CTC AAT GAA CAG GTG CGT GGT CTG CTG CGT CCG CGT GCG ATG ATC TCT CTG CGT CTG GAA AAC CTG AAC GTT GGT GAC GAA ATC ATC GTG CAA GCG ATC GAC GTT CGT CCG GAA AAA CGT GAA ATC GAA TTC AAA TAC ATC CCA,3.182193422047454
GAC GTT GAA CCG GGT AAA TTC TAC AAA GGT GTT GTT ACC CGT ATC GAA AAA TAC GGT GCG TTC ATC AAC CTC AAC GAA CAG GTT CGT GGT CTG CTG TTT CCG CGT GAC ATG ATC TCT CTG CGT CTG GAA AAC CTG AAT GTT GGT GAC GAA ATC ATC GTT CAG GCT ATT GAC GTG GGT CCG GAA AAG CGT GAA ATC GAC TTC AAA TAC ATC CCA,1.795579679489391
GAC GTT GAA CCG GGT AAG TTC TAC AAA GGT GTT GTT ACC CGT ATC GAA AAA TAC GGT GCG TTC ATC AAC CTC AAC GAA CAA GTT CGT GGT CTG CTC CAG CCG CGT GAT ATG ATC TCT CTC CGT CTG GAA AAC CTG AAT GTT GGT GAC GAA ATC ATC GTT CAG GCG ATC GAC GTT ACT CCG GAA AAA CGT GAA ATC GAC TTC AAA TAC ATC CCG,1.5967735305562845
GAT GTT GAA CCG GGT AAA TTC TAC AAA GGC GTT GTG ACC CGT ATC GAA AAA TAC GGT GCG TTC ATC AAC CTG AAC GAG CAG GTT CGT GGT CTG CTG ATG CCG CGT TCT ATG ATC TCT CTG CGT CTG GAA AAT CTG AAC GTT GGT GAC GAA ATC ATT GTT CAG GCG ATC GAC GTT CGT CCG GAA AAA CGT GAA ATC GAC TTC AAA TAC ATC CCG,2.362445212084373
GAC GTG GAA CCG GGT AAA TTC TAC AAA GGT GTT GTT ACC CGT ATC GAA AAA TAC GGT GCG TTC ATC AAC CTC AAC GAG CAG GTT CGT GGT CTG CTG CGT CCG CGT GAC ATG ATC TCT CTG CGT CTG GAA AAT CTG AAC GTT GGT GAC GAA ATC ATC GTT CAG GCG ATC GAC GTT ACT CCG GAA AAA CGT GAA ATC GTT TTC AAA TAC ATC CCG,3.734833315891226
GAC GTT GAA CCG GGT AAA TTC TAC AAA GGT GTT GTT ACC CGT ATC GAA AAA TAC GGT GCG TTC ATC AAC CTC AAC GAA CAG GTT CGT GGT CTG CTG TTC CCG CGT GAC ATG ATC TCT CTG CGT CTG GAA AAC CTG AAC GTT GGT GAC GAA ATC ATC GTT CAA GCG ATC GAC GTT CGT CCG GAA AAA CGT GAA ATC CCG TTC AAA TAC ATC CCG,1.0961738025273489
GAC GTT GAA CCG GGT AAA TTC TAC AAG GGT GTT GTT ACC CGT ATC GAA AAA TAC GGT GCG TTC ATC AAC CTG AAT GAG CAG GTT CGT GGT CTG CTG CGT CCG CGT GAC ATG ATC TCT CTG CGT CTG GAA AAT CTG AAC GTG GGT GAC GAA ATC ATC GTT CAG GCG ATC GAT GTT CAG CCG GAA AAA CGT GAA ATC CAC TTC AAA TAC ATC CCG,3.806256140080812
GAC GTT GAA CCG GGT AAA TTC TAC AAG GGT GTT GTT ACT CCG ATC ATG AAA TAC GGT GCG TTC ATC AAC CTG AAT GAA CAG GTT CGT GGT CTG CTG CGT CCG CGT GAC ATG ATC TCT CTG CGT CTG GAA AAT CTG AAC GTT GGT GAC GAA ATC ATC GTT CAA GCG ATC GAC GTT CGT CCG GAA AAA CGT GAA ATC GAC TTC AAA TAC ATC CCG,0.520217176196179
GAC GTT GAA CCG GGT AAA TTC TAC AAA GGT GTT GTT ACC CGT ATC GAA AAA TAC GGT GCG TTC ATC AAT CTG AAC GAA CAG GTT CGT GGT CTG CTG CGC CCA CGT CAC ATG ATC TCT CTG CGT CTG GAA AAC CTG AAC GTT GGT GAC GAA ATC ATC GTT CAA GCG ATC GAC GTT CGT CCG GAA AAA CGT GAA ATC ACC TTC AAA TAC ATC CCG,4.035584282133081
GAC GTT GAA CCG GGT AAA TTC TAC AAA GGT GTT GTT ACC CGT ATC GAA AAA TAC GGT GCG TTC ATC AAT CTG AAC GAA CAG GTT CGT GGC CTG CTG CGT CCG CGT AAA ATG ATC TCT CTG CGT CTG GAA AAC CTG AAC GTT GGT GAC GAA ATC ATC GTT CAA GCG ATC GAC GTT TCT CCG GAA AAA CGT GAA ATC GAC TTC AAA TAC ATC CCG,1.6696140006381774
GAC GTT GAA CCG GGT AAA TTC TAC AAA GGT GTT GTT ACC TGG ATC GAA AAA TAC GGT GCG GCG ATC AAC CTC AAC GAA CAG GTT CGT GGT CTG CTG CGC CCA CGT GAC ATG ATC TCT CTG CGT CTG GAA AAT CTG AAC GTT GGC GAC GAA ATC ATC GTT CAG GCG ATC GAC GTT CGT CCG GAA AAA CGT GAA ATC GAC TTC AAA TAC ATC CCG,1.535910175270605
GAC GTT GAA CCG GGT AAA TTC TAC AAA GGT GTT GTT ACC CGT ATC GAA AAA TAC GGT GCG TTC ATC AAC CTG AAC GAA CAG GTT CGT GGT CTG GGT CGT CCG CGC GAC ATG ATC TCT CTG CGT CTG GAA AAT CTG AAC GTT GGT GAC GAA ATC ATC GTT CAA GCG ATC GAC GTT CGT CCG GAA AAA CGT GAA ATC GAC TTC AAA TAC ATC CCG,1.1298843379016013
GAC GTT GAA CCG GGT AAA TTC TAC AAA GGT GTT GTT ACC CGT ATC GAA AAA TAC GGT GCG TTC ATC AAC CTG AAC GAA CAG GTT CGT GGT CTG CTG CGT CCG CGT CCG ATG ATC TCT CTG CGT CTG GAA AAC CTC AAT GTT GGT GAC GAA ATC ATC GTG CAG GCG ATC GAC GTT GGT CCG GAA AAA CGT GAA ATC GAC TTC AAA TAC ATC CCG,1.2696995118923668
GAC GTT GAA CCG GGT AAA TTC TAC AAA GGT GTT GTT ACC CGT ATC GAA AAA TAC GGT GCG TTC ATC AAC CTG AAC GAA CAG GTT CGT GGT CTG CTG CGT CCG CGT GCT ATG ATC TCT CTG CGT CTG GAA AAC CTC AAC GTG GGT GAC GAA ATC ATC GTG CAG GCG ATT GAC GTT CGT CCG GAA AAA CGT GAA ATC CGT TTC AAA TAC ATC CCG,2.4569382120773136
GAT GTT GAA CCG GGT AAA TTC TAC AAG GGT GTT GTT ACC CGT ATC GAA AAA TAC GGT GCG TTC ATC AAT CTC AAC GAG CAG GTT CGT GGT CTG CTG CGT CCG CGT GAC ATG ATC TCT CTG CGT CTG GAA AAC CTG AAT GTT GGT GAC GAA ATC ATC GTT CAG GCG ATT GAC GTT TTC CCA GAA AAG CGT GAA ATC GAA TTC AAA TAC ATC CCG,2.874907174911157
GAT GTT GAA CCG GGC AAA TTC TAC AAA GGT GTT GTT ACC CGT ATC GAG AAG TAC GGT GCG TTC ATC AAC CTC TTC GAA CAG GTT CGT GGT CTG CTC CGT CCG CGC GAT ATG ATC TCT CTG CGT CTG GAA AAC CTC AAC GTG GGT GAC GAA ATC ATC GTT CAG GCT ATC GAC GTT CGT CCG GAA AAA CGT GAA ATC GAC TTC AAA TAC ATC CCG,4.151696101718152
GAC GTT GAA CCG GGC AAA TTC TAC AAA GGT GTT GTT ACC CGT ATC GAA AAA TAC GGT GCG TTC CTG AAC CTC AAC GAA CAG GTT CGT GGT CTG CTG CGT CCG CGT GAC ATG ATC TCT CTG CGT CTG GAA AAC CTG AAT GTT GGT GAC GAA ATC ATC GTG CAG GCG ATT GAC GTT CGT CCG GAA AAA CGT GAA ATC GAC TTC AAA TAC ATC CCG,2.9334680662485875
GAC GTT GAA CCG GGT AAA TTC TAC AAA GGT GTT GTT ACC CGT ATC GAA AAG TAC GGT GCG TTC ATC AAT CTC AAC GAA CAG GTT CGT GGT CTG CTG CGT CCA CGT TGG ATG ATC TCT CTG CGC CTG GAA AAC CTG AAC GTT GGT GAC GAA ATC ATC GTG CAG GCG ATC GAT GTT CGT CCG GAA AAA CGT GAA ATC GAC TTC AAC TAC ATC CCG,2.2689661294525205
GAC GTT GAA CCG GGT AAA TTC TAC AAA GGT GTT GTT ACC CGT ATC GAA AAA TAC GGT GCG TTC ATC AAC CTG AAT GAA CAG GTT CGT GGT CTG CTG TCT CCG CGT GAC ATG ATC TCT CTG CGT CTG GAA AAC CTC AAC GTG GGT GAC GAA ATC ATC GTT CAG GCG ATC GAT GTT CGT CCG GAA AAA CGT GAA ATC CGT TTC AAA TAC ATC CCG,4.1174735696232805
GAC GTT GAA CCG GGT AAA TTC TAC AAG GGT GTT GTT ACC CGT ATC GAA AAA TAC GGT GCG TTC ATC AAC CTG AAC GAA CAG GTT CGT GGC CTG CTG CGT CCA CGC TCC ATG ATC TCC CTG CGT CTG GAA AAT CTG AAC GTT GGT GAC GAA ATC ATT GTT CAG GCG ATC GAC GTT CGT CCG GAA AAA CGT GAA ATC TCC TTC AAG TAC ATC CCG,2.6112472483779
GAC GTT GAA CCG GGT AAG TTC TAC AAA GGT GTT GTT ACC CGT ATC GAA AAA TAC GGT GCG TTC ATC AAT CTG AAC GAG CAG GTT CGT GGT CTG CTG CGT CCG CGT GAC ATG ATC TCT CTC CGT CTG GAA AAC CTG AAT GTT GGT GAT GAA ATC ATC GTT CAA GCG ATC GAC GTT CGT CCG TGC AAA CGT GAA ATC GAC TTC AAA TAC ATC CCG,3.681541486331395
GAC GTT GAA CCG GGT AAA TTC TAC AAA GGT GTT GTT ACC CGT ATC GAA AAA TAC GGT GCG TTC ATC AAC CTC AAC GAA CAG GTT CGT GGT CTG CTG CTG CCG CGT GAC ATG ATC TCT CTG CGT CTG GAA AAC CTG AAC GTT GGT GAC GAA ATC ATC GTT CAA GCG ATC GAC GTT CGT CCG GAA AAA CGT GAA ATC GCG TTC AAA TAC ATC CCG,2.717069732581336
GAT GTT GAA CCG GGT AAA TTC TAC AAA GGT GTT GTT ACC AAC ATC GAA AAA TAC GGT GCG GGT ATC AAC CTG AAC GAA CAA GTT CGC GGC CTC CTG CGT CCG CGT GAC ATG ATC TCT CTC CGT CTG GAA AAC CTC AAT GTG GGT GAT GAA ATC ATC GTT CAA GCT ATC GAC GTT CGT CCG GAA AAA CGT GAA ATC GAC TTC AAA TAC ATC CCA,0.5551307285692503
GAC GTT GAA CCG GGT AAA TTC TAC AAA GGT GTT GTT ACC CGT ATC GAA AAA TAC GGT GCG TTC ATC AAC CTG AAC GAA CAG GTT CGT GGT CTG CTG CGT CCG CGT GAC ATG ATC TCT CTG CGT CTG GAA AAT CTG AAC GTT GGT GAC GAA ATC ATC GTG CAG GCG ATC GAC GTT CGT CCG GAA AAA CGT GAA ATC GAC TTC AAG TAC GTT CCG,5.572112382273319
GAC GTT GAA CCG GGT AAA TTC TAC AAA GGT GTT GTT ACC CGT ATC GAA AAA TAC GGT GCG TTC ATC AAC CTC AAC GAA CAG GTT CGT GGT CTG CTG CGT CCA CGC ACC ATG ATC TCT CTC CGT CTG GAG AAC CTG AAC GTT GGC GAC GAA ATC ATC GTG CAG GCG ATC GAC GTT CGT CCG GAA AAA CGT GAA ATC GAC TTC TCT TAC ATC CCA,1.735355531972166
GAC GTT GAA CCG GGT AAA TTC TAC AAA GGT GTT GTT ACC CGT ATC GAA AAA TAC GGT GCG TTC ATC AAC CTG AAT GAA CAA GTT CGT GGT CTG CTG CGT CCG CGC GAC ATG ATC TCT CTG CGT CTG GAA AAC CTC AAT GTT GGT GAC GAA ATC ATC GTT CAG GCG ATC GAC GTG GGT CCG GAA AAA CGT GAG ATC AAC TTC AAA TAC ATC CCG,3.797015833633663
GAC GTT GAA CCG GGT AAA TTC TAC AAA GGT GTT GTT ACC CGT ATC GAA AAA TAC GGT GCG TTC ATC AAC CTG AAC GAA CAG GTT CGT GGT CTG CTG AAA CCG CGT GAC ATG ATC TCT CTG CGT CTG GAA AAT CTG AAC GTT GGT GAC GAA ATC ATC GTG CAG GCG ATT GAC GTG CGT CCG GAA AAA CGT GAA ATC GTT TTC AAA TAC ATC CCG,3.582150088818098
GAC GTT GAA CCG GGT CAG TTC TAC AAA GGT GTT GTT ACC CGT ATC GAA AAA TAC GGT GCG TTC ATC AAC CTG AAT GAA CAG GTT CGT GGT CTG CTG CGT CCG CGT GAC ATG ATC TCT CTG CGT CTG GAA AAC CTC AAT GTT GGT GAC GAA ATC ATC GTG CAG GCG ATC GAT GTT CGT CCG GAA AAA CGT GAA ATC GAC TTC AAA TAC ATC CCG,4.704188632666424
GAC GTG GAA CCG GGT AAG TTC TAC AAA GGC GTT GTT ACC CAC ATC ATC AAA TAT GGT GCG TTC ATC AAC CTC AAT GAA CAG GTT CGT GGT CTG CTG CGT CCG CGT GAC ATG ATC TCT CTC CGT CTG GAA AAC CTG AAC GTT GGT GAC GAA ATC ATC GTT CAA GCG ATC GAC GTT CGT CCG GAA AAA CGT GAA ATC GAC TTC AAA TAC ATC CCG,3.180344169461847
GAC GTT GAG CCG GGT AAA TTC TAC AAG GGT GTT GTT ACC CGT ATC GAA AAA TAC GGT GCG TTC ATC AAC CTG AAC GAA CAG GTG CGT GGT CTG CTG CGT CCG CGT GAT ATG ATC TCT CTG CGC CTG GAA AAT CTG AAC GTT GGT GAC GAA ATC ATC GTG CAG GCG ATC GAT GTT GAA CCA GAG AAG CGT GAA ATC AAA TTC AAA TAC ATC CCG,3.663561227116161
GAT GTT GAA CCG GGT AAA TTC TAC AAA GGT GTT GTT ACC CGT ATC GAA AAA TAC GGT GCT TTC ATC AAT CTG AAC GAA CAG GTT CGT GGT CTG CTG CGT CCG CGT GAC ATG ATC TCT CTG CGT CTG GAA AAC CTG AAC GTT GGT GAC GAA ATC ATC GTG CAG GCG ATC GAC GTT CGT CCG GAA AAA CGT GAA ATC GAC CTG AAA TAC ATC CCG,4.564248745266569
GAC GTT GAA CCG GGT AAA TTC TAC AAA GGT GTT GTG ACC TAC ATC GAA AAA TAC GGT GCG CTG ATC AAT CTG AAC GAA CAG GTT CGT GGT CTG CTC CGT CCG CGT GAC ATG ATC TCT CTG CGT CTG GAA AAC CTG AAT GTT GGC GAC GAA ATC ATC GTT CAA GCG ATC GAC GTT CGT CCG GAA AAA CGT GAA ATC GAC TTC AAA TAC ATC CCA,2.3323645817931293
GAC GTT GAA CCG GGT AAG TTC TAC AAA GGT GTT GTT ACC CGT ATC GAA AAA TAC GGT GCG TTC ATC AAC CTG AAC GAG CAG GTT CGT GGT CTG CTG CGT CCG CGT GAC ATG ATC TCT CTG CGT CTG GAA CAG CTG AAC GTT GGT GAC GAA ATC ATT GTT CAG GCT ATC GAC GTT CGT CCG GAA AAA CGT GAA ATC GAC TTC AAA TAC ATC CCG,7.852324113403796
GAC GTT GAA CCG GGT AAA TTC TAC CTG GGT GTT GTT ACC CGT ATC GAA AAA TAC GGT GCG TTC ATC AAC CTC AAT GAA CAG GTT CGT GGT CTG CTG CGT CCG CGT GAC ATG ATC TCT CTG CGT CTG GAA AAC CTG AAT GTT GGT GAC GAA ATC ATC GTG CAG GCG ATC GAC GTT CGC CCG GAA AAA CGT GAA ATC GAC TTC AAA TAC ATC CCG,4.903687583652435
GAC GTT GAA CCG GGT AAA TTC TAC AAA GGT GTT GTT ACC CGT ATC GAA AAA TAC GGT GCG TTC ATC AAC CTC AAC GAA CAG GTT CGT GGT CTG CTG CGT CCG CGT GAC ATG ATC TCT CTG CGT CTG GAA AAC CTG AAT GTT GGT GAC GAA ATC ATC GTT CAG GCG ATT GAC GTT CGT CCG GAA AAA CGT GAA ATC GAC TTC CTG TAC ATC CCG,4.322344941507938
GAC GTT GAA CCG GGT AAA TTC TAC AAA GGT GTT GTT ACC CGT ATC GAA AAA TAC GGT GCG TTC ATC AAT CTG AAC GAA CAG GTT CGT GGT CTG CTG CGT CCG CGT GAC ATG ATC TCT CTG CGT CTG GAA AAC CTG AAC GTT GGT GAC GAA ATC ATC GTT CAA GCG ATC GAC GTT ATG CCA GAA AAA CGT GAA ATC CCG TTC AAA TAC ATC CCG,1.7108940803409496
GAC GTT GAA CCG GGT AAA TTC TAC AAA GGT GTT GTT ACC CGT ATC GAA AAA TAC GGT GCG TTC ATC AAC CTG AAC GAA CAG GTT CGT GGT CTG CTG CGT CCG CCG GAC ATG ATC TCT CTG CGT CTG GAA AAT CTG AAC GTT GGT GAC GAA ATC ATC GTT CAA GCG ATT GAC GTT CGT CCG GAA AAA CGT GAA ATC GAC TTC AAA TAC ATC CCG,3.1338559110431694
GAC GTT GAA CCG GGT AAA TTC TAC AAA GGT GTT GTT ACC CGT ATC GAA AAA TAC GGT GCG TTC ATC AAT CTG AAC GAG CAG GTT CGT GGT CTG CTG GTT CCG CGT GAC ATG ATC TCT CTG CGT CTG GAA AAC CTG AAC GTT GGT GAC GAA ATC ATC GTT CAA GCG ATC GAC GTT TTC CCG GAA AAA CGT GAA ATC GAC TTC AAA TAC ATC CCG,1.9803665464273608
GAC GTT GAA CCG GGT AAA TTC TAC AAA GGT GTT GTT ACC CGT ATC GAA AAA TAC GGT GCG TTC ATC AAC CTC AAC GAA CAG GTT CGT GGT CTG CTG CGC CCA CGC GGC ATG ATC TCT CTC CGT CTG GAA AAC CTG AAT GTG GGT GAC GAA ATC ATC GTT CAG GCG ATC GAT GTT CGT CCG GAA AAA CGT GAA ATC GAC TTC CGT TAC ATC CCG,2.6559344638971583
GAC GTT GAA CCG GGT AAA TTC TAC AAA GGT GTT GTT ACC CGT ATC GAA AAA TAC GGT GCG TTC ATC AAC CTC AAC GAA CAG GTT CGT GGT CTG CTG TCT CCG CGT GAT ATG ATC TCT CTG CGT CTG GAA AAC CTG AAT GTT GGT GAC GAA ATC ATC GTT CAG GCG ATC GAC GTG CGT CCG GAA AAA CGT GAA ATC GAA TTC AAA TAC ATC CCG,2.26693332667345
GAC GTG GAA CCG GGC AAA TTC TAC AAA GGT GTT GTT ACC CAG ATC GAA AAA TAC GGT GCG ATG ATC AAT CTG AAC GAA CAA GTT CGC GGC CTG CTC CGT CCG CGT GAC ATG ATC TCT CTG CGT CTG GAA AAC CTG AAC GTT GGC GAC GAA ATC ATC GTT CAA GCG ATC GAC GTT CGT CCG GAA AAA CGT GAA ATC GAC TTC AAA TAC ATC CCG,2.862440733861165
GAC GTT GAA CCG GGT AAA TTC TAC AAA GGT GTT GTT ACC CGT ATC GAA AAA TAC GGT GCG TTC ATC AAC CTC AAC GAA CAG GTT CGT GGT CTG CTG CTG CCG CGT GAC ATG ATC TCT CTG CGT CTG GAA AAC CTG AAC GTT GGT GAC GAA ATC ATC GTG CAG GCG ATC GAC GTT GCG CCG GAA AAA CGT GAA ATC GAC TTC AAA TAC ATC CCG,2.1904202295143413
GAC GTT GAA CCG GGT AAA TTC TAC AAA GGT GTT GTT ACC CGT ATC GAA AAA TAC GGT GCG TTC ATC AAC CTC AAC GAA CAG GTT CGT GGT CTG CTG GAA CCG CGT ATG ATG ATC TCT CTG CGT CTG GAA AAC CTG AAC GTG GGT GAC GAA ATC ATC GTG CAG GCG ATC GAC GTG CGT CCG GAA AAA CGT GAA ATC GAC TTC AAA TAC ATC CCG,2.120064999431729
GAC GTT GAA CCG GGT AAA TTC TAC AAA GGT GTT GTT ACC ACC ATC GAC AAA TAC GGT GCG TTC ATC AAC CTC AAC GAA CAG GTT CGT GGT CTG CTG CGT CCG CGT GAC ATG ATC TCT CTG CGT CTG GAA AAT CTG AAC GTT GGT GAC GAA ATC ATC GTG CAG GCG ATC GAT GTT CGT CCG GAA AAA CGT GAA ATC GAC TTC AAA TAC ATC CCG,2.879089047656741
GAT GTT GAA CCG GGT AAA TTC TAC AAA GGT GTT GTT ACC CGT ATC GAA AAA TAC GGT GCG TTC ATC AAC CTC AAC GAA CAG GTG CGT GGT CTG CTG CGT CCG CGT GAT ATG ATC TCT CTG CGT ACC GAG AAC CTG AAC GTT GGT GAC GAA ATC ATT GTT CAG GCG ATC GAC GTT CGT CCG GAA AAA CGT GAA ATC GAC TTC AAA TAC ATC CCG,2.632218885629354
GAC GTT GAA CCG GGT AAA TTC TAC AAA GGT GTT GTT ACC CGT ATC GAA AAA TAC GGT GCG TTC ATC AAC CTC AAC GAA CAG GTT CGT GGT CTG CTG CGT CCG CGT TGG ATG ATC TCT CTG CGT CTG GAA AAT CTG AAC GTT GGT GAC GAA ATC ATC GTT CAG GCG ATC GAT GTT CAG CCG GAA AAA CGT GAA ATC GAC TTC AAA TAC ATC CCG,2.5003353707028686
GAC GTT GAA CCG GGT AAA TTC TAC AAA GGT GTT GTT ACC CGT ATC GAA AAA TAC GGT GCG TTC ATC AAC CTG AAC GAA CAG GTT CGT GGT CTG CTG CGT CCG CGT TTC ATG ATC TCT CTG CGT CTG GAA AAC CTC AAT GTT GGT GAC GAA ATC ATC GTG CAG GCT ATC GAT GTT GAG CCG GAA AAA CGT GAA ATC GAC TTC AAA TAC ATC CCG,2.014578805572169
GAC GTT GAA CCG GGT AAA TTC TAC AAA GGT GTT GTT ACC CGT ATC GAA AAA TAC GGT GCG TTC ATC AAC CTG AAT GAA CAG GTT CGT GGT CTG CTG CGT CCG CGC TCT ATG ATC TCT CTG CGC CTG GAA AAC CTC AAT GTT GGT GAC GAA ATC ATC GTG CAG GCG ATC GAC GTT CGT CCG GAA AAA CGT GAA ATC GAC TTC ACC TAC ATC CCG,2.0243332259479825
GAT GTT GAA CCG GGT AAA TTC TAC AAA GGT GTT GTT ACC CAG ATC GTT AAA TAC GGT GCG TTC ATC AAC CTC AAT GAG CAG GTT CGT GGT CTG CTG CGT CCG CGT GAC ATG ATC TCT CTG CGC CTG GAA AAT CTG AAC GTT GGT GAC GAA ATC ATC GTT CAG GCT ATC GAC GTT CGT CCG GAA AAA CGT GAA ATC GAC TTC AAA TAC ATC CCG,4.654812095036163
GAC GTT GAA CCG GGT AAA TTC TAC AAA GGT GTT GTT ACC GCG ATC TTC AAA TAC GGT GCG TTC ATC AAC CTG AAT GAA CAG GTT CGT GGT CTG CTG CGT CCG CGT GAC ATG ATC TCT CTG CGT CTG GAA AAT CTG AAC GTG GGT GAC GAA ATC ATC GTT CAA GCG ATC GAC GTT CGT CCG GAA AAA CGT GAA ATC GAC TTC AAG TAC ATC CCG,5.658990495188633
GAC GTT GAA CCG GGT AAA TTC TAC AAA GGT GTT GTT ACC CGT ATC GAA AAA TAC GGT GCG TTC ATC AAT CTG AAC GAA CAG GTT CGT GGT CTG CTG TAC CCG CGT GAT ATG ATC TCT CTG CGT CTG GAA AAC CTG AAC GTT GGT GAC GAA ATC ATT GTT CAG GCG ATC GAC GTT CGT CCG GAA AAA CGT GAA ATC CCG TTC AAG TAC ATC CCG,0.8058404023739787
GAC GTT GAA CCG GGT AAA TTC TAC AAA GGT GTT GTT ACC CGT ATC GAA AAA TAC GGT GCG TTC ATC AAT CTG AAC GAA CAG GTT CGT GGT CTG CTG CGT CCG CGT GAC ATG ATC TCT CTG CGT CTG GAA AAC CTG AAC GTT GGT GAC GAA ATC ATC GTT AAT GCG ATC GAC GTT CGT CCG GAA AAA CGT GAA ATC GAC TTC AAA TAC ATC CCG,2.83022270535627
GAT GTT GAG CCG GGT AAA TTC TAC AAA GGT GTT GTT ACC CGT ATC GAA AAA TAC GGT GCG TTC ATC AAC CTC AAC GAA CAG GTT CGT GGT CTG CTG CGT CCG CGT GAC ATG ATC TCT CTG CAG CTG GAA AAT CTG AAT GTT GGT GAC GAA ATC ATC GTT CAA GCG ATC GAC GTT CGC CCG GAA AAA CGT GAA ATC GAC TTC AAA TAC ATC CCG,5.196581742558815
GAC GTG GAA CCG GGT AAA TTC TAC AAA GGC GTT GTT ACC CAC ATC TTC AAA TAC GGT GCG TTC ATC AAC CTG AAT GAG CAG GTT CGT GGT CTG CTG CGT CCG CGT GAC ATG ATC TCT CTG CGT CTG GAA AAC CTC AAT GTT GGC GAC GAA ATC ATC GTT CAG GCG ATC GAC GTT CGT CCG GAA AAA CGT GAA ATC GAC TTC AAG TAC ATC CCG,4.895653096938547
GAC GTT GAA CCG GGT AAA TTC TAC AAA GGC GTG GTT ACC GTT ATC TGC AAA TAC GGT GCG TTC ATC AAC CTG AAT GAA CAG GTT CGT GGT CTG CTC CGT CCG CGT GAC ATG ATC TCT CTG CGT CTG GAA AAT CTG AAC GTT GGT GAC GAA ATC ATC GTT CAG GCG ATC GAC GTT CGC CCG GAA AAA CGT GAA ATC GAC TTC AAA TAC ATC CCG,4.007372249173701
GAC GTT GAA CCG GGT AAA TTC TAC AAA GGT GTT GTT ACC CGT ATC GAA AAA TAC GGT GCG TTC ATC AAC CTG AAC GAA CAG GTT CGT GGT CTG CTG CGT CCG CGT TTC ATG ATC TCT CTG CGT CTG GAA AAT CTG AAC GTT GGT GAC GAA ATC ATC GTT CAA GCG ATC GAC GTT AAC CCG GAA AAA CGT GAA ATC GAC TTC AAA TAC ATC CCG,3.0354150880224275
GAC GTT GAA CCG GGT AAA TTC TAC AAA GGT GTT GTT ACC CGT ATC GAA AAA TAC GGT GCG TTC ATC AAC CTG AAT GAA CAG GTT CGT GGT CTG CTG CGT CCG CGT GAC ATG ATC TCT CTG CGT CTG GAA AAT CTG AAC GTT GGC GAC GAA ATC ATC GTT CAG GCG ATC GAC GTT GCG CCG GAA AAA CGT GAA ATC GCG TTC AAA TAC ATT CCG,3.4612993579941147
GAT GTT GAA CCG GGT AAA TTC TAC AAA GGT GTT GTT ACC CGT ATC GAA AAA TAC GGT GCG TTC ATC AAC CTG AAC GAA CAG GTT CGT GGC CTG CTG CGT CCG CGC GAA ATG ATC TCT CTG CGC CTG GAA AAT CTG AAC GTT GGT GAC GAA ATC ATC GTT CAA GCG ATT GAC GTT CGC CCG GAA AAA CGT GAA ATC GAC TTT GCG TAC ATC CCG,3.3700662100537486
GAC GTG GAA CCG GGT AAA TTC TAT AAA GGC GTT GTT ACC GTT ATC TAC AAA TAC GGT GCG TTC ATC AAC CTC AAC GAA CAA GTT CGT GGT CTG CTG CGT CCG CGT GAC ATG ATC TCT CTG CGT CTG GAA AAC CTG AAT GTT GGT GAC GAA ATC ATC GTT CAG GCG ATC GAT GTT CGT CCG GAA AAA CGT GAA ATC GAC TTC AAG TAC ATC CCG,4.3763884421805415
GAC GTT GAA CCG GGT AAG TTC TAC AAA GGT GTT GTT ACC CGT ATC GAA AAA TAC GGT GCG TTC ATC AAC CTG AAC GAA CAG GTT CGC GGT CTG CTG CGT CCA CGT CTG ATG ATC TCC CTG CGT CTG GAA AAT CTG AAC GTT GGT GAC GAA ATC ATC GTT CAA GCT ATC GAC GTT CGT CCA GAA AAA CGC GAA ATC TAC TTC AAA TAC ATC CCG,2.599579442014316
GAC GTT GAA CCG GGT AAA TTC TAC AAA GGT GTT GTT ACC CGT ATC GAA AAA TAC GGC GCG TTC ATC AAT CTG AAT GAA CAG GTT CGT GGT CTG CTG CGT CCG CGT GAC ATG ATC TCT CTC CGT CTG GAA AAC CTG AAC ATC GGT GAC GAA ATC ATC GTT CAG GCG ATC GAC GTT CGT CCG GAA AAA CGT GAA ATC GAC TTC AAA TAC ATC CCG,5.8550081568564
GAC GTT GAA CCG GGT AAA TTC TAC AAA GGT GTT GTT ACC CGT ATC GAA AAA TAC GGT GCG TTC ATC AAC TGC AAC GAA CAG GTT CGT GGT CTG CTG CGC CCA CGT GAC ATG ATC TCT CTG CGT CTC GAA AAC CTC AAC GTG GGT GAC GAA ATC ATC GTT CAG GCG ATT GAC GTT CGC CCG GAA AAA CGT GAA ATC GAC TTC AAA TAC ATC CCA,2.597330466190731
GAC GTT GAA CCG GGT AAA TTC TAC AAA GGT GTT GTT ACC CGT ATC GAA AAA TAC GGT GCG TTC ATC AAC CTC AAC GAG CAG GTT CGT GGT CTG CTG CGT CCG CGT TAC ATG ATC TCT CTG CGT CTG GAA AAC CTG AAT GTT GGT GAC GAA ATC ATC GTT CAG GCG ATC GAT GTT GAC CCG GAA AAA CGT GAA ATC GAC TTC AAA TAC ATC CCG,3.102658596363635
GAC GTT GAA CCG GGT AAA TTC TAC AAA GGT GTT GTT ACC CGT ATC GAA AAA TAC GGT GCG TTC ATC AAT CTG AAT GAA CAG GTT CGT GGT CTG CTG GCT CCG CGT GAA ATG ATC TCT CTG CGT CTG GAA AAC CTG AAC GTG GGT GAC GAA ATC ATT GTT CAG GCG ATC GAC GTT CGT CCG GAA AAA CGC GAA ATC GAC TTC AAA TAC ATC CCG,2.103951542771279
GAT GTT GAA CCG GGT AAA TTC TAC AAA GGT GTT GTT ACC CGT ATC GAA AAA TAC GGT GCG TTC ATC AAT CTG AAT GAA CAG GTT CGT GGT CTG CTG CGT CCG CGT CTG ATG ATC TCT CTG CGT CTG GAA AAC CTG AAT GTT GGT GAC GAA ATC ATC GTT CAG GCG ATC GAC GTT AAC CCG GAA AAA CGT GAA ATC GAC TTC AAA TAC ATC CCG,2.159382064960351
GAC GTT GAA CCG GGT AAA TTC TAC AAA GGT GTT GTT ACC CGT ATC GAA AAA TAC GGT GCG TTC ATC AAC CTC AAC GAA CAG GTT CGT GGT CTG CTG CGT CCG CGT GAC ATG ATC TCT CTG CGT CTG GAA AAT CTG AAC GTT GGT GAC GAA ATC ATT GTT CAG GCG ATC GAC GTT TCT CCG GAA AAA CGC GAG ATC AAA TTC AAA TAC ATC CCG,4.202376382376426
GAC GTT GAA CCG GGT AAA TTC TAC AAA GGT GTT GTT ACC CGT ATC GAA AAA TAC GGT GCG TTC ATC AAC CTG AAT GAA CAG GTT CGT GGT CTG CTG CGT CCG CGT GAC ATG ATC TCT CTG CGT CTG GAA AAT CTG AAC GTT GGT GAC GAA ATC ATC GTT CAG GCG ATC GAC GTT ATC CCG GAA AAA CGT GAA ATC CAC TTC AAA TAC ATC CCG,3.970760170159684
GAC GTT GAA CCG GGT AAA TTC TAC AAA GGT GTT GTT ACC CGT ATC GAA AAA TAC GGT GCG TTC ATC AAC CTG AAT GAA CAG GTT CGT GGT CTG CTG GCT CCG CGT AAA ATG ATC TCT CTG CGT CTG GAA AAT CTG AAC GTT GGT GAC GAA ATC ATC GTT CAA GCG ATC GAC GTT CGT CCG GAA AAA CGT GAA ATC GAC TTC AAA TAC ATC CCG,1.750673170912794
GAC GTT GAA CCG GGT AAA TTC TAC AAA GGT GTT GTT ACC CGT ATC GAA AAA TAC GGT GCG TTT ATC AAC CTC AAT GAA CAG GTT CGT GGT CTG CTG CGT CCG CGT GAC ATG ATC TCT ATG CGT CTG GAA AAC CTG AAT GTG GGT GAC GAA ATC ATC GTT CAG GCG ATC GAC GTT CGT CCG GAA AAA CGT GAA ATC GAC TTC AAG TAC ATC CCG,4.646722766417248
GAC GTG GAA CCG GGT AAA TTC TAC AAA GGT GTT GTT ACC CGT AAA GAA AAA TAC GGT GCG TTC ATC AAC CTG AAC GAA CAG GTT CGT GGT CTG CTG CGT CCG CGT GAC ATG ATC TCT CTG CGT CTG GAA AAC CTC AAT GTT GGT GAC GAA ATC ATC GTG CAG GCG ATC GAC GTT CGT CCG GAA AAA CGT GAA ATC GAC TTC AAA TAC ATC CCG,3.688782228138373
GAT GTT GAA CCG GGT AAA TTC TAC AAA GGT GTT GTT ACC CGT ATC GAA AAA TAC GGT GCG TCT ATC AAT CTG AAT GAA CAG GTT CGT GGT CTG CTG CGT CCG CGT GAT ATG ATC TCT CTC CGT CTG GAA AAC CTG AAT GTT GGT GAC GAA ATC ATC GTT CAA GCG ATC GAC GTT CGT CCG GAA AAA CGT GAA ATC GAC TTC AAA TAC ATC CCG,2.474538966936538
GAC GTT GAA CCG GGT AAA TTC TAC AAA GGT GTT GTT ACC CGT ATC GAA AAA TAC GGT GCG TTC ATT AAC CTG AAT GAA CAG GTT CGT GGT CTG CTG CGT CCA CGT GAC ATG ATC TCT CTG CGT CTG GAG AAC CTC AAT GTT GGT GAT GAA ATC ATC GTT CAG GCG ATT GAC GTT ATG CCG GAG AAA CGC GAA ATC TGG TTC AAA TAC ATT CCA,3.4935849972522512
GAC GTG GAA CCA GGT AAA TTC TAC AAA GGT GTT GTT ACC GCG ATT GAA AAA TAC GGT GCG GAA ATC AAC CTG AAC GAA CAA GTT CGT GGT CTG CTG CGT CCG CGT GAC ATG ATC TCT CTG CGT CTG GAA AAC CTC AAT GTT GGT GAC GAA ATC ATC GTG CAG GCG ATC GAC GTT CGT CCA GAA AAA CGT GAA ATC GAC TTC AAA TAC ATC CCG,1.822140675975695
GAC GTT GAA CCG GGT AAA TTC TAC AAA GGT GTT GTT ACC CGT ATC GAA AAA TAC GGT GCG TTC ATC AAC CTG AAC GAG CAG GTT CGT GGC CTC CTG CGT CCA CGT TAC ATG ATC TCT CTC CGT CTG GAA AAT CTG AAC GTT GGC GAC GAA ATC ATC GTT CAA GCG ATC GAC GTT CGC CCG GAA AAA CGT GAA ATC GAC TTC CAG TAC ATC CCG,3.230924277623453
GAC GTT GAA CCG GGT AAA TTC TAC AAA GGC GTT GTG ACC ATG ATC GAA AAA TAC GGT GCG ATC ATC AAC CTG AAC GAG CAG GTT CGT GGC CTC CTG CGT CCA CGT GAC ATG ATC TCT CTG CGC CTG GAA AAT CTG AAC GTT GGT GAC GAA ATC ATC GTT CAA GCT ATC GAC GTT CGT CCA GAA AAA CGT GAA ATC GAC TTC AAA TAC ATC CCG,3.2734320659388083
GAC GTT GAA CCG GGT AAA TTC TAC AAA GGT GTT GTT ACC CGT ATC GAA AAA TAC GGT GCG TTC ATC AAT CTG AAC GAG CAG GTT CGT GGT CTG CTG AAC CCG CGT GAC ATG ATC TCT CTG CGT CTG GAA AAT CTC AAC GTG GGT GAC GAG ATT ATT GTT CAG GCG ATC GAT GTT CGT CCG GAA AAA CGC GAA ATC ATC TTC AAA TAC ATC CCG,2.417940457916158
GAC GTT GAA CCG GGT AAA TTC TAC AAA GGC GTT GTT ACC TCT ATC GCG AAA TAC GGT GCG TTC ATC AAC CTG AAC GAA CAG GTT CGT GGT CTG CTG CGT CCG CGT GAC ATG ATC TCT CTG CGT CTG GAA AAT CTG AAC GTT GGT GAC GAA ATC ATC GTG CAG GCG ATC GAT GTT CGT CCG GAA AAA CGT GAA ATC GAC TTC AAA TAC ATC CCG,4.237710793862037
GAT GTT GAG CCG GGT AAA TTC TAC AAA GGT GTT GTT ACC CGT ATC GAA AAA TAC GGT GCG TTC ATC AAC CTC AAT GAA CAG GTT CGT GGT CTG CTG CGT CCG CGT TGG ATG ATC TCT CTG CGT CTG GAA AAT CTG AAC GTT GGT GAC GAA ATC ATC GTT CAG GCG ATC GAC GTT CGT CCG GAA AAA CGT GAA ATC GAA TTC AAA TAC ATC CCG,3.655351704068885
GAC GTT GAA CCG GGT AAA TTC TAC AAA GGT GTT GTT ACC CGT ATC GAA AAA TAC GGT GCG TTC ATC AAC CTG AAC GAG CAG GTT CGT GGT CTG CTG CGT CCG CGT GAC ATG ATC TCT CTG CGT CTG GAG AAC CGT AAC GTT GGT GAC GAA ATC ATC GTT CAA GCG ATC GAC GTT CGT CCA GAA AAA CGT GAA ATC GAC TTC AAA TAC ATC CCG,0.8721485860483658
GAC GTT GAA CCG GGT AAA TTC TAC AAA GGT GTT GTT ACC CGT ATC GAA AAA TAC GGT GCG TTC ATC AAC CTC AAC GAA CAG GTT CGT GGT CTG CTG CGT CCG CGT TGG ATG ATC TCT CTG CGT CTG GAA AAC CTG AAT GTT GGT GAC GAA ATC ATC GTT CAG GCG ATT GAC GTT CTG CCG GAA AAA CGT GAA ATC GAC TTC AAA TAC ATC CCG,2.206965455461272
GAC GTT GAA CCG GGT AAA TTC TAC AAA GGT GTT GTT ACC CGT ATC GAA AAA TAC GGT GCG TTC ATC AAC CTC AAC GAA CAG GTT CGT GGT CTG CTG AAA CCG CGT GAC ATG ATC TCT CTG CGT CTG GAA AAC CTG AAT GTT GGT GAC GAA ATC ATC GTT CAA GCG ATC GAC GTT ATG CCG GAA AAA CGT GAA ATC GAC TTC AAA TAC ATC CCG,1.9342223947456283
GAC GTT GAA CCG GGT AAA TTC TAC AAA GGT GTT GTT ACC CGT ATC GAA AAA TAC GGT GCG TTC ATC AAC CTG AAT GAA CAG GTT CGT GGT CTG CTG AAA CCG CGT AAC ATG ATC TCT CTG CGT CTG GAA AAT CTG AAC GTT GGT GAC GAA ATC ATC GTT CAG GCG ATC GAC GTT CGT CCG GAA AAA CGT GAA ATC GAC TTC AAA TAC ATC CCG,4.614011686403808
GAC GTT GAA CCG GGT AAA TTC TAC AAA GGT GTT GTT ACC CGT ATC GAA AAA TAC GGT GCG TTC ATC AAC CTC AAC GAA CAG GTT CGT GGT CTG CTG CGT CCG CGT GAC ATG ATC TCT CTG CGT CTG GAA AAC CTG AAC GTT GGC CAG GAA ATT ATC GTG CAG GCG ATC GAC GTT CGT CCG GAA AAA CGT GAA ATC GAC TTC AAA TAC ATC CCG,5.13227756088326
GAC GTT GAA CCG GGT AAA TTC TAC AAA GGT GTT GTT ACC CGT ATC GAA AAA TAC GGT GCG TTC ATC AAT CTG AAT GAA CAG GTT CGT GGT CTG CTG GCT CCG CGT GAC ATG ATC TCT CTG CGT CTG GAA AAC CTC AAC GTG GGT GAC GAA ATC ATC GTT CAG GCG ATC GAT GTG CTG CCG GAA AAA CGT GAA ATC GAC TTC AAA TAC ATC CCG,1.404359058244574
GAT GTT GAA CCG GGC AAA TTC TAC AAA GGT GTT GTT ACC CGT ATC GAA AAA TAC GGT GCG TTC ATC AAC CTC AAC GAG CAG GTT CGT GGT CTG CTG CGT CCA CGT GAT ATG ATC TCC CTG CGT CTG GAG AAC CTG AAC GTT GGT GAC GAA ATC ATC GTT CAA GCG ATT GAC GTT CTC CCG GAA AAG CGT GAG ATT ATC TTC AAA TAC ATT CCG,3.817793524263366
GAC GTT GAA CCG GGT AAA TTC TAC AAA GGT GTT GTT ACC CGT ATC GAA AAA TAC GGT GCG TTC ATC AAT CTG AAT GAG CAG GTT CGT GGT CTG CTG CGT CCG CGT GAC ATG ATC TCT CTG CGT CTG GAA AAC CTG AAC GTG GGT GAC GAA ATC ATC GTG CAA GCT ATC GAC GTG CAC CCG GAA AAA CGT GAG ATC TAC TTC AAG TAC ATC CCG,5.144500993869116
GAC GTT GAA CCG GGC AAA TTC TAC AAA GGT GTT GTT ACC ATC ATC GAA AAA TAC GGT GCG ATG ATC AAC CTG AAT GAA CAG GTT CGT GGT CTG CTG CGT CCG CGT GAC ATG ATC TCT CTG CGC CTC GAA AAT CTG AAC GTT GGT GAC GAA ATC ATC GTT CAG GCG ATT GAC GTT CGT CCG GAA AAA CGT GAA ATC GAC TTC AAA TAC ATC CCG,2.378058213829316
GAC GTT GAG CCG GTT AAA TTC TAC AAA GGT GTT GTT ACC CGT ATC GAA AAA TAC GGT GCG TTC ATC AAC CTG AAC GAA CAG GTT CGT GGT CTG CTG CGT CCG CGT GAC ATG ATC TCT CTG CGT CTG GAA AAT CTG AAC GTT GGT GAC GAA ATC ATC GTG CAG GCG ATC GAC GTT CGT CCG GAA AAA CGT GAA ATC GAC TTC AAA TAC ATC CCG,2.1774772974906305
GAT GTT GAA CCG GGT AAG TTC TAC AAA GGT GTT GTT ACC CGT ATC GAA AAA TAC GGT GCG TTC ATC AAC CTG AAC GAA CAA GTT CGT GGT CTG CTG CGT CCA CGT GAC ATG ATC TCT CTC CGT CTG GAA AAT CTG AAC GTT GGT AAA GAA ATC ATC GTG CAG GCG ATC GAT GTT CGT CCG GAA AAA CGT GAA ATC GAC TTC AAA TAC ATC CCG,2.9672714447002675
GAC GTT GAA CCG GGT AAG TTC TAC AAA GGT GTT GTT ACC CGT ATC GAA AAA TAC GGT GCG ACC ATC AAC CTC AAT GAA CAG GTT CGT GGT CTG CTG CGT CCG CGT GAC ATG ATC TCT CTG CGT CTG GAA AAC CTG AAC GTT GGT GAC GAA ATC ATC GTT CAA GCG ATC GAC GTT CGT CCG GAA AAA CGT GAA ATC GAC TTC AAA TAC ATC CCG,3.744397986233525
GAC GTT GAA CCG GGT AAA TTC TAC AAA GGT GTT GTT ACC CGT ATC GAA AAA TAC GGT GCG TTC ATC AAC CTC AAC GAA CAG GTT CGT GGT CTG CTG GCT CCG CGT GAC ATG ATC TCT CTG CGT CTG GAA AAC CTG AAT GTT GGT GAC GAA ATC ATC GTT CAA GCG ATC GAC GTT AAA CCG GAA AAA CGT GAA ATC GAC TTC AAA TAC ATC CCG,1.812505160695279
GAT GTT GAA CCG GGT AAA TTC TAC AAA GGT GTG GTT ACC AAA ATC GAA AAA TAC GGT GCG TGG ATC AAT CTC AAC GAG CAA GTT CGT GGC CTC CTG CGT CCG CGT GAC ATG ATC TCT CTG CGT CTG GAA AAC CTC AAT GTT GGT GAC GAA ATC ATC GTT CAG GCG ATC GAT GTT CGT CCG GAA AAA CGT GAA ATC GAC TTC AAA TAC ATC CCG,4.763770413852292
GAC GTT GAA CCG GGT AAA TTC TAC AAA GGT GTT GTT ACC CGT ATC GAA AAA TAC GGT GCG TTC ATC AAC CTG AAC GAA CAG GTT CGT GGT CTG CTG CGT CCG CGT GAC ATG ATC TCT CTG CGT CTG GAA AAC CTC AAT GTT GGT GAC GAA ATC ATC GTG CAG GCG ATT GAC GTT CGT CCG GAG AAC CGT GAA ATC GAC TTC AAA TAC ATC CCG,4.361268167618466
GAC GTT GAA CCG GGT AAA TTC TAC AAA GGT GTT GTT ACC CGT ATC GAA AAA TAC GGT GCG TTC ATC AAT CTG AAC GAA CAG GTT CGT GGT CTG CTC AAC CCG CGT CCA ATG ATC TCT CTG CGT CTG GAA AAC CTG AAC GTT GGT GAC GAA ATC ATC GTT CAA GCG ATC GAC GTT CGT CCG GAA AAA CGT GAA ATC GAC TTC AAA TAC ATC CCG,1.215962633479838
GAC GTT GAA CCG GGT AAA TTC TAC AAA GGT GTT GTT ACC CGT ATC GAA AAA TAC GGT GCG TTC ATC AAC CTC AAC GAG CAG GTT CGT GGT CTG CTG CGT CCG CGT GTT ATG ATC TCT CTG CGT CTG GAA AAC CTG AAC GTT GGT GAC GAA ATC ATC GTG CAG GCG ATC GAC GTT CGT CCG GAA AAA CGT GAA ATC GCG TTC AAA TAC ATC CCG,1.829132954639916
GAC GTT GAA CCG GGC AAA TTC TAC AAA GGC GTT GTT ACC AAA ATC GAG AAA TAC GGT GCG TAC ATC AAC CTG AAC GAG CAG GTT CGT GGT CTG CTG CGT CCG CGT GAC ATG ATC TCT CTG CGT CTG GAA AAC CTC AAT GTT GGT GAC GAA ATC ATC GTG CAG GCG ATC GAC GTT CGT CCA GAA AAA CGT GAA ATC GAC TTC AAA TAC ATT CCG,4.127653966859397
GAC GTT GAA CCG GGT AAA TTC TAC AAA GGT GTT GTT ACC CGT ATC GAA AAA TAC GGT GCG TTC ATC AAC CTC AAC GAA CAG GTT CGT GGT CTG CTG CAT CCG CGT GAC ATG ATC TCT CTC CGT CTG GAA AAC CTG AAT GTT GGT GAC GAA ATC ATC GTG CAG GCG ATC GAC GTG GAA CCG GAA AAA CGT GAA ATC GAC TTC AAA TAC ATC CCG,1.3091476821894954
GAC GTT GAG CCG GGT AAA TTC TAC AAA GGT GTT GTT ACC CGT ATC GAA AAA TAC GGT GCG TTC ATC AAC CTC AAC GAA CAG GTT CGT GGT CTG CTG CGT CCG CGT GAC ATG ATC TCT CTG CGT CTG GAA AAT CTC CAG GTG GGT GAC GAA ATC ATC GTT CAG GCG ATT GAC GTT CGT CCG GAA AAA CGT GAA ATC GAC TTC AAA TAC ATC CCG,6.332648693928478
GAC GTT GAA CCA GGT AAA TTC TAC AAA GGT GTT GTG ACC GCG ATC GAA AAA TAC GGT GCG ACC ATC AAC CTC AAC GAA CAG GTT CGT GGT CTG CTG CGT CCG CGC GAC ATG ATC TCT CTC CGT CTG GAA AAC CTG AAT GTG GGT GAC GAA ATC ATT GTT CAG GCT ATC GAC GTT CGT CCG GAA AAA CGT GAA ATC GAC TTC AAA TAC ATC CCA,3.07756385710247
GAC GTT GAA CCG GGT AAA TTC TAC AAG GGT GTT GTT ACC CGT ATC GAA AAA TAC GGT GCG TTC ATC AAC CTC AAC GAA CAG GTT CGT GGC CTG CTG CGT CCG CGT CCG ATG ATC TCT CTG CGT CTG GAA AAT CTC AAC GTG GGT GAC GAA ATC ATC GTT CAG GCT ATC GAC GTT CGT CCG GAA AAA CGT GAA ATC GAC TTC GAC TAC ATC CCG,1.326123056159612
GAC GTT GAG CCG GGT AAA TTC TAC AAA GGT GTT GTT ACC CAG ATC GAA AAA TAC GGT GCG AAC ATC AAC CTC AAC GAA CAG GTT CGT GGT CTG CTC CGT CCG CGT GAC ATG ATC TCT CTG CGT CTG GAA AAC CTG AAT GTG GGT GAC GAA ATC ATT GTT CAG GCG ATC GAC GTT CGT CCG GAA AAA CGT GAA ATC GAC TTC AAA TAC ATC CCG,1.0378633835051274
GAC GTT GAA CCG GGT AAA TTC TAC AAA GGT GTT GTT ACC CGT ATC GAA AAA TAC GGT GCG TTC ATC AAC CTC AAC GAA CAG GTT CGT GGT CTG CTC CGT CCA CGT TAC ATG ATC TCT CTG CGT CTG GAA AAC CTG AAC GTG GGT GAC GAA ATC ATC GTG CAA GCG ATC GAT GTT CGC CCG GAG AAA CGT GAA ATC TCT TTC AAA TAC ATC CCG,3.249688276249371
GAC GTT GAA CCG GGT AAG TTC TAC AAA GGT GGT GTT ACC CGT ATC GAA AAA TAC GGT GCG TTC ATC AAC CTG AAC GAA CAG GTT CGT GGT CTG CTG CGT CCG CGT GAC ATG ATC TCT CTG CGT CTG GAA AAT CTG AAC GTT GGT GAC GAA ATC ATC GTG CAG GCG ATC GAT GTT CGT CCG GAA AAA CGT GAA ATC GAC TTC AAA TAC ATC CCG,1.5706709255334252
GAC GTT GAA CCG GGT AAA TTC TAC AAA GGT GTT GTT ACC CGT ATC GAA AAA TAC GGT GCG TTC ATC AAC CTC AAT GAA CAG GTT CGT GGT CTG CTG CGT CCG CGT GAC ATG ATC TCT CTG CGT CTG GAA AAC CTG AAC GTT GGT CCA GAA ATC ATC GTG CAA GCG ATC GAC GTT CGC CCG GAA AAA CGT GAA ATC GAC TTC AAA TAC ATC CCG,1.462809928129166
GAT GTT GAA CCG GGT AAA TTC TAC AAA GGT GTT GTG ACC TTC ATC GAA AAA TAC GGT GCG CCG ATC AAT CTG AAC GAA CAG GTT CGT GGT CTG CTG CGT CCG CGT GAC ATG ATC TCT CTG CGT CTG GAA AAC CTC AAC GTG GGT GAC GAA ATC ATT GTT CAG GCG ATC GAC GTG CGC CCA GAA AAA CGT GAA ATC GAC TTC AAA TAC ATC CCA,2.225894163597344
GAC GTT GAA CCG GGT AAG TTC TAC AAA GGT GTT GTT ACC CGT ATC GAA AAA TAC GGT GCG TTC ATC AAC CTG AAC GAA CAA GTT CGT GGT CTG CTC CGT CCG CGT AAG ATG ATC TCT CTG CGT CTG GAG AAC CTC AAC GTG GGT GAC GAA ATC ATT GTT CAG GCG ATT GAC GTG CGT CCG GAA AAA CGT GAA ATC GAC TTC CTG TAC ATT CCG,2.303039428428248
GAC GTT GAA CCG GGT AAA TTC TAC AAA GGT GTT GTT ACC ACC ATC GCG AAA TAC GGT GCG TTC ATC AAC CTG AAC GAA CAG GTT CGT GGT CTG CTG CGT CCG CGT GAC ATG ATC TCT CTG CGT CTG GAA AAC CTC AAC GTG GGT GAC GAA ATC ATT GTT CAG GCG ATC GAC GTT CGT CCG GAA AAA CGT GAA ATC GAC TTC AAA TAC ATC CCA,3.421897271972571
GAC GTT GAA CCG GGT AAG TTC TAC AAA GGT GTT GTT ACC GTT ATC GAC AAA TAC GGT GCG TTC ATC AAC CTC AAC GAG CAG GTT CGT GGT CTG CTC CGT CCG CGT GAC ATG ATC TCT CTG CGT CTG GAA AAT CTG AAC GTT GGT GAC GAA ATC ATC GTT CAG GCG ATT GAC GTT CGT CCG GAA AAA CGT GAA ATC GAC TTC AAA TAC ATC CCG,3.069059992882803
GAT GTT GAA CCG GGT AAA TTC TAC AAA GGT GTT GTT ACC CGT ATC GAA AAA TAC GGT GCG TTC ATC AAC CTC AAT GAA CAG GTT CGC GGT CTG CTG CGT CCG CGT GAC ATG ATC TCT CTC CGC CTG TGG AAT CTG AAC GTT GGT GAC GAA ATC ATC GTT CAG GCT ATC GAC GTT CGT CCG GAA AAA CGT GAA ATC GAC TTC AAA TAC ATC CCG,4.664234782332884
ACC GTT GAA CCG GGT AAG TTC TAC AAA GGT GTT GTT ACC CGT ATC GAA AAA TAC GGT GCG TTC ATC AAC CTC AAC GAA CAG GTT CGT GGT CTG CTG CGT CCG CGT GAC ATG ATC TCT CTG CGT CTG GAA AAT CTC AAC GTG GGT GAC GAA ATC ATC GTT CAG GCG ATC GAT GTT CGT CCG GAA AAA CGT GAA ATC GAC TTC AAA TAC ATC CCG,5.977715722966144
GAT GTT GAA CCG GGT AAA TTC TAC AAA GGT GTT GTT ACC CGT ATC GAA AAA TAC GGT GCG TTC ATC AAC CTG AAT GAA CAG GTT CGT GGT CTG CTG CGT CCG CGT GAC ATG ATC TCT CTG TTC CTG GAA AAC CTC AAC GTG GGC GAC GAA ATC ATC GTT CAG GCG ATC GAC GTT CGT CCG GAA AAA CGT GAA ATC GAC TTC AAA TAC ATC CCG,4.301644507831142
GAC GTT GAA CCG GGT AAA TTC TAC AAA GGT GTT GTT ACC CGT ATC GAA AAA TAC GGT GCG TTC ATC AAC CTC AAC GAA CAG GTT CGT GGT CTG CTG TTC CCG CGT GAC ATG ATC TCT CTG CGT CTG GAA AAC CTG AAT GTG GGT GAC GAA ATC ATC GTT CAG GCG ATC GAT GTT CGT CCG GAA AAA CGT GAA ATC CAG TTC AAA TAC ATC CCG,2.459814772146183
GAT GTT GAA CCG GGT AAA TTC TAC AAA GGT GTT GTG ACC GAC ATC GGT AAG TAC GGT GCG TTC ATC AAC CTG AAT GAA CAG GTT CGT GGT CTG CTG CGT CCG CGT GAC ATG ATT TCT CTG CGC CTG GAA AAT CTG AAC GTT GGT GAT GAG ATC ATC GTT CAG GCG ATC GAC GTT CGT CCG GAA AAA CGT GAA ATC GAC TTC AAA TAC ATC CCG,3.5064370063438792
GAC GTT GAA CCG GGT AAA TTC TAC AAA GGT GTT GTT ACC CGT ATC GAA AAA TAC GGT GCG TTC ATC AAC CTG AAC GAA CAG GTT CGT GGT CTG CTG GGT CCG CGT GAC ATG ATC TCT CTG CGT CTG GAA AAC CTC AAT GTT GGT GAC GAA ATC ATC GTT CAA GCG ATC GAC GTT TGG CCG GAA AAA CGT GAA ATC GAC TTC AAA TAC ATC CCG,1.4178486274630029
GAC GTT GAA CCG GGT AAA TTC TAC AAA GGT GTT GTT ACC CGT ATC GAA AAA TAC GGT GCG TTC ATC AAC CTG AAT GAA CAG GTT CGT GGT CTG CTG CGT CCG CGT GAC ATG ATC TCT CTG CGT CTG GAA AAC CTC AAC GTG GGT GAC GAA ATC ATC GTT CAA GCG ATC GAT GTT CAG CCG GAA AAA CGT GAA ATC CAG TTC AAA TAC ATC CCG,3.6280809611855567
GAC GTT GAA CCG GGT AAA TTC TAC AAG GGC GTT GTT ACC CGT ATC GAA AAA TAC GGT GCG TTC ATC AAC CTC AAC GAA CAA GTG CGT GGC CTG CTC CGC CCA CGC AAG ATG ATC TCT CTG CGT CTG GAA AAT CTG AAC GTT GGT GAC GAA ATC ATC GTT CAA GCT ATC GAT GTT CGT CCG GAA AAA CGT GAA ATC GAC TTC GCG TAC ATC CCG,3.2227912051120846
GAC GTT GAA CCG GGT AAA TTC TAC AAA GGT GTT GTT ACC CGT ATC GAA AAA TAC GGT GCG TTC ATC AAC CTG AAC GAA CAG GTT CGT GGT CTG CTG CGT CCG CGC GAA ATG ATC TCT CTG CGT CTG GAA AAT CTG AAC GTT GGT GAC GAA ATC ATC GTG CAG GCT ATC GAC GTT CTG CCG GAA AAA CGT GAA ATC GAC TTC AAA TAC ATC CCG,1.4579693895798027
GAC GTT GAA CCG GGT AAA TTC TAC AAA GGT GTT GTT ACC CGT ATC GAA AAA TAC GGT GCG TTC ATC AAC CTC AAC GAA CAG GTT CGT GGT CTG CTG GAA CCG CGT GAC ATG ATC TCT CTG CGT CTG GAA AAT CTG AAC GTG GGT GAT GAA ATC ATC GTT CAG GCG ATC GAC GTT AAA CCG GAA AAA CGT GAA ATC GAC TTC AAA TAC ATC CCG,1.157490269540477
GAC GTT GAA CCG GGC AAA TTC TAC AAA GGT GTT GTT ACC CGT ATC GAA AAA TAC GGT GCG TTC ATC AAC CTC AAT GAA CAG GTT CGT GGT CTG CTG CGT CCG CGC CTC ATG ATC TCT CTG CGC CTG GAA AAC CTG AAC GTT GGT GAC GAA ATT ATC GTT CAA GCG ATC GAT GTT CGT CCG GAA AAA CGT GAA ATC TGG TTC AAA TAC ATT CCG,2.560092242478654
GAC GTT GAA CCG GGT AAA TTC TAC AAA GGT GTG GTT ACT CCA ATC GAA AAA TAC GGT GCG CGT ATC AAC CTG AAC GAA CAG GTT CGT GGT CTG CTG CGT CCA CGT GAC ATG ATC TCT CTG CGT CTG GAA AAT CTC AAT GTT GGT GAC GAA ATC ATC GTG CAA GCG ATC GAC GTT CGT CCA GAG AAA CGT GAA ATC GAC TTC AAA TAC ATC CCG,-4.3869050080351375
GAC GTT GAA CCG GGT AAA TTC TAC AAA GGT GTT GTT ACC CGT ATC GAA AAA TAC GGT GCG TTC ATC AAC CTG AAC GAA CAG GTT CGT GGT CTG CTG CGT CCG CGT GAC ATG ATC TCT CTG CGT CTG GAA AAC CTC AAT GTT GGT GAC GAA ATC ATC GTG CAA GCG ATC GAT GTT AAA CCG GAA AAA CGT GAA ATC GTT TTC AAA TAC ATC CCG,4.020312955936307
GAC GTT GAA CCG GGT AAA TTC TAC AAA GGT GTT GTT ACC CGT ATC GAA AAA TAC GGT GCG TTC ATC AAC CTG AAC GAA CAG GTT CGT GGT CTG CTG TTC CCA CGT GAC ATG ATC TCT CTG CGT CTG GAA AAC CTC AAC GTG GGT GAC GAA ATC ATC GTT CAA GCG ATC GAC GTT CGT CCG GAA AAA CGT GAA ATC GCG TTC AAA TAC ATC CCG,2.078517282934654
GAC GTT GAA CCG GGC AAA CGT TAC AAA GGT GTT GTT ACC CGT ATC GAA AAA TAC GGT GCG TTC ATC AAC CTC AAC GAA CAG GTT CGT GGC CTG CTG CGT CCA CGT GAC ATG ATC TCT CTC CGT CTG GAA AAT CTG AAC GTT GGT GAC GAA ATC ATC GTT CAG GCG ATC GAC GTT CGT CCG GAA AAA CGT GAA ATC GAC TTC AAA TAC ATC CCG,3.812956237011219
GAC GTT GAA CCG GGC AAA TTC TAC AAA GGT GTT GTT ACC CGT ATC GAA AAA TAC GGT GCG TTC ATC AAT CTG AAC GAA CAG GTT CGT GGT CTG CTG CGT CCG CGT GAG ATG ATC TCT CTG CGT CTG GAA AAC CTC AAC GTG GGT GAC GAA ATC ATC GTG CAG GCG ATC GAT GTT CAG CCG GAA AAA CGT GAA ATC GAC TTC AAA TAC ATC CCG,1.831590810549275
GAT GTT GAA CCG GGT AAG TTC TAC AAA GGT GTT GTT ACC CTG ATC GAA AAA TAC GGT GCG GGT ATC AAT CTG AAC GAA CAG GTG CGT GGT CTG CTG CGT CCG CGT GAC ATG ATC TCT CTG CGC CTG GAG AAC CTG AAT GTT GGT GAC GAA ATC ATC GTG CAA GCT ATC GAC GTT CGT CCA GAA AAA CGT GAA ATC GAC TTC AAA TAC ATC CCA,1.0349995320852945
GAC GTT GAA CCG GGC AAA TTC TAC AAA GGT GTT GTT ACC CGT ATC GAA AAA TAC GGT GCG TTC ATC AAC CTG AAT GAA CAG GTT CGT GGT CTG CTG CGT CCG CGT CAC ATG ATC TCT CTG CGT CTG GAA AAC CTC AAT GTT GGT GAC GAA ATC ATC GTT CAG GCT ATC GAT GTT CGT CCG GAA AAG CGT GAA ATC TCT TTC AAA TAC ATC CCG,4.016082314823074
GAC GTT GAA CCG GGT AAA TTC TAC AAA GGT GTT GTT ACC CGT ATC GAA AAA TAC GGT GCG TTC ATC AAC CTC AAC GAA CAG GTT CGT GGT CTG CTC CGT CCG CGT CGT ATG ATC TCT CTG CGT CTG GAA AAC CTG AAC GTT GGT GAC GAA ATC ATC GTT CAA GCG ATC GAT GTT GAC CCG GAA AAA CGT GAA ATC GAC TTC AAA TAC ATC CCG,2.5338341463196885
GAT GTT GAA CCG GGT AAG TTC TAC AAA GGT GTT GTT ACC CGT ATC GAA AAA TAC GGT GCG TTC ATC AAC CTG AAC GAA CAG GTT CGT GGC CTG CTG CGT CCG CGT GCG ATG ATC TCT CTG CGT CTG GAG AAT CTG AAC GTT GGT GAC GAA ATC ATT GTT CAA GCG ATC GAC GTT CGC CCG GAA AAA CGT GAA ATC GCT TTC AAA TAC ATC CCG,2.35076873976455
GAT GTT GAA CCG GGT AAA TTC TAC AAA GGT GTT GTT ACC CGT ATC GAA AAA TAC GGT GCG TTC ATC AAC CTG AAT GAA CAG GTG CGT GGT CTG CTG CGT CCG CGT GAC ATG ATC TCT CTG CGT GCG GAA AAC CTC AAC GTG GGT GAC GAA ATC ATC GTT CAG GCG ATT GAC GTT CGT CCG GAA AAA CGT GAA ATC GAC TTC AAA TAC ATC CCG,2.3966931936429043
GAC GTT GAA CCG GGT AAA TTC TAC AAA GGT GTT GTT ACC CGT ATC GAA AAA TAC GGT GCG TTC ATC AAC CTC AAC GAA CAG GTT CGT GGT CTG CTG CGT CCG CGC TAC ATG ATC TCT CTG CGT CTG GAA AAC CTG AAC GTT GGT GAC GAA ATC ATC GTT CAA GCT ATC GAC GTG GAA CCG GAA AAA CGT GAA ATC GAC TTC AAA TAC ATC CCG,2.037114338936433
GAC GTT GAA CCG GGT AAA TTC TAC AAA GGT GTT GTT ACC CGT ATC GAA AAA TAC GGT GCG TTC ATC AAT CTC AAC GAA CAG GTT CGT GGT CTG CTG CTG CCG CGT GAT ATG ATC TCT CTG CGT CTG GAA AAC CTC AAC GTG GGT GAC GAA ATC ATC GTT CAG GCG ATT GAC GTT CGT CCG GAA AAA CGT GAA ATC CAC TTC AAA TAC ATC CCG,2.990116676825612
GAC GTT GAA CCG GGT AAA TTC TAC AAA GGT GTT GTT ACC CGT ATC GAA AAA TAC GGT GCG TTC ATC AAC CTC AAC GAA CAG GTT CGT GGT CTG CTG CGT CCG CGT GAC ATG ATC TCT CTG CGT CTG GAA AAC CTG AAC GTT GGT GAC GAA ATC ATC GTT CAA GCG ATC GAC GTT ATG CCG GAA AAA CGT GAA ATC ACC TTC AAA TAC ATC CCG,3.555761961754697
GAC GTG GAA CCG GGT AAA TTC TAC AAA GGT GTT GTT ACC CGT ATC GAA AAA TAC GGT GCG TTC ATC AAT CTG AAC GAA CAG GTT CGT GGT CTG CTG CGT CCG CGT GAC ATG ATC TCT CTG CGT CTG GAA AAC CTC AAT GTT GGT GAC GAA ATC ATC GTT CAA GCG ATC GAC GTT CGT CCG GAA AAG CGT GAA ATC TAC TTC AAA TAC ATC CCG,5.461740523465926
GAC GTT GAA CCG GGT AAA TTC TAC AAG GGT GTT GTT ACC CGT ATC GAA AAA TAC GGT GCG TTC ATC AAC CTC AAC GAA CAA GTT CGT GGT CTG CTG CAA CCG CGT GAC ATG ATC TCT CTG CGT CTG GAA AAT CTG AAC GTT GGT GAC GAA ATT ATC GTT CAG GCG ATC GAC GTT CGT CCG GAA AAG CGT GAA ATC ATG TTC AAA TAC ATC CCG,2.8275457927702456
GAC GTT GAA CCG GGT AAA TTC TAC AAA GGT GTT GTT ACC CGT ATC GAA AAA TAC GGT GCG TTC ATC AAC CTG AAT GAA CAG GTT CGT GGT CTG CTG GAC CCG CGT GAC ATG ATC TCT CTG CGT CTG GAA AAC CTC AAC GTG GGT GAC GAA ATC ATC GTT CAG GCG ATC GAT GTT CAC CCG GAA AAA CGT GAA ATC GAC TTC AAA TAC ATC CCG,1.3230214490875192
GAT GTT GAA CCG GGT AAA TTC TAC AAA GGT GTT GTT ACC CGT ATC GAA AAA TAC GGT GCG TTC ATC AAC CTC AAC GAG CAG GTT CGT GGC CTG CTC CGT CCG CGT TGC ATG ATC TCT CTC CGT CTG GAA AAC CTG AAC GTT GGT GAC GAA ATC ATT GTT CAG GCG ATC GAC GTT CGT CCG GAA AAA CGT GAA ATC GAC TTC CGT TAC ATC CCG,3.878551106515464
GAC GTT GAA CCG GGT AAA TTC TAC AAA GGT GTT GTT ACC CGT ATC GAA AAA TAC GGT GCG TTC ATC AAC CTC AAC GAA CAG GTT CGT GGT CTG CTG AAA CCG CGT GGT ATG ATC TCT CTG CGT CTG GAA AAC CTG AAT GTT GGT GAC GAA ATC ATC GTT CAG GCG ATT GAC GTT CGT CCG GAA AAA CGT GAA ATC GAC TTC AAA TAC ATC CCG,2.194292523375683
GAC GTT GAA CCA GGT AAA TTC TTC AAA GGT GTT GTT ACC CGT ATC GAA AAA TAC GGT GCG TTC ATC AAT CTC AAC GAA CAG GTT CGT GGT CTG CTG CGT CCG CGT GAC ATG ATC TCT CTG CGT CTG GAA AAC CTC AAT GTT GGC GAC GAA ATC ATC GTT CAG GCG ATC GAC GTT CGT CCG GAA AAA CGT GAA ATC GAC TTC AAA TAC ATC CCG,3.0478227164066656
GAC GTT GAA CCG GGT AAA TTC TAC AAG GGT GTT GTT ACC ATG ATC GGT AAA TAC GGT GCG TTC ATC AAC CTC AAC GAA CAA GTT CGT GGT CTG CTG CGT CCG CGT GAC ATG ATC TCT CTG CGT CTG GAA AAC CTG AAC GTT GGT GAC GAA ATC ATC GTG CAG GCT ATC GAC GTT CGC CCG GAA AAA CGT GAA ATC GAC TTC AAA TAC ATC CCA,3.972168717896596
GAC GTT GAA CCG GGT AAA TTC TAC AAA GGT GTT GTT ACC CGT ATC GAA AAA TAC GGT GCG TTC ATC AAC CTG AAC GAA CAG GTT CGT GGT CTG CTC CGT CCG CGT GAC GAA ATC TCT CTG CGT CTG GAA AAC CTC AAC GTG GGC GAC GAG ATC ATC GTG CAG GCG ATC GAC GTT CGT CCG GAA AAA CGT GAA ATC GAC TTC AAA TAC ATC CCG,1.865232812771048
GAC GTT GAA CCG GGC AAA TTC TAC AAA GGT GTT GTT ACC CGT ATC GAA AAA TAC GGT GCG TTC ATC AAC CTC AAC GAA CAA GTT CGT GGT CTG CTG CGT CCA CGT ATT ATG ATC TCT CTC CGT CTG GAA AAC CTG AAC GTT GGT GAC GAA ATC ATC GTT CAA GCG ATC GAC GTT CGC CCA GAG AAA CGT GAA ATC GAC TTC CGT TAC ATC CCA,2.005688690997503
GAC GTT GAA CCG GGT AAG TTC TAC AAA GGT GTT GTT ACC CGT ATC GAA AAA TAC GGT GCG TTC ATC AAT CTG AAT GAA CAA GTT CGT GGT CTG CTG CGT CCG CGT TCT ATG ATC TCT CTG CGT CTG GAA AAC CTG AAC GTT GGT GAC GAA ATC ATC GTG CAG GCG ATC GAC GTT ATC CCG GAA AAA CGT GAA ATC GAC TTC AAA TAC ATC CCG,1.8687471314171031
GAC GTT GAA CCG GGT AAA TTC TAC AAA GGT GTT GTT ACC CGT ATC GAA AAA TAC GGT GCG TTC ATC AAC CTG AAT GAA CAG GTT CGT GGT CTG CTG CGT CCG CGT GAC ATG ATC TCT CTG CGT CTG GAA AAT CTG AAT GTT CTG GAC GAA ATC ATC GTT CAG GCG ATC GAC GTT CGT CCG GAA AAA CGT GAA ATC GAC TTC AAA TAC ATC CCG,3.281570972902279
GAC GTT GAA CCG GGC AAA TTC TAC AAA GGT GTT GTT ACC CGT ATC GAA AAA TAC GGT GCG TTC ATC AAC CTG TGC GAG CAG GTT CGT GGT CTG CTG CGT CCG CGT GAC ATG ATC TCT CTG CGT CTG GAA AAC CTC AAT GTT GGC GAC GAA ATC ATC GTT CAG GCG ATC GAC GTT CGT CCG GAA AAA CGT GAA ATC GAC TTC AAA TAC ATC CCA,4.101202733540255
GAC GTG GAA CCG GGT AAA TTC TAC AAA GGT GTT GTT ACC TGG ATC AAC AAA TAC GGT GCG TTC ATC AAC CTC AAC GAA CAG GTT CGT GGT CTG CTG CGT CCG CGT GAC ATG ATC TCT CTG CGT CTG GAA AAT CTG AAC GTT GGT GAC GAA ATC ATC GTT CAG GCG ATT GAC GTT CGT CCG GAA AAA CGT GAA ATC GAC TTC AAA TAC ATC CCG,4.376104527451373
GAC GTT GAA CCG GGT AAA TTC TAC AAA GGT GTT GTT ACC CGT ATC GAA AAA TAC GGT GCG TTC ATC AAC CTC AAT GAA CAG GTT CGT GGT CTG CTG ATC CCG CGT GAC ATG ATC TCT CTG CGT CTG GAA AAC CTG AAT GTT GGT GAC GAA ATC ATC GTT CAG GCG ATC GAT GTT CTG CCG GAA AAA CGT GAA ATC GAC TTC AAA TAC ATC CCG,2.0567010887739245
GAC GTT GAA CCG GGT AAA TTC TAC AAA GGT GTT GTT ACC CGT ATC GAA AAA TAC GGT GCG TTC ATC AAT CTG AAC GAA CAG GTT CGT GGT CTG CTG CGT CCG CGT GAC ATG ATC TCT CTG CGT CTG GAA AAC CTG AAC GTT GGT GAC GAA ATC ATT GTT CAG GCG ATC GAC GTT CGC CCG GAA AAA CGT GAA ATC GAC TTC TAC TAC ATC CCG,3.884997275347866
GAT GTT GAA CCG GGT AAA TTC TAC AAA GGC GTT GTG ACC CGT ATC GAA AAA TAC GGT GCG TTC ATC AAC CTG AAT GAA CAG GTT CGT GGT CTG CTG CGT CCG CGC ATT ATG ATT TCT CTC CGT CTG GAA AAT CTG AAC GTT GGT GAC GAG ATC ATC GTT CAG GCG ATC GAC GTT CGT CCG GAA AAA CGT GAA ATC GAC TTC TCT TAC ATC CCG,1.687135655701121
GAT GTT GAG CCG GGT AAA TTC TAC AAA GGT GTT GTT ACC TCT ATC GAA AAA TAC GGT GCG ATC ATC AAT CTG AAT GAA CAG GTT CGT GGC CTC CTG CGC CCA CGT GAC ATG ATC TCT CTG CGT CTG GAA AAC CTC AAC GTG GGT GAC GAA ATC ATT GTT CAG GCG ATC GAC GTT CGT CCG GAA AAA CGT GAA ATC GAC TTC AAA TAC ATC CCG,3.665157883547813
GAC GTT GAA CCG GGT AAA TTC TAC AAA GGT GTT GTT ACC CGT ATC GAA AAA TAC GGT GCG TTC ATC AAC CTC AAC GAA CAG GTT CGT GGT CTG CTG CGT CCG CGT GAC ATG ATC TCT CTG CGT CTG GAA AAC CTG AAT GTT GGT GAC GAA ATC ATC GTT CAC GCG ATC GAC GTT CGT CCG GAA AAA CGT GAA ATC GAC TTC AAA TAC ATC CCG,3.09189455516672
GAT GTT GAA CCG GGT AAA TTC TAC AAA GGC GTT GTG ACC CAG ATT CAG AAA TAC GGT GCG TTC ATC AAC CTG AAC GAG CAG GTT CGT GGT CTG CTG CGT CCG CGT GAC ATG ATC TCT CTG CGT CTG GAA AAC CTC AAT GTT GGT GAC GAA ATC ATC GTG CAG GCT ATT GAC GTT CGT CCG GAA AAA CGT GAA ATC GAC TTC AAA TAC ATC CCG,3.860637504338935
GAC GTT GAA CCG GGT AAA TTC TAC AAA GGT GTT GTT ACC CGT ATC GAA AAA TAC GGT GCG TTC ATC AAC CTG AAT GAA CAA TAC CGT GGT CTG CTG CGT CCG CGC GAT ATG ATC TCT CTG CGT CTG GAA AAT CTG AAT GTT GGT GAC GAA ATC ATC GTT CAA GCG ATC GAC GTT CGT CCG GAA AAA CGT GAA ATC GAC TTC AAA TAC ATC CCG,4.297761063952021
GAC GTT GAA CCG GGT AAA TTC TAC AAA GGT GTT GTT ACC CGT ATC GAA AAA TAC GGT GCG TTC ATC AAC CTG AAC GAA CAG GTT CGT GGT CTG CTG CGT CCG CGT GAC ATG ATC TCT CTG CGT CTG GAA AAC CTC AAT GTT GGT GAC GAA ATC GGT GTT CAG GCG ATC GAC GTT CGT CCG GAA AAA CGT GAA ATC GAC TTC AAA TAC ATC CCG,2.1696822359728034
GAC GTT GAA CCG GGT AAA TTC TAC AAA GGT GTT GTT ACC CGT ATC GAA AAA TAC GGT GCG TTC ATC AAT CTG AAC GAA CAG GTT CGT GGT CTG CTG TGG CCG CGT GAC ATG ATC TCT CTG CGT CTG GAA AAC CTG AAC GTT GGT GAC GAA ATC ATC GTT CAA GCG ATC GAC GTT AAA CCG GAA AAA CGT GAA ATC GAC TTC AAA TAC ATC CCG,1.576827342560607
GAT GTT GAA CCG GGT AAA TTC TAC AAA GGT GTT GTT ACC CGT ATC GAA AAA TAC GGT GCG TTC ATC AAT CTG AAC GAG CAG CAG CGT GGT CTG CTC CGT CCG CGT GAC ATG ATC TCT CTG CGT CTG GAA AAC CTG AAT GTT GGT GAC GAA ATC ATC GTG CAG GCG ATC GAC GTT CGT CCG GAA AAA CGT GAA ATC GAC TTC AAA TAC ATC CCG,4.420419008341531
GAC GTT GAA CCG GGT AAA TTC TAC AAA GGT GTT GTT ACC CGT ATC GAA AAA TAC GGT GCG TTC ATC AAC CTC AAC GAA CAG GTT CGT GGT CTG CTG GTT CCG CGT GAC ATG ATC TCT CTG CGT CTG GAA AAC CTG AAC GTG GGT GAC GAA ATC ATC GTT CAA GCG ATT GAC GTT CGT CCG GAA AAA CGT GAA ATC CTG TTC AAA TAC ATC CCG,2.477425664217539
GAC GTT GAA CCG GGT AAA TTC TAC AAA GGT GTT GTT ACC CAG ATC GAA AAA TAC GGT GCG GCG ATC AAC CTG AAC GAA CAG GTT CGT GGC CTG CTG CGT CCA CGT GAC ATG ATC TCT CTG CGT CTG GAA AAC CTC AAT GTT GGT GAC GAA ATC ATC GTT CAA GCG ATT GAC GTT CGT CCG GAA AAA CGT GAA ATC GAC TTC AAA TAC ATC CCG,1.2537489874323318
GAT GTT GAA CCG GGT AAA TTC TAC AAA GGT GTT GTT ACC CGT ATC GAA AAA TAC GGT GCG TTC ATC AAC CTC AAC GAA CAA GTT CGT GGT CTG CTG CGT CCA CGC TTC ATG ATC TCT CTG CGT CTG GAA AAC CTG AAT GTT GGT GAC GAA ATC ATC GTT CAG GCG ATC GAC GTT GAC CCG GAA AAA CGT GAA ATC GAC TTC AAA TAC ATC CCG,3.078082750222343
GAC GTG GAA CCG GGT AAA TTC TAC AAA GGT GTT GTT ACC CGT ATC GAA AAA TAC AAC GCG TTC ATC AAC CTG AAC GAA CAG GTT CGT GGT CTG CTG CGT CCG CGT GAC ATG ATC TCT CTG CGT CTG GAA AAC CTC AAC GTG GGT GAC GAA ATC ATC GTT CAA GCG ATC GAC GTT CGT CCG GAA AAA CGT GAA ATC GAC TTC AAA TAC ATC CCG,1.312988474453876
GAC GTT GAA CCG GGC AAA TTC TAC AAA GGT GTT GTT ACC CGT ATC CTG AAA TAC GGT GCG TTC ATC AAC CTC AAC GAA CAG GTT CGT GGT CTG CTG CGT CCG CGT GAC ATG ATC TCT CTG CGC CTG GAA AAC CTG AAC GTT GGT GAC GAA ATC ATC GTT CAA GCG ATT GAC GTT CGT CCG GAA AAA CGT GAA ATC GAC TTC AAA TAC ATC CCG,4.885147545467508
GAC GTT GAA CCG GGT AAA TTC TAC AAA GGT GTT GTT ACC CGT ATC GAA AAA TAC GGT GCG TTC ATC AAC CTG AAT GAA CAG GTT CGT GGT CTG CTG CGT CCG CGT GCG ATG ATC TCT CTG CGT CTG GAA AAC CTC AAC GTG GGT GAC GAA ATC ATT GTT CAG GCT ATC GAC GTT CTG CCG GAA AAA CGT GAA ATC GAC TTC AAA TAC ATC CCG,1.799240182026537
GAC GTT GAA CCG GGT AAG TTC TAC AAA GGT GTT GTT ACC CGT ATC GAA AAA TAC GGT GCG TTC ATC AAC CTC AAC GAA CAA GTT CGT GGT CTG CTG TCT CCG CGT GAT ATG ATC TCT CTG CGT CTG GAA AAC CTG AAC GTG GGT GAC GAA ATC ATT GTT CAG GCG ATC GAC GTT CGT CCG GAA AAA CGT GAA ATC CAG TTC AAA TAC ATC CCG,2.9514774274933617
GAC GTT GAA CCG GGT AAA TTC TAC AAA GGT GTT GTT ACC CGT ATC GAA AAA TAC GGT GCG TTC ATC AAC CTG AAT GAA CAG GTT CGT GGT CTG CTG CGT CCG CGT CAC ATG ATC TCT CTG CGT CTG GAA AAT CTG AAC GTT GGT GAC GAA ATC ATC GTG CAG GCT ATC GAC GTT CGT CCG GAG AAA CGT GAG ATC TTC TTC AAA TAC ATC CCG,3.6882661721670873
GAC GTG GAA CCG GGT AAA TTC TAC AAA GGT GTT GTT ACC TGG ATC ACC AAA TAC GGT GCG TTC ATC AAT CTG AAC GAA CAG GTT CGC GGT CTG CTG CGT CCG CGT GAC ATG ATC TCT CTG CGT CTG GAA AAC CTG AAC GTT GGT GAC GAA ATC ATC GTT CAA GCG ATC GAC GTT CGT CCG GAA AAA CGT GAA ATC GAC TTC AAA TAC ATC CCG,5.270207559867556
GAC GTT GAA CCG GGT AAA TTC TAC AAG GGT GTT GTT ACC CGT ATC GAA AAA TAC GGT GCT TTC ATC AAC CTC AAC GAA CAG GTT CGT GGT CTG CTG CGT CCG CGT ATT ATG ATC TCT CTG CGT CTG GAA AAC CTG AAT GTT GGT GAC GAA ATC ATT GTT CAG GCG ATT GAC GTT CGT CCA GAA AAG CGC GAG ATC AAA TTC AAA TAC ATC CCG,2.005760027200512
GAC GTT GAA CCG GGT AAA TTC TAC AAA GGT GTT GTT ACC CAG ATC AAA AAG TAC GGT GCG TTC ATC AAC CTG AAT GAA CAG GTT CGC GGT CTG CTG CGC CCA CGT GAC ATG ATC TCT CTG CGT CTG GAA AAC CTC AAC GTG GGT GAC GAA ATC ATC GTT CAA GCT ATC GAC GTT CGT CCG GAA AAA CGT GAA ATC GAC TTC AAA TAC ATC CCG,4.835220412419085
GAT GTT GAA CCG GGT AAA TTC TAC AAA GGC GTT ATG ACC CGT ATC GAA AAG TAC GGT GCG TTC ATC AAT CTC AAC GAA CAG GTT CGT GGT CTG CTG CGT CCG CGT GAC ATG ATC TCT CTC CGT CTG GAA AAC CTC AAT GTG GGT GAC GAA ATC ATC GTT CAG GCG ATC GAT GTT CGT CCG GAA AAA CGT GAA ATC GAC TTC AAA TAC ATC CCG,1.0055332669212154
GAT GTT GAA CCG GGT AAA TTC TAC AAA GGT GTT GTT ACC CGT ATC GAA AAA TAC GGT GCG TTC ATC AAT CTG AAT GAA CAG GTT CGT GGT CTG CTG CGT CCG CGT CAC ATG ATC TCT CTG CGT CTG GAA AAC CTG AAT GTT GGT GAC GAA ATC ATC GTT CAG GCG ATC GAC GTT TCT CCG GAA AAA CGT GAA ATC GAC TTC AAA TAC ATC CCG,3.306417831151836
GAC GTT GAG CCG GGT AAA TTC TAC AAA GGT GTT GTT ACC TCT ATC GAG AAA TAC GGT GCG TGC ATC AAC CTC AAT GAA CAG GTT CGT GGT CTG CTC CGT CCA CGC GAC ATG ATC TCT CTG CGT CTG GAA AAC CTG AAT GTG GGT GAC GAA ATC ATC GTT CAG GCG ATT GAC GTT CGT CCG GAA AAA CGT GAA ATC GAC TTC AAA TAC ATC CCG,3.193186351451605
GAC GTT GAA CCG GGC AAA TTC TAC AAA GGT GTT GTT ACC ATG ATC ATG AAA TAC GGT GCG TTC ATC AAC CTG AAT GAA CAG GTT CGT GGT CTG CTG CGC CCA CGT GAC ATG ATC TCT CTG CGT CTG GAA AAT CTG AAC GTT GGT GAC GAA ATC ATC GTT CAG GCG ATC GAC GTT CGT CCG GAA AAA CGT GAA ATC GAC TTC AAG TAC ATC CCG,5.159248407810972
GAC GTT GAA CCG GGT AAG TTC TAC AAA GGT GTT GTG AAA CGT ATC GAA AAA TAC GGT GCG TTC ATC AAT CTG AAC GAG CAG GTT CGT GGT CTG CTG CGT CCG CGT GAC ATG ATC TCT CTG CGT CTC GAA AAT CTC AAT GTT GGT GAC GAA ATC ATC GTG CAG GCG ATC GAC GTT CGT CCG GAA AAA CGT GAA ATC GAC TTC AAA TAC ATC CCG,3.5540964061764067
GAC GTT GAA CCG GGT AAA TTC TAC AAA GGT GTT GTT ACC CGT ATC GAA AAA TAC GGT GCG TTC ATC AAC CTG AAT GAA CAG GTT CGT GGT CTG CTG CGT CCG CGT GAC ATG ATC TCT CTG CGT CTG GAA AAT CTG AAC GTT GGT GAC GAA ATC ATC GTT CAG GCG ATC GAC GTT ATG CCG GAA AAA CGT GAA ATC GCG TTC AAA TAC ATC CCG,3.2019336250085164
GAC GTT GAA CCG GGT AAA TTC TAC AAA GGT GTT GTT ACC CGT ATC GAA AAA TAC GGT GCG TTC ATC AAC CTG AAC GAG CAG GTT CGT GGT CTG CTG CGT CCG CGT TAC ATG ATC TCT CTG CGC CTG GAA AAC CTC AAT GTT GGT GAC GAA ATC ATC GTG CAG GCT ATC GAC GTT CGT CCG GAA AAA CGT GAA ATC TGG TTC AAA TAC ATC CCG,3.207569878558949
GAC GTT GAA CCG GGC AAA TTC TAC AAA GGT GTT GTT ACC CGT ATC GAA AAA TAC GGT GCG TTC ATC AAT CTG AAT GAA CAG GTT CGT GGT CTG CTG ACT CCG CGC GAC ATG ATC TCT CTG CGT CTG GAA AAC CTG AAT GTT GGT GAC GAA ATC ATC GTT CAG GCG ATC GAC GTT CGT CCG GAA AAA CGT GAA ATC CAG TTC AAA TAC ATC CCG,2.5026194318193458
GAC GTT GAA CCG GGT AAA TTC TAC AAA GGT GTT GTT ACC CGT ATC GAA AAA TAC GGT GCG TTC ATC AAT CTG AAT GAA CAG GTT CGC GGT CTG CTC CGT CCA CGT GAG ATG ATC TCT CTG CGT CTG GAA AAC CTG AAT GTT GGT GAC GAA ATC ATC GTT CAA GCG ATC GAC GTT CGT CCG GAA AAA CGT GAA ATC GAC TTC CAG TAC ATC CCG,1.9673008056949053
GAC GTT GAA CCG GGT AAA TTC TAC AAA GGT GTT GTT ACC CGT ATC GAA AAA TAC GGT GCG TTC ATC AAC CTC AAT GAA CAG AAC CGT GGT CTG CTG CGT CCG CGT GAC ATG ATC TCT CTG CGT CTG GAA AAC CTG AAC GTT GGT GAC GAA ATC ATC GTT CAA GCG ATC GAC GTT CGT CCG GAA AAA CGT GAA ATC GAC TTC AAA TAC ATC CCG,3.684055083344116
GAC GTT GAA CCG GGT AAA TTC TAC AAA GGT GTT GTT ACC CGT ATC GAA AAA TAC GGT GCG TTC ATC AAC CTC AAC GAA CAG GTT CGT GGT CTG CTC GCG CCA CGT CAC ATG ATC TCT CTG CGT CTG GAG AAC CTG AAC GTT GGT GAC GAA ATC ATC GTG CAG GCG ATC GAC GTT CGT CCA GAA AAA CGT GAA ATC GAC TTC AAA TAC ATC CCG,3.1384119119848406
GAT GTT GAA CCG GGT AAA TTC TAC AAA GGT GTT GTT ACC CGT ATC GAA AAA TAC GGT GCG TTC ATC AAC CTG AAC GAA CAG GTT CGT GGC CTC CTG CGT CCG CGT ATT ATG ATC TCT CTG CGC CTG GAG AAT CTC AAT GTT GGT GAC GAA ATC ATC GTT CAA GCG ATC GAC GTT CGT CCG GAA AAA CGT GAA ATC GAC TTC GAA TAC ATC CCG,2.0389135293873
GAC GTT GAA CCG GGT AAA TTC TAC AAA GGT GTT GTT ACC CGT ATC GAA AAA TAC GGT GCG TTC ATC AAC CTG AAT GAA CAG GTT CGT GGT CTG CTG CGT CCG CGT GAC ATG ATC TCT CTG CGT CTG GAA AAC CTC AAT GTT GGT GAC GAA ATC ATC GTT CAA GCG ATC GAC GTT ACT CCG GAA AAA CGT GAA ATC GCG TTC AAA TAC ATC CCG,3.592405329155725
GAT GTT GAA CCG GGT AAA TTC TAC AAA GGT GTT GTT ACC CGT ATC GAA AAA TAC GGT GCG TTC ATC AAC CTC AAC GAA CAG GTT CGT GGT CTG CTG CGT CCA CGT GAC ATG ATC TCT CTG CGC CTG GAA AAC CTG TGC GTT GGC GAC GAA ATC ATC GTT CAG GCG ATC GAC GTT CGT CCG GAA AAA CGT GAA ATC GAC TTC AAA TAC ATC CCG,4.925608026784227
GAT GTT GAA CCG GGT AAA TTC TAC AAA GGT GTT GTT ACC CGT ATC GAA AAA TAC GGT GCG TTC ATC AAC CTG AAT GAG CAG GTT CGT GGT CTG CTG CGT CCG CGT GAC ATG ATC TCT CCG CGT CTG GAA AAT CTG AAC GTG GGT GAC GAA ATC ATC GTG CAG GCG ATC GAT GTT CGT CCG GAA AAA CGT GAA ATC GAC TTC AAA TAC ATC CCG,1.8529361723181563
GAC GTT GAA CCG GGT AAA TTC TAC AAA GGT GTT GTT ACC CGT ATC GAA AAA TAC GGT GCG TTC ATC TGG CTC AAC GAA CAG GTT CGT GGT CTG CTG CGT CCG CGT GAC ATG ATC TCT CTG CGT CTG GAA AAC CTG AAT GTT GGT GAC GAA ATC ATC GTT CAG GCG ATT GAC GTT CGT CCG GAA AAA CGT GAA ATC GAC TTC AAA TAC ATC CCG,4.429270949093464
GAC GTG GAA CCG GGT AAA TTC TAC AAA GGT GTT GTT ACC TTC ATC CTG AAA TAC GGT GCG TTC ATC AAC CTC AAC GAA CAG GTT CGT GGT CTG CTC CGT CCG CGT GAC ATG ATC TCT CTG CGT CTG GAA AAC CTG AAC GTT GGT GAC GAA ATC ATT GTT CAA GCG ATC GAC GTT CGT CCG GAA AAG CGT GAA ATC GAC TTC AAA TAC ATC CCG,3.772415902844204
GAC GTT GAA CCG GGC AAA TTC TAC AAA GGT GTT GTT ACC CGT ATC GAA AAA TAC GGT GCG TTC ATC AAC CTC AAC GAA CAA GTT CGT GGT CTG CTG CGT CCG CGC AAC ATG ATC TCT CTG CGT CTG GAA AAC CTG AAC GTT GGT GAC GAA ATC ATC GTG CAG GCG ATC GAC GTT CGC CCA GAG AAA CGT GAA ATC GAC TTC GAC TAC ATC CCA,1.8915195643556104
GAC GTT GAA CCG GGT AAA TTC TAC AAA GGT GTT GTT ACC CGT ATC GAA AAA TAC GGT GCG TTC ATC AAT CTG AAT GAA CAG GTT CGT GGT CTG CTG CAC CCG CGT GAC ATG ATC TCT CTG CGT CTG GAA AAC CTG AAC GTT GGT GAC GAA ATC ATC GTT CAA GCG ATC GAC GTT TAT CCG GAA AAA CGT GAA ATC GAC TTC AAA TAC ATC CCG,1.637179509387804
GAC GTT GAA CCG GGT AAA TTC TAC AAA GGT GTT GTT ACC CGT ATC GAA AAA TAC GGT GCG TTC ATC AAC CTG AAC GAA CAG GTT CGT GGT CTG CTG CCG CCA CGC GAC ATG ATC TCT CTG CGT CTG GAA AAT CTG AAC GTT GGT GAT GAA ATC ATC GTT CAA GCG ATC GAC GTT CGT CCG GAA AAA CGT GAA ATC CAC TTC AAA TAC ATC CCG,1.685897556231567
GAC GTT GAA CCG GGT AAA TTC TAC AAA GGT GTT GTT ACC CGT ATC GAA AAA TAC GGT GCG TTC ATC AAT CTG AAC GAA CAG GTT CGT GGT CTG CTG CGT CCG CGT GAC ATG ATC TCT CTG CGT CTG GAA AAC CTG AAT GTT GGT GAC CAC ATC ATT GTT CAG GCT ATC GAT GTT CGT CCG GAA AAA CGT GAA ATC GAC TTC AAA TAC ATC CCG,8.848561651653611
GAC GTT GAA CCG GGT AAA TTC TAT AAG GGC GTT GTT ACC CGT ATC GAA AAA TAC GGT GCG TTC ATC AAC CTG AAC GAG CAG GTT CGT GGT CTG CTG CGT CCG CGT GAC ATG ATC TCT CTG CGT CTG GAA AAT CTG AAC GTT GGT GAC GAA ATC ATC GTG CAG GCG ATT GAC GTT CGT CCG GAA AAA CGT GAG ATC AAC TTC AAA TAC ATC CCG,4.084131328260231
GAT GTT GAA CCG GGT AAA TTC TAC AAG GGT GTT GTT ACC CGT ATC GAA AAA TAC GGT GCG TTC ATC AAC CTC AAC GAA CAG GTG CGT GGT CTG CTG ATG CCG CGT GAC ATG ATC TCT CTG CGC CTG GAA AAT CTG AAT GTT GGC GAC GAA ATC ATC GTT CAG GCG ATT GAC GTT CGT CCA GAA AAA CGT GAA ATC GTT TTC AAA TAC ATC CCG,3.1651670349071
GAC GTT GAA CCG GGT AAA TTC TAC AAA GGT GTT GTT ACC CGT ATC GAA AAA TAC GGT GCG TTC ATC AAC CTG AAC GAG CAG GTT CGT GGT CTG CTG CGT CCG CGT GAC ATG ATC TCT CTG CGC CTG GAA AAT CTG AAC GTT GGC GAC GAA ATC ATT GTT CAG GCG TCT GAC GTT CGT CCA GAA AAA CGT GAA ATC GAC TTC AAA TAC ATC CCG,3.806463895258929
GAC GTT GAA CCG GGT AAA TTC TAC AAA GGT GTT GTT ACC CGT ATC GAA AAA TAC GGT GCG TTC ATC AAC CTC AAC GAA CAG GTT CGT GGT CTG CTC TAC CCG CGT GAC ATG ATC TCT CTG CGT CTG GAA AAC CTG AAC GTT GGT GAC GAA ATC ATC GTT CAA GCG ATC GAC GTG TAC CCG GAA AAA CGT GAA ATC GAC TTC AAA TAC ATC CCG,1.675969800228741
GAC GTT GAA CCG GGT AAA TTC TAC AAA GGT GTT GTT ACC CGT ATC GAA AAA TAC GGT GCG TTC ATC AAC CTG AAC GAG CAG GTT CGT GGT CTG CTG CGT CCG CGC CTC ATG ATC TCT CTG CGT CTG GAA AAC CTC AAC GTG GGT GAC GAA ATC ATT GTG CAG GCG ATC GAC GTT CGC CCG GAA AAA CGT GAA ATC ACC TTC AAA TAC ATC CCA,2.887156818458645
GAC GTT GAA CCG GGT AAA TTC TAC AAA GGC GTT GTT ACC CGT ATC GAA AAA TAC GGT GCG TTC ATC AAC CTC AAC GAA CAG GTT CGC GGT CTG CTG TCT CCA CGT GAC ATG ATC TCT CTG CGT CTG GAA AAC CTG AAC GTT GGT GAC GAA ATC ATC GTG CAG GCG ATT GAC GTT CGT CCG GAA AAA CGC GAA ATC TTC TTC AAA TAC ATC CCG,2.88249131503957
GAC GTT GAA CCG GGT AAA TTC TAC AAA GGT GTT GTT ACC CGT ATC GAA AAA TAC GGT GCG TTC ATC AAC CTC AAC GAA CAA GTT CGT GGT CTG CTG CGT CCG CGT CCG ATG ATC TCT CTG CGT CTG GAA AAC CTG AAT GTT GGT GAC GAA ATC ATC GTT CAA GCG ATC GAC GTT CGT CCG GAA AAA CGT GAA ATC GTT TTC AAA TAC ATC CCG,1.7829034543014988
GAC GTT GAA CCG GGT AAG TTC TAC AAA GGT GTT GTT ACC CAG ATC GAC AAA TAT GGT GCG TTC ATC AAT CTG AAC GAA CAG GTT CGT GGT CTG CTG CGT CCG CGT GAC ATG ATC TCT CTG CGT CTG GAA AAC CTC AAC GTG GGT GAC GAA ATC ATC GTG CAA GCG ATC GAC GTT CGT CCG GAA AAA CGT GAA ATC GAC TTC AAA TAC ATC CCG,3.394184009972082
GAT GTT GAA CCG GGT AAA TTC TAC AAA GGC GTT GTT ACC TTC ATC GAA AAA TAC GGT GCG TCT ATC AAT CTG AAC GAA CAG GTT CGT GGT CTG CTG CGT CCG CGT GAC ATG ATC TCT CTC CGT CTG GAA AAC CTG AAT GTG GGT GAC GAA ATC ATC GTG CAG GCT ATC GAC GTT CGT CCG GAA AAA CGT GAA ATC GAC TTC AAA TAC ATC CCG,1.475684417407151
GAC GTT GAA CCG GGT AAA TTC TAC AAA GGT GTT GTT ACC CGT ATC GAA AAA TAC GGT GCG TTC ATC AAC CTC AAC GAA CAA GTT CGT GGT CTG CTG TTC CCG CGT GAC ATG ATC TCT CTG CGT CTG GAA AAC CTG AAT GTT GGC GAC GAA ATT ATC GTT CAG GCG ATC GAT GTT CGT CCG GAA AAA CGT GAA ATC ATG TTC AAG TAC ATC CCG,2.3975026151163736
GAC GTT GAA CCG GGC AAA TTC TAC AAA GGT GTT GTT ACC TAC ATC ATC AAA TAC GGC GCG TTC ATC AAC CTG AAC GAA CAG GTT CGT GGT CTG CTG CGT CCG CGT GAC ATG ATC TCT CTG CGT CTG GAA AAT CTG AAC GTT GGT GAC GAA ATC ATC GTT CAA GCG ATC GAC GTT CGT CCG GAA AAA CGT GAA ATC GAC TTC AAG TAC ATC CCG,3.308457293410533
GAC GTT GAA CCG GGC AAA TTC TAC AAA GGT GTT GTT ACC CGT ATC GAA AAA TAC GGT GCG TTC ATC AAC CTC AAC GAA CAG GTG CGT GGT CTG CTC CGT CCG CGT ATG ATG ATC TCT CTG CGT CTG GAA AAC CTG AAC GTT GGT GAT GAA ATC ATC GTG CAG GCG ATC GAC GTT CGT CCG GAA AAA CGT GAA ATC GAC TTC TCT TAC ATC CCG,2.5329533267505404
GAC GTT GAA CCG GGT AAA TTC TAC AAA GGT GTT GTT ACC CGT ATC GAA AAA TAC GGT GCG TTC ATC AAC CTG AAC GAA CAG GTT CGT GGT CTG CTG TCT CCG CGT GAT ATG ATC TCT CTG CGT CTG GAA AAT CTG AAT GTT GGT GAC GAA ATC ATC GTT CAA GCG ATC GAC GTT AAA CCG GAA AAA CGT GAA ATC GAC TTC AAA TAC ATC CCG,1.784831158927985
GAC GTT GAA CCG GGT AAG TTC TAC AAA GGT GTT GTT ACC CGT ATC GAA AAA TAC GGT GCG TTC ATC AAT CTG AAT GAA CAG GTT CGT GGT CTG CTG TTC CCG CGT GAT ATG ATC TCT CTG CGT CTG GAA AAC CTG AAT GTT GGT GAC GAA ATC ATC GTT CAG GCG ATC GAT GTT CGT CCG GAA AAA CGT GAA ATC CGT TTC AAA TAC ATC CCG,3.3054203909240454
GAC GTT GAA CCG GAC AAA TTC TAC AAA GGT GTT GTT ACC CGT ATC GAA AAA TAC GGT GCG TTC ATC AAT CTG AAC GAA CAG GTT CGT GGC CTG CTG CGT CCA CGT GAC ATG ATC TCT CTG CGT CTG GAG AAC CTG AAT GTT GGT GAC GAA ATC ATT GTT CAG GCG ATC GAC GTT CGT CCG GAA AAA CGT GAA ATC GAC TTC AAA TAC ATC CCG,3.3901350161366803
GAC GTT GAA CCG GGT AAA TTC TAC AAA GGT GTT GTT ACC CGT ATC GAA AAA TAC GGT GCG TTC ATC AAC CTG AAC GAA CAG GTT CGT GGT CTG CTG CGT CCG CGT AAA ATG ATC TCT CTG CGT CTG GAA AAC CTC AAT GTT GGT GAC GAA ATC ATC GTT CAA GCG ATC GAC GTT TGG CCG GAA AAA CGT GAA ATC GAC TTC AAA TAC ATC CCG,1.6822960803521183
GAC GTT GAA GCG GGT AAG TTC TAC AAA GGT GTT GTT ACC CGT ATC GAA AAA TAC GGT GCG TTC ATC AAT CTC AAC GAA CAG GTT CGT GGT CTG CTG CGT CCG CGT GAC ATG ATC TCT CTG CGT CTG GAA AAC CTG AAT GTT GGT GAC GAA ATC ATC GTT CAA GCG ATC GAC GTT CGT CCG GAA AAA CGT GAA ATC GAC TTC AAG TAC ATC CCG,5.586624495977761
GAC GTT GAA CCG GGT AAA TTC TAC AAA GGT GTG GTT ACC CGT ATC GAA AAA TAC GGT GCG TTC ATC AAC CTC AAC GAA GGT GTT CGT GGT CTG CTG CGT CCG CGT GAC ATG ATC TCT CTG CGT CTG GAA AAC CTG AAC GTT GGT GAC GAA ATC ATC GTT CAA GCG ATT GAC GTT CGT CCG GAA AAA CGT GAA ATC GAC TTC AAA TAC ATC CCG,4.997075576042905
GAT GTG GAA CCG GGT AAG TTC TAC AAA GGT GTT GTT ACC ACC ATC GAA AAA TAC GGT GCG CAT ATC AAT CTC AAC GAG CAA GTT CGT GGC CTG CTG CGT CCG CGC GAC ATG ATC TCT CTG CGC CTG GAG AAT CTG AAT GTT GGT GAT GAA ATC ATC GTT CAG GCG ATC GAT GTT CGT CCG GAA AAA CGT GAA ATC GAC TTC AAA TAC ATC CCG,1.7040630419252074
GAT GTT GAA CCG GGT AAA TTC TAC AAA GGT GTT GTT ACC CGT ATC GAA AAA TAC GGT GCG TTC ATC AAC CTC AAC GAA CAG GTT CGT GGC CTG CTG CGT CCG CGT AAC ATG ATC TCT CTC CGT CTG GAA AAC CTG AAT GTT GGT GAC GAA ATC ATC GTT CAG GCG ATC GAC GTT CGT CCG GAA AAA CGT GAA ATC GAC TTC CAG TAC ATC CCA,4.286520254308654
GAC GTT GAA CCG GGT AAA TTC TAC AAA GGT GTT GTT ACC CGT ATC GAA AAA TAC GGT GCG TTC ATC AAC CTG AAC GAA CAG GTT CGT GGT CTG CTG CGT CCG CGT GAC ATG ATC TCT CTG TCT CTG GAA AAC CTC AAT GTT GGC GAC GAA ATT ATC GTT CAA GCG ATC GAC GTT CGT CCG GAA AAA CGT GAA ATC GAC TTC AAA TAC ATC CCG,5.506628119484235
GAC GTT GAA CCG GGT AAA TTC TAC AAA GGT GTT GTT ACC CGT ATC GAA AAA TAC GGT GCG TTC ATC AAC CTG AAT GAA CAG GTT CGT GGT CTG CTG CTG CCG CGT ATG ATG ATC TCT CTG CGT CTG GAA AAC CTC AAT GTT GGT GAC GAA ATC ATC GTT CAA GCG ATC GAC GTT CGT CCG GAA AAA CGT GAA ATC GAC TTC AAA TAC ATC CCG,2.590363317496598
GAC GTT GAA CCG GGT AAG TTC TAC AAA GGT GTT GTT ACC CGT ATC GAA AAA TAC GGT GCG TTC ATC AAC CTG AAT GAA CAA GTT CGT GGT CTG CTG CGT CCG CGT GAC ATG ATC TCT CTG CGT CTG GAG GGT CTG AAC GTT GGT GAC GAA ATC ATC GTT CAG GCG ATC GAC GTT CGT CCG GAA AAA CGT GAA ATC GAC TTC AAA TAC ATC CCG,4.170398874979666
GAC GTT GAA CCG GGC AAA TTC TAC AAA GGT GTT GTT ACC ATC ATC GAA AAA TAC GGT GCG GTT ATC AAT CTG AAC GAG CAG GTT CGT GGC CTG CTG CGT CCG CGC GAC ATG ATC TCT CTG CGT CTG GAA AAC CTG AAT GTG GGT GAT GAA ATC ATC GTG CAG GCT ATC GAC GTG CGC CCA GAA AAA CGT GAA ATC GAC TTC AAA TAC ATC CCA,2.814300299981656
GAC GTT GAA CCG GGT AAA TTC TAC AAA GGT GTT GTT ACC CGT ATC GAA AAA TAC GGT GCG TTC ATC AAC CTG AAC GAA CAG GTT CGT GGT CTG CTG CGT CCG CGT GAC ATG ATC TCT CTG CGT CTG GAA AAC CTC AAT GTT GGT GAC GAA ATC ATC GTT CAA GCG ATC GAC GTT ATG CCG GAA AAA CGT GAA ATC CGT TTC AAA TAC ATC CCG,4.481126387345967
GAC GTT GAA CCG GGT AAA TTC TAC AAG GGC GTT GTT ACC TTC ATC TTC AAA TAC GGT GCG TTC ATC AAC CTC AAC GAA CAG GTT CGT GGT CTG CTG CGT CCG CGT GAC ATG ATC TCT CTG CGT CTG GAA AAC CTG AAC GTT GGT GAC GAA ATC ATC GTT CAA GCG ATC GAC GTT CGT CCA GAA AAA CGT GAA ATC GAC TTC AAG TAC ATC CCG,4.904268333560214
GAT GTT GAA CCG GGT AAA TTC TAC AAA GGT GTT GTT ACC CGT ATC GAA AAA TAC GGT GCG TTC ATC AAC CTG AAC GAA CAG GTT CGT GGT CTG CTG GCT CCG CGT GAC ATG ATC TCT CTG CGT CTG GAA AAC CTC AAT GTT GGT GAC GAA ATC ATC GTG CAA GCG ATT GAC GTT GAG CCG GAA AAA CGT GAA ATC GAC TTC AAA TAC ATC CCG,1.4914586103532472
GAT GTT GAA CCG GGT AAA TTC TAC AAA GGT GTT GTT ACC CGT ATC GAA AAA TAC GGT GCG TTC ATC AAC CTG AAT GAG CAG GTT CGT GGT CTG CTG CGT CCG CGT GAC ATG ATC TCT CTG CGT CTG GAA AAT CTG AAC GTT GGT GAC GAA ATC ATC GTG CAG GCG ATC GAC GTT ATC CCG GAA AAA CGT GAA ATC CAG TTC AAA TAC ATC CCG,3.3920320296147155
GAC GTT GAA CCG GGT AAA TTC TAC AAA GGT GTT GTT ACC CGT ATC GAA AAA TAC GGT GCG TTC ATC AAC CTC AAC GAA CAG GTT CGT GGT CTG CTG AAA CCG CGT GAC ATG ATC TCT CTG CGT CTG GAA AAT CTC AAC GTG GGT GAC GAA ATC ATC GTT CAG GCG ATC GAC GTT CGT CCG GAA AAA CGT GAA ATC CCG TTC AAA TAC ATC CCG,1.6059383621656496
GAC GTT GAA CCG GGT AAA TTC TAC AAA GGT GTT GTT ACC CGT ATC GAA AAA TAC GGT GCG TTC ATC AAC CTC AAC GAA CAG GTT CGT GGT CTG CTG TCT CCG CGC GAC ATG ATC TCT CTG CGC CTG GAA AAC CTG AAT GTT GGT GAC GAA ATC ATC GTT CAG GCG ATC GAC GTT CGT CCG GAA AAA CGT GAA ATC GGT TTC AAA TAC ATC CCG,2.0444562521811385
GAC GTT GAA CCG GGT AAA TTC TAC AAA GGT GTT GTT ACC CGT ATC GAA AAG TAC GGT GCG TTT ATC AAC CTG AAC GAG CAG GTT CGT GGT CTG CTG CGT CCG CGT AAA ATG ATC TCT CTG CGT CTG GAA AAC CTC AAT GTT GGT GAC GAG ATT ATC GTG CAG GCG ATT GAC GTT CGT CCG GAA AAG CGT GAA ATC ATG TTC AAA TAC ATC CCG,2.0862566334225106
GAT GTT GAA CCG GGC AAA TTC TAC AAA GGT GTT GTT ACC CGT ATC GAA AAA TAC GGT GCG TTC ATC AAT CTG AAC GAA CAG GTG CGC GGT CTG CTC CGT CCA CGT ACT ATG ATT TCT CTG CGT CTG GAA AAC CTG AAC GTG GGT GAC GAG ATC ATC GTT CAA GCG ATT GAC GTT CGT CCG GAA AAA CGT GAA ATC GAC TTC ACC TAC ATC CCG,1.7281230828657028
GAC GTT GAA CCG GGT AAG TTC TAC AAA GGT GTT GTT ACC CGT ATC GAA AAA TAC GGT GCG TTC ATC AAC CTC AAC GAA CAG GTG CGT GGT CTG CTG CGT CCG CGT GGT ATG ATC TCT CTG CGT CTG GAA AAT CTG AAC GTT GGT GAC GAA ATC ATC GTT CAG GCG ATC GAC GTT TGG CCG GAA AAA CGT GAA ATC GAC TTC AAA TAC ATC CCG,1.8312650259310512
GAC GTT GAA CCG GGT AAA TTC TAC AAA GGT GTT GTT ACC CGT ATC GAA AAA TAC GGC GCG TTC ATC AAC CTC AAC GAA CAG GTT CGT GGT CTG CTG AAA CCG CGT GAC ATG ATC TCT CTG CGT CTG GAA AAC CTG AAT GTT GGT GAC GAA ATC ATC GTT CAG GCT ATC GAC GTT CGT CCG GAA AAA CGT GAA ATC GAC TTC AAA TAC ATC CCG,3.961211524187848
GAC GTT GAA CCG GGT AAA TTC TAC AAA GGT GTT GTT ACC CGT ATC GAA AAA TAC GGT GCG TTC ATC AAC CTG AAC GAA CAG GTT CGT GGT CTG CTG CGT CCG CGT GAC ATG ATC TCT CTG CGT CTG GAA AAC CTC AAC GTG GGT GAT GAA ATC ATC GTG CAG GCG ATC GAC GTT CGT CCG GAA CAG CGT GAA ATC GAC TTC AAA TAC ATC CCG,4.897946289650157
GAC GTT GAA CCG GGT AAA TTC TAC AAA GGT GTT GTT ACC CGT ATC GAA AAA TAC GGT GCG TTC ATC AAC CTC AAC GAA CAG GTT CGT GGT CTG CTC CGT CCG CGT TTC ATG ATC TCT CTG CGT CTG GAA AAC CTG AAT GTT GGT GAC GAA ATC ATC GTT CAG GCG ATC GAC GTT CGT CCG GAA AAA CGT GAA ATC ACC TTC AAA TAC ATC CCG,3.396688653663904
GAC GTT GAA CCG GGT AAA TTC TAC AAA GGT GTT GTT ACC CGT ATC GAA AAA TAC GGT GCG TTC ATC AAT CTG AAT GAA CAG GTT CGT GGT CTG CTG TCT CCG CGC GAC ATG ATC TCT CTG CGT CTG GAA AAC CTG AAT GTT GGT GAC GAA ATC ATC GTT CAG GCG ATT GAC GTT ACT CCG GAA AAA CGT GAA ATC GAC TTC AAA TAC ATC CCG,1.508932938022189
GAT GTT GAA CCG GGT AAA TTC TAC AAA GGT GTT GTT ACC CGT ATC GAA AAA TAC GGT GCG TTC ATC AAT CTC AAC GAG CAG GTT CGT GGT CTG CTC CGT CCA CGC GAA ATG ATC TCT CTG CGT CTG GAA AAC CTG AAC GTT GGT GAC GAA ATC ATC GTG CAG GCG ATC GAC GTT CGT CCG GAA AAA CGT GAA ATC GAC TTC GGT TAC ATC CCA,2.553876496488618
GAT GTT GAA CCG GGT AAA TTC TAC AAA GGT GTT GTT ACC CGT ATC CGT AAA TAC GGC GCG TTC ATC AAC CTG AAC GAA CAG GTT CGC GGT CTG CTG CGT CCG CGT GAC ATG ATC TCT CTG CGC CTC GAA AAT CTC AAT GTT GGT GAT GAA ATC ATC GTT CAA GCG ATC GAT GTT CGT CCG GAA AAA CGC GAA ATC GAC TTC AAA TAC ATC CCA,4.346240424558969
GAC GTT GAA CCG GGT AAA TTC TAC AAA GGT GTT GTT ACC CGT ATC GAA AAA TAC GGT GCG TTC ATC AAC CTC AAC GAA CAG GTT CGT GGT CTG CTG GAA CCG CGT GAC ATG ATC TCT CTG CGT CTG GAA AAC CTG AAC GTT GGT GAC GAA ATC ATC GTT CAA GCG ATC GAC GTT CGT CCG GAA AAA CGT GAA ATC CGT TTC AAA TAC ATC CCG,4.24964021493998
GAC GTT GAA CCG GGT AAA TTC TAC AAA GGT GTT GTT ACC CGT ATC GAA AAA TAC GGT GCG TTC ATC AAC CTC AAC GAA CAG GTT CGT GGT CTG CTG GAG CCG CGT GAC ATG ATC TCT CTG CGT CTG GAA AAC CTG AAC GTT GGT GAC GAA ATC ATC GTT CAA GCG ATC GAC GTT ACT CCG GAA AAA CGT GAA ATC GAC TTC AAA TAC ATC CCG,1.1254423309461106
GAT GTT GAA CCG GGC AAA TTC TAC AAA GGT GTT GTT ACC ACC ATC GAA AAA TAC GGT GCG GAA ATC AAC CTC AAC GAA CAG GTT CGT GGC CTC CTG CGT CCG CGT GAC ATG ATC TCT CTG CGC CTG GAA AAC CTG AAC GTT GGT GAC GAA ATC ATT GTT CAA GCG ATC GAT GTT CGT CCG GAA AAA CGT GAA ATC GAC TTC AAA TAC ATC CCG,1.137018915963973
GAC GTT GAA CCG GGT AAA TTC TAC AAA GGT GTT GTT ACC CGT ATC GAA AAA TAC GGT GCG TTC ATC AAT CTG AAC GAA CAG GTT CGT GGT CTG CTG CGT CCG CGT GCG ATG ATC TCT CTG CGT CTG GAA AAC CTG AAT GTT GGT GAC GAA ATC ATT GTT CAG GCG ATT GAC GTT CGT CCG GAA AAA CGT GAA ATC CAG TTC AAA TAC ATC CCG,2.5157076533265563
GAC GTT GAA CCG GGT AAA TTC TAC AAA GGT GTT GTT ACC CGT ATC GAA AAA TAC GGT GCG TTC ATC AAC CTG AAC GAA CAG GTT CGT GGT CTG CTG CGT ACC CGT GAC ATG ATC TCT CTG CGT CTG GAA AAT CTG AAC GTT GGT GAC GAA ATC ATC GTT CAA GCG ATC GAC GTT CGT CCG GAA AAA CGT GAA ATC GAC TTC AAA TAC ATC CCG,4.504835819997044
GAC GTT GAA CCG GGC GTT TTC TAC AAA GGT GTT GTT ACC CGT ATC GAA AAA TAC GGT GCG TTC ATC AAC CTC AAC GAA CAG GTT CGC GGT CTG CTG CGT CCA CGT GAC ATG ATC TCT CTG CGT CTG GAA AAC CTG AAC GTT GGT GAC GAA ATC ATC GTT CAA GCG ATC GAT GTT CGT CCG GAA AAA CGT GAA ATC GAC TTC AAA TAC ATC CCG,4.1838569560449645
GAC GTT GAA CCG GGT AAA TTC TAC AAA GGT GTT GTT ACC CGT ATC GAA AAA TAC GGT GCG TTC ATC AAC CTC AAC GAA CAG GTT CGT GGT CTG CTG CGT CCG CGT GAC ATG ATC TCT CTG CGT CTG GAA AAC CTG AAT GTT GGT GAC GAA ATC ATC GTT CAG GCT ATC GAC GTT CTG CCG GAA AAA CGT GAA ATC CAC TTC AAA TAC ATC CCG,3.659155742516593
GAC GTT GAA CCG GGT AAA TTC TAC AAA GGT GTT GTT ACC CGT ATC GAA AAA TAC GGT GCG TTC ATC AAC CTG AAT CTG CAG GTT CGT GGT CTG CTG CGT CCG CGT GAC ATG ATC TCT CTG CGT CTG GAA AAC CTC AAT GTT GGT GAC GAA ATC ATC GTT CAG GCG ATC GAT GTT CGT CCG GAA AAA CGT GAA ATC GAC TTC AAA TAC ATC CCG,4.987311204397024
GAC GTT GAA CCG GGT AAA TTC TAC AAA GGT GTT GTT ACC CGT ATC GAA AAA TAC GGT GCG TTC ATC AAC CTC AAT GAA CAG GTT CGT GGT CTG CTG CAA CCA CGT ATG ATG ATC TCT CTG CGT CTG GAA AAC CTG AAT GTT GGT GAC GAA ATC ATC GTG CAG GCG ATC GAC GTT CGT CCG GAA AAA CGT GAA ATC GAC TTC AAA TAC ATC CCG,2.3794913703036205
GAC GTT GAA CCG GGT AAA TTC TAC AAA GGT GTT GTT ACC CGT ATC GAA AAA TAC GGT GCG TTC ATC AAC CTC AAC GAA CAG GTT CGT GGT CTG CTG TCT CCA CGT AAA ATG ATC TCT CTG CGT CTG GAA AAC CTG AAT GTT GGC GAC GAA ATC ATC GTT CAG GCG ATT GAC GTT CGT CCG GAA AAA CGT GAA ATC GAC TTC AAA TAC ATC CCG,1.8617626113607213
GAC GTT GAA CCG GGT AAG TTC TAC AAA GGT GTT GTT ACC ATG ATC CGT AAA TAC GGT GCG TTC ATC AAC CTC AAC GAA CAG GTT CGT GGT CTG CTG CGT CCG CGT GAC ATG ATC TCT CTG CGT CTG GAA AAC CTG AAC GTT GGT GAC GAA ATC ATC GTG CAG GCG ATC GAC GTT CGC CCG GAA AAA CGT GAA ATC GAC TTC AAA TAC ATC CCG,4.840360424844553
GAC GTG GAA CCG GGC AAA TTC TAC AAA GGT GTT GTT ACC CGT ATC GAA AAA TAC GGT GCG TTC ATC AAC CTG AAC GAA CAG GTT CGT GGC CTC CTG CGT CCG CGT AAG ATG ATC TCT CTC CGT CTG GAA AAT CTG AAT GTT GGT GAC GAA ATC ATC GTG CAG GCG ATC GAC GTT CGT CCG GAA AAA CGT GAA ATC GAC TTC CAG TAC ATC CCG,2.3843861622640787
GAT GTT GAA CCG GGT AAA TTC TAC AAA GGT GTT GTT ACC CGT ATC GAA AAA TAC GGT GCG TTC ATC AAT CTG AAT GAA CAG GTT CGT GGT CTG CTG CGT CCG CGT GAT ATG ATC TCT CTG CGT CTG ACC AAC CTG AAT GTT GGT GAC GAA ATC ATC GTT CAG GCG ATC GAT GTT CGT CCG GAA AAA CGT GAA ATC GAC TTC AAA TAC ATC CCG,4.521369833422465
GAC GTT GAA CCG GGT AAA TTC TAC AAA GGT GTT GTT ACC CGT ATC GAA AAA TAC GGT GCG TTC ATC AAC CTC AAC GAA CAG GTT CGT GGT CTG CTG CGT CCG CGT GAC ATG ATC TCT CTG CGT CTG GAA AAC CTG AAT GTT CCG GAT GAA ATC ATC GTT CAG GCT ATC GAC GTT CGT CCG GAA AAA CGT GAA ATC GAC TTC AAA TAC ATC CCG,0.9724586363566744
GAC GTT GAA CCG GGT AAA TTC TAC AAA GGT GTT GTT ACC CGT ATC GAA AAA TAC GGT GCG TTC ATC AAC CTC AAC GAA CAG GTT CGT GGT CTG CTG ATC CCG CGT GAT ATG ATC TCT CTG CGT CTG GAA AAT CTC AAT GTT GGT GAC GAA ATC ATC GTT CAA GCG ATC GAC GTT CAC CCG GAA AAA CGT GAA ATC GAC TTC AAA TAC ATC CCG,2.555803311639566
GAT GTT GAA CCG GGT AAA TTC TAC AAA GGT GTT GTT ACT CCG ATC TAC AAG TAT GGT GCT TTC ATC AAC CTC AAC GAA CAG GTT CGT GGT CTG CTG CGT CCG CGT GAC ATG ATC TCT CTG CGT CTC GAA AAC CTG AAC GTT GGT GAC GAA ATC ATC GTG CAG GCG ATC GAC GTT CGT CCG GAA AAA CGT GAA ATC GAC TTC AAA TAC ATC CCG,0.3404775826417103
GAC GTT GAA CCG GGT AAA TTC TAC AAA GGT GTT GTT ACC CGT ATC GAA AAA TAC GGT GCG TTC ATC AAT CTG AAT GAA CAG GTT CGT GGT CTG CTG CAC CCG CGT GAC ATG ATC TCT CTG CGT CTG GAA AAC CTG AAC GTT GGT GAC GAA ATC ATC GTT CAA GCG ATC GAC GTT CGT CCG GAA AAG CGT GAA ATC TCT TTC AAA TAC ATC CCG,2.845998190457602
GAC GTT GAA CCG GGT AAA TTC TAC AAA GGT GTT GTT ACC CGT ATC GAA AAA TAC GGT GCG TTC ATC AAC CTG AAC GAA CAG GTT CGT GGT CTG CTG CGT CCG CGT GAC ATG ATC TCT CTG CGT CTG GAA AAT CTG AAC GTT GGT GAC GAA ATC ATC GTG CAG GCG ATT GAC GTT ATC CCG GAA AAA CGT GAA ATC GTT TTC AAA TAC ATC CCG,3.923554937231137
GAC GTT GAA CCG GGT AAA TTC TAC AAA GGT GTT GTT ACC CGT ATC GAA AAA TAC GGT GCG TTC ATC AAC CTC AAC GAA CAG GTT CGT GGT CTG CTG CGT CCG CGT GAC ATG ATC TCT CTG CGT CTG GAA AAT CTG AAC GTT GGT GAC GAA ATT ATC GTT CAG GCG ATC ATG GTT CGT CCG GAA AAA CGT GAA ATC GAC TTC AAA TAC ATC CCG,5.157635961993995
GAC GTT GAA CCG GGT AAA TTC TAC AAA GGT GTT GTT ACC CGT ATC GAA AAA TAC GGT GCG TTC ATC AAC CTG AAC GAA CAG GTT CGT GGT CTG CTG CCG CCA CGT GAC ATG ATC TCT CTG CGT CTG GAA AAT CTG AAC GTT GGT GAC GAA ATC ATC GTT CAA GCG ATC GAC GTT TTC CCG GAA AAA CGT GAA ATC GAC TTC AAA TAC ATC CCG,1.154803217488635
GAT GTT GAA CCG GGT AAA TTC TAC AAA GGT GTT GTT ACC GGC ATC GAA AAA TAC GGT GCG ATC ATC AAC CTG AAT GAA CAG GTT CGT GGT CTG CTG CGC CCA CGT GAC ATG ATC TCT CTG CGT CTG GAA AAT CTG AAC GTT GGC GAC GAA ATC ATC GTT CAG GCG ATC GAC GTT CGT CCG GAA AAA CGT GAA ATC GAC TTC AAA TAC ATC CCG,3.284284638200285
GAT GTT GAA CCG GGT AAA TTC TAC AAA GGT GTT GTT ACC CGT ATC GAA AAA TAC GGT GCG TTC ATC AAC CTC AAC GAA CAA GTT GAA GGT CTG CTG CGT CCG CGT GAC ATG ATC TCT CTG CGT CTG GAA AAC CTG AAT GTT GGT GAC GAA ATC ATC GTT CAG GCT ATC GAC GTT CGT CCG GAA AAA CGT GAA ATC GAC TTC AAA TAC ATC CCG,4.164624831103242
GAT GTG GAA CCG GGT AAG TTC TAC AAA GGC GTG GTT ACT CGT ATC GAA AAA TAC GGT GCG TTC ATC AAC CTC AAT GAA CAG GTT CGT GGT CTG CTC CGT CCG CGC TTC ATG ATC TCT CTG CGT CTG GAA AAC CTG AAC GTT GGT GAC GAA ATC ATC GTG CAG GCG ATT GAC GTT CGC CCG GAA AAA CGT GAA ATC GAC TTT GCG TAC ATT CCA,4.111948623273923
GAC GTT GAA CCG GGT AAA TTC TAC AAA GGT GTT GTT ACC CGT ATC GAA AAA TAC GGT GCG TTC ATC AAC CTG AAC GAA CAA GTG CGC GGT CTG CTG CAC CCG CGT GAG ATG ATC TCT CTG CGT CTG GAA AAT CTG AAC GTT GGT GAC GAA ATC ATT GTT CAG GCG ATC GAC GTT CGT CCG GAA AAA CGT GAA ATC GAC TTC AAA TAC ATC CCG,1.834970278981628
GAC GTT GAA CCG GGT AAA TTC TAC AAA GGT GTT GTT ACC CGT ATC GAA AAA TAC GGT GCG TTC ATC AAC CTG AAT GAA CAG GTT CGT GGT CTG CTG CGT CCG CGT GAC ATG ATC TCT CTG CGT CTG GAA AAT CTG AAC GTT GGT GAC GAA ATC ATC GTG CAG GCG ATC GAT GTT CGT CCG GAA AAA CGT GAA ATC GAC TTC ATG TAT ATC CCG,5.124966398291431
GAC GTT GAA CCG GGT AAG TTC TAC AAA GGT GTT GTT ACC CGT ATC GAA AAA TAC GGT GCG TTC ATC AAC CTG AAC GAG CAG GTT CGT GGT CTG CTG CGT CCG CGT TAC ATG ATC TCT CTG CGC CTG GAA AAT CTG AAC GTG GGT GAC GAA ATC ATC GTT CAA GCG ATC GAC GTT GGC CCG GAA AAA CGT GAA ATC GAC TTC AAA TAC ATC CCA,2.6013381105226507
GAC GTT GAA CCG GGT AAA TTC TAC AAA GGT GTT GTT ACC CGT ATC GAA AAA TAC GGT GCG TTC ATC AAC CTC AAC GAA CAG GTT CGT GGT CTG CTG CTG CCG CGT GAC ATG ATC TCT CTG CGT CTG GAA AAC CTG AAC GTG GGT GAC GAA ATC ATT GTG CAG GCG ATC GAT GTT GAG CCG GAA AAA CGT GAA ATC GAC TTC AAA TAC ATC CCG,2.2833098103226463
GAC GTT GAA CCG GGT AAA TTC TAC AAA GGT GTT GTT ACC CGT ATC GAA AAA TAC GGT GCG TTC ATC AAC CTC AAC GAA CAG GTT CGT GGT CTG CTC CGT CCG CGT ATT ATG ATC TCT CTG CGT CTG GAA AAC CTG AAC GTT GGT GAC GAA ATC ATC GTT CAA GCG ATC GAC GTT CAC CCG GAA AAA CGT GAA ATC GAC TTC AAA TAC ATC CCG,1.776065737448392
GAC GTG GAA CCG GGC AAA TTC TAC AAA GGT GTT GTT ACC TTC ATC CGT AAA TAC GGT GCG TTC ATC AAT CTC AAC GAA CAG GTT CGT GGT CTG CTG CGT CCG CGT GAC ATG ATC TCT CTG CGT CTG GAA AAC CTC AAC GTG GGC GAC GAA ATC ATC GTT CAG GCG ATC GAC GTT CGT CCG GAA AAA CGT GAA ATC GAC TTC AAA TAC ATC CCG,3.9304846729228
GAC GTT GAA CCG GGC AAA TTC TAT AAA GGC GTT GTT ACT TGC ATT GAA AAA TAC GGT GCG CTG ATC AAC CTG AAC GAA CAG GTT CGT GGT CTG CTC CGT CCG CGT GAT ATG ATC TCC CTG CGT CTG GAG AAC CTC AAC GTG GGT GAC GAA ATC ATT GTG CAG GCG ATC GAT GTT CGT CCG GAA AAA CGT GAA ATC GAC TTC AAA TAC ATC CCG,2.662103898251228
GAC GTT GAA CCG GGT AAG TTC TAC AAA GGT AAA GTT ACC CGT ATC GAA AAA TAC GGT GCG TTC ATC AAC CTC AAC GAA CAG GTT CGT GGT CTG CTG CGT CCG CGT GAC ATG ATC TCT CTG CGT CTG GAA AAC CTG AAC GTT GGT GAC GAA ATC ATC GTG CAG GCG ATC GAC GTT CGT CCG GAA AAA CGT GAA ATC GAC TTC AAG TAC ATC CCG,4.792122095472351
GAC GTT GAA CCG GGT AAA TTC TAC AAA GGC GTT GTT ACC CGT ATC GAA AAA TAC GGT GCG TTC ATC AAC CTC AAC GAA CAA GTT CGT GGT CTG CTG CGT CCG CGT GAC ATG ATC TCT CTG CGT CTG GAA AAC CTG AAC GTT GGT GAC GAA ATC ATC GTG CAG GCG ATC GAC GTT CGT CCG GAA AAA CGT GAA ATC GAC TTC AAA TAC ATC GAA,3.9559186518246463
GAC GTT GAA CCG GGT AAA TTC TAC AAA GGT GTT GTT ACC CGT ATC GAA AAA TAC GGT GCG TTC ATC AAC CTC AAC GAA CAG GTT CGT GGT CTG CTG CGT CCG CGT GAC ATG ATC TCT CTG CGT CTG GAA AAC CTG AAT GTT GGT GAC GAA ATC ATC GTT CAA GCG ATC GAC GTT CGT CCG CTG AAA CGT GAA ATT GAC TTC AAA TAC ATC CCG,4.413277939591371
GAT GTT GAA CCG GGT AAA TTC TAC AAA GGT GTT GTT ACC CGT ATC GAA AAA TAC GGT GCG TTC ATC AAC CTC AAT GAA CAG GTT CGT GGT CTG CTG CGT CCG CGT GAC ATG ATC TCT CTG CGT CTG GAA AAT CTG AAC GTG GGT GAC GAA ATT ATC GTT CAA GCG ATC GAC GTT CGT CCG GAA AAA CGT GAA ATC GGT TTC AAA TAC ATC CCG,3.615631734876789
GAC GTT GAA CCG GGT AAA TTC TAC AAA GGT GTT GTT ACC CGT ATC GAA AAA TAC GGT GCG TTC ATC AAT CTG AAT GAA CAG GTT CGT GGT CTG CTG CGC CCA CGT GAC ATG ATC TCT CTG CGT CTG GAA AAC CTG AAC GTG GGT GAC GAA ATC ATC GTT CAA GCG ATT GAC GTT CGC CCA GAA AAA CGC GAA ATC GAC TTC AAA TAC ATC AAC,3.904122252805041
GAC GTT GAA CCG GGT AAA TTC TAC AAA GGT GTT GTT ACC CGT ATC GAA AAA TAC GGT GCG TTC ATC AAC CTC AAC GAA CAG GTT CGT GGT CTG CTC CGT CCG CGT GTT ATG ATC TCT CTG CGT CTG GAA AAC CTG AAC GTT GGT GAC GAA ATC ATC GTG CAG GCG ATC GAC GTT TTC CCG GAA AAA CGT GAA ATC GAC TTC AAA TAC ATC CCG,1.6936515702094166
GAC GTT GAA CCG GGT AAA TTC TAC AAA GGT GTT GTT ACC CGT ATC GAA AAA TAC GGT GCG TTC ATC AAC CTC AAT GAA CAG GTT CGT GGT CTG CTG TGG CCG CGT GAC ATG ATC TCT CTG CGT CTG GAA AAC CTG AAC GTT GGT GAC GAA ATC ATC GTT CAA GCG ATC GAC GTT CTG CCG GAA AAA CGT GAA ATC GAC TTC AAA TAC ATC CCG,1.494259181583017
GAC GTT GAA CCG GGT AAA TTC TAC AAA GGT GTT GTT ACC CGT ATC GAA AAA TAC GGT GCG TTC ATC AAC CTG AAC GAG CAG GTT CGC GGT CTG CTC CGT CCG CGT GAT ATG ATC TCC CTG CGT CTG GAA AAT CTC AAT GTT GGT GAC GAA ATC ATC GTT CAA GCG ATC AAA GTT CGT CCG GAA AAA CGT GAA ATC GAC TTC AAG TAC ATC CCG,5.667767835219311
GAC GTT GAA CCG GGT AAA TTC TAC AAA GGT GTT GTT ACC CGT ATC GAA AAA TAC GGT GCG TTC ATC AAC CTG AAT ACC CAG GTT CGT GGT CTG CTG CGT CCG CGT GAC ATG ATC TCT CTG CGT CTG GAA AAC CTC AAT GTT GGT GAC GAA ATC ATC GTT CAG GCG ATC GAT GTT CGT CCG GAA AAA CGT GAA ATC GAC TTC AAA TAC ATC CCG,5.808224555993624
GAC GTT GAA CCG GGT AAA TTC TAC AAA GGT GTT GTT ACC CGT ATC GAA AAA TAC GGT GCG TTC ATC AAT CTG AAC GAA CAG GTT CGT GGT CTG CTG CGT CCG CGT GAC ATG ATC TCT CTG CGT CTG GAA AAC CTG AAC GTT GGT GAC GAA ATC ATC GTT CAA GCG ATC GAC GTT TGG CCG GAA AAA CGT GAA ATC GGT TTC AAA TAC ATC CCG,2.9662230448440874
GAT GTT GAA CCG GGT AAA TTC TAC AAA GGT GTT GTT ACC CGT ATC GAA AAA TAC GGT GCG TTC ATC AAT CTG AAT GAA CAG GTT CGT GGT CTG CTG GAC CCG CGT GCG ATG ATC TCT CTG CGT CTG GAA AAC CTG AAC GTT GGT GAC GAA ATC ATC GTT CAA GCG ATC GAC GTT CGT CCG GAA AAA CGT GAA ATC GAC TTC AAA TAC ATC CCG,1.6765967374194988
GAC GTT GAA CCG GGT AAA TTC TAC AAA GGC GTT GTT ACC CGT ATC GAA AAA TAC GGT GCG TTC ATC AAC CTG AAT GAA CAA GTT CGT GGT CTG CTG CGT CCA CGT GAC ATG ATC TCT CTG CGT CTG GAA CGT CTG AAC GTT GGT GAC GAA ATC ATC GTT CAG GCG ATT GAC GTT CGT CCG GAA AAA CGT GAA ATC GAC TTC AAA TAC ATC CCG,3.943440866712339
GAC GTT GAA CCG GGT AAA TTC TAC AAA GGT GTT GTT ACC CGT ATC GAA AAA TAC GGT GCG TTC ATC AAC CTC AAT GAA CAG GTT CGT GGT CTG CTC CGT CCA CGT CCG ATG ATC TCT CTG CGT CTC GAA AAC CTG AAC GTT GGT GAC GAA ATC ATC GTT CAA GCG ATC GAC GTT TTC CCG GAA AAA CGT GAA ATC GAC TTC AAA TAC ATC CCG,1.0242592728915183
GAT GTT GAA CCG GGT AAA TTC TAC AAA GGT GTT GTT ACC CGT ATC GAA AAA TAC GGT GCG TTC ATC AAC CTG AAC GAA CAG GTT CGT GGT CTG CTG ATC CCA CGT GTT ATG ATC TCT CTG CGT CTG GAA AAC CTC AAC GTG GGT GAC GAA ATC ATC GTG CAG GCG ATC GAT GTT CGT CCG GAA AAA CGT GAA ATC GAC TTC AAA TAC ATC CCG,2.4884577951076827
GAT GTT GAA CCG GGT AAA TTC TAC AAA GGT GTT GTT ACC CGT ATC GAA AAA TGC GGT GCG TTC ATC AAC CTC AAT GAG CAG GTT CGT GGT CTG CTG CGT CCG CGT GAC ATG ATC TCT CTG CGT CTG GAA AAT CTG AAC GTT GGT GAC GAA ATC ATC GTT CAG GCG ATC GAT GTT CGT CCG GAA AAA CGT GAA ATC GAC TTC AAA TAC ATT CCA,3.0320247576456856
GAC GTG GAA CCG GGT AAA TTC TAC AAA GGT GTT GTT ACC CGT ATC GAA AAA TAC GGT GCG TTC ATC AAC CTC AAC GAA CAG GTG CGT GGT CTG CTG CCG CCA CGC GAC ATG ATC TCT CTG CGT CTG GAG AAC CTG AAC GTT GGT GAC GAA ATC ATT GTT CAG GCG ATC GAC GTT CGT CCG GAA AAA CGT GAA ATC CAG TTC AAA TAC ATC CCG,1.5424622343710412
GAC GTT GAA CCG GGC AAA TTC TAC AAA GGT GTT GTT ACC CGT ATC GAA AAA TAC GGT GCG TTC ATC AAC CTG AAT GAA CAG GTT CGT GGT CTG CTG CGT CCG CGT GAC ATG ATC TCT CTG CGT CTG GAA AAC CTC AAT GTT GGC GAC GAA ATT ATC GTG CAG GCG ATC GAC GTT TGG CCG GAA AAA CGT GAA ATC GAC TTC AAA TAC ATC CCG,3.4151959929757947
GAT GTT GAA CCG GGT AAA TTC TAC AAA GGT GTT GTT ACC CGT ATC GAA AAA TAC GGT GCG TTC ATC AAC CTG AAC GAA CAG GTT CGT GGT CTG CTG CGT CCA CGT GTT ATG ATC TCT CTG CGC CTG GAG AAT CTG AAC GTT GGT GAC GAA ATC ATC GTT CAA GCG ATC GAC GTT CGT CCG GAA AAA CGT GAA ATC GAC TTC TTC TAC ATC CCG,2.124276610427949
GAT GTT GAA CCG GGT AAA TTC TAC AAG GGT GTT GTT ACC CGT ATC GAA AAA TAC GGT GCG TTC ATC AAC CTG AAC GAA CAG GTG CGT GGT CTG CTC CGT CCG CGT ACC ATG ATC TCT CTG CGT CTG GAA AAC CTC AAT GTT GGT GAC GAA ATC ATC GTT CAA GCG ATC GAT GTT CGT CCG GAA AAA CGT GAA ATC GAC TTC CCG TAC ATC CCG,1.3098973062345007
GAC GTT GAA CCG GGT AAA TTC TAC AAA GGC GTG GTT ACC CAG ATC GAA AAA TAC GGT GCG AAA ATC AAC CTC AAC GAA CAG GTT CGT GGT CTG CTC CGT CCA CGC GAC ATG ATC TCT CTG CGT CTG GAA AAT CTG AAC GTG GGT GAC GAA ATC ATC GTT CAG GCT ATT GAC GTT CGT CCG GAA AAA CGT GAA ATC GAC TTC AAA TAC ATC CCG,1.5167600579427851
GAC GTT GAA CCG GGT AAG TTC TAC AAG GGT GTT GTT ACC ATG ATC TGG AAG TAC GGT GCG TTC ATC AAC CTC AAT GAA CAG GTT CGT GGT CTG CTG CGC CCA CGT GAC ATG ATT TCT CTG CGT CTG GAA AAC CTG AAT GTG GGT GAC GAG ATC ATC GTT CAG GCG ATC GAC GTT CGT CCA GAA AAA CGT GAA ATC GAC TTC AAA TAC ATC CCG,4.137763290703999
GAC GTT GAA CCG GGT AAA TTC TAC AAA GGT GTT GTT ACC CGT ATC GAA AAA TAC GGT GCG TTC ATC AAT CTC AAC GAA CAG GTT CGT GGT CTG CTG CGT CCG CGT GAC ATG ATC TCT CTG CGT CTG GAA AAC CTG AAT GTT GGT GAC GAA ATC ATC GTT CAG GGT ATC GAT GTT CGT CCG GAA AAA CGT GAA ATC GAC TTC AAG TAC ATC CCG,1.9779209306835672
GAC GTG GAA CCG TCT AAA TTC TAC AAA GGT GTT GTT ACC CGT ATC GAA AAA TAC GGT GCG TTC ATC AAC CTC AAT GAA CAG GTT CGT GGT CTG CTG CGT CCG CGT GAC ATG ATC TCT CTG CGT CTG GAA AAT CTG AAC GTT GGT GAC GAA ATC ATC GTT CAG GCG ATC GAC GTT CGT CCG GAA AAA CGT GAA ATC GAC TTC AAA TAC ATC CCG,3.390987366500166
GAC GTT GAA CCG GGC AAA TTC TAC AAA GGT GTT GTT ACC AAC ATC CAG AAA TAC GGT GCG TTC ATC AAC CTC AAT GAA CAG GTT CGT GGT CTG CTG CGT CCG CGT GAC ATG ATC TCT CTG CGT CTG GAA AAC CTG AAC GTT GGT GAC GAA ATC ATC GTG CAG GCG ATC GAC GTT CGC CCG GAA AAA CGT GAA ATC GAC TTC AAA TAC ATC CCG,3.844790628321811
GAC GTT GAA CCG GGC AAA TTC TAC AAA GGT GTT GTT ACC TCT ATC GAA AAA TAC GGT GCG TGG ATC AAC CTG AAT GAG CAG GTT CGT GGC CTG CTG CGC CCA CGT GAC ATG ATC TCT CTG CGC CTG GAA AAT CTG AAC GTT GGT GAC GAA ATC ATC GTT CAG GCT ATC GAC GTG CGT CCG GAA AAA CGT GAA ATC GAC TTC AAA TAC ATC CCA,4.7427746406753455
GAC GTT GAA CCG GGC AAA TTC TAC AAA GGC GTT GTT ACC CGT ATC GAA AAA TAC GGT GCG TTC ATC AAT CTG AAC GAA CAA CTG CGC GGT CTG CTG CGT CCG CGT GAC ATG ATC TCT CTG CGT CTG GAA AAC CTG AAC GTT GGT GAC GAA ATC ATC GTT CAA GCG ATC GAC GTT CGT CCA GAA AAA CGT GAA ATC GAC TTC AAA TAC ATC CCG,5.447220556936756
GAC GTT GAA CCG GGT AAG TTC TAC AAA GGC GTT GTT ACC CGT CCA GAA AAA TAC GGT GCG TTC ATC AAC CTC AAC GAA CAA GTT CGT GGT CTG CTG CGT CCG CGT GAC ATG ATC TCT CTG CGT CTC GAA AAC CTG AAC GTT GGT GAC GAA ATC ATC GTT CAA GCG ATT GAC GTT CGT CCG GAA AAG CGT GAA ATC GAC TTC AAA TAC ATC CCA,-0.4734879344352485
GAC GTT GAA CCG GGT AAA TTC TAC AAA GGT GTT GTT ACC CGT ATC GAA AAA TAC GGT GCG TTC ATC AAT CTG AAT GAA CAG GTT CGT GGT CTG CTG ACT CCG CGT GAC ATG ATC TCT CTG CGT CTG GAA AAC CTG AAT GTT GGT GAC GAA ATT ATC GTT CAG GCG ATC GAC GTT ACT CCG GAA AAA CGT GAA ATC GAC TTC AAA TAC ATC CCG,1.3225555791769033
GAT GTT GAA CCG GGC AAA TTC TAC AAA GGT GTT GTT ACC AAG ATC GAG AAA TAC GGT GCG GAA ATC AAC CTG AAC GAG CAG GTT CGT GGC CTC CTG CGT CCA CGT GAC ATG ATC TCT CTG CGT CTG GAA AAT CTG AAC GTT GGT GAC GAA ATC ATC GTT CAA GCG ATT GAC GTT CGT CCG GAA AAA CGT GAA ATC GAC TTC AAA TAC ATC CCG,2.242486775069016
GAC GTG GAA CCG GGT AAA TTC TAC AAA GGT GTT GTT ACC CGT ATC GAA AAA TAC GGT GCG TTC ATC AAT CTG AAC GAA CAG GTT ACC GGT CTG CTG CGT CCG CGT GAC ATG ATC TCT CTG CGT CTG GAG AAC CTG AAT GTT GGT GAC GAA ATC ATC GTG CAG GCG ATC GAC GTT CGT CCG GAA AAA CGT GAA ATC GAC TTC AAA TAC ATC CCG,4.929104969161905
GAC GTT GAA CCG GGC AAA TTC TAC AAA GGT GTT GTT ACC TTC ATC TGC AAA TAC GGT GCG TTC ATC AAC CTC AAC GAA CAG GTT CGT GGC CTG CTG CGT CCA CGT GAC ATG ATC TCT CTG CGT CTG GAA AAT CTC AAT GTT GGT GAC GAA ATC ATC GTT CAG GCT ATC GAC GTT CGT CCG GAA AAA CGT GAA ATC GAC TTC AAA TAC ATC CCG,4.032716175770704
GAC GTT GAA CCG GGT AAA TTC TAC AAA GGT GTT GTT ACC CGT ATC GAA AAA TAC GGT GCG TTC ATC AAC CTC AAC GAG CAG GTG CGT GGT CTG CTG CGC CCA CGC GCG ATG ATC TCT CTC CGT CTG GAA AAC CTG AAC GTT GGT GAC GAA ATC ATC GTT CAA GCG ATC GAT GTT CGT CCG GAA AAA CGT GAA ATC GAC TTC CAG TAC ATT CCG,2.671006511854665
GAC GTG GAA CCG GGC AAA TTC TAC AAA GGT GTT GTT ACC CGT ATC GAA AAA TAC GGT GCG TTC ATC AAC CTC AAC GAA CAG GTT CGT GGT CTG CTC CGT CCG CGT ATG ATG ATC TCT CTG CGC CTG GAA AAC CTG AAC GTT GGC GAC GAA ATC ATC GTG CAG GCG ATC GAC GTT CGT CCG GAA AAA CGT GAA ATC GAC TTC GAA TAC ATC CCA,1.855098637594594
GAT GTT GAA CCG GGT AAA TTC TAC AAA GGT GTT GTT ACC CGT ATC GAA AAA TAC GGT GCG TTC ATC AAC CTC AAC GAA CAA GTT CGT GGC CTG CTG CGT CCG CGT GAC ATG ATC TCT CTG CGT CTG GAA AAC CTG AAT GTT GGT GAC GAA ATC ATC GTT CAG GCG ATC GAC GTT GGT CCG GAA AAA CGT GAA ATC CCG TTC AAA TAC ATC CCG,2.206951300177068
GAC GTT GAA CCG GGT AAA TTC TAC AAA GGT GTT GTT ACC CGT ATC GAA AAA TAC GGT GCG TTC ATC AAT CTC AAC GAA CAG GTT CGT GGT CTG CTG CGT CCG CGT ATG ATG ATC TCT CTG CGT CTG GAA AAT CTG AAT GTT GGT GAC GAA ATC ATT GTT CAA GCG ATC GAC GTT CGT CCG GAA AAA CGT GAA ATC TGG TTC AAA TAC ATC CCG,2.72957612132723
GAC GTT GAA CCG GGT AAA TTC TAC TTC GGT GTT GTT ACC CGT ATC GAA AAA TAC GGT GCG TTC ATC AAC CTG AAT GAA CAG GTT CGT GGT CTG CTG CGT CCG CGT GAC ATG ATC TCT CTG CGT CTG GAA AAC CTC AAT GTT GGC GAC GAA ATC ATC GTT CAA GCG ATC GAC GTT CGT CCG GAA AAA CGT GAA ATC GAC TTC AAA TAC ATC CCG,4.508129194970048
GAT GTT GAA CCG GGT AAA TTC TAC AAA GGT GTT GTT ACC CGT ATC GAA AAA TAC GGT GCG TTC ATC AAC CTC AAT GAG CAG GTT CGT GGT CTG CTG AAC CCG CGT GAC ATG ATC TCT CTG CGT CTG GAA AAC CTG AAC GTT GGT GAC GAA ATC ATC GTG CAG GCG ATC GAC GTT ATG CCG GAA AAA CGT GAA ATC GAC TTC AAA TAC ATC CCG,1.2515368995092309
AAA GTT GAA CCG GGT AAA TTC TAC AAA GGT GTT GTT ACC CGT ATC GAA AAA TAC GGT GCG TTC ATT AAC CTG AAT GAA CAG GTT CGT GGT CTG CTG CGT CCG CGT GAC ATG ATC TCT CTG CGT CTG GAA AAT CTG AAC GTG GGT GAC GAA ATC ATT GTT CAG GCG ATC GAC GTT CGT CCG GAA AAA CGT GAA ATC GAC TTC AAA TAC ATC CCG,6.794933714034431
GAC GTT GAA CCG GGT AAA TTC TAC AAA GGT GTT GTT ACC CGT ATC GAA AAA TAC GGT GCG TTC ATC AAC CTG AAC GAA CAG GTT CGT GGT CTG CTG GAA CCG CGT GAC ATG ATC TCT CTG CGT CTG GAA AAC CTC AAC GTG GGT GAC GAA ATC ATT GTT CAG GCG ATC GAC GTT CGT CCG GAA AAA CGT GAA ATC CAC TTC AAA TAC ATC CCG,2.543690772413425
GAC GTT GAG CCG GGT AAA TTC TAC AAA GGT GTT GTT ACC CGT ATC GAA AAA TAC GGT GCG TTC ATT AAC CTG AAC GAA CAG GTG CGT GGT CTG CTG CGT CCG CGT ATG ATG ATC TCT CTG CGT CTG GAA AAT CTG AAC GTG GGT GAC GAG ATT ATT GTT CAG GCG ATC GAC GTT CGT CCG GAA AAG CGC GAA ATC AAC TTC AAA TAC ATC CCG,2.634758324978545
GAC GTT GAA CCG GGT AAA TTC TAC AAA GGT GTT GTT ACC CGT ATC GAA AAA TAC GGT GCG TTC ATC AAC CTG AAT GAA CAG GTT CAC GGT CTG CTG CGT CCA CGT GAC ATG ATC TCT CTG CGT CTG GAA AAT CTG AAC GTT GGT GAC GAA ATC ATC GTT CAA GCG ATC GAC GTT CGT CCG GAA AAA CGT GAA ATC GAC TTC AAA TAC ATC CCG,4.4202016479385495
GAC GTG GAA CCG GGT AAG TTC TAC AAA GGT GTT GTT ACC CGT ATC GAA AAA TAC GGT GCG TTC ATC AAC CTG AAC GAA CAG GTT CGC GGT CTG CTG CGT CCG CGT TCT ATG ATC TCT CTG CGT CTG GAA AAC CTC AAT GTT GGT GAC GAA ATC ATC GTG CAG GCG ATC GAC GTT GGT CCG GAA AAA CGT GAA ATC GAC TTC AAA TAC ATC CCG,1.9613193737969792
GAC GTT GAA CCG GGT AAA TTC TAC AAA GGT GTT GTT ACC CGT ATC GAA AAA TAC GGT GCG TTC ATC AAT CTG AAC GAA CAG GTT CGT GGT CTG CTG CGT CCG CGT AAA ATG ATC TCT CTG CGT CTG GAA AAC CTG AAC GTT GGT GAC GAA ATC ATC GTT CAA GCG ATC GAC GTT ATG CCG GAA AAA CGT GAA ATC GAC TTC AAA TAC ATC CCG,1.434016414140063
GAT GTT GAA CCG GGT AAA TTC TAC AAA GGT GTT GTT ACC CGT ATC GAA AAA TAC GGT GCG TTC CAC AAC CTG AAC GAG CAG GTT CGT GGT CTG CTG CGT CCG CGT GAC ATG ATC TCT CTG CGT CTG GAA AAC CTC AAT GTT GGT GAC GAA ATC ATC GTT CAA GCG ATT GAC GTT CGT CCG GAA AAA CGT GAA ATC GAC TTC AAA TAC ATC CCG,1.292856951631688
GAC GTT GAA CCG GGT AAA TTC TAC AAA GGT GTT GTT ACC CGT ATC GAA AAA TAC GGT GCG TTC ATC AAC CTC AAC GAA CAG GTT CGT GGT CTG CTG CTG CCG CGT GAT ATG ATC TCT CTG CGT CTG GAA AAC CTG AAC GTT GGT GAC GAA ATC ATC GTG CAG GCG ATC GAC GTT CGT CCG GAA AAA CGT GAA ATC CTG TTC AAA TAC ATC CCG,3.353191181062196
GAC GTT GAA CCG GGT AAA TTC TAC AAA GGT GTT GTT ACC CGT ATC GAA AAA TAC GGT GCG TTC ATC AAC CTG AAT GAA CAG GTT CGT GGT CTG CTG CGT CCG CGT GAC ATG ATC TCT CTG CGT CTG GAA AAA CTG AAC GTT GGT GAC GAA ATC ATC GTT CAG GCG ATT GAC GTT CGT CCG GAG AAA CGT GAA ATC GAC TTC AAA TAC ATC CCG,4.170057950394085
GAC GTT GAA CCG GGT AAA TTC TAC AAG GGT GTT GTT ACC CGT ATC GAA AAA TAC GGT GCG TTC ATC AAC CTG AAC GAA CAG GTT CGT GGT GGT CTG CGT CCG CGT GAC ATG ATC TCT CTC CGT CTG GAA AAT CTG AAC GTT GGT GAC GAA ATC ATT GTT CAG GCG ATC GAC GTT CGT CCG GAA AAA CGT GAA ATC GAC TTC AAA TAC ATC CCG,1.1337778127904905
GAT GTT GAA CCG GGT AAA TTC TAC AAA GGT GTT GTT ACC CGT ATC GAA AAA TAC GGT GCG TTC ATC AAT CTG AAC GAG CAG GTT CGT GGT CTG CTG AAC CCG CGT GAC ATG ATC TCT CTG CGT CTG GAA AAC CTG AAT GTT GGT GAC GAA ATC ATC GTG CAG GCT ATT GAC GTT AAA CCG GAA AAA CGT GAA ATC GAC TTC AAA TAC ATC CCG,1.3722339396484746
GAC GTT GAA CCG GGT AAA TTC TAC AAA GGT GTT GTT ACC CGT ATC GAA AAA TAC GGT GCG TTC ATC AAC CTC AAC GAA CAG GTT CGT GGT CTG CTG CGT CCG CGT GAC ATG ATC TCT CTG CGT CTG GAA AAC CTG AAT GTT GGT GAC GAA ATC ATC GGT CAG GCG ATC GAT GTT CGT CCG GAA AAA CGT GAA ATC GAC TTC AAA TAC ATC CCG,0.1282640631776245
GAC GTT GAA CCG GGT AAA TTC TAC AAA GGT GTT GTT ACC CGT ATC GAA AAA TAC GGT GCG TTC ATC AAC CTC AAT GAA CAG GTT CGT GGT CTG CTG CGT CCG CGT GAC ATG ATC TCT CTG CGT CTG GAA AAC CTG AAC GTG GGC GAC GAA ATC ATC GTG CAG GCG ATC GAC GTG AAC CCG GAA AAA CGT GAG ATC GTT TTC AAA TAC ATC CCG,4.621468986657009
GAT GTT GAG CCG GGT AAA TTC TAC AAA GGC GTT GTT ACC CGT ATC GAA AAA TAC GGT GCG TTC ATC AAC CTG AAC GAA CAG GTT CGT GGC CTG CTC CGT CCA CGT TCT ATG ATC TCT CTG CGT CTG GAG AAC CTC AAC GTG GGT GAC GAA ATT ATC GTG CAG GCT ATC GAC GTG CGC CCA GAA AAA CGT GAA ATC GAC TTC TTC TAC ATT CCG,2.7232714052537936
GAC GTT GAA CCG GGT AAA TTC TAC AAA GGT GTT GTT ACC CGT ATC GAA AAA TAC GGT GCG TTC ATC AAT CTC AAC GAA CAG GTT CGT GGT CTG CTG CGT CCG CGT CGT ATG ATC TCT CTG CGC CTG GAA AAC CTG AAC GTG GGT GAC GAA ATC ATC GTT CAA GCG ATC GAT GTT CGT CCG GAA AAA CGT GAA ATC TGG TTC AAA TAC ATC CCG,2.365399956366295
GAC GTT GAA CCG GGC AAA TTC TAC AAA GGT GTT GTT ACC CAC ATC GTT AAA TAC GGT GCG TTC ATC AAC CTG AAT GAA CAG GTT CGT GGT CTG CTG CGT CCG CGT GAC ATG ATC TCT CTG CGT CTG GAA AAC CTC AAT GTT GGT GAC GAA ATC ATC GTG CAG GCG ATC GAT GTT CGT CCG GAA AAA CGT GAA ATC GAC TTC AAA TAC ATC CCG,4.120154552081473
GAC GTT GAA CCG GGT AAA TTC TAC AAA GGT GTT GTT ACC CGT ATC GAA AAA TAC GGT GCG TTC ATC AAT CTG AAC GAA CAG GTT CGT GGT CTG CTG ATC CCG CGT GAC ATG ATT TCT CTG CGT CTG GAA AAC CTG AAC GTT GGT GAC GAG ATC ATC GTT CAA GCG ATC GAC GTT CGT CCG GAG AAA CGC GAA ATC AAA TTC AAA TAC ATC CCG,2.360490375363036
GAC GTT GAA CCG GGT AAA TTC TAC AAA GGT GTT GTT ACC CGT ATC GAA AAA TAC GGT GCG TTC ATC AAT CTG AAT GAA CAG GTT CGT GGT CTG CTG CCA CCG CGT GAC ATG ATC TCT CTG CGT CTG GAA AAC CTG AAT GTT GGT GAC GAA ATC ATC GTT CAG GCG ATC GAC GTT CGT CCG GAG AAA CGT GAA ATC GAA TTC AAA TAC ATC CCG,1.297210925511215
GAC GTT GAA CCG GGT AAA TTC TAC AAG GGT GTT GTT ACC CGT ATC GAA AAA TAC GGT GCG TTC ATC AAC CTG AAC GAA CAA GTT CGT GGT CTG CTG CGT CCG CGT GAC ATG ATC TCT CTG CGT CTG GAA GAA CTG AAC GTT GGT GAC GAA ATC ATT GTT CAG GCG ATC GAC GTT CGT CCG GAA AAA CGT GAA ATC GAC TTC AAA TAC ATC CCG,7.156042021407336
GAC GTG GAA CCG GGT AAA TTC TAC AAG GGT GTT GTT ACC CGT ATC GAA AAA TAC GGT GCG TTC ATC AAT CTG AAT GAA CAG GTT CGT GGT CTG CTG CCA CCG CGT TAC ATG ATC TCT CTG CGT CTG GAA AAC CTG AAC GTT GGT GAC GAA ATC ATC GTT CAA GCG ATC GAC GTT CGT CCG GAA AAA CGT GAA ATC GAC TTC AAA TAC ATC CCG,2.340557866125048
GAC GTT GAA CCG GGT AAA TTC TAC AAA GGT GTT GTT ACC CGT ATC GAA AAA TAC GGT GCG TTC ATC AAC CTG AAC GAA CAG GTT CGT GGT CTG CTG CGT CCG CGT GAC ATG ATC TCT CTG CGT CTG GAA AAT CTG AAC GTT GGT GAC GAA ATC ATC GTT CAA GCG ATC GAT GTT GAG CCG GAA AAA CGT GAA ATC GGT TTC AAA TAC ATC CCG,3.036917028017349
GAC GTT GAA CCG GGT AAA TTC TAC AAA GGT GTT GTT ACC CGT ATC GAA AAA TAC GGT GCG TTC ATC AAT CTG AAT GAG CAG GTT CGT GGT CTG CTG CGT CCA CGT GAC ATG ATC TCT CTG CGT CTG GAA AAC CTG AAC GTG GGT ACC GAA ATC ATC GTG CAG GCG ATC GAT GTT CGT CCG GAA AAA CGT GAA ATC GAC TTC AAA TAC ATC CCG,3.602647840633277
GAC GTT GAA CCG GGT AAA TTC TAC AAA GGT GTT GTT ACC CGT ATC GAA AAA TAC GGT GCG TTC ATC AAC CTC AAT GAA CAG GTT CGT GGT CTG CTG CGT CCG CGT GAC ATG ATC TCT CTG CGT CTG GAA AAC CTG AAC GTG GGT GAC GAA ATC ATC GTG CAG GCG ATC GAC GTT CGT CCG GAA AAA CGT GAA ATC GAC GAC AAA TAC ATC CCG,1.411092156844091
GAC GTT GAA CCG GGT AAA TTC TAC AAA GGC GTT GTT ACC CGT ATC GAG AAA TAC GGT GCG TTC ATC AAC CTG AAC GAA CAG GTT CGT GGT CTG CTG CGT CCG CGT GAC ATG ATC TCT CTG CGT CTG GAG AAC CTC AAC GTT CAC GAC GAA ATC ATT GTT CAG GCT ATC GAC GTT CGT CCA GAA AAA CGT GAA ATC GAC TTC AAA TAC ATT CCG,3.25710370441656
GAT GTT GAA CCG GGT AAA TTC TAC AAA GGT GTT GTT ACC CGT ATC GAA AAA TAC GGT GCG TTC ATC AAT CTG AAT GAA CAG GTT CGT GGT CTG CTG CGT CCG CGT TGG ATG ATC TCT CTG CGT CTG GAA AAC CTG AAC GTT GGT GAT GAA ATC ATT GTT CAG GCG ATC GAC GTT ACT CCG GAA AAA CGT GAA ATC GAC TTC AAA TAC ATC CCG,2.405134010358971
GAC GTT GAA CCG GGT AAA TTC TAC AAA GGT GTT GTT ACC CGT ATC GAA AAA TAC GGT GCG TTC ATC AAC CTC AAC GAA CAG GTT CGT GGT CTG CTG ACT CCG CGT TTC ATG ATC TCT CTG CGT CTG GAA AAC CTG AAC GTT GGT GAC GAA ATC ATC GTG CAG GCG ATT GAT GTT CGT CCG GAA AAA CGT GAA ATC GAC TTC AAA TAC ATC CCG,2.795562404238056
GAC GTT GAA CCG GGT AAA TTC TAC AAA GGT GTT GTT ACC CGT ATC GAA AAA TAC GGT GCG TTC ATC AAC CTG AAT GAA CAA GTT CGT GGT CTG CTG CGT CCG CGT TGG ATG ATC TCT CTG CGT CTG GAA AAC CTC AAT GTT GGT GAC GAA ATC ATC GTG CAG GCG ATC GAC GTT CGT CCG GAA AAA CGT GAA ATC AAC TTC AAG TAC ATC CCG,2.930164846655563
GAC GTT GAA CCG GGT AAA TTC TAC AAA GGT GTT GTT ACC CGT ATC GAA AAA TAC GGT GCG TTC ATC AAT CTC AAC GAA CAG GTT CGT GGT CTG CTG CGT CCG CGT GAC ATG ATC TCT CTG CGT CTG GAA AAC CTC AAT GTT GGT GAC GAA ATT ATC GTT CAG GCG ATC GAC GTT CGT CCG GAA AAA CGT GAA ATC GAC TTC AAA CGT ATC CCG,1.7653720053707846
GAC GTT GAA CCG GGT AAA TTC TAC AAA GGT GTT GTT ACC CGT ATC GAA AAA TAC GGT GCG TTC ATC AAC CTG AAC GAA CAG GTT CGT GGT CTG CTG TGG CCG CGT TTC ATG ATC TCT CTG CGT CTG GAA AAC CTC AAT GTT GGT GAC GAA ATC ATC GTT CAA GCG ATC GAC GTT CGT CCG GAA AAA CGT GAA ATC GAC TTC AAA TAC ATC CCG,2.4281204602528894
GAC GTT GAA CCG GGT AAA TTC TAC AAA GGT GTT GTT ACC CGT ATC GAA AAA TAC GGT GCG TTC ATC AAC CTG AAC GAG CAG GTT CGT GGT CTG CTG CTG CCG CGT CAG ATG ATC TCT CTG CGT CTG GAA AAC CTC AAT GTT GGT GAC GAA ATC ATT GTT CAG GCG ATC GAC GTT CGT CCG GAA AAA CGT GAA ATC GAC TTC AAA TAC ATC CCG,2.564842749739237
GAC GTT GAA CCG GGT AAA TTC TAC AAA GGT GTT GTT ACC CGT ATC GAA AAA TAC GGT GCG TTC ATC AAC CTG AAC GAA CAG GTT CGT GGT CTG CTC CGT CCA CGT AAG ATG ATC TCT CTG CGC CTG GAA AAC CTC AAC GTG GGT GAC GAA ATC ATC GTG CAG GCG ATT GAC GTT CGC CCA GAA AAA CGT GAA ATC GAC TTC TGC TAC ATC CCG,2.646399595089795
GAC GTT GAA CCG GGT AAA TTC TAC AAA GGT GTT GTT ACC CGT ATC GAA AAA TAC GGT GCG TTC ATC AAC CTG AAC GAA CAG GTT CGT GGT CTG CTG GGT CCG CGT AAT ATG ATC TCT CTG CGT CTG GAA AAT CTG AAT GTT GGT GAC GAA ATC ATC GTG CAG GCG ATC GAC GTT CGT CCG GAA AAA CGT GAA ATC GAC TTC AAA TAC ATC CCG,2.4641614287165794
GAT GTT GAA CCG GGT AAA TTC TAC AAA GGT GTT GTT ACC CGT ATC GAA AAA TAC GGT GCG TTC ATC AAC CTC AAC GAG CAG GTT CGT GGT CTG CTG CGT CCA CGT GAC ATG ATC TCT CTG CGT CTG GAA AAC CTG AAC GTT GGT GAC GAA ATC ATC GTT CAA GCG ATC GAC GTT GAT CCG GAA AAA CGT GAA ATC TGG TTC AAA TAC ATC CCG,4.922740595602196
GAC GTT GAA CCG GGT AAA TTC TAC AAG GGT GTT GTT ACC CGT ATC GAG AAA TAT GGT GCG TTC ATC AAC CTG AAC GAA CAG GTT CGT GGT CTG TAC CGT CCG CGT GAC ATG ATC TCT CTG CGT CTG GAA AAT CTG AAC GTT GGT GAC GAA ATC ATC GTG CAG GCG ATC GAC GTT CGT CCA GAA AAA CGT GAA ATC GAC TTC AAA TAC ATC CCG,1.5981699652079997
GAT GTG GAA CCG GGT AAA TTC TAC AAA GGC GTT GTT ACC AAA ATC GAA AAA TAC GGT GCG GCG ATC AAC CTC AAC GAA CAG GTT CGT GGT CTG CTC CGT CCA CGT GAC ATG ATC TCT CTG CGC CTG GAA AAC CTG AAC GTT GGT GAC GAA ATC ATT GTT CAG GCG ATC GAC GTT CGT CCG GAA AAA CGT GAA ATC GAC TTC AAA TAC ATC CCG,1.7468073635889632
GAC GTT GAA CCG GGT AAG TTC TAC AAA GGT GTT GTT ACC CGT ATC GAA AAA TAC GGT GCG TTC ATC AAC CTC AAC GAA CAA GTT CGT GGT CTG CTG CGC CCA CGT GAT ATG ATC TCT CTG CGT CTG GAG AAC CTG AAC GTT GGT GAC GAA ATC GAG GTT CAG GCG ATC GAC GTT CGT CCG GAA AAA CGT GAG ATC GAC TTC AAA TAC ATT CCG,3.693999808242991
GAC GTT GAA CCG GGT AAA TTC TAC AAA GGT GTT GTT ACC CAC ATC TGC AAA TAC GGT GCG TTC ATC AAT CTG AAC GAA CAG GTT CGT GGT CTG CTG CGT CCG CGT GAC ATG ATC TCT CTG CGT CTG GAG AAC CTG AAC GTT GGT GAC GAA ATT ATC GTT CAA GCT ATC GAT GTG CGT CCA GAA AAA CGT GAA ATC GAC TTC AAA TAC ATC CCG,3.815569097210708
GAC GTT GAA CCG GGC AAA TTC TAC AAA GGT GTT GTT ACC CGT ATC GAA AAA TAC GGT GCG TTC ATC AAC CTG AAC GAA CAG GTG CGT GGT CTG CTG CGC CCA CGT ATG ATG ATC TCT CTG CGT CTG GAA AAT CTG AAC GTT GGT GAC GAA ATC ATC GTT CAA GCG ATC GAC GTT CGC CCA GAA AAA CGT GAA ATC CAC TTC AAA TAC ATC CCG,2.577131876888541
GAT GTT GAA CCG GGT AAA TTC TAC AAA GGC GTT GTT ACC CGT ATC GAA AAA TAC GGT GCG TTC ATC AAC CTG AAT GAA CAG GTT CGT GGT CTG CTG CGT CCG CGT GCG ATG ATC TCT CTC CGT CTG GAA AAC CTC AAT GTT GGC GAC GAA ATC ATC GTT CAA GCG ATC GAC GTG GAG CCG GAA AAA CGT GAA ATC GAC TTC AAA TAC ATC CCA,1.6252534415507771
GAC GTT GAA CCG GGT AAA TTC TAC AAA GGT GTT GTT ACC GGC ATC GAC AAA TAC GGT GCG TTC ATC AAC CTC AAC GAA CAG GTT CGT GGT CTG CTG CGT CCG CGT GAC ATG ATC TCT CTG CGT CTG GAA AAC CTG AAC GTT GGT GAC GAA ATC ATC GTG CAA GCT ATC GAC GTT CGT CCG GAA AAA CGT GAA ATC GAC TTC AAA TAC ATC CCA,3.15616929746977
GAC GTT GAA CCG GGT AAA TTC TAC AAA GGT GTT GTT ACC CGT ATC GAA AAG TAC GGT GCG TTT ATC AAC CTC AAC GAG CAG GTT CGT GGT CTG CTG CGT CCA CGT AAC ATG ATC TCT CTG CGT CTG GAA AAC CTG AAT GTT GGT GAC GAA ATC ATC GTT CAG GCG ATT GAC GTT CGT CCG GAA AAA CGT GAA ATC CGT TTC AAA TAC ATC CCG,3.558251891681164
GAC GTT GAA CCG GGT AAA TTC TAC AAG GGT GTT GTT ACC CGT ATC GAA AAA TAC GGT GCG TTC ATC AAC CTG AAC GAG CAG GTT CGT GGT CTG CTG CGT CCG CGT GAC ATG ATC TCT CTG CGT CTG GAA AAC CTC AAT GTT GGT GAC GAA ATC GTT GTT CAA GCT ATC GAC GTG CGT CCA GAA AAA CGT GAA ATC GAC TTC AAA TAC ATC CCG,5.77076251858286
GAC GTT GAA CCG GGT AAG TTC TAC AAA GGT GTT GTT ACC CGT ATC GAA AAA TAC GGT GCG TTC ATC AAC CTC AAT GAA CAG GTT CGT GGT CTG CTG CGT CCG CGT GAC ATG ATC ACC CTG CGT CTG GAA AAC CTG AAT GTT GGT GAC GAA ATC ATC GTG CAG GCG ATC GAC GTT CGC CCG GAA AAA CGT GAA ATC GAC TTC AAA TAC ATC CCA,4.887119437901433
GAC GTT GAA CCG GGC AAA TTC TAC AAA GGT GTT GTT ACT CCG ATC GAA AAA TAC GGT GCG GTT ATC AAC CTC AAT GAA CAG GTT CGT GGT CTG CTG CGT CCG CGT GAC ATG ATC TCT CTG CGT CTG GAA AAC CTG AAC GTT GGT GAC GAA ATC ATC GTT CAA GCG ATT GAC GTT CGT CCG GAA AAA CGT GAA ATC GAC TTC AAA TAC ATC CCA,-0.5430498877629861
GAC GTT GAA CCG GGT AAA TTC TAC AAA GGT GTT GTT ACC CGT ATC GAA AAA TAC GGT GCG TTC ATC AAC CTG AAC GAA CAG GTT CGT GGT CTG CTG CGT CCG CGC GAA ATG ATC TCT CTG CGC CTG GAA AAC CTC AAC GTG GGT GAC GAA ATC ATT GTG CAG GCG ATC GAC GTT CGT CCA GAA AAA CGT GAA ATC CAG TTC AAA TAC ATC CCG,2.4918973138386864
GAC GTT GAA CCG GGT AAG TTC TAC AAG GGT GTT GTT ACC GTG ATC GAG AAG TAT GGT GCT CCG ATC AAC CTC AAC GAA CAG GTT CGT GGC CTC CTG CGT CCG CGT GAC ATG ATC TCT CTG CGT CTG GAA AAC CTG AAC GTT GGT GAT GAA ATC ATT GTT CAG GCG ATT GAC GTT CGT CCG GAA AAA CGT GAA ATC GAC TTC AAA TAC ATC CCA,0.1305041020864287
GAC GTT GAA CCG GGC AAA TTC TAC AAA GGC GTT GTT ACC CGC ATC GAA AAA TAC GGT GCG TTC ATC AAC CTC AAC GAG CAG GTT CGT GGT CTG CTG CGT CCG CGT GAC ATG ATC TCT CTG CGT CTG GAA AAT CTG AAC GTT GGT GAC GAA ATC ATC GTT CAA GCG ATT GAC GTT GTG CCA GAA AAA CGT GAA ATC CAC TTC AAA TAC ATC CCG,3.728040170301528
GAT GTT GAA CCG GGT AAA TTC TAC AAA GGT GTT GTT ACC CGT ATC GAA AAA TAC GGT GCG ATC ATC AAC CTG AAT GAA CAG GTT CGT GGT CTG CTG CGT CCG CGT GAC ATG ATC TCT CTG CGT CTG GAA AAT CTG AAC GTT GGT GAC GAA ATC ATC GTT CAG GCG ATC GAC GTT CGT CCG GAA AAA CGT GAA ATC GAC TTC AAA TAC ATC CCG,4.952467742477659
GAC GTT GAG CCG GGC AAA TTC TAC AAA GGT GTT GTT ACC CGT ATC GAA AAA TAC GGT GCG TTC ATC AAC CTG AAT GAG CAG GTT CGT GGT CTG CTG CGT CCG CGT GAC ATG ATC TCT CTG CGT CTG GAA AAC CTC AAT GTT GGT GAC GAG ATT ATC GTT CAG GCG ATT GAC GTT CGT CCG GAA AAA CGT GAA ATC GAC TTC AAA TAC CTC CCG,4.963516196423932
GAT GTT GAA CCG GGT AAA TTC TAC AAA GGT GTT GTT ACC CGT ATC GAA AAA TAC GGT GCG TTT ATC AAT CTG AAC GAA CAG GTT CGT GGT CTG CTG CGT CCG CGT GAT ATG ATC TCT CTG CGT CTG GAA AAC CTG AAC GTT GGT GAC GAA ATC ATC GTT CAA GCG ATC GAC GTT CGT ATG GAA AAA CGT GAA ATC GAC TTC AAA TAC ATC CCG,4.348485080639454
GAC GTT GAA CCG GGT AAA TTC TAC AAG GGT GTT GTT ACC CAC ATC GAA AAA TAC GGT GCG TAC ATC AAC CTG AAC GAA CAA GTT CGT GGT CTG CTC CGT CCG CGT GAC ATG ATC TCT CTG CGT CTG GAA AAT CTG AAC GTT GGC GAC GAA ATC ATC GTT CAA GCG ATC GAC GTT CGT CCG GAA AAA CGT GAA ATC GAC TTC AAA TAC ATC CCG,3.650538092997281
GAC GTT GAA CCG GGT AAA TTC TAC AAG GGT GTT GTT ACC CGT ATC GAA AAA TAC GGT GCG TTC ATC AAC CTC AAT GAA CAG GTT CGT GGT CTG CTG CGT CCG CGC TTC ATG ATC TCT CTG CGT CTG GAA AAC CTG AAC GTT GGT GAC GAA ATC ATC GTG CAG GCG ATC GAC GTT CGC CCG GAA AAA CGT GAA ATC GTT TTC AAA TAC ATC CCG,3.282222486716937
GAT GTT GAA CCG GGT AAG TTC TAC AAA GGT GTT GTT ACC CGT ATC GAA AAA TAC GGT GCG TTC ATC AAT CTC AAC GAA CAG GTT CGT GGT CTG CTG CGT CCG CGT GAC ATG ATC TCT CTG CGT CTG GAA AAC CTC AAT GTG GGT GAC GAA ATC ATC GTT CAG GCT ATC GAC GTT CGT CCG GAA AAA CGT GAA TCT GAT TTC AAA TAC ATC CCG,1.975482490911344
GAC GTT GAA CCG GGT AAA TTC TAC AAA GGT GTT GTT ACC CGT ATC GAA AAA TAC GGT GCG TTC ATC AAC CTC AAC GAA CAG GTT CGT GGT CTG CTG GCT CCA CGT CCG ATG ATC TCT CTG CGT CTG GAA AAT CTC AAT GTT GGT GAC GAA ATC ATC GTT CAG GCG ATT GAC GTT CGT CCG GAA AAA CGT GAA ATC GAC TTC AAA TAC ATC CCG,1.336379751414879
GAC GTT GAA CCG GGT AAA TTC TAC AAA GGT GTT GTT ACC CGT ATC GAA AAA TAC GGT GCG TTC ATC AAC CTG AAC GAG CAG GTT CGT GGT CTG CTG CGT CCG CGT GAC ATG ATC TCT CTG CGC CTG GAA AAT CTG AAC GTT GGT GAC GAA ATC ATT GTT CAG GCG ATC GAC GTT CTG CCG GAA AAA CGT GAA ATC AAC TTC AAA TAC ATC CCG,3.545698305729126
GAC GTT GAA CCG GGT AAA TTC TAC AAA GGT GTT GTT ACC CGT ATC GAA AAA TAC GGT GCG TTC ATC AAC CTG AAC GAA CAG GTT CGT GGT CTG CTG CGT CCA CGT TAC ATG ATC TCT CTG CGT CTG GAA AAC CTC AAT GTT GGT GAC GAA ATC ATC GTG CAA GCG ATC GAC GTT CGT CCG GAA AAA CGT GAG ATC AAC TTC AAG TAC ATC CCG,3.0011963988633834
GAC GTT GAG CCG GGT AAA TTC TAC AAG GGT GTT GTT ACC CGT ATC GAA AAA TAC GGT GCG TTC ATC AAC CTC AAC GAA CAG GTG CGT GGT CTG CTG CGT CCG CGT GAC ATG ATC TCT CTG CGT CTG GAA AAC CTG AAT GTG GGT GAT GAA ATC ATC ATC CAG GCG ATT GAC GTT CGT CCG GAA AAA CGT GAA ATC GAC TTC AAA TAC ATC CCG,3.8600828213229046
GAT GTT GAA CCG GGT AAA TTC TAC AAA GGT GTT GTT ACC CGT ATC GAA AAA TAC GGT GCG TTC ATC AAC CTG AAT GAA CAA GTT CGT GGT CTG CTC CGT CCG CGT GAC CAG ATC TCT CTG CGT CTG GAA AAT CTG AAC GTT GGT GAC GAA ATC ATC GTT CAG GCG ATC GAC GTT CGT CCG GAA AAA CGT GAA ATC GAC TTC AAA TAC ATC CCG,2.3955818091183096
GAC GTG GAA CCG GGT AAA TTC TAC AAA GGT GTT GTT ACC GAA ATC GAG AAA TAC GGT GCG TAC ATC AAC CTC AAC GAA CAG GTT CGT GGT CTG CTC CGC CCA CGT GAC ATG ATC TCT CTG CGT CTG GAA AAC CTG AAC GTT GGC GAC GAA ATC ATC GTT CAA GCT ATC GAT GTT CGT CCG GAA AAA CGT GAG ATC GAC TTC AAA TAC ATC CCG,3.08186757853586
GAC GTT GAA CCG GGT AAA TTC TAC AAA GGT GTT GTT ACC CGT ATC GAA AAA TAC GGT GCG TTC ATC AAC CTC AAT GAA CAG GTT CGT GGT CTG CTG CGT CCG CGT GGT ATG ATC TCT CTG CGT CTG GAA AAC CTG AAC GTT GGT GAC GAA ATC ATC GTG CAG GCT ATC GAT GTT GGT CCG GAA AAA CGT GAA ATC GAC TTC AAA TAC ATC CCG,1.9218606801382083
GAC GTT GAA CCG GGT AAA TTC TAC AAA GGT GTT GTT ACC CGT ATC GAA AAA TAC GGT GCG TTC ATC AAC CTG AAC GAA CAG GTT CGT GGT CTG CTG CGC CCA CGT TGC ATG ATC TCT CTG CGC CTC GAA AAT CTC AAT GTT GGT GAC GAA ATC ATT GTT CAG GCG ATC GAC GTT CGT CCA GAA AAA CGT GAA ATC GAC TTC GAA TAC ATC CCG,2.612860302201512
GAC GTT GAA CCG GGT AAA TTC TAC AAA GGT GTT GTT ACC GCG ATC ATC AAA TAT GGT GCG TTC ATC AAT CTC AAT GAA CAG GTT CGT GGT CTG CTG CGT CCG CGT GAC ATG ATC TCT CTG CGT CTG GAA AAC CTC AAT GTT GGC GAC GAA ATC ATC GTT CAG GCG ATC GAC GTT CGT CCG GAA AAA CGT GAA ATC GAC TTC AAA TAC ATC CCG,3.8221717569440097
GAC GTT GAA CCG GGT AAA TTC TAC AAG GGT GTT GTT ACC CGT ATC GAA AAA TAC GGT GCG TTC ATC AAC CTC AAC GAA CAG GTT CGC GGT CTG CTC CGT CCA CGT TGG ATG ATC TCT CTG CGT CTG GAA AAT CTG AAC GTT GGT GAC GAA ATC ATC GTT CAG GCG ATC GAT GTT CGT CCG GAA AAA CGT GAA ATC GAC TTC GAC TAC ATC CCG,1.8780224569455288
GAC GTT GAA CCG GGT AAA TTC TAC AAA GGT GTT GTT ACC CGT ATC GAA AAA TAC GGT GCG TTC ATC AAT CTC AAC GAA CAG GTT CGT GGT CTG CTG CGT CCG CGT GTT ATG ATC TCT CTG CGT CTG GAA AAT CTG AAC GTT GGT GAC GAA ATC ATC GTT CAG GCG ATC GAC GTT TGG CCG GAA AAA CGT GAA ATC GAC TTC AAA TAC ATC CCG,1.831895959120185
GAT GTT GAA CCG GGT AAA TTC TAC AAC GGT GTT GTT ACC CGT ATC GAA AAA TAC GGT GCT TTC ATC AAC CTG AAT GAA CAG GTT CGT GGT CTG CTG CGT CCG CGT GAC ATG ATC TCT CTC CGT CTG GAA AAC CTC AAC GTG GGC GAC GAA ATC ATC GTT CAG GCT ATC GAC GTT CGT CCG GAA AAA CGT GAA ATC GAC TTC AAA TAC ATC CCG,3.885492902878757
GAT GTT GAA CCG GGT AAA TTC TAC AAA GGT GTT GTT ACC CGT ATC GAA AAA TAC GGT GCG TTC ATC AAC CTG AAT GAG CAG GTT CGT GGT CTG CTG TCT CCG CGT GAC ATG ATC TCT CTG CGT CTG GAA AAC CTC AAT GTT GGT GAC GAA ATC ATC GTT CAA GCG ATC GAC GTT CGT CCG GAA AAA CGT GAA ATC CCG TTC AAA TAC ATC CCG,1.2993727489222815
GAC GTT GAA CCG GGT AAA TTC TAC AAG GGT GTG GTT ACC AAA ATC GAG AAA TAC GGT GCG AAA ATC AAC CTG AAC GAA CAG GTT CGT GGT CTG CTC CGT CCG CGC GAC ATG ATT TCT CTC CGC CTG GAG AAC CTC AAT GTT GGT GAC GAG ATC ATC GTT CAA GCG ATT GAC GTT CGT CCG GAA AAA CGT GAA ATC GAC TTC AAA TAC ATC CCG,1.7505990952913222
GAC GTT GAA CCG GGT AAA TTC TAC AAA GGT GTT GTT ACC CGT ATC GAA AAA TAC GGT GCG TTC ATC AAC CTG AAT GAA CAG GTT CGT GGT CTG CTG CTC CCG CGT TAT ATG ATC TCT CTG CGT CTG GAA AAC CTC AAT GTT GGT GAC GAA ATC ATC GTT CAG GCT ATC GAC GTT CGT CCG GAA AAA CGT GAA ATC GAC TTC AAG TAC ATC CCG,3.0505647025163354
GAC GTG GAA CCG GGT AAA TTC TAC AAG GGT GTT GTT ACC GAC ATC GAA AAA TAC GGT GCG GCG ATT AAC CTG AAC GAG CAG GTG CGT GGT CTG CTG CGT CCA CGT GAC ATG ATC TCC CTG CGT CTG GAA AAT CTG AAT GTT GGC GAT GAA ATC ATT GTG CAG GCG ATT GAT GTT CGC CCA GAA AAA CGT GAA ATC GAC TTC AAA TAC ATC CCG,0.5655399306957913
TGT GTT GAA CCG GGT AAA TTC TAC AAA GGC GTT GTT ACC CGT ATC GAG AAA TAC GGT GCG TTC ATC AAC CTG AAT GAA CAG GTT CGT GGT CTG CTG CGC CCA CGC GAT ATG ATT TCT CTG CGT CTG GAA AAT CTG AAC GTT GGT GAC GAG ATC ATC GTT CAA GCT ATC GAC GTT CGC CCA GAA AAA CGT GAA ATC GAC TTC AAA TAC ATC CCG,4.785441466870423
GAC GTT GAA CCG GGT AAA TTC TAC AAG GGT GTT GTT ACC CGT ATC GAA AAA TAC GGT GCG TTC ATC AAC CTG AAC GAG CAG GTT CGT GGT CTG CTC CGT CCG CGT GTT ATG ATC TCT CTG CGC CTG GAA AAT CTG AAC GTT GGT GAC GAA ATC ATC GTT CAA GCG ATC GAC GTG CGT CCG GAA AAA CGT GAA ATC GAC TTC GAA TAC ATC CCA,1.9028946551588004
GAT GTT GAA CCG GGT AAA TTC TAC AAA GGT GTT GTT ACC CGT ATC GAA AAG TAT GGT GCG TTC ATC AAC CTC AAC GAA CAG GTT CGT GGT CTG CTG CGT CCG CGT ACC ATG ATC TCT CTC CGT CTG GAA AAC CTG AAC GTT GGT GAC GAA ATC ATC GTG CAG GCG ATC GAC GTT CGT CCG GAA AAA CGT GAA ATC CCG TTC AAA TAC ATC CCG,0.7604334327169142
GAC GTT GAG CCG GGT AAA TTC TAC AAA GGT GTT GTT ACC CGT ATC GAA AAA TAC GGT GCG TTC ATC AAT CTG AAT GAA CAG GTT CGT GGC CTC CTG CAG CCA CGT GAT ATG ATC TCT CTG CGT CTG GAA AAC CTG AAC GTT GGT GAC GAA ATC ATC GTG CAG GCG ATC GAC GTT CGT CCG GAA AAG CGT GAA ATC AAT TTC AAG TAC ATC CCG,2.619097907334824
GAC GTT GAA CCG GGT AAA TTC TAC AAA GGT GTT GTT ACC CGT ATC GAA AAA TAC GGT GCG TTC ATC AAT CTG AAC GAA CAG GTT CGT GGT CTG CTG CGT CCG CGT GAC ATG ATC TCT CTG CGT CTG GAA AAC CTG AAT GTT GGT GAC GAA ATC ATC GTG CAG GCT GAA GAC GTT CGT CCG GAA AAA CGT GAA ATC GAC TTC AAA TAC ATC CCG,2.528006240643494
GAC GTT GAA CCG GGT AAA TTC TAC AAA GGT GTT GTT ACC CGT ATC GAA AAA TAC GGT GCG TTC ATC AAC CTG AAC GAA CAG GTT CGT GGT CTG CTG CGT CCG CGT GAC ATG ATC TCT CTG CGT CTG GAA AAT CTG AAC TTC GGT GAC GAA ATC ATC GTG CAG GCT ATC GAC GTT CGT CCG GAA AAA CGT GAA ATC GAC TTC AAA TAC ATC CCG,3.0762156167310843
GAT GTT GAA CCG GGT AAA TTC TAC AAA GGT GTT GTT ACC CGT ATC GAA AAA TAC GGT GCG TTC ATC AAT CTG AAT GAG CAG GTT CGC GGT CTG CTC GCG CCA CGT GAC ATG ATC TCT CTG CGT CTC GAA AAC CTC AAT GTT GGT GAT GAA ATC ATC GTT CAG GCG ATC GAT GTT CGC CCA GAA AAA CGT GAA ATC CTG TTC AAA TAC ATC CCG,2.61517216043954
GAC GTT GAA CCG GGT AAA TTC TAC AAA GGT GTT GTT ACC CGT ATC GAA AAA TAC GGT GCG TTC ATC AAC CTG AAT GAA CAG GTT CGT GGT CTG CTG ATG CCA CGT AAA ATG ATC TCT CTG CGT CTG GAA AAT CTG AAC GTT GGT GAC GAA ATC ATC GTG CAG GCG ATT GAT GTT CGT CCG GAA AAA CGT GAA ATC GAC TTC AAA TAC ATC CCG,2.0585945009686
GAC GTT GAA CCG GGT AAA TTC TAC AAA GGT GTT GTT ACC CGT ATC GAA AAA TAC GGT GCG TTC ATC AAC CTG AAC GAA CAG GTT CGT GGT CTG CTC CGT CCG CGT CGT ATG ATC TCT CTG CGT CTG GAA AAT CTG AAT GTT GGT GAC GAA ATC ATC GTG CAG GCG ATT GAC GTG CGT CCG GAA AAA CGT GAA ATC CCG TTC AAA TAC ATC CCG,1.094613485518996
GAC GTT GAA CCG GGT AAA TTC TAC AAA GGT GTT GTT ACC CGT ATC GAA AAA TAC GGT GCG TTC ATC AAC CTG AAC GAA CAG GTT CGT GGT CTG CTG CGT CCG CGT GAC ATG ATC TCT CTG CGT CTG GAA AAC CTC AAT GTT GGT GAC GAA ATC ATC GAG CAG GCG ATT GAC GTT CGT CCG GAA AAA CGT GAA ATC GAC TTC AAA TAC ATC CCG,-0.3364233736963705
GAC GTT GAA CCG GGT AAG TTC TAC AAA GGT GTT GTT ACC CGT ATC GAA AAA TAC GGT GCG TTC ATC AAC CTG AAC GAA CAG GTT CGT GGC CTC CTG CGT CCG CGT TAC ATG ATC TCT CTG CGT CTG GAA AAC CTC AAT GTG GGT GAC GAA ATC ATC GTT CAA GCG ATC GAC GTT CGT CCA GAA AAA CGT GAA ATC GAC TTC AAC TAC ATC CCG,2.135172983766635
GAC GTT GAA CCG GGT AAA TTC TAC AAA GGT GTT GTT ACC CGT ATC GAA AAA TAC GGT GCG TTC ATC AAT CTG AAC GAA CAG GTT CGT GGT CTG CTG CGT CCG CGT GGT ATG ATC TCT CTG CGT CTG GAA AAC CTG AAT GTT GGT GAC GAA ATC ATC GTT CAA GCG ATC GAC GTT CGT CCG GAA AAA CGT GAA ATC CCG TTC AAA TAC ATC CCG,1.1636666317150612
GAC GTT GAA CCG GGC AAA TTC TAC AAA GGT GTT GTT ACC CGT ATC GAA AAA TAC GGT GCG TTC ATC AAC CTG AAC GAA CAA GTT CGT GGT CTG CTG CGT CCG CGT GAC ATG ATC TCT CTG CGT CTG GAA ATG CTG AAC GTT GGT GAC GAA ATC ATT GTT CAG GCG ATC GAC GTT CGT CCG GAA AAA CGT GAA ATC GAC TTC AAA TAC ATC CCG,5.680863189945408
GAT GTT GAA CCG GGT AAA TTC TAC AAA GGT GTT GTT ACC CGT ATC GAA AAA TAC GGT GCG TTC ATC AAT CTG AAT GAG CAG GTT CGT GGT CTG CTG GAC CCG CGT GAC ATG ATC TCT CTG CGT CTG GAA AAC CTG AAT GTT GGT GAC GAA ATC ATC GTT CAG GCG ATC GAC GTT CGT CCG GAA AAA CGT GAA ATC CAG TTC AAA TAC ATC CCG,2.181951752317313
GAC GTT GAA CCG GGT AAA TTC TAC AAA GGT GTT GTT ACC CGT ATC GAA AAA TAC GGT GCG CAG ATC AAC CTG AAT GAA CAG GTT CGT GGT CTG CTG CGT CCG CGT GAC ATG ATC TCT CTG CGC CTG GAA AAT CTG AAC GTT GGT GAC GAA ATC ATC GTT CAG GCG ATT GAC GTG CGT CCA GAA AAA CGT GAA ATC GAC TTC AAA TAC ATC CCG,2.917285859421782
GAC GTT GAA CCG GGT AAG ACC TAC AAG GGT GTT GTT ACC CGT ATC GAA AAA TAC GGT GCG TTC ATC AAC CTC AAC GAA CAG GTT CGT GGT CTG CTG CGT CCA CGT GAC ATG ATC TCT CTG CGT CTG GAA AAC CTG AAC GTT GGT GAC GAA ATC ATC GTT CAA GCG ATT GAC GTG CGT CCG GAG AAA CGT GAA ATC GAC TTC AAA TAC ATC CCG,3.721456279180874
GAT GTG GAA CCG GGT AAA TTC TAC AAA GGT GTT GTT ACC CGT ATC GAA AAA TAC GGT GCG TTC ATC AAT CTC AAC GAA CAG GTT CGT GGT CTG CTG CGT CCG CGC GTT ATG ATC TCC CTG CGC CTC GAA AAT CTG AAT GTG GGT GAC GAA ATC ATT GTT CAG GCG ATT GAC GTT CGT CCG GAA AAA CGT GAA ATC GAC TTC CAC TAC ATC CCG,1.8394813765012832
GAC GTT GAA CCG GGT AAG TTC TAC AAA GGT GTT GTT ACC CGT ATC GAA AAA TAC GGT GCG TTC ATC AAC CTC AAC GAA CAG GTT CGT GGT CTG CTG CGT CCG CGT GCG ATG ATC TCT CTG CGT CTG GAA AAT CTC AAC GTG GGT GAC GAA ATC ATC GTT CAG GCT ATC GAC GTT CGT CCG GAG AAA CGT GAA ATT TAC TTC AAA TAC ATC CCG,2.880238308448092
GAC GTT GAA CCG GGC AAA TTC TAC AAA GGT GTT GTT ACC CGT ATC GAA AAA TAC GGT GCG TTC ATC AAC CTG AAC GAA CAG GTT CGT GGT CTG CTG CGT CCA CGT TGG ATG ATC TCT CTG CGT CTG GAG AAC CTC AAT GTG GGC GAC GAA ATC ATC GTT CAA GCG ATC GAC GTT TAT CCG GAA AAA CGT GAA ATC GAC TTC AAA TAC ATC CCG,2.579946682531709
GAC GTT GAA CCG GGT AAA TTC TAC AAA GGT GTT GTT ACC TGC ATC CGT AAA TAC GGT GCG TTC ATC AAT CTG AAC GAG CAG GTT CGC GGT CTG CTC CGT CCG CGT GAC ATG ATC TCT CTG CGC CTG GAA AAC CTG AAC GTT GGT GAT GAA ATC ATC GTG CAG GCG ATC GAC GTT CGT CCG GAA AAA CGT GAA ATC GAC TTC AAA TAC ATC CCG,4.050796731489691
GAC GTT GAA CCG GGT AAA TTC TAC AAA GGT GTT GTT ACC CGT ATC GAA AAA TAC GGT GCG TTC ATC AAC CTG AAT GAA CAG GTT CGT GGT CTG CTC CGT CCA CGC TTC ATG ATC TCT CTG CGT CTC GAA AAC CTC AAC GTG GGT GAC GAA ATC ATC GTT CAG GCG ATC GAT GTT CGT CCG GAA AAA CGT GAA ATC TGG TTC AAG TAC ATC CCG,3.1403740682564463
GAC GTT GAA CCG GGT AAA TTC TAC AAG GGT GTT GTT ACC CGT ATC GAA AAA TAC GGT GCG TTC ATC AAC CTG AAT GAA CAG GTT CGT GGT CTG CTG CGT CCG CGT GAC ATG ATC TCC CTG CGT CTG GAA AAC CTC AAT GTT GGT GAC GAA ATC ATC GTT CAG GCG ATT GAC GTT CGT GAA GAA AAA CGT GAA ATC GAC TTC AAA TAC ATC CCG,4.1083434329501705
GAC GTT GAA CCG GGC AAA TTC TAC AAA GGT GTT GTT ACC CGT ATC GAA AAA TAC GGT GCG TTC ATC AAC CTC AAC GAA CAA GTT CGT GGT CTG CTG ATC CCG CGT GAC ATG ATC TCT CTG CGT CTG GAA AAC CTG AAT GTT GGT GAC GAA ATC ATC GTT CAG GCG ATT GAC GTT TTC CCG GAA AAA CGT GAA ATC GAC TTC AAA TAC ATC CCG,1.993689841831269
GAC GTT GAA CCG GGT AAG TTC TAC AAA GGT GTT GTT ACC CGT ATC GAA AAA TAC GGT GCG TTC ATC AAC CTC AAC GAG CAG GTT CGT GGT CTG CTG CGT CCG CGT CTG ATG ATC TCT CTG CGT CTG GAG AAC CTG AAC GTT GGT GAC GAA ATC ATT GTG CAA GCG ATT GAC GTT CAC CCG GAA AAA CGT GAA ATC GAC TTC AAA TAC ATC CCG,2.0366514878476663
GAC GTT GAA CCG GGT AAA TTC TAC AAA GGT GTT GTT ACC CGT ATC GAA AAA TAC GGC GCG TTC ATC AAC CTG AAT GAA CAG GTT CGT GGT CTG CTG CGT CCG CGT GAC ATG ATC TCT CTG CGT CTG GAA AAT CTG AAC GTT GGT GAC GAA ATC ATC GTT CAG GCG ATC GAC GTT GTT CCG GAG AAA CGT GAA ATC CCG TTC AAG TAC ATC CCG,1.802320387620672
GAT GTT GAA CCG GGT AAA TTC TAC AAA GGT GTT GTT ACC CGT ATC GAA AAG TAC GGT GCG TTC ATC AAC CTC AAC GAA CAG GTT CGT GGT CTG CTG CGT CCA CGC GAC ATG ATC TCT CTG CGT CTG GAA AAC AAA AAC GTT GGT GAC GAA ATC ATC GTT CAG GCG ATC GAC GTT CGT CCG GAA AAG CGT GAA ATC GAC TTC AAA TAC ATC CCG,1.1979772377154458
GAC GTT GAA CCG GGT AAA TTC TAC AAA GGT GTT GTT ACC CGT ATC GAA AAA TAC GGT GCG TTC ATC AAC CTC AAC GAA CAG GTT CGT GGT CTG CTG AAA CCA CGT TAC ATG ATC TCT CTG CGT CTG GAA AAT CTG AAC GTT GGT GAC GAA ATC ATC GTT CAG GCG ATC GAT GTT CGT CCG GAA AAA CGT GAA ATC GAC TTC AAA TAC ATC CCG,3.52687164259022
GAC GTT GAA CCG GGT AAA TTC TAC AAA GGT GTT GTT ACC CGT ATC GAA AAA TAC GGT GCG TTC ATC AAT CTC AAC GAA CAG GTT CGT GGT CTG CTG CGT CCG CGT GAC ATG ATC TCT CTG CGT CTG GAA AAC CTG AAC GTT GGT GAC GAA ATC ATC GTG CAA GCG ATC GAC GTT TAT CCG GAA AAA CGT GAA ATC TCT TTC AAA TAC ATC CCG,3.836281809271238
GAT GTT GAA CCG GGT AAA TTC TAC AAA GGC GTT GTT ACC CGC ATC GAA AAA TAC GGT GCG TTC ATC AAC CTG AAC GAA CAG GTG CGT GGT CTG CTG ATG CCA CGC GAA ATG ATT TCC CTG CGT CTC GAA AAC CTC AAT GTT GGT GAC GAA ATT ATC GTT CAA GCG ATC GAT GTT CGC CCG GAA AAA CGT GAA ATC GAC TTC AAG TAC ATC CCA,2.2069251250358946
GAC GTT GAA CCG GGT AAA TTC TAC AAG GGT GTT GTT ACC CGT ATC GAA AAA TAC GGT GCG TTC ATC AAC CTG AAT GAA CAG GTT CGT GGT CTG CTG GCT CCG CGC TTC ATG ATC TCT CTG CGT CTG GAA AAT CTG AAC GTT GGT GAC GAA ATC ATC GTT CAG GCT ATC GAC GTT CGT CCG GAA AAA CGT GAA ATC GAC TTC AAA TAC ATC CCG,2.5803584935189896
GAC GTT GAA CCG GGT AAA TTC TAC AAA GGT GTT GTT ACC CGT ATC GAA AAA TAC GGT GCG TTC ATC AAC CTC AAC GAG CAG GTT CGT GGT CTG CTG GTT CCG CGT GAC ATG ATC TCT CTG CGC CTG GAA AAC CTG AAC GTT GGT GAC GAA ATC ATT GTT CAA GCG ATC GAC GTT TAC CCA GAA AAA CGC GAA ATC GAC TTC AAA TAC ATC CCG,2.084221123608473
GAC GTT GAA CCG GGT AAA TTC TAC AAA GGT GTT GTT ACC CGT ATC GAA AAA TAC GGT GCG TTC ATC AAC CTC AAC GAA CAG GTT CGT GGT CTG CTG CGT CCG CGT GAC ATG ATC TCT CTG CGT CTG GAA AAC CTG AAT GTG GGT GAC GAA ATC ATC GTT CAA GCG ATC GAC GTT CGT CCG AAA AAG CGC GAA ATC GAC TTC AAA TAC ATC CCG,4.5884674285398805
GAC GTT GAA CCG GGT AAA TTC TAC AAA GGT GTT GTT ACC CGT ATC GAA AAA TAC GGT GCG TTC ATC AAC CTG AAC GAA CAG GTT CGT GAC CTG CTG CGT CCG CGT GAC ATG ATC TCT CTG CGT CTG GAA AAC CTC AAT GTT GGT GAC GAA ATC ATC GTG CAG GCG ATT GAC GTT CGT CCG GAA AAA CGT GAA ATC GAC TTC AAA TAC ATC CCG,1.3860672286124824
GAC GTT GAA CCG GGT AAA TTC TAC AAA GGT GTT GTT ACC CGT ATC GAA AAA TAC GGT GCG TTC ATC AAC CTG AAC GAA CAG GTT CGT GGT CTG CTG CGT CCG CGT GAC ATG ATT TCT CTG CGT CTG GAA AAT CTG AAC GTT GGT GAC GAA ATT ATC GTG CAA GCG ATC GAC GTT ATG CCG GAG AAA CGT GAG ATC ATT TTC AAA TAC ATC CCG,3.748627332306884
GAT GTT GAA CCG GGT AAA TTC TAC AAA GGT GTT GTT ACC CGT ATC GAA AAA TAC GGT GCG TTC ATC AAC CTC AAT GAA CAG GTT CGT GGT CTG CTG CGT CCG CGT GAC ATG ATC TCT CTG CGT CTG GAA AAT CTC AAC GTG GGT GAC GAA ATC ATT GTT CAG GCG ATC CAG GTG CGT CCA GAA AAA CGT GAA ATC GAC TTC AAA TAC ATC CCG,6.566364740848611
GAT GTT GAA CCG GGC AAA TTC TAC AAA GGT GTT GTT ACC ATC ATC TGG AAA TAC GGT GCG TTC ATC AAC CTC AAC GAA CAG GTT CGT GGC CTG CTG CGT CCG CGT GAT ATG ATC TCT CTG CGT CTG GAG AAT CTG AAC GTT GGT GAC GAA ATC ATT GTG CAG GCT ATC GAC GTT CGT CCG GAG AAG CGT GAA ATC GAC TTC AAG TAC ATC CCG,3.5361289416803654
GAC GTT GAA CCG GGT AAG TTC TAC AAA GGT GTT GTT ACC AAA ATC ACC AAG TAC GGT GCG TTC ATC AAC CTC AAT GAA CAG GTT CGT GGT CTG CTC CGT CCG CGT GAC ATG ATC TCT CTG CGT CTG GAA AAC CTG AAC GTT GGT GAC GAA ATT ATC GTT CAA GCG ATC GAC GTG CGC CCA GAA AAA CGT GAA ATC GAC TTC AAA TAC ATC CCG,5.690253647203816
GAC GTT GAA CCG GGT AAA TTC TAC AAA GGT GTT GTT ACC CGT ATC GAA AAA TAC GGT GCG TTC ATC AAT CTG AAC GAA CAG GTT CGT GGT CTG CTG CCA CCG CGT GAC ATG ATC TCT CTG CGT CTG GAG AAC CTG AAT GTT GGT GAC GAA ATC ATC GTG CAG GCT ATT GAC GTT ACT CCA GAG AAG CGT GAA ATT GAC TTC AAA TAC ATC CCG,0.97091809606279
GAC GTT GAA CCG GGT AAA TTC TAC AAG GGT GTT GTG ACC ATC ATC TGC AAA TAC GGT GCG TTC ATC AAC CTG AAC GAG CAG GTT CGT GGT CTG CTC CGT CCG CGT GAC ATG ATC TCT CTG CGT CTG GAA AAT CTG AAC GTT GGT GAC GAA ATC ATT GTT CAG GCG ATC GAC GTT CGT CCG GAA AAA CGT GAA ATC GAC TTC AAA TAC ATC CCG,3.956643569712449
GAT GTT GAA CCG GGT AAA TTC TAC AAA GGT GTT GTT ACC CGT ATC GAA AAA TAC GGT GCG TTC ATC AAT CTG AAT GAA CAG GTT CGT GGT CTG CTC CAG CCG CGT GAC ATG ATC TCT CTG CGT CTG GAA AAC CTG AAC GTT GGT GAC GAA ATC ATC GTG CAG GCG ATT GAC GTT ATC CCG GAA AAA CGT GAA ATC GAC TTC AAA TAC ATC CCG,1.4826303651554944
GAC GTT GAA CCG GGT AAA TTC TAC AAA GGT GTT GTT ACC CGT ATC GAA AAA TAC GGT GCG TTC ATC AAT CTG AAC GAA CAG GTT CGT GGT CTG CTG CGT CCG CGT GAC ATG ATC TCT CTG CGT CTG GAA AAC CTG AAC GTT GGT GAC GAA ATC ATC GTT CAA GCG ATC GAC GTT ATG CCG GAA AAA CGT GAA ATC TCC TTC AAG TAC ATC CCG,3.6123071863817833
GAT GTT GAA CCG GGT AAA TTC TAC AAA GGT GTT GTT ACC TCC ATC GAA AAA TAC GGT GCG GTT ATC AAC CTC AAC GAG CAG GTT CGT GGT CTG CTG CGT CCA CGT GAT ATG ATC TCT CTG CGC CTG GAA AAC CTG AAC GTT GGC GAC GAA ATC ATT GTG CAG GCG ATC GAC GTT CGT CCG GAA AAA CGT GAA ATC GAC TTC AAA TAC ATT CCG,3.635041514891783
GAC GTT GAA CCG GGC AAA TTC TAC AAA GGT GTT GTT ACC CGT ATC GAA AAG TAC GGT GCG TTC ATC AAC CTG AAT GAA CAG GTT CGT GGT CTG CTG CGT CCA GTG GAC ATG ATC TCT CTG CGT CTG GAA AAT CTG AAT GTT GGT GAC GAA ATC ATC GTT CAG GCG ATT GAC GTT CGT CCG GAA AAA CGT GAA ATC GAC TTC AAG TAC ATC CCG,4.088858632985247
GAC GTT GAA CCG GGT AAA TTC TAC AAA GGT GTT GTT ACC CGT ATC GAA AAA TAC GGT GCG TTC ATC AAC CTG AAC GAA CAG GTT CGT GGT CTG CTG ATG CCG CGT GAC ATG ATC TCT CTG CGT CTG GAA AAT CTG AAT GTT GGT GAC GAA ATC ATC GTT CAA GCG ATC GAC GTG CAG CCG GAA AAA CGT GAA ATC GAC TTC AAA TAC ATC CCG,1.7175251896429151
GAT GTT GAA CCG GGT AAA TTC TAC AAA GGT GTT GTT ACC CGT ATC GAA AAA TAC GGT GCG TTC ATC AAT CTG AAT GAA CAG GTT CGT GGT CTG CTG CGT CCG CGT GAC ATG ATC TCT CTG CGT CTG GAA AAC CTG AAC GTT GGT GAC GAA ATC ATC GTT CAA GCG ATC GAC GTT ATC CCG GAA AAA CGT GAA ATC CTC TTC AAA TAC ATC CCG,4.168465172983021
GAC GTT GAA CCG GGT AAA TTC TAC AAA GGT GTT GTT ACC CGT ATC GAA AAA TAC GGT GCG TTC ATC AAT CTC AAC GAA CAG GTT CGT GGT CTG CTG GTT CCG CGT GAC ATG ATC TCT CTG CGT CTG GAA AAC CTC AAT GTT GGT GAC GAA ATC ATC GTT CAG GCG ATC GAC GTT CGT CCG GAA AAA CGT GAA ATC CCG TTC AAA TAC ATC CCG,1.079737790255685
GAC GTT GAA CCG GGT AAA TTC TAC AAA GGT GTT GTT ACC CGT ATC GAA AAA TAC GGT GCG TTC ATC AAC CTC AAC GAA CAG GTG CGT GGT CTG CTG CGT CCG CGC AAC ATG ATC TCT CTG CGT CTG GAA AAT CTC AAT GTT GGT GAC GAA ATC ATC GTT CAA GCG ATC GAC GTT CGT CCG GAG AAA CGT GAG ATC AAC TTC AAA TAC ATC CCG,4.193073600542085
GAC GTT GAA CCG GGC AAA TTC TAC AAA GGC GTT GTT ACC ACT ATC GAA AAA TAC GGT GCG TAC ATC AAC CTG AAC GAA CAG GTT CGT GGC CTC CTG CGT CCG CGT GAC ATG ATC TCT CTG CGT CTG GAA AAT CTC AAT GTG GGT GAC GAA ATC ATC GTT CAA GCG ATC GAT GTT CGT CCG GAA AAA CGT GAA ATC GAC TTC AAA TAC ATC CCG,3.2813557079124074
GAC GTG GAA CCG GGT AAA TTC TAC AAA GGC GTT GTT ACC CGT ATC GAA AAA TAC GGT GCG TTC ATC AAC CTC AAC GAA CAG GTT CGT GGC CTC CTG CGC CCA CGT ATT ATG ATC TCT CTG CGC CTG GAG AAC CTG AAT GTT GGT GAC GAA ATC ATT GTT CAG GCT ATC GAC GTT CGT CCG GAA AAA CGT GAA ATC GAC TTC TTC TAC ATC CCG,2.070792835141159
GAC GTT GAA CCG GGT AAA TTC TAC AAA GGT GTT GTT ACC CGT ATC GAA AAA TAC GGT GCG TTC ATC AAT CTG AAC GAG CAG GTT CGT GGT CTG CTG CGT CCA CGT AAA ATG ATC TCT CTG CGT CTG GAA AAC CTG AAT GTG GGT GAC GAA ATT ATC GTT CAA GCG ATC GAC GTT CCG CCG GAA AAA CGT GAA ATC GAC TTC AAA TAC ATC CCG,1.1959472912799074
GAC GTT GAA CCG GGT AAA TTC TAC AAA GGT GTT GTT ACC CGT ATC GAA AAA TAC GGT GCG TTC ATC AAC CTG GAA GAA CAG GTT CGT GGT CTG CTG CGT CCG CGT GAC ATG ATC TCT CTG CGT CTG GAA AAC CTG AAC GTT GGT GAC GAA ATC ATC GTT CAA GCG ATT GAC GTT CGT CCG GAA AAA CGT GAA ATC GAC TTC AAA TAC ATC CCG,3.3582865748834125
GAC GTT GAA CCG GGC AAA TTC TAC AAA GGT GTT GTT ACC CGT ATC GAA AAA TAC GGT GCG TTC ATC AAT CTG AAT GAA CAG GTG CGT GGT CTG CTG CGT CCG CGT CCG ATG ATC TCC CTG CGT CTG GAA AAC CTG AAC GTT GGT GAT GAA ATT ATC GTG CAG GCG ATC GAT GTT CGT CCG GAA AAA CGT GAA ATC ATG TTC AAG TAC ATC CCG,1.4628787481255818
GAT GTT GAA CCG GGC AAA TTC TAC AAA GGT GTT GTT ACC CGT ATC GAA AAA TAC GGT GCG TTT ATC AAC CTC AAC GAA CAG GTT CGT CTG CTG CTC CGT CCG CGT GAC ATG ATC TCT CTG CGT CTG GAG AAC CTG AAT GTT GGT GAC GAA ATC ATC GTT CAG GCG ATC GAC GTT CGC CCG GAA AAA CGT GAA ATC GAC TTC AAA TAC ATT CCA,2.754960348862051
GAT GTT GAA CCG GGT AAG TTC TAC AAA GGT GTT GTT ACC CGT ATC GAA AAA TAC GGT GCG TTC ATC AAC CTC AAT GAA CAG GTT CGT GGT CTG CTG CGT CCA CGT TCT ATG ATC TCT CTG CGT CTG GAA AAC CTG AAT GTT GGT GAC GAA ATC ATC GTT CAG GCG ATC GAC GTT CGT CCG GAA AAA CGT GAA ATC GAC TTC TAC TAC ATC CCG,2.4397186268276854
GAC GTT GAG CCG GGT AAA TTC TAC AAG GGT GTT GTT ACC CGT ATC GAA AAA TAC GGT GCT TTC ATC AAC CTG AAT GAA CAG GTT CGT GGT CTG CTG CGT CCG CGT GAC ATG ATC TCT CTC CGT CTG GAA AAC CTC AAT GTT GGT GAC GAA ATC ATC GTT CAG GCG ATC GAC GTT CTG CCG GAA AAA CGT GAA ATC GCG TTC AAA TAC ATT CCG,3.268659440588131
GAC GTT GAA CCG GGC AAA TTC TAC AAA GGT GTT GTT ACC CGT ATC GAA AAA TAC GGT GCG TTC ATC AAC CTC AAC GAA CAG GTT CGT GGC CTG CTG CGT CCA CGT CTG ATG ATC TCT CTG CGT CTG GAA AAC CTG AAC GTG GGC GAC GAA ATC ATC GTT CAA GCT ATT GAC GTT CGT CCA GAA AAA CGT GAA ATC GAC TTC CTG TAC ATC CCG,2.3882158247247194
GAC GTT GAA CCG GGT AAA TTC TAC AAG GGT GTT GTT ACC CGT ATC GAA AAA TAC GGT GCG TTC ATC AAC CTC AAC GAA CAG GTT CGT GGC CTG CTG CGT CCG CGT ACC ATG ATC TCT CTG CGT CTG GAA AAC CTG AAT GTT GGT GAC GAA ATC ATC GTT CAG GCG ATC GAT GTT TAC CCA GAA AAA CGT GAA ATC GAC TTC AAA TAC ATC CCG,1.512841080548403
GAC GTT GAA CCG GGT AAA TTC TAC AAA GGT GTT GTT ACC CGT ATC GAA AAA TAC GGT GCG TTC ATC AAC CTG AAC GAA CAG GTT CGT GGT CTG CTG AAA CCG CGT CAG ATG ATC TCT CTG CGT CTG GAA AAT CTG AAC GTT GGT GAC GAA ATC ATC GTT CAA GCG ATC GAC GTT CGT CCG GAA AAA CGT GAA ATC GAC TTC AAA TAC ATC CCG,2.756677060924753
GAT GTT GAA CCG GGT AAG TTC TAC AAA GGT GTT GTT ACC TGC ATC GAA AAA TAC GGT GCG TTC ATC AAC CTG AAC GAA CAG GTT CGT GGT CTG CTG CGT CCG CGT GAC ATG ATC TCT CTG CGT CTG GAA AAT CTG AAC GTT GGC GAC GAA ATC ATC GTT CAA GCG ATC GAC GTT CGT CCG GAA AAA CGT GAA ATC GAC TTC AAA TAC ATC CCG,3.3939649997564514
GAC GTT GAA CCG GGT AAA TTC TAC AAA GGT GTT GTT ACC CGT ATC GAA AAA TAC GGT GCG TTC ATC AAC CTC AAT GAA CAG GTT CGT GGT CTG CTG CGT CCG CGT GAC ATG ATC TCT CTG CGT CTG GAA AAC CTG AAT GTT GGT GAC GAA ATC ATC GTT CAA GCG ATC GAC GTT AAC CCG GAA AAA CGT GAA ATC GAC TTC AAA TAC ATC CCG,4.04713787402584
GAC GTT GAA CCG GGC AAA TTC TAC AAA GGT GTT GTT ACT CCG ATC GAA AAA TAC GGT GCG TTC ATC AAC CTC AAT GAA CAG GTT CGT GGT CTG CTG CGT CCG CGT GAC ATG ATC TCT CTG CGT CTG GAA AAC CTG AAC GTT GGT GAC GAA ATC ATC GTG CAG GCG ATC GAT GTT CGT CCG GAA AAA CGT GAA ATC GAC TTC AAA TAC ATC CCG,-0.1139773075034142
GAT GTT GAA CCG GGT AAG TTC TAC AAA GGT GTT GTT ACC CAG ATC GAA AAA TAC GGT GCG GAA ATC AAC CTC AAC GAA CAA GTT CGT GGT CTG CTG CGT CCG CGT GAC ATG ATC TCT CTG CGT CTC GAA AAC CTG AAT GTT GGT GAC GAA ATC ATC GTG CAG GCG ATC GAT GTT CGT CCG GAA AAA CGT GAA ATC GAC TTC AAA TAC ATC CCA,1.198440686278531
GAC GTT GAA CCG GGT AAA TTC TAC AAA GGT GTT GTT ACC CGT ATC GAA AAA TAC GGT GCG TTC ATC AAT CTG AAC GAA CAG GTT CGT GGT CTG CTG GGT CCG CGT TAC ATG ATC TCT CTG CGT CTG GAA AAC CTG AAC GTT GGT GAC GAA ATC ATC GTG CAG GCG ATC GAT GTG CGT CCG GAA AAA CGT GAA ATC GAC TTC AAA TAC ATC CCG,2.041882099252424
GAT GTG GAA CCG GGC AAA TTC TAC AAA GGT GTT GTT ACC CGT ATC GAA AAA TAC GGT GCG TTC ATC AAC CTG AAT GAG CAG GTT CGT GGT CTG CTG CGT CCG CGT ACC ATG ATC TCC CTC CGT CTG GAA AAC CTC AAT GTT GGT GAC GAA ATC ATC GTT CAG GCG ATT GAT GTT CGC CCA GAA AAA CGT GAA ATC GAC TTC TTC TAC ATT CCA,1.7513783726188472
GAC GTT GAA CCG GGT AAA TTC TAC AAA GGT GTT GTT ACC CGT ATC GAA AAA TAC GGT GCG TTC ATC AAC CTG AAC GAA CAG GTT CGT GGT CTG CTG GCT CCA CGC CTG ATG ATC TCT CTG CGT CTG GAA AAC CTC AAT GTT GGT GAC GAA ATC ATC GTG CAA GCG ATC GAC GTT CGT CCG GAA AAA CGT GAA ATC GAC TTC AAA TAC ATC CCG,2.0075934688644708
GAC GTT GAA CCG GGC AAA TTC TAC AAA GGT GTT GTT ACC CGT ATC GAA AAA TAC GGT GCG TTC ATC AAC CTG AAC GAA CAA GTT CGT GGT CTG CTG CGT CCG AAC GAT ATG ATC TCT CTG CGT CTG GAA AAT CTG AAT GTT GGT GAC GAA ATC ATT GTT CAG GCG ATT GAC GTT CGT CCG GAA AAA CGT GAA ATC GAC TTC AAA TAC ATC CCA,4.280186023442087
GAC GTT GAA CCG GGT AAA TTC TAC AAA GGT GTT GTT ACC CAC ATC CAC AAA TAC GGT GCG TTC ATC AAC CTC AAT GAG CAG GTT CGT GGT CTG CTG CGT CCG CGT GAC ATG ATC TCT CTG CGT CTG GAA AAC CTG AAT GTT GGT GAC GAA ATC ATC GTT CAG GCT ATC GAC GTT CGT CCG GAA AAA CGT GAA ATC GAC TTC AAA TAC ATC CCG,3.8646818650796737
GAC GTT GAA CCG GGT AAA TTC TAC AAA GGT GTT GTT ACC GGC ATC GAA AAA TAC GGT GCG CCG ATC AAC CTG AAC GAG CAG GTT CGT GGT CTG CTC CGT CCA CGT GAC ATG ATC TCT CTG CGT CTG GAA AAT CTG AAC GTG GGT GAC GAA ATC ATC GTT CAA GCG ATC GAT GTT CGT CCG GAA AAA CGT GAA ATC GAC TTC AAA TAC ATC CCG,-0.1537954285076876
GAC GTT GAA CCG GGT AAA TTC TAC AAA GGT GTT GTT ACC CGT ATC GAA AAA TAC GGT GCG TTC ATC AAC CTG AAT GAA CAG GTT CGC GGC CTG CTG CGT CCA CGT GAC ATG ATC TCT CTG CGT CTG GAA AAC CTC AAC GTG GGT GAC GAA ATC ATT GTT CAA GCG ATC GAC GTT CGT CCG GAA AAA CGT TGC ATC GAC TTC AAA TAC ATC CCG,3.621524098829532
GAC GTT GAA CCG GGT AAA TTC TAC AAA GGT GTT GTT ACC CGT ATC GAA AAA TAC GGT GCG TTC ATC AAC CTC AAT GAG CAG GTT CGT GGT CTG CTG CGT CCG CGT GAC ATG ATC TCT CTG CGT CTG GAA AAC CTG AAC GTG GGT GAC GAA ATC ATT GTT CAG GCG ATC GAC GTT CGT CCG GAA AAA CGT GAA ATC GAC TTC AAA TGG ATT CCG,4.061128428191273
GAC GTT GAA CCG GGT AAA TTC TAC AAA GGC GTT GTT ACC CGT ATC GAA AAA TAC GGT GCG TTC ATC AAC CTC AAC GAA CAG GTT CGT GGT CTG CTG CGT CCG CGT CGC ATG ATC TCT CTG CGT CTG GAA AAC CTG AAC GTT GGT GAC GAA ATC ATC GTG CAG GCG ATC GAC GTT CGT CCG GAA AAA CGT GAA ATT ATG TTC AAA TAC ATC CCG,2.1110984745242085
GAC GTT GAA CCG GGT AAA TTC TAC AAA GGT GTT GTT ACC CGT ATC GAA AAA TAC GGT GCG TTC ATC AAC CTC AAC GAA CAG GTT CGT GGT CTG CTG CGT CCG CGT GAC ATG ATC TCT CTG CGT CTG GAA AAC CTG AAC GTT GGT GAC GAA ATC ATC GTT CAA GCG ATC GAC GTT CGC CCG ATG AAA CGT GAA ATC GAC TTC AAA TAC ATC CCG,4.38832320334744
GAC GTT GAA CCG GGT AAA TTC TAC AAA GGT GTT GTT ACC CGT ATC GAA AAA TAC GGT GCG TTC ATC AAC CTG AAC GAA CAG GTT CGT GGT CTG CTG GTT CCG CGT GAC ATG ATC TCT CTG CGT CTG GAA AAC CTC AAT GTG GGT GAC GAA ATC ATT GTT CAG GCG ATC GAC GTT GGT CCG GAA AAA CGT GAA ATC GAC TTC AAA TAC ATC CCG,2.0706016620707457
GAC GTT GAG CCG GGT AAA TTC TAC AAA GGC GTT GTT ACC TAC ATC CCG AAA TAT GGT GCG TTC ATC AAC CTG AAT GAA CAG GTG CGT GGT CTG CTG CGT CCG CGT GAC ATG ATC TCT CTG CGT CTC GAA AAT CTC AAT GTT GGT GAC GAA ATC ATC GTT CAG GCG ATC GAC GTT CGT CCA GAA AAA CGT GAA ATC GAC TTC AAG TAT ATC CCA,2.113204330036333
GAC GTT GAA CCG GGT AAA TTC TAC AAA GGC GTT GTT ACC CAC ATC GAA AAA TAC GGT GCG GTT ATC AAC CTC AAC GAA CAG GTT CGT GGC CTC CTG CGC CCA CGC GAC ATG ATC TCC CTG CGT CTG GAG AAC CTG AAC GTT GGT GAC GAA ATC ATT GTT CAG GCG ATC GAC GTT CGT CCG GAA AAA CGT GAA ATC GAC TTC AAA TAC ATC CCG,3.00542547660782
GAC GTT GAA CCG GGT AAA TTC TAC AAA GGT GTT GTT ACC CGT ATC GAA AAA TAC GGT GCG TTC ATC AAC CTG AAC GAA CAG GTT CGT GGT CTG CTG CGT CCG CGT GAC ATG ATC TCT CTG CGT CTG GAA AAT CTG AAC GTT GGT GAC GAA ATC ATC GTT CAA GCG ATC GAC GTT AAA CCG GAA AAG CGT GAA ATC AAA TTC AAA TAC ATC CCG,4.006198866239608
GAT GTT GAA CCG GGT AAA TTC TAC AAG GGT GTT GTT ACC CGT ATC GAA AAA TAC GGT GCG TTC ATC AAC CTG AAC GAA CAG GTG CGT GGT CTG CTC CGC CCA CGC CGC ATG ATC TCC CTC CGT CTG GAA AAT CTG AAC GTT GGT GAC GAA ATT ATC GTG CAG GCG ATC GAC GTT CGT CCG GAA AAA CGT GAA ATC GAC TTC AAC TAC ATC CCG,1.9247752003232568
GAC GTT GAA CCG GGT AAA TTC TAC AAA GGT GTT GTT ACC CGT ATC GAA AAA TAC GGT GCG TTC ATC AAC CTC AAC GAA CAG GTT CGT GGT CTG CTG CGT CCG CGT TCT ATG ATC TCT CTG CGT CTG GAA AAC CTG AAT GTT GGT GAC GAA ATC ATT GTT CAA GCT ATC GAC GTG GAG CCG GAA AAA CGT GAA ATC GAC TTC AAA TAC ATC CCG,1.6245084297927774
GAC GTT GAA CCG GGT AAA TTC TAC AAA GGT GTT GTT ACC CGT ATC GAA AAA TAC GGT GCG TTC ATC AAT CTG AAC GAA CAG GTT CGT GGT CTG CTG CGT CCG CGT TAC ATG ATC TCT CTG CGT CTG GAA AAC CTG AAC GTT GGT GAC GAA ATC ATC GTT CAA GCG ATC GAC GTT ATC CCG GAA AAA CGT GAA ATC GAC TTC AAA TAC ATC CCG,2.2344330689830105
GAC GTT GAA CCG GGT AAA TTC TAC AAA GGT GTT GTT ACC CGT ATC GAA AAA TAC GGT GCG TTC ATC AAC CTG AAC GAA CAG GTT CGT GGT CTG CTG CCG CCA CGT CTG ATG ATC TCT CTG CGT CTG GAA AAT CTG AAT GTT GGT GAC GAA ATC ATC GTG CAA GCG ATC GAT GTT CGT CCG GAA AAA CGT GAA ATC GAC TTC AAA TAC ATC CCG,2.094624906457148
GAC GTT GAA CCG GGT AAA TTC TAC AAA GGT GTT GTT ACC CGT ATC GAA AAA TAC GGT GCG TTC ATC AAC CTG AAC GAG CAG GTT CGT GGT CTG CTG GGT CCG CGT GAT ATG ATC TCT CTG CGT CTG GAA AAC CTC AAT GTT GGT GAC GAA ATC ATC GTT CAA GCG ATC GAC GTT CAC CCG GAA AAA CGT GAA ATC GAC TTC AAA TAC ATC CCG,1.5982400202921787
GAC GTT GAA CCG GGT AAA TTC TAC AAA GGT GTT GTT ACC CGT ATC GAA AAA TAC GGT GCG TTC ATC AAT CTG AAC GAA CAG GTT CGT GGT CTG CTC CGT CCA CTG GAC ATG ATC TCT CTG CGC CTG GAA AAC CTG AAC GTT GGT GAC GAA ATC ATT GTT CAG GCG ATC GAC GTT CGT CCG GAA AAA CGT GAA ATC GAC TTC AAA TAC ATC CCG,3.608468404406743
GAC GTT GAA CCG GGT AAA TTC TAC AAA GGT GTT GTT ACC GAC ATC AAC AAA TAC GGT GCG TTC ATC AAT CTG AAT GAA CAG GTT CGT GGT CTG CTG CGT CCG CGC GAC ATG ATC TCT CTG CGT CTG GAA AAC CTG AAC GTT GGT GAC GAA ATC ATT GTT CAG GCG ATC GAT GTT CGT CCG GAA AAA CGT GAA ATC GAC TTC AAA TAC ATC CCG,3.5975838896365264
GAC GTT GAA CCG GGT AAA TTC TAC AAA GGT GTT GTT ACC CGT ATC GAA AAA TAC GGT GCG TTC ATC AAC CTG AAC GAA CAG GTT CGT GGT CTG CTG TGG CCG CGT ACC ATG ATC TCT CTC CGT CTC GAA AAC CTC AAT GTT GGT GAC GAA ATC ATT GTT CAG GCG ATC GAC GTT CGT CCG GAA AAA CGT GAA ATC GAC TTC AAA TAC ATC CCG,1.4391099381208177
GAC GTT GAA CCG GGT AAA TTC TAC AAA GGT GTT GTT ACC CGT ATC GAA AAA TAC GGT GCG TTC ATC AAC CTG AAT GAA CAG GTT CGT GGT CTG CTC CGT CCG CGT TTC ATG ATC TCT CTG CGT CTG GAA AAC CTC AAT GTT GGT GAC GAA ATC ATC GTT CAG GCT ATC GAC GTT CGT CCG GAA AAA CGT GAA ATC CAC TTC AAA TAC ATC CCG,3.0837104675898868
GAC GTT GAA CCG GGT AAA GCG TAC AAA GGT GTT GTT ACC CGT ATC GAA AAA TAC GGT GCG TTC ATC AAC CTG AAT GAA CAG GTT CGT GGT CTG CTG CGT CCG CGT GAC ATG ATC TCT CTG CGT CTG GAG AAT CTG AAT GTT GGT GAC GAA ATC ATC GTT CAG GCG ATT GAC GTT CGT CCG GAG AAA CGT GAA ATC GAC TTC AAA TAC ATC CCG,3.2832022509191328
GAC GTT GAA CCG GGT AAG TTC TAC AAA GGT GTT GTT ACC CGT ATC GAG AAG TAC GGT GCG TTC ATC AAT CTG AAC GAA CAG GTG CGT GGT CTG CTG CGT CCG CGT GTT ATG ATC TCT CTG CGT CTG GAA AAC CTG AAC GTG GGT GAC GAA ATC ATT GTT CAG GCG ATC GAC GTT AAC CCG GAA AAA CGT GAA ATC GAC TTC AAA TAC ATC CCG,1.734088827901474
GAC GTG GAA CCG GGT AAA TTC TAC AAA GGC GTT GTT ACC CGC ATT GAA AAA TAC GGT GCG TTC ATC AAC CTC AAC GAA CAG GTT CGC GGT CTG CTG CGT CCA CGT GAC ATG ATC TCT CTG CGT CTG GAA AAC CTG AAC GTT GGT GAC GAA ATC ATC GTT CGT GCG ATC GAC GTT CGT CCA GAA AAA CGT GAA ATC GAC TTC AAA TAC ATC CCA,3.5472676009800725
GAT GTT GAA CCG GGC AAA TTC TAC AAA GGT GTT GTT ACC ATC ATC GCG AAA TAC GGT GCG TTC ATC AAC CTG AAT GAA CAG GTT CGT GGC CTG CTG CGT CCG CGC GAC ATG ATC TCT CTG CGT CTG GAG AAT CTG AAC GTT GGT GAT GAA ATC ATC GTT CAG GCG ATC GAT GTT CGT CCG GAA AAA CGT GAA ATC GAC TTC AAA TAC ATC CCG,3.8759474520143327
GAC GTT GAA CCG GGC AAA TTC TAC AAA GGT GTT GTT ACC CGT CGT GAA AAA TAC GGT GCG TTC ATC AAC CTG AAC GAG CAG GTT CGT GGT CTG CTG CGT CCG CGT GAC ATG ATC TCT CTG CGT CTG GAA AAC CTC AAT GTT GGT GAC GAA ATC ATT GTT CAG GCG ATC GAC GTT CGT CCG GAA AAA CGT GAA ATC GAC TTC AAA TAC ATC CCG,2.333549716280685
GAC GTT GAA CCG GGT AAA TTC TAC AAA GGT GTT GTT ACC CGT ATC GAA AAA TAC GGT GCG TTC ATC AAC CTG AAT GAA CAG GTT CGT GGT CTG CTG CGT CCG CGC TTC ATG ATC TCT CTG CGC CTG GAA AAC CTC AAC GTG GGT GAC GAA ATC ATC GTT CAG GCG ATC GAT GTT CAG CCG GAA AAA CGT GAA ATC GAC TTC AAA TAC ATC CCG,2.318896232310961
GAC GTT GAA CCG GGT AAA TTC TAC AAA GGT GTT GTT ACC CGT ATC GAA AAA TAC GGT GCG TTC ATC AAC CTG AAC GAA CAG GTT CGT ATC CTG CTG CGC CCA CGT GAC ATG ATC TCT CTG CGT CTG GAA AAC CTC AAT GTT GGT GAC GAA ATC ATC GTT CAA GCG ATC GAC GTT CGT CCG GAA AAA CGT GAA ATC GAC TTC AAA TAC ATC CCG,2.956812203767177
GAC GTT GAA CCG GGT AAG TTC TAC AAA GGT GTT GTT ACC ACC ATC GTT AAA TAC GGT GCG TTC ATC AAC CTG AAT GAA CAG GTT CGT GGT CTG CTG CGT CCG CGT GAC ATG ATC TCT CTG CGT CTG GAA AAC CTC AAT GTT GGT GAC GAA ATC ATC GTT CAG GCG ATC GAC GTT CGC CCG GAA AAA CGT GAA ATC GAC TTC AAA TAC ATC CCA,3.719814353343629
GAC GTT GAA CCG GGT AAA TTC TAC AAA GGT GTT GTT ACC GAC ATC TCT AAA TAC GGT GCT TTC ATC AAC CTC AAC GAA CAG GTT CGT GGT CTG CTG CGT CCG CGT GAC ATG ATC TCT CTG CGT CTG GAA AAC CTG AAT GTT GGT GAC GAA ATC ATC GTT CAA GCG ATC GAC GTT CGT CCG GAA AAA CGT GAA ATC GAC TTC AAG TAC ATC CCG,3.4424827248731296
GAT GTT GAA CCG GGT AAG TTC TAC AAA GGT GTT GTT ACC CGT ATC GAA AAA TAC GGT GCG TTC ATC AAC CTG AAC GAA CAG GTT CGT GGC CTG CTG CGT CCG CGC CAG ATG ATC TCT CTG CGT CTG GAG AAT CTG AAC GTT GGT GAC GAA ATC ATC GTG CAG GCG ATC GAC GTT CGT CCA GAA AAA CGT GAA ATC GAC TTC TCT TAT ATC CCA,2.595350630343662
GAC GTT GAA CCG GGT AAA TTC TAC AAG GGT GTT GTT ACC CGT ATC GAA AAG TAC GGT GAC TTC ATC AAC CTC AAC GAG CAG GTT CGT GGT CTG CTC CGT CCG CGC GAC ATG ATC TCT CTG CGT CTG GAA AAT CTC AAT GTT GGT GAC GAA ATC ATC GTT CAG GCT ATC GAC GTT CGT CCA GAA AAA CGT GAA ATC GAC TTC AAA TAC ATC CCG,0.4436517925885735
GAC GTT GAA CCG GGT AAA TTC TAC AAA GGT GTT GTT ACC CGT ATC GAA AAA TAC GGT GCG TTC ATC AAC CTG AAC GAA CAG GTT CGT GGT CTG CTG GTT CCG CGT GAC ATG ATC TCT CTG CGT CTG GAA AAC CTC AAT GTT GGT GAC GAA ATC ATC GTT CAA GCG ATC GAC GTT CGT CCG GAA AAA CGC GAA ATC TAC TTC AAA TAC ATC CCG,2.581391483818854
GAC GTT GAA CCG GGT AAA TTC TAC AAA GGT GTT GTT ACC CGT ATC GAA AAA TAC GGT GCG TTC ATC AAC CTG AAC GAG CAG GTT CGT GGT CTG CTG CTG CCG CGT GAC ATG ATC TCT CTG CGT CTG GAA AAT CTG AAC GTT GGT GAT GAA ATC ATC GTT CAA GCG ATC GAC GTT CGT CCG GAA AAA CGT GAA ATC CCG TTC AAA TAC ATC CCG,1.4517159480961752
GAC GTT GAA CCG GGT AAA TTC TAC AAA GGT GTT GTT ACC CTG ATC ATC AAA TAC GGT GCG TTT ATC AAC CTG AAC GAA CAG GTT CGC GGT CTG CTC CGT CCA CGT GAC ATG ATC TCT CTG CGT CTG GAA AAT CTG AAC GTT GGT GAC GAA ATC ATC GTG CAG GCG ATC GAC GTT CGT CCG GAA AAA CGT GAA ATC GAC TTC AAG TAT ATC CCA,3.663660191905645
GAC GTT GAA CCG GGT AAA TTC TAC AAA GGT GTT GTT ACC CGT ATC GAA AAA TAC GGT GCG TTC ATC AAC CTG AAT GAA CAG GTT CGT GGT CTG CTG AAA CCG CGT TTC ATG ATC TCT CTG CGT CTG GAA AAC CTC AAC GTG GGT GAC GAA ATC ATC GTT CAA GCG ATC GAC GTT CGT CCG GAA AAA CGT GAA ATC GAC TTC AAA TAC ATC CCG,3.329636893099724
GAC GTT GAA CCG GGT AAA TTC TAC AAA GGT GTT GTT ACC CGT ATC GAA AAA TAC GGT GCG TTC ATC AAT CTG AAT GAG CAG GTT CGT GGT CTG CTG CGT CCG CGT GAC ATG ATC TCT CTG CGT CTG GAA AAC CTG AAC GTT GGT GAC GAA ATC ATC GTT CAA GCG ATC GAC GTT CGT CCG GAA AAA CGT GAA ATC GAC TTC CAC TAT ATC CCG,3.6438707000491455
GAC GTT GAA CCG GGT AAA TTC TAC AAA GGC GTT GTT ACC GAC ATC GAA AAA TAC GGT GCG CTG ATC AAC CTC AAC GAA CAG GTT CGT GGC CTG CTG CGT CCA CGC GAC ATG ATC TCT CTG CGT CTG GAA AAC CTG AAC GTT GGT GAC GAA ATC ATT GTT CAG GCG ATC GAC GTT CGT CCG GAA AAA CGT GAA ATC GAC TTC AAA TAC ATC CCG,1.528482533698103
GAC GTT GAA CCG GGT AAA TTC TAC AAA GGT GTT GTT ACC CGT ATC GAA AAA TAC GGT GCG TTC ATC AAT CTG AAC GAA CAG GTT CGT GGT CTG CTG GAC CCA CGT GAT ATG ATC TCT CTG CGT CTG GAA AAC CTG AAC GTT GGT GAC GAA ATC ATC GTT CAA GCG ATC GAC GTT CGT CCG GAA AAA CGT GAA ATC GGT TTC AAA TAC ATC CCG,1.675856253504414
GAT GTT GAA CCG GGT AAA TTC TAC AAA GGT GTT GTT ACC CGT ATC GAA AAA TAC GGT GCT TTC ATC AAC CTC AAC GAG CAG GTT CGT GGT CTG CTG CGT CCG CGT TAC ATG ATC TCT CTG CGT CTG GAA AAC CTG AAC GTT GGT GAC GAA ATC ATC GTG CAG GCG ATC GAC GTT GCG CCG GAA AAA CGT GAA ATC GAC TTC AAA TAC ATC CCG,2.334504479233779
GAC GTT GAA CCG GGC AAA TTC TAC AAA GGT GTT GTT ACC CGT ATC GAA AAA TAC GGT GCG TTC ATC AAC CTG AAC GAG CAG GTT CGT GGT CTG CTG GCT CCG CGT GAC ATG ATC TCT CTG CGT CTG GAA AAT CTG AAC GTT GGT GAC GAA ATC ATC GTG CAG GCG ATC GAC GTT TAC CCG GAA AAA CGT GAA ATC GAC TTC AAA TAC ATC CCG,1.7394788289714525
GAC GTT GAA CCG GGT AAA TTC TAC AAA GGT GTT GTT ACC CGT ATC GAA AAA TAC GGT GCG TTC ATC AAC CTC AAC GAA CAG GTT CGT GGT CTG CTC CGT CCG CGT ATT ATG ATC TCT CTG CGT CTG GAA AAC CTG AAC GTT GGT GAC GAA ATC ATC GTG CAG GCG ATT GAT GTT CGT CCG GAA AAA CGT GAG ATC TTC TTC AAA TAC ATC CCG,2.146226484386128
GAC GTT GAA CCG GGT AAA TTC TAC AAA GGT GTT GTT ACC CGT ATC GAA AAA TAC GGT GCG TTC ATC AAC CTC AAC GAA CAG GTT CGT GGT CTG CTG CGT CCG CGT GAC ATG ATC TCT CTG CGT CTG GAA AAC CTG AAC GTT GGT GAC GAA ATC ATC GTT CAA GCG ATC GAC GTT CGT CCG GAA AAA CGT GAA ATC GAC TTC AAA AAC ATC CCG,3.146050499003401
GAC GTT GAA GAC GGC AAA TTC TAC AAA GGT GTT GTT ACC CGT ATC GAA AAA TAC GGT GCG TTC ATC AAT CTG AAC GAA CAG GTT CGT GGT CTG CTG CGT CCG CGT GAC ATG ATC TCT CTG CGT CTG GAA AAC CTG AAC GTT GGT GAC GAA ATC ATC GTT CAA GCG ATC GAC GTT CGT CCG GAA AAA CGT GAA ATC GAC TTC AAA TAC ATC CCG,3.367424348767341
GAC GTT GAA CCG GGT AAA TTC TAC AAA GGT GTT GTT ACC CGT ATC GAA AAA TAC GGT GCG TTC ATC AAC CTG AAC GAA CAG GTT CGT GGT CTG CTG CGT CCG CGT GAC ATG ATC TCT CTG CGT CTG GAA AAT CTG AAT GTT GGT GAC GAA ATC ATC GTG CAA GCG ATC GAC GTT CGT CCG GAA AAA GCG GAA ATC GAC TTC AAA TAC ATC CCG,4.783690433579634
GAC GTT GAA CCG GGC AAA TTC TAC AAA GGT GTT GTT ACC CGT ATC GAA AAA TAC GGT GCG TTC ATC AAC CTG AAC GAG CAG GTT CGT GGT CTG CTG CGT CCG CGT GAC ATG ATC TCT CTG CGT CTG GAA AAT CTC AAC GTG GGT GAC GAG ATT ATC GTG CAG GCG ATC GAC CAG CGT CCG GAA AAA CGT GAA ATC GAC TTC AAA TAC ATC CCA,2.9928099177388354
GAC GTT GAA CCG GGT AAG TTC TAC AAA GGT GTT GTT ACC CGT ATC GAA AAA TAC GGT GCG TTC ATC AAT CTC AAC GAA CAG GTT CGT GGT CTG CTG AAA CCG CGT GAC ATG ATC TCT CTG CGT CTG GAA AAC CTC AAC GTG GGT GAC GAA ATC ATC GTG CAG GCG ATC GAC GTT CGT CCG GAA AAA CGT GAA ATC GAA TTC AAA TAC ATC CCG,2.9452416155250383
GAC GTT GAA CCG GGT AAA TTC TAC AAA GGT GTT GTT ACC CGT ATC GAA AAA TAC GGT GCG TTC ATC AAT CTG AAC GAA CAG GTT CGT GGT CTG CTG CGT CCG CGT GAC ATG ATC TCT TGG CGT CTG GAA AAC CTG AAC GTT GGT GAC GAA ATT ATC GTG CAA GCG ATC GAC GTT CGT CCG GAA AAA CGT GAA ATC GAC TTC AAA TAC ATC CCG,2.931685430085906
GAC GTT GAA CCG GGT AAG TTC TAC AAA GGC GTT GTT ACC TTC ATC GAA AAA TAC GGT GCG TTC ATC AAT CTG AAC GAA CAG GTT CGT GGT CTG CTG CGT CCG CGT GAC ATG ATC TCT CTG CGT CTG GAA AAC CTG AAC GTT GGT GAC GAA ATC ATC GTT CAA GCG ATC GAC GTT CGT CCG GAA AAA CGT GAA ATC GAC TTC AAG TAC ATC CCG,3.5763164391382425
GAC GTT GAA CCG GGT AAA TTC TAC AAA GGT GTT GTT ACC CGT ATC GAA AAA TAC GGT GCG TTC ATC AAC CTG AAT GAA CAG GTT CGT GGT CTG CTG CGT CCG CGC GAC ATG ATC TCT CTG CGC CTG GAA AAT CTG AAC ATG GGT GAC GAA ATC ATC GTT CAG GCG ATT GAC GTT CGT CCG GAA AAA CGT GAA ATC GAC TTC AAA TAC ATC CCG,3.734875524327133
GAC GTT GAA CCG GGT AAA TTC TAC AAA GGT GTT GTT ACC CGT ATC GAA AAA TAC GGT GCG TTC ATC AAT CTG AAC GAA CAG GTT CGT GGT CTG CTC CGT CCA CGT TCC ATG ATC TCT CTG CGT CTG GAA AAC CTG AAT GTT GGT GAC GAA ATC ATC GTG CAG GCG ATC GAT GTT CGT CCG GAA AAA CGT GAA ATC CAC TTC AAA TAC ATC CCG,2.290056637155751
GAC GTT GAA CCG GGC AAA TTC TAC AAA GGT GTT GTT ACC CGT ATC GAA AAA TAC GGT GCG TTC ATC AAT CTC AAC GAA CAG GTT CGT GGT CTG CTG CGT CCG CGT GAC ATG ATC TCT CTG CGT CTG TTC AAC CTC AAT GTT GGT GAC GAA ATC ATC GTT CAG GCG ATT GAC GTT CGT CCG GAA AAA CGT GAA ATC GAC TTC AAG TAC ATC CCG,4.195360354079402
GAC GTT GAG CCG GGT AAA TTC TAC AAG GGT GTT GTT ACC TTC ATC ATG AAA TAC GGT GCG TTC ATC AAT CTC AAC GAA CAG GTT CGT GGT CTG CTG CGT CCG CGT GAC ATG ATC TCT CTG CGT CTG GAG AAC CTC AAT GTT GGC GAC GAA ATC ATC GTT CAG GCG ATC GAC GTT CGT CCG GAA AAA CGT GAA ATC GAC TTC AAA TAC ATC CCG,4.404964900179911
GAT GTT GAA CCG GGT AAA TTC TAC AAA GGT GTT GTT ACC CGT ATC GAA AAA TAC GGT GCG TTC ATC AAC CTC AAT GAA CAG TGG CGT GGT CTG CTC CGT CCG CGT GAC ATG ATC TCT CTG CGT CTG GAA AAC CTG AAT GTT GGT GAC GAA ATC ATC GTT CAG GCT ATC GAC GTT CGT CCG GAA AAA CGT GAA ATC GAC TTC AAA TAC ATC CCG,6.223462124707285
GAT GTT GAA CCG GGC AAA TTC TAC AAA GGT GTT GTT ACC CGT ATC GAA AAA TAC GGT GCG TTC ATC AAC CTG AAT GAG CAG GTT CGT GGT CTG CTG CGT CCG CGT GAC ATG ATC TCT CTG CGT CTG GAA AAT CTG AAC GTG GGT GAC GAG ATT ATC GTT CAG GCG ATT GAC GTT GGT CCG GAA AAA CGC GAA ATC ATT TTC AAA TAC ATC CCG,3.964684470747138
GAC GTT GAA CCG GGT AAA TTC TAC AAA GGC GTT GTT ACC CGC ATC GAA AAA TAC GGT GCG TTC ATC AAC CTG AAT GAA CAG GTT CGT GGT CTG CTG ATG CCG CGT GAC ATG ATC TCT CTG CGT CTG GAA AAC CTC AAT GTT GGT GAC GAA ATC ATC GTG CAG GCG ATC GAC GTG CGT CCG GAA AAA CGT GAA ATC TCC TTC AAA TAC ATC CCA,2.7802806211114595
GAC GTT GAA CCG GGT AAA TTC TAC AAA GGT GTT GTT ACC CGT ATC GAA AAA TAC GGT GCG TTC ATC AAC CTG AAC GAA CAG GTT CGT GGT CTG CTG GAC CCG CGT AAA ATG ATC TCT CTG CGT CTG GAA AAT CTG AAC GTT GGT GAC GAA ATC ATC GTT CAA GCG ATC GAC GTT CGT CCG GAA AAA CGT GAA ATC GAC TTC AAA TAC ATC CCG,1.7513779316058398
GAT GTT GAA CCG GGT AAA TTC TAC AAG GGT GTT GTT ACT CCG ATC GAA AAA TAC GGT GCG AAA ATC AAC CTC AAC GAA CAG GTT CGT GGT CTG CTC CGT CCA CGC GAT ATG ATC TCT CTG CGC CTG GAG AAC CTG AAC GTT GGT GAC GAA ATC ATC GTT CAA GCG ATC GAC GTT CGC CCG GAA AAA CGT GAA ATC GAC TTC AAA TAC ATC CCG,0.0320535953269877
GAC GTT GAA CCG GGC AAA TTC TAC AAA GGT GTT GTT ACC CGT ATC GAA AAA TAC GGT GCT TTC ATC AAC CTG AAC GAA CAG GTT CGT GGT CTG CTG ATG CCG CGT GAC ATG ATC TCT CTG CGT CTG GAA AAC CTC AAC GTG GGT GAC GAA ATC ATC GTG CAG GCG ATC GAC GTT TCT CCG GAA AAA CGT GAA ATC GAC TTC AAA TAC ATC CCG,2.143004564683604
GAT GTT GAA CCG GGT AAG TTC TAC AAA GGT GTT GTT ACC CGT ATC GAA AAA TAC GGT GCG TTC ATC AAC CTC AAC GAA CAG GTT CGT GGT CTG CTC CGT CCA CGC TTC ATG ATC TCT CTG CGT CTG GAA AAC CTG AAC GTT GGT GAC GAA ATC ATC GTG CAG GCG ATC GAC GTT CGT CCG GAA AAA CGT GAA ATC GAC TTC GGT TAC ATC CCG,3.8624452386827626
GAC GTT GAA CCG GGT AAA TTC TAC AAA GGT GTT GTT ACC CGT ATC ATG AAA TAC GGT GCG TTC ATC AAT CTC AAT GAG CAG GTT CGT GGT CTG CTG CGC CCA CGT GAC ATG ATC TCT CTG CGT CTG GAA AAT CTG AAT GTT GGT GAC GAA ATC ATC GTG CAA GCG ATC GAC GTT CGT CCG GAA AAA CGT GAA ATC GAC TTC AAA TAC ATC CCG,5.49547786449082
GAC GTT GAA CCG GGT AAA TTC TAC AAA GGT GTT GTT ACC CGT ATC GAA AAA TAC GGT GCG TTC ATC AAT CTG AAC GAA CAG GTT CGT GGT CTG CTG GAC CCG CGT GGT ATG ATC TCT CTG CGT CTG GAA AAT CTC AAC GTG GGT GAT GAA ATC ATC GTT CAA GCG ATC GAC GTT CGT CCG GAA AAA CGT GAA ATC GAC TTC AAA TAC ATC CCG,1.4789817989256688
GAC GTT GAA CCG GGT AAA TTC TAC AAG GGT GTT GTT ACC CGT ATC GAA AAA TAC GGT GCG TTC ATC AAC CTG AAT GAA CAG GTT CGT GGT CTG CTG CGT CCG CGT GAC ATG ATC TCT CTG CGT CTG GAA AAC CTC AAT GTT GGT GAC GAA ATC ATC GTT CAG GCG ATC GAC GTT TTC CCG GAA AAA CGT GAA ATC GGT TTC AAA TAC ATC CCG,3.098570485377936
GAT GTT GAA CCG GGT AAA TTC TAC AAA GGT GTT GTT ACC CGT ATC GAA AAA TAC GGT GCG TTC ATC AAT CTG AAT GAA CAG GTT CGT GGT CTG CTG CGT CCG CGT GAC ATG ATC TCT CTG CGT CTG GAA AAC CTG AAC GTT GGT GAC GAA ATC ATC GTT CAA GCG ATC GAC GTT TAT CCG GAA AAG CGT GAA ATC TTC TTC AAA TAC ATC CCG,4.57177207446086
GAC GTT GAA CCG GGT AAA TTC TAC AAA GGT GTT GTT ACC CGT ATC GAA AAA TAC GGT GCG TTC ATC AAC CTG AAT GAA CAG GTT CGT GGT CTG CTG CGT CCA CGT CTG ATG ATC TCT CTG CGT CTG GAA AAT CTG AAC GTT GGT GAC GAA ATC ATC GTG CAG GCG ATT GAC GTT CAA CCG GAA AAA CGT GAA ATC GAC TTC AAA TAC ATC CCG,1.6960657398274317
GAC GTT GAA CCG GGT AAG TTC TAC AAA GGT GTT GTT ACC CGT ATC GAA AAA TAC GGT GCG TTC ATC AAC CTC AAC GAG CAG GTG CGT GGT CTG CTG AAA CCG CGT ACC ATG ATC TCT CTG CGT CTG GAG AAC CTG AAC GTT GGT GAC GAA ATC ATT GTT CAG GCG ATC GAC GTT CGT CCG GAA AAA CGT GAA ATC GAC TTC AAA TAC ATC CCG,1.6051952559304263
GAC GTT GAA CCG GGT AAA TTC TAC AAA GGT GTT GTT ACC CGT ATC GAA AAA TAC GGT GCG TTC ATC AAC CTG AAC GAA CAG GTT CGT GGT CTG CTG CGT CCG CGT TCT ATG ATC TCT CTG CGT CTG GAA AAT CTG AAT GTT GGT GAC GAA ATC ATC GTT CAA GCG ATC GAC GTT CGT CCG GAA AAA CGT GAA ATC CGT TTC AAA TAC ATC CCG,2.392788425680235
GAC GTT GAA CCG GGT AAA TTC TAC AAA GGT GTT GTT ACC CGT ATC GAA AAA TAC GGT GCG TTC ATC AAT CTG AAC GAA CAG GTT CGT GGT CTG CTG CCG CCA CGT CCG ATG ATC TCT CTG CGT CTG GAA AAC CTG AAC GTT GGT GAC GAA ATC ATC GTT CAA GCG ATC GAC GTT CGT CCG GAA AAA CGT GAA ATC GAC TTC AAA TAC ATC CCG,1.2405053647485529
GAC GTT GAA CCG GGT AAA TTC TAC AAA GGT GTT GTT ACC CGT ATC GAA AAA TAC GGT GCG TTC ATC AAC CTG AAC GAA CAG GTT CGT GGT CTG CTG CGT CCG CGT GAC ATG ATC TCT CTG CGT CTG GAA AAC CTC AAT GTT GGT GAC GAA ATC ATC GTG CAG GCG ATT GAC GTT CGT CCG GAA AAA TCT GAA ATC GAC TTC AAA TAC ATC CCG,4.891564942181908
GAC GTT GAG CCG GGT AAA TTC TAC AAA GGT GTT GTT ACC CGT ATC GAA AAA TAC GGT GCG TTC ATC AAC CTC AAC GAA CAA GTT CGT GGT CTG CTG CGT CCG CGT GAC ATG ATC TCT CTG CGT CTG GAA AAC CTG AAT GTT GGT GAC GAA ATC ATC GTG CAG GCG ATT GAC GTT CAC CCG GAA AAA CGT GAA ATC AAA TTC AAA TAC ATC CCG,4.170528054707617
GAT GTT GAA CCG GGT AAA TTC TAC AAA GGT GTT GTT ACC CGT ATC GAA AAA TAC GGT GCG TTC ATC AAC CTC AAC GAA CAG GTT CGT GGT CTG CTG CAC CCG CGT GAC ATG ATC TCT CTG CGT CTG GAA AAC CTG AAC GTT GGT GAC GAA ATC ATC GTG CAG GCT ATC GAC GTT GAT CCG GAA AAA CGT GAA ATC GAC TTC AAA TAC ATC CCG,1.9912500859745423
GAC GTT GAA CCG GGT AAA TTC TAC AAA GGT GTT GTT ACC CGT ATC GAA AAA TAC GGT GCG TTC ATC AAC CTG AAC GAA CAG GTT CGT GGT CTG CTG CGT CCG CGT ACC ATG ATC TCT CTG CGT CTG GAA AAC CTC AAC GTG GGT GAC GAA ATC ATC GTT CAA GCG ATT GAC GTT CGT CCG GAG AAA CGT GAA ATC GTT TTC AAA TAC ATC CCG,1.8222057830213825
GAC GTT GAA CCG GGT AAA TTC TAC AAA GGT GTT GTT ACC CGT ATC GAA AAA TAC GGT GCG TTC ATC AAC CTG AAC GAA CAG GTT CGT GGT CTG CTC ATG CCA CGT GAC ATG ATC TCT CTG CGT CTG GAA AAC CTC AAC GTG GGT GAT GAA ATC ATC GTG CAG GCG ATC GAT GTG CGT CCG GAA AAA CGT GAA ATC CCG TTC AAA TAC ATC CCG,1.2296233688325269
GAC GTT GAA CCG GGT AAA TTC TAC AAA GGT GTT GTT ACC CGT ATC GAA AAA TAC GGT GCG TTC ATC AAT CTG AAC GAA CAG GTT CGT GGT CTG CTG CGT CCG CGT GAC ATG ATC TCT CTG CGT CTG GAA AAC CTG AAC GTT GGT AAC GAA ATC ATC GTT CAA GCG ATC GAC GTT CGT CCG GAA AAA CGT GAA ATC GAC TTC AAA TAC ATC CCG,3.2472876443381
GAC GTT GAA CCG GGT AAG TTC CGT AAA GGT GTT GTT ACC CGT ATC GAA AAA TAC GGT GCG TTC ATC AAC CTC AAC GAA CAA GTT CGT GGT CTG CTC CGT CCG CGT GAC ATG ATC TCT CTG CGT CTG GAA AAT CTG AAC GTT GGT GAC GAA ATC ATC GTT CAG GCT ATC GAC GTT CGT CCG GAA AAA CGT GAA ATC GAC TTC AAA TAC ATC CCG,0.8440416354225043
GAC GTT GAA CCG GGT AAA TTC TAC AAA GGT GTT GTT ACC CGT ATC GAA AAA TAC GGT GCG TTC ATC AAT CTG AAC GAA CAG GTT CGT GGT CTG CTG CGT CCG CGT TGT ATG ATC TCT CTG CGC CTG GAA AAC CTG AAC GTT GGT GAC GAA ATC ATT GTT CAG GCG ATC GAC GTT CGT CCG GAA AAA CGT GAA ATC GAC TTC CCG TAC ATC CCG,2.422818645055688
GAT GTT GAA CCG GGT AAA TTC TAC AAA GGC GTG GTT ACC CGT ATC GAA AAA TAC GGT TGC TTC ATC AAC CTG AAC GAA CAG GTT CGC GGT CTG CTG CGT CCA CGC GAC ATG ATC TCT CTG CGT CTG GAA AAT CTC AAC GTG GGT GAC GAA ATC ATT GTT CAG GCG ATC GAC GTT CGC CCG GAA AAA CGT GAA ATC GAC TTC AAA TAC ATC CCG,3.4660180058545533
GAC GTG GAA CCG GGT AAA TTC TAC AAA GGT GTT GTT ACC CGT ATC GAA AAA TAC GGT GCG TTC ATC AAC CTC AAT GAA CAG GTT CGT GGT CTG CTG CGT CCG CGT GTT ATG ATC TCT CTG CGT CTG GAA AAC CTG AAC GTT GGT GAC GAA ATC ATT GTT CAG GCG ATC GAC GTT GAC CCG GAA AAA CGT GAA ATC GAC TTC AAA TAC ATC CCG,1.7559415797511546
GAC GTT GAA CCG GGT AAA TTC TAC AAA GGT GTT GTT ACC CGT ATC GAA AAA TAC GGT GCG TTC ATC AAC CTC AAC GAA CAG GTT CGT GGT CTG CTG CGT CCG CGT GAC ATG ATC TCT CTG CGT CTG GAA AAC CTG AAC GTT GGT GAA GAA ATC ATC GTT CAA GCG ATC GAC GTT CGT CCG GAA AAA CGT GAA ATC GAC TTC AAA TAC ATC CCG,3.974963243463389
GAT GTT GAA CCG GGT AAA TTC TAC AAA GGT GTT GTT ACC CGT ATC GAA AAA TAC TAC GCG TTC ATC AAC CTC AAT GAA CAG GTT CGT GGT CTG CTG CGT CCG CGT GAC ATG ATC TCT CTG CGT CTG GAA AAC CTG AAC GTT GGT GAC GAA ATC ATT GTT CAG GCG ATT GAC GTT CGT CCG GAA AAA CGT GAA ATC GAC TTC AAA TAC ATC CCG,3.4905924136874846
GAC GTT GAA CCG GGT AAA TTC TAC AAA GGC GTG GTT ACC CGT ATC GAA AAA TAC GGT GCG TTC ATC AAC CTG AAC GAA CAG GTT CGT GGC CTG CTG CGC CCA CGT ATT ATG ATC TCT CTG CGT CTG GAA AAC CTC AAC GTG GGT GAT GAA ATC ATC GTG CAG GCG ATC GAT GTT CGT CCA GAA AAA CGT GAA ATC GAC TTC TGG TAC ATC CCG,2.0217775216497285
GAC GTG GAA CCG GGT AAA TTC TAC AAA GGT GTT GTT ACC CGT ATC GAA AAA TAC GGT GCG TTC ATC AAC CTC AAC GAA CAG GTG CGT GGT CTG CTG CGT CCG CGT GAC ATG ATC TCT CTG CGT CTG GAA AAC CTG AAC GTT GGT GAC GAA ATC ATC GTT TCT GCG ATC GAT GTT CGT CCG GAA AAA CGT GAA ATC GAC TTC AAA TAC ATC CCG,3.3172487304628766
GAT GTT GAA CCA GGT AAA TTC TAC AAA GGT GTT GTG ACT CCG ATC GAG AAG TAT GGT GCT CAC ATT AAC CTC AAC GAA CAG GTT CGT GGT CTG CTG CGT CCG CGT GAC ATG ATC TCT CTG CGT CTG GAA AAC CTG AAC GTT GGC GAC GAG ATT ATC GTG CAG GCT ATC GAC GTT CGT CCG GAA AAA CGT GAA ATC GAC TTC AAA TAC ATC CCA,-0.5590809900941172
GAC GTT GAA CCG GGT AAA TTC TAC AAA GGT GTT GTT ACC CGT ATC GAA AAA TAC GGT GCG TTC ATC AAT CTG AAT GAA CAG GTT CGT GGT CTG CTG GAC CCG CGT GAC ATG ATC TCT CTG CGT CTG GAA AAC CTG AAC GTT GGT GAT GAA ATC ATC GTT CAA GCT ATC GAC GTG GAC CCA GAA AAA CGT GAA ATT GAC TTC AAA TAC ATC CCG,1.5437527024912354
GAC GTT GAA CCG GGT AAA TTC TAC AAA GGT GTT GTT ACC CGT ATC GAA AAA TAC GGT GCG TTC ATC AAC CTG AAT GAA CAG GTT CGT GGT CTG CTG CTG CCG CGT GAT ATG ATC TCT CTG CGT CTG GAA AAC CTC AAT GTT GGT GAC GAA ATC ATC GTT CAG GCG ATT GAC GTT CGT CCG GAA AAA CGT GAA ATC CGT TTC AAA TAC ATC CCG,3.879342051418991
GAT GTT GAA CCG GGT AAA TTC TAC AAA GGT GTT GTT ACC GGC ATC GAA AAA TAC GGT GCG GCG ATC AAC CTG AAC GAA CAG GTT CGC GGT CTG CTG CGT CCG CGT GAC ATG ATC TCC CTG CGC CTG GAA AAC CTC AAT GTT GGT GAC GAA ATC ATT GTT CAG GCG ATT GAC GTT CGT CCG GAA AAA CGT GAA ATC GAC TTC AAA TAC ATT CCG,1.2292514957011569
GAC GTT GAA CCG GGC AAA TTC TAC AAA GGT GTT GTT ACC CGT ATC GAA AAA TAC GGT GCG TTC ATC AAC CTG AAT TCT CAG GTT CGT GGT CTG CTG CGT CCG CGT GAT ATG ATC TCT CTC CGT CTG GAA AAT CTG AAC GTT GGT GAC GAA ATC ATC GTT CAG GCG ATC GAC GTT CGT CCG GAA AAA CGT GAA ATC GAC TTC AAA TAC ATC CCG,7.051104953992322
GAC GTG GAA CCG GGC AAA TTC TAC AAA GGT GTT GTT ACC ATC ATC CAC AAA TAC GGT GCG TTC ATC AAC CTG AAT GAG CAG GTT CGT GGT CTG CTG CGT CCG CGT GAC ATG ATC TCT CTG CGT CTG GAA AAC CTC AAT GTT GGT GAC GAA ATC ATC GTT CAG GCG ATC GAT GTT CGT CCG GAA AAA CGT GAA ATC GAC TTC AAA TAC ATC CCG,3.945307360472107
GAC GTT GAA CCG GGT AAA TTC TAC AAA GGT GTT GTT ACC CGT ATC GAA AAA TAC GGT GCG TTC ATC AAT CTG AAT GAA CAG GTT CGT GGT CTG CTG CCA CCG CGT CAG ATG ATC TCT CTG CGT CTG GAA AAC CTG AAT GTT GGT GAC GAA ATC ATC GTT CAG GCG ATC GAC GTT CGT CCG GAA AAA CGT GAA ATC GAC TTC AAA TAC ATC CCG,1.6998256919710326
GAC GTT GAA CCG GGT AAA TTC TAC AAG GGT GTG GTT ACC TCT ATC GAA AAA TAC GGT GCG CTG ATC AAT CTG AAC GAA CAG GTG CGC GGT CTG CTG CGT CCG CGT GAC ATG ATC TCT CTC CGT CTG GAA AAC CTG AAT GTT GGT GAC GAA ATC ATC GTG CAG GCG ATC GAC GTG CGT CCA GAA AAA CGT GAA ATC GAC TTC AAA TAC ATC CCA,3.096299119505896
GAC GTT GAA CCG GGT AAA TTC TAC AAA GGT GTT GTT ACC CGT ATC GAA AAA TAC GGT GCG TTC ATC AAC CTG AAC GAA CAG GTT CGT GGT CTG CTG CGT CCG CGT CAC ATG ATC TCT CTG CGT CTG GAA AAC CTC AAT GTT GGT GAC GAA ATC ATT GTT CAA GCG ATC GAC GTT CGT CCG GAA AAA CGT GAA ATC CAC TTC AAA TAC ATC CCG,3.494209263312568
GAC GTG GAA CCG GGT AAA TTC TAC AAA GGC GTT GTT ACC CGC ATC GAA AAA TAC GGT GCG TTC ATC AAC CTG AAC GAA CAA GTT CGT GGT CTG CTG CGT CCA CGC TTC ATG ATC TCT CTC CGT CTG GAA AAT CTG AAC GTG GGT GAC GAA ATC ATC GTT CAA GCG ATC GAT GTT CGT CCG GAA AAA CGT GAA ATC GAC TTC TGG TAC ATC CCA,2.282676723002994
GAC GTG GAA CCG GGC AAA TTC TAC AAA GGT GTT GTT ACC CGT ATC GAA AAA TAC GGT GCG TTC ATC AAC CTG AAT GAA CAG GTT CGT GGT CTG CTC CAG CCG CGT GAC ATG ATC TCT CTG CGT CTG GAA AAC CTC AAT GTT GGT GAC GAA ATC ATC GTT CAG GCG ATC GAC GTT GAG CCG GAA AAA CGT GAA ATC GAC TTC AAA TAC ATC CCG,1.1929497134726472
GAT GTT GAA CCG GGT AAA TTC TAC AAA GGT GTT GTT ACC CGT ATC GAA AAG TAC GGT GCG TTC ATC AAT CTG AAT GAA CAG GTT CGT GGT CTG CTG ATG CCG CGT GAC ATG ATC TCT CTG CGT CTG GAA AAC CTG AAT GTG GGT GAC GAA ATC ATC GTT CAG GCG ATC GAC GTT GGT CCG GAA AAA CGT GAA ATC GAC TTC AAA TAC ATC CCG,1.971322550802896
GAC GTT GAA CCG GGT AAA TTC TAC AAA GGC GTT GTG ACT CGT ATC GAG AAA TAC GGT GCG TTC ATC AAC CTG AAC GAA CAG GTT CGT GGT CTG CTG CGT CCG CGT GAC ATG ATC TCT CTG CGT CTG GAA AAC CTC AAT GTT GGT GAC GAA ATC ATT GTT CAG GCT TGG GAC GTT CGC CCG GAA AAA CGT GAA ATT GAC TTC AAA TAC ATC CCG,4.275679636365979
GAT GTT GAA CCG GGT AAA TTC TAC AAA GGT GTT GTT ACC GCG ATC GAA AAA TAC GGT GCG CTC ATC AAC CTC AAC GAA CAG GTT CGT GGT CTG CTC CGT CCG CGT GAT ATG ATC TCT CTG CGT CTG GAG AAC CTG AAC GTT GGC GAC GAA ATC ATC GTT CAA GCG ATT GAC GTT CGT CCG GAA AAA CGT GAA ATC GAC TTC AAA TAC ATC CCG,3.2665544612851622
GAC GTT GAA CCG GGT AAA TTC TAC AAA GGT GTT GTT ACC CGT ATC GAA AAA TAC GGT GCG TTC ATC AAC CTG AAC GAA CAG GTT CGT GGT CTG CTG GCT CCA CGT GAT ATG ATC TCT CTC CGT CTG GAA AAC CTC AAC GTG GGT GAC GAA ATC ATC GTG CAG GCG ATT GAT GTG ACT CCA GAG AAA CGT GAA ATC GAC TTC AAA TAC ATC CCG,1.5259407204267696
GAC GTT GAA CCG GGT AAA TTC TAC AAG GGT GTT GTT ACC CGT ATC GAA AAA TAC GGT GCG TTC ATC AAT CTG AAC GCG CAG GTT CGT GGT CTG CTG CGT CCG CGT GAC ATG ATC TCT CTG CGT CTG GAA AAC CTG AAT GTT GGT GAC GAA ATC ATC GTT CAG GCG ATC GAT GTT CGT CCG GAA AAA CGT GAA ATC GAC TTC AAA TAC ATC CCG,9.9063720774153
GAC GTT GAA CCG GGT AAA TTC TAC AAG GGT GTT GTG ACC CGT ATC GAA AAA TAC GGT GCG TTC ATC AAC CTG AAC GAA CAG GTT CGT GGT CTG CTG CTG CCA CGC GAT ATG ATT TCC CTC CGT CTG GAA AAC CTC AAC GTG GGT GAC GAG ATC ATT GTT CAG GCG ATC GAC GTT ATG CCG GAA AAA CGT GAA ATC GAC TTC AAA TAC ATC CCG,1.9386098553569604
GAT GTT GAA CCG GGT AAA TTC TAC AAA GGT GTT GTT ACC CGT ATC GAA AAA TAC GGT GCG TTC ATC AAC CTG AAT GAA CAG GTG CGT GGT CTG ACC CGT CCG CGT GAC ATG ATC TCT CTG CGT CTG GAA AAC CTC AAC GTG GGT GAC GAA ATC ATC GTT CAG GCG ATT GAC GTT CGT CCG GAA AAA CGT GAA ATC GAC TTC AAA TAC ATC CCG,1.38836898269845
GAC GTT GAA CCG GGT AAA TTC TAC AAG GGT GTT GTT ACC CGT ATC GAA AAA TAC GGT GCG TTC ATC AAC CTG AAT GAA CAG GTT CGT GGT CTG CTC CGT CCA CGC AAA ATG ATC TCT CTG CGC CTG GAG AAC CTC AAT GTT GGC GAT GAA ATC ATT GTT CAG GCG ATT GAC GTG CGT CCA GAA AAA CGT GAA ATC GAC TTC TGG TAC ATT CCA,1.8670129831793
GAC GTT GAA CCG GGT AAA TTC TAC AAA GGT GTT GTT ACC CGT ATC GAA AAA TAC GGT GCG TTC ATC AAT CTG AAC GAA CAG GTT CGT GGT CTG CTG AAA CCG CGT GAC ATG ATC TCT CTG CGT CTG GAA AAC CTG AAT GTT GGT GAC GAA ATC ATC GTG CAG GCG ATT GAC GTT CAC CCG GAA AAA CGT GAA ATC GAC TTC AAA TAC ATC CCG,2.6805142010971026
GAC GTT GAA CCG GGT AAA TTC TAC AAA GGT GTT GTT ACC CGT ATC GAA AAA TAC GGT GCG TTC ATC AAC CTG AAC GAA CAG GTT CGT GGT AAC CTG CGT CCG CGT GAC ATG ATC TCT CTG CGT CTG GAA AAT CTG AAC GTT GGT GAC GAA ATC ATC GTT CAA GCT ATC GAC GTT CGT CCG GAA AAA CGT GAA ATC GAC TTC AAA TAC ATC CCG,1.4435018829120176
GAT GTT GAG CCG GGT AAA TTC TAC AAA GGT GTT GTT ACC AAA ATC GAA AAA TAC GGT GCG TGC ATC AAC CTG AAC GAA CAG GTT CGT GGT CTG CTG CGT CCA CGT GAC ATG ATC TCT CTC CGT CTG GAG AAT CTG AAT GTT GGC GAC GAA ATC ATC GTG CAG GCG ATC GAT GTT CGT CCG GAA AAA CGT GAA ATC GAC TTC AAA TAC ATC CCA,2.9850549422301684
GAC GTT GAA CCG GGT AAA TTC TAC AAG GGT GTT GTT ACC CGT ATC GAA AAA TAC GGT GCG TTC ATC AAC CTC AAC GAG CAG GTT CGT GGT CTG CTG CGT CCG CGT GAC ATG ATC TCT CTG CGT CTG GAA AAC CTG AAT GTT GGT GAC CAG ATC ATC GTG CAG GCG ATC GAC GTT CGT CCG GAA AAA CGT GAA ATC GAC TTC AAA TAC ATC CCA,5.8632078015024565
GAT GTT GAA CCG GGC AAA TTC TAC AAA GGT GTT GTT ACC GCG ATC GAA AAA TAC GGT GCG TGG ATC AAC CTG AAC GAA CAG GTT CGT GGT CTG CTC CGT CCG CGT GAC ATG ATC TCT CTG CGT CTG GAA AAT CTG AAC GTT GGC GAC GAA ATC ATT GTG CAG GCG ATT GAC GTT CGT CCG GAA AAA CGT GAA ATC GAC TTC AAA TAC ATC CCG,4.934605074488594
GAC GTT GAA CCG GGT AAA TTC TAC AAG GGT GTT GTT ACC CGT ATC GAA AAA TAC GGT GCT TTC ATC AAC CTG AAT GAA CAG GTT CGT GGT CTG CTC CGC CCA CGT CAG ATG ATC TCT CTG CGT CTG GAA AAC CTC AAC GTG GGT GAC GAA ATC ATC GTT CAG GCT ATC GAC GTT CGT CCG GAA AAA CGT GAA ATC GAC TTC GTT TAC ATC CCG,2.3649896568679587
GAC GTT GAG CCG GGT AAA TTC TAC AAA GGT GTT GTT ACC CGT ATC GAA AAA TAC GGT GCG TTC ATC AAC CTC AAT GAA CAG GTT CGT GGT CTG CTG CGT CCG CGT GAC ATG ATC TCT CTG CGT CTG GAA AAT CTG AAC GTT GGT GAC GAA ATC ATC GTG CAG GCG ATC GAC GTT CCG CCG GAA AAA CGT GAA ATC TCT TTC AAA TAC ATC CCG,3.788932108864145
GAC GTT GAA CCG GGT AAA TTC TAC AAA GGT GTT GTT ACC CGT ATC GAA AAA TAC GGT GCG TTC ATC AAT CTG AAC GAA CAA GTT CGT GGT CTG CTC CGT CCG CGT GAC ATG ATC TCT CTG CGT CTG GAA AAC CTG AAT GTT GGT GAC GAA ATC ATC GTG CAG GCG ATC GAC GTT GCG CCG GAA AAA CGT GAA ATC CAG TTC AAA TAC ATC CCG,3.4210687044361454
GAC GTT GAA CCG GGT AAA TTC TAC AAA GGT GTT GTT ACC CGT ATC GAA AAA TAC GGT GCG TTC ATC AAC CTG AAC GAG CAG GTT CGT GGT CTG CTG CGT CCG CGT TGC ATG ATC TCT CTC CGT CTG GAA AAC CTC AAC GTG GGT GAT GAA ATC ATC GTG CAG GCG ATC GAT GTT CGT CCG GAA AAA CGT GAA ATC GAC TTC CAC TAC ATC CCG,2.902499970620616
GAC GTT GAA CCG GGT AAG TTC TAC AAA GGT GTT GTT ACC CGT ATC GAA AAA TAC GGT GCG TTC ATC AAC CTG AAT GAA CAG GTT CGT GGT CTG CTG CGT CCG CGT GAC ATG ATC TCT CTG CGT CTG GAA AAC CTC AAC GTG GGC GAC GAA ATC ATC GTT CAG GCG ATC GAT GTT TCT CCG GAA AAG CGT GAA ATC AAC TTC AAA TAC ATC CCG,4.193938921487004
GAC GTT GAA CCG GGT AAA TTC TAC AAA GGT GTT GTT ACC CGT ATC GAA AAA TAC GGT GCG TTC ATC AAC CTG AAC GAA CAG GTT CGT GGT CTG CTG CGT CCG CGT GAC ATG ATC TCT CTG CGT CTG GAA AAT CTG AAC GTT GGT GAC GAA ATC ATC GTT CAA GCG ATC GAC GTT CGT CCG GAA AAA CGT GAA ATC GAC TTC AAA TAC ATC GGC,4.641102126272195
GAC GTT GAA CCG GGT AAA TTC TAC AAA GGT GTT GTT ACC CGT ATC GAA AAA TAC GGT GCG TTC ATC AAC CTC AAC GAA CAG GTT CGT GGT CTG CTG CCG CCA CGT ACC ATG ATC TCT CTG CGT CTG GAA AAC CTG AAC GTT GGT GAC GAA ATC ATC GTG CAG GCT ATC GAC GTT CGT CCG GAA AAA CGT GAA ATC GAC TTC AAA TAC ATC CCG,1.4521814955295709
GAC GTT GAA CCG GGT AAA TTC TAC AAA GGT GTT GTT ACC CGT ATC GAA AAA TAC GGT GCG TTC ATC AAC CTC AAC GAA CAG GTT CGT GGT CTG CTC CGT CCG CGT GGT ATG ATC TCT CTG CGT CTG GAA AAC CTG AAT GTT GGT GAC GAA ATC ATC GTT CAG GCT ATC GAC GTT CGT CCG GAA AAA CGT GAA ATC ACC TTC AAG TAC ATC CCG,2.373096711266299
GAC GTT GAA CCG GGT AAA TTC TAC AAA GGT GTT GTT GGT CGT ATC GAA AAA TAC GGT GCG TTC ATC AAC CTG AAT GAA CAG GTT CGT GGT CTG CTG CGT CCG CGT GAC ATG ATC TCT CTG CGT CTG GAA AAC CTC AAT GTT GGT GAC GAA ATC ATC GTT CAA GCG ATC GAC GTT CGT CCG GAA AAA CGT GAA ATC GAC TTC AAA TAC ATC CCG,3.643280372491699
GAT GTT GAA CCG GGT AAA TTC TAC AAG GGT GTT GTT ACC CGT ATC GAA AAA TAC GGT GCG TTC ATC AAC CTG AAC GAA CAG GTT CGT GGC CTG CTG CGT CCG CGT GAT ATG ATC TCT CTG CGT CTG GAA AAC CTG GAC GTT GGT GAC GAA ATC ATC GTG CAG GCG ATT GAC GTT CGT CCG GAA AAA CGT GAA ATC GAC TTC AAA TAC ATC CCG,4.489654325047656
GAC GTT GAA CCG GGT AAA TTC TAC AAG GGT GTT GTT ACC ATG ATC GTG AAA TAC GGT GCG TTC ATC AAC CTC AAC GAA CAA GTT CGT GGT CTG CTG CGT CCG CGT GAC ATG ATC TCT CTG CGT CTG GAA AAC CTG AAC GTT GGT GAC GAA ATC ATC GTG CAG GCG ATT GAC GTT CGT CCG GAA AAA CGT GAG ATC GAC TTC AAA TAC ATC CCG,3.9101899459631326
GAT GTG GAA CCG GGT AAA TTC TAC AAA GGT GTT GTT ACC CGT ATC GAA AAA TAC GGT GCG TTC ATC AAC CTG AAC GAG CAG GTT CGT GGT CTG CTG CGC CCA CGC CGT ATG ATC TCT CTG CGC CTG GAA AAT CTG AAC GTT GGC GAC GAA ATC ATT GTT CAG GCG ATT GAT GTT CGC CCG GAA AAA CGT GAG ATC GAC TTC GCG TAC ATC CCG,3.9030279000321184
GAC GTT GAA CCG GGT AAA TTC TAC AAA GGT GTT GTT ACC CGT ATC GAA AAA TAC GGT GCG TTC ATC AAC CTG AAC GAA CAG GTT CGT GGT CTG CTG CGT CCA CGT CGT ATG ATC TCT CTG CGT CTG GAA AAC CTC AAT GTT GGT GAC GAA ATC ATC GTT CAA GCG ATC GAC GTT CGT CCG GAA AAA CGT GAA ATC ACC TTC AAA TAC ATC CCA,2.3578070525048984
GAC GTT GAA CCG GGT AAA TTC TAC AAA GGT GTT GTT ACC CGT ATC GAA AAA TAC GGT GCG TTC ATC AAC CTC AAC GAA CAG GTT CGT GGT CTG CTG CGT CCG CGT GAC ATG ATC TCT CTG CGT CTG GAA AAC CTG AAC GTT GGT GAC GAA ATC ATC GTT CAA GCG ATC GAT GTT GAG CCG GAA AAA CGT GAA ATC GAC TTC AAA TAC ATC CCG,2.7245344382233982
GAC GTT GAA CCG GGC AAA TTC TAC AAA GGT GTT GTT ACC CGT ATC GAA AAA TAC GGT GCG TTC ATC AAC CTC AAT GAA CAG GTT CGT GGT CTG CTG ATC CCG CGT CAC ATG ATC TCT CTG CGT CTG GAA AAT CTG AAC GTT GGT GAC GAA ATC ATC GTT CAG GCG ATC GAC GTT CGT CCG GAA AAA CGT GAA ATC GAC TTC AAA TAC ATC CCG,3.0492954192401447
GAC GTT GAA CCG GGC AAA TTC TAC AAA GGT GTT GTT ACC CGT ATC GAA AAA TAC GGT GCT TTC ATC AAC CTG AAC GAA CAG GTT CGT GGT CTG CTG ATC CCG CGT GGT ATG ATC TCT CTG CGT CTG GAA AAC CTC AAT GTG GGT GAC GAA ATC ATC GTG CAG GCG ATC GAC GTT CGT CCG GAA AAA CGT GAA ATC GAC TTC AAA TAC ATC CCG,2.6887134428533552
GAT GTT GAA CCG GGT AAA TTC TAC AAA GGT GTG GTT ACC ACC ATC TGC AAA TAC GGT GCG TTC ATC AAT CTG AAC GAA CAG GTT CGT GGT CTG CTG CGT CCA CGT GAC ATG ATC TCT CTG CGC CTG GAA AAC CTG AAC GTT GGT GAC GAA ATC ATT GTT CAG GCG ATC GAC GTT CGT CCG GAA AAA CGT GAA ATC GAC TTC AAA TAC ATC CCG,3.8727294324421138
GAC GTT GAG CCG GGT AAA TTC TAC AAA GGT GTT GTT ACC CGT ATC GAA AAA TAC GGT GCG TTC ATC AAT CTG AAC GAA CAG GTT CGT GGT CTG CTG CGT CCG CGT GAC ATG ATC TCT CTG CGC CTG GAA AAC CTG AAC GTT GGT GAC GAA ATC ATC GTT CAA GCG ATC CCA GTT CGC CCG GAA AAA CGT GAA ATC GAC TTC AAA TAC ATC CCG,2.2535969172870525
GAC GTT GAG CCG GGT AAA TTC TAC AAA GGT GTT GTT ACC AAC ATC GAA AAA TAC GGT GCG TTT ATC AAT CTC AAC GAA CAG GTT CGT GGT CTG CTG CGT CCG CGT GAC ATG ATC TCT CTG CGT CTG GAA AAC CTG AAT GTG GGT GAC GAA ATC ATC GTG CAG GCG ATC GAC GTT CGT CCG GAA AAA CGT GAA ATC GAC TTC AAA TAC ATC CCG,3.505867456313366
GAC GTT GAA CCG GGT AAA TTC TAC AAG GGT GTT GTT ACC CGT ATC GAA AAA TAC GGT GCG TTC ATC AAC CTC AAC GAG CAG GTT CGT GGT CTG CTG CGT CCA CGC CAG ATG ATC TCT CTG CGT CTG GAG AAC CTG AAC GTT GGT GAT GAA ATC ATC GTT CAA GCG ATC GAT GTT CGT CCG GAA AAA CGT GAA ATC GAC TTC ATC TAC ATC CCG,2.474618732560033
GAC GTT GAA CCG GGC AAA TTC TAC AAA GGT GTT GTT ACC TGG ATC GCG AAA TAC GGT GCG TTC ATC AAT CTG AAC GAA CAG GTT CGT GGT CTG CTG CGT CCG CGT GAC ATG ATC TCT CTG CGT CTG GAA AAC CTG AAT GTT GGT GAC GAA ATC ATC GTT CAA GCG ATC GAC GTT CGT CCG GAA AAA CGT GAA ATC GAC TTC AAA TAC ATC CCG,5.134305788109593
GAC GTT GAA CCG GGT AAA TTC TAC AAG GGC GTT GTT ACC CGT ATC GAA AAA TAC GGT GCG TTC ATC AAC CTG AAC GAG CAG GTT CGT GGT CTG CTG CGT CCG CGC ATT ATG ATC TCT CTC CGT CTG GAG AAT CTG AAC GTT GGT GAC GAA ATC ATT GTT CAG GCG ATC GAC GTT CGT CCG GAA AAA CGT GAA ATC GAC TTC CAC TAC ATC CCG,1.9757747440460087
GAC GTT GAA CCG GGT AAA TTC TAC AAA GGT GTT GTT ACC CGT ATC GAA AAA TAC GGT GCG TTC ATC AAC CTG AAC GAA CAG GTT CGT GGT CTG CTG CGT CCG CGT GAC ATG ATC TCT CTG CGT CTG GAA AAC CTC AAT GTT GGT GAC GCG ATC ATC GTT CAA GCG ATT GAC GTT CGT CCG GAA AAA CGT GAA ATC GAC TTC AAG TAC ATC CCG,5.569259610217667
GAC GTT GAA CCG GGT AAG TTC TAC AAA GGT GTT GTT ACC CGT ATC GAA AAA TAC GGT GCG TTC ATC AAT CTG AAC GAA CAG GTT CGT GGT CTG CTG CGT CCG CGT GAC ATG ATC TCT CTG CGT CTG GAA AAC CTG AAC GTG GGT GAC GAG AAG ATT GTT CAG GCG ATC GAT GTT CGT CCG GAA AAA CGT GAA ATC GAC TTC AAG TAC ATC CCG,0.3597018964973857
GAC GTT GAA CCG GGT AAA TTC TAC AAA GGT GTT GTT ACC CGT ATC GAA AAA TAC GGT GCG TTC ATC AAT CTC AAC GAA CAG GTT CGT GGT CTG CTG GTT CCG CGT GAC ATG ATC TCT CTG CGT CTG GAA AAC CTC AAT GTT GGT GAC GAA ATC ATC GTT CAA GCG ATC GAC GTT CGT CCG GAA AAA CGC GAA ATC TCT TTC AAA TAC ATC CCG,2.2386912306364133
GAC GTT GAA CCG GGT AAA TTC TAC AAA GGT GTT GTT ACC CGT ATC GAA AAA TAC GGT GCG TTC ATC AAC CTG AAC GAA CAG GTT CGT GGT CTG CTG CGT CCG CGT GAC ATG ATC TCT CTG CGT CTG GAA AAC CTC AAT GTT GGT GAC GAA ATC ATC GTT CAA GCG ATC GAT GCG CGT CCG GAA AAA CGT GAA ATC GAC TTC AAA TAC ATC CCG,3.432344815064068
GAC GTT GAA CCG GGT AAA TTC TAC AAA GGT GTT GTT ACC CGT ATC GAA AAA TAC GGT GCG TTC ATC AAC CTG AAC GAA CAG GTT CGT GGT CTG CTG CGT CCG CGT GAC ATG ATC TCT CTG GCG CTG GAA AAT CTG AAC GTT GGT GAC GAA ATC ATC GTT CAA GCG ATC GAC GTT CGT CCG GAA AAA CGT GAA ATC GAC TTC AAA TAC ATC CCG,4.886546622604376
GAT GTT GAA CCG GGT AAA TTC TAC AAA GGT GTT GTT ACC CGT ATC GAA AAA TAC GGC GCG TTC ATC AAC CTG AAT GAG CAG GTT CGT GGT CTG CTG CGT CCA CGC CAC ATG ATC TCT CTG CGC CTG GAA AAC CTC AAC GTG GGT GAC GAA ATC ATT GTT CAA GCT ATC GAC GTG CGT CCG GAA AAA CGT GAG ATC AAC TTC AAA TAC ATC CCA,3.619388356038531
GAC GTT GAA CCG GGT AAA TTC TAC AAA GGT GTT GTT ACC CGT ATC GAA AAA GAA GGT GCG TTC ATC AAC CTC AAC GAA CAG GTT CGT GGT CTG CTG CGT CCG CGT GAC ATG ATC TCT CTG CGT CTG GAA AAC CTG AAC GTT GGT GAC GAA ATC ATC GTG CAG GCG ATC GAC GTT CGT CCG GAA AAA CGT GAA ATC GAC TTC AAA TAC ATC CCG,3.708405829018848
GAT GTT GAA CCG GGT AAA TTC TAC AAG GGT GTT GTT ACC CGT ATC GAA AAA TAC GGT GCG TTC CGT AAC CTG AAT GAA CAG GTT CGT GGT CTG CTG CGT CCG CGT GAC ATG ATC TCT CTG CGT CTG GAA AAC CTC AAT GTT GGT GAC GAA ATC ATC GTT CAG GCG ATC GAC GTT CGT CCA GAA AAA CGT GAA ATC GAC TTC AAA TAC ATC CCG,0.4276983730092842
GAC GTT GAA CCG GGT AAA TTC TAC AAA GGT GTT GTT ACC CGT ATC GAA AAA TAC GGT GCG TTC ATC AAC CTC AAC GAA CAG GTT CGT GGT CTG CTG CGT CCG CGT GAC ATG ATC TCT CTG CGT CTG GAA AAT CTC AAT GTG GGT GAC GAA ATC ATC GTT CAG GCG ATC GAC GTT CGT CCG GAA AAA CGT GAA ATC GAC AAA AAG TAC ATC CCG,1.5438716935439003
GAC GTT GAA CCG GGC AAA TTC TAC AAA GGT GTT GTT ACC CGT ATC GAA AAA TAC GGT GCG TTC ATC AAT CTG AAC GAA CAG GTT CGT GGT CTG CTG CTG CCG CGT GAC ATG ATC TCT CTG CGT CTC GAA AAC CTC AAC GTG GGT GAC GAA ATC ATC GTT CAA GCG ATC GAC GTT CGT CCG GAA AAA CGT GAA ATC AAG TTC AAA TAC ATC CCG,3.1789311061537333
GAC GTT GAA CCG GGT AAG TTC TAC AAA GGT GTT GTT ACC CGT ATC GAA AAA TAC GGT GCG TTC ATC AAC CTG AAT GAA CAG GTT CGT GGT CTG CTG CGT CCG CGT GAG ATG ATC TCT CTC CGT CTG GAA AAT CTG AAC GTT GGT GAC GAA ATC ATC GTT CAG GCG ATC GAC GTT CAC CCG GAA AAA CGT GAA ATC GAC TTC AAA TAC ATC CCG,2.160475890525756
GAC GTT GAA CCG GGT AAA TTC TAC AAA GGT GTT GTT ACC CGT ATC GAA AAA TAC GGT GCG TTC ATC AAC CTG AAC GAA CAG GTT CGT GGT CTG CTG CGT CCG CGT GAC ATG ATC TCT CTG CGT CTG ATT AAC CTC AAT GTT GGT GAC GAA ATC ATC GTT CAA GCG ATC GAC GTT CGT CCG GAA AAA CGT GAA ATC GAC TTC AAA TAC ATC CCG,4.52041083627213
GAC GTT GAA CCG GGT AAA TTC TAC AAG GGC GTT GTT ACC CGT ATC GAA AAA TAC GGT GCG TTC ATC AAC CTC AAC GAG CAG GTT CGT GGT CTG CTG CGT CCG CGT GAC ATG ATC TCT CTG CGT CTG GAA AAC CTG AAT GTT GGT GAC GAA ATC ATC GTT GCG GCG ATC GAT GTT CGT CCG GAA AAA CGT GAA ATC GAC TTC AAA TAC ATC CCG,3.611464991411995
GAC GTT GAA CCG GGT AAA TTC TAC AAA GGT GTT GTT ACC CGT ATC GAA AAA TAC CGT GCG TTC ATC AAC CTC AAC GAA CAG GTT CGT GGT CTG CTG CGT CCG CGT GAC ATG ATC TCT CTG CGT CTG GAA AAC CTG AAT GTT GGT GAC GAA ATC ATT GTT CAG GCG ATT GAC GTT CGT CCG GAA AAA CGT GAA ATC GAC TTC AAA TAC ATC CCG,2.5679684791398505
GAT GTT GAA CCG GGT AAA TTC TAC AAA GGT GTT GTT ACC CGT ATC GAA AAA TAC GGT GCG TTC ATC AAC CTG AAT GAG CAG GTT CGT GGT CTG CTG CCA CCG CGC GAC ATG ATC TCT CTG CGT CTG GAA AAT CTG AAC GTT GGT GAC GAA ATC ATC GTT CAG GCG ATC GAC GTT CGT CCG GAA AAA CGT GAG ATC AAC TTC AAA TAC ATC CCG,1.011120859118921
GAC GTT GAA CCG GGC AAA TTC TAC AAA GGT GTT GTT ACC CGT ATC GAA AAA TAC GGT GCG TTT ATC AAT CTG AAC GAG CAG GTT CGT GGT CTG CTG CGT CCG CGT GAC ATG ATC TCT CTG CGT CTG GAA AAC CTC AAC GTG GGT GAC GAA ATC ATC GTT CAA GCG ATC GAC GTT CGT CCG GAA AAA CGT GAA ATC GAC TTC AAA TAC ATC CCG,5.47182187801601
GAC GTT GAA CCG GGT AAA TTC TAC AAA GGT GTT GTT ACC CGT ATC GAA AAA TAC GGT GCG TTC ATC AAC CTG AAT GAA CAG GTT CGT GGT CTG CTG CGT CCG CGT GAC ATG ATC TCT CTG CGT CTG GAA AAC CTC AAT GTT GGT GAC GAA ATC ATC GTT CAA GCG ATC GAC GTT CCG CCG GAA AAA CGT GAA ATC CGT TTC AAA TAC ATC CCG,4.597813401381817
GAT GTT GAA CCG GGT AAA TTC TAC AAG GGT GTT GTT ACC CGT ATC GAA TGC TAC GGT GCG TTC ATC AAC CTG AAT GAG CAG GTT CGT GGT CTG CTC CGC CCA CGC GAC ATG ATC TCT CTC CGT CTG GAA AAT CTG AAC GTT GGT GAC GAA ATC ATC GTT CAG GCG ATC GAC GTT CGT CCG GAA AAA CGT GAA ATC GAC TTC AAA TAC ATC CCG,4.18682142368786
GAC GTT GAA CCG GGT AAA TTC TAC AAA GGT GTT GTT ACC CGT ATC GAA AAA TAC GGT GCG TTC ATC AAC CTC AAT GAA CAG GTT CGT GGT CTG CTG CGT CCG CGT GAC ATG ATC TCT CTG CGT CTG GAA AAC CTG AAC GTT GGT GAC GAA ATC ATT GTT CAG GCG ATC GAC GTG CAC CCG GAA AAA CGT GAA ATC ACC TTC AAG TAC ATC CCG,4.215607272834976
GAC GTG GAA CCG GGT AAG TTC TAC AAA GGT GTT GTT ACC GAA ATC ATC AAA TAT GGT GCG TTC ATC AAC CTG AAC GAA CAA GTT CGT GGT CTG CTG CGT CCG CGT GAC ATG ATC TCT CTG CGT CTG GAA AAT CTG AAC GTG GGC GAC GAA ATT ATC GTG CAG GCG ATC GAC GTT CGT CCG GAA AAA CGT GAA ATC GAC TTC AAA TAC ATC CCG,3.500235292444603
GAT GTT GAA CCG GGC AAA TTC TAC AAA GGT GTT GTT ACC CGT ATC GAA AAA TAC GGT GCG TTC ATC AAC CTG AAC GAG CAG GTT CGT GGT CTG CTG CGT CCG CGT GAC ATG ATC TCT CTG CGT CTG GAA AAT CTC AAC GTG GGC GAC GAA ATC ATT GTG CAG GCG ATC GAC GTT ATG CCG GAA AAA CGT GAA ATC GAC TTC AAA TAC ATC CCG,2.9340181656534154
GAC GTG GAA CCG GGT AAG TTC TAC AAA ATC GTT GTT ACC CGT ATC GAA AAA TAC GGT GCT TTC ATC AAT CTG AAC GAA CAG GTT CGT GGT CTG CTG CGT CCG CGT GAC ATG ATC TCT CTG CGT CTG GAA AAC CTG AAT GTT GGC GAC GAA ATC ATC GTT CAA GCG ATC GAT GTG CGC CCA GAG AAA CGT GAA ATC GAC TTC AAA TAC ATT CCG,2.0892482939294625
GAC GTT GAA CCG GGT AAA TTC TAC AAA GGT GTT GTT ACC CGT ATC GAA AAA TAC GGT GCG TTC ATC AAC CTG AAC GAA CAG GTT CGT GGT CTG CTG AAC CCG CGT GGT ATG ATC TCT CTG CGT CTG GAA AAC CTC AAC GTG GGC GAC GAA ATC ATC GTG CAG GCG ATC GAC GTT CGT CCG GAA AAA CGT GAA ATC GAC TTC AAA TAC ATC CCG,1.6397209747415027
ATT GTT GAA CCG GGT AAA TTC TAC AAA GGT GTT GTT ACC CGT ATC GAA AAA TAC GGT GCG TTC ATC AAC CTC AAC GAA CAG GTT CGT GGT CTG CTG CGT CCG CGT GAC ATG ATC TCT CTG CGC CTG GAA AAT CTG AAC GTT GGT GAC GAA ATC ATC GTT CAG GCG ATC GAC GTT CGT CCG GAA AAA CGT GAA ATC GAC TTC AAA TAC ATC CCG,6.4509919410162855
GAC GTT GAA CCG GGT AAA TTC TAC AAA GGT GTT GTT ACC CGT ATC GAA AAA TAC GGT GCG TTC ATC AAC CTC AAC GAA CAG GTT CGT GGT CTG CTG ATC CCG CGT GAT ATG ATC TCT CTG CGT CTG GAA AAC CTG AAT GTT GGT GAC GAA ATC ATC GTG CAG GCG ATC GAC GTT GTG CCG GAA AAA CGT GAA ATC GAC TTC AAA TAC ATC CCG,2.0898816885321017
GAT GTT GAA CCG GGT AAA TTC TAC AAA GGT GTT GTT ACC CGT ATC GAA AAA TAC GGT GCG TTC ATC AAC CTC AAC TAT CAG GTT CGC GGT CTG CTG CGT CCG CGT GAC ATG ATC TCT CTG CGT CTG GAA AAT CTG AAC GTT GGT GAC GAA ATC ATC GTT CAA GCG ATC GAT GTT CGT CCG GAA AAA CGT GAA ATC GAC TTC AAA TAC ATC CCG,5.784634702184652
GAC GTT GAA CCG GGT AAA TTC TAC AAA GGT GTT GTT ACC GCG ATC GAG AAA TAC GGT GCG TTC ATC AAC CTG AAT GAG CAG GTT CGT GGT CTG CTG CGT CCG CGT GAC ATG ATC TCT CTG CGC CTG GAA AAT CTG AAC GTT GGT GAC GAA ATC ATC GTT CAG GCT ATC GAC GTT CGT CCG GAA AAA CGT GAA ATC GAC TTC AAA TAC ATC CCG,4.84026554451202
GAC GTT GAA CCG GGT AAA TTC TAC AAA GGT GTT GTT ACC CGT ATC GAA AAA TAC GGT GCG TTC ATC AAC CTG AAT GAA CAG GTT CGT GGT CTG CTG CGT CCG CGT GAC ATG ATC TCT TAC CGT CTG GAA AAT CTG AAC GTT GGT GAC GAA ATC ATC GTT CAG GCG ATC GAC GTT CGT CCG GAA AAA CGT GAA ATC GAC TTC AAA TAC ATC CCG,2.9251420723648343
GAC GTT GAA CCG GGT AAA TTC TAC AAA GGT GTT GTT ACC CGT ATC GAA AAA TAC GGT GCG TTC ATC AAC CTC AAC GAA CAG GTT CGT GGT CTG CTG TAC CCG CGT ACC ATG ATC TCT CTG CGT CTG GAA AAC CTG AAC GTT GGT GAC GAA ATC ATC GTG CAA GCG ATC GAC GTT CGT CCG GAA AAA CGT GAA ATC GAC TTC AAA TAC ATC CCG,1.588628848419088
GAC GTT GAA CCG GGT AAA TTC TAC AAA GGT GTT GTT ACC CGT ATC GAA AAA TAC GGT GCG TTC ATC AAC CTC AAC GAA CAG GTT CGT GGT CTG CTG CGT CCA CGT GCG ATG ATC TCT CTG CGT CTG GAA AAC CTG AAT GTT GGT GAC GAA ATC ATC GTG CAG GCG ATT GAC GTT CGT CCG GAA AAA CGT GAA ATC CTG TTC AAA TAC ATC CCG,2.981436338598529
GAC GTT GAA CCG GGT AAA TTC TAT AAA GGC GTT GTG ACC CGT ATC GAA AAA TAC GGT GCG TTC ATC AAC CTG AAC GAA CAG GTT CGT GGT CTG CTG CGT CCG CGT GAC ATG ATC TCT CTG CGT CTG GAA AAC CTC AAT GTT GGT GAC GAA ATC ATC GTG CAG GCT ATT GAC GTT CGT CCG TCT AAA CGT GAA ATC GAC TTC AAA TAC ATC CCG,5.058833551360396
GAC GTT GAA CCG GGT AAA TTC TAC AAG GGC GTT GTT ACC CGT ATC GAA AAA TAC CCG GCG TTC ATC AAC CTC AAC GAA CAG GTT CGT GGT CTG CTG CGT CCG CGT GAC ATG ATC TCT CTG CGT CTG GAA AAC CTG AAT GTT GGT GAC GAA ATC ATC GTT CAG GCT ATT GAC GTT CGT CCG GAA AAA CGT GAA ATC GAC TTC AAA TAC ATC CCG,0.817494018469772
GAT GTT GAA CCG GGT AAA TTC TAC AAA GGT GTT GTT TTC CGT ATC GAA AAA TAC GGT GCG TTC ATC AAC CTC AAT GAA CAA GTT CGT GGT CTG CTG CGT CCG CGT GAC ATG ATC TCT CTG CGT CTG GAA AAC CTG AAT GTT GGT GAC GAA ATC ATC GTT CAA GCG ATC GAC GTT CGT CCG GAA AAA CGT GAA ATC GAC TTC AAA TAC ATC CCG,3.5936693278736422
GAC GTT GAA CCG GGT AAA TTC TAC AAA GGT GTT GTT ACC CGT ATC GAA AAA TAC GGT GCG TTC ATC AAC CTC AAC GAG CAG GTT CGT GGT CTG CTG ATC CCG CGT GAC ATG ATC TCT CTG CGT CTG GAG AAC CTG AAC GTG GGT GAT GAA ATC ATC GTG CAG GCG ATC GAT GTT GGT CCA GAA AAA CGT GAA ATC GAC TTC AAA TAC ATC CCG,2.4690253533872646
GAC GTT GAA CCG GGC AAA TTC TAC AAA GGT GTT GTT ACC CGT ATC GAA AAA TAC GGT GCG TTC ATC AAC CTG AAC GAG CAG GTT CGT GGT CTG CTG CGT CCG CGT GAC ATG ATC TCT CTG CGT CTG GAA AAC CTC AAT GTT GGT GAC GAA ATC ATC GTT CAA GCG ATC GAT GTT ACT CCG GAA AAA CGT GAA ATC CCG TTC AAA TAC ATT CCA,2.1015969453534846
GAC GTT GAA CCG GGT AAG TTT TAC AAA GGT GTT GTT ACC GTT ATC GCG AAA TAC GGT GCG TTC ATC AAC CTG AAT GAA CAG GTT CGT GGT CTG CTG CGT CCG CGT GAC ATG ATC TCT CTG CGT CTG GAA AAT CTG AAC GTT GGT GAC GAA ATC ATC GTT CAG GCG ATT GAC GTT CGT CCG GAA AAA CGT GAA ATC GAC TTC AAA TAC ATC CCG,3.90311138906498
GAC GTT GAA CCG GGT AAA TTC TAC AAA GGT GTT GTT ACC CGT ATC GAA AAA TAC GGT GCG TTC ATC AAT CTG AAC GAA CAG GTT CGT GGT CTG CTG CGT CCG CGT GAC ATG ATC TCT CTG CGT CTG GAA AAC CTG AAC GTT GGT GAC GAA ATC ATC GTT CAA GCG ATC GAC GTT CGT CCG AAC AAA CGT GAA ATC GAC TTC AAA TAC ATC CCG,5.23197115479261
GAC GTT GAA CCG GGT AAA TTC TAC AAA GGT GTT GTT ACC CGT ATC GAA AAG TAC ATG GCG TTC ATC AAC CTC AAC GAA CAG GTG CGC GGT CTG CTG CGT CCG CGT GAC ATG ATC TCT CTG CGC CTG GAA AAT CTG AAC GTT GGT GAC GAA ATC ATC GTT CAG GCG ATC GAC GTT CGT CCG GAA AAA CGT GAA ATC GAC TTC AAA TAC ATC CCG,2.686311572438521
GAC GTT GAA CCG GGT AAA TTC TAC AAA GGT GTT GTT ACC CGT ATC GAA AAA TAC GGT GCG TTC ATC AAC CTG AAC GAA CAG GTT CGT GGT CTG CTG CGT CCG CGT GAC ATG ATC TCT CTG CGT GTT GAA AAC CTC AAT GTT GGT GAC GAA ATC ATC GTT CAA GCG ATC GAC GTT CGT CCG GAA AAA CGT GAA ATC GAC TTC AAA TAC ATC CCG,3.709325612584371
GAT GTT GAA CCG GGT AAA TTC TAC AAA GGT GTT GTT ACC CGT ATC GAA AAA TAC GGT GCG TTC ATC AAT CTG AAT GAG CAG GTT CGT GGT CTG CTG CGT CCG CGT GAC ATG ATC TCT CTG CGT CTG GAA AAC CTG AAC GTT GGT GAC GAA ATC ATC GTT CAA GCG ATC GAC GTG GGT CCG GAA AAA CGT GAA ATC GTT TTC AAA TAC ATC CCG,3.829499905896792
GAC GTT GAA CCG GGT AAG TTC TAC AAA GGT GTT GTT ACC AAC ATC ACC AAG TAC GGT GCG TTC ATC AAC CTG AAC GAA CAG GTT CGT GGT CTG CTG CGT CCG CGT GAC ATG ATC TCT CTG CGT CTG GAA AAT CTG AAC GTT GGT GAC GAA ATC ATC GTT CAA GCG ATC GAC GTT CGT CCG GAA AAA CGT GAA ATC GAC TTC AAA TAC ATC CCG,4.372515359513592
GAC GTT GAA CCG GGC AAA TTC TAC AAA GGT GTT GTT ACC CGT ATC GAA AAA TAC GGT GCG TTC ATC AAC CTC AAT GAA CAG GTT CGC GGT CTG CTG TCT CCG CGT GAC ATG ATC TCT CTG CGT CTG GAA AAT CTG AAC GTT GGT GAC GAA ATC ATC GTT CAG GCG ATC GAC GTT CAC CCG GAA AAA CGT GAA ATC GAC TTC AAA TAC ATC CCG,1.8854256181116968
GAC GTT GAA CCG GGT AAG TTC TAC AAA GGT GTT GTT ACC CGT ATC GAA AAG AAG GGT GCG TTC ATC AAC CTG AAC GAG CAG GTT CGT GGT CTG CTG CGT CCG CGT GAC ATG ATC TCT CTG CGT CTG GAA AAC CTC AAT GTT GGT GAC GAA ATC ATC GTT CAA GCG ATC GAC GTT CGC CCG GAA AAA CGT GAA ATC GAC TTC AAA TAC ATC CCA,3.187158934733197
GAC GTT GAA CCG GCG AAA TTC TAC AAA GGT GTT GTT ACC CGT ATC GAA AAA TAC GGT GCG TTC ATC AAC CTG AAC GAG CAG GTT CGT GGT CTG CTG CGT CCG CGT GAC ATG ATC TCT CTC CGT CTG GAA AAC CTC AAT GTT GGC GAC GAA ATC ATC GTT CAA GCG ATC GAC GTT CGT CCG GAA AAA CGT GAA ATC GAC TTC AAA TAC ATC CCA,3.042913645929185
GAT GTT GAG CCG GGT AAA TTC TAC AAA GGT GTT GTT ACC CGT ATC GAA AAA TAC GGT GCG TTC ATC AAC CTC AAC GAA CAG GTT CGT GGT CTG CTG CGT CCG CGT GAC ATG ATC TCT CTG CGT CTG GAA AAT CTG AAC GTT GGT GAC GAA ATC ATC GTT CAG GCG ATC GAC GTT GAA CCA GAA AAA CGC GAA ATC TCT TTC AAA TAC ATC CCG,3.79812833780744
GAC GTT GAA CCG GGC AAA TTC TAC AAA GGT GTT GTT ACC CGT ATC GAA AAA TAC GGT GCG TTC ATC AAC CTC AAT GAA CAG GTT CGT GGT CTG CTG CGT CCG CGT GAC ATG ATC TCT CTG CGT CTG GAA AAT CTG AAC GTT GGT GAC GAA ATC ATC GTG CAG GCT ATC GAT GTT GGC CCG GAA AAA CGT GAA ATC GAC TTC AAA TAC ATC CCG,3.182886744521889
GAC GTT GAG CCG GGC AAA TTC TAC AAA GGT GTT GTT ACC CGT ATC GAA AAA TAC GGT GCG TTC ATC AAC CTG AAT GAA CAG GTG CGT GGT CTG CTC CAA CCA CGT GAC ATG ATC TCT CTG CGT CTG GAA AAT CTG AAC GTT GGT GAC GAA ATC ATT GTT CAG GCG ATC GAC GTT CGT CCG GAA AAA CGT GAA ATC CCG TTC AAA TAC ATC CCG,1.2551636863453677
GAC GTT GAA CCG GGT AAA TTC TAC AAA GGT GTT GTT ACC CGT ATC GAA AAA TAC GGT GCG TTC ATC AAT CTG AAC GAG CAG GTT CGT GGT CTG CTG GAC CCG CGT GAC ATG ATC TCT CTG CGT CTG GAA AAC CTG AAC GTT GGT GAC GAA ATC ATC GTG CAG GCG ATC GAC GTT AAC CCG GAA AAA CGT GAA ATC GAC TTC AAA TAC ATC CCG,1.3862427371970287
GAC GTT GAA CCG GGT AAA TTC TAC AAG GGT GTT GTT ACC CGT ATC GAA AAA TAC GGT GCG TTC ATC AAC CTC AAC GAG CAG GTT CGT GGT CTG CTG CGT CCG CGT GCT ATG ATC TCT CTG CGT CTG GAG AAC CTG AAC GTT GGT GAT GAA ATC ATC GTG CAG GCG ATC GAC GTT CAC CCG GAA AAA CGT GAA ATC GAC TTC AAA TAC ATC CCA,2.389848063815428
GAC GTT GAA CCG GGT AAA TTC TAC AAA GGT GTT GTT ACC CGT ATC GAA AAA TAC GGT GCG TTC ATC AAC CTG AAC GAA CAG GTT CGT GGT CTG CTG ATT CCG CGT ATT ATG ATC TCT CTG CGT CTG GAA AAT CTG AAT GTT GGT GAC GAA ATC ATT GTT CAA GCG ATC GAC GTT CGT CCG GAA AAA CGT GAA ATC GAC TTC AAG TAC ATC CCG,2.5037819240211325
GAC GTT GAA CCG GGC AAA TTC TAC AAA GGT GTT GTT ACC CGT ATC GAA AAA TAC GGT GCG TTC ATC AAC CTG AAT GAA CAG GTT CGT GGT CTG CTG CGT CCG CGT GAC ATG ATC TCT CTG CGT CTG GAA AAC CTC AAT GTT GGT GAC GAA ATC ATC GTT CAG GCG ATC GAC GTT TAC CCG GAG AAA CGT GAA ATC AAC TTC AAA TAC ATC CCG,3.9787184559466007
GAC GTT GAA CCG GGT AAA TTC TAC AAA GGT GTT GTT ACC CGT ATC GAA AAA TAC GGT GCG TTC ATC AAT CTG AAC GAA CAG GTT CGT GGT CTG CTC GGT CCG CGC CAC ATG ATC TCT CTG CGT CTG GAA AAC CTG AAC GTT GGT GAC GAA ATC ATC GTT CAA GCG ATC GAC GTG CGT CCG GAA AAA CGT GAA ATC GAC TTC AAA TAC ATC CCG,1.971031901722681
GAC GTT TGG CCG GGT AAA TTC TAC AAA GGT GTT GTT ACC CGT ATC GAA AAA TAC GGT GCG TTC ATC AAC CTC AAT GAA CAG GTT CGT GGT CTG CTG CGT CCG CGT GAC ATG ATC TCT CTG CGT CTG GAA AAC CTG AAC GTT GGT GAC GAA ATC ATC GTT CAA GCG ATC GAC GTT CGT CCG GAA AAA CGT GAA ATC GAC TTC AAA TAC ATC CCG,4.724865550554066
GAC GTT GAA CCG GGT AAA TTC TAC AAA GGT GTT GTT ACC CGT ATC GAA AAA TAC GGT GCG TTC ATC AAC CTG AAT GAA CAA GTT CGT GGT CTG CTG CGT CCG CGC GAC ATG ATC TCT CTG CGT CTG GAA AAT CTG AAC GTG GGC GAT GAA ATC ATT GTT CAG GCG ATT GAC GTT CCG CCG GAA AAA CGT GAA ATC GCG TTC AAA TAC ATT CCG,3.424636345386684
GAC GTT GAA CCG GGT AAG TTC TAC AAA GGT GTT GTT ACC CGT ATC GAA AAA TAC GGT GCG TTC ATC AAC CTG AAC GAG CAG GTT CGT GGT CTG CTC AAC CCA CGT GAC ATG ATC TCT CTG CGT CTG GAA AAC CTC AAT GTT GGT GAC GAA ATC ATC GTT CAA GCT ATC GAC GTT CCG CCG GAA AAA CGT GAA ATC GAC TTC AAG TAC ATC CCA,1.1639772247282976
GAT GTT GAA CCG GGT AAA TTC TAC AAA GGC GTG GTG ACT CTG ATC GAA AAA TAC GGT GCG ACC ATC AAC CTG AAT GAA CAG GTT CGT GGT CTG CTG CGT CCG CGT GAC ATG ATC TCT CTG CGT CTG GAA AAT CTG AAC GTG GGT GAC GAA ATC ATC GTT CAA GCT ATC GAT GTT CGT CCG GAA AAA CGT GAA ATC GAC TTC AAA TAC ATC CCG,2.5153052700681133
GAC GTT GAA CCG GGC AAA TTC TAC AAA GGT GTT GTT ACC ATG ATC CAC AAA TAC GGT GCG TTC ATC AAC CTG AAC GAA CAG GTG CGT GGT CTG CTG CGT CCG CGT GAC ATG ATC TCT CTG CGT CTG GAG AAC CTC AAT GTT GGT GAT GAA ATC ATC GTT CAA GCG ATC GAT GTT CGT CCG GAA AAA CGT GAA ATC GAC TTC AAA TAC ATC CCG,4.202509658503597
GAC GTT GAA CCG GGT AAA TTC TAC AAA GGT GTT GTT ACC CGT ATC GAA AAA TAC GGT GCG TTC ATC AAC CTG AAT GAA CAG GTT CGT GGT CTG CTG GCT CCG CGT CGT ATG ATC TCT CTG CGT CTG GAA AAC CTC AAT GTT GGT GAC GAA ATC ATC GTT CAG GCG ATC GAC GTT CGT CCG GAA AAA CGT GAA ATC GAC TTC AAA TAC ATC CCG,2.073371046358851
GAC GTT GAA CCG GGT AAA TTC TAC AAA GGT GTT GTT ACC CGT ATC GAA AAA TAC GGT GCG TTC ATC AAC CTC AAC GAA CAG GTT CGT GGT CTG CTG CGC CCA CGT TCT ATG ATC TCT CTG CGT CTG GAA AAC CTG AAC GTT GGT GAC GAA ATC ATC GTG CAG GCG ATC GAC GTT CGT CCG GAA AAA CGT GAA ATC ACC TTC AAA TAC ATC CCG,2.5827907989132064
GAC GTT GAA CCG GGT AAA TTC TAC AAA GGT GTT GTT ACC CGT ATC GAA AAA TAC GGT GCG TTC ATC AAT CTG AAC GAA CAG GTT CGT GGT CTG CTC CGC CCA CGC GCG ATG ATC TCC CTG CGT CTG GAA AAC CTC AAC GTG GGT GAC GAA ATC ATC GTT CAA GCG ATC GAC GTT CGC CCG GAA AAA CGT GAA ATC GAC TTC TAT TAC ATC CCA,2.3629189631121763
GAC GTT GAA CCG GGT AAA TTC TAC AAA GGT GTT GTT ACC CGT ATC GAA AAA TAC GGT GCG TTC ATC AAC CTG AAC GAA CAG GTT CGT GGT CTG CTG AAC CCA CGT CAG ATG ATC TCT CTG CGT CTG GAA AAT CTG AAC GTT GGT GAC GAA ATC ATC GTG CAA GCG ATC GAC GTT CGT CCG GAA AAA CGT GAA ATC GAC TTC AAA TAC ATC CCG,1.7830730012392235
GAC GTT GAA CCG GGT AAA TTC TGC AAA GGT GTT GTT ACC CGT ATC GAA AAA TAC GGT GCG TTC ATC AAC CTG AAT GAA CAG GTG CGT GGT CTG CTC CGT CCG CGT GAC ATG ATC TCT CTG CGC CTG GAG AAC CTC AAT GTT GGT GAC GAA ATC ATC GTT CAG GCT ATC GAC GTT CGC CCG GAA AAA CGT GAA ATC GAC TTC AAA TAC ATC CCG,1.7896267861338386
GAC GTT GAA CCG GGT AAA TTC TAC AAA GGT GTT GTT ACC CGT ATC GAA AAA TAC GGT GCG TTC ATC AAC CTG AAC GAA CAG GTT CGT GGT CTG CTG CGT CCG CGT TTC ATG ATC TCT CTG CGT CTG GAA AAT CTG AAC GTT GGT GAC GAA ATC ATC GTT CAA GCG ATC GAC GTT ATG CCG GAA AAA CGT GAA ATC GAC TTC AAA TAC ATC CCG,2.1325850217441884
GAC GTT GAA CCG GGT AAA TTC TAC AAA GGT GTT GTT ACC CGT ATC GAA AAA TAC GGT GCG TTC ATC AAC CTG AAC GAA CAG GTT CGT GGT CTG CTG ATC CCG CGT TTC ATG ATC TCT CTG CGT CTG GAA AAC CTC AAC GTG GGC GAC GAA ATC ATC GTT CAA GCG ATC GAC GTT CGT CCG GAA AAA CGT GAA ATC GAC TTC AAA TAC ATC CCG,2.9127440232302364
GAC GTT GAA CCG GGT AAA TTC TAC AAA GGT GTT GTT ACC ACC ATT TTC AAA TAC GGT GCG TTC ATC AAT CTC AAC GAA CAG GTT CGT GGT CTG CTG CGT CCG CGT GAC ATG ATC TCT CTG CGT CTG GAA AAT CTG AAT GTT GGT GAC GAA ATC ATC GTT CAG GCT ATC GAC GTT CGT CCG GAA AAA CGT GAA ATC GAC TTC AAG TAC ATC CCG,3.918406195639584
GAT GTT GAA CCG GGT AAA TTC TAC AAA GGT GTT GTT ACC TGG ATC ATG AAA TAC GGT GCG TTC ATC AAC CTC AAC GAA CAG GTG CGT GGT CTG CTG CGT CCG CGC GAC ATG ATC TCT CTC CGT CTG GAA AAT CTG AAC GTT GGT GAC GAA ATC ATC GTT CAG GCG ATC GAC GTT CGT CCG GAA AAA CGT GAA ATC GAC TTC AAA TAC ATC CCG,4.323876235735443
GAC GTT GAA CCG GGT AAA TTC TAC AAA GGT GTT GTT ACC CGT ATC GAA AAA TAC GGT GCG TTC ATC AAC CTG AAT GAA CAG GTT CGT GGT CTG CTG CAC CCG CGT GAC ATG ATC TCT CTG CGT CTG GAA AAT CTG AAC GTT GGT GAC GAA ATC ATC GTT CAG GCG ATC GAC GTT TGG CCG GAA AAA CGT GAA ATC GAC TTC AAA TAC ATC CCG,1.7812648456874418
GAC GTT GAA CCG GGT AAA TTC TAC AAA GGT GTT GTT ACC CGT ATC GAA AAA TAC GGT GCG TTC ATC AAC CTG AAT GAA CAG GTT CGT GGT CTG CTG TAC CCG CGT GAC ATG ATC TCT CTG CGT CTG GAA AAT CTG AAC GTT GGT GAC GAA ATC ATC GTT CAA GCG ATC GAC GTT CGT CCG GAA AAA CGT GAA ATC TGG TTC AAA TAC ATC CCG,2.4059580002909
GAC GTT GAA CCG GGT AAA TTC TAC AAA GGT GTT GTT ACC CGT ATC GAA AAA TAC GGT GCG TTC ATC AAT CTG AAC GAA CAG GTT CGT GGT CTG CTG CGT CCG CGT GAC ATG ATC TCT CTG CGT CTG GAA AAC CTG AAC GTT GGT GAC GAA CAC ATC GTT CAA GCG ATC GAC GTT CGT CCG GAA AAA CGT GAA ATC GAC TTC AAG TAC ATC CCG,0.8602261924845458
GAC GTT GAA CCG GGT AAA TTC TAC AAA GGT GTT GTT ACC CGT ATC GAA AAA TAC GGT GCG TTC ATC AAT CTC AAC GAA CAG GTT CGT GGT CTG CTG CAC CCG CGT AAA ATG ATC TCT CTG CGT CTG GAA AAC CTG AAT GTT GGT GAC GAA ATC ATC GTT CAG GCG ATC GAT GTT CGT CCG GAA AAA CGT GAA ATC GAC TTC AAG TAC ATC CCG,1.6529293752758651
GAC GTT GAA CCG GGT AAA TTC TAC AAA GGT GTT GTT ACC CGT ATC GAA AAA TAC GGT GCG TTC ATC AAC CTG AAC GAA CAG GTT CGT GGT CTG CTG CGT CCG CGT CTG ATG ATC TCT CTG CGT CTG GAA AAC CTC AAT GTT GGT GAC GAA ATC ATC GTG CAG GCG ATT GAC GTT CGT CCG GAA AAA CGT GAA ATC CAG TTC AAA TAC ATC CCG,2.2576886169066617
GAC GTT GAA CCG GGT AAA TTC TAC AAG GGT GTT GTT ACC CGT ATC GAA AAA TAC GGT GCG TTC ATC AAC CTG AAC GAA CAA GTG CGT GGC CTG CTC CGC CCA CGC GGT ATG ATC TCC CTG CGT CTG GAA AAT CTG AAT GTT GGT GAC GAA ATC ATT GTT CAG GCG ATC GAC GTT CGT CCG GAA AAA CGT GAA ATC GAC TTC CCG TAC ATC CCG,1.3947669261452171
GAC GTT GAA CCG GGT AAA TTC TAC AAA GGT GTT GTT ACC CGT ATC GAA AAA TAC GGT GCG TTC ATC AAC CTG AAC GAA CAA GTT CGT GGT CTG CTG CGT CCG CGT GAC ATG ATC TCT CTG CGT CTG GAA AAC CTC AAT GTT GGT GAC GAA ATC ATC GTG CAG GCG ATT GAC GTG ACT CCG GAA AAG CGT GAA ATC TAC TTC AAG TAC ATT CCG,4.653935384232048
GAC GTT GAA CCG GGT AAA TTC TAC AAG GGT GTT GTT ACC CGT ATC GAA AAA TAC GGT GCG TTC ATC AAC CTG AAC GAG CAG GTT CGT GGT CTG CTG CGT CCG CGT GAC ATG ATC TCT CTG CGT CTG GAA AAC CTC AAT GTT GGT GAC GAA ATC ATC GTT CAA GCG ATC GAC GTT CGC CCG GAA AAA CGT GAA ATC GAC TTC AAA TAC ATC CAC,4.254181470028138
GAC GTT GAA CCA GGT AAA TTC TAC AAA GGC GTT GTT ACC CGT ATC GAA AAA TAC GGT GCG TTC ATC AAC CTC AAC GAA CAA GTT CGT GGT CTG CTG CGT CCG CGT GAC ATG ATC TCT CTG CGT CTG GAA AAC CTG AAC GTG GGC GAC GAA ATC ATT GTG CAG GCT ATC GAC GTG TCT CCG GAA AAA CGT GAA ATC CCG TTC AAA TAC ATC CCA,2.308149031873308
GAC GTT GAA CCG GGT AAG TTC TAC AAA GGT GTT GTT ACC CAC ATC GAA AAA TAC GGT GCG CAT ATC AAC CTG AAC GAA CAG GTT CGT GGT CTG CTC CGT CCG CGT GAC ATG ATC TCT CTG CGT CTG GAA AAC CTC AAT GTT GGT GAC GAA ATC ATC GTT CAA GCG ATC GAT GTT CGT CCG GAA AAA CGT GAA ATC GAC TTC AAA TAC ATC CCG,2.2189767139718226
GAT GTT GAA CCG GGT AAA TTC TAC AAA GGT GTT GTT ACC AAC ATC GAA AAA TAC GGT GCG GAA ATC AAC CTG AAT GAA CAG GTG CGT GGT CTG CTG CGC CCA CGT GAC ATG ATC TCT CTC CGT CTG GAA AAC CTC AAC GTG GGT GAC GAA ATC ATC GTT CAA GCT ATT GAC GTT CGC CCG GAA AAA CGT GAA ATC GAC TTC AAG TAC ATC CCG,1.3165731402011345
GAC GTT GAA CCG GGT AAA TTC TAC AAA GGT GTT GTT ACC CGT ATC GAA AAA TAC GGT GCG TTC ATC AAC CTC AAC GAA CAG GTT CGT GGT CTG CTC CGT CCG CGT TAT ATG ATC TCT CTG CGT CTG GAG AAC CTG AAT GTT GGT GAC GAA ATC ATC GTT CAG GCG ATC GAC GTG CGT CCG GAA AAA CGT GAA ATC GAC TTC AAA TAC ATC CCG,3.990537718707604
GAC GTT GAA CCG GGT AAA TTC TAC AAA GGT GTT GTT ACC CGT ATC GAA AAA TAC GGT GCG TTC ATC AAT CTG AAT GAA CAG GTT CGT GGT CTG CTG AAC CCG CGT CGT ATG ATC TCT CTG CGT CTG GAA AAC CTC AAT GTT GGT GAC GAA ATC ATC GTT CAG GCG ATC GAT GTT CGT CCG GAA AAA CGT GAA ATC GAC TTC AAA TAC ATC CCG,1.774213918196754
GAC GTT GAA CCG GGT AAA TTC TAC AAA GGT GTT GTT ACC CGT ATC GAA AAA TAC GGT GCG TTC ATC AAC CTC AAC GAA CAG GTT CGT GGT CTG CTG CGT CCG CGT GAC ATG ATC TCT CTG CGT CTG GAA AAC CTG AAT GTT GGT GAC GAA ATC ATC GTT CAG GCT ATC GAC GTT TCT CCG GAA AAA CGT GAA ATC GTT TTC AAA TAC ATC CCG,3.998527798561838
GAC GTT GAA CCG GGT AAA TTC TAC AAA GGT GTT GTT ACC CTG ATC AAG AAA TAC GGT GCG TTC ATT AAC CTG AAC GAA CAG GTG CGT GGT CTG CTG CGT CCG CGT GAC ATG ATC TCT CTG CGT CTG GAA AAT CTG AAT GTT GGT GAC GAA ATC ATT GTT CAG GCG ATC GAT GTT CGT CCG GAA AAA CGT GAA ATC GAC TTC AAA TAC ATC CCG,5.017759210459492
GAT GTT GAA CCG GGT AAA TTC TAC AAA GGC GTT GTT ACC CGT ATC GAA AAA TAC GGT GCG TTC ATC AAC CTG AAC GAA CAG GTT CGC GGT CTG CTC TTC CCG CGT CAG ATG ATC TCT CTG CGT CTG GAA AAT CTG AAC GTT GGT GAC GAA ATC ATT GTT CAG GCG ATC GAC GTG CGT CCG GAA AAA CGT GAA ATT GAC TTC AAA TAC ATC CCG,1.83298134296064
GAC GTT GAA CCG GGT AAG TTC TAC AAA GGT GTT GTT ACC CGT ATC GAA AAA TAC GGT GCG TTC ATC AAC CTG AAT GAA CAG GTT CGT GGT CTG CTC CGT CCG CGT TGG ATG ATC TCT CTG CGT CTG GAA AAT CTG AAC GTT GGT GAC GAA ATC ATC GTG CAG GCG ATC GAC GTT TCT CCG GAA AAA CGT GAA ATC GAC TTC AAA TAC ATC CCG,2.7259731468377524
GAC GTT GAA CCG GGT AAA TTC TAC AAA GGT GTT GTT ACC CGT ATC GAA AAA TAC GGT GCG TTC ATC AAC CTG AAC GAA CAA GTT CGT GGT CTG CTG CGC CCA CGT GAC ATG ATC TCT CTG CGT CTG GAA AAC CTC AAT GTT GGT TGG GAA ATC ATT GTT CAG GCG ATC GAC GTG CGT CCG GAA AAA CGT GAA ATC GAC TTC AAA TAC ATC CCG,3.266187330467892
GAC GTT GAA CCG GGC AAA TTC TAC AAG GGT GTT GTT ACC TCT ATC TAC AAA TAC GGT GCG TTC ATC AAC CTG AAC GAA CAG GTT CGT GGT CTG CTG CGT CCG CGT GAC ATG ATC TCT CTG CGT CTG GAA AAC CTC AAT GTT GGT GAC GAA ATC ATC GTG CAG GCG ATC GAT GTT CGT CCG GAA AAA CGT GAA ATC GAC TTC AAA TAC ATC CCG,4.973371272823864
GAC GTT GAA CCG GGT AAA TTC TAC AAA GGT GTT GTT ACC CGT ATC GAA AAA TAC GGT GCG TTC ATC AAC CTG AAC GAA CAG GTT CGT GGT CTG CTG CGT CCG AAA GAC ATG ATC TCT CTG CGT CTG GAA AAT CTG AAT GTT GGT GAC GAA ATC ATC GTG CAG GCG ATC GAC GTT CGT CCG GAA AAA CGT GAA ATC GAC TTC AAA TAC ATC CCG,5.531199928383085
GAC GTG GAA CCG GGC AAA TTC TAC AAA GGT GTT GTT ACC TAC ATC GAA AAA TAC GGT GCG GAG ATC AAT CTC AAC GAA CAG GTT CGT GGT CTG CTC CGT CCG CGC GAC ATG ATT TCC CTG CGT CTG GAA AAT CTG AAC GTT GGT GAT GAG ATC ATC GTT CAG GCG ATT GAT GTT CGC CCG GAA AAA CGT GAA ATC GAC TTC AAA TAC ATC CCG,1.1534709750003764
GAC GTT GAA CCG GGT AAG TTC TAC AAA GGT GTT GTT ACC CGT ATC GAA AAA TAC GGT GCG TTT ATC AAT CTG AAC GAA CAG GTT CGT GGT CTG CTG CGT CCG CGT GAC ATG ATC TCT CTG CGT CTG CAC AAC CTG AAT GTT GGT GAC GAA ATC ATC GTG CAA GCG ATC GAC GTT CGT CCG GAA AAA CGT GAA ATC GAC TTC AAA TAC ATC CCG,4.813101168931867
GAC GTG GAA CCG GGT AAG TTC TAC AAA GGT GTT GTT ACC GAC ATC GAA AAA TAC GGT GCT GGT ATC AAC CTG AAT GAA CAG GTT CGT GGT CTG CTG CGT CCG CGT GAC ATG ATC TCT CTG CGT CTG GAA AAC CTC AAT GTG GGC GAC GAA ATC ATC GTT CAG GCG ATT GAC GTT CGT CCG GAA AAA CGT GAA ATC GAC TTC AAA TAC ATC CCA,0.0906515481142718
GAC GTG GAA CCG GGT AAA TTC TAC AAA GGT GTT GTT ACC TGG ATC AAA AAG TAT GGT GCG TTC ATC AAC CTG AAC GAA CAG GTT CGT GGT CTG CTG CGT CCG CGT GAC ATG ATC TCT CTG CGT CTG GAA AAT CTG AAC GTT GGT GAC GAA ATC ATC GTG CAG GCG ATT GAT GTT CGT CCG GAA AAA CGT GAA ATC GAC TTC AAA TAC ATC CCG,3.7666119211513367
GAC GTT GAA CCG GGT AAA TTC TAC AAA GGT GTT GTT ACC CGT ATC GAA AAA TAC GGT GCG TTC ATC AAC CTC AAC GAA CAG GTT CGC GGT CTG CTG TCT CCG CGT GAC ATG ATC TCT CTG CGT CTG GAA AAT CTC AAC GTG GGT GAC GAA ATC ATC GTT CAG GCG ATC GAT GTT CAG CCG GAA AAA CGT GAA ATC GAC TTC AAA TAC ATC CCG,1.5143875390088883
GAT GTT GAA CCG GGT AAG TTC TAC AAA GGT GTT GTT ACC CGT ATC GAA AAA TAC GGT GCG TTC ATC AAC CTG AAT GAA CAG TTC CGT GGT CTG CTG CGT CCG CGT GAC ATG ATC TCT CTG CGT CTG GAA AAT CTG AAC GTT GGT GAC GAA ATC ATC GTT CAG GCG ATC GAC GTT CGT CCG GAA AAA CGT GAA ATC GAC TTC AAA TAC ATC CCG,3.8966541304163984
GAT GTG GAA CCG GGT AAA TTC TAC AAG GGC GTT GTT ACT CGT ATC GAG AAA TAC GGT GCG TTC ATC AAC CTC AAC GAG CAG GTT CGT GGT CTG CTC CGT CCA CGT GAT ATG ATC TCT CTC TGC CTG GAA AAC CTG AAC GTT GGT GAC GAA ATC ATC GTT CAA GCG ATT GAC GTT CGC CCG GAA AAA CGT GAA ATC GAC TTC AAA TAC ATC CCA,4.034865739496872
GAC GTT GAA CCG GGT AAA TTC TAC AAA GGT GTT GTT ACC CGT ATC GAA AAA TAC GGT GCG TTC ATC AAT CTG AAC GAA CAG GTT CGT GGT CTG CTG CGT CCG CGT GAC ATG ATC AAC CTG CGT CTG GAA AAC CTG AAT GTT GGT GAC GAA ATC ATC GTT CAA GCG ATC GAC GTT CGT CCG GAA AAA CGT GAA ATC GAC TTC AAA TAC ATC CCG,6.199027141686802
GAC GTT GAA CCG GGC AAA TTC TAC AAA GGT GTT GTT ACC CGT ATC GAA AAA TAC GGT GCG TTC ATC AAC CTC AAC GAA CAG GTG CGT GGT CTG CTG CGT CCG CGT GAC ATG ATC TCT CTG CGC CTC CAG AAC CTG AAC GTT GGT GAT GAA ATC ATC GTT CAA GCT ATC GAC GTT CGT CCG GAA AAA CGT GAA ATC GAC TTC AAG TAC ATT CCG,4.605862906340893
GAC GTT GAG CCG GGC AAA TTC TAC AAA GGT GTT GTT ACC CGT ATC GAA AAA TAC GGT GCG TTC ATC AAC CTG AAC GAA CAG GTT CGC GGT CTG CTC CGT CCG CGT TCT ATG ATC TCT CTG CGT CTG GAA AAT CTG AAC GTT GGT GAC GAA ATC ATC GTT CAA GCG ATC GAT GTT CGT CCG GAA AAA CGT GAA ATC GAC TTC ATC TAC ATC CCG,2.67751346838293
GAC GTG GAA CCG GGT AAA TTC TAC AAA GGT GTT GTT ACC CGT ATC GAA AAA TAC GGT GCG TTC ATC AAT CTC AAC GAA CAG GTT CGT GGT CTG CTG CGT CCG CGT CCG ATG ATC TCT CTG CGT CTG GAA AAT CTG AAC GTT GGT GAC GAA ATC ATC GTT CAG GCG ATC GAC GTT GTT CCG GAG AAA CGT GAA ATC GAC TTC AAA TAC ATC CCG,1.1217133509407256
GAC GTT GAG CCG GGT AAA TTC TAC AAA GGT GTT GTT ACC CGT ATC GAA AAA TAC GGT GCG TTC ATC AAC CTG AAC GAA CAG GTG CGT GGT CTG CTC CGT CCG CGT GAC ATG ATC TCT CTG CGT CTC GAA AAC CTC AAT GTT GGT GAC GAA ATC ATT GTG CAG GCG ATC GAC GTT CGT CCA GAA AAA CGT GAA ATC GAC TTC AAA TAC ATG CCG,4.778593944595061
GAC GTT GAA CCG GGT AAA TTC TAC AAA GGT GTT GTT ACC CGT ATC GAA AAA TAC GGT GCG TTC ATC AAC CTG AAT GAA CAG GTT CGT GGT CTG CTC GAT CCG CGC GAT ATG ATC TCT CTG CGT CTG GAA AAC CTC AAT GTT GGT GAC GAA ATC ATC GTT CAG GCG ATC GAT GTT CGT CCG GAA AAA CGT GAA ATC GTT TTC AAA TAC ATC CCG,2.480773118400138
GAC GTT GAA CCG GGT AAA TTC TAC AAA GGT GTT GTT ACC CGT ATC GAA AAA TAC GGT GCG TTC ATC AAC CTG AAC GAA CAG GTT CGT GGT CTG CTG ATG CCG CGT GAC ATG ATC TCT CTG CGT CTG GAA AAC CTC AAT GTT GGT GAC GAA ATC ATT GTG CAG GCG ATC GAC GTT ACT CCG GAA AAA CGT GAA ATC GAC TTC AAA TAC ATC CCG,1.761667731366756
GAC GTT GAA CCG GGC AAA TTC TAC AAA GGT GTT GTT ACC CGT ATC GAA AAG TAC GGT GCG TTC ATC AAC CTG AAT GAA CAG GTT CGT GGT CTG CTG CGT CCG CGT GAC ATG ATC TCT CTG CGT CTG GAA AAC CTC AAT GTT GGT GAC GAA ATC ATC GTT CAG GCG ATC GAC GTG CGT CCA GAA AAG ATG GAA ATC GAC TTC AAA TAC ATC CCG,5.256105089914066
GAC GTT GAA CCG GGT AAA TTC TAC AAA GGT GTT GTT ACC CGT ATC GAA AAA TAC GGT GCG TTC ATC AAT CTG AAT GAG CAA GTT CGT GGT CTG CTC TGC CCG CGT GAC ATG ATC TCT CTC CGT CTG GAA AAC CTG AAT GTG GGT GAC GAA ATC ATC GTT CAG GCG ATT GAC GTT CGC CCG GAA AAA CGT GAA ATC GAC TTC AAA TAC ATC CCG,2.3185684518009784
GAC GTT GAA CCG GGT AAA TTC TAC AAG GGT GTT GTT ACC CGT ATC GAA AAA TAC GGT GCG TTC ATT AAC CTC AAC GAG CAG GTT CGT GGT CTG CTG CGT CCG CGC GAC ATG ATC TCT CTG CGT CTG GAA AAC CTG AAT GTT GGT GAC GAA ATC ATC GTT CAA GCT ATC GAC GTG CAC CCG GAA AAA CGT GAA ATC AAC TTC AAA TAC ATC CCG,4.246072713173195
GAC GTT GAA CCG GGT AAA TTC TAC AAA GGT GTT GTT ACC CGT ATC GAA AAA TAC GGT GCG TTC ATC AAC CTG AAC GAA CAG GTT CGT GGT CTG CTG CCA CCG CGT GAC ATG ATC TCT CTG CGT CTG GAA AAT CTG AAC GTT GGT GAC GAA ATT ATC GTT CAA GCG ATC GAC GTG ATG CCG GAA AAA CGT GAA ATC GAC TTC AAA TAC ATC CCG,1.020402627861682
GAC GTT GAA CCG GGT AAA TTC TAC AAA GGT GTT GTT ACC CGT ATC GAA AAA TAC GGT GCG TTC ATC AAT CTG AAC GAA CAG GTT CGT GGT CTG CTG CGT CCG CGT CGT ATG ATC TCT CTG CGC CTC GAA AAC CTG AAC GTT GGT GAC GAA ATC ATT GTT CAG GCG ATC GAC GTT CGC CCG GAA AAA CGC GAA ATC TAC TTC AAA TAC ATC CCG,2.220028091432205
GAC GTT GAA CCG GGT AAA TTC TAC AAA GGT GTT GTT ACC CGT ATC GAA AAA TAC GGT GCG TTC ATC AAC CTG AAT GAA CAG GTT CGT GGT CTG CTG CGT CCG CGT CGT ATG ATC TCT CTG CGT CTG GAA AAT CTG AAC GTT GGT GAC GAA ATC ATC GTT CAG GCG ATC GAC GTT AAA CCG GAA AAA CGT GAA ATC GAC TTC AAA TAC ATC CCG,2.065440643676673
GAC GTT GAA CCG GGT AAA TTC TAC AAA GGT GTT GTT ACC CGT ATC GAA AAA TAC GGT GCG TTC ATC AAC CTG AAC GAA CAG GTT CGT GGT CTG CTG CGT CCG CGT ACC ATG ATC TCT CTG CGT CTG GAA AAT CTG AAC GTT GGT GAC GAA ATC ATC GTG CAG GCT ATC GAC GTT CGT CCG GAA AAA CGT GAA ATC CAG TTC AAA TAC ATC CCG,1.5243506352157272
GAC GTT GAA CCG GGT AAA TTC TAC AAG GGT GTT GTT ACC CGT ATC GAA AAA TAC GGT GCG TTC ATC AAC CTC AAC GAA CAG GTT CGT GGT CTG CTG GAA CCA CGC CGC ATG ATC TCT CTG CGT CTG GAG AAC CTG AAT GTT GGT GAC GAA ATC ATT GTT CAG GCG ATC GAC GTT CGT CCG GAA AAA CGT GAA ATC GAC TTC AAA TAC ATC CCG,2.180964820083156
GAC GTT GAA CCG GGT TGG TTC TAC AAA GGT GTT GTT ACC CGT ATC GAA AAA TAC GGT GCG TTC ATC AAC CTG AAC GAA CAG GTG CGT GGT CTG CTG CGT CCG CGT GAC ATG ATC TCT CTG CGC CTG GAA AAT CTC AAT GTT GGT GAC GAA ATC ATT GTT CAG GCT ATC GAC GTT CGT CCG GAA AAA CGT GAA ATC GAC TTC AAA TAC ATC CCG,3.798821616105424
GAC GTT GAA CCG GGT AAA TTC TAC AAG GGT GTT GTT ACC CGT ATC GAA AAA TAC GGT GCG TTC ATC AAC CTC AAC GAA CAG GTT CGT GGC CTG CTG CGT CCG CGT GAC ATG ATC TCT CTG CGT CTG GAG AAC CTG AAT GTT GGT GAC GAA ATC ATT GTG CAG GCG ATC GAT GTT ACT CCA GAA AAA CGT GAA ATC TCC TTC AAA TAC ATC CCG,4.072035983534727
GAC GTT GAA CCG GGT AAA TTC TAC AAA GGT GTT GTT ACC ACC ATC TAC AAG TAC GGT GCG TTC ATC AAT CTG AAC GAA CAG GTT CGT GGT CTG CTG CGT CCA CGT GAC ATG ATC TCT CTG CGT CTG GAA AAC CTG AAT GTT GGT GAC GAA ATC ATC GTG CAG GCT ATC GAC GTT CGT CCG GAA AAA CGT GAA ATC GAC TTC AAA TAC ATC CCG,3.781645641502868
GAC GTT GAA CCG GGT AAA TTC TAC AAA GGT GTT GTT ACC CGT ATC GAA AAA TAC GGT GCG TTC ATC AAC CTC AAC GAA CAG GTT CGT GGT CTG CTG CGT CCG CGT CAC ATG ATC TCT CTG CGT CTG GAA AAC CTG AAC GTT GGT GAC GAA ATC ATC GTG CAG GCG ATC GAC GTT ATC CCG GAA AAA CGT GAA ATC GAC TTC AAA TAC ATC CCG,2.8313103362424155
GAT GTT GAA CCG GGT AAA TTC TAC AAA GGT GTT GTT ACC CGT ATC GAA AAG TAT GGT GCG TTC ATC AAC CTG AAC GAA CAG GTT CGT GGT CTG CTG ATG CCG CGT GAC ATG ATC TCT CTG CGT CTG GAA AAC CTC AAT GTT GGT GAC GAA ATC ATT GTT CAG GCG ATC GAC GTT GTT CCG GAG AAA CGT GAA ATC GAC TTC AAA TAC ATC CCG,1.5379414221666003
GAC GTT GAA CCG GGC AAA TTC TAC AAA GGT GTT GTT ACC CGT ATC GAA AAA TAC GGT GCG TTC ATC AAC CTC AAT GAA CAG GTT CGT GGT CTG CTG CGT CCG CGC GTT ATG ATC TCT CTG CGT CTG GAA AAC CTG AAT GTT GGT GAC GAA ATC ATC GTT CAA GCG ATC GAC GTT CGT CCA GAA AAA CGT GAA ATC GTT TTC AAA TAC ATC CCG,2.019633748239696
GAT GTT GAA CCG GGT AAA TTC TAC AAA GGT GTT GTT ACC CGT ATC GAA AAA TAC GGT GCG TTC ATC AAT CTG AAT GAA CAG GTT CGT GGT CTG CTG CGT CCG CGT GAC ATG TAC TCT CTG CGT CTG GAA AAC CTG AAC GTT GGT GAC GAA ATC ATC GTT CAA GCG ATT GAC GTT CGT CCG GAA AAA CGT GAA ATC GAC TTC AAA TAC ATC CCG,4.986773563700764
GAC GTT GAG CCG GGT AAA TTC TAC AAA GGT GTT GTT ACC TCT ATC GTT AAA TAC GGC GCG TTC ATC AAC CTC AAC GAA CAG GTT CGT GGT CTG CTG CGT CCG CGT GAT ATG ATC TCT CTG CGC CTG GAA AAC CTG AAC GTT GGT GAC GAA ATC ATC GTT CAA GCG ATC GAC GTT CGC CCG GAA AAA CGT GAA ATC GAC TTC AAA TAC ATC CCA,4.496267689581801
GAC GTT GAA CCG GGT AAA TTC TAC AAA GGT GTT GTT ACC CGT ATC GAA AAA TAC GGT GCG TTC ATC AAC CTC AAC GAA CAG GTT CGT GGT CTG CTG TGG CCG CGT GCG ATG ATC TCT CTG CGT CTG GAA AAT CTG AAT GTG GGT GAC GAA ATC ATC GTT CAG GCG ATC GAC GTG CGT CCG GAA AAA CGT GAA ATC GAC TTC AAA TAC ATC CCG,1.6716627299759628
GAT GTT GAA CCG GGT AAA TTC TAC AAA GGT GTT GTT ACC TCC ATC ATG AAA TAT GGC GCG TTC ATC AAC CTG AAT GAA CAG GTT CGT GGT CTG CTG CGT CCA CGT GAC ATG ATC TCT CTG CGT CTG GAA AAC CTC AAT GTG GGT GAC GAA ATC ATC GTT CAG GCG ATC GAC GTT CGT CCG GAA AAA CGT GAA ATC GAC TTC AAA TAC ATC CCG,4.820883924891859
GAT GTT GAA CCG GGT AAA TTC TAC AAA GGT GTT GTT ACC CGT ATC GAA AAA TAC GGT GCG TTC ATC AAC CTC AAC GAA CAA GTT CGT GGT CTG TGG CGT CCG CGT GAC ATG ATC TCT CTG CGT CTG GAA AAC CTG AAC GTT GGT GAC GAA ATC ATC GTG CAG GCG ATC GAC GTT CGT CCG GAA AAA CGT GAA ATC GAC TTC AAA TAC ATC CCG,2.8745725136985425
GAC GTT GAA CCG GGT AAA TTC TAC AAA GGT GTT GTT ACC CGT ATC GAA AAA TAC GGT GCG TTC ATT AAC CTG AAC GAA CAG GTT CGT GGT CTG CTG CGT CCG CGC AAG ATG ATC TCT CTG CGT CTG GAA AAT CTG AAC GTT GGC GAC GAA ATC ATT GTT CAA GCG ATC GAC GTT CGT CCG GAA AAG CGC GAG ATC AAA TTC AAA TAC ATC CCG,1.6939276598356057
GAC GTT GAA CCG GGT AAA TTC TAC AAA GGT GTT GTT ACC CGT ATC GAA AAA TAC GGT GCG TTC ATC AAC CTC AAT GAA CAG GTG CGT GGT CTG CTC CCA CCG CGT TCT ATG ATC TCT CTG CGT CTG GAA AAC CTG AAC GTT GGT GAC GAA ATC ATC GTG CAG GCG ATC GAC GTT CGT CCG GAA AAA CGT GAA ATC GAC TTC AAA TAC ATC CCG,1.7789029390333355
GAC GTT GAA CCG GGT AAA TTC TAC AAA GGT GTT GTT ACC CGT ATC GAA AAA TAC GGT GCG TTC ATC AAC CTG AAC GAG CAG GTT CGT GGT CTG CTG CGT CCG CGT GAC ATG ATC TCT CTG CGT CTG GAA AAC GCG AAC GTT GGT GAC GAA ATC ATC GTT CAA GCG ATC GAC GTT CGT CCA GAA AAA CGT GAA ATC GAC TTC AAA TAC ATC CCG,1.0597105168529282
GAT GTT GAA CCG GGT AAA TTC TAC AAA GGT GTT GTT ACC CGT ATC AAA AAG TAC GGT GCG TTC ATC AAC CTC AAC GAA CAG GTT CGT GGT CTG CTG CGT CCG CGC GAC ATG ATC TCT CTG CGT CTG GAG AAC CTG AAC GTT GGT GAC GAA ATC ATC GTG CAG GCG ATT GAC GTT CGT CCG GAA AAA CGT GAA ATC GAC TTC AAA TAC ATC CCG,4.441120838657309
GAC GTT GAA CCG GGC AAA TTC TAC AAA GGT GTT GTT ACC CGT ATC GAA AAA TAC GGT GCG TTC ATC AAC CTG AAT GAA CAG GTT CGT GGT CTG CTG CGT CCG CGT GAC ATG ATC TCT CTG CGC CTG GAA AAT CTG AAT GTG GGT GAC GAA ATC ATC GTT CAG GCG ATC GAT GTT CAC CCG GAA AAA CGT GAA ATC GTT TTC AAA TAC ATC CCG,4.008554274546967
GAC GTT GAA CCG GGT AAA TTC TAC AAA GGT GTT GTT ACC CGT ATC GAA AAA TAC GGT GCG TTC ATC AAC CTC AAC GAA CAG GTT CGT GGT CTG CTG CGT CCG CGT GTT ATG ATC TCT CTC CGT CTG GAA AAC CTG AAT GTT GGT GAC GAA ATC ATT GTT CAG GCT ATC GAC GTT CGT CCG GAG AAG CGT GAA ATC AAA TTC AAA TAC ATC CCG,1.708270148603006
GAC GTT GAA CCG GGT AAA TTC TAC AAA GGT GTG AAC ACC CGT ATC GAA AAA TAC GGT GCG TTC ATC AAT CTG AAC GAA CAG GTT CGT GGT CTG CTG CGT CCG CGT GAC ATG ATC TCT CTG CGT CTG GAA AAC CTG AAT GTT GGT GAC GAA ATC ATC GTG CAG GCG ATT GAC GTT CGT CCG GAA AAA CGT GAA ATC GAC TTC AAA TAC ATC CCG,-0.8584991126784233
GAT GTT GAA CCG GGT AAA TTC TAC AAA GGT GTT GTT ACC CGT ATC GAA AAA TAC GGT GCG TTC ATC AAT CTG AAT GAA CAG GTT CGT GGT CTG CTG CGT CCG CGT GAC ATG ATC TCT CTG CGC CCA GAA AAC CTG AAC GTT GGT GAC GAA ATC ATC GTG CAG GCT ATT GAC GTT CGC CCG GAA AAA CGT GAA ATC GAC TTC AAA TAC ATC CCG,3.049413870339205
GAC GTT GAA CCG GGT AAA TTC TAT AAA GGT GTT GTT ACC GGC ATC GAA AAA TAC GGT GCG CAG ATC AAC CTG AAT GAA CAG GTT CGT GGT CTG CTG CGC CCA CGC GAC ATG ATC TCT CTC CGT CTG GAA AAC CTC AAT GTT GGT GAT GAA ATC ATC GTT CAG GCG ATC GAC GTT CGT CCG GAA AAA CGT GAA ATC GAC TTC AAA TAC ATC CCG,1.7225991582849618
GAC GTT GAA CCG GGT AAA TTC TAC AAA GGT GTT GTT ACC ACC ATC CGT AAA TAC GGT GCG TTC ATC AAT CTC AAC GAG CAG GTT CGT GGT CTG CTG CGT CCG CGC GAT ATG ATC TCT CTG CGT CTG GAA AAC CTC AAT GTT GGT GAC GAA ATC ATC GTT CAG GCG ATT GAC GTT CGT CCG GAA AAA CGT GAA ATC GAC TTC AAA TAC ATC CCG,4.044689471900363
GAC GTT GAA CCG GGT AAA TTC TAC AAA GGT GTT GTT ACC CGT ATC GAA AAA TAC GGT GCG TTC ATC AAC CTC AAC GAA CAG GTT CGT GGT CTG CTC CGT CCG CGT GGT ATG ATC TCT CTG CGT CTG GAA AAC CTG AAT GTT GGT GAC GAA ATC ATT GTT CAG GCG ATC GAC GTT ATG CCG GAA AAA CGT GAA ATC GAC TTC AAA TAC ATC CCG,1.4906394394370872
GAC GTT GAA CCG GGT AAA TTC TAC AAA GGT GTT GTT ACC CGT ATC GAA AAA TAC GGT GCG TTC ATC AAC CTG AAC GAA CAG GTT CGT GGT CTG CTG CTG CCA CGT GAT ATG ATC TCT CTG CGT CTG GAA AAT CTG AAC GTT GGT GAC GAA ATC ATC GTG CAG GCT ATC GAC GTT CTG CCG GAA AAA CGT GAA ATC GAC TTC AAA TAC ATC CCG,2.0940881566440805
GAT GTT GAA CCG GGT AAA TTC TAC AAA GGT GTT GTT ACC CGT ATC GAA AAA TAC GGT GCG TTC ATC AAC CTG AAC GAA CAG GTT CGC GGT CTG CTG CGT CCG CGC GAC ATG ATC TCT CTG CGC CTG GAA AAT CTG AAC GTT GGT GAC GAA ATC ATC GTG CAG GCT ATC GAC GTT CGT CCA GAA AAA CGT GAA ATC TCC TTC AAA TAC ATC CCG,4.450182975734768
GAC GTT GAA CCG GGT AAA TTC TAC AAA GGT GTT GTT ACC CGT ATC GAA AAA TAC GGT GCG TTC ATC AAC CTC AAC GAA CAG GTT CGT GGT CTG CTG CGT CCG CGT GAC ATG ATC TCT CTG CGT CTG GAA AAC CTG AAC GTT GGT GAC GAA ATC ATC GTG CAG GCG ATC GAC GTT AAA CCG GAA AAA CGT GAA ATC TGG TTC AAA TAC ATC CCG,4.117988831945493
GAC GTT GAA CCG GGT AAA TTC TAC AAA GGT GTT GTT ACC CGT ATC GAA AAA TAC GGT GCG TTC ATC AAC CTG AAC GAA CAG GTT CGT GGT CTG CTG CGT CCG CGT TTC ATG ATC TCT CTG CGT CTG GAA AAT CTG AAT GTT GGT GAC GAA ATC ATT GTT CAG GCG ATC GAC GTT TCT CCG GAA AAA CGT GAA ATC GAC TTC AAA TAC ATC CCG,2.6196021280617403
GAC GTT GAA CCG GGT AAA TTC TAC AAA GGT GTT GTT ACC GGC ATC GAA AAA TAC GGT GCG CAT ATC AAC CTG AAC GAA CAG GTT CGT GGC CTG CTG CGT CCG CGT GAC ATG ATC TCT CTG CGC CTC GAA AAT CTC AAT GTT GGT GAT GAA ATC ATC GTT CAA GCG ATC GAT GTT CGT CCG GAA AAA CGT GAA ATC GAC TTC AAA TAC ATC CCG,2.255416107145768
TTT GTT GAG CCG GGT AAA TTC TAC AAA GGC GTT GTT ACC CGT ATC GAA AAA TAC GGT GCG TTC ATC AAT CTG AAT GAA CAG GTT CGT GGT CTG CTC CGT CCG CGC GAC ATG ATC TCT CTG CGC CTG GAG AAC CTG AAC GTT GGT GAC GAA ATC ATT GTT CAG GCT ATC GAC GTT CGT CCG GAA AAA CGT GAA ATC GAC TTC AAA TAC ATC CCG,8.911721564869852
GAC GTT GAA CCG GGT AAA TTC TAC AAA GGT GTT GTT ACC CGT ATC GAA AAA TAC GGT GCG TTC ATC AAC CTC AAC GAA CAG GTT CGT GGT CTG CTG CAT CCG CGT GAC ATG ATC TCT CTG CGT CTG GAA AAC CTG AAT GTT GGT GAC GAA ATC ATC GTT CAG GCG ATC GAT GTT CGT CCG GAA AAA CGT GAA ATC ACC TTC AAG TAC ATC CCG,3.1033910305334897
GAC GTT GAA CCG GGT AAG TTC TAC AAA GGT GTT GTT ACC CGT ATC GAA AAA TAC GGT GCG TTC ATC AAC CTC AAC GAA CAA GTT CGT GGT CTG CTC CGC CCA CGC GTT ATG ATC TCT CTG CGT CTG GAA AAT CTG AAT GTT GGT GAT GAA ATC ATC GTT CAA GCG ATC GAC GTT CGT CCG GAA AAA CGT GAA ATC GAC TTC TAC TAC ATC CCG,1.8350609025863245
GAT GTT GAG CCG GGT AAA TTC TAC AAA GGT GTT GTT ACC CGT ATC GAA AAA TAC GGT GCG TTC ATC AAT CTG AAC GAA CAG GTG CGT GGT CTG CTG CGT CCG CGT TAC ATG ATC TCT CTG CGT CTG GAA AAC CTG AAC GTT GGT GAC GAA ATC ATT GTT CAG GCG ATC GAC GTT AAC CCG GAA AAA CGT GAA ATC GAC TTC AAA TAC ATC CCG,3.14045510075768
GAC GTT GAA CCG GGT AAA TTC TAC AAA GGT GTT GTT ACC GCG ATT GCG AAA TAC GGT GCG TTC ATC AAC CTG AAT GAA CAG GTT CGT GGT CTG CTG CGT CCG CGT GAC ATG ATC TCT CTG CGT CTG GAA AAT CTG AAC GTT GGT GAC GAA ATC ATC GTT CAA GCG ATC GAC GTT CGT CCG GAA AAA CGT GAA ATC GAC TTC AAA TAC ATC CCG,4.412850524518739
GAC GTT GAA CCG GGT AAA TTC TAC AAA GGT GTT GTT ACC CGT ATC GAA AAA TAC GGT GCG TTC ATT AAC CTG AAT GAA CAG GTT CGT GGT CTG CTG CGT CCG CGT CAG ATG ATC TCT CTG CGT CTG GAA AAC CTC AAC GTG GGT GAC GAA ATC ATC GTT CAG GCG ATC GAC GTT GGT CCG GAA AAA CGT GAA ATC GAC TTC AAA TAC ATC CCG,1.9051265339689407
GAC GTT GAA CCG GGT AAA TTC TAC AAG GGT GTT GTT ACC AAC ATC GAC AAA TAC GGT GCG TTC ATC AAC CTG AAC GAA CAG GTT CGT GGT CTG CTG CGT CCG CGT GAC ATG ATT TCC CTG CGT CTG GAA AAC CTC AAC GTG GGT GAC GAG ATT ATC GTT CAA GCT ATT GAC GTT CGT CCG GAA AAA CGT GAA ATC GAC TTC AAA TAC ATC CCG,2.7703909830088467
GAC GTT GAA CCG GGT AAG TTC TAC AAA GGT GTT GTT ACT CCG ATT TGG AAA TAC GGT GCG TTC ATC AAC CTC AAC GAA CAA GTT CGT GGT CTG CTG CGT CCG CGT GAC ATG ATC TCT CTG CGT CTG GAA AAC CTG AAC GTT GGT GAC GAA ATC ATC GTT CAA GCG ATC GAC GTT CGT CCG GAA AAA CGT GAA ATC GAC TTC AAA TAC ATC CCG,0.8256133150398026
GAC GTT GAG ATC GGC AAA TTC TAC AAA GGT GTT GTG ACC CGT ATC GAA AAA TAC GGT GCG TTC ATC AAC CTC AAC GAA CAG GTT CGT GGT CTG CTG CGT CCG CGT GAC ATG ATC TCT CTG CGT CTG GAA AAC CTG AAT GTT GGT GAC GAA ATC ATC GTT CAG GCT ATC GAC GTT CGT CCG GAA AAA CGT GAA ATC GAC TTC AAA TAC ATC CCG,10.65235292075874
GAC GTT GAA CCG GGT AAA TTC TAC AAA GGT GTT GTT ACC CGT ATC GAA AAA TAC GGT GCG TTC ATT AAC CTG AAC GAA CAG GTT CGT GGT CTG CTG ACT CCG CGT GAT ATG ATC TCT CTG CGT CTG GAA AAT CTG AAC GTT GGT GAC GAA ATC ATC GTG CAA GCG ATC GAC GTT GTT CCA GAG AAA CGT GAA ATC GAC TTC AAA TAC ATC CCG,1.2738509846708317
GAT GTT GAA CCG GGT AAA TTC TAC AAA GGT GTT GTT ACC CGT ATC GAA AAA TAC GGT GCG TTC ATC AAT CTG AAC GAA CAG GTT CGT GGT CTG CTG CGT CCG CGT CCG ATG ATC TCT CTG CGT CTG GAA AAC CTG AAT GTG GGT GAC GAA ATC ATT GTT CAG GCG ATC GAC GTT CGT CCA GAA AAA CGT GAA ATC GCG TTC AAG TAC ATC CCG,1.3039430970418937
GAT GTT GAA CCG GGT AAA TTC TAC AAA GGT GTT GTT ACC CGT ATC GAA AAA TAC GGT GCG TTC ATC AAC CTC AAT GAG CAG GTT CGT GGC CTG CTG CGT CCA CGT CTG ATG ATC TCT CTG CGC CTC GAA AAC CTG AAT GTT GGT GAC GAA ATC ATC GTT CAG GCG ATC GAC GTT CGT CCG GAA AAA CGT GAA ATC AAC TTC AAA TAC ATC CCG,2.0775545557037507
GAC GTT GAA CCG GGT AAG TTC TAC AAG GGT GTT GTT ACC AAG ATC AAC AAA TAC GGT GCG TTC ATC AAC CTG AAC GAA CAG GTT CGT GGT CTG CTG CGT CCG CGT GAC ATG ATC TCT CTG CGT CTG GAA AAT CTG AAC GTT GGT GAC GAA ATC ATC GTT CAA GCG ATC GAC GTT CGT CCG GAA AAA CGT GAA ATC GAC TTC AAG TAC ATC CCG,4.217764879154126
GAC GTT GAA CCG GGT AAA TTC TAC GCG GGT GTT GTT ACC CGT ATC GAA AAA TAC GGT GCG TTC ATC AAT CTG AAT GAA CAG GTT CGT GGT CTG CTG CGT CCG CGC GAC ATG ATC TCT CTG CGT CTG GAG AAC CTG AAT GTT GGT GAC GAA ATC ATC GTT CAG GCG ATC GAT GTT CGT CCG GAA AAA CGT GAA ATC GAC TTC AAA TAC ATC CCG,4.373190430059445
GAC GTT GAA CCG GGT AAG TTC TAC AAA GGT GTT GTT ACC CGT ATC GAA AAA TAC GGT GCG TTC ATC AAC CTC AAC GAA TGG GTT CGT GGT CTG CTG CGT CCG CGT GAC ATG ATC TCT CTG CGT CTG GAA AAC CTG AAC GTT GGT GAC GAA ATC ATC GTT CAA GCG ATC GAC GTT CGT CCG GAA AAA CGT GAA ATC GAC TTC AAA TAC ATC CCG,11.467714455989553
GAC GTT GAA CCG GGT AAA TTC TAC AAA GGT GTT GTT ACC CGT ATC GAA AAA TAC GGT GCG TTC ATC AAC CTC AAC GAA CAG GTT CGT GGT CTG CTG CGT CCG CGT GAC ATG ATC TCT CTG CGT CTG GAA AAC CTG AAT GTT GGT GAC GAA ATC ATT GTT CAG GCG ATC GAC GTT ATC CCG GAG AAA CGT GAA ATC TTC TTC AAA TAC ATC CCG,4.526746224562405
GAC GTT GAA CCG GGT AAA TTC TAC AAA GGT GTT GTT ACC CGT ATC GAA AAA TAC GGT GCG TTC ATC AAC GCG AAC GAA CAG GTT CGT GGT CTG CTG CGT CCG CGT GAC ATG ATC TCT CTC CGT CTG GAA AAC CTG AAC GTT GGT GAC GAA ATC ATC GTG CAG GCG ATC GAC GTT CGT CCG GAA AAA CGT GAA ATC GAC TTC AAA TAC ATC CCG,1.4623568438354877
GAT GTT GAA CCG GGT AAA TTC TAC AAA GGT GTT GTT ACC CGT ATC GAA AAA TAC GGT GCG TTC ATC AAC CTC AAC GAA CAG GTT CGT GGT CTG CTC CGC CCA CGT CGT ATG ATC TCT CTG CGC CTG GAG AAT CTG AAC GTT GGT GAC GAA ATC ATC GTT CAG GCG ATC GAC GTT CGT CCG GAA AAA CGT GAA ATC GAC TTC CCG TAC ATC CCG,1.7306663074574906
GAC GTT GAA CCG GGT AAA TTC TAC AAA GGT GTT GTT ACC CGT ATC GAA AAA TAC GGT GCG TTC ATC AAC CTG AAT GAA CAG GTT CGT GGT CTG CTG CGT CCG CGT GAC ATG ATC TCT AAA CGT CTG GAA AAC CTC AAC GTG GGT GAC GAA ATC ATC GTG CAG GCT ATC GAT GTT CGT CCG GAA AAA CGT GAA ATC GAC TTC AAA TAC ATC CCG,3.970529228289635
GAC GTT GAA CCG GGT AAA TTC TAC AAA GGT GTT GTT ACC CGT ATC GAA AAA TAC GGT GCG TTC ATC AAC GAC AAC GAA CAG GTT CGT GGT CTG CTG CGT CCG CGT GAC ATG ATC TCT CTG CGT CTG GAA AAC CTG AAT GTT GGT GAC GAA ATC ATC GTT CAA GCG ATC GAC GTT CGT CCG GAA AAA CGT GAA ATC GAC TTC AAA TAC ATC CCG,0.7608444412133284
GAC GTT GAA CCG GGT AAA TTC TAC AAA GGT GTT GTT ACC CGT ATC GAA AAA TAC GGT GCG TTC ATC AAC CTG AAT GAA CAG GTT CGT GGT CTG CTG AAC CCG CGT GAC ATG ATC TCT CTG CGT CTG GAA AAT CTG AAC GTT GGT GAC GAA ATC ATC GTT CAG GCG ATC GAT GTT CGT CCG GAA AAA CGC GAA ATC TAC TTC AAA TAC ATC CCG,2.621297262857044
GAC GTT GAA CCG GGT AAA TTC TAC AAA GGT GTT GTT ACC CGT ATC GAA AAA TAC GGT GCG TTC ATC AAC CTG AAC GAA CAG GTT CGT GGT CTG CTG CGT CCG CGT GAC ATG ATC TCT CTG CGT CTG GAA AAC CTC AAC GTG GGT GAC GAG ATT ATC GTT CAA GCG ATC GAC GTT CGT CCG GAA AAG CGT TTC ATC GAC TTC AAG TAC ATC CCG,5.375728699289137
GAC GTT GAA CCG GGC AAA TTC TAC AAA GGT GTT GTT ACT CCG ATC CGT AAA TAC GGT GCG TTC ATC AAC CTG AAT GAA CAG GTT CGT GGT CTG CTG CGT CCG CGT GAC ATG ATC TCT CTG CGT CTG GAA AAT CTG AAC GTT GGT GAC GAA ATC ATT GTT CAG GCG ATC GAC GTT CGT CCG GAA AAA CGT GAA ATC GAC TTC AAA TAC ATC CCG,0.0621164239753878
GAC GTT GAA CCG GGT AAG TTC TAC AAA GGT GTT GTT ACC AAC ATT AAC AAA TAC GGT GCG TTC ATC AAC CTG AAC GAA CAA GTT CGT GGT CTG CTG CGT CCG CGT GAC ATG ATC TCT CTG CGT CTG GAA AAC CTC AAC GTG GGT GAC GAA ATC ATC GTT CAA GCG ATC GAC GTT CGC CCG GAA AAG CGT GAA ATC GAC TTC AAA TAC ATC CCA,3.547990353641054
GAC GTT GAA CCG GGT AAA TTC TAC AAA GGT GTT GTT ACC CGT ATC GAA AAA TAC GGT GCG TTC ATC AAC CTG AAC GAA CAG GTT CGT GGT CTG CTG CGT CCG CGT ACC ATG ATC TCT CTG CGT CTG GAA AAT CTG AAT GTT GGT GAC GAA ATC ATC GTG CAA GCG ATC GAT GTT GAT CCG GAA AAA CGT GAA ATC GAC TTC AAG TAC ATC CCG,1.680584784445223
GAT GTT GAA CCG GGT AAG TTC TAC AAA GGC GTT GTG ACC CGT ATC GAA AAG TAT GGT GCG TTC ATC AAC CTG AAC GAA CAG GTT CGT GGT CTG CTG CGT CCG CGT GGT ATG ATC TCT CTG CGT CTG GAA AAC CTC AAT GTG GGT GAC GAA ATC ATC GTT CAA GCG ATT GAC GTT CGT CCG GAA AAG CGT GAA ATC TAC TTC AAA TAC ATC CCG,2.31896310719614
GAT GTT GAA CCG GGC AAA TTC TAC AAA GGT GTT GTT ACC CGT ATC GAA AAA TAC GGT GCG TTC ATC AAC CTG AAT GAA CAG GTT CGT GGT CTG CTG CGT CCG CGT TGG ATG ATC TCT CTG CGT CTG GAA AAC CTC AAC GTG GGT GAC GAA ATC ATC GTT CAA GCG ATC GAT GTT CGT CCG GAA AAA CGT GAA ATC GAC TTC GCG TAC ATC CCA,4.42283602568518
GAC GTT GAA CCG GGT AAA TTC TAC AAA GGT GTT GTT ACC CGT ATC GAA AAA TAC GGT GCG TTC ATC AAT CTG AAC GAA CAG GTT CGT GGT CTG CTC GAC CCA CGT GAC ATG ATC TCT CTG CGT CTG GAA AAC CTG AAC GTT GGT GAC GAA ATC ATC GTT CAA GCG ATC GAC GTT TCT CCG GAA AAA CGT GAA ATC GAC TTC AAA TAC ATC CCG,1.3159779766228636
GAT GTT GAA CCG GGT AAA TTC TAC AAA GGT GTT GTT ACC CGT ATC GAA AAG TAC GGT GCG TTC ATC AAT CTC AAC GAG CAG GTG CGT GGT CTG CTC CGT CCA CGT TGT ATG ATC TCT CTG CGT CTG GAA AAC CTG AAT GTT GGT GAC GAA ATC ATC GTT CAA GCG ATC GAC GTT CGT CCG GAA AAA CGT GAA ATC GAC TTC CTG TAC ATC CCG,3.812259845274863
GAT GTT GAA CCG GGT AAG TTC TAC AAA GGC GTT GTT ACC TGG ATC GAA AAA TAC GGT GCG TGT ATC AAC CTC AAC GAA CAA GTT CGT GGT CTG CTC CGT CCG CGT GAC ATG ATC TCT CTG CGT CTG GAA AAC CTG AAC GTT GGT GAC GAA ATC ATC GTG CAG GCG ATC GAT GTT CGT CCG GAA AAA CGT GAA ATC GAC TTC AAA TAC ATT CCG,2.933703270957242
GAC GTT GAA CCG GGT AAA TTC TAC AAA GGT GTT GTT ACC CGT CAC GAA AAA TAC GGT GCG TTC ATC AAC CTC AAT GAA CAG GTT CGT GGT CTG CTG CGT CCG CGT GAC ATG ATC TCT CTG CGT CTG GAA AAC CTG AAC GTT GGT GAC GAA ATC ATC GTG CAG GCG ATT GAC GTT CGT CCG GAA AAA CGT GAA ATC GAC TTC AAA TAC ATC CCG,1.1418366175670724
GAC GTT GAA CCG GGT AAA TTC TAC AAA GGT GTT GTT ACC CGT ATC GAA AAA TAC GGT GCG TTC ATC AAT CTG AAT GAA CAG GTT CGT GGT CTG CTG GAA CCG CGT GAC ATG ATC TCT CTG CGT CTG GAA AAC CTG AAT GTT GGT GAC GAA ATC ATC GTT CAG GCG ATC GAC GTT ATG CCG GAA AAA CGT GAA ATC GAC TTC AAA TAC ATC CCG,0.9561244349601146
GAC GTT GAA CCG GGT AAG TTC TAC AAA GGT GTT GTT ACC CGT ATC GAA AAA TAC GGT GCG TTC ATC AAC CTG AAC GAA CAG GTT CGT GGC CTG CTC CGT CCG CGT AAA ATG ATC TCT CTG CGC CTG GAG AAC CTC AAT GTT GGC GAC GAA ATC ATT GTT CAG GCG ATC GAC GTT CGT CCA GAA AAA CGT GAA ATC GAC TTC ATG TAT ATC CCG,2.590267064568458
GAC GTG GAA CCG GGT AAA TTC TAC AAA GGT GTT GTT ACC CGT ATC GAA AAA TAC GGT GCG TTC ATC AAC CTG AAT GAA CAG GTT CGT GGT CTG CTG GGT CCG CGT GAC ATG ATC TCT CTG CGT CTG GAA AAC CTC AAC GTG GGT GAC GAA ATC ATC GTT CAG GCG ATT GAC GTT GAC CCA GAA AAA CGT GAA ATC GAC TTC AAA TAC ATC CCG,1.4306094482212677
GAC GTT GAG CCG GGC AAA TTC TAC AAA GGT GTT GTT ACC CGT ATC GAA AAA TAC GGC GCG TTC ATC AAC CTG AAC GAA CAG GTT CGT GGT CTG CTG CGT CCG CGT ACC ATG ATC TCT CTG CGT CTG GAA AAT CTG AAC GTT GGT GAC GAA ATC ATC GTG CAG GCG ATT GAC GTG GAA CCG GAA AAA CGT GAA ATC GAC TTC AAA TAC ATC CCG,1.0999455281627162
GAC GTT GAA CCG GGT AAA TTC TAC AAA GGT GTT GTT ACC CGT ATC GAA AAA TAC GGT GCG TTC ATC AAC CTG CCG GAA CAG GTT CGT GGT CTG CTC CGT CCG CGT GAC ATG ATC TCT CTG CGT CTG GAA AAC CTG AAC GTT GGT GAC GAA ATC ATC GTG CAG GCG ATC GAC GTT CGT CCG GAA AAA CGT GAA ATC GAC TTC AAA TAC ATC CCG,2.9168124270612323
GAC GTT GAA CCG GGT AAA TTC GAA AAG GGT GTT GTT ACC CGT ATC GAA AAA TAC GGT GCG TTC ATC AAC CTG AAT GAA CAG GTT CGC GGT CTG CTG CGT CCG CGT GAC ATG ATC TCT CTC CGT CTG GAA AAC CTC AAT GTT GGT GAC GAA ATC ATC GTT CAG GCG ATC GAC GTT CGT CCG GAA AAA CGT GAA ATC GAC TTC AAA TAC ATC CCG,0.1484248249737229
GAT GTT GAA CCG GGT AAA TTC TAC AAG GGT GTT GTT ACC GAC ATC GAA AAA TAC GGT GCG TGG ATC AAT CTG AAC GAA CAG GTT CGT GGC CTC CTC CGT CCG CGT GAT ATG ATC TCT CTG CGC CTG GAG AAC CTG AAC GTT GGT GAC GAA ATC ATT GTT CAA GCG ATT GAC GTG CGT CCA GAA AAA CGT GAA ATC GAC TTC AAA TAC ATC CCG,3.589456504463784
GAC GTT GAA CCG GGT AAA TTC TAC AAA GGT GTT GTT ACC CGT ATC GAA AAA TAC GGT GCG TTC ATC AAC CTG AAC GAA CAG GTT CGT GGT CTG CTG CGT CCG CGT GAC ATG ATC TCT CTG AAC CTG GAA AAT CTG AAC GTT GGT GAC GAA ATC ATC GTG CAA GCG ATC GAC GTT CGT CCG GAA AAA CGT GAA ATC GAC TTC AAA TAC ATC CCG,4.612707605264923
GAC GTT GAA CCG GGC AAA TTC TAC AAA GGT GTT GTG ACC CGT ATC GAA AAG TAC GGT GCG TTC ATC AAC CTG AAC GAG CAG GTG CGT GGT CTG CTG CGT CCG CGT GAC ATG ATC TCT CTG CGT CTG GAA AAC CTC AAT GTT GGT GAC GAA ATC TGG GTT CAG GCG ATC GAC GTT CGT CCG GAA AAA CGT GAA ATC GAC TTC AAA TAC ATT CCG,5.29311747628646
GAC GTG GAA CCG GGC AAA TTC TAC AAA GGT GTT GTT ACT CCG ATC GAA AAA TAC GGT GCG ATG ATC AAC CTG AAT GAA CAG GTT CGT GGT CTG CTG CGT CCG CGT GAC ATG ATC TCT CTG CGT CTG GAA AAC CTC AAT GTT GGT GAC GAA ATC ATC GTT CAA GCG ATC GAT GTT CGT CCG GAA AAA CGT GAA ATC GAC TTC AAA TAC ATC CCA,-0.5645401996385795
GAC GTT GAA CCG GGT AAG TTC TAC AAA GGT GTT GTT ACC CGT ATC GAA AAA TAC GGT GCG TTC ATC AAC CTG AAC GAA CAG GTT CGT GGC CTG CTG CGT CCG CGT GAC ATG ATC TCT CTG CGT CTG GAG AAC CTC AAT GTT GGT GAT GAA ATC ATC GTG CAG GCG ATC GAC GTT CTG CCG GAA AAA CGT GAA ATC CCG TTC AAA TAC ATC CCG,1.6597470922200093
GAC GTT GAA CCG GGT AAA TTC TAC AAG GGT GTT GTT ACC CGT ATC GAA AAA TAC GGT GCG TTC ATC AAC CTG AAT GAG CAG GTT CGT GGC CTC CTG CGC CCA CGT TAT ATG ATC TCT CTG CGT CTG GAA AAC CTC AAT GTT GGC GAC GAA ATC ATC GTT CAG GCG ATC GAC GTT CGT CCG GAA AAA CGT GAA ATC GAC TTC GCG TAT ATC CCG,4.195891937841028
GAC GTT GAA CCG GGT AAA TTC TAC AAA GGT GTT GTT ACC CGT ATC GAA AAA TAC GGT GCG TTC ATC AAC CTC AAC GAA CAG GTT CGT GGT CTG CTG CTC CCG CGT AAA ATG ATC TCT CTG CGT CTG GAA AAC CTG AAT GTT GGT GAC GAA ATC ATC GTT CAG GCG ATT GAC GTG CGT CCG GAA AAA CGT GAA ATC GAC TTC AAA TAC ATC CCG,2.391467017279224
GAT GTT GAA CCG GGT AAA TTC TAC AAA GGT GTT GTT ACC CGT ATC GAA AAA TAC GGT GCG TTC ATC AAT CTG AAT GAG CAG GTT CGT GGT CTG CTG CGT CCG CGC CAC ATG ATC TCT CTG CGT CTG GAG AAC CTG AAC GTT GGT GAC GAA ATC ATT GTT CAG GCG ATC GAC GTT CGT CCG GAA AAA CGT GAA ATC CCG TTC AAA TAC ATC CCG,1.8688096600555704
GAC GTT GAA CCG GGT AAG TTC TAC AAA GGT GTT GTT ACC TGG ATC GAA AAA TAC GGT GCG ATC ATC AAC CTG AAC GAA CAG GTT CGT GGC CTC CTG CGC CCA CGT GAC ATG ATC TCT CTG CGT CTG GAA AAT CTG AAT GTG GGT GAC GAA ATC ATC GTG CAG GCG ATC GAC GTT CGT CCA GAA AAA CGT GAA ATC GAC TTC AAA TAC ATT CCG,3.085754575382064
GAT GTT GAA CCG GGT AAA TTC TAC AAA GGT GTT GTT ACC CGT ATC GAA AAA TAC GGT GCG TTC ATC AAT CTG AAT GAG CAG GTT CGT GGT CTG CTG CGT CCA CGT GAA ATG ATC TCT CTG CGT CTG GAA AAC CTG AAT GTT GGT GAC GAA ATC ATC GTT CAG GCG ATC GAC GTG GAA CCG GAG AAG CGC GAA ATC GAC TTC AAA TAC ATC CCG,1.4157829618609612
GAC GTT GAA CCG GGT AAA TTC TAC AAA GGT GTT GTT ACC CGT ATC GAG AAG TAC GGT GCG TTC ATC AAC CTG AAC GAA CAG GTT CGT GGT CTG CTG CGT CGT CGT GAC ATG ATC TCT CTG CGT CTG GAA AAC CTC AAT GTT GGT GAC GAA ATC ATT GTT CAA GCG ATC GAC GTT CGT CCG GAA AAA CGT GAA ATC GAC TTC AAA TAC ATC CCG,4.930125311629722
GAC GTT GAA CCG GGT AAA TTC TAC AAA GGT GTT GTT ACC ACC ATC GAA AAA TAC GGT GCG ACC ATC AAC CTC AAC GAA CAG GTT CGT GGT CTG CTC CGT CCG CGT GAC ATG ATC TCT CTG CGT CTG GAA AAC CTG AAC GTT GGT GAC GAA ATC ATC GTT CAA GCG ATC GAC GTT CGT CCA GAA AAA CGT GAA ATC GAC TTC AAA TAC ATC CCA,2.1866374749379744
GAC GTT GAA CCG GGT AAA TTC TAC AAA GGT GTT GTT ACC CGT ATC GAA AAA TAC GGT GCG TTC ATC AAC CTC AAT GAA CAG GTT CGT GGT CTG CTG CGT CCG CGT GAC ATG ATC TCT CTG CGT CTG GAA AAC CTG AAC GAA GGT GAC GAA ATC ATC GTG CAG GCT ATC GAC GTT CGT CCG GAA AAA CGT GAA ATC GAC TTC AAA TAC ATC CCG,3.708983847677009
GAC GTT GAA CCG GGT AAA TTC TAC AAA GGT GTT GTT ACC TAC ATC AAC AAG TAC GGT GCG TTC ATC AAT CTG AAC GAA CAG GTT CGT GGT CTG CTG CGT CCA CGT GAC ATG ATC TCT CTG CGT CTG GAA AAC CTG AAC GTT GGT GAC GAA ATC ATT GTT CAA GCT ATC GAC GTG CGT CCG GAG AAA CGT GAA ATC GAC TTC AAA TAC ATC CCG,4.263938692840405
GAC GTT GAA CCG GGT AAA TTC TAC AAA GGT GTT GTT ACC CGT ATC GAA AAA TAC GGT GCG TTC ATC AAC CTG AAC GAA CAG GTT CGT GGT CTG CTG AAC CCG CGT TAC ATG ATC TCT CTG CGT CTG GAA AAC CTC AAT GTT GGT GAC GAA ATC ATT GTT CAA GCG ATC GAC GTT CGT CCG GAA AAA CGT GAA ATC GAC TTC AAA TAC ATC CCG,2.120759484804978
GAC GTT GAA CCG GGT AAA TTC TAC AAA GGT GTT GTT ACC CGT ATC GAA AAA TAC GGT GCG TTC ATC AAC CTC AAC GAA CAG GTT CGT GGT CTG CTG ATG CCG CGT GAC ATG ATC TCT CTG CGT CTG GAA AAC CTG AAC GTT GGT GAC GAA ATC ATC GTT CAA GCG ATC GAC GTT CTG CCG GAA AAA CGT GAA ATC GAC TTC AAA TAC ATC CCG,1.6863238141444303
GAC GTT GAA CCG GGT AAA TTC TAC AAA GGT GTT GTT ACC GCG ATC ATG AAA TAC GGT GCG TTC ATC AAT CTG AAC GAA CAG GTT CGT GGT CTG CTG CGT CCG CGT GAC ATG ATC TCT CTG CGT CTG GAA AAC CTG AAT GTG GGT GAC GAA ATC ATC GTT CAA GCG ATC GAC GTT CGC CCG GAA AAA CGT GAA ATC GAC TTC AAA TAC ATC CCA,5.35441087501835
GAC GTT GAA CCG GGT AAA TTC TAC AAA GGT GTT GTT ACC CGT ATC GAA AAA TAC GGT GCG TTC ATC AAC CTC AAT GAA CAG GTT CGT GGT CTG CTG GTT CCG CGT GAC ATG ATC TCT CTG CGT CTG GAA AAC CTG AAC GTT GGT GAC GAA ATC ATC GTG CAG GCG ATT GAT GTT CAC CCG GAA AAA CGT GAA ATC GAC TTC AAA TAC ATC CCG,2.221291543583015
GAT GTT GAA CCG GGT AAA TTC TAC AAA GGT GTT GTT ACC CGT ATC GAA AAA TAC GGT GCG TTC ATC AAC CTC AAC GAA CAG GTT CGC GGT CTG CTG GGT CCA CGT GAC ATG ATC TCT CTG CGT CTG GAA AAT CTG AAC GTT GGT GAC GAA ATC ATC GTT CAG GCT ATC GAC GTT CTG CCG GAA AAA CGT GAA ATC GAC TTC AAA TAC ATC CCG,1.1021259947522335
GAC GTT GAA CCG GGT AAA TTC TAC AAA GGT GTT GTT ACC CGT ATC GAA AAA TAC GGT GCG TTC ATC AAC CTC AAC GAA CAG GTT CGT GGT CTG CTG CGT CCG CGT GAC ATG ATC TCT CTG CGT CTG GAA AAC CTG AAC GTT GGT GAC GAA ATC ATC GTG CAG GCG ATC GAC GTT TCT CCG GAA AAA CGT GAA ATC GCG TTC AAA TAC ATC CCG,4.06167227147732
GAC GTT GAA CCG GGT AAA TTC TAC AAA GGT GTT GTT ACC CGT ATC GAA AAA TAC GGT GCG TTC ATC AAC CTC AAC GAA CAG GTT CGT GGT CTG CTG CAA CCG CGT TAC ATG ATC TCT CTG CGT CTG GAA AAC CTG AAC GTT GGT GAC GAA ATC ATC GTG CAA GCG ATC GAC GTT CGT CCG GAA AAA CGT GAA ATC GAC TTC AAA TAC ATC CCG,2.9098983207793645
GAT GTT GAA CCG GGT AAA TTC TAC AAA GGT GTT GTG ACC GAC ATC TAT AAG TAC GGC GCG TTC ATC AAT CTG AAC GAA CAA GTT CGT GGT CTG CTC CGT CCG CGT GAC ATG ATC TCT CTG CGC CTG GAA AAT CTC AAT GTT GGT GAC GAA ATC ATT GTT CAG GCG ATT GAC GTT CGC CCG GAA AAA CGT GAA ATC GAC TTC AAA TAC ATC CCG,3.6503582237364416
GAC GTT GAA CCG GGT AAA TTC TAC AAA GGT GTT GTT ACC CGT ATC GAA AAA TAC GGT GCG TTC ATC AAC CTC AAT GAA CAG GTT CGT GGT CTG CTG CGT CCG CGT GAC CTG ATC TCT CTG CGT CTG GAA AAC CTG AAC GTT GGT GAC GAA ATC ATC GTT CAA GCG ATC GAC GTT CGT CCG GAA AAA CGT GAA ATC GAC TTC AAA TAC ATC CCG,3.334686018157919
GAC GTT GAA CCG GGT AAA TTC TAC AAA GGT GTT GTT ACC CGT ATC GAA AAA TAC GGT GCG TTC ATC AAC CTC AAC GAA CAG GTT CGT GGT CTG CTG CGT CCG CGC ATG ATG ATC TCT CTG CGT CTG GAA AAC CTG AAC GTT GGT GAT GAA ATC ATT GTT CAG GCG ATC GAC GTT TTC CCG GAA AAA CGT GAA ATC GAC TTC AAA TAC ATC CCG,2.193127731217804
GAC GTT GAA CCG GGT AAA TTC TAC AAA GGT GTT GTT ACC CGT ATC GAA AAA TAC GGT GCG TTC ATC AAC CTC AAT GAA CAG GTT CGT GGT CTG CTG GAA CCG CGT GAA ATG ATC TCT CTG CGT CTG GAA AAC CTG AAC GTG GGT GAC GAA ATC ATC GTG CAG GCG ATC GAC GTT CGT CCG GAA AAA CGC GAA ATC GAC TTC AAA TAC ATC CCG,1.5417473237924435
GAT GTT GAA CCG GGC AAA TTC TAC AAA GGT ATC GTT ACC CGT ATC GAA AAG TAC GGT GCG TTC ATC AAC CTC AAC GAA CAA GTT CGT GGT CTG CTC CGT CCA CGC GAT ATG ATT TCT CTG CGT CTG GAG AAC CTG AAT GTT GGT GAC GAG ATC ATC GTG CAG GCT ATC GAC GTG CGT CCG GAA AAA CGT GAA ATC GAC TTC AAA TAC ATC CCA,5.859404591478224
GAC GTG GAA CCG GGT AAA TTC TAC AAG GGT GTT GTT ACC CGT ATC GAA AAA TAC GGT GCG TTC ATC AAC CTC AAC GAA CAG GTT CGT GGC CTC CTG CGT CCG CGT TCT ATG ATC TCT CTC CGT CTG GAA AAC CTG AAC GTT GGT GAT GAA ATC ATC GTG CAG GCG ATC GAC GTT CGT CCG GAA AAA CGT GAA ATC GAC TTC TGG TAC ATC CCG,2.184457255071256
GAC GTT GAA CCG GGC AAA TTC TAC AAA GGT GTT GTT ACC GAC ATC GAA AAA TAC GGT GCG ACC ATC AAC CTG AAC GAA CAG GTT CGT GGT CTG CTG CGT CCA CGT GAT ATG ATC TCT CTG CGT CTG GAG AAC CTC AAC GTG GGC GAC GAA ATC ATC GTG CAG GCG ATC GAC GTT CGT CCG GAA AAA CGT GAA ATC GAC TTC AAA TAC ATC CCA,1.5369434021549475
GAC GTT GAA CCG GGT AAA TTC TAC AAA GGT GTT GTT ACC CGT ATC GAA AAA TAC GGT GCG TTC ATC AAT CTG AAT GAA CAG GTT CGT GGT CTG CTG AAC CCG CGT GAC ATG ATC TCT CTG CGT CTG GAA AAC CTG AAC GTT GGT GAC GAA ATC ATC GTT CAA GCG ATC GAC GTT GTT CCG GAG AAA CGT GAA ATC GAC TTC AAG TAC ATC CCG,1.1620789233795172
GAC GTT GAA CCG GGT AAA TTC TAC AAA GGT GTT GTT ACC CGT ATC GAA AAA TAC GGT GCG TTC ATC AAT CTG AAC GAA CAG GTT CGT GGT CTG CTG GTT CCG CGT TGG ATG ATC TCT CTG CGT CTG GAA AAC CTG AAC GTT GGT GAC GAA ATC ATC GTT CAA GCG ATC GAC GTT CGT CCG GAA AAA CGT GAA ATC GAC TTC AAA TAC ATC CCG,3.0021865462055457
GAC GTT GAA CCG GGT AAA TTC TAC AAA GGT GTT GTT ACC CGT ATC GAA AAA TAC GGT GCG TTC ATC AAC CTG AAC GAA CAG GTT CGT GGT CTG CTG GTT CCG CGT GAC ATG ATC TCT CTG CGT CTG GAA AAT CTG AAC GTT GGT GAT GAA ATC ATT GTT CAG GCG ATC GAC GTT ATG CCG GAA AAA CGT GAA ATC GAC TTC AAA TAC ATC CCG,1.816516584379212
GAC GTT GAA CCG GGT AAA TTC TAC AAA GGT GTT GTT ACC CGT ATC CAG AAG TAC GGT GCG TTC ATC AAT CTG AAC GAA CAG GTT CGT GGT CTG CTC CGT CCG CGT GAC ATG ATC TCT CTG CGT CTC GAA AAC CTG AAC GTT GGT GAC GAA ATC ATT GTT CAG GCG ATC GAC GTT CGT CCG GAA AAA CGT GAA ATC GAC TTC AAA TAC ATC CCG,4.170606742485205
GAC GTT GAA CCG GGT AAG TTC TAC AAA GGT GTT GTT ACC CGT ATC GAA AAA TAC GGT GCG TTC ATC AAC CTG AAC GAA CAG GTT CGC GGT CTG CTG CGT CCG CGT GAC ATG ATC TCT CTG CGC CTG GAG AAC CTC AAT GTT GGT GAC GGT ATC ATT GTT CAG GCG ATT GAC GTT CGT CCG GAA AAA CGT GAA ATC GAC TTC AAA TAC ATC CCG,4.806131369996051
GAC GTT GAA CCG GGC AAA TTC TAC AAA GGT GTT GTT ACT CCG ATC CAG AAA TAC GGT GCG TTC ATC AAC CTG AAT GAA CAG GTT CGT GGT CTG CTG CGT CCG CGT GAC ATG ATC TCT CTG CGT CTG GAA AAT CTG AAC GTT GGT GAC GAA ATC ATC GTG CAG GCG ATT GAC GTT CGT CCG GAA AAA CGT GAA ATC GAC TTC AAA TAC ATC CCG,-0.0700183208734179
GAC GTT GAA CCG GGT AAA TTC TAC AAA GGT GTT GTT ACC CGT ATC GAA AAA TAC GGT GCG TTC ATC AAC CTC AAC GAA CAG GTT CGT GGT CTG CTG GTT CCG CGT GAC ATG ATC TCT CTG CGT CTG GAA AAC CTG AAC GTT GGT GAC GAA ATC ATC GTG CAG GCG ATC GAC GTT GTG CCG GAA AAA CGT GAA ATC GAC TTC AAA TAC ATC CCG,1.7280410664534158
GAC TAC GAA CCG GGT AAA TTC TAC AAA GGT GTT GTT ACC CGT ATC GAA AAA TAC GGT GCG TTC ATC AAC CTC AAC GAA CAG GTT CGT GGT CTG CTG CGT CCG CGT GAC ATG ATC TCT CTG CGT CTG GAA AAT CTC AAC GTG GGT GAC GAA ATC ATC GTT CAA GCG ATC GAC GTT CGT CCG GAA AAA CGT GAA ATC GAC TTC AAA TAC ATC CCG,4.05171067572682
GAC GTT GAA CCG GGT AAA TTC TAC AAG GGT GTT GTT ACC CGT ATC GAA AAA TAC GGT GCG TTC ATC AAC CTG GGT GAA CAG GTT CGT GGT CTG CTG CGT CCG CGT GAC ATG ATC TCT CTG CGT CTG GAA AAC CTC AAT GTT GGT GAC GAA ATT ATC GTT CAG GCG ATC GAC GTT CGT CCG GAA AAA CGT GAA ATC GAC TTC AAA TAC ATC CCG,4.621604933735736
GAC GTT GAA CCG GGT AAA TTC TAC AAA GGT GTT GTT ACC CGT ATC GAA AAA TAC GGT GCG TTC ATC AAC CTC AAC GAA CAG GTT CGT GGT CTG CTG CGT CCG CGT GAC ATG ATC TCT CTG CGT CTG GAA AAC CTG AAT GTG GGT GAC GAA ATT ATC GTT CAA GCG ATT GAC GTT GCG CCG GAA AAA CGT GAA ATC GGT TTC AAA TAC ATC CCG,3.167311253017008
GAC GTT GAG CCG GGT AAG TTT TAC AAA GGC GTT GTT ACC AAA ATC TAC AAA TAC GGT GCG TTC ATC AAC CTG AAC GAA CAG GTT CGT GGT CTG CTG CGT CCG CGT GAC ATG ATC TCT CTG CGT CTG GAA AAC CTC AAT GTT GGT GAC GAA ATC ATC GTG CAG GCG ATC GAC GTT CGT CCG GAA AAA CGT GAG ATC GAC TTC AAA TAC ATC CCG,4.8508791662672754
GAC GTT GAA CCG GGT AAA TTC TAC AAG GGT GTT GTT ACC CGT ATC GAA AAA TAC GGT GCG TTC ATC AAC CTG AAC GAA CAG GTT CGC GGT CTG CTG CCA CCG CGT GAT ATG ATC TCT CTG CGT CTG GAA AAT CTC AAT GTT GGC GAC GAA ATC ATC GTT CAA GCG ATC GAC GTT GGC CCG GAA AAA CGT GAA ATC GAC TTC AAA TAC ATC CCA,1.1659743609391593
GAC GTT GAA CCG GGT AAA TTC TAC AAA GGT GTT GTT ACC CGT ATC GAA AAA TAC GGT GCG TTC ATC AAC CTC AAC GAA CAG GTT CGT GGC CTG CTG CGT CCG CGT AAA ATG ATC TCT CTG CGC CTG GAA AAC CTG AAC GTT GGT GAC GAA ATC ATC GTG CAG GCG ATT GAC GTT CGT CCG GAA AAA CGT GAA ATC GAC TTC ATC TAC ATC CCG,2.243663049404746
GAC GTT GAA CCG GGT AAA TTC TAC AAA GGT GTT GTT ACC CGT ATC GAA AAA TAC GGT GCG TTC ATC AAC CTG AAT GAA CAG GTT CGT GGT CTG CTG CGT CCG CGT GAC ATG ATC TCT CTG CGT CTG GAA AAC CTC AAT GTT GGT GAC GAA ATC ATC GTG CAG GCG ATT GAC GTG AAG CCG GAA AAA CGT GAA ATC TCT TTC AAA TAC ATC CCG,4.237443398833685
GAT GTT GAA CCG GGT AAA TTC TAC AAA GGT GTT GTT ACC CGT TGG GAA AAA TAC GGT GCG TTC ATC AAT CTG AAC GAA CAG GTT CGT GGT CTG CTG CGT CCG CGT GAC ATG ATC TCT CTC CGT CTG GAA AAC CTG AAC GTT GGT GAC GAA ATC ATC GTG CAG GCT ATC GAC GTT CGT CCG GAA AAA CGT GAA ATC GAC TTC AAA TAC ATC CCG,2.141482618209841
GAC GTT GAA CCG GGT AAA TTC TAC AAA GGT GTT GTT ACC CGT ATC GAA AAA TAC GGT GCG TTC ATC AAC CTG AAT GAA CAG GTT CGT GGT CTG CTG CGT CCG CGT GAC ATG ATC TCT CTG CGT CTG GAA AAC CTC AAT GTT GGT GAC GAA ATC ATC GTG CAA GCG ATC GAC GTT AAA CCG GAA AAA CGT GAA ATC GCG TTC AAA TAC ATC CCG,3.891315784394092
GAC GTT GAA CCG GGT AAA TTC TAC AAA GGT GTT GTT ACC CGT ATC GAA AAA TAC GGT GCG TTC ATC AAC CTG AAC GAG CAG GTT CGC GGT CTG CTG CAA CCG CGT GAC ATG ATC TCT CTG CGT CTG GAA AAT CTG AAC GTT GGT GAC GAA ATC ATC GTT CAA GCG ATC GAC GTT CGT CCG GAA AAA CGT GAA ATC CAG TTC AAA TAC ATC CCG,2.902887345835656
GAC GTT GAA CCG GGT AAA TTC TAC AAA GGT GTG GTT ACC ATG ATC GAA AAA TAC GGT GCG TGC ATC AAC CTC AAC GAA CAG GTT CGT GGT CTG CTC CGT CCG CGT GAC ATG ATC TCT CTG CGT CTG GAA AAC CTG AAC GTT GGT GAC GAA ATC ATC GTG CAG GCG ATT GAT GTG CGT CCG GAA AAA CGT GAA ATC GAC TTC AAA TAC ATC CCA,2.717551666397169
GAC GTT GAA CCG GGT AAA TTC TAC AAA GGT GTT GTT ACC CGT ATC GAA AAA TAC GGT GCG TTC ATC AAC CTG AAC GAA TCT GTT CGT GGT CTG CTG CGT CCG CGT GAC ATG ATC TCT CTG CGT CTG GAA AAC CTC AAT GTT GGT GAC GAA ATC ATC GTT CAA GCG ATC GAC GTT CGT CCG GAA AAA CGT GAA ATC GAC TTC AAA TAC ATC CCG,5.877514316311509
GAT GTT GAA CCG GGC AAA TTC TAC AAA GGT GTT GTT ACC CTG ATC GAA AAA TAC GGT GCG TGC ATC AAC CTG AAC GAA CAG GTT CGT GGT CTG CTC CGT CCA CGC GAC ATG ATC TCT CTG CGT CTG GAA AAC CTC AAT GTG GGC GAC GAA ATC ATC GTT CAA GCG ATC GAC GTT CGT CCG GAA AAA CGT GAA ATC GAC TTC AAA TAC ATC CCG,2.6339123498380084
GAC GTT GAA CCG GGT AAA TTC TAC AAA GGT GTT GTT ACC CGT ATC GAA AAA TAC GGT GCG TTC ATC AAC CTG AAC GAA CAG GTT CGT GGT CTG CTG AAC CCG CGT GAC ATG ATC TCT CTG CGT CTG GAA AAT CTG AAT GTT GGT GAC GAA ATC ATT GTT CAG GCG ATC GAC GTT AAC CCG GAA AAA CGT GAA ATC GAC TTC AAA TAC ATC CCG,1.5996825728710558
GAT GTT GAA CCG GGT AAG TTC TAC AAA GGT GTT GTT ACC CGT ATC GAA AAA TAC GGT GCG TTC ATC AAC CTG AAC GAG CAG GTT CGT GGT CTG CTG CGT CCA CGC GCT ATG ATC TCC CTG CGC CTG GAA AAC CTC AAC GTG GGT GAT GAA ATC ATC GTG CAA GCT ATC GAC GTT CGC CCG GAA AAA CGC GAA ATC GAC TTC TGT TAC ATC CCA,3.038412482159753
GAC GTT GAA CCG GGT AAA TTC TAC AAA GGT GTT GTT ACC CGT ATC GAA AAA TAC GGT GCG TTC ATC AAC CTC AAC GAA CAG GTT CGT GGT CTG CTG CGT CCG CGC ATG ATG ATC TCT CTG CGT CTG GAA AAT CTG AAC GTT GGT GAC GAA ATC ATC GTT CAG GCG ATC GAC GTT TCT CCG GAA AAA CGT GAA ATC GAC TTC AAA TAC ATC CCG,2.3544457087846125
GAC GTT GAG CCG GGT AAA TTC TAC AAA GGT GTT GTT ACC CGT ATC GAA AAA TAC GGT GCG TTC ATC AAT CTG AAC GAG CAG GTT CGT GGT CTG CTG CGT CCG CGT GTT ATG ATC TCT CTG CGT CTG GAA AAC CTG AAT GTT GGT GAC GAA ATC ATC GTG CAG GCG ATC GAC GTT CGT CCG GAA AAA CGT GAA ATC CCG TTC AAA TAC ATC CCG,1.0868487911112932
GAC GTT GAA CCG GGT AAA TTC TAC AAA GGT GTT GTT ACC CGT ATC GAA AAA TAC GGT GCG TTC ATC AAT CTG AAC GAA CAG GTT CGT GGT CTG CTG CGT CCG CGT GGT ATG ATC TCT CTG CGT CTG GAA AAC CTG AAC GTT GGT GAC GAA ATC ATT GTT CAG GCG ATT GAC GTT CGC CCG GAA AAA CGC GAA ATT GTT TTC AAA TAC ATC CCG,2.3584696087386474
GAC GTT GAA CCG GGT AAG TTC TAC AAA GGC GTT GTT ACC CGT ATC GAA AAA TAC GGT GCG TTC ATC AAT CTG AAT GAA CAG GTT CGT GGT CTG CTG CGT CCG CGT ATT ATG ATC TCT CTG CGC CTG GAA AAC CTG AAC GTT GGT GAT GAA ATC ATC GTT CAA GCG ATC GAC GTT CGT CCG GAA AAA CGT GAA ATC GAC TTC CTG TAC ATC CCG,2.30861435247458
GAC GTT GAA CCG GGT AAA TTC TAC AAG GGT GTT GTT ACC CGT ATC GAA AAA TAC GGT GCG TTC ATC AAC CTC AAC GAG CAG GTT CGT GGT CTG CTG CGT CCG CGT GAC ATG ATC TCT CTG CGT CTG GAA ACT CTG AAC GTT GGT GAC GAA ATC ATC GTT CAA GCG ATC GAC GTT CGT CCA GAA AAA CGT GAA ATC GAC TTC AAA TAC ATC CCG,4.586980110004421
GAT GTT GAA CCG GGT AAA TTC TAC AAA GGT GTT GTT ACC GAA ATC GAA AAA TAC GGT GCG TGG ATC AAT CTG AAC GAG CAG GTT CGT GGT CTG CTG CGT CCA CGC GAC ATG ATC TCT CTG CGT CTG GAA AAC CTG AAC GTT GGT GAT GAA ATC ATC GTG CAG GCG ATC GAT GTT CGC CCG GAA AAA CGT GAG ATC GAC TTC AAA TAC ATC CCG,3.97641002564436
GAC GTT GAA CCG GGT AAA TTC TAC AAA GGT GTT GTT ACC CGT ATC GAA AAG TAC GGT GCG TTC ATC AAC CTG AAT GTG CAG GTT CGT GGT CTG CTG CGT CCG CGT GAC ATG ATC TCT CTG CGT CTG GAA AAT CTG AAC GTG GGT GAC GAA ATC ATT GTT CAG GCG ATC GAC GTG CGT CCA GAA AAA CGT GAA ATC GAC TTC AAA TAC ATC CCG,5.016478666276637
GAC GTT GAA CCG GGT AAA TTC TAC AAA GGT GTT GTT ACC TGC ATC GAA AAA TAC GGT GCG TCT ATC AAC CTG AAC GAG CAG GTT CGT GGT CTG CTG CGT CCA CGT GAC ATG ATC TCT CTG CGT CTG GAA AAT CTG AAC GTT GGT GAC GAA ATC ATC GTG CAG GCG ATC GAC GTT CGC CCG GAA AAA CGT GAA ATC GAC TTC AAA TAC ATC CCG,1.5977282552834255
GAC GTT GAA CCG GGT AAA TTC TAC AAA GGT GTT GTT ACC CGT ATC GAA AAA TAC GGT GCG TTC ATC AAC CTC AAC GAA CAG GTT CGT GGT CTG CTG CGT CCG CGT GAC ATG ATC TCT CTG CGT CTG GAA AAT CTG AAC GTT GGT GAC GAA ATC ATC GTT CAG GCG ATC GAC GTT AAC CCG GAG AAA CGT GAA ATC AAC TTC AAA TAC ATC CCG,4.9365189635555575
GAT GTT GAA CCG GGT AAA TTC TAC AAA GGT GTT GTT GAG CGT ATT GAA AAA TAC GGT GCG TTC ATC AAC CTG AAT GAG CAG GTT CGT GGT CTG CTG CGT CCG CGT GAC ATG ATC TCT CTC CGT CTG GAG AAC CTC AAT GTT GGC GAC GAA ATC ATC GTT CAG GCG ATC GAC GTT CGC CCG GAA AAA CGT GAA ATC GAC TTC AAA TAC ATC CCA,3.750446367830397
GAC GTT GAA CCG GGT AAA TTC TAC AAA GGT GTT GTT ACC CGT ATC GAA AAA TAC GGT GCG TTC ATC AAT CTG AAC GAA CAG GTT CGT GGT CTG CTG AAC CCG CGT AAC ATG ATC TCT CTG CGT CTG GAA AAC CTG AAT GTT GGT GAC GAA ATC ATC GTG CAG GCT ATC GAC GTT CGT CCG GAA AAA CGT GAA ATC GAC TTC AAA TAC ATC CCG,2.82393735692151
GAC GTT GAA CCG GGT AAA TTC TAC AAG GGT GTT GTT ACC CGT ATC GAA AAA TAC GGT GCG TTC ATC AAC CTC AAC GAA CAG GTG CGT GGT CTG CTG AAC CCG CGT ATT ATG ATC TCT CTC CGT CTG GAA AAC CTG AAC GTT GGT GAC GAA ATC ATT GTT CAG GCG ATC GAC GTT CGT CCG GAA AAA CGT GAA ATC GAC TTC AAA TAC ATC CCG,2.139012939249944
GAC GTG GAA CCG GGT AAA TTC TAC AAG GGC GTT GTT ACC CGT ATC GAA AAA TAC GGT GCG TTT ATC AAT CTG AAC GAA CAG GTG CGT GGT CTG CTG CGT CCG CGT GAC ATG ATC TCT CTG CGT CTG GAA AAC CTG AAC GTT GGT GAC GAA ATC ATC CTC CAG GCG ATC GAC GTT CGC CCG GAA AAA CGT GAA ATC GAC TTC AAA TAC ATC CCG,2.8880318674662115
GAT GTT GAA CCG GGC AAA TTC TAC AAA GGT GTT GTT ACC ACC ATC GAA AAA TAC GGT GCG CGT ATC AAC CTC AAC GAA CAG GTT CGT GGC CTG CTG CGT CCG CGT GAC ATG ATC TCC CTG CGC CTC GAA AAT CTG AAC GTG GGT GAC GAA ATC ATT GTT CAG GCG ATC GAT GTT CGT CCG GAA AAA CGT GAA ATC GAC TTC AAA TAC ATC CCG,1.4262803719788408
GAC GTT GAA CCG GGT AAA TTC TAC AAA GGT GTT GTT ACC CGT ATC GAA AAA TAC GGT GCG TTC ATC AAC CTC AAC GAA CAG GTT CGT GGT CTG CTG GAC CCG CGT GAT ATG ATC TCT CTG CGT CTG GAA AAC CTG AAC GTT GGT GAC GAA ATC ATC GTG CAG GCG ATC GAC GTG CGT CCG GAA AAA CGC GAA ATC TCT TTC AAA TAC ATC CCG,2.10700383692892
GAC GTG GAA CCG GGT AAA TTC TAC AAA GGT GTT GTT ACC GAG ATC GAA AAA TAC GGT GCG ATG ATC AAC CTC AAT GAG CAG GTT CGT GGT CTG CTG CGT CCG CGT GAC ATG ATC TCT CTG CGC CTG GAA AAC CTG AAC GTG GGT GAT GAA ATC ATC GTG CAG GCT ATC GAC GTG CGC CCA GAA AAA CGT GAA ATC GAC TTC AAA TAC ATT CCG,2.074010274832605
GAC GTT GAA CCG GGT AAG TTC TAC AAA GGT GTT GTT ACC CGT ATC GAA AAA TAC GGT GCG TTC ATC AAC CTC AAT GAA CAG GTG CGT GGT CTG CTG CGT CCA CGT AAC ATG ATT TCC CTC CGT CTG GAA AAC CTG AAT GTT GGT GAC GAG ATC ATC GTT CAG GCG ATT GAC GTT CGC CCG GAA AAA CGT GAA ATC GAC TTC CCG TAC ATC CCG,1.591714287416084
GAT GTT GAA CCG GGT AAA TTC TAC AAG GGT GTT GTT ACC TGG ATC GAA AAG TAC GGT GCT TCT ATC AAC CTG AAC GAA CAA GTG CGT GGC CTG CTC CGT CCG CGT GAC ATG ATC TCT CTG CGT CTG GAG AAC CTC AAT GTG GGT GAC GAA ATC ATT GTT CAG GCG ATC GAT GTT CGT CCG GAA AAA CGT GAA ATC GAC TTC AAA TAC ATC CCG,1.623742010270903
GAC GTG GAA CCG GGT AAA TTC TAC AAG GGC GTT GTG ACT AAA ATC TGC AAA TAC GGT GCG TTC ATC AAT CTC AAT GAG CAG GTT CGT GGC CTC CTG CGT CCG CGT GAT ATG ATC TCT CTC CGT CTG GAA AAC CTC AAT GTT GGT GAC GAA ATC ATC GTT CAG GCT ATC GAC GTT CGT CCG GAA AAA CGT GAA ATC GAC TTC AAA TAC ATC CCG,4.446835896793258
GAC GTT GAA CCG GGT AAG TTC TAC AAA GGC GTT GTT ACC CGT ATC GAA AAA TAC GGT GCG TTC ATC AAC CTG AAC GAA CAA GTT CGT GGT CTG TGT CGT CCG CGT GAC ATG ATC TCT CTG CGT CTG GAA AAC CTC AAT GTG GGT GAT GAA ATC ATC GTG CAG GCG ATC GAC GTG CGC CCA GAA AAA CGT GAA ATC GAC TTC AAA TAC ATC CCG,1.8859704454163388
GAC GTT GAA CCG GGT AAA TTC TAC AAA GGT GTT GTT ACT CCG ATC TCT AAA TAC GGT GCG TTC ATC AAC CTC AAC GAA CAG GTT CGT GGT CTG CTG CGT CCG CGT GAC ATG ATC TCT CTG CGT CTG GAA AAT CTG AAC GTT GGT GAC GAA ATC ATC GTT CAG GCG ATT GAC GTT CGT CCG GAA AAA CGT GAA ATC GAC TTC AAA TAC ATC CCG,0.0212035461962672
GAC GTT GAA CCG GGT AAA TTC TAC AAA GGT GTT GTT ACC CGT ATC GAA AAA TAC GGT GCG TTC ATC AAC CTG AAC GAA CAG GTT CGT GGT CTG CTG CGT CCG CGT GAC ATG ATC TCT CTG CGT CTG GAA AAC CTC AAT GTT GGT GAC GAA ATC ATC GTT CAA GCG ATC GAC GTT GTT CCG GAG AAG CGT GAA ATC GTT TTC AAA TAC ATC CCG,3.613630434025097
GAC GTT GAA CCG GGC AAA TTC TAC AAA GGT GTT GTT ACC CGT ATC GAA AAA TAC GGT GCG TTC ATC AAC CTG AAC GAA CAG GTG CGT GGT CTG CTG CGT CCG CGT GGT ATG ATC TCT CTG CGT CTG GAA AAC CTC AAT GTT GGT GAC GAA ATC ATT GTT CAG GCG ATC GAC GTT CGT CCG GAA AAA CGT GAA ATC GAC TTC AAA TAC ATC CCG,2.6854644614148206
GAC GTT GAA CCG GGC AAG TTC TAT AAA GGT GTT GTT ACC CGT TCT GAA AAA TAC GGT GCG TTC ATC AAC CTC AAC GAA CAG GTT CGT GGT CTG CTG CGT CCG CGT GAC ATG ATC TCT CTG CGT CTG GAA AAC CTG AAT GTT GGT GAC GAA ATC ATC GTT CAG GCG ATC GAC GTT CGC CCG GAA AAA CGT GAA ATC GAC TTC AAA TAC ATC CCA,1.1853822845222597
GAC GTT GAA CCG GGT AAA TTC TAC AAA GGT GTT GTT ACC CGT ATC GAA AAA TAC GGT GCG TTC ATC AAC CTC AAC GAA CAG GTT CGT GGT CTG CTG GTT CCG CGT GAC ATG ATC TCT CTG CGT CTG GAA AAC CTG AAT GTG GGT GAC GAA ATC ATC GTT CAG GCG ATT GAC GTT CGC CCA GAA AAA CGT GAA ATC GTT TTC AAA TAC ATC CCG,2.650546548049628
GAC CTG GAA CCG GGT AAA TTC TAC AAA GGT GTT GTT ACC CGT ATC GAA AAA TAC GGT GCT TTC ATC AAC CTG AAC GAA CAG GTT CGT GGT CTG CTG CGT CCA CGT GAC ATG ATC TCT CTG CGT CTG GAA AAT CTG AAC GTT GGT GAC GAA ATC ATC GTT CAA GCG ATC GAC GTT CGT CCG GAA AAA CGT GAA ATC GAC TTC AAA TAC ATC CCG,4.046254466182284
GAT GTG GAA CCG GGT AAA TTC TAC AAA GGC GTT GTG ACC GGT ATC GAA AAA TAC GGT GCG CTG ATC AAC CTC AAC GAA CAG GTT CGT GGT CTG CTG CGT CCG CGT GAC ATG ATC TCT CTG CGT CTG GAG AAT CTG AAC GTT GGT GAC GAA ATC ATC GTT CAG GCG ATC GAC GTT CGT CCA GAA AAA CGT GAA ATC GAC TTC AAA TAC ATC CCA,2.6875848071598805
GAC GTT GAA CCG GGT AAA TTC TAC AAA GGT GTT GTT ACC CGT ATC GAA AAA TAC GGT GCG TTC ATC AAC CTC AAC GAA CAG GTT CGT GGT CTG CTG CGT CCG CGT CTG ATG ATC TCT CTG CGC CTG GAA AAT CTG AAC GTT GGT GAT GAA ATC ATC GTT CAG GCG ATC GAC GTT CGT CCG GAA AAA CGT GAA ATC GAC TTC GAC TAC ATC CCG,1.735858407106857
GAC GTT GAA CCG GGT AAA TTC TAC AAA GGT GTT GTT ACC GCG ATT TAC AAA TAC GGT GCG TTC ATC AAC CTG AAT GAA CAG GTT CGT GGT CTG CTG CGT CCG CGT GAC ATG ATC TCT CTG CGT CTG GAA AAT CTG AAC GTT GGT GAC GAA ATC ATC GTT CAG GCG ATC GAT GTT CGT CCG GAA AAA CGT GAA ATC GAC TTC AAA TAC ATC CCG,5.543451093133637
GAC GTT GAA CCG GGT AAA TTC TAC AAA GGT GTT GTT ACC CGT ATC GAA AAA TAC GGT GCG TTC ATC AAT CTC AAC GAG CAG GTT CGT GGT CTG CTG CGT CCG CGT GAC TGG ATC TCT CTG CGT CTG GAA AAT CTG AAC GTT GGT GAC GAA ATC ATC GTG CAG GCG ATC GAC GTT CGC CCG GAA AAA CGT GAA ATC GAC TTC AAA TAC ATC CCG,2.045175949903605
GAT GTG GAA CCG GGC AAG TTT TAC AAA GGT GTT GTT ACC TGC ATC GAA AAA TAC GGT GCG TAC ATC AAC CTG AAT GAA CAG GTT CGT GGT CTG CTC CGT CCG CGT GAC ATG ATC TCT CTG CGT CTG GAA AAT CTG AAC GTT GGT GAC GAA ATC ATC GTG CAG GCG ATC GAC GTG CGT CCA GAA AAA CGT GAA ATC GAC TTC AAA TAC ATC CCG,3.762017426845592
GAC GTT GAA CCG GGT AAA TTC TAC AAA GGT GTT GTT ACC CGT ATC GAA AAA TAC GGT GCG TTC ATC AAC CTG AAT GAA CAG GTT CGT GGT CTG CTG CTC CCA CGT TGG ATG ATC TCT CTG CGT CTG GAA AAT CTG AAC GTT GGT GAC GAA ATC ATC GTT CAG GCG ATC GAT GTT CGT CCG GAA AAA CGT GAA ATC GAC TTC AAA TAC ATC CCG,2.995168090709965
GAC GTG GAA CCG GGT AAA TTC TAC AAA GGT GTT GTT ACC CGT ATC GAA AAA TAC GGT GCG TTC ATC AAC CTG AAC GAG CAG GTG CGT GGT CTG CTG CGT CCG CGT GAC ATG ATC TCT CTG CGT CTG GAA AAC CTC AAC GTG GGT GAC GAA ATC ATT GTT CAG GCG ATC GAC GTT CGT CCG GAA AAA CGT GAA CGT GAC TTC AAA TAC ATC CCG,1.6361307040580209
GAC GTT GAA CCG GGT AAA TTC TAC AAA GGT GTT GTT ACC CGT ATC GAA AAA TAC GGT GCG TTC ATC AAC CTC AAC GAA CAG GTT CGT GGT CTG CTG CGT CCA CGT ATG ATG ATC TCT CTG CGT CTG GAA AAC CTG AAC GTT GGT GAC GAA ATC ATC GTG CAG GCT ATT GAC GTT GTG CCG GAA AAA CGT GAA ATC GAC TTC AAA TAC ATC CCG,1.857023121978583
GAC GTT GAA CCG GGT AAA TTC TAC AAA GGT GTT GTT ACC CGT ATC GAA AAA TAC GGT GCG TTC ATC AAC CTC AAC GAA CAG GTT CGT GGT CTG CTG ATC CCA CGT GAC ATG ATC TCT CTG CGT CTG GAA AAC CTG AAC GTT GGT GAC GAA ATC ATC GTT CAA GCG ATC GAC GTT CGT CCG GAG AAA CGT GAA ATC AAC TTC AAA TAC ATC CCG,1.92037169118154
GAC GTT GAA CCG GGT AAA TTC TAC AAA GGT GTT GTT ACC CGT ATC GAA AAA TAC GGT GCG TTC ATC AAC CTG AAC GAA CAG GTT CGT GGT CTG CTG TGG CCG CGT CAG ATG ATC TCT CTG CGT CTG GAG AAC CTC AAT GTT GGC GAC GAA ATC ATC GTG CAG GCG ATT GAC GTT CGT CCG GAA AAA CGT GAA ATC GAC TTC AAA TAC ATC CCG,1.667555962690924
GAT GTT GAA CCG GGT AAA TTC TAC AAA GGC GTT GTG ACC CGT ATC GAA AAA TAC GGT GCG TTC ATC AAC CTC AAC GAG CAG GTT CGT GGT CTG CTG CGT CCG CGT GAG ATG ATC TCT CTG CGT CTG GAA AAC CTG AAT GTT GGT GAC GAA ATC ATT GTT CAG GCG ATC GAC GTT GGT CCG GAA AAA CGT GAA ATC GAC TTC AAA TAC ATC CCG,1.9413987795439025
GAC GTT GAA CCG GGT AAA TTC TAC AAA GGT GTT GTT ACC CGT ATC GAA AAA TAC GGT GCG TTC ATC AAC CTC AAC GAA CAG GTT CGT GGT CTG CTC GCG CCA CGT GAC ATG ATC TCT CTG CGC CTG GAA AAC CTG AAC GTT GGT GAC GAA ATC ATC GTG CAG GCG ATC GAC GTT TGG CCG GAA AAA CGT GAA ATC GAC TTC AAA TAC ATC CCG,1.8132469282401225
GAC GTG GAA CCG GGT AAA TTC TAC AAA GGT GTT GTT ACC CGT ATC GAA AAA TAC GGT GCG TTC ATC AAC CTG AAC GAG CAG GTG CGC GGT CTG CTC CGT CCG CGT AAC ATG ATC TCT CTG CGT CTG GAA AAT CTG AAC GTT GGT GAC GAA ATC ATC GTG CAG GCT ATC GAC GTT CGT CCA GAA AAA CGT GAA ATC GAC TTC AAC TAC ATC CCG,2.980683421439072
GAT GTT GAA CCG GGT AAA TTC TAC AAA GGT GTT GTT ACC CTG ATC CAG AAA TAC GGT GCG TTC ATC AAT CTG AAT GAA CAG GTT CGT GGT CTG CTG CGT CCG CGT GAC ATG ATC TCT CTG CGT CTG GAA AAC CTG AAT GTT GGT GAC GAA ATC ATC GTT CAA GCG ATC GAC GTT CGT CCG GAA AAA CGT GAA ATC GAC TTC AAA TAC ATC CCG,3.783039755261966
GAC GTG GAA CCG GGT AAG TTC TAC AAA GGT GTT GTT ACC CGT ATC GAA AAA TAC GGT GCG TTC ATC AAC CTG AAC GAA CAG GTG CGT GGT CTG CTC CGT CCG CGT CAG ATG ATC TCT CTG CGT CTG GAA AAC CTC AAT GTG GGT GAC GAA ATC ATT GTG CAG GCG ATC GAC GTT CGC CCG GAA AAA CGT GAA ATC GAC TTC ATG TAT ATC CCA,2.735629852453637
GAC GTT GAA CCG GGT AAA TTC TAC AAA GGT GTT GTT ACC CGT ATC GAA AAA TAC GGT GCG TTC ATC AAC CTC AAC GAA CAG ACC CGT GGT CTG CTG CGT CCG CGT GAC ATG ATC TCT CTG CGC CTG GAA AAC CTG AAC GTT GGT GAC GAA ATC ATC GTG CAG GCG ATC GAT GTT CGT CCG GAA AAA CGT GAA ATC GAC TTC AAA TAC ATC CCG,5.282527709218095
GAC GTT GAA CCG GGC AAA TTC TAC AAA GGT GTT GTT ACC CGT ATC GAA AAA TAC GGT GCG TTC ATC AAC CTG AAC GAA CAA GTT CGT GGT CTG CTG CGT CCG CGT CCG ATG ATC TCT CTG CGT CTG GAA AAT CTG AAC GTT GGT GAC GAG ATT ATT GTT CAG GCG ATC GAC GTT CGT CCG GAA AAA CGC GAA ATC AAC TTC AAA TAC ATC CCG,1.001440917472989
GAC GTT GAA CCG GGT AAG TTC TAC AAA GGT GTT GTT ACC GAA ATC CAC AAA TAC GGT GCG TTC ATC AAT CTC AAC GAA CAG GTT CGT GGT CTG CTG CGT CCG CGT GAC ATG ATC TCT CTG CGC CTG GAA AAC CTC AAT GTT GGT GAC GAA ATT ATC GTT CAG GCG ATC GAC GTT CGT CCG GAA AAA CGT GAA ATC GAC TTC AAA TAC ATC CCG,5.148201376999181
GAC GTT GAA CCG GGT AAA TTC TAC AAA GGT GTT GTT ACC CGT ATC GAA AAA TAC GGT GCG TTC ATC AAC CTG AAC GAA CAG GTT CGT GGT CTG CTG AAA CCG CGT GTT ATG ATC TCT CTG CGT CTG GAA AAT CTG AAC GTT GGT GAT GAA ATC ATC GTG CAG GCG ATC GAC GTT CGT CCG GAA AAA CGT GAA ATC GAC TTC AAA TAC ATC CCG,1.801835516118998
GAC GTT GAA CCG GGT AAA TTC TAC AAA GGT GTT GTT ACC CGT ATC GAA AAA TAC GGT GCG TTC ATC AAC CTG AAC GAA CAG GTT CGT GGT CTG CTG CGT CCG CGT AAC ATG ATC TCT CTG CGT CTG GAA AAT CTG AAC GTT GGT GAC GAA ATC ATC GTT CAA GCG ATC GAC GTT CGT CCG GAA AAA CGT GAA ATC CTG TTC AAG TAC ATC CCG,4.184349916289586
GAT GTT GAA CCG GGC AAA TTC TAC AAA GGT GTT GTT ACC TGG ATC GAA AAA TAC GGT GCG AAC ATC AAT CTG AAT GAA CAG GTT CGT GGT CTG CTG CGC CCA CGT GAC ATG ATC TCT CTG CGT CTC GAA AAC CTC AAT GTT GGT GAC GAA ATC ATC GTT CAG GCG ATC GAC GTT CGT CCA GAA AAA CGT GAA ATC GAC TTC AAA TAC ATC CCG,1.398734732834317
GAC GTT GAA CCG GGT AAA TTC TAC AAA GGT GTT GTT ACC CGT ATC GAA AAA TAC GGT GCG TTC ATC AAT CTG AAC GAA CAG GTT CGT GGT CTG CTC GAT CCA CGT GAC ATG ATC TCT CTG CGT CTG GAA AAC CTG AAT GTT GGT GAC GAA ATC ATC GTG CAG GCG ATC GAC GTT CGT CCG GAA AAA CGT GAA ATC CAC TTC AAA TAC ATC CCG,2.1749367294431203
GAC GTT GAA CCG GGT AAA TTC TAC AAA GGT GTT GTT ACC CGT ATC GAA AAA TAC GGT GCG TTC ATC AAC CTG AAC GAA CAG GTT CGT GGT CTG CTG CGT CCA CGT ATG ATG ATC TCT CTG CGT CTG GAA AAC CTC AAT GTT GGT GAC GAA ATC ATC GTG CAG GCG ATC GAC GTT CGT CCG GAG AAG CGT GAA ATC TCT TTC AAA TAC ATC CCG,2.936020493050262
GAC GTT GAA CCG GGC AAA TTC TAC AAA GGT GTT GTT ACC CGT ATC GAA AAA TAC GGT GCG TTC ATC AAC CTG AAC GAA CAG GTG CGT GGT CTG CTG CGT CCG CGT CAC ATG ATC TCT CTG CGT CTG GAA AAT CTG AAT GTT GGT GAC GAA ATC ATC GTT CAA GCG ATC GAC GTT CCG CCG GAA AAA CGT GAA ATC GAC TTC AAA TAC ATT CCG,2.4936951649728245
GAC GTG GAA CCG GGT AAG TTC TAC AAA GGT GTT GTT ACC CGT ATC GAA AAA TAC GGT GCG TTC ATC AAC CTG AAT GAA CAG GTT CGT GGT CTG CTG CGT CCG CGT TGG ATG ATC TCT CTG CGT CTG GAA AAC CTC AAT GTT GGT GAC GAA ATC ATC GTT CAG GCG ATC GAC GTT GAC CCG GAA AAA CGT GAA ATC GAC TTC AAA TAC ATC CCG,3.0780670173363367
GAT GTT GAA CCG GGT AAA TTC TAC AAA GGC GTT GTT ACC CGC ATC GAA AAA TAC GGT GCG TTC ATC AAC CTG AAT GAA CAG GTT CGT GGT CTG CTG GGT CCG CGT GAC ATG ATC TCT CTG CGT CTG GAA AAT CTG AAC GTT GGT GAC GAA ATC ATC GTT CAG GCG ATT GAC GTT CGT CCG GAA AAA CGT GAA ATC CAC TTC AAA TAC ATC CCG,2.2096705960551124
GAC GTT GAA CCG GGT AAA TTC TAC AAA GGT GTT GTT ACC CGT ATC GAA AAA TAC GGT GCG TTC ATC AAC CTC AAC GAA CAG GTT CGT GGT CTG CTC CGT CCG CGT GGT ATG ATC TCT CTG CGT CTG GAA AAC CTG AAC GTT GGT GAC GAA ATC ATC GTT CAA GCG ATC GAC GTT TTC CCG GAA AAA CGT GAA ATC GAC TTC AAA TAC ATC CCG,1.6864681740139749
GAC GTT GAA CCA GGT AAA TTC TAC AAA GGC GTT GTG ACC CGT ATT GAA AAA TAC GGT GCG TTC ATC AAC CTC AAT GAA CAG GTT CGT GGT CTG CTC CGT CCG CGT ATT ATG ATC TCT CTG CGT CTG GAA AAC CTG AAT GTG GGT GAC GAA ATC ATC GTT CAG GCG ATT GAC GTG CGT CCA GAA AAA CGT GAA ATC GAC TTC CCG TAC ATC CCG,1.5843144876863184
GAT GTT GAA CCG GGT AAA TTC TAC AAA GGT GTT GTG ACC CGT ATC GAA AAA TAC GGT GAG TTC ATC AAC CTC AAC GAA CAG GTT CGT GGT CTG CTG CGT CCG CGT GAC ATG ATC TCT CTG CGT CTG GAA AAC CTG AAT GTT GGT GAC GAA ATC ATC GTT CAG GCG ATT GAC GTT CGT CCG GAA AAA CGT GAA ATC GAC TTC AAA TAC ATC CCG,0.7169850473573288
GAC GTT GAA CCG GGT AAA TTC TAC AAA GGT GTT GTT ACC CGT ATC GAA AAA TAC GGT GCG TTC ATC AAC CTG AAC GAA CAG GTT CGT GGT CTG CTG CGT CCG CGT GAC ATG ATC TCT CTG CGT CTG GAA AAC CTC AAC GTG GGC GAC GAA ATC ATC GTT CAA GCG ATC GAC GTT CGT CCG GAA AAA CGC GAA ATC GAC TTC AAA TAC ATC ATT,3.673075740385572
GAC GTT GAA CCG GGT AAA TTC TAC AAA GGT GTT GTT ACC CGT ATC GAA AAA TAC GGT GCG TTC ATC AAC CTC AAC GAA CAG GTT CGT GGT CTG CTC CGT CCG CGT CGT ATG ATC TCT CTG CGT CTG GAA AAC CTG AAC GTT GGT GAT GAA ATC ATC GTT CAA GCG ATC GAC GTT CGT CCG GAA AAA CGT GAA ATC GCG TTC AAA TAC ATC CCG,2.116672255876851
GAC GTT GAA CCG GGT AAA TTC TAC AAA GGT GTT GTT ACC CGT ATC GAA AAA TAC GGT GCG TTC ATC AAT CTG AAC GAG CAG GTT CGT GGT CTG CTG CAT CCG CGT ACC ATG ATC TCT CTG CGT CTG GAA AAC CTG AAT GTT GGT GAC GAA ATC ATC GTG CAA GCG ATC GAC GTT CGT CCG GAA AAA CGT GAA ATC GAC TTC AAA TAC ATC CCG,1.4049268339133807
GAT GTT GAA CCG GGT AAA TTC TAC AAA GGT GTT GTT ACC CGT ATC GAA AAA TAC GGT GCG TTC ATC AAC CTG AAT GAG CAG GTT CGT GGT CTG CTG CGT CCG CGT TCT ATG ATC TCT CTG CGT CTG GAA AAT CTG AAC GTT GGT GAC GAA ATC ATC GTT CAG GCT ATC GAC GTT TCT CCG GAA AAA CGT GAA ATC GAC TTC AAA TAC ATC CCG,2.2662659551865776
GAC GTT GAA CCG GGT AAA TTC TAC AAA GGT GTT GTT ACC CGT ATC GAA AAA TAC GGT GCG TTC ATC AAC CTG AAC GAA CAG GTT CGT GGT CTG CTG GAA CCG CGT GAC ATG ATC TCT CTG CGT CTG GAA AAC CTC AAC GTG GGT GAC GAA ATC ATC GTT CAA GCG ATT GAC GTT CGT CCA GAA AAA CGT GAA ATC CTG TTC AAA TAC ATC CCG,2.3058884344255803
GAT GTT GAA CCG GGT AAA TTC TAC TGC GGT GTT GTT ACC CGT ATC GAA AAG TAC GGT GCG TTC ATC AAC CTC AAC GAA CAG GTT CGT GGT CTG CTG CGT CCG CGT GAC ATG ATC TCT CTG CGT CTG GAA AAC CTG AAT GTT GGT GAC GAA ATC ATT GTT CAG GCG ATC GAC GTT CGT CCG GAA AAA CGT GAA ATC GAC TTC AAA TAC ATC CCG,4.771882858470094
GAC GTT GAG CCG GGT AAA TTC TAC AAA GGT GTT GTT ACC AAC ATC TCT AAA TAC GGT GCG TTC ATC AAC CTC AAC GAA CAG GTT CGT GGT CTG CTG CGT CCG CGT GAC ATG ATC TCT CTG CGT CTG GAA AAC CTG AAC GTT GGT GAC GAA ATC ATC GTT CAA GCG ATC GAC GTT CGT CCG GAA AAA CGT GAA ATC GAC TTC AAA TAC ATC CCG,3.6079938064444574
GAC GTT GAG CCG GGC AAA TTC TAC AAA GGT GTT GTT ACC CGT ATC GAA AAA TAC GGT GCG TTC ATC AAC CTG AAC GAG CAG GTT CGT GGT CTG CTG CGT CCA CGT GAT ATG ATC TCT CTG CGT CTG GAG AAC CTG TAC GTT GGT GAC GAA ATC ATC GTG CAG GCG ATT GAC GTT CGT CCG GAA AAA CGT GAA ATC GAC TTC AAA TAC ATC CCG,5.650033637279482
GAC GTT GAA CCG GGT AAA GTT TAC AAA GGT GTT GTT ACC CGT ATC GAA AAA TAC GGT GCG TTC ATC AAC CTG AAC GAA CAG GTT CGC GGT CTG CTG CGT CCG CGT GAC ATG ATC TCT CTG CGT CTG GAA AAT CTG AAT GTT GGT GAC GAA ATC ATC GTG CAG GCG ATC GAT GTT CGT CCG GAA AAA CGT GAA ATC GAC TTC AAA TAC ATC CCG,3.5312482257340507
GAC GTT GAA CCG GGT AAA TTC TAC AAA GGT GTT GTT ACC CGT ATC GAA AAA TAC GGT GCG TTC ATC AAC CTC AAC GAA CAG GTT CGT GGT CTG CTG CGT CCG CGT CTG ATG ATC TCT CTG CGT CTG GAA AAT CTG AAC GTT GGT GAC GAA ATC ATC GTT CAG GCT ATC GAC GTT CGT CCG GAA AAA CGT GAA ATC GAC TTC AAA TAC ATC CCG,3.074647085926644
GAC GTT GAA CCG GGT AAA TTC TAC AAA GGT GTT GTT ACC CGT ATC GAA AAA TAC GGT GCG TTC ATC AAC CTC AAC GAA CAG GTT CGT GGT CTG CTG CGT CCG CGT ACC ATG ATC TCT CTG CGT CTG GAA AAT CTG AAC GTT GGT GAC GAA ATC ATT GTT CAG GCG ATT GAC GTT CGT CCG GAA AAA CGT GAA ATC AAA TTC AAA TAC ATC CCG,1.5100904995833424
GAC GTT GAA CCG GAG AAA TTC TAC AAA GGT GTT GTT ACC CGT ATC GAA AAA TAC GGT GCG TTC ATC AAC CTC AAC GAA CAG GTG CGT GGT CTG CTG CGT CCG CGT GAC ATG ATC TCT CTG CGC CTC GAA AAC CTG AAT GTT GGT GAT GAA ATC ATC GTT CAG GCG ATC GAC GTT CGT CCA GAG AAA CGT GAA ATC GAC TTC AAA TAC ATC CCG,3.2318595886844586
GAT GTT GAA CCG GGT AAG TTC TAC AAG GGT GTT GTT ACC CGT ATC GAA AAG TAC GGT GCT TTC ATT AAT CTC AAC GAA CAA GTT CGC GGT CTG CTC CGT CCG CGT CGT ATG ATC TCT CTG CGT CTG GAA AAC CTG AAC GTT GGT GAC GAA ATC ATC GTT CAA GCG ATC GAC GTT GCG CCG GAA AAA CGT GAA ATC GAC TTC AAA TAC ATC CCG,1.6187790605088952
GAC GTT GAA CCG GGT AAA TTC TAC AAA GGT GTT GTT ACC CGT ATC GAA AAA TAC GGT GCG TTC ATC AAC CTC AAC GAA CAG GTT CGT GGT CTG CTG CGT CCG CGT GAC ATG ATC TCT CTG CGT CTG GAA AAC CTG AAC GTT GGT GAC GAA ATC ATC GTT CAA GCG ATC GAC GTT CTG CCG GAA AAA CGC GAG ATC AAA TTC AAA TAC ATC CCG,3.5520627353099847
GAT GTT GAA CCG GGT AAA TTC TAC AAA GGT GTT GTT ACC CGT ATC GAA AAA TAC GGT GCG TTC ATC AAT CTG AAC GAA CAG GTT CGT GGT CTG CTG CGT CCG CGT GAC ATG ATC TCT CTG CGT CTG GAA AAC CTG AAT GTT GGT GAC GAA ATC ATT GTT CAG GCT ATC GAC GTT CGT CCG GAA AAA CGT GAA ATC CCG TTC AAA TAC ATC CCG,2.008244124118529
GAT GTG GAG CCG GGT AAA TTC TAC AAG GGT GTT GTT ACC TAC ATC GAA AAA TAC GGT GCG CAG ATC AAC CTG AAT GAA CAG GTT CGT GGC CTG CTG CGT CCG CGT GAC ATG ATC TCT CTG CGC CTG GAA AAT CTG AAC GTT GGT GAC GAA ATC ATT GTT CAG GCG ATC GAC GTT CGT CCG GAA AAA CGT GAA ATC GAC TTC AAA TAC ATC CCG,1.633688750866259
GAC GTT GAG CCG GGT AAA TTC TAC AAA GGT GTT GTT ACC TAC ATC GAA AAA TAC GGT GCG GAC ATC AAC CTC AAC GAA CAG GTG CGC GGT CTG CTC CGT CCG CGT GAC ATG ATC TCT CTG CGT CTC GAA AAT CTC AAT GTT GGT GAC GAA ATC ATC GTT CAG GCG ATT GAC GTT CGT CCA GAA AAA CGT GAA ATC GAC TTC AAA TAC ATC CCA,0.735787931889772
GAT GTT GAA CCG GGT AAA TTC TAC AAA GGT GTT GTT ACC CGT ATC GAA AAA TAC GAA GCG TTC ATC AAC CTG AAC GAA CAG GTT CGT GGT CTG CTG CGC CCA CGT GAC ATG ATC TCT CTG CGT CTG GAA AAT CTG AAC GTT GGT GAC GAA ATC ATC GTT CAA GCG ATC GAC GTT CGT CCG GAA AAA CGT GAA ATC GAC TTC AAA TAC ATC CCG,1.4795862367679615
GAC GTT GAA CCG GGC AAA TTC TAC AAA GGT GTT GTT ACC TGC ATC AAC AAA TAC GGT GCG TTC ATC AAT CTC AAC GAA CAA GTG CGC GGT CTG CTC CGC CCA CGT GAC ATG ATC TCT CTG CGT CTG GAA AAC CTC AAT GTT GGT GAC GAA ATC ATC GTT CAG GCG ATC GAC GTT CGC CCG GAA AAA CGT GAA ATC GAC TTC AAA TAC ATC CCA,3.707129812897552
GAC GTT GAA CCG GGT AAA TTC TAC AAA GGT GTT GTT ACC GGC ATC CAC AAA TAC GGT GCG TTC ATC AAC CTC AAC GAA CAG GTT CGT GGT CTG CTG CGT CCG CGT GAC ATG ATC TCT CTG CGC CTG GAA AAC CTG AAT GTT GGT GAC GAA ATT ATC GTT CAG GCG ATC GAT GTT CGT CCG GAA AAA CGT GAA ATC GAC TTC AAA TAC ATC CCG,4.26175157287054
GAC GTT GAA CCG GGT AAA TTC TAC AAA GGT GTT GTT ACC CGT ATC GAA AAA TAC GGT GCG TTC ATC AAC CTC AAC GAA CAG GTT CGT GGT CTG CTG CGT CCG CGT ATT ATG ATC TCT CTG CGT CTG GAA AAC CTG AAT GTG GGT GAC GAA ATC ATC GTG CAG GCG ATC GAC GTT GCG CCG GAA AAA CGT GAA ATC GAC TTC AAA TAC ATC CCG,1.5995086400277216
GAC GTT GAA CCG GGT AAA TTC TAC AAA GGT GTT GTT ACC CGT ATC GAA AAA TAC GGT GCG TTC ATC AAC CTG AAT GAG CAG GTT CGT GGT CTG CTG CGT CCA CGT TAC ATG ATC TCT CTG CGT CTG GAA AAC CTC AAC GTG GGC GAC GAA ATC ATC GTG CAG GCG ATC GAC GTT CGT CCG GAA AAA CGT GAA ATC CGT TTC AAA TAC ATC CCG,3.264099445511155
GAC GTT GAA CCG GGT AAA TTC TAC AAA GGT CCG GTT ACC CGT ATC GAA AAA TAC GGT GCG TTC ATC AAC CTC AAT GAA CAG GTT CGT GGT CTG CTG CGT CCG CGT GAC ATG ATC TCT CTG CGT CTG GAA AAC CTG AAC GTT GGT GAC GAA ATC ATC GTT CAA GCG ATC GAC GTT CGT CCG GAA AAA CGT GAA ATC GAC TTC AAA TAC ATC CCG,0.2587338830111979
GAC GTT GAG CCG GGT AAA TTC TAC AAA GGT GTT GTT ACC CGT ATC GAA AAA TAC GGC GCG TTC ATC AAT CTG AAC GAA CAA GTT CGT GGT CTG CTG CGT CCA CGT GAC ATG ATC TCT CTG CGT CTG GAG AAC CTG AAC GTT GGT GAC GAA ATC ATT GTT CAG GCG ATC GAC GTT CCA CCG GAG AAA CGT GAA ATC GGT TTC AAA TAC ATC CCG,3.0326556747490883
GAC GTT GAA CCG GGT AAA TTC TAC AAA GGT GTT GTT ACC CGT ATC GAA AAA TAC GGT GCG TTC ATC AAT CTG AAC GAA CAG GTT CGT GGT CTG CTG CGT CCG CGT CCG ATG ATC TCT CTG CGT CTG GAA AAC CTG AAC GTT GGT GAC GAA ATC ATC GTT CAA GCG ATC GAC GTT CGT CCG GAA AAA CGT GAA ATC TGG TTC AAA TAC ATC CCG,1.889173074252197
GAC GTG GAG CCG GGT AAA TTC TAC AAA GGT GTT GTT ACC GTT ATC GAA AAA TAC GGT GCG ATG ATC AAC CTC AAT GAA CAG GTG CGT GGT CTG CTC CGT CCA CGC GAC ATG ATC TCT CTG CGT CTG GAG AAC CTG AAC GTG GGT GAC GAA ATC ATC GTG CAG GCG ATC GAT GTT CGT CCG GAA AAA CGT GAA ATC GAC TTC AAA TAC ATC CCA,2.555555752807888
GAT GTT GAA CCG GGT AAA TTC TAC AAA GGT GTG GTG ACC ATG ATC GAG AAA TAC GGT GCG GTT ATC AAC CTG AAC GAG CAG GTT CGT GGT CTG CTC CGT CCG CGC GAT ATG ATC TCT CTG CGT CTG GAA AAT CTG AAC GTT GGT GAC GAA ATC ATC GTT CAA GCG ATC GAC GTT CGT CCA GAA AAA CGT GAA ATC GAC TTC AAA TAC ATC CCG,3.081100372699745
GAC GTT GAA CCG GGT AAA TTC TAC AAA GGT GTT GTT ACC CGT ATC GAA AAA TAC GGT GCG TTC ATC AAC CTG AAC GAA CAG GTT CGT GGT CTG CTG ACT CCG CGT TCT ATG ATC TCT CTG CGT CTG GAA AAT CTG AAC GTT GGT GAC GAA ATC ATC GTT CAA GCG ATC GAC GTT CGT CCG GAA AAA CGT GAA ATC GAC TTC AAA TAC ATC CCG,2.1799107158281865
GAC GTT GAA CCG GGT AAA TTC TAC AAA GGT GTT GTT ACC CGT ATC GAA AAA TAC GGT GCG TTC ATC AAT CTC AAC GAG CAG GTT CGT GGT CTG CTG CTG CCG CGT GCG ATG ATC TCT CTG CGT CTG GAG AAC CTG AAT GTT GGT GAC GAA ATC ATC GTT CAG GCG ATT GAC GTT CGT CCG GAA AAA CGT GAA ATC GAC TTC AAA TAC ATC CCG,2.6128937165091286
GAT GTT GAA CCG GGT AAG TTC TAC AAA GGT GTT GTT ACC CGT ATC GAA AAA TAC GGT GCG TTC ATC AAC CTG AAT GAA CAG GTT CGT GGT CTG CTC CGT CCG CGT TAC ATG ATC TCT CTG CGT CTG GAG AAT CTG AAC GTT GGT GAC GAA ATC ATC GTT CAA GCT ATC GAC GTT CGT CCG GAA AAA CGT GAA ATC GAC TTC CTG TAC ATC CCG,3.3102258365704698
GAC GTT GAA CCG GGT AAA TTC TAC AAA GGT GTT GTT ACC CGT ATC GAA AAA TAC GGT GCG TTC ATC AAC CTG AAC GAA CAG GTT CGT GGT CTG CTG GCT CCA CGT GAT ATG ATC TCT CTG CGT CTG GAA AAT CTG AAC GTT GGT GAC GAA ATC ATC GTT CAA GCG ATC GAC GTT CGT CCG GAA AAA CGT GAG ATT TCC TTC AAA TAC ATC CCG,3.071386551160588
GAC GTT GAA CCG GGC AAA TTC TAC AAA GGT GTT GTT ACC CGT ATC GAA AAA TAC GGT GCG TTC ATC AAC CTC AAC GAA CAA GTT CGT GGT CTG CTG ACT CCA CGT GAC ATG ATC TCT CTG CGT CTG GAA AAC CTG AAC GTG GGT GAC GAA ATC ATT GTT CAG GCG ATC GAC GTT CGT CCG GAA AAA CGT GAA ATC CTG TTC AAA TAC ATC CCG,2.687602882411534
GAC GTT GAA CCG GGT AAA TTC TAC AAA GGT GTT GTT ACC CGT ATC GAA AAA TAC GGT GCG TTC ATC AAC CTG AAT GAA CAG GTT CGT GGT CTG CTG CGC CCA CGC CTG ATG ATC TCT CTG CGT CTG GAG AAT CTG AAC GTT GGT GAT GAA ATC ATC GTT CAG GCG ATC GAC GTT CGT CCG GAA AAA CGT GAA ATC GAC TTC TCT TAC ATC CCG,2.1274297180170048
GAC GTT GAA CCG GGT AAA TTC TAC AAA GGT GTT GTT ACC CGT ATC GAA AAA TAC GGT GCG TTC ATC AAC CTG AAC GAA CAG GTT CGT GGT CTG CTC CAG CCA CGT GAT ATG ATC TCT CTG CGT CTG GAA AAT CTG AAC GTT GGT GAC GAA ATC ATC GTG CAA GCT ATC GAC GTG GAC CCG GAA AAA CGT GAA ATC GAC TTC AAA TAC ATC CCG,2.0193896509806044
GAC GTT GAA CCG GGT AAA TTC TAC AAA GGT GTT GTT ACC CGT ATC GAA AAA TAC GGT GCG TTC ATC AAC CTC AAC GAA CAG GTT CGT GGT CTG CTG AAA CCG CGT GAC ATG ATC TCT CTG CGT CTG GAA AAC CTG AAC GTT GGT GAC GAA ATC ATC GTT CAA GCG ATC GAC GTT CCG CCG GAA AAA CGT GAA ATC GAC TTC AAA TAC ATC CCG,1.464739798635587
GAC GTT GAA CCG GGT AAA TTC TAC AAA GGC GTT GTT ACT CGT ATC GAA AAA TAC GGT GCG TTC ATC AAC CTG AAT GAA CAG GTT CGT GGT CTG CTG GGT CCG CGT GAT ATG ATC TCT CTG CGT CTG GAA AAT CTG AAC GTT GGT GAC GAA ATC ATC GTT CAG GCG ATC GAC GTT TTC CCG GAA AAA CGT GAA ATC GAC TTC AAA TAC ATC CCG,1.2774679635865716
GAC GTT GAA CCG GGT AAA TTC TAC AAG GGT GTT GTT ACC CGT ATC GAA AAA TAC GGT GCG TTC ATC AAC CTC AAC GAG CAG GTT CGT GGT CTG CTG CGC CCA CGT CAC ATG ATT TCT CTG CGT CTG GAA AAT CTG AAT GTT GGC GAC GAA ATT ATC GTT CAG GCG ATC GAT GTT CGT CCG GAA AAA CGT GAA ATC GAC TTC GAC TAC ATC CCG,1.831253820637365
GAC GTT GAA CCG GGT AAA TTC TAC AAA GGT GTT GTT ACC CGT ATC GAA AAA TAC GGT GCG TTC ATC AAC CTG AAC GAA CAG GTT CGT GGT CTG CTG TAC CCG CGT CGT ATG ATC TCT CTG CGT CTG GAA AAC CTC AAT GTT GGT GAC GAA ATC ATT GTT CAG GCG ATC GAT GTT CGT CCG GAA AAA CGT GAA ATC GAC TTC AAA TAC ATC CCG,1.731716992920305
GAT GTT GAA CCG GGC AAA TTC TAC AAA GGT GTT GTG ACC TTC ATC GAG AAA TAC GGT GCG ATG ATC AAC CTC AAC GAA CAG GTT CGT GGT CTG CTC CGT CCG CGC GAC ATG ATC TCT CTG CGC CTG GAA AAC CTG AAC GTT GGT GAC GAA ATC ATC GTG CAG GCG ATT GAC GTT CGT CCG GAA AAA CGT GAA ATC GAC TTC AAA TAC ATC CCA,2.514454630931953
GAC GTT GAG CCG GGT AAA TTC TAC AAA GGT GTT GTT ACC CGT ATC GAA AAA TAC GGT GCG TTC ATC AAC CTC AAT GAA CAG GTT CGT GGT CTG CTG CGT CCG CGT GAC ATG ATC TCT CTG CGT CTG GAA AAC CTG AAT GTT GGT GAC GAA ATC ATC GTT CAG GCG ATC GAT GTT TCT CCG GAA AAA CGT GAA ATC TGG TTC AAA TAC ATC CCG,4.037355915885096
GAC GTT GAA CCG GGT AAA TTC TAC AAG GGT GTT GTT ACC CGT ATC GAA AAA TAC GGT GCG TTC ATC AAC CTG AAT GAA CAG GTT CGT GGT CTG CTG CGT CCG CGT CCG ATG ATC TCT CTG CGT CTG GAA AAT CTG AAC GTT GGT GAC GAA ATC ATC GTT CAG GCG ATC GAC GTT CTC CCA GAA AAA CGT GAA ATC GAC TTC AAA TAC ATC CCG,1.0644218113686128
GAT GTT GAA CCG GGT AAA TTC TAC AAA GGT GTT GTT ACC CGT ATC TCT AAA TAT GGT GCG TTC ATC AAT CTG AAC GAA CAG GTT CGT GGT CTG CTG CGT CCG CGT GAC ATG ATC TCT CTG CGT CTG GAA AAC CTG AAT GTT GGT GAC GAA ATC ATC GTT CAA GCG ATC GAC GTT CGT CCG GAA AAA CGT GAA ATC GAC TTC AAA TAC ATC CCG,4.633057693229098
GAC GTT GAA CCG GGT AAA TTC TAC AAA GGT GTT GTT ACC CGT ATC GAA AAA TAC GGT GCG TTC ATT AAC CTC AAT GAA CAG GTT CGT GGT CTG CTG CGT CCG CGT GAC CCG ATC TCT CTG CGC CTG GAG AAC CTG AAC GTT GGT GAC GAA ATC ATC GTT CAA GCG ATC GAT GTT CGT CCG GAA AAA CGT GAA ATC GAC TTC AAA TAC ATC CCG,1.7097196820271428
GAC GTG GAA CCG GGT AAA TTC TAC AAA GGT GTT GTG ACC AAC ATC GGT AAA TAC GGT GCG TTC ATC AAC CTC AAC GAA CAA GTT CGT GGT CTG CTG CGT CCG CGT GAC ATG ATC TCT CTG CGT CTG GAA AAC CTG AAC GTT GGT GAC GAA ATC ATC GTG CAA GCG ATC GAC GTT CGT CCG GAA AAA CGT GAA ATC GAC TTC AAA TAC ATC CCG,3.3949302080682826
GAC GTT GAA CCG GGT AAA TTC TAC AAA GGT GTT GTT ACC CGT ATC GAA AAA TAC GGT GCG TTC ATC AAC CTC AAC GAA CAG GTT CGT GGT CTG CTG TAT CCG CGT TAC ATG ATC TCT CTG CGT CTG GAA AAC CTG AAT GTT GGT GAC GAA ATC ATC GTG CAG GCG ATC GAC GTT CGT CCG GAA AAA CGT GAA ATC GAC TTC AAA TAC ATC CCG,2.4566073624396045
GAC GTT GAA CCG GGT AAA TTC TAC AAG GGT GTT GTT ACC CGT ATC GAA AAA TAC GGT GCG TTC ATC AAC CTC AAC GAA CAG GTT CGC GGT CTG CTG CAC CCG CGT GAC ATG ATC TCT CTG CGC CTG GAA AAC CTG AAC GTT GGT GAC GAA ATC ATC GTG CAG GCG ATC GAC GTG CGC CCA GAA AAA CGT GAA ATC GTT TTC AAA TAC ATC CCG,2.92941335446017
GAC GTT GAA CCG GGT AAA TTC TAC AAA GGT GTG GTT ACC ACC ATC CCG AAG TAC GGT GCG TTC ATC AAC CTG AAC GAA CAG GTT CGT GGT CTG CTG CGT CCG CGT GAC ATG ATC TCT CTG CGT CTG GAA AAC CTC AAC GTG GGT GAC GAA ATC ATC GTG CAG GCG ATC GAC GTT CGT CCG GAA AAA CGT GAA ATC GAC TTC AAA TAC ATC CCA,0.9485621412311483
GAC GTT GAA CCG GGT AAA TTC TAC AAA GGT GTT GTT ACC CGT ATC GAA AAA TAC GGT GCG TTC ATC AAC CTG AAC GAG CAG GTT CGT GGT CTG CTG CGT CCG CGT GAT ACC ATC TCT CTG CGT CTG GAG AAC CTC AAT GTG GGT GAC GAA ATT ATC GTG CAA GCT ATC GAC GTT CGT CCG GAA AAA CGT GAA ATC GAC TTC AAA TAC ATC CCG,3.0585561283109586
GAT GTT GAA CCG GGT AAA TTC TAC AAA GGT GTT GTT ACC CGT ATC GAA AAA TAC GGT GCG TTC ATC AAT CTG AAT GAA CAG GTG CGT GGT CTG CTG CGT CCA CGT GAC ATG ATC TCT CTG CGT CTG GAA AAC CTG AAC GTT GGT GAC GAA ATC ATC GTT CAG TCT ATC GAC GTT CGT CCG GAA AAA CGT GAA ATC GAC TTC AAA TAC ATC CCG,2.7713277776765555
GAC GTT GAA CCG GGT AAA TTC TAC AAA GGT GTT GTT ACC CAC ATC CTG AAA TAC GGT GCG TTC ATC AAT CTG AAC GAA CAG GTT CGT GGT CTG CTG CGT CCG CGT GAC ATG ATC TCT CTG CGT CTG GAG AAC CTC AAT GTT GGT GAC GAA ATC ATC GTG CAA GCG ATC GAT GTT CGC CCG GAA AAA CGT GAA ATC GAC TTC AAA TAC ATC CCG,3.9606521951530738
GAC GTT GAA CCG GGT AAA TTC TAC AAA GGT GTT GTT ACC CGT ATC GAA AAA TAC GGT GCG TTC ATC AAC CTC AAC GAA CAG GTT CGT GGT CTG CTG CGT CCG CGT GAC ATG ATC TCT CTG CGT CTG GAA AAC CTG AAC GTT GGT GAC GAA ATT ATC GTT CAA GCG ATC GAC GTT ATC CCG GAA AAA CGT GAA ATC AAC TTC AAA TAC ATC CCG,3.807143791267099
GAC GTT GAA CCG GGT AAA TTC TAC AAA GGT GTT GTT ACC CGT ATC GAA AAA TAC GGT GCG TTC ATC AAC CTC AAC GAA CAG GTT CGT GGT CTG CTG CGT CCG CGT GAC ATG ATC TCT CTG CGT CTG GAA AAC CTG AAC GTT GGT GAC GAA ATC ATC GTG CAG GCG ATC GAC GTT TAT CCG GAA AAA CGT GAA ATC GGT TTC AAA TAC ATC CCG,3.244215918813678
GAC GTT GAA CCG GGT AAA TTC TAC AAA GGT GTT GTT ACC CGT ATC GAA AAA TAC GGT GCG TTC ATC AAT CTG AAC GAA CAG GTT CGT GGT CTG CTG CGT CCG CGT ATT ATG ATC TCT CTG CGT CTG GAA AAC CTG AAC GTT GGT GAC GAA ATC ATC GTT CAA GCG ATC GAC GTT CGT CCG GAA AAA CGT GAA ATC CAG TTC AAA TAC ATC CCG,1.8888697911086263
GAC GTG GAA CCG GGT AAA TTC TAC AAA GGT GTT GTT ACC CGT ATC GAA AAA TAC GGT GCG TTC ATC AAC CTC AAT GAA CAG GTT CGT GGT CTG CTG CGT CCG CGT GGT ATG ATC TCT CTG CGT CTG GAA AAC CTG AAT GTG GGT GAC GAA ATC ATC GTG CAG GCG ATC GAC GTT CCG CCG GAA AAA CGT GAA ATC GAC TTC AAA TAC ATC CCG,1.3832003801516
GAT GTT GAA CCG GGT AAA TTC TAC AAA GGT GTT GTT ACC CGT ATC GAA AAA TAC GGT GCG TTC ATC AAC CTG AAC GAA CAG GTT CGT GGT CTG CTG CGT CCG CGT CCG ATG ATC TCT CTC CGT CTG GAA AAC CTC AAC GTG GGT GAC GAA ATC ATT GTT CAG GCG ATT GAC GTT CCG CCA GAA AAA CGT GAA ATC GAC TTC AAA TAC ATC CCG,0.8760890259798932
GAC GTT GAA CCG GGT AAA TTC TAC AAA GGT GTT GTT ACC CGT ATC GAA AAA TAC GGT GCG TTC ATC AAT CTG AAC GAA CAG GTT CGT GGT CTG CTC CGT CCG CGC ATG ATG ATC TCT CTG CGT CTG GAG AAC CTG AAT GTT GGT GAC GAA ATC ATT GTT CAG GCG ATC GAC GTT CGT CCG GAA AAA CGT GAA ATC GAC TTC GGT TAC ATC CCG,2.9766868199682044
GAT GTT GAA CCG GGT AAA TTC TAC AAG GGT GTT GTT ACC CGT ATC GAA AAA TAC GGC GCG TTC ATC AAC CTG AAT GAA CAG GTT CGT GGT CTG CTG AAT CCG CGT GAC ATG ATC TCT CTG CGT CTG GAA AAT CTG AAC GTT GGT GAC GAA ATC ATC GTG CAG GCG ATC GAC GTT CGC CCG GAA AAA CGC GAA ATC TCT TTC AAA TAC ATC CCA,2.1241692306313102
GAC GTT GAA CCG GGT AAG TTC TAC AAA GGT GTT GTT ACC CGT ATC GAA AAA TAC GGT GCG TTC ATC AAC CTC AAC GAA CAG GTT CGC GGT CTG CTG GAC CCG CGT TCT ATG ATC TCT CTG CGT CTG GAA AAT CTG AAC GTT GGT GAC GAA ATC ATC GTT CAG GCG ATC GAT GTT CGT CCG GAA AAA CGT GAA ATC GAC TTC AAA TAC ATC CCG,1.756855314343855
GAC GTT GAA CCG GGT AAA TTC TAC AAA GGT GTT GTT ACC CGT ATC GAA AAA TAC GGT GCG TTC ATC AAC CTC AAC GAG CAA GTT CGC GGC CTC CTG CGT CCG CGT CGT ATG ATT TCT CTG CGC CTG GAA AAT CTG AAC GTT GGT GAT GAG ATC ATC GTT CAA GCG ATT GAC GTT CGC CCG GAA AAA CGT GAA ATC GAC TTC TGG TAC ATC CCA,2.1372391846612526
GAC GTT GAA CCG GGT AAA TTC TAC AAA GGT GTT GTT ACC CGT ATC GAA AAA TAC GGT GCG TTC ATC AAC CTG AAT GAA CAG GTT CGT GGT CTG CTG CGT CCG CGT CAC ATG ATC TCT CTG CGT CTG GAA AAT CTG AAC GTT GGT GAT GAA ATC ATC GTT CAG GCG ATC GAC GTT ACT CCA GAG AAA CGT GAA ATC GAC TTC AAA TAC ATC CCG,2.992247888534205
GAT GTT GAA CCG GGT AAA TTC TAC AAA GGT GTT GTT ACC GAA ATC GAA AAA TAC GGT GCG GAC ATC AAT CTG AAT GAA CAG GTT CGT GGC CTC CTG CGT CCA CGT GAT ATG ATC TCT CTC CGT CTG GAA AAC CTG AAT GTT GGT GAC GAA ATC ATC GTT CAG GCG ATC GAC GTT CGT CCG GAA AAA CGT GAG ATC GAC TTC AAA TAC ATC CCG,0.4097409974353317
GAC GTT GAA CCG GGT AAA TTC TAC ATG GGT GTT GTT ACC CGT ATC GAA AAA TAC GGT GCG TTC ATC AAC CTC AAC GAA CAG GTT CGT GGT CTG CTG CGT CCG CGT GAC ATG ATC TCT CTG CGT CTG GAA AAC CTG AAC GTT GGT GAC GAA ATC ATC GTT CAA GCG ATT GAT GTT CGT CCG GAA AAA CGT GAA ATC GAC TTC AAA TAC ATC CCG,4.425559782110036
GAT GTT GAA CCG GGT AAA TTC TAC AAA GGT GTT GTT ACC CGT ATC GAA AAA TAC GGT GCG TTC ATC AAC CTG AAT GAA CAG GTT CGT GGT CTG CTG CGT CCG CGT GAC ATG ATC TCT CTG CGT CTC GAA GAT CTG AAC GTT GGT GAC GAA ATC ATC GTT CAG GCG ATT GAC GTT CGT CCG GAA AAA CGT GAA ATC GAC TTC AAA TAC ATC CCG,8.114279741520214
GAT GTT GAA CCG GGT AAA TTC TAC AAA GGT GTT GTT ACC CTG ATC GAA AAA TAC GGT GCG GAA ATC AAT CTC AAC GAA CAG GTT CGT GGT CTG CTG CGT CCA CGT GAC ATG ATC TCT CTG CGC CTC GAA AAC CTG AAC GTT GGT GAC GAA ATC ATC GTG CAG GCT ATC GAC GTT CGT CCG GAA AAA CGT GAA ATC GAC TTC AAA TAC ATC CCG,1.298473999404955
GAC GTT GAA CCG GGT AAA TTC TAC AAA GGT GTT GTT ACC CGT ATC GAA AAA TAC GGT GCG TTC ATC AAC CTG AAC GAA CAG GTT CGT GGT CTG CTC CGT CCG CGC TTT ATG ATC TCT CTG CGT CTG GAA AAT CTG AAC GTG GGT GAC GAA ATC ATT GTT CAG GCG ATC GAC GTT CGT CCG GAA AAA CGC GAA ATC TTC TTC AAG TAC ATC CCG,3.3019772673750643
GAC GTT GAA CCG GGT AAA TTC TAC AAA GGT GTT GTT ACC CGT ATC GAA AAA TAC GGT GCG TTC ATC AAC CTG AAC GAA CAG GTT CGT GGT CTG CTG CGT CCG CGT GAC ATG ATC TCT CTG CGT CTG GAA AAT CTG AAT GTT GGT GAC GAA ATC ATC GTT CAA GCG ATC GAC GTT CGT CCG GAG GAA CGC GAA ATC GAC TTC AAA TAC ATC CCG,4.256679202886145
GAC GTT GAA CCG GGT AAA TTC TAC AAA GGT GTT GTT ACC CGT ATC GAA AAA TAC GGT GCG TTC ATC AAC CTG AAT GAA CAG GTT CGT GGT CTG CTG TGG CCG CGT GAC ATG ATC TCT CTG CGT CTG GAA AAC CTC AAT GTT GGT GAC GAA ATC ATC GTT CAG GCG ATC GAC GTT CGT CCG GAA AAA CGT GAA ATC ACC TTC AAA TAC ATC CCG,2.120860292430056
GAT GTT GAA CCG GGT AAA TTC TAC AAG GGC GTT GTT ACC TGC ATC TAC AAA TAC GGT GCG TTC ATC AAC CTG AAC GAG CAG GTT CGT GGC CTG CTG CGT CCG CGC GAT ATG ATC TCC CTG CGC CTC GAA AAT CTC AAT GTT GGT GAC GAA ATC ATC GTT CAA GCG ATT GAC GTT CGT CCG GAA AAA CGT GAA ATC GAC TTC AAA TAC ATC CCG,3.772680503111722
GAC GTT GAA CCG ACC AAA TTC TAC AAA GGT GTT GTT ACC CGT ATC GAA AAA TAC GGT GCG TTC ATC AAC CTG AAT GAA CAG GTT CGT GGT CTG CTG CGT CCG CGT GAC ATG ATC TCT CTG CGT CTG GAA AAC CTC AAT GTT GGC GAC GAA ATT ATC GTT CAG GCG ATT GAT GTT CGC CCG GAA AAA CGT GAA ATC GAC TTC AAA TAC ATC CCG,2.9942837283120927
GAC GTT GAA CCG GGT AAA TTC CCG AAA GGT GTT GTT ACC CGT ATC GAA AAA TAC GGT GCG TTC ATC AAC CTG AAC GAA CAG GTT CGT GGT CTG CTG CGT CCG CGT GAC ATG ATC TCT CTG CGT CTG GAA AAC CTC AAT GTT GGT GAC GAA ATC ATC GTT CAA GCG ATC GAC GTT CGT CCA GAA AAG CGT GAA ATC GAC TTC AAA TAC ATC CCA,0.2469117394808816
GAC GTT GAA CCG GGT AAG TTC TAC AAA GGT GTG GTT ACC ATG ATC GAA AAA TAC GGT GCG GAA ATC AAC CTC AAT GAA CAG GTT CGT GGT CTG CTG CGT CCG CGT GAC ATG ATC TCT CTG CGT CTG GAA AAC CTG AAC GTT GGC GAC GAA ATC ATC GTT CAA GCG ATC GAC GTT CGT CCG GAA AAA CGT GAA ATC GAC TTC AAA TAC ATC CCG,1.300258943266114
GAC GTT GAA CCG GGT AAG TTC CAG AAA GGT GTT GTT ACC CGT ATC GAA AAA TAC GGT GCG TTC ATC AAC CTC AAC GAG CAG GTT CGT GGT CTG CTG CGT CCG CGT GAC ATG ATC TCT CTG CGT CTG GAA AAC CTG AAT GTT GGT GAC GAA ATC ATC GTT CAG GCG ATT GAC GTT CGT CCG GAA AAA CGT GAA ATC GAC TTC AAA TAC ATC CCG,1.0131734510548325
GAC GTT GAA CCG GGT AAA TTC TAC AAA GGT GTT GTT ACC CGT ATC GAA AAA TAC GGT GCG TTC ATC TTT CTG AAC GAA CAG GTT CGT GGT CTG CTG CGT CCG CGT GAC ATG ATC TCT CTG CGT CTG GAA AAC CTG AAC GTG GGT GAC GAA ATC ATT GTG CAG GCG ATC GAC GTG CGT CCA GAA AAA CGT GAA ATC GAC TTC AAA TAC ATC CCG,4.118807539470966
GAT GTT GAA CCG GGT AAA TTC TAC AAA GGT GTT GTT ACC CGC ATC GAA AAA TAC GGT ATG TTC ATC AAC CTC AAC GAG CAG GTT CGT GGT CTG CTG CGC CCA CGT GAC ATG ATC TCT CTG CGT CTG GAA AAT CTG AAC GTT GGT GAC GAA ATC ATC GTT CAG GCT ATT GAC GTT CGT CCG GAA AAA CGT GAA ATC GAC TTC AAA TAC ATC CCG,2.2420092054961787
GAC GTT GAA CCG GGC AAA TTC TAC AAA GGT GTT GTT ACC CGT ATC GAA AAA TAC GGT GCG TTC ATC AAC CTC AAC GAA CAG GTT CGT GGC CTG CTG CGT CCG CGT GAC ATG ATC TCT CTG CGC CTG GAA AAT CTG AAT GTT GGT GAC GAG ATT ATC GTT CAG GCG ATC GAC GTT CGT CCA GAA AAA CGT ATC ATC GAC TTC AAA TAC ATC CCG,4.68201013804438
GAC GTG GAA CCG GGC AAA TTC TAC AAA GGT GTT GTT ACC CGT ATC GAA AAA TAC GGT GCG TTC ATC AAC CTG AAC GAA CAG GTT CGC GGT CTG CTG CGT CCG CGT GAC ATG ATC TCT CTG CGT CTG GAG AAC CTC AAT GTT GGT GAC GAA ATC ATT GTT CAG GCG ATC GAC CTC CGT CCG GAA AAA CGT GAA ATC GAC TTC AAA TAC ATC CCG,3.4244597221361923
GAC GTT GAA CCG GGT AAA TTC TAC AAG GGT GTT GTT ACC CGT ATC GAA AAA TAC GGT GCG TTC ATC AAC CTC AAC GAA CAA GTT CGT GGT CTG CTG CGT CCG CGT ATG ATG ATC TCT CTG CGT CTG GAG AAC CTG AAC GTT GGT GAC GAA ATC ATT GTT CAG GCG ATC GAC GTT CGT CCG GAA AAA CGC GAA ATC TTC TTC AAA TAC ATC CCG,2.994167638292065
GAC GTG GAA CCG GGT AAA TTC TAC AAA GGT GTT GTT ACC CGT ATC GAA AAA TAT GGT GCG TTC ATC AAC CTG AAC GAA CAG GTT CGT GGT CTG CTG CGT CCG CGT GAC ATG ATC TCT CTG CGT CTG GAG AAT CTG AAC GTT GGT GAC GAA ATC ATT GTT CAG GCT ATC GAC GTG CGT GGT GAA AAA CGT GAG ATC GAC TTC AAA TAC ATC CCG,4.187485706183189
GAC GTT GAA CCG GGT AAA TTC TAC AAA GGT GTT GTT ACC CGT ATC GAA AAA TAC GGT GCG TTC ATC AAC CTC AAC GAA CAG GTT CGT GGT CTG CTG CGT CCG CGT GAC ATG ATC TCT CTG CGT CTG GAA AAC CTG AAC GTT GGT GAC GAA ATC ATC GTG CAG GCT ATC GAC GTG GAC CCG GAA AAA CGT GAA ATC GCG TTC AAA TAC ATC CCG,4.990890995541784
GAC GTT GAA CCG GGT AAA TTC TAC AAA GGT GTT GTT ACC CGT ATC GAA AAA TAC GGT GCG TTC ATC AAC CTG AAT GAA CAG GTT CGT GGT CTG CTG CGT CCG CGT GAC ATG ATC TCT CTG CGT CTG GAA AAC CTC AAT GTT GGT GAC GAA ATC ATC GTT CAA GCG ATC GAC GTT TCT CCG GAA AAA CGT GAA ATC GAC TTC AAA TAC ATC CCG,3.4847081091631624
GAC GTT GAA CCG GGT AAA TTC TAC AAA GGT GTT GTT ACC CGT ATC GAA AAA TAC GGT GCG TTC ATT AAC CTG AAC GAA CAG GTT CGT GGT CTG CTG CGT CCG CGT GAC ATG ATC TCT CTG CGT CTG GAA AAC CTC AAC GTG GGC GAC GAA ATC ATC GTG CAG GCT ATC GAC GTG CGT AAT GAA AAA CGT GAA ATC GAC TTC AAA TAC ATC CCG,4.493115712044457
GAC GTT GAA CCG GGT AAA TTC TAC AAA GGT GTT GTT ACC CGT ATC GAA AAA TAC GGT GCG TTC ATC AAC CTG AAC GAA CAG GTT CGT GGT CTG CTG CGT CCG CGT GAA ATG ATC TCT CTG CGT CTG GAG AAT CTG AAC GTT GGT GAC GAA ATC ATC GTT CAA GCG ATC GAC GTT CGT CCG GAA AAA CGC GAA ATC TCT TTC AAA TAC ATC CCG,2.694699807523273
GAC GTT GAA CCG GGT AAA TTC TAC AAA GGT GTT GTT ACC CGT ATC GAA AAA TAC GGT GCG TTC ATC AAT CTG AAC GAA CAG GTT CGT GGT CTG CTG CTG CCG CGT GAC ATG ATC TCT CTG CGT CTC GAA AAT CTC AAT GTG GGT GAC GAA ATC ATC GTT CAA GCG ATC GAC GTT TCT CCG GAA AAA CGT GAA ATC GAC TTC AAA TAC ATC CCG,2.5918357012385247
GAC GTT GAA CCG GGT AAA TTC TAC AAA GGT GTT GTT ACC CGT ATC GAA AAA TAC GGT GCG TTC ATC AAC CTG AAT GAA CAG GTT CGT GGT TGC CTG CGT CCG CGT GAC ATG ATC TCT CTG CGT CTG GAA AAT CTG AAC GTG GGC GAC GAA ATC ATC GTT CAA GCG ATC GAC GTT CGT CCG GAA AAA CGT GAA ATC GAC TTC AAA TAC ATC CCG,2.63110069778804
GAT GTT GAA CCG GGT AAA TTC TAC GGC GGT GTT GTT ACT CGT ATC GAA AAA TAC GGT GCG TTC ATC AAT CTG AAC GAA CAA GTG CGC GGT CTG CTG CGT CCG CGT GAC ATG ATC TCT CTG CGT CTG GAA AAC CTG AAC GTG GGT GAC GAA ATC ATC GTG CAA GCG ATC GAC GTT CGT CCG GAA AAA CGT GAA ATC GAC TTC AAA TAC ATT CCG,3.041927923017287
GAC GTT GAA CCG GGT AAA TTC TAC AAA GGT GTT GTT ACC CGT ATC GAA AAA TAC GGT GCG TTC ATC AAC CTG AAT GAA CAG GTT CGT GGT CTG CTC CGT CCG CGC GTT ATG ATC TCT CTG CGT CTG GAA AAT CTG AAC GTG GGC GAC GAA ATC ATT GTT CAG GCG ATC GAC GTT GGT CCG GAA AAA CGT GAA ATC GAC TTC AAA TAC ATC CCG,1.726485288580499
GAT GTT GAA CCG GGT AAA TTC TAC AAA GGT GTT GTT ACC CGT ATC GAA AAA TAC GGT GCG TTC ATC AAT CTG AAT GAA CAG GTT CGT GGT CTG CTG CGT CCG CGT CAC ATG ATC TCT CTG CGT CTG GAA AAC CTG AAT GTT GGT GAC GAA ATC ATT GTT CAG GCG ATC GAC GTT TAC CCA GAA AAG CGT GAA ATC GAC TTC AAA TAC ATC CCG,3.149252895840001
GAC GTG GAA CCG GGC AAA TTC TAC AAA GGT GTT GTT ACC CGT ATC GAA AAA TAC GGT GCG TTC ATC AAC CTC AAT GAA CAG GTT CGT GGC CTC CTG CGT CCG CGT CAC ATG ATT TCT CTG CGT CTG GAG AAT CTG AAT GTG GGT GAC GAG ATC ATC GTG CAG GCG ATC GAC GTT CGT CCG GAA AAA CGT GAA ATC GAC TTC GCG TAC ATC CCG,4.859937308347229
GAC GTT GAA CCG GGT AAA TTC TAC AAA GGT GTT GTT ACC CGT ATC GAA AAA TAC GGT GCG TTC ATC AAT CTC AAC GAA CAG GTT CGT GGT CTG CTG CGT CCA CGT ACC ATG ATC TCT CTG CGT CTG GAA AAC CTG AAT GTT GGT GAC GAA ATC ATC GTG CAG GCG ATC GAC GTT CGT CCG GAG AAA CGT GAA ATC GAA TTC AAA TAC ATC CCG,1.8853759400785133
GAC GTT GAA CCG GGT AAA TTC TAC AAA GGT GTT GTT ACC CGT ATC GAA AAA TAC GGT GCG TTC ATC AAC CTG AAC GAA CAG GTT CGT GGT CTG CTG CGT CCG CGT GAC ATG ATC TCT CTG CGT CTG GAA AAC CTC AAC GTG GGT GAC GAG ATT ATC GTT CAA GCG ATC GAC GTT CGT CCG GAA AAA CGT GAA ATC GAC TTC CAA TAC ATC CCG,4.555023078743105
GAC GTT GAA CCG GGT AAA TTC TAC AAA GGT GTT GTT ACC CTG ATC ATG AAG TAC GGC GCG TTC ATC AAC CTG AAT GAA CAG GTT CGT GGT CTG CTG CGT CCA CGT GAC ATG ATC TCT CTG CGT CTC GAA AAT CTG AAC GTT GGT GAC GAA ATC ATC GTT CAG GCG ATC GAC GTT CGT CCG GAA AAA CGT GAA ATC GAC TTC AAA TAC ATC CCG,4.983364384712625
GAC GTT GAG CCG GGT AAA TTC TAC AAG GGT GTT GTT ACC CGT ATC GAA AAA TAC GGT GCG TTC ATC AAC CTC AAT GAA CAG GTT CGT GGT CTG CTG CGT CCG CGT TGC ATG ATC TCT CTG CGT CTG GAA AAC CTG AAC GTT GGT GAC GAA ATC ATC GTT CAA GCT ATC GAC GTG CGT CCA GAA AAA CGT GAA ATC GAC TTC GTT TAC ATC CCG,3.3101062213373136
GAT GTT GAA CCG GGT AAA TTC TAC AAA GGT GTT GTT ACC CGT ATC GAA AAA TAC GGT GCG TTT ATC AAC CTG TAC GAA CAG GTT CGT GGT CTG CTG CGT CCG CGT GAC ATG ATC TCT CTG CGT CTG GAA AAC CTG AAC GTT GGT GAT GAA ATC ATT GTT CAA GCG ATC GAC GTT CGT CCG GAA AAA CGT GAA ATC GAC TTC AAA TAC ATC CCG,3.730882663310414
GAC GTT GAA CCG GGT AAA TTC TAC AAA GGT GTT GTT ACC CGT ATC GAA AAA TAC GGT GCG TTC ATC AAT CTG AAC GAA CAG GTT CGT GGT CTG CTG TAC CCG CGT GAC ATG ATC TCT CTG CGT CTG GAA AAC CTG AAC GTT GGT GAC GAA ATC ATC GTT CAA GCG ATC GAC GTT GCG CCG GAA AAA CGT GAA ATC GAC TTC AAA TAC ATC CCG,1.5469317455420422
GAC GTT GAA CCG GGC AAG TTC TAC AAA GGT GTT GTT ACC GTG ATC GAA AAA TAC GGT GCG ACC ATC AAC CTC AAC GAA CAG GTT CGT GGT CTG CTC CGT CCG CGT GAC ATG ATC TCT CTG CGT CTG GAA AAT CTG AAC GTT GGT GAC GAA ATC ATC GTT CAG GCG ATC GAC GTT CGC CCG GAA AAA CGT GAA ATC GAC TTC AAA TAC ATC CCA,2.3608728376894783
GAC GTT GAA CCG GGT AAA TTC TAC AAA GGT GTT GTT ACC CGT ATC GAA AAA TAC GGT GCG TTC ATC AAC CTG AAC GAA CAG GTT CGT GGT CTG CTG ACT CCG CGC GAC ATG ATC TCT CTG CGT CTG GAA AAC CTC AAT GTT GGT GAC GAA ATC ATC GTT CAA GCG ATC GAC GTT CTG CCG GAA AAA CGT GAA ATC GAC TTC AAA TAC ATC CCG,1.211964432629947
GAC GTT GAA CCG GGT AAA TTC TAC AAA GGT GTT GTT ACC CGT ATC GAA AAA TAC GGT GCG TTC ATC AAC CTC AAC GAA CAG GTT CGT GGT CTG CTG CGT CCG CGT GAC ATG ATC TCT CTG CGT CTG GAA AAC CTG AAC GTT GGT GAC GAA ATC ATC GTG CAG GCG ATC GAC GTT AAA CCG GAA AAA CGT GAA ATC GGT TTC AAA TAC ATC CCG,3.3137674891897864
GAT GTT GAA CCG GGT AAA TTC TAC AAG GGT GTT GTT ACC CGT ATC GAA AAA TAC GGT GCG TTC ATC AAC CTC AAT GAA CAG GTT CGT GGT CTG CTG CGT CCG CGT GAC ATG ATC TCT CTG CGT CTG GAA AAC CTG AAC GTT GGT GAT GAA ATC ATC GTT CAA GCG ATC GAC GTT GAC CCG GAA AAA CGT GAA ATC CCG TTC AAA TAC ATC CCA,2.744077569059037
GAC GTT GAA CCG GGT AAA TTC TAC AAA GGT GTT GTT ACC GAA ATC GAA AAA TAC GGT GCG GCG ATC AAC CTG AAC GAA CAG GTT CGT GGC CTG CTG CGT CCG CGT GAT ATG ATC TCT CTG CGT CTG GAA AAC CTC AAT GTT GGT GAC GAA ATC ATC GTT CAA GCG ATT GAC GTT CGT CCG GAA AAA CGT GAG ATC GAC TTC AAA TAC ATC CCG,0.8935543675026505
GAC GTT GAA CCG GGT AAA TTC TAC AAG GGT GTT GTT ACC CGT ATC GAA AAA TAC GGT GCG TTC ATC AAC CTC AAC GAA CAG GTT CGT GGC CTG CTG CGT CCG CGT GAC ATG ATC TCT CTG CGC CTG GAA AAC CTG AAC GTT GGT GAC GAA ATC ATC GTG CAG GCG ATC GAC GTT GTT CCA GAA AAA CGT GAA ATC GAC TTC AAA TAC ATC CCG,3.094275997626484
GAC GTT GAA CCG GGT AAA TTC TAC AAA GGT GTT GTT ACC CGT ATC GAA AAA TAC GGT GCG TTC ATC AAT CTG AAC GAA CAG GTT CGT GGT CTG CTG CGT CCG CGT AAA ATG ATC TCT CTG CGT CTG GAA AAC CTG AAC GTG GGT GAC GAA ATC ATT GTT CAG GCG ATC GAC GTT CGT CCG GAA AAA CGT GAA ATC GCG TTC AAA TAC ATC CCG,1.8120889186619191
GAC GTT GAA CCG GGT AAA TTC TAC AAA GGT GTT GTT ACC CGT ATC GAA AAA TAC GGT GCG TTC ATC AAC CTG AAT GAA CAG GTT CGT GGT CTG CTG CGT CCG CGT GAC ATG ATC TCT CTG CGT CTG GAA AAT CTG AAC GTT GGT GAC GAA ATC ATT GTT CAG GCG ATC GAC GTT TGG CCG GAA AAA CGT GAG ATC AAC TTC AAA TAC ATC CCG,3.7384246389272233
GAC GTT GAA CCG GGT AAG TTC TAC AAA GGT GTT GTT ACC CGT ATC GAA AAG TAC GGT TCC TTC ATC AAC CTC AAC GAG CAG GTT CGT GGT CTG CTG CGT CCA CGT GAT ATG ATC TCT CTG CGT CTG GAA AAT CTG AAC GTT GGT GAC GAA ATC ATC GTT CAG GCG ATC GAC GTT CGT CCG GAA AAA CGT GAA ATC GAC TTC AAA TAC ATC CCG,2.338425176211405
GAC GTT GAA CCG GGT AAA TTC TAC AAA GGT GTT GTT ACC CGT ATC GAA AAG TAT GGT GCG TTC ATC AAC CTC AAC GAG CAG GTT CGT GGT CTG CTG CGC CCA CGT GTT ATG ATC TCT CTG CGT CTG GAA AAC CTG AAC GTT GGT GAC GAA ATC ATT GTT CAG GCG ATC GAC GTT CGT CCG GAA AAA CGT GAA ATC GAC TTC AAA TAC ATC CCG,2.072655210394995
GAC GTT GAG CCG GGT AAA TTC TAC AAA GGC GTT GTT ACC CGT ATC GAA AAA TAC GGT GCG TTC ATC AAC CTG AAT GAA CAG GTT CGT GGT CTG CTG CGT CCG CGC AAG ATG ATC TCT CTG CGC CTG GAG AAC CTC AAT GTT GGT GAC GAA ATT ATC GTT CAA GCG ATT GAC GTT CGC CCG GAA AAA CGT GAA ATC GAC TTC GGT TAC ATC CCA,2.5966122054169944
GAC GTT GAA CCG GGT AAA TTC TAC AAA GGT GTT GTT ACC TGC ATC CCG AAA TAC GGT GCG TTC ATC AAT CTG AAT GAA CAG GTT CGC GGC CTC CTG CGT CCG CGT GAC ATG ATC TCT CTG CGT CTG GAA AAC CTC AAT GTG GGT GAC GAG ATT ATC GTT CAG GCG ATC GAC GTT CGT CCG GAA AAA CGT GAA ATC GAC TTC AAA TAC ATC CCA,1.4283016076194246
GAC GTG GAG CCG GGT AAA TTC TAC AAA GGT GTT GTT ACC CGT ATC GAA AAA TAC GGT GCG TTC ATC AAT CTC AAC GAA CAG GTT CGT GGT CTG CTG GAA CCG CGT GAC ATG ATC TCT CTG CGT CTG GAA AAC CTG AAT GTT GGT GAC GAA ATC ATC GTT CAG GCG ATC GAC GTT GAA CCG GAA AAA CGT GAA ATC GAC TTC AAA TAC ATC CCG,0.8331196584525737
GAC GTT GAA CCG GGC AAA TTC TAC AAA GGT GTT GTG ACC ATC ATC GAA AAA TAC GGT GCG CTG ATT AAC CTC AAC GAA CAG GTT CGT GGT CTG CTC CGT CCG CGT GAC ATG ATC TCT CTG CGC CTG GAA AAC CTG AAT GTG GGT GAT GAA ATC ATC GTT CAG GCG ATT GAC GTT CGT CCG GAA AAA CGT GAA ATC GAC TTC AAA TAC ATC CCG,2.210818050252513
GAC GTT GAA CCG GGT AAA TTC TAC AAA GGC GTT GTT ACC CGC ATT GAA AAA TAC GGT GCG TTC ATC AAC CTG AAC GAG CAG GTT CGT GGT CTG CTC CGT CCG CGT GCT ATG ATC TCT CTG CGT CTG GAA AAT CTG AAC GTT GGT GAC GAA ATC ATC GTT CAA GCG ATT GAC GTT CGT CCG GAA AAA CGT GAA ATC GAC TTC AAC TAC ATC CCG,1.777337784540248
GAT GTT GAA CCG GGT AAA TTC TAC AAA GGT GTT GTT ACC CGT ATC GAA AAA TAC GGT GCG TTC ATC AAT CTG AAT GAA CAG GTT CGT GGT CTG CTG CCA CCG CGT GAC ATG ATC TCT CTG CGT CTG GAA AAC CTG AAC GTT GGT GAC GAA ATC ATC GTT CAA GCG ATC GAC GTT GAG CCG GAA AAA CGT GAA ATC GAC TTC AAA TAC ATC CCG,0.9193842454046556
GAC GTT GAA CCG GGT AAG TTC TAC AAA GGT GTT GTT ACC CGT ATC GAA AAA TAC GGT GCG TTC ATC AAC CTC AAC GAA CAA GTT CGT GGT CTG CTG CGT CCA CGT CAC ATG ATC TCT CTG CGT CTG GAG AAC CTG AAC GTT GGT GAC GAA ATC ATT GTT CAG GCG ATC GAC GTT CGT CCG GAA AAG CGT GAA ATC TAC TTC AAA TAC ATC CCG,3.896024918277616
GAC GTT GAA CCG GGT AAA TTC TAC AAA GGT GTT GTT ACC CGT ATC GAA AAA TAC GGT GCG TTC ATC AAT CTG AAC GAA CAG GTT CGT GGT CTG CTG CAC CCG CGT GAC ATG ATC TCT CTG CGC CTG GAA AAC CTG AAC GTG GGT GAC GAA ATC ATC GTG CAG GCG ATC GAC GTT TTC CCG GAA AAA CGT GAA ATC GAC TTC AAA TAC ATC CCG,1.728312625667486
GAT GTT GAA CCG GGC AAA TTC TAC AAA GGT GTT GTT ACC GTT ATC CAG AAA TAC GGT GCG TTC ATC AAT CTG AAC GAA CAG GTT CGT GGT CTG CTC CGT CCA CGC GAT ATG ATC TCT CTG CGT CTG GAG AAC CTG AAC GTT GGT GAC GAA ATC ATC GTG CAG GCT ATC GAT GTT CGT CCG GAA AAA CGT GAA ATC GAC TTC AAA TAC ATC CCG,3.5424958625078045
GAC GTT GAA CCG GGT AAG TTC TAC AAA GGC GTT GTT ACC CGT ATC GAA AAA TAC GGT GCG TTC ATC AAC CTG AAC GAA CAG GTT CGT GGC CTG CTC CGT CCG CGT TCT ATG ATC TCT CTG CGT CTG GAA AAC CTC AAC GTG GGT GAC GAA ATC ATT GTT CAG GCG ATT GAC GTG CGT CCA GAA AAA CGT GAA ATC GAC TTC CGT TAC ATC CCG,3.2124117720173984
GAC GTT GAA CCG GGT AAA TTC TAC AAA GGT GTT GTT ACC CGT ATC GAA AAA TAC GGT GCG TTC ATC AAC CTG AAT GAA CAG GTT CGT GGT CTG CTG CGT CCG CGT GAC ATG ATC TCT CTG CGT CTG GAA AAC CTC AAT GTT GGT GAC GAA ATC ATC GTG CAG GCG ATT GAT GTT ATC CCG GAA AAA CGT GAA ATC GAA TTC AAA TAC ATC CCG,2.7172053851880458
GAC GTT GAA CCG GGT AAA TTC TAC AAA GGT GTT GTT ACC CGT ATC GAA AAA TAC GGT GCG TTC ATC AAC CTG AAC GAA CAG GTT CGT GGT CTG CTG CGT CCA CGT TCT ATG ATC TCT CTG CGT CTG GAA AAC CTC AAT GTT GGT GAC GAA ATC ATT GTT CAG GCG ATC GAT GTT GAC CCG GAA AAA CGT GAA ATC GAC TTC AAA TAC ATC CCG,2.9863198615169884
GAC GTT GAA CCG GGT AAG TTC TAC AAA GGT GTT GTT ACC GTT ATC GAA AAA TAC GGT GCG GCG ATC AAC CTG AAC GAA CAG GTT CGT GGT CTG CTG CGT CCG CGT GAC ATG ATC TCT CTG CGT CTG GAA AAC CTC AAC GTG GGT GAC GAA ATC ATT GTG CAG GCG ATT GAC GTT CGT CCG GAA AAA CGT GAA ATC GAC TTC AAA TAC ATC CCG,1.076921275662481
GAC GTG GAA CCG GGT AAA TTC TAC AAA GGT GTT GTT ACC CGT ATC GAA AAA TAC GGT GCG TTC ATC AAC CTC AAC GAA CAA GTT CGT GGT CTG CTG CGT CCG CGT GAC ATG ATC TCT CTG CGT CTG GAA AAC CTG AAC GTT GGT GAC GAG ATT ATT GTT CAG GCG ATT GAC GTT CGT CCG GAA AAA CGT GAA ATC ATG TTC AAG TAC ATC CCG,4.146057824644407
GAT GTT GAA CCG GGT AAA TTC TAC AAA GGT GTT GTT ACC CGT ATC GAA AAG TAC GGT GCG TTC ATC AAC CTG AAC GAA CAG GTT CGT GGT CTG CTG AAC CCG CGT GAC ATG ATC TCT CTG CGT CTG GAA AAC CTC AAC GTG GGT GAC GAA ATC ATC GTG CAG GCG ATC GAC GTT CAA CCG GAA AAA CGT GAA ATC GAC TTC AAA TAC ATC CCG,1.3551724706840185
GAC GTT GAA CCG GGT AAA TTC TAC AAA GGT GTT GTT ACC CGT ATC GAA AAA TAC GGT GCG TTC ATC AAC CTC AAT GAA CAG GTT CGT GGT CTG CTG CGT CCG CGT GAC ATG ATC TCT CTG CGT CTG GAA AAC CTG AAC GTT GGT GAC GAA ATC ATC CAC CAG GCG ATT GAC GTT CGT CCG GAA AAA CGT GAA ATC GAC TTC AAA TAC ATC CCG,0.0844876330595937
GAT GTT GAA CCG GGT AAG TTC TAC AAA GGT GTT GTT ACC CGT ATC GAA AAA TAC GGT GCG TTC ATC AAC CTC AAC GAA CAA GTT CGT GGT CTG CTC CGT CCG CGT ATT ATG ATC TCT CTG CGT CTG GAG AAC CTG AAT GTT GGT GAC GAG ATT ATC GTT CAG GCG ATT GAC GTG CGC CCA GAA AAA CGT GAA ATC GAC TTC ATG TAT ATC CCA,2.180977886435926
GAC GTT GAA CCG GGT AAA TTC TAC AAA GGT GTT GTT ACC CGT ATC GAA AAA TAC GGT GCG TTC ATC AAT CTG AAC GAA CAG GTT CGT GGT CTG CTG CGT CCG CGT GAC ATG ATC TCT CTG CGT CTG GAA AAC CTC AAT GTT GGT GAC GAA ATC ATC GTT CAA GCG ATC GAC GTT CTG CCG GAA AAA CGT GAA ATC GAC TTC AAA TAC ATC CCG,2.9820134987917086
GAC GTT GAA CCG GGT AAA TTC TAC AAA GGT GTT GTT ACC CGT ATC GAA AAA TAC GGT GCG TTC ATC AAC CTG AAC GAA CAG GTT CGT GGT CTG CTG CGC CCA CGC AAC ATG ATC TCT CTG CGT CTG GAA AAC CTC AAC GTG GGT GAC GAA ATC ATT GTT CAA GCG ATC GAC GTT CAG CCG GAA AAA CGT GAA ATC GAC TTC AAA TAC ATC CCG,3.898345649984016
GAC GTT GAA CCG GGT AAA TTC TAC AAA GGT GTT GTT ACC CGT ATC GAA AAA TAC GGT GCG TTC ATC AAC CTG AAC GAG CAG GTT CGT GGT CTG CTG CGT CCG CGT GAC ATG ATC TCT CTG CGT CTG GAA AAT CTG AAT GTT GGT GAC GAA ATC ATT GTT CAG GCG ATT GAC GTT CGT ACC GAA AAA CGT GAA ATC GAC TTC AAA TAC ATC CCG,4.396939204201852
GAC GTT GAA CCG GGT AAG TTC TAC AAA GGT GTT GTT ACC CGT ATC GAA AAA TAC GGT GCG TTC ATC AAC CTC AAC GAG CAG GTT CGC GGT CTG CTG GTT CCG CGT GAT ATG ATC TCT CTG CGC CTG GAA AAC CTG AAT GTG GGT GAC GAA ATT ATC GTT CAG GCG ATC GAC GTT TCT CCG GAA AAA CGT GAA ATC GAC TTC AAA TAC ATC CCG,2.200274817488997
GAC GTT GAA CCG GGT AAA TTC TAC AAA GGT GTT GTT ACC CGT ATC GAA AAA TAC GGT GCG TTC ATC AAC CTG AAT GAA CAG GTT CGT GGT CTG CTG ACT CCG CGT GAC ATG ATC TCT CTG CGT CTG GAA AAT CTG AAC GTT GGT GAC GAA ATC ATC GTT CAA GCG ATC GAC GTT CGT CCG GAA AAA CGT GAA ATC ACC TTC AAA TAC ATC CCA,2.4952310627374823
GAC GTT GAA CCG GGT AAA TTC TAC AAA GGT GTT GTT ACC CGT ATC GAA AAA TAC GGT GCG TTC ATC AAC CTG AAT GAA CAG GTT CGT GGT CTG CTG CGT CCG CGT GAC ATG ATC TCT CTG CGT CTG GAA AAT CTG AAC GTT GGT GAC GAA ATC ATC GTT CAG GCG ATC GAC GTT ATC CCG GAA AAA CGT GAA ATC TGG TTC AAA TAC ATC CCG,3.922847048964431
GAC GTT GAA CCG GGT AAA TTC TAC AAA GGT GTT GTT ACC CGT ATC GAA AAA TAC GGT GCG TTC ATC AAC CTC AAC GAA CAG GTT CGT GGT CTG CTG CGT CCG CGT GAC ATG ATC TCT CTG CGT CTG GAA AAC CTG AAT GTT GGT GAC GAA ATT ATC GTT CAA GCG ATC GAC GTT AAC CCG GAA AAA CGT GAA ATC ATC TTC AAA TAC ATC CCG,4.811550918990622
GAC GTT GAA CCG GGT AAA TTC TAC AAA GGT GTT GTT ACC CGT ATC GAA AAA TAC GGT GCG TTC ATC AAC CTG AAC GAA CAG GTT CGT GGT CTG CTG CGT CCG CGT ACC ATG ATC TCT CTG CGT CTG GAA AAT CTG AAC GTT GGT GAC GAA ATC ATC GTG CAG GCT ATC GAC GTT CTG CCG GAA AAA CGT GAA ATC GAC TTC AAA TAC ATC CCG,1.274077020448933
GAC GTT GAA CCG GGT AAA TTC TAC AAA GGT GTT GTT ACC CGT ATC GAA AAA TAC GGT GCG TTC ATC AAC CTG AAC GAA CAA GTT CGT GGT CTG CTG CGT CCG CGT ATT ATG ATC TCT CTG CGT CTG GAA AAC CTC AAC GTG GGT GAC GAA ATC ATC GTG CAA GCG ATC GAC GTT CGT CCG GAA AAA CGT GAA ATC GCG TTC AAA TAC ATT CCG,1.7619729065826395
GAT GTT GAA CCG GGT AAA TTC TAC AAA GGT GTT GTT ACC GGC ATC TAC AAG TAC GGT GCG TTC ATC AAC CTG AAC GAG CAG GTT CGT GGT CTG CTG CGT CCG CGT GAC ATG ATC TCT CTG CGT CTG GAA AAC CTC AAT GTT GGT GAC GAA ATC ATC GTG CAG GCG ATC GAC GTT CGT CCA GAA AAA CGT GAA ATC GAC TTC AAA TAC ATC CCG,4.513702100437119
GAC GTT GAG CCG GGT AAG TTC TAC AAA GGT GTT GTT ACC CGT ATC GAA AAA TAC GGT GCG TTC ATC AAC CTC AAC GAG CAG GTT CGT GGT CTG CTG CGT CCG CGT CAG ATG ATC TCT CTG CGT CTG GAA AAT CTG AAC GTT GGT GAC GAA ATC ATC GTT CAA GCG ATT GAC GTG GAA CCG GAA AAA CGT GAA ATC GAC TTC AAA TAC ATC CCG,1.597999747020281
GAC GTT GAA CCG GGT AAA TTC TAC AAA GGT GTT GTT ACC CGT ATC GAA AAA TAC GGT GCG TTC ATC AAT CTC AAC GAG CAG GTT CGT GGT CTG CTG CGT CCG CGT GAT ATG ATC TCC CTC CTG CTG GAA AAC CTG AAT GTT GGT GAC GAA ATC ATC GTT CAG GCT ATC GAC GTT CGT CCG GAA AAA CGT GAA ATC GAC TTC AAA TAC ATC CCG,5.189350763146036
GAC GTT GAA CCG GGT AAA TTC TAC AAA GGT GTT GTT ACC CGT ATC GAA AAA TAC GGT GCG TTC ATC AAC CTC AAC GAA CAG GTT CGT GGT CTG CTG CGT CCG CGT GAC ATG ATC TCT CTG CGT CTG GAA AAC CTG AAC GTG GGT GAC GAA ATC ATT GTT CAG GCG ATT GAC GTT CTG CCG GAG AAG CGT GAA ATC TTC TTC AAG TAC ATC CCG,4.164422237192788
GAC GTT GGT CCG GGT AAA TTC TAC AAA GGT GTT GTT ACC CGT ATC GAA AAA TAC GGT GCG TTT ATC AAC CTG AAC GAA CAG GTT CGT GGT CTG CTG CGT CCG CGT GAT ATG ATC TCT CTG CGT CTG GAA AAC CTC AAC GTG GGC GAC GAA ATC ATC GTG CAG GCG ATC GAC GTT CGT CCG GAA AAA CGT GAA ATC GAC TTC AAA TAC ATC CCG,3.49580105773919
GAC GTT GAA CCG GGC AAA TTC TAC AAA GGC GTT GTT ACC CAG ATT GAA AAA TAC GGT GCG CAG ATC AAC CTG AAC GAA CAG GTT CGT GGT CTG CTG CGT CCG CGC GAC ATG ATT TCC CTG CGT CTG GAG AAT CTC AAC GTG GGT GAC GAA ATT ATC GTG CAG GCG ATT GAC GTT CGT CCG GAA AAA CGT GAA ATC GAC TTC AAA TAC ATC CCA,1.815986093978193
GAC GTT GAA CCG GGT AAG TTC TAC AAA GGC GTT GTT ACC ATG ATC GAA AAA TAC GGC GCT CAT ATC AAC CTG AAC GAA CAG GTG CGT GGT CTG CTG CGT CCG CGT GAC ATG ATC TCT CTC CGT CTG GAA AAT CTG AAT GTT GGT GAC GAA ATC ATC GTT CAA GCG ATT GAC GTT CGT CCG GAA AAA CGT GAA ATC GAC TTC AAA TAC ATC CCG,2.222068216785454
GAC GTT GAA CCG GGT AAA TTC TAC AAG GGT GTT GTT ACC CGT ATC GAA AAA TAC GGT GCG TTC ATC AAC CTG AAC GAG CAG GTT CGT GGT CTG CTC CGT CCG CGT GAC ATG ATC TCT CTG CGT CTG GAA AAT CTG AAC GTG GGT GAC GAA ATC ATT GTT CAG GCG ATC GAC GTT ATG CCG GAA AAA CGT GAG ATC GTT TTC AAA TAC ATC CCG,3.640128586844426
GAC GTT GAA CCG GGT AAA TTC TAC AAA GGT GTT GTT ACC CGT ATC GAA AAA TAC GGT GCG TTC ATC AAC CTG AAT GAA CAG GTT CGT GGT CTG CTG CCA CCG CGT GAC ATG ATC TCT CTG CGT CTG GAA AAC CTC AAC GTG GGC GAC GAA ATC ATC GTT CAG GCG ATC GAC GTT CGT CCG GAA AAA CGC GAA ATC TAC TTC AAA TAC ATC CCG,2.4124569387730115
GAC GTT GAA CCG GGT AAA TTC TAC AAA GGT GTT GTT ACC CGT ATC GAA AAA TAC GGT GCG TTC ATC AAC CTG AAC GAA CAG GTT CGT GGT CTG CTG CGT CCG CGT GAC ATG ATC TCT CTG CGT CTG GAA AAT CTG AAT GTT GGT GAC GAA ATC ATC GTG CAA GCG ATT GAC GTT CGC CCG GAA AAG CGT ACT ATC GAC TTC AAA TAC ATC CCG,4.516906012766484
GAC GTT GAA CCG GGT AAG TTC TAC AAA GGT GTT GTT ACC GCT ATC GAA AAA TAC GGT GCG GAC ATC AAC CTG AAT GAA CAG GTT CGT GGC CTC CTG CGT CCG CGT GAC ATG ATC TCC CTG CGC CTG GAA AAC CTC AAC GTG GGT GAT GAA ATC ATC GTT CAG GCG ATC GAT GTT CGT CCG GAA AAA CGT GAA ATC GAC TTC AAA TAC ATC CCG,1.0776221637175567
GAC GTT GAA CCG GGT AAA TTC TAC AAA GGT GTT GTT ACC CGT ATC GAA AAA TAC GGT GCG TTC ATC AAT CTC AAC GAA CAG GTT CGT GGT CTG CTG ACT CCG CGT GAC ATG ATC TCT CTG CGT CTG GAA AAC CTG AAT GTT GGT GAC GAA ATC ATC GTT CAG GCG ATC GAT GTT GCG CCG GAA AAA CGT GAA ATC GAC TTC AAA TAC ATC CCG,1.2401834000251002
GAC GTT GAA CCG GGT AAA TTC TAC AAA GGT GTT GTT ACC CGT ATC GAA AAA TAC GGT GCG TTC ATC AAC CTG AAC GAA CAG GTT CGT GGT CTG CTG CGT CCG CGT GAC ATG ATC TCT CTG CGT CTG GAA AAT CTG AAC GTT GGT GAC GAA ATC ATC GTT ATC GCT ATC GAC GTT CGT CCG GAA AAA CGT GAA ATC GAC TTC AAA TAC ATC CCG,5.083321913237731
GAC GTT GAA CCG GGT AAA TTC TAC AAA GGT GTT GTT ACC CGT ATC GAA AAA TAC GGT GCG TTC ATC AAC CTG AAT GAA CAG GTT CGT GGT CTG CTG GTT CCG CGT GAC ATG ATC TCT CTG CGT CTG GAA AAT CTG AAC GTT GGT GAC GAA ATC ATC GTT CAG GCG ATC GAC GTT AAC CCG GAA AAA CGT GAA ATC GAC TTC AAA TAC ATC CCG,2.353344303622359
GAC GTT GAA CCG GGT AAA TTC TAC AAA GGT GTT GTT ACC CGT ATC GAA AAA TAC GGT GCG TTC ATC AAC CTG AAC GAA CAG GTT CGT GGT CTG CTG GCT CCG CGC CAG ATG ATC TCT CTG CGT CTG GAA AAT CTG AAT GTT GGT GAC GAA ATC ATC GTG CAG GCT ATC GAC GTT CGT CCG GAA AAA CGT GAA ATC GAC TTC AAA TAC ATC CCG,2.18607496542573
GAC GTT GAA CCG GGT AAA TTC TAC AAA GGT GTT GTT ACC CGT ATC GAA AAA TAC GGT GCG TTC ATC AAC CTC AAC GAA CAG GTT CGT GGT CTG CTG TTC CCG CGT GAC ATG ATC TCT CTG CGT CTG GAA AAC CTG AAC GTT GGT GAC GAA ATC ATC GTG CAG GCG ATC GAC GTT CGT CCG GAA AAA CGT GAA ATC TGG TTC AAA TAC ATC CCG,2.7724378667005176
GAC GTT GAA CCG GGT AAA TTC TAC AAA GGT GTT GTT ACC CGT ATC GAA AAA TAC GGT GCG TTC ATC AAC CTC AAT GAA CAG GTT CGT GGT CTG CTG CGT CCG CGT GAC ATG ATC TCT CTG CGT CTG GAA AAC CTG AAC GTT GGT GAC GAA ATC ATC GTG CAG GCG ATC GAC GTG CTG CCG GAA AAA CGT GAA ATC CGT TTC AAG TAT ATC CCG,4.487198835974048
GAC GTT GAA CCG GGT AAA TTC TAC AAA GGT GTT GTT ACC GCG ATC GAG AAA TAC GGT GCG CCG ATC AAC CTC AAC GAA CAG GTT CGT GGC CTG CTG CGT CCG CGT GAC ATG ATC TCT CTG CGT CTG GAA AAC CTG AAT GTT GGT GAC GAA ATC ATC GTT CAG GCT ATC GAT GTT CGT CCG GAA AAA CGT GAA ATC GAC TTC AAA TAC ATC CCG,0.302014919691294
GAC GTT GAA CCG GGT AAA TTC TAC AAA GGT GTT GTT ACC CGT ATC GAA AAA TAC GGT GCG TTC ATC AAC CTG AAC GAA CAG GTT CGT GGC CTC CTG CGT CCA CGT CAC ATG ATC TCT CTG CGC CTG GAA AAT CTG AAC GTT GGT GAC GAA ATC ATC GTT CAA GCG ATT GAC GTT CGT CCA GAA AAA CGT GAA ATC GAC TTC ATG TAT ATC CCG,4.259761507452018
GAC GTT GAA CCG GGT AAA TTC TAC AAA GGT GTT GTT ACC CGT ATC GAA AAA TAC GGT GCG TTC ATC AAC CTG AAC GAA CAG GTT CGT GGT CTG CTG CTC CCG CGT GAC ATG ATC TCT CTG CGT CTG GAA AAT CTG AAC GTT GGT GAC GAA ATC ATC GTT CAA GCG ATC GAT GTT CAC CCG GAA AAA CGT GAA ATC GAC TTC AAA TAC ATC CCG,2.601240259067182
GAC GTT GAA CCG GGT AAA TTC TAC AAA GGT GTT GTT ACC CGT ATC GAA AAA TAC GGT GCG TTC ATC AAC CTC AAC GAA CAG GTT CGT GGT CTG CTG CGT CCG CGT CAC ATG ATC TCT CTG CGT CTG GAA AAC CTG AAC GTT GGT GAC GAA ATC ATC GTG CAG GCG ATC GAC GTT ATG CCG GAA AAA CGT GAA ATC GAC TTC AAA TAC ATC CCG,2.746454313109004
GAT GTT GAA CCG GGT AAA TTC TAC AAA GGT GTT GTT ACC CGT ATC GAA AAA TAC GGT GCG TTC ATC AAT CTG AAC GAA CAA GTT CGT GGT CTG CTC CGT CCA CGT GAC ATG ATC TCT CTG CGT CTG GAA AAC CTG AAC GTT GGT GAC GAA ATC ATT GTT CAG GCT ATC GAC GTT CGT CCG GAA AAA CGC CCG ATC GAC TTC AAA TAC ATC CCG,2.48701768714
GAT GTT GAA CCG GGT AAA TTC TAC AAA GGT GTT GTT ACC CGT ATC GAA AAA TAC GGT GCG TTC ATC AAC CTG AAC GAG CAG GTT CGT GGT CTG CTG CGT CCA CGT GAC ATG ATC TCT CTG CGT CTG GAA AAT CTG AAT GTT GGT GAC GAA ATC ATT GTG CAG GCG ATC GAC GTT GAC CCG GAA AAA CGT GAA ATC CAC TTC AAA TAC ATC CCG,5.228518690204047
GAC GTT GAA CCG GGT AAA TTC TAC AAG GGC GTT GTT ACC TAC ATC GAA AAA TAC GGT GCG TGG ATC AAT CTG AAC GAA CAA GTT CGT GGC CTG CTG CGT CCG CGT GAC ATG ATC TCT CTG CGT CTG GAA AAC CTG AAT GTT GGT GAC GAA ATC ATC GTG CAG GCG ATC GAC GTT CGC CCG GAA AAA CGT GAA ATC GAC TTC AAA TAC ATC CCG,3.7898366531281473
GAC GTT GAA CCG GGT AAA TTC TAC AAA GGT GTT GTT ACC CGT ATC GAA AAA TAC GGT GCG TTC ATC AAC CTG AAC GAG CAG GTT CGT GGT CTG CTG CGT CCG CGT ATT ATG ATC TCT CTG CGT CTG GAA AAT CTG AAC GTT GGT GAC GAA ATC ATC GTT CAA GCG ATC GAC GTT CTG CCG GAA AAA CGT GAA ATC GAC TTC AAA TAC ATC CCG,1.5575900576307364
GAT GTT GAA CCG GGT AAA TTC TAC AAA GGT GTT GTT ACC CGT ATC GAA AAG TAC GGT GCG TTC ATC AAC CTC AAT GAG CAG GTT CGT GGT CTG CTG CGT CCA CGT CAA ATG ATC TCT CTG CGT CTG GAA AAC CTG AAT GTT GGT GAC GAA ATC ATC GTT CAG GCG ATT GAC GTT CGT CCG GAA AAA CGT GAA ATC GAC TTC AAA TAC ATC CCG,3.633297336358506
GAC GTT GAA CCG GGT AAA TTC TAC AAA GGT GTT GTT ACC CGT ATC GAA AAA TAC GGT GCG TTC ATC AAC CTG AAC GAA CAG GTT CGT GGT CTG CTG GCT CCG CGT ACC ATG ATC TCT CTG CGT CTG GAA AAT CTG AAT GTT GGT GAC GAA ATC ATC GTT CAA GCG ATC GAC GTT CGT CCG GAA AAA CGT GAA ATC GAC TTC AAA TAC ATC CCG,1.540481622836111
GAC GTT GAA CCG GGT AAA TTC TAC AAA GGT GTT GTT ACC CGT ATC GAA AAA TAC GGT GCG TTC ATC AAT CTG AAC GAA CAG GTT CGT GGT CTG CTG CTG CCA CGC GAT ATG ATC TCT CTG CGT CTG GAA AAC CTG AAC GTT GGT GAC GAA ATC ATC GTG CAG GCT ATC GAC GTT CGC CCG GAA AAA CGT GAA ATC CAG TTC AAA TAC ATC CCG,2.963915717069402
GAC GTT GAA CCG GGT AAA TTC TAC AAA GGT GTT GTT ACC CGT ATC GAA AAA TAC GGT GCG TTC ATC AAC CTC AAC GAA CAA GTG CGT GGT CTG CTG ATG CCG CGT CCG ATG ATC TCT CTG CGT CTG GAA AAC CTG AAT GTT GGT GAC GAA ATC ATC GTT CAG GCG ATC GAT GTT CGT CCG GAA AAA CGT GAA ATC GAC TTC AAA TAC ATC CCG,1.504752264892972
GAT GTT GAA CCG GGT AAA TTC TAC AAA GGT GTT GTT ACC CGT ATC GAA AAA TAC GGT GCG TTC ATC AAC CTG AAC GAA CAG GTT CGT GGC CTC CTG CGT CCG CGT CAG ATG ATC TCT CTG CGC CTG GAA AAC CTC AAT GTT GGT GAC GAA ATC ATC GTT CAA GCG ATT GAC GTT CGT CCG GAA AAA CGT GAA ATC GAC TTC TTC TAC ATC CCA,2.290500484646002
GAC GTT GAA CCG GGC AAA TTC TAC AAA GGT GTT GTT ACC CGT ATC GAA AAA TAC GGT GCG TTC ATC AAC CTC AAC GAA CAA GTT CGT GGT CTG CTG ATG CCG CGT GAC ATG ATT TCT CTG CGT CTG GAA AAT CTG AAC GTT GGT GAC GAG ATT ATT GTT CAG GCG ATC GAC GTT CGT CCG GAA AAA CGC GAG ATC ATC TTC AAA TAC ATC CCG,3.4459497656299565
GAC GTT GAA CCG GGT AAA TTC TAC AAA GGT GTT GTT ACC CGT ATC GAA AAA TAC GGT GCG TTC ATC AAC CTG AAC GAA CAG GTT CGT GGT CTG CTG CGT CCG CGT CCG ATG ATC TCT CTG CGT CTG GAA AAC CTC AAT GTT GGT GAC GAA ATC ATC GTG CAG GCG ATC GAC GTT CGT CCG GAA AAA CGT GAA ATC CCG TTC AAA TAC ATC CCG,0.6635902975446876
GAC GTT GAA CCG GGT AAA TTC TAC AAG GGT GTT GTT ACC CGT ATC GAA AAA TAC GGT GCG TTC ATC AAC CTC AAC GAA CAG GTT CGC GGT CTG CTG CGT CCG CGT CAG ATG ATC TCT CTG CGT CTG GAA AAC CTG AAC GTT GGT GAC GAA ATC ATC GTG CAG GCG ATC GAC GTT CGC CCG GAA AAA CGT GAA ATC CAG TTC AAA TAC ATC CCG,2.745342359213738
GAC GTT GAA CCG GGT AAA TTC TAC AAA GGT GTT GTT ACC CGT ATC GAA AAG TAT GGT GCG TTC ATC TAC CTC AAC GAA CAG GTT CGT GGT CTG CTG CGT CCG CGC GAC ATG ATC TCT CTG CGT CTG GAA AAC CTG AAC GTT GGT GAC GAA ATC ATC GTG CAA GCG ATC GAC GTT CGT CCG GAA AAA CGT GAA ATC GAC TTC AAA TAC ATC CCG,4.621070645211868
GAC GTT GAA CCG GGC AAA TTC TAC AAA GGT GTT GTT ACC CGT ATC GAA AAA TAC GGT GCG TTC ATC AAC CTC AAC GAA CAG GTT CGC GGT CTG CTG CGT CCG CGT GAC ATG ATC TCT CTG CGC CTG GAG AAC CTG AAT GTT GGT GAC GAA ATC ATT GTG CAG GCG ATC GAC GTT CAC CCG GAA AAA CGT GAA ATC CTG TTC AAA TAC ATC CCA,4.886839187060327
GAC GTT GAA CCG GGT AAA TTC TAC AAA GGT GTT GTT ACC CGT ATC GAA AAA TAC GGT GCG TTC ATC AAC CTC AAC GAA CAG GTT CGT GGT CTG CTG CGT CCG CGT TGG ATG ATC TCT CTG CGT CTG GAA AAC CTG AAC GTT GGT GAC GAA ATC ATC GTT CAA GCT ATC GAC GTT CGT CCG GAA AAA CGT GAA ATC GGT TTC AAA TAC ATC CCG,2.55836550201718
GAC GTT GAA CCG GGT AAA TTC TAC AAA GGT GTT GTT ACC CGT ATC GAA AAA TAC GGT GCG TTC ATC AAC CTG AAT GAA CAG GTT CGT GGT CTG CTG CGT CCA CGT TGG ATG ATC TCT CTG CGT CTG GAA AAT CTG AAC GTT GGT GAC GAA ATC ATC GTG CAG GCG ATT GAC GTT CGT CCG GAA AAA CGT GAA ATC TGG TTC AAA TAC ATC CCG,3.131369814584626
GAC GTT GAA CCG GGT AAG TTC TAC AAA GGT GTT GTT ACC AAC ATC TGG AAA TAC GGT GCG TTC ATC AAC CTG AAC GAA CAA GTT CGT GGT CTG CTG CGT CCG CGT GAC ATG ATC TCT CTG CGT CTC GAA AAC CTC AAT GTT GGC GAC GAA ATT ATC GTT CAA GCG ATT GAC GTT CGT CCG GAA AAA CGT GAA ATC GAC TTC AAA TAC ATC CCG,3.225746926601597
GAC GTT GAA CCG GGT AAA TTC TAC AAA GGT GTT GTT ACC CGT ATC GAA AAA TAC GGT GCG TTC ATC AAC CTC AAC GAG CAG GTT CGT GGT CTG CTG CAA CCG CGT TGG ATG ATC TCT CTG CGT CTG GAA AAC CTG AAT GTT GGT GAC GAA ATC ATC GTT CAG GCT ATC GAC GTT CGT CCG GAA AAA CGT GAA ATC GAC TTC AAA TAC ATC CCG,2.763715148766905
GAC GTT GAA CCG GGT AAG TTC TAC AAA GGT GTT GTT ACC CGT ATC GAA AAA TAC GGT GCG TTC ATC AAC CTG AAC GAA CAG GTT CGT GGT CTG CTG CGT CCG CGT CAC ATG ATC TCT CTG CGC CTG GAA AAT CTG AAT GTT GGT GAC GAA ATC ATC GTT CAA GCG ATC GAT GTT CGT CCG GAG AAA CGT GAA ATC AAA TTC AAA TAC ATC CCG,3.268178590358831
GAT GTT GAA CCG GGT AAA TTC TAC AAA GGT GTT GTT ACC CGT ATC GAA AAA TAC GGT GCG TTC ATC AAC CTG AAT GAG CAG GTT CGC GGT CTG CTG CGT CCG CGT TAC ATG ATC TCT CTG CGT CTG GAA AAT CTG AAC GTT GGT GAC GAA ATC ATC GTT CAG GCG ATC GAC GTT CGC CCG GAA AAA CGT GAA ATC ACC TTC AAA TAC ATC CCG,3.5268486001269164
GAC GTT GAA CCG GGT AAA TTC TAC AAA GGT GTT GTT ACC CGT ATC GAA AAA TAC GGT GCG TTC ATC AAT CTG AAC GAA CAG GTT CGT GGT CTG CTG CGT CCG CGT AAA ATG ATC TCT CTG CGT CTG GAA AAC CTG AAC GTT GGT GAC GAA ATC ATC GTT CAA GCG ATC GAC GTT CGT CCG GAA AAA CGT GAA ATC CCG TTC AAA TAC ATC CCG,1.1110922582791862
GAC GTT GAA CCG GGT AAA TTC TAC AAA GGT GTT GTT ACC CGT ATC GAA AAA TAC GGT GCG TTC ATC AAC CTC AAT GAA CAG GTT CGT GGT CTG CTG CGT CCG CGC TTC ATG ATC TCT CTG CGT CTG GAA AAC CTG AAT GTG GGT GAC GAA ATC ATC GTT CAG GCG ATC GAC GTT TTC CCG GAA AAA CGT GAA ATC GAC TTC AAA TAC ATC CCG,2.3214382981050505
GAC GTT GAA CCG GGT AAA TTC TAC AAA GGT GTT GTT ACC CGT ATC GAA AAA TAC GGT GCG TTC ATC AAC CTG AAC GAA CAG GTT CGT GGT CTG CTC CGT CCG CGT TTC ATG ATC TCT CTG CGT CTG GAG AAT CTG AAC GTT GGT GAC GAA ATC ATC GTG CAG GCG ATC GAC GTT CGT CCG GAA AAA CGT GAA ATC GAC TTC TTC TAC ATC CCG,2.804155232054024
GAC GTT GAA CCG GGT AAA TTC TAC AAG GGT GTT GTT ACC CTG ATC GAA AAA TAC GGT GCG ATG ATC AAC CTC AAT GAA CAG GTT CGT GGT CTG CTC CGT CCG CGT GAC ATG ATC TCT CTG CGC CTG GAA AAT CTG AAC GTG GGT GAC GAA ATC ATT GTG CAG GCG ATC GAC GTT CGC CCG GAA AAA CGT GAA ATC GAC TTC AAA TAC ATC CCG,2.608026554529718
GAC GTT GAA CCG GGT AAA TTC TAC AAA GGT GTT GTT ACC CGT ATC GAA AAA TAC GGT GCG TTC ATC AAC CTG AAC GAA CAG GTT CGT GGT CTG CTG CCA CCG CGC GAC ATG ATC TCT CTG CGT CTG GAA AAC CTC AAC GTG GGT GAC GAG ATT ATC GTT CAA GCG ATC GAC GTT CGT CCG GAG AAA CGC GAA ATC ATG TTC AAA TAC ATC CCG,1.996161980416046
GAT GTT GAG CCG GGT AAA TTC TAC AAA GGC GTT GTT ACC TTC ATC GAA AAA TAC GGT GCG CGT ATC AAC CTC AAT GAA CAG GTT CGT GGT CTG CTC CGT CCA CGT GAC ATG ATC TCT CTG CGC CTG GAA AAC CTG AAT GTT GGT GAC GAA ATC ATC GTT CAG GCG ATT GAT GTG CGT CCA GAA AAA CGT GAA ATC GAC TTC AAA TAC ATC CCA,2.0401470032218976
GAC GTT GAA CCG GGT AAA TTC TAC AAA GGT GTT GTT ACC CGT ATC GAA AAA TAC GGT GCG TTC ATC AAC CTG AAC GAA CAG GTT CGT GGT CTG CTG ATC CCA CGT GAC ATG ATC TCT CTG CGT CTG GAA AAT CTG AAC GTT GGT GAC GAA ATC ATC GTG CAA GCG ATC GAC GTT CGT CCG GAA AAA CGT GAA ATC GTT TTC AAA TAC ATC CCG,2.7570109716521354
GAC GTT GAA CCG GGT AAA TTC TAC AAA GGT GTT GTT ACC CGT ATC GAA AAA TAC GGT GCG TTC ATC AAT CTC AAT GAA CAG GTT CGT GGT CTG CTG CGT CCG CGT CTC ATG ATC TCT CTG CGT CTG GAA AAT CTG AAC GTT GGT GAC GAA ATC ATC GTT CAG GCG ATT GAC GTG CCG CCA GAA AAA CGT GAA ATC GAC TTC AAA TAC ATC CCG,1.3596360931922744
GAC GTT GAA CCG GGT AAA TTC TAC AAG GGT GTT GTT ACC CGT ATC GAA AAA TAC GGT GCG TTC ATC AAC CTC AAC GAA CAA GTT CGT GGT CTG CTC TCT CCG CGT AAC ATG ATC TCT CTG CGT CTG GAA AAC CTG AAC GTT GGT GAC GAA ATC ATC GTG CAG GCG ATC GAC GTT CGT CCG GAA AAA CGT GAA ATC GAC TTC AAA TAC ATC CCG,3.765339298321845
GAC GTT GAA CCG GGT AAA TTC TAC AAA GGT GTT GTT ACC CGT ATC GAA AAA TAC GGT GCG TTC ATC AAC CTG AAT GAA CAG GTT CGT GGT CTG CTG CGT CCG CGT GAC ATG ATC TCT CTG CGT CTG GAA AAT CTG AAC GTT GGT GAC GAA ATC ATC GTT CAG GCG ATC ACC GTT CGT CCG GAA AAA CGT GAA ATC GAC TTC AAA TAC ATC CCG,5.258586062246057
GAC GTT GAA CCG GGT AAA TTC TAC AAA GGT GTT GTT ACC CGT ATC GAA AAA TAC GGT GCG TTC ATC AAC CTG AAC GAA CAG GTT CGT GGT CTG CTG ACT CCA CGT GAC ATG ATC TCT CTG CGT CTG GAA AAC CTC AAT GTT GGT GAC GAA ATC ATC GTG CAG GCT ATC GAT GTT CGT CCG GAA AAA CGT GAA ATC GTT TTC AAA TAC ATC CCG,2.631762912990304
GAT GTG GAA CCG GGT AAG TTC TAC AAA GGC GTT GTG ACC TTC ATC GAA AAA TAC GGT GCG AAA ATC AAC CTC AAT GAA CAG GTT CGT GGT CTG CTG CGC CCA CGT GAC ATG ATC TCT CTG CGT CTG GAA AAC CTG AAT GTT GGT GAC GAA ATC ATC GTT CAA GCG ATC GAC GTT CGT CCG GAA AAA CGT GAA ATC GAC TTC AAA TAC ATC CCG,1.480281139675209
GAC GTG GAA CCG GGC AAA TTC TAC AAA GGT GTT GTT ACC CGT ATT GAA AAA TAC GGT GCG TTC ATC AAC CTC AAC GAA CAG GTT CGC GGT CTG CTG CGT CCG CGT GAC ATG ATC TCT CTG CGT ATC GAA AAC CTG AAT GTT GGT GAC GAA ATC ATC GTT CAA GCG ATC GAC GTT CGT CCG GAA AAA CGT GAA ATC GAC TTC AAA TAC ATC CCG,4.985470755106417
GAC GTT GAA CCG GGT AAA TTC TCT AAA GGT GTT GTT ACC CGT ATC GAA AAG TAC GGT GCG TTC ATC AAC CTG AAC GAA CAA GTT CGT GGT CTG CTG CGT CCG CGT GAC ATG ATC TCT CTG CGT CTG GAA AAC CTC AAC GTG GGT GAC GAA ATC ATC GTG CAG GCG ATC GAC GTT CGT CCG GAA AAA CGT GAA ATC GAC TTC AAA TAC ATC CCG,1.0489943998569011
GAC GTT GAA CCG GGT AAA TTC TAC AAA GGT GTT GTT ACC CGT ATC GAA AAA TAC GGT GCG TTC ATC AAC CTG AAT GAA CAG GTT CGT GGT CTG CTG CGT CCG CGT TAC ATG ATC TCT CTG CGT CTG GAA AAC CTC AAT GTT GGC GAT GAA ATC ATC GTT CAG GCG ATC GAC GTT CGT CCG GAA AAA CGT GAA ATC CCG TTC AAA TAC ATC CCG,1.5720990641722934
GAC GTT GAA CCG GGC AAA TTC TAC AAA GGT GTT GTT ACC CGT ATC GAA AAA TAC GGT GCG TTC ATC AAC CTG AAT GAA CAG GTG CGT GGT CTG CTG GTT CCG CGT GAC ATG ATC TCT CTG CGT CTG GAA AAT CTC AAT GTT GGT GAC GAA ATC ATC GTT CAG GCG ATC GAC GTT CGC CCG GAA AAA CGT GAA ATC GAA TTC AAA TAC ATC CCG,2.261187712321357
GAC GTT GAA CCG GGT AAA TTC TAC AAA GGT GTT GTT ACC CGT ATC GAA AAA TAC GGT GCG TTC ATC AAC CTC AAC GAA CAG GTT CGT GGT CTG CTG CGT CCG CGT CAG ATG ATC TCT CTG CGT CTG GAA AAC CTG AAC GTT GGT GAC GAA ATC ATC GTG CAG GCG ATC GAC GTT CGC CCG GAA AAA CGC GAA ATC TTC TTC AAA TAC ATC CCG,2.996283236520445
GAC GTT GAA CCG GGT AAA TTC TAC AAA GGT GTT GTT ACC CGT ATC GAA AAA TAC GGT GCG TTC ATC AAC CTG AAT GAA CAG GTT CGT GGT CTG CTG ATC CCG CGT GAC ATG ATC TCT CTG CGT CTG GAA AAC CTC AAC GTG GGT GAC GAA ATC ATC GTT CAG GCG ATC GAC GTT ATC CCG GAA AAA CGT GAA ATC GAC TTC AAA TAC ATC CCG,2.085755031074973
GAC GTT GAG CCG GGT AAA TTC TAC AAA GGT GTT GTG ACC GCG ATC GAG AAA TAC GGC GCG TCT ATC AAC CTC AAT GAA CAG GTT CGT GGT CTG CTG CGC CCA CGT GAT ATG ATC TCT CTC CGT CTC GAA AAC CTG AAT GTT GGC GAC GAA ATC ATC GTT CAG GCG ATT GAT GTT CGT CCG GAA AAA CGT GAA ATC GAC TTC AAA TAC ATC CCG,1.9701606487543963
GAC GTT GAA CCG GGT AAG TTC TAC AAA GGT GTT GTT ACC TCT ATC GAA AAA TAC GGT GCG GAC ATC AAT CTG AAC GAA CAG GTT CGT GGT CTG CTG CGC CCA CGT GAC ATG ATC TCT CTG CGT CTG GAA AAC CTG AAC GTT GGT GAC GAA ATC ATC GTG CAG GCG ATC GAC GTT CGT CCG GAA AAA CGT GAA ATC GAC TTC AAA TAC ATC CCG,0.8694560071422754
GAC GTT GAA CCG GGT AAA TTC TAC AAA GGT GTT GTT ACC CGT ATC GAA AAA TAC GGC GCG TTC ATC AAT CTG AAC GAA CAG GTT CGT GGT CTG CTG CGT CCA CGT GAT ATG ATC TCT CTG CGT CTG GAA AAC CTG AAC GTT GGT GAC GAA ATC ATC GTT CAA GCG ATC GAC GTG CGT CCG GAA AAA TTC GAA ATC GAC TTC AAG TAC ATT CCG,4.956955882809788
GAT GTT GAA CCG GGT AAA TTC TAC AAA GGT GTT GTT ACC CGT ATC GAA AAA TAC GGT GCG TTC ATC AAT CTC AAC GAA CAA GTT CGT GGT CTG CTC CGC CCA CGT CAG ATG ATC TCT CTG CGT CTG GAA AAC CTC AAT GTT GGT GAC GAA ATC ATC GTT CAG GCG ATT GAC GTT CGT CCG GAA AAA CGT GAA ATC GAA TTC AAA TAC ATC CCG,3.5711810416253544
GAC GTT GAA CCG GGT AAA TTC TAC AAA GGT GTT GTT ACC CGT ATC GAA AAA TAC GGT GCG TTC ATC AAC CTC AAC GAA CAG GTT CGT GGT CTG CTG TCT CCA CGT GAC ATG ATC TCT CTG CGT CTG GAA AAC CTG AAC GTT GGT GAC GAA ATC ATC GTT CAA GCG ATC GAC GTG TAC CCG GAA AAA CGT GAA ATC GAC TTC AAA TAC ATC CCG,1.6218983859036178
GAC GTT GAA CCG GGT AAA TTC TAC AAA GGT GTT GTT ACC CGT ATC GAA AAA TAC GGT GCG TTC ATC AAC CTC AAC GAA CAG GTT CGT GGT CTG CTG CGT CCG CGT GAC ATG ATC TCT CTG CGT CTG GAA AAT CTC AAT GTT GGT GAC GAA ATC ATC GTT CAG GCG ATC GAT GTT CCG CCG GAA AAA CGT GAA ATC AAA TTC AAA TAC ATC CCG,3.6467412939966
GAC GTT GAA CCG GGT AAA TTC TAC AAA GGT GTT GTT ACC CGT ATC GAA AAA TAC GGT GCG TTC ATC AAC CTC AAC GAA CAG GTT CGT GGT CTG CTG CGT CCG CGC TAC ATG ATC TCT CTG CGT CTG GAA AAC CTG AAT GTT GGT GAC GAA ATC ATC GTT CAG GCG ATT GAC GTT CGT CCG GAA AAG CGC GAA ATT TAC TTC AAA TAC ATC CCG,3.5989827705968467
GAC GTT GAA CCG GGT AAG TTC TAC AAA GGT GTT GTT ACC CGT ATC GAA AAA TAC GGT GCG TTC ATC AAC CTC AAT GAA CAG GTG CGT GGT CTG CTC ACT CCA CGT GAC ATG ATC TCT CTG CGT CTG GAA AAC CTG AAC GTT GGT GAC GAG ATT ATT GTT CAG GCG ATC GAC GTG CGT CCG GAG AAA CGC GAA ATC ATG TTC AAA TAC ATC CCG,2.659649635572128
GAC GTT GAA CCG GGT AAA TTC TAC AAA GGT GTT GTT ACC CGT ATC GAA AAA TAC GGT GCG TTC ATC AAT CTG AAC GAA CAG GTT CGT GGT CTG CTG CGT CCG CGT CGT ATG ATC TCT CTG CGT CTG GAA AAC CTG AAT GTT GGT GAC GAA ATC ATC GTT CAA GCG ATC GAC GTT ATG CCG GAA AAA CGT GAA ATC GAC TTC AAA TAC ATC CCG,1.4476178920328513
GAC GTT GAA CCG GGT AAA TTC TAC AAG GGT GTT GTT ACC CGT ATC GAA AAA TAC GGT GCG TTC ATC AAC CTG AAC GAG CAG GTT CGT GGT CTG CTG CGT CCG CGT GAC ATG ATC TCT CTG CGT CTG GAA AAC CTC AAT GTT GGT GAC GAA ATC ATT GTT CAG GCG ATC GAC GTT AAC CCG GAA AAA CGT GAA ATC CCG TTC AAA TAC ATC CCG,2.3925778637889152
GAC GTT GAA CCG GGC AAA TTC TAC AAA GGT GTT GTT ACC TAC ATC GAA AAA TAC GGT GCG TTC ATC AAC CTC AAT GAA CAG GTT CGT GGT CTG CTG CGT CCG CGC GAT ATG ATC TCT CTG CGC CTG GAA AAC CTG AAC GTT GGT GAC GAA ATC ATC GTG CAG GCG ATT GAC GTT CGT CCG GAG AAA CGT GAG ATC GAC TTC AAA TAC ATC CCG,3.657900375865132
GAC GTT GAA CCG GGT AAA TTC TAC AAA GGT GTT GTT ACC CGT ATC GAA AAA TAC GGT GCG TTC ATC AAC CTC AAC GAA CAG GTT CGT GGT CTG CTG CGT CCG CGT CAC ATG ATC TCT CTG CGT CTG GAA AAC CTG AAC GTT GGT GAC GAA ATC ATC GTT CAA GCG ATC GAC GTT TTC CCG GAA AAA CGT GAA ATC GAC TTC AAA TAC ATC CCG,3.121370907933973
GAC GTT GAA CCG GGT AAA TTC TAC AAA GGT GTT GTT ACC CGT ATC GAA AAA TAC GGT GCG TTC ATC AAC CTG AAC GAA CAG GTT CGT GGT CTG CTG GAC CCG CGT ATT ATG ATC TCT CTG CGT CTG GAA AAC CTC AAT GTT GGT GAC GAA ATC ATC GTG CAG GCG ATC GAC GTT CGT CCG GAA AAA CGT GAA ATC GAC TTC AAA TAC ATC CCG,1.8939955181859829
GAC GTT GAG CCG GGT AAA TTC TAC AAA GGT GTT GTT ACC AAC ATC CGT AAA TAC GGT GCG TTC ATC AAT CTG AAC GAA CAG GTT CGT GGT CTG CTG CGT CCG CGT GAC ATG ATC TCT CTG CGT CTG GAA AAC CTG AAC GTT GGT GAC GAA ATC ATC GTT CAA GCG ATC GAC GTT CGT CCG GAA AAA CGT GAA ATC GAC TTC AAA TAC ATC CCG,3.709081264601569
GAC GTT GAA CCG GGT AAA TTC TAC AAA GGT GTT GTT ACC CGT ATC GAA AAA TAC GGT GCG TTC ATC AAC CTC AAC GAA CAG GTT CGT GGT CTG CTG CGT CCG CGT GAC ATG ATC TCT CTG CGT CTG GAA AAC CTG AAT GTT GGT GAC GAA ATC ATC GTG CAA GCG ATC GAC GTT TTC CCG GAA AAA CGT GAA ATC CGT TTC AAA TAC ATC CCG,4.686770648453679
GAC GTT GAA CCG GGC AAA TTC TAC AAA GGT GTT GTT ACC CGT ATC GAA AAA TAC GGT GCG TTC ATC AAC CTG AAC GAA CAA GTT CGT GGT CTG CTG CGT CCG CGT GAC ATG ATC TCT CTG CGT CTG GAA AAC CTC AAT GTG GGT GAC GAA ATC ATT GTT CAG GCG ATC GAT GTT CTC CCG GAA AAA CGT GAA ATC CTG TTC AAA TAC ATC CCG,3.997377701524069
GAC GTT GAG CCG GGT AAA TTC TAC AAA GGT GTT GTT ACC CGT ATC GAA AAA TAC GGT GCG TTC ATC AAC CTC AAC GAA CAG GTG CGT GGT CTG CTC CGT CCG CGC GAC ATG ATC TCT CTG CGT CTG GAG AAC CTG AAC GTT GGT GAC GAA ATC ATC GTT CAA GCT ATC GAC GTT CGT CCA GAA AAA CGT GAA ATC GAC TTC AAA GAC ATC CCG,2.4348117172875257
GAC ATC GAA CCG GGT AAA TTC TAC AAA GGT GTT GTT ACC CGT ATC GAA AAA TAC GGT GCG TTC ATC AAC CTC AAT GAA CAG GTT CGT GGT CTG CTG CGT CCG CGT GAC ATG ATC TCT CTG CGC CTG GAA AAC CTG AAT GTT GGT GAC GAA ATC ATC GTT CAG GCG ATT GAC GTT CGT CCG GAA AAA CGT GAA ATC GAC TTC AAA TAC ATC CCG,6.532114712533768
GAC GTT GAA CCG GGT AAA TTC TAC AAA GGT GTT GTT ACC TCT ATC GAC AAG TAC GGT GCG TTC ATC AAC CTG AAT GAA CAG GTT CGT GGT CTG CTG CGT CCG CGT GAC ATG ATC TCT CTG CGT CTG GAA AAT CTG AAC GTG GGT GAC GAA ATC ATC GTT CAG GCG ATC GAC GTG CGC CCA GAG AAA CGT GAA ATC GAC TTC AAA TAC ATC CCG,3.6324607895852647
GAC GTT GAA CCG GGT AAA TTC TAC AAA GGT GTT GTT ACC CGT ATC GAA AAA TAC GGT GCG TTC ATC AAC CTC AAC GAA CAG GTT CGT GGT CTG CTG GTT CCG CGT GAC ATG ATC TCT CTG CGT CTG GAA AAC CTG AAC GTT GGT GAC GAA ATC ATC GTG CAG GCG ATC GAC GTT TGG CCG GAA AAA CGT GAA ATC GAC TTC AAA TAC ATC CCG,2.147782412374906
