sequence,label
CCG GCG CAC CCG TAC AAC CGT CTG TAC ACC ACC TCT ACC GAC CCG GTT TCC GAC ATC GAC GTT ACC CGT CGT GAA GCG TAC CTC TCT TCT GAG GAA TTC AAG GAA AAG TTC GGC ATG ACC AAA GAA GCG TTC TAC AAA CTG CCG AAA TGG AAA CAG AAC AAA TTC AAA ATG GCG GTT CAG CTG TTC,0.3905916492662122
CCG GCG CAC CCG TAC GAC CGT CTG AAA ACC ACC TCT ACC GAC CCG GTT TCT GAC ATC GAC GTT ACC CGT CGT CCG GCG TAC CTG TCT TCC GAG GAG TTC AAA GAA AAA TTC GGT ATG ACC AAG GAA GCG TTC CAC AAA CTG CCG AAA TGG AAG CAG AAC AAA TTC AAA ATG GCG GTT CAG CTG TTC,0.4982270621801103
CCG GCG CAC CCG TAC GAC CGT CTG AAA ACC ACC TCT ACC GAC CCG GTT TCT GAC ATC GAC GTT ACC AAA CGT ATC GCG TAC CTG TCC TCT GAA GAA TTC AAA GAG AAG TTC GGC ATG ACC AAG GAG GCG TTT TAC AAA CTG CCG AAA TGG AAG CAG AAC AAG TTC AAG ATG GCT GTT CAG CTG TTC,0.8508718368020406
CCG GCG CAC CCG TAC GAC CGT CTG AAA ACC ACC TCT ACC GAC CCG GTT TCT GAC ATC GAC GTT ACC CGT CGT GTT GCG TAC CTG TCC TCT GAG GAA TTC AAA GAA AAA TTC GGC ATG ACC AAG GAA GCG TTC GTT AAG CTG CCG AAA TGG AAA CAG AAC AAA TTC AAG ATG GCG GTG CAG CTG TTC,0.5524244697592946
CCA GCG CAC CCG TAC GAC TCT CTG AAA ACC ACC TCT ACC AAC CCG GTT TCT GAC ATC GAC GTT ACC CGT CGT GAA GCG TAC CTG TCT TCC GAA GAA TTC AAG GAA AAA TTC GGC ATG ACC AAA GAG GCG TTC TAC AAA CTG CCG AAA TGG AAA CAG AAC AAA TTC AAA ATG GCG GTT CAG CTG TTC,1.064173695731881
CCG GCG CAC CCG TAC GAC CGT CTG AAA ACC ACC TCT ACC GAC CCG GTT TCT GAT ATC GAC GTT ACC CGT CGT AAA GCG TAC CTG TCT TCC GAG GAA TTC AAA GAG AAA TTC GGT ATG ACC AAG GAA GCG TTC TAC AAG CTG CCG AAA TGG AAG CAG AAT AAG TTC GAG ATG GCT GTT CAG CTG TTC,0.5974067560607849
CCG GCG CAC CCG TAC GAC CGT CTG AAA ACC ACC TCT ACC GAC CCG GTT TCT GAT ATC GAC GTT ACC GAA CGT GAA GCG TAC CTG TCC TCC GAG GAA TTC AAG GAA AAA TTC GGC ATG ACC AAA GAA GCG TTC TAC AAA CTG CCG AAA TGG AAA CAG AAC AAG TTC ATG ATG GCG GTT CAG CTG TTC,0.8789617045886402
CCG GCT CAC CCG TAC GCT CGT CTG ACC ACC ACC TCT ACC GAC CCG GTT TCT GAC ATT GAC GTT ACC CGT CGT GAA GCG TAC CTG TCT TCT GAG GAG TTC AAG GAA AAG TTC GGC ATG ACC AAA GAG GCT TTC TAC AAA CTG CCG AAA TGG AAA CAG AAC AAA TTC AAA ATG GCG GTT CAG CTG TTC,0.5818859873389046
CCG GCG CAT CCA TAC GAC CGT CTC AAG ACT ACT TCC ACC GAC CCA GTG TCC GAC ATC GAC GTT ACC GCG CGT GAA GCT TAC CTG TCT TCT GAA GAG TTC AAG GAA AAG TTC GGC ATG ACC AAG GAG GCG TTT TAC AAA CTC CCG AAA TGG AAG CAG AAC AAG TTC ATC ATG GCT GTT CAA CTG TTC,0.8441736643996158
CCG GCT CAC CCG TAC GAC CGT CTG AAA ACC ACC TCT ACC GAC CCA GTT TCT GAC ATC GAC GTT ACC ATG CGT GTT GCG TAC CTG TCC TCC GAA GAG TTC AAA GAA AAG TTC GGT ATG ACC AAA GAA GCG TTC TAC AAG CTG CCG AAA TGG AAA CAG AAC AAA TTC AAA ATG GCG GTT CAG CTG TTC,0.9209126082924296
CCG GCG CAC CCG TAC GAC CGT CTG AAA ACC ACC TCT ACT GAC CCG GTT TCT GAC ATT GAC GTT ACC CGC CGT GAA GCG GAC CTC TCT TCT GAG GAG TTC AAA GAA AAA TTC GGC ATG ACC AAA GAG GCT TTC TAC AAA CTG CCG AAA TGG AAA CAG AAC AAA TTC AAA ATG GCG GTT CAG CTG TTC,0.6641687267500846
CCG GCT CAC CCG TAC AAA CGT CTG AAC ACC ACC TCT ACC GAC CCG GTT TCT GAC ATC GAC GTT ACC CGT CGC GAA GCG TAT CTG TCC TCT GAA GAA TTC AAG GAA AAG TTC GGC ATG ACC AAA GAA GCG TTC TAC AAA CTG CCG AAA TGG AAG CAG AAC AAA TTC AAA ATG GCT GTG CAG CTG TTC,-4.681988740157213
CCG GCG CAC CCG TAC GAC CGT CTG AAA ACC ACC TCT ACC GAC CCG GTT TCT GAC ATC GAC GTT ACC ATG CGT ACC GCG TAC CTG TCT TCT GAA GAA TTC AAG GAA AAG TTC GGC ATG ACC AAA GAA GCG TTC TAC AAA CTG CCG AAA TGG AAA CAG AAC AAA TTC AAA ATG GCG GTT CAG CTG TTC,0.94632132719612
CCG GCG CAC CCG TAC GAC CGT CTG AAA ACC ACC TCT ACC GAC CCG GTT TCT GAC ATT GAC GTT ACC CGT CGT CTG GCG TAC CTG TCT TCT GAG GAA TTC AAG GAA AAG TTC GGT ATG ACC AAG GAA GCG TTC ACC AAA CTG CCG AAA TGG AAA CAG AAC AAA TTC AAA ATG GCG GTT CAG CTG TTC,0.7510013805800826
CCG GCG CAC CCG TAC GAC CGT CTG AAA ACC ACC TCT ACC GAC CCG GTT TCT GAC ATC TCT GTT ACC CGT CGT GAA GCG TAC CTG TCC TCT GAG GAG TTC AAA GAA AAA TTC GGT ATG ACC AAG GAG GCG TTC TAC AAA CTG CCG AAA TGG AAA CAG AAC AAA TTC AAG ATG GCG GTT CAG CTG TTT,0.6137810644689599
CCA GCG CAC CCG TAC GAC CGT CTG AAA ACT ACC TCT ACC GAT CCG GTT TCT GAC ATC GAC GTT ACC CGC CGT GAA GCG TAC CTG CAC TCC GAA ATC TTC AAG GAG AAA TTC GGC ATG ACC AAA GAG GCG TTC TAC AAA CTC CCG AAA TGG AAA CAG AAC AAG TTC AAA ATG GCT GTT CAG CTG TTC,0.4447131481408146
AAT GCG CAC CCG TAC GAC CGT CTG AAA ACC ACC TCT ACC GAC CCG GTT TCT GAT ATT GAC GTT ACC CGT CGT GAA GCG TAC CTG TCC TCT GAA GAA TTC AAG GAA AAA TTC GGC ATG ACC AAG GAA GCG TTT TAC AAG CTG CCG AAG TGG AAA CAG AAC AAA TTC AAA ATG GCG GTT CAG CTG TTC,1.1590019828299645
CCG GCG CAT CCG TAC GAC CGT CTG AAA ACC ACC TCT ACC GAC CCG GTT TCC GAC ATC GAC GTT ACT CCG CGT GAA GCG TAC CTG TCC TCC GAA GAA TTC AAA GAA AAA TTC GGC ATG ACC AAG GAG GCT TTT TAC AAG CTG CCG AAG TGG AAA CAG AAC AAA TTC CGT ATG GCG GTT CAG CTG TTC,0.8478742872793474
CCG GCG CAT CCG TAT CAT CGT CTG GGT ACC ACT TCT ACC GAC CCG GTT TCT GAC ATT GAC GTT ACC CGC CGT GAG GCG TAC CTG TCT TCT GAG GAA TTC AAG GAG AAG TTT GGC ATG ACT AAA GAG GCG TTC TAC AAA CTG CCG AAG TGG AAA CAG AAC AAA TTC AAA ATG GCG GTT CAG CTG TTT,0.3485415597444249
CCG GCG CAT CCA TAC GAC CGT CTG AAA ACT ACC TCT ACC GAC CCG GTT TCT GAT ATC GAC GTT ACC CGT CGT GAA GCG TAC CTG CCG TCC GAA TCC TTC AAA GAG AAA TTC GGT ATG ACC AAA GAA GCG TTC TAC AAA CTC CCG AAA TGG AAG CAG AAC AAA TTC AAA ATG GCG GTT CAG CTG TTC,0.2728059962464119
CCG GCG CAC CCG TAC GAC CGT CTG AAA ACC ACC TCT ACC GAC CCG GTT TCT GAC ATC GAC GTT ACC CGT CGT GAA GCG TAC CTG TCC TCC GAG GAG TTC TTC GAG AAA TTC GGT ATG ACC AAA GAA GCG TTC TAC AAA CTC CCG AAA TGG AAG CAG AAC AAA TTC AAA ATG GCG GTT CAG CTG TTC,1.6657552242233322
CCG GCG CAT CCG TAC GAC AAC CTG AAA ACC ACC TCT ACC ACT CCG GTT TCT GAT ATC GAC GTT ACC CGT CGT GAA GCG TAC CTG TCC TCC GAG GAA TTC AAG GAA AAA TTC GGT ATG ACC AAA GAG GCG TTC TAC AAA CTG CCG AAA TGG AAA CAG AAC AAG TTC AAA ATG GCG GTT CAG CTG TTC,0.8975776396784334
CCA GCT CAC CCG TAC GAC CGT CTG AAA ACC ACC TCT ACC GAC CCG GTG TCT GAT ATC GAC GTT ACC CGT CGT GAA GCG TAC CTG TCC TCC GAA GAG TTC AAA GAA AAG TTC GGT ATG ACC AAA GAA GCG TTC TAC AAA CTG CCG AAA TGG AAA CAG AAC CGT TTC AAA ATG GCT GTT CAG CTG TTC,1.305594785223316
CCG GCG CAC CCA TAC GAC CGT CTG AAA ACC ACC TCT ACC GAC CCG GTT TCT GAC ATC ACC GTT GAC CGT CGT GAG GCT TAT CTG TCC TCC GAA GAA TTC AAG GAA AAA TTC GGC ATG ACC AAA GAA GCG TTT TAC AAA CTG CCG AAA TGG AAA CAG AAC AAG TTC AAG ATG GCG GTT CAG CTG TTC,0.6747061128472298
CCA GCG CAC CCG TAC GAC CGT CTG AAA ACC ACC TCT ACC GAT CCG GTT TCT GAC ATC GAC GTT ACT CGT CGT CAC GCG TAC CTG TCT TCT GAA GAA TTC AAG GAG AAG TTT GGC ATG ACC AAG GAA GCG TTC TAT AAA CTC CCG AAG TGG AAA CAG AAC AAA TTC GCG ATG GCG GTT CAG CTG TTC,1.23464867924109
CCG GCG CAC CCG TAC GAC CGC CTG AAA ACC ACC TCT ACC GAC CCG GTT TCT GAC ATC GAC GTT ACC AAC CGT CTG GCG TAC CTC TCT TCT GAA GAG TTC AAA GAA AAG TTC GGT ATG ACC AAG GAG GCG TTC TAC AAA CTG CCG AAA TGG AAA CAG AAC AAA TTC AAA ATG GCG GTT CAG CTG TTT,0.8173395101353256
CCG GCT CAC CCG CGT GAC CGT CTG AAA ACC ACC TCT ACC GAT CCA GTT TCT GAT ATC GAC GTT ACC CGT CGC GAA GCG TAC CTC TCT TCT GAG GAA TTC AAG GAG AAA TTC GGC ATG ACC AAG GAG GCT TTT TAC AAA CTG CCG AAA TGG AAA CAG AAC AAA TTC AAA ATG GCT GTT CAG CTG TTC,0.4876574957106734
CCG GCG CAC CCG TAC GAC CGT CTG AAA ACC ACC TCT ACC GAC CCG GTT TCT GAC ATC GAC GTT ACC TGG CGT GAA GCG TAC CTG TCT TCT GAA GAA TTC AAG GAG AAG TTC GGT ATG ACC AAA GAG GCG TTC CGT AAG CTG CCG AAA TGG AAA CAG AAC AAA TTC AAA ATG GCG GTT CAG CTG TTC,0.7452012732428492
CCG GCG CAT CCG TAC GAC CGT CTG AAA ACC ACC TCT ACC GAC CCG GTG TCT GAC ATC GAC GTT ACC CGT CGT GAA GCG TAC CTG TCC TCT GAA GAA TTC AAG GAG AAG TTC GGC ATG ACC AAA GAA GCG TTC TAC AAA CTG CCG AAA TGG AAA CAG AAC ATC TTC AAA ATG GCG GTG CAG CTG TTC,1.343814283477306
CCA GCG CAT CCG TAC TGC CGT CTG CGT ACC ACC TCT ACC GAC CCA GTT TCT GAC ATC GAC GTT ACC CGC CGT GAA GCG TAT CTC TCC TCT GAA GAG TTC AAG GAA AAA TTC GGT ATG ACC AAG GAG GCG TTC TAC AAA CTC CCA AAG TGG AAA CAG AAC AAG TTC AAA ATG GCG GTG CAG CTG TTT,1.135309032842392
CCG GCG CAC CCG TAC GAC CGT CTG AAA ACC ACC TCT ACC GAC CCG GTT TCT GAC ATC GAC GTT ACC ACT CGT GCG GCG TAT CTG TCT TCT GAG GAA TTC AAA GAG AAA TTC GGC ATG ACC AAG GAA GCG TTC TAC AAA CTG CCG AAA TGG AAA CAG AAC AAG TTC AAA ATG GCG GTT CAA CTC TTC,0.6425002852115509
CCG GCG CAC CCG TAC GAC CGT CTG AAA ACC ACC TCT ACC GAC CCG GTT TCT GAC ATC GAC GTT ACC TGG CGT GAA GCG TAC CTG TCT TCT GAA GAG TTC AAG GAG AAA TTC GGT ATG ACC AAA GAG GCG TTT ATG AAA CTG CCG AAA TGG AAA CAG AAC AAA TTC AAA ATG GCG GTT CAG CTG TTC,0.6848275503508316
CCG GCG CAT CCG TAC GAC CGT CTG AAA ACC ACC TCT ACC GAT CCG GTT TCT GAT ATC GAC GTT ACC CGT CGT GAA GCG TAC CTG TCC TCT GAA GAA TTC AAG GAA AAG TTC GGT ATG ACC AAG GAG GCG TTT GCG AAA CTG CCG AAA TGG AAA CAG AAC AAA TTC ACC ATG GCT GTT CAG CTG TTT,0.5507633495284865
CCA GCG CAC CCG TAC GAC CGC CTG AAA ACC ACC TCT ACC GAC CCG GTT TCT GAC ATC TGC GTT GAC CGT CGT GAA GCG TAC CTC TCT TCT GAA GAG TTC AAG GAA AAA TTC GGT ATG ACC AAG GAA GCG TTC TAT AAA CTG CCG AAA TGG AAA CAG AAC AAA TTC AAA ATG GCG GTG CAG CTG TTC,1.2339897338640928
CCG GCG CAC CCG TAC GAC CGT CTG AAA ACC ACT TCT ACC GAC CCG GTT TCT GAC ATC GAC GTT ACC CGT CGT GAA GCG TAC CTG TCC TCC GAA GAA TTC AAG GAA AAG TTC AAC ATG ACC AAG GAA GCG TTC TAC AAG CTG CCG AAA TGG AAG CAG AAC AAA TTC AAA ATG GCG GTT CAG CTG TTC,1.0790187457662213
CCG GCG CAC CCA TAC GAC CAC CTC AAA ACT ACC TCT ACC CGT CCG GTT TCT GAC ATC GAC GTT ACC CGC CGT GAA GCG TAT CTC TCC TCT GAG GAA TTC AAA GAA AAA TTC GGC ATG ACC AAA GAG GCT TTC TAC AAG CTG CCG AAA TGG AAA CAG AAC AAG TTC AAA ATG GCG GTT CAG CTG TTC,1.051917775510106
CCG GCG CAC CCG TAC GAC CGT CTG AAA ACC ACC TCT ACC GAC CCG GTT TCT GAC ATC GAC GTT ACC CTG CGT GAA GCG TAC CTC TCT TCT GAG GAG TTC AAG GAA AAA TTC GGT ATG ACC AAA GAG GCG TTC TCT AAA CTG CCG AAA TGG AAG CAG AAC AAA TTC AAG ATG GCG GTT CAA CTG TTC,0.765650059988751
CCG GCG CAC CCG TAC GAC CGT CTG AAA ACC ACC TCT ACC GAC CCG GTT TCT GAC ATT GAT GTT ACC CGT CGC GAG GCG TAT CTG TCT TCT GAG GAA TTC AAG GAG AAA TTC GGT ATG ACC AAA GAG GCG TTC GAC AAA CTG CCG AAA TGG AAA CAG AAC AAA TTC CGT ATG GCG GTT CAG CTG TTC,0.6708894737101732
CCG GCT CAC CCG TAC TAC CGT CTG ATC ACC ACC TCT ACC GAT CCA GTT TCT GAT ATC GAC GTT ACC CGC CGT GAG GCG TAC CTC TCT TCT GAG GAG TTC AAA GAA AAA TTC GGC ATG ACC AAG GAG GCG TTC TAT AAG CTG CCG AAA TGG AAA CAG AAC AAA TTC AAA ATG GCT GTT CAG CTG TTC,1.0418880434327318
CCG GCG CAC CCG TAC GAC CGT CTG AAA ACC ACC TCT ACT GAC CCG GTT TCT GAC ATC GAC GTT ACT CGT CGT CCG GCG TAC CTG TCT TCC GAG GAG TTC AAG GAA AAG TTC GGT ATG ACC AAG GAA GCG TTT CCG AAA CTG CCG AAA TGG AAA CAG AAC AAA TTC AAA ATG GCG GTT CAG CTG TTC,0.0780176456796155
CCG GCG CAT CCA TAC GAC CGT CTG AAA ACC ACC TCT ACC GAT CCA GTT TCT GAC ATC GAC GTT ACC CGT CGT CAG GCG TAC CTG TCT TCT GAA GAG TTC AAG GAA AAA TTC GGC ATG ACC AAA GAA GCG TTC TGG AAA CTG CCG AAG TGG AAA CAG AAC AAA TTC AAA ATG GCG GTT CAG CTG TTC,0.6162952135014477
CCG GCG CAC CCG TAC GAC CGT CTG AAA ACC ACC TCT ACT GAC CCG GTT TCT GAC ATT GAC GTT ACC CGC CGT GAA GCG TAC CTG TCT TCC GAG GAA TTC AAA GAA AAG TTC GGC ATG ACC AAA GAA GCG TTC TAC AAA CTG CCG AAA TGG AAA CAG AAC AAA TTC AAG ATG GCG GTG GCG CTG TTC,1.180520688840737
CCG GCT CAT CCG TAC GAC CGT CTG AAA ACC ACC TCT ACC GAC CCG GTT TCC GAC ATT GAC GTT ACT TTC CGC GAA GCG TAC CTG TCC TCT GAG GAA TTC AAG GAA AAG TTC GGT ATG ACC AAG GAA GCG TTT TAC AAG CTC CCA AAA TGG AAA CAG AAC AAA TTC CGT ATG GCT GTT CAG CTG TTC,1.0115687877095652
CCG GCG CAC CCG TAC GAC CGT CTG AAA ACC ACC TCT ACC GAC CCG GTT TCT GAC ATC GAC GTT ACC CGT CGT GAA GCG TAC CTG TCC TCT GAA GAA TTC AAG GAA AAG TTC GGT ATG ACC AAA GAA GCG TTC TAC AAG CTG CCG AAA TGG AAG CAG AAC AAA TTC TGC ATG GCT GTG CAG CTC TTC,1.189131856584257
CCG GCG CAC CCG TAC GAC CGT CTG AAA ACC ACC TCT ACC GAC CCG GTT TCT GAT ATC GAC GTT ACC GGT CGT CAG GCG TAC CTG TCT TCT GAG GAG TTC AAG GAA AAA TTC GGT ATG ACC AAA GAG GCG TTC TAC AAA CTG CCG AAA TGG AAA CAG AAC AAA TTC AAA ATG GCG GTT CAG CTG TTC,0.8495291519574937
CCG GCG CAC CCG TAC GAC CGT CTG AAA ACC ACC TCT ACC GAC CCG GTT TCT GAC ATC GAC GTT ACC AAA CGT GAA GCG TAC CTG TCC TCC GAA GAA TTC AAG GAG AAG TTC GGT ATG ACC AAA GAG GCG TTC TAC AAA CTG CCG AAA TGG AAA CAG AAC AAA TTC GTT ATG GCT GTT CAG CTG TTC,0.7226596000362625
CCG GCT CAC CCG TAC GAC CGT CTG AAA ACC ACC TCT ACC GAC CCG GTT TCT GAC ATC GAC GTT ACC CGT CGT ATG GCG TAC CTC TCT TCC GAA GAG TTC AAG GAA AAA TTC GGC ATG ACC AAA GAA GCG TTT ATG AAA CTG CCG AAG TGG AAA CAG AAC AAA TTC AAA ATG GCT GTT CAG CTG TTC,0.881325148174113
CCA GCG CAC CCG TAT GAC CGT CTG AAA ACC ACC TCT ACC GAC CCG GTT TCT GAC ATC GAC GTT ACC CGT CGT GAA GCG TAC CTG TGC TCT GAA CAG TTC AAA GAA AAA TTC GGC ATG ACC AAG GAA GCG TTC TAT AAA CTG CCG AAA TGG AAG CAG AAC AAA TTC AAG ATG GCG GTG CAG CTG TTC,0.7518850499707207
CCA GCG CAC CCA TAC GAC AAG CTG AAA ACC ACT TCT ACC CAT CCG GTT TCT GAT ATC GAC GTT ACC CGT CGT GAA GCG TAC CTG TCT TCC GAA GAG TTC AAA GAA AAA TTC GGC ATG ACC AAA GAG GCG TTC TAC AAA CTG CCG AAG TGG AAG CAG AAC AAA TTC AAA ATG GCG GTT CAG CTG TTC,0.7416092723118128
CCG GCT CAC CCG TAC GAC CGT CTG AAA ACC ACC TCT ACC GAC CCG GTT TCT GAC ATC GAC GTT ACC TCT CGT GAA GCG TAC CTG TCT TCC GAA GAA TTC AAA GAA AAG TTC GGC ATG ACC AAA GAA GCG TTC TAC AAA CTG CCG AAA TGG AAA CAG AAC AAA TTC CAC ATG GCG GTG CAG CTG TTC,0.599181230322615
CCG GCG CAC CCG TAC GAC CGT CTG AAA ACC ACC TCT ACC GAC CCG GTT TCT GAC ATC GAC GTT ACC CGT CGT GAA GCT TAC CTG TCT TCT GAA GAG TTT AAG GAG GGT TTC GGT ATG ACC AAA GAG GCG TTC TAC AAA CTG CCG AAA TGG AAA CAG AAC AAA TTC AAA ATG GCG GTT CAG CTG TTC,0.2950751132707361
CCA GCT CAC CCA TAC GAC CGC CTG AAG ACC ACC TCT ACC GAC CCG GTT TCT GAC ATT GAC GTT ACC CGC CGT GAA GCG TAC CTG CAC TCC GAG AAC TTC AAA GAA AAA TTC GGT ATG ACC AAG GAG GCG TTC TAC AAA CTG CCG AAA TGG AAA CAG AAC AAG TTC AAA ATG GCG GTG CAA CTG TTC,0.3592932975649621
CCG GCG CAC CCG TAC GAC CGT CTG AAA ACC ACC TCT ACC GAC CCG GTT TCT GAC ATC AAA GTT CTC CGT CGT GAG GCG TAC CTG TCT TCT GAA GAA TTC AAG GAA AAG TTC GGC ATG ACC AAA GAG GCT TTC TAC AAA CTG CCG AAA TGG AAA CAG AAC AAA TTC AAA ATG GCG GTT CAG CTG TTT,0.4793152786228216
CCG GCG CAT CCG TAC GAC CGT CTG AAA ACC ACC TCT ACC GAT CCA GTT TCT GAC ATC GAC GTT ACC CGT CGT GAA GCG TAC CTG TCT TCC GAG GAA TTC AAG GAA AAG TTC GGT ATG ACC AAG GAG GCG TTC CTG AAA CTG CCG AAG TGG AAA CAG AAC AAA TTC TAC ATG GCG GTT CAG CTG TTC,0.8748901803093896
CTG GCG CAC CCG TAC GAC CGT CTG AAG ACT ACC TCT ACC GAC CCG GTT TCT GAC ATC GAC GTT ACC CGT CGT GAA GCG TAC CTG TCC TCT GAG GAA TTC AAA GAA AAG TTC GGC ATG ACC AAA GAA GCG TTC TAC AAA CTG CCG AAG TGG AAG CAG AAC AAA TTC AAG ATG GCG GTG CAG CTG TTC,1.2594407629944036
CCA GCT CAC CCG TAC GAC CGT CTG AAA ACC ACC TCT ACC GAT CCG GTT TCT GAC ATC GAC GTT ACC CGT CGT ATC GCG TAC CTG TCC TCT GAG GAA TTC AAG GAA AAA TTC GGC ATG ACC AAG GAA GCG TTC TAC AAA CTG CCG AAG TGG AAA CAG AAC AAA TTC TTC ATG GCG GTT CAG CTG TTC,1.1593886050430302
CCG GCG CAC CCG TAC GAC CGT CTG AAA CCG ACT TCT ACC GAC CCG GTT TCT GAC ATC GAC GTG ACC CGT CGC GAA GCG TAC CTC TCC TCT GAG GAG TTC AAA GAG AAG TTT GGC ATG ACC AAA GAA GCG TTC TAC AAG CTG CCG AAA TGG AAG CAG AAC AAA TTC AAA ATG GCG GTT CAG CTG TTC,0.5502586595295064
CCG GCT CAC CCG TAC GAC ATC CTG AAA ACC ACC TCT ACC AAC CCG GTT TCT GAT ATC GAC GTT ACC CGT CGT GAA GCG TAC CTG TCT TCT GAA GAG TTC AAG GAA AAA TTC GGC ATG ACC AAA GAA GCG TTC TAC AAA CTG CCG AAG TGG AAA CAG AAC AAA TTC AAA ATG GCG GTT CAG CTG TTC,0.8966853914015143
CCG GCG CAC CCG TAC GAC CGT CTG AAA ACC ACC TCT ACC GAT CCG GTT TCT GAC ATC GAC GTT ACC GTT CGT GAA GCG TAC CTG TCT TCC GAA GAG TTC AAA GAG AAA TTT GGC ATG ACC AAA GAA GCG TTC TGG AAA CTG CCG AAA TGG AAA CAG AAC AAA TTC AAA ATG GCG GTT CAG CTG TTC,0.5738803140162497
CCG GCG CAC CCG TAC GAC CGT CTG AAA ACC ACC TCT ACC GAC CCG GTT TCT GAC ATC GAC GTT ACC ACT CGT GAA GCG TAC CTG TCT TCT GAG GAA TTC AAG GAA AAG TTC GGT ATG ACC AAG GAA GCG TTT TAC AAA CTG CCG AAA TGG AAA CAG AAC AAG TTT GAA ATG GCG GTT CAG CTG TTC,0.3684220705774974
CCG GCT CAC CCG TAC GAC CGT CTG AAA ACC ACC TCT ACC GAC CCA GTT TCT GAC ATC GCG GTT ATG CGT CGT GAA GCG TAC CTC TCT TCC GAA GAG TTC AAA GAG AAA TTC GGT ATG ACC AAG GAA GCG TTC TAC AAG CTG CCG AAG TGG AAA CAG AAC AAA TTC AAA ATG GCG GTT CAG CTG TTC,0.4014908774324667
CCA GCT CAC CCG TAC GAC CGT CTG AAA ACC ACC TCT ACC GAC CCG GTG TCT GAC ATC GAC GTT ACC CGT CGT GAA GCG TAC CTG TCC TCT GAG GAA TTC AAG GAG AAA TTC GGC ATG ACC AAA GAA GCG TTC TAC ACC CTC CCG AAA TGG AAA CAG AAC AAA TTC AAA ATG GCG GTT CAG CTG TTC,1.1631719225563582
CCA GCG CAC CCG TAC GAC CGT CTG AAA ACT ACC TCT ACC GAT CCG GTT TCT GAC ATC GAC GTT ACC TGG CGC GAG GCG TAC CTG TCC TCT GAG GAA TTC AAA GAA AAG TTC GGT ATG ACC AAG GAA GCG TTC TAC AAA CTG CCG AAA TGG AAA CAG AAC AAA TTC CTG ATG GCG GTT CAG CTG TTC,0.8144255763955444
CCA GCG CAC CCG TAC GAC CGT CTG AAA ACC ACC TCT ACC GAC CCG GTT TCT GAC ATC GAC GTT ACT CGT CGT TCT GCT TAC CTG TCT TCT GAG GAG TTC AAG GAA AAG TTC GGT ATG ACC AAA GAA GCG TTC TCT AAG CTC CCA AAG TGG AAA CAG AAC AAG TTC AAA ATG GCG GTT CAG CTG TTC,0.5521371355018805
CCG GCG CAC CCG TAC GAC CGT CTG AAA ACC ACC TCT ACC GAT CCG GTT TCT GAC ATC GAC GTT ACC CGT CGT GAA GCG TAC CTG TCC TCT GAA GAG TTC AAG GAA AAA TTC GGC ATG ACC AAA GAA GCG TTC GTT AAA CTG CCG AAG TGG AAA CAG AAC AAA TTC AAA ATG GCG GTT CAG CTG TTC,0.7489921795531072
CCG GCT CAC CCG TAC GAC CGT CTG AAA ACC ACC TCT ACC GAT CCA GTT TCT GAC ATT GAC GTT ACC CGT CGT TCT GCG TAC CTG TCT TCT GAA GAG TTC AAA GAA AAG TTC GGC ATG ACC AAA GAG GCG TTC TAC AAA CTG CCG AAA TGG AAA CAG AAC AAA TTC AAA ATG GCG GTG CAG CTG TTC,0.7352215459281117
CCG GCG CAC CCG TAC GAC CGT CTG AAA ACC ACC TCT ACT GAC CCG GTT TCT GAC ATC GAA GTT TTC CGT CGT GAA GCG TAC CTC TCC TCT GAG GAG TTC AAG GAA AAA TTC GGT ATG ACC AAA GAG GCT TTC TAC AAA CTG CCG AAG TGG AAA CAG AAC AAA TTC AAA ATG GCG GTT CAG CTG TTC,0.5233495199944656
CCA GCT CAC CCG TAC GAC CGC CTG AAA ACC ACT TCT ACC GAC CCG GTT TCT GAC ATC GAC GTT ACT GAC CGC GAG GCG TAT CTG TCT TCC GAA GAG TTC AAG GAG AAG TTC GGC ATG ACC AAA GAG GCG TTC TAC AAA CTG CCG AAA TGG AAA CAG AAC AAA TTC CAG ATG GCG GTT CAG CTG TTC,0.3999633770387011
CCG GCG CAC CCG TAC GAC CGT CTG AAA ACC ACT TCT ACC GAC CCG GTT TCT GAC ATC CTG GTT TGG CGT CGT GAG GCG TAC CTG TCT TCT GAA GAA TTC AAG GAA AAA TTC GGC ATG ACC AAA GAG GCG TTC TAC AAA CTG CCG AAA TGG AAA CAG AAC AAA TTC AAA ATG GCG GTG CAG CTG TTC,-0.0642822738455871
CCG GCG CAC CCG TAC GAC CGT CTG AAA ACT ACC TCT ACC GAC CCG GTT TCT GAC ATC GAC GTT ACT CGT CGT GGT GCG TAC CTC TCT TCT GAA GAG TTC AAA GAG AAG TTC GGC ATG ACC AAA GAG GCG TTT AAG AAA CTG CCG AAA TGG AAA CAG AAT AAG TTC AAG ATG GCG GTT CAG CTG TTC,0.661204025421642
CCG GCG CAC CCG TAC GAC CGT CTG AAA ACC ACC TCT ACC GAC CCA GTT TCT GAC ATC GAC GTT ACC CGT CGT GAA GCG TAC CTC GAT TCT GAA CAG TTC AAG GAA AAA TTC GGC ATG ACC AAA GAA GCG TTC TAC AAA CTC CCG AAG TGG AAA CAG AAC AAG TTC AAA ATG GCG GTT CAG CTG TTC,0.6656191915583738
CCG GCT CAT CCG TAC ACC CGT CTG TCT ACC ACC TCT ACC GAT CCG GTT TCT GAT ATC GAC GTT ACC CGT CGC GAA GCG TAT CTG TCC TCC GAA GAG TTC AAG GAA AAA TTC GGT ATG ACC AAA GAG GCG TTC TAC AAA CTC CCG AAG TGG AAG CAG AAC AAA TTC AAA ATG GCG GTT CAG CTG TTC,0.0340772101876924
CCG GCT CAT CCA TAC GAC CGT CTC AAG ACC ACC TCT ACC GAC CCG GTT TCT GAC ATC GAC GTT ACT CCA CGT GAA GCG TAC CTG TCT TCC GAA GAA TTC AAG GAA AAG TTC GGC ATG ACC AAA GAG GCG TTC TAC AAA CTG CCG AAA TGG AAA CAG AAC AAA TTC CAG ATG GCT GTT CAG CTG TTC,0.3240475633181272
CCA GCG CAC CCG TAC GAC CGC CTG AAG ACC ACC TCT ACT GAC CCG GTT TCC GAC ATC GAC GTT ACC CGC CGT ACC GCT TAT CTG TCC TCT GAG GAA TTC AAA GAG AAG TTC GGT ATG ACC AAG GAA GCG TTC TAC AAA CTG CCG AAA TGG AAA CAG AAC AAA TTC GTT ATG GCG GTT CAG CTG TTC,0.861172180171277
CCA GCG CAC CCG TAC GAC CGT CTG AAA TTC ACC TCT ACC GAC CCG GTT TCT GAC ATC GAC GTT ACC CGT CGT GAA GCG TAC CTC TCT TCC GAA GAA TTC AAG GAA AAA TTC GGC ATG ACC AAA GAG GCG TTC TAC AAA CTG CCG AAA TGG AAA CAG AAC AAA TTC AAA ATG GCG GTT CAG CTG TTC,0.8791005576551767
CCG GGT CAC CCA TAC GAC CGT CTG AAA ACT ACC TCT ACC GAT CCG GTG TCC GAC ATT GAC GTG ACT CGC CGT GAA GCG TAC CTG TCT TCC GAA GAA TTC AAG GAA AAG TTC GGC ATG ACC AAA GAA GCG TTT TAC AAA CTG CCG AAA TGG AAA CAG AAC AAG TTC AAG ATG GCG GTT CAG CTG TTC,1.074809474588824
CCG GCG CAC CCG TAC TCT CGT CTG ATG ACC ACC TCT ACC GAC CCG GTT TCT GAC ATC GAC GTT ACC CGT CGT GAA GCG TAC CTG TCT TCC GAG GAG TTC AAG GAG AAA TTC GGT ATG ACC AAA GAA GCT TTT TAC AAA CTG CCG AAG TGG AAA CAG AAC AAA TTC AAA ATG GCG GTT CAG CTG TTC,-0.0236655069899959
CCG GCG CAC CCG TAC GAC CGT CTG AAA ACC ACC TCT ACC GAC CCG GTT TCT GAC ATC GAC GTT ACC CGT CGT AAC GCG TAC CTG TCC TCC GAA GAA TTC AAA GAA AAA TTC GGC ATG ACC AAG GAA GCG TTT TAC AAA CTG CCG AAG TGG AAA CAG AAC AAA TTC TCT ATG GCG GTT CAG CTG TTC,0.6778787905080896
CCA GCT CAC CCG TAC GAC CGT CTG AAA ACC ACC TCT ACC GAT CCG GTT TCT GAC ATC GAC GTT ACC CGT CGT AAA GCG TAC CTG TCT TCC GAG GAG TTC AAA GAA AAA TTC GGT ATG ACC AAG GAA GCG TTC ACC AAA CTG CCG AAA TGG AAA CAG AAC AAA TTC AAA ATG GCG GTT CAG CTG TTC,0.5848306923698923
CCG GCG CAC CCG TAC GAC CGT CTG AAA ACC ACC TCT ACC GAC CCG GTT TCT GAT ATC GAC GTT ACT CGT CGT GAA GCG TAC CTG CAG TCT GAA CGT TTC AAA GAA AAG TTC GGT ATG ACC AAG GAG GCG TTC TAC AAA CTG CCG AAA TGG AAA CAG AAC AAA TTC AAA ATG GCG GTT CAG CTG TTC,0.0628920470437657
CCG GCG CAC CCG TAC GAC CGT CTG AAA ACC ACC TCT ACC GAC CCG GTT TCT GAC ATC GAC GTT ACC CGT CGT CAG GCG TAC CTG TCT TCC GAG GAA TTC AAG GAA AAG TTC GGT ATG ACC AAG GAA GCG TTC GGC AAA CTG CCG AAG TGG AAA CAG AAC AAA TTC AAA ATG GCG GTG CAA CTC TTC,0.593571089039035
CCA GCG CAC CCG TAC GAC CGT CGT AAA ACC ACC TCT ACC GAT CCA GTT TCC GAC ATC GAC GTT ACC CGT CGT GAA GCG TAC CTG TCC TCC GAG GAA TTC AAA GAG AAA TTC GGC ATG ACC AAA GAA GCG TTC TAC AAG CTG CCG AAA TGG AAA CAG AAC AAG TTC AAA ATG GCG GTT CAG CTG TTC,-0.1592453988853033
CCG GCG CAC CCG TAC GAC CGT CTG AAA ACC ACC TCT ACC GAC CCG GTT TCT GAC ATC GAC GTT ACC ATC CGT GAA GCG TAC CTG TCT TCC GAG GAA TTC AAA GAA AAG TTC GGC ATG ACC AAA GAA GCG TTC CCG AAA CTG CCG AAA TGG AAA CAG AAC AAA TTC AAG ATG GCG GTG CAG CTG TTT,-2.460537398884944
CCG GCG CAT CCA TAC GAC CGT CTG AAA ACC ACC TCT ACC GAC CCG GTT TCC GAC ATC GAC GTT ACC CGC CGT GAA GCG TAC CTG TCT TCC GAG GAA TTC AAA GAG AAG TTC GGT ATG ACC AAG GAG GCG TTC CTG AAG CTG CCG AAA TGG AAA CAG AAC AAA TTC TGG ATG GCG GTT CAA CTG TTC,1.266362328795856
CCG GCG CAC CCG TAC GAC CGT CTG AAA ACC ACC TCT ACC GAC CCG GTT TCT GAC ATC GAC GTT ACC CAG CGT AAC GCG TAC CTG TCT TCT GAA GAA TTC AAG GAA AAG TTC GGT ATG ACC AAA GAG GCG TTC TAC AAA CTG CCG AAA TGG AAG CAG AAC AAA TTC AAA ATG GCG GTT CAG CTG TTC,0.6250410945766007
CCG GCG CAC CCG TAC GAC CGT CTG AAA ACC ACC TCT ACC GAT CCA GTT TCT GAC ATC GAC GTT ACC AAC CGT GAA GCG TAC CTG TCT TCT GAG GAG TTC AAG GAG AAA TTT GGT ATG ACC AAA GAG GCT TTC TAC AAA CTG CCG AAA TGG AAA CAG AAC AAA TTC GCG ATG GCT GTT CAG CTC TTC,0.5346746340731043
CCG GCT CAC CCG TAC GAC CGT CTG AAA ACC ACC TCT ACC GAC CCG GTT TCT GAC ATC GAC GTT ACT GAC CGT GAA GCG TAC CTG TCT TCT GAA GAA TTC AAA GAG AAG TTC GGC ATG ACC AAG GAA GCG TTC GGT AAA CTG CCG AAA TGG AAA CAG AAC AAG TTC AAA ATG GCG GTT CAG CTG TTC,0.4867720016059164
CCG GCT CAC CCG TAC GAC CGC CTG AAA ACC ACC TCT ACC GAC CCG GTT TCT GAC ATC GAC GTT ACC CGT CGC TGG GCG TAC CTG TCT TCT GAA GAG TTC AAA GAG AAG TTC GGT ATG ACC AAA GAG GCG TTC AAA AAG CTG CCG AAA TGG AAG CAG AAC AAG TTC AAG ATG GCT GTT CAG CTG TTC,0.6176267092306786
CCG GCT CAC CCG TAC GAC CGT CTG AAA ACC ACC TCT ACC GAC CCG GTT TCT GAC ATC GAC GTT ACC CGT CGT TTC GCG TAC CTG TCT TCT GAG GAA TTC AAG GAG AAG TTC GGC ATG ACC AAA GAA GCG TTC TAC AAA CTG CCG AAA TGG AAA CAG AAC AAA TTC GAG ATG GCG GTT CAG CTG TTC,0.9745132978834892
CCA GCG CAC CCG TAC GAC CGT CTG AAA ACT ACC TCT ACC GAC CCA GTT TCT GAC ATC GCT GTT AAC CGT CGT GAA GCG TAC CTG TCT TCT GAG GAA TTC AAA GAA AAG TTC GGC ATG ACC AAG GAA GCG TTC TAC AAA CTG CCG AAA TGG AAA CAG AAC AAA TTC AAG ATG GCG GTT CAG CTG TTC,0.4697537136544026
CCG GCT CAC CCG TAT GAT CGT CTG AAA ACC ACC TCT ACT GAC CCA GTT TCT GAC ATC GAC GTT ACC CGT CGT AAC GCG TAC CTG TCC TCT GAA GAA TTC AAG GAG AAA TTT GGC ATG ACC AAA GAG GCG TTT TAC AAA CTG CCG AAG TGG AAA CAG AAC AAA TTC AAC ATG GCG GTT CAG CTG TTC,0.4048902720357301
CCG GCT CAC CCG TAC GAC CGT CTG AAA ACC ACC TCT ACC GAC CCG GTT TCT GAC ATC GAC GTT ACC ATG CGT GAA GCG TAC CTG TCT TCC GAA GAA TTC AAA GAA AAA TTC GGC ATG ACC AAA GAG GCG TTC TAC AAA CTG CCG AAA TGG AAA CAG AAC AAA TTC CAC ATG GCG GTT CAG CTG TTC,0.5989596751576307
CCG GCT CAC CCG TAC CAC CGC CTG CGC ACT ACC TCT ACC GAC CCG GTT TCT GAC ATT GAC GTT ACC CGT CGT GAA GCG TAC CTG TCC TCT GAG GAA TTC AAA GAA AAG TTC GGC ATG ACC AAA GAG GCG TTT TAC AAA CTG CCG AAA TGG AAA CAG AAC AAG TTC AAA ATG GCG GTT CAG CTG TTC,0.1547425807543684
CCG GCG CAC CCG TAC GAC CGT CTG AAA ACC ACC TCT ACC GAC CCG GTT TCT GAC ATT GAC GTT ACC CGT CGT ACC GCT TAC CTG TCT TCT GAG GAG TTC AAG GAA AAG TTC GGT ATG ACC AAA GAA GCG TTT GAG AAA CTG CCG AAA TGG AAA CAG AAC AAA TTC AAA ATG GCG GTT CAG CTG TTC,0.7209563706723716
CCG GCG CAC CCG TAC GAC CGT CTG AAA ACC ACC TCT ACC GAC CCG GTT TCT GAC ATC GAC GTG ACC ATG CGT GAA GCG TAC CTC TCC TCT GAG GAG TTC AAG GAG AAG TTC GGT ATG ACC AAA GAA GCG TTC TAC AAA CTG CCG AAA TGG AAA CAG AAC AAA TTC AAC ATG GCG GTT CAA CTG TTC,0.4935435144833567
CCG GCG CAC CCG TAT GAC CGT CTG AAA ACT ACC TCT ACC GAC CCA GTT TCT GAC ATC GAC GTT ACC CAG CGT GAA GCG TAC CTG TCT TCC GAA GAG TTC AAG GAA AAA TTC GGC ATG ACC AAA GAA GCG TTC TAC AAA CTG CCG AAA TGG AAA CAG AAC AAA TTC AAA ATG GCT GTT CAG CTG TTC,1.1573285367144588
CCG GCG CAC CCG TAC GAC GGT CTG AAG ACT ACC TCT ACT CCG CCG GTT TCT GAC ATC GAC GTT ACC CGC CGT GAA GCG TAC CTG TCC TCC GAA GAG TTC AAG GAG AAG TTT GGT ATG ACC AAA GAG GCG TTC TAC AAA CTG CCG AAA TGG AAA CAG AAC AAG TTC AAA ATG GCG GTT CAG CTG TTC,0.7137929711681021
CCG GCG CAC CCG TAC GAC CGT CTG AAA ACC ACC TCT ACC GAC CCG GTT TCT GAC ATC TTC GTT GCG CGT CGT GAA GCG TAC CTG TCT TCT GAA GAG TTC AAG GAA AAG TTC GGC ATG ACC AAA GAA GCG TTT TAC AAA CTG CCG AAA TGG AAA CAG AAC AAG TTC AAA ATG GCT GTT CAG CTG TTC,0.4456713734862693
CCA GCG CAC CCG TAC GAC CGT CTG AAA ACC ACC TCT ACC GAC CCA GTT TCT GAT ATC GAC GTT ACC CGT CGT GAA GCG TAC CTG TCC TCT GAG GAG TTC AAA GAG AAG TTC GGT ATG ACC AAA GAA GCG TTC GTT AAA CTG CCG AAG TGG AAA CAG AAC AAA TTC TCT ATG GCG GTT CAA CTG TTC,0.3340207568143349
CCA GCG CAC CCG TAC GAC CGT CTG AAA ACC ACC TCT ACC GAC CCG GTT TCT GAC ATC GAC GTT ACC CGT CGC GAA GCT TAC CTG TCC TCT GAA GAG TTC AAG GAG AAA TTC GGC ATG ACC AAA GAG GCG TTC CAG AAA CTG CCG AAA TGG AAA CAG AAC AAA TTC CCG ATG GCG GTT CAG CTG TTC,0.5437465254454121
CCA GCG CAC CCG TAC GAC CGT CTG AAA ACC ACC TCT ACC GAC CCG GTT TCC GAC ATC GAC GTT ACC CGC CGT GAG GCT TAC CTG TCC TCT GAA GAA TTC AAG GAA AAG TTC GGT ATG ACC AAG GAA GCG TTC TAC AAA CTG CCG AAA TGG AAG CAG AAC AAA TTC AAA ATG GAG GTG CAG CTC TTC,1.3428578899636832
CCG GCG CAC CCG TAC GAC CGT CTG AAA ACC ACT TCT ACC GAC CCG GTT TCT GAC ATC GAC GTT ACC CAG CGT GAA GCG TAC CTG TCT TCC GAA GAA TTC AAG GAG AAG TTC GGT ATG ACC AAA GAG GCG TTC CTG AAA CTG CCG AAA TGG AAA CAG AAC AAA TTC AAA ATG GCG GTT CAA CTG TTC,0.7786156385041875
CCG GCG CAC CCG TAC GAC CGT CTG AAA ACT ACC TCT ACC GAC CCG GTT TCT GAC ATT GAC GTT ACC CGT CGT GAG GCG TAC CTG TCT TCT GAG GAA TTC AAG GAG AAA TTC GGT ATG ACC AAG GAA GCG TTC AAC AAA CTG CCG AAA TGG AAA CAG AAC AAA TTC AAC ATG GCG GTT CAG CTG TTC,0.2087312356838407
CCG GCG CAT CCG TAC GAC CGT CTG CCG ACC ACC TCT ACC GAC CCG GTT TCT GAT ATC GAT GTT ACC CGT CGT GAG GCG TAC CTG TCT TCC GAA GAG TTC AAA GAG AAG TTC GGC ATG ACC AAG GAG GCT TTC TAC AAA CTG CCG AAA TGG AAA CAG AAC AAA TTC AAA ATG GCG GTG CAG CTC TTC,0.8642178597182313
CCG GCG CAC CCG TAC GAC CGT CTG AAA ACC ACC TCT ACC GAC CCG GTT TCT GAC ATC GAC GTT ACC CGT CGT GAA GCG TAC CTC TCT TCT GAA GAA TTC AAG GAG AAG TTC GGC ATG ACC AAA GAA GCG TTC TAC AAA CTC CCG TGC TGG AAA CAG AAC AAA TTC AAA ATG GCT GTT CAG CTG TTT,1.4005919761017855
CCG GCG CAC CCG TAC GAC CGT CTG AAA ACC ACC TCT ACC GAC CCG GTT TCT GAC ATC GAC GTT ACC TTC CGT GAA GCG TAC CTG TCT TCT GAA GAA TTC AAG GAA AAA TTC GGC ATG ACC AAA GAA GCG TTC TAC AAA CTG CCA AAA TGG AAA CAG AAC AAA TTC GTT ATG GCG GTT CAG CTG TTC,0.9374370994813546
CCG GCG CAC CCG TAC GAC CGT CTG AAA ACC ACC TCT ACC GAC CCG GTT TCT GAC ATC GAC GTT ACC CGT CGT ATC GCG TAC CTG TCT TCC GAG GAA TTC AAG GAA AAA TTC GGT ATG ACC AAG GAA GCG TTC GGT AAA CTG CCG AAA TGG AAA CAG AAC AAA TTC AAA ATG GCG GTT CAG CTG TTC,0.8397424881806875
CCG GCT CAC CCG TAC GAC CGT CTG AAA ACC ACC TCT ACC GAC CCA GTT TCT GAC ATC GAC GTT ACC CGT CGC CTG GCG TAC CTG TCT TCT GAA GAG TTC AAG GAA AAG TTC GGT ATG ACC AAG GAA GCG TTT TAC AAG CTG CCG AAA TGG AAA CAG AAC AAA TTC GTT ATG GCG GTT CAG CTG TTC,1.1819115041234438
CCG GCG CAC CCG TAC GAC TCT CTG AAA ACC ACC TCT ACC CGC CCA GTT TCT GAC ATC GAC GTT ACC CGT CGC GAA GCG TAC CTG TCC TCT GAG GAA TTC AAG GAG AAG TTC GGT ATG ACC AAA GAG GCG TTC TAC AAG CTG CCG AAA TGG AAA CAG AAC AAA TTC AAA ATG GCT GTT CAG CTG TTC,0.8410020392562488
CCG GCT CAC CCG TAC GAC CGT CTG AAA ACC ACC TCT ACC GAC CCA GTT TCT GAC ATC GAC GTT ACC ACT CGT GAA GCG TAC CTC TCT TCT GAA GAA TTC AAG GAG AAG TTT GGC ATG ACC AAG GAG GCG TTT ATG AAA CTG CCG AAA TGG AAA CAA AAC AAA TTC AAA ATG GCG GTT CAG CTG TTT,0.700370593474928
CCG GCG CAC CCG TAC GAC CGT CTG AAA ACT ACC TCT ACC GAC CCG GTT TCT GAC ATC GAC GTT ACC CGT CGT CCA GCG TAC CTG TCC TCC GAA GAA TTC AAA GAG AAA TTC GGC ATG ACC AAG GAA GCG TTC TCT AAA CTG CCG AAA TGG AAA CAG AAC AAG TTC AAA ATG GCG GTT CAG CTG TTC,0.6578819435170525
CCA GCG CAC CCG TAT GGT CGT CTG GTT ACT ACC TCT ACC GAC CCG GTT TCT GAT ATC GAC GTT ACC CGT CGT GAA GCG TAC CTG TCC TCC GAA GAG TTC AAG GAG AAA TTC GGC ATG ACT AAG GAG GCG TTC TAC AAA CTC CCG AAG TGG AAA CAG AAC AAA TTC AAA ATG GCG GTG CAG CTG TTC,0.4635088230376613
CCG GCG CAC CCG TAC GAC CGT CTG AAA ACC ACC TCT ACC GAC CCG GTT TCT TAC ATC GAC GTT ACC CGT CGC GAG GCT TAC CTC TCT TCT GAA GAG TTC AAG GAA AAA TTC GGT ATG ACC AAG GAA GCG TTC TAC AAA CTG CCG AAA TGG AAA CAG AAC AAA TTC AAA ATG GCG GTT CAG CTG TTT,0.8043940157119904
CCG GCG CAC CCG TAC GAC AAA CTC AAA ACC ACC TCT ACC TGC CCG GTT TCT GAC ATC GAC GTT ACC CGT CGT GAA GCG TAC CTG TCT TCC GAA GAG TTC AAG GAA AAG TTC GGC ATG ACC AAA GAA GCG TTT TAC AAA CTG CCG AAA TGG AAG CAG AAC AAA TTC AAA ATG GCT GTT CAG CTG TTC,1.4211859209503594
CCG GCG CAC CCG TAC GAC CGT CTG AAA ACC ACC TCT ACC GAC CCG GTT TCT GAC ATC GAA GTT GAA CGT CGT GAG GCT TAC CTG TCT TCT GAG GAG TTC AAA GAA AAA TTC GGC ATG ACC AAA GAG GCG TTC TAC AAA CTG CCG AAA TGG AAA CAG AAC AAA TTC AAA ATG GCG GTT CAG CTG TTC,0.5978459753264113
CCG GCG CAC CCG TAT GAT ACC CTG AAA ACC ACC TCT ACC ACT CCG GTT TCT GAC ATC GAC GTT ACT CGT CGT GAA GCG TAC CTG TCC TCT GAA GAG TTT AAG GAA AAA TTC GGT ATG ACC AAG GAG GCG TTC TAC AAA CTG CCG AAA TGG AAA CAA AAC AAA TTC AAA ATG GCG GTG CAG CTG TTC,0.9854098253213844
CCG GCG CAC CCG TAC GAC CGT CTG AAA ACC ACC TCT ACT GAC CCG GTT TCT GAC ATT GAC GTT ACC CGT CGC GAA GCG TAC CTC ATG TCC GAG TCC TTT AAG GAG AAA TTC GGT ATG ACC AAG GAG GCG TTC TAC AAA CTG CCG AAA TGG AAA CAG AAC AAA TTC AAA ATG GCG GTT CAG CTG TTC,0.2862467814975148
CCG GCG CAC CCG TAC GAC CGT CTG AAA ACT ACC TCT ACC GAT CCG GTT TCT GAC ATC GAC GTT ACC CGT CGT GAA GCG TAC CTC TCT TCC GAG GAA TTC AAG GAG AAA TTC GGT ATG ACT AAA GAG GCG TTC TGC AAA CTG CCG AAA TGG AAG CAG AAC AAA TTC AAA ATG GCG GTG CAA CTC TTC,0.9404050109776226
CCA GCG CAC CCG TAC CCA CGC CTG CTG ACC ACC TCT ACT GAC CCG GTT TCC GAC ATC GAC GTT ACT CGT CGC GAG GCG TAC CTG TCT TCT GAG GAG TTC AAA GAA AAA TTC GGC ATG ACC AAA GAA GCG TTC TAC AAA CTG CCG AAA TGG AAA CAG AAC AAA TTC AAA ATG GCG GTT CAG CTG TTC,0.3998374742146033
CCG GCG CAC CCG TAC GAC CGT CTG AAA ACC ACC TCT ACC GAC CCG GTT TCT GAC ATC GAC GTT ACC CGT CGT GAC GCG TAC CTC TCC TCT GAG GAA TTC AAA GAA AAA TTC GGC ATG ACC AAG GAA GCG TTC TAC AAA CTG CCG AAA TGG AAA CAG AAC AAG TTC GTT ATG GCG GTG CAG CTC TTC,0.7692385262952044
CCG GCT CAT CCG TAC GAC CGT CTG AAA ACC ACC TCT ACC GAC CCG GTT TCT GAC ATC GAC GTT ACC CGT CGT ATG GCT TAC CTC TCT TCC GAA GAA TTC AAA GAA AAG TTC GGC ATG ACC AAG GAA GCG TTC TAC AAA CTG CCG AAA TGG AAA CAG AAC AAA TTC CTG ATG GCT GTT CAG CTG TTC,1.0344130295283114
CCG GCG CAC CCG TAC GAC CGT CTG AAA ACC ACT TCT ACC GAC CCG GTT TGG GAT ATC GAC GTT ACC CGT CGT GAG GCG TAC CTC TCT TCT GAG GAG TTC AAA GAA AAA TTC GGC ATG ACT AAA GAG GCG TTC TAC AAA CTG CCG AAA TGG AAA CAG AAC AAA TTC AAA ATG GCT GTT CAG CTG TTC,1.3080165419901335
CCA GCG CAC CCG TAC GAC CGT CTG AAG ACC ACC TCT ACC GAT CCG GTG TCT GAC ATC GAC GTT ACC CGT CGT TCT GCG TAC CTG TCT TCT GAG GAA TTC AAG GAA AAG TTC GGC ATG ACC AAA GAG GCG TTC TAC AAA CTG CCG AAA TGG AAA CAG AAC AAA TTC GAG ATG GCG GTT CAG CTG TTC,0.5149988812831189
CCG GCG CAC CCG TAC CTG CGT CTG TCT ACC ACC TCT ACC GAC CCG GTG TCT GAC ATC GAC GTT ACC CGT CGC GAA GCG TAC CTC TCT TCT GAA GAG TTC AAG GAG AAA TTC GGC ATG ACC AAA GAA GCG TTC TAC AAA CTG CCG AAA TGG AAA CAG AAC AAA TTC AAA ATG GCG GTT CAG CTG TTC,0.3494125979836555
CCG GCT CAC CCG TAC GAC CGT CTG AAA ACC ACC TCT ACC GAC CCG GTT TCT GAC ATC GAC GTT ACC CGT CGT GAA GCG TAC CTC ACC TCC GAA GAA TTC AAG GAG AAA TTC GGT ATG ACC AAA GAG GCT TTC TAC AAG CTC CCG AAA TGG AAG CAG AAC AAA TTC AAA ATG GCG GTT CAG CTG TTC,1.3123142611313403
CCG GCT CAC CCG TAC GAC ATC CTG AAG ACC ACC TCT ACC TGC CCG GTT TCT GAC ATC GAC GTT ACC CGT CGT GAA GCG TAC CTG TCT TCC GAA GAG TTC AAG GAG AAA TTT GGC ATG ACC AAA GAA GCG TTT TAC AAA CTG CCG AAG TGG AAA CAG AAC AAA TTC AAA ATG GCG GTG CAG CTG TTC,1.1008684675820417
CCG GCG CAC CCG TAC GAC CGT CTG AAA ACC ACC TCT ACC GAC CCG GTT TCT GAC ATC GAC GTT ACC TGG CGT ACT GCG TAC CTG TCT TCT GAG GAA TTC AAA GAA AAA TTC GGC ATG ACC AAA GAG GCG TTC TAC AAA CTG CCG AAA TGG AAA CAG AAC AAG TTC AAA ATG GCT GTT CAG CTG TTC,0.672831218994487
CCA GCG CAC CCG TAC GAC CGT CTG AAA ACC ACC TCT ACC GAC CCA GTT TCT GAC ATC GAC GTT ACC ATG CGT GAA GCG TAC CTG TCC TCT GAA GAG TTC AAA GAG AAG TTC GGT ATG ACC AAA GAA GCT TTC CAC AAA CTG CCG AAA TGG AAA CAG AAC AAA TTC AAA ATG GCG GTG CAG CTG TTT,0.6273265840437118
CCA GCG CAC CCG TAC GAC CGT CTG AAA ACC ACC TCT ACC GAC CCG GTT TCT GAC ATC GAC GTT ACC ATG CGC GAA GCG TAC CTG TCT TCC GAA GAG TTC AAA GAG AAG TTC GGT ATG ACC AAG GAG GCG TTC ATC AAA CTG CCG AAA TGG AAA CAG AAC AAA TTC AAG ATG GCT GTT CAG CTG TTC,0.6162556184483705
CCG GCT CAC CCG TAC GCT CGC CTC TTT ACC ACC TCT ACC GAC CCG GTG TCT GAC ATT GAC GTT ACC CGT CGT GAA GCG TAC CTG TCC TCC GAG GAA TTC AAG GAA AAA TTT GGT ATG ACC AAG GAG GCG TTC TAC AAA CTG CCG AAA TGG AAA CAG AAC AAA TTC AAA ATG GCG GTT CAG CTG TTC,-0.3487538910396486
CCG GCG CAC CCG TAC GAC CGT CTG AAA ACC ACC TCT ACC GAC CCG GTT TCT GAC ATC GAC GTT ACT TCT CGT GAA GCG TAC CTG TCT TCT GAG GAA TTC AAG GAA AAA TTC GGC ATG ACC AAA GAA GCG TTC CCG AAA CTG CCG AAA TGG AAA CAG AAC AAA TTC AAA ATG GCG GTT CAG CTG TTC,-1.1859153537833134
CCG GCT CAC CCG TAC GAC CGT CTG AAA ACC ACC TCT ACC GAC CCG GTT TCT GAC ATC GAC GTT ACC CGT CGT GAA GCG TAC CTG TCC TCT GAA GAA TTC AAG GAG AAG TTC GGC ATG ACC AAA GAA GCG TTC CTG AAA CTG CCG AAA TGG AAA CAG AAC AAA TTC GAC ATG GCG GTG CAG CTG TTC,0.2276157888404251
CCG GCG CAC CCG TAC GAC CGT CTG AAA ACC ACC TCT ACC GAT CCG GTT TCT GAC ATC GAC GTT ACT CGT CGT GAA GCG TAC CTG GAC TCT GAG GCG TTC AAG GAG AAA TTC GGT ATG ACC AAA GAA GCG TTT TAC AAA CTG CCG AAA TGG AAA CAG AAC AAA TTC AAA ATG GCT GTT CAG CTG TTC,0.7949447742023308
CCG GCG CAC CCG TAC GAC CGT CTG AAA ACC ACC TCT ACT GAC CCG GTT TCT GAC ATC GAC GTT ACC CAG CGT TGG GCG TAC CTG TCT TCT GAG GAA TTC AAA GAG AAA TTC GGC ATG ACC AAA GAG GCG TTC TAC AAA CTG CCG AAA TGG AAA CAG AAC AAA TTC AAG ATG GCG GTT CAG CTG TTC,0.6398077443736245
CCA GCG CAC CCG TAC GAC CGT CTG AAA ACC ACC TCT ACC GAT CCA GTT TCT GAC ATT GAC GTT ACC CGT CGT TTC GCG TAC CTC TCT TCT GAA GAG TTC AAA GAG AAG TTT GGC ATG ACC AAA GAG GCG TTC TAC AAA CTG CCG AAA TGG AAA CAG AAC AAA TTC ACT ATG GCG GTT CAG CTG TTC,0.695499011938328
CCA GCG CAT CCG TAC GAC TTT CTG AAA ACC ACC TCT ACC ATG CCG GTT TCT GAC ATC GAC GTT ACC CGT CGT GAA GCT TAC CTC TCC TCT GAA GAG TTC AAG GAG AAA TTC GGT ATG ACC AAG GAA GCG TTC TAC AAA CTG CCG AAG TGG AAA CAG AAC AAA TTC AAG ATG GCG GTT CAG CTG TTC,0.7322663043875816
CCA GCG CAC CCG TAC GAC CGT CTG AAA ACC ACC TCT ACC GAC CCG GTT TCT GAC ATC GAC GTT ACC CGT CGT GAA GCG TAC CTG TCC TCC GAA GAA TTC AAA GAA AAA TTC GGC ATG ACC AAA GAA GCG TTC CTG AAA CTG CCG AAA TGG AAA CAG AAC AAA TTC CAG ATG GCG GTG CAG CTG TTT,0.6661555005243762
CCG GCG CAC CCG TAC GAC CGT CTG AAA ACC ACC TCT ACC GAT CCG GTG TCT GAT ATC GAC GTT ACC CGC CGT GAA GCG TAC CTG TCT TCC GAA GAA TTC AAG GAG AAA TTC GGC ATG ACC AAA GAG GCG TGG TAC AAA CTG CCG AAA TGG AAA CAG AAC AAA TTC AAA ATG GCG GTT CAG CTG TTC,0.7334600423963071
CCG GCG CAT CCG TAT CTG CGT CTG GGC ACC ACC TCT ACC GAC CCG GTT TCT GAT ATC GAC GTT ACC CGT CGC GAA GCT TAC CTG TCC TCC GAG GAA TTC AAA GAG AAA TTC GGT ATG ACC AAG GAA GCG TTC TAC AAA CTG CCG AAA TGG AAA CAG AAC AAG TTC AAA ATG GCG GTT CAG CTG TTC,0.2110195176173051
CCG GCG CAC CCG TAC GAC CGT CTG AAA ACC ACC TCT ACC GAC CCG GTT TCT GAC ATC GAC GTT ACC CGT CGT TCC GCG TAC CTG TCT TCC GAA GAG TTC AAA GAA AAG TTC GGC ATG ACC AAA GAA GCG TTC TAC AAA CTG CCG AAA TGG AAA CAG AAC AAG TTC ACC ATG GCG GTT CAG CTG TTC,0.6828615231338979
CCG GCG CAT CCA TAC GAC CGT CTG AAA ACC ACC TCT ACC GAT CCG GTT TCT GAC ATC GAC GTT ACC CGT CGC GAA GCG TAT CTG TCC TCC GAA GAA TTC AAG GAA AAG TTC GGT ATG ACC AAG GAA GCG TTC TAC AAA CTG CCG AAA TGG AAA CAG AAC AAG TTC AAG ATG GCG GTT GTG CTG TTC,0.6591462331407933
CCG GCG CAC CCG TAC GAC CGT CTG AAA ACT ACC TCT ACC GAT CCA GTT TCT GAC ATC GAC GTT ACC CGC CGT CTG GCG TAC CTC TCT TCT GAA GAA TTC AAG GAG AAG TTC GGC ATG ACC AAA GAG GCG TTC TAC AAA CTG CCG AAA TGG AAA CAG AAC AAA TTC TCT ATG GCG GTT CAG CTG TTC,0.8420822606058043
CCG GCT CAT CCG TAC GAC CGT CTG AAA ACC ACC TCT ACC GAC CCG GTT TCT GAC ATC GAC GTT ACC CGT CGT GAA GCG TAC CTG TAC TCC GAG TAC TTC AAG GAA AAG TTC GGT ATG ACC AAA GAG GCT TTC TAC AAA CTG CCA AAA TGG AAG CAG AAC AAG TTC AAG ATG GCT GTT CAG CTG TTC,0.9334241282382753
CCG GCG CAT CCG TAC GAC CGT CTG AAA ACC ACC TCT ACC GAT CCA GTT TCT GAC ATT GAC GTT ACC CGT CGT GAA GCT TAC CTC TCC TCC GAA GAG TTC AAA GAG AAG TTT GGT ATG ACC AAG GAG GCG TTT GCG AAA CTG CCG AAA TGG AAA CAG AAC AAG TTC GTT ATG GCG GTG CAG CTG TTC,0.7365254751019723
CCG GCT CAC CCG TAC CAC CGT CTG CAC ACT ACC TCT ACC GAC CCG GTT TCT GAT ATT GAC GTT ACC CGT CGT GAA GCG TAC CTG TCT TCC GAA GAA TTC AAA GAA AAG TTC GGC ATG ACC AAG GAG GCG TTC TAC AAA CTG CCA AAA TGG AAA CAG AAC AAG TTC AAG ATG GCG GTG CAG CTG TTC,0.487102570670558
AAA GCG CAC CCG TAC GAC CGT CTC AAA ACT ACC TCT ACC GAC CCG GTT TCT GAC ATC GAC GTT ACC CGT CGT GAA GCG TAC CTG TCT TCT GAA GAA TTC AAG GAG AAG TTC GGC ATG ACC AAA GAA GCG TTC TAC AAA CTG CCG AAA TGG AAG CAG AAC AAA TTC AAA ATG GCG GTG CAA CTG TTC,1.4374264107267265
CCG GCG CAC CCG TAC GAC CGT CTG AAA ACC ACC TCT ACC GAC CCG GTT TCT GAC ATC GAC GTT ACC TTC CGT TGG GCG TAC CTG TCT TCT GAG GAA TTC AAG GAG AAG TTC GGT ATG ACC AAA GAA GCG TTC TAC AAA CTG CCG AAA TGG AAA CAG AAC AAA TTC AAA ATG GCG GTT CAG CTG TTC,0.917623574541025
CCG GCG CAC CCG TAC GAC CGT CTG AAA ACC ACC TCT ACC GAC CCG GTT TCT GAC ATC GAC GTT ACC GTT CGT GAA GCG TAC CTC TCT TCT GAG GAG TTC AAG GAG AAA TTC GGT ATG ACC AAG GAA GCG TTC TAC AAA CTG CCG AAG TGG AAA CAG AAC AAA TTC TTC ATG GCT GTT CAG CTG TTC,0.905520148445864
CCA GCG CAC CCG TAC GAC CGT CTG AAA ACC ACC TCT ACC GAC CCA GTT TCT GAC ATC GAC GTT ACC TCT CGT GAA GCG TAC CTG TCC TCT GAA GAA TTC AAA GAG AAG TTC GGT ATG ACC AAA GAG GCG TTC TAC AAG CTG CCG AAA TGG AAA CAG AAC AAA TTC GCG ATG GCG GTG CAA CTG TTC,0.6162451453122486
CCA GCG CAC CCG TAC GAC CGT CTG AAA ACC ACC TCT ACC GAC CCG GTT TCT GAC ATC GAC GTT ACT AAC CGT TCT GCG TAC CTC TCC TCT GAG GAA TTC AAG GAA AAA TTC GGC ATG ACC AAA GAA GCG TTC TAC AAA CTG CCG AAA TGG AAG CAG AAC AAA TTC AAA ATG GCG GTT CAG CTG TTC,1.1041361519565336
CCG GCG CAC CCG TAC GAC CGT CTG AAA ACT ACC TCT ACC GAC CCG GTT TCT GAC ATC GAC GTT ACT CGT CGC GAG GCG TAC CTG TCC TCT GAG GAA TTC AAA GAA AAA TTC GGT GAC ACC AAG GAA GCG TTC TAC AAA CTG CCG AAA TGG AAA CAG AAC AAG TTC AAA ATG GCG GTG CAG CTG TTC,-1.6483079051648364
CCG GCG CAT CCG TAC GAC CGT CTG AAA ACC ACT TCT ACC GAC CCG GTT TCT GAC ATC GAC GTT ACC CGT CGT GAA GCG TAC CTG TCC TCC GAG GAA TTC AAA GAA AAA TTC GGT ATG ACC AAG GAA GCG TTC TAC AAG CTG CAT AAG TGG AAA CAG AAC AAA TTC AAG ATG GCG GTT CAG CTG TTC,-0.086260510222081
CCG GCG CAC CCG TAT GAC CGT CTG AAA ACC ACC TCT ACC CAT CCG GTT TCT GAC ATC GAC GTT ACC CGT CGT GAA GCG TAC CTG TCT TCT GAA GAA TTC AAG GAG AAG TTC GGC ATG ACC AAG GAG GCG TTC TAC AAA CTG CCG AAA TGG AAA CAG AAC AAA TTC AAA ATG GCG GTG CAG CTG TTC,1.0252134248436162
CCG GCG CAC CCG TAC GAC CGT CTG AAA ACC ACC TCT ACC GAC CCG GTT TCT GAC ATC GAC GTT ACC ATC CGT GAA GCG TAC CTC TCT TCT GAG GAG TTC AAA GAA AAG TTC GGC ATG ACC AAA GAA GCG TTC TAC AAA CTC CCG AAA TGG AAG CAG AAC AAA TTC CAG ATG GCT GTT CAA CTG TTC,0.475753034107761
CCG GCT CAC CCG TAC GAC CGT CTG AAA ACC ACC TCT ACC GAC CCA GTT TCT GAC ATC GAC GTG ACT AAA CGT GAA GCG TAT CTG TCC TCC GAA GAA TTC AAG GAA AAA TTC GGT ATG ACC AAG GAA GCG TTT GAC AAG CTG CCG AAA TGG AAA CAG AAC AAA TTC AAA ATG GCG GTT CAG CTG TTC,0.7265966234959408
CCG GCG CAC CCG TAC GAC CGT CTG AAA ACC ACC TCT ACC GAC CCG GTT TCT GAC ATC GAC GTT ACC AAA CGT GAA GCG TAC CTG TCT TCC GAA GAG TTC AAG GAA AAA TTC GGC ATG ACC AAA GAG GCT TTC CAG AAA CTG CCG AAA TGG AAA CAG AAC AAA TTC AAA ATG GCG GTG CAG CTG TTC,0.8255884921616159
CCG GCG CAC CCG TAC AAC CGT CTG TGG ACC ACC TCT ACC GAC CCG GTT TCT GAC ATC GAC GTT ACC CGT CGT GAG GCG TAC CTG TCT TCC GAA GAG TTC AAA GAA AAG TTC GGC ATG ACC AAA GAG GCG TTC TAC AAA CTG CCG AAA TGG AAG CAG AAC AAA TTC AAG ATG GCT GTT CAG CTG TTC,0.3298354364836098
CCA GCG CAC CCG TAC GAC CGT CTG AAA ACC ACC TCT ACC GAC CCG GTT TCT GAC ATC GAC GTT ACC CAG CGT GAA GCT TAC CTG TCT TCT GAA GAG TTC AAA GAG AAA TTC GGC ATG ACC AAA GAA GCG TTC TAC AAA CTG CCG AAG TGG AAA CAG AAC AAA TTC TGG ATG GCT GTG CAA CTG TTC,1.1126852604555864
CCG GCG CAC CCG TAC GAC CGT CTG AAA ACC ACC TCT ACC GAC CCG GTT TCT GAC ATC GAC GTT ACC CGT CGT GAC GCT TAC CTG TCT TCT GAG GAA TTC AAG GAG AAA TTC GGC ATG ACC AAA GAG GCG TTC TAC AAA CTC CCG AAA TGG AAA CAA AAC AAG TTC CAG ATG GCG GTG CAG CTG TTC,0.5781236877282219
CCG GCG CAC TCT TAC GAC CGT CTG AAA ACC ACC TCT ACC GAT CCG GTT TCT GAC ATT GAC GTT ACC CGT CGT GAA GCG TAC CTG TCT TCC GAA GAG TTC AAG GAG AAG TTC GGC ATG ACC AAA GAA GCG TTC TAC AAG CTG CCG AAA TGG AAA CAG AAC AAA TTC AAA ATG GCG GTT CAG CTG TTC,1.0554372787874042
CCG GCG CAC CCG TAC GAC CGT CTG AAA ACC CAC TCT ACC GAC CCG GTT TCT GAT ATC GAC GTT ACC CGT CGT GAG GCG TAC CTC TCT TCT GAG GAG TTC AAG GAA AAA TTC GGT ATG ACC AAA GAG GCG TTC TAC AAA CTG CCG AAA TGG AAA CAG AAC AAA TTC AAG ATG GCG GTT CAG CTG TTC,0.8303199679207629
CCG GCG CAC CCG TAC GAC CGC CTG AAA ACC ACT TCT ACC GAC CCG GTT TCT GAC ATC GAC GTT ACC CGT CGT GTT GCG TAC CTG TCT TCC GAA GAA TTC AAA GAA AAG TTC GGC ATG ACC AAA GAA GCG TTC TAC AAA CTG CCG AAA TGG AAA CAG AAC AAA TTC CCG ATG GCG GTT CAG CTG TTC,0.4830498824851976
CCA GCG CAC CCG TAC GAC CGT CTG AAA ACC ACT TCT ACC GAC CCG GTT TCT GAC ATC GAC GTT ACC CGT CGT GTT GCG TAC CTG TCT TCC GAA GAA TTC AAA GAA AAA TTC GGC ATG ACC AAG GAA GCG TTC TAC AAA CTC CCG AAG TGG AAA CAG AAC AAA TTC AAC ATG GCT GTT CAG CTG TTC,0.481027621563571
CCG GCG CAC CCG TAC GAC CGT CTG AAA ACC ACC TCT ACC GAC CCG GTT TCT GAT ATC GAC GTT ACC TAC CGT GAA GCG TAC CTG TCC TCT GAA GAA TTC AAG GAA AAA TTC GGC ATG ACC AAA GAA GCG TTC TAC AAA CTG CCA AAA TGG AAA CAG AAC AAA TTC AAC ATG GCG GTT CAG CTG TTC,0.3868617203340555
CCA GCT CAC CCG TAC GAC CGT CTG AAA ACC ACC TCT ACC GAT CCA GTT TCC GAC ATC GAC GTT ACC CGT CGT GAA GCT TAC CTG CAG TCT GAA TAC TTC AAA GAG AAA TTC GGC ATG ACC AAA GAA GCG TTC TAC AAG CTG CCG AAA TGG AAG CAG AAC AAA TTC AAA ATG GCT GTG CAG CTG TTT,0.7814855736070474
CCG GCT CAC CCG TAC GAC CGC CTG AAG ACC ACC TCT ACC GAC CCG GTT TCT GAC ATC GAC GTT ACC CGT CGC GAG GCG TAC CTG TCC TCT GAG GAG TTC AAA GAG AAG TTC GGT ATG ACC AAG GAA GCG TTC CAC AAA CTG CCG AAA TGG AAA CAG AAC AAA TTC AAC ATG GCG GTT CAG CTG TTC,0.2716170019608852
CCG GCT CAC CCG TAC GAC CGT CTG AAA ACC ACC TCT ACT GAC CCG GTT TCT GAC ATT GAC GTT ACC CGT CGC CAA GCT TAC CTC TCT TCT GAA GAA TTC AAG GAA AAG TTC GGC ATG ACC AAA GAG GCG TTC TAC AAA CTG CCG AAA TGG AAA CAG AAC AAA TTC ACC ATG GCG GTT CAG CTG TTC,0.538869217440338
CCA GCG CAC CCG TAC GAC CGT CTG AAA ACC ACC TCT ACC GAC CCG GTT TCT GAC ATC GAC GTT ACC TAC CGT ATC GCG TAC CTC TCC TCT GAG GAA TTC AAA GAA AAA TTC GGC ATG ACC AAA GAG GCG TTC TAC AAA CTG CCG AAA TGG AAA CAA AAC AAA TTC AAG ATG GCG GTT CAG CTG TTC,0.8367041458245246
CCG GCG CAC CCG TAC GAC CGT CTG AAA ACC ACC TCT ACC GAC CCG GTT TCT GAC ATC GAC GTT ACC CGT CGT GAA GCG TAC CTG CAC TCT GAA TGC TTC AAG GAG AAG TTC GGT ATG ACC AAA GAA GCG TTC TAC AAA CTG CCG AAA TGG AAA CAG AAC AAA TTC AAA ATG GCT GTT CAA CTG TTC,0.7252608254772429
CCG GCG CAC CCA TAC GAC CGT CTG AAA ACC ACC TCT ACC GAC CCA GTT TCT GAT ATC GAC GTT ACC CGT CGT GAA GCG TAC CTC TCC TCT GAA GAA TTC AAG GAG AAG TTC GGT ATG ACC AAG GAA GCG TTC TAC AAG CTG CCG AAA ATC AAA CAG AAC AAA TTC AAA ATG GCT GTT CAG CTG TTC,0.5079324154967895
CCG GCG CAC CCG TAC GAC CGT CTG AAA ACT ACC TCT ACC GAC CCG GTT TCT GAC ATT GAC GTT ACC CGT CGT GAA GCT TAC CTG TCT CAG GAA GAG TTC AAG GAA AAG TTC GGT ATG ACC AAA GAG GCG TTC TAC AAA CTG CCG AAA TGG AAA CAG AAC AAA TTC AAA ATG GCG GTG CAA CTG TTC,1.211185566823299
CCG GCG CAC CCG TAC GAC CGC CTG AAA ACC ACC TCT ACC GAC CCG GTT TCT GAC ATC GAC GTT ACC ATG CGT GAA GCG TAC CTG TCT TCT GAG GAA TTC AAA GAA AAG TTC GGC ATG ACC AAA GAA GCG TTC TAC AAG CTG CCG AAA TGG AAA CAG AAC AAA TTC CCG ATG GCT GTT CAG CTG TTC,0.427155213319453
CCG GCG CAT CCG TAT TTC CGC CTC CCA ACC ACC TCT ACC GAC CCA GTT TCT GAC ATC GAC GTT ACC CGT CGT GAA GCG TAC CTG TCT TCC GAA GAG TTC AAG GAG AAA TTC GGT ATG ACC AAG GAA GCG TTC TAC AAG CTG CCG AAA TGG AAG CAG AAC AAA TTC AAA ATG GCG GTG CAG CTG TTC,0.3165590176770376
CCG GCG CAC CCG TAC GAC CGT CTG AAA ACC ACC TCT ACC GAC CCG GTT TCT GAC ATT GAC GTT ACC CGT CGT GGT GCG TAC CTG TCT TCT GAG GAG TTC AAA GAA AAG TTC GGC ATG ACC AAA GAA GCG TTC TAC AAA CTG CCG AAA TGG AAA CAG AAC AAA TTC ATC ATG GCG GTT CAG CTG TTC,0.9051960368839622
CCG GCT CAC CCG TAC GAC CGT CTG AAA ACC ACC TCT ACC GAC CCG GTT TCT GAC ATT GAC GTT ACC CGT CGT ATG GCG TAC CTG TCC TCC GAA GAG TTC AAA GAA AAG TTC GGC ATG ACC AAA GAA GCG TTT TAC AAA CTG CCG AAA TGG AAA CAG AAC AAG TTC TAC ATG GCG GTT CAG CTG TTC,1.227125153443115
CCG GCG CAC CCG TAC GAC CGT CTG AAA ACC ACC TCT ACC GAC CCG GTG TCT GAC ATC GTT GTG AAT CGC CGT GAA GCG TAC CTG TCC TCT GAG GAG TTC AAA GAG AAA TTC GGT ATG ACC AAG GAA GCG TTC TAC AAG CTG CCG AAA TGG AAA CAG AAC AAA TTC AAA ATG GCG GTT CAG CTG TTC,0.4937987497278634
CCA GCG CAC CCG TAC GAC CGT CTG AAA ACC ACC TCT ACC GAC CCG AAC TCT GAT ATC GAC GTT ACC CGT CGT GAA GCG TAC CTG TCT TCC GAA GAA TTC AAG GAA AAA TTC GGC ATG ACC AAA GAA GCG TTC TAC AAG CTG CCG AAA TGG AAA CAG AAC AAA TTC AAA ATG GCG GTG CAG CTG TTC,0.3207699014231842
CCG GCG CAC CCG TAC GAC CGT CTG AAA ACC ACC TCT ACC CGT CCG GTT TCT GAC ATC GAC GTT ACT CGT CGT GAA GCG TAC CTG TCT TCC GAA GAA TTC AAG GAA AAA TTC GGC ATG ACC AAA GAA GCG TTC TAC AAG CTC CCG AAA TGG AAA CAG AAC AAA TTC AAA ATG GCG GTG CAG CTG TTC,0.6516302632984705
CCG GCT CAC CCG TAC GAC CGT CTG AAA ACT ACC TCT ACC GAC CCG GTT TCT GAC ATC GAA GTT GCG CGT CGT GAG GCG TAC CTG TCT TCT GAA GAG TTC AAA GAA AAG TTC GGC ATG ACC AAG GAA GCG TTT TAC AAA CTG CCG AAA TGG AAA CAG AAC AAG TTC AAG ATG GCG GTT CAG CTG TTC,0.6700603712957673
CCA GCT CAC CCG TAC GAC CGT CTG AAA ACC ACC TCT ACC GAT CCG GTT TCT GAC ATT GAC GTT ACC CGT CGT GAA GCG TAC CTG TCT TCC GAG GAA TTC AAA GAA AAA TTC GGC ATG ACC AAA GAG GCG TTC TAC AAA CTG CCG AAA TGG AAA ATG AAC AAG TTC AAA ATG GCG GTT CAG CTG TTC,0.2218704073687341
CCG GCG CAC CCG TAC GAC CGT CTG AAA ACC ACC TCT ACC GAC CCG GTT TCT GAC ATC GAC GTT ACT CCA CGT GAA GCT TAC CTG TCC TCT GAA GAA TTC AAG GAG AAA TTC GGT ATG ACC AAG GAA GCG TTC CTG AAA CTG CCG AAA TGG AAA CAG AAC AAA TTC AAA ATG GCG GTT CAA CTG TTC,0.7129166790692795
CCG GCG CAC CCG TAC GAC GAC CTG AAA ACC ACC TCT ACC GGT CCG GTT TCT GAT ATC GAC GTT ACC CGT CGT GAA GCG TAC CTG TCT TCC GAA GAA TTC AAG GAG AAG TTC GGT ATG ACC AAA GAG GCG TTC TAC AAA CTG CCG AAA TGG AAA CAG AAC AAA TTC AAA ATG GCG GTT CAG CTG TTC,0.8073531686480686
CCG GCG CAC CCG TAC GCT CGT CTG CAC ACC ACC TCT ACC GAT CCG GTT TCT GAT ATC GAC GTT ACC CGT CGT GAG GCG TAC CTG TCT TCT GAG GAA TTC AAA GAG AAG TTC GGC ATG ACC AAA GAG GCG TTC TAC AAA CTG CCG AAA TGG AAA CAG AAC AAG TTC AAA ATG GCT GTT CAA CTG TTC,-0.298424444362416
CCG GCG CAC CCG TAC GAC CGT CTG AAA ACC ACC TCT ACC GAC CCG GTT TCT GAC ATC GAC GTT ACC AAC CGT GAA GCT TAC CTG TCT TCT GAA GAA TTC AAG GAA AAG TTC GGC ATG ACC AAA GAA GCG TTC GGT AAA CTG CCG AAA TGG AAA CAG AAC AAA TTC AAA ATG GCG GTT CAG CTG TTC,0.4817519072205118
CCG GCG CAC CCG TAC GAC CGT CTG AAA ACC ACC TCT ACC GAC CCG GTT TCT GAC ATC GAC GTT ACC ATC CGC GAA GCG TAC CTG TCC TCT GAG GAA TTC AAG GAA AAG TTC GGT ATG ACC AAG GAA GCG TTC GAC AAA CTG CCG AAA TGG AAA CAG AAC AAA TTC AAA ATG GCG GTT CAG CTG TTC,0.5636150887942606
CCG GCG CAC CCG TAC GAC CGT CTG AAA ACC ACC TCT ACC GAC CCG GTT TCT GAC ATC GAC GTT ACC CGT CGT GTT GCT TAC CTG TCT TCT GAG GAA TTC AAG GAA AAG TTC GGC ATG ACC AAA GAA GCG TTC ACC AAG CTG CCG AAA TGG AAA CAG AAC AAA TTC AAA ATG GCG GTT CAG CTG TTC,0.662094673875724
CCG GCT CAC CCG TAC GAC CGT CTG AAA ACC ACC TCT ACC GAC CCG GTT TCT GAC ATC GAC GTT ACC CAG CGT GAA GCG TAC CTG TCT TCC GAA GAG TTC AAA GAA AAG TTC GGC ATG ACC AAA GAG GCG TTT AAG AAA CTG CCG AAA TGG AAA CAG AAC AAG TTC AAG ATG GCG GTG CAG CTG TTC,0.6404728821009446
CCA GCG CAC CCG TAC GAC CGT CTG AAA ACC ACC TCT ACC GAC CCG GTT TCT GAT ATC GAC GTT ACC CGT CGT GAA GCG TAT CTG TCT TCT GAG GAA TTC AAA GAG AAG TTC GGC ATG ACC AAA GAA GCG TTC ATC AAG CTG CCG AAG TGG AAA CAG AAC AAA TTC GAA ATG GCT GTT CAG CTG TTC,0.2589215328857159
CCG GCG CAC CCG TAC GAC CGT CTG AAA ACC ACC TCT ACC GAT CCG GTT TCT GAC ATT GAC GTT ACC CGT CGT GAG GCG TAC CTG TCT TCT GAG GAG TTC AAG GAG AAG TTC GGT ATG ACC AAA GAA GCG TTC TAC AAA CTG CCG AAA TGG AAA CAG AAC AAA ATC AAA ATG GCT GTT CAG CTG TTC,1.0766497575553973
CCA GCT CAT CCG TAC AAC CGT CTG CAC ACC ACC TCT ACC GAC CCG GTT TCT GAC ATC GAC GTT ACC CGT CGT GAG GCG TAC CTG TCC TCT GAA GAG TTC AAA GAA AAG TTC GGT ATG ACC AAG GAA GCG TTC TAC AAA CTG CCG AAG TGG AAA CAG AAC AAA TTC AAG ATG GCG GTT CAG CTG TTC,0.5051003128225962
CCG GCG CAT CCG TAC GAC CGT CTG AAA ACC ACC TCT ACC GAT CCG GTT TCT GAT ATC GAC GTT ACC CGT CGT GAA GCG TAC CTG CCA TCC GAA GAA TTC AAA GAA AAA TTC GGC ATG ACC AAG GAA GCG TTC TAC AAG CTG CCG AAA TGG AAA CAG AAC AAA TTC AAG ATG GCG GTT CAG CTG TTC,0.5472532831029211
CCG GCT CAC CCA TAC GAC CGT CTG AAG ACT ACC TCT ACC GAC CCG GTT TCT GAC ATC GAC GTT ACC CGT CGT TTC GCG TAC CTG TCT TCC GAG GAA TTC AAG GAG AAA TTC GGT ATG ACC AAA GAA GCG TTC GAC AAA CTG CCG AAA TGG AAA CAG AAC AAA TTC AAA ATG GCG GTT CAG CTG TTT,0.7762407824520008
CCG GCG CAC CCG TAC GAC CGT CTG AAA ACC ACC TCT ACC GAC CCG GTT TCT GAC ATC GAC GTT ACC TAC CGT GAA GCG TAC CTC TCC TCT GAA GAG TTC AAA GAG AAA TTC GGT ATG ACC AAA GAG GCG TTC ATC AAA CTG CCG AAA TGG AAA CAG AAC AAA TTC AAA ATG GCG GTT CAG CTG TTC,0.5026035236143016
CCA GCG CAC CCG TAC GAC CGT CTG AAA ACC ACT TCT ACC GAC CCG GTT TCT GAC ATC GAC GTT ACT CGT CGT GAA GCG TAC CTG TCC TCC GAA GAG TTC AAG GAA AAA TTC GGT ATG ACC AAG GAA GCG TTC GAA AAA CTG CCG AAA TGG AAA CAG AAC AAA TTC ATC ATG GCG GTG CAG CTG TTC,0.6164823406663
CCG GCT CAC CCA TAC GAT GAT CTG AAA ACC ACC TCT ACT GCG CCG GTT TCT GAC ATT GAC GTT ACC CGC CGT GAG GCG TAC CTC TCT TCT GAG GAG TTC AAA GAA AAA TTC GGC ATG ACC AAG GAG GCG TTT TAC AAA CTG CCG AAA TGG AAA CAG AAC AAA TTC AAA ATG GCG GTG CAG CTG TTC,0.8446216631941241
CCG GCT CAT CCG TAC GAC CGT CTG AAA ACC ACC TCT ACC GAC CCG GTT TCT GAT ATC CAG GTT CAT CGT CGT GAA GCG TAC CTG TCT TCT GAG GAA TTC AAA GAG AAA TTC GGC ATG ACC AAG GAA GCT TTC TAC AAA CTG CCG AAA TGG AAG CAG AAC AAA TTC AAG ATG GCG GTT CAG CTG TTC,0.6693017525949527
CCG GCG CAC CCG TAC GAC CGT CTG AAA ACC ACC TCT ACC GAC CCG GTT TCT GAC ATC GAC GTT ACC CCG CGT GAA GCG TAT CTC TCT TCT GAG GAA TTC AAG GAG AAG TTC GGT ATG ACC AAA GAA GCG TTC TAC AAA CTG CCG AAA TGG AAA CAG AAC AAA TTC AAA ATG GCG GTT CAG CTG TTT,0.6887974297374828
CCG GCG CAC CCG TAC GAC CGT CTG AAA ACC ACC TCT ACC GAC CCG GTT TCC GAC ATC GAC GTT ACC CGT CGT GAA GCG TAC CTC TCT TCT GAA GAA TTC AAA GAG AAG TTC GGC ATG ACC AAA GAG GCG TTC TAC AAA CTG CCG AAA TGG AAA CAG AAC AAA TAC AAA ATG GCG GTG CAG CTG TTC,1.3887843503165187
CCG GCT CAC CCG TAC GAC CGT CTG AAA ACC ACC TCT ACC GAC CCG GTT TCT GAC ATC GAC GTT ACC CGT CGT GAA GCG TAC CTG TCT TCC GAA GAG TTC AAA GAA AAA TTC GGC ATG ACC AAG GAG GCG TTC TAC AAA GGT CCG AAG TGG AAA CAG AAC AAA TTC AAA ATG GCG GTT CAG CTG TTC,-1.5704231610738535
CCG GCT CAC CAC TAC GAC CGT CTG AAA ACT ACC TCT ACC GAC CCG GTT TCT GAC ATT GAC GTT ACC CGC CGT GAA GCG TAC CTG TCC TCT GAG GAG TTC AAG GAG AAG TTC GGT ATG ACC AAA GAA GCG TTC TAC AAA CTG CCG AAA TGG AAA CAG AAC AAA TTC AAA ATG GCG GTT CAG CTG TTC,0.8321927672093885
CCG GCT CAC CCA TAC GAC CGT CTG AAA ACC ACC TCT ACC GAC CCG GTT TCT GAC ATC GAC GTT ACC CGT CGT GAA GCG TAC CTG TCC TCC GAG GAG TTC AAA GAA AAA TTC GGC ATG ACC AAA GAG GCG TTC TAC AAG CTG CCG GTT TGG AAA CAG AAC AAA TTC AAA ATG GCG GTT CAG CTG TTC,1.2774337699792817
CCG GCG CAC CCG TAC GAC CGT CTG AAA ACC ACC TCT ACC GAC CCG GTT TCT GAC ATC CAG GTT CCG CGT CGT GAA GCG TAC CTG TCT TCC GAA GAG TTC AAG GAG AAA TTC GGT ATG ACC AAA GAG GCT TTC TAC AAA CTG CCG AAA TGG AAG CAG AAC AAG TTC AAA ATG GCT GTT CAA CTG TTC,0.5656947015686612
CCG GCG CAC CCG TAC GAC CGC CTG AAA ACC ACC TCT ACC GAC CCG GTT TCT GAC ATC GAC GTT ACC GCT CGT TCT GCG TAC CTG TCC TCT GAA GAG TTC AAG GAG AAG TTC GGT ATG ACC AAG GAA GCG TTC TAC AAA CTG CCG AAA TGG AAA CAG AAC AAG TTC AAA ATG GCG GTT CAG CTG TTC,0.5960269523043574
CCG GCG CAC CCG TAC GAT CGC CTG AAA ACC ACC TCT ACC GAC CCG GTT TCT GAC ATC GAC GTT ACC CGT CGT GAA GCG TAC CTG TCC TCC GAG GAA TTC AAG GAA AAA TTC GGT ATG ACC AAA GAG GCG TTC TAC AAG CTG CCG AAG TGG AAA CAG AAC AAA TTC AAA ATG GCG GTG CAG GAC TTC,0.8830019270689655
CCG GCG CAC CCG TAC GAC CGT CTG AAA ACC ACT TCT ACC GAC CCG GTT TCT GAC ATC CAC GTG ACC CGT CGT GAA GCG TAC CTG TCT TCC GAG GAG TTC AAA GAA AAG TTC GGC ATG ACC AAG GAG GCT TTT TAC AAG CTC CCG AAA TGG AAG CAG AAC AAA TTC AAA ATG GCT GTT CAG CTG TTC,0.7426229956872976
CCG GCG CAC CCG TAC GAC CGT CTG AAA ACC ACC TCT ACC GAT CCG GTT TCT GAC ATC GAC GTT ACC ATC CGT GAA GCG TAC CTG TCT TCT GAA GAG TTC AAA GAG AAG TTC GGT ATG ACC AAA GAG GCG TTC GGC AAA CTG CCG AAA TGG AAA CAG AAC AAA TTC AAA ATG GCG GTT CAG CTG TTC,0.5859243749074894
CCG GCG CAC CCG TAC GAC CGT CTG AAA ACT ACC TCT ACC GAC CCA GTG TCT GAC ATC GAC GTG ACC CGT CGT GAA GCG TAC CTG TGG TCT GAA CGT TTC AAA GAA AAA TTC GGC ATG ACC AAA GAA GCG TTC TAC AAA CTG CCG AAA TGG AAA CAG AAC AAA TTC AAA ATG GCG GTT CAG CTG TTC,0.5005851555131713
CCA GCG CAC CCG TAC GAC CGT CTG AAA ACC ACC TCT ACC GAC CCA GTT TCT GAC ATC GAC GTT ACC ATC CGT GAG GCG TAC CTG TCT TCT GAG GAA TTC AAG GAG AAG TTC GGT ATG ACC AAA GAA GCG TTC TAC AAA CTG CCG AAA TGG AAG CAG AAC AAA TTC TGG ATG GCG GTT CAG CTG TTC,1.2333842467015197
CCG GCG CAC CCG TAC ATG CGT CTG GAA ACC ACT TCT ACC GAT CCA GTT TCT GAC ATC GAC GTG ACC CGT CGT GAA GCG TAC CTC TCC TCT GAA GAG TTC AAA GAA AAG TTC GGT ATG ACC AAG GAG GCG TTC TAC AAA CTG CCG AAA TGG AAA CAG AAC AAA TTC AAA ATG GCG GTT CAG CTG TTT,0.796343478198333
CCA GCG CAC CCG TAC GAC CGT CTG AAA ACC ACC TCT ACC GAC CCG GTT TCT GAC ATC ATG GTT AAT CGT CGT GAA GCG TAC CTG TCT TCT GAA GAG TTC AAA GAG AAA TTC GGC ATG ACC AAA GAA GCG TTC TAC AAA CTG CCG AAA TGG AAG CAG AAC AAA TTC AAA ATG GCG GTT CAG CTG TTC,0.5521097873961408
CCG GCT CAC CCG TAC GAC CGT CTC AAA ACC ACC TCT ACC GAC CCG GTT TCT GAC ATC GAC GTT ACC CGT CGT GAA GCG TAC CTG CGT TCT GAA AAC TTC AAA GAA AAG TTC GGC ATG ACC AAA GAG GCG TTC TAC AAA CTG CCG AAG TGG AAA CAG AAC AAA TTC AAA ATG GCG GTT CAG CTG TTC,0.3429974208219032
CCG GCG CAC CCG TAC GAC CGT CTG AAA ACC ACT TCT ACC GAT CCG GTT TCT GAC ATC GAC GTG ACC CGT CGT GTG GCG TAC CTG TCT TCT GAA GAG TTC AAA GAG AAG TTC GGC ATG ACC AAG GAG GCG TTC GAC AAA CTG CCG AAA TGG AAA CAG AAC AAA TTC AAG ATG GCG GTT CAG CTG TTC,0.5702504797710464
CCG GCG CAC CCA TAC GAC CGT CTG AAA ACC ACC TCT ACC GAC CCG GTT TCT GAC ATT GAC GTT ACT CCG CGT GAA GCG TAC CTG TCC TCT GAA GAG TTC AAA GAA AAA TTC GGC ATG ACC AAA GAA GCT TTC TAC AAA CTG CCG AAA TGG AAG CAG AAC AAG TTC TGG ATG GCG GTT CAG CTG TTC,1.0071355213362498
CCA GCG CAT CCA TAC GAC CGT CTG AAA ACC ACC TCT ACC GAC CCG GTT TCT GAC ATC GAC GTT ACC GGT CGT GAA GCG TAC CTG TCC TCC GAG GAG TTC AAA GAG AAG TTC GGT ATG ACC AAA GAA GCG TTC TAC AAA CTG CCA AAA TGG AAA CAG AAC AAG TTC CAG ATG GCG GTT CAG CTC TTC,0.4511256157080409
CCG GCT CAC CCG TAC GAC CGT CTG AAA ACC ACC TCT ACC GAC CCG GTT TCT GAC ATC GAC GTT ACC CGT CGT GAA GCG TAC CTG TCC TCC GAA GAA TTC AAA GAG AAA TTC GGC ATG ACC AAA GAG GCG TTT ATG AAA CTG CCG AAA TGG AAA CAG AAC AAA TTC CGT ATG GCG GTT CAG CTG TTC,0.6811587927523088
CCG GCG CAC CCG TAC GAC CGT CTG AAA ACC ACC TCT ACC GAC CCG GTG TCT GAT ATC GAC GTT ACT CGT CGT CAG GCG TAC CTG TCT TCT GAA GAA TTC AAG GAG AAG TTC GGT ATG ACC AAG GAA GCG TTC TAC AAA CTG CCG AAA TGG AAA CAG AAC AAA TTC CAC ATG GCG GTT CAG CTG TTC,0.3739167055766444
CCG GCG CAC CCA TAC ATG CGC CTG TAC ACC ACC TCT ACC GAC CCG GTT TCT GAT ATC GAC GTT ACC CGT CGT GAA GCG TAC CTG TCT TCC GAG GAA TTC AAG GAG AAA TTC GGT ATG ACC AAG GAA GCG TTC TAC AAA CTG CCG AAA TGG AAA CAG AAC AAA TTC AAA ATG GCG GTT CAG CTG TTC,0.0192206499472803
CCG GCG CAC CCG TAC GAC CGT CTG AAA ACC ACC TCT ACT GAC CCA GTT TCT GAC ATT GAC GTT ACC CGT CGT GAA GCG TAC CTG TCT TCC GAA GAG TTC CGT GAA AAG TTC GGT ATG ACC AAA GAA GCG TTC TAC AAA CTG CCG AAA TGG AAA CAG AAC AAA TTC AAA ATG GCG GTT CAG CTG TTC,1.3404763125431307
CCA GCG CAC CCG TAC GAC CGT CTG AAA ACC ACC TCT ACC GAT CCG GTT TCT GAC ATT GAC GTT ACC CGT CGT ATG GCG TAC CTC TCC TCT GAG GAG TTC AAG GAG AAA TTC GGT ATG ACC AAA GAA GCG TTC AAG AAA CTG CCG AAA TGG AAA CAG AAC AAA TTC AAG ATG GCG GTG CAG CTG TTC,0.7874228269658885
CCG GCG CAT CCG TAC GAC CGT CTG AAA ACC ACC TCT ACC GAT CCG GTT TCT GAC ATC GAC GTT ACC CGT CGT GAA GCT TAC CTG TCT TCC GAG GAG TTC AAG GAA AAA TTC GGT ATG ACC AAA GAG GCG TTC TAC AAA CTG CCG AAA TGG AAA CAG AAC AAA TTC AAA ATG GCG AAC CAG CTG TTC,1.0592906490644445
CCG GCG CAC CCG TAC GAC CGT CTG AAA ACT ACC TCT ACC GAC CCG GTT TCT GAT ATC GAC GTT ACC CGT CGT GAA GCG TAT CTG TCT TCT GAG GAG TTC AAA GAA AAG TTC GGT ATG ACC AAG GAA GCG TTC CGT AAA CTG CCA AAA TGG AAA CAG AAC AAA TTC CGC ATG GCG GTG CAG CTG TTC,0.8488995883820418
CCA GCG CAC CCG TAC GAC CGT CTG AAA ACC ACC TCT ACC GAC CCG GTT TCT GAC ATC GAC GTT ACT GAA CGT GAA GCT TAC CTG TCT TCC GAG GAG TTC AAA GAA AAG TTC GGT ATG ACC AAG GAG GCT TTC CTG AAA CTG CCG AAA TGG AAA CAG AAC AAA TTC AAA ATG GCG GTT CAG CTG TTC,0.7136332549687774
CCA GCG CAC CCG TAC GAC CGT CTG AAA ACC ACC TCT ACC GAC CCG GTT TCT GAC ATC GAC GTT ACC CGT CGT CAG GCG TAC CTG TCT TCT GAG GAA TTC AAA GAA AAG TTC GGC ATG ACC AAA GAA GCG TTC TAC AAA CTG CCG AAA TGG AAA CAG AAC AAA TTC GAG ATG GCG GTT CAG CTG TTC,0.8078626051488644
CCG GCG CAC CCG TAC GAC CGT CTG AAA ACC ACC TCT ACC GAC CCG GTT TCT GAC ATC GAC GTT ACC ATC CGT GAA GCG TAC CTG TCT TCT GAA GAG TTC AAG GAA AAG TTC GGT ATG ACC AAG GAA GCG TTC TAC AAA CTG CCG AAA TGG AAA CAG AAC AAA TTC CAC ATG GCG GTT CAG CTG TTC,0.3905751541412761
CCG GCG CAC CCG TAC GAC CGT CTG AAA ACC ACC TCT ACC GAC CCG GTT TCT GAC ATC GAC GTT ACT CCA CGT ACC GCG TAC CTG TCT TCT GAA GAG TTC AAA GAA AAA TTC GGC ATG ACC AAG GAG GCG TTC TAC AAA CTG CCG AAA TGG AAA CAG AAC AAA TTC AAA ATG GCG GTG CAG CTC TTC,0.6712176628181961
CCG GCG CAC CCG TAC AAC CGT CTG AAC ACT ACC TCT ACC GAC CCG GTT TCT GAC ATC GAC GTT ACC CGT CGT GAA GCG TAC CTG TCT TCC GAG GAA TTC AAG GAA AAA TTC GGT ATG ACC AAG GAA GCG TTC TAC AAG CTG CCG AAG TGG AAA CAG AAC AAA TTC AAA ATG GCG GTG CAA CTG TTC,0.4628085241306708
CCG GCG CAC CCG TAC GAT ATG CTG AAA ACC ACC TCT ACC GGT CCG GTT TCT GAC ATT GAC GTT ACT CGT CGT GAA GCG TAC CTG TCT TCC GAG GAG TTC AAG GAA AAA TTC GGC ATG ACC AAA GAG GCG TTC TAC AAA CTG CCG AAA TGG AAA CAG AAC AAA TTC AAA ATG GCG GTT CAG CTG TTC,0.8242185431159679
CCA GCG CAC CCG TAC GAC CGT CTG AAA ACC ACC TCT ACC GAC CCG GTT TCT GAC ATC GAC GTT ACC TAC CGT TCT GCG TAC CTC TCC TCT GAA GAA TTC AAG GAA AAA TTC GGC ATG ACC AAG GAA GCG TTC TAC AAA CTG CCG AAA TGG AAA CAG AAC AAG TTC AAA ATG GCG GTT CAG CTG TTC,0.5824145557373235
CCG GCG CAC CCG TAC GAC CGT CTG AAA ACC ACC TCT ACC GAT CCG GTT TCT GAC ATC GAC GTG ACC CGT CGT ACC GCG TAC CTG TCT TCT GAG GAA TTC AAG GAA AAA TTC GGC ATG ACC AAA GAG GCG TTC TGG AAA CTG CCG AAA TGG AAA CAG AAC AAA TTC AAA ATG GCG GTT CAG CTG TTC,0.6624042974345059
CCG GCG CAC CCG TAC GAT CGC CTG AAA ACC ACC TCT ACC GAC CCG GTT TCT GAC ATC GAC GTG ACC CGT CGT GAG GCG TAC CTG TCC TCT GAA GAG TTC AAA GAA AAA TTC GCG ATG ACC AAG GAA GCG TTC TAC AAA CTG CCG AAA TGG AAA CAG AAC AAA TTC AAA ATG GCG GTT CAG CTG TTC,0.9573053779167048
CCG GCG CAT CCA TAC GAC CGT CTG AAA ACC ACC TCT ACC GAC CCA GTT TCC GAT ATT GAC GTT ACC CGT CAG GAA GCG TAC CTG TCC TCT GAG GAA TTC AAG GAA AAA TTC GGC ATG ACC AAA GAA GCT TTC TAC AAA CTG CCG AAA TGG AAG CAG AAC AAG TTC AAA ATG GCG GTT CAG CTG TTC,0.6593752968029005
CCG GCG CAC CCG TAC GAC CGT CTG AAA ACC ACC TCT ACC GAT CCG GTT TCT GAC ATT GAC GTT ACC CGT CGT AAC GCG TAC CTG TCT TCT GAG GAA TTC AAA GAA AAA TTC GGT ATG ACC AAG GAG GCG TTC GGT AAG CTG CCG AAA TGG AAA CAG AAC AAA TTC AAA ATG GCG GTT CAG CTC TTC,0.3434335800700656
CCG GCG CAC CCG TAC GAC CGT CTG AAA ACC ACT TCT ACC GAC CCG GTT TCT GAC ATC GAC GTT ACT CGC CGT GGC GCG TAC CTC TCC TCT GAA GAA TTC AAG GAG AAA TTC GGT ATG ACC AAG GAA GCG TTC TGG AAA CTG CCG AAA TGG AAA CAG AAC AAA TTC AAA ATG GCG GTT CAG CTG TTC,0.5815369765030868
CCA GCG CAC CCG TAC GAC CGT CTG AAA ACT ACC TCT ACC GAC CCA GTT TCT GAC ATT GAC GTT ACC CGC CGT GAA GCG TAC CTC TCC TCT GAG GAG TTC AAA GAG AAA TTC GGT ATG ACC AAG GTT GCG TTC TAC AAG CTG CCG AAA TGG AAA CAG AAC AAA TTC AAG ATG GCG GTT CAG CTG TTC,1.0415437157660188
CCG GCG CAC CCG TAC GAC CGT CTG AAA ACT ACT TCT ACC GAC CCG GTT TCT GAC ATC GAC GTT ACC CGT CGT GAA GCG TAC CTC TGC TCC GAG AAG TTC AAA GAA AAG TTC GGT ATG ACC AAA GAG GCG TTC TAC AAA CTC CCG AAG TGG AAA CAG AAC AAA TTC AAA ATG GCG GTG CAG CTG TTC,0.8978328756241141
CCA GCG CAC CCG TAC GAC CGT CTG AAA ACC ACT TCC ACC GAC CCG GTT TCT GAC ATC GAC GTT ACC CGT CGT AAT GCG TAC CTG TCC TCC GAA GAA TTC AAA GAA AAG TTC GGT ATG ACC AAG GAA GCG TTC TAC AAA CTG CCG AAA TGG AAA CAG AAC AAA TTC CGT ATG GCG GTT CAG CTG TTC,0.6631615574160317
CCG GCG CAC CCG TAC GAC CGT CTG AAA ACC ACC TCT ACT GAC CCG GTG TCT GAC ATC GAC GTG ACC CGC CGT GAA GCG TAC CTC TCT TCT GAA GAG TTC AAA GAG AAA TTC GGC ATG ACC AAA GAA GCG TTC AAG AAA CTG CCG AAA TGG AAA CAA AAC AAA TTC ATG ATG GCG GTT CAG CTG TTC,0.6533403359659409
CCA GCG CAC CCG TAC GAC CGT CTG AAA ACC ACC TCT ACC GAC CCG GTG TCT GAT ATC GAC GTT ACC CGT CGT GAA GCG TAC CTG TCC TCT GAA GAG TTC AAA GAA AAA TTC GGC ATG ACC AAA GAA GCG TTC TTC AAA CTG CCG AAA TGG AAG CAG AAC AAA TTC CCA ATG GCT GTT CAG CTG TTC,0.4839904469192756
CCG GCT CAT CCG TAC GAC CGC CTG AAA ACC ACC TCT ACC GAT CCG GTT TCT GAC ATT GAC GTT ACC CGT CGT GGT GCG TAC CTG TCT TCT GAA GAG TTC AAG GAA AAG TTT GGC ATG ACC AAA GAA GCG TTT TAC AAA CTG CCG AAA TGG AAA CAG AAC AAA TTC CTG ATG GCG GTG CAA CTC TTT,0.7974967147656153
CCG GCG CAC CCA TAC GAC CGT CTG AAA ACC ACC TCT ACC GAC CCG GTT TCT GAC ATT GAC GTT ACT CGT CGT AAC GCG TAC CTG TCT TCT GAA GAA TTC AAG GAG AAA TTC GGT ATG ACC AAA GAG GCG TTT TCT AAG CTG CCG AAA TGG AAA CAG AAC AAA TTC AAA ATG GCG GTT CAG CTG TTC,0.5670721917988552
CCG GCT CAC CCG TAC GAC CGT CTG AAA ACC ACT TCT ACC GAC CCG GTT TCT GAC ATC GAC GTT ACC CGT CGT CAC GCG TAC CTG TCC TCC GAA GAA TTC AAG GAA AAG TTC GGT ATG ACC AAA GAA GCG TTC GAC AAA CTG CCG AAA TGG AAA CAG AAC AAA TTC AAA ATG GCG GTT CAG CTG TTC,0.5136309878044234
CCG GCG CAC CCG TAC ATG CGT CTG GGT ACC ACC TCT ACT GAC CCG GTG TCT GAC ATC GAC GTT ACC CGT CGC GAA GCG TAC CTC TCT TCT GAA GAG TTC AAA GAG AAG TTC GGC ATG ACC AAA GAA GCG TTC TAC AAA CTG CCG AAA TGG AAA CAG AAC AAA TTC AAA ATG GCG GTT CAG CTG TTC,-0.0555802943203581
CCA GCG CAC CCG TAC CCG CGT CTG TTC ACC ACC TCT ACT GAC CCG GTT TCC GAC ATC GAC GTT ACT CGT CGT GAG GCG TAC CTG TCT TCT GAA GAA TTC AAG GAG AAG TTC GGT ATG ACC AAA GAG GCG TTC TAC AAA CTG CCG AAA TGG AAA CAG AAC AAA TTC AAA ATG GCG GTT CAG CTG TTC,0.2444303163749972
CCG GCG ACT CCG TAC GAC CGC CTG AAA ACC ACC TCT ACC GAC CCG GTT TCT GAC ATC GAC GTT ACC CGT CGT GAG GCG TAC CTG TCT TCT GAA GAG TTC AAA GAA AAG TTC GGC ATG ACC AAA GAG GCG TTC TAC AAA CTG CCG AAG TGG AAA CAG AAC AAA TTC AAA ATG GCG GTT CAG CTG TTC,0.8026922083348333
CCG GCG CAC CCG TAC GAC CGT CTG AAA ACC ACT TCT ACC GAC CCG GTG TCT GAT ATC GAC GTT ACC CGT CGT ATC GCG TAC CTG TCT TCT GAG GAG TTC AAA GAA AAA TTC GGC ATG ACC AAA GAA GCG TTC ACC AAA CTC CCG AAA TGG AAA CAG AAC AAA TTC AAA ATG GCT GTT CAG CTG TTC,0.7214616039928755
CCG GCG CAC CCG TAC GAC CGT CTG AAA ACC ACC TCT ACC GAC CCG GTT TCT GAC ATC TGC GTT TCT CGT CGT GAA GCG TAC CTG TCC TCT GAA GAG TTC AAA GAA AAG TTC GGT ATG ACC AAA GAG GCG TTC TAC AAA CTG CCG AAA TGG AAA CAG AAC AAA TTC AAA ATG GCT GTT CAG CTG TTC,1.203028139704864
CCG GCG CAC CCG TAC GAC CGT CTG AAA ACC ACC TCT ACC GAT CCG GTT TCT GAC ATC GAC GTT ACC GGT CGT GAA GCG TAC CTG TCT TCC GAA GAA TTC AAG GAA AAA TTC GGC ATG ACC AAA GAA GCG TTC TAC AAA CTG CCG AAA TGG AAA CAG AAC AAG TTC TTC ATG GCG GTT CAG CTG TTC,0.6810399218049994
CCG GCG CAC CCG TAC GAC TAC CTG AAA ACC ACC TCT ACC TAC CCG GTT TCT GAC ATC GAC GTT ACC CGT CGT GAA GCG TAC CTG TCT TCC GAG GAG TTC AAA GAA AAA TTC GGC ATG ACC AAA GAA GCG TTC TAC AAA CTG CCG AAA TGG AAG CAG AAC AAA TTC AAA ATG GCG GTT CAG CTG TTC,0.6915505604009128
CCA GCG CAC CCG TAC GAC CGT CTG AAA ACC ACC TCT ACC GAC CCG GTT TCT GAT ATC GAC GTT ACC GTT CGT GAA GCG TAC CTG TCT TCT GAG GAA TTC AAG GAG AAG TTC GGT ATG ACC AAA GAA GCG TTC CAG AAA CTG CCG AAA TGG AAA CAG AAC AAA TTC AAA ATG GCG GTT CAG CTG TTC,0.7917744133264077
CCA GCG CAC CCG TAC GAC CGC CTG AAA ACC ACT TCT ACT GAC CCA GTG TCT GAC ATC GAC GTG ACC CGT CGT GGT GCG TAC CTG TCC TCT GAA GAA TTC AAG GAA AAA TTC GGT ATG ACC AAG GAG GCG TTC GAA AAA CTG CCG AAA TGG AAG CAG AAC AAG TTC AAG ATG GCG GTG CAA CTG TTC,0.4379244627309281
CCA GCG CAC CCG TAC GAC CGC CTG AAA ACT ACC TCT ACC GAC CCG GTT TCT GAC ATC GAC GTT ACT CGT CGT GAA GCG TAC CTG GCG TCT GAG AAC TTC AAA GAA AAG TTC GGT ATG ACC AAA GAG GCG TTC TAC AAA CTG CCG AAA TGG AAA CAG AAC AAA TTC AAA ATG GCG GTT CAG CTG TTC,0.6194481385791505
CCG GCT CAC CCG TAC GAC CGT CTG AAA ACC ACC TCT ACC GAC CCG GTT TCT GAC ATC GAC GTT ACC CGT CGT TAT GCG TAC CTG TCC TCC GAA GAG TTC AAA GAG AAG TTC GGT ATG ACC AAG GAA GCG TTC GAA AAA CTG CCG AAA TGG AAA CAG AAC AAA TTC AAA ATG GCG GTT CAG CTG TTC,0.9598641451029496
CCG GCT CAC CCG TAC GAC CGT CTG AAA ACC ACC TCT ACC GAC CCG GTT TCT GAC ATC GAC GTT ACC CGT CGT GAA GCG TAC CTG TCC TCC GAA GAA TTC AAA GAA AAA TTC GGC ATG ACC AAG GAA GCG TTC ACC AAA CTG CCG AAA TGG AAA CAG AAC AAA TTC GAC ATG GCG GTT CAG CTG TTC,-0.0678523824530717
CCG GCG CAC CCG TAT GAC TTC CTG AAG ACC ACC TCT ACC AAC CCG GTT TCT GAC ATC GAC GTT ACC CGT CGT GAA GCG TAC CTG TCC TCC GAA GAA TTC AAG GAA AAG TTC GGT ATG ACC AAA GAA GCG TTC TAT AAG CTG CCG AAG TGG AAA CAG AAC AAG TTC AAA ATG GCG GTT CAG CTG TTC,0.716749887640699
CCG GCG CAC CCA TAC GAC CGT CTG AAA ACC ACC TCT ACC GAC CCG GTT TCT GAC ATC GAC GTT ACC CGT CGT GAA GCG TAC CTC TCC TCC GAA GAA TTC AAG GAG AAA TTC GGT ATG ACC AAA GAA GCG TTC TAT AAA CTG CCG AAA TGG AAA CAG AAC AAA TGC AAA ATG GCG GTG CAG CTG TTC,1.3724520880162552
CCG GCG CAC CCG TAC GAC CGT CTG AAA ACC ACC TCT ACC GAC CCG GTT TCT GAC ATC GAC GTT ACC CAC CGT CGT GCG TAC CTG TCT TCT GAA GAG TTC AAA GAG AAA TTC GGT ATG ACC AAA GAG GCG TTC TAC AAA CTG CCG AAA TGG AAA CAG AAC AAA TTC AAA ATG GCG GTT CAG CTG TTT,0.9324105599635604
CCG GCG CAC CCG TAC GAC CGT CTG AAA ACC ACC TCT ACC GAC CCG GTT TCT GAC ATC GTT GTT TTC CGT CGT GAA GCG TAC CTG TCT TCC GAA GAG TTC AAG GAG AAA TTC GGT ATG ACC AAA GAG GCG TTC TAC AAA CTG CCG AAA TGG AAA CAG AAC AAA TTC AAA ATG GCG GTT CAG CTG TTC,0.1214120787778976
CCG GCG CAC CCG TAC GAC CGT CTG AAA ACC ACC TCT ACC GAT CCA GTT TCT GAC ATC GAC GTT ACC CGT CGT GAA GCG TAC CTG GTG TCC GAA GTT TTC AAG GAA AAA TTC GGT ATG ACC AAG GAG GCG TTC TAC AAA CTC CCG AAA TGG AAA CAG AAC AAG TTC AAA ATG GCG GTT CAG CTG TTC,0.7197507432317626
CCG GCG CAC CCG TAC GAC CGT CTG AAA ACT ACC TCT ACC GAC CCG GTT TCT GAC ATC GAC GTT ACT CGT CGT CAG GCG TAC CTG TCT TCT GAA GAA TTC AAG GAG AAG TTC GGC ATG ACC AAA GAA GCG TTC ATC AAA CTG CCG AAA TGG AAG CAG AAC AAA TTC AAA ATG GCG GTT CAG CTG TTC,0.5015252179439242
CCG GCG CAC CCG TAC AAA CGT CTG CCG ACC ACC TCT ACT GAC CCA GTT TCT GAC ATT GAC GTT ACC CGT CGT GAA GCG TAC CTG TCC TCC GAG GAA TTC AAG GAA AAA TTC GGC ATG ACC AAA GAG GCG TTC TAC AAA CTG CCG AAA TGG AAA CAG AAC AAA TTC AAA ATG GCG GTT CAG CTG TTC,-0.573696256630261
CCA GCG CAC CCG TAC AAA CGC CTG TAC ACC ACC TCT ACT GAC CCG GTT TCT GAC ATT GAC GTT ACC CGC CGT GAA GCG TAC CTG TCT TCC GAA GAG TTC AAA GAG AAG TTC GGT ATG ACC AAG GAG GCG TTC TAC AAA CTG CCG AAA TGG AAA CAG AAC AAA TTC AAG ATG GCG GTG CAA CTG TTC,-0.7292237854492396
CCG GCG CAC CCG TAC GAC CGT CTG AAA ACC ACC TCT ACC GAC CCG GTT TCT GAC ATC GAC GTT ACC TCT CGT TCT GCG TAC CTG TCT TCT GAG GAA TTC AAG GAA AAA TTC GGT ATG ACC AAG GAG GCG TTC TAC AAA CTG CCG AAA TGG AAA CAG AAC AAA TTC AAA ATG GCG GTT CAG CTG TTT,0.6769171220162263
CCA GCG CAC CCG TAC GAC CGT CTG AAA ACC ACC TCT ACC GAC CCG GTG TCC GAC ATC GAC GTT ACC ATG CGT GAA GCT TAC CTG TCC TCT GAG GAA TTC AAG GAA AAG TTC GGT ATG ACC AAG GAG GCG TTC CCG AAA CTG CCG AAA TGG AAA CAG AAC AAA TTC AAA ATG GCG GTT CAG CTG TTC,-1.286836876021033
CCG GCT CAC CCA TAC GAC CGT CTG AAA ACC ACC TCT ACC GAC CCG GTT TCT GAC ATC GAC GTT ACC CGT CGC GAA GCG TAC CTG TCT TCT GAA GAG TTC AAA GAA AAG TTC GGC ATG ACC AAA GAG GCG TTC TAC AAA CTG CCG AAA TGG AAA CAG AAC AAA TTC ACC ATG GCG GTT CAG CTG TTC,0.3144918478157878
CCG GCT CAC CCG TAC GAC CGT CTG AAA ACC ACC TCT ACC GAC CCG GTT TCT GAC ATC GAC GTT ACC CGT CGT GAA GCG TAT CTG TCT TCT GAA GAG TTC AAG GAG AAA TTC GGC ATG ACC AAG GAA GCT TTC CCG AAA CTG CCG AAA TGG AAA CAG AAC AAA TTC CGT ATG GCT GTT CAG CTG TTC,-1.6591704339557132
CCG GCT TCT CCG TAC GAC CGT CTG AAA ACC ACC TCT ACC GAT CCG GTT TCT GAC ATT GAC GTT ACC CGT CGT GAA GCG TAC CTG TCT TCC GAA GAA TTC AAG GAA AAA TTC GGC ATG ACC AAG GAG GCG TTC TAC AAA CTG CCG AAA TGG AAA CAG AAC AAA TTC AAA ATG GCG GTT CAG CTG TTC,0.8115988590851828
CCG GCG CAC CCG TAC GAC CGT CTG AAA ACC ACC TCT ACC GAC CCG GTT TCT GAC ATC AAA GTT GAA CGT CGT GAA GCG TAC CTG TCC TCC GAG GAA TTC AAG GAA AAA TTC GGT ATG ACC AAG GAA GCG TTC TAC AAG CTG CCG AAA TGG AAA CAG AAC AAA TTC AAA ATG GCG GTT CAG CTG TTC,0.90183862160359
CCA GCG CAC CCG TAC GAC CGC CTG AAA ACC ACC TCT ACC GAT CCG GTT TCT GAT ATC GAC GTT ACC CGT CGT GAA GCG TAC CTG TGC TCT GAA GGC TTC AAA GAA AAG TTC GGT ATG ACC AAA GAA GCG TTC TAC AAA CTG CCG AAA TGG AAA CAG AAC AAA TTC AAA ATG GCG GTG CAG CTG TTC,0.9209085882590626
CCG GCG CAC CCG TAC GAC CGT CTG AAA ACC ACC TCT ACC GAC CCG GTT TCT GAC ATC GAC GTT ACT CCG CGT ATG GCG TAC CTG TCT TCT GAA GAA TTC AAG GAG AAA TTC GGT ATG ACC AAG GAA GCG TTC TAC AAA CTG CCG AAA TGG AAA CAG AAC AAA TTC AAA ATG GCG GTT CAG CTG TTC,0.701634783350563
CCG GCG CAT CCG TAC GAC CGT CTG AAA ACC ACC TCT ACC GAC CCG GTG TCT GAC ATC GAC GTT ACC CGT CGT GAA GCG TAC CTG TAC TCC GAG GAC TTC AAA GAA AAA TTC GGC ATG ACC AAA GAA GCG TTT TAC AAG CTC CCG AAA TGG AAG CAG AAC AAA TTC AAA ATG GCG GTT CAG CTG TTC,0.5220736438506894
CCA GCG CAT CCG TAC GAC CGT CTG AAA ACC ACC TCT ACC GAC CCG GTT CAG GAC ATC GAC GTT ACC CGT CGT GAA GCT TAC CTG TCT TCC GAA GAG TTC AAA GAG AAA TTC GGC ATG ACT AAG GAG GCG TTC TAC AAA CTG CCG AAA TGG AAA CAG AAC AAA TTC AAA ATG GCG GTG CAA CTG TTT,1.6362737947901078
CCG GCG CAC CCG TAC GAC CGT CTG AAA ACC ACC TCT ACC GAC CCG GTT TCT GAC ATC GAC GTT ACC CGT CGT GAA GCG TAT CTG CAG TCC GAA GAA TTC AAG GAA AAA TTC GGC ATG ACC AAA GAG GCG TTC TAC AAA CTG CCG AAA TGG AAA CAG AAC AAG TTC AAA ATG GCG GTT CAG CTG TTC,0.2569457152894175
CCG GCT CAC CCG TAC GAC CGT CTG AAA ACC ACC TCT ACC GAC CCG GTT TCT GAC ATC GAC GTT ACC GGT CGT GAT GCG TAC CTG TCC TCT GAA GAG TTC AAA GAG AAA TTC GGC ATG ACC AAG GAA GCG TTC TAC AAA CTC CCG AAG TGG AAA CAG AAC AAA TTC AAA ATG GCG GTT CAG CTG TTC,0.6266761157483633
CCG GCT CAC CCG TAC GAC CGT CTG AAA ACC ACC TCT ACC GAC CCG GTT TCT GAC ATC GAC GTT ACC ATG CGT GAA GCG TAC CTG TCT TCC GAA GAA TTC AAG GAA AAA TTC GGC ATG ACC AAA GAA GCG TTC TAC AAA CTG CCG AAG TGG AAA CAA AAC AAG TTC ACC ATG GCG GTG CAG CTG TTC,0.5464786710828095
CCA GCG CAC CCG TAC GAC CGT CTG AAA ACC ACC TCT ACC GAC CCG GTT TCT GAC ATC GAC GTT ACC TTC CGT GAA GCG TAC CTG TCT TCT GAG GAA TTC AAG GAA AAG TTC GGC ATG ACC AAA GAA GCG TTC TAC AAA CTG CCG AAG TGG AAA CAG AAC AAA TTC TGG ATG GCG GTT CAG CTG TTC,1.2062882202123786
CCG GCG CAC CCG TAC GAC CGT CTG AAA ACC ACC TCT ACC GAC CCG GTT TCT GAT ATC GAC GTT ACC AAA CGT AAA GCG TAC CTC TCC TCT GAG GAG TTT AAA GAA AAG TTC GGT ATG ACC AAG GAA GCG TTC TAC AAG CTC CCG AAA TGG AAA CAA AAC AAA TTC AAA ATG GCG GTT CAG CTC TTC,0.578582268683179
CCG GCT CAC CCG TAC GAC CGT CTG AAA ACC ACC TCT ACC GAC CCG GTT TCT GAT ATC GAC GTT ACC CGT CGT GAA GCG TAC CTG TCT TCT GAA GAA TTC AAA GAG TGG TTC GGT ATG ACC AAA GAA GCG TTC TAC AAA CTG CCG AAA TGG AAA CAG AAC AAG TTC AAA ATG GCG GTT CAG CTG TTC,1.310812876979632
CCA GCT CAT CCG TAC GAC CGT CTG AAA ACC ACC TCT ACC GAC CCG GTG TCT GAC ATT GAC GTT ACC TTC CGT GTT GCG TAC CTG TCC TCT GAA GAG TTC AAG GAA AAG TTC GGT ATG ACC AAA GAA GCG TTT TAC AAG CTG CCG AAA TGG AAA CAG AAC AAA TTC AAA ATG GCG GTT CAG CTG TTC,0.886472665026707
CCG GCT CAC CCG TAC TTC CGT CTG AAA ACC ACC TCT ACC GAT CCA GTT TCT GAC ATT GAC GTT ACC CGT CGT GAG GCT TAT CTG TCC TCT GAG GAA TTC AAG GAA AAA TTC GGT ATG ACC AAG GAG GCG TTC TAC AAA CTG CCG AAA TGG AAA CAG AAC AAG TTC AAA ATG GCG GTG CAG CTG TTC,0.1931903649684701
CCG GCG CAC CCG TAC CCG CGT CTG CCG ACT ACC TCT ACC GAC CCA GTT TCC GAC ATT GAC GTT ACC CGT CGT GAA GCG TAC CTG TCC TCT GAA GAG TTC AAG GAA AAA TTC GGT ATG ACC AAG GAG GCG TTC TAC AAA CTG CCG AAA TGG AAA CAG AAC AAA TTC AAA ATG GCG GTT CAG CTG TTC,0.844344511034762
CCG GCG CAT CCG TAC GAC CGT CTG AAA ACC ACC TCT ACC GAC CCG GTT TCT GAC ATC GGT GTT TCT CGT CGT GAA GCG TAC CTG TCT TCC GAG GAG TTC AAA GAA AAA TTC GGC ATG ACC AAA GAA GCG TTC TAC AAG CTG CCG AAA TGG AAG CAG AAC AAA TTC AAA ATG GCG GTT CAG CTG TTC,0.5591130858749567
CCG GCG CAT CCG TAC GAC CGT CTG AAA ACC ACC TCT ACT GAC CCG GTT TCT GAC ATC GAC GTT ACT CGC CGT GAA GCG TAC CTC TCC TCT GAA GAG TTC AAG GAA AAA TTC GGT ATG ACC AAG GAA GCG TTC AAG AAA CTG CCG AAA TGG AAA CAA AAC AAA TTC CAC ATG GCT GTT CAG CTG TTC,0.4980226295728833
CCG GCG CAC CCG TAC GAC CGT CTG AAA ACC ACT TCT ACC GAC CCG GTT TCT GAC ATC GAC GTT ACC TGG CGT CAC GCG TAC CTG TCT TCT GAA GAG TTC AAA GAA AAG TTC GGC ATG ACC AAG GAG GCG TTC TAC AAA CTG CCG AAA TGG AAA CAG AAC AAA TTC AAA ATG GCG GTT CAG CTG TTC,0.7085176380283282
CCG GCT CAC CCG TAC GAC CGC CTC AAA ACC ACT TCT ACC GAC CCG GTT TCT GAC ATT GAC GTG ACC CGT CGT GAG GCG TAC CTG TCT TCT GAA GAG TTC AAG GAA AAG TTC GGT ATG ACC AAG GAA GCG TTC GTT AAG CTG CCG AAG TGG AAA CAG AAC AAA TTC GAA ATG GCG GTT CAA CTG TTC,0.0863505103125888
CCG GCG CAC CCG TAC GAC CGT CTG AAA ACC ACC TCT ACC GAC CCG GTT TCT GAC ATC GAC GTT ACT CCA CGT GAC GCG TAT CTG TCT TCT GAG GAG TTC AAA GAA AAG TTC GGC ATG ACC AAA GAG GCG TTC TAC AAA CTG CCG AAA TGG AAA CAG AAC AAA TTC AAA ATG GCG GTT CAG CTG TTC,0.2789007949765241
CCA GCG CAT CCG TAC GAC CGT CTG AAA ACC ACC TCT ACC GAC CCG GTT TCT GAC ATT GAC GTT ACT ACT CGC GAA GCG TAC CTG TCT TCC GAA GAG TTC AAG GAA AAA TTC GGC ATG ACC AAA GAG GCG TTC CAG AAA CTG CCG AAA TGG AAG CAG AAC AAA TTC AAA ATG GCG GTT CAG CTC TTT,0.5613755979113401
CCG GCG CAT CCG TAC CAC CGT CTG ATG ACC ACC TCT ACC GAC CCG GTT TCT GAC ATC GAC GTT ACC CGT CGT GAA GCG TAC CTG TCT TCC GAA GAA TTC AAG GAA AAA TTC GGC ATG ACC AAG GAA GCG TTT TAC AAA CTG CCG AAA TGG AAG CAG AAC AAA TTC AAA ATG GCG GTT CAG CTG TTC,0.6983579999925766
CCA GCG CAC CCG TAC GAC CGT CTG AAA ACC ACC TCT ACC GAC CCA GTT TCT GAC ATT GAC GTT ACC CGT CGT GAA GCT TAC CTG TCT TCT GAA GAG TTC AAG GAG AAA TTT GGC ATG ACC AAA GAA GCG GAA TAC AAA CTG CCG AAA TGG AAG CAG AAC AAA TTC AAA ATG GCT GTT CAG CTG TTC,-0.6244492230551655
CCG GCG CAC CCG TAC GAC CGT CTG TTC ACC ACC TCT ACC GAC CCG GTT TCT GAT ATC GAC GTT ACC CGT CGT GAG GCG TAC CTG TCT TCT GAG GAA TTC AAG GAA AAG TTC GGC ATG ACC AAG GAA GCG TTC TAC AAA CTG CCG AAA TGG AAA CAG AAC AAA TTC AAA ATG GCG GTT CAG CTG TTC,1.017141580410648
CCG GCT CAC CCG TAC GAC CGC CTG AAA ACC ACC TCT ACC GAC CCG GTT TCT GAC ATC GAC GTT ACC GCG CGT GAA GCG TAC CTC TCC TCT GAA GAA TTC AAG GAG AAA TTC GGC ATG ACC AAA GAG GCG TTC TTC AAA CTC CCG AAA TGG AAA CAG AAC AAG TTC AAA ATG GCT GTT CAG CTG TTC,0.6780434025333454
CCA GCG CAC CCG TAC GAC CAC CTG AAA ACT ACC TCT ACC GAC CCG GTT TCT GAC ATC GAC GTG ACC CGT CGC GAG GCG TAC CTG TCT TCC GAA GAG TTC AAA GAA AAG TTC GGC ATG ACC AAA GAG GCG TTC TAC AAG CTG CCG AAA TGG AAA CAG AAC AAA TTC AAA ATG GCT GTG CAG CTG TTT,0.89860140517325
CCA GCG CAC CCG TAC GAC CGT CTG AAA ACC ACC TCT ACC GAC CCG GTT TCT GAC ATC GAC GTT ACC CGT CGT GAA GCG TAC CTC TCC TCT GAG GAG TTT AAG GAA AAA TTC GGC ATG ACC AAA GAA GCG TTC TAC AAA CTC CCG AAA TGG AAA CAG AAC AAG TTC AAA ATG GCG CAG CAG CTG TTC,1.0638613585227057
CCG GCG CAT CCG TAC GAC CGT CTG AAA ACC ACC TCT ACC GAT CCG GTT TCT GAC ATC GAC GTT ACC CGT CGC GAA GCG TAC CTG TCT TCC GAG GAA TTC AAG GAA AAA TTC GGT ATG ACC AAG GAA GCG TTC TAC AAG CTG CCG AAA TGG AAA CAG AAC AAA ACC AAA ATG GCT GTT CAG CTG TTC,0.6702660917619243
CCA GCG CAT CCG TAC GAC CGT CTG AAA ACC ACC TCT ACC GAC CCG GTT TCT GAC ATC GAC TGC ACC CGT CGT GAA GCG TAC CTC TCT TCT GAA GAA TTC AAG GAA AAA TTC GGC ATG ACC AAA GAA GCG TTC TAT AAA CTC CCG AAG TGG AAG CAG AAC AAA TTC AAA ATG GCT GTT CAG CTG TTC,1.173816316669846
CCG GCG GAA CCG TAC GAC CGT CTG AAA ACC ACC TCT ACC GAC CCG GTT TCT GAC ATT GAC GTT ACC CGT CGT GAA GCG TAC CTC TCT TCC GAG GAA TTC AAG GAA AAG TTC GGT ATG ACC AAA GAG GCG TTT TAC AAA CTG CCG AAA TGG AAG CAG AAC AAA TTC AAA ATG GCG GTT CAG CTG TTC,0.8044188854440124
CCG GCG CAC CCG TAC GAC CGT CTG AAA ACC ACC TCT ACC GAC CCG GTT TCT GAC ATC GAC GTT ACC CCG CGT GAA GCT TAC CTG TCC TCT GAA GAA TTC AAG GAA AAG TTC GGT ATG ACC AAG GAA GCG TTT AAC AAA CTG CCG AAA TGG AAA CAG AAC AAA TTC AAA ATG GCG GTT CAG CTG TTC,0.6221923747520455
CCG GCG CAG CCG TAC GAC CGT CTG AAA ACC ACC TCT ACC GAC CCG GTT TCT GAC ATC GAC GTT ACC CGT CGT GAA GCG TAC CTG TCT TCC GAG GAG TTC AAA GAA AAA TTC GGT ATG ACC AAA GAG GCG TTC TAC AAG CTG CCG AAA TGG AAA CAG AAC AAA TTC AAA ATG GCG GTT CAG CTG TTT,0.8583683033031875
CCG GCG CAC CCG TAC GAC CGT CTG AAA ACC ACC TCT ACC GAC CCG GTT TCT GAC ATC GAC GTT ACC GGT CGT GAA GCG TAC CTG TCT TCC GAA GAG TTC AAG GAG AAG TTC GGT ATG ACC AAA GAA GCG TTC TAC AAG CTG CCG AAA TGG AAA CAG AAC AAA TTC GAC ATG GCG GTG CAG CTC TTC,0.2571759671486969
CCG GCG CAC CCG TAC GAC CGT CTG AAA ACC ACC TCT ACC GAC CCG GTT TCT GAC ATT GAT GTT ACC CGT CGT GAA GCG TAC CTG CTG TCT GAG CAG TTC AAA GAA AAA TTC GGT ATG ACC AAG GAG GCG TTC TAC AAA CTG CCG AAA TGG AAA CAG AAC AAA TTC AAA ATG GCG GTT CAG CTG TTC,0.8660153223385454
CCA GCG CAC CCG TAC GAC CGT CTG AAA ACC ACC TCT ACC GAC CCA GTT TCT GAC ATC GAC GTT ACC CGT CGT AAA GCG TAC CTG TCT TCT GAA GAG TTC AAA GAG AAG TTC GGT ATG ACC AAA GAG GCG TTC TAC AAA CTG CCG AAG TGG AAA CAG AAC AAA TTC GAC ATG GCG GTT CAG CTG TTC,0.0191940104444863
CCG GCG CAC CCG TAT GAC CGT CTG AAA ACC ACC TCT ACC GAT CCG GTT TCT GAC ATC GAC GTT ACC ATC CGT GAA GCG TAC CTG TCC TCT GAA GAA TTC AAG GAA AAG TTC GGC ATG ACT AAA GAA GCG TTC ATC AAA CTG CCG AAG TGG AAA CAG AAC AAA TTC AAA ATG GCG GTG CAG CTG TTC,0.6416808826503256
CCG GCG CAC CCG TAC GAC CGT CTG AAA ACC ACC TCT ACC GAT CCG GTT TCT GAT ATC GAC GTT ACC CGT CGT TGG GCG TAC CTG TCT TCT GAA GAG TTC AAA GAG AAA TTC GGT ATG ACC AAG GAA GCG TTC CCG AAA CTG CCG AAA TGG AAA CAG AAC AAA TTC AAA ATG GCG GTT CAG CTG TTC,-0.4591550064307826
CCG GCG CAC CCG TAC GAC CGT CTG AAA ACC ACT TCT ACC GAC CCA GTT TCT GAC ATC GAC GTT ACC CGC CGT GAG GCG TAC CTG TCT TCT GAA GAG CTG AAA GAA AAG TTC GGC ATG ACC AAA GAG GCG TTC TAC AAA CTG CCG AAA TGG AAA CAG AAC AAA TTC AAA ATG GCG GTT CAG CTG TTC,0.1974693762558673
CCG GCG CAC CCG TAC GAC CGT CTG AAA ACC ACC TCT ACC GAC CCG GTT TCT GAT ATC GAC GTT ACC CGT CGT GAA GCG TAC CTG TGG TCT GAA TGC TTC AAA GAA AAG TTC GGT ATG ACC AAA GAA GCG TTC TAC AAA CTG CCG AAA TGG AAG CAG AAC AAA TTC AAA ATG GCG GTG CAG CTG TTC,1.3805747274611608
CCG GCG CAC CCG TAC GAC CGT CTG AAC ACC ACC TCT ACT GAC CCG GTT TCT GAC ATT GAC GTT ACC CGT CGT GAA GCG TAC CTG TCT TCC GAA GAG TTC AAG GAG AAA TTC GGT ATG ACC AAG GAA GCG TTC TAC AAA CTG CCG AAA TGG AAA CAG AAC AAA TTC AAA ATG GCG GTT CAG CTG TTC,1.1206782586156607
CCG GCG CAC CCG TAC GAC CGT CTG AAA ACC ACC TCT ACC GAC CCG GTT TCT GAC ATC GAC GTT ACC AAA CGT GAA GCG TAC CTG TCT TCT GAA GAG TTC AAG GAA AAA TTC GGC ATG ACC AAA GAA GCG TTC TAC AAA CTG CCG AAA TGG AAG CAG AAC AAA TTC TGG ATG GCG GTT CAG CTG TTC,1.1194902542242628
CCG GCT CAC CCG TAC GAC CGT CTG AAA ACC ACC TCT ACC GAC CCG GTT TCT GAC ATC TAC GTT GCG CGT CGC GAA GCG TAC CTC TCT TCC GAG GAA TTT AAG GAA AAG TTC GGT ATG ACC AAG GAA GCG TTC TAC AAA CTG CCG AAA TGG AAG CAG AAC AAA TTC AAA ATG GCT GTT CAG CTG TTC,0.4014644608325784
CCA GCG CAC CCG TAC GAC CGT CTG AAA ACC ACC TCT ACC GAC CCG GTT TCT GAC ATC GAC GTT ACC CGT CGC TCC GCG TAC CTG TCT TCT GAG GAG TTC AAG GAA AAG TTC GGT ATG ACC AAG GAA GCG TTC TAC AAG CTG CCG AAA TGG AAA CAG AAC AAA TTC TGG ATG GCG GTG CAG CTC TTC,1.256896698860022
CCG GCG CAC CCG TAC GAC CGT CTG AAA ACC ACC TCT ACC GAC CCG GTT TCT GAC ATC GAC GTT ACC CGT CGT GAA GCG TAC CTG TCC TCT GAA GAG TTC AAG GAA AAA TTC GGT ATG ACC AAA GAG GCG TTC TAC AAG CTG AAT AAG TGG AAA CAG AAC AAG TTC AAG ATG GCG GTT CAA CTG TTC,0.3796407531265224
CCA GCG CAC CCG TAT GAT TGC CTG AAA ACC ACT TCT ACC GAC CCA GTG TCC GAC ATT GAC GTT ACC CGC CGT GAA GCG TAC CTG TCT TCC GAA GAG TTC AAA GAA AAG TTC GGC ATG ACC AAA GAG GCT TTC TAC AAA CTG CCG AAA TGG AAA CAG AAC AAA TTC AAA ATG GCT GTT CAG CTC TTC,1.5208194935157735
CCA GCT CAC CCG TAC GAC CGT CTG AAA ACC ACC TCT ACC GAT CCG GTT TCT GAC ATC GAC GTT ACC CGT CGT TAC GCT TAC CTG TCT TCT GAA GAG TTC AAA GAG AAA TTC GGC ATG ACC AAA GAA GCG TTC CAG AAA CTG CCG AAA TGG AAA CAG AAC AAA TTC AAA ATG GCG GTT CAG CTC TTC,0.7329666678336405
CCA GCG CAC CCG TAC GAC CGT CTG AAA ACC ACT TCT ACC GAC CCA GTT TCT GAC ATC GGT GTT CTC CGT CGT GAA GCG TAC CTG TCT TCC GAA GAG TTC AAA GAA AAG TTC GGC ATG ACC AAA GAG GCT TTT TAC AAA CTG CCG AAG TGG AAG CAG AAC AAA TTC AAA ATG GCG GTT CAG CTG TTC,0.6787707401193661
CCG GCT CAC CCG TAC GAC CGT CTG AAA ACC ACC TCT ACC GAC CCG GTT TCT GAC ATC GAC GTT ACC CGT CGT GAC GCG TAC CTG TCC TCT GAA GAA TTC AAA GAA AAG TTC GGC ATG ACC AAA GAA GCG TTC TAC AAA CTG CCG AAA TGG AAA CAG AAC AAA TTC CAC ATG GCG GTG CAG CTG TTC,0.3576006584273237
CCG GCG CAC CCG TAC GAC CGT CTG AAA ACC ACC TCT ACC GAC CCG GTT TCT GAC ATC GAC GTT ACC CGT CGT GAA GCG TAC CTG TCT TCT GAG GAG TTC AAA GAG AAA TTC GGC ATG ACC AAA GAA GCG TTC CCG AAA CTG CCA AAG TGG AAA CAG AAC AAA TTC GAA ATG GCG GTT CAG CTC TTC,-1.0547881584528302
CCG GCG CAC CCG TAC GAC CGT CTG AAA ACC ACC TCT ACC GAT CCG GTT TCT GAT ATC GAC GTT ACC CGC CGT GAG GCG TAC CTG TCC TCT GAA GAA TTC AAA GAA AAG TTC GGT ATG ACC AAA GCG GCG TTC TAC AAA CTG CCG AAA TGG AAA CAG AAC AAA TTC AAG ATG GCG GTG CAG CTC TTC,1.1813575067116626
CCA GCG CAC CCA TAC GAC CGT CTG AAA ACC ACC TCT ACC GAC CCG GTT TCT GAC ATC GAC GTT ACC CGT CGT AAC GCT TAC CTC TCT TCC GAG GAG TTC AAA GAA AAA TTC GGT ATG ACC AAG GAG GCG TTC TAC AAG CTG CCG AAA TGG AAA CAG AAC AAA TTC TGG ATG GCG GTT CAG CTG TTT,1.0845700343421436
CCG GCG CAC CCG TAC GAC CGT CTG AAA ACT ACC TCT ACC GAC CCA GTT TCT GAC ATC GAC GTG ACC CGT CGT GAA GCG TAC CTG TTC TCT GAG CAG TTC AAG GAG AAA TTT GGC ATG ACT AAA GAG GCG TTC TAC AAA CTG CCG AAA TGG AAA CAG AAC AAA TTC AAA ATG GCG GTT CAG CTG TTT,0.5808192493414326
CCA GCG CAC CCG TAC GAC CGT CTC AAA ACC ACT TCT ACC GAC CCG GTT TCT GAC ATC GAC GTT ACC CGT CGT TGG GCG TAC CTC TCC TCT GAG GAA TTC AAA GAA AAG TTC GGT ATG ACC AAG GAA GCG TTC TAC AAA CTG CCG AAA TGG AAA CAG AAC AAA TTC GTT ATG GCG GTG CAG CTG TTC,1.0506754206236075
CCA GCG CAT CCG TAC GAC CGT CTG AAA ACT ACC TCT ACC GAC CCG GTT TCT GAT ATC CAC GTT TCT CGT CGT GAA GCG TAC CTG TCT TCT GAA GAA TTC AAG GAG AAG TTC GGC ATG ACC AAA GAA GCG TTC TAC AAA CTG CCG AAA TGG AAG CAG AAC AAA TTC AAA ATG GCG GTT CAG CTG TTC,0.6983168224172684
CCG GCG CAC CCG TAC GAC CGT CTG AAA ACT ACC TCT ACC GAC CCG GTT TCT GAC ATT GAC GTT ACC CGC CGT GAA GCG TAC CTG TGC TCT GAG TGG TTC AAA GAA AAG TTC GGT ATG ACC AAA GAA GCG TTC TAC AAA CTG CCG AAA TGG AAA CAG AAC AAA TTC AAA ATG GCG GTG CAG CTG TTT,1.0870936513724283
CCG GCG CAC CCA TAC GAC CGT CTG AAA ACC ACC TCT ACC GAC CCG GTT TCT GAC ATC GAC GTT ACC ATC CGT ATC GCG TAC CTG TCT TCT GAA GAG TTC AAG GAA AAG TTC GGT ATG ACC AAA GAA GCG TTC TAC AAA CTG CCG AAA TGG AAA CAG AAC AAA TTC AAA ATG GCG GTT CAG CTG TTC,1.03705119150638
CCG GCG CAT CCG TAC GAC CGT CTG AAA ACC ACC TCT ACC GAC CCA GTT TCT GAC ATC GAC GTT ACC CGT CGT AAA GCG TAC CTC TCC TCT GAA GAG TTC AAA GAA AAA TTC GGC ATG ACC AAA GAA GCG TTC CGT AAA CTG CCG AAA TGG AAA CAG AAC AAA TTC AAA ATG GCG GTT CAG CTG TTC,0.6747133614677131
CCG GCG CAT CCG TAC GAC CGT CTG AAA ACT ACC TCT ACC GAC CCA GTT TCT GAC ATC GAC GTT ACC TCT CGT TGG GCG TAC CTG TCT TCT GAG GAG TTC AAA GAA AAA TTC GGT ATG ACC AAG GAG GCG TTC TAC AAA CTG CCG AAA TGG AAA CAG AAC AAA TTC AAA ATG GCG GTT CAG CTG TTC,0.7771329194897335
CCG GCG CAT CCG TAC GAC CGT CTG AAA ACC ACC TCT ACC GAC CCA GTT TCT GAC ATC GAC GTT ACC CGT CGC GAA GCG TAC CTG TCT TCT GAG GAA TTC AAA GAA AAA TTC GGC TGG ACC AAA GAA GCG TTC TAC AAA CTG CCG AAA TGG AAA CAG AAC AAG TTC AAA ATG GCG GTT CAG CTG TTC,0.5540906196991647
CCA GCT CAC CCG TAC GAC CGT CTG AAA ACC ACC TCT ACC GAC CCG GTT TCT GAC ATC GAC GTT ACC CGT CGT TGG GCG TAC CTG TCT TCC GAG GAA TTC AAA GAA AAG TTC GGT ATG ACC AAA GAG GCG TTC TAC AAG CTG CCG AAA TGG AAA CAG AAC AAA TTC ACC ATG GCG GTT CAG CTG TTC,0.938886225723773
CCA GCG CAT CCG TAC GAC CGT CTG AAA ACC ACC TCT ACT GAC GAA GTT TCC GAC ATC GAC GTT ACC CGT CGT GAA GCG TAC CTG TCC TCC GAG GAG TTT AAA GAA AAG TTC GGT ATG ACC AAA GAA GCG TTC TAC AAG CTG CCG AAA TGG AAA CAG AAC AAA TTC AAA ATG GCG GTT CAG CTG TTC,0.6769865404391684
CCG GCG CAC CCG TAC GAT CCG CTG AAG ACC ACC TCT ACC CAC CCG GTT TCT GAC ATC GAC GTT ACC CGT CGT GAA GCG TAC CTG TCT TCC GAG GAA TTC AAG GAA AAA TTC GGT ATG ACC AAA GAG GCG TTC TAC AAA CTG CCG AAG TGG AAA CAG AAC AAA TTC AAA ATG GCT GTT CAG CTG TTC,0.882776102323465
CCG GCT CAC CCG TAC GAC CGT CTG AAA ACC ACC TCT ACC GAC CCG GTT TCT GAC ATC TGG GTT TAC CGT CGT GAA GCG TAC CTG TCT TCC GAG GAG TTC AAA GAA AAG TTC GGT ATG ACC AAA GAG GCG TTC TAC AAG CTG CCG AAA TGG AAA CAG AAC AAA TTC AAA ATG GCT GTT CAG CTG TTT,0.1688513934015307
CCG GCG CAC CCG TAC GAC CGT CTG AAA ACC ACT TCT TTC GAC CCG GTT TCT GAC ATC GAC GTT ACC CGT CGT GAA GCG TAC CTG TCC TCC GAA GAA TTC AAG GAA AAA TTC GGT ATG ACC AAG GAA GCG TTC TAC AAA CTC CCG AAA TGG AAG CAG AAC AAA TTC AAA ATG GCG GTT CAG CTG TTC,0.8780604174568
CCG GCG CAC CCG TAC GAC CGT CTG AAA ACC ACC TCT ACC GAC CCG GTT TCT GAC ATC GAC GTT ACC ACC CGT GAA GCG TAC CTC TCC TCT GAA GAA TTC AAA GAG AAG TTC GGT ATG ACC AAA GAG GCG TTC GAA AAA CTG CCG AAA TGG AAA CAG AAC AAG TTC AAG ATG GCG GTG CAG CTG TTC,0.7064534146984232
CCG GCG CAC CCG TAC GAC CGT CTG AAA ACT ACC TCT ACC GAC CCG GTT TCT GAC ATC GAC GTT ACC CGT CGT GAA GCG TAC CTG AAC TCC GAG GGT TTC AAA GAA AAG TTC GGT ATG ACC AAA GAG GCG TTC TAC AAA CTG CCG AAA TGG AAG CAG AAC AAA TTC AAA ATG GCG GTT CAG CTG TTC,0.4880646378611285
CCG GCT CAC CCG TAC GAT ATG CTG AAA ACC ACC TCT ACC TGC CCG GTT TCT GAC ATC GAC GTT ACC CGT CGT GAA GCG TAC CTC TCC TCC GAG GAA TTC AAA GAA AAG TTC GGT ATG ACC AAA GAA GCG TTT TAC AAA CTG CCG AAA TGG AAG CAG AAC AAA TTC AAG ATG GCT GTT CAG CTC TTC,1.2460097335336628
CCA GCG CAC CCG TAC GAC CGT CTC AAA ACC ACC TCT ACC GAC CCG GTT TCT GAC ATC GAC GTT ACT ACT CGT GAA GCG TAC CTG TCC TCT GAG GAA TTC AAG GAA AAG TTC GGT ATG ACC AAG GAA GCG TTC TAC AAG CTC CCG AAA TGG AAA CAG AAC AAG TTT AAC ATG GCG GTT CAG CTG TTC,0.7330747565308073
CCA GCG CAC CCG TAC GAC CGT CTG AAG ACC ACC TCT ACC CTG CCG GTT TCT GAC ATC GAC GTT ACC CGT CGC GAA GCT TAC CTG TCT TCC GAG GAA TTC AAA GAA AAG TTC GGT ATG ACC AAG GAA GCG TTC TAC AAG CTG CCG AAG TGG AAA CAG AAC AAA TTC AAG ATG GCG GTT CAG CTG TTC,0.8457507733278002
CCG GCG CAC CCG TAC GAA CGT CTG CGT ACC ACC TCT ACC GAC CCG GTT TCT GAC ATC GAC GTT ACC CGT CGC GAA GCG TAC CTC TCT TCT GAG GAA TTC AAG GAA AAG TTC GGC ATG ACC AAG GAG GCG TTC TAC AAG CTG CCG AAA TGG AAA CAA AAC AAA TTC AAA ATG GCG GTT CAG CTG TTC,0.7662319841570663
CCG GCG CAC CCG TAC GAC CGT CTG AAA ACC ACC TCT ACC GAC CCG GTT TCT GAC ATC GAC GTT ACC CGT CGT GAA GCT TAC CTG TAC TCC GAG GCG TTC AAA GAA AAA TTC GGT ATG ACC AAA GAA GCG TTC TAC AAA CTG CCG AAA TGG AAA CAG AAC AAA TTC AAA ATG GCG GTT CAG CTC TTC,0.5697656104521829
CCG GCG CAC CCG TAC GAC CGT CTG AAA ACC ACT TCT ACC GAC CCG GTT TCT GAC ATT GAC GTT ACC CGT CGT GAG GCG TAC CTG TCT TCT GAG GAG TTC AAA GAA AAG TTC GGT ATG ACC AAA GAG GCG TTC TAC AAA CTG CCG AAA CGT AAA CAG AAC AAA TTC AAA ATG GCT GTT CAG CTG TTC,0.6083362308241611
CCA GCG CAC CCG TAC GAC CGT CTG AAA ACC ACC TCT ACC GAC CCG GTT TCT GAT ATC GAC GTT ACC CGT CGT AAA GCG TAC CTG TCT TCT GAG GAA TTC AAG GAA AAG TTC GGT ATG ACC AAG GAA GCG TTC TAC AAG CTG CCG AAA TGG AAA CAG AAC AAA TTC AAC ATG GCG GTT CAG CTG TTC,0.1733388207609403
CCG GCG CAT CCG TAC ATG CGT CTG ATG ACC ACC TCT ACC GAT CCG GTT TCT GAT ATC GAC GTT ACC CGT CGT GAA GCG TAC CTC TCC TCT GAG GAG TTC AAA GAG AAA TTC GGC ATG ACC AAG GAG GCG TTC TAC AAA CTG CCG AAA TGG AAA CAG AAC AAA TTC AAG ATG GCG GTT CAG CTG TTC,-0.1815201503307534
CCG GCG CAC CCG TAC GAC GGT CTG AAA ACC ACT TCT ACT GAA CCA GTT TCT GAC ATC GAC GTT ACT CGT CGT GAA GCG TAC CTC TCC TCC GAG GAA TTC AAG GAA AAA TTC GGT ATG ACC AAG GAA GCG TTC TAC AAG CTC CCG AAA TGG AAA CAG AAC AAA TTC AAA ATG GCG GTT CAG CTG TTC,0.7458061557157258
CCA GCT CAT CCG TAC GAC CGT CTG AAA ACC ACC TCT ACC GAT CCG GTT TCT GAC ATC GAC GTT ACC CGT CGT ACC GCG TAC CTG TCC TCC GAA GAA TTC AAG GAA AAA TTC GGT ATG ACC AAG GAA GCT TTC GGT AAG CTG CCG AAA TGG AAA CAG AAC AAA TTC AAA ATG GCG GTT CAG CTG TTC,0.550599713102375
CCG GCG CAC CCG TAC GAC CGT CTG AAA ACC ACC TCT ACC GAC CCG GTT TCT GAC ATC GAC GTT ACC TTC CGT TAT GCG TAC CTG TCC TCT GAG GAG TTC AAA GAG AAA TTC GGT ATG ACC AAA GAA GCG TTC TAC AAG CTG CCG AAA TGG AAA CAG AAC AAA TTC AAA ATG GCG GTT CAG CTG TTC,0.6821084747613513
CCG GCG CAC CCG TAC ACC CGT CTG GTT ACT ACC TCT ACC GAT CCG GTT TCT GAC ATC GAC GTT ACT CGT CGT GAA GCG TAC CTG TCC TCT GAA GAA TTC AAG GAA AAA TTC GGC ATG ACC AAA GAA GCG TTC TAC AAA CTG CCG AAA TGG AAG CAG AAC AAG TTC AAA ATG GCT GTG CAG CTG TTC,0.4757300171536939
CCG GCG CAC CCG TAC GAC CGT CTG AAA ACC ACC TCT ACC GAC CCG GTG TCT GAC ATC GAC GTT ACC CGT CGC GAG GCG TAC CTG GTT TCT GAA TAC TTC AAG GAG AAA TTC GGT ATG ACC AAA GAG GCG TTC TAC AAA CTG CCG AAA TGG AAA CAG AAC AAA TTC AAA ATG GCT GTT CAA CTG TTC,0.5143079194595832
CCG GCG CAC CCG TAC GAC CGT CTG AAA ACC ACC TCT ACC GAT CCG GTT TCT GAC ATC GAC GTT ACC CGT CGT GAA GCG TAC CTG CTG TCT GAG ATG TTC AAG GAG AAG TTC GGT ATG ACC AAG GAG GCG TTC TAC AAA CTG CCA AAG TGG AAA CAG AAC AAA TTC AAA ATG GCG GTT CAG CTG TTC,0.5115141718564091
CCG GCG CAT CCG TAC GAC CGT CTG AAA ACC ACC TCT ACC GAC CCG GTT TCT GAC ATT GTT GTT TGG CGT CGT GAA GCG TAC CTG TCT TCC GAA GAA TTC AAG GAA AAG TTC GGC ATG ACC AAG GAA GCG TTC TAC AAA CTG CCG AAG TGG AAA CAG AAC AAA TTC AAA ATG GCT GTT CAG CTG TTC,-0.1286878957986849
CCG GCG CAC CCG TAC GAC CGT CTG AAA ACC ACC TCT ACC GAC CCG GTT TCT GAC ATC GAC GTT ACC AAA CGT GAA GCG TAC CTG TCC TCT GAA GAA TTC AAG GAA AAG TTC GGC ATG ACC AAA GAA GCG TTC GCT AAG CTG CCG AAA TGG AAA CAG AAC AAA TTC AAA ATG GCG GTT CAG CTG TTC,0.685341420517696
CCG GCT CAC CCG TAC GAC CGT CTG AAA ACC ACC TCT ACC GAC CCG GTT TCT GAC ATC GAC GTT ACC CGT CGT GAA GCG TAC CTG TCC TCT GAA GAA TTC AAG GAG AAA TTC GGC ATG ACC AAA GAA GCG TTT GCG AAA CTG CCA AAA TGG AAA CAG AAC AAA TTC AAC ATG GCG GTT CAG CTG TTC,0.2884307533706887
CCG GCT CAC CCG TAC TGG CGT CTG TTC ACC ACC TCT ACC GAC CCG GTT TCT GAC ATC GAC GTT ACC CGT CGT GAA GCG TAT CTG TCC TCT GAG GAG TTC AAA GAA AAA TTC GGC ATG ACC AAA GAA GCG TTC TAC AAA CTC CCG AAA TGG AAA CAG AAC AAG TTC AAG ATG GCT GTT CAG CTG TTT,0.9161293438750782
CCG GCG CAC CCG TAC GAC CGT CTG AAA ACT ACC TCT ACC GAC CCG GTG TCT GAC ATT GAC GTT ACC CGC CGT GAG GCG TAC CTC TCT TCT GAA GAG ATG AAG GAA AAG TTC GGT ATG ACC AAG GAA GCG TTC TAC AAA CTC CCG AAG TGG AAA CAG AAC AAA TTC AAA ATG GCT GTT CAG CTG TTC,0.2389289986034905
CCG GCG CAT CCG TAC GAC CGT CTG AAA ACC ACC TCT ACC GAC CCG GTT TCT GAC ATC GAC GTT ACC CGT CGT GAA GCT TAC CTC TCT TCT GAA GAG TTC AAA GAA AAG TTC GGC ATG ACC AAG GAA GCG TTT TAC AAA CTG CCG AAG TGG AAA CAG AAC AAA TTC AAA ATG GCG ATC CAG CTG TTC,1.2030695086185428
CCA CAC CAC CCA TAC GAC CGC CTG AAA ACT ACC TCT ACT GAC CCG GTT TCT GAC ATC GAC GTT ACC CGT CGT GAA GCG TAC CTG TCC TCC GAA GAA TTC AAG GAA AAA TTC GGT ATG ACC AAG GAA GCG TTC TAC AAG CTG CCG AAG TGG AAA CAG AAC AAA TTC AAA ATG GCG GTG CAG CTG TTC,1.925022740308852
CCA GCG CAC CCG TAC GAC CGT CTG AAA ACC ACC TCT ACC GAC CCG GTT TCT GAC ATC ACC GTT CTG CGT CGT GAA GCT TAC CTG TCC TCT GAG GAA TTC AAG GAA AAA TTC GGC ATG ACC AAA GAG GCG TTC TAC AAA CTG CCG AAA TGG AAA CAG AAC AAA TTC AAA ATG GCG GTT CAG CTG TTC,0.3707034492114766
CCG GCG CAC CCG TAC GAC CGT CTG AAA ACC ACC TCT ACC GAC CCG GTT TCT GAC ATC GAC GTT ACC CGT CGT GAA GCG TAC CTG TCT TCT GAG GAA TTC AAA GAA AAG TTC GGC ATG ACC AAA GAA GCG TTC ACC AAA CTG CCG AAG TGG AAA CAG AAC AAA TTC GAA ATG GCT GTT CAG CTG TTC,0.1656314088570203
CCG GCG CAC CCG TAC CAG CGT CTG TGC ACC ACC TCT ACC GAC CCG GTT TCT GAC ATC GAC GTT ACC CGT CGT GAA GCG TAC CTG TCT TCC GAA GAG TTC AAA GAA AAA TTC GGC ATG ACC AAG GAA GCG TTC TAC AAA CTG CCG AAA TGG AAA CAG AAC AAA TTC AAA ATG GCT GTT CAG CTG TTT,1.3455704675959388
CCA GCT CAT CCG TAC GAC CGT CTC AAG ACC ACC TCT ACC GAC CCG GTG TCT GAC ATC GAC GTT ACC CGT CGT ATG GCG TAC CTG TCC TCT GAA GAG TTC AAG GAA AAG TTC GGT ATG ACC AAA GAA GCG TTC TAC AAG CTG CCG AAA TGG AAA CAG AAC AAG TTC GAC ATG GCG GTT CAG CTG TTC,0.451365751336107
CCG GCT CAC CCA TAC GAC GTT CTG AAA ACC ACC TCT ACC TGG CCG GTT TCT GAC ATC GAC GTT ACC CGT CGT GAA GCG TAC CTG TCT TCT GAG GAG TTC AAG GAA AAG TTC GGT ATG ACC AAG GAA GCG TTC TAC AAA CTG CCG AAG TGG AAA CAG AAC AAA TTC AAA ATG GCG GTT CAG CTG TTC,0.6892784124353243
CCG GCG CAT CCG TAC GAC CGT CTG AAA ACC ACC TCT ACC GAT CCG GTT TCT GAC ATC GAC GTT ACC CGT CGT GAA GCG TAC CTC TCC TCC GAA GAG TTC AAA GAG AAG TTC GGT ATG ACC AAA GAA GCG TTC TGG AAA CTG CCG AAA TGG AAA CAG AAC AAA TTC CAG ATG GCG GTT CAG CTG TTC,0.4772904825724655
CCG GCG CAC CCG TAC GAC CGT CTG AAA ACC ACC TCT ACC GAC CCG GTT TCT GAC ATC GAC GTT ACC TAC CGT GAA GCG TAC CTC TCC TCT GAG GAG TTC AAA GAA AAG TTC GGT ATG ACC AAA GAG GCG TTC TAC AAG CTG CCG AAA TGG AAA CAG AAT AAG TTC ATG ATG GCG GTT CAG CTG TTC,0.9610531816342508
CCG GCG CAC CCG TAC GAC GGT CTG AAA ACC ACC TCT ACC ATC CCG GTT TCT GAT ATC GAC GTT ACC CGT CGT GAA GCG TAC CTG TCT TCC GAA GAG TTC AAG GAG AAA TTC GGT ATG ACC AAA GAG GCG TTC TAC AAA CTG CCG AAA TGG AAA CAG AAC AAA TTC AAA ATG GCG GTT CAG CTG TTC,0.7770771361040498
CCA GCG CAC CCG TAC GAC CGT CTG AAA ACC ACC TCT ACC GAC CCA GTT TCT GAC ATC GAC GTT ACC CTG CGT GAA GCG TAC CTG TCC TCT GAA GAG TTC AAA GAG AAA TTC GGC ATG ACC AAA GAA GCG TTC GAA AAA CTG CCG AAA TGG AAA CAG AAC AAA TTC AAA ATG GCG GTT CAG CTG TTC,0.8135185334018864
CCA GCG CAC CCG TAC GAC CGT CTG AAA ACC ACT TCT ACC GAC CCG GTT TCT GAC ATC TTC GTT CCG CGT CGT GAG GCG TAC CTC TCT TCT GAG GAA TTC AAG GAG AAA TTT GGC ATG ACC AAG GAA GCG TTC TAC AAA CTG CCG AAA TGG AAA CAG AAC AAA TTC AAA ATG GCG GTT CAA CTG TTC,0.691388335885176
CCG GCG CAC CCG TAC GAC CGT CTG AAA ACC ACC TCT ACC GAC CCG GTT TCT GAC ATC GAC GTT ACC CGT CGT GAA GCG TAC CTG GCG TCC GAA GAA TTC AAG GAG AAA TTC GGT ATG ACC AAA GAA GCG TTC TAT AAA CTG CCG AAG TGG AAA CAG AAC AAG TTC AAA ATG GCG GTG CAG CTG TTC,0.7841936578658971
CCG GCG CAC CCG TAC CGT CGT CTG GCG ACC ACC TCT ACT GAC CCG GTT TCT GAC ATT GAC GTT ACT CGT CGT GAA GCG TAC CTG TCC TCT GAA GAA TTC AAG GAA AAG TTC GGC ATG ACC AAA GAA GCG TTC TAC AAA CTG CCG AAA TGG AAA CAG AAC AAA TTC AAA ATG GCG GTT CAG CTG TTC,-1.0871796255574369
CCG GCG CAC CCA TAC GAC CGT CTG AAA ACC ACC TCT ACC GAT CCG GTT TCT GAC ATC GAC GTT ACC CGT CGT GAA GCG TAC CTG TCT TCC GAG GAG TTC AAA GAG AAA TTC GGT ATG ACC AAG GAA GCG TTC ACC AAA CTG CCG AAA TGG AAA CAG AAC AAA TTC ATC ATG GCG GTT CAG CTC TTC,0.5533129610250229
CCG GCG CAC CCG TAC GAC CGT CTG AAA ACT ACC TCT ACC GAC CCG GTT TCT GAC ATC GAC GTT ACC TGG CGT GAA GCG TAC CTG TCT TCT GAA GAG TTC AAG GAG AAG TTT GGT ATG ACC AAA GAA GCG TTC TAC AAA CTG CCG AAA TGG AAA CAG AAC AAG TTC TGG ATG GCG GTT CAG CTG TTC,1.423929187296358
CCG GCG CAC CCG TAC GAC CGT CTG AAA ACC ACC TCT ACC GAC CCG GTT TCT GAC ATC GAC GTT ACC CGT CGT GAA GCG TAC CTG ATC TCT GAA TGG TTC AAA GAG AAA TTC GGC ATG ACC AAA GAA GCG TTC TAC AAA CTG CCG AAA TGG AAA CAG AAC AAA TTC AAA ATG GCG GTT CAG CTG TTC,0.6978163451054304
CCG GCT CAC CCG TAC GAC CGT CTG AAA ACC ACC TCT ACC GAC CCG GTT TCT GAC ATC GAC GTT ACC AAA CGT GAA GCG TAC CTG TCT TCT GAA GAG TTC AAG GAA AAA TTC GGC ATG ACC AAA GAA GCG TTC CGT AAA CTG CCG AAA TGG AAA CAG AAC AAG TTT AAG ATG GCG GTT CAG CTG TTC,0.7476767261302195
CCG GCG CAC CCG TAC GAC CGT CTG AAA ACC ACC TCT ACC GAC CCG GTT TCT GAC ATC GAC GTT ACC CGT CGT GAA GCG TAC CTG TCT TCC GAG GAA TTC AAA GAG AAA TTC GGC ATG ACC AAA GAA GCG TTC CAG AAA CTG CCG AAA TGG AAA CAG AAC AAA TTC CGT ATG GCG GTT CAG CTG TTC,0.9505156576069932
CCG GCG CAC CCG TAC CAA CGT CTG GGT ACC ACC TCT ACC GAC CCG GTT TCT GAC ATC GAC GTG ACC CGC CGT GAA GCG TAC CTG TCT TCC GAA GAG TTC AAA GAA AAG TTC GGC ATG ACT AAG GAA GCT TTC TAC AAG CTG CCG AAA TGG AAA CAG AAC AAA TTC AAA ATG GCG GTT CAA CTG TTC,0.3460196397176837
CCG GCG CAC CCG TAC GAC CGT CTG AAA ACC ACC TCT ACC GAT CCG GTT TCT GAC ATC GAC GTT ACC CGT CGT GAA GCT TAC CTG TCC TCC GAA GAG TTC AAG GAA AAG TTT GGT ATG ACC AAG GAG GCG TTC TAC AAA CTG CCA AAA TGG AAG CAG AAC AAA TTC GAA ATG GCT GTG CAA CTG TTC,0.4475646665663492
CCA GCG CAT CCG TAC GAC CGT CTC AAA ACC ACC TCT ACC GAT CCA GTT TCT GAC ATC GAC GTT ACT CGC CGC GAA GCG TAC CTG TCT TCC GAG GAG TTC AAA GAA AAA TTC GGT ATG ACC AAG GAG GCG TTT TAC AAA CTG CCG AAA TGG AAA CAG CGT AAA TTC AAA ATG GCG GTG CAA CTG TTC,1.0895651809846931
CCG GCT CAC CCG TAC GAC CGT CTG AAA ACC ACC TCT ACC GAC CCG GTT TCT GAT ATC GAC GTT ACC CGT CGC GAA GCG TAC CTG TCC TCT GAG GAA TTC AAG GAG AAA TTC GGT ATG ACC AAG GAG GCG TTC TAC AAA CTC CCG AAA TGG AAG CAG AAC AAA TTC AAA ATG GGT GTT CAG CTG TTC,0.7465547893570192
CCA GCG CAT CCG TAC GAC CGT CTG AAA ACC ACC TCT ACC GAC CCG GTT TCT GAT ATC GAC GTT ACC CGT CGT GAA GCG TGC CTC TCC TCT GAA GAA TTC AAA GAA AAA TTC GGC ATG ACC AAG GAA GCG TTC TAC AAA CTG CCG AAA TGG AAG CAG AAC AAA TTC AAG ATG GCT GTT CAG CTG TTC,1.1324227812278005
CCG GCG CAC CCG TAC GAT GAA CTG AAA ACC ACC TCT ACT TGG CCA GTT TCT GAC ATT GAC GTT ACT CGT CGT GAG GCG TAC CTG TCC TCT GAA GAG TTC AAA GAA AAG TTC GGC ATG ACC AAA GAA GCG TTC TAC AAA CTG CCG AAA TGG AAA CAG AAC AAA TTC AAA ATG GCG GTT CAG CTG TTC,0.8007825192136506
CCG GCG CAC CCG TAC ATC CGT CTG ATC ACC ACC TCT ACC GAC CCG GTT TCT GAC ATC GAC GTT ACC CGT CGT GAA GCT TAC CTG TCC TCT GAA GAG TTC AAA GAA AAG TTC GGT ATG ACC AAA GAG GCG TTC TAC AAA CTG CCG AAA TGG AAA CAG AAC AAA TTC AAA ATG GCG GTG CAA CTC TTT,0.7075403896048543
CCG GCG CAC CCG TAC GAC CGT CTG AAA ACC ACC TCT ACC GAC CCG GTT TCT GAC ATT GAC GTT ACC CGT CGT GAA GCT TAC CTC AAG TCT GAG CAG TTC AAG GAA AAG TTC GGT ATG ACC AAG GAA GCG TTC TAC AAA CTG CCG AAA TGG AAA CAG AAC AAA TTC AAA ATG GCG GTT CAG CTG TTC,0.5145026693583575
CCG GCG CAC CCG TAC GAC CGT CTG AAA ACC ACC TCT ACT GAC CCG GTT TCT GAC ATT GAC GTT ACC CGC CGT GAA GCG TAC CTG ACC TCT GAA GAC TTC AAA GAG AAG TTC GGC ATG ACC AAA GAA GCG TTC TAC AAA CTG CCG AAA TGG AAA CAG AAC AAA TTC AAA ATG GCG GTT CAG CTG TTC,0.8980524892005428
CCG GCG CAC CCG TAC GAC CGT CTG AAA ACT ACC TCT ACC GAC CCG GTT TCT GAC ATC GAC GTG ACC ATT CGC GAG GCG TAC CTG TCT TCT GAG GAA TTC AAG GAA AAA TTC GGT ATG ACC AAG GAG GCG TTC AAC AAA CTG CCG AAA TGG AAA CAG AAC AAA TTC AAA ATG GCG GTG CAG CTG TTC,0.6006955309176083
CCG GCT CAT CCG TAC GAC CGT CTG AAA ACC ACC TCT ACC GAC CCG GTT TCT GAC ATC GAC GTT ACC ATG CGT GAG GCG TAC CTC TCT TCC GAA GAG TTC AAA GAA AAG TTC GGC ATG ACT AAA GAG GCG TTC TAC AAG CTG CCG AAA TGG AAA CAG AAC AAG TTC ATG ATG GCG GTT CAG CTG TTC,0.7925657657518139
CCG GCT CAC CCG TAC GAC ACC CTG AAA ACC ACC TCT ACC CAA CCA GTG TCT GAT ATC GAC GTT ACC CGT CGT GAA GCG TAC CTG TCC TCC GAA GAA TTC AAG GAG AAA TTC GGT ATG ACC AAA GAA GCG TTT TAC AAA CTG CCG AAA TGG AAA CAG AAC AAG TTC AAA ATG GCG GTG CAA CTG TTC,0.8531545176365388
CCG GCG CAT CCA TAC GAC CGT CTG AAA ACC ACC TCT ACC GAC CCG GTT TCC GAC ATC GAC GTT ACC CGT CGT GAA GCG TAC CTG TCT TCT GAA GAA TTC AAG GAG AAG TTC GGC ATG ACC AAG GAA GCG TTC GTT AAG CTG CCG AAA TGG AAA CAG AAC AAA TTC GAC ATG GCG GTT CAG CTG TTC,-0.139142800266432
CCA GCG CAC CCG TAC GAC CGT CTG AAA ACC ACC TCT ACC GAT CCG GTT TCT GAC ATC GAC GTT ACC CGT CGT GAA GCG TAC CTC TCC TCC GAG GAA TTC AAA GAA AAA TTC GGC TAC ACC AAA GAA GCG TTC TAC AAA CTG CCG AAA TGG AAA CAG AAC AAG TTC AAG ATG GCG GTT CAG CTG TTC,0.5304925772638536
CCA GCT CAC CCG TAC GAC CGT CTG AAA ACC ACC TCT ACC GAC CCA GTG TCT GAC ATT GAC GTT ACC GTT CGT GTT GCG TAC CTG TCT TCT GAG GAG TTC AAA GAA AAA TTC GGC ATG ACC AAA GAG GCG TTC TAC AAA CTG CCG AAA TGG AAA CAG AAC AAA TTC AAA ATG GCG GTT CAG CTG TTC,0.7167793680693819
CCG GCG CAT CCG TAT GAC CGT CTG AAA ACC ACT TCT ACC GAC CCG GTT TCT GAC ATC GAC GTT ACC CGT CGT CGT GCG TAC CTG TCT TCC GAA GAA TTC AAA GAA AAG TTC GGC ATG ACC AAA GAA GCG TTC TAC AAA CTG CCG AAA TGG AAA CAG AAC AAA TTC CAC ATG GCG GTG CAG CTG TTC,0.526097495797226
CCG GCG CAC CCG TAC GAC CGT CTC AAA ACC ACT TCT ACT GAC CCA GTT TCT GAC ATC GAC GTT ACC CGT CGT GCG GCG TAC CTG TCT TCT GAA GAG TTC AAG GAA AAG TTC GGT ATG ACC AAG GAA GCG TTC TAC AAA CTG CCG AAA TGG AAA CAG AAC AAA TTC CAC ATG GCG GTT CAG CTG TTC,0.6159784156047239
CCG GCT CAC CCG TAC GCT CGC CTG TCT ACC ACC TCT ACC GAT CCG GTT TCT GAC ATC GAC GTT ACC CGT CGT GAA GCG TAC CTG TCT TCC GAA GAG TTC AAG GAA AAA TTC GGC ATG ACC AAA GAA GCG TTC TAC AAG CTG CCG AAA TGG AAA CAG AAC AAA TTC AAA ATG GCG GTT CAG CTG TTC,-0.0292091777306401
CCG GCG CAC CCG TAC GAC CGT CTG AAA ACC ACC TCT ACC GAC CGT GTT TCT GAC ATT GAC GTT ACC CGT CGT GAG GCG TAC CTG TCT TCT GAA GAG TTC AAG GAG AAA TTC GGT ATG ACC AAG GAA GCG TTC TAC AAA CTG CCG AAA TGG AAA CAG AAC AAA TTC AAA ATG GCG GTT CAG CTG TTC,0.6947771137819716
CCG GCT CAC CCG TAC GAC CGT CTG AAA ACC ACC TCT ACC GAC CCA GTT TCT GAC ATC GAC GTT ACC CGT CGT GAA GCG TAC CTC ACC TCC GAA AAG TTC AAA GAA AAA TTC GGC ATG ACC AAA GAG GCG TTC TAC AAA CTG CCG AAA TGG AAA CAG AAC AAA TTC AAA ATG GCG GTT CAG CTG TTC,0.5457485724330922
CCG GCG CAC CCG TAC GAC CGT CTG AAA ACC ACC TCT ACT GAC CCG GTT TCT GAC ATC GAC GTT ACC ATG CGT AAC GCG TAC CTC TCC TCC GAG GAA TTC AAG GAG AAA TTC GGT ATG ACC AAG GAA GCG TTC TAC AAG CTG CCG AAA TGG AAA CAG AAC AAA TTC AAA ATG GCG GTG CAG CTG TTC,0.886261904626289
CCG GCT CAT CCG TAC GAC CGT CTG AAA ACC ACC TCT ACC GAC CCA GTT TCT GAC ATT GGT GTT TTC CGT CGT GAA GCG TAC CTG TCC TCC GAA GAA TTC AAG GAA AAA TTC GGC ATG ACC AAA GAA GCG TTC TAC AAA CTG CCG AAG TGG AAA CAG AAC AAA TTC AAA ATG GCG GTT CAG CTG TTC,0.010873174606187
CCG GCG CAC CCG TAC GAC CGT CTG AAA ACC ACC TCT ACC GAC CCA GTT TCT GAC ATC GAC GTT ACC ATC CGT GAA GCG TAC CTC TCC TCT GAG GAA TTC AAA GAA AAG TTC GGC ATG ACC AAG GAA GCT TTT TAC AAG CTG CCG AAG TGG AAA CAG AAC AAA TTC TCT ATG GCG GTT CAA CTG TTC,0.4168089839629185
CCG GCG CAC CCG TAC GAC CGT CTG AAA ACC ACC TCT ACC GAC CCG GTT TCT GAC ATC GAC GTT ACT TTC CGT GAC GCG TAC CTC TCT TCT GAG GAA TTC AAG GAG AAA TTC GGT ATG ACC AAG GAA GCT TTC TAC AAA CTG CCG AAG TGG AAA CAG AAC AAG TTT AAG ATG GCG GTT CAG CTG TTC,0.6565726161713675
CCG GCG CAC CCG TAC GAC CAG CTC AAA ACC ACT TCC ACT GAC CCA GTT TCT GAC ATC GAC GTT ACT CGT CGT GAA GCG TAC CTG TCC TCT GAA GAA TTC AAG GAG AAG TTC GGC ATG ACC AAG GAA GCG TTC TAC AAA CTG CCG AAA TGG AAA CAG AAC AAA TTC AAA ATG GCG GTT CAG CTG TTC,0.9421773090682072
CCG GCT CAC CCG TAT GAT CGT CTG AAA ACC ACC TCT ACC GAC CCG GTT TCT GAC ATC GAC GTT ACC GGT CGT ACC GCG TAC CTG TCC TCC GAG GAA TTC AAA GAA AAA TTC GGT ATG ACC AAG GAA GCT TTC TAC AAA CTG CCG AAG TGG AAA CAG AAC AAG TTC AAA ATG GCT GTT CAG CTG TTC,0.7233316157011778
CCG GCT CAC CCG TAC GAC CGT CTC AAA ACC ACC TCT ACC GAT CCG GTT TCT GAT ATC GAC GTT ACC CGT CGT GAA GCG TAC CTC CCG TCT GAA TTC TTC AAG GAG AAA TTC GGT ATG ACC AAA GAG GCG TTC TAC AAA CTG CCG AAA TGG AAA CAG AAC AAA TTC AAA ATG GCG GTT CAG CTG TTC,0.8575895238229472
CCG GCG CAC CCG TAC GAC CGT CTG AAA ACC ACC TCT ACC GAC CCG GTT TCT GAC ATC GAC GTT ACT GTT CGT CAC GCG TAC CTG TCT TCT GAA GAA TTC AAA GAA AAG TTC GGC ATG ACC AAA GAG GCG TTC TAC AAA CTG CCG AAA TGG AAA CAG AAC AAA TTC AAG ATG GCG GTG CAG CTG TTC,0.6953289633566029
CCG GCT CAC CCG TAC GAC CGT CTG AAA ACC ACC TCT ACC GAC CCG GTT TCT GAC ATC GAC GTT ACT CGT CGT GAA GCG TAC CTG ACC TCC GAG ATT TTC AAA GAA AAA TTC GGC ATG ACC AAA GAG GCG TTC TAC AAA CTG CCG AAA TGG AAA CAG AAC AAA TTC AAA ATG GCG GTT CAG CTG TTC,0.6308163569121833
CCG GCG CAC CCG TAC GAC CGT CTG AAA ACC ACC TCT ACC GAC CCG GTT TCT GAC ATC GAC GTT ACC CGT CGT GAA GCG TAC CTG CGT TCT GAA GTT TTC AAA GAG AAA TTC GGC ATG ACC AAA GAA GCG TTC TAC AAG CTG CCG AAA TGG AAA CAG AAC AAA TTC AAA ATG GCG GTT CAG CTG TTC,0.4626576472815942
CCG GCG CAT CCG TAC GAC CGC CTG AAA ACC ACT TCT ACC GAC CCA GTT TCT GAC ATC GAC GTT ACC CGT CGT GAA GCG TAC CTG TCC TCT GAA GAA TTC AAG GAA AAG ATC GGC ATG ACC AAA GAA GCG TTC TAC AAG CTG CCG AAA TGG AAA CAG AAC AAA TTC AAA ATG GCG GTT CAG CTG TTC,0.5463642916962539
CCG GCG CAC CCG TAC GAC CGT CTG AAA ACC ACC TCT ACT GAT CCA GTT TCT GAC ATC GAC GTG ACC CGC CGT GAA GCG TAC CTG TCT TCC GAA GAG TTC AAG CAG AAA TTC GGT ATG ACC AAG GAA GCG TTC TAC AAA CTG CCG AAA TGG AAA CAG AAC AAA TTC AAA ATG GCG GTG CAG CTG TTC,1.3854754771568012
CCG GCG CAC CCG TAC GAC CGT CTG AAA ACC ACT TCT ACC GAC CCG GTT TCT GAT ATC GAC GTT ACC CGT CGT TAT GCG TAC CTG TCT TCT GAA GAA TTC AAG GAA AAG TTC GGC ATG ACC AAA GAA GCG TTC TGG AAA CTG CCG AAA TGG AAA CAG AAC AAA TTC AAA ATG GCG GTT CAG CTG TTC,0.5349589254042575
CCG GCT CAC CCG TAC GAC CGT CTG AAA ACC ACC TCT ACC GAC CCG GTT TCT GAC ATC GAC GTT ACC CGC CGT GAA GCG TAC CTG ATG TCT GAG TAT TTC AAG GAA AAG TTC GGC ATG ACC AAA GAA GCT TTC TAC AAA CTG CCG AAG TGG AAA CAG AAC AAA TTC AAA ATG GCT GTT CAG CTG TTC,0.6237928442618674
CCG GCG CAC CCG TAC GAC CGT CTG AAA ACC ACC TCT ACC GAC CCG GTT TCT GAC ATC GAC GTT ACC GCG CGT TGG GCG TAC CTG TCT TCT GAA GAA TTC AAG GAG AAA TTC GGC ATG ACC AAG GAA GCG TTC TAC AAA CTG CCG AAA TGG AAG CAG AAC AAA TTC AAA ATG GCG GTG CAG CTG TTC,1.0240768046517594
CCA GCG CAC CCG TAC CAA CGT CTG AAA ACT ACC TCT ACC GAC CCG GTT TCT GAC ATC GAC GTT ACC CGT CGT GAA GCG TAC CTG TCT TCC GAA GAG TTC AAG GAG AAG TTC GGC ATG ACC AAA GAA GCG TTT TAC AAA CTG CCG AAG TGG AAA CAG AAC AAA TTC AAA ATG GCG GTT CAG CTG TTC,-0.0889616137178124
CCG GCG CAC CCG TAC GAC CGT CTG AAA ACC ACC TCT ACC GAC CCG GTT TCT GAC ATC GAC GTT ACC CGT CGT GAA GCG TAC CTG TCT TCC GAG GAA TTC AAA GAA AAG TTC GGC ATG ACC AAA GAA GCT TTC CAG AAA CTG CCG AAG TGG AAA CAG AAC AAA TTC GAA ATG GCT GTT CAG CTG TTC,0.2870833763477434
CCG GCG CAC CCG TAC GAC CGT CTG AAA ACT ACC TCT ACC GAC CCG GTT TCT GAC ATC GAC GTT ACC CAC CGT TTC GCG TAC CTG TCT TCT GAG GAA TTC AAA GAG AAA TTC GGC ATG ACC AAA GAA GCG TTC TAC AAA CTG CCG AAA TGG AAA CAG AAC AAA TTC AAG ATG GCG GTT CAG CTG TTT,0.8225620307330459
CCG GCT CAC CCG TAC GAC CGT CTG AAA ACC ACC TCT ACC GAC CCG GTG TCT GAC ATC TAC GTT GAA CGT CGT GAG GCG TAC CTG TCC TCC GAG GAA TTC AAA GAA AAG TTC GGT ATG ACC AAA GAA GCG TTC TAC AAA CTG CCG AAG TGG AAA CAG AAC AAA TTC AAG ATG GCT GTT CAG CTG TTC,0.7573038503438533
CCG GCT CAC CCG TAC GAC CGT CTG AAA ACT ACC TCT ACC GAC CCG GTT TCT GAC ATC GAC GTT ACC CGT CGT ACT GCG TAC CTG TCT TCC GAA GAA TTC AAG GAA AAG TTC GGT ATG ACC AAG GAA GCG TTC TAC AAA CTG CCG AAA TGG AAA CAG AAC AAA TTC GCG ATG GCG GTT CAG CTG TTC,0.896529365142658
CCG GCG CAC CCG TAC GAC CGT CTG AAA ACC ACC TCT ACC GAT CCG GTT TCT GAC ATT GAC GTT ACC CGT CGT GAA GCG TAC CTG TCC TCT GAG GAA TTC AAA GAA AAG TTC GGC ATG ACT AAG GAA GCG TTC TAC AAA CTG CCG AAA TGG AAA CAG AAC AAG TTC AAA ATG GCG GAA CAG CTC TTC,0.7881600107635248
CCA GCG CAC CCG TAC GAC CGT CTG AAA ACC ACC TCT ACC GAC CCG GTT TCT GAC ATC GAC GTT ACC AAC CGT GAA GCT TAC CTG TCT TCC GAG GAA TTC AAG GAA AAG TTC GGT ATG ACC AAG GAA GCG TTC TAC AAA CTC CCG AAA TGG AAA CAG AAC AAA TTC GAC ATG GCT GTT CAG CTG TTC,0.0370774166554683
CCG GCG CAC CCG TAC GAC CGT CTG AAA ACC ACC TCT ACC GAT CCG GTT TCT GAC ATT GAC GTT ACC CGC CGT GAA GCG TAC CTG TCC TCT GAA GAG TTC AAG GAA AAG TTC GGT ATG ACC AAA GAG GCG TTT TAC AAG CTG CCG AAA TGG AAA ATC AAC AAA TTC AAA ATG GCT GTT CAG CTG TTC,0.2882545390549412
CCG GCG CAC CCG ATG GAC CGT CTG AAA ACC ACC TCT ACC GAT CCG GTT TCT GAC ATC GAC GTT ACC CGT CGT GAA GCG TAC CTC TCT TCT GAA GAG TTC AAG GAA AAG TTC GGT ATG ACC AAA GAA GCG TTC TAC AAA CTG CCG AAA TGG AAG CAG AAC AAA TTC AAA ATG GCG GTT CAG CTG TTT,0.5813267972534828
CCG GCG CAC CCG TAC GAC CGT CTG AAA ACC ACT TCT ACC GAT CCA GTT TCT GAC ATC GAC GTT ACC CGT CGT ACC GCG TAC CTG TCT TCT GAG GAG TTC AAA GAG AAA TTC GGT ATG ACC AAG GAA GCG TTC TAC AAA CTG CCG AAA TGG AAA CAG AAC AAA TTC TCT ATG GCG GTT CAG CTG TTC,0.5390907558192641
CCG GCT CAC CCA TAC GAC CGT CTG AAA ACC ACC TCT ACC GAC CCA GTT TCT GAC ATC GAC GTT ACC TAC CGT GAA GCG TAC CTC TCC TCT GAG GAA TTC AAA GAA AAA TTC GGC ATG ACC AAG GAA GCG TTT ATG AAG CTG CCG AAA TGG AAG CAG AAC AAA TTC AAG ATG GCG GTT CAG CTG TTC,0.6069855130558768
CCG GCG CAC CCG TAC GAC CGT CTG AAA ACC ACC TCT ACC GAT CCG GTT TCT GAC ATC GAC GTT ACC TCT CGT GGT GCG TAC CTG TCC TCT GAA GAA TTC AAG GAG AAG TTC GGT ATG ACC AAG GAA GCG TTC TAC AAA CTG CCG AAA TGG AAA CAG AAC AAA TTC AAA ATG GCG GTT CAG CTG TTC,0.5411451922944825
CCG GCG CAC CCG TAC GAC TGG CTG AAA ACC ACC TCT ACC ACT CCA GTT TCT GAC ATC GAC GTT ACC CGT CGT GAA GCG TAC CTG TCT TCC GAG GAG TTC AAG GAG AAG TTC GGT ATG ACC AAG GAA GCG TTC TAC AAA CTG CCG AAG TGG AAA CAG AAC AAA TTC AAA ATG GCG GTT CAG CTG TTT,0.7591029317361172
CCG GCT CAT CCG TAC GAC CGT CTG AAA ACC ACC TCT ACC GAC CCA GTT TCT GAT ATC GAC GTT ACC CGT CCG GAA GCG TAC CTG TCC TCT GAG GAA TTC AAG GAA AAA TTC GGC ATG ACC AAA GAG GCG TTC TAC AAA CTG CCG AAA TGG AAA CAG AAC AAA TTC AAA ATG GCG GTT CAG CTG TTC,0.9507207661237806
CCG GCT CAT CCG TAT GAT CGT CTG AAA ACC ACT TCT ACC GAC CCG GTT ACC GAC ATT GAC GTT ACC CGT CGT GAA GCG TAC CTG TCC TCC GAA GAG TTC AAA GAG AAG TTC GGT ATG ACC AAA GAG GCG TTC TAC AAA CTG CCG AAA TGG AAA CAG AAC AAA TTC AAA ATG GCG GTT CAG CTG TTC,1.6107999801855986
CCG GCG CAC CCG TAC GAC CGT CTG AAA ACC ACC TCT ACC GAC CCG GTT TCT GAT ATC GAC GTT ACC CGT CGT GAA GCG TAC CTG GTT TCC GAG CAC TTC AAA GAA AAA TTC GGC ATG ACT AAG GAA GCG TTC TAC AAA CTG CCG AAA TGG AAA CAG AAC AAG TTC AAA ATG GCG GTT CAG CTG TTC,0.2616312167600343
CCG GCG CAC CCG TAC GAC CGT CTG AAA ACT ACC TCT ACC GAC CCG GTT TCT GAC ATT GAC GTT ACC CGT CGT GAG GCG TAC CTG TCT TCT GAA GAA TTC AAG GAA AAG TTC GGC ATG ACC AAA GAA GCG TTC AAC AAA CTG CCG AAA TGG AAA CAG AAC AAA TTC TCT ATG GCG GTT CAG CTG TTC,0.3071717809644628
CCA GCG CAC CCG TAC GAC CGT CTG AAG TGG ACC TCT ACC GAC CCG GTT TCT GAC ATC GAC GTT ACC CGT CGT GAA GCG TAT CTG TCC TCT GAA GAA TTC AAG GAA AAG TTC GGT ATG ACC AAG GAA GCG TTC TAC AAA CTG CCG AAA TGG AAG CAG AAC AAA TTC AAA ATG GCT GTT CAG CTG TTC,0.7650951920608605
CCG GCG CAC CCG TAC GAC CGT CTG AAA ACC ACC TCT ACC GAC CCG GTT TCT GAC ATC GTT GTT GAA CGT CGT GAG GCG TAC CTG TCT TCC GAA GAG TTC AAA GAA AAA TTC GGT ATG ACC AAG GAG GCG TTC TAC AAA CTG CCG AAA TGG AAA CAG AAC AAA TTC AAA ATG GCG GTT CAG CTG TTC,0.5948692009024596
CCG GCT CAC CCG TAT GAC TTC CTG AAA ACC ACC TCT ACC TTT CCG GTT TCT GAC ATC GAC GTT ACC CGT CGT GAA GCG TAC CTG TCT TCT GAA GAG TTC AAA GAG AAG TTC GGT ATG ACC AAA GAG GCG TTC TAC AAA CTG CCG AAG TGG AAA CAG AAC AAA TTC AAA ATG GCG GTT CAG CTG TTC,0.7336489828051913
CCA GCG CAC CCG TAC GAC CGT CTG AAA ACC ACC TCT ACC GAT CCG GTT TCT GAC ATC GAC GTT ACC CGT CGT GAA GCG TAC CTG CTG TCC GAA TAC TTC AAG GAA AAA TTC GGC ATG ACC AAA GAA GCG TTC TAC AAA CTG CCG AAG TGG AAA CAG AAC AAA TTC AAA ATG GCG GTT CAG CTG TTC,0.8255361766268513
CCG GCG CAT CCG TAC GAC CGT CTG AAA ACC ACC TCT GTT GAC CCG GTT TCT GAC ATC GAC GTT ACC CGT CGT GAA GCG TAC CTG TCT TCC GAA GAA TTC AAG GAA AAG TTC GGC ATG ACC AAA GAA GCG TTC TAC AAA CTG CCG AAA TGG AAA CAG AAC AAG TTC AAA ATG GCG GTT CAG CTG TTC,1.116417518119467
CCG GCG CAC CCG TAC GAC CGT CTG AAA ACC ACC TCT ACT GAC CCG GTT TCT GAC ATC GAC GTT ACT CGC CGT GTG GCG TAC CTG TCC TCT GAG GAG TTC AAA GAA AAG TTC GGT ATG ACC AAA GAG GCG TTC AAC AAA CTG CCG AAA TGG AAA CAG AAC AAA TTC AAA ATG GCG GTT CAG CTG TTT,0.6605792377094699
CCA GCG CAC CCG TAC GAC CGT CTG AAA ACC ACC TCT ACC GAC CCG GTT TCT GAC ATC GAC GTT ACT CCA CGC GAA GCG TAC CTG TCC TCC GAA GAA TTC AAA GAA AAG TTC GGT ATG ACC AAG GAG GCG TTC GAC AAA CTG CCG AAA TGG AAG CAG AAC AAA TTC AAG ATG GCG GTT CAG CTC TTC,0.5995745492022786
CCG GCG CAT CCG TAC GAC GGT CTG AAA ACC ACC TCT ACT AAC CCG GTT TCT GAC ATC GAC GTT ACT CGT CGT GAA GCG TAC CTG TCT TCC GAG GAA TTC AAA GAA AAG TTC GGC ATG ACC AAA GAG GCG TTC TAC AAA CTG CCG AAA TGG AAA CAG AAC AAA TTC AAG ATG GCG GTT CAG CTG TTC,0.8409799897115341
CCG GCG CAT CCA TAC GAC CGT CTG AAA ACC ACC TCT ACC GAC CCG GTT TCC GAC ATT GAC GTT ACC CGT CGT GAG GCG TAC CTG TCT TCC GAA GAA TTC AAG GAA AAA TTC GGC GGC ACC AAG GAA GCG TTC TAC AAG CTG CCG AAA TGG AAA CAG AAC AAA TTC AAA ATG GCG GTT CAG CTG TTC,-1.0133433632920934
CCG GCG CAC CCG TAT ATT CGT CTG GGT ACC ACC TCT ACC GAC CCG GTT TCT GAC ATC GAC GTT ACC CGT CGC GAA GCG TAC CTG TCC TCT GAG GAG TTC AAA GAA AAG TTC GGC ATG ACC AAA GAG GCT TTC TAC AAA CTG CCG AAG TGG AAA CAG AAC AAA TTC AAA ATG GCG GTT CAG CTG TTC,0.065497652898491
CCA GCG CAC CCG TAC GAC CGT CTG AAA ACT ACC TCT ACC GAC CCG GTT TCT GAC ATT CGT GTT ACC CGT CGT GAG GCG TAC CTG TCT TCT GAG GAA TTC AAG GAA AAA TTC GGT ATG ACC AAG GAG GCG TTC TAC AAA CTG CCG AAA TGG AAA CAG AAC AAA TTC AAA ATG GCG GTG CAG CTG TTT,0.6807388739922345
CCG GCG CAT CCG TAC GAT CGC CTG AAA ACC ACC TCT ACC GAC CCA GTG TCT GAT ATT GAT GTG ACC CGT CGC GAA GCG TAC CTC TCT TCC GAA GAA TTC AAG GAA AAA TTC GGC ATG ACC AAA GAA GCG TTC TAC AAA CTG CCG AAA TGG TGC CAG AAC AAG TTC AAA ATG GCT GTT CAG CTG TTC,1.6378538338620068
CCG GCG CAC CCG TAC GAC CGT CTG AAA ACC ACC TCT ACC GAC CCG GTT TCT GAC ATC GAC GTT ACC CGT CGT GAA GCG TAC CTG GAA TCC GAA CAG TTC AAG GAA AAA TTC GGT ATG ACC AAG GAA GCG TTC TAT AAA CTC CCG AAA TGG AAA CAA AAC AAG TTC AAG ATG GCG GTT CAG CTG TTT,0.7881318254224112
CCG GCG CAC CCG TAC GAC CGT CTG AAA ACC ACC TCT ACC GAC CCG GTT TCT GAT ATC GAC GTT ACC CGT CGT GAA GCG TAC CTG GGT TCT GAA CGT TTC AAG GAG AAA TTC GGT ATG ACC AAA GAA GCG TTC TAC AAA CTG CCG AAA TGG AAA CAG AAC AAA TTC AAA ATG GCG GTT CAG CTG TTC,0.3803514682019264
CCG GCG CAC CCG TAC GAC CGT CTG AAA ACC ACC TCT ACC GAT CCG GTG TCT GAC ATC AAC GTT TGG CGT CGC GAG GCG TAC CTG TCT TCT GAG GAG TTC AAG GAG AAA TTC GGT ATG ACC AAA GAA GCG TTC TAC AAA CTG CCG AAA TGG AAA CAA AAC AAA TTC AAA ATG GCG GTG CAA CTG TTT,0.3308316278129938
CCA GCG CAC CCG TAC GAC CGC CTG AAA ACC ACC TCT ACT GAC CCG GTT TCT GAC ATT GAC GTG ACC CGT CGT GAA GCG TAC CTG TCT TCC GAG GAA TTC AAA GAG AAA TTC GGT ATG ACC AAG GAA GCG TTC ACC AAA CTC CCG AAA TGG AAA CAG AAC AAA TTC AAG ATG GCG GTT CAG CTG TTC,0.7527487396779966
CCG GCG CAC CCG TAC GAC GCG CTG AAA ACC ACC TCT ACC ATG CCG GTT TCT GAC ATC GAC GTT ACC CGT CGT GAA GCG TAC CTG TCT TCC GAA GAG TTC AAG GAG AAG TTC GGT ATG ACC AAG GAG GCT TTC TAC AAA CTC CCG AAG TGG AAA CAG AAC AAA TTC AAA ATG GCG GTT CAG CTG TTC,0.8829945561063071
CCG GCT CAC CCG TAC GAC CGT CTG AAA ACC ACC TCT ACC GAC CCG GTT TCC GAC ATC GAC GTT ACC CGT CGT GAC GCG TAC CTG TCT TCT GAA GAG TTC AAA GAG AAG TTC GGC ATG ACC AAA GAA GCG TTC AAA AAG CTC CCG AAA TGG AAG CAG AAC AAA TTC AAA ATG GCG GTT CAG CTG TTC,0.5521612934134753
CCG GCG CAC CCG TAC GAC CGC CTG AAA ACC ACC TCT ACT GAC CCG GTT TCT GAC ATC TGC GTT TTC CGT CGT GAA GCG TAC CTG TCT TCT GAG GAA TTC AAG GAA AAG TTC GGT ATG ACC AAG GAG GCG TTC TAC AAA CTG CCG AAA TGG AAA CAG AAC AAA TTC AAA ATG GCG GTG CAA CTG TTC,1.03323683967076
CCA GCG CAC CCG TAC GAC TAC CTG AAA ACC ACC TCT ACC CAC CCG GTT TCT GAC ATC GAC GTT ACC CGT CGT GAA GCG TAC CTC TCT TCT GAG GAA TTC AAG GAG AAA TTC GGC ATG ACC AAA GAA GCG TTT TAC AAA CTG CCG AAA TGG AAA CAG AAC AAG TTC AAA ATG GCG GTT CAG CTG TTC,0.8145388592304432
CCG GCG CAT CCG TAC GAC CGT CTG AAA ACC ACC TCT ACC GAT CCG GTT TCT GAC ATC GAC GTT ACC CGT CGT GAA GCG TAC CTG CAC TCC GAG TTC TTC AAA GAA AAG TTC GGT ATG ACC AAA GAA GCG TTC TAC AAA CTG CCG AAG TGG AAA CAG AAC AAA TTC AAA ATG GCG GTT CAG CTG TTC,0.6397535014000184
CCG GCT CAT CCG TAT GGT CGT CTG CAC ACT ACC TCT ACT GAT CCG GTT TCT GAC ATT GAC GTT ACT CGT CGT GAA GCG TAC CTG TCC TCC GAA GAA TTC AAG GAA AAA TTC GGC ATG ACT AAG GAA GCG TTC TAC AAA CTG CCG AAA TGG AAA CAG AAC AAA TTC AAA ATG GCG GTG CAG CTG TTC,-0.1206409777203819
CCA GCG CAC CCG TAC GAC CGT CTG AAA ACC ACC TCT ACC GAC CCG GTT TCT GAC ATC GAC GTT ACC CGT CGT GAA GCG TAC CTG TCT TCC GAG GAA TTC AAG GAG AAA TTC GGT ATG ACC AAA GAA GCG TTC TAC AAG CTG CCG AAA TGG AAG CAG AAC AAA TTC AAA ATG GCG ACC CAG CTG TTC,0.8692111303714055
CCG GCG CAC CCG TAC GAC CGT CTG AAG ACC ACC TCT ACT GAC CCG GTT TCT GAC ATC GAC GTT ACC CGT CGT AAC GCG TAC CTG TCC TCC GAA GAG TTC AAA GAA AAA TTC GGC ATG ACC AAG GAA GCT TTC TAC AAA CTG CCG AAA TGG AAA CAG AAC AAG TTC ACC ATG GCG GTT CAG CTG TTC,0.3686246781529322
CCG GCG CAC CCG TAC GAC CGT CTG AAA ACC ACC TCT ACC GAT CCG GTT TCT GAC ATC GAC GTT ACC CGT CGT GAG GCT TAC CTC TCT TCT GAA GAG TTC AAG GAA AAG TTC GGT ATG ACC AAA GAA GCG TTC TAC AAA CTG CCG AAA TGG AAA CAG AAC AAA TTC AAA ATG GCG GTT CAA CAG TTT,0.6832348666660097
CCG GCT CAC CCG TAC GAC CGT CTC AAA ACT ACC TCT ACC GAC CCG GTT TCT GAC ATT CCG GTT CGT CGT CGT GAA GCG TAC CTG TCT TCT GAG GAG TTC AAG GAA AAG TTC GGT ATG ACC AAG GAA GCG TTC TAC AAA CTG CCG AAA TGG AAA CAG AAC AAG TTC AAA ATG GCT GTT CAG CTG TTC,0.5722383995436897
CCG GCT CAC CCG TAC GAC CGT CTG AAA ACC ACC TCT ACC GAC CCG GTT TCT GAT ATT GAT GTT ACC TGG CGT GAA GCG TAC CTG TCC TCC GAA GAA TTC AAG GAG AAA TTC GGT ATG ACC AAG GAG GCG TTC GAC AAA CTG CCG AAA TGG AAA CAG AAC AAA TTC AAA ATG GCG GTT CAG CTG TTC,0.6898603905191966
CCG GCT CAC CCG TAC GAC CGT CTG AAA ACT ACC TCT ACC GAC CCG GTT TCT GAC ATC GAC GTT ACC CGT CGT ATG GCG TAC CTG TCT TCT GAG GAA TTC AAA GAA AAG TTC GGC ATG ACC AAA GAA GCG TTC TAC AAA CTG CCG AAG TGG AAA CAG AAC AAA TTC GCT ATG GCG GTT CAG CTG TTC,1.0784763911396025
CCA GCG CAT CCG TAC GAT CGC CTG AAA ACC ACC TCT ACC GAC CCG GTT TCC GAC ATT GAC GTT ACC GAA CGT GAA GCG TAT CTC TCC TCC GAG GAA TTC AAA GAG AAA TTT GGT ATG ACC AAG GAA GCG TTC AAA AAG CTG CCG AAG TGG AAA CAG AAC AAG TTC AAG ATG GCT GTG CAA CTC TTC,0.4158787447653715
CCG GCG CAC CCG TAC TGC CGT CTG ATG ACC ACC TCT ACC GAC CCG GTG TCT GAC ATC GAC GTT ACC CGT CGT GAA GCG TAC CTG TCT TCT GAG GAG TTT AAA GAA AAG TTC GGT ATG ACC AAG GAA GCG TTC TAC AAA CTG CCG AAA TGG AAA CAG AAC AAA TTC AAA ATG GCG GTG CAG CTG TTC,1.1279574920657809
CCG GCG CAC CCG TAC GAC CGT CTG AAA ACC ACC TCT ACC GAC CCG GTT TCT GAC ATC GAC GTT ACC AAC CGT TGG GCG TAC CTG TCT TCT GAG GAA TTC AAG GAA AAA TTC GGC ATG ACC AAG GAA GCG TTC TAC AAA CTG CCG AAA TGG AAA CAG AAC AAA TTC AAA ATG GCG GTT CAG CTG TTC,0.6373892686389283
CCG GCG CAC CCG TAC GAC CGT CTG AAA ACC ACC TCT ACC GAT CCG GTT TCT GAC ATC GAC GTT ACC CAC CGT GAA GCG TAC CTG TCC TCT GAA GAA TTC AAG GAG AAG TTC GGT ATG ACC AAA GAG GCG TTC CAG AAA CTG CCG AAA TGG AAA CAG AAC AAA TTC AAA ATG GCG GTT CAG CTG TTC,0.5956474893841207
CCG GCG CAC CCG TAC GAC CGT CTG GAC ACC ACC TCT ACC GAT CCG GTT TCT GAT ATC GAC GTT ACC CGT CGT GAA GCG TAC CTG TCC TCT GAA GAG TTC AAA GAG AAG TTC GGC ATG ACC AAA GAG GCG TTT TAC AAA CTG CCG AAA TGG AAA CAG AAC AAA TTC AAA ATG GCT GTT CAG CTG TTC,0.9773061875998152
GTT GCG CAC CCG TAC GAC CGT CTG AAA ACC ACT TCT ACC GAC CCG GTT TCT GAC ATT GAC GTT ACC CGT CGT GAA GCG TAC CTG TCC TCT GAG GAA TTC AAG GAG AAA TTC GGT ATG ACC AAA GAG GCG TTC TAC AAA CTG CCG AAA TGG AAG CAG AAC AAA TTC AAA ATG GCT GTT CAA CTG TTC,1.4018726864359907
CCA GCG CAC CCG TAC GAC CGT CTG AAA ACC ACC TCT ACC GAC CCG GTT TCT GAC ATC GAC GTT ACC ATT CGT GAA GCG TAC CTG TCT TCC GAA GAA TTC AAA GAA AAG TTC GGC ATG ACC AAA GAA GCG TTC TGG AAA CTG CCG AAA TGG AAA CAG AAC AAG TTC AAA ATG GCG GTT CAG CTG TTC,0.6942924838694315
CCG GCG CAC CCG TAC GAC CTG CTG AAA ACC ACC TCT ACC ATG CCG GTT TCT GAC ATC GAC GTT ACC CGT CGT GAG GCG TAC CTG TCT TCT GAG GAA TTC AAG GAG AAA TTC GGT ATG ACC AAA GAG GCG TTC TAC AAA CTC CCG AAG TGG AAA CAG AAC AAA TTC AAA ATG GCG GTT CAG CTG TTC,0.5982543120120085
CCA GCG CAC CCG TAC GAC CGT CTG AAA ACC ACC TCT ACC GAT CCG GTT TCT GAC ATC GAC GTT ACC CGT CGT GAA GCG TAC CTG TCT TCC GAA GAA TTC AAG GAA AAA TTC GGC ATG ACC AAG GAA GCG TTC TGG AAA CTG CCG AAA TGG AAA CAG AAC AAA TTC AAA ATG GCG GTG CAG CTG TTC,0.8325632605541999
CCG GCG CAC CCG TAC GAC CGT CTG AAA ACC ACC TCT ACC GAC CCG GTT TCT GAC ATC GAC GTT ACC CGT CGT GAA GCG TAC CTG TCT TCT GAA GAG TTC AAA GAA AAG TTC GGC ATG ACC AAG GAA GCG TTT GCG AAA CTC CCG AAA TGG AAA CAG AAC AAA TTC ATG ATG GCG GTT CAG CTG TTC,0.7456818996418777
CCA GCG CAC CCA TAC GAC CGT CTC AAA ACC ACT TCT ACC GAC CCG GTT TCT GAC ATC GAC GTT GCG CGT CGC GAA GCT TAC CTG TCT TCC GAA GAG TTC AAA GAA AAA TTC GGC ATG ACC AAG GAA GCG TTC TAC AAA CTG CCA AAA TGG AAA CAG AAC AAG TTC AAG ATG GCG GTG CAG CTG TTC,1.0155580044875945
CCG GCG CAT CCG TAC GAC TAC CTG AAA ACC ACC TCT ACC ATC CCG GTT TCT GAT ATC GAC GTT ACC CGT CGT GAA GCG TAC CTG TCT TCC GAA GAG TTC AAG GAG AAG TTC GGT ATG ACC AAA GAA GCT TTC TAC AAG CTC CCG AAG TGG AAA CAG AAC AAA TTC AAA ATG GCG GTT CAG CTG TTC,0.8067963096219866
CCG GCT CAC CCG TAC GAC CGT CTG AAA ACC ACC TCT ACC GAC CCG GTT TCT GAC ATC GAC GTT ACC CGT CGT GAA GCG TAC CTG TCC TCC GAA GAG TTC AAA GAG AAA TTC GGT ATG ACC AAA GAA GCG TTC GAC AAA CTG CCG AAA TGG AAA CAG AAC AAA TTC GAC ATG GCT GTT CAG CTG TTC,0.1500538050866101
CCG GCG CAC CCG TAC GAC CGT CTG AAA ACC ACC TCT ACC GAC CCG GTT TCT GAC ATC GAC GTT ACC AAA CGT GTG GCG TAC CTG TCT TCT GAG GAG TTC AAA GAG AAA TTC GGT ATG ACC AAG GAA GCG TTC TAC AAA CTG CCG AAA TGG AAA CAG AAC AAA TTC AAG ATG GCG GTT CAG CTG TTC,0.6440237282779722
CCG GCT CAC CCG TAC GAC CGT CTG AAA ACC ACC TCT ACC GAC CCG GTT TCT GAC ATC GAC GTT ACC CGT CGT TCT GCG TAC CTG TCC TCC GAG GAG TTC AAA GAA AAA TTC GGT ATG ACC AAA GAG GCG TTC TAC AAA CTC CCA AAG TGG AAA CAG AAC AAG TTC CTG ATG GCG GTG CAG CTG TTT,1.001464952560534
CCG GCG CAC CCG TAC GAC CGT CTG AAA ACC ACT TCT ACC GAC CCG GTT TCT GAC ATC GAC GTT ACC CGT CGT TGG GCG TAC CTG TCT TCC GAA GAA TTC AAA GAA AAG TTC GGT ATG ACC AAG GAG GCG TTC AAC AAA CTG CCG AAA TGG AAA CAG AAC AAG TTC AAA ATG GCG GTT CAG CTG TTC,0.7619249615929532
CCG GCT CAC CCG TAC GAC CGT CTG AAA ACC ACC TCT ACC GAC CCG GTT TCT GAC ATC GCG GTT GGT CGT CGT GAA GCG TAC CTG TCC TCC GAA GAA TTC AAG GAA AAG TTC GGT ATG ACC AAA GAA GCG TTC TAC AAA CTG CCG AAA TGG AAA CAG AAC AAG TTC AAA ATG GCG GTG CAG CTG TTC,0.5755155338302416
CCG GCG CAC CCG TAC GAC CGT CTG AAA ACC ACC TCT ACC GAT CCG GTT TCC GAC ATC GAC GTT ACT CGT CGT GAA GCG TAC CTG TCT TCC GAG GAG TTC AAA GAG AAA TTC GGT ATG ACC AAG GAA GCG TTC TAC AAG CTG CCG AAG TGG AAA CAG AAC AAA TTC AAA ATG TTC GTT CAG CTC TTC,1.0136839677273484
CCG GCT CAC CCG TAC GAC CGT CTG AAA ACC ACC TCT ACC GAC CCG GTT TCT GAC ATC GAC GTT ACC CAC CGT AAC GCG TAC CTG TCC TCC GAG GAG TTC AAG GAA AAA TTC GGT ATG ACC AAA GAA GCG TTT TAC AAA CTG CCG AAA TGG AAG CAG AAC AAA TTC AAA ATG GCG GTT CAG CTG TTC,0.6375070209450568
CCG GCG CAC CCG TAC GAC CGT CTG AAA ACC ACC TCT ACC GAC CCG GTT TCT GAC ATC GAC GTT ACT GAA CGT GAA GCG TAC CTG TCT TCC GAA GAA TTC AAA GAG AAG TTC GGT ATG ACC AAG GAA GCG TTC TAC AAA CTG CCG AAA TGG AAG CAG AAC AAA TTC CAG ATG GCG GTT CAG CTG TTC,0.5178385048546652
CCA GCG CAC CCG TAC GAC CGT CTG AAA ACC ACC TCT ACC GAT CCG GTT TCT GAC ATT GAC GTT ACC CGT CGT GAA GCG CCG CTG TCC TCT GAA GAG TTC AAA GAA AAA TTC GGC ATG ACC AAA GAA GCG TTC TAC AAA CTG CCG AAG TGG AAA CAG AAC AAA TTC AAA ATG GCT GTT CAG CTG TTC,0.8311314949441557
CCA GCG CAC CCA TAC GGT CGT CTG GGT ACC ACC TCT ACC GAC CCG GTT TCT GAC ATC GAC GTT ACC CGT CGT GAA GCT TAC CTC TCC TCT GAG GAA TTC AAA GAA AAG TTC GGC ATG ACC AAA GAG GCG TTT TAC AAA CTG CCG AAA TGG AAA CAG AAC AAG TTC AAA ATG GCG GTT CAG CTG TTC,0.2619442434419997
CCG GCG CAC CCG TAC GAC CGT CTC AAA ACC ACC TCT ACC GAC CCG GTT TCT GAC ATC GAC GTT ACC CGC CGT GAA GCG TAC CTC TCC TCT GAG GAA TTC AAA GAA AAA TTC GGC ATG ACC AAA GAG GCG TTC CAC AAA CTG CCG AAA TGG AAA CAG AAC AAG TTC TAC ATG GCG GTG CAG CTG TTC,0.648474650116119
CCA GCT CAC CCG TAC GAT CGC CTG AAA ACC ACC TCT ACC GAC CCG GTT TCT GAC ATC GAC GTT ACC CGT CGT TCT GCG TAC CTG TCC TCT GAA GAG TTC AAG GAA AAG TTC GGT ATG ACC AAG GAA GCG TTT TAC AAG CTC CCA AAA TGG AAA CAG AAC AAG TTC ATC ATG GCT GTT CAG CTG TTC,0.976638964525399
CCG GCG CAC CCG TAC GAC CGT CTG AAA ACC ACC TCT ACC GAT CCG GTT TCC GAC ATC GAC GTT ACT CGC CGT GAA GCG TAC CTG TCT TCC GAA GAG TTC AAG GAG AAA TTC GAA ATG ACC AAA GAG GCG TTC TAC AAA CTG CCG AAA TGG AAA CAG AAC AAA TTC AAA ATG GCG GTT CAG CTG TTC,1.0012838381935016
CCG GCG CAC CCG TAC GAC CGT CTG AAA ACC ACC TCT ACC GAC CCG GTT TCT GAC ATC AAA GTT TGG CGT CGC GAG GCG TAC CTG TCT TCC GAA GAA TTC AAA GAA AAG TTC GGT ATG ACC AAG GAG GCG TTC TAC AAA CTG CCG AAA TGG AAA CAG AAC AAG TTC AAA ATG GCG GTT CAG CTG TTC,-0.0146050768084924
CCG GCG CAC CCG TAC GAC CGT CTG AAA ACC ACC TCT ACT GAC CCG GTT TCT GAC ATC GAC GTT ACC ATG CGC GAA GCG TAC CTG TCT TCC GAA GAG TTC AAG GAA AAA TTC GGT ATG ACC AAG GAA GCG TTC GAC AAA CTC CCA AAG TGG AAG CAG AAC AAG TTT AAG ATG GCG GTT CAG CTG TTC,0.638823734063827
CCG GCG CAC CCG TAC GAC CGT CTG AAA ACC ACC TCT ACC GAT CCG GTT TCT GAC ATC GAC GTT ACC ATC CGT ACC GCG TAC CTG TCT TCC GAA GAA TTC AAA GAA AAG TTC GGC ATG ACC AAA GAG GCG TTC TAC AAA CTG CCG AAA TGG AAA CAG AAC AAA TTC AAG ATG GCG GTT CAG CTG TTC,0.8615198635306566
CCG GCG CAC CCG TAC GAC CGC CTG AAA ACC ACT TCT ACC GAC CCG GTT TCT GAT ATC GAC GTT ACC CGT CGC GAA GCG TAC CTG CAG TCT GAA GGC TTC AAA GAG AAA TTC GGT ATG ACC AAA GAA GCG TTC TAC AAA CTG CCG AAA TGG AAA CAG AAC AAA TTC AAA ATG GCG GTG CAA CTG TTC,0.2775827621888467
CCG GCG CAC CCG TAC GAC TCT CTG AAA ACC ACC TCT ACC ATG CCG GTG TCT GAC ATC GAC GTT ACT CGT CGC GAG GCT TAC CTC TCT TCC GAG GAA TTC AAG GAA AAG TTC GGC ATG ACC AAA GAA GCG TTC TAC AAA CTG CCG AAA TGG AAA CAG AAC AAA TTC AAA ATG GCG GTT CAG CTG TTC,0.9525292275943632
CCG GCG CAC CCG TAC GAC CGT CTG AAA ACC ACC TCT ACC GAC CCG GTT TCT GAT ATC GAC GTT ACC CGT CGT TAC GCG TAC CTG TCT TCT GAA GAG TTC AAG GAA AAA TTC GGT ATG ACC AAA GAG GCG TTT ATG AAA CTG CCG AAA TGG AAA CAG AAC AAA TTC AAA ATG GCG GTT CAG CTG TTC,0.7601961890584177
CCA GCG CAC CCG TAC GAC CGT CTG AAA ACC ACC TCT ACC GAT CCG GTT TCT GAC ATC GAC GTT ACC TGG CGC GAA GCG TAC CTC TCT TCC GAA GAG TTC AAA GAG AAG TTC GGT ATG ACC AAA GAG GCG TTC CTC AAA CTC CCG AAG TGG AAA CAG AAC AAA TTC AAA ATG GCG GTT CAG CTG TTC,0.8021974366864864
CCA GCT CAC CCG TAC GAC CGT CTG AAA ACC ACC TCT ACC GAC CCG GTT TCT GAC ATC GAC GTT ACC CGT CGT GAA GCG TAC CTG TCT TCC GAA GAA TTC AAA GAG AAG TTC GGT ATG ACC AAA GAA GCG TTC AAC AAA CTG CCG AAA TGG AAA CAG AAC AAA TTC CCG ATG GCG GTT CAG CTG TTC,0.4519586295966826
CCA GCG CAC CCG TAC GAC CGC CTG AAA ACC ACC TCT ACC GAC CCG GTT TCT GAC ATC GGT GTT GAC CGC CGT GAA GCG TAT CTC TCT TCC GAG GAA TTC AAG GAA AAG TTC GGT ATG ACC AAA GAG GCG TTC TAC AAA CTG CCG AAA TGG AAA CAG AAC AAG TTC AAA ATG GCG GTT CAG CTG TTC,0.7571294487666235
CCG GCG CAT CCG TAC GAC ATG CTG AAA ACC ACC TCT ACC CAG CCG GTT TCT GAC ATC GAC GTT ACC CGT CGC GAA GCG TAC CTC TCT TCT GAA GAG TTC AAA GAG AAA TTC GGC ATG ACT AAG GAG GCG TTC TAC AAA CTG CCG AAA TGG AAA CAG AAC AAA TTC AAA ATG GCG GTT CAG CTG TTC,0.8936965795160086
CCA GCT CAT CCA TAC GAC CGT CTG AAA ACC ACC TCT ACC GAC CCG GTT TCT GAC ATC GAC GTT ACC CGT CGT GAA GCG TAC CTG TCT TCC GAG GAG TTC AAA GAA AAA TTC GGT ATG ACC AAG GAA GCG TTT ATG AAG CTC CCG AAA TGG AAA CAG AAC AAA TTC CAC ATG GCT GTT CAG CTG TTC,0.6294794356276601
CCG GCG CAT CCG TAC GAC CGT CTG AAA ACC ACC TCT ACC GAC CCG GTT TCT GAC ATC GAC GTT ACC CGT CGT GAA GCT TAC CTG GTG TCC GAG ATG TTC AAG GAA AAG TTC GGT ATG ACC AAA GAA GCT TTT TAC AAG CTG CCG AAA TGG AAG CAG AAC AAA TTC AAA ATG GCG GTT CAG CTG TTC,0.5523514099939999
CCG GCG CAC CCG TAC GAC CGT CTG AAA ACC ACC TCT ACC GAC CCG GTT TCT GAC ATC GAC GTT ACC CGT CGT GAA GCT TAC CTG TCC TCC ATC GAA TTC AAG GAA AAA TTC GGC ATG ACC AAA GAG GCG TTC TAC AAA CTG CCG AAA TGG AAA CAG AAC AAA TTC AAA ATG GCG GTG CAG CTG TTT,0.9619980399622468
CCG GCG CAC CCG TAC GAC CGT CTG AAA ACC ACC TCT ACC GAC CCG GTT TCT GAC ATC GAC GTT ACC TAC CGT GAA GCG TAC CTG TCT TCC GAA GAA TTC AAA GAA AAA TTC GGC ATG ACC AAG GAG GCG TTC TAC AAA CTG CCG AAA TGG AAG CAG AAC AAG TTT GGC ATG GCG GTT CAG CTG TTC,0.2612719612262402
CCG GCG CAC CCG TAC GAC CGT CTG AAA ACC ACC TCT ACC GAC CCG GTT TCT GAC ATC GAC GTT ACC CGT CGT CCG GCG TAT CTC TCT TCT GAA GAA TTC AAG GAG AAA TTC GGC ATG ACC AAA GAG GCG TTC TAC AAA CTG CCG AAA TGG AAA CAG AAC AAA TTC AAA ATG GCT GTT CAG CTC TTT,0.7170466655699304
CCG GCG CAC CCG TAC GAC CGT CTG AAA ACC ACC ATG ACC GAC CCG GTT TCT GAC ATC GAC GTT ACC CGT CGC GAA GCT TAC CTG TCC TCT GAG GAA TTC AAG GAG AAA TTC GGT ATG ACC AAG GAA GCG TTC TAC AAA CTG CCG AAA TGG AAA CAG AAC AAA TTC AAA ATG GCG GTT CAG CTG TTC,0.626055548547752
CCG GCG CAC CCG TAC GAC CGT CTG AAA ACC ACC TCT ACC GAC CCG GTT TCT GAC ATC ACC GTT ATC CGT CGT GAA GCG TAC CTC TCC TCT GAA GAG TTC AAA GAA AAG TTC GGC ATG ACC AAA GAA GCG TTC TAT AAG CTG CCG AAA TGG AAA CAG AAC AAA TTC AAA ATG GCG GTG CAG CTG TTT,0.6251027093466621
CCA GCG CAC CCG TAC GAC CGT CTG AAA ACC ACC TCT ACC GAC CCG GTT TCC GAC ATC ATG GTT GTT CGC CGT GAA GCG TAC CTC TCC TCT GAG GAA TTC AAA GAA AAA TTC GGC ATG ACC AAG GAA GCG TTC TAC AAG CTG CCG AAA TGG AAG CAG AAC AAG TTC AAA ATG GCG GTT CAG CTG TTC,0.6199458007605614
CCA GCT CAC CCG TAC GAC CGT CTG AAA ACC ACC TCT ACC GAC CCG GTT TCT GAT ATC GAC GTT ACC CGT CGT GAA GCG TAC CTG TCC TCT GAA GAG TTC AAG GAG AAG TTC GGC ATG ACC AAA GAA GCG TTC TGG AAA CTG CCG AAA TGG AAA CAG AAC AAA TTC ACC ATG GCG GTT CAG CTG TTC,0.3177668866028763
CCG GCG CAT CCG TAT GAC AAC CTG AAA ACC ACC TCT ACC TGG CCG GTT TCT GAT ATC GAC GTT ACC CGT CGT GAA GCG TAC CTG TCT TCC GAG GAG TTC AAA GAG AAA TTC GGC ATG ACC AAA GAG GCG TTC TAC AAA CTG CCG AAA TGG AAA CAG AAC AAA TTC AAA ATG GCG GTG CAA CTG TTC,0.8108553703302965
CCG GCG CAC CCG TAC GAC CGT CTG AAA ACC ACC TCT ACC GAT CCG GTT TCT GAC ATT GAC GTT ACC CGT CGT TAT GCG TAC CTG TCT TCT GAA GAA TTC AAG GAG AAG TTC GGC ATG ACC AAA GAA GCG TTC AAC AAA CTG CCG AAG TGG AAA CAG AAC AAA TTC AAA ATG GCG GTT CAG CTG TTC,0.7556836364561581
CCA GCG CAC CCG TAC GAC CGT CTG AAA ACC ACC TCT ACC GAC CCG GTT TCT GAT ATC GAC GTT ACC CGT CGT GAA GCG TAC CTC ATG TCC GAA CCG TTC AAA GAA AAA TTC GGT ATG ACC AAA GAG GCG TTC TAC AAA CTG CCG AAA TGG AAA CAG AAC AAA TTC AAA ATG GCG GTT CAG CTG TTC,0.3439725689668921
CCG GCT CAC CCG TAC GAC CGT CTG AAA ACC ACC TCT ACC GAC CCG GTT TCT GAC ATC GAC GTT ACC CGT CGT GAA GCG TAC CTG TCC TCC GAG GAA TTC AAA GAA AAG TTC GGT ATG ACC AAA GAG GCG TTC GAG AAG CTG CCG AAA TGG AAA CAG AAC AAA TTC CAG ATG GCG GTT CAG CTG TTC,0.3495342695329984
CCG GCG CAC CCG TAC GAC TGG CTG AAA ACC ACC TCT ACC GTT CCG GTT TCT GAC ATC GAC GTG ACC CGC CGT GAA GCG TAC CTG TCC TCT GAG GAG TTC AAG GAA AAA TTC GGT ATG ACC AAA GAG GCG TTC TAC AAA CTG CCG AAA TGG AAA CAG AAC AAA TTC AAA ATG GCG GTG CAG CTG TTC,0.83867297053088
CCA GCG CAC CCA TAC GAC CGT CTG AAA ACC ACC TCT ACC GAC CCG GTG TCC GAC ATC GAC GTT ACC CGT CGC CCA GCG TAC CTG TCT TCC GAA GAG TTC AAG GAG AAA TTC GGT ATG ACC AAA GAG GCG TTT TAC AAA CTG CCG AAA TGG AAA CAG AAC AAA TTC CGT ATG GCG GTT CAG CTC TTC,0.9286782183175012
CCA GCG CAC CCG TAC GAC GCG CTG AAA ACC ACC TCT ACC ACT CCA GTT TCT GAC ATC GAC GTT ACC CGT CGT GAA GCG TAC CTG TCT TCC GAG GAA TTC AAG GAG AAA TTC GGT ATG ACC AAA GAA GCG TTC TAC AAG CTG CCG AAA TGG AAA CAG AAC AAA TTC AAA ATG GCG GTT CAG CTG TTT,0.8909107336106481
CCA GCT CAC CCG TAC GAC CGC CTG AAA ACC ACC TCT ACC GAC CCG GTT TCT GAC ATC GAC GTT ACC CGT CGT GAA GCG TAT CTG TTC TCC GAA ATG TTC AAA GAG AAA TTC GGC ATG ACC AAG GAG GCT TTC TAC AAG CTC CCG AAG TGG AAG CAG AAC AAG TTC AAG ATG GCG GTT CAA CTC TTC,0.8407643822956143
CCA GCG CAC CCG TAC GAC CGT CTG AAA ACC ACC TCT ACC GAC CCA GTT TCT GAC ATC GAC GTT ACC TGG CGT AAA GCG TAC CTG TCT TCT GAG GAA TTC AAG GAA AAG TTC GGT ATG ACC AAG GAA GCG TTC TAC AAA CTG CCG AAG TGG AAA CAG AAC AAA TTC AAA ATG GCG GTT CAG CTG TTC,0.5658059621821754
CCA GCG CAC CCA TAC GAC TGC CTC AAA ACC ACC TCT ACC GTT CCG GTT TCT GAC ATC GAC GTT ACC CGT CGT GAA GCT TAC CTG TCC TCT GAG GAA TTC AAA GAG AAA TTC GGC ATG ACC AAA GAA GCT TTC TAC AAA CTG CCG AAG TGG AAG CAA AAC AAG TTC AAG ATG GCT GTT CAA CTG TTT,1.411047851509365
CCG GCT CAC CCA TAC GAC GCT CTG AAA ACC ACC TCT ACC GCG CCA GTT TCT GAT ATC GAC GTT ACC CGT CGT GAG GCG TAC CTG TCT TCT GAG GAG TTC AAA GAG AAG TTC GGT ATG ACC AAG GAA GCG TTC TAC AAA CTG CCG AAA TGG AAA CAG AAC AAA TTC AAA ATG GCG GTT CAG CTG TTC,0.7046783146137938
CCG GCG CAC CAG TAC GAC CGT CTG AAA ACC ACC TCT ACC GAC CCG GTT TCT GAC ATC GAC GTT ACC CGT CGT GAG GCG TAC CTG TCC TCT GAG GAA TTC AAA GAA AAA TTC GGC ATG ACC AAA GAA GCG TTC TAC AAA CTG CCG AAA TGG AAA CAG AAC AAG TTC AAA ATG GCG GTT CAA CTG TTC,0.8387558827638155
CCG GCG CAC CCG TAC TGC CGT CTG CAC ACC ACC TCT ACC GAC CCG GTT TCT GAC ATC GAC GTT ACC CGT CGT GAA GCG TAC CTG TCT TCC GAA GAG TTC AAG GAG AAG TTC GGT ATG ACC AAA GAA GCG TTC TAC AAA CTG CCG AAA TGG AAA CAG AAC AAA TTC AAA ATG GCG GTG CAG CTC TTT,1.18249608428938
CCG GCG CAC CCG TAC GAC CGT CTG AAA ACC ACC TCT ACC GAC CCG GTT TCT GAC ATC GAC GTT ACC ATG CGT GAA GCT TAC CTG TCT TCT GAG GAG TTC AAA GAG AAG TTC GGT ATG ACC AAG GAA GCG TTC TAC AAA CTG CCG AAA TGG AAA CAG AAC AAA TTC CTG ATG GCG GTG CAG CTG TTT,0.9202999812257378
CCG GCT CAT CCG TAC GAC CGT CTG AAA ACC ACC TCT ACC GAT CCG GTT TCT GAC ATC GAC GTT ACC GTT CGT TCT GCG TAC CTG TCC TCT GAA GAA TTC AAA GAA AAG TTC GGC ATG ACC AAA GAA GCG TTC TAC AAA CTG CCG AAG TGG AAA CAG AAC AAA TTC AAG ATG GCG GTT CAG CTG TTC,0.6540441320479178
CCG GCG CAC CCG TAC GAC CGT CTG AAA ACT ACC TCT ACC GAC CCA GTT TCT GAC ATC GAC GTG ACC CGT CGT GAA GCG TAC CTG ACC TCT GAG AAC TTC AAG GAG AAA TTC GGT ATG ACC AAA GAG GCG TTT TAC AAA CTG CCG AAA TGG AAA CAG AAC AAA TTC AAA ATG GCG GTT CAG CTG TTC,0.595195251901993
CCG GCG CAC CCG TAC GAC CGT CTG AAA ACC ACC TCT ACC GAC CCG GTT TCT GAC ATC GAC GTT ACC TCT CGT GAA GCG TAC CTG TCT TCC GAG GAA TTC AAG GAA AAA TTC GGC ATG ACC AAA GAA GCG TTC TAC AAG CTG CCG AAA TGG AAA CAG AAC AAA TTC TTC ATG GCG GTT CAG CTG TTC,0.7371171703222612
CCG GCG CAC CCG TAC GAC CAA CTG AAA ACC ACC TCT ACC GTT CCG GTT TCT GAC ATC GAC GTT ACC CGT CGT GAA GCG TAC CTC TCT TCC GAA GAA TTC AAG GAA AAA TTC GGC ATG ACC AAA GAA GCG TTC TAC AAA CTG CCG AAG TGG AAA CAG AAC AAA TTC AAA ATG GCG GTT CAG CTG TTC,0.8587010733284379
CCG GCG CAC CCG TAC GTT CGT CTG GAC ACC ACC TCT ACC GAC CCG GTT TCT GAT ATC GAC GTT ACC CGT CGT GAG GCG TAC CTG TCC TCT GAG GAG TTC AAA GAA AAA TTC GGC ATG ACC AAA GAG GCG TTC TAC AAA CTG CCG AAG TGG AAA CAG AAC AAA TTC AAA ATG GCT GTT CAG CTC TTC,0.5965549307634526
CCG GCT CAC CCG TAC GAC CGT CTG AAA ACC ACC TCT ACC GAC CCG GTT TCC GAC ATC GAC GTT ACT CGT ACC GAA GCG TAC CTG TCT TCC GAG GAA TTC AAA GAG AAG TTC GGT ATG ACC AAA GAG GCG TTC TAC AAA CTG CCG AAA TGG AAA CAG AAC AAA TTC AAG ATG GCG GTT CAG CTG TTT,1.1304648617004012
CCA GCT CAC CCG TAC GAC CGT CTG AAA ACC ACC TCT ACC GAC CCG GTG TCT GAT ATT CAA GTT CAG CGT CGT GAA GCT TAC CTG TCC TCT GAG GAA TTC AAA GAG AAG TTC GGT ATG ACC AAA GAG GCT TTC TAC AAG CTG CCG AAA TGG AAA CAG AAC AAA TTC AAG ATG GCG GTG CAG CTG TTC,0.8137161515817848
CCG GCG CAC CCG TAC GAC CGC CTG AAA ACC ACC TCT ACC GAT CCG GTT TCT GAT ATC GAC GTT ACC CGT CGT GAG GCG TAC CTG TCT TCT ACT GAG TTC AAA GAG AAA TTC GGC ATG ACC AAA GAA GCG TTC TAC AAA CTG CCG AAA TGG AAA CAG AAC AAA TTC AAA ATG GCG GTT CAG CTG TTC,1.2976758831230728
CCG GCG CAC CCG TAC CGT CGT CTG CGT ACT ACC TCT ACC GAC CCA GTT TCT GAC ATC GAC GTG ACC CGC CGT GAA GCG TAC CTG TCC TCT GAG GAA TTC AAG GAA AAA TTC GGT ATG ACC AAG GAG GCG TTT TAC AAA CTG CCG AAA TGG AAA CAG AAC AAA TTC AAA ATG GCG GTT CAG CTG TTT,-2.540808862781182
CCG GCT CAC CCG TAC GAC CGT CTC AAA ACC ACC TCT ACT GAC CCG GTT TCT GAC ATC GAC GTT ACC CAA CGT GAG GCT TAC CTG TCC TCT GAG GAA TTC AAA GAA AAG TTC GGT ATG ACC AAG GAG GCG TTC TAC AAA CTG CCG AAA TGG AAA CAG AAC AAG TTT GGT ATG GCT GTT CAG CTG TTC,0.3366516217155109
CCA GCT CAC CCG TAC GAC CGT CTG AAA ACT ACC TCT ACC GAC CCG GTG TCT GAT ATT GAC GTT ACC CGT CGT GAA GCG TAC CTG AAC TCT GAA CAC TTC AAA GAA AAA TTC GGC ATG ACC AAA GAA GCG TTC TAC AAA CTG CCG AAA TGG AAG CAG AAC AAA TTC AAA ATG GCG GTT CAG CTG TTC,0.4538092120245697
CCA GCT CAC CCG TAC GAC CGT CTG AAA ACC ACT TCT ACC GAT CCG GTT TCT GAC ATC GAC GTG ACC TCT CGT GAA GCG TAC CTG TCT TCT GAG GAA TTC AAA GAG AAG TTC GGC ATG ACC AAA GAA GCG TTC TAC AAA CTG CCG AAA TGG AAA CAG AAC AAA TTC GGT ATG GCG GTG CAG CTG TTC,0.2421642896374106
CCG GCG CAT CCG TAC GAC CGT CTG AAA ACC ACC TCT ACC GAT CCG GTT TCT GAC ATC GAC GTT ACC CGT CGT GAA GCG TAC CTG GGT TCT GAA ATC TTC AAA GAA AAA TTC GGC ATG ACC AAA GAG GCG TTC TAC AAA CTG CCG AAA TGG AAA CAG AAC AAA TTC AAA ATG GCG GTT CAG CTG TTC,0.4819863768378177
CCG GCT CAC CCG TAC GAC CGT CTG AAA ACC ACC TCT ACC GAC CCG GTT TCT GAC ATC GGT GTT AAC CGT CGT GAA GCT TAC CTG TCT TCT GAG GAA TTC AAG GAG AAA TTC GGT ATG ACC AAG GAG GCG TTT TAC AAA CTG CCG AAA TGG AAA CAG AAC AAG TTC AAA ATG GCG GTT CAG CTG TTC,0.6030428240140979
CCG GCG CAC CCG TAC GAC CGT CTG AAA ACC ACC TCT ACC GAC CCG GTT TCT GAC ATC GAC GTT ACC TCT CGT TAT GCG TAC CTG TCT TCT GAG GAA TTC AAG GAA AAA TTC GGC ATG ACC AAA GAA GCG TTC TAC AAA CTG CCG AAA TGG AAG CAG AAC AAA TTC AAA ATG GCG GTT CAG CTG TTC,0.8056468393388583
CCG GCG CAC CCG TAC GAC CGT CTG AAA ACT ACC TCT ACC GAC CCG GTT TCT GAC ATT GAC GTT ACC CGT CGC GAA GCG TAC CTG TGG TCT GAA GGT TTC AAG GAA AAA TTC GGT ATG ACC AAA GAG GCG TTC TAC AAA CTG CCG AAA TGG AAA CAG AAC AAA TTC AAA ATG GCG GTG CAG CTG TTC,0.5550356322078238
CCG GCG CAC CCG TAT GGT CGT CTG GAC ACT ACC TCT ACC GAC CCG GTT TCT GAC ATT GAC GTT ACC CGT CGT GAG GCG TAC CTG TCT TCT GAA GAA TTC AAG GAA AAG TTC GGC ATG ACC AAA GAA GCG TTC TAC AAA CTG CCG AAA TGG AAA CAG AAC AAA TTC AAA ATG GCT GTT CAG CTG TTC,0.6307766498524244
CCG GCG CAT CCG TAC GAC CGT CTG AAA ACC ACC TCT ACC GAC CCA GTT TCT GAC ATC GAC GTT ACC CGT CGC GAA GCG TAC CTG TCT TCT GAG GAA TTC ACC GAG AAA TTC GGC ATG ACC AAA GAA GCG TTC TAC AAA CTG CCG AAA TGG AAG CAA AAC AAG TTC AAA ATG GCG GTG CAG CTG TTC,1.2311895375894228
CCA GCT CAC CCA TAC GAC CGT CTG AAA ACC ACC TCT ACC GAC CCG GTT TCT GAC ATC GAC GTT ACC GGT CGT GAA GCG TAC CTG TCC TCC GAG GAA TTC AAA GAA AAG TTC GGT ATG ACC AAA GAG GCT TTT TAC AAA CTG CCG AAG TGG AAA CAG AAC AAG TTC AAT ATG GCT GTT CAG CTG TTT,0.3520647197326758
CCG GCT CAC CCG TAC GAC CGT CTG AAA ACC ACC TCT ACC GAC CCG GTT TCT GAT ATC GAC GTT ACC GTT CGT GAA GCG TAC CTG TCT TCC GAA GAG TTC AAA GAG AAG TTC GGT ATG ACC AAA GAA GCG TTC CAC AAA CTG CCG AAA TGG AAA CAG AAC AAA TTC AAA ATG GCT GTT CAG CTG TTT,0.6157892906654795
CCG GCT CAC CCG TAC GAC CGT CTG AAA ACC ACC TCT ACC GAC CCA GTT TCT GAC ATC GAC GTT ACC CGT CGT ATC GCG TAC CTC TCC TCC GAA GAG TTC AAA GAA AAG TTC GGT ATG ACC AAG GAA GCG TTC ATC AAA CTG CCG AAG TGG AAA CAG AAC AAA TTC AAA ATG GCG GTT CAG CTG TTC,0.877742720205861
CCG GCG CAC CCG TAC GAC CGT CTG AAA ACC ACC TCT ACT GAC CCG GTT TCT GAC ATC GAC GTT ACC GTT CGT TGG GCG TAC CTG TCT TCT GAA GAG TTC AAA GAA AAA TTC GGC ATG ACC AAG GAG GCG TTC TAC AAA CTG CCG AAA TGG AAA CAG AAC AAA TTC AAA ATG GCG GTG CAG CTC TTT,0.8508814106401857
CCG GCG CAC CCG TAC GAC CGT CTG AAA ACC ACC TCT ACC GAC CCG GTT TCT GAC ATC GAC GTT ACC CGT CGT GAA GCG TAC CTG TGC TCT GAG TTC TTC AAG GAA AAG TTC GGT ATG ACC AAA GAG GCG TTC TAC AAA CTG CCG AAA TGG AAA CAG AAC AAG TTC AAA ATG GCG GTG CAG CTG TTT,1.0507974118194228
CCA GCG CAT CCG TAC GAC CGT CTG AAA ACC ACC TCT ACC GAC CCG GTT TCT GAC ATC ATC GTT ATG CGT CGT GAA GCG TAC CTG TCT TCC GAA GAG TTC AAG GAA AAG TTC GGC ATG ACT AAA GAG GCG TTC TAC AAA CTG CCG AAA TGG AAA CAG AAC AAA TTC AAA ATG GCG GTG CAG CTG TTC,0.3855524908932234
CCG GCT CAC CCG TAC GAC CGC CTG AAA ACC ACC TCT ACC GAC CCG GTT TCC GAC ATC AAC GTG ATG CGT CGT GAG GCG TAC CTC TCC TCT GAA GAA TTC AAA GAG AAA TTC GGC ATG ACC AAG GAG GCG TTC TAC AAA CTG CCG AAA TGG AAA CAG AAC AAG TTC AAA ATG GCG GTT CAG CTG TTC,0.7833663587363097
CCG GCG CAC CCG TAC GAC CGT CTG AAA ACC ACC TCT ACC GAC CCG GTT TCT GAC ATC GAC GTT ACC AAC CGT GGT GCG TAC CTG TCC TCT GAA GAA TTC AAA GAA AAG TTC GGT ATG ACC AAG GAG GCG TTC TAC AAA CTG CCG AAA TGG AAA CAG AAC AAA TTC AAG ATG GCG GTT CAG CTC TTC,0.7334440891247085
CCG GCT CAC CCG TAT GAC CGT CTG AAA ACC ACC TCT ACC GAC CCG GTT TCT GAC ATC ACC GTT CAG CGT CGT GAA GCG TAC CTG TCT TCT GAA GAA TTC AAG GAG AAG TTC GGC ATG ACC AAA GAA GCG TTC TAC AAA CTG CCG AAA TGG AAG CAG AAC AAA TTC AAA ATG GCG GTT CAG CTG TTC,0.8113175409587328
CCG GCG CAC CCG TAC GAC CGT CTG AAA ACC ACC TCT ACT GAC CCG GTT TCT GAC ATC GAC GTT ACT CGT CGT GAC GCG TAC CTC TCT TCT GAA GAG TTC AAA GAG AAA TTC GGT ATG ACC AAA GAG GCG TTC TCT AAA CTG CCG AAG TGG AAA CAG AAC AAA TTC AAA ATG GCG GTG CAG CTG TTC,0.6728090380004941
CCG GCG CAC CCG TAC GAC CGT CTG AAA ACT ACC TCT ACC GAC CCG GTT TCT GAC ATC GAC GTT ACT GAC CGT GAA GCG TAC CTG TCT TCT GAG GAA TTC AAG GAA AAG TTC GGC ATG ACC AAA GAA GCG TTC TAC AAA CTG CCG AAA TGG AAA CAG AAC AAA TTC GTT ATG GCG GTT CAG CTG TTC,0.4976987270649248
CCG GCG CAT CCA TAC GAC CTC CTG AAA ACC ACC TCT ACC ATC CCG GTT TCT GAC ATT GAC GTT ACC CGT CGT GAA GCG TAC CTG TCT TCC GAG GAA TTC AAG GAA AAA TTC GGC ATG ACC AAA GAA GCG TTC TAC AAA CTG CCG AAA TGG AAA CAG AAC AAA TTC AAA ATG GCG GTT CAG CTG TTC,0.6800540514564191
CCG GCG CAT CCG TAC GAC CGT CTG AAA ACC ACC TCT ACC GAT CCG GTT TCT GAC ATT GAC GTT ACT CCA CGT GAA GCG TAC CTG TCT TCT GAG GAA TTC AAG GAA AAA TTC GGC ATG ACC AAA GAA GCG TTC AAA AAG CTC CCG AAG TGG AAA CAA AAC AAG TTC AAG ATG GCG GTG CAG CTG TTC,0.6599866817336381
CCG GCG CAC CCG TAC GAC CGT CTG AAA ACC ACC TCT ACC GAC CCG GTT TCT GAT ATC GAC GTT ACC CGT CGT ACC GCG TAC CTG TCT TCT GAA GAG TTC AAA GAG AAG TTC GGT ATG ACC AAA GAG GCG TTC CAG AAA CTG CCG AAA TGG AAG CAG AAC AAA TTC AAA ATG GCG GTT CAG CTG TTC,0.6940626114285509
CCG GCG CAT CCG TAC GAC CGC CTG AAG ACC ACC TCT ACC GAC CCG GTT TCT GAC ATC GAC GTT ACC CGT CGT GAG GCG TAC CTG TCC TCT GAA GAG TTC AAA GAA AAA TTC GGC ATG ACC AAA GAA CTG TTC TAC AAA CTG CCG AAA TGG AAA CAG AAC AAG TTC AAG ATG GCG GTG CAG CTG TTC,1.2800979984835292
CCA GCG CAC CCG TAC ACC CGT CTG TAT ACC ACC TCT ACT GAC CCG GTT TCT GAT ATC GAC GTT ACC CGT CGT GAA GCG TAC CTG TCC TCT GAG GAG TTC AAA GAG AAA TTC GGT ATG ACC AAG GAG GCG TTC TAC AAA CTG CCG AAA TGG AAA CAG AAC AAA TTC AAA ATG GCG GTG CAG CTC TTC,-0.0176190086608862
CCG GCT CAC CCG TAC GAC CGT CTG AAA ACC ACC TCT ACC GAC CCG GTT TCT GAC ATC GAC GTT ACC CGT CGT CGT GCG TAC CTC TCC TCC GAA GAA TTC AAA GAA AAG TTC GGC ATG ACT AAG GAG GCG TTC TAC AAG CTG CCA AAA TGG AAA CAG AAC AAA TTC ACC ATG GCG GTG CAG CTG TTC,0.7473792256421545
CCG GCG CAC CCG TAC GAC CGT CTG AAA ACC ACC TCT ACC GAC CCG GTT TCT GAC ATC GAC GTT ACC CGT CGT CCG GCG TAC CTG TCT TCC GAA GAA TTC AAG GAA AAA TTC GGC ATG ACC AAA GAG GCT TTC TAC AAA CTG CCG AAG TGG AAA CAG AAC AAA TTC TAC ATG GCG GTT CAG CTG TTC,0.9518838670080796
CCA GCT CAC CCG TAC GAC CGT CTG AAA ACC ACC TCT ACC GAT CCG GTT TCT GAC ATC GAC GTT ACC CAC CGT GAA GCG TAC CTG TCT TCT GAG GAA TTC AAG GAA AAA TTC GGC ATG ACC AAA GAA GCG TTC AAC AAA CTG CCG AAG TGG AAA CAG AAC AAA TTC AAA ATG GCG GTT CAG CTG TTC,0.3465277885548715
CCG GCG CAC CCG TAC TCT CGT CTG AAC ACC ACC TCT ACC GAT CCA GTT TCT GAC ATT GAC GTT ACC CGT CGT GAA GCG TAC CTG TCT TCT GAG GAA TTC AAG GAG AAG TTC GGC ATG ACC AAA GAA GCG TTC TAC AAA CTG CCG AAA TGG AAA CAG AAC AAA TTC AAA ATG GCG GTT CAG CTG TTC,0.081235335400865
CCG GCT CAC CCG TAC GAC CGT CTG AAA ACC ACC TCT ACC GAC CCG GTT TCT GAT ATC GAC GTT ACC CGT CGT GAA GCG TAC CTG TCT TCC GAA GAA TTC AAA GAA AAA TTC GGC ATG ACC AAA GAA GCG TTC TAC AAA CTG CCG ACC TGG AAA CAG AAC AAG TTC AAG ATG GCG GTT CAG CTG TTC,1.120417196239143
CCG GCG CAT CCG TAC GAC CGT CTC AAA ACC ACC TCT ACC GAT CCG GTT TCT GAC ATC CAC GTT GAC CGT CGC GAG GCG TAC CTG TCT TCT GAG GAG TTC AAG GAG AAA TTC GGT ATG ACC AAG GAA GCT TTC TAC AAA CTG CCG AAG TGG AAA CAG AAC AAG TTC AAA ATG GCG GTT CAA CTG TTC,1.046487584567008
CCA GCG CAC CCG TAC GAC CGT CTG AAA ACC ACC TCT ACT GAC CCG GTT TCT GAC ATT GAT GTT ACC CGT CGT GAA GCG TAC CTG TCT TCC GAG GAA TTC AAG GAG AAA TTC GGT ATG ACC AAG GAA GCG TTC ATC AAA CTG CCG AAA TGG AAA CAG AAC AAA TTC CTG ATG GCG GTT CAG CTG TTC,0.7470598517106399
CCA GCG CAC CCA TAC GAC CGT CTG AAA ACC ACT TCT ACT GAT CCG GTT TCT GAC ATC GAC GTT ACC CTG CGT CAG GCG TAC CTG TCT TCC GAA GAG TTC AAG GAA AAG TTT GGC ATG ACC AAG GAA GCG TTT TAC AAA CTG CCG AAA TGG AAA CAG AAC AAA TTC AAA ATG GCT GTT CAG CTG TTC,0.6484481186478809
CCA GCG CAC CCG TAC GAC CGT CTG AAA ACC ACC TCT ACC GAC CCG GTT TCT GAC ATC GAC GTT ACC CGT CGT GAA GCG TAC CTG TCC TCC GAG GAA TTC AAA GAG AAA TTC GGT ATG ACC AAG GAA GCG TTC ACC AAA CTG CCG AAA TGG AAA CAG AAC AAA TTC CTG ATG GCG GTT CAG CTG TTT,0.7613224950929895
CCG GCG CAC CCG TAC GAC CGT CTG AAA ACC ACC TCT ACC GAT CCG GTT TCT GAC ATC GAC GTT ACC AAC CGT GAA GCG TAC CTG TCT TCT GAA GAA TTC AAG GAG AAG TTC GGC ATG ACC AAA GAG GCG TTC GAA AAA CTG CCG AAA TGG AAA CAG AAC AAA TTC AAA ATG GCG GTT CAG CTG TTC,0.6687699536323113
CCA GCG CAT CCG TAT GAT CGT CTG AAA ACC ACT TCT ACC GAC CCG GTT TCT GAC ATC GAC GTG ACC CGT CGT GAA GCG TAC CTG TCC TCT GAG GAG TTC AAA GAG AAA TTC GGT ATG ACC AAA GAG GCG TTT TAC AAA CTG TGC AAG TGG AAA CAG AAC AAA TTC AAA ATG GCT GTT CAG CTC TTC,0.6248891796722751
CCG GCG CAC CCG TAC GAC CGT CTG AAA ACC ACC TCT ACC GAC CCG GTT TCT GAT ATC GAC GTT ACC CGT CGT CGT GCG TAC CTG TCT TCC GAA GAG TTC AAA GAA AAA TTC GGC ATG ACC AAG GAA GCG TTC GGT AAA CTG CCG AAA TGG AAA CAG AAC AAA TTC AAA ATG GCG GTT CAG CTG TTC,0.6274682386722876
CCG GCG CAT CCG TAC GAC CGT CTG AAA ACC ACC TCT ACC GAT CCG GTT TCT GAC ATC GAC GTT ACC CGT CGT GAA GCG TAC CTG TCT TCC GAA GAG TTT AAG GAA AAA TTC GGC ATG ACC AAA GAA GCG TTC TAC AAA CTG CCG AAA TGG AAG CAG AAC AAA TTC AAA ATG GCG TTC CAG CTG TTC,1.0531357377945447
CCG GCG CAC CCG TAC GAC CGT CTG AAA ACC ACC TCT ACC GAC CCG GTT TCT CCG ATC GAC GTT ACC CGT CGT GAA GCT TAC CTG TCT TCT GAG GAG TTC AAG GAG AAA TTC GGC ATG ACC AAA GAA GCG TTC TAC AAA CTG CCG AAA TGG AAA CAG AAC AAA TTC AAA ATG GCG GTT CAG CTG TTC,0.8806908458419596
CCG GCG CAC CCG TAC GAC CGT CTG AAA ACC ACT TCT ACC GAC CCA GTT TCT GAC ATC GAC GTG ACC CGC CGT GAA GCG TAC CTG GTG TCT GAG CCG TTC AAG GAA AAA TTC GGT ATG ACC AAA GAA GCG TTC TAC AAA CTG CCG AAA TGG AAA CAG AAC AAA TTC AAA ATG GCG GTT CAG CTG TTC,0.1065151955363956
CCG GCG CAC CCG TAC GAC CGT CTG AAA ACC ACC TCT ACC GAC CCG GTT TCT GAC ATC GAC GTT ACC CGT CGT GAA GCG TAC CTG TCC TCT GAA GAA TTC AAA GAA AAG TTC GGC ATG ACC AAA GAA GCG TTC CTG AAA CTG CCG AAA TGG AAA CAG AAC AAA TTC AAC ATG GCG GTT CAA CTG TTC,0.3398952078421074
CCG GCG CAC CCG TAC CGT CGT CTG TGC ACC ACC TCT ACC GAC CCG GTT TCT GAC ATT GAC GTT ACT CGT CGT GAA GCG TAC CTG TCC TCC GAA GAA TTC AAG GAG AAA TTC GGT ATG ACC AAA GAG GCG TTT TAC AAA CTG CCG AAA TGG AAA CAG AAC AAA TTC AAA ATG GCG GTG CAG CTC TTC,1.2419677806232698
CCG GCG CAC CCG TAC GAC CGC CTG AAA ACC ACC TCT ACC GAC CCG GTT TCT GAC ATC GAC GTT ACC ACT CGT GAA GCG TAC CTG TCC TCT GAA GAG TTC AAG GAG AAA TTC GGC ATG ACC AAG GAA GCG TTC AAG AAA CTG CCG AAA TGG AAG CAG AAC AAA TTC AAG ATG GCG GTG CAG CTG TTC,0.7170644796896108
CCG GCG CAC CCG TAC GAC CGT CTG AAA ACC ACC TCT ACC GAC CCG GTT TCT GAT ATC GAC GTT ACC CGT CGT GAA GCG TAC CTG TCT TCC GAA GAA TTC AAG CGT AAA TTC GGC ATG ACC AAA GAA GCG TTC TAC AAA CTG CCG AAG TGG AAA CAG AAC AAA TTC AAA ATG GCG GTT CAG CTG TTC,1.0725122558036335
CCA GCG CAC CCA TAC GAC CGT CTG AAA ACT ACC TCT ACC GAC CCG GTT TCT GAC ATC GAC GTT ACC CGT CGC GAA GCT TAC CTG TCC TCC GAG GAG TTC AAG GAA AAA TTC GGT ATG CAA AAA GAA GCG TTT TAC AAG CTG CCG AAA TGG AAG CAG AAC AAG TTC AAA ATG GCG GTT CAG CTC TTC,0.6300526246642975
CCG GCG CAT CCG TAC GAC CGT CTG AAA ACC ACC TCT ACT GAC CCG GTG TCT GAC ATC CAG GTT TGG CGT CGT GAA GCG TAC CTC TCT TCT GAA GAG TTC AAG GAG AAG TTT GGT ATG ACC AAA GAG GCG TTC TAC AAA CTG CCG AAA TGG AAA CAG AAC AAA TTC AAA ATG GCG GTG CAA CTG TTC,0.1126942327446434
CCG GCG CAC CCG TAC GAC CGT CTG AAA ACC ACC TCT ACC GAC CCG GTT TCT GAC ATC GAC GTT ACC CGT CGT TTC GCG TAC CTG TCC TCT GAG GAA TTC AAG GAA AAG TTT GGC ATG ACC AAG GAA GCG TTC TAC AAA CTG CCG AAA TGG AAA CAG AAC AAA TTC CAC ATG GCG GTT CAG CTG TTC,0.707215593765544
CCG GCG CAC CCG TAC GAC CGT CTG AAA ACT ACC TCT ACC GAC CCG GTT TCT GAC ATC GAC GTG ACC CGT CGT GAA GCG TAC CTG TCT TCC GAA GAG TTC AAA GAG AAA TTC GGT ATG ACC AAA GAG GCG TTC CAC AAA CTG CCG AAG TGG AAA CAG AAC AAA TTC GAA ATG GCT GTT CAG CTG TTC,0.5514985358551019
CCA GCT CAC CCG TAC GAC CGC CTC AAA ACC ACC TCT ACT GAC CCA GTT TGC GAC ATT GAC GTT ACC CGT CGT GAA GCG TAC CTG TCT TCC GAG GAG TTC AAG GAA AAA TTC GGT ATG ACC AAG GAA GCG TTC TAC AAA CTG CCG AAA TGG AAA CAG AAC AAA TTC AAA ATG GCG GTG CAG CTG TTT,1.6245567806951375
CCG GCG CAC CCA TAC GAC CTG CTG AAA ACC ACT TCT ACC TGG CCG GTT TCT GAT ATC GAT GTT ACT CGT CGT GAG GCG TAC CTG TCT TCT GAG GAG TTC AAA GAA AAA TTC GGT ATG ACC AAG GAG GCG TTC TAC AAA CTG CCG AAA TGG AAA CAG AAC AAA TTC AAA ATG GCG GTT CAG CTG TTC,0.6070186460036253
CCG GCG CAC CCG TAC GAC CGT CTG AAA ACC ACC TCT ACC GAC CTG GTT TCT GAC ATC GAC GTT ACC CGT CGT GAA GCG TAT CTG TCC TCC GAA GAG TTC AAA GAA AAA TTC GGC ATG ACC AAG GAA GCG TTC TAC AAA CTG CCG AAA TGG AAG CAG AAC AAA TTC AAA ATG GCG GTT CAG CTG TTC,0.9285096110330668
CCG GCG CAC CCG TAC GAC CGT CTG AAA ACC ACC TCT ACC GAT CCG GTT TCT GAC ATC GAC GTT ACC CTG CGT CTG GCG TAC CTG TCT TCT GAG GAG TTC AAA GAA AAA TTC GGC ATG ACT AAG GAA GCG TTC TAC AAA CTG CCG AAA TGG AAA CAG AAC AAA TTC AAA ATG GCT GTT CAG CTG TTC,1.0127161106668652
CCG GCG CAC CCG TAC GAC CTG CTG AAA ACC ACC TCT ACC ACT CCG GTT TCT GAC ATC GAC GTT ACC CGT CGT GAA GCG TAC CTG TCT TCC GAG GAA TTC AAA GAA AAA TTC GGC ATG ACC AAA GAA GCG TTC TAC AAA CTG CCG AAA TGG AAG CAG AAC AAA TTC AAG ATG GCG GTT CAG CTG TTC,0.7093721395336081
CCG GCG CAC CCA TAC GAC CGT CTG AAA ACC ACT TCT ACT GAC CCA GTT TCT GAC ATC GAC GTT ACC GAC CGT GAA GCT TAC CTG TCT TCC GAG GAA TTC AAG GAA AAA TTC GGT ATG ACC AAA GAG GCG TTC TAC AAA CTG CCG AAA TGG AAA CAG AAC AAA TTC CGT ATG GCG GTT CAG CTG TTC,0.750734175883409
CCA GCT CAC CCG TAC GAC CGT CTG AAA ACC AAC TCT ACC GAC CCG GTT TCT GAC ATC GAC GTT ACC CGT CGC GAA GCG TAC CTG TCT TCC GAA GAA TTC AAG GAA AAG TTC GGT ATG ACC AAG GAA GCG TTT TAC AAG CTG CCG AAG TGG AAA CAG AAC AAA TTC AAA ATG GCG GTT CAG CTG TTC,1.336836115759147
CCG GCG CAC CCA TAC GAC CGT CTG AAA ACC ACC TCT ACC GAT CCG GTT TCT GAC ATC GAC GTT ACC CGT CGT GAA GCG TAC CTC TCC TCC GAG GAG TTC AAA GAA AAA TTC GGT ATG ACC AAA GAA GCG TTC AAA AAG CTG CCA AAA TGG AAG CAG AAC AAA TTC CTG ATG GCG GTT CAG CTG TTC,0.6958916169753699
CCG GCG CAT CCG TAC GAC CGT CTG AAA ACC ACC TCT ACC GAT CCG GTT TCT GAC ATC GAC GTT ACC CGT CGT ACC GCG TAC CTG TCT TCC GAA GAA TTC AAG GAA AAG TTC GGC ATG ACC AAA GAG GCG TTC TAC AAA CTG CCG AAA TGG AAA CAG AAC AAA TTC GGT ATG GCG GTG CAG CTG TTC,0.3316278816353368
CCG GCG CAC CCG TAC GAC CGT CTG AAA ACC TAC TCT ACC GAC CCG GTT TCT GAC ATT GAC GTT ACC CGT CGC GAG GCG TAC CTG TCT TCC GAA GAA TTC AAA GAG AAA TTC GGT ATG ACC AAG GAG GCG TTC TAC AAA CTG CCG AAA TGG AAA CAG AAC AAA TTC AAG ATG GCG GTG CAG CTG TTC,0.7909962639997346
CCG GCG CAC CCA TAC GAC TGC CTG AAA ACC ACC TCT ACC TAC CCG GTT TCT GAC ATC GAC GTT ACC CGT CGT GAA GCG TAC CTC TCT TCC GAG GAA TTC AAA GAA AAA TTC GGC ATG ACC AAA GAA GCG TTT TAC AAA CTG CCG AAA TGG AAG CAG AAC AAA TTC AAG ATG GCT GTT CAG CTG TTT,1.475436468287585
CCG GCG CAC CCG TAC GAC AAA CTC AAA ACC ACC TCT ACC ACT CCG GTT TCT GAC ATC GAC GTG ACC CGT CGT GAA GCG TAC CTG TCC TCT GAG GAG TTC AAG GAA AAA TTC GGT ATG ACC AAG GAA GCG TTC TAC AAA CTG CCG AAG TGG AAA CAG AAC AAA TTC AAG ATG GCG GTT CAG CTG TTC,0.8453693571889365
CCG GCT CAC CCG TAC GAC CGT CTG AAA ACC ACC TCT ACC GAC CCG GTT TCT GAC ATC CAC GTT TGG CGT CGT GAA GCG TAC CTG TCT TCT GAA GAG TTC AAG GAG AAA TTC GGC ATG ACC AAA GAA GCG TTC TAC AAA CTC CCG AAA TGG AAA CAG AAC AAG TTC AAA ATG GCG GTT CAG CTC TTC,-0.4075923419626758
CCG GCG CAC CCG TAC GAC CGT CTG AAA ACT ACC TCT ACC GAC CCG GTT TCC GAT ATT GAC GTT ACC CGC CGT TGG GCG TAT CTG TCT TCC GAA GAG TTC AAA GAA AAG TTC GGT ATG ACC AAG GAG GCG TTC TAC AAA CTG CCG AAA TGG AAG CAG AAC AAG TTC AAC ATG GCG GTT CAA CTG TTT,0.7018465285000344
CCG GCG CAC CCG TAC GAC CGT CTG AAA ACC ACC TCT ACC GAT CCG GTT TCT GAC ATT GAC GTT ACC CGT CGT GAA GCG TAC CTG TCT TCT GAG GAA TTC AAG GAG AAG TTC GGT ATG ACC AAA TGG GCG TTC TAC AAA CTG CCG AAA TGG AAA CAG AAC AAA TTC AAA ATG GCG GTT CAG CTG TTC,1.0497462767746408
CCG GCG CAC CCG TAC GAC CGT CTG AAA ACC ACC TCT ACT GAC CCG GTT TCT GAC ATC GAC GTT ACC CAG CGT GAA GCG TAC CTG TCT TCC GAG GAA TTC AAG GAG AAA TTC GGC ATG ACC AAA GAG GCG TTT TAC AAA CTG CCG AAA TGG AAA CAG AAC AAA TTC ATG ATG GCG GTT CAG CTG TTC,0.9697701302779916
CCG GCG CAC CCG TAC GAG CGT CTG ATC ACC ACC TCT ACC GAT CCA GTT TCC GAC ATC GAC GTT ACT CGT CGT GAA GCG TAC CTG TCC TCT GAG GAG TTC AAA GAG AAG TTC GGT ATG ACC AAA GAA GCG TTC TAC AAG CTC CCG AAA TGG AAA CAG AAC AAA TTC AAA ATG GCG GTG CAA CTG TTC,1.1292565234188312
CCG GCG CAT CCG TAT GAC GCT CTG AAA ACC ACC TCT ACC TAC CCG GTT TCT GAT ATC GAC GTT ACC CGT CGT GAA GCG TAC CTG TCT TCC GAG GAG TTC AAA GAA AAG TTC GGT ATG ACC AAG GAA GCG TTC TAC AAA CTG CCG AAA TGG AAA CAG AAC AAA TTC AAA ATG GCG GTT CAG CTG TTT,0.9360710915463448
CCA GCT CAC CCA TAC GAC ATC CTG AAA ACC ACC TCT ACC TTT CCG GTT TCT GAC ATC GAC GTT ACC CGT CGT GAA GCG TAC CTC TCC TCC GAA GAG TTC AAA GAA AAG TTC GGT ATG ACC AAA GAG GCG TTT TAC AAG CTG CCG AAA TGG AAA CAG AAC AAA TTC AAG ATG GCG GTT CAG CTG TTC,0.8076491860390909
CCA GCT CAC CCG TAC GAC CGT CTG AAA ACC ACC TCT ACC GAC CCG GTT TCT GAC ATC GAC GTT ACC CGT CGT GAA GCT TAC CTG TCT TCT GAA GAG TTC AAA GAG AAG TTC GGC ATG ACC AAA GAG GCG TTC CCG AAA CTG CCG AAA TGG AAA CAG AAC AAA TTC CCG ATG GCG GTT CAG CTC TTT,-1.9390863831122809
CCG GCG CAC CCG TAC GAC CGT CTG AAA ACC ACC TCT ACC GAC CCG GTT TCT GAC ATC GAC GTT ACC AAA CGT GAA GCG TAC CTG TCC TCC GAA GAA TTC AAG GAA AAG TTC GGT ATG ACC AAA GAG GCG TTC CTG AAA CTG CCG AAA TGG AAG CAG AAC AAA TTC AAA ATG GCG GTT CAG CTG TTC,0.5947267781291518
CCG GCG CAC CCG TAC GAC CGT CTG AAA ACC ACC TCT ACC GAC CCA GTT TCT GAC ATC GAC GTT ACC CGT CGT GAA GCT TAT CTG TCC TCT GAA GAG TTC AAA GAG AAG TTC GGT ATG ACC AAA GAA GCG TTT GAC AAA CTG CCG AAA TGG AAA CAG AAC AAA TTC AAA ATG GCG GTG CAG CTC TTC,0.5616120809707814
CCG GCG CAC CCG TAC GAC CGT CTG AAA ACC ACT TCT ACC GAC CCG GTT TCT GAC ATC GAC GTT ACC GCG CGT CTG GCG TAC CTG TCT TCT GAG GAG TTC AAG GAA AAA TTC GGT ATG ACC AAA GAG GCG TTC TAC AAA CTG CCG AAA TGG AAA CAG AAC AAA TTC AAA ATG GCG GTT CAG CTG TTC,0.846121505331741
CCA GCG CAC CCG TAC ATC CGT CTG AAA ACC ACC TCT ACC GAT CCG GTT TCT GAC ATC GAC GTT ACC CGT CGT GAA GCG TAC CTG TCC TCT GAA GAA TTC AAG GAA AAA TTC GGC ATG ACC AAG GAA GCG TTC TAC AAA CTG CCG AAG TGG AAA CAG AAC AAA TTC AAA ATG GCG GTT CAG CTG TTC,-0.3894090321696175
CCG GCG CAC CCG TAC GAC CGT CTG AAA ACC ACC TCT ACC GAC CCG GTT TCT GAC ATC GAC GTT ACC CGT CGT GAA GCG TAC CTG TCT TCC GAG GAA TTC AAG GAG AAA TCT GGT ATG ACC AAA GAA GCG TTC TAT AAG CTG CCG AAG TGG AAG CAG AAC AAG TTC AAA ATG GCG GTT CAG CTG TTC,-0.2827657370068034
CCG GCT CAC CCG TAC GAC CGT CTG AAA ACC ACC TCT ACC GAC CCG GTT TCT GAT ATC GAC GTT ACC TCT CGT GAC GCG TAC CTG TCC TCT GAA GAA TTC AAA GAA AAG TTC GGC ATG ACC AAG GAA GCG TTC TAC AAA CTG CCG AAG TGG AAG CAG AAC AAG TTC AAG ATG GCG GTT CAG CTG TTC,0.5605084200989439
CCG GCT CAC CCG TAC GAC CGT CTG AAA ACC ACC TCT ACC GAC CCG GTT TCT GAC ATC GAC GTT ACC CGT CGT GAA GCG TAC CTG TCC TCC GAA GAA TTC AAG GAA AAA TTC GGT ATG ACC AAG GAA GCT TTT TAC AAG CTG CCG AAG TGG AAA GAC AAC AAA TTC AAA ATG GCG GTT CAG CTG TTC,-0.6312167686003896
CCG GCG CAC CCG TAC GAC CGT CTG AAA ACC ACC TCT ACC GAC CCG GTT TCT GAT ATC GAC GTT ACC CGT CGT GAA GCG TAC CTG TCT TCC GAA GAG TTC AAA GAA AAG TTC GGT ATG ACC GAG GAA GCG TTC TAC AAA CTG CCG AAA TGG AAA CAG AAC AAA TTC AAA ATG GCG GTT CAG CTC TTC,0.9410473366743942
CCG GCT CAC CCA TAC GAC CGT CTC AAA ACC ACC TCT ACC GAC CCG GTT TCT GAC ATC GAC GTT ACC TGG CGT GAA GCG TAC CTG TCT TCC GAA GAG TTC AAG GAG AAA TTC GGT ATG ACC AAA GAG GCG TTC TAC AAA CTG CCA AAA TGG AAG CAG AAC AAA TTC GAC ATG GCG GTT CAG CTC TTC,0.1912406482036986
CCG GCT CAC CCG TAC GAC CGT CTG AAA ACC ACC TCT ACC GAC CCG GTT TCT GAC ATT GAC GTT ACC CGC CGT GAA GCT TAC CTC TCC TCC GAA GAG TTC AAA GAA AAA TTC GGT ATG ACC AAG GAG GAC TTC TAC AAA CTG CCG AAA TGG AAA CAG AAC AAG TTC AAG ATG GCG GTT CAG CTG TTC,1.4284206024074957
CCG GCG CAT CCG TAT GAT CGC CTC AAA ACC ACC TCT ACC GAC CCG GTT TCT GAC ATC GAC GTT ACT CCG CGT GAA GCG TAC CTG TCT TCT GAA GAG TTC AAA GAG AAG TTC GGC ATG ACC AAG GAA GCG TTC TCC AAA CTG CCG AAA TGG AAG CAG AAC AAA TTC AAA ATG GCG GTG CAG CTG TTC,0.5874562414062665
CCA GCG CAC CCG TAC GAC CGT CTG AAA ACC ACC TCT ACC GAC CCG GTG TCT GAC ATC GAC GTT ACT TTC CGT GAA GCG TAC CTC TCT TCT GAA GAA TTC AAG GAG AAA TTC GGT ATG ACC AAG GAA GCG TTC TAC AAA CTG CCG AAA TGG AAA CAG AAC AAA TTC TCT ATG GCG GTT CAG CTC TTC,0.5534662316704528
CCG GCG CAC CCG TAC GAC CGT CTG AAA ACC ACC TCT ACC GAC CCG GTT TCT GAC ATC GAC GTT ACC CGT CGT GAA GCT TAC CTG TCT TCC GAA GAA TTC AAA GAA AAA TTC GGC ATG ACC AAA GAA GCG TTC TAC AAA CTG CCA AAA GCG AAA CAG AAC AAA TTC AAG ATG GCT GTT CAG CTG TTC,0.8510752327830109
CCG GCT CAT CCG TAT GAC CGT CTG AAG ACC ACC TCT ACT GAC CCG GTT TCT GAC ATC GAC GTT ACC GAT CGT GAA GCG TAC CTG TCT TCT GAG GAG TTC AAA GAA AAA TTC GGC ATG ACC AAA GAA GCG TTT GCG AAA CTC CCG AAA TGG AAA CAG AAC AAG TTC AAG ATG GCG GTG CAG CTG TTT,0.6325728953908982
CCG GCG CAC CCG TAC GAC CGT CTG AAA ACC ACC TCT ACC GAC CCG GTT TCT GAC ATC GAC GTT ACC CAC CGC GAA GCG TAC CTG TCT TCT GAA GAG TTC AAG GAG AAA TTC GGT ATG ACC AAA GAG GCG TTC TAC AAA CTG CCG AAA TGG AAA CAG AAC AAA TTC TCT ATG GCT GTT CAG CTC TTC,0.5356008610388951
CCG GCG CAC CCG TAC GAC CGT CTG AAA ACC ACC TCT ACC GAC CCG GTT TCT GAC ATC GAC GTT ACT CGT CGT GAA GCG TAC CTC TCC TCT GAA GAA TTC AAA GAA TCC TTC GGT ATG ACC AAA GAG GCG TTT TAC AAA CTG CCG AAA TGG AAA CAG AAC AAA TTC AAG ATG GCG GTG CAG CTG TTC,0.5054788398163845
CCG GCG CAT CCG TAT GAC CGT CTG AAA ACC ACC TCT ACC GAC CCG GTT TCT GAC ATC GAC GTT ACC AAA CGT GCG GCG TAC CTG TCT TCT GAA GAG TTC AAG GAA AAA TTC GGC ATG ACC AAA GAG GCG TTT TAC AAG CTG CCG AAA TGG AAA CAG AAC AAG TTC AAA ATG GCG GTG CAG CTG TTC,0.6389586447694171
CCA GCG CAC CCG TAC GAC CGT CTG AAA ACC ACC TCT ACC GAC CCG GTT TCT GAC ATC TCC GTT TCT CGT CGT GAA GCG TAC CTG TCC TCT GAA GAA TTC AAG GAG AAG TTC GGT ATG ACC AAA GAG GCG TTC TAC AAA CTG CCG AAA TGG AAA CAG AAC AAG TTC AAA ATG GCG GTT CAG CTG TTC,0.7899965721460667
CCG GCG CAC CCG TAC GAC CGT CTG AAA ACC ACT TCT ACC GAC CCG GTT TCT GAC ATT GAC GTT ACC CGT CGC GAG GCG TAC CTG TCT TCT GAA GAG TTC AAA GAA AAG TTC GGC ATG ACC GTT GAA GCG TTC TAC AAA CTG CCG AAA TGG AAA CAG AAC AAA TTC AAA ATG GCG GTT CAG CTG TTC,0.7836889301317786
CCG GCG CAC CCG TAC GAC CGT CTG AAA ACC ACC TCT ACT GAC CCA GTG TCT GAC ATC GAC GTT ACC CGT CGC GAA GCG TAC CTC TCT TCT GAA GAA TTC AAG GAA AAG TTC GGT ATG ACC AAG GAA GCG TTT ATG AAA CTG CCG AAA TGG AAA CAG AAC AAA TTC TAC ATG GCG GTT CAG CTG TTC,0.7484404913627535
CCG GCG CAC CCG TAC GAC CGT CTG AAA ACC ACC TGC ACC GAC CCG GTT TCC GAC ATC GAC GTT ACC CGT CGT GAA GCG TAC CTG TCT TCT GAA GAG TTC AAA GAA AAA TTC GGC ATG ACC AAA GAA GCG TTC TAC AAA CTG CCG AAA TGG AAA CAG AAC AAA TTC AAA ATG GCG GTG CAA CTG TTC,1.3570499341184636
CCA GCT CAC CCG TAC GAC CGT CTG AAG ACC ACC TCT ACC GAC CCG GTT TCT GAC ATC GAC GTT ACC AAA CGT GAA GCG TAC CTG TCC TCC GAA GAA TTC AAG GAA AAA TTC GGC ATG ACC AAA GAA GCG TTT ACC AAG CTC CCG AAA TGG AAA CAG AAC AAA TTC AAA ATG GCG GTT CAG CTG TTC,0.6590106592036853
CCG GCG CAC CCA TAC GAC ACT CTC AAA ACC ACC TCT ACC AAA CCA GTT TCT GAC ATC GAC GTT ACC CGT CGT GAA GCG TAC CTG TCT TCT GAA GAA TTC AAG GAG AAG TTC GGC ATG ACC AAG GAA GCG TTC TAC AAA CTC CCG AAA TGG AAG CAG AAC AAA TTC AAA ATG GCG GTG CAG CTG TTC,0.8262343401513288
CCG GCG CAC CCG TAC GAC ACC CTG AAA ACC ACC TCT ACT CCG CCA GTT TCT GAT ATC GAC GTT ACC CGT CGT GAA GCG TAC CTG TCC TCT GAA GAG TTC AAG GAA AAA TTC GGC ATG ACC AAA GAA GCG TTC TAC AAA CTG CCG AAA TGG AAA CAG AAC AAA TTC AAA ATG GCG GTT CAG CTC TTC,0.8194711582346854
CCG GCG CAC CCG TAC GAC TTC CTG AAA ACC ACC TCT ACT CGC CCA GTT TCT GAT ATC GAC GTT ACC CGT CGC GAA GCG TAC CTG TCT TCC GAG GAA TTC AAG GAG AAG TTC GGC ATG ACC AAG GAA GCG TTC TAC AAA CTG CCG AAA TGG AAA CAG AAC AAA TTC AAA ATG GCG GTT CAA CTC TTC,0.6140957801714879
CCG GCG CAC CCG TAC GAC CGT CTG AAA ACC ACC TCT ACT GAC CCG GTT TCT GAC ATC GAC GTT ACC CAC CGT GAA GCG TAC CTG TCT TCC GAG GAG TTC AAG GAG AAA TTC GGT ATG ACC AAG GAA GCG TTC TCT AAG CTG CCG AAA TGG AAA CAG AAC AAA TTC AAA ATG GCT GTT CAG CTG TTC,0.6982437979682984
CCG GCG CAC CCG TAC GAA CGT CTG ATG ACC ACC TCT ACC GAC CCA GTT TCT GAT ATC GAC GTT ACC CGT CGT GAA GCG TAC CTG TCC TCT GAA GAG TTC AAA GAA AAG TTC GGC ATG ACC AAA GAA GCG TTC TAC AAA CTG CCG AAA TGG AAA CAG AAC AAA TTC AAA ATG GCT GTT CAG CTG TTC,0.9929784627833188
CCA GCT CAC CCA TAC GAC CAC CTG AAA ACT ACC TCT ACC CAG CCA GTG TCT GAC ATT GAC GTT ACC CGC CGT GAA GCG TAC CTG TCC TCT GAG GAA TTC AAG GAA AAG TTT GGC ATG ACC AAA GAG GCT TTT TAC AAA CTG CCG AAA TGG AAA CAG AAC AAA TTC AAA ATG GCT GTT CAG CTG TTC,0.7886516469797258
CCA GCT CAC CCA TAC GAC CGT CTG AAA ACC ACC TCT ACC GAC CCG GTT TCT GAC ATC GAC GTT ACC CGT CGT GAA GCG TAC CTC TCC TCC GAG GAA TTC AAA GAG AAA TTT GGC ATG ACC AAA GAA GCG TTC CAC AAA CTG CCG AAA TGG AAA CAG AAC AAA TTC GAC ATG GCT GTT CAG CTG TTC,0.0374604014433874
CCG GCG CAT CCG TAC GAC CGT CTG AAA ACC ACC TCT ACT GAC CCA GTT TCT GAC ATC GAC GTT CTG CGT CGT GAA GCG TAC CTG TCT TCT GAG GAG TTC AAG GAA AAG TTC GGT ATG ACC AAA GAA GCG TTC TAC AAA CTG CCG AAA TGG AAA CAG AAC AAA TTC AAA ATG GCT GTT CAG CTC TTT,0.9732729853035688
CCG GCT CAT CCG TAC GAC CGT CTG AAA ACC ACT TCT ACC GAC CCG GTG TCT GAT ATT GAC GTT ACC CGC AAT GAA GCG TAC CTG TCC TCT GAA GAG TTC AAG GAG AAA TTC GGT ATG ACC AAG GAG GCG TTT TAC AAA CTC CCG AAA TGG AAA CAG AAC AAG TTC AAA ATG GCG GTT CAG CTG TTC,0.7540078833652861
CCG GCT CAT CCA TAC GAC GTT CTG AAA ACC ACC TCT ACC CTG CCG GTG TCT GAC ATT GAC GTT ACC CGT CGT GAA GCG TAC CTC TCT TCC GAA GAG TTC AAG GAG AAA TTC GGC ATG ACC AAA GAG GCT TTT TAC AAA CTG CCG AAA TGG AAG CAG AAC AAG TTC AAA ATG GCG GTT CAG CTG TTC,0.7348507718471511
CCG GCG CAC CCG TAC GAC CGT CTG AAA ACC ACC TCT ACC GAC CCG GTT TCT GAC ATC GAC GTT ACC CAC CGT GAA GCG TAC CTG TCT TCT GAG GAG TTC AAG GAA AAA TTC GGC ATG ACC AAG GAA GCG TTC TAC AAA CTG CCG AAA TGG AAA CAG AAC AAA TTC AAA ATG GCG GTT CAG CTG TTC,1.005497870370831
CCG GCG CAC CCG TAC GAC CGC CTG AAA ACC ACC TCT ACC GAC CCG GTT TCT GAC ATC GAC GTT ACC AAC CGT GAA GCT TAT CTG TCT TCC GAG GAG TTC AAG GAG AAG TTC GGT ATG ACC AAG GAA GCG TTC CTG AAA CTG CCG AAA TGG AAA CAG AAC AAA TTC AAA ATG GCG GTT CAG CTG TTC,0.7588103187030458
CCG GCT CAC CCG TAC GAC CGT CTG AAA ACC ACC TCT ACC GAC CCG GTT TCT GAC ATC GAC GTT ACC TTT CGT GAA GCG TAC CTG TCT TCC GAA GAA TTT AAG GAG AAA TTC GGC ATG ACC AAA GAA GCG TTC ATC AAA CTG CCG AAA TGG AAA CAG AAC AAA TTC AAA ATG GCG GTT CAG CTG TTC,0.7352399724090517
CCG GCG CAC CCG TAC CCG CGT CTG AAC ACT ACC TCT ACC GAC CCG GTT TCT GAC ATC GAC GTT ACT CGT CGT GAA GCG TAC CTG TCT TCC GAA GAA TTC AAG GAG AAG TTC GGT ATG ACC AAA GAG GCG TTT TAC AAA CTC CCG AAG TGG AAA CAG AAC AAA TTC AAA ATG GCG GTT CAG CTG TTC,0.6280330043322189
CCG GCT CAT CCG TAC GAC CGT CTG AAA ACC ACC TCT ACC GAC CCG GTT TCT GAC ATC GAC GTT ACC CGT CGC GAA GCT TAC CTG TCC TCT GAG GAG TTC AAA GAA AAA TTC GGT ATG ACC AAG GAG GCG TTC TAC AAA CTG CCG AAA TGG AAG CAG AAC AAA TTC AAA CAG GCG GTT CAG CTG TTC,1.1021325465071936
CCG GCG CAC CCA TAC GAC CGT CTG AAA ACC ACT TCT ACC GAC CCG GTT TCT GAT ATC GAC GTG ACT CGT CGT AAC GCG TAC CTG TCT TCT GAA GAA TTC AAG GAG AAA TTC GGT ATG ACC AAA GAG GCG TTC CTG AAA CTG CCG AAA TGG AAA CAG AAC AAA TTC AAA ATG GCG GTT CAG CTG TTC,0.5902228711213184
CCA GCG CAC CCG TAC GAC CGC CTG AAA ACT ACC TCT ACC GAC CCG GTT TCC GAC ATC GAC GTT ACC CGT CGT GAA GCG TAC CTC TCT TCC GAG GAA TTC AAG GAA AAG TTT GGC ATG ACC AAA GAG GCG TTC AAG AAA CTC CCG AAG TGG AAA CAG AAC AAA TTC GAA ATG GCG GTT CAG CTG TTC,0.3922841532027691
CCA GCG CAT CCG TAC GAC CGT CTG AAA ACT ACC TCT ACC GAC CCA GCG TCC GAC ATT GAC GTG ACT CGC CGT GAG GCG TAC CTG TCT TCT GAA GAG TTC AAA GAG AAG TTC GGT ATG ACC AAG GAG GCG TTC TAC AAA CTG CCG AAA TGG AAA CAG AAC AAA TTC AAA ATG GCG GTT CAA CTG TTC,0.9613105932660412
CCG GCG CAC CCG TAC GAC CGT CTC AAA ACC ACT TCT ACC GAC CCG GTT TCT GAC ATC CAG GTT AAT CGT CGT GAA GCG TAC CTG TCT TCT GAA GAG TTC AAA GAG AAG TTC GGT ATG ACC AAA GAA GCG TTC TAC AAA CTG CCG AAA TGG AAA CAG AAC AAA TTC AAA ATG GCG GTT CAG CTC TTC,0.5550745665067915
CCA GCG CAC CCG TAC GAC CGT CTG AAA ACC ACC TCT ACC GAC CCG GTT TCT GAC ATC GAC GTT ACC TTC CGT GGT GCG TAT CTC TCC TCT GAA GAA TTT AAG GAG AAA TTC GGC ATG ACC AAG GAA GCG TTC TAC AAA CTG CCG AAA TGG AAA CAG AAC AAG TTC AAA ATG GCG GTT CAG CTG TTC,0.8660295516114598
CCG GCT CAT CCG CTG GAT CGT CTG AAA ACC ACC TCT ACT GAC CCG GTG TCT GAT ATC GAC GTT ACT CGC CGT GAA GCG TAC CTC TCT TCC GAA GAA TTC AAA GAG AAA TTC GGT ATG ACC AAG GAG GCG TTC TAC AAA CTC CCG AAA TGG AAA CAG AAC AAG TTC AAA ATG GCG GTG CAG CTG TTC,0.78105747541629
CCG GCG CAC CCG TAC GAC CGT CTG AAA ACC ACC TCT ACC GAC CCG GTT TCT GAC ATC GAC GTT ACC CGT CGT GAA GCG TAC CTG TCC TCT GAA GAG TTC AAA GAG AAA TTC GGC ATG ACC AAA GAG GCG TTC AAA AAG CTG CCG AAA TGG AAG CAG AAT AAG TTC GGT ATG GCG GTG CAG CTG TTT,0.1253426337955124
CCG GCG CAC CCG TAC GAC CGT CTG AAA ACC ACC TCT ACC GAC CCG GTT TCT GAC ATC GAC GTT ACC CGT CGT GAA GCG TAC CTG TCT TCC GAG GAA TTC AAG GAA AAA TTC GGT ATG ACC AAG GAA GCG TTT TAC AAA CTG CCG GAA TGG AAG CAG AAC AAA TTC AAA ATG GCG GTT CAA CTG TTC,0.9046584015976908
CCG GCG CAC CCG TAC GAC CGT CTG AAA ACC ACC TCT ACT GAC CCG GTT TCT GAT ATC GAC GTT ACC CGT CGC GAA GCG TAC CTG CTG TCT GAG TGG TTC AAA GAG AAA TTC GGC ATG ACC AAA GAG GCG TTT TAC AAA CTG CCG AAA TGG AAA CAG AAC AAA TTC AAA ATG GCG GTT CAG CTG TTC,0.8503554228978172
CCG GCG CAC CCG TAC GAC CGT CTG AAA ACC ACC TCT ACC GAC CCG GTT TCT GAC ATC GAC GTT ACC ATG CGT GGT GCT TAC CTG TCT TCT GAA GAA TTC AAG GAA AAG TTC GGC ATG ACC AAA GAA GCG TTC TAC AAA CTG CCG AAA TGG AAA CAG AAC AAA TTC AAA ATG GCG GTT CAG CTG TTT,0.6740705727900578
CCG GCG CAC CCG TAC GAC CGT CTG AAA ACC ACC TCT ACC GAC CCG GTT TCT GAC ATT GAC GTT ACC CGT CGT AAC GCG TAC CTC TCT TCT GAA GAG TTC AAA GAG AAA TTC GGT ATG ACC AAA GAG GCG TTC TTC AAA CTG CCG AAA TGG AAA CAG AAC AAA TTC AAA ATG GCG GTG CAG CTC TTT,0.7364988693212273
CCG GCG CAC CCG TAC GAC CGT CTG AAG ACC ACC TCT ACC GAC CCG GTT TCT GAC ATC GAC GTT ACC CGT CGT TCC GCG TAT CTG TCC TCT GAG GAA TTC AAA GAA AAA TTC GGC ATG ACC AAA GAA GCG TTC TAC AAA CTG CCG AAA TGG AAA CAG AAC AAG TTC CCG ATG GCG GTT CAG CTC TTC,0.4086789885030296
CCG GCG CAT CCA TAC GAC CGT CTG AAA ACC ACC TCT ACC GAC CCG GTT TCT GAC ATC GAC GTT ACC ACC CGT GAA GCT TAC CTG TCT TCC GAG GAA TTC AAG GAA AAA TTC GGT ATG ACC AAG GAA GCG TTC TAC AAA CTG CCA AAA TGG AAA CAG AAC AAA TTC CCG ATG GCG GTG CAA CTG TTC,0.4169267570569176
CCG GCG CAC CCG TAC GAC CGC CTG AAA ACC ACC TCT ACT GAC CCG GTT TCT GAC ATC ATC GTT TTC CGT CGT GAA GCG TAC CTG TCC TCC GAA GAG TTC AAG GAG AAA TTC GGT ATG ACC AAG GAA GCG TTC TAC AAA CTC CCG AAG TGG AAA CAG AAC AAA TTC AAA ATG GCT GTT CAG CTC TTC,0.2728851205825902
CCG GCG CAC CCG TAC GAC CGT CTG AAA ACC ACC TCT ACC GAC CCG GTT TCT GAC ATC GAC GTT ACC CGT CGT GAA GCG TAC CTG ATC TCT GAG GCG TTC AAA GAA AAA TTC GGT ATG ACC AAA GAA GCG TTC TAC AAA CTG CCG AAA TGG AAA CAG AAC AAA TTC AAA ATG GCG GTT CAA CTC TTC,0.5715974776431194
CCG GCG CAC CCG TAC GAC CGT CTG AAA ACC ACC TCT ACC GAC CCG GTT TCT GAC ATC GAC GTT ACC GGT CGT GAA GCG TAC CTG TCC TCC GAG GAG TTC AAA GAA AAA TTC GGT ATG ACC AAA GAG GCG TTC CAG AAA CTG CCG AAA TGG AAG CAG AAC AAA TTC AAA ATG GCT GTG CAA CTG TTC,0.6362423258687073
CCG GCG CAT CCG TAT GAT CGT CTG AAA ACC ACC TCT ACC GAC CCG GTT TCT GAC ATC GAC GTG ACC CGT CGT GAA GCT TAC CTG CCG TCT GAG CAG TTT AAG GAA AAA TTC GGT ATG ACC AAG GAG GCG TTC TAC AAA CTC CCG AAG TGG AAA CAG AAC AAG TTC AAA ATG GCG GTT CAG CTG TTC,0.4282949733972264
CCG GCG CAC CCG TAC GAC CGT CTG AAA ACC ACC TCT ACC GAC CCG GTT TCT GAC ATC GAC GTT ACC TTC CGT TTC GCG TAC CTG TCT TCT GAG GAG TTC AAA GAA AAA TTC GGC ATG ACC AAA GAA GCG TTC TAC AAA CTG CCG AAA TGG AAA CAG AAC AAA TTC AAA ATG GCT GTT CAG CTG TTC,0.8057902548403135
CCG GCG CAC CCG TAC GAC CGT CTG AAA ACC ACC TCT ACT GAT CCA GTT TCC GAC ATC GAC GTT ACC CGT CGT TCT GCG TAC CTG TCT TCT GAA GAG TTC AAA GAA AAA TTC GGT ATG ACC AAA GAG GCG TTC AAA AAA CTG CCG AAA TGG AAA CAG AAC AAA TTC AAA ATG GCG GTT CAG CTG TTC,0.6399674148270748
CCG GCG CAC CCG TAC GAC CGT CTG AAA ACC ACC TCT ACC GAC CCG GTT TCT GAC ATC GAC GTT ACC CGT CGT AAC GCG TAT CTC TCC TCT GAG GAA TTC AAA GAA AAA TTC GGT ATG ACC AAG GAA GCG TTC GTG AAA CTC CCG AAA TGG AAA CAG AAC AAG TTC AAG ATG GCT GTT CAG CTG TTC,0.5251615855311662
CCG GCG CAC CCG TAC GAC CGT CTG AAA ACC ACT TCT ACC GAC CCA GTT TCC GAC ATC GAC GTT ACC TGG CGT CTG GCG TAC CTC TCT TCC GAA GAG TTC AAG GAG AAA TTC GGT ATG ACC AAG GAA GCG TTC TAC AAA CTG CCG AAA TGG AAA CAG AAC AAG TTC AAA ATG GCG GTT CAG CTG TTC,0.9818147724578992
CCG GCG CAC CCG TAC GAC CGT CTG AAA ACC ACC TCT ACT GAT CCA GTT TCT GAC ATC GAC GTT ACC CGT CGT GAA GCG TAC CTC TCT TCC GAG GAA TTC AAG GAA AAG TTT GGT ATG ACC AAA GAA GCG TTC TAC AAA CTG CCG AAA TGG AAA CAG AAC AAG TTC TGG ATG GCT GTT CAG CTC TTC,1.1463765155151742
CCG GCG CAC CCG TAC GAC CGC CTG AAA ACC ACC TCT ACC GAC CCG GTT TCT GAC ATC GAC GTT ACC TTC CGT GAA GCG TAC CTG TCT TCT GAG GAG TTC AAA GAA AAG TTC GGT ATG ACC AAG GAA GCG TTC TAC AAA CTG CCG AAA TGG AAA CAG AAC AAA TTC GAG ATG GCG GTT CAG CTG TTT,0.4676120920013048
CCG GCG CAC CCG TAC CCA CGC CTC TAC ACT ACC TCT ACC GAC CCG GTT TCT GAC ATT GAC GTT ACC CGT CGT GAA GCG TAC CTG TCT TCC GAG GAA TTC AAG GAA AAA TTC GGC ATG ACC AAA GAA GCG TTC TAC AAA CTG CCG AAA TGG AAA CAG AAC AAA TTC AAA ATG GCT GTT CAA CTC TTT,0.7551603523901954
CCA GCT CAC CCG TAC GAC CGT CTG AAG ACC ACC TCT ACC GAC CCG GTT TCT GAC ATC GAC GTT ACC CGT CGT GAG GCG TAC CTG TCC TCT GAG GAA TTC AAA GAA AAA TTC GGC ATG ACC AAA GAA GCG TTC TAC AAA CTG CCG AAA TGG AAA CAG AAC AAA CGT AAA ATG GCG GTT CAG CTG TTC,0.9192964399163396
CCA GCG CAC CCA TAC GAC CGT CTG AAA ACC ACC TCT ACC GAT CCG GTT TCT GAT ATT GAC GTT ACC CGT CGT GAA GCG TAC CTG TCT TCC GAA GAA TTC AAG GAA AAA TTC GGC ATG ACC AAA TGC GCG TTC TAC AAA CTG CCG AAA TGG AAA CAA AAC AAA TTC AAA ATG GCG GTG CAG CTC TTC,1.220150890386188
CCA GCG CAC CCG TAC GAC CGT CTG AAA ACT ACC TCT ACC GAC CCG GTT TCT GAC ATT GAC GTT ACC CGT CGT GTT GCG TAC CTC TCT TCC GAA GAA TTC AAG GAA AAA TTC GGC ATG ACC AAA GAA GCG TTC TAC AAA CTG CCG AAA TGG AAA CAG AAC AAG TTC ATC ATG GCG GTT CAG CTG TTC,1.1573101383655162
CCG GCT CAC CCG TAC GAC CGT CTG AAA ACC ACC TCT ACC GAC CCG GTT TCT GAC ATC GAC GTT ACC CGT CGT TTC GCG TAC CTG TCT TCC GAG GAA TTC AAA GAA AAA TTC GGC ATG ACC AAA GAG GCG TTC TAC AAA CTG CCG AAA TGG AAA CAG AAC AAG TTC GGT ATG GCT GTT CAG CTG TTC,0.5724612586671913
CCA GCT CAC CCG TAC GAC CGT CTG AAA ACC ACC TCT ACC GAC CCG GTT TCT GAC ATC GAC GTT ACC CGT CGT GAA GCG TAC CTC TCC TCT GAG GAG TTC AAA GAA AAA TTC GGC ATG ACC AAA GAG ATC TTC TAC AAA CTG CCG AAA TGG AAG CAG AAC AAG TTC AAG ATG GCG GTT CAG CTG TTC,1.1250090642307526
CCG GCG CAC CCG TAC GAC CGT CTG AAA ACC ACC TCT ACC GAC CCA GTT TCT GAC ATT AAA GTT CAG CGT CGT GAA GCT TAT CTG TCC TCC GAA GAG TTT AAA GAA AAA TTC GGC ATG ACC AAA GAG GCG TTC TAC AAA CTG CCG AAA TGG AAA CAG AAC AAA TTC AAA ATG GCG GTT CAG CTG TTC,0.7842984701235509
CCA GCG CAC CCG TAC GAC CGT CTG AAA ACC ACC TCT ACC GAC CCG GTT TCT GAC ATC GAC GTT ACC CGT CGT TAT GCG TAC CTG TCC TCT GAA GAG TTC AAG GAA AAG TTC GGC ATG ACC AAA GAG GCG TTT TAC AAA CTG CCG AAA TGG AAA CAG AAC AAA TTC GGT ATG GCT GTT CAG CTG TTC,0.5631931700811942
CCA GCG CAC CCG TAC GAC CGT CTG AAA ACC ACC TCT ACC GAC CCG GTT TCT GAC ATC GAC GTT ACC CGT CGT CAG GCG TAC CTG TCT TCT GAA GAG TTC AAG GAA AAA TTC GGC ATG ACC AAG GAA GCG TTC TAC AAA CTG CCG AAA TGG AAA CAG AAC AAG TTT GGC ATG GCT GTT CAA CTG TTC,0.0666754370850912
CCA GCG CAC CCG TAC GAC CGT CTG AAA ACT ACC TCT ACC GAC CCG GTT TCT GAC ATC GAC GTT ACC CGT CGT GAA GCG TAC CTG TCT TCC GAG GAG TTC AAG GAA AAA TTC GGT ATG ACC AAA GAA GCG TTC TAC AAG CTG CCG AAA TGG AAA CAG AAC AAA TTC AAA TTC GCG GTT CAG CTG TTC,0.8712103859098272
CCG GCG CAC CCG TAT GAC CGT CTG AAA ACC ACC TCT ACT GAC CCA GTT TCT GAC ATC GAC GTT ACC GAT CGT GAA GCG TAC CTG TCC TCT GAA GAG TTC AAA GAG AAG TTC GGC ATG ACC AAA GAA GCG TTC ATC AAA CTG CCG AAA TGG AAA CAG AAC AAA TTC AAA ATG GCG GTG CAA CTG TTC,0.5847244188083665
CCG GCG CAT CCA TAC GAT GCT CTG AAA ACC ACT TCC ACC GAG CCG GTG TCT GAC ATT GAC GTT ACT CGT CGT GAA GCG TAC CTG TCT TCC GAA GAG TTC AAG GAA AAA TTC GGC ATG ACC AAA GAG GCT TTC TAC AAA CTG CCG AAA TGG AAA CAG AAC AAA TTC AAA ATG GCT GTT CAG CTG TTC,0.8735824805466852
CCA GCT CAC CCG TAC GAC CGT CTG AAA ACC ACC TCT ACC GAC CCG GTG TCT GAT ATC GAC GTT ACC CAC CGT GAA GCT TAC CTG TCT TCT GAG GAA TTC AAG GAA AAA TTC GGC ATG ACC AAA GAA GCG TTC TGG AAA CTG CCG AAA TGG AAA CAG AAC AAA TTC AAA ATG GCG GTG CAG CTG TTC,0.7344829098667613
CCG GCG CAC CCG TAC GAC CGT CTG AAA ACC ACC TCT ACC GAT CCG GTT TCT GAC ATT GAC GTT ACC CGT CGC GAA GCG TAC CTG CAC TCT GAA CTG TTC AAG GAA AAA TTC GGT ATG ACC AAG GAA GCG TTC TAC AAA CTG CCG AAA TGG AAA CAG AAC AAA TTC AAA ATG GCG GTT CAG CTG TTC,0.5073512467636027
CCG GCT CAC CCG TAC GAC CGT CTG AAA ACC ACC TCT ACC GAT CCG GTT TCT GAC ATC GAC GTT ACC CGT CGT GAA GCG TAC CTG CGT TCT GAA CTG TTC AAG GAG AAG TTC GGT ATG ACC AAA GAG GCG TTC TAC AAA CTG CCG AAA TGG AAA CAG AAC AAA TTC AAA ATG GCG GTG CAG CTG TTC,0.6334139100001258
CCA GCG CAC CCG TAC GAC CGT CTG AAA ACC ACC TCT ACC GAC CCG GTT TCT GAC ATC GAC GTT ACC CGT CGT GAA GCG TAC CTG CGC TCT GAG CAG TTC AAA GAA AAA TTC GGC ATG ACC AAA GAA GCG TTC TAC AAG CTG CCG AAA TGG AAA CAG AAC AAA TTC AAA ATG GCG GTG CAG CTG TTC,0.3496563263381015
CCG GCT CAC CCG TAC GAC CGT CTG AAA ACC ACC TCT ACC GAC CCG GTT TCT GAC ATC GAC GTT ACC CGT CGT GAA GCG TAC CTG TCC TCC GAA GAA TTC AAG GAA AAA TTC GGC ATG ACC AAA GAG GCG TTC TAC AAA CTG CCG AAA TGG AAG CAG AAC AAA TTC AAA GAC GCG GTT CAG CTG TTT,0.8679597294181202
CCG GCG CAC CCG TAC GAC CGT CTG AAA ACC ACC TCT ACC GAC CCG GTT TCT GAC ATC GAC GTT ACC CGT CGT GAA GCT TAC CTG CAC TCC GAA AAG TTC AAG GAG AAA TTC GGT ATG ACC AAA GAA GCG TTT TAC AAG CTC CCG AAA TGG AAG CAG AAC AAA TTC AAA ATG GCG GTT CAG CTG TTC,0.3349906206995363
CCG GCT CAT CCG TAC AAC CGT CTG ATG ACC ACC TCT ACC GAC CCG GTT TCT GAC ATC GAC GTT ACC CGC CGT GAA GCG TAC CTG TCT TCC GAG GAA TTC AAA GAG AAA TTT GGC ATG ACC AAA GAA GCG TTC TAC AAG CTG CCG AAA TGG AAA CAG AAC AAA TTC AAG ATG GCG GTT CAG CTG TTC,0.6063608539091387
CCG GCG CAC CCG TAC GAC CGT CTG AAA ACC ACC TCT ACC GAC CCG GTT TCT GAT ATC GAC GTT ACC CGT CGT GAG GCG TAC CTG TCC TCT GAA GAA TTC AAA GAA AAG TTC GGC ATG ACC AAA GAG GCG TTC TAC AAG CTG CCG AAA TGG GAA CAG AAC AAG TTC AAA ATG GCT GTG CAG CTG TTC,1.270490311897214
CCG GCG CAC CCG TAC GAC CGT CTG AAA ACC ACC TCT ACC GAC CCG GTT TCT GAT ATC GAC GTT ACC CGT CGT GAA GCG TAC CTG ACC TCT GAG TAC TTC AAG GAA AAG TTC GGC ATG ACC AAA GAA GCG TTC TAC AAA CTG CCG AAA TGG AAA CAG AAC AAA TTC AAA ATG GCG GTT CAG CTG TTC,0.6036020870979064
CCA GCG CAC CCG TAT GAT GCG CTG AAA ACC ACC TCT ACC TCT CCG GTT TCT GAC ATT GAC GTT ACC CGT CGT GAA GCG TAC CTG TCC TCT GAA GAG TTC AAG GAG AAA TTC GGT ATG ACC AAA GAG GCG TTC TAC AAA CTG CCG AAA TGG AAA CAG AAC AAA TTC AAA ATG GCT GTT CAG CTG TTC,0.8504036593766509
CCG GCG CAT CCG TAC GAC CGT CTG AAA ACC ACC TCT ACC GAC CCG GTT TCT GAC ATT GAC GTT ACC CGT CGT ATG GCG TAC CTG TCT TCT GAA GAG TTC AAA GAA AAG TTC GGC ATG ACC AAA GAA GCG TTC ACC AAA CTG CCG AAA TGG AAA CAG AAC AAA TTC AAA ATG GCG GTT CAG CTG TTC,0.6756763517411619
CCA GCG CAC CCG TAC GAC CGT CTG AAA ACC ACC TCT ACC GAC CCA GTT TCT GAT ATC GAC GTT ACT CGT CGT GAA GCG TAC CTG TCT ATG GAA GAA TTC AAG GAG AAG TTT GGC ATG ACC AAA GAG GCT TTC TAC AAA CTG CCG AAA TGG AAA CAG AAC AAA TTC AAA ATG GCG GTT CAG CTG TTC,1.439530587278388
CCG GCT CAC CCG TAC GAC CCG CTG AAA ACC ACC TCT ACC ATG CCG GTT TCT GAC ATC GAC GTT ACC CGT CGT GAG GCG TAC CTC TCT TCT GAA GAG TTC AAG GAG AAA TTC GGC ATG ACC AAG GAG GCG TTC TAC AAA CTG CCG AAA TGG AAG CAG AAC AAA TTC AAG ATG GCG GTT CAG CTG TTC,0.959651378629664
CCG GCG CAC CCG TAC GAC CGT CTG AAA ACC ACC TCT ACC GAT CCG GTT TCT GAC ATC GAC GTT ACT CGT CGT GAA GCG TAC CTG TGG TCT GAA GAC TTC AAG GAA AAG TTC GGT ATG ACC AAA GAG GCG TTT TAC AAA CTG CCG AAA TGG AAA CAG AAC AAA TTC AAA ATG GCG GTT CAG CTG TTC,0.6175267670968714
CCA GCG CAC CCG TAC GAC CGT CTG AAA ACC ACC TCT ACC GAC CCG GTT TCT GAC ATC GAC GTT ACC TGG CGT GAG GCG TAC CTC TCT TCC GAA GAA TTC AAA GAA AAG TTC GGC ATG ACC AAA GAG GCG TTC TAC AAA CTC CCG AAA TGG AAG CAG AAC AAA TTC ATC ATG GCG GTT CAG CTG TTC,0.8985843654374068
CCG GCG CAT CCG TAC GAC CGT CTG AAG ACC ACC TCT ACC GAC CCG GTT TCT GAC ATC GAC GTT ACC CGC CGT GAA GCG TAC CTG TCC GGT GAA GAA TTC AAA GAA AAA TTC GGC ATG ACC AAA GAA GCT TTC TAC AAA CTG CCG AAA TGG AAA CAG AAC AAG TTC AAA ATG GCG GTG CAG CTG TTC,1.133114871694885
CCG GCT CAC CCG TAC GAC CGT CTG AAA ACC ACC TCT ACC GAC CCG GTT TCT GAC ATC GAC GTT ACT CCA CGT AAA GCG TAC CTG TCT TCT GAG GAA TTC AAA GAA AAG TTC GGC ATG ACC AAA GAA GCG TTC TAC AAG CTG CCG AAA TGG AAA CAG AAC AAA TTC AAG ATG GCG GTG CAG CTG TTC,0.9702723205416396
CCA GCT CAC CCG TAC GAC CGC CTG AAG ACC ACT TCC ACT GAC CCG GTG TCT GAT ATT GAC GTT ACC CGT CGT CCA GCT TAT CTG TCC TCT GAA GAA TTC AAG GAA AAA TTC GGC ATG ACC AAA GAA GCG TTC TAC AAA CTG CCG AAA TGG AAA CAG AAC AAG TTC ATG ATG GCT GTT CAG CTG TTC,0.7216712541109989
CCG GCG CAC CCG TAC GAC CGT CTG AAA ACC ACC TCT ACC GAT CCG GTT TCT GAC ATT GAC GTT ACC CGC CGT GAG GCG TAC CTC TCT TCT GAA GAG TTC AAA GAA AAG TTC GGT ATG ACC AAA CGT GCG TTC TAC AAA CTG CCG AAA TGG AAA CAG AAC AAA TTC AAA ATG GCG GTT CAG CTG TTC,1.0428665230946512
CCG GCG CAC CCA TAC GAC CGT CTG AAA ACC ACT TCT ACC GAC CCG GTT TCT GAT ATC GAC GTT ACC CGT CGC GAA GCG TAC CTG GAA TCC GAA CTG TTC AAA GAG AAA TTC GGT ATG ACC AAG GAG GCG TTC TAC AAA CTG CCG AAA TGG AAA CAG AAC AAA TTC AAA ATG GCG GTT CAG CTG TTC,0.6129849478124878
CCG GCG CAC CCG TAC GAC CGT CTG AAA ACC ACC TCT ACT GAC CCG GTT TCT GAC ATC GAC GTT ACC GAC CGT GGT GCG TAC CTG TCT TCT GAG GAG TTC AAA GAG AAA TTC GGT ATG ACC AAG GAA GCG TTC TAC AAA CTG CCG AAA TGG AAA CAG AAC AAA TTC AAA ATG GCG GTT CAG CTG TTC,0.7965642910581513
CCG GCG CAC CCG TAC GAC CGT CTG AAA ACC ACC TCT ACC GAC CCG GTT TCT GAC ATC GAC GTT ACC CGT CGT GAA GCG TAC CTG TCC TCC GAG GAA TTC AAA GAG AAG TTC GGT ATG ACC AAA GAA GCG TTT TCT AAG CTC CCG AAA TGG AAA CAG AAC AAG TTC TTC ATG GCT GTG CAG CTG TTC,0.7960774030938643
CCG GCG CAC CCG TAC ATG CGT CTG TCT ACC ACC TCT ACC GAT CCG GTT TCT GAC ATT GAC GTT ACT CGT CGT GAA GCG TAC CTG TCC TCT GAG GAA TTC AAA GAG AAG TTC GGT ATG ACC AAA GAG GCG TTC TAT AAG CTG CCG AAA TGG AAA CAG AAC AAA TTC AAG ATG GCT GTT CAG CTG TTC,0.0313399167264903
CCG GCG CAC CCA TAC GAC CGT CTG AAA ACC ACC TCT ACC GAC CCG GTT TCT GAC ATT GAC GTT ACC TTC CGT GAA GCG TAC CTG TCT TCT GAA GAG TTC AAA GAG AAG TTC GGC ATG ACC AAA GAA GCG TTC CGT AAA CTG CCG AAA TGG AAA CAG AAC AAA TTC AAA ATG GCG GTT CAG CTG TTC,0.6897174889278779
CCG GCG CAT CCG TAC GAC CGT CTC AAG ACC ACC TCT ACC GAC CCA GTT TCT GAT ATC GAC GTT ACC CGT CGT GAA GCG TAC CTG TCT TCC GAA GAA TTC AAA TAC AAA TTC GGC ATG ACC AAA GAA GCG TTC TAC AAA CTG CCG AAA TGG AAA CAG AAC AAG TTT AAG ATG GCG GTG CAG CTG TTC,0.970488079382516
CCG GCG CAC CCG TAC GAC CGT CTG AAA ACC ACC TCT ACC GAT CCG GTT TCT GAC ATC GAC GTG ACC TAC CGT GAA GCG TAC CTG TCC TCT GAG GAA TTC AAG GAG AAA TTC GGT ATG ACC AAA GAA GCG TTC CAG AAA CTG CCG AAA TGG AAA CAG AAC AAA TTC AAA ATG GCG GTT CAG CTG TTC,0.5459908030285381
CCG GCG CAT CCG TAC GAC CGT CTC AAA ACC ACT TCT ACC GAC CCG GTT TCT GAT ATC GAC GTT ACC CGT CGT GAA GCG TAC CTG TCC TCT GAA GAA CGC AAG GAA AAA TTC GGT ATG ACC AAA GAA GCG TTC TAC AAA CTG CCG AAA TGG AAG CAG AAC AAA TTC AAA ATG GCG GTT CAG CTG TTC,-0.5945077309499027
CCG GCG CAC CCA TAC GAC CGT CTG AAA ACC ACC TCT ACT GAC CCG GTG TCT GAC ATT GAC GTT ACC CGT CGT GAA GCG TAC CTG TCT TCT GAG GAA TTC AAA GAA AAA TTC GGT ATG ACC AAG GAA GCG TTC TAC AAA CTC CCG AAA TGG AAA CAG AAC AAA TTC AAG ATG GCG GTT ATC CTC TTC,1.0078471826910782
CCG GCG CAC CCG TAC GAC CGT CTG AAA ACC ACC TCT ACC GAT CCG GTT TCT GAC ATC GAC GTT ACC CGT CGT TAT GCG TAC CTG TCT TCC GAA GAA TTC AAG GAG AAA TTC GGT ATG ACC AAA GAG GCG TTC TAC AAA CTG CCG AAA TGG AAA CAG AAT AAG TTC AAC ATG GCG GTT CAG CTG TTC,0.8481426258390302
CCG GCG CAC CCA TAT TTC CGT CTG ATG ACT ACC TCT ACC GAC CCG GTT TCT GAC ATT GAC GTT ACC CGT CGT GAA GCG TAC CTG TCT TCC GAG GAG TTC AAA GAG AAA TTC GGT ATG ACC AAG GAA GCG TTC TAC AAA CTG CCG AAA TGG AAA CAG AAC AAA TTC AAA ATG GCT GTT CAG CTG TTC,0.6363570103188421
CCG GCG CAC CCG TAC GAC CGT CTG AAA ACC ACT TCT ACC GAC CCG GTT TCC GAC ATC GAC GTT ACC CGT CGT GAA GCG AAC CTG TCC TCC GAG GAA TTC AAG GAG AAG TTT GGT ATG ACC AAG GAG GCG TTC TAC AAG CTG CCG AAG TGG AAA CAG AAC AAA TTC AAA ATG GCG GTT CAG CTG TTC,0.4586012039891197
CCG GCG CAC CCA TAC GAC CGT CTG AAA ACC ACC TCT ACC GAT CCG GTT TCT GAT ATC GAC GTT ACC CGT CGT GAG GCG TAC CTG TAC TCT GAG AAA TTC AAG GAA AAG TTC GGC ATG ACC AAA GAA GCG TTC TAC AAA CTG CCG AAA TGG AAA CAG AAC AAG TTC AAA ATG GCT GTT CAG CTG TTC,0.2701667285057968
CCA GCG CAC CCG TAC GAC CGT CTG AAG ACC ACC TCT ACC GAC CCG GTT TCT GAC ATC GAC GTT ACC ATC CGT GCG GCG TAC CTC TCT TCC GAA GAA TTC AAA GAG AAA TTC GGC ATG ACC AAG GAA GCG TTC TAC AAA CTG CCG AAA TGG AAA CAG AAC AAG TTC AAA ATG GCG GTG CAA CTC TTC,0.6179593293079971
CCA GCG CAC CCG TAC GAC CGT CTG AAA ACC ACT TCT ACC GAC CCG GTT TCT GAC ATC GAC GTT ACC CGT CGT GAA GCG TAC CTG TCT TCT GAA GAA TTC CCG GAG AAA TTC GGC ATG ACC AAG GAA GCG TTC TAC AAA CTG CCG AAA TGG AAA CAG AAC AAA TTC AAA ATG GCG GTT CAG CTG TTC,0.701500236619788
CCG GCT CAC CCG TAC CGT CGT CTG CTG ACC ACC TCT ACC GAC CCG GTT TCT GAC ATC GAC GTT ACC CGT CGT GAA GCG TAC CTG TCT TCC GAA GAA TTC AAG GAA AAG TTC GGC ATG ACC AAG GAA GCG TTT TAC AAG CTG CCG AAA TGG AAG CAG AAC AAA TTC AAA ATG GCG GTT CAA CTG TTT,-0.8613135780148513
CCG GCG CAC CCG TAC GAC CGT CTG AAA ACC ACC TCT ACC GAC CCG GTT TCT GAC ATC GAC GTT ACT ACC CGT CAC GCG TAC CTG TCT TCT GAA GAA TTC AAG GAA AAA TTC GGC ATG ACC AAG GAA GCG TTC TAC AAA CTG CCG AAA TGG AAA CAG AAC AAG TTC AAA ATG GCG GTT CAG CTG TTC,0.4781110936083216
CCA GCT CAC CCG TAC GAC CGT CTG AAA ATG ACC TCT ACC GAC CCG GTT TCT GAC ATC GAC GTT ACC CGT CGT GAA GCG TAC CTG TCC TCC GAG GAA TTC AAG GAG AAA TTC GGT ATG ACC AAA GAG GCG TTC TAC AAA CTG CCG AAA TGG AAA CAG AAC AAA TTC AAA ATG GCG GTT CAG CTG TTC,0.8713276623528314
CCG GCG CAC CCG TAC GAC CGT CTG AAA ACC ACC TCT ACC GAC CCG GTT TCT GAC ATC TCT GTT GAC CGT CGT GAA GCG TAC CTG TCC TCT GAA GAA TTC AAA GAG AAG TTC GGC ATG ACC AAA GAG GCG TTC TAC AAA CTG CCG AAA TGG AAA CAG AAC AAG TTC AAA ATG GCG GTG CAG CTG TTC,0.4882221790832975
CCG GCG CAT CCG TAC GAC CGT CTG AAA ACC ACC TCT ACC GAT CCA GTT TCT GAC ATC CCG GTT AAA CGT CGT GAA GCT TAC CTG TCC TCC GAA GAA TTC AAG GAG AAA TTC GGT ATG ACC AAA GAG GCG TTC TAC AAG CTG CCG AAA TGG AAG CAG AAC AAG TTC AAA ATG GCG GTT CAG CTG TTC,0.4662661764486073
CCG GCT CAC CCG TAC GAC CGT CTG AAA ACC ACC TCT ACC GAC CCG GTT TCT GAC ATC GAC GTT ACC CGT CGT ATG GCG TAC CTG TCC TCC GAG GAA TTC AAA GAA AAA TTC GGT ATG ACC AAG GAG GCG TTC TAC AAA CTC CCG AAG TGG AAA CAG AAC AAA TTC GAA ATG GCT GTT CAG CTG TTC,0.8076355029035082
CCG GCG CAC CCG TAC GAC CGT CTG AAA ACC ACC TCT ACT GAC CCG GTT TCT GAT ATC GAC GTT ACC CGT CGT CAC GCG TAC CTG TCT TCT GAA GAA TTC AAG GAG AAA TTC GGC ATG ACC AAA GAA GCG TTC TTC AAA CTG CCG AAA TGG AAA CAG AAC AAA TTC AAA ATG GCG GTT CAG CTG TTC,0.644806620395157
CCG GCG CAC CCG TAC GAC CGT CTG AAA ACC ACC TCT TGG GAC CCG GTT TCC GAC ATT GAC GTT ACC CGC CGT GAA GCG TAC CTG TCC TCT GAG GAG TTC AAG GAA AAG TTC GGT ATG ACC AAA GAA GCG TTC TAC AAA CTG CCG AAA TGG AAA CAG AAC AAA TTC AAA ATG GCT GTT CAG CTC TTC,0.880746295811186
CCA GCG CAC CCG TAC GAC CGT CTG AAA ACC ACC TCT ACC GAC CCG GTT TCT GAC ATC GAC GTT ACC TAC CGT GCG GCG TAC CTC TCC TCT GAG GAG TTC AAA GAA AAG TTC GGT ATG ACC AAA GAG GCG TTC TAC AAA CTG CCG AAA TGG AAA CAG AAC AAA TTC AAA ATG GCG GTT CAG CTG TTT,0.5557263675101064
CCG GCT CAC CCG TAC GAC CGT CTG AAA ACC ACC TCT ACC GAT CCG GTT TCT GAC ATC GAC GTT ACC GTT CGT GAA GCG TAC CTC TCC TCT GAA GAA TTC AAA GAA AAG TTC GGC ATG ACC AAA GAA GCG TTC TAC AAA CTG CCG AAG TGG AAA CAG AAC AAA TTC GTT ATG GCG GTT CAA CTG TTC,0.7646696124738296
CCG GCG CAC CCG TAC GAC CGC CTG AAA ACC ACC TCT ACT GAC CCG GTT TCT GAC ATT GAC GTT ACC CGT CGT GAA GCT TAC CTG GCG TCT GAG GCG TTC AAA GAG AAA TTC GGT ATG ACC AAA GAA GCG TTC TAC AAG CTC CCG AAA TGG AAA CAG AAC AAA TTC AAG ATG GCG GTT CAG CTG TTC,0.6208018525350119
CCA GCG CAC CCG TAC GAC CGT CTG AAA ACC ACC TCT ACC GAT CCG GTT TCT GAT ATC GAC GTT ACT CGC CGT CAC GCG TAC CTG TCT TCT GAA GAG TTC AAA GAA AAG TTC GGT ATG ACC AAA GAG GCG TTC GAA AAA CTG CCG AAA TGG AAA CAG AAC AAG TTC AAG ATG GCG GTT CAG CTG TTC,0.5738341786276662
CCG GCG CAC CCG TAT AAA CGT CTG GAC ACC ACC TCT ACC GAC CCG GTT TCT GAC ATC GAC GTT ACC CGT CGC GAA GCG TAC CTG TCT TCC GAA GAG TTC AAA GAG AAA TTC GGT ATG ACC AAA GAG GCG TTC TAC AAG CTG CCG AAA TGG AAA CAG AAC AAA TTC AAA ATG GCG GTG CAG CTG TTC,0.2209864147756317
CCG GCT CAC CCG TAC GAC CGT CTG AAA ACC ACC TCT ACC GAC CCA GTT TCT GAC ATC GAC GTT ACC CGT CGT GAA GCG TAC CTG TCC TCC GAA GAG TTC AAA GAG AAA TTC GGT ATG ACC AAA GAA GCG TTC TAC AAA CTG CCG AAA TGG AAG CAG AAC AAG TGG AAG ATG GCG GTT CAG CTG TTC,1.3887261818335217
CCG GCG CAC CCG TAC GAC CGT CTG AAA ACT ACC TCT ACC GAC CCG GTT TCT GAT ATC GAC GTT ACC CAC CGT GAA GCG TAC CTG TCT TCC GAG GAA TTC AAA GAA AAG TTC GGC ATG ACC AAA GAA GCG TTC TAC AAA CTC CCG AAA TGG AAG CAG AAC AAA TTC GGT ATG GCT GTT CAG CTG TTC,0.3233196350530098
CCA GCT CAC CCG TAC GAC GAA CTG AAA ACC ACC TCT ACT GTT CCG GTT TCT GAC ATC GAC GTT ACC CGT CGT GAA GCG TAC CTG TCT TCT GAG GAA TTC AAG GAA AAG TTC GGT ATG ACC AAA GAA GCG TTC TAC AAG CTG CCG AAA TGG AAA CAA AAC AAA TTC AAA ATG GCG GTT CAG CTG TTC,0.817702097239644
CCA GCT CAC CCG TAC GAC CGT CTC AAA ACT ACC TCT ACC GAC CCG GTT TCT GAT ATC GAC GTT ACC CGT CGT ATG GCG TAC CTG TCC TCT GAA GAA TTC AAG GAG AAA TTC GGT ATG ACC AAA GAA GCG TTC GAA AAA CTG CCG AAG TGG AAA CAG AAC AAA TTC AAA ATG GCG GTG CAG CTG TTC,0.9656694029882136
CCG GCG CAC CCG TAC GAC CGT CTG AAA ACC ACC TCT ACC GAC CCG GTT TCT GAC ATC GAC GTT ACT CCG CGT CCA GCG TAC CTG TCT TCT GAG GAG TTC AAG GAA AAA TTC GGT ATG ACC AAA GAG GCG TTC TAC AAA CTG CCG AAA TGG AAA CAG AAC AAA TTC AAA ATG GCG GTT CAG CTG TTC,0.4624822988184143
CCG GCG CAC CCG TAC GAC CGT CTG AAA ACC ACC TCT ACC GAC CCG GTT TCT GAC ATC GAC GTT ACC GAA CGT GCT GCG TAC CTG TCT TCT GAA GAG TTC AAA GAG AAA TTC GGC ATG ACC AAA GAA GCG TTC TAC AAA CTG CCG AAA TGG AAA CAG AAC AAA TTC AAA ATG GCG GTG CAA CTG TTC,0.7790858430292076
CCG GCG CAT CCG TAC GAC CGT CTG AAA ACC ACC TCT ACC GAC CCG GTT TCT GAT ATC GAC GTT ACC CGT CGT TCT GCG TAC CTG TCT TCT GAG GAG TTC AAA GAA AAA TTC GGC ATG ACC AAA GAA GCG TTC TAC AAA CTG CCA AAG TGG AAA CAA AAC AAA TTT CAC ATG GCG GTT CAG CTG TTC,0.7891237800301099
CCG GCG CAC CCG TAC CCA CGT CTC CAG ACT ACC TCT ACC GAC CCG GTT TCT GAC ATT GAC GTT ACC CGT CGT GAA GCG TAC CTG TCT TCC GAG GAA TTC AAG GAA AAG TTC GGT ATG ACC AAG GAA GCG TTC TAC AAA CTG CCG AAA TGG AAA CAG AAC AAA TTC AAA ATG GCG GTT CAG CTG TTC,0.6813614628449649
CCG GCG CAC CCG TAC GAC CGT CTG AAA ACC ACC TCT ACC GAC CCG GTT TCT GAC ATC GAC GTT ACC CGT CGT GAA GCG TAC CTG TCC TCC GAG GAG TTC AAA GAA AAA TTC GGT ATG ACC AAA GAG GCG TTC CTG AAA CTG CCG AAA TGG AAG CAG AAC AAA TTC GCG ATG GCT GTT CAG CTG TTC,0.8851768626978349
CCG GCT CAC CCG TAC GAC CGC CTG AAA ACC ACC TCT ACC GAT CCG GTT TCT GAC ATC GAC GTT ACC GAA CGT GAA GCT TAC CTC TCT TCC GAG GAG TTC AAG GAA AAA TTC GGC ATG ACC AAG GAG GCT TTC TAC AAG CTG CCG AAA TGG AAA CAG AAC AAA TTC GAC ATG GCG GTT CAG CTG TTC,-0.0638774304604819
CCG GCT CAC CCG TAC GAC CGT CTG AAA ACC ACC TCT ACC GAC CCG GTT TCT GAC ATC GAC GTT ACC CGT CGT GGT GCG TAC CTG TCT TCT GAA GAA TTC AAG GAA AAG TTC GGC ATG ACC AAA GAA GCG TTC TAC AAA CTG CCG AAA TGG AAA CAG AAC AAA TTC ACC ATG GCG GTT CAG CTG TTC,0.3794908431579945
CCG GCG CAC CCA TAC GGT CGT CTG AAA ACC ACC TCT ACC GAT CCG GTT TCT GAC ATT GAC GTT ACC CGT CGT GAA GCG TAC CTC TCT TCC GAA GAG TTC AAA GAA AAA TTC GGC ATG ACC AAA GAA GCG TTC TAC AAA CTG CCG AAG TGG AAA CAG AAC AAA TTC AAA ATG GCG GTT CAG CTG TTC,-1.8280610730164424
CCG GCG CAC CCG TAC GAC CGT CTG AAA ACC ACC TCT ACC GAC CCG GTT TCT GAC ATC GAC GTT ACC ATC CGT GAA GCG TAC CTC TCC TCT GAA GAG TTC AAG GAA AAG TTC GGC ATG ACC AAG GAA GCG TTC CAG AAA CTG CCG AAA TGG AAA CAG AAC AAA TTC AAA ATG GCG GTT CAG CTG TTC,0.7044208183950595
CCA GCG CAC CCG TAT GAT CGT CTG AAA ACC ACC TCT ACC TTT CCG GTT TCT GAC ATC GAC GTT ACC CGT CGT GAA GCG TAC CTC TCT TCT GAG GAG TTC AAA GAG AAA TTC GGC ATG ACC AAA GAG GCG TTC TAC AAA CTG CCG AAA TGG AAA CAG AAC AAA TTC AAA ATG GCG GTT CAG CTG TTC,0.8621704485112001
CCG GCT CAC CCG TAC AAC CGC CTG CGC ACC ACC TCT ACC GAT CCG GTT TCT GAC ATT GAC GTT ACT CGT CGC GAA GCG TAC CTG TCT TCC GAA GAG TTC AAG GAG AAA TTC GGC ATG ACC AAG GAA GCG TTC TAC AAA CTG CCG AAA TGG AAA CAG AAC AAA TTC AAA ATG GCG GTT CAG CTG TTT,-0.3762096706149917
CCG GCG CAT CCG TAC GAC CGT CTG AAA ACC ACT TCT ACC GAC CCG GTT TCT GAC ATC GAC GTT ACT CGT CGT GAA GCG TAC CTC TCC TCT GAA GAG TTC AAA GAG AAG TTC GGT ATG ACC AAG GAG GCG TTC TAC AAA CTG CCG AAA TGG AAA CAG AAC AAA TTC AAA ATG GCG GTT CAA GCG TTC,0.96236134688473
CCA GCG CAC CCG TAC GAC CGT CTG AAA ACC ACC AAG ACC GAC CCG GTT TCT GAC ATC GAC GTT ACC CGT CGT GAA GCG TAC CTC TCC TCT GAA GAG TTC AAG GAG AAG TTC GGC ATG ACC AAA GAA GCG TTT TAC AAA CTG CCG AAA TGG AAG CAG AAC AAG TTC AAA ATG GCT GTT CAG CTC TTC,0.7871680223872519
CCG GCG CAC CCG TAC TCT CGC CTG CAG ACC ACC TCT ACC GAT CCG GTT TCT GAC ATT GAC GTT ACC CGT CGT GAA GCG TAC CTC TCT TCT GAG GAG TTC AAA GAG AAA TTC GGT ATG ACC AAA GAG GCG TTC TAC AAA CTG CCG AAA TGG AAG CAG AAC AAA TTC AAA ATG GCG GTT CAG CTG TTC,-0.32505023761395
CCG GCG CAC CCG TAC GAC CGC CTG AAA ACC ACC TCT ACC GAC CCG GTT TCT GAC ATC GAC GTT ACC CGT CGT GTT GCG TAC CTG TCC TCC GAA GAG TTC AAA GAA AAG TTC GGT ATG ACC AAG GAG GCG TTC TAC AAA CTG CCG AAA TGG AAA CAG AAC AAA TTC CAG ATG GCG GTT CAG CTG TTC,1.095732975165233
CCA GCG CAC CCG TAC GAC CGT CTG AAA ACC ACC TCT ACC GAC CCG GTT TCT GAC ATC AAA GTT AAC CGT CGT GAA GCT TAC CTG TCC TCT GAG GAG TTC AAA GAG AAA TTC GGT ATG ACC AAA GAG GCG TTC TAC AAA CTG CCG AAA TGG AAG CAG AAC AAA TTC AAA ATG GCG GTT CAG CTG TTC,0.688937520588988
CCG GCG CAC CCA TAT CTG CGT CTG CGT ACC ACC TCT ACC GAC CCG GTT TCT GAT ATC GAC GTT ACC CGT CGT GAA GCG TAC CTG TCC TCT GAA GAA TTC AAG GAA AAG TTC GGC ATG ACC AAA GAG GCT TTC TAC AAA CTG CCG AAA TGG AAA CAG AAC AAA TTC AAA ATG GCG GTT CAG CTC TTC,-3.3347943899817825
CCG GCG CAC CCG TAC GAC CGT CTG AAA ACC ACC TCT ACC GAC CCG GTT TCT GAC ATC GAC GTT ACC CGT CGC GAA GCG TAC CTG TAC TCT GAA CGT TTC AAA GAA AAA TTC GGT ATG ACC AAA GAG GCG TTC TAC AAA CTG CCG AAA TGG AAA CAG AAC AAA TTC AAA ATG GCG GTT CAG CTC TTC,0.1707283430623147
CCG GCG CAC CCG TAC GAC CGT CTG AAA ACC ACC TCT ACC GAC CCG GTT TCT GAC ATT GAC GTT ACC CGT CGT GAG GCG TAC CTG TCT TCT GAG GAG TTC AAA GAA AAG TTC GGT ATG ACC AAA GAG GCG TTC CGT AAA CTG CCG AAA TGG AAG CAG AAC AAA TTC CAG ATG GCG GTG CAG CTG TTT,0.4041460136075357
CCA GCT CAC CCG TAC CAC CGT CTG ATC ACC ACC TCT ACC GAC CCG GTT TCT GAT ATC GAC GTT ACT CGT CGC GAA GCG TAC CTC TCC TCC GAA GAA TTC AAG GAG AAA TTT GGC ATG ACT AAG GAG GCG TTC TAC AAA CTG CCA AAG TGG AAA CAG AAC AAA TTC AAA ATG GCG GTT CAG CTG TTC,1.188770067271596
CCG GCG CAT CCG TAC GAC CGT CTG AAA ACC ACC TCT ACC GAT CCG GTT TCT GAC ATC GAC GTT ACC CGT CGT ATC GCG TAC CTG TCC TCC GAG GAG TTC AAA GAA AAA TTC GGT ATG ACC AAA GAG GCG TTT GAA AAG CTG CCG AAA TGG AAG CAG AAC AAA TTC AAA ATG GCG GTT CAG CTG TTC,0.7393333917077148
CCG GCG CAC CCG TAC GAC CGT CTG AAA ACC ACT TCT ACC GAC CCG GTT TCT GAC ATC GAC GTT ACT CCG CGT GAA GCG TAC CTG TCC TCC GAG GAA TTC AAA GAG AAG TTC GGC ATG ACT AAA GAA GCG TTC TAC AAA CTG CCG AAA TGG AAA CAG AAC AAA TTC GCG ATG GCG GTG CAG CTG TTC,0.6687660971398175
CCG GCG CAC CCG TAC GAC CGT CTG AAA ACC ACC TCT ACC GAC CCG GTT TCT GAC ATC GAC GTT ACT CGC CGT CTG GCG TAC CTG TCT TCT GAG GAG TTC AAA GAG AAA TTC GGT ATG ACC AAA GAG GCG TTC GGT AAA CTG CCG AAG TGG AAA CAG AAC AAA TTC AAA ATG GCG GTG CAA CTG TTC,0.8336946219107622
CCG GCT CAC CCG TAC GCT CGT CTG TAC ACC ACC TCT ACC GAC CCG GTT TCT GAT ATC GAC GTT ACC CGT CGT GAA GCG TAC CTG TCC TCT GAA GAG TTC AAA GAA AAA TTC GGC ATG ACC AAA GAA GCG TTT TAC AAA CTG CCG AAG TGG AAA CAG AAC AAA TTC AAA ATG GCG GTG CAG CTG TTC,-0.1498803913658944
CCG GCG CAC CCG TAT TGG CGT CTG CCG ACC ACC TCT ACC GAT CCG GTT TCT GAC ATC GAC GTT ACC CGC CGT GAA GCT TAC CTG TCC TCC GAG GAA TTC AAA GAG AAA TTC GGT ATG ACC AAG GAG GCG TTC TAC AAA CTG CCG AAG TGG AAA CAG AAC AAG TTC AAA ATG GCG GTT CAG CTG TTC,0.6336016521757356
CCG GCG CAC CCG TAC GAC CGT CTG AAA ACT ACC TCT ACC GAC CCA GTT TCT GAC ATC GAC GTT ACC CGT CGT GTT GCG TAC CTG TCT TCT GAG GAA TTC AAG GAA AAA TTC GGC ATG ACC AAA GAA GCG TTC TAT AAA CTG CCG AAA TGG AAG CAG AAC AAG TTC TCC ATG GCG GTG CAG CTG TTC,0.7464544538906639
CCG GCG CAC CCG TAC GAC CGT CTG AAA ACT ACC TCT ACC GAC CCG GTT TCT GAC ATC GAC GTT ACT CGT CGT GAA GCG TAC CTG CAG TCC GAA CCG TTC AAA GAA AAA TTC GGC ATG ACC AAG GAA GCG TTC TAC AAA CTG CCG AAA TGG AAA CAG AAC AAA TTC AAA ATG GCG GTT CAG CTG TTC,0.248759056340388
CCG GCG CAC CCG TAC GAC CGT CTG AAA ACC ACC TCT ACC GAC CCG GTT TCT GAC ATC GAC GTT ACC CGT CGT CCG GCG TAC CTG TCT TCC GAA GAG TTC AAA GAA AAA TTC GGC ATG ACC AAG GAA GCG TTC TAC AAA CTG CCG AAA TGG AAA CAG AAC AAA TTC GCG ATG GCG GTT CAG CTG TTC,0.7826859815744835
CCA GCG CAC CCG TAC GAC CGT CTG AAA ACC ACC TCT ACC GAC CCA GTT TCT GAC ATC GAC GTT ACC TTC CGT GAA GCG TAC CTG TCT TCT GAA GAG TTC AAA GAG AAG TTC GGT ATG ACC AAA GAG GCG TTC TAC AAA CTG CCG AAA TGG AAG CAG AAC AAA TTC AAC ATG GCG GTT CAG CTG TTC,0.4590759240741342
CCG GCT CAC CCG TAC GAC CGT CTG AAA ACT ACC TCT ACC GAC CCA GTT TCT GAC ATC GAC GTT ACT CCA CGT GAA GCG TAC CTG TCT TCC GAG GAA TTC AAA GAA AAG TTC GGC ATG ACC AAA GAA GCG TTC TAT AAA CTG CCG AAG TGG AAA CAG AAC AAA TTC ATG ATG GCG GTT CAG CTG TTC,0.8522554307513804
CCG GCT CAC CCG TAC GAC CGT CTG AAA ACC ACC TCT ACC GAC CCG GTT TCT GAC ATC GAC GTT ACC CTG CGT GAA GCG TAC CTG TCC TCC GAA GAG TTC AAG GAA AAA TTC GGT ATG ACC AAA GAG GCG TTC CCG AAA CTG CCG AAA TGG AAA CAG AAC AAA TTC AAA ATG GCT GTG CAA CTG TTC,-0.8285286888572871
CCG GCT CAC CCG TAC GAC CGT CTG AAA ACC ACC TCT ACC GAC CCG GTT TCT GAC ATC GAC GTT ACC CGT CGT CGT GCG TAC CTG TCC TCC GAA GAA TTC AAA GAA AAA TTC GGC ATG ACC AAG GAA GCG TTC GTT AAA CTG CCA AAG TGG AAG CAG AAC AAG TTC AAA ATG GCT GTT CAA CTG TTC,0.7110387071248204
CCA GCG CAC CCG TAC GAC CGT CTG AAA ACC ACC TCT ACC GAC CCG GTT TCT GAT ATC GAC GTT ACC CGT CGT CGT GCG TAC CTG TCC TCC GAA GAA TTC AAG GAG AAA TTT GGC ATG ACC AAA GAG GCG TTC CTG AAA CTG CCG AAA TGG AAA CAG AAC AAA TTC AAA ATG GCG GTT CAG CTG TTC,1.0470595107030918
CCA GCG CAC CCG TAC GAC CGT CTG AAA ACC ACC TCT ACC GAC CCG GTT TCT GAC ATC GAC GTT ACC GTT CGT GAA GCG TAC CTC TCC TCT GAA GAA TTC AAG GAG AAG TTC GGC ATG ACC AAA GAG GCG TTC TAC AAA CTG CCG AAG TGG AAA CAG AAC AAG TTC TGG ATG GCG GTG CAG CTG TTT,1.0524097799223917
CCG GCT CAC CCA TAC GAC CGT CTG AAG ACC ACC TCT ACC GAC CCA GTT TCC GAT ATT GAC GTT ACC CGT CGT GAA GCG TAC CTG ATC TCC GAG TGC TTC AAA GAG AAA TTC GGT ATG ACC AAA GAA GCG TTC TAC AAA CTG CCG AAA TGG AAA CAG AAC AAG TTC AAA ATG GCG GTG CAG CTC TTC,0.915530478521878
CCA GCG CAC CCG TAC GAC CGT CTG AAA ACC ACC TCT ACC GAT CCG GTT TCT GAC ATC GAC GTT ACC TAC CGT GAA GCG TAC CTG TCT TCT GAG GAA TTC AAA GAG AAG TTC GGT ATG ACC AAG GAG GCG TTC TAC AAA CTG CCA AAG TGG AAA CAG AAC AAA TTC CCG ATG GCG GTG CAA CTG TTC,0.575019303984786
CCG GCG CAT CCG TAC GAC CGT CTG AAA ACC ACC TCT ACC GAC CCA GTT TCT GAC ATC GAC GTT ACC CGT CGT GAA GCG TAC CTC TCC TCC GAG GAA TTC AAA GAG AAA TTC GGT ATG ACC AAA GAA GCG TTC TAC GAC CTG CCG AAA TGG AAA CAG AAC AAA TTC AAG ATG GCG GTT CAG CTG TTC,1.169404429759728
CCG GCG CAC CCG TAC GAC CGT CTG AAA ACC ACC TCT ACC GAC CCG GTT TCT GAC ATC GAC GTT ACC CGT CGT GAA ATG TAC CTC TCC TCT GAG GAA TTC AAG GAA AAA TTC GGC ATG ACC AAG GAA GCG TTC TAC AAA CTG CCG AAA TGG AAA CAG AAC AAA TTC AAA ATG GCG GTG CAG CTG TTC,1.5068493693705138
CCG GCG CAC CCG TAT CCA CGT CTC TGG ACC ACC TCT ACC GAT CCG GTT TCC GAC ATT GAC GTT ACC CGC CGT GAA GCG TAC CTC TCC TCT GAA GAG TTC AAG GAA AAA TTC GGC ATG ACC AAG GAG GCG TTC TAC AAA CTG CCG AAA TGG AAA CAG AAC AAA TTC AAA ATG GCG GTG CAA CTC TTT,0.0867342444781348
CCA GCG CAC CCG TAC GAC CGT CTG AAG ACC ACC TCT ACC GAC CCG GTT TCT GAC ATC ATC GTT ACC CGT CGC GAA GCG TAC CTC TCC TCC GAG GAA TTC AAG GAA AAA TTC GGT ATG ACC AAG GAA GCG TTC TAC AAA CTC CCG AAA TGG AAG CAG AAC AAG TTC AAG ATG GCG GTT CAG CTC TTC,0.7440835760874762
CCG GCT CAC CCG TAC GAC CGT CTG AAA ACC ACC TCT ACC GAT CCG GTT ATC GAC ATT GAC GTT ACC CGT CGT GAA GCG TAC CTG TCC TCC GAA GAG TTC AAA GAG AAA TTC GGT ATG ACC AAA GAA GCG TTC TAC AAA CTG CCG AAA TGG AAG CAG AAC AAA TTC AAG ATG GCG GTT CAG CTG TTC,1.2614709787833385
CCA GCG CAC CCG TAC GAC CGT CTG AAA ACT ACC TCT ACC GAC CCG GTT TCT GAC ATC GGT GTT TGC CGT CGT GAA GCG TAC CTG TCT TCC GAG GAA TTC AAG GAA AAG TTC GGT ATG ACC AAA GAG GCG TTC TAC AAA CTG CCG AAA TGG AAA CAG AAC AAA TTC AAA ATG GCT GTT CAG CTC TTC,1.0717506323042834
CCG GCT CAC CCG TAC CTG CGT CTG CAC ACC ACC TCT ACC GAC CCG GTT TCT GAC ATC GAC GTT ACC CGT CGT GAA GCT TAC CTG TCT TCC GAA GAA TTC AAA GAG AAA TTC GGC ATG ACC AAG GAA GCG TTT TAC AAA CTG CCG AAA TGG AAA CAG AAC AAG TTC AAG ATG GCG GTG CAG CTG TTT,0.4298177353819622
CCG GCG CAC CCG TAC GAC CGT CTG AAA ACC ACC TCT ACC GAC CCG GTT TCT GAC ATC GAC GTT ACC ATC CGC CAG GCG TAC CTG TCC TCC GAG GAG TTC AAA GAA AAA TTC GGT ATG ACC AAA GAG GCG TTC TAC AAA CTG CCG AAG TGG AAA CAG AAC AAA TTC AAA ATG GCG GTT CAG CTG TTC,0.7463249436731036
CCA GCG CAC CCA TAC GAC CGT CTG AAA ACC ACC TCT ACC GAC CCG GTT TCC GAC ATC GAC GTT ACC CGT CGT GAA GCT TAC CTG TCT TCC GAA GAA TTC AAG GAA AAA TTC GGC ATG ACC AAA GAA GCG TTC TAC AAA CTG GAG AAG TGG AAG CAG AAC AAA TTC AAA ATG GCG GTT CAG CTG TTC,0.4715138701851447
CCA GCT CAC CCG TAC GAC CGT CTC AAG ACC ACC TCT ACC GAC CCG GTT TCT GAC ATC GAC GTT ACC TTC CGT GAA GCG TAC CTG TCC TCT GAA GAG TTC AAA GAA AAG TTC GGC ATG ACC AAA GAG GCG TTC TAT AAA CTG CCG AAG TGG AAA CAG AAC AAA TTC GGT ATG GCT GTT CAG CTG TTC,0.2854821832028945
CCG GCG CAC CCG TAC GAC CGT CTG AAA ACC ACT TCT ACC GAC CCG GTT TCT GAC ATT GAC GTT ACC CGT CGT GAA GCG TAC CTG TCC TCT GAG GAG TTC AAA GAA AAG TTC GGT ATG ACC AAA GAG GCG TTC TAC AAG ACC CCG AAA TGG AAA CAA AAC AAA TTC AAA ATG GCG GTT CAG CTG TTC,-0.6283814241635177
CCA GCG CAC CCG TAC GAC GAA CTG AAA ACC ACC TCT ACC GGT CCG GTT TCT GAC ATC GAC GTT ACC CGT CGT GAA GCG TAC CTG TCT TCC GAG GAA TTC AAG GAA AAA TTC GGT ATG ACC AAG GAA GCG TTC TAC AAA CTC CCG AAA TGG AAG CAG AAC AAA TTC AAA ATG GCT GTT CAG CTG TTC,0.7700317722630055
CCG GCG CAC CCG TAC GAC CGT CTG AAA ACC ACC TCT ACC GAC CCG GTT TCT GAC ATC TAC GTT CGT CGT CGT GAG GCG TAC CTC TCT TCT GAG GAG TTC AAA GAA AAA TTC GGC ATG ACC AAA GAG GCG TTC TAC AAA CTG CCG AAA TGG AAA CAG AAC AAA TTC AAA ATG GCG GTT CAG CTG TTC,-0.1704678619924846
CCG TGG CAC CCG TAC GAC CGT CTG AAA ACC ACC TCT ACC GAC CCG GTT TCC GAC ATC GAC GTT ACC CGT CGC GAA GCG TAC CTC TCT TCT GAA GAA TTC AAG GAA AAG TTC GGT ATG ACC AAG GAA GCG TTC TAC AAA CTG CCG AAA TGG AAA CAG AAC AAA TTC AAA ATG GCG GTT CAG CTG TTT,2.1315364044246152
CCA GCG CAC CCG TAC GAC CGT CTG AAA ACC ACC TCT ACC GAC CCA GTT TCT GAC ATC GAC GTT ACC CGT CGT ATC GCG TAC CTG TCT TCT GAG GAA TTC AAA GAA AAG TTC GGC ATG ACC AAA GAA GCG TTC TAC AAA CTG CCG AAA TGG AAG CAG AAC AAA TTC TCC ATG GCG GTT CAG CTG TTC,0.8499099178954378
CCG GCG CAC CCG TAC GAC CGT CTG AAA ACC ACT TCT ACC GAC CCG GTT TCT GAC ATC GAC GTT ACC CGT CGT GAA GCG TAC CTG TCC TCT GAA GAG TTC AAA GAG AAG TTC GGT ATG ACC AAG GAA GCG TTC TAC AAA CTG CCG TAC TGG AAA CAG AAC AAA TTC AAA ATG GCT GTT CAG CTG TTC,0.8824694402792816
CCG GCG CAC CCG TAC GAC CGT CTG AAA ACT ACC TCT ACC GAC CCG GTT TCT GAC ATC GAC GTT ACT CGT CGT TTC GCG TAC CTG TCT TCT GAA GAA TTC AAG GAG AAA TTC GGT ATG ACC AAG GAA GCG TTC ATC AAA CTG CCG AAA TGG AAA CAG AAC AAA TTC AAA ATG GCG GTT CAG CTG TTC,0.6408330830916362
CCA GCG CAC CCG TAC GAC CGT CTG AAA ACC ACC TCT ACC GAC CCG GTT TCT GAC ATC GAC GTT ACT CCA CGT GAA GCG TAC CTG TCT TCC GAA GAG TTT AAG GAA AAA TTC GGC ATG ACC AAA GAA GCG TTC TAC AAA CTG CCG AAA TGG AAG CAA AAC AAA TTC TCT ATG GCG GTG CAG CTG TTC,0.4695713229749437
CCG GCT CAC CCG TAC GAC CGT CTG AAA ACC ACC TCT ACC GAC CCG GTT TCT GAC ATC GAC GTT ACC CGT CGC ACC GCG TAC CTC TCT TCT GAA GAG TTC AAG GAA AAG TTC GGC ATG ACC AAG GAA GCG TTC TAC AAA CTG CCG AAA TGG AAA CAG AAC AAG TTC AAC ATG GCT GTT CAG CTG TTC,0.3748788118480854
CCG GCG CAT CCG TAC GAC ATG CTG AAA ACC ACC TCT ACC ATG CCG GTT TCT GAC ATC GAC GTT ACC CGT CGT GAG GCG TAC CTC TCC TCT GAG GAA TTC AAA GAA AAA TTC GGC ATG ACC AAG GAG GCG TTC TAC AAA CTC CCA AAG TGG AAA CAG AAC AAA TTC AAG ATG GCG GTT CAG CTG TTC,0.6948480993857576
CCG GCG CAC CCG TAC GAC CGT CTC AAA ACC ACT TCT ACC GAC CCG GTT TCT GAC ATC GAC GTT ACC CGT CGT GAA GCG TAC CTG TCT TCC GAA GAG TTC AAG GAG AAA TTC GGT ATG ACC AAA GAA GCG TTC TAC AAG ATG CCG AAA TGG AAA CAG AAC AAG TTC AAA ATG GCG GTG CAG CTG TTC,1.1563844525864104
CCG GCG CAC CCG TAC GAC CGC CTG AAA ACC ACC TCT ACC GAC CCG GTT TCT GAC ATT GAC GTT ACT CGT CGT GAA GCG TAC CTG CAG TCT GAG GCG TTC AAA GAA AAA TTC GGT ATG ACC AAA GAA GCG TTT TAC AAA CTG CCG AAA TGG AAA CAG AAC AAA TTC AAA ATG GCG GTT CAG CTG TTC,0.5061349032819887
CCG GCG CAC CCG TAC GAC CGT CTG AAA ACT ACC TCT ACC GAC CCG GTT TCT GAC ATC GAC GTT ACC CGT CGT GAA GCG TAT CTG TCT TCC GAA GAA TTC AAA GAA AAA TTC GGC ATG ACC AAA GAG GCG TTC TAC AAA CTG CCG AAA TGG AAG CAG AAC AAG TTC AAA ATG GCG GCT CAG CTG TTC,0.9981516518923216
CCA GCG CAT CCG TAC GAC CGT CTG AAA ACC ACC TCT ACC GAT CCG GTT TCT GAC ATC GAC GTT ACC CGT CGT GAG GCG TAT CTG TCT TCT GAA GAA TTC AAG GAA AAG TTC GGC ATG ACC AAG GAA GCG TTC CAC AAA CTG CCG AAA TGG AAA CAG AAC AAG TTC GCG ATG GCG GTT CAG CTG TTC,0.4377805572789871
CCA GCG CAC CCG TAC GAC CGT CTC AAA ACC ACT TCT ACC GAC CCG GTT TCT GAC ATC GAC GTT ACC CGT CGT GAA GCG TAC CTG TCT TCT GAG GAA TTC AAG GAA TGC TTC GGT ATG ACC AAA GAA GCG TTC TAC AAG CTG CCG AAA TGG AAA CAG AAC AAA TTC AAA ATG GCG GTG CAG CTG TTT,1.321956652321839
CCG GCG CAC CCG TAC CAG CGT CTG ACC ACT ACC TCT ACC GAC CCG GTT TCT GAC ATT GAC GTT ACC CGT CGT GAA GCG TAC CTG TCT TCC GAA GAA TTC AAG GAA AAG TTC GGC ATG ACT AAA GAG GCG TTC TAC AAA CTG CCG AAA TGG AAA CAG AAC AAA TTC AAA ATG GCG GTT CAG CTG TTC,0.4858771212763585
CCA GCG CAT CCG TAC GAC CGT CTG AAA ACC ACC TCT ACC GAC CCG GTT TCT AAA ATC GAC GTT ACC CGT CGT GAA GCG TAC CTG TCC TCT GAA GAA TTC AAG GAA AAG TTC GGT ATG ACC AAA GAG GCG TTC TAC AAA CTG CCG AAA TGG AAG CAG AAC AAA TTC AAA ATG GCG GTT CAG CTG TTC,0.7707987121312779
CCA GCG CAC CCG TAC GAC CGT CTG AAA ACT ACT TCT ACC GAT CCG GTT TCT GAC ATC GAA GTT GAC CGT CGT GAA GCG TAC CTG TCC TCT GAA GAG TTC AAA GAG AAG TTC GGC ATG ACC AAA GAG GCG TTC TAT AAA CTC CCG AAG TGG AAG CAG AAC AAA TTC AAA ATG GCG GTG CAG CTG TTC,0.5882097194344105
CCG GCG CAT CCG TAC GAC CGT CTG AAA ACC ACC TCT ACC GAT CCG GTT TCT GAC ATC GAC GTG ACC CGT CGT GAA GCG TAT CTG TCC TCT GAG GAG TTC AAG GAA AAA TTC GGC ATG ACC AAA GAA GCG TTT TAC AAA CTG CCG AAA TGG AAA CAG AAC AAG TTC AAA ATG GCT GTT ACC CTG TTC,0.7382030817065937
CCG GCG CAC CCG TAC GAC CGT CTG AAA ACC ACC TCT ACC GAC CCG GTT TCT GAC ATC GAC GTT ACC CGT CGC CAG GCG TAC CTG TCT TCC GAG GAA TTC AAA GAA AAG TTC GGT ATG ACC AAG GAA GCT TTC TAC AAA CTG CCG AAA TGG AAA CAG AAC AAG TTC CAG ATG GCG GTG CAG CTG TTC,0.6530328290641385
CCG GCG CAT CCG TAC GAC CGT CTG AAA ACC ACC TCT ACC GAT CCG GTT TCT GAC ATC GAC GTT ACC CGT CGT GAA GCG TAC CTG TCT TCT GAA GAA TTC AAG GAG AAG TTC GGT ACC ACC AAA GAG GCG TTC TAC AAA CTG CCG AAA TGG AAA CAG AAC AAA TTC AAA ATG GCG GTT CAG CTG TTC,0.2663038727918126
CCG GCG CAC CCG TAC GAC CAC CTG AAA ACC ACT TCT ACC GGT CCG GTT TCT GAC ATT GAC GTT ACC CGT CGT GAA GCG TAC CTG TCC TCT GAA GAG TTC AAG GAA AAA TTC GGC ATG ACC AAG GAG GCG TTC TAC AAA CTG CCG AAA TGG AAA CAG AAC AAA TTC AAA ATG GCG GTT CAG CTG TTC,0.7210986769992431
CCG GCG CAC CCG TAC GAC CGT CTG AAA ACC ACC TCT ACC GAC CCA GTT TCC GAC ATC GAC GTT ACT CGT CGT CAG GCG TAC CTG TCT TCT GAA GAG TTC AAA GAA AAG TTC GGC ATG ACC AAG GAA GCT TTC AAG AAA CTG CCG AAG TGG AAA CAG AAC AAA TTC AAA ATG GCG GTT CAG CTG TTT,0.8001741893171228
CCG GCG CAT CCG TAC GAC CGT CTG AAA ACC ACC TCT ACC GAC CCG GTT TCC GAC ATC GAC GTT ACT CGT CGT CAT GCT TAC CTG TCC TCC GAA GAG TTC AAG GAG AAG TTC GGT ATG ACC AAG GAG GCG TTT TAC AAA CTG CCG AAA TGG AAG CAG AAC AAA TTC TTC ATG GCT GTT CAG CTG TTC,0.8473558745032632
CCG GCT CAC CCG TAC GAC CGT CTG AAA ACC ACC TCT ACC GAC CCG GTT TCT GAC ATC GAC GTT ACC CGT CGT GAA GCG TAC CTG TCC TCC GAG GAG TTC AAG GAG AAA TTC GGC ATG ACC AAA GAA TCT TTT TAC AAA CTG CCG AAG TGG AAA CAG AAC AAA TTC AAA ATG GCG GTT CAG CTC TTT,1.276557058184088
CCG GCG CAT CCG TAC GAC CGT CTG AAA ACC ACC TCT ACC GAC CCG GTT TCC GAC ATC GAC GTT ACC CGT CGT GTT GCG TAC CTG TCC TCC GAG GAG TTC AAG GAG AAA TTC GGT ATG ACC AAA GAA GCG TTC AAG AAG CTG CCG AAG TGG AAA CAG AAC AAA TTC AAA ATG GCG GTT CAG CTG TTC,0.6024456929522862
CCG GCT CAC CCG TAC GAC CGT CTG AAA ACC ACC TCT ACC GAT CCG GTT TCT GAC ATC GAC GTT ACC CGT CGT GAA GCG TAC CTC TCC TCC GAG GAG TTC AAG GAA AAG TTC GGT ATG ACC AAA GAA GCG TTT TAC CTG CTG CCG AAA TGG AAA CAG AAC AAA TTC AAA ATG GCG GTT CAG CTG TTC,1.3537510917425497
CCG GCG CAC CCG TAC GAC CGT CTG AAA ACC ACC TCT ACC GAC CCG GTT TCT GAC ATC GAC GTT ACT CTG CGT ACC GCG TAC CTG TCT TCT GAA GAG TTC AAG GAA AAA TTC GGC ATG ACC AAA GAA GCG TTC TAC AAA CTG CCG AAA TGG AAA CAG AAC AAA TTC AAA ATG GCG GTT CAG CTG TTC,0.8732766920708215
CCG GCG CAC CCG TAC TCT CGT CTG CAC ACT ACC TCT ACC GAC CCA GTT TCT GAC ATC GAC GTT ACC CGT CGT GAA GCG TAC CTG TCT TCC GAG GAA TTC AAG GAG AAG TTC GGT ATG ACC AAA GAG GCG TTC TAC AAA CTG CCG AAA TGG AAA CAG AAC AAA TTC AAA ATG GCG GTT CAG CTG TTT,-0.2326770476660523
CCG GCG CAC CCG TAC GAC GGT CTG AAA ACC ACC TCT ACC TTC CCG GTT TCT GAC ATC GAC GTT ACC CGT CGT GAA GCG TAC CTG TCC TCC GAA GAA TTC AAG GAA AAG TTC GGC ATG ACC AAG GAA GCG TTT TAC AAA CTC CCG AAG TGG AAA CAG AAC AAA TTC AAA ATG GCG GTT CAG CTG TTC,0.797985916949346
CCG GCG CAC CCG TAC GAT CGC CTG AAA ACC ACC TCT ACC GAC CCG GTT TCT GAC ATC GAC GTT ACC CGT CGT GAA GCG TAC CTG TCT TCC GAG GAG TTC AAA GAG AAA TTC GGT ATG ACC AAG GAA GCT TTC TAC AAA CTG CCG AAA CCG AAA CAG AAC AAA TTC AAA ATG GCT GTT CAG CTG TTC,0.4092268603762246
CCG GCG CAT CCG TAC GAC CGT CTG AAA ACC ACC TCT ACC GAC CCG GTT TCT GAC ATC GAC GTT ACC CGT CGT GAA GCG TAC CTG TGC TCT GAG CCG TTC AAG GAG AAG TTC GGT ATG ACC AAA GAA GCG TTT TAC AAA CTG CCG AAA TGG AAA CAG AAC AAA TTC AAA ATG GCT GTT CAG CTG TTC,0.6480427792120609
CCG GCT CAC CCG TAC GAC CGT CTG AAA ACC GAA TCT ACC GAC CCG GTT TCT GAC ATC GAC GTG ACC CGT CGT GAA GCG TAC CTG TCT TCC GAA GAG TTC AAG GAG AAA TTC GGC ATG ACT AAG GAG GCT TTC TAC AAA CTG CCG AAA TGG AAA CAG AAC AAA TTC AAA ATG GCT GTT CAG CTG TTC,0.9606534430847244
CCG GCG CAC CCG TAC GAC CGT CTG AAA ACC ACC TCT ACC GAC CCG GTT TCT GAC ATC GAC GTT ACC CGT CGT GAA GCG TAC CTG TAC TCT GAA GGT TTT AAG GAA AAG TTC GGT ATG ACC AAG GAA GCG TTC TAC AAA CTG CCG AAA TGG AAA CAG AAC AAA TTC AAA ATG GCG GTT CAG CTG TTC,0.3662817889474786
CCA GCG CAC CCG TAC GAC CGT CTG AAA ACC ACC TCT ACC GAC CCG GTT TCT GAC ATT GAC GTT ACT CGT CGT GTT GCG TAC CTG TCT TCT GAG GAG TTC AAA GAG AAA TTC GGC ATG ACC AAA GAA GCG TTC GAA AAA CTG CCG AAA TGG AAA CAG AAC AAA TTC AAA ATG GCG GTT CAG CTG TTC,0.7285364842963338
CCG GCG CAC CCG TAC GAC CGT CTG AAA ACC ACC TCT ACT GAC CCG GTT TCT GAC ATC GAC GTT ACT CGT CGT CCG GCG TAC CTG TCC TCT GAA GAG TTC AAG GAA AAA TTC GGT ATG ACC AAG GAA GCG TTC CTC AAG CTC CCG AAA TGG AAA CAG AAC AAA TTC AAA ATG GCG GTG CAA CTG TTC,0.5211376349763632
CCG GCG CAC CCG TAC GAC CGT CTG AAA ACC ACC TCT ACC GAC CCG GTT TCT GAC ATC GAC GTT ACC TTC CGT AAG GCG TAC CTC TCC TCT GAG GAG TTC AAA GAG AAA TTC GGT ATG ACC AAA GAG GCG TTC TAC AAA CTG CCG AAG TGG AAA CAG AAC AAA TTC AAA ATG GCG GTT CAG CTC TTC,0.6667327226327886
CCA GCG CAC CCG TAC GAC CGT CTG AAA ACC ACT TCT ACC GAC CCG GTT TCT GAC ATC GAC GTT ACC GTT CGT AAC GCG TAC CTG TCT TCC GAA GAG TTC AAG GAA AAA TTC GGC ATG ACC AAA GAA GCG TTC TAC AAA CTG CCG AAA TGG AAA CAG AAC AAA TTC AAA ATG GCG GTT CAG CTG TTC,0.6220000034463795
CCG GCG CAC CCG TAC GAC CGT CTG AAA ACC ACT TCT ACC GAC CCG GTT TCT GAC ATC GAC GTG ACC CGC CGT GAG GCG TAC CTG TCT TCT GAA GAA TTC GAA GAA AAG TTC GGC ATG ACT AAG GAA GCG TTC TAC AAA CTG CCG AAA TGG AAA CAG AAC AAA TTC AAA ATG GCG GTT CAG CTG TTC,1.4687942652141768
CCA GCG CAC CCG TAC GAC CGT CTG AAA ACC ACC TCT ACC GAC CCG GTT TCT GAC ATC GAC GTT ACC GAA CGT AAA GCG TAC CTG TCT TCC GAG GAA TTC AAG GAG AAA TTC GGT ATG ACC AAG GAA GCG TTC TAC AAA CTC CCG AAA TGG AAA CAG AAC AAA TTC AAA ATG GCG GTT CAG CTG TTC,0.6825158015910714
CCG GCG CAC CCA TAC GAC CGT CTG AAA ACC ACC TCT ACC GAC CCG GTT TCT GAC ATC GTT GTT GTT CGT CGT GAA GCG TAC CTG TCT TCT GAG GAA TTC AAA GAG AAG TTC GGT ATG ACC AAA GAG GCG TTC TAC AAA CTG CCG AAA TGG AAA CAG AAC AAG TTC AAA ATG GCT GTT CAG CTG TTC,0.7995377504122367
CCG GCT CAC CCG TAC GAC TTC CTG AAA ACC ACC TCT ACC CAG CCG GTT TCT GAC ATC GAC GTT ACC CGT CGT GAG GCG TAC CTC TCT TCC GAG GAG TTC AAG GAA AAA TTC GGT ATG ACC AAA GAA GCG TTC TAC AAA CTG CCG AAA TGG AAG CAG AAC AAA TTC AAA ATG GCT GTT CAG CTG TTC,0.8014935944469174
CCG GCG CAT CCG TAC GAC CGT CTG AAA ACC ACC TCT ACC GAC CCA GTG TCT GAC ATC GAC GTT ACC CGT CGT CGT GCG TAC CTG TCT TCT GAG GAA TTC AAA GAA AAG TTC GGC ATG ACC AAA GAA GCG TTC TAC AAA CTC CCG AAA TGG AAA CAG AAC AAG TTC TAT ATG GCG GTT CAG CTG TTC,0.8030143355271218
CCG GCT CAC CCA TAC GAC CGT CTG AAA ACC ACC TCT ACC GAT CCG GTT TCT GAC ATT GAC GTT ACC CGT CGT GAA GCG TAC CTG TCC TCT GAG GAG TTC AAA GAA AAA TTC GGT ATG ACC AAG GAG GCG TTC AAC AAA CTG CCG AAA TGG AAA CAG AAC AAA TTC GAC ATG GCG GTT CAA CTG TTT,-0.0379594296213277
CCA GCG CAC CCG TAC GAC CGT CTG AAA ACC ACC TCT ACC GAC CCG GTT TCT GAC ATC GAC GTT ACC ACT CGT AAC GCG TAC CTG TCT TCT GAG GAA TTC AAG GAG AAG TTC GGT ATG ACC AAA GAA GCG TTC TAC AAA CTG CCG AAA TGG AAA CAG AAC AAA TTC AAA ATG GCG GTT CAG CTG TTC,0.7791444798552958
CCG GCT CAC CCG TAC GAC CGT CTG AAA ACC ACC TCT ACC GAC CCG GTT TCT GAC ATC GAC GTT ACC CGT CGT GAA GCG TAC CTC TCT TCT GAG GAG TTC AAG GAG AAA TTC GGC ATG ACT GGC GAA GCT TTC TAC AAA CTG CCG AAA TGG AAA CAG AAC AAA TTC AAA ATG GCG GTT CAG CTC TTC,0.4450041824075287
CCA GCG CAC CCG TAC GAC CGT CTG AAA ACC ACT TCT ACC GAC CCG GTT TCT GAC ATC GAC GTG ACC CGT CGT CAC GCG TAC CTG TCT TCC GAG GAA TTC AAG GAG AAA TTC GGT ATG ACC AAA GAG GCG TTC GGT AAA CTG CCG AAA TGG AAG CAG AAC AAG TTC AAG ATG GCG GTT CAG CTG TTT,0.6263095246939381
CCA GCT CAC CCG TAC GAC CGT CTG AAA ACC ACC TCT ACC GAC CCG GTT TCT GAC ATC GAC GTT ACC CGT CGT GAA GCG TAT CTG CGC TCT GAA TAC TTC AAA GAA AAA TTC GGC ATG ACC AAG GAA GCG TTC TAC AAA CTG CCG AAA TGG AAA CAG AAC AAG TTC AAA ATG GCG GTT CAG CTG TTC,0.6012822799172771
CCG GCG CAC CCG TAC GAC CGT CTG AAA ACT ACC TCT ACC GAC CCG GTT TCT GAC ATT GAC GTT ACC CGT CGT GAC GCG TAC CTG TCT TCT GAA GAG TTC AAG GAA AAG TTC GGT ATG ACC AAA GAA GCG TTC TAC AAA CTG CCG AAA TGG AAA CAG AAC AAA TTC AAA ATG GCG GTG CAG CTG TTT,0.5883317464471747
CCG GCT CAC CCG TAC GAC CGT CTG AAA ACC ACC TCT ACC GAC CCG GTT TCC GAC ATC GAC GTG ACT CGT CGT ATG GCG TAC CTG TCT TCT GAG GAG TTC AAA GAA AAA TTC GGC ATG ACC AAA GAA GCG TTC CCG AAA CTG CCG AAG TGG AAA CAG AAC AAA TTC AAA ATG GCG GTT CAG CTG TTC,-0.7667501595308586
CCG GCG CAC CCG TAC GAC CGT CTG AAA ACC ACC TCT ACC GAC CCG GTT TCT GAC ATC TTC GTT CGT CGT CGT GAA GCG TAC CTG TCT TCT GAA GAA TTC AAG GAG AAG TTC GGT ATG ACC AAG GAA GCG TTC TAC AAA CTG CCG AAA TGG AAG CAG AAC AAA TTC AAA ATG GCG GTT CAG CTG TTC,0.2479741837094189
CCG GCG CAC CCG TAC GAC CGT CTG AAA ACC ACC TCT ACC GAC CCG GTT TCT GAC ATC GAC GTT ACC CGT CGT GAA GCG TAC CTC TGC TCT GAA GAA TTC AAG GAG AAA TTC GGT ATG ACC AAA GAG GCG TTC TAC AAA CTG CCG AAA TGG AAA CAG AAC AAA TTC AAA ATG GCG GTG CAG CTC TTC,0.9442850623259472
CCG GCG CAC CCG TAC GAC CGT CTG AAA ACC ACC TCT ACC GAT CCA GTT TCT GAC ATC GAC GTT ACC CGT CGT GAA GCG TAC CTG TCC TCT TTC GAA TTC AAG GAA AAA TTC GGC ATG ACC AAA GAG GCG TTC TAC AAA CTG CCG AAA TGG AAA CAG AAC AAA TTC AAA ATG GCG GTT CAA CTG TTC,1.1194521941254534
CCG GCG CAT CCG TAC TAC CGT CTG ATG ACC ACC TCT ACC GAC CCG GTT TCT GAC ATC GAC GTT ACC CGT CGT GAG GCG TAC CTG TCC TCT GAG GAA TTC AAA GAA AAA TTC GGC ATG ACC AAA GAA GCG TTC TAC AAA CTG CCG AAG TGG AAA CAG AAC AAG TTC AAA ATG GCG GTT CAG CTG TTC,0.6601966771103571
CCG GCT CAC CCG TAC GAC CGT CTG AAA ACC ACC TCT ACC GAC CCG GTT TCT GAC ATC GAC GTT ACC CGT CGT GAA GCG TAC CTC TCC TCT GAA GAG TTC AAA GAG AAA TTC GGC ATG ACC AAA GAA GCG TTC GAC AAA CTG CCG AAA TGG AAA CAG AAC AAA TTC GCG ATG GCT GTT CAG CTG TTC,0.5899938849689388
CCG GCT CAC CCG TAC GAC CGT CTG AAA ACC ACC TCT ACC GAC CCG GTT TCT GAT ATC GAC GTG ACC CGT CGT GAA GCG TAC CTC TCC TCT GAA GAA TTC AAG GAA AAG TTC GGC ATG ACC AAA GAA GCG ACC TAC AAA CTG CCG AAA TGG AAA CAG AAC AAA TTC AAA ATG GCG GTT CAG CTG TTC,-1.2315000605083524
CCG GCG CAC CCG TAC GAC CGT GAC AAA ACC ACC TCT ACC GAT CCG GTT TCT GAT ATC GAC GTT ACC CGT CGT GAA GCG TAC CTG TCT TCC GAA GAG TTC AAG GAA AAG TTC GGT ATG ACC AAG GAA GCG TTC TAC AAA CTG CCG AAA TGG AAA CAG AAC AAA TTC AAA ATG GCG GTT CAG CTG TTC,0.767288279365353
CCG GCG CAC CCG TAC GAC CGT CTG AAA ACC ACC TCT ACC GAC CCA GTT TCT GAC ATC GAC GTT ACC CGT CGT ATC GCG TAC CTC TCT TCT GAG GAA TTC AAA GAA AAG TTC GGC ATG ACC AAG GAA GCG TTC TAC AAA CTG CCG AAA TGG AAA CAG AAC AAG TTC GTT ATG GCT GTT CAG CTG TTC,1.1466566106948608
CCG GCG CAC CCG TAC GAC CGT CTG AAA ACC ACC TCT ACC GAC CCG GTT TCT GAC ATC GAC GTT ACC CGT CGT GAA GCT TAC CTC TTC TCT GAA ATC TTC AAG GAG AAG TTC GGC ATG ACC AAA GAA GCG TTC TAC AAA CTG CCG AAG TGG AAG CAG AAC AAA TTC AAA ATG GCG GTG CAG CTG TTC,0.7426555134340369
CCA GCG CAC CCG TAC CCG CGT CTC CGT ACC ACC TCT ACC GAT CCA GTT TCT GAC ATC GAC GTT ACC CGT CGT GAA GCG TAC CTG TCC TCT GAA GAA TTC AAG GAA AAG TTC GGC ATG ACC AAA GAA GCG TTC TAC AAA CTG CCG AAA TGG AAA CAG AAC AAA TTC AAA ATG GCG GTG CAG CTG TTC,0.5041132093569989
CCA GCG CAC CCG TAT GAC CGT CTG AAA ACC ACC TCT ACC GAT CCG GTT TCT GAC ATC GAC GTT ACC CGT CGT GAA GCT TAC CTG CCG TCC GAA GCG TTT AAA GAA AAA TTC GGC ATG ACC AAA GAG GCG TTC TAC AAA CTG CCA AAG TGG AAA CAG AAC AAA TTC AAA ATG GCG GTT CAG CTG TTC,0.5482929561302166
CCG GCG CAC CCG TAC GAC CGT CTG AAA ACC ACC TCT ACC GAC CCG GTT TCT GAC ATC GAC GTT ACC GCG CGT ATC GCG TAC CTG TCC TCT GAA GAG TTC AAG GAA AAG TTC GGT ATG ACC AAG GAA GCG TTT TAC AAA CTG CCG AAA TGG AAG CAG AAC AAA TTC AAG ATG GCG GTG CAG CTG TTC,1.1130103732550325
CCG GCG CAC CCG TAC GAC CGT CTG AAA ACC ACC TCT ACC GAC CCG GTT TCT GAC ATC GAC GTT ACC CGT CGC GAA GCG TAC CTG AAA TCT GAA GCG TTC AAA GAG AAA TTC GGT ATG ACC AAA GAG GCT TTC TAC AAA CTG CCG AAA TGG AAA CAG AAC AAA TTC AAA ATG GCG GTT CAA CTG TTC,0.3838822792992822
CCG GCG CAC CCG TAC GAT CCG CTG AAA ACC ACC TCT ACC GCG CCA GTT TCT GAC ATT GAC GTT ACC CGT CGT GAA GCG TAC CTG TCC TCT GAG GAG TTC AAA GAA AAA TTC GGC ATG ACC AAA GAG GCT TTC TAC AAA CTG CCG AAA TGG AAA CAG AAC AAA TTC AAA ATG GCT GTT CAA CTG TTC,0.7475090419551838
CCG GCT CAC CCG TAC GAC CGT CTG AAA ACC ACC TCT ACT GAC CCG GTT TCT GAC ATC GAC GTT ACC CGT CGT GGT GCG TAC CTG TCT TCC GAG GAA TTC AAA GAA AAG TTC GGC ATG ACT AAG GAG GCG TTC TAC AAA CTG CCG AAG TGG AAA CAG AAC AAA TTC TCT ATG GCG GTG CAG CTG TTC,0.5990553087746505
CCG GCG CAC CCG TAC GAC CGT CTG AAA ACC ACC TCT ACC GAC CCG GTT TCT GAC ATC GAC GTT ACC CGT CGT GAA GCG TAC CTC TCT TCT GAA GAA TTC AAG GAA AAG TTC GGC ATG ACC AAA GAA GCG TTC TAC GTT CTG CCG AAA TGG AAA CAG AAC AAA TTC AAA ATG GCG GTT CAG CTG TTC,1.0752309777389932
CCG GCG CAC CCG TAC GAC CGC CTG AAG ACC ACC TCT ACC GAT CCG GTG TCT GAC ATC GAC GTT ACC CGT CGT GAA GCG TAC ATG TCC TCC GAG GAA TTC AAA GAA AAG TTC GGT ATG ACC AAG GAA GCG TTC TAC AAG CTG CCG AAA TGG AAA CAG AAC AAA TTC AAG ATG GCG GTT CAG CTG TTC,0.8944965523292341
CCG GCT CAC CCG TAC GAC CGT CTG AAA ACC ACC TCT ACC GAT CCG GTT TCT GAC ATC GAC GTT ACC TTC CGT GAA GCG TAC CTG TCC TCC GAA GAG TTC AAA GAA AAA TTC GGC ATG ACC AAA GAG GCG TTC AAC AAA CTC CCG AAA TGG AAA CAG AAC AAA TTC AAA ATG GCG GTT CAG CTG TTC,0.474357353894709
CCA GCT CAC CCG TAC GAC CGT CTG AAA ACT ACT TCT ACT GAT CCG GTT TCT GAC ATC GAC GTT ACC CGT CGT GAA GCG TAC CTG TCT TCC GAG GAG TTC AAG GAA AAA TTC GGT ATG ACC AAA GAA GCG TTC TAC AAA CTC CCG AAG TGG AAA CAG AAC AAA AAC AAA ATG GCT GTT CAG CTC TTC,0.3625719699566293
CCG GCG CAC CCG TAC GAC CGT CTG AAA ACC ACT TCT ACC GAC CCG GTT TCT GAC ATC GAC GTT ACC CGT CGC GAG GCG TAC CTC TCT TCC GAA GAA TTC AAG GAA AAA TTC GGT ATG ACC AAG GAG GCG TTC ATC AAA CTG CCG AAA TGG AAA CAG AAC AAA TTC TAC ATG GCG GTT CAG CTG TTC,0.5339284253048395
CCG GCG CAC CCG TAC GAC CGT CTG AAA ACC ACT TCT ACC GAC CCG GTT TCT GAC ATC GAC GTT ACC CTG CGT GAG GCG TAC CTG TCT TCC GAG GAA TTC AAA GAA AAG TTC GGC ATG ACC AAG GAA GCG TTC AAC AAA CTG CCG AAA TGG AAA CAG AAC AAG TTC AAA ATG GCG GTT CAG CTG TTT,0.5157976868183813
CCG GCG CAC CCG TAC GAC CGT CTG AAA ACC ACC TCT ACC GAC CCG GTT TCT GAC ATC TCT GTT AAC CGT CGT GAA GCG TAT CTG TCC TCT GAA GAG TTC AAG GAA AAG TTC GGT ATG ACC AAA GAA GCG TTC TAC AAA CTC CCG AAA TGG AAA CAG AAC AAA TTC AAA ATG GCG GTT CAG CTG TTC,0.5646482392270082
CCG GCG CAC CCG TAC GAC CGT CTG AAA ACC ACC TCT ACC GAC CCG GTT TCT GAC ATC GAC GTT ACC TCT CGT ATG GCG TAC CTG TCC TCC GAG GAG TTC AAA GAA AAA TTC GGT ATG ACC AAA GAG GCG TTC TAC AAG CTG CCG AAA TGG AAG CAG AAC AAA TTC AAA ATG GCG GTT CAG CTG TTC,0.8067919332806575
CCG GCG CAC CCG TAT GAC CGT CTG AAA ACC ACC TCT ACC GAC CCG GTT TCT GAC ATT GAC GTT ACT CCA CGT TGG GCT TAC CTG TCC TCT GAA GAA TTC AAG GAG AAG TTC GGC ATG ACC AAA GAG GCG TTC TAC AAA CTG CCG AAA TGG AAA CAG AAC AAA TTC AAA ATG GCG GTT CAG CTG TTC,0.8044608454423903
CCA GCG CAC CCG TAC GAC CGT CTG AAA ACT ACC TCT ACC GAT CCG GTT TCT GAT ATC GAC GTT ACC CGT CGT GAA GCG TAC CTG TCC TCC GAA GAG TTC AAG GAG AAA TTT GGT ATG ACC AAG GAG GCG TTC TAC AAG TTT CCG AAA TGG AAA CAG AAC AAG TTC AAA ATG GCT GTT CAG CTG TTC,0.7421598451516501
CCA GCG CAC CCG TAC GAC TAC CTG AAA ACC ACC TCT ACC GCG CCA GTT TCT GAC ATC GAC GTT ACC CGT CGC GAA GCG TAT CTG TCC TCT GAA GAG TTT AAG GAG AAG TTC GGT ATG ACC AAA GAG GCG TTC TAC AAA CTG CCG AAA TGG AAA CAG AAC AAG TTC AAA ATG GCG GTT CAG CTG TTC,0.8375084792809793
CCG GCG CAC CCG TAC GAC CGT CTG AAG ACT ACC TCT ACC GAC CCG GTT TCT GAC ATC GAC GTT ACC CGT CGT GAA GCG TAC CTC AAC TCT GAG TAC TTC AAG GAA AAA TTC GGC ATG ACC AAG GAA GCG TTT TAC AAA CTG CCG AAG TGG AAA CAG AAC AAA TTC AAG ATG GCG GTT CAG CTG TTC,0.733727869337149
CCG GCT CAC CCA TAC GAC CGT CTG AAA ACC ACC TCT ACC GAT CCG GTT TCT GAT ATC GAC GTT ACC CGT CGT GAA GCG CTG CTG TCT TCC GAG GAG TTC AAA GAA AAA TTC GGC ATG ACC AAG GAA GCG TTC TAC AAA CTG CCG AAA TGG AAA CAG AAC AAG TTC AAG ATG GCG GTT CAG CTG TTC,0.7512579211929146
CCG GCT CAC CCG TAC GAC CGT CTG AAA ACC ACC TCT ACC GAC CCG GTT TCT GAC ATC GAC GTT ACC CGT CGT GAA GCG TAC CTC TCT TCC GAA GAA TTC AAA GAA AAA TTC GGC ATG ACC AAG GAA GCG TTC CGT AAA CTG CCG AAA TGG AAA CAG AAC AAA TTC CAC ATG GCG GTT CAG CTC TTC,0.4097346774275525
CCA GCG CAT CCG TAC GAC CGT CTG AAA ACT ACC TCT ACC GAC CCA GTT TCT GAC ATC GAC GTT ACC GCG CGT GAA GCG TAC CTG TCT TCT GAG GAA TTC AAG GAG AAA TTC GGT ATG ACC AAG GAA GCG TTC TAC AAA CTG CCG AAA TGG AAA CAG AAC AAA TTC TCT ATG GCT GTT CAG CTG TTC,0.5781062861845703
CCG GCG CAC CCG TAC GAC CGT CTG AAA ACC ACC TCT ACC GAC CCA GTT TCT GAC ATC GAC GTT ACC CGT CGT CGT GCG TAC CTG TCT TCC GAG GAA TTC AAG GAA AAA TTC GGT ATG ACC AAG GAA GCG TTC TCC AAA CTG CCG AAA TGG AAA CAG AAC AAA TTC AAA ATG GCG GTT CAG CTG TTC,0.506658003215336
CCG GCG CAC CCG TAC GAC CGC CTG AAA ACC ACC TCT ACT GAC CCG GTT TCT GAC ATC GAC GTT ACC ATC CGT CTG GCG TAC CTG TCC TCC GAA GAG TTC AAG GAA AAA TTC GGC ATG ACC AAA GAA GCG TTC TAC AAA CTG CCG AAA TGG AAA CAG AAC AAG TTC AAA ATG GCG GTT CAG CTG TTC,1.0023226881766096
CCG GCG CAC CCG TAC GAC CGT CTG AAA ACC ACC TCT ACC GAC CCG GTT TCT GAC ATC GAC GTT ACC TAC CGT ACC GCG TAC CTG TCT TCT GAA GAA TTC AAG GAG AAG TTC GGT ATG ACC AAG GAA GCG TTC TAC AAA CTG CCG AAA TGG AAA CAG AAC AAA TTC AAA ATG GCG GTT CAG CTG TTC,0.7483665822221626
CCG GCG CAC CCG TAC GAC GCG CTG AAA ACC ACC TCT ACC CAT CCG GTT TCT GAT ATC GAC GTT ACC CGT CGC GAG GCT TAC CTG TCC TCT GAG GAG TTC AAA GAG AAA TTC GGT ATG ACC AAA GAG GCG TTC TAC AAA CTG CCG AAA TGG AAA CAG AAC AAA TTC AAA ATG GCT GTT CAG CTG TTC,0.9853213725720832
TTC GCG CAC CCG TAC GAC CGT CTG AAA ACC ACC TCT ACC GAC CCA GTT TCT GAC ATC GAC GTT ACC CGT CGT GAA GCG TAC CTG TCC TCT GAA GAG TTC AAA GAG AAG TTC GGC ATG ACC AAA GAA GCG TTC TAC AAA CTG CCG AAG TGG AAA CAG AAC AAG TTC AAG ATG GCG GTT CAG CTG TTC,1.032518475551142
CCA GCG CAC CCG TAC GAC CGT CTG AAA ACC ACC TCT ACC GAC CCG GTT TCT GAC ATC TTC GTT CAG CGT CGT GAA GCG TAC CTG TCT TCC GAA GAA TTC AAA GAG AAA TTC GGC ATG ACC AAA GAA GCG TTC TAC AAA CTC CCG AAA TGG AAA CAG AAC AAG TTC AAA ATG GCG GTT CAG CTG TTC,0.3039878526605454
CCG ACC CAC CCG TAC GAC CGT CTG AAA ACC ACT TCT ACC GAC CCG GTT TCT GAC ATT GAC GTT ACC CGT CGT GAA GCG TAC CTG TCC TCT GAA GAG TTC AAG GAA AAG TTC GGT ATG ACC AAA GAG GCG TTC TAC AAA CTG CCG AAA TGG AAA CAG AAC AAA TTC AAA ATG GCT GTT CAG CTG TTT,2.2767482280649687
CCA GCT CAC CCG TAC GAC CGT CTG AAA ACC ACC TCT ACC GAC CCG GTT TCT GAC ATC GAC GTT ACC ATG CGT GAA GCG TAT CTC TCC TCC GAA GAG TTC AAA GAG AAA TTC GGT ATG ACC AAA GAG GCG TTC TAC AAA CTG CCG AAA TGG AAA CAG AAC AAA TTC CGT ATG GCT GTT CAG CTG TTC,1.0377027753898878
CCA GCG CAC CCG TAC GAC CGT CTC AAG ACT ACC TCT ACC GAC CCG GTT TCT GAC ATC GAC GTT ACC CGT CGT GAA GCG TAC CTG CCG TCT GAG TGC TTC AAA GAA AAG TTC GGT ATG ACC AAA GAA GCG TTC TAC AAA CTG CCG AAG TGG AAA CAG AAC AAA TTC AAA ATG GCG GTG CAG CTG TTC,0.7902629673765198
CCA GCG CAC CCG TAC GAC CGT CTG AAA ACC ACC TCT ACC GAC CCA GTT TCT GAC ATC GAC GTT ACC CAC CGC GAA GCG TAC CTG TCT TCT GAA GAG TTC AAA GAA AAG TTC GGC ATG ACC AAA GAA GCG TTC GAA AAA CTG CCG AAA TGG AAG CAG AAC AAA TTC AAA ATG GCT GTT CAG CTG TTC,0.6868359765353931
CCG GCG CAC CCG TAC GAC CGT CTG AAA ACC ACC TCT ACC GAC CCG GTT TCT GAC ATC GAC GTT ACC CGT CGT CCG GCG TAC CTG TCT TCC GAA GAA TTC AAG GAG AAA TTC GGC ATG ACC AAG GAA GCG TTC TAC AAA CTG CCG AAA TGG AAA CAG AAC AAG TTC GTT ATG GCG GTT CAG CTG TTC,1.2391406521443291
CCG GCT CAC CCG TAC GAC CGT CTG AAA ACC ACC TCT ACC GAC CCG GTT TCT GAC ATC GAC GTT ACC CGT CGC CTG GCG TAC CTG TCT TCT GAG GAA TTC AAG GAG AAA TTC GGT ATG ACC AAG GAA GCT TTC TAC AAA CTG CCG AAA TGG AAG CAG AAC AAA TTC CAC ATG GCG GTT CAG CTG TTC,0.6701126740649808
CCG GCT CAC CCG TAC GAC CGT CTG AAA ACC ACC TCT ACC GAC CCG GTT TCT ACC ATC GAC GTT ACC CGT CGT GAA GCG TAC CTG TCC TCT GAA GAA TTC AAG GAA AAA TTC GGC ATG ACC AAA GAG GCG TTC TAC AAA CTG CCG AAA TGG AAA CAG AAC AAA TTC AAA ATG GCG GTG CAG CTG TTC,0.8808217360449859
CCG GCG CAC CCG TAC GAC CGT CTG AAA ACC ACC TCT ACC GAT CCG GTT TCT GAC ATC GAC GTT ACC GAC CGT ATC GCG TAC CTG TCT TCT GAA GAG TTC AAA GAA AAG TTC GGT ATG ACC AAG GAG GCG TTC TAC AAA CTG CCG AAA TGG AAA CAG AAC AAA TTC AAA ATG GCG GTG CAG CTG TTT,0.811168654978152
CCA GCG CAC CCA TAC ATG CGC CTG CAC ACC ACC TCT ACT GAC CCG GTT TCT GAT ATC GAC GTT ACC CGT CGT GAG GCG TAC CTC TCT TCT GAA GAA TTC AAG GAA AAG TTC GGC ATG ACC AAA GAG GCT TTC TAC AAA CTG CCG AAA TGG AAA CAG AAC AAA TTC AAA ATG GCT GTT CAA CTG TTC,-0.2078325916945372
CCG GCG CAC CCG TAC GAC CGT CTG AAA ACC ACC TCT ACC GAC CCG GTT TCT GAC ATC GAC GTT ACT GAA CGT GAA GCG TAC CTG TCC TCT GAA GAA TTC AAG GAA AAG TTC GGT ATG ACC AAA GAA GCG TTC TAC AAG CTG CCG AAA TGG AAA CAA AAC AAA TTC TCT ATG GCT GTG CAG CTG TTC,0.3542556657939038
CCG GCT CAC CCG TAC GAC CGT CTG AAA ACC ACC TCT ACC GAC CCG GTT TCT GAT ATC GAC GTT ACC CGT CGT GAA GCG TAC CTG TCC TCC GAA GAA TTC AAG GAA AAG TTC GGC ATG AAC AAA GAA GCG TTC TAC AAA CTG CCG AAA TGG AAG CAG AAC AAA TTC AAA ATG GCG GTT CAG CTG TTC,1.0814229671759263
CCG GCT CAT CCG TAC GAC CGT CTG AAA ACC ACT TCT ACC GAC CCG GTT TCT GAC ATC GAC GTT ACC CGT CGT AAA GCG TAC CTC TCT TCC GAG GAA TTC AAA GAA AAA TTC GGC ATG ACC AAA GAA GCG TTC TAC AAG CTG CCG AAA TGG AAA CAG AAC AAG TTT TGG ATG GCT GTT CAG CTG TTC,1.053869126628382
CCA GCG CAC CCG TAC GAC CGT CTG AAA ACC ACC TCT ACC GAT CCG GTT TTC GAC ATC GAC GTT ACC CGT CGT GAA GCG TAC CTG TCT TCC GAA GAA TTC AAA GAA AAA TTC GGC ATG ACC AAA GAG GCG TTC TAC AAA CTG CCG AAA TGG AAG CAA AAC AAA TTC AAG ATG GCT GTT CAG CTG TTC,1.415574478965262
CCG GCG CAC CCG TAC GAC CGT CTG AAA ACC ACC TCT ACT GAT CCG GTT TCT GAC ATC GAC GTT ACC CGT TTC GAA GCG TAC CTC TCT TCT GAA GAG TTC AAA GAA AAG TTC GGT ATG ACC AAG GAA GCG TTC TAC AAA CTG CCG AAA TGG AAA CAG AAC AAA TTC AAA ATG GCG GTT CAG CTG TTC,0.90656745635024
CCG GCG CAT CCG TAC GAC CGT CTG AAG ACC ACC TCT ACC GAC CCG GTT TCT GAC ATC GAC GTT ACC GAT CGT GAA GCG TAC CTG TCC TCC GAA GAA TTC AAA GAG AAA TTC GGC ATG ACC AAA GAA GCG TTT ATG AAA CTC CCG AAA TGG AAG CAG AAC AAG TTC AAA ATG GCG GTT CAG CTG TTC,0.8483147544077635
CCG GCT CAC CCG TAC GAC CGT CTG AAA ACC ACC TCT ACC GAC CCG GTT TCT GAT ATC GAC GTT ACC CGT CGT GAA GCG TAC CTG GTT TCC GAA GGT TTC AAA GAA AAA TTC GGC ATG ACC AAA GAA GCG TTC TAC AAA CTG CCG AAG TGG AAA CAG AAC AAA TTC AAA ATG GCG GTG CAG CTG TTC,0.5851605937771827
CCG GCG CAC CCG TAC GAC CGT CTG AAA ACT ACC TCT ACC GAT CCG GTG TCT GAC ATC GAC GTT ACC CGT CGT GAA GCG TAC CTG CGT TCC GAA TGC TTC AAA GAA AAA TTC GGC ATG ACC AAA GAG GCG TTC TAC AAA CTG CCG AAA TGG AAA CAG AAC AAA TTC AAA ATG GCG GTG CAG CTG TTC,0.6755468496900816
CCG GCG CAC CCG TAC GAC CCG CTG AAA ACC ACC TCT ACC TGC CCG GTT TCT GAC ATT GAC GTT ACC CGT CGT GAA GCG TAC CTG TCC TCT GAG GAA TTC AAG GAA AAA TTC GGC ATG ACC AAA GAG GCT TTC TAC AAA CTG CCG AAA TGG AAA CAG AAC AAA TTC AAA ATG GCG GTG CAG CTG TTT,1.4419762374265013
CCA GCG CAC CCG TAC GAC CGT CTG AAA ACC ACT TCT ACC GAC CCG GTT TCT GAC ATC CAG GTT ATG CGT CGT GAG GCG TAC CTG TCC TCT GAA GAA TTC AAG GAA AAA TTC GGC ATG ACC AAG GAA GCG TTC TAC AAA CTG CCG AAA TGG AAA CAG AAC AAA TTC AAA ATG GCG GTT CAG CTG TTC,0.2570909514064773
CCG GCG CAC CCG TAC GAC CGT CTG AAA ACC ACC TCT ACT GAC CCG GTT TCT GAC ATT GAC GTT ACC CGT CGT CTG GCG TAC CTG TCT TCT GAA GAG TTC AAG GAA AAA TTC GGC ATG ACC AAA GAA GCG TTC TAC AAA CTG CCG AAA TGG AAA CAA AAC AAA TTC ATC ATG GCG GTG CAG CTG TTC,1.4519790819400582
CCG GCG CAC CCA TAC GAC GGT CTG AAA ACC ACC TCT ACC TGC CCG GTT TCC GAC ATC GAC GTT ACC CGT CGT GAA GCG TAC CTG TCT TCT GAA GAG TTC AAG GAG AAA TTC GGC ATG ACC AAA GAA GCG TTT TAC AAA CTC CCG AAG TGG AAG CAA AAC AAA TTC AAA ATG GCG GTG CAG CTG TTC,1.285132734375272
CCA GCG CAC CCG TAC GAC CGT CTG AAA ACC ACC TCT ACC GAC CCG GTG TCT GAC ATC CTG GTT CAT CGT CGT GAG GCG TAC CTC TCT TCT GAA GAA TTC AAG GAA AAG TTC GGC ATG ACC AAA GAA GCG TTC TAT AAG CTC CCG AAA TGG AAA CAG AAC AAG TTC AAG ATG GCT GTT CAG CTG TTC,0.659476929908942
CCG GCG CAC CCG TAC GAC CGT CTC AAA ACC ACT TCT ACC GAC CCG GTT TCT GAC ATT GAC GTT ACC CGT CGT GAA GCG TAC CTG AAC TCC GAA AAC TTC AAG GAG AAG TTC GGT ATG ACC AAA GAG GCG TTT TAC AAA CTG CCA AAG TGG AAA CAG AAC AAG TTC AAA ATG GCG GTG CAG CTG TTC,0.6206749576208428
CCG GCG CAC CCG TAT GAT CGT CTG AAA ACC ACC TCT ACC GAC CCG GTT TCT GAT ATC GAC GTT ACC CGT CGT GAA GCG TAC CTG CCG TCT GAG AAC TTC AAA GAG AAA TTC GGT ATG ACC AAA GAA GCG TTC TAC AAG CTC CCG AAA TGG AAA CAG AAC AAA TTC AAA ATG GCG GTT CAG CTG TTC,0.344028531897351
CCA GCT CAT CCA TAC GAC CGT CTG AAA ACC ACC TCT ACC GAC CCG GTT TCC GAC ATC GAC GTT ACC CGT CGT GAA GCG TAC CTG TCC TCT GAG GAA TTC AAA GAA CGT TTC GGT ATG ACC AAA GAA GCG TTC TAC AAG CTG CCG AAA TGG AAA CAG AAC AAG TTC AAA ATG GCG GTT CAG CTG TTC,1.245630242531082
CCG GCG CAC CCG TAC GAC CGT CTG AAA ACC ACC TCT ACC GAC CCG GTT TCT GAC ATC GAC GTT ACC CGT CGT GAA GCG TAC CTC TCC TCC GAG GAA TTC AAA GAA AAA TTC GGT ATG ACC AAG GAA GCG TTC TAC AAA GAC CCG AAG TGG AAG CAG AAC AAA TTC AAG ATG GCG GTT CAG CTG TTC,-3.048121426551651
CCG GCG CAC CCA TAC GAC CGT CTG AAA ACC ACC TCT ACC GAT CCA GTT TCT GAC ATC GAC GTT ACC CTG CGT GGT GCG TAC CTG TCC TCT GAA GAA TTC AAA GAA AAG TTC GGC ATG ACC AAG GAG GCG TTT TAC AAA CTG CCG AAA TGG AAG CAG AAC AAA TTC AAG ATG GCT GTT CAG CTG TTC,0.6241224215906477
CCG GCG CAC CCG TAC GAC CGT CTG AAG ACC ACC TCT ACC GAC CCG GTT TCT GAC ATC TAC GTT TTC CGT CGT GAA GCG TAC CTC TCC TCC GAA GAG TTC AAG GAA AAG TTC GGT ATG ACC AAA GAG GCG TTC TAC AAA CTG CCG AAA TGG AAA CAG AAC AAG TTC AAA ATG GCG GTT CAG CTG TTC,-0.1688841392509343
CCG GCT CAC CCG TAC GAC CGT CTG AAA ACC ACC TCT ACC GAC CCG GTT TCT GAC ATC GAC GTT ACC CGT CGT GAA GCG TAC CTG TCC TCC GAG GAG TTC AAA GAG AAA TTC GGT ATG ACC AAG GAA GCG TTC GCT AAG CTG CCG AAA TGG AAA CAG AAC AAA TTC CAG ATG GCG GTT CAG CTC TTC,0.4348414897148718
CCG GCG CAC CCA TAC GGT CGT CTG TGC ACC ACC TCT ACC GAC CCG GTT TCC GAC ATC GAC GTT ACC CGT CGT GAA GCG TAC CTG TCT TCT GAG GAG TTC AAA GAA AAA TTC GGC ATG ACC AAA GAA GCG TTC TAC AAA CTG CCG AAA TGG AAA CAG AAC AAA TTC AAA ATG GCG GTG CAG CTG TTT,1.2719292542990803
CCG GCG CAC CCG TAC GAC CGT CTG AAA ACC ACC TCT ACC GAC CCG GTT TCT GAT ATC GAC GTT ACC CGT CGT GAA GCG TAC CTG TCC TCT GAG GAG TTC AAA GAG AAG TTC GGT ATG ACC AAA GAA CAC TTC TAC AAG CTG CCG AAA TGG AAG CAG AAC AAA TTC AAA ATG GCG GTT CAG CTG TTC,1.0263921682529529
CCG GCG CAC CCG TAC TAC CGT CTG ACC ACT ACC TCT ACC GAC CCG GTT TCT GAC ATC GAC GTT ACC CGC CGT GAA GCG TAC CTG TCC TCC GAA GAA TTC AAA GAA AAG TTC GGT ATG ACC AAG GAA GCT TTT TAC AAG CTC CCG AAG TGG AAA CAG AAC AAA TTC AAG ATG GCG GTT CAG CTG TTC,1.1590419838804942
CCG GCG CAC CCG TAC GAC CGT CTG AAA ACC ACC TCT ACC GAT CCG GTT TCT GAC ATC ATG GTT TGG CGT CGT GAA GCG TAC CTC TCC TCT GAG GAG TTC AAA GAA AAA TTC GGC ATG ACC AAA GAG GCG TTC TAC AAA CTG CCG AAA TGG AAA CAG AAC AAA TTC AAA ATG GCG GTG CAA CTG TTC,-0.505949384268064
CCG GCT CAC CCG TAC GAC CGT CTG AAA ACC ACC TCT ACC GAC CCG GTT TCT GAC ATC GAC TGG ACC CGT CGC GAA GCG TAT CTG TCT TCC GAG GAG TTC AAA GAG AAA TTT GGC ATG ACC AAG GAA GCG TTC TAC AAA CTG CCG AAA TGG AAA CAG AAC AAA TTC AAA ATG GCG GTG CAG CTC TTC,0.981682084763578
CCG GCG CAC CCG TAC GAC CGT CTG AAA ACC ACC TCT ACC GAC CCG GTT TCT GAC ATC GAC GTT ACC ATG CGT ATC GCG TAC CTG TCT TCC GAA GAG TTC AAA GAA AAG TTC GGT ATG ACC AAG GAA GCG TTC TAC AAA CTG CCG AAA TGG AAA CAG AAC AAA TTC AAA ATG GCG GTT CAG CTG TTC,1.0274980061746029
CCG GCG CAC CCA TAC GAC CGT CTG AAA ACC ACC TCT ACC GAC CCG GTT TCT GAC ATT GAC GTT ACC GCG CGT GAA GCG TAC CTG TCC TCC GAG GAA TTC AAG GAG AAA TTC GGT ATG ACC AAG GAA GCG TTC TAC AAA CTG CCA AAA TGG AAG CAG AAC AAA TTC CTG ATG GCG GTG CAG CTC TTC,0.9423388652377468
CCG GCG CAC CCA TAC GGT CGT CTG ACC ACC ACC TCT ACC GAC CCG GTT TCT GAC ATC GAC GTT ACC CGC CGT GAA GCT TAC CTC TCT TCC GAA GAG TTC AAA GAA AAA TTC GGC ATG ACC AAG GAG GCG TTC TAC AAA CTG CCG AAA TGG AAA CAG AAC AAG TTC AAG ATG GCG GTT CAG CTG TTC,0.3167074878247027
CCG GCG CAT CCG TAC GAC CGT CTG AAA ACC ACC GAC ACC GAC CCG GTT TCT GAC ATC GAC GTT ACC CGT CGT GAA GCG TAC CTG TCC TCC GAA GAA TTC AAG GAA AAA TTC GGC ATG ACC AAA GAA GCG TTC TAC AAA CTG CCG AAA TGG AAG CAG AAC AAA TTC AAA ATG GCG GTT CAG CTG TTC,0.9206084967653148
CCG GCG CAC CCG TAC GAC CGT CTG AAA ACC ACC TCT ACT GAC CCG GTT TCT GAC ATT GAC GTT ACC CGC CGT GAA GCG TAC CTG TCC TCT GAG GAA TTC AAG GAA AAG TTC GGC ATG ACC AAG GAA GCG TTT TAC AAA CTG CCG AAA TGG AAA CAG AAC TAC TTC AAA ATG GCG GTT CAG CTG TTC,1.2680882218375764
CCG GCG CAC CCG TAC GAC CGT CTG AAG ACC ACC TCT ACC GAC CCG GTT TCT GAC ATC CGT GTT CCG CGT CGT GAA GCG TAC CTG TCT TCC GAG GAG TTC AAA GAG AAA TTC GGT ATG ACC AAA GAA GCT TTC TAC AAG CTC CCG AAG TGG AAG CAG AAC AAA TTC AAA ATG GCG GTT CAA CTG TTC,0.6606208775883861
CCG GCG CAC CCG TAT GAC CGT CTG AAA ACC ACT TCC ACC GAC CCG GTT TCT GAC ATC CAG GTT TGC CGT CGT GAG GCG TAC CTG TCT TCC GAA GAG TTC AAA GAA AAA TTC GGC ATG ACC AAG GAA GCG TTC TAC AAA CTG CCG AAA TGG AAA CAG AAC AAA TTC AAA ATG GCT GTT CAG CTG TTT,1.0787001501232971
CCG GCG CAC CCG TAC GAC CTG CTG AAA ACC ACC TCT ACC CTG CCG GTT TCT GAC ATT GAC GTT ACC CGT CGT GAG GCG TAC CTC TCT TCT GAA GAG TTC AAA GAA AAG TTC GGC ATG ACC AAA GAA GCG TTC TAC AAA CTG CCG AAA TGG AAA CAG AAC AAA TTC AAA ATG GCG GTT CAG CTG TTC,0.6786786832384882
CCA GCG CAT CCG TAC GAC CGT CTG AAA ACC ACC TCT ACC GAC CCA GTT TCT GAT ATC GAC GTT ACC CGT CGT GAA GCG TAC CTG TCT TCC GAA GAA TTC AAA GAA AAA TTC GGC ATG ACC AAA GAA GCG TTC TAC AAA CTG CCG AAA TGG AAG ACC AAC AAA TTC AAG ATG GCG GTT CAG CTG TTC,-0.1987270912153309
CCA GCG CAT CCG TAC GAC CGT CTG AAA ACT ACC TCT ACC GAC CCG GTT TCT GAC ATC GAC GTT ACC CGT CGT GAA GCG TAC CTG TCT TCC GAA GAG TTC AAG GAA AAA TTC GGT ATG ACC AAG GAG GCG TTC TCT AAA CTG CCG AAA TGG AAA CAG AAC AAA TTC CGT ATG GCG GTT CAG CTG TTC,0.7354522444522378
CCG GCG CAC CCA TAC GAC CGT CTG AAA ACC ACT TCT ACT GAC CCA GTT TCT GAC ATC GAC GTT ACC CGC CGT GAG GCG TAT CTG TCT TCC GAG GAG TTC AAA GAA AAG TTT GGT ATG ACC AAG GAA GCT TTC TTC AAG CTC CCG AAA TGG AAG CAG AAC AAA TTC ATC ATG GCG GTG CAG CTG TTC,0.7976313976052043
CCG GCG CAT CCG TAC GAC CGT CTG AAA ACT ACC TCT ACC GAC CCG GTT TCT GAC ATT GAT GTT ACC CGT CGC GAA GCG TAC CTC TCC TCT GAA GAG TTC AAG GAG AAA TTT GGC ATG ACC AAA GAG GCG TTC GAA AAA CTG CCG AAA TGG AAA CAG AAC AAG TTT ACC ATG GCG GTG CAG CTG TTC,0.3798281785401128
CCG GCG CAC CCG TAC GAC CAC CTG AAA ACT ACC TCT ACT CAC CCG GTT TCT GAC ATC GAC GTG ACC CGT CGC GAA GCT TAC CTG TCT TCT GAG GAG TTC AAA GAG AAA TTC GGC ATG ACC AAG GAA GCT TTC TAC AAG CTG CCG AAA TGG AAA CAG AAC AAA TTC AAA ATG GCG GTT CAG CTG TTC,0.9793302389739196
CCG GCG CAC CCG TAT GAC TAC CTG AAA ACC ACT TCC ACT TGG CCG GTT TCT GAC ATT GAC GTT ACC CGT CGT GAA GCG TAC CTC TCT TCT GAA GAA TTC AAG GAG AAA TTC GGC ATG ACC AAA GAA GCG TTC TAC AAA CTG CCG AAA TGG AAA CAG AAC AAA TTC AAA ATG GCG GTT CAG CTG TTC,0.8624250610180682
CCA GCT CAC CCG TAC GAC ACC CTG AAG ACC ACC TCT ACC CAC CCG GTT TCC GAC ATC GAC GTG ACC CGT CGT GAA GCG TAC CTC TCT TCC GAA GAG TTC AAA GAA AAA TTC GGC ATG ACC AAG GAA GCG TTC TAC AAA CTG CCG AAG TGG AAA CAG AAC AAA TTC AAA ATG GCG GTT CAG CTG TTT,0.8897731876689581
CCA GCT CAC CCG TAC GAC CGT CTG AAA ACC ACC TCT ACC GAC CCG GTT TCC GAC ATC GAC GTT ACC ATG CGT GAA GCG TAC CTG TCT TCT GAG GAA TTC AAG GAA AAA TTC GGC ATG ACC AAA GAA GCG TTC AAG AAA CTG CCG AAA TGG AAG CAG AAC AAA TTC AAA ATG GCG GTT CAG CTG TTC,0.6762119389179077
CCG GCT CAC CCG TAC GAC CGT CTG AAA ACC ACC TCT ACC GAC CCG GTT TCT GAC ATC GGT GTT TGG CGC CGT GAG GCG TAC CTG TCC TCC GAG GAG TTC AAA GAA AAA TTC GGT ATG ACC AAG GAA GCG TTC TAC AAA CTG CCG AAG TGG AAA CAG AAC AAG TTC AAG ATG GCT GTT CAG CTG TTC,-0.4638645661811034
CCG GCG CAT CCG TAT GAT CGT CTG AAA ACC ACC TCT ACC GAC CCG GTT TCT GAC ATC GAC GTT ACC CGT CGT GAA GCG TAC CTG TCT TCT GAG GAG TTC AAG GAA AAG TTC GGT ATG ACC AAG GAG GAA TTC TAC AAG CTG CCG AAA TGG AAG CAA AAC AAA TTC AAA ATG GCT GTT CAG CTG TTC,1.678792095823023
CCA GCG CAT CCG TAC GAC CGT CTG AAA ACC ACC TCT ACC GAC CCG GTT TCT GAC ATT GAC GTT AAA CGT CGT GAA GCG TAC CTC TCT TCC GAA GAA TTC AAG GAA AAA TTC GGT ATG ACC AAG GAA GCG TTC TAC AAA CTC CCG AAA TGG AAA CAG AAC AAG TTC AAA ATG GCG GTT CAG CTG TTC,0.986778661537391
CCG GCG CAC CCG TAC GAC CGT CTG AAA ACC ACC TCT ACC GAC CCG GTT TCT GAC ATC GAC GTT ACC GAT CGT GAG GCG TAC CTG TCC TCC GAG GAA TTC AAA GAG AAA TTC GGT ATG ACC AAA GAA GCG TTC TAC AAA CTC CCG AAA TGG AAA CAG AAC AAA TTC CCG ATG GCG GTT CAG CTG TTC,0.2803687677025628
CCG GCG CAC CCG TAC GAC CGT CTG AAA ACC ACC TCT ACC GAC CCG GTT TCT GAC ATC GAC GTT ACC CGT CGC GAA GCG TAC CTG TCC TCT GAA GAG TTC AAA GAA AAA TTC GGC ATG ACC AAA GAA GCG TTC TAC AAA CTG CCG AAA TGG AAA CAG AAC AAG TTC GTT ATG GCG GTG CAG CTC TTC,0.679595542325687
CCG GCG CAT CCG TAT GAT CGT CTG AAA ACC ACC TCT ACC GAC CCG GTT TCT GAC ATC GAC GTT ACC CGT CGT AAC GCG TAC CTG TCT TCC GAA GAA TTC AAG GAA AAG TTC GGC ATG ACC AAA GAG GCT TTC CCG AAA CTG CCG AAA TGG AAA CAG AAC AAA TTC AAA ATG GCG GTG CAG CTC TTC,-1.9796545824305856
CCG GCG CAC CCA TAC ATG CGT CTG TGG ACC ACC TCT ACC GAC CCG GTT TCT GAC ATC GAC GTT ACC CGT CGT GAA GCG TAC CTG TCT TCT GAG GAA TTC AAG GAA AAG TTC GGC ATG ACC AAG GAG GCG TTC TAC AAG CTG CCG AAA TGG AAA CAA AAC AAA TTC AAA ATG GCG GTT CAG CTG TTC,-0.1481218586729612
CCG GCT CAC CCG TAC GAC CGT CTG AAA ACC ACC TCT ACC GAC CCG GTT TCT GAC ATC GAC CGT ACC CGT CGT GAA GCG TAC CTG TCC TCT GAA GAG TTC AAG GAA AAG TTC GGT ATG ACC AAA GAG GCG TTC TAC AAG CTG CCG AAA TGG AAG CAG AAC AAA TTC AAA ATG GCT GTT CAG CTG TTC,0.9339289000169746
CCG GCG CAT CCG TAC GAC CGT CTG AAG ACC ACC TCT ACC GAC CCG GTT TCT GAC ATC GAC GTT ACC GGT CGT GAA GCG TAC CTG TCT TCT GAG GAG TTC AAG GAA AAA TTC GGC ATG ACC AAA GAA GCG TTC TAT AAA CTG CCG AAA TGG AAG CAG AAC AAG TTC TGG ATG GCG GTG CAG CTG TTC,1.05660412013879
CCG GCT CAC CCA TAC GAC CGT CTG AAA ACC ACC TCT ACC GAC CCG GTT TCC GAC ATC GAC GTT ACC CGT CGT GAA GCG TAC CTG TCC TCT GAG GAG TTC AAG GAG AAA TTC GGT ATG ACC AAA GAA GCG TTT TAC AAA CTG CCG AAG TGG AAA CAG AAC AAA TTC AAA ATG GCG GTT CAA CTG TCT,1.55304858657055
CCG GCT CAC CCG TAC GAC CGT CTG AAA ACC ACC TCT ACC GAC CCG GTT TCT GAC ATC GAA GTT TAT CGT CGT GAA GCG TAC CTG TCC TCC GAA GAG TTC AAA GAA AAG TTC GGT ATG ACC AAA GAA GCG TTC TAC AAG CTG CCG AAA TGG AAA CAG AAC AAA TTC AAA ATG GCT GTT CAG CTG TTC,0.4946697614171988
CCA GCG CAC CCG TAC GAC CGT CTG AAA ACC ACC TCT ACC GAC CCG GTT TCT GAT ATC GAC GTT ACC CGT CGT AAA GCG TAC CTG TCT TCC GAA GAA TTC AAG GAA AAA TTC GGC ATG ACC AAA GAA GCG TTC GCT AAG CTG CCG AAA TGG AAA CAG AAC AAA TTC AAA ATG GCG GTG CAG CTG TTC,0.5533518131582029
CCG GCT CAC CCG TAC GAC CGT CTG AAA ACC ACC TCT ACC GAT CCG GTT TCT GAC ATC GAC GTT ACC CGT CGT GAA GCG ATC CTG TCT TCT GAG GAA TTC AAG GAG AAA TTC GGC ATG ACC AAA GAG GCG TTC TAC AAA CTG CCG AAA TGG AAA CAG AAC AAA TTC AAA ATG GCG GTT CAG CTG TTC,0.625232946367803
CCG GCG CAC CCG TAC GAC CGT CTC AAA ACC ACC TCT ACT GAC CCG GTT TCT GAC ATC GAC GTT ACT CGT CGT CAG GCG TAC CTG TCT TCC GAA GAA TTC AAG GAA AAG TTC GGT ATG ACC AAG GAA GCG TTC ACC AAA CTG CCG AAA TGG AAA CAG AAC AAA TTC AAA ATG GCG GTT CAG CTG TTC,0.3706352803537712
CCG GCT CAC CCG TAC GAC CGT CTG AAA ACC ACC TCT ACC GAC CCG GTT TCT GAC ATC GAC GTT ACC CGT CGT GAA GCG TAC CTG TCC TCT GAA GAA TTC AAG GAG AAA TTC GGC ATG ACC AAA GAG GCG TTC TAC AAA CTG CCG AAA TGG AAA CAG GCG AAA TTC AAA ATG GCG GTT CAG CTG TTC,1.171332421300996
CCA GCT CAC CCG TAC GAC CGT CTG AAA ACC ACC TCT ACC GAC CCG GTG TCT GAC ATT GAC GTG ACC CGT CGT GAA GCG TAC CTG TCC TCT GAA GAG TTC AAG GAA AAA TTC GGC ATG ACC AAA GAA GCG TTT GAA AAA CTG CCG AAA TGG AAG CAG AAT AAG TTC GCT ATG GCG GTT CAG CTG TTC,0.5086047803175519
CCG GCG CAT CCG TAC GAC CGT CTG AAA ACC ACT TCT ACC TCT CCA GTT TCT GAC ATC GAC GTT ACC CGT CGT GAA GCG TAC CTG TCC TCC GAG GAA TTC AAG GAA AAG TTC GGC ATG ACC AAA GAG GCG TTC TAC AAA CTC CCA AAG TGG AAA CAG AAC AAA TTC AAA ATG GCG GTT CAG CTG TTC,0.8260786483696616
CCG GCG CAT CCG TAC GAC CGT CTC AAA ACT ACC TCT ACC GAC CCG GTT TCT GAC ATC GAC GTT ACC CGT CGT CAC GCG TAC CTG TCC TCT GAA GAG TTC AAA GAG AAG TTC GGT ATG ACC AAG GAA GCT TTC TAC AAA CTG CCG AAA TGG AAG CAG AAC AAA TTC CTG ATG GCG GTT CAG CTG TTC,1.069731417646491
CCG GCT CAC CCG TAC GAC CGT CTG AAA ACC ACC TCT ACT GAC CCG GTG TCC GAC ATC GAC GTT ACT CGT CGT GAA GCT TAC CTG TCT TCC GAA GAA TTC AAG GAG AAG TTC GGT ATG ACC AAG GAA GCG TTC TCT AAG CTG CCG AAA TGG AAA CAG AAC AAA TTC TCT ATG GCG GTT CAG CTC TTC,0.2221624177895407
CCG GCT CAC CCG TAC GAC CAA CTG AAG ACC ACC TCT ACC GGT CCG GTT TCT GAC ATC GAC GTT ACC CGT CGT GAA GCG TAC CTC TCT TCC GAG GAA TTC AAA GAG AAA TTC GGT ATG ACC AAG GAA GCG TTC TAC AAG CTC CCG AAA TGG AAG CAG AAC AAG TTC AAA ATG GCT GTT CAG CTG TTC,0.7856925940899364
CCG GCG CAT CCG TAC GAC CGT CTG AAA ACC ACC TCT ACC GAC CCG GTT TCC GAC ATC GAC GTT ACC CGT CGC GAA GCG TAC CTC TCC TCT GAA GAA TTC AAA GAA AAG TTC GGC ATG ACC AAA GAA GCG TTT TAC AAA CTG CCA AAA TGG AAA CAG AAC AAG GGT AAA ATG GCG GTT CAG CTG TTC,-1.5206048010705722
CCG GCG CAC CCG TAC GAC CGT CTG AAA ACC ACC TCT ACC GAC CCG GTT TCT GAC ATC GAC GTT ACC TTC CGT GAA GCT TAC CTG TCC TCC GAG GAA TTC AAA GAA AAA TTC GGT ATG ACC AAA GAA GCG TTC CAG AAG CTC CCG AAA TGG AAA CAG AAC AAA TTC AAG ATG GCG GTT CAG CTG TTC,0.6631415759517515
CCG GCG CAC CCA TAC GAC CGT CTG AAA ACC ACC TCT ACC GAC CCA GTT TCT GAC ATC GAC GTT ACC CGT CGT GAA GCG TAC CTG TCT TCT GAA GAA TTC AAA GAG AAG TTC GGC ATG ACC AAG GAG GCG TTC TCT AAA CTG CCG AAA TGG AAA CAG AAC AAA TTC TAC ATG GCG GTT CAG CTG TTC,0.7245670595021807
CCG GCG CAC CCG TAC GAC CGT CTG AAA ACC ACC TCT ACC GAC CCG GTT TCT GAC ATC GAC GTT ACC CGT CGT TCT GCG TAC CTG TCC TCT GAG GAG TTC AAG GAG AAG TTC GGC ATG ACC AAA GAG GCT TTC TAC AAA CTG CCG AAA TGG AAA CAG AAC AAA TTC GGT ATG GCG GTG CAG CTC TTC,0.3683263516190078
CCG GCG CAC CCG TAC GAC CGT CTG AAA ACC ACC TCT ACC GAC CCG GTT TCT GAC ATC GAC GTT ACC ATG CGT GCG GCG TAC CTG TCT TCT GAG GAA TTC AAA GAG AAG TTC GGT ATG ACC AAA GAG GCG TTC TAC AAA CTG CCG AAA TGG AAA CAG AAC AAG TTC AAA ATG GCG GTT CAG CTG TTC,0.8779784338697028
CCG GCT CAC CCG TAC GAC CGT CTG AAA ACC ACC TCT ACC GAC CCG GTT TCC GAC ATC GAC GTT ACC CGT CGT TAC GCT TAC CTG TCC TCT GAG GAA TTC AAG GAG AAG TTC GGC ATG ACC AAA GAG GCG TTC TCC AAA CTG CCG AAA TGG AAG CAG AAC AAA TTC AAA ATG GCG GTT CAG CTG TTC,0.5999698726662285
CCA GCG CAC CCG TAC GAC CGT CTG AAA ACC ACC TCT ACC GAC CCG GTT TCT GAC ATC GAC GTT ACC TAC CGT CCG GCG TAC CTC TCT TCC GAG GAG TTC AAA GAA AAA TTC GGC ATG ACC AAA GAA GCG TTC TAC AAA CTG CCG AAA TGG AAA CAG AAC AAA TTC AAA ATG GCG GTT CAG CTG TTC,0.6600796166780809
CCG GCT CAC CCG TAC GAC CGT CTG AAA ACC ACC TCT ACC GAC CCG GTT TCT GAC ATC GAC GTT ACC CGT CGT AAA GCG TAC CTG TCC TCT GAA GAA TTC AAA GAG AAA TTC GGC ATG ACC AAA GAA GCG TTC TAC AAA CTG CCG AAG TGG AAA CAG AAC AAA TTC CAC ATG GCG GTT CAG CTG TTT,0.8489479259126766
CCG GCT CAC CCG TAC GAC CGT CTG AAA ACC ACC TCT ACC GAT CCG GTT TCT GAC ATC GAC GTT ACC CGT CGT TAC GCT TAC CTG TCT TCC GAG GAG TTC AAA GAG AAA TTC GGT ATG ACC AAG GAG GCG TTC TAC AAG CTG CCG AAA TGG AAA CAG AAC AAG TTC TCT ATG GCG GTG CAG CTG TTT,0.769398472133832
CCG GCG CAC CCG TAC GAC CGT ACC AAA ACC ACT TCT ACC GAC CCG GTT TCT GAC ATT GAC GTT ACC CGT CGT GAG GCG TAC CTG TCT TCT GAG GAA TTC AAG GAA AAA TTC GGC ATG ACC AAA GAA GCG TTC TAC AAA CTG CCG AAA TGG AAA CAG AAC AAA TTC AAA ATG GCG GTT CAG CTG TTC,0.6593205611300761
CCG GCG CAC CCG TAC GAC CGT CTG AAA ACC ACC TCT ACT GAC CCG GTT CGT GAC ATT GAC GTT ACC CGC CGT GAG GCG TAC CTC TCT TCT GAG GAA TTC AAG GAA AAA TTC GGC ATG ACC AAA GAA GCG TTC TAC AAA CTG CCG AAA TGG AAA CAG AAC AAA TTC AAA ATG GCG GTT CAG CTG TTC,1.2981057104657707
CCA GCG CAC CCG TAC GAC CGT CTG AAA ACC ACC TCT ACC GAC CCG GTG TCT GAC ATC GAC GTT ACC CGT CGT GAA GCG TAC CTG TCT TCT GAA GAA TTC AAG GAA AAA TTC GGT ATG ACC AAG GAA GCG TTC TAC AAA CTG CCG AAA TGG AAA CAG AAC AAA TTC AAA ATG GCG AAA CAA CTG TTC,0.8779436904386602
CCG GCG CAC CCG TAC CTG CGT CTG CCG ACC ACC TCT ACC GAC CCG GTT TCT GAC ATC GAC GTT ACC CGT CGC GAA GCG TAC CTC TCT TCC GAA GAA TTC AAG GAG AAA TTC GGC ATG ACC AAG GAA GCT TTC TAC AAG CTG CCG AAA TGG AAA CAG AAC AAA TTC AAA ATG GCG GTT CAG CTG TTC,0.3948125800819266
CCG GCG CAC CCG TAC GAC TTC CTG AAA ACC ACC TCT ACC GCT CCG GTT TCT GAC ATT GAC GTT ACC CGC CGT GAA GCG TAC CTC TCC TCT GAG GAG TTC AAG GAG AAA TTT GGT ATG ACC AAG GAG GCG TTC TAC AAA CTG CCG AAA TGG AAA CAG AAC AAA TTC AAA ATG GCG GTG CAA CTG TTT,0.734154630471926
CCG GCG CAC CCG TAC GAC CGT CTG AAA ACC ACT TCT ACC GAC CCG GTT TCT GAT ATC GAC GTT ACC CGT CGT CAG GCG TAC CTG TCT TCT GAA GAA TTC AAG GAA AAG TTC GGC ATG ACT AAG GAA GCG TTC TAC AAA CTG CCG AAA TGG AAA CAG AAC AAA TTC TCT ATG GCG GTT CAA CTG TTC,0.4166200259346541
CCG GCG CAC CCG TAC GAC CGT CTG AAA ACC ACC TCT ACC GAC CCG GTT TCT GAC ATC AAC GTG AAC CGT CGT GAG GCG TAC CTG TCT TCT GAG GAA TTC AAA GAG AAG TTC GGT ATG ACC AAG GAA GCG TTC TAC AAA CTG CCG AAA TGG AAA CAG AAC AAA TTC AAG ATG GCG GTG CAG CTG TTT,0.7476631195804319
CCG GCG CAC CCG TAC GAC CGT CTG AAA ACC ACT TCT ACC GAC CCG GTT TCT GAC ATT GAC GTT ACC CGT CGT GAA GCG TAC CTG CAG TCC GAG ATG TTC AAA GAG AAG TTC GGT ATG ACC AAG GAA GCG TTC TAC AAA CTG CCG AAA TGG AAA CAG AAC AAA TTC AAA ATG GCG GTG CAA CTG TTT,0.3045687102798575
CCG GCG CAC CCG TAC GAC CGT CTG AAA ACC ACC TCT ACT GAC CCA GTT TCT GAC ATC GAC GTT ACC GAT CGT CAG GCG TAC CTG TCT TCC GAA GAA TTC AAG GAA AAA TTC GGT ATG ACC AAG GAG GCG TTC TAC AAA CTG CCG AAA TGG AAG CAG AAC AAA TTC AAA ATG GCG GTT CAG CTG TTC,0.6879523751452599
CCG GCG CAC CCG TAC GAC CGT CTG AAA ACC ACC TCT ACC GAC CCG GTT TCT GAC ATT GAC GTG ACC CGT CGT GAA GCG TAC CTG TCT TCT GAA GAA TTC AAG GAG AAG TTC GGT ATG ACC AAG GAA GCG TTC TGG AAA CTC CCG AAA TGG AAA CAG AAC AAA TTC CGT ATG GCG GTT CAG CTG TTC,0.825900944104347
CCA GCG CAC CCG TAC GAC CGT CTG AAA ACT ACC TCT ACC GAC CCG GTG TCT GAC ATC GAC GTT ACC CGT CGT GAA GCG TAC CTC TCT TCT GAA GAA TTC AAG GAA AAG TTC GGC CTG ACC AAA GAA GCG TTC TAT AAA CTG CCG AAA TGG AAG CAG AAC AAA TTC AAA ATG GCG GTG CAG CTG TTT,0.644974115855538
CCA GCG CAC CCG TAT GAC CGT CTG AAA ACC ACC TCT ACC GAC CCG GTT TCT GAC ATC GAC GTT ACC CGT CGT GAA GCG TAT CTG TCC TCT GAA GAA TTC AAG GAG AAA TTT GGC ATG ACC AAG GAA GCG TTC ACC AAA CTG CCG AAA TGG AAA CAG AAC AAA TTC GTT ATG GCG GTT CAA CTG TTT,0.711758672080346
CCA GCG CAT CCG TAC GAC CGT CTG AAA ACC ACC TCT ACT GAC CCG GTT TCT GAC ATC GAC GTT ACC CGT CGT GAA GCG TAC CTG TCC TCC GAG GAA TTC AAG GAA AAA TTC GGC ATG ACC AAG GAG GCG TTT GAA AAA CTG CCG AAG TGG AAA CAG AAC AAA TTC TTC ATG GCT GTG CAG CTC TTC,0.6468753046905522
CCG GCG CAC CCG TAC GAC CGT CTG AAA ACC ACC TCT ACC GAC CCG GTT TCT GAC ATC GAC GTT ACC CGT CGT GAA GCG TAC CTG GCT TCT GAA TGG TTC AAG GAA AAA TTC GGC ATG ACC AAA GAG GCG TTC TAC AAG CTG CCG AAA TGG AAA CAG AAC AAA TTC AAA ATG GCG GTT CAG CTG TTC,0.7910502659868388
CCG GCG CAC CCG GAC GAC CGT CTG AAA ACC ACC TCT ACC GAC CCG GTT TCT GAC ATC GAC GTT ACC CGT CGT GAA GCG TAC CTC TCC TCC GAA GAA TTC AAA GAA AAA TTC GGC ATG ACC AAG GAA GCG TTC TAC AAG CTG CCG AAA TGG AAA CAG AAC AAG TTC AAA ATG GCT GTT CAG CTG TTC,0.7798147119327603
CCA GCT CAC CCG TAC GAC CGT CTG AAG ACC ACC TCT ACC GAC CCG GTG TCT GAC ATT TGT GTT GAA CGT CGT GAA GCT TAC CTC TCT TCT GAG GAG TTT AAG GAA AAG TTC GGC ATG ACC AAG GAA GCG TTC TAC AAG CTG CCG AAA TGG AAA CAG AAC AAA TTC AAG ATG GCT GTT CAG CTG TTT,1.1912603042591383
CCA GCG CAC CCG TAC GAC CGT CTG AAA ACC ACC TCT ACC GAC CCG GTT TCT GAC ATC GAC GTG ACT ACC CGT GAA GCG TAT CTG TCT TCT GAA GAG TTC AAA GAA AAG TTC GGC ATG ACC AAA GAA GCG TTC CCG AAA CTG CCG AAA TGG AAA CAG AAC AAA TTC AAA ATG GCG GTT CAG CTG TTC,-3.330876874393149
CCG GCT CAT CCG TAC GAC CGT CTG AAA ACC ACC TCT ACC GAT CCG GTT TCT GAC ATC GAC GTT ACC CGT CGT GAC GCT TAC CTG TCT TCC GAG GAG TTC AAA GAA AAA TTC GGT ATG ACC AAG GAA GCG TTC TAC AAA CTG CCG AAG TGG AAA CAG AAC AAA TTC TAC ATG GCG GTG CAG CTC TTT,0.6874593474450379
CCG GCG CAC CCG TAC GAC CGT CTG AAA ACC ACC TCT ACT GAC CCG GTT TCT GAT ATC GAC GTT ACC CGC CGT GAA GCG TAC CTG CAC TCT GAA ACC TTC AAA GAA AAG TTC GGC ATG ACT AAA GAG GCG TTC TAC AAA CTG CCG AAA TGG AAA CAG AAC AAA TTC AAA ATG GCG GTT CAG CTG TTC,0.195216940773233
CCG GCG CAC CCG TAC GAC CGT CTG AAA ACC ACC TCT ACC GAC CCG GTT TCT GAC ATC ATC GTT AAC CGT CGT GAA GCT TAC CTG TCT TCT GAG GAA TTC AAA GAA AAA TTC GGC ATG ACC AAA GAA GCG TTC TAC AAG CTG CCG AAG TGG AAA CAG AAC AAG TTC AAA ATG GCG GTT CAG CTG TTC,0.6857315084301985
CCA GCG CAC CCG TAC GAC CGC CTG AAA ACC ACC TCT ACC GAC CCG GTT TCT GAC ATC GAC GTT ACC CAC CGT GAA GCG TAC CTG TCT TCC GAG GAA TTC AAG GAG AAA TTC GGT ATG ACC AAA GAA GCG TTC TAC AAA CTG CCG AAA TGG AAA CAG AAC AAG TTT GCG ATG GCG GTT CAG CTG TTC,0.584296323734108
CCG GCG CAC CCG TAC GAC CGT CTG AAA ACC ACC TCT ACC GAC CCG GTT TCT GAC ATC GAC GTT ACC AAC CGT GAA GCG TAC CTG TCT TCC GAA GAA TTC AAG GAA AAA TTC GGC ATG ACC AAA GAG GCG TTC GCT AAG CTG CCG AAA TGG AAA CAG AAC AAA TTC AAA ATG GCG GTG CAG CTG TTC,0.8827196944532002
CCA GCG CAC CCG TAC GAC AAA CTG AAA ACC ACC TCT ACC ATC CCG GTT TCC GAC ATC GAC GTT ACT CGT CGT GAA GCG TAC CTG TCT TCC GAG GAG TTC AAA GAA AAG TTC GGT ATG ACC AAG GAA GCG TTC TAC AAG CTC CCG AAA TGG AAA CAG AAC AAA TTC AAA ATG GCG GTT CAG CTG TTC,0.8650877734535123
CCG GCG CAC CCG TAC TTC CGT CTG ATC ACC ACC TCT ACT GAC CCA GTT TCC GAC ATT GAC GTG ACT CGC CGC GAG GCG TAC CTG TCT TCC GAA GAG TTC AAA GAG AAA TTC GGT ATG ACC AAG GAA GCG TTC TAC AAA CTG CCG AAA TGG AAA CAG AAC AAA TTC AAA ATG GCG GTT CAG CTG TTC,0.8243294090324093
CCG GCT CAC CCG TAC GAC CGT CTG AAA ACC ACC TCT ACC GAC CCA GTT TCT GAC ATC GAC GTT ACC CGT CGT GAA GCG TAC CTG CAG TCT GAA TGG TTC AAA GAA AAA TTC GGC ATG ACC AAA GAG GCG TTC TAC AAA CTG CCG AAA TGG AAA CAG AAC AAA TTC AAA ATG GCG GTT CAG CTG TTC,0.8762718592331307
CCG GCG CAC CCG TAC GAC CGT CTG AAA ACC ACC TCT ACC GAT CCG GTT TCT GAC ATC GAC GTT ACC CAG CGC GAC GCG TAC CTG TCT TCC GAG GAA TTC AAG GAA AAA TTC GGC ATG ACC AAG GAA GCG TTC TAC AAA CTG CCG AAA TGG AAA CAG AAC AAA TTC AAA ATG GCG GTT CAG CTG TTC,0.60539857722443
CCG GCG CAC CCG TAC GAC GCG CTG AAA ACC ACC TCT ACC TGG CCG GTT TCT GAC ATT GAC GTT ACC CGT CGT GAG GCG TAC CTG TCT TCT GAG GAG TTC AAG GAA AAG TTC GGT ATG ACC AAA GAA GCG TTC TAC AAA CTG CCG AAA TGG AAA CAG AAC AAA TTC AAA ATG GCG GTT CAG CTG TTC,0.7818538470744265
CCG GCT CAC CCG TAC GAC CGT CTG AAA ACC ACC TCT ACC GAC CCG GTT TCT GAC ATC GAC GTT ACC CGT CGT GAA CAG TAC CTG TCT TCC GAA GAA TTC AAA GAA AAG TTC GGC ATG ACC AAG GAA GCG TTC TAC AAA CTG CCG AAA TGG AAG CAG AAC AAA TTC AAG ATG GCG GTT CAG CTG TTC,1.5209034694519927
CCG GCG CAT CCA TAC ACT CGC CTC CAC ACC ACC TCT ACT GAC CCG GTT TCT GAT ATC GAC GTG ACT CGT CGT GAG GCG TAC CTG TCT TCT GAA GAG TTC AAG GAG AAA TTC GGT ATG ACC AAA GAG GCG TTC TAC AAA CTG CCG AAA TGG AAG CAG AAC AAA TTC AAA ATG GCG GTT CAG CTG TTC,0.0651683502523057
CCG GCT CAC CCG TAC GAC CGT CTG AAA ACC ACC TCT ACC GAC CCG GTT TCT GAC ATC GAC GTT ACC ATG CGT GAA GCG TAC CTG TCT TCC GAG GAA TTC AAA GAA AAG TTC GGC ATG ACC AAA GAG GCG TTC TCT AAA CTG CCG AAA TGG AAG CAG AAC AAG TTC AAA ATG GCT GTT CAG CTG TTC,0.7450575276268137
CCG GCG CAT CCG TAC GAA CGT CTG TGC ACC ACT TCT ACC GAC CCG GTT TCT GAC ATT GAC GTT ACC CGT CGT GAG GCG TAC CTG TCT TCT GAG GAG TTC AAA GAG AAA TTC GGT ATG ACC AAG GAA GCG TTC TAC AAA CTG CCG AAA TGG AAA CAG AAC AAA TTC AAA ATG GCG GTG CAA CTG TTT,1.4763034790432017
CCG GCG CAT CCG TAC GAT TGG CTG AAA ACC ACC TCT ACC ATG CCG GTT TCT GAC ATC GAC GTT ACC CGT CGT GAA GCG TAC CTG TCT TCC GAA GAG TTC AAA GAG AAG TTC GGT ATG ACC AAA GAG GCG TTC TAC AAA CTG CCG AAA TGG AAA CAG AAC AAA TTC AAA ATG GCG GTT CAG CTG TTC,0.8820430251299793
CCA GCT CAC CCA TAC GAC CGC CTG AAA ACC ACC TCT ACC GAC CCG GTT TCT GAC ATC GAC GTT ACC CGT CGT TAT GCG TAC CTG TCT TCT GAG GAG TTC AAA GAG AAA TTC GGC ATG ACC AAA GAA GCT TTC TAC AAA CTG CCG AAA TGG AAA CAG AAC AAG TTC CAC ATG GCG GTT CAA CTC TTC,0.8270995808977561
CCG GCG CAT CCG TAC GAC CGT CTG AAA ACC ACC TCT ACC GAC CCG GTT TCT GAC ATT GAC GTT ACC CGT CGT GAA GCT TAC CTG GTG TCC GAG AAG TTC AAG GAA AAA TTC GGT ATG ACC AAG GAA GCG TTC TAC AAG CTG CCG AAA TGG AAG CAG AAC AAA TTC AAA ATG GCG GTT CAG CTG TTC,0.1289809078872716
CCG GCG CAC CCG TAC GAC CGT CTG AAA ACC ACC TCT ACC GAT CCG GTT TCT GAC ATT GAC GTT ACC CAG CGT TAC GCT TAC CTC TCC TCC GAG GAG TTC AAA GAG AAA TTC GGT ATG ACC AAA GAA GCG TTC TAC AAG CTG CCG AAG TGG AAA CAG AAC AAA TTC AAA ATG GCG GTT CAG CTG TTC,0.6669452918674263
CCG GCG CAC CCG TAC GAC CGT CTG AAA ACC ACC TCT ACC GAC CCG GTT TCT GAC ATC ATG GTT ATG CGT CGT GAA GCG TAC CTC TCC TCT GAG GAG TTC AAG GAA AAA TTC GGT ATG ACC AAG GAA GCG TTC TAC AAA CTG CCG AAA TGG AAA CAG AAC AAA TTC AAA ATG GCG GTT CAG CTG TTT,0.0813055860064614
CCG GCT CAC CCG TAC GAT ACC CTG AAG ACC ACC TCT ACC TTC CCG GTT TCT GAC ATC GAC GTT ACC CGT CGT GAA GCG TAC CTC TCT TCC GAA GAA TTC AAA GAA AAG TTC GGC ATG ACC AAA GAG GCG TTC TAC AAA CTC CCG AAG TGG AAA CAG AAC AAG TTC AAA ATG GCT GTT CAG CTG TTC,0.8529474786508455
CCA GCT CAT CCG TAT GAC CGT CTG AAA ACT ACC TCT ACC GAT CCG GTT TCT GAT ATC GAC GTT ACC GCT CGT ACT GCG TAC CTG TCT TCC GAG GAA TTC AAA GAA AAA TTC GGC ATG ACC AAA GAA GCG TTC TAC AAA CTC CCG AAG TGG AAA CAG AAC AAA TTC AAG ATG GCG GTG CAG CTG TTC,0.6876649203330516
CCG GCG CAC CCG TAC GAC CGT CTG AAA ACC ACT TCT ACC GAC CCG GTT TCT GAC ATT GAC GTT ACC CGT CGT GAG GCG TAC CTC TCT TCT GAA GAA TTC AAA GAA AAG CTC GGT ATG ACC AAG GAG GCG TTC TAC AAA CTG CCG AAA TGG AAA CAG AAC AAA TTC AAG ATG GCG GTT CAG CTG TTC,1.0022123730042196
CCA GCG CAC CCG TAC GAC CGT CTG AAA ACC ACC TCT ACC GAC CCG GTT TCT GAT ATC GAC GTT ACC GAA CGT GAC GCG TAC CTG TCC TCT GAA GAA TTC AAG GAG AAA TTC GGC ATG ACC AAA GAA GCG TTC TAC AAA CTG CCG AAA TGG AAG CAG AAC AAA TTC AAA ATG GCG GTT CAG CTG TTC,0.9092766129019364
CCG GCG CAC CCG TAC GAC CGT CTG AAA ACC ACC TCT ACC GAC CCG GTT GTT GAC ATC GAC GTT ACC CGT CGT GAA GCG TAC CTC TCT TCT GAA GAG TTC AAG GAA AAA TTC GGT ATG ACC AAA GAG GCG TTC TAC AAA CTG CCG AAA TGG AAG CAG AAC AAA TTC AAA ATG GCG GTT CAG CTG TTC,1.3224310169877946
CCG GCG CAC CCG TAC GAC CGT CTG AAA CTG ACC TCT ACC GAC CCA GTT TCC GAC ATC GAC GTT ACC CGT CGC GAA GCG TAC CTC TCT TCT GAA GAG TTC AAG GAA AAA TTC GGT ATG ACC AAA GAG GCG TTC TAC AAA CTG CCG AAA TGG AAA CAG AAC AAA TTC AAA ATG GCG GTT CAG CTG TTC,1.0597294793472805
CCG GCG CAC CCG TAC GAC CTG CTG AAA ACC ACC TCT ACC TAC CCG GTT TCT GAC ATC GAC GTT ACC CGT CGT GAA GCG TAC CTG TCT TCC GAG GAG TTC AAA GAG AAA TTC GGT ATG ACC AAA GAG GCG TTC TAC AAA CTG CCG AAA TGG AAA CAG AAC AAA TTC AAA ATG GCG GTT CAG CTG TTC,0.629517223015156
CCG GCT CAC CCA TAC GAC CGT CTG AAA ACC ACC TCT ACC GAT CCG GTT TCT GAT ATC GAC GTG ACC CGT CGT GTT GCG TAC CTG TCC TCT GAA GAG TTC AAG GAA AAG TTC GGT ATG ACC AAG GAA GCG TTC TAC AAA CTG CCG AAA TGG AAA CAG AAC AAA TTC TGG ATG GCG GTT CAG CTG TTC,1.1169392411128127
CCG GCT CAC CCG TAC GAC CTG CTG AAA ACC ACC TCT ACC TGC CCG GTT TCT GAC ATC GAC GTT ACC CGT CGT GAA GCG TAC CTG TCC TCC GAA GAA TTC AAA GAA AAA TTC GGC ATG ACC AAG GAA GCG TTC TAT AAA CTG CCG AAG TGG AAA CAG AAC AAG TTC AAA ATG GCT GTT CAG CTG TTC,1.0988442101768328
CCG GCG CAC CCG TAC GTG CGT CTG TGC ACC ACC TCT ACC GAC CCA GTT TCT GAC ATT GAC GTT ACC CGT CGT GAA GCG TAC CTG TCT TCC GAA GAA TTC AAG GAG AAG TTC GGT ATG ACC AAG GAG GCG TTT TAC AAA CTG CCG AAG TGG AAA CAG AAC AAG TTC AAA ATG GCT GTT CAG CTG TTC,1.285132189495835
CCG GCT CAC CCG TAC GAC CGT CTG AAA ACC ACC TCT ACC GAC CCG GTT TCT GAT ATC GAC GTT ACC GTT CGT GAA GCG TAC CTC TCC TCT GAG GAG TTC AAG GAA AAG TTC GGT ATG ACC AAA GAA GCG TTC TAC AAG CTG CCG AAG TGG AAA CAG AAC AAA TTC CCG ATG GCG GTT CAA CTG TTC,0.20952186534043
CCA GCG CAC CCG TAC GAC CGT CTG AAA ACC ACC TCT ACC GAC CCG GTT TCT GAT ATC GAC GTT ACC CGT CGT GAA GCG TAC CTG TCT TCC GAA GAG TTC AAA GAA AAA TTC GGC ATG ACC AAA GAA GCG TTC TCT AAG CTG CCG AAA TGG AAA CAG AAC AAA TTC AAA ATG GCG GTT CAG CTG TTC,0.8063269750723688
CCA GCT CAC CCA TAC GAC CGT CTG AAA ACC ACC TCT ACC GAT CCG GTT TCT GAC ATC GAC GTT ACC CGT CGT AAC GCG TAC CTG TCT TCC GAG GAA TTC AAA GAG AAG TTC GGC ATG ACT AAA GAA GCG TTC TAC AAA CTG CCA AAA TGG AAG CAG AAC AAA TTC ATG ATG GCG GTT CAG CTG TTC,0.8517668444139568
CCG GCT CAC CCG TAC GAA CGT CTG GTT ACC ACC TCT ACC GAC CCA GTT TCT GAC ATC GAC GTT ACC CGT CGT GAA GCG TAC CTC TCC TCC GAA GAA TTC AAG GAA AAA TTC GGC ATG ACC AAA GAA GCG TTC TAC AAA CTG CCG AAG TGG AAA CAG AAC AAA TTC AAA ATG GCG GTT CAG CTG TTC,1.1604413381019911
CCG GCG CAT CCA TAC TGG CGT CTG TGG ACC ACC TCT ACT GAC CCA GTT TCT GAC ATC GAC GTT ACT CGT CGT GAA GCG TAC CTG TCC TCT GAG GAG TTC AAA GAG AAA TTC GGC ATG ACC AAG GAA GCG TTC TAC AAA CTG CCG AAA TGG AAA CAG AAC AAA TTC AAG ATG GCG GTT CAG CTG TTC,0.3377726232512553
CCG GCG CAC CCG TAC GAC CGT CTG AAA ACC ACT TCT ACC GAC CCA GTT TCT GAT ATC GAC GTT ACC CGT CGC GAA GCG TAC CTG ATG TCT GAG TGG TTC AAA GAG AAA TTC GGC ATG ACC AAG GAA GCG TTC TAC AAA CTG CCG AAA TGG AAA CAG AAC AAA TTC AAA ATG GCG GTT CAG CTG TTC,0.7197910063683439
CCG GCG CAC CCG TAC GAC CGT CTG AAA ACT ACC TCT ACC GAC CCG GTT TCT GAT ATC GAC GTT ACC CGT CGT GAA GCG TAC CAC TCC TCC GAA GAA TTC AAA GAG AAA TTC GGT ATG ACC AAG GAG GCG TTC TAC AAA CTG CCG AAA TGG AAA CAG AAC AAA TTC AAG ATG GCG GTT CAG CTG TTC,0.5757589547837789
CCG GCT CAT CCG TAT GAT CGC CTC AAA ACT ACC TCT ACC GAC CCA GTT TCT GAC ATT GAC GTT ACC CGT CGT GAG GCT TAT CTG TCC TCT GAG GAA TTC AAA GAA AAG TTC GGT GTT ACC AAG GAA GCG TTC TAC AAA CTG CCG AAA TGG AAA CAG AAC AAG TTC AAA ATG GCG GTG CAG CTG TTC,0.586613511216931
CCG GCG CAC CCG TAC GAC CGT CTG AAA ACT ACC TCT ACC GAC CCG GTT TCT GAC ATC GAC GTT ACC AAA CGT GAC GCG TAC CTG TCC TCT GAG GAG TTC AAA GAA AAA TTC GGC ATG ACT AAG GAA GCG TTC TAC AAA CTG CCG AAA TGG AAA CAG AAC AAA TTC AAA ATG GCG GTG CAG CTG TTC,0.3653764637495865
CCG GCG CAT CCG TAC GAC CGT CTG AAA ATC ACC TCT ACC GAC CCG GTT TCT GAC ATC GAC GTT ACC CGT CGT GAA GCG TAC CTG TCC TCC GAG GAA TTC AAG GAG AAA TTC GGT ATG ACC AAA GAA GCG TTC TAC AAA CTG CCG AAA TGG AAG CAG AAC AAA TTC AAA ATG GCG GTT CAG CTG TTC,1.2811818694786752
CCA GCG CAC CCG TAC TAC CGT CTG GGT ACC ACC TCT ACC GAC CCG GTT TCT GAC ATC GAC GTT ACC CGT CGT GAA GCG TAC CTG TCC TCT GAG GAA TTC AAA GAA AAA TTC GGC ATG ACC AAA GAA GCG TTC TAC AAA CTG CCG AAA TGG AAA CAG AAC AAG TTC AAA ATG GCG GTT CAG CTG TTC,0.2693710237060633
CCG GCG CAC CCG TAC GAC CGT CTG AAA ACC ACC TCT ACC GAC CCG GTT TCT GAC ATC GAC GTT ACC CGT CGT AAC GCG TAC CTG TCT TCC GAA GAA TTC AAA GAG AAA TTC GGC ATG ACC AAA GAA GCG TTC CAG AAA CTG CCG AAA TGG AAA CAG AAC AAA TTC AAG ATG GCG GTT CAG CTG TTC,0.5611736616586189
CCG GCG CAC CCA TAC GAC CGT CTG AAA ACC ACC TCT ACT GAC CCG GTT TCT GAT ATC GAC GTT ACC CGT CGT GAA GCG TAC CTG TCT TCT GAG GAG TTC AAG GAG AAA TTC GGT ATG ACC AAA GAA GCG TTT ATG AAA CTG CCG AAA TGG AAA CAG AAC AAA TTC GAC ATG GCG GTG CAG CTG TTC,0.1774217308234031
CCG GCG CAT CCG TAC GAC CGT CTG AAA ACC ACC TCT ACC GAC CCG GTG TCT GAT ATC GAC GTT ACC CGT CGT GAA GCG TAC CTG GCG TCC GAA GGT TTC AAA GAA AAG TTC GGT ATG ACC AAA GAA GCG TTC TAC AAA CTG CCG AAA TGG AAA CAG AAC AAG TTC AAA ATG GCG GTT CAG CTG TTC,0.2955940556711497
CCA GCG CAC CCG TAC GAC CGT CTG AAA ACC ACC TCT ACC GAC CCG GTT TCT GAC ATC GAC GTT ACC CGT CGT GAA GCT TAC CTC TTC TCT GAG GAG TTC AAA GAG AAA TTC GGC ATG ACC AAA GAA GCG TTC TAC AAA CTC CCG AAG TGG AAA CAG AAC AAA TTC AAA ATG GCT GTT CAG CTG TTC,0.7894080897651405
CCG GCG CAC CCG TAC GAC CGT CTG AAA ACC ACC TCT ACC GAC CCG GTT TCT GAC ATC GAC GTT ACC AAA CGT GAA GCG TAC CTC TCC TCT GAA GAA TTC AAG GAG AAG TTC GGT ATG ACC AAG GAG GCG TTC ATT AAA CTC CCG AAA TGG AAA CAG AAC AAA TTC AAA ATG GCG GTG CAG CTG TTC,0.6221611541417446
CCG GCG CAT CCG TAC ACC CGT CTG GGT ACC ACC TCT ACC GAC CCG GTT TCT GAC ATC GAC GTT ACC CGT CGT GAG GCG TAC CTG TCT TCT GAA GAG TTC AAA GAA AAG TTC GGC ATG ACC AAG GAA GCG TTC TAC AAA CTG CCG AAA TGG AAG CAG AAC AAA TTC AAA ATG GCG GTT CAG CTG TTC,0.0014866927502265
CCA GCG CAC CCG TAC GAC GAC CTG AAA ACC ACC TCT ACC AAG CCG GTT TCT GAC ATC GAC GTT ACC CGC CGT GAA GCG TAC CTG TCT TCT GAG GAG TTC AAA GAA AAG TTC GGC ATG ACC AAA GAA GCG TTC TAC AAA CTG CCG AAG TGG AAA CAG AAC AAA TTC AAA ATG GCG GTT CAG CTG TTC,0.784633228417574
CCG GCG CAT CCG TAC GAC CGT CTG AAA ACC ACC TCT ACC GAC CCG GTT TCT GAT ATT GAC GTT ACC GAA CGT GAA GCG TAC CTG TCC TCC GAA GAA TTC AAA GAA AAA TTC GGC ATG ACC AAA GAA GCG TTC TAC AAA CTG CCG AAA TGG AAA CAG AAC AAG TTC ATC ATG GCG GTT CAG CTG TTC,0.8395529249827908
CCG GCT CAC CCG TAC GAC CGT CTG AAA ACC ACC TCT ACC GAC CCG GTT TCT GAC ATC GAC GTT ACC CGT CGT GAA GCG TAC CTG GAA TCC GAA GTT TTC AAA GAG AAG TTC GGT ATG ACC AAG GAA GCG TTT TAC AAA CTG CCG AAG TGG AAA CAG AAC AAA TTC AAA ATG GCT GTT CAG CTG TTC,0.8329460121895271
CCG GCG CAC CCG TAC GAC CGT CTG AAA ACT ACC TCT ACC GAC CCG GTT TCC GAC ATC GAC GTT ACC CGT CGT GAA GCG TAC CTG TCT TCC GAA GAG TTC AAG GAA AAA TTC GGT ATG ACC AAG GAG GCG TTC CTG AAA CTG CCG AAA TGG AAA CAG AAC AAA TTC ACC ATG GCG GTT CAG CTC TTC,0.5218732279840053
CCG GCG CAC CCG TAC GAC CGT CTG AAA ACC ACC TCT ACC GAC CCG GTT TCT GAC ATC GAC GTT ACC GAT CGT AAA GCG TAC CTG TCC TCT GAA GAA TTC AAG GAA AAA TTC GGC ATG ACC AAG GAA GCG TTC TAC AAA CTG CCG AAA TGG AAA CAG AAC AAA TTC AAA ATG GCG GTG CAG CTG TTC,0.6951826553902801
CCG GCG CAT CCG TAC GAC CGT CTG AAA ACT ACC TCT ACC GAC CCG GTT TCC GAC ATT GAC GTT ACT CGT CGT GAA GCG TAC CTG GAG TCT GAG TGG TTC AAA GAG AAA TTC GGC ATG ACC AAG GAA GCG TTC TAC AAA CTC CCG AAA TGG AAG CAG AAC AAA TTC AAA ATG GCG GTG CAG CTG TTC,0.5929336252755775
CCA GCG CAT CCA TAC GAC CGT CTG AAA ACC ACC TCT ACC GAC CCG GTT TCT GAC ATC GAC GTT ACT CGC CGT CCG GCG TAC CTC TCT TCC GAA GAG TTC AAA GAG AAA TTC GGT ATG ACC AAA GAG GCG TTT GCG AAA CTC CCG AAG TGG AAA CAG AAC AAA TTC AAA ATG GCG GTT CAA CTG TTT,0.4711705743917889
CCG GCT CAC CCG TAC GAC CGT CTG AAA ACC ACC TCT ACC GAT CCG GTT TCT GAC ATC GAC GTT ACC TTC CGT GCG GCG TAC CTG TCC TCT GAA GAA TTC AAG GAA AAG TTC GGC ATG ACC AAA GAA GCG TTC TAC AAA CTG CCG AAG TGG AAA CAG AAC AAA TTC AAA ATG GCG GTT CAG CTG TTC,0.7322117124351017
CCG GCG CAC CCA TAC GAC CGT CTG AAA ACT ACC TCT ACC GAC CCG GTT TCT GAT ATC GAC GTT ACC CGT CGT GAA GCG TAC CTG TCT TCT GAG GAG TTC AAG GAA AAG TTC GGT ATG ACC AAA GAA GCG TTC TAC AAA CTG CCG AAA TGG AAA CAG AAC AAA TTC AAG CTC GCG GTT CAG CTG TTC,1.2195122721834586
CCG GCT CAT CCG TAT GAT CGT CTG AAA ACC ACC TCT ACC GAC CCA GTG TCT GAC ATC GAC GTT ACC CGC CGT GAC GCG TAC CTG TCT TCT GAG GAA TTC AAG GAA AAA TTC GGC ATG ACC AAA GAG GCG TTC TAC AAA CTG CCG AAA TGG AAA CAA AAT AAG TTC GCG ATG GCT GTT CAG CTG TTC,0.5123116114551124
CCG GCT CAC CCG TAC GAC CGT CTG AAA ACC ACC TCT ACC GAT CCG GTT TCT GAC ATC GAC GTT ACC CGT CGT GAA GCG TAC CTG TCT TCC GAA GAG TTC AAA GAG AAG TTC GGT ATG ACC AAG GAA GCG TTC AAG AAA CTC CCG AAA TGG AAA CAG AAC AAG TTC ATC ATG GCG GTT CAG CTG TTC,0.7887540109569158
CCG GCG CAC CCG TAC GAC CGT CTG AAA ACC ACC TCT ACC GAC TCT GTT TCT GAC ATC GAC GTT ACC CGT CGT GAA GCG TAC CTC TCC TCT GAA GAA TTC AAG GAG AAA TTC GGC ATG ACC AAA GAA GCG TTT TAC AAA CTG CCG AAA TGG AAG CAG AAC AAG TTC AAA ATG GCG GTT CAG CTG TTT,0.5502907273714007
CCA GCG CAT CCG TAT GAC CGT CTG AAA ACC ACC TCT ACC GAT CCG GTT TCT GAC ATC GAC GTT ACC GCG CGT GAG GCG TAC CTC TCT TCT GAA GAG TTC AAG GAA AAA TTC GGC ATG ACC AAA GAA GCG TTC TAT AAA CTG CCG AAG TGG AAA CAG AAC AAG TTC TAC ATG GCG GTT CAG CTG TTT,0.6933567460367632
CCG GCT CAC CCG TAC AAA CGT CTG CAC ACC ACT TCT ACC GAC CCG GTT TCT GAC ATT GAC GTT ACC CGT CGT GAA GCT TAC CTG TCT TCC GAG GAA TTC AAG GAA AAA TTC GGC ATG ACC AAG GAG GCG TTC TAC AAA CTG CCG AAA TGG AAA CAG AAC AAA TTC AAA ATG GCG GTT CAG CTG TTC,-0.7698289673854064
CCG GCG CAC CCA TAC GAC CGT CTG AAA ACC ACC TCT ACT GAC CCG GTT TCT GAT ATC GAC GTT ACC CGT CGT GAA GCG TAC CTG ATG TCC GAG CGT TTC AAA GAA AAG TTC GGT ATG ACC AAA GAA GCG TTC TAC AAA CTG CCG AAA TGG AAA CAG AAC AAA TTC AAA ATG GCG GTT CAG CTG TTC,0.1841817383601816
CCA GCG CAC CCG TAC GAC CGT CTG AAA ACC ACC TCT ACC GAC CCG GTT TCT GAC ATC GAC GTT ACC AAC CGT GAA GCG TAC CTC TCC TCT GAA GAG TTC AAG GAA AAA TTC GGC ATG ACC AAA GAG GCG TTC TAC AAA CTG CCG AAA TGG AAA CAG AAC AAA TTC ATG ATG GCG GTT CAG CTG TTC,0.7861478264375095
CCG GCG CAT CCG TAC GAC CGT CTG AAA ACC ACC TCT ACC GAT CCG GTT TCT GAC ATC ATG GTT ATT CGT CGT GAG GCG TAC CTG TCC TCC GAA GAG TTC AAG GAA AAA TTC GGT ATG ACC AAA GAA GCG TTC TAC AAG CTC CCG AAA TGG AAA CAG AAC AAA TTC AAA ATG GCG GTG CAG CTG TTC,0.3843724155348023
CCG GCT CAC CCG TAC GAC CGT CTG AAA ACC ACC TCT ACC GAC CCG GTT TCT GAC ATC GAC GTT ACT CGT CGT GAA GCG TAC CTC TCT TCC GAG GAG TTC AAA GAA AAA TTC GGC ATG ACC AAA GAG GCG TTC TAC AAA CTG CCG AAA TGG AAA CAG AAC AAA TTC AAA ATG GCT CCG CAG CTG TTC,0.0224374882056154
CCG GCG CAC CCA TAC GGT CGT CTC CAG ACT ACC TCT ACC GAC CCG GTT TCC GAC ATT GAC GTG ACT CGT CGT GAA GCG TAC CTG TCT TCC GAA GAG TTC AAA GAA AAG TTC GGC ATG ACC AAA GAA GCG TTC TAC AAA CTG CCG AAA TGG AAA CAG AAC AAA TTC AAA ATG GCG GTG CAG CTG TTC,0.2671361080261297
CCG GCG CAT CCG TAT GAC ACC CTG AAA ACC ACC TCT ACT GAC CCA GTT TCT GAT ATC GAC GTT ACC CGT CGT GAA GCG TAC CTG TCT TCC GAA GAA TTC AAG GAG AAG TTT GGT ATG ACC AAA GAA GCG TTC TAC AAA CTG CCG AAG TGG AAA CAG AAC AAA TTC AAA ATG GCG GTT CAG CTG TTC,0.8614921313663266
CCG GCG CAT CCG TAC GAC CGT CTG AAA ACC ACT TCT ACC GAC CCG GTT TCT GAC ATC GAC GTT ACC CGT CGT GAA GCG TAC CTG TCT TCT GAG GAA TTC AAA GAA AAG TTC GGC ATG ACC AAA GAA GCG TTC CAG AAA CTG CCG AAA TGG AAA CAG AAC AAA TTC CAC ATG GCG GTT CAG CTG TTC,0.2765716826830285
GCG GCG CAC CCG TAC GAC CGT CTG AAA ACC ACC TCT ACT GAC CCG GTT TCT GAC ATT GAC GTT ACC CGT CGT GAA GCG TAC CTG TCT TCC GAG GAG TTC AAA GAA AAA TTC GGC ATG ACC AAA GAA GCG TTC TAC AAA CTG CCG AAA TGG AAA CAG AAC AAA TTC AAA ATG GCG GTT CAG CTG TTC,1.1487395954450954
CCG GCG CAC TGG TAC GAC CGT CTG AAA ACC ACC TCT ACC GAC CCG GTT TCT GAC ATC GAC GTT ACC CGT CGT GAA GCG TAC CTG TCT TCC GAG GAA TTC AAG GAA AAA TTC GGT ATG ACC AAG GAA GCG TTC TAC AAA CTG CCA AAA TGG AAG CAG AAC AAG TTC AAG ATG GCT GTT CAG CTG TTC,0.9203192920687256
CCA GCG CAC CCG TAC GAC AAC CTG AAA ACC ACC TCT ACC TTC CCG GTT TCT GAT ATC GAC GTT ACC CGT CGT GAA GCG TAC CTG TCC TCC GAA GAA TTC AAG GAG AAA TTC GGT ATG ACC AAA GAA GCG TTT TAC AAG CTG CCG AAA TGG AAA CAG AAC AAA TTC AAA ATG GCG GTT CAG CTG TTC,0.890640684460392
CCA GCG CAC CCG TAC GAC CGT CTG AAA ACC ACC TCT ACC GAC CCG GTT TCT GAC ATC GAC GTT ACC CGT CGT GAA GCG TAC CTG TCC TCC GAA GAA TTC AAA GAA AAG TTC GGT ATG ACC AAG GAA GCG TTT GAA AAA CTG CCG AAA TGG AAA CAG AAC AAA TTC CGT ATG GCG GTT CAG CTG TTC,0.7564522806323193
CCG GCG CAC CCG TAC GAC CGT CTG AAA ACC ACC TCT ACC GAC CCG GTT TCT GAC ATC GAC GTT ACC TTC CGT GAA GCG TAC CTG TCC TCT GAA GAG TTC AAG GAA AAA TTC GGC ATG ACC AAA GAG GCG TTC TAC AAA CTG CCG AAA TGG AAA CAG AAC AAA TTC TTC ATG GCT GTT CAG CTG TTC,0.8883374611262755
CCG GCT CAC CCG TAC GAC CGT CTG AAA ACC ACC TCT ACC GAC CCG GTT TCT GAC ATC GAC GTT ACC CGT CGT GAA GCG TAC CTG TCT TCC GAG GAG TTC AAG GAG AAA TTC GGT ATG ACC AAA GAA GCT TTC TAC AAG CTG CCG GAC TGG AAA CAA AAC AAA TTC AAA ATG GCG GTT CAG CTG TTC,0.8300370142135715
CCG GCT CAC CCG TAC GAC CGT CTG AAA ACC ACC TCT ACC GAC CCG GTT TCT GAT ATC GAC GTT ACC CGT CGT GAA GCG TAT CTG TCC TCC GAA GAG TTC AAA GAG AAA TTC GGT ATG ACC AAA GAG GCG TTC AAG AAA CTG CCG AAA TGG AAA CAG AAC AAA TTT ACC ATG GCT GTT CAG CTG TTT,0.472342353930495
CCA GCG CAC CCG TAC GAC CGT CTG AAA ACC ACC TCT ACC GAC CCG GTT TCT GAT ATT GAC GTT ACC CGT CGT GAA GCG TAT CTC ATC TCC GAG GGT TTC AAA GAG AAA TTC GGT ATG ACC AAG GAG GCG TTT TAC AAG CTC CCG AAA TGG AAA CAG AAC AAA TTC AAA ATG GCG GTG CAG CTG TTC,0.5805825564104404
CAA GCT CAC CCG TAC GAC CGT CTG AAA ACC ACC TCT ACC GAC CCG GTT TCT GAT ATC GAC GTT ACC CGC CGT GAA GCG TAC CTG TCT TCC GAG GAA TTC AAG GAA AAA TTC GGT ATG ACC AAG GAG GCG TTT TAC AAA CTC CCG AAG TGG AAG CAG AAC AAG TTC AAA ATG GCG GTG CAG CTC TTC,1.315744200781909
CCG GCG CAC CCG TAC GAC CGT CTG AAA ACC ACC TCT ACC GAC CCG GTT TCT GAC ATC GAC GTT ACC ATC CGT CAC GCG TAC CTG TCT TCT GAA GAA TTC AAG GAA AAG TTC GGT ATG ACC AAG GAA GCG TTC TAC AAA CTG CCG AAA TGG AAA CAG AAC AAA TTC AAA ATG GCG GTT CAG CTG TTC,0.637844115693493
CCG GCT CAC CCG TAC ATC CGT CTG AAC ACC ACC TCT ACC GAC CCG GTT TCT GAC ATC GAC GTT ACC CGT CGT GAA GCT TAC CTG TCT TCC GAA GAA TTC AAA GAA AAG TTC GGC ATG ACC AAA GAA GCG TTC TAC AAA CTG CCG AAA TGG AAG CAG AAC AAG TTC AAA ATG GCG GTT CAG CTG TTC,0.0667140167596948
CCA GCG CAC CCG TAC GAC CGT CTG AAA ACC ACC TCT ACC GAC CCG GTT TCT GAC ATC GAC GTT ACC GTT CGT GAA GCG TAC CTG TCC TCC GAG GAA TTC AAA GAG AAA TTC GGT ATG ACC AAA GAA GCG TTT TTC AAA CTG CCG AAA TGG AAG CAG AAC AAG TTC AAA ATG GCT GTT CAG CTG TTC,0.8885675312858565
CCG GCG CAC CCG TAC GAC CGT CTG AAA ACC ACC TCT ACC GAC CCG GTT TCT GAC ATC TTC GTT GTT CGT CGT GAA GCG TAC CTG TCT TCC GAG GAG TTC AAG GAA AAA TTC GGT ATG ACC AAG GAA GCG TTC TAC AAA CTG CCG AAA TGG AAA CAG AAC AAG TTC AAA ATG GCG GTT CAG CTC TTC,0.2089202823821134
CCA GCT CAC CCG TAC GAC CGT CTC AAA ACC ACC TCT ACC GAT CCG GTT TCT GAC ATC GAC GTT ACC CGT CGT GAA GCG TAC CTC TCC TCC GAG GAG TTC AAA GAG AAA TTT GGT ATG ACC AAG GAA GCG TTC TAC AAA CTG CCG AAG TGG AAA GGC AAC AAA TTC AAG ATG GCG GTT CAG CTG TTC,-0.5060320837794906
CCG GCG CAC CCG TAC GAC CGT CTG AAA ACC ACC TCT ACT GAC CCG GTT TCT GAC ATC GAC ATG ACT CGC CGC GAG GCG TAC CTG TCC TCT GAG GAA TTC AAA GAG AAA TTC GGC ATG ACC AAG GAA GCG TTT TAC AAA CTG CCG AAA TGG AAA CAG AAC AAG TTC AAA ATG GCG GTT CAG CTG TTC,0.9192411485016136
CCG GCT CAC CCG TAC GAC CGT CTG AAA ACC ACC TCT ACC GAT CCG GTT TCT GAC ATC GAC GTT ACC TAC CGT GTT GCG TAC CTG TCC TCT GAA GAA TTC AAG GAA AAA TTC GGC ATG ACC AAA GAG GCG TTC TAC AAA CTG CCG AAA TGG AAA CAG AAC AAA TTC AAA ATG GCT GTT CAG CTG TTC,0.8532056739871616
CCG GCT CAC CCA TAC GAC CGT CTG AAA ACC ACT TCT ACC GAC CCG GTT TCT GAC ATC GAC GTT ACC CTG CGT GAG GCG TAC CTC TCC TCT GAA GAG TTC AAA GAA AAA TTC GGT ATG ACC AAG GAG GCG TTC ATC AAA CTG CCG AAA TGG AAA CAG AAC AAA TTC AAA ATG GCG GTG CAG CTG TTT,0.6019568804480138
CCG GCG CAT CCG TAC GAC CGT CTG AAA ACC ACC TCT ACC GAT CCG GTT TCT GAC ATT GAC GTT ACC GAA CGT AAC GCG TAC CTG TCT TCC GAA GAG TTC AAA GAA AAA TTC GGC ATG ACC AAA GAA GCG TTC TAC AAA CTG CCG AAG TGG AAA CAG AAC AAA TTC AAA ATG GCG GTG CAA CTG TTC,0.5852296258950238
CCA GCT CAC CCG TAC GAC CGT CTG AAA ACC ACT TCT ACC GAC CCG GTT TCT GAC ATC GAC GTT ACC CGT CGT ACC GCG TAC CTG TCT TCT GAG GAG TTC AAG GAG AAG TTC GGT ATG ACC AAA GAA GCG TTC TAC AAA CTC CCG AAG TGG AAA CAG AAC AAA TTC TTC ATG GCT GTG CAG CTC TTC,0.8220609769243286
CCG GCT CAC CCG TAC GAC CGT CTG AAA ACC ACC TCT ACC GAC CCA GTT TCT GAC ATC GAC GTT ACC CTG CGT GAA GCG TAC CTG TCC TCC GAA GAA TTC AAG GAG AAG TTT GGT ATG ACC AAA GAG GCG TTT TAC AAA CTG CCG AAA TGG AAA CAG AAC AAG TTC TTC ATG GCG GTT CAG CTG TTC,0.8489225376412095
CCG GCG CAC CCG TAC GAC CGT CTG AAA ACC ACC TCT ACC GAC CCG GTT TCT GAC ATC GAC GTG ACC AAC CGT GAA GCG TAC CTG TCT TCT GAG GAG TTC AAG GAA AAG TTC GGT ATG ACC AAG GAA GCG TTC TTC AAA CTG CCG AAA TGG AAA CAG AAC AAA TTC AAA ATG GCG GTT CAG CTG TTC,0.6813931617215505
CCG GCG CAC CCG TAC GAC CGT CTG AAA ACC ACT TCT ACC GAC CCG GTT TCT GAC ATC GTT GTT GGT CGT CGT GAA GCG TAC CTG TCC TCT GAA GAG TTC AAG GAG AAA TTC GGT ATG ACC AAA GAG GCG TTC TAC AAA CTG CCG AAA TGG AAA CAG AAC AAA TTC AAA ATG GCG GTG CAG CTG TTT,0.7152820981717403
CCG GCT CAC CCG TAC GAC CGT CTG AAA ACC ACC TCT ACC GAC CCG GTT TCT GAC ATC ATC GTT ATC CGT CGT GAA GCG TAC CTG TCT TCC GAG GAG TTC AAA GAA AAA TTC GGT ATG ACC AAG GAA GCG TTC TAC AAA CTG CCG AAA TGG AAG CAG AAC AAA TTC AAA ATG GCG GTT CAG CTG TTC,1.3930257868891531
CCG GCG CAC CCG TAC GAC CGT CTG AAA ACC ACC TCT ACC GAC CCG GTT TCT GAC ATC GAC GTT ACC TGG CGT CCG GCG TAT CTG TCT TCT GAA GAA TTC AAA GAG AAA TTC GGC ATG ACC AAA GAG GCG TTC TAC AAA CTG CCG AAA TGG AAA CAG AAC AAA TTC AAA ATG GCG GTT CAG CTG TTC,0.618413305962508
CCA GCG CAC CCG TAC GAC CGT CTG AAA ACC ACC TCT ACC GAC CCG GTT TCT GAC ATC ATC GTT GAA CGT CGT GAA GCG TAC CTG TCT TCC GAA GAG TTC AAG GAA AAA TTC GGC ATG ACC AAG GAG GCG TTC TAC AAA CTG CCG AAA TGG AAG CAG AAC AAG TTC AAA ATG GCG GTT CAA CTG TTC,0.6049189160511879
CCG GCG CAT CCG TAC GAC CGT CTG AAA ACC ACC TCT ACC GAC CCG GTT TCT GAC ATC GAC GTT ACC CGT CGT CGT GCG TAC CTG TCT TCT GAG GAG TTC AAA GAG AAA TTT GGC ATG ACC AAG GAA GCT TTC TAC AAG CTG CCG AAA TGG AAG CAG AAC AAA TTC ATC ATG GCG GTG CAG CTG TTC,1.1281241498835224
CCG GCG CAC CCG TAC GAC CGT CTG AAA ACC ACC TCT ACC GAC CCG GTT TCT GAC ATC GAC GTG ACT AAT CGC GAA GCG TAC CTG TCT TCC GAA GAA TTC AAG GAG AAG TTC GGT ATG ACC AAG GAA GCG TTC CCG AAA CTG CCG AAA TGG AAA CAG AAC AAG TTC AAA ATG GCG GTT CAG CTG TTC,-0.5218037928990804
CCG GCG CAC CCG TAC GAC CGT CTG AAA ACC ACC TCT ACC GAC CCG GTT TCT GAC ATC GAC GTT ACC AAT CGC CAG GCG TAC CTG TCT TCT GAG GAG TTC AAA GAA AAA TTC GGT ATG ACC AAG GAG GCG TTC TAC AAA CTG CCG AAA TGG AAA CAG AAC AAA TTC AAA ATG GCG GTT CAG CTG TTC,0.6464718893515549
CCG GCG CAC CCG TAC GAC CGT CTG AAA ACC ACC TCT ACC GAC CCG GTT TCT GAC ATC GAC GTT ACC GGT CGT GAA GCG TAC CTG TCC TCT GAA GAA TTC AAG GAG AAG TTC GGC ATG ACC AAA GAA GCG TTC TAC AAA CTG CCG AAA TGG AAA CAG AAC AAA TTC GAG ATG GCG GTT CAG CTG TTC,0.4337764399233293
CCG GCG CAC CCG TAC GTT CGT CTG TTC ACC ACC TCT ACC GAC CCG GTT TCT GAT ATC GAC GTG ACT CGT CGT GAG GCG TAC CTG TCT TCT GAG GAG TTC AAA GAA AAG TTC GGT ATG ACC AAG GAA GCG TTC TAC AAA CTG CCG AAA TGG AAA CAG AAC AAA TTC AAA ATG GCG GTT CAG CTG TTC,-0.0813527558754871
CCG GCG CAC CCG TAC GAC CGT CTG AAA ACC ACC TCT ACC GAC CCG GTT TCT GAC ATC GAC GTT ACC TGG CGT GAA GCG TAC CTG TCT TCT GAG GAG TTC AAA GAA AAG TTC GGT ATG ACC AAA GAG GCG TTC TAC AAA CTG CCG AAA TGG AAG CAA AAC AAA TTC TAC ATG GCG GTT CAG CTG TTC,0.7786863950362671
CCG GCG CAC CCG TAC GAC CGT CTC AAA ACC ACC TCT ACC GAC CCG GTT TCT GAC ATC GAC GTG ACC CGT CGT TAC GCT TAC CTG TCT TCC GAA GAG TTC AAG GAG AAG TTT GGT ATG ACC AAA GAA GCG TTC TAC AAA CTG CCG AAA TGG AAG CAG AAC AAA TTC GTT ATG GCG GTT CAG CTC TTC,0.8186073819187001
CCG GCG CAC CCG TAC GAC CGT CTG AAA ACC ACC TCT ACC GAT CCG GTT TCT GAC ATC GAC GTT ACC CGT CGT GAA GCG TAC CTG TCC TCC GAA GAG TTC AAG GAA AAG TTC GGT ATG ACC AAA ATC GCG TTC TAC AAA CTG CCG AAA TGG AAA CAG AAC AAA TTC AAA ATG GCG GTT CAG CTG TTC,1.1510641193517586
CCG GCG CAC CCG TAC GAC CGT CTG AAA ACC ACC TCT ACC GAC CCG GTT TCT GAC ATC GAC GTT ACC CGT CGT GAA GCG TAC CTG TCT TCC GAG GAA TTC AAG GAA AAA TTC GGT ATG ACC AAA GAG GCG TTC TAC AAG CTG CCG AAA TGG AAA CAG AAC AAA TTC AAA AAG GCG GTG CAG CTG TTC,1.3146690145321152
CCG GCG CAC CCG TAC GAC CGT CTG AAA ACC ACC TCT ACC GAC CCG GTT TCT GAC ATC GAC GTT ACC GTT CGT GAA GCG TAC CTC TCT TCC GAA GAG TTC AAG GAA AAA TTC GGC ATG ACC AAA GAA GCG TTC TAC AAA CTG CCG AAA TGG AAG CAG AAC AAA TTC ATC ATG GCG GTG CAG CTG TTC,0.7736481002102449
CCG GCG CAC CCG TAC GAC CGT CTG AAA ACC ACC TCT ACC GAC CCG GTT TCT GAC ATC GAC GTT ACT GAC CGT AAC GCG TAC CTC TCT TCT GAA GAG TTC AAG GAA AAG TTC GGT ATG ACC AAA GAA GCG TTC TAC AAA CTG CCG AAA TGG AAA CAG AAC AAA TTC AAA ATG GCG GTT CAG CTG TTC,0.5115663391310938
CCG GCG CAC CCG TAC GAC CGT CTG AAA ACC ACC TCT ACC GAC CCG GTT TCT GAC ATC GAC GTT ACC CTG CGT GAA GCG TAC CTC TCT TCC GAG GAA TTC AAA GAG AAA TTC GGC ATG ACC AAA GAA GCG TTC TAC AAA CTG CCA AAA TGG AAA CAG AAC AAA TTC CTG ATG GCG GTT CAG CTG TTC,0.8410851461216957
CCA GCG CAC CCG TAC GAC CGT CTG AAA ACC ACC TCT ACC GAC CCG GTT TCT GAC ATC GAC GTT ACC AAA CGT GAA GCG TAC CTG TCT TCC GAG GAA TTC AAA GAG AAG TTC GGT ATG ACC AAG GAA GCG TTC GAA AAA CTG CCG AAA TGG AAA CAG AAC AAA TTC AAG ATG GCG GTT CAG CTG TTC,0.8017162465283995
CCG GCG CAC CCG TAC GAC CGT CTG AAA ACC ACC TCT ACC GAC CCG GTG TCT GAC ATC GAC GTT ACC CGT CGT GCG GCG TAC CTG TCT TCC GAA GAG TTC AAA GAA AAG TTC GGC ATG ACC AAA GAG GCG TTC TAC AAA CTC CCG AAG TGG AAA CAG AAC AAA TTC AAC ATG GCG GTT CAG CTG TTC,0.5485192361136944
CCG GCT CAC CCG TAC GAC CGT CTG AAA ACC ACC TCT ACC GAC CCG GTT TCT GAC ATC GAC GTT ACC CGT CGT GAA GCG TAC CTG TCC TCC GAA GAA TTC AAA GAA AAG TTC GGC ATG ACC AAA GAA GCG TTT GCG AAA CTG CCG AAA TGG AAA CAG AAC AAA TTC TCT ATG GCG GTT CAG CTC TTC,0.5294580143153965
CCA GCG CAT CCG TAC GAC CGT CTG AAA ACC ACC TCT ACC GAC CCG GTT TCT GAT ATT GAC GTT ACC CGT CGT GAA GCG TAC CTG TCT TCT GAG GAG TTC ATC GAG AAG TTT GGC ATG ACC AAG GAA GCG TTC TAT AAA CTG CCG AAG TGG AAA CAG AAC AAA TTC AAA ATG GCG GTT CAG CTG TTC,1.389426450436594
CCG GCT CAC CCG TAC GAC CGT CTG AAA ACC ACC TCT ACC GAC CCG GTT TCT GAC ATC GAC GTT ACC CGT CGT GAA GCG TAC CTG TCT TCC GAG GAG TTC AAG GAG AAA TTC GGT ATG AAA AAG GAA GCG TTC TAC AAA CTG CCG AAG TGG AAA CAG AAC AAA TTC AAA ATG GCG GTG CAG CTC TTC,0.8860872347345143
CCG GCG CAC GAA TAC GAC CGT CTG AAA ACC ACC TCT ACC GAT CCG GTT TCT GAC ATC GAC GTG ACC CGT CGT GAA GCG TAC CTC TCT TCT GAA GAG TTC AAG GAA AAA TTC GGT ATG ACC AAA GAG GCG TTC TAC AAA CTG CCG AAA TGG AAA CAG AAC AAA TTC AAA ATG GCG GTT CAG CTG TTC,0.8454950572752187
CCG GCG CAC CCG TAC GAC CGT CTG AAA ACT ACC TCT ACC GAC CCG GTT TCT GAC ATT GAC GTT ACC CGT CGT GAA GCG TAC CTG CTG TCT GAA CTG TTC AAA GAG AAA TTC GGC ATG ACC AAA GAA GCG TTC TAC AAA CTG CCG AAA TGG AAA CAG AAC AAA TTC AAA ATG GCG GTT CAG CTC TTC,0.4954922619713621
CCG GCG CAT CCG TAC GAC CGT CTG AAA ACC ACC TCT ACC GAC CCG GTT TCT GAC ATC GAC GTT ACC CGT CGT TTC GCG TAC CTG TCT TCC GAA GAA TTC AAA GAA AAG TTC GGC ATG ACC AAG GAA GCG TTC TAC AAA CTG CCG AAA TGG AAA CAG AAC AAA TTC GTT ATG GCG GTT CAG CTG TTC,0.9974445649289267
CCG GCG CAC CCG TAC GAC CGT CTG AAA ACC ACT TCC ACC GAC CCG GTT TCT GAC ATC GAC GTT ACC GAA CGT GAA GCG TAC CTG TCC TCC GAA GAG TTC AAA GAA AAG TTT GGC ATG ACC AAA GAA GCG TTC GGC AAA CTG CCG AAA TGG AAA CAG AAC AAA TTC AAA ATG GCG GTG CAG CTG TTC,0.5326481331337714
CCG GCT CAC CCG TAC GAC CGT CTG AAA ACC ACC TCT ACC GAC CCG GTT TCT GAC ATC GAC GTT ACC CGT CGC ATG GCG TAC CTC TCT TCC GAG GAA TTC AAA GAA AAG TTC GGT ATG ACC AAA GAG GCG TTC TAC AAA CTG CCG AAA TGG AAA CAG AAC AAA TTC CCG ATG GCG GTT CAG CTG TTC,0.4393523839841913
CCG GCG CAC CCG TAC GAC CGT CTG AAA ACC ACC TCT ACC GAC CCG GTT TCT GAC ATC GAC GTT ACC CAC CGT GAA GCG TAC CTG TCC TCT GAG GAG TTC AAG GAG AAA TTC GGT ATG ACC AAA GAG GCG TTC CCG AAA CTG CCG AAA TGG AAA CAG AAC AAA TTC AAA ATG GCG GTT CAG CTC TTC,-0.633452578404061
CCG GCG CAC CCG TAC GAC CGT CTG AAA ACC ACC TCT ACC GAC CCG GTT TCT GAC ATC GAC GTT ACC CGT CGT GAA GCG TAC CTC TCC TCT GAA GAG TTC AAG GAG AAA TTC GGT ATG ACC AAA GAA GCG TTC TAC AAA CTG CCG AAA TGG AAA CAG AAC AAA TTC AAA ATG GCG GTG CAG TAC TTT,0.8217415914366705
CCG GCG CAT CCG TAC GAC CGT CTG AAA ACC ACC TCT ACC GAT CCG GTT TCT GAC ATC GAC GTT ACC CGT CGT GGT GCG TAC CTG TCC TCC GAA GAG TTC AAA GAA AAA TTC GGC ATG ACC AAA GAA GCG TTC CGT AAA CTG CCG AAA TGG AAA CAG AAC AAA TTC AAA ATG GCG GTT CAG CTG TTC,0.6581616849678001
CCG GCG CAC CCG TAC GAC CGT CTG AAA ACC ACT TCT ACC GAC CCA GTT TCT GAT ATC GAC GTT ACC CGC CGT GGT GCG TAC CTC TCT TCC GAG GAG TTC AAA GAA AAG TTC GGC ATG ACC AAG GAA GCG TTC TTC AAA CTG CCG AAA TGG AAA CAG AAC AAA TTC AAA ATG GCG GTT CAG CTG TTC,0.6575191921424351
CCG GCG CAC CCG TAC GAC CGT CTG AAA ACC ACC TCT ACC GAC CCG GTT TCT GAC ATC GAC GTT ACC CGT CGT TAC GCT TAC CTG TCT TCT GAG GAA TTC AAG GAG AAA TTC GGC ATG ACC AAG GAA GCG TTT TAC AAA CTC CCG AAG TGG AAA CAG AAC AAA TTC TGG ATG GCG GTT CAG CTG TTC,1.0763936563926673
CCG GCT CAC CCG TAC GAC CGT CTG AAA ACT ACC TCT ACC GAC CCG GTT TCT GAC ATC GAC GTT ACC CGT CGT GAA GCG TAC CTG TCC TCT GAG GAG TTC AAG GAA AAA TTC GGC ATG ACC AAA GAA GCG TTC TAC AAA CTG CCG AAA TGG AAA CAG ACC AAA TTC AAA ATG GCG GTT CAG CTG TTC,1.1949498759121415
CCG GCG CAC CCG TAC ATG CGT CTG GCG ACC ACC TCT ACC GAC CCG GTT TCT GAT ATC GAC GTT ACC CGT CGT GAA GCT TAC CTG TCT TCC GAG GAA TTC AAG GAG AAG TTC GGT ATG ACC AAA GAA GCG TTC TAC AAA CTC CCG AAA TGG AAA CAG AAC AAG TTC AAA ATG GCG GTT CAG CTG TTC,-0.02477033074493
CCG GCG CAC CCG TAC GAC CGT CTG AAA ACC ACC TCT ACC GAC CCG GTT TCT GAC ATC GAC GTT ACC TCT CGT GAA GCG TAC CTG TCT TCC GAG GAG TTC AAA GAA AAG TTC GGT ATG ACC AAA GAG GCG TTC TAC AAA CTG CCG AAA TGG AAA CAG AAC AAA TTC TCT ATG GCG GTT CAG CTG TTC,0.5794640291537645
CCG GCG CAC CCG TAC GAC CGC CTC AAA ACC ACC TCT ACC GAC CCG GTT TCT GAC ATC GAC GTT ACC GCT CGT GAA GCG TAC CTG TCT TCC GAA GAG TTC AAA GAA AAG TTC GGT ATG ACC AAG GAG GCG TTC AAC AAG CTG CCG AAA TGG AAG CAG AAC AAA TTC AAG ATG GCT GTT CAG CTC TTT,0.5220498731323884
CCG GCG CAT CCG TAC GAT AAA CTG AAA ACC ACC TCT ACC CAG CCG GTT TCT GAC ATC GAC GTT ACC CGT CGT GAA GCG TAC CTG TCC TCC GAA GAG TTC AAA GAA AAA TTC GGC ATG ACC AAA GAA GCG TTC TAC AAA CTG CCG AAA TGG AAA CAG AAC AAG TTC AAG ATG GCT GTT CAG CTG TTC,0.8907694162653306
CCA GCT CAC CCG TAC GAC CGT CTG AAA ACC ACC TCT ACC GAC CCA GTG TCT GAC ATC GAC GTT ACC GAT CGT GAA GCG TAC CTC TCT TCT GAG GAG TTC AAG GAA AAA TTC GGC ATG ACC AAG GAA GCG TTC TAC AAA CTG CCG AAA TGG AAA CAG AAC AAA TTC AAA ATG GCT GTT CAG CTG TTC,0.717240872919731
CCG GCT CAC CCG TAC GAC CGT CTG AAA ACC ACT TCT ACC GAC CCG GTT TCT GAT ATC GAC GTT ACC GGT CGT GAG GCG TAC CTC TCC TCT GAG GAG TTC AAG GAA AAA TTC GGC ATG ACC AAA GAG GCG TTC TAC AAA CTG CCG AAA TGG AAA CAG AAC AAA TTC AAA ATG GCT GTG CAG CTG TTC,0.5646183991673845
CCG GCG CAC CCG TAC GAC TCT CTG AAA ACC ACC TCT ACT GGT CCG GTT TCT GAC ATT GAC GTT ACC CGT CGC GAG GCG TAC CTG TCC TCT GAA GAA TTC AAG GAG AAA TTC GGT ATG ACC AAA GAG GCG TTC TAC AAA CTG CCG AAA TGG AAA CAG AAC AAA TTC AAA ATG GCG GTT CAG CTG TTC,0.8355139803727909
GAC GCG CAC CCG TAC GAC CGT CTG AAA ACC ACC TCT ACT GAC CCG GTT TCT GAC ATT GAC GTT ACC CGT CGT GAA GCG TAC CTG TCC TCT GAA GAG TTC AAG GAG AAA TTC GGT ATG ACC AAG GAA GCG TTC TAC AAA CTG CCG AAA TGG AAA CAG AAC AAA TTC AAA ATG GCG GTT CAA CTG TTC,1.247652187108624
CCG GCG CAC CCG TAC GAC AAC CTG AAA ACC ACC TCT ACC CGT CCG GTT TCT GAC ATC GAC GTT ACT CGT CGT GAA GCG TAC CTG TCC TCC GAA GAA TTC AAA GAA AAA TTC GGC ATG ACC AAA GAA GCG TTC TAC AAA CTG CCG AAA TGG AAA CAG AAC AAG TTC AAA ATG GCG GTT CAG CTG TTC,0.8858770519059864
CCG GCG CAC CCG TAC GAC CGT CTG AAA ACC ACC TCT ACC GAC CCG GTT TCT GAC ATC GAC GTT ACC CTG CGT GAA GCG TAC CTG TCT TCT GAG GAG TTC AAG GAA AAA TTC GGT ATG ACC AAA GAG GCG TTC TAC AAA CTG CCG AAA TGG AAA CAG AAC AAA TTC TAC ATG GCG GTT CAG CTG TTC,0.8001822539752272
CCA GCT CAC CCG TAC GAC CGT CTG AAA ACC ACC TCT ACC GAT CCA GTT TCT GAC ATC ACC GTT TGC CGT CGT GAA GCG TAC CTG TCT TCC GAG GAG TTC AAG GAA AAA TTC GGT ATG ACC AAA GAG GCG TTC TAC AAA CTG CCG AAA TGG AAA CAG AAC AAA TTC AAA ATG GCG GTG CAG CTG TTC,1.0315991096870318
CCG GCT CAC CCG TAC GAC CGT CTG AAA ACC ACC TCT ACC GAC CCG GTT TCT GAC ATC GAC GTT ACC CGT CGT GAA GCG TAC CTG TCC TCT GAG GAG TTC AAG GAA AAA TTC GGT ATG ACC AAG GAA GCG TTT TAC AAA CTG CCG AAA TGG AAA CAG AAC AAG TTC AAA ATG CAC GTT CAG CTC TTC,1.0405609063938337
CCA GCG CAC CCG TAC GAC CGT CTG AAA ACC ACC TCT ACT GAC CCG GTT TCT GAC ATT GAC GTT ACC CGT CGT CAC GCT TAC CTG TCT TCT GAG GAA TTC AAG GAA AAG TTC GGT ATG ACC AAG GAA GCG TTC ATC AAA CTG CCG AAA TGG AAA CAG AAC AAA TTC AAA ATG GCG GTT CAG CTG TTC,0.4654946375884338
CCA GCG CAC CCG TAC GAC CGT CTG AAA ACC ACC TCT ACC GAC CCG GTT TCT GAC ATC GAC GTT ACC TCT CGT CGT GCG TAC CTG TCC TCC GAA GAG TTC AAA GAG AAA TTC GGT ATG ACC AAG GAA GCG TTC TAC AAA CTG CCG AAA TGG AAA CAG AAC AAA TTC AAA ATG GCG GTT CAG CTG TTT,0.6352613432459271
CCA GCT CAC CCG TAC TGG CGT CTG GAA ACC ACC TCT ACC GAC CCG GTT TCT GAC ATC GAC GTT ACC CGT CGC GAA GCG TAT CTG TCC TCC GAG GAG TTC AAG GAA AAG TTT GGT ATG ACC AAA GAA GCT TTC TAC AAG CTG CCG AAA TGG AAG CAG AAC AAA TTC AAG ATG GCG GTT CAA CTC TTC,0.8890661841946645
CCG GCG CAT CCG TAC GAC CGT CTG AAA ACT ACC TCT ACC GAC CCG GTT TCT GAC ATC GAC GTT ACC CAG CGT GAA GCG TAC CTG TCC TCT GAG GAA TTC AAG GAA AAA TTC GGC ATG ACC AAG GAA GCG TTC TCT AAA CTG CCG AAA TGG AAG CAG AAC AAA TTC AAA ATG GCG GTT CAG CTG TTC,0.6481460602786497
CCA GCG CAC CCG TAC GAC CGT CTG AAA ACC ACC TCT ACC GAC CCG GTT TCT GAC ATT GAC GTT ACC CGT CGT GAA GCG TAC CTG CGC TCT GAA ACC TTT AAG GAA AAG TTC GGT ATG ACC AAA GAG GCG TTC TAC AAA CTG CCG AAA TGG AAA CAG AAC AAA TTC AAA ATG GCG GTG CAG CTG TTC,0.3955703666598226
CCG GCG CAC CCG TAC GAC CGT CTG AAA ACC ACT TCT ACC GAC CCG GTT TCT GAC ATT GAC GTT ACC CGT CGT CGT GCG TAC CTC TCT TCT GAA GAG TTC AAG GAG AAA TTC GGT ATG ACC AAA GAG GCG TTC CGT AAG CTG CCG AAA TGG AAA CAG AAC AAA TTC AAA ATG GCG GTT CAG CTG TTC,0.682283527840065
CCG GCG CAC CCG TAC GAC CGT CTG AAA ACC ACC TCT ACC GAC CCG GTT TCT GAC ATC GAC GTT ACT CGC CGT GAA GCG TAC CTG TCT TCT GAG GAG TTC AAG GAA AAG TTC GGT ATG ACC AAA GAA GCG TTC TAC AAA CTC CCG AAG TGG AAA CAA AAC AAA TTC AAG ATG GCG ATG CAG CTG TTC,1.4231782110164382
CCG GCG CAC CCG TAC GAC CGT CTG AAA ACC ACC TCT ACC GAC GAC GTT TCT GAC ATT GAC GTT ACC CGT CGT GAA GCG TAC CTG TCC TCT GAG GAG TTC AAA GAA AAA TTC GGT ATG ACC AAG GAG GCG TTC TAC AAA CTG CCG AAA TGG AAA CAG AAC AAA TTC AAA ATG GCG GTT CAG CTG TTC,0.7862919719831752
CCA GCG CAC CCG TAC GAC CGT CTG AAA ACC ACC TCT ACC GAC CCG GTT TCT GAT ATC GAC GTT ACC CGT CGT ACC GCG TAC CTC TCC TCC GAA GAG TTC AAA GAG AAA TTC GGC ATG ACC AAA GAA GCG TTC TCT AAG CTG CCG AAA TGG AAA CAG AAC AAA TTC AAA ATG GCG GTT CAG CTG TTC,0.7431314231609789
CCG GCG CAC CCG TAC GAC CGT CTG AAA ACC ACC TCT ACC GAC CCG GTT TCT GAC ATC GAC GTT ACC CGT CGT GAA GCG TAC CTG TCT TCT GAA GAG TTC AAA GAG AAG TTC GGC ATG ACC AAA GAA GCG TTC CGT AAA CTG CCG AAA TGG AAA CAG AAC AAG TTC ACC ATG GCG GTG CAG CTG TTC,0.2879685511105503
CCG GCG CAT CCG TAC GAC CGT CTG AAA ACC ACC TCT ACC GAC CCG GTT TCT GAT ATC GAC GTT ACT CGT CGT GAA GCG TAC CTG TCC TCT GAA GAA TTC AAA GAG AAG TTC GGT ATG ACC AAA GAG GCG TTC TTC AAA CTG CCG AAA TGG AAA CAG AAC AAA TTC TGG ATG GCG GTT CAG CTG TTC,1.0728268636315577
CCG GCG CAC CCG TAC GAC CGT CTG AAA ACT ACC TCT ACC GAC CCG GTT TCT GAC ATT GAC GTT ACC CGC CGT CAC GCT TAC CTG TCT TCT GAG GAG TTC AAG GAG AAA TTC GGC ATG ACT AAA GAA GCG TTC TAC AAA CTG CCG AAA TGG AAA CAG AAC AAA TTC GAC ATG GCG GTG CAA CTC TTC,0.4146657524232878
CCG GCT CAC CCG TAC GAC CGT CTG AAA ACC ACC TCT ACC GAC CCA GTT TCT GAC ATT GAC GTT ACC CGT CGT ATC GCG TAC CTG TCT TCT GAA GAG TTC AAA GAA AAG TTC GGC ATG ACC AAA GAA GCG TTC TAT AAG CTG CCG AAG TGG AAA CAG AAC AAA TTC AAC ATG GCT GTT CAG CTG TTC,0.7254922258479877
CCG GCT CAC CCG TAC AAA CGT CTG GTT ACC ACC TCT ACC GAC CCG GTT TCT GAC ATC GAC GTT ACC CGT CGT GAA GCG TAC CTG TCC TCC GAA GAA TTC AAG GAG AAA TTC GGT ATG ACC AAA GAA GCG TTC TAC AAG CTG CCG AAA TGG AAA CAG AAC AAA TTC AAA ATG GCG GTT CAG CTG TTC,-0.0138188413099719
CCG GCG CAC CCG TAC GAC CGT CTG AAA ACC ACC TCT ACC GAC CCG GTT TCT GAC ATT GAC GTT ACC GGT CGC ATC GCG TAC CTG TCT TCT GAG GAG TTC AAA GAA AAA TTC GGT ATG ACC AAG GAG GCG TTC TAC AAA CTG CCG AAA TGG AAA CAG AAC AAA TTC AAA ATG GCG GTT CAA CTG TTC,0.935989519838154
CCG GCG CAC CCG TAC GAC CGT CTG AAA ACC ACC TCT ACC GAC CCG GTT TCT GAC ATC CAG GTT TCT CGT CGT GAA GCG TAC CTG TCT TCC GAG GAA TTC AAA GAG AAG TTC GGC ATG ACC AAA GAG GCG TTC TAC AAA CTG CCG AAA TGG AAA CAG AAC AAG TTC AAA ATG GCG GTT CAG CTG TTC,0.8069911433841246
CCG GCT CAC CCG TAC GAC CGT CTG AAA ACC ACC TCT ACC GAC CCG GTT TCT GAC ATC GAC GTT ACT CCA CGT GAA GCG TAC CTG TCT TCC GAG GAA TTC AAA GAA AAG TTC GGT ATG ACC AAG GAA GCT TTT TAC AAA CTG CCG AAA TGG AAG CAG AAC AAG TTC TAC ATG GCG GTG CAG CTG TTC,0.8851507913206257
CCG GCG CAC CCG TAC GAC CCG CTG AAA ACC ACC TCT ACT TCT CCA GTT TCT GAC ATC GAC GTT ACC CGT CGC GAA GCG TAC CTC TCT TCC GAG GAA TTC AAG GAA AAA TTC GGC ATG ACC AAG GAG GCT TTC TAC AAA CTG CCG AAA TGG AAA CAG AAC AAA TTC AAA ATG GCG GTT CAG CTG TTC,0.8524670393375332
CCG GCG CAC CCG TAC GCT CGT CTG TGG ACC ACC TCT ACC GAT CCG GTT TCT GAT ATC GAC GTT ACT CGT CGC GAA GCG TAC CTG TCT TCC GAA GAG TTC AAG GAA AAA TTC GGC ATG ACC AAA GAG GCG TTC TAC AAA CTG CCG AAA TGG AAG CAG AAC AAA TTC AAA ATG GCT GTT CAG CTG TTC,-0.5810689795453826
CCA GCT CAC CCG TAC GAC CGT CTG AAG ACC ACT TCT ACC GAC CCG GTT TCT GAC ATC GAC GTT ACC CGT CGT GAA GCG TAC CTC TCC TCC GAA GAG TTC AAG GAA AAA TTC GGT ATG ACC AAG GAA CGT TTC TAC AAG CTG CCG AAA TGG AAG CAG AAC AAA TTC AAA ATG GCT GTT CAA CTG TTC,1.08607576018353
CCG GCG CAT CCA TAC GAC CGT CTG AAA ACC ACC TCT ACC GAC CCA GTT TCT GAC ATC GAC GTG ACC CGT CGT GGT GCG TAC CTG TCT TCT GAG GAG TTC AAA GAA AAA TTC GGC ATG ACC AAG GAA GCG TTC GAC AAA CTG CCG AAA TGG AAA CAG AAC AAA TTC AAA ATG GCG GTT CAG CTG TTC,0.474571053340116
CCA GCG CAC CCG TAC GAC CGT CTG AAA ACC ACC TCT ACC GAC CCG GTT TCT GAT ATC GAC GTT ACC CGT CGT ATC GCG TAC CTG TCC TCC GAA GAA TTC AAG GAG AAG TTT GGT ATG ACC AAA GAG GCG TTC CGT AAA CTG CCG AAG TGG AAA CAG AAC AAA TTC AAA ATG GCG GTG CAG CTG TTC,0.901338059827534
CCG GCT CAC CCG TAC AAA CGT CTG TGG ACC ACC TCT ACC GAC CCG GTT TCT GAC ATC GAC GTT ACC CGT CGC GAA GCT TAC CTG TCT TCT GAA GAG TTC AAG GAA AAA TTC GGC ATG ACC AAA GAA GCT TTT TAC AAA CTG CCG AAA TGG AAG CAG AAC AAG TTC AAA ATG GCG GTG CAG CTG TTC,-0.3122894555264711
CCG GCG CAC CCG TAC GAC CGT CTG AAA ACT ACC TCT ACC GAC CCA GTT TCC GAT ATT GAC GTT ACC CGT CGT GAA GCT TAC CTG TCT TCT GAA GAA TTC AAA GAG CAG TTC GGT ATG ACC AAA GAA GCG TTC TAC AAA CTG CCG AAA TGG AAA CAG AAC AAG TTC AAA ATG GCG GTT CAG CTG TTC,1.080336989321223
CCA GCT CAC CCG TAC TGG CGT CTC TGC ACC ACT TCC ACC GAC CCG GTG TCT GAT ATC GAC GTT ACC CGT CGT GAA GCG TAC CTC TCC TCT GAG GAA TTC AAA GAA AAA TTC GGC ATG ACC AAA GAA GCG TTC TAC AAA CTG CCG AAG TGG AAG CAG AAC AAG TTC AAA ATG GCT GTT CAG CTG TTC,1.6240027150880216
CCA GCG CAT CCG TAC GAC CGT CTG AAG ACC ACT TCT ACC GAC CCG GTT TCT GAC ATC GAC GTT ACC CGT CGT TGG GCG TAC CTC TCT TCT GAG GAA TTC AAG GAG AAA TTT GGT ATG ACC AAG GAG GCG TTC TAC AAA CTG CCG AAA TGG AAA CAG AAC AAA TTC GGT ATG GCG GTT CAA CTG TTC,0.5873722057874664
CCG GCG CAT CCG TAT GAT CGT CTG AAA ACC ACC TCT ACC GAC CCG GTT TCT GAC ATC GAC GTT ACC CGT CGT GAA GCG TAC CTC TCT TCC GAA GAG TTC AAA GAA AAG TTC GGT ATG ACC AAA GAG GCG TTT GCG AAA CTG CCG AAA TGG AAA CAG AAC AAA TTC AAA ATG GCG GTT CAG CTC TTC,0.7859806773004292
CCA GCT CAC CCG TAC GAC CGT CTG AAA ACC ACC TCT ACC GAC CCG GTT TCT GAC ATC GAC GTT ACC CGT CGT GAG GCT TAC CTC TCC TCC GAA GAA TTC AAA GAG AAG TTC GGT ATG ACC AAG GAA GCG TTC GAA AAA CTC CCG AAG TGG AAA CAG AAC AAA TTC GTT ATG GCG GTG CAG CTG TTC,0.6112693803023423
CCG GCT CAC CCG TAC GAC CGT CTG AAA ACC ACC TCT ACC GAC CCG GTT TCT GAC ATC GAC GTT ACC GGT CGT GAA GCG TAC CTG TCT TCC GAA GAG TTT AAA GAA AAG TTC GGC ATG ACC AAA GAA GCG TTC TAC AAG CTG CCG AAA TGG AAA CAG AAC AAG TTC ATC ATG GCG GTG CAG CTG TTC,0.9035905179009012
CCG GCG CAT CCG TAC GAC CGT CTG AAA ACC ACC TCT ACC GAT CCA GTT TCT GAC ATC GAC GTT ACC CGT CGT GAA GCT TAC CTG TCT TCT GAG GAA TTC AAA GAA AAG TTC GGC ATG ACC AAA GAA GCG TTC TAC AAA CTG CCG AAA TGG AAG CAG TTC AAA TTC AAG ATG GCG GTT CAG CTG TTC,0.9897414388330228
CCG GCT CAC CCG TAC GAC CGT CTG AAA ACC ACC TCT ACC GAC CCG GTT TCC GAC ATC GAC GTT ACC CGT CGT GAA GCG TAC CTC TCC TCC GAA AAT TTC AAA GAG AAA TTC GGC ATG ACC AAA GAA GCG TTT TAC AAA CTG CCG AAA TGG AAG CAG AAC AAA TTC AAA ATG GCG GTT CAG CTG TTC,0.7749174310723749
CCG GCG CAC CCG TAC GAC CGT CTG AAA ACC ACC TCT ACC GAC CCA GTT TCT GAC ATC GAC GTG ACC CGC CGT GAA GCG TAC CTG TCC TCT GAG GAA TTC AAG GAA AAA TTC GGC ATG ACT AAG GAA GCT TTC TCT AAG CTG CCA AAG TGG AAA CAA AAC AAG TTC GGT ATG GCT GTT CAG CTG TTC,0.1040711604162923
CCG GCG CAC CCG TAC GAC CGT CTG AAA ACC ACC TCT ACC GAC CCG GTT TCT GAC ATT GAC GTT ACC TGG CGT GAA GCG TAC CTG TCC TCT GAG GAG TTC AAG GAG AAA TTT GGT ATG ACC AAG GAG GCG TTC TAC AAA CTG CCG AAA TGG AAG CAG AAC AAA TTC TCT ATG GCG GTT CAG CTG TTC,0.4748806168533824
CCG GCT CAC CCG TAC GAC CGT CTG AAA ACC ACC TCT ACC GAT CCG GTT TCT GAC ATC GAC GTG ACC TCC CGT GAG GCT TAC CTG TCT TCT GAG GAG TTC AAG GAG AAA TTC GGC ATG ACC AAG GAA GCG TTC CGT AAA CTC CCG AAA TGG AAG CAG AAC AAA TTC AAA ATG GCG GTG CAG CTG TTC,0.5234654159637786
CCG GCT CAC CCG TAC GAC CGT CTG AAA ACC ACC TCT ACC GAC CCG GTT TCT GAC ATC GAC GTT ACC CGT CGT GAA GCG TAC CTG TCC TCT GAG GAG TTC AAG GAG AAA TTC GGT ATG ACC AAA GAA GCG TTC TAC AAG CTG CGC AAA TGG AAA CAG AAC AAA TTC AAA ATG GCG GTT CAG CTG TTC,0.3094637884055881
CCG GCG CAC CCA TAC GAC CGT CTG AAA ACC ACC TCT ACC GAT CCG GTT TCT GAT ATC GAC GTT ACC CGT CGT GCG GCG TAC CTC TCT TCT GAA GAA TTC AAA GAG AAA TTC GGT ATG ACC AAG GAG GCG TTC AAG AAA CTG CCG AAA TGG AAG CAG AAC AAG TTT AAG ATG GCT GTT CAG CTG TTC,0.5497186051915397
CCG GCG CAC CCG TAC GAC CGC CTG AAA ACC ACT TCT ACC GAC CCG GTT TCT GAC ATC GAC GTG ACC CGC CGT GAA GCG TAC CTG TCC TCT GAA GAA TTC AAG GAA AAG TTC GGC ATG ACT AAG GAA GCG TTC TAC AAA CTG CCG AAA TGG AAA CAG AAC AAA TTC AAA ATG GCT GTT CAG CTG GAC,1.637924150469963
CCG GCG CAC CCG TAC GAC CGT CTG AAA ACC ACC TCT ACC GAC CCG GTT TCT GAC ATC GAC GTT ACC CGT CGT GAA GCG TAC CTG TCT TCT GAA GAG TTC AAG GAG AAA TTC GGC ATG ACC AAG GAA GCG TTC CTG AAA CTG CCG AAA TGG AAA CAG AAC AAA TTC ATG ATG GCG GTT CAG CTG TTC,1.0098761149847348
CCG GCG CAC CCG TAC GAC CGT CTG AAA ACC ACC TCT ACC GAC CCG GTT TCT GAC ATC TGC GTT CAA CGT CGT GAA GCG TAC CTG TCT TCT GAG GAG TTC AAA GAG AAA TTC GGT ATG ACC AAA GAG GCG TTC TAC AAA CTG CCG AAA TGG AAA CAG AAC AAA TTC AAA ATG GCT GTT CAG CTG TTT,1.0844695452495403
CCG GCG CAC CCG TAC GAC CGT CTG AAA ACC ACC TCT ACC GAC CCG GTT TCT GAC TCT GAC GTT ACC CGT CGT GAA GCG TAC CTG TCT TCT GAG GAA TTC AAG GAA AAG TTC GGT ATG ACC AAA GAG GCG TTC TAC AAA CTG CCG AAA TGG AAA CAG AAC AAA TTC AAA ATG GCG GTT CAG CTG TTC,0.553587984261195
CCG GCT CAC CCG TAC GAC CTG CTG AAA ACC ACC TCT ACC AAA CCA GTT TCT GAC ATC GAC GTT ACC CGT CGT GAA GCG TAC CTG TCC TCT GAA GAA TTC AAG GAA AAG TTC GGT ATG ACC AAG GAA GCG TTC TAC AAG CTG CCG AAA TGG AAA CAG AAC AAA TTC AAA ATG GCG GTT CAG CTG TTC,0.5327120054426089
CCG GCG CAT CCG TAC GAC CGT CTG AAA ACC ACC TCT ACC GAT CCG GTT TCT GAT ATT GAC GTT ACC CGT CGT GAC GCG TAC CTG TCT TCT GAG GAA TTC AAG GAG AAA TTC GGC ATG ACC AAA GAA GCG TTC TAC AAA CTC CCG AAA TGG AAA CAG AAC AAA TTC CGT ATG GCG GTG CAG CTG TTC,0.8643339077707994
CCG GCG CAC CCG TAC GAC CGT CTG AAG ACC ACC TCT ACT GAC CCG GTT TCT GAC ATC GAC GTT ACC CGT CGT GAA GCG TAC CTG TCT TCC GAA GAG TTC AAG GAA AAA TTC GGT ATG ACC AAA GAA GCG TTC TAC AAA CTG CCG AAA TGG AAA CAG AAC GCG TTC AAA ATG GCT GTG CAG CTC TTT,1.2469774232457151
CCG GCG CAC CCG TAC GAC CGT CTG AAA ACC ACT TCT ACC GAC CCA GTT TCT GAC ATT GAC GTT ACC CGT CGT GAA GCG TAC CTG TCC TCT GAA GAG TTC AAG GAA AAA TTC GGT ATG ACC AAA GAG GCT TTC GTT AAA CTG CCG AAA TGG AAA CAG AAC AAG TTC TGG ATG GCG GTT CAG CTG TTC,0.982446878541581
CCA GCT CAC CCG TAC GAC CGT CTG AAA ACC ACC TCT ACC GAC CCG GTT TCC GAC ATC GAC GTT ACC CGT CGT GAA GCG TAC CTG TCT TCC GAA GAA TTC AAA GAA AAA TTC GGC ATG ACC AAG GAA GCG TTC AAC AAG CTG CCG AAA TGG AAA CAG AAC AAA TTC CAC ATG GCG GTG CAG CTC TTT,0.5526327414085352
CCG GCG CAC CCG TAC GAC CGT CTG AAA ACC ACT TCT ACC GAC CCG GTT TCT GAC ATC GAC GTG ACC GAA CGT TGG GCT TAC CTG TCC TCT GAG GAA TTC AAG GAG AAG TTC GGT ATG ACC AAA GAA GCG TTC TAC AAA CTG CCG AAA TGG AAA CAG AAC AAA TTC AAA ATG GCG GTG CAG CTG TTC,0.7631951907453252
CCG GCT CAC CCG TAC GAC CGT CTG AAA ACC ACC TCT ACC GAC CCG GTT TCT GAC ATC GAC GTT ACC CGT CGT GAA GCG TAC CTG TCT TCC GAA GAA TTC AAA GAG AAA TTC GGC ATG ACC AAA GAA GCG TTC GGT AAA CTG CCG AAA TGG AAA CAG AAC AAA TTC GAG ATG GCT GTT CAG CTG TTC,0.4219234117764409
CCA GCG CAC CCG TAC GAC CGT CTG AAA ACC ACC TCT ACC GAC CCG GTT TCT GAC ATC GAC GTT ACC ATC CGT GAA GCT TAC CTG TCT TCT GAA GAG TTC AAG GAA AAG TTC GGT ATG ACC AAA GAA GCG TTC GCT AAG CTC CCG AAA TGG AAA CAA AAC AAA TTC AAA ATG GCG GTG CAG CTG TTC,0.7537075705742461
CCG GCT CAC CCG TAC GAC CGT CTG AAA ACC ACC TCT ACC GAC CCG GTT TCT GAC ATC GGT GTT AAA CGT CGT GAA GCG TAC CTC TCC TCT GAA GAA TTC AAG GAA AAA TTC GGC ATG ACC AAG GAG GCG TTC TAC AAA CTG CCG AAA TGG AAA CAG AAC AAA TTC AAA ATG GCG GTT CAG CTG TTC,0.8571555042372363
CCG GCG CAC CCG TAC GAC CGT CTG AAA ACC ACT TCT ACC GAC CCG GTT TCT GAC ATC GAC GTT ACC CGT CGT GAA GCG TAC CTG TGC TCT GAA CAC TTC AAA GAG AAA TTC GGC ATG ACC AAA GAA GCG TTC TAC AAA CTG CCG AAA TGG AAA CAG AAC AAA TTC AAA ATG GCG GTG CAG CTG TTC,0.8983616347615151
CCG GCG CAC CCG TAC GAC CGT CTG AAA ACC ACT TCT ACC GAC CCG GTT TCT GAT ATC GAC GTT ACC CGT CGT CAG GCG TAC CTG TCT TCT GAG GAA TTC AAA GAA AAG TTC GGT ATG ACC AAG GAG GCG TTC GTT AAG CTG CCG AAA TGG AAA CAG AAC AAA TTC AAG ATG GCT GTT CAG CTG TTC,0.4676690879471687
CCG GCG CAC CCG TAC GAC CGT CTG AAA ACC ACC TCT ACC GAC CCG GTT TCT GAC ATC GAC GTT ACC CGT CGT GAA GCG TAC CTG AAC TCC GAG TTC TTC AAA GAA AAA TTC GGC ATG ACC AAG GAA GCG TTC TAC AAG CTG CCG AAA TGG AAA CAG AAC AAA TTC AAA ATG GCG GTT CAG CTG TTC,0.6213944236425994
CCG GCG CAC CCG TAC GAC TGG CTG AAA ACC ACC TCT ACC TTC CCG GTT TCT GAC ATC GAC GTT ACC CGT CGT GAA GCG TAC CTC TCT TCC GAG GAG TTC AAA GAA AAA TTC GGT ATG ACC AAG GAG GCG TTC TAC AAA CTG CCG AAA TGG AAG CAG AAC AAA TTC AAA ATG GCG GTG CAG CTG TTC,0.8639923757821384
CCG GCG CAC CCG TAC GAC CGT CTG AAA ACC ACC TCT ACC GAC CCG GTT TCT GAT ATC GAC GTG ACT CGT CGT CAC GCG TAC CTG TCT TCT GAA GAG TTC AAG GAA AAA TTC GGT ATG ACC AAG GAA GCG TTT AAG AAA CTG CCG AAA TGG AAG CAG AAC AAG TTC AAA ATG GCG GTT CAA CTG TTC,0.4741600029084211
CCA GCG CAC CCG TAC GAC CGT CTG AAG ACC ACC TCT ACC GAC CCG GTT TCT GAC ATC GAC GTT ACC CGT CGC TCT GCG TAT CTC TCT TCT GAG GAA TTC AAG GAA AAG TTC GGT ATG ACC AAG GAA GCG TTT GTT AAG CTG CCG AAA TGG AAG CAG AAC AAA TTC AAA ATG GCG GTG CAG CTG TTC,0.4601360809117329
CCA GCT CAT CCG TAC GAC CGT CTC AAA ACC ACC TCT ACC GAC CCG GTT TCT GAC ATC GAC GTT ACC CGT CGT GAA GCG TAC CTG TCT TCC GAG GAG TTC AAG GAA AAG TTC GGC ATG ACT AAA GAA GCG TTC TAC AAA CTG CCA GGT TGG AAA CAG AAC AAA TTC AAA ATG GCG GTT CAG CTG TTC,0.9206872354922592
CCG GCG CAC CCG TAC GAC CGT CTG AAA ACC ACC TCT ACC GAC CCG GTT TCT GAC ATC GAC GTT ACC GGT CGT GAA GCG TAC CTG TCT TCC GAG GAA TTC AAG GAA AAG TTC GGT ATG ACC AAA GAA GCG TTT TAC AAA CTG CCG AAA TGG AAA CAG AAC AAG TTC TCC ATG GCG GTT CAG CTG TTC,0.582153478995943
CCG GCG CAC CCG TAC GAC GTT CTG AAA ACC ACC TCT ACT TAC CCG GTT TCT GAC ATT GAC GTT ACC CGT CGT GAA GCG TAC CTG TCT TCT GAA GAG TTC AAG GAG AAG TTC GGT ATG ACC AAA GAA GCG TTC TAC AAA CTG CCG AAA TGG AAG CAG AAC AAG TTC AAA ATG GCG GTT CAG CTG TTC,0.7572620686116878
CCA GCT CAC CCG TAC GAC CGT CTC AAA ACT ACC TCT ACC GAT CCA GTT TCT GAC ATC GAC GTT ACC CGT CGT TGG GCG TAC CTG TCT TCT GAA GAG TTC AAA GAA AAG TTC GGC ATG ACC AAA GAA GCG TTT TCC AAA CTG CCG AAA TGG AAG CAG AAC AAG TTC AAG ATG GCG GTT CAG CTG TTC,0.6503448725732891
CCA GCG CAC CCG TAC GAC CGT CTG AAA ACC ACC TCT ACC GAC CCG GTT TCT GAC ATC GAC GTT ACC GTT CGT GAA GCG TAC CTG TCT TCC GAG GAA TTC AAG GAA AAA TTC GGT ATG ACC AAG GAA GCG TTT TAC AAA CTG CCG AAA TGG AAA CAG AAC AAA TTC CAG ATG GCG GTT CAG CTG TTC,0.6946762320222216
CCG GCT CAC CCG TAC GAC CGT CTG AAA ACC ACC TCT ACC GAC CCG GTT TCT GAC ATT GAC GTG ACC TGG CGC GAA GCG TAC CTG TCT TCC GAG GAA TTC AAA GAA AAG TTC GGC ATG ACC AAA GAA GCG TTC TAC AAA CTG CCG AAA TGG AAA CAG AAC AAG TTC ACC ATG GCT GTT CAG CTG TTC,0.4293931933852526
CCG GCG CAC CCA TAC GAC CGT CTG AAA ACC ACC TCT ACC GAC CCG GTT TCT GAC ATT GAA GTT CCA CGT CGT GAA GCG TAC CTG TCC TCC GAG GAA TTC AAA GAG AAA TTT GGT ATG ACC AAG GAA GCG TTC TAC AAG CTG CCG AAA TGG AAG CAG AAC AAA TTC AAG ATG GCG GTG CAG CTG TTC,0.7345773968930743
TCT GCG CAC CCG TAC GAC CGT CTG AAA ACC ACC TCT ACC GAC CCG GTT TCT GAC ATC GAC GTT ACC CGT CGT GAA GCG TAC CTG TCT TCC GAA GAA TTC AAA GAA AAA TTC GGC ATG ACC AAG GAG GCG TTC TAC AAA CTG CCA AAG TGG AAA CAG AAC AAA TTC AAG ATG GCT GTT CAG CTG TTC,1.0643731850621152
CCG GCG CAT CCG TAC GAC CGT CTG AAA ACC ACC TCT ACC GAC CCG GTT TCT GAC ATC GAC GTT ACC TGG CGT GAG GCG TAT CTG TCT TCC GAA GAG TTC AAG GAA AAA TTC GGC ATG ACC AAA GAA GCG TTC TAC AAA CTG CCG AAA TGG AAA CAG AAC AAA TTC CAC ATG GCG GTT CAG CTG TTC,0.517211629330085
CCG GCT CAC CCG TAC GAC CGT CTG AAA ACC ACC TCT ACC GAT CCG GTT TCT GAC ATC GAC GTT ACC CGT CGT AAA GCG TAC CTG TCT TCC GAG GAA TTC AAA GAA AAG TTC GGT ATG ACC AAA GAA GCG TTC TGG AAA CTG CCG AAA TGG AAA CAG AAC AAA TTC AAG ATG GCG GTT CAG CTG TTC,0.5750774045448555
CCG GCG CAC CCG TAC CTG CGT CTG GTT ACC ACC TCT ACC GAC CCG GTT TCT GAC ATC GAC GTT ACC CGT CGT GAA GCT TAC CTC TCC TCC GAG GAG TTC AAG GAA AAA TTC GGT ATG ACC AAA GAA GCG TTC TAC AAA CTG CCA AAA TGG AAG CAG AAC AAA TTC AAG ATG GCG GTT CAG CTG TTC,0.6150719852993343
CCG GCG CAT CCG TAC GAC CGT CTG AAA ACC ACC TCT ACC GAT CCG GTT TCT GAC ATT GAC GTT ACT ATG CGT CTG GCG TAC CTG TCT TCC GAG GAA TTC AAG GAA AAA TTC GGC ATG ACC AAA GAA GCG TTC TAC AAA CTC CCG AAG TGG AAA CAG AAC AAA TTC AAA ATG GCG GTT CAA CTG TTC,0.9706921160362106
CCG GCG CAC CCG TAC GAC CGT CTG AAA ACC ACC TCT ACC GAT CCG GTT TCT GAC ATC GAC GTT ACT CGT CGC GAA GCT TAT CTG GGT TCT GAG CTG TTC AAG GAA AAG TTC GGC ATG ACC AAA GAA GCG TTC TAC AAA CTG CCG AAA TGG AAA CAG AAC AAA TTC AAA ATG GCG GTG CAA CTG TTC,0.5080055113217072
CCG GCG CAC CCG TAC GAC CGT CTG AAA ACC ACC TCT ACT GAC CCG GTT TCT GAC ATC GAC GTT ACC GAC CGT GCG GCG TAC CTG TCT TCT GAG GAA TTC AAG GAG AAG TTC GGT ATG ACC AAA GAA GCG TTC TAC AAA CTG CCG AAA TGG AAA CAG AAC AAA TTC AAA ATG GCG GTG CAG CTG TTC,0.9235815624612538
CCA GCG CAC CCG TAC GAC CGT CTG AAA ACC ACC TCT ACC GAC CCG GTT TCT GAC ATC AAA GTT CCG CGT CGT GAA GCG TAC CTC TCC TCT GAA GAA TTC AAG GAG AAA TTC GGT ATG ACC AAA GAG GCG TTC TAC AAA CTG CCG AAA TGG AAA CAG AAC AAA TTC AAA ATG GCG GTT CAG CTG TTC,0.6659768513122342
CCG GCT CAC CCG TAC GAC CGT CTG AAA ACC ACC TCT ACC GAC CCA GTT TCT GAC ATC GAC GTT ACC CGT CGT GAA GCG TAC CTG TCT TCC GAG GAA TTC AAA GAA AAA TTC GGC ATG ACC AAA GAA GCG TTC TAC AAA CTG CCG AAG TGG AAA CAG AAC AAA TTC TTC ATG GCG GTT CAG CTG TTC,0.8972449878082551
CCG GCT CAC CCG TAC GAC CGT CTG AAA ACC ACC TCT ACC GAC CCA GTT TCT GAC ATT GAC GTT ACC CGT CGT GAA GCG TAC CTG TCC TCC GAA GAA TTC AAA GAA AAA TTC GGC ATG ACC AAG GAA GCG TTC TAC AAA CTC ATG AAG TGG AAG CAG AAC AAA TTC AAG ATG GCG GTT CAG CTG TTT,-1.1526948562485686
CCG GCG CAC CCG TAC GAC CGT CTG AAA ACC ACC TCT ACC GAC CCG GTT TCT GAC ATC GAC GTT ACC CGT CGT GAA GCG TAC CTC TCT TCC GAG GAG TTC AAA GAA AAA TTC GGT ATG ACC AAG GAA GCG TTC TAC AAA CTG CCG AAA TGG AAG CAG AAC AAA TTC AAA ATG TCT GTG CAG CTG TTC,1.1572922360433864
CCG GCG CAT CCG TAC GAC CGT CTG AAA ACC ACC TCT ACC GAC CCG GTT TCT GAC ATC AAA GTT ACC CGT CGT GAA GCG TAC CTG TCT TCC GAA GAG TTC AAG GAA AAG TTC GGC ATG ACC AAA GAA GCG TTC TAC AAG CTG CCG AAG TGG AAA CAG AAC AAA TTC AAA ATG GCG GTG CAG CTG TTC,0.6937848883711322
CCA GCG CAC CCG TAC GAC CGT CTG AAA ACC ACC TCT ACT GAC CCG GTT TCT GAC ATT GAC GTT ACC CGT CGT ATG GCG TAC CTG TCT TCC GAG GAA TTC AAG GAG AAA TTC GGC ATG ACC AAA GAA GCG TTC ATC AAA CTG CCG AAA TGG AAA CAG AAC AAA TTC AAA ATG GCG GTG CAG CTG TTC,0.9200743257632216
CCA GCT CAC CCG TAC GAC CGT CTG AAA ACC ACC TCT ACC GAC CCG GTT TCT GAC ATC GAC GTT ACT CCG CGT GAG GCT TAT CTG TCT TCT GAA GAG TTC AAG GAG AAA TTC GGT ATG ACC AAG GAA GCG TTC TAC AAA CTG CCG AAG TGG AAA CAG AAC AAA TTC CTG ATG GCG GTT CAG CTG TTC,0.9669813119003372
CCA GCG CAC CCA TAC GAC TAC CTG AAA ACC ACC TCT ACC CAG CCG GTG TCT GAC ATC GAC GTT ACT CGT CGT GAA GCG TAC CTG TCC TCT GAG GAA TTC AAA GAA AAG TTC GGC ATG ACC AAG GAA GCG TTC TAC AAA CTG CCG AAG TGG AAA CAG AAC AAG TTC AAA ATG GCT GTT CAG CTG TTC,0.8288573558904548
CCG GCG CAC CCG TAC GAC CGT CTG AAA ACC ACC TCT ACC GAC CCG GTT TCT GAC ATC GAC GTT ACC ATC CGT CCG GCT TAC CTG TCT TCT GAA GAG TTC AAG GAG AAA TTC GGC ATG ACC AAG GAG GCT TTC TAC AAA CTG CCG AAA TGG AAA CAG AAC AAA TTC AAA ATG GCG GTG CAG CTC TTT,0.6586449354646647
CCA GCG CAC CCG TAC GAC CGT CTG AAA ACC ACT TCT ACC GAC CCG GTT TCT GAC GAC GAC GTT ACC CGT CGT GAA GCG TAC CTG TCT TCC GAG GAG TTC AAA GAA AAA TTC GGC ATG ACC AAA GAA GCG TTC TAC AAG CTG CCG AAG TGG AAA CAG AAC AAA TTC AAA ATG GCG GTT CAG CTG TTT,0.5476631930685887
CCA GCG CAT CCG TAC GAC CGT CTG AAA ACC ACT TCT ACC GAC CCG GTT TCT GAC ATC GAC GTT ACC CGT CGT CCG GCG TAC CTG TCT TCT GAG GAA TTC AAA GAG AAA TTC GGC ATG ACC AAG GAG GCG TTT TAC AAA CTG CCG AAG TGG AAA CAG AAC AAA TTC CCG ATG GCG GTT CAG CTG TTC,0.1877387696920389
CCG GCT CAT CCG TAC GAC CGT CTG AAA ACC ACC TCT ACC GAC CCA GTT TCT GAC ATT TTC GTT ATC CGT CGT GAA GCG TAC CTG TCT TCT GAG GAA TTC AAA GAG AAA TTC GGC ATG ACC AAA GAA GCG TTC TAC AAA CTG CCG AAA TGG AAG CAG AAC AAA TTC AAG ATG GCG GTG CAG CTC TTC,0.316575868288523
CCG GCG CAC CCG TAC GAC CGT CTG AAA ACC ACC TCT ACC GAC CCG GTT TCT GAT ATC GAC GTT ACC CGT CGT GAG GCG TAC CTG AAG TCT GAA TGG TTC AAA GAG AAG TTC GGT ATG ACC AAG GAA GCG TTC TAC AAA CTG CCG AAA TGG AAA CAG AAC AAA TTC AAA ATG GCG GTT CAA CTC TTC,0.7053326320036106
CCG GCG CAC CCG TAC GAC CGT CTG AAA ACC ACT TCT ACC GAC CCG GTT TCT GAC ATC GAC GTT ACC CGT CGT AAC GCG TAC CTG TCT TCC GAA GAA TTC AAG GAG AAG TTC GGC ATG ACC AAA GAA GCG TTC TAC AAA CTG CCG AAA TGG AAA CAG AAC AAA TTC CTG ATG GCT GTT CAG CTG TTC,0.7915080716506334
CCG GCG CAC CCG TAC GAC CGT CTG AAG ACC ACC TCT ACC GAT CCG GTT TCT GAC ATT GAC GTT ACC CGT CGT CTG GCG TAC CTG TCT TCT GAG GAG TTC AAA GAA AAA TTC GGC ATG ACC AAA GAA GCG TTC GAC AAA CTG CCG AAA TGG AAA CAG AAC AAA TTC AAA ATG GCG GTT CAG CTG TTC,0.7451003589859975
CCG GCG CAC CCG TAC GAC CGT CTC AAA ACC ACC TCT ACC GAC CCG GTT TCT GAT ATC GAC GTT ACT AAA CGC GAG GCG TAC CTG TCC TCT GAA GAA TTC AAG GAG AAG TTC GGT ATG ACC AAA GAA GCT TTT GGC AAA CTG CCG AAG TGG AAG CAG AAC AAA TTC AAA ATG GCG GTT CAG CTG TTC,1.0458602999843172
CCG GCT CAC CCG TAC GAC TAC CTG AAA ACC ACC TCT ACC GGT CCG GTT TCT GAC ATC GAC GTT ACC CGT CGT GAA GCG TAC CTG TCT TCC GAG GAA TTC AAA GAA AAA TTC GGC ATG ACC AAA GAA GCG TTC TAC AAA CTC CCG AAA TGG AAG CAG AAC AAG TTC AAA ATG GCG GTT CAG CTG TTC,0.8367853224626487
CCG GCG CAC CCG TAC CCG CGT CTG GTT ACT ACC TCT ACC GAT CCA GTT TCT GAC ATC GAC GTG ACC CGT CGT GAA GCG TAC CTG TCC TCT GAG GAG TTC AAA GAG AAA TTC GGT ATG ACC AAG GAG GCG TTC TAC AAA CTG CCG AAA TGG AAA CAG AAC AAA TTC AAA ATG GCG GTT CAG CTG TTT,0.740951316087875
CCG GCG CAC CCG TAC GAC CGT CTG AAA ACC ACC TCT ACC GAT CCG GTT TCT GAT ATC GAC GTT ACC CGT CGT GAG GCG TAC CTG TCT TCT GAG GAG TTC AAA GAG AAA TTC GGT ATG ACC AAG GAA GCG CTG TAC AAA CTG CCG AAA TGG AAA CAG AAC AAA TTC AAA ATG GCG GTT CAG CTG TTT,-0.1616955107180419
CCG GCG CAC CCG TAC GAC CGT CTG AAA ACC ACC TCT ACC GAT CCG GTT TCC GAC ATT GAT GTG ACC CGC CGT CTG GCG TAC CTG TCT TCT GAG GAA TTC AAA GAG AAG TTC GGT ATG ACC AAG GAA GCG TTC TAC AAA CTG CCG AAA TGG AAA CAG AAC AAA TTC AAC ATG GCG GTT CAG CTG TTC,0.7226230871350661
CCG GCG CAC CCG TAC GAC CGT CTG AAA ACC ACC TCT ACC GAC CCG GTT TCT GAC ATC GAC GTT ACC ATG CGT TGG GCG TAC CTG TCT TCT GAA GAA TTC AAG GAG AAG TTC GGT ATG ACC AAG GAA GCG TTC TAC AAA CTG CCG AAA TGG AAA CAG AAC AAA TTC AAA ATG GCG GTT CAG CTG TTC,0.9120887376056488
CCG GCG CAC CCG TAC GAC CGT CTG AAA ACC ACC TCT ACC GAC CCG GTT TCC GAC ATC GAC GTT ACC CGT CGT GAA GCG TAC CTC TCT TCT GAA GAA TTC AAG GAA AAG TTC GGT ATG ACC AAA GAG GCG TTC CCG AAA CTG CCG AAA TGG AAA CAG AAC AAA TTC AAA ATG GCG GTT CAG CTG TTC,-4.471386610494118
CCA GCG CAC CCA TAC GAC CGT CTC AAA ACC ACC TCT ACC GAC CCG GTT TCT GAC ATC GAC GTT ACC GGT CGT GAA GCG TAT CTC TCT TCC GAA GAA TTC AAA GAA AAA TTC GGC ATG ACC AAG GAA GCG TTC TAC AAA CTG CCG AAA TGG AAG CAG AAT AAG TTC GGT ATG GCG GTG CAG CTC TTC,0.3581346177609108
CCG GCG CAC CCG TAC GAC CGT CTG AAA ACC ACT TCT ACC GAC CCG GTT TCT GAC ATT GAC GTT ACC CGC CGT ACC GCG TAC CTG TCT TCT GAA GAG TTC AAA GAA AAA TTC GGT ATG ACC AAG GAG GCG TTC CCG AAA CTG CCG AAA TGG AAA CAG AAC AAA TTC AAA ATG GCG GTT CAG CTG TTC,-2.396395017659147
CCA GCG CAT CCG TAC GAC CGT CTG AAA ACC ACC TCT ACC GAC CCG GTT TCT GAT ATC CTG GTT CAG CGT CGT GAA GCG TAC CTG TCT TCC GAG GAA TTC AAA GAA AAA TTC GGC ATG ACC AAA GAG GCG TTC TAC AAA CTG CCG AAA TGG AAA CAG AAC AAG TTC AAA ATG GCG GTG CAG CTG TTC,0.4788933402203045
CCG GCT CAC CCG TAC GAC CGT CTG AAA ACC ACC TCT ACC GAC CCG GTT TCT GAT ATC GAC GTT ACC CGT CGC GAT GCG TAC CTG TCT TCT GAA GAA TTC AAG GAA AAG TTC GGC ATG ACC AAA GAG GCG TTC TGG AAA CTG CCG AAA TGG AAA CAG AAC AAA TTC AAA ATG GCG GTT CAG CTG TTC,0.4823030050454437
CCG GCG CAT CCG TAT GAC CGT CTG AAA ACC ACC TCT ACC GAC CCG GTG TCT GAC ATC GAC GTT ACC CGT CGT GAA GCG TAC CTG TCT TCT GAA GAA TTC AAG GAG AAG TTC GGC ATG ACC AAG GAA GCG TTC TAT AAA CTG CCG AAA TGG AAA CAG AAC CCG TTC AAA ATG GCG GTT CAG CTG TTC,0.1262061028825213
CCG GCG CAC CCG TAC GAC CGT CTG AAA ACC ACC TCT ACC GAC CCG GTT TCT GAC ATC GAC GTT ACC GTT CGT CTG GCG TAC CTG TCT TCT GAA GAA TTC AAG GAG AAA TTC GGC ATG ACC AAA GAA GCG TTC TAC AAA CTG CCG AAA TGG AAA CAG AAC AAA TTC AAA ATG GCG GTT CAG CTG TTC,0.9789491872337897
CCG GCG CAC CCG TAC GAC CGT CTG AAA ACC ACC TCT ACC GAC CCG GTT TCT GAC ATC GAC GTT ACT CCG CGT CAC GCG TAC CTC TCT TCT GAA GAA TTC AAG GAG AAA TTC GGT ATG ACC AAG GAA GCG TTC TAC AAA CTG CCG AAA TGG AAA CAG AAC AAA TTC AAA ATG GCG GTT CAG CTG TTC,0.6825869383956249
CCG GCG CAC CCG TAC GAC CGT CTG AAA ACC ACC TCT ACT GAC CCG GTT TCT GAC ATC GAC GTT ACT GGT CGT CAC GCG TAC CTG TCT TCT GAA GAA TTC AAG GAA AAG TTC GGC ATG ACC AAA GAA GCG TTC TAC AAA CTG CCG AAA TGG AAA CAG AAC AAA TTC AAA ATG GCG GTT CAG CTG TTC,0.4992674503761891
CCG GCG CAC CCG TAC GAC CGT CTG AAA ACC ACT TCT ACC GAC CCG GTT TCT GAC ATT GAC GTT ACC CGT CGT GAG GCG TAC CTG ATC TCT GAA GAC TTC AAG GAG AAA TTC GGT ATG ACC AAA GAG GCG TTC TAC AAA CTG CCG AAA TGG AAA CAG AAC AAA TTC AAA ATG GCG GTT CAG CTG TTC,0.2563452555483904
CCG GCG CAC CCG TAC GAC CGT CTG AAA ACC ACC TCT ACT GAC CCG GTT TCT GAC ATC GAC GTT ACC GAC CGT GAA GCG TAC CTG TCC TCT GAG GAG TTC AAA GAG AAG TTC GGC ATG ACC AAA GAA GCG TTC CCG AAA CTG CCG AAA TGG AAA CAG AAC AAA TTC AAA ATG GCG GTT CAG CTG TTC,-1.9695709045967629
CCA GCG CAC CCG TAC GAC CGT CTG AAA ACC ACC TCT ACT GAC CCG GTT TCT GAC ATC GAC GTT ACC ATG CGT GAA GCG TAC CTC TCC TCC GAG GAA TTC AAA GAA AAA TTC GGT ATG ACC AAG GAA GCG TTC TAC AAA CTC CCA AAA TGG AAA CAG AAC AAG TTC TCT ATG GCG GTT CAG CTG TTC,0.5454824430360881
CCG GCG CAT CCA TAC GAC CAC CTG AAA ACC ACC TCT ACC GAA CCA GTT TCT GAC ATT GAC GTT ACC CGT CGT GAA GCG TAC CTG TCT TCC GAA GAA TTC AAG GAA AAG TTC GGC ATG ACC AAA GAA GCG TTC TAC AAA CTG CCG AAG TGG AAA CAG AAC AAA TTC AAA ATG GCG GTT CAG CTG TTC,0.7912512022726901
CCG GCG CAT CCA TAC GAC CGT CTG AAA ACC ACC TCT ACC GAC CCA GTT TCT GAC ATC GAC GTT ACC CGT CGC AAC GCG TAC CTG TCT TCT GAA GAA TTC AAG GAA AAG TTC GGC ATG ACC AAA GAA GCG TTC TAC AAA CTG CCG AAA TGG AAA CAG AAC AAA TTC GCG ATG GCT GTT CAG CTG TTC,0.8055718403618892
CCG GCG CAC CCG TAC GAC CGT CTG AAA ACC ACC TCT ACT GAC CCG GTT TCT GAC ATT GAC GTT ACC CGC CGT GAA GCG TAC CTG CTC TCT GAG AAA TTC AAG GAG AAG TTC GGT ATG ACC AAG GAA GCG TTC TAC AAA CTG CCG AAA TGG AAA CAG AAC AAG TTC AAA ATG GCG GTT CAG CTG TTC,0.2747643414781994
CCG GCG CAC CCG TAC GAC CGT CTG AAA ACC ACC TCT ACC GAC CCG GTT TCT GAC ATC GAC GTT ACC CAG CGC GAA GCG TAC CTG TCT TCT GAA GAG TTC AAG GAA AAG TTC GGT ATG ACC AAA GAG GCG TTC TAC AAA CTG CCG AAA TGG AAA CAG AAC AAA TTC ACC ATG GCT GTT CAG CTC TTC,0.4371150945736366
CCG GCG CAT CCG TAC GAC CGT CTG AAA ACT ACC TCT ACT GAC CCA GTT TCT GAC ATC GAC GTG ACC CGT CGT GCG GCG TAC CTG TCT TCT GAG GAA TTC AAA GAG AAA TTC GGC ATG ACC AAG GAA GCG TTC TAC AAA CTG CCG AAA TGG AAA CAG AAC AAA TTC ACC ATG GCG GTT CAG CTG TTT,0.7082120747043397
CCG GCG CAT CCG TAC GAA CGC CTG ACC ACC ACT TCT ACC GAC CCG GTT TCT GAC ATT GAC GTT ACC CGT CGT GAG GCG TAT CTC TCT TCT GAA GAG TTC AAA GAA AAG TTC GGC ATG ACC AAA GAG GCT TTC TAC AAA CTG CCG AAA TGG AAA CAG AAC AAA TTC AAA ATG GCT GTT CAA CTG TTC,1.357893903945988
CCG GCG CAC CCG TAC GAC CGT CTG GAA ACC ACC TCT ACT GAC CCG GTT TCT GAC ATT GAC GTT ACC CGC CGT GAA GCG TAC CTG TCC TCT GAG GAA TTC AAG GAA AAA TTC GGT ATG ACC AAG GAG GCG TTC TAC AAA CTG CCG AAA TGG AAA CAG AAC AAA TTC AAA ATG GCG GTT CAG CTG TTC,0.960240728841504
CCA GCG CAC CCG TAC GAC CGT CTG AAA ACC ACC TCT ACC GAC CCG GTT TCT GAC ATC GAC GTT ACC CGT CGT GAG GCG TAC CTG TCT TCT GAA GAG TTC AAA GAA AAG TTC GGC ATG ACC AAG GAA GCG TTC TAC AAA CTG CCG AAA TGG ACC CAG AAC AAA TTC AAA ATG GCG GTT CAG CTC TTC,1.1882333090030812
CCA GCG CAC CCG TAC GAC CGT CTG AAA ACC ACC TCT ACC GAC CCG GTT TCT GAC ATC GAC GTT ACC CGT CGT AAA GCG TAC CTG TCT TCC GAA GAA TTC AAA GAA AAG TTC GGC ATG ACC AAA GAG GCG TTC TAC AAA CTG CCG AAA TGG AAG CAG AAC AAA TTC TAC ATG GCT GTT CAG CTG TTC,0.8818086759556392
CCA GCG CAC CCG TAC GAC CGT CTG AAA ACC ACC TCT ACC GAC CCA GTT TCT GAC ATC GAC GTT ACC CGT CGT ATC GCG TAC CTC TCC TCC GAA GAG TTC AAA GAG AAA TTC GGT ATG ACC AAG GAG GCG TTC TAC AAG CTG CCG AAA TGG AAA CAA AAC AAA TTC ATC ATG GCT GTT CAG CTG TTC,1.2603598546373118
CCG GCG CAC CCG TAC GAC CGT CTG AAA ACC ACC TCT ACC GAC CCG GTT TCT GAC ATC GAC GTT ACC GTT CGT GGT GCG TAC CTG TCT TCT GAA GAA TTC AAA GAG AAG TTC GGT ATG ACC AAG GAA GCG TTC TAC AAA CTG CCG AAA TGG AAA CAG AAC AAA TTC AAG ATG GCG GTT CAG CTG TTC,0.6444497011557311
CCG GCT CAC CCG TAC GAC CGT CTG AAA ACC ACC TCT ACC GAC CCG GTT TCT GAC ATC GAC GTT ACC CGT CGT GAA GCG TAC CTG GGT TCT GAA GTT TTC AAA GAA AAA TTC GGC ATG ACC AAG GAA GCG TTC TAC AAG CTG CCG AAA TGG AAA CAG AAC AAA TTC AAA ATG GCG GTT CAG CTG TTC,0.538262107031392
CCA GCG CAC CCG TAC GAC CGT CTG AAA ACT ACC TCT ACC GAC CCG GTT TCT GAC ATT GAC GTT ACC CGT CGT GTT GCG TAC CTG TCC TCT GAG GAA TTC AAG GAA AAA TTC GGT ATG ACC AAG GAG GCG TTC TAC AAA CTG CCG AAA TGG AAG CAG AAT AAG TTT GCG ATG GCG GTT CAG CTG TTC,1.1746027373089
CCG GCT CAC CCG TAC GAC CGT CTG AAA ACC ACC TCT ACC GAC CCG GTT TCT GAC ATC ACC GTT GCG CGT CGT GAA GCG TAC CTG TCT TCT GAG GAG TTC AAA GAG AAG TTT GGT ATG ACC AAA GAA GCG TTC TAC AAA CTG CCG AAG TGG AAA CAG AAC AAA TTC AAA ATG GCG GTT CAG CTC TTC,0.5463455837812645
CCG GCG CAC CCG TAC GAC CGT CTG AAA ACT ACC TCT ACC GAC CCG GTT TCT GAC ATT GAC GTT ACC CGT CGT GAA GCG TAC CTG TCC TCT GAG GAG TTC AAA GAA AAA TTC GGC ATG ACC AAA GAA GCG TTC TAC AAA CTG CCG AAA TGG AAA CAG AAC AAA TTC AAA TGG GCG GTT CAG CTG TTC,1.273126431716512
CCG GCG CAC CCG TAC GAC CGT CTG AAA ACC ACC TCT ACC GAC CCG GTT TCT GAC ATC GAC GTT ACC ATC CGT TTC GCG TAC CTG TCT TCT GAA GAA TTC AAG GAA AAG TTC GGT ATG ACC AAG GAG GCG TTC TAC AAA CTG CCG AAA TGG AAA CAG AAC AAA TTC AAA ATG GCG GTT CAA CTG TTC,0.8130443412021099
CCG GCG CAC CCG TAC GAC CGT CTG AAA ACC ACC TCT ACC GAT CCG GTT TCC GAC ATC GAC GTT ACT CGT CGT GAA GCG TAC CTC TCC TCT GAA GAG TTC AAG GAA AAA TTC GGT ATG ACC AAG GAG GCG AAC TAC AAA CTG CCG AAA TGG AAA CAG AAC AAA TTC AAA ATG GCT GTT CAG CTG TTC,-3.0895042612462627
CCG GCG CAT CCG TAC CGT CGT CTG TTC ACC ACC TCT ACC GAT CCG GTT TCT GAC ATT GAC GTT ACC CGT CGT GAA GCG TAC CTG TCC TCT GAA GAG TTC AAG GAG AAA TTC GGT ATG ACC AAG GAA GCG TTC TAC AAA CTG CCG AAA TGG AAA CAG AAC AAA TTC AAA ATG GCG GTT CAG CTG TTC,-0.8216673727582746
CCG GCG CAC CCG TAC GAC CGT CTG AAA ACC ACC TCT ACC GAC CCG GTT TCT GAC ATC GAC GTT ACC AAC CGT GAC GCG TAC CTG TCT TCT GAG GAA TTC AAG GAA AAA TTC GGC ATG ACC AAA GAG GCG TTC TAC AAA CTG CCG AAA TGG AAA CAG AAC AAA TTC AAA ATG GCG GTT CAG CTG TTC,0.5299525785863878
CCG GCG CAC CCG TAC GAC CGT CTG AAA ACC ACC TCT ACC GAC CCG GTT TCT GAC ATC GTT GTT GAC CGT CGT GAA GCG TAC CTC TCC TCT GAA GAG TTC AAA GAG AAA TTC GGT ATG ACC AAG GAA GCG TTC TAC AAA CTG CCG AAA TGG AAA CAG AAC AAA TTC AAA ATG GCG GTT CAA CTG TTC,0.6902614081395646
CCG GCG CAC CCG TAC GAC CGC CTG AAA ACC ACC TCT ACC GAC CCG GTT TCT GAC ATT GAC GTT ACT CGT CGT GAG GCG TAC CTG AAC TCT GAA GAC TTC AAG GAA AAG TTT GGC ATG ACC AAA GAA GCG TTC TAC AAA CTG CCG AAA TGG AAA CAG AAC AAA TTC AAA ATG GCT GTT CAG CTG TTC,0.6042023569515068
CCG GCG CAC CCG TAC GAC TAC CTG AAA ACC ACC TCT ACC AAC CCG GTT TCT GAT ATC GAC GTT ACC CGT CGT GAA GCG TAC CTG TCT TCT GAA GAG TTC AAA GAG AAG TTC GGT ATG ACC AAA GAA GCG TTC TAC AAG CTG CCG AAG TGG AAA CAG AAC AAA TTC AAA ATG GCG GTT CAG CTG TTC,0.8236210473190657
CCA GCG CAC CCG TAC GAC CGT CTG AAA ACC ACC TCT ACC GAC CCG GTT TCT GAT ATC GAC GTT ACC GGT CGC GAA GCG TAC CTG TCC TCT GAG GAG TTC AAA GAG AAA TTC GGC ATG ACC AAA GAG GCG TTT CCG AAA CTG CCG AAA TGG AAA CAG AAC AAA TTC AAA ATG GCG GTG CAG CTG TTC,-2.494498766052857
CCG GCT CAC CCA TAC GAC CGT CTG AAA ACC ACC TCT ACC GAC CCG GTT TCT GAC ATC GAC GTT ACC ATC CGT TAT GCG TAC CTC TCT TCT GAA GAA TTC AAG GAG AAG TTC GGT ATG ACC AAA GAA GCG TTC TAC AAA CTG CCG AAA TGG AAA CAG AAC AAA TTC AAA ATG GCG GTT CAG CTG TTC,0.8280633588233314
CCG GCT CAC CCG TAC GAC CGT CTG AAA ACC ACC TCT ACC GAC CCA GTT TCT GAC ATC GAC GTT ACC CGT CGT ATC GCG TAC CTG TCC TCT GAA GAA TTC AAG GAA AAA TTC GGC ATG ACC AAG GAA GCT TTC CAC AAA CTG CCG AAA TGG AAA CAG AAC AAG TTC AAA ATG GCG GTT CAG CTG TTC,0.7335131424357938
CCG GCG CAC CCA TAC GAC CGT CTC AAA ACC ACT TCT ACC GAC CCG GTT TCT GAT ATC GAC GTG ACT CGT CGT TTC GCG TAC CTG TCT TCT GAA GAG TTC AAA GAA AAG TTC GGT ATG ACC AAG GAG GCG TTC GAA AAA CTG CCG AAA TGG AAA CAG AAC AAG TTC AAG ATG GCG GTT CAG CTG TTC,0.7883746005393706
CCA GCG CAC CCA TAC GAC TGC CTG AAA ACC ACC TCT ACT CGT CCG GTG TCT GAC ATC GAC GTT ACC CGT CGT GAA GCG TAC CTG TCC TCC GAA GAG TTC AAG GAA AAA TTC GGT ATG ACC AAG GAG GCG TTC TAC AAA CTG CCG AAA TGG AAG CAG AAC AAA TTC AAG ATG GCG GTG CAG CTG TTC,1.4327755595867284
CCG GCT CAC CCA TAC GAC CGT CTG AAA ACT ACC TCT ACC GAC CCG GTT TCT GAC ATC GAC GTT ACT CCG CGT TTC GCG TAC CTC TCC TCT GAA GAG TTC AAG GAG AAG TTC GGT ATG ACC AAA GAG GCG TTC TAC AAG CTG CCG AAA TGG AAA CAG AAC AAA TTC AAA ATG GCG GTT CAG CTG TTC,0.712367407870448
CCG GCG CAC CCG TAC GAC CGT CTG AAA ACT ACC TCT ACC GAC CCG GTT TCT GAC ATT GAC GTT ACC CGT CGT GAA GCG TAC CTC TCC TCT GAA GAG TTC AAA GAG AAG TTC GGT ATG ACC AAG GAG GCG TTT GGT AAA CTG CCG AAA TGG AAA CAG AAC AAA TTC TCC ATG GCT GTT CAA CTG TTC,0.1221357861608079
CCA GCG CAT CCG TAT GGT CGT CTG AAC ACC ACC TCT ACC GAT CCG GTT TCT GAT ATC GAC GTT ACC CGT CGT GAA GCG TAC CTG TCT TCC GAG GAG TTC AAG GAA AAA TTC GGT ATG ACC AAA GAG GCG TTC TAC AAA CTG CCG AAA TGG AAA CAG AAC AAA TTC AAA ATG GCG GTT CAG CTG TTC,0.3119699349585457
CCG GCG CAC CCG TAC GAC CCG CTG AAA ACC ACC TCT ACC GAA CCA GTT TCC GAC ATT GAC GTT ACC CGT CGT GAA GCG TAC CTG TCC TCT GAG GAA TTC AAG GAG AAA TTC GGT ATG ACC AAG GAA GCG TTC TAC AAA CTG CCG AAA TGG AAA CAG AAC AAA TTC AAA ATG GCT GTT CAG CTG TTC,0.8123562656122694
CCG GCG CAT CCG TAC GAC CGT CTC AAA ACC ACC TCT ACC GAT CCG GTT TCT GAC ATT GAC GTT ACC CGT CGT GAA GCG TAC CTG GCG TCT GAG ATG TTC AAA GAA AAG TTC GGT ATG ACC AAA GAG GCG TTC TAC AAA CTG CCG AAA TGG AAA CAG AAC AAA TTC AAG ATG GCG GTT CAG CTG TTC,0.5006274009443645
CCA GCG CAC CCG TAC CCG CGT CTG CAC ACT ACC TCT ACC GAC CCG GTT TCT GAC ATT GAC GTT ACC CGT CGT GAG GCG TAC CTG TCT TCT GAG GAG TTC AAA GAG AAA TTC GGT ATG ACC AAA GAG GCG TTC TAC AAA CTG CCG AAA TGG AAA CAG AAC AAA TTC AAA ATG GCG GTT CAG CTG TTC,0.6947804503363026
CCA GCT CAC CCG TAC GAC CGC CTG AAG ACC ACC TCT ACC GAC CCG GTT TCT GAC ATC GAC GTT ACC CGT CGT GAA GCG TAC CTG TCT TCC GAG GAG TTC AAG GAA AAA TTC GGT ATG ACC AAA GAG GCG TTC GAG AAA CTG CCG AAG TGG AAA CAG AAC AAA TTC GAA ATG GCG GTG CAG CTG TTT,0.1487280273994236
CCG GCG CAC CCG TAC GAC CGT CTG AAA ACC ACC TCT ACC GAC CCG GTT TCT GAC ATC GAC GTT ACC TCT CGT GAA GCT TAC CTG TCC TCT GAA GAA TTC AAG GAG AAA TTC GGT ATG ACC AAA GAA GCG TTC CTG AAA CTG CCG AAA TGG AAA CAG AAC AAA TTC AAA ATG GCG GTT CAG CTG TTC,0.7668022991771123
CCG GCT CAC CCG TAC GAC CGT CTG AAA ACC ACC TCT ACC GAC CCG GTT TCT GAC ATC GAC GTT ACC CGT CGT TTC GCG TAC CTG TCT TCC GAA GAA TTC AAA GAG AAG TTC GGC ATG ACC AAA GAA GCG TTC TAC AAA CTG CCG AAA TGG AAA CAG AAC AAA TTC GAC ATG GCG GTT CAG CTG TTC,0.3976841933454322
CCG GCG CAC CCG TAC GAC CGT CTG AAA ACC ACC TCT ACC GAC CCG GTT TCT GAC ATC GAC GTT ACC CGT CGT GAA GCG TAC CTG TCT TCT GAA GAG TTC AAG GAG AAG TTC GGT ATG ACC AAG GAA GCG TTC CGT AAA CTG CCG AAA TGG AAA CAG AAC AAA TTC GGC ATG GCG GTG CAG CTG TTT,0.2410344619246675
CCG GCG CAC CCG TAC GAC CGT CTG AAA ACC ACC TCT GAA GAC CCG GTT TCT GAT ATC GAC GTT ACC CGT CGT GAG GCG TAC CTC TCT TCT GAG GAG TTC AAA GAA AAA TTC GGC ATG ACC AAG GAA GCG TTC TAC AAA CTG CCG AAG TGG AAG CAG AAC AAA TTC AAA ATG GCG GTT CAG CTG TTC,1.3576441870995306
CCG GCT CAC CCG TAC GAC GCT CTG AAG ACC ACC TCT ACT CCG CCG GTT TCT GAC ATC GAC GTT ACC CGT CGT GAA GCG TAC CTG TCC TCC GAG GAA TTC AAA GAG AAA TTC GGT ATG ACC AAG GAA GCG TTT TAC AAA CTC CCG AAA TGG AAA CAG AAC AAG TTC AAA ATG GCG GTT CAG CTG TTC,0.7821516516303775
CCG GCG CAC CCG TAC GAC CGT CTG AAA ACC ACC TCT ACC GAC CCG GTT TCT GAT ATC GAC GTT ACC TTC CGT CAG GCG TAC CTG TCC TCT GAA GAA TTC AAG GAA AAA TTC GGC ATG ACC AAA GAA GCG TTC TAC AAG CTG CCG AAA TGG AAA CAG AAC AAG TTC AAA ATG GCG GTT CAG CTG TTC,0.7344851468621405
CCG GCG CAT CCG TAC GAC CGT CTG AAA ACC ACC TCT ACC GAC CCA GTG TCT GAC ATC ACC GTT AAA CGT CGT GAA GCT TAC CTG TCT TCC GAA GAG TTT AAA GAG AAA TTC GGC ATG ACT AAG GAA GCG TTC TAC AAA CTG CCG AAA TGG AAG CAG AAC AAA TTC AAA ATG GCG GTT CAG CTG TTC,0.6546037802322788
CCA GCG CAC CCG TAC GAC CGT CTG AAA ACC ACC TCT ACT GAC CCG GTT TCT GAT ATC GAC GTT ACC CGT ATC GAA GCG TAC CTG TCC TCT GAA GAA TTC AAG GAG AAG TTC GGC ATG ACC AAG GAA GCG TTC TAC AAA CTG CCG AAA TGG AAA CAG AAC AAA TTC AAA ATG GCG GTG CAG CTG TTC,1.0916551229969509
CCG GCG CAC CCG TAC GAC CGT CTG AAA ACC ACC TCT ACC GAC CCG GTT AAA GAC ATC GAC GTT ACC CGT CGT GAA GCT TAC CTC TCT TCC GAA GAG TTC AAA GAG AAG TTC GGC ATG ACC AAA GAA GCG TTC TAC AAA CTG CCG AAG TGG AAA CAG AAC AAA TTC AAA ATG GCT GTT CAG CTG TTC,1.5045851098537062
CCG GCG CAC CCG TAC GAC CGT CTG AAA ACT ACC TCT ACC GAC CCG GTT TCT GAC ATC GAC GTT ACC GGT CGC AAC GCG TAT CTG TCT TCT GAG GAA TTC AAA GAG AAA TTC GGC ATG ACC AAG GAA GCG TTC TAC AAA CTG CCG AAA TGG AAA CAG AAC AAG TTC AAA ATG GCG GTG CAG CTG TTC,0.5278747241442718
CCG GCG CAC CCG TAC GAC CGT CTG AAA ACC ACC TCT ACC GAC CCA GTT TCT GAC ATC GTT GTT AAA CGT CGT GAA GCG TAC CTC TCT TCT GAA GAA TTC AAG GAG AAA TTC GGC ATG ACC AAA GAA GCG TTC TAC AAA CTG CCG AAG TGG AAA CAA AAC AAG TTC AAA ATG GCG GTT CAG CTG TTC,0.8880010839938056
CCG GCG CAC CCG TAC GAC CGC CTG AAA ACC ACC TCT ACC GAT CCG GTT TCT GAC ATC GAC GTT ACT CGT CGT GAA GCG TAC CTC TCC TCT GAG GAG TTC AAA GAA AAA TTC GGC ATG ACC AAG GAA CCG TTC TAC AAG CTG CCG AAA TGG AAA CAG AAC AAA TTC AAA ATG GCG GTT CAG CTG TTC,-0.2217936608899296
CCG GCG CAT CCG TAC GAC CGT CTG AAA ACC ACC TCT ACC GAC CCG GTT TCT GAC ATC GAC GTT ACC CGT CGT GAA GCG TAC CTG TCT TCC GAA GAA TTC AAA GAG AAG TTT GGT ATG CGC AAA GAA GCG TTC TAC AAG CTG CCG AAA TGG AAA CAG AAC AAA TTC AAG ATG GCG GTT CAG CTG TTC,0.4439408849805865
CCG GCG CAC CCG TAC GAC CGT CTG AAA ACT ACC TCT ACC GAC CCG GTT TCT GAC ATC GAC GTT ACC TGG CGT GAA GCG TAC CTG TCT TCT GAA GAG TTC AAG GAG AAG TTC GGT ATG ACC AAA GAG GCG TTC TAC AAA CTG CCG AAA TGG AAA CAG AAC AAA TTC GGC ATG GCG GTT CAG CTG TTC,0.2716495400029041
CCG GCG CAC CCG TAC GAC CGT CTG AAA ACC ACC TCT ACC GAC CCG GTT TCT GAC ATC GAC GTT ACC CGT CGT GTT GCG TAC CTG TCT TCT GAA GAG TTC AAA GAA AAG TTC GGC ATG ACC AAA GAA GCG TTC CGT AAA CTG CCG AAA TGG AAA CAG AAC AAA TTC AAA ATG GCG GTT CAG CTG TTC,0.9155535173739072
CCG GCG CAC CCG TAC GAC CGT CTG AAA ACC ACT TCT ACC GAC CCG GTT TCT GAC ATC GAC GTT ACC GAA CGT GAG GCG TAC CTG TCT TCT GAG GAA TTC AAA GAG AAG TTC GGC ATG ACC AAG GAA GCG TTT GAG AAA CTG CCG AAA TGG AAA CAG AAC AAA TTC AAG ATG GCG GTT CAG CTG TTC,0.5667730659643986
CCG GCG CAC CCG TAC GAC CGT CTG AAA ACC ACC TCT ACC GAC CCG GTT TCC GAC ATC GAC GTT ACC CGT CGT GAA GCT TAC CTG TCT TCT GAA GAG TTC AAG GAG AAG TTC GGT ATG ACC AAA GAA GCG TTC TAC AAA CTG CCG AAA TGG AAA CAG AAC AAA TTC AAA GGT GCG GTT CAA CTG TTT,0.5029070905065709
CCG GCG CAC CCG TAC GAC TGT CTG AAA ACC ACT TCT ACC GCG CCA GTT TCT GAC ATT GAC GTT ACC CGC CGT GAA GCG TAC CTG TCT TCC GAA GAG TTC AAA GAG AAG TTC GGT ATG ACC AAA GAG GCG TTC TAC AAA CTG CCG AAA TGG AAA CAG AAC AAA TTC AAA ATG GCT GTT CAG CTG TTC,1.4652688475356768
CCG GCG CAC CCG TAC GAC CGT CTG AAG ACC ACC TCT ACC GAC CCG GTT TCT GAC ATC GAC GTT ACC CGT CGT ATG GCG TAT CTG TCC TCC GAA GAG TTC AAG GAA AAG TTC GGT ATG ACC AAA GAG GCG TTT TAC AAA CTG CCG AAG TGG AAA CAG AAC AAG TTC AAC ATG GCG GTT CAG CTG TTC,0.5718025660882283
CCG GCG CAT CCG TAC GAC CGT CTG AAA ACC ACT TCT ACC GAC CCG GTT TCT GAT ATC GAC GTT ACC CGT CGT GAC GCG TAC CTC TCC TCT GAA GAA TTC AAA GAA AAG TTC GGC ATG ACC AAG GAG GCG TTC TAC AAA CTG CCG AAA TGG AAA CAG AAC AAA TTC CTG ATG GCG GTT CAG CTG TTC,0.7742095977200287
CCG GCG CAC CCG TAC GAC CGT CTG AAA ACC ACC TCT ACT GAC CCG GTT TCT GAC ATC GAC GTT ACC CAC CGT CAC GCG TAC CTG TCT TCC GAA GAG TTC AAA GAA AAA TTC GGC ATG ACC AAG GAG GCG TTC TAC AAA CTG CCG AAA TGG AAA CAG AAC AAA TTC AAA ATG GCG GTG CAG CTG TTT,0.7010931159930498
CCG GCG CAT CCG TAC GAC CGT CTG AAA ACC ACC TCT ACC GAT CCG GTT TCT GAT ATC GAC GTT ACC TAC CGT GAA GCG TAC CTG TCC TCC GAA GAA TTC AAG GAA AAA TTC GGT ATG ACC AAG GAG GCG TTC GTT AAA CTG CCG AAA TGG AAA CAG AAC AAA TTC AAA ATG GCG GTT CAG CTG TTC,0.5322593296195928
CCG GCT CAC CCA TAC CGT CGT CTG GGT ACC ACT TCT ACC GAC CCG GTT TCT GAC ATT GAC GTT ACC CGT CGC GAG GCG TAC CTG TCT TCC GAA GAG TTC AAA GAA AAA TTC GGT ATG ACC AAG GAG GCG TTC TAC AAA CTG CCG AAA TGG AAA CAG AAC AAA TTC AAG ATG GCT GTT CAG CTG TTC,-1.2907939256784935
CCG GCG CAC CCG TAC GAC TTC CTG AAA ACC ACC TCT ACT CCG CCA GTT TCT GAC ATT GAC GTT ACC CGT CGT GAG GCG TAC CTG TCT TCT GAG GAA TTC AAG GAA AAG TTC GGC ATG ACC AAA GAA GCG TTC TAC AAA CTG CCG AAA TGG AAA CAG AAC AAA TTC AAA ATG GCG GTT CAG CTG TTT,0.6797349651902658
CCG GCG CAC CCG TAC GAC CGT CTG AAA ACC ACC TCT ACC GAC CCG GTT TCT GAC ATC GAC GTT ACC TCT CGT GAA GCT TAC CTG TCT TCT GAA GAG TTC AAG GAA AAG TTC GGT ATG ACC AAG GAA GCG TTC GCT AAA CTG CCG AAA TGG AAA CAG AAC AAA TTC AAA ATG GCG GTT CAG CTG TTC,0.5842720762540619
CCG GCG CAC CCG TAC GAC CGT CTG AAA ACT ACC TCT ACC GAC CCG GTT TCT GAC ATT GAC GTT ACC CGC CGT GAG GCG TAC CTC TCT TCT GAG GAG TTC AAA GAA AAA TTC GGC ATG ACC AAG GAG GCG TTC TAC AAA CTG CCG AAA TGG AAA CAG AAC AAA TTC AAA ATG GCG GTT CAG ATG TTT,1.1477541739902424
CCA GCG CAC CCG TAC GAC CGT CTG AAA ACC ACC TCT ACC GAC CCG GTT TCT GAT ATT ATG GTT CTG CGC CGT GAA GCG TAC CTG TCC TCT GAA GAA TTC AAG GAA AAA TTC GGC ATG ACC AAA GAA GCG TTC TAC AAA CTG CCG AAA TGG AAA CAG AAC AAG TTC AAA ATG GCG GTT CAG CTG TTC,0.3473601103723193
CCG GCG CAC CCG TAC GAC CCG CTG AAA ACC ACT TCT ACC CTC CCG GTT TCT GAC ATC GAC GTT ACC CGT CGT GAA GCG TAC CTC TCT TCT GAG GAA TTC AAG GAG AAG TTC GGT ATG ACC AAA GAA GCG TTC TAC AAA CTG CCG AAA TGG AAA CAG AAC AAA TTC AAA ATG GCG GTT CAG CTG TTC,0.8441431542520086
CCA GCT CAC CCG TAC GAC CGT CTG AAA ACC ACC TCT ACC GAC CCG GTT TCC GAC ATT GAC GTT ACC CGT CGT TTC GCT TAC CTC TCT TCT GAG GAA TTC AAA GAG AAG TTC GGC ATG ACC AAA GAG GCG TTC TAC AAG CTG CCG AAA TGG AAA CAG AAC AAA TTC ATC ATG GCG GTT CAG CTG TTC,1.2928431250567252
CCA GCG CAC CCG TAC GAC CGT CTG AAA ACC ACC TCT ACC GAT CCG GTT TCT GAC ATC GAC GTT ACT CGT CGT GAA GCG TAC CTC TCC TCT GAA GAG TTC AAA GAG AAG TTC GGT ATG ACC AAG GAA GCG TTC TAC AAG CTG CCG AAA TGG AAA GTG AAC AAA TTC AAA ATG GCG GTG CAG CTG TTC,0.0266318377660969
CCG GCG CAT CCG TAC GAC CGT CTG AAA ACC ACC TCT ACC GAT CCG GTG TCC GAT ATT GAC GTT ACC CGT CGT TAT GCG TAC CTG TCT TCT GAA GAA TTC AAG GAG AAA TTC GGC ATG ACC AAA GAA GCG TTT GCG AAA CTG CCG AAA TGG AAA CAG AAC AAA TTC AAA ATG GCG GTT CAA CTG TTC,0.6485189294137699
ACC GCG CAC CCG TAC GAC CGT CTG AAA ACC ACC TCT ACC GAC CCA GTT TCT GAT ATC GAC GTT ACC CGT CGT GAA GCG TAC CTG TCC TCT GAA GAA TTC AAG GAA AAA TTC GGC ATG ACC AAA GAA GCG TTC TAC AAA CTC CCG AAG TGG AAA CAG AAC AAA TTC AAA ATG GCG GTT CAG CTG TTC,1.250907904685695
CCG GCG CAC CCG TAC GAC CGT CTG AAA ACC ACT TCT ACC GAC CCG GTT TCT GAC ATC GAC GTT ACC CGT CGT GAA GCG TAC CTG TCT TCC GAA GAG TTC AAA GAA AAA TTC GGC ATG ACC AAG GAA GCT TTC GTT AAA CTG CCG AAA TGG AAA CAG AAC AAA TTC CGT ATG GCG GTT CAG CTG TTC,0.5534769302734471
CCA GCG CAC CCG TAC GAC CGT CTG AAA ACC ACT TCT ACC GAC CCG GTT TCT GAC ATC GAC GTT ACC CGT CGT TGG GCG TAC CTG TCT TCT GAG GAA TTC AAA GAG AAA TTC GGC ATG ACC AAA GAG GCG TTT ATG AAA CTG CCG AAA TGG AAA CAG AAC AAG TTC AAA ATG GCG GTG CAG CTG TTC,0.7473291758930714
CCG GCG CAC CCG TAC GAC CGT CTG AAA ACC ACT TCT ACC GAC CCG GTT TCT GAC ATC GAC GTG ACC CGC CGT CAG GCG TAC CTG TCT TCT GAG GAA TTC AAG GAA AAA TTC GGT ATG ACC AAG GAG GCG TTC GAC AAA CTG CCG AAA TGG AAA CAG AAC AAA TTC AAA ATG GCG GTG CAG CTG TTC,0.4388742924478093
CCG GCG CAC CCG TAC GAC CGT CTG AAA ACT ACC TCT ACC GAC CCG GTT TCT GAC ATT GAC GTT ACC CGT CGT GAG GCG TAC CTG ATC TCT GAA GAG TTC AAG GAA AAA TTC GGC ATG ACT AAA GAG GCG TTC TAC AAA CTG CCG AAA TGG AAA CAG AAC AAA TTC AAA ATG GCG GTT CAG CTG TTC,0.3128450441684544
CCG GCG CAC CCG TAC GCT CGT CTG GAA ACC ACC TCT ACC GAC CCG GTT TCT GAT ATC GAC GTT ACC CGT CGC GAA GCG TAC CTG TCT TCC GAA GAA TTC AAG GAG AAG TTC GGT ATG ACC AAA GAG GCG TTC TAC AAA CTG CCG AAA TGG AAA CAG AAC AAA TTC AAA ATG GCG GTT CAG CTG TTC,0.1845726660593744
CCG GCG CAC CCG AAA GAC CGT CTG AAA ACC ACC TCT ACT GAC CCG GTT TCT GAC ATT GAC GTT ACC CGC CGT GAA GCG TAC CTG TCC TCT GAA GAG TTC AAG GAA AAA TTC GGT ATG ACC AAG GAG GCG TTC TAC AAA CTG CCG AAA TGG AAA CAG AAC AAA TTC AAA ATG GCG GTT CAG CTG TTT,0.7675174076211284
CCG GCG CAC CCG TAC GAC CGT CTG AAA ACT ACC TCT ACC GAC CCG GTT TCC GAC ATC GAC GTT ACT CGC CGT CAG GCG TAC CTG TCT TCC GAG GAA TTC AAG GAG AAA TTC GGT ATG ACC AAG GAA GCG TTC TAC AAA CTG CCG AAA TGG AAA CAG AAC AAA TTC TTT ATG GCG GTT CAG CTG TTC,0.8580417429923862
CCG GCG CAC CCG TAC GAC CGT CTG AAA ACC ACT TCT ACC GAC CCG GTT TCT GAC ATT GAC GTT ACC CGT CGC GAG GCG TAC CTG ATC TCC GAA GTG TTT AAA GAA AAG TTC GGC ATG ACC AAG GAG GCG TTC TAC AAA CTG CCG AAA TGG AAA CAG AAC AAA TTC AAA ATG GCG GTT CAG CTG TTC,0.5685625557722148
CCG GCG CAT CCG TAC GAC CGT CTG AAA ACC ACC TCT ACC GAT CCG GTT TCT GAC ATC GAC GTT ACC CGT CGC GAA TTC TAC CTG TCT TCC GAA GAA TTC AAG GAG AAG TTC GGC ATG ACC AAA GAG GCG TTT TAC AAA CTC CCG AAA TGG AAA CAG AAC AAG TTC AAA ATG GCG GTT CAG CTG TTT,1.1915194557458268
CCG GCG CAC CCG TAC CCG CGT CTG GGT ACC ACC TCT ACC GAC CCA GTT TCT GAT ATC GAC GTT ACC CGT CGT GAG GCG TAC CTG TCT TCT GAG GAG TTC AAA GAA AAA TTC GGC ATG ACT AAG GAA GCG TTC TAC AAA CTG CCG AAA TGG AAA CAG AAC AAA TTC AAA ATG GCT GTT CAG CTG TTT,0.697001934484424
CCA GCT CAC CCG TAC GAC GGT CTG AAA ACC ACC TCT ACC TAC CCG GTT TCT GAT ATC GAT GTT ACT CGT CGT GAA GCG TAC CTC TCC TCT GAG GAG TTC AAA GAA AAA TTC GGC ATG ACC AAG GAG GCG TTC TAC AAA CTG CCG AAA TGG AAA CAA AAC AAA TTC AAA ATG GCT GTG CAG CTG TTC,0.6813858092891052
CCG GCT CAC CCG TAC GAC CGT CTG AAA ACC ACC TCT ACC GAC CCG GTT TCT GAC ATC GAC GTT ACC ATG CGT GAA GCG TAC CTG TCT TCC GAG GAA TTC AAA GAA AAG TTC GGT ATG ACC AAG GAA GCG TTT ATG AAG CTG CCA AAG TGG AAA CAG AAC AAG TTC AAA ATG GCG GTT CAG CTG TTC,0.7292331927254346
CCG GCG CAT CCG TAC GAC ACC CTG AAA ACC ACT TCT ACC GAA CCA GTT TCT GAC ATC GAC GTT ACC CGT CGT GAA GCG TAC CTG TCC TCC GAG GAA TTC AAG GAA AAA TTC GGT ATG ACC AAA GAG GCG TTC TAC AAA CTG CCG AAG TGG AAA CAG AAC AAA TTC AAA ATG GCG GTT CAG CTG TTC,0.7449144370771166
CCG GCT CAC CCG TAC GAC CGT CTG AAA ACC ACC TCT ACC GAC CCA GTT TCT GAC ATC GAC GTT ACC CGC CGT GAG GCG TAT CTG TCT TCT GAG GAG TTC AAA GAA AAG TTC GGT ATG ACC AAG GAA GCG TTC TAC CAC CTG CCG AAA TGG AAG CAG AAC AAA TTC AAA ATG GCT GTT CAG CTG TTT,1.316796508086643
CCA GCG CAC CCG TAC GAC GAC CTG AAA ACC ACC TCT ACC TAT CCG GTT TCT GAC ATC GAC GTT ACC CGT CGT GAA GCG TAC CTG TCT TCC GAA GAA TTC AAG GAA AAA TTC GGC ATG ACC AAA GAA GCG TTC TAC AAG CTG CCG AAA TGG AAA CAG AAC AAA TTC AAA ATG GCG GTT CAG CTG TTC,0.7937067363396859
CCA GCG CAC CCG TAC GAC CGT CTG AAA ACC ACC TCT ACC GAT CCG GTT TCT GAC ATC GAC GTT ACC CGT CGT GAA GCG TAC CTG TCC TCT GAA GAG TTC AAA GAA AAA TTC GGC ATG ACC AAA GAA GCG TTC GGT AAA CTG CCG AAA TGG AAA CAG AAC AAA TTC ATC ATG GCG GTG CAG CTG TTC,0.610827219204084
CCA GCG CAC CCG TAC GAC CGT CTG AAA ACC ACC TCT ACC GAT CCG GTT TCT GAC ATC GAC GTT ACT CGT CGT TGC GCG TAC CTG TCC TCT GAA GAA TTC AAA GAG AAA TTC GGT ATG ACC AAG GAG GCG TTC TAC AAG CTG CCG AAA TGG AAA CAG AAC AAG TTC AAA ATG GCT GTT CAG CTG TTC,1.2224796810820748
CCG GCG CAC CCG TAC AAC CGT CTG CCG ACC ACC TCT ACC GAC CCG GTG TCT GAC ATC GAC GTT ACC CGT CGT GAA GCG TAC CTC TCT TCT GAA GAA TTC AAG GAA AAG TTC GGT ATG ACC AAG GAA GCG TTC TAC AAA CTG CCG AAA TGG AAA CAG AAC AAA TTC AAA ATG GCG GTT CAG CTG TTC,0.2587717279266505
CCG GCG CAC CCG TAC GAC CGT CTG AAA ACT ACC TCT ACC GAC CCG GTT TCT GAC ATT GAC GTT ACC CGT CGT GAA GCG TAC CTC TCC AAC GAA GAG TTC AAA GAA AAG TTC GGC ATG ACT AAG GAA GCG TTT TAC AAA CTG CCG AAA TGG AAA CAG AAC AAA TTC AAA ATG GCG GTT CAG CTG TTC,1.5657756594951038
CCG GCT CAC CCG TAC GAC CGT CTG AAA ACC ACC TCT ACC GAC CCG GTT TCT GAC ATC GAC GTT ACC TGG CGT ATT GCG TAC CTG TCT TCC GAA GAG TTC AAG GAA AAA TTC GGC ATG ACC AAG GAA GCG TTC TAC AAG CTG CCG AAA TGG AAA CAG AAC AAA TTC AAA ATG GCG GTT CAG CTG TTC,0.8835896036488726
CCG GCT CAT CCG TAC CTG CGT CTG TAC ACC ACC TCT ACC GAC CCG GTT TCT GAT ATC GAC GTT ACC CGT CGT GAA GCG TAC CTC TCC TCT GAA GAG TTC AAA GAA AAG TTC GGC ATG ACC AAA GAA GCG TTC TAC AAG CTG CCG AAA TGG AAA CAG AAC AAA TTC AAA ATG GCG GTT CAG CTG TTC,0.1981158292196344
CCA GCG CAC CCG TAC GAC CGT CTG AAA ACC ACC TCT ACC GAC CCG GTT TCT GAT ATC GAC GTT ACC CGT CGT GAA GCG TAC CTG TCC TCC GAG GAA TTC AAG GAG AAA TTC GGT ATG ACC AAG GAA GCG TTT TAC AAG CTC CCG AAA TGG AAG CAG AAC AAA TTC AAA ATG GCG GTT CAA CTC ATG,1.4129417383890632
CCG GCT CAC CCG TAC GAC CGC CTG AAA ACC ACC TCT ACC GAC CCG GTT TCT GAT ATC GAC GTT ACC CGC CGT ACC GCT TAC CTC TCC TCT GAA GAA TTC AAG GAG AAA TTC GGC ATG ACC AAG GAA GCT TTC CTG AAA CTG CCG AAA TGG AAA CAG AAC AAG TTC AAA ATG GCT GTT CAG CTG TTC,0.7598757771529564
CCG GCT CAC CCG TAC GAC CGT CTG AAA ACC ACC TCT ACC GAT CCG GTT TCT GAC ATT GAC GTT ACC CGT CGT GAA GCG TAC CTC TCC TCT GAG GAG TTC AAA GAG AAG TTC GGT ATG ACC AAA GAA GCG TTC TAC AAG CTC ATC AAG TGG AAA CAG AAC AAA TTC AAA ATG GCG GTT CAG CTG TTC,-0.2662043107931634
CCG GCG CAC CCG TAC GAC CGT CTG AAA ACC ACC TCT ACC GAC CCG GTT TCT GAC ATC GAC GTT ACC GTT CGT GAA GCG TAC CTC TCC TCT GAA GAG TTC AAA GAA AAA TTC GGC ATG ACC AAA GAA GCG TTC TAC AAA CTG CCG AAA TGG AAG CAG AAC AAA TTC CTG ATG GCG GTG CAG CTG TTC,1.0215685918601416
CCG GCT CAC CCG TAC GAC CGT CTG AAA ACC ACC TCT ACC GAC CCG GTT TCT GAC ATC GAC GTT ACC CGT CGT GGC GCG TAC CTG TCT TCC GAA GAG TTC AAA GAA AAA TTC GGC ATG ACC AAG GAA GCG TTC CAC AAA CTG CCG AAA TGG AAA CAG AAC AAA TTC AAA ATG GCG GTG CAG CTG TTC,0.6964164499284972
CCG GCG CAT CCG TAC GAC CGT CTG AAA ACC ACC TCT ACC GAT CCG GTT TCT GAC ATT GAC GTT ACC CGT CGT GAA GCG TAC CTG TCC TCC GAA GAG TTC AAA GAA AAA TTC GGC ATG ACC AAA GAA GCG TTC GGT AAA CTG CCG AAA TGG AAA CAG AAC AAA TTC TTC ATG GCG GTT CAG CTG TTC,0.5970520570906728
CCG GCG CAC CCG TAC CCG CGT CTG TGC ACC ACC TCT ACC GAC CCG GTG TCT GAC ATC GAC GTT ACC CGT CGT GAA GCG TAC CTG TCT TCT GAA GAG TTC AAA GAG AAA TTC GGT ATG ACC AAG GAA GCG TTC TAC AAA CTG CCG AAA TGG AAG CAG AAT AAG TTC AAG ATG GCG GTG CAG CTG TTT,1.0597381132732189
CCA GCT CAC CCG TAC GAC CGT CTG AAA ACC ACC TCT ACC GAC CCG GTT TCT GAC ATC GAC GTT ACC CGT CGT GAA GCG TAC CTG TCT TCC GAG GAA TTC AAA GAA AAA TTC GGC ATG ACC AAA GAA GCG TTC GAA AAG CTG CCG AAA TGG AAA CAG AAC AAA TTC CTG ATG GCG GTG CAA CTG TTC,0.7963863496514905
CCG GCG CAT CCA TAC GAC CGT CTG AAA ACC ACC TCT ACC GAT CCA GTT TCT GAC ATT GAC GTG ACC CGT CGT GAA GCG TAC CTG TCC TCC GAA GAG TTC AAA GAG AAA TGG GGC ATG ACT AAG GAG GCG TTC TAC AAG CTG CCG AAA TGG AAG CAA AAC AAA TTC AAA ATG GCG GTT CAG CTG TTC,0.5377066544313411
CCG GCG CAC CCG TAC GAC CGT CTG AAA ACC ACC TCT ACC GAC CCG GTT TCT GAC ATC GAC GTT ACC CGT CGT GAA GCG TAC CTG TCT TCC GAA GAA TTC AAA GAG AAA TTC GGC ATG ACC AAA GAA GCG TTT AAC AAA CTG CCG AAA TGG AAA CAG AAC AAA TTC GTT ATG GCG GTT CAG CTG TTC,0.5211243578890208
CCG GCT CAC CCG TAC GAC CGT CTC AAA ACC AAA TCT ACT GAC CCG GTT TCT GAT ATC GAC GTT ACC CGC CGT GAG GCG TAC CTG TCT TCC GAA GAA TTC AAG GAA AAG TTC GGT ATG ACC AAA GAG GCG TTC TAC AAA CTG CCG AAA TGG AAA CAA AAC AAA TTC AAA ATG GCG GTT CAG CTG TTT,0.5446588349395927
CCA GCT CAC CCG TAC GAC CGC CTC AAA ACC ACC TCT ACC GAC CCG GTT TCT GAC ATC GAC GTG ACC CGT CGT GAA GCG TAC CTG TCC TCT GAA GAG TTC AAA GAA AAA TTC GGT ATG TGC AAG GAA GCG TTC TAC AAG CTG CCG AAA TGG AAA CAG AAC AAA TTC AAA ATG GCT GTT CAG CTG TTC,1.3503968844510208
CCA GCT CAC CCG TAC GAC CGT CTG AAA ACC ACC TCT ACC GAT CCG GTT TCT GAC ATT GAC GTT ACC CGT CGT GCG GCG TAC CTG TCC TCT GAA GAA TTC AAG GAG AAA TTT GGC ATG ACC AAG GAA GCG TTC TAC AAA CTG CCG AAG TGG AAA CAG AAC AAA TTC ATG ATG GCT GTT CAG CTG TTC,1.1049333626561613
CCG GCG CAT CCG TAT GTT CGT CTG GTT ACC ACC TCT ACT GAC CCG GTT TCT GAC ATT GAC GTT ACC CGT CGT GAA GCG TAC CTG TCT TCC GAA GAG TTC AAG GAA AAA TTC GGT ATG ACC AAG GAG GCG TTC TAC AAA CTG CCG AAA TGG AAA CAG AAC AAA TTC AAA ATG GCG GTG CAA CTG TTT,0.5652272413031489
CCG GCG CAC CCG TAC GAC CCG CTG AAA ACC ACC TCT ACC CGT CCG GTT TCC GAC ATC GAC GTG ACC CGC CGT GAA GCG TAC CTG TCT TCC GAG GAA TTC AAG GAA AAA TTC GGC ATG ACC AAA GAG GCG TTC TAC AAG CTG CCG AAA TGG AAA CAG AAC AAA TTC AAA ATG GCG GTG CAG CTG TTC,0.834284265875282
CCG GCG CAC CCG TAC GAC CGT CTC AAA ACC ACC TCT ACC GAT CCG GTT TCT GAC ATT GAC GTT ACC CGC CGT GAA GCG TAC CTC CGT TCT GAA CGT TTC AAA GAA AAA TTC GGC ATG ACC AAA GAA GCG TTC TAC AAA CTG CCG AAA TGG AAA CAG AAC AAA TTC AAA ATG GCG GTT CAG CTC TTC,0.2980854407149174
CCG GCG CAC CCG TAC GAC CGT CTG AAA ACC ACC TCT ACC GAC CCG GTT TCT GAC ATC GAC GTT ACC CAC CGT GAA GCT TAC CTG TCT TCC GAA GAA TTC AAG GAA AAA TTC GGC ATG ACC AAA GAA GCG TTT ATG AAG CTG CCG AAA TGG AAA CAG AAC AAG TTC AAA ATG GCG GTT CAG CTG TTC,0.7177102339362442
CCA GCG CAC CCG TAC GAC CGT CTG AAA ACC ACC TCT ACC GAC CCG GTT TCT GAC ATC GAC GTT ACC CGT CGT GAG GCT TAT CTG ACC TCT GAA CTG TTC AAA GAA AAA TTC GGC ATG ACC AAA GAA GCG TTC TAC AAA CTG CCG AAA TGG AAA CAG AAC AAG TTC AAA ATG GCG GTG CAG CTG TTC,0.6348126208101037
CCA GCT CAT CCA TAC GAC CGT CTG AAA ACC ACC TCT ACC GAT CCG GTT TCT GAC ATC GAC GTT ACC CGT CGT GCG GCG TAC CTG TCT TCT GAG GAA TTC AAG GAA AAG TTC GGT ATG ACC AAG GAA GCG TTC TAC AAA CTG CCG AAA TGG AAA CAG AAC AAA TTC GTG ATG GCG GTT CAG CTG TTC,0.8688279614650356
CCG GCG CAC CCG TAC GAC CGT CTG AAA ACC ACC TCT ACT GAC GGT GTT TCT GAC ATT GAT GTT ACC CGT CGT GAA GCG TAC CTG TCC TCT GAG GAG TTC AAA GAA AAA TTC GGT ATG ACC AAG GAG GCG TTC TAC AAA CTG CCG AAA TGG AAA CAG AAC AAA TTC AAA ATG GCG GTT CAG CTG TTC,0.8613865762922531
CCG GCG CAC CCG TAC CAA CGT CTG GAC ACC ACC TCT ACT GAC CCG GTT TCT GAC ATT GAC GTT ACT CGT CGC GAA GCG TAC CTG TCT TCC GAG GAG TTC AAA GAA AAG TTC GGT ATG ACC AAG GAA GCG TTC TAC AAA CTG CCG AAA TGG AAA CAG AAC AAA TTC AAA ATG GCG GTT CAG CTG TTT,0.644297217960939
CCG GCG CAT CCG TAC GAC CGT CTG AAA ACC ACC TCT ACC GAC CCA GTT TCT GAC ATC GAC GTT ACC TAC CGT GAA GCG TAC CTG TCT TCC GAA GAA TTC AAA GAA AAA TTC GGC ATG ACC AAA GAA GCG TTC CAC AAA CTG CCG AAA TGG AAA CAG AAC AAA TTC AAG ATG GCG GTT CAG CTG TTT,0.5394962602579636
CCG GCT CAT CCG TAC GAC CGT CTG AAA ACC ACC TCT ACC GAC CCG GTT TCT GAT ATC GAC GTT ACC CGT CGT GAA GCG TAC CTG TCC TCC GAG GAA TTC AAA GAA AAA TTC GGC ATG ACC AAA GAA GCG TTC CGT AAA CTG CCG AAA TGG AAA CAG AAC AAA TTC TTC ATG GCG GTT CAG CTG TTC,0.8738282342470458
CCG GCG CAT CCG TAC GAC CGT CTG AAA ACC ACC TCT ACC GAC CCG GTT TCT GAC ATC GAC GTT ACC ACT CGT GAA GCG TAC CTG TCT TCT GAG GAA TTC AAG GAA AAG TTC GGT ATG ACC AAG GAA GCG TTC CAC AAA CTG CCG AAA TGG AAA CAG AAC AAA TTC AAA ATG GCG GTT CAG CTG TTT,0.5267922372812531
CCG GCG CAC CCG TAC GAC CTC CTG AAA ACT ACC TCT ACC CGT CCA GTT TCT GAC ATT GAC GTT ACC CGC CGT GAA GCG TAC CTG TCT TCC GAG GAA TTC AAG GAA AAA TTC GGC ATG ACC AAA GAA GCG TTC TAC AAA CTG CCG AAA TGG AAG CAG AAC AAA TTC AAA ATG GCG GTT CAG CTC TTC,2.8111807785736764
CCG GCG CAC CCG TAC GAC CGT CTG AAA ACC ACC TCT ACC GAT CCG GTT TCT GAC ATT GAC GTT ACC CGT CGT GAA GCG TAC CTG TCT TCC GAG GAG TTC AAG GAA AAA TTC GGT ATG ACC AAG GAA GCG TTC TAC AAA CTG CCG AAA TGG AAA CAG AAC AAG TTC AAA TAC GCG GTT CAG CTG TTC,0.993283051750165
CCG GCG CAT CCG TAC TGC CGT CTG CCG ACC ACC TCT ACC GAC CCG GTT TCT GAC ATC GAC GTT ACC CGT CGT GAA GCG TAC CTC TCT TCC GAA GAA TTC AAG GAA AAA TTC GGC ATG ACC AAG GAA GCG TTC TAC AAA CTG CCG AAA TGG AAA CAG AAC AAA TTC AAA ATG GCT GTT CAG CTG TTC,1.245799322594559
CCG GCG CAC CCG TAC AAA CGT CTG GAA ACC ACC TCT ACC GAC CCG GTT TCT GAC ATT GAC GTG ACC CGT CGT GAA GCG TAC CTC TCT TCC GAA GAG TTC AAG GAA AAA TTC GGT ATG ACC AAG GAA GCG TTC TAC AAG CTG CCG AAA TGG AAA CAG AAC AAA TTC AAA ATG GCG GTT CAG CTG TTT,-0.1534672562227266
CCG GCT CAT ATC TAC GAC CGT CTG AAA ACC ACT TCT ACC GAC CCG GTT TCT GAT ATC GAC GTT ACT CGT CGT GAA GCG TAC CTG TCC TCC GAG GAG TTC AAG GAG AAA TTC GGC ATG ACC AAG GAA GCG TTC TAT AAA CTG CCG AAG TGG AAG CAA AAC AAA TTC AAA ATG GCG GTT CAG CTG TTC,0.7127074056825519
CCG GCG CAC CCG TAC GAC CGT CTG AAA ACC ACC TCT ACC GAC CCG GTT TCT GAC ATC GAC GTT ACC CGT CGT GAA GCG TAC CTG TCC TCC GAA GAA TTC AAG GAA AAA TTC GGT ATG ACC AAG GAA GCG TTT TAC AAA CTG CCG AAA TGG AAG CAG AAC AAA TTC AAA ATG GCG GAC CAG CTG TTC,0.6836876592249916
CCG GCG CAC CCG TAC GAC CGT CTG AAA ACC ACC TCT ACC GAC CCG GTT TCT GAT ATC GAC GTT ACC TCC CGT GAA GCG TAC CTC TCT TCT GAA GAG TTC AAA GAA AAG TTC GGC ATG ACC AAG GAG GCG TTC TAC AAA CTG CCG AAA TGG AAA CAG AAC AAA TTC CGT ATG GCG GTT CAG CTG TTC,0.94321937363352
CCG GCG CAT CCG TAT TGG CGC CTG CAG ACT ACC TCT ACC GAC CCG GTT TCT GAC ATT GAC GTT ACC CGT CGT GAA GCG TAC CTG TCT TCC GAA GAG TTC AAA GAG AAG TTC GGT ATG ACC AAG GAG GCG TTC TAC AAA CTG CCG AAA TGG AAA CAG AAC AAA TTC AAA ATG GCG GTT CAG CTG TTT,0.7748936722890374
CCG GCG CAT CCG TAC GAC CGT CTG AAA ACC ACC TCT ACC GAC CCG GTT TCC GAC ATC GAC GTT ACT CCG CGT GAG GCG TAC CTC TCT TCC GAG GAA TTC AAG GAA AAG TTC GGT ATG ACC AAG GAA GCG TTC TAT AAA CTG CCA AAG TGG AAG CAG AAC AAA TTC GTT ATG GCG GTT CAG CTG TTC,0.6319031806879734
CCG GCG CAT CCG TAC GAC CGT CTG AAA ACC ACC TCT ACC GAC CCG GTG TCT GAC ATC GAC GTT ACC CGT CGT GAA GCG TAC CTC TCT TCT TGC GAG TTC AAG GAG AAA TTC GGT ATG ACC AAA GAA GCG TTC TAC AAA CTC CCG AAA TGG AAG CAG AAC AAA TTC AAA ATG GCT GTG CAG CTC TTC,1.0583252122964288
CCG GCG CAC CCA TAC GAC CGT CTG AAG ACC ACC TCT ACC GAC CCG GTT TCT GAT ATC GAT GTT ACC CGC CGT GAG GCG TAC CTG TAC TCT GAA AAC TTC AAA GAA AAG TTC GGC ATG ACC AAG GAA GCG TTC TAC AAA CTG CCG AAA TGG AAA CAG AAC AAA TTC AAA ATG GCG GTT CAG CTG TTC,0.4374413333432167
CCG GCG CAC CCG TAC GAC CGT CTG AAG ACT ACC TCT ACC GAC CCG GTT TCT GAC ATC GAC GTT ACC CGT CGT GAA GCG TAC CTG ACC TCC GAG TTC TTC AAA GAA AAA TTC GGT ATG ACC AAG GAA GCG TTC TAC AAG CTG CCG AAA TGG AAA CAG AAC AAA TTC AAA ATG GCG GTT CAG CTG TTC,0.7853724864615416
CCG GCG CAT CCG TAC GAC CGT CTG AAA ACC ACC TCT ACC GAC CCG GTT TCT GAT ATT TGG GTT GTT CGT CGT GAA GCG TAC CTG TCC TCT GAG GAA TTC AAG GAA AAG TTC GGT ATG ACC AAG GAA GCG TTC TAC AAA CTG CCG AAG TGG AAA CAA AAC AAA TTC AAA ATG GCG GTT CAG CTG TTC,0.0153859907002387
CCG GCG CAC CCG TAC GAC CGT CTG AAA ACC ACC TCT ACC GAC CCG GTT TCT GAC ATC CTG GTT ATG CGT CGT GAA GCG TAC CTC TCT TCT GAG GAG TTC AAG GAA AAA TTC GGT ATG ACC AAG GAA GCG TTC TAC AAA CTG CCG AAA TGG AAA CAG AAC AAA TTC AAA ATG GCG GTT CAG CTG TTC,0.4441163970344531
CCA GCG CAC CCG TAC GAC CGT CTG AAA ACC ACC TCT ACC GAT CCG GTT TCT GAC ATT GAC GTT ACC CGT CGT GAA GCG TAC CTC ACC TCC GAG TCC TTC AAA GAA AAA TTC GGT ATG ACC AAA GAG GCG TTC TAC AAA CTG CCG AAA TGG AAA CAG AAC AAA TTC AAA ATG GCG GTT CAG CTG TTC,0.8149963916014287
CCG GCG CAC CCG TAC GAC CGT CTG AAA ACC ACC TCT ACC GAC CCG GTT TCT GAT ATC GAC GTT ACC CGT CGT GAA GCG TAC CTG GAC TCT GAA GGC TTC AAA GAG AAA TTC GGT ATG ACC AAA GAG GCG TTT TAC AAA CTG CCG AAA TGG AAA CAG AAC AAA TTC AAA ATG GCG GTT CAG CTG TTC,0.5876504552092534
CCG GCG CAC CCG TAC GAC CGT CTG AAA ACC ACC TCT ACC GAC CCG GTT TCT GAC ATC GAA GTT TCT CGT CGT GAA GCG TAC CTC TCC TCC GAG GAA TTC AAG GAA AAA TTC GGC ATG ACC AAA GAG GCG TTT TAC AAA CTG CCG AAG TGG AAA CAG AAC AAA TTC AAA ATG GCG GTT CAG CTG TTC,1.035420813354741
CCG GCG CAC CCG TAC GAC CGT CTG AAA ACC ACT TCT ACC GAC CCG GTT TCT GAC ATT GAC GTT ACC CGT CGT GAA GCG TAC CTG TCT TCC GAA GAG TTC TGG GAA AAA TTC GGT ATG ACC AAA GAG GCG TTC TAC AAA CTG CCG AAA TGG AAA CAG AAC AAA TTC AAA ATG GCG GTT CAG CTG TTC,1.538478127494253
CCG GCG CAC CCG TAC GAC CGT CTG AAA ACC ACC TCT ACC GAC CCG GTT TCT GAT ATC GAC GTT ACC CGT CGT ACC GCG TAC CTC TCT TCT GAG GAA TTC AAA GAA AAG TTC GGC ATG ACC AAG GAA GCG TTC TAC AAG CTG CCG AAA TGG AAA CAG AAC AAA TTC ATG ATG GCG GTT CAG CTG TTC,1.129950000868996
CCG GCG CAC CCG TAC GAC CGT CTG AAA ACT ACC TCT ACC GAC CCG GTT TCT GAC ATT GAC GTT ACC CGT CGT GGT GCG TAC CTG TCT TCT GAA GAA TTC AAG GAA AAG TTC GGT ATG ACC AAG GAG GCG TTC ATC AAA CTG CCG AAA TGG AAA CAG AAC AAA TTC AAA ATG GCG GTT CAA CTG TTC,0.5546244058643457
CCG GCT CAC CCG TAC GAC CGT CTG AAG ACC ACT TCT ACC GAC CCG GTT TCT GAC ATC GAC GTT ACC CGT CGT GCG GCG TAC CTG TCT TCT GAG GAG TTC AAA GAA AAA TTC GGC ATG ACC AAA GAA GCT TTC GCT AAG CTG CCG AAA TGG AAA CAG AAC AAG TTC AAG ATG GCT GTT CAA CTG TTC,0.6344845838204721
CCA GCG CAC CCG TAC TGC CGT CTG TGG ACC ACC TCT ACC GAC CCG GTT TCT GAC ATC GAC GTT ACC CGT CGT GAA GCG TAC CTG TCT TCC GAA GAA TTC AAG GAA AAG TTC GGC ATG ACC AAA GAG GCG TTC TAT AAA CTC CCG AAA TGG AAA CAG AAC AAA TTC AAA ATG GCG GTG CAG CTG TTC,1.3192289127765842
CCA GCG CAC CCG TAC GAC CGT CTG AAA ACT ACC TCT ACC GAC CCA GTT TCT GAT ATC GAC GTT ACC CGT CGC GAG GCG TAC CTG TCT TCT GAG GAA TTC AAA GAG AAG TTC GGT ATG ACC AAG ACC GCG TTC TAC AAA CTG CCG AAA TGG AAA CAG AAC AAA TTC AAG ATG GCG GTT CAA CTG TTC,1.0781596359378662
CCG GCG CAC CCG TAC GAC CGT CTG AAA ACC ACC TCT ACC GAC CCG GTT TCT GAC ATC GAC GTT ACC ATC CGT ATG GCG TAC CTG TCT TCT GAG GAG TTC AAG GAA AAA TTC GGT ATG ACC AAA GAG GCG TTC TAC AAA CTG CCG AAA TGG AAA CAG AAC AAA TTC AAA ATG GCG GTG CAG CTG TTC,0.8964127184815909
CCG GCT CAC CCA TAC GAC CGC CTG AAG ACT ACC TCT ACC GAT CCG GTT TCT GAC ATT GAC GTT ACC CGT CGT AAC GCG TAC CTG TCT TCC GAA GAA TTC AAG GAG AAA TTC GGC ATG ACC AAG GAA GCG TTC TAC AAA CTG CCG AAG TGG AAA CAG AAC AAA TTC AAA ATG GCG GTT CAG CTG TTT,0.6769533742673571
CCG GCT CAC CCG TAC GAC CGT CTG AAA ACC ACC TCT ACC GAC CCA GTT TCT GAC ATC GAC GTT ACC CGT CGT GAA GCG TAC CTG TCT TCC GAA GAG TTC AAA GAG AAG TTC GGC ATG ACC AAG GAA GCG TTC CCG AAA CTG CCG AAA TGG AAA CAG AAC AAA TTC GCG ATG GCG GTT CAA CTG TTC,-1.625345942018468
CCA GCT CAC CCG TAC GAC CGT CTG AAA ACC ACC TCT ACC GAC CCG GTT TCT GAC ATC TGC GTT CGT CGT CGT GAA GCG TAC CTG TCC TCT GAA GAA TTC AAA GAG AAA TTC GGC ATG ACC AAA GAA GCG TTC TAC AAA CTG CCG AAG TGG AAA CAG AAC AAG TTC AAA ATG GCG GTG CAG CTG TTT,1.1601888122865502
CCG GCG CAT CCG TAC GAC CGT CTG AAA ACC ACC TCT ACC GAC CCG GTT TCT GAC ATT GAC GTT ACT CGT CGT GAG GCG TAC CTC TCT TCT GAA GAG TTC AAG GAA AAA TTC GGT ATG ACC AAG GAG GCG TTC TAC AAA CTG CCG AAA TGG AAA CAG AAC AAA TTC AAA ATG CGC GTT CAG CTG TTT,1.1847739426394357
CCG GCG CAC AAA TAC GAC CGT CTG AAA ACC ACC TCT ACC GAT CCG GTT TCT GAC ATT GAC GTT ACC CGT CGT GAA GCG TAC CTG TCC TCT GAA GAG TTC AAG GAA AAA TTC GGC ATG ACC AAG GAA GCG TTC TAC AAA CTG CCG AAG TGG AAA CAG AAC AAA TTC AAA ATG GCG GTT CAG CTG TTC,0.7638844176816482
CCA GCG CAC CCG TAC GAC CGT CTG AAA ACC ACC TCT ACC GAC CCG GTT TCT GAC ATC GAC GTT ACC CGT CGT GAA GCG TAC CTG TCC TCC GAA GAG TTC AAG GAA AAA TTC GGT ATG ACC AAG GAG GCG TTC TAC AAA CTC CCG AAA TGG AAG CAG AAC AAG TTC AAA ATG ATC GTT CAG CTC TTC,1.0740053979974058
CCA GCG CAT CCA TAC GAC CGC CTG AAA ACC ACT TCT ACC GAC CCG GTT TCT GAC ATT GAC GTT ACC CGT CGC GAA GCG TAC CTG TCC TCT GAG CCG TTC AAG GAA AAA TTC GGT ATG ACC AAA GAA GCG TTC TAC AAA CTG CCG AAA TGG AAG CAG AAC AAA TTC AAA ATG GCT GTT CAG CTG TTC,0.2636970557777366
CCA GCG CAC CCG TAC GAC CGT CTG AAA ACC ACC TCT ACT GAC CCG GTT TCT GAT ATC GAC GTT ACC CGT CGT GAA GCG TAC CTC CTG TCT GAA GTT TTC AAG GAG AAA TTC GGT ATG ACC AAG GAA GCG TTC TAC AAA CTG CCA AAG TGG AAA CAA AAC AAA TTC AAA ATG GCG GTT CAG CTG TTC,0.7758532906246447
CCG GCT CAC CCG TAC GAC CGT CTG AAA ACC ACC TCT ACC GAC CCG GTT TCT GAC ATC GAC GTT ACC CGT CGT GAA GCG TAC CTC TCC TCC GAA GAA TTC AAG GAA AAA TTC GGT ATG ACC AAG GAG GCG TTC TAC AAA CTC CCG AAA TGG ATC CAG AAC AAA TTC AAA ATG GCG GTT CAG CTG TTC,1.4731941453848654
CCG GCG CAC CCA TAC GAC CGT CTG AAA ACC ACC TCT ACC GAC CCA GTT TCT GAC ATC GAC GTT ACC GTT CGC GAC GCG TAC CTC TCT TCT GAA GAG TTC AAA GAA AAG TTC GGT ATG ACC AAA GAG GCG TTC TAC AAA CTG CCG AAA TGG AAA CAG AAC AAA TTC AAA ATG GCG GTT CAG CTG TTC,0.6282812386191503
CCA GCT CAC CCG TAC TGT CGT CTG TGC ACC ACC TCT ACC GAC CCG GTT TCT GAC ATC GAC GTT ACC CGT CGT GAA GCG TAC CTG TCT TCC GAA GAA TTC AAA GAA AAA TTC GGC ATG ACC AAA GAA GCG TTC TAC AAA CTC CCG AAG TGG AAA CAG AAC AAA TTC AAG ATG GCG GTG CAG CTG TTC,1.1329836457297493
CCG GCG CAC CCG TAC GAC CGT CTG AAA ACC ACC TCT ACC GAC CCG GTT TCT GAC ATC GAC GTT ACC CGT CGT GCT GCG TAC CTG TCT TCC GAG GAG TTC AAA GAA AAA TTC GGT ATG ACC AAG GAA GCT TTC TTC AAA CTG CCG AAG TGG AAG CAG AAC AAA TTC AAG ATG GCG GTT CAG CTG TTC,0.7535279227343867
CCA GCT CAC CCG TAC GAC CGT CTG AAA ACC ACC TCT ACC GAC CCG GTT TCT GAC ATC GAC GTT ACC CGT CGT TCT GCG TAC CTG TCT TCC GAA GAA TTC AAG GAA AAA TTC GGC ATG ACC AAG GAA GCG TTC ATC AAG CTG CCG AAA TGG AAA CAG AAC AAA TTC AAA ATG GCG GTT CAG CTG TTC,0.4879819149760424
CCG GCG CAC CCG TAC GAC CGT CTG AAA ACC ACC TCT ACC GAC CCG GTT TCT GAT ATC GAC GTT ACC CGT CGT GAA GCG TAC CTG TCT TCC GAA GAA TTC AAA GAA AAA TTC GGC ATG ACC AAA GAA GCG TTC CAC AAA CTG CCG AAA TGG AAA CAG AAC AAA TTC ATG ATG GCG GTT CAG CTG TTC,0.9288060484404844
CCG GCG CAC CCG TAC GAC CGT CTG AAA ACC ACC TCT ACC GAT CCA GTG TCT GAT ATC GAC GTT ACC CGT CGT GAG GCG TAC CTG TCT TCT GAA GAG TTC AAG GAA AAA TTC GGC ATG ACC AAA GAA GCG TTC TAC AAA CTG CCG AAA TGG AAA CAG AAC AAA TTC AAA ATG GCT GTT CAG CTC ACC,1.644057626863569
CCA GCG CAC CCG TAC GAC CGT CTG AAA ACC ACC TCT ACC GAC CCG GTT TCT GAC ATC TTC GTT GAA CGT CGT GAA GCG TAC CTC TCC TCT GAG GAG TTC AAG GAA AAA TTC GGT ATG ACC AAA GAG GCG TTC TAC AAA CTG CCG AAA TGG AAA CAG AAC AAA TTC AAA ATG GCG GTT CAG CTG TTT,0.7529196311548322
CCG GCT CAC CCG TAC GAC CGT CTG AAA ACC ACC TCT ACC GAC CCG GTT TCT GAT ATC TGG GTT TTC CGT CGT GAA GCG TAC CTG TCC TCC GAG GAG TTC AAG GAG AAA TTC GGT ATG ACC AAA GAA GCG TTC TAC AAA CTG CCG AAG TGG AAA CAG AAC AAA TTC AAA ATG GCG GTT CAG CTG TTC,-0.438034976523202
CCG GCG CAC CCG TAC GAC CGT CTG AAA ACC ACC TCT ACT GAC CCG GTT TCT GAC ATC ACC GTT TTC CGT CGT GAA GCG TAC CTG TCT TCC GAA GAG TTT AAA GAG AAA TTC GGT ATG ACC AAG GAG GCG TTC TAC AAA CTG CCG AAA TGG AAA CAG AAC AAA TTC AAA ATG GCG GTT CAA CTG TTC,0.2072142335709008
CCG GCG CAC CCG TAC GAA CGT CTG TCT ACC ACC TCT ACC GAT CCG GTT TCT GAC ATC GAC GTT ACC CGT CGT GAA GCG TAC CTC TCT TCT GAA GAA TTC AAG GAG AAG TTC GGT ATG ACC AAA GAG GCG TTC TAC AAA CTG CCG AAA TGG AAA CAG AAC AAA TTC AAA ATG GCG GTT CAG CTG TTC,0.8258154103701016
CCG GCG CAC CCG TAC GAC CGT CTG AAA ACC ACC TCT ACT GAC CCG GTT TCT GAC ATC GAC GTT ACC GAC CGT GAA GCG TAC CTG TCT TCT GAG GAA TTC AAG GAA AAG TTC GGT ATG ACC AAG GAA GCG TTC TAC AAA CTG CCG AAA TGG AAA CAG AAC AAA TTC TGG ATG GCG GTT CAG CTG TTC,0.9820021284952578
CCG GCG CAC CCG TAC GAC CGT CTG AAA ACC ACC TCT ACC GAC CCG GTT TCT GAC ATC GAC GTT ACC CGT CGT TAC GCT TAC CTG TCT TCC GAG GAA TTC AAG GAG AAA TTC GGT ATG ACC AAA GAA GCG TTC TAC AAA CTG CCG AAA TGG AAA CAG AAC AAA TTC CAG ATG GCG GTT CAG CTG TTC,0.4454224324638905
CCG GCT CAC CCG ATC GAC CGT CTG AAA ACC ACC TCT ACC GAC CCA GTT TCT GAC ATC GAC GTT ACC CGT CGT GAA GCG TAC CTG TCT TCC GAA GAG TTC AAA GAA AAA TTC GGC ATG ACC AAA GAA GCG TTC TAC AAA CTG CCG AAA TGG AAG CAG AAC AAA TTC AAA ATG GCG GTT CAG CTG TTC,0.8534460484940272
CCG GCT CAC CCG TAC TGC CGT CTG AAA ACC ACC TCT ACC GAC CCG GTT TCT GAC ATC GAC GTT ACC CGT CGT GAA GCG TAC CTG TCT TCT GAG GAA TTC AAG GAG AAA TTC GGC ATG ACC AAA GAA GCG TTC TAC AAA CTC CCG AAA TGG AAA CAG AAC AAG TTC AAA ATG GCG GTG CAA CTG TTT,1.2302537116885652
CCG GCG CAC CCG TAC TGG CGT CTG GGT ACC ACC TCT ACC GAT CCG GTT TCT GAC ATT GAC GTT ACC CGT CGC GAA GCG TAC CTG TCC TCT GAG GAA TTC AAG GAA AAG TTT GGC ATG ACC AAA GAA GCG TTC TAC AAA CTG CCG AAA TGG AAA CAG AAC AAA TTC AAA ATG GCT GTT CAG CTG TTC,0.6665917800530334
CCG GCG CAT CCG TCT GAT CGT CTG AAA ACC ACC TCT ACC GAC CCG GTT TCT GAT ATC GAC GTT ACC CGT CGT GAA GCG TAC CTC TCC TCT GAA GAG TTC AAA GAA AAG TTC GGC ATG ACC AAG GAA GCG TTC TAC AAA CTG CCG AAA TGG AAA CAG AAC AAA TTC AAA ATG GCG GTT CAG CTG TTC,0.8580055717443709
CCG GCT CAC CCG TAC GAC CGT CTG AAA ACC ACC TCT ACC GAT CCG GTT TCT GAC ATC GAC GTT ACC AAC CGT TTC GCG TAC CTG TCC TCT GAA GAA TTC AAG GAA AAA TTC GGC ATG ACC AAA GAG GCG TTC TAC AAA CTG CCG AAA TGG AAA CAG AAC AAA TTC AAA ATG GCG GTT CAG CTG TTC,0.717075744530435
CCG GCG CAC CCG TAC GAC CGT CTG AAA ACC ACC TCT ACC GAC CCG GTT TCT GAC ATC GAC GTT ACC TCT CGT AAC GCG TAC CTG TCT TCC GAA GAA TTC AAA GAA AAA TTC GGC ATG ACC AAA GAA GCG TTC TAC AAA CTG CCG AAA TGG AAA CAG AAC AAG TTC AAA ATG GCG GTT CAG CTG TTC,0.6705147216509664
CCA GCG CAC CCG TAC GAC CGT CTG AAA ACC ACC TCT ACC GAC CCG GTT TCT GAC ATC GAC GTT ACC CGT CGT ATG GCG TAC CTC TCC TCT GAA GAA TTC AAG GAA AAA TTC GGC ATG ACC AAG GAA GCG TTC CTG AAG CTG CCG AAA TGG AAG CAG AAC AAA TTC AAA ATG GCG GTG CAG CTG TTC,0.8225838865658699
CCA GCG CAC CCG TAC GAC CGT CTG AAA ACC ACC TCT ACT GAC CCA GTT TCT GAC ATC GAC GTT ACC CAG CGT GAG GCG TAC CTC TCT TCT GAA GAG TTC AAA GAA AAG TTC GGT ATG ACC AAG GAG GCG TTT TGG AAA CTG CCG AAA TGG AAA CAG AAC AAA TTC AAA ATG GCG GTT CAG CTG TTC,0.6258028898369772
CCG GCG CAC CCG TAC GAC CGT CTG AAA ACC ACC TCT ACC GAC CCG GTT TCT GAC ATC GAC GTT ACC CGT CGT GAA GCG TAC CTG TCT TCC GAA GAA TTC AAA GAA AAA TTC GGC ATG ACC AAG GAA GCG TTC CCG AAA CTG CCG AAA TGG AAA CAG AAC AAA TTC GTT ATG GCG GTT CAG CTC TTC,0.0797329333027154
CCG GCG CAC CCG TAC CCG CGT CTC AAA ACC ACC TCT ACT GAC CCA GTT TCT GAC ATT GAC GTT ACC CGT CGT GAA GCG TAC CTG TCC TCT GAA GAG TTC AAG GAG AAA TTC GGT ATG ACC AAA GAG GCG TTC TAC AAA CTG CCG AAA TGG AAA CAG AAC AAA TTC AAA ATG GCG GTT CAG CTG TTC,0.5727904796073975
CCG GCG CAC CCA TAC GAC CGT CTG AAA ACC ACC TCT ACC GAT CCG GTT TCT GAT ATC TGG GTT GGT CGT CGT GAA GCG TAC CTC TCC TCT GAA GAG TTC AAG GAA AAA TTC GGT ATG ACC AAG GAG GCG TTC TAC AAA CTG CCG AAG TGG AAA CAG AAC AAA TTC AAA ATG GCG GTT CAA CTG TTT,0.0333870044864317
CCG GCG CAC CCG TAC GAC CGT CTG AAA ACC ACC TCT ACC GAC CCG GTT TCT GAC ATC GAC GTT ACC ACC CGT GAG GCG TAC CTG TCT TCT GAA GAG TTC AAG GAA AAA TTC GGT ATG ACC AAA GAG GCG TTC GAC AAA CTG CCG AAA TGG AAA CAG AAC AAA TTC AAA ATG GCG GTT CAG CTG TTC,0.5906458143162833
CCG GCT CAC CCG TAC GAC CGT CTG AAA ACC ACC TCT ACC GAT CCG GTT TCT GAC ATC GAC GTT ACC TGG CGT GAA GCG TAC CTG TCT TCC GAG GAA TTC AAA GAA AAA TTC GGC ATG ACC AAA GAG GCG TTC TAC AAG CTG CCG AAG TGG AAA CAG AAC AAA TTC ATG ATG GCG GTT CAA CTG TTC,0.8097334602126832
CCG GCG CAC CCG TAC GAC CGT CTC AAA ACC ACC TCT ACC GAC CCG GTT TCT GAC ATC GAC GTT ACC CTG CGC GAG GCG TAC CTG TCT TCT GAG GAA TTC AAG GAG AAA TTC GGC ATG ACC AAA GAA GCG TTC ACC AAA CTG CCG AAA TGG AAA CAG AAC AAG TTC AAA ATG GCT GTT CAA CTG TTC,0.6656061774270541
CCG GCG CAC CCG TAC GAC CGT CTG AAA ACC ACC TCT ACC GAC CCA GTT TCT GAC ATC GAC GTT ACT CGT CGT GAC GCG TAC CTC TCT TCT GAA GAG TTC AAA GAG AAA TTC GGT ATG ACC AAA GAG GCG TTC CAA AAA CTG CCG AAA TGG AAA CAG AAC AAG TTC AAG ATG GCG GTT CAG CTG TTC,0.4750430904171743
CCG GCG CAC CCG TAC GAC CGT CTG AAA ACC ACC TCT ACC GAC CCG GTG TCT GAC ATC GAC GTT ACC CGT CGT TCT GCG TAC CTG TCT TCT GAA GAA TTC AAA GAG AAA TTC GGC ATG ACC AAG GAA GCG TTC CTG AAA CTG CCG AAA TGG AAA CAG AAC AAA TTC AAG ATG GCG GTT CAG CTC TTC,0.5575387728596438
CCA GCG CAC CCG TAC GAC CGT CTG AAA ACT ACC TCT ACC GAC CCA GTT TCT GAC ATC GAC GTT ACC AAC CGT GAA GCG TAC CTG TCT TCT GAA GAG TTC AAG GAG AAA TTC GGC ATG ACC AAA GAA GCG TTC CGT AAA CTG CCG AAA TGG AAA CAG AAC AAA TTC AAA ATG GCG GTT CAG CTG TTC,0.6811058395741553
CCG GCG CAC CCG TAC GAC CGT CTG AAA ACT ACC TCT ACC GAC CCG GTT TCT GAT ATC GAC GTT ACC CGC CGT GAA GCG TAC CTG TCC TCT GAG GAG TTC AAG GAG AAA TTC GGC ATG ACT AAA GAG GCG TTC ATC AAA CTG CCG AAA TGG AAA CAG AAC AAA TTC TCT ATG GCT GTT CAG CTG TTC,0.2830410564100704
CCG GCT CAC CCG TAC GAC CGT CTG AAA ACC ACC TCT ACC GAC CCG GTT TCT GAC ATC GAC GTT ACC CGT CGT GAA GCG TAC CTG TCT TCT GAG GAA TTC AAA GAA AAA CAC GGC ATG ACC AAA GAA GCG TTC TAC AAA CTC CCG AAG TGG AAA CAG AAC AAG TTC AAA ATG GCG GTT CAG CTG TTC,0.2050986192373466
CCG GCG CAT CCG TAT TGG CGT CTG ATC ACC ACC TCT ACC GAC CCA GTT TCT GAC ATC GAC GTT ACC CGT CGT GAA GCG TAC CTG TCC TCT GAG GAA TTC AAG GAA AAA TTC GGC ATG ACC AAA GAG GCG TTT TAC AAA CTG CCG AAA TGG AAG CAG AAC AAA TTC AAA ATG GCG GTG CAG CTG TTC,1.2666865817693949
CCA GCG CAC CCG TAC GAC AAA CTC AAA ACC ACC TCT ACC TCT CCG GTT TCT GAC ATC GAC GTT ACC CGT CGT GAA GCG TAC CTG TCC TCT GAG GAG TTC AAA GAG AAA TTC GGT ATG ACC AAG GAA GCG TTC TAC AAA CTG CCG AAA TGG AAA CAG AAC AAA TTC AAG ATG GCG GTT CAG CTG TTC,0.8251242355618615
CCG GCG CAC CCG TAC GAC CGT CTG AAA ACC ACC TCT ACC GAC CCG GTT TCT GAC ATC GAC GTT ACC CGT CGT GAA GCG TAC CTG TCC TCT GAA GAG TTC AAA GAG AAG TTC GGC ATG ACC AAA GAA GCT TTC CCG AAA CTG CCG AAA TGG AAA CAG AAC AAA TTC ACC ATG GCT GTT CAG CTG TTC,-2.921679964529792
CCA GCG CAC CCG TAC GAC CGT CTC AAA ACT ACC TCT ACC GAC CCG GTT TCT GAC ATC GAC GTT ACC CGT CGT CCA GCG TAC CTG TCT TCT GAG GAG TTC AAA GAA AAA TTC GGC ATG ACC AAA GAA GCG TTC TAC AAA CTG CCG AAA TGG AAA CAG AAC AAG TTT GGT ATG GCG GTT CAG CTG TTC,0.4199233340667366
CCG GCG CAT CCG TAC GAC CGT CTG AAA ACC ACC TCT ACC GAC CCG GTG TCT GAT ATC GAC GTT ACC CGT CGT GAA GCG TAT CTG TCT TCC GAA GAG TTC AAG GAA GAC TTC GGT ATG ACC AAA GAG GCG TTC TAC AAA CTG CCG AAA TGG AAA CAG AAC AAA TTC AAA ATG GCG GTT CAG CTG TTC,0.1376515763455632
CCG GCT CAC CCG TAC GAC CGT CTG AAA ACC ACC TCT ACC GAC CCG GTT TCT GAC ATC GAC GTT ACC GGT CGT GAA GCG TAC CTC TCT TCC GAG GAA TTC AAA GAA AAA TTC GGC ATG ACC AAG GAA GCG TTC ACC AAA CTG CCG AAA TGG AAA CAG AAC AAA TTC AAG ATG GCG GTT CAG CTG TTC,0.606819091708414
CCA GCG CAT CCG TAC GAC CGT CTG AAA ACC ACC TCT ACC GAC CCG GTT TCT GAC ATC GAC GTT ACC CGT CGT GAG GCG TAT CTC TCT TCT GAG GAA TTC AAG GAA AAG TTC GGT ATG ACC AAG GAA GCG TTC TGG AAG CTG CCG AAA TGG AAA CAG AAC AAA TTC CCG ATG GCG GTG CAG CTC TTT,0.5350032150686235
CCG GCG CAC CCG TAC GAC CGT CTG AAA ACC ACC TCT ACC GAC CCG GTT TCT GAC ATC GAC GTT ACC CGT CGC GAA GCT TAT CTG TCC TCC GAG GAG TTC AAG GAA AAA TTC GGT ATG ACC AAG GAA GCG TTC TAC AAA CTG CCG AAA TGG AAA CAG AAC AAA TTC AAG ATG GCG GTT AAA CTG TTC,1.1031691416870253
CCG GCG CAC CCG TAC GAC CGT CTG AAA ACC ACT TCT ACC GAC CCA GTT TCT GAC ATC GAC GTT ACT CGT CGT GAG GCG TAC CTC TCT TCT GAG GAA TTC AAG GAA AAA TTC GGC ATG ACC AAA GAG GCG TTC ATT AAG CTG CCG AAA TGG AAA CAG AAC AAA TTC AAA ATG GCG GTT CAG CTG TTC,0.4727143421216772
CCG GCG CAC CCG TAC GAC CGT CTG AAA ACC ACC TCT ACC GAT CCA GTT TCT GAC ATT GAC GTT ACC CGT CGC GAA GCG TAC CTG ACT TCT GAG GCG TTC AAA GAA AAA TTC GGT ATG ACC AAG GAA GCT TTC TAC AAA CTG CCG AAA TGG AAA CAG AAC AAA TTC AAA ATG GCG GTT CAG CTG TTC,0.6960637672770146
CCA GCT CAT CCG TAC GAC CGC CTC AAA ACC ACC TCT ACC GAC CCG GTT TCT GAC ATC GAC GTT ACC AAC CGT AAG GCG TAC CTG TCC TCT GAG GAG TTT AAA GAA AAG TTC GGC ATG ACC AAG GAG GCG TTC TAC AAA CTG CCG AAA TGG AAA CAG AAC AAA TTC AAA ATG GCG GTT CAG CTG TTC,0.5353388328646883
CCG GCT CAC CCG TAC CTG CGT CTC AAA ACC ACC TCT ACC GAT CCG GTT TCT GAC ATC GAC GTT ACC CGT CGT GAA GCG TAC CTC TCT TCC GAA GAG TTC AAA GAA AAA TTC GGC ATG ACC AAG GAA GCG TTC TAC AAG CTG CCG AAA TGG AAA CAG AAC AAA TTC AAA ATG GCG GTG CAG CTG TTC,-1.2357582975335335
CCG GCG CAC CCG TAC GAC CGT CTG AAA ACC ACC TCT ACC GAT CCG GTT TCT GAC ATT GAC GTT ACC CGT CGT GAC GCG TAC CTG TCT TCT GAA GAA TTC AAG GAA AAG TTC GGC ATG ACC AAG GAA GCG TTC CTG AAA CTG CCG AAA TGG AAA CAG AAC AAA TTC AAA ATG GCG GTT CAG CTG TTC,0.4934627765543691
CCG GCG CAC CCG TAC GAC CGT CTG AAA ACT ACC TCT ACC GAC CCG GTT TCT GAC ATT GAC GTT ACC CGT CGT ACC GCG TAC CTG TCT TCT GAA GAG TTC AAA GAG AAA TTC GGT ATG ACC AAG GAA GCG TTT GCG AAA CTG CCG AAA TGG AAA CAG AAC AAA TTC AAA ATG GCG GTT CAG CTG TTC,0.914128676197349
CCA GCG CAC CCG TAC GAC CGT CTG AAA ACC ACT TCT ACC GAC CCG GTT TCT GAC ATC GAC GTT ACT AAC CGT GAA GCG TAC CTG TCT TCT GAG GAG TTC AAG GAA AAG TTC GGC ATG ACC AAA GAA GCG TTC TAC AAA CTG CCG AAA TGG AAG CAG AAC AAA TTC GGT ATG GCG GTT CAG CTG TTC,0.0649142609342791
CCG GCG CAC CCG TAC GAC CGT CTG AAA ACC ACC TCT ACC GAC CCG GTT TCT GAC ATC GAC GTT ACC CAG CGT CTG GCG TAC CTG TCT TCT GAA GAG TTC AAG GAG AAA TTC GGC ATG ACC AAA GAA GCG TTC TAC AAA CTG CCG AAA TGG AAA CAG AAC AAA TTC AAA ATG GCG GTT CAG CTC TTC,0.9573174302651845
CCG GCG CAC CCG TAC TGG CGT CTG AAC ACC ACC TCT ACC GAC CCG GTT TCT GAC ATC GAC GTT ACC CGT CGT GAA GCG TAC CTG TCT TCC GAG GAA TTC AAA GAA AAG TTC GGT ATG ACC AAA GAG GCG TTC TAC AAG CTG CCG AAA TGG AAA CAA AAC AAA TTC AAG ATG GCG GTT CAG CTC TTC,0.6575878424777677
CCG GCG CAC CCA TAC ACC CGT CTG TGG ACC ACC TCT ACT GAC CCA GTT TCT GAC ATT GAC GTT ACC CGT CGT GAA GCG TAC CTC TCC TCT GAG GAG TTC AAA GAA AAA TTC GGC ATG ACC AAA GAA GCG TTC TAC AAA CTG CCG AAA TGG AAA CAG AAC AAA TTC AAA ATG GCT GTT CAG CTG TTC,-0.3665850235689999
CCG GCT CAC CCG TAC GAC CGT CTG AAA ACC ACC TCT ACC GAC CCG GTT TCT GAC ATC GAC GTT ACC CGC CGT GAA GCG TAC CTG TCT TCT GAG GAA TTC AAG GAA AAA TTC GGC ATG ACC AAA GAA GCG TTC TAC AAA CTG CCG AAA TGG AAA CAG AAC CAC TTC AAA ATG GCG GTG CAG CTG TTC,1.0099814889554533
CCA GCG CAC CCG TAC GAC CGT CTG AAA ACC ACC TCT ACC GAC CCG GTT TCT GAC ATC GAC GTT ACC GCG CGT GAA GCG TAC CTG TCT TCC GAA GAG TTC AAG GAA AAA TTC GGC ATG ACC AAA GAG GCG TTC TAC AAA CTG CCG AAG TGG AAA CAG AAC AAG TTC GAA ATG GCG GTT CAG CTG TTC,0.5145987943800998
CCG GCG CAC CCG TAC GAC CGT CTG AAA ACC ACC TCT ACC GAC CCG GTT TCT GAC ATC GGT GTT ATG CGT CGT GAG GCG TAC CTG TCT TCT GAA GAA TTC AAG GAA AAA TTC GGC ATG ACC AAA GAG GCG TTC TAC AAA CTG CCG AAA TGG AAA CAG AAC AAA TTC AAA ATG GCG GTT CAG CTG TTC,0.5854107876320616
CCG GCG CAC CCA TAC GAC CGT CTG AAA ACC ACC TCT ACC GAC CCG GTG TCT GCG ATC GAC GTT ACC CGT CGT GAA GCG TAC CTG TCT TCC GAG GAA TTC AAA GAG AAG TTC GGT ATG ACC AAG GAA GCG TTC TAC AAA CTC CCG AAA TGG AAA CAG AAC AAG TTC AAA ATG GCT GTT CAG CTG TTC,0.9035066722701924
CCG GCG CAT CCG TAC GAC CGT CTG AAA ACC ACC TCT ACC GAT CCG GTT TCT GAT ATC GAC GTT ACC CGT CGT CAC GCG TAC CTG TCT TCT GAA GAG TTC AAA GAA AAA TTC GGT ATG ACC AAG GAG GCG TTC TAC AAA CTG CCG AAA TGG AAA CAG AAC AAA TTC TCT ATG GCG GTG CAG CTC TTT,0.4608998752178685
CCA GCT CAC CCG TAC GAC AAG CTG AAA ACC ACC TCT ACC TGG CCG GTT TCT GAC ATC GAC GTT ACC CGT CGT GAA GCT TAC CTG TCT TCC GAA GAA TTC AAA GAA AAA TTC GGC ATG ACC AAA GAA GCG TTC TAC AAA CTG CCG AAA TGG AAA CAG AAC AAG TTC AAA ATG GCG GTT CAG CTG TTC,0.7918910657934106
CCA GCT CAT CCG TAC GAC CGT CTG AAA ACT ACC TCT ACC GAC CCG GTT TCT GAC ATC GAC GTT ACT GCG CGT GAA GCG TAC CTG TCT TCC GAG GAA TTC AAG GAA AAA TTC GGC ATG ACC AAA GAG GCG TTC AAA AAG CTG CCG AAG TGG AAA CAG AAC AAG TTC AAG ATG GCG GTG CAG CTG TTC,0.611103640424539
CCG GCG CAC CCG TAC GAC CGC CTG TAC ACC ACC TCT ACC GAC CCG GTT TCT GAT ATC GAC GTG ACT CGT CGT GAA GCG TAC CTC TCT TCT GAG GAA TTC AAA GAG AAG TTC GGT ATG ACC AAG GAA GCG TTC TAC AAA CTG CCG AAA TGG AAA CAG AAC AAA TTC AAG ATG GCT GTT CAG CTG TTC,0.8394667043627171
CCG GCT CAC CCG TAC GAC CGT CTG AAA ACC ACC TCT ACC GAC CCG GTT TCT GAC ATC GAC GTT ACC TCT CGT GAA GCG TAC CTG TCT TCC GAA GAA TTC AAG GAG AAA TTC GGT ATG ACC AAG GAA GCT TTC TAC AAG CTG CCG AAA TGG AAA CAG AAC AAG TTT GAA ATG GCG GTT CAG CTG TTC,0.5805715902566693
CCG GCT CAT CCG TAC GAC CGC CTG AAA ACC ACC TCT ACC GAT CCA GTT TCT GAC ATT GAC GTT ACC TTC CGT CTG GCG TAC CTG TCC TCT GAA GAA TTC AAG GAA AAA TTC GGC ATG ACC AAA GAA GCG TTC TAC AAA CTG CCG AAA TGG AAG CAG AAC AAA TTC AAA ATG GCG GTT CAG CTG TTC,0.9176490379109814
CCG GCT CAT CCG TAT GAT CGT CTG AAG ACC ACC TCT ACC GAC CCG GTT TCT GAC ATC GAC GTT ACC CGT CGT GAA GCG TAC CTG AAA TCC GAG GTT TTC AAA GAA AAA TTC GGT ATG ACC AAG GAA GCG TTC TAC AAG CTG CCG AAG TGG AAG CAG AAC AAA TTC AAA ATG GCG GTT CAG CTG TTC,0.529181639873681
CCG GCG CAC CCG TAC GAC CGT CTG AAA ACC ACT TCT ACC GAC CCG GTT TCT GAC ATC GAC GTT ACC GAA CGT GAA GCG TAC CTC TCC TCT GAA GAG TTC AAG GAA AAA TTC GGC ATG ACT AAA GAG GCG TTC GAC AAA CTG CCG AAA TGG AAA CAG AAC AAA TTC AAA ATG GCT GTT CAG CTG TTC,0.4361989883132182
CCG GCT CAT CCG TAC GAC CAA CTG AAA ACC ACC TCT ACC AAC CCA GTT TCT GAC ATC GAC GTT ACC CGT CGT GAA GCG TAC CTG TCC TCC GAA GAA TTC AAG GAG AAA TTC GGT ATG ACC AAA GAG GCG TTC TAC AAA CTG CCG AAA TGG AAA CAG AAC AAA TTC AAA ATG GCG GTG CAG CTG TTC,1.0656609942005038
CCG GCT CAT CCG TAC GAC CGT CTG AAA ACT ACC TCT ACC GAC CCG GTT TCT GAC ATC GAC GTT ACC CAG CGT GAG GCG TAC CTG TCC TCT GAA GAA TTC AAA GAA AAG TTC GGT ATG ACC AAG GAG GCG TTC TAC AAA CTG CCG AAA TGG AAA CAG AAC AAA TTC AAT ATG GCG GTT CAG CTG TTC,0.3725297071992233
CCG GCG CAC CCG TAC GAC CGT CTG AAA ACC ACC TCT ACC GAT CCG GTT TCT GAT ATC GAC GTT ACC CGC CGT CCG GCG TAC CTG TCC TCT GAA GAG TTC AAA GAA AAA TTC GGT ATG ACC AAG GAG GCG TTC GTG AAA CTG CCG AAA TGG AAA CAG AAC AAA TTC AAA ATG GCG GTG CAG CTG TTT,0.4089114771158747
CCG GCG CAC TAC TAC GAC CGT CTG AAA ACT ACC TCT ACC GAC CCG GTT TCT GAC ATT GAC GTT ACC CGC CGT GAA GCG TAC CTC TCC TCT GAA GAG TTC AAG GAG AAA TTC GGC ATG ACC AAA GAG GCG TTC TAC AAA CTG CCA AAG TGG AAA CAG AAC AAA TTC AAA ATG GCG GTT CAG CTG TTC,0.9198141865347894
CCA GCT CAT CCG TAC GAC CGT CTG AAA ACC ACT TCT ACC GAC CCG GTT TCT GAC ATC GAC GTT ACC CGT CGT ATC GCG TAC CTG TCT TCT GAA GAA TTC AAG GAA AAG TTC GGC ATG ACC AAA GAA GCG TTC GCT AAA CTG CCG AAA TGG AAA CAG AAC AAA TTC AAA ATG GCG GTT CAG CTG TTC,0.8633820815175226
CCA GCG CAC CCG TAC GAC CGT CTG AAA ACC ACC TCT ACC GAC CCG GTT TCT GAC ATC GAC GTT ACC AAA CGT GAA GCG TAC CTG TCC TCT GAG GAA TTC AAG GAA AAA TTC GGT ATG ACC AAG GAG GCG TTC TAC AAA CTG CCG AAG TGG AAA CAG AAC AAA TTT CAA ATG GCT GTT CAG CTG TTC,0.2591460412197455
CCG GCG CAC CCG TAC GAC CGT CTG AAA ACC ACT TCT ACC GAC CCG GTT TCT GAC ATC GAC GTT ACC CGT CGT GAA GCG TAC CTG TCC TCT GAA GAA TTC AAA GAG AAA TTC GGC ATG ACC AAG GAG GCG TTC TAC AAA CTC GGC AAA TGG AAG CAG AAC AAG TTC AAA ATG GCG GTG CAA CTG TTC,-0.4508252149131446
CCG GCG CAC CCG TAC GAC CGT CTG AAA ACT ACC TCT ACC GAC CCG GTT TCT GAC ATC GAC GTT ACC CGT CGT GAA GCG TAC CTG TCT TCT GAG GAA TTC AAA GAG AAG TTC GGC ATG ACC AAG GAA GCG TTC CTG AAA CTG CCG AAA TGG AAA CAG AAC AAA TTC GTT ATG GCG GTT CAG CTG TTT,0.743958491881378
CCG GCG CAC CCG TAC GAC CGT CTG AAA ACC ACC TCT ACC GAC CCG GTT TCT GAC ATC GAC GTT ACC CGT CGC GAA GCT TAC CTC TCC TCT GAG GAA TTC AAG GAG AAA TTC GGT ATG ACC AAG GAA GCG CAC TAC AAA CTG CCG AAA TGG AAA CAG AAC AAA TTC AAA ATG GCG GTT CAG CTG TTC,-2.195225148578205
CCG GCG CAC CCG TAC GAC CGT CTG AAA ACC ACC TCT ACC GAC CCG GTT TCT GAT ATC GAC GTT ACC ACT CGT GAA GCG TAC CTG TCT TCC GAG GAA TTC AAG GAA AAG TTC GGT ATG ACC AAA GAG GCG TTC TAC AAA CTG CCG AAA TGG AAG CAG AAC AAA TTC TTC ATG GCT GTT CAG CTC TTC,1.0709641825531722
CCA GCG CAC CCA TAC GAC CGT CTG AAA ACC ACC TCT ACC GAC CCG GTT TCT GAC ATC GAC GTT ACC CGC CGT GAG GCG TAC CTC TCC TCT GAA GAA TTC AAA GAG AAA TTC GGC ATG ACC AAG GAA GCG TTC ATC AAG CTG CCG AAA TGG AAA CAG AAC AAA TTC CCG ATG GCG GTG CAA CTG TTC,0.7457295398166782
CCA GCG CAC CCA TAC GAC CGT CTG AAA ACC ACC TCT ACC GAT CCA GTT TCT GAC ATT GAC GTT ACC CGT CGT GAA GCG TAC CTG GGT TCT GAG GCG TTC AAA GAA AAA TTC GGT ATG ACC AAA GAA GCG TTC TAC AAA CTG CCG AAA TGG AAA CAG AAC AAA TTC AAA ATG GCG GTG CAA CTC TTT,0.5253793808636505
CCA GCG CAC CCG TAC GAC CGT CTG AAA ACC ACC TCT ACC GAC CCG GTT TCT GAT ATT GAC GTT ACC CGT CGT ATC GCG TAC CTG TCC TCT GAA GAG TTC AAG GAG AAA TTC GGT ATG ACC AAA GAG GCG TTT TAC AAA CTG CCG AAA TGG AAA CAG AAC AAG TTC GAC ATG GCG GTT CAG CTC TTC,0.54264265812488
CCG GCT CAC CCA TAC GAC CGT CTG AAA ACC ACC TCT ACC GAT CCG GTT TCT GAC ATT GAC GTT ACC ATC CGT GAG GCG TAC CTG TCC TCC GAA GAA TTC AAA GAG AAA TTT GGC ATG ACC AAA GAA GCG TTC CAC AAA CTG CCG AAA TGG AAA CAG AAC AAG TTC AAA ATG GCG GTT CAG CTG TTC,0.6288385297581232
CCG GCT CAC CCG TAC GAC CGT CTG AAA ACC ACC TCT ACC GAC CCG GTT TCT GAC ATC GAC GTT ACC CGT CGT GAA GCG TAC CTG TCT TCC GAA GAA TTC AAA GAA AAG TTC GGC ATG ACC AAG GAG GCG TTT ATG AAG CTG CCG AAA TGG AAA CAG AAC AAA TTC CCG ATG GCG GTG CAG CTG TTC,0.7295718151094259
CCG GCG CAC CCG TAC GAC CGT CTG AAA ACC ACC TCT ACC GAC CCG GTT TCT GAC ATC GAC GTT ACC ATC CGT TGG GCT TAC CTG TCT TCT GAG GAA TTC AAG GAA AAA TTC GGT ATG ACC AAG GAG GCG TTC TAC AAA CTG CCG AAA TGG AAA CAG AAC AAA TTC AAA ATG GCG GTG CAG CTG TTC,0.8591411504664819
CCG GCG CAC CCG TAC ATC CGT CTG ATG ACC ACC TCT ACC GAC CCG GTT TCT GAC ATC GAC GTT ACC CGT CGC GAG GCG TAT CTC TCT TCT GAG GAG TTC AAA GAA AAG TTC GGT ATG ACC AAA GAG GCG TTC TAC AAA CTG CCG AAA TGG AAA CAG AAC AAA TTC AAA ATG GCG GTT CAG CTC TTC,0.4606307469128212
CCG GCG CAC CCA TAC GAC CGT CTG AAA ACT ACC TCT ACC GAC CCG GTT TCT GAC ATC GAC GTT ACC CGT CGT GAA GCG TAC CTG TCT TCT GAA GAG TAC AAG GAG AAA TTC GGC ATG ACC AAA GAA GCG TTC TAC AAA CTG CCG AAG TGG AAG CAG AAC AAA TTC AAA ATG GCG GTT CAG CTG TTC,0.3779238602403884
CCA GCT CAC CCG TAC GAC CGT CTG AAA ACC ACT TCT ACC GAC CCG GTT TCT GAC ATC GAC GTT ACC GTT CGT ATG GCG TAC CTG TCT TCT GAA GAA TTC AAG GAG AAG TTC GGC ATG ACC AAA GAA GCG TTC TAC AAA CTG CCG AAA TGG AAA CAG AAC AAG TTC AAA ATG GCG GTG CAG CTG TTC,0.9939078384550254
CCG GCG CAC CCG TAC GAC CGT CTG AAA ACC ACT TCT ACC GAC CCG GTT TCT GAC ATC GAC GTT ACC CGT CGT GAA GCG TAC CTG TCC TCT GAG GAA TTC AAG GAA AAA TTC GGC ATG ACC AAA GAG GCG TTC GGT AAA CTG CCG AAA TGG AAG CAG AAC AAA TTC CGC ATG GCG GTT CAG CTG TTT,0.6737001785540654
CCG GCG CAC CCG TAC GAC CGT CTG AAA ACC ACC TCT ACC GAC CCG GTT TCT GAC ATC GAC GTT ACT CCA CGT CGT GCG TAC CTG TCT TCT GAG GAG TTC AAG GAG AAG TTC GGC ATG ACC AAA GAA GCT TTC TAC AAA CTG CCG AAA TGG AAA CAG AAC AAA TTC AAA ATG GCG GTT CAG CTG TTT,0.4925998541088452
CCG GCG CAC CCG TAC GAC CGT CTG AAA ACT ACC TCT ACC GAC CCG GTT TCT GAC ATC GAC GTT ACT CCG CGT GGT GCG TAC CTC TCT TCT GAA GAG TTC AAA GAG AAG TTC GGC ATG ACC AAA GAG GCG TTC TAC AAA CTG CCG AAA TGG AAA CAG AAC AAA TTC AAA ATG GCT GTT CAG CTG TTC,0.4488232910133044
CCG GCG CAC CCG TAC GAC CGT CTG AAA ACC ACC TCT ACC GAC CCG GTT TCT GAT ATC GAC GTT ACC CGT CGT CTG GCG TAC CTG TCT TCT GAG GAG TTC AAA GAA AAG TTC GGT ATG ACC AAG GAA GCG TTC AAG AAA CTG CCG AAA TGG AAA CAG AAC AAA TTC AAA ATG GCG GTT CAG CTG TTC,0.7107845967921956
CCG GCG CAC CCG TAC TGC CGT CTG GTT ACC ACC TCT ACC GAC CCG GTT TCT GAC ATC GAC GTT ACC CGT CGT GAA GCG TAC CTC TCC TCC GAG GAG TTC AAA GAA AAG TTC GGC ATG ACC AAA GAA GCG TTC TAC AAA CTG CCG AAA TGG AAG CAG AAC AAA TTC AAA ATG GCT GTT CAG CTG TTC,1.460548161865579
CCG GCG CAC CCG TAC GAC CGT CTG AAG ACC ACC TCT ACC GAC CCA GTT TCT GAC ATC TGC GTT TGG CGT CGT GAA GCG TAC CTG TCT TCC GAA GAG TTC AAA GAG AAA TTC GGT ATG ACC AAG GAA GCG TTC TAT AAA CTG CCG AAA TGG AAA CAG AAC AAA TTC AAA ATG GCT GTT CAG CTC TTT,1.0647781222448074
CCA GCG CAT CCG TAC GAC CGT CTG AAA ACC ACC TCT ACC GAC CCA GTT TCT GAT ATC GAC GTT ACC CGT CGT GAA GCG TAC CTG TCT TCC GAA GAA TTC AAA ATG AAA TTC GGC ATG ACC AAA GAA GCG TTC TAC AAA CTG CCG AAA TGG AAG CAG AAC AAA TTC AAG ATG GCG GTT CAG CTG TTC,1.133389900046201
CCA GCG CAT CCG TAC ACC CGT CTG AAC ACC ACC TCT ACC GAC CCG GTT TCT GAC ATC GAC GTT ACC CGT CGT GAA GCT TAC CTG TCT TCC GAA GAG TTC AAG GAG AAA TTT GGT ATG ACC AAA GAG GCG TTC TAC AAA CTG CCG AAA TGG AAA CAG AAC AAG TTC AAA ATG GCG GTT CAG CTG TTC,0.2109268608076889
CCG GCG CAT CCG TAC GAC CGT CTG AAA ACC ACC TCT ACC GAC CCG GTT TCT GAC ATC GAC GTT ACC CGT CGT CTG GCG TAC CTG TCC TCC GAA GAA TTC AAA GAG AAA TTC GGC ATG ACC AAA GAA GCG TTC TAT AAA CTG CCG AAG TGG AAA CAG AAC AAG TTC TGG ATG GCG GTT CAG CTG TTC,1.218583103640816
CCG GCG CAC CCG TAC GAC CGT CTG AAA ACT ACC TCT ACC GAC CCG GTT TCT GAC ATT GAC GTT ACC CGT CGC CGT GCT TAC CTG TCT TCC GAA GAA TTC AAG GAG AAG TTC GGT ATG ACC AAG GAA GCG TTC TAC AAA CTG CCG AAA TGG AAA CAA AAC AAA TTC AAC ATG GCG GTT CAG CTG TTC,0.2939397492446323
CCA GCG CAC CCG TAC GAC CGT CTG AAA ACC ACC TCT ACC GAT CCG GTT TCT GAC ATT GAC GTT ACC CGT CGT GAA GCG TAC CTG TCT TCT GAA GAG TTC AAA GAG CAC TTC GGC ATG ACT AAA GAG GCG TTC TAC AAA CTG CCG AAA TGG AAA CAG AAC AAA TTC AAA ATG GCG GTT CAG CTG TTC,1.1567824364540935
CCG GCG CAC CCG TAC GAC CGT CTG AAA ACC ACC TCT ACC GAT CCG GTT GCG GAC ATC GAC GTT ACT CGC CGT GAG GCG TAC CTG TCT TCT GAG GAG TTC AAA GAA AAG TTC GGT ATG ACC AAG GAA GCG TTC TAC AAA CTG CCG AAA TGG AAA CAG AAC AAA TTC AAA ATG GCG GTG CAA CTG TTT,1.3681722423888854
CCG GCT CAC CCG TAC GAC CGT CTG AAA ACC ACC TCT ACC GAC CCG GTT TCT GAC ATC CAG GTT ACC CGT CGC GAA GCG TAC CTG TCC TCC GAG GAA TTC AAA GAA AAA TTC GGT ATG ACC AAG GAG GCG TTC TAC AAA CTG CCG AAA TGG AAA CAG AAC AAG TTC AAA ATG GCG GTT CAG CTG TTC,0.5296434218917392
CCG GCT CAC CCG TAC GAC CGT CTG AAA ACC ACC TCT ACC GAC CCG GTT TCT GAT ATC GAC GTT ACC GCG CGT GAG GCT TAC CTG TCT TCT GAA GAG TTC AAA GAA AAG TTC GGC ATG ACC AAG GAG GCG TTC TAC AAA CTC CCG AAA TGG AAA CAG AAC AAA TTC GCG ATG GCT GTT CAG CTC TTC,0.7007256098859893
CCA GCG CAC CCG TAC GAT CGC CTG AAA ACC ACC TCT ACC GAC CCG GTT TCT GAC ATC GAC GTT ACC CGC CGT GAC GCG TAC CTC TCC TCC GAG GAG TTC AAA GAG AAA TTC GGT ATG ACC AAA GAG GCT TTC TAC AAG CTG CCG AAA TGG AAA CAG AAC AAA TTC ATC ATG GCT GTT CAG CTG TTC,1.0267679255841902
CCG GCG CAC CCG TAC GAC CGT CTG AAA ACC ACC TCT ACC GAC CCG GTT TCT GAC ATC GAC GTT ACC CAG CGT GAA GCG TAC CTG TCT TCT GAG GAA TTC AAA GAG AAG TTC GGT ATG ACC AAA GAG GCG TTC TAC AAA CTG CCG AAA TGG AAA CAG AAC AAA TTC CAC ATG GCG GTG CAG CTG TTC,0.6526468764912029
CCG GCG CAC CCG TAC GAC ATG CTG AAA ACC ACC TCT ACT CCA CCG GTT TCT GAC ATC GAC GTT ACC CGT CGT GAA GCG TAC CTG TCT TCT GAG GAA TTC AAA GAA AAA TTC GGT ATG ACC AAA GAG GCG TTC TAC AAA CTC CCG AAA TGG AAA CAG AAC AAG TTC AAG ATG GCT GTT CAG CTG TTC,0.7069357677788137
CCG GCG CAC CCG TAC GAC CGT CTG AAA ACC ACC TCT ACC GAT CCG GTT TCT GAC ATC GAC GTG ACC CGC CGT GAA GCG TAC CTG TAC TCT GAA CTG TTC AAA GAG AAA TTC GGC ATG ACC AAA GAA GCG TTC TAC AAA CTG CCG AAA TGG AAG CAG AAC AAA TTC AAA ATG GCG GTG CAG CTG TTC,0.4967574726642228
CCG GCG CAC CCG TAC GAC CGT CTG AAA ACC ACC TCT ACT GAC CCG GTT TCT GAC ATT GAC GTT ACC CGT CGT TTC GCG TAC CTC TCT TCT GAA GAG TTC AAA GAG AAG TTC GGC ATG ACT AAA GAG GCG TTT AAG AAA CTG CCG AAA TGG AAA CAG AAC AAA TTC AAG ATG GCG GTT CAG CTG TTC,0.7042409181001028
CCA GCG CAC CCG TAC GAC CGT CTG AAA ACC ACC TCT ACC GAC CCA GTT TCT GAT ATC CAC GTT ATG CGT CGT GAA GCG TAC CTG TCT TCT GAA GAG TTC AAA GAA AAG TTC GGC ATG ACC AAA GAG GCT TTC TAC AAA CTG CCG AAG TGG AAA CAG AAC AAA TTC AAA ATG GCG GTT CAG CTG TTC,0.2812219380189781
CCG GCG CAC CCG TAC GAC CGT CTG AAA ACC ACT TCT ACC GAC CCG GTT TCT GAC ATC GAC GTG ACC CGT CGT GTG GCG TAC CTG TCT TCT GAA GAG TTC AAG GAG AAA TTC GGT ATG ACC AAG GAA GCG TTC TAC AAA CTG CCG AAA TGG AAG CAG AAC AAG TTC TTC ATG GCT GTG CAG CTC TTC,0.9712892578632646
CCG GCG CAC CCG TAC GAC CGT CTG AAA ACC ACC TCT ACC GAC CCG GTT TCT GAC ATC GAC GTT ACC CGT CGT GAA GCG TAC CTG TCC TCC GAG GAA TTC AAA GAA AAG TTC GGT ATG ACC AAA GAA GCG TTC TAC AAA CTC CCG AAA CTG AAA CAG AAC AAG TTC AAA ATG GCG GTT CAG CTG TTC,0.4132320440645726
CCA GCG CAC CCG TAC GAC CGT CTG AAA ACC ACC TCT ACC GAC CCG GTT TCT GAC ATT CCG GTT GAC CGT CGC GAA GCG TAC CTG TCT TCT GAA GAG TTC AAG GAG AAA TTT GGC ATG ACC AAG GAG GCG TTC TAC AAA CTG CCG AAG TGG AAA CAG AAC AAA TTC AAA ATG GCG GTG CAG CTG TTC,0.721134403842884
CCG GCT CAC CCG TAC GAC CGT CTG AAA ACC ACT TCT ACC GAC CCG GTT TCT GAT ATC GAC GTT ACC CGT CGT GAC GCG TAC CTC TCT TCT GAA GAG TTC AAG GAA AAA TTC GGC ATG ACC AAA GAG GCG TTC TAC AAA CTG CCG AAA TGG AAA CAG AAC AAA TTC ACC ATG GCT GTT CAG CTG TTT,0.2687131824989889
CCG GCT CAC CCG TAC GAC CGT CTG AAA ACC ACC TCT ACC GAC CCG GTT TCT GAC ATC GAC GTT ACC CGT CGC TAT GCG TAT CTG TCT TCC GAA GAG TTC AAG GAG AAA TTC GGT ATG ACC AAG GAA GCG TTT TAC AAA CTG CCG AAA TGG AAA CAG AAC AAG TTC AAA ATG GCT GTT CAG CTC TTC,0.8263149802084989
CCG GCG CAC CCG TAC GAC CGT CTG AAA ACC ACT TCT ACC GAC CCG GTT TCT GAC ATT GAC GTT ACC CGT CGT CTC GCG TAC CTC TCT TCT GAA GAG TTC AAA GAG AAG TTC GGC ATG ACC AAA GAA GCG TTC CAC AAA CTG CCG AAA TGG AAA CAG AAC AAA TTC AAG ATG GCG GTT CAG CTG TTC,0.7310663423088151
CCG GCT CAC CCG TAC GAC CGT CTG AAA ACC ACC TCT ACC GAC CCA GTT TCT GAC ATC GAC GTT ACC ATC CGT TCT GCG TAC CTG TCT TCT GAA GAG TTC AAA GAG AAG TTC GGT ATG ACC AAA GAA GCG TTC TAC AAG CTG CCG AAA TGG AAG CAG AAC AAA TTC AAA ATG GCG GTG CAG CTG TTC,0.7049199703637485
CCG GCT CAC CCG TAC GAC CGT CTG AAA ACC ACC TCT ACC GAC CCG GTT TCT GAC ATC GAC GTT ACC CGT CGT GCG GCG TAC CTG TCT TCC GAG GAA TTC AAG GAG AAA TTC GGT ATG ACC AAA GAG GCG TTT TAC AAA CTG CCG AAA TGG AAA CAG AAC AAG TTC ATC ATG GCG GTG CAG CTC TTC,0.9771427735058612
CCG GCG CAC CCG TAC GAC CGT CTG AAA ACC ACT TCT ACC GAC CCG GTT TCT GAC ATT GAC GTT ACC CGT CGT GAA GCG TAC CTG TCC TCC GAG GAA TTC AAG GAA AAA TTC ACC ATG ACC AAG GAG GCG TTC TAC AAA CTG CCG AAA TGG AAA CAG AAC AAA TTC AAA ATG GCG GTT CAG CTG TTC,0.6186263909575627
CCG GCT CAC CCG TAC GAC CGT CTG AAA ACC ACC TCT ACC GAC CCG GTG TCC GAC ATC GAC GTT ACC CGT CGT GAA GCG TAC CTG TCC TCC GAG GAA TTT AAG GAA AAA TTC GGC ATG ACC AAA GAG TAC TTC TAC AAG CTG CCG AAG TGG AAA CAG AAC AAG TTC AAA ATG GCG GTT CAG CTC TTC,0.9411229235471013
CCG GCG CAC ACC TAC GAC CGT CTG AAA ACC ACC TCT ACC GAC CCG GTT TCT GAC ATC GAC GTT ACC CGT CGT GAA GCG TAC CTC TCC TCC GAG GAA TTC AAA GAA AAA TTC GGT ATG ACC AAG GAG GCG TTT TAC AAA CTG CCG AAA TGG AAA CAG AAC AAG TTC AAA ATG GCG GTT CAG CTG TTC,0.8155838679184191
CCG GCG CAC CCG TAC GAT CAT CTG AAA ACC ACC TCT ACT GCT CCG GTT TCT GAT ATC GAC GTT ACC CGT CGT GAA GCG TAC CTG TCT TCC GAA GAG TTC AAA GAA AAG TTC GGT ATG ACC AAG GAG GCG TTC TAC AAA CTG CCG AAA TGG AAA CAA AAC AAA TTC AAA ATG GCG GTT CAG CTG TTC,0.7765037581216723
CCG GCT CAC CCG TAC GAC CGT CTG AAA ACC ACC TCT ACC GAT CCG GTT TCT GAC GGT GAC GTT ACC CGT CGT GAA GCG TAC CTG TCT TCC GAG GAA TTC AAG GAG AAA TTC GGT ATG ACC AAA GAA GCG TTC TAC AAG CTG CCG AAA TGG AAA CAG AAC AAA TTC AAA ATG GCG GTT CAG CTG TTC,0.6609785914952461
CCA GCG CAC CCG TAC GAC CGT CTG AAA ACC ACC TCT ACC GAT CCG GTT TCT GAC ATT GAC GTT ACC CGT CGT GAA GCG TAC CTG TCT TCC GAA GAA TTC AAG GAA AAG TTC GGT ATG ACC AAG GAG GCG TTC CGT AAA CTG CCG AAG TGG AAA CAG AAC AAA TTC ATG ATG GCG GTT CAG CTG TTC,0.6910476079605924
CCA GCG CAC CCG TAC GAC CGT CTG AAA ACC ACC TCT ACC GAC CCG GTT TCT GAC ATT GAC GTT ACC CGT CGT TCT GCG TAC CTC TCT TCT GAG GAG TTC AAG GAG AAG TTT GGC ATG ACC AAA GAG GCG TTC TAC AAA CTG CCG AAA TGG AAA CAG AAC AAA TTC ATG ATG GCG GTG CAG CTG TTC,0.9877872939918338
CCG GCG CAT CCG TAC GAC CGT CTG AAA ACC ACC TCT ACC GAC CCG GTT TCC GAC ATC GAA GTT GTT CGT CGT GAG GCG TAC CTG TCC TCC GAG GAA TTC AAA GAA AAA TTC GGC ATG ACC AAA GAA GCG TTT TAC AAA CTG CCG AAG TGG AAA CAG AAC AAA TTC AAG ATG GCG GTT CAG CTG TTC,0.4851424391516255
CCG GCG CAC CCG TAC GAC GAA CTG AAA ACC ACT TCT ACC ACT CCG GTG TCT GAC ATT GAC GTT ACC CGT CGT GAA GCG TAC CTC TCC TCC GAG GAA TTC AAA GAG AAG TTC GGT ATG ACC AAA GAA GCG TTC TAC AAA CTG CCG AAG TGG AAA CAA AAC AAG TTC AAA ATG GCT GTT CAG CTG TTT,0.7978174150940522
CCG GCG CAT CCA TAC GAC CGT CTG AAA ACC ACC TCT ACC GAC CCG GTT TCC GAC ATC GAC GTT ACC CGC CGT GAA GCG TAC CTG TCT TCC GAG GAA TTC AAG GAA AAA TTC GGC ATG ACC AAA GAG GCT TTT TAC AAA CTG CCG AAA TGG GAC CAG AAC AAA TTC AAA ATG GCG GTG CAA CTC TTC,0.9369784061043228
CCG GCG CAC CCG TAC GAC CGT CTG AAA ACC ACC TCT ACC GAC CCG GTT TCT GAC ATC GAC GTT ACC CGT CGT GAA GCG TAC CTG TCC TCC GAG GAA TTC AAG GAA AAA TTC GGC ATG ACC AAA GAA GCG TTC TAC AAA CTG CCA AAA TGG AAG CAG AAC AAG GCG AAA ATG GCG GTG CAA CTG TTC,1.3297897878000209
CCG GCG CAC CCG TAC GAC ATG CTG AAA ACC ACC TCT ACC ATC CCG GTT TCT GAT ATC GAC GTT ACC CGT CGT GAA GCG TAC CTC TCT TCC GAA GAA TTC AAG GAG AAG TTC GGC ATG ACC AAA GAA GCG TTC TAC AAA CTG CCG AAA TGG AAA CAG AAC AAG TTC AAA ATG GCG GTT CAG CTG TTC,0.8227445464843455
CCG GCT CAC CCG TAC GAC CGT CTG AAA ACC ACC TCT ACC GAT CCG GTT TCT GAC ATC GAC GTT ACC CGT CGT GAA GCG TAC CTG TCT TCT GAG GAA TTC AAG GAA AAA TTC GGC ATG ACC AAA GAA GCG TTC TAC AAA CTG CCG AAA TGG AAG CAG AAC AAA TTC AAA ATG CAG GTT CAG CTG TTC,1.2934529788218494
CCG GCG CAT CCG TAC GAC CGT CTG AAA ACC ACC TCT ACC GAC CCG GTT TCT GAC ATC GAC GTT ACC GCG CGT GAA GCG TAC CTG TCT TCC GAA GAG TTC AAG GAG AAG TTC GGT ATG ACC AAA GAA GCG TTC GAA AAG CTG CCG AAG TGG AAG CAG AAC AAA TTC AAA ATG GCG GTG CAG CTC TTC,0.6072161331898356
CCG GCG CAC CCG TAC GAC CGT CTG AAA ACC ACC TCT ACC GAC CCG GTT TCT GAC ATC TCT GTT TAC CGT CGT GAA GCG TAC CTG TCC TCC GAA GAA TTC AAA GAA AAG TTC GGT ATG ACC AAG GAG GCG TTC TAC AAA CTG CCG AAA TGG AAG CAG AAC AAG TTC AAA ATG GCG GTT CAG CTC TTC,0.177322256310047
CCG GCT CAC CCA TAC GAC CGT CTG AAG ACC ACC TCT ACC GAC CCA GTT TCT GAC ATC GCG GTT TGG CGT CGT GAA GCG TAC CTC TCT TCC GAG GAG TTC AAG GAA AAG TTT GGC ATG ACC AAA GAA GCG TTC TAC AAA CTG CCG AAA TGG AAG CAG AAC AAA TTC AAA ATG GCG GTT CAG CTG TTC,-0.9416996385356854
CCG GCG CAC CCG TAC TGG CGT CTG ACC ACC ACC TCT ACC GAC CCG GTT TCC GAC ATC GAC GTT ACC CGT CGC GAA GCG TAC CTC TCT TCT GAA GAG TTC AAA GAA AAG TTC GGT ATG ACC AAA GAG GCG TTC TAC AAA CTG CCG AAA TGG AAA CAG AAC AAA TTC AAA ATG GCG GTT CAG CTG TTC,1.3825951888884505
CCA GCG CAC CCA TAC GAC CGT CTG AAA ACC ACC TCT ACC GAC CCG GTG TCT GAC ATC GAC GTT ACT CGT CGT GAA GCG AAA CTG TCT TCT GAG GAA TTC AAG GAG AAA TTC GGC ATG ACC AAA GAG GCG TTC TAC AAA CTG CCG AAA TGG AAA CAG AAC AAA TTC AAA ATG GCG GTG CAG CTG TTC,0.7467688201202688
CCA GCG CAC CCG TAC GAC CGT CTG AAA ACC ACC TCT ACC GAC CCG GTT TCT GAC ATC CGT GTT TGG CGT CGT GAG GCG TAC CTG TCT TCC GAG GAG TTC AAA GAA AAA TTC GGT ATG ACC AAG GAG GCG TTC TAC AAA CTG CCG AAA TGG AAG CAG AAC AAA TTC AAA ATG GCG GTT CAG CTG TTC,-0.6582520025702405
CCA GCG CAC CCG TAC GAC CGT CTG AAA ACC ACC TCT ACC GAC CCA GTT TCT GAC ATC GAC GTT ACC CGT CGT GAA GCG TAC CTG GTT TCC GAG AAC TTC AAG GAA AAA TTC GGC ATG ACC AAA GAA GCG TTC TAC AAA CTG CCG AAG TGG AAA CAG AAC AAA TTC AAA ATG GCG GTT CAG CTG TTC,0.5226416688788275
CCG GCG CAC CCG TAC GAC CGT CTC AAA ACC ACT TCT ACC GAC CCA GTG TCC GAC ATC GAC GTT ACT CGT CGT GAA GCG TAC CTG GAC TCT GAA GAC TTC AAG GAA AAA TTC GGT ATG ACC AAG GAG GCG TTC TAC AAA CTG CCG AAG TGG AAA CAG AAC AAA TTC AAA ATG GCT GTT CAG CTG TTC,0.6765463368456477
CCG GCT CAC CCG TAC GAC CGT CTG AAA ACC ACC TCT ACC GAC CCG GTT TCT GAC ATC GAC GTT ACC CGT CGT GCG GCG TAC CTG TCT TCT GAA GAG TTC AAG GAG AAA TTC GGT ATG ACC AAA GAG GCG TTC TAC AAA CTG CCG AAA TGG AAA CAG AAC AAA TTC TGG ATG GCG GTT CAG CTG TTC,1.4495858260936332
CCA GCT CAC CCG TAC GAC CGT CTG AAA ACC ACC TCT ACC GAC CCG GTG TCT GAC ATC GAC GTT GTT CGT CGT GAA GCT TAC CTG TCT TCC GAG GAG TTC AAG GAA AAA TTC GGT ATG ACC AAA GAG GCG TTC TAC AAA CTC CCG AAA TGG AAA CAG AAC AAA TTC AAA ATG GCG GTT CAG CTG TTC,0.803608776525115
CCG GCT CAC CCG TAC GAC CGT CTG AAA ACC ACC TCT ACC GAT CCG GTT TCT GAC ATC GAC GTT ACC CGT CGT GAA GCG TAC CTG TCT TCC GAA GAG TTC AAA GAA AAA TTC GGC ATG ACC AAA GAA GCG TTC TAC AAG CTG CCG AAA TGG AAA TAC AAC AAG TTC AAG ATG GCG GTT CAG CTG TTC,-0.0836949317582663
CCG GCG CAC CCG TAC GAC CGT CTG AAA ACC ACC TCT ACC GAC CCG GTT TCT GAT ATC GAC GTT ACC GGT CGT GTG GCG TAC CTG TCT TCT GAG GAA TTC AAG GAA AAA TTC GGT ATG ACC AAG GAG GCG TTC TAC AAA CTG CCG AAA TGG AAA CAG AAC AAA TTC AAA ATG GCG GTG CAA CTC TTT,0.6762448254106328
CCG GCG CAC CCG TAC ATC CGT CTG ACC ACC ACC TCT ACC GAC CCG GTT TCT GAC ATC GAC GTT ACC CGT CGC GAA GCT TAC CTG TCC TCT GAA GAG TTC AAG GAA AAG TTC GGT ATG ACC AAA GAA GCG TTC TAC AAA CTG CCG AAA TGG AAA CAG AAC AAA TTC AAA ATG GCG GTT CAG CTG TTC,0.6605458472712253
CCG GCG CAC CCG TAC GAC CGT CTC AAA ACT ACC TCT ACC GAC CCG GTT TCT GAC ATC CGT GTT CAC CGT CGT GAA GCG TAT CTG TCC TCC GAA GAG TTC AAA GAG AAA TTC GGT ATG ACC AAA GAA GCG TTC TAC AAG CTG CCG AAA TGG AAA CAG AAC AAG TTC AAG ATG GCG GTT CAG CTG TTC,0.4964380285922127
CCG GCG CAT CCG TAC GAC CGT CTG AAA ACC ACC TCT ACC GAT CCG GTT TCT GAC ATC GAC GTT ACC CGT CGT TAT GCG TAC CTG TCT TCT GAG GAA TTC AAA GAG AAG TTC GGT ATG ACC AAA GAG GCG TTC TTC AAA CTG CCG AAA TGG AAA CAG AAC AAG TTC AAA ATG GCG GTT CAG CTG TTC,0.5310112971651632
CCG GCG CAC CCG TAC GAC GGC CTG AAA ACC ACT TCT ACC GAC CCG GTT TCT GAT ATC GAC GTT ACC CGT CGT GAA GCG TAC CTC TCC TCT GAG GAA TTC AAA GAG AAA TTC GGC ATG ACC AAG GAA GCG TTT TAC AAA CTG CCG AAA TGG AAA CAG AAC AAG TTC AAA ATG GCG GTT CAG CTG TTC,0.8588330465123033
CCG GCT CAC CCG TAC GAC CGT CTG AAA ACC ACC TCT ACC GAC CCG GTG TCT GAT ATC GAC GTT ACC CGT CGT GAA GCG TAC CTC GCG TCC GAA CTG TTC AAA GAG AAA TTC GGT ATG ACC AAG GAA GCG TTC TAC AAG CTG CCG AAA TGG AAA CAG AAC AAA TTC AAA ATG GCG GTT CAG CTG TTC,0.5051637088718439
CCG GCG CAC CCG TAC GAC CGT CTG AAA ACC ACC TCT ACC GAT CCG GTT TCT GAC ATT GAC GTT ACC CGC CGT GAA GCG TAC CTG TCT TCC GAG GAA TTC AAG GAA AAA TTC GGC ATG ACT AAA GAG GCG TAC TAC AAA CTG CCG AAG TGG AAA CAG AAC AAA TTC AAA ATG GCG GTT CAG CTG TTC,0.4684371920797185
CCA GCG CAC CCG TAC GAC CGT CTG AAA ACC ACC TCT ACC GAC CCG GTT TCT GAT ATC GAC GTT ACC CGT CGT GAA GCG TAC CTG TCT TCT GAA GAG TTC TGC GAA AAG TTC GGT ATG ACC AAG GAA GCG TTC TAC AAA CTG CCG AAA TGG AAA CAG AAC AAA TTC AAA ATG GCT GTT CAG CTG TTC,1.7451256371634765
CCG GCG CAC CCG TAC GAC CGT CTG AAA ACC ACC TCT ACC GAT CCG GTT TCT GAC ATC GAC GTT ACC AAA CGT TGG GCG TAC CTC TCC TCC GAA GAG TTC AAA GAG AAA TTC GGC ATG ACC AAA GAA GCG TTC TAC AAA CTG CCG AAA TGG AAA CAG AAC AAA TTC AAA ATG GCG GTT CAG CTG TTC,0.7392106554427266
CCG GCG CAC CCG TAC GAC CGT CTG AAA ACC ACC TCT ACC GAC CCG GTT TCT GAC ATC GAC GTT ACT CCA CGT TAC GCT TAC CTG TCC TCT GAA GAA TTC AAA GAA AAG TTC GGC ATG ACC AAG GAA GCG TTC TAC AAA CTG CCG AAA TGG AAA CAG AAC AAG TTC AAA ATG GCG GTT CAG CTG TTC,0.4566973881334615
CCG GCG CAC CCG TAC GAC CGT CTG AAA ACC ACC TCT ACC GAC CCG GTT TCT GAC ATC GAC GTT ACC TCT CGT GAA GCG TAC CTG TCT TCC GAA GAG TTC AAA GAA AAG TTC GGT ATG ACC AAG GAG GCG TTC CAG AAA CTG CCG AAA TGG AAA CAG AAC AAA TTC AAA ATG GCG GTG CAG CTC TTT,0.5683320264144912
CCG GCT CAT CCG TAC GAC CGT CTG AAA ACT ACC TCT ACC GAC CCG GTT TCT GAT ATC GAC GTT ACC GGT CGT GAA GCG TAC CTG TCC TCC GAA GAA TTC AAA GAG AAA TTC GGT ATG ACC AAG GAG GCT TTC GTG AAA CTG CCG AAA TGG AAA CAG AAC AAG TTC AAA ATG GCG GTG CAG CTC TTT,0.515695263702187
CCG GCG CAC CCG TAC GAC CGT CTG AAA ACC ACC TCT ACC GAC CCG GTT TCT GAC ATC GAC GTT ACC CGT CGT GAA CAC TAC CTG TCC TCT GAG GAG TTC AAA GAG AAG TTC GGT ATG ACC AAA GAA GCG TTC TAC AAG CTC CCG AAA TGG AAA CAG AAC AAA TTC AAA ATG GCG GTT CAG CTG TTC,0.7737706393134782
CCG GCG CAC CCG TAC GAC CGT CTG AAA ACC ACC TCT ACC GAC CCG GTT TCT GAC CCG GAC GTT ACC CGT CGT GAG GCG TAC CTG TCT TCT GAA GAG TTC AAG GAA AAA TTC GGC ATG ACC AAG GAG GCG TTC TAC AAA CTG CCG AAA TGG AAA CAG AAC AAG TTC AAA ATG GCG GTT CAG CTG TTC,0.6265680948926386
CCA GCG CAC CCG TAC GAC CGT CTG AAA ACC ACC TCT ACC GAC CCG GTT TCT GAC ATC GAC GTT ACC CGT CGT GAG GCG TAC AAC TCC TCC GAA GAA TTC AAA GAA AAA TTC GGC ATG ACC AAA GAA GCG TTC TAC AAA CTG CCG AAA TGG AAA CAG AAC AAG TTC AAA ATG GCG GTT CAG CTG TTC,0.3730048672519139
CCG GCT CAC CCG TAC GAC CGT CTG AAA ACC ACC TCT ACC GAC CCG GTT TCC GAC ATC GAC GTT ACC CGT AAA GAA GCG TAC CTG TCC TCC GAA GAG TTC AAA GAA AAG TTC GGT ATG ACC AAG GAG GCG TTC TAC AAA CTC CCG AAA TGG AAA CAG AAC AAA TTC AAA ATG GCG GTT CAG CTG TTC,0.824401403214273
CCG GCG CAC CCG TAC GAC CGT CTG GTT ACC ACC TCT ACT GAC CCG GTT TCT GAC ATT GAC GTT ACC CGC CGT GAA GCG TAC CTG TCC TCT GAG GAG TTC AAA GAG AAA TTC GGT ATG ACC AAA GAG GCG TTC TAC AAA CTG CCG AAA TGG AAA CAG AAC AAA TTC AAA ATG GCG GTT CAG CTG TTC,1.232261236875341
CCA GCT CAC CCG TAC GAC CGT CTG AAA ACC ACC TCT ACC GAC CCG GTG TCT GAT ATC GAC GTT ACC GGT CGT GAA GCG TAC CTC TCC TCT GAG GAG TTC AAA GAA AAA TTC GGC ATG ACC AAG GAA GCG TTC CTG AAA CTC CCG AAA TGG AAA CAG AAC AAA TTC AAA ATG GCG GTT CAG CTG TTC,0.8592845447671289
CCG GCG CAC CCG TAC GAC CGT CTG AAA ACC ACC TCT ACC GAC CCG GTT TCT GAC ATC GAC GTT ACC CGT CGT CGT GCG TAC CTG TCT TCC GAA GAA TTC AAG GAA AAA TTC GGC ATG ACC AAA GAG GCG TTC TAC AAA CTG CCG AAA TGG AAA CAG AAC AAA TTC CCG ATG GCG GTT CAG CTG TTC,0.6082759246191609
CCG GCT CAC CCG TAC GAC CGT CTC AAA ACC ACT TCT ACC GAT CCA GTT TCT GAC ATC ATC GTT CGT CGT CGT GAA GCG TAC CTG TCC TCT GAA GAG TTT AAA GAA AAG TTC GGC ATG ACC AAG GAA GCT TTC TAC AAG CTG CCG AAA TGG AAA CAG AAC AAA TTC AAA ATG GCG GTT CAG CTG TTC,0.6891124542723525
CCG GCT CAC CCG TAC ATC CGT CTG CAC ACC ACC TCT ACC GAC CCG GTG TCT GAT ATC GAC GTT ACC CGT CGC GAA GCG TAC CTG TCT TCT GAG GAA TTC AAA GAA AAG TTC GGC ATG ACC AAA GAG GCG TTC TAT AAA CTG CCG AAA TGG AAG CAG AAC AAA TTC AAG ATG GCG GTG CAG CTG TTC,0.0412956302382655
CCG GCG CAC CCG TAC GAC CGT CTG AAA ACC ACC TCT ACC GAC CCG GTT TCT GAC ATC GAC GTT ACC CGT CGT GAA GCG TAC CTG TCT TCT GAA GAA TTC AAG GAA AAG TTC GGC ATG ACC AAG GAA CAA TTC TAC AAG CTG CCG AAA TGG AAG CAG AAC AAA TTC AAA ATG GCG GTG CAG CTC TTC,1.411436412305731
CCG GCG CAC CCG TAC GAC CGT CTG AAA ACC ACC TCT ACC GAC CCG GTT TCT GAC ATC GAC GTT ACC CGT CGT TCT GCG TAC CTG TCT TCT GAG GAA TTC AAG GAG AAG TTC GGC ATG ACC AAA GAA GCG TTC TAC AAA CTG CCG AAA TGG AAA CAG AAC AAA TTC GCT ATG GCG GTT CAG CTG TTC,1.270342805206892
CCA GCG CAC CCG TAC GAC CGT CTG AAA ACC ACC TCT ACC GAC CCG GTT TCT GAC ATC GAC GTT ACC ACC CGT CGT GCG TAC CTG TCT TCT GAA GAG TTC AAG GAG AAG TTC GGT ATG ACC AAA GAA GCG TTC TAC AAA CTG CCG AAA TGG AAA CAG AAC AAA TTC AAA ATG GCG GTT CAG CTG TTC,0.9406242759304612
CCG GCG CAT CCG TAC GAC CGT CTG AAA ACC ACC TCT ACC GAC CCG GTT TCC GAC ATC TGG GTT ATC CGT CGT GAA GCG TAC CTC TCC TCT GAG GAA TTC AAG GAA AAA TTC GGC ATG ACC AAA GAG GCG TTC TAC AAA CTG CCG AAA TGG AAA CAG AAC AAA TTC AAA ATG GCG GTT CAG CTG TTC,-1.675683368381399
CCG GCG CAC CCG TAC GAC CGT CTG AAA ACC ACC TCT ACC GAC CCG GTT TCT GAC ATC GAC GTT ACC GAA CGT GAA GCG TAC CTG TCT TCT GAG GAG TTC AAG GAA AAA TTC GGT ATG ACC AAG GAA GCG TTC CGT AAA CTG CCG AAG TGG AAA CAG AAC AAA TTC AAA ATG GCG GTT CAG CTG TTC,0.6417171825303636
CCA GCG CAC CCG TAC GAC CGT CTG AAA ACC ACC TCT ACC GAC CCG GTT TCT GAC ATC GAC GTT ACC AAG CGT GAA GCG TAC CTC TCT TCC GAG GAG TTC AAG GAA AAA TTC GGC ATG ACC AAG GAA GCG TTT ATG AAG CTG CCG AAA TGG AAA CAG AAC AAA TTC AAA ATG GCG GTT CAG CTG TTC,0.7135381420816382
CCG GCT CAC CCG TAC GAC CGT CTG AAA ACC ACC TCT ACC GAC CCG GTT TCT GAC ATC GAC GTT ACC AAA CGT GAA GCG TAC CTG TCC TCT GAA GAA TTC AAA GAA AAG TTC GGC ATG ACC AAA GAA GCG TTC TAC AAA CTG CCG AAA TGG AAG CAG AAC AAA TTC GGT ATG GCG GTT CAA CTG TTC,0.3326638307668879
CCG GCG CAT CCG TAC GAC CGT CTG AAA ACC ACC TCT ACC GAC CCA GTT TCT GAC ATC CGT GTT ATC CGT CGT GAA GCG TAC CTG TCT TCT GAA GAG TTC AAG GAG AAA TTC GGT ATG ACC AAA GAG GCG TTC TAC AAA CTG CCG AAA TGG AAA CAG AAC AAA TTC AAA ATG GCG GTT CAG CTG TTC,0.9642561643307164
CCA GCG CAC CCG TAC GAC CGT CTG AAA ACC ACT TCT ACC GAC CCG GTT TCT GAC ATC GAC GTG ACC CGT CGT CGT GCG TAT CTG TCT TCT GAG GAG TTC AAG GAA AAG TTC GGT ATG ACC AAA GAA GCG TTC TAC AAA CTG CCG AAA TGG AAA CAG AAC AAA TTC CGT ATG GCT GTT CAG CTG TTC,0.7686814120150103
CCA GCG CAC CCG TAC GAC GAA CTG AAA ACC ACC TCT ACC TCT CCG GTT TCT GAT ATC GAC GTT ACC CGT CGT GAA GCG TAC CTG TCT TCC GAG GAG TTC AAG GAG AAG TTC GGT ATG ACC AAA GAA GCG TTC TAC AAA CTG CCG AAA TGG AAA CAG AAC AAA TTC AAA ATG GCG GTT CAG CTG TTC,0.9974834067540754
CCG GCG CAC CCG TAC GAC CGT CTG AAA ACC ACC TCT ACC TAC CCG GTT TCT GAC ATC GAC GTT ACC CGT CGT GAA GCG TAC CTG TCC TCT GAA GAG TTC AAA GAA AAG TTC GGC ATG ACC AAA GAA GCG TTC TAC AAG CTC CCG AAA TGG AAA CAG AAC AAA TTC AAA ATG GCG GTT CAG CTG TTC,1.128278369271004
CCG GCG CAC CCG TAC GAC CGT CTG AAA ACT ACC TCT ACC GAT CCG GTT TCT GAC ATC GAC GTT ACC CGT CGT ACC GCG TAC CTC TCT TCC GAA GAA TTC AAA GAG AAG TTC GGT ATG ACC AAA GAG GCG TTC TAC AAA CTG CCG AAA TGG AAG CAG AAC AAA TTC GAC ATG GCG GTG CAA CTG TTC,0.2741171654754403
CCG GCT CAC CCG TAC GAC CGT CTG AAA ACC ACC TCT ACC GAT CCG GTT TCT GAC ATC AAT GTT GTT CGT CGT GAA GCG TAT CTG TCC TCT GAG GAG TTC AAA GAG AAA TTC GGT ATG ACC AAA GAG GCG TTC TAC AAG CTG CCG AAG TGG AAA CAG AAC AAA TTC AAA ATG GCG GTT CAG CTG TTT,0.6987062156191457
CCG GCG CAC CCG TAC GAC GAA CTG AAA ACC ACC TCT ACC AAA CCA GTT TCT GAC ATC GAC GTT ACC CGT CGT GAA GCG TAC CTG TCT TCT GAG GAG TTC AAG GAG AAG TTC GGT ATG ACC AAA GAG GCG TTT TAC AAG CTG CCG AAA TGG AAA CAG AAC AAG TTC AAA ATG GCG GTT CAG CTG TTC,0.89776709258433
CCG GCG CAC CCG TAC GAC CGT CTG AAA ACC ACC TCT ACC GAT CCG GTT TCT GAC ATC GAC GTT ACC GAC CGT GAA GCG TAC CTC TCC TCT GAA GAG TTC AAA GAG AAA TTC GGC ATG ACT AAG GAA GCG TTC AAA AAG CTG CCG AAA TGG AAA CAG AAC AAA TTC AAA ATG GCG GTT CAG CTG TTC,0.5074376335802848
CCG GCG CAC CCG TAC GAC CGT CTG AAA ACC ACC TCT ACC GAC CCG GTT TCT GAC ATC CAC GTT CTG CGT CGT GAA GCG TAC CTG TCC TCC GAG GAA TTC AAG GAA AAA TTC GGC ATG ACT AAG GAA GCG TTC TAC AAG CTC CCG AAA TGG AAG CAG AAC AAA TTC AAA ATG GCT GTT CAG CTC TTC,0.3710579355325147
CCA GCG CAC CCG TAC GAC CGT CTG AAA ACC ACC TCT ACC GAT CCG GTT TCT GAC ATC TCT GTT AAA CGT CGT GAA GCG TAC CTG TCT TCT GAA GAG TTC AAG GAA AAA TTC GGC ATG ACC AAA GAG GCG TTC TAC AAA CTC CCG AAA TGG AAA CAG AAC AAA TTC AAA ATG GCG GTT CAG CTG TTC,0.7406787149220623
CCG GCG CAT CCG TAC GAC AAC CTG AAA ACC ACC TCT ACC TAC CCG GTT TCT GAC ATC GAC GTT ACC CGT CGT GAA GCG TAC CTG TCC TCT GAA GAA TTC AAA GAA AAA TTC GGC ATG ACC AAG GAA GCG TTC TAC AAA CTG CCG AAA TGG AAG CAG AAC AAA TTC AAG ATG GCG GTT CAG CTG TTC,0.8150415884792872
ATC GCG CAT CCG TAC GAC CGT CTG AAA ACC ACC TCT ACT GAC CCA GTT TCT GAC ATT GAC GTT ACC CGT CGT GAA GCG TAC CTG TCC TCT GAG GAG TTC AAA GAA AAA TTC GGC ATG ACC AAA GAG GCG TTC TAC AAA CTG CCG AAA TGG AAA CAG AAC AAA TTC AAA ATG GCG GTT CAG CTG TTC,1.4257076693163264
CCG GCG CAC CCG TAC GAC CGT CTG AAA ACC ACC TCT ACC GAC CCG GTT TCT GAC ATC GAC GTT ACC TTC CGT GAA GCG TAC CTG TCC TCT GAA GAG TTC AAG GAG AAA TTC GGT ATG ACC AAA GAG GCG TTC GTT AAA CTG CCG AAG TGG AAA CAG AAC AAA TTC AAA ATG GCG GTG CAG CTG TTC,0.5980245933986937
CCG GCG CAC CCA TAC GAC CGT CTG AAA ACC ACC TCT ACC GAC CCG GTT TCT GAC ATC GAC GTT ACC CGT CGT GTT GCG TAC CTG TCC TCC GAA GAA TTC AAA GAA AAA TTC GGC ATG ACC AAG GAA GCG TTC TAC AAA CTC CCG AAA TGG AAA CAG AAC AAA TTC GAC ATG GCG GTT CAG CTG TTC,0.6046432104921842
CCG GCT CAT CCG TAC GAC CGT CTG AAA ACC ACC TCT ACC GAC CCG GTT TCT GAC ATC GAC GTT ACC CGT CGT CAC GCG TAC CTC TCC TCC GAG GAG TTC AAA GAG AAA TTT GGT ATG ACC AAG GAG GCG TTC TAC AAG CTG CCG AAA TGG AAA CAG AAC AAA TTC TAC ATG GCT GTT CAG CTG TTC,0.8569403915292564
CCG GCG CAC CCG TAC GAC CGT CTG AAA ACC ACT TCT ACC GAC CCG GTT TCT GAC ATC GAC GTT ACC CGT CGT CGT GCG TAC CTG TCT TCT GAA GAG TTC AAG GAA AAA TTC GGC ATG ACC AAA GAG GCT TTC CAC AAA CTG CCG AAA TGG AAA CAG AAC AAA TTC AAA ATG GCG GTT CAG CTG TTC,0.4842065728204817
CCG GCG CAC CCG TAT AAA CGT CTG GCG ACT ACC TCT ACC GAC CCG GTT TCT GAC ATT GAC GTT ACC CGT CGT GAA GCG TAC CTG TCT TCT GAG GAG TTC AAG GAG AAA TTC GGC ATG ACC AAA GAA GCG TTC TAC AAA CTG CCG AAA TGG AAA CAG AAC AAA TTC AAA ATG GCG GTG CAG CTC TTC,-2.0966867452123634
CCG GCT CAC CCG TAC GAC ATG CTG AAA ACC ACC TCT ACC ACT CCG GTT TCC GAC ATC GAC GTT ACC CGT CGT GAA GCG TAC CTC TCC TCC GAA GAA TTC AAG GAG AAA TTC GGC ATG ACC AAA GAA GCG TTC TAC AAG CTG CCG AAA TGG AAA CAG AAC AAA TTC AAA ATG GCG GTT CAG CTG TTC,0.924256587717996
CCG GCG CAC CCG TAC GAC CGT CTG AAA ACC ACC TCT ACC GAT CCG GTG TCT GAC ATT GAC GTT ACC CGT CGT GAA GCG TAC CTG TCT TCC GAG GAA TTC AAG GAG AAA TTC GGT ATG ACC AAA GAG GCG TTT CAG AAA CTG CCG AAA TGG AAA CAG AAC AAA TTC TTC ATG GCT GTT CAG CTG TTC,0.6789260946672042
CCG GCG CAT CCG TAC GAC CGT CTG AAA ACC ACC TCT ACC GAC CCG GTT TCC GAC ATT GAC GTT ACC CGT CGT AAA GCG TAC CTC TCT TCT GAA GAA TTC AAG GAG AAA TTC GGC ATG ACC AAA GAA GCG TTC TAC AAA CTG CCG AAA TGG AAG CAG AAC AAA TTC CAA ATG GCT GTT CAG CTG TTC,0.4812133040660949
CCG GCG CAC CCA TAC GAC CGT CTC AAA ACC ACC TCT ACC GAT CCG GTT TCT GAC ATC GAC GTT ACC CGT CGT GAA GCG TAT CTC TCT TCC GAA GAA TTC AAG GAG AAG TTC GGT ATG ACC AAA GAG GCG TTC AAC AAA CTG CCG AAA TGG AAA CAG AAC AAA TTC AAA ATG GCG GTG CAA CTG TTC,0.5979264479071764
CCG GCG CAC CCG TAC GAC CGT CTG AAA ACC ACC TCT ACC GAC CCG GTT TCT GAC ATT GAC GTT ACC CGT CGT GTG GCG TAC CTG TCT TCT GAA GAG TTC AAG GAA AAG TTC GGC ATG ACC AAA GAA GCG TTT ATG AAA CTG CCG AAA TGG AAA CAG AAC AAA TTC AAA ATG GCG GTT CAG CTG TTC,0.8088846991205925
CCA GCG CAC CCG TAC GAC CGT CTG AAA ACC ACC TCT ACC GAT CCG GTT TCT GAC ATC TTC GTT ATG CGT CGT GAA GCT TAC CTG TCT TCC GAG GAA TTC AAA GAA AAG TTC GGT ATG ACC AAA GAA GCG TTC TAC AAG CTG CCG AAA TGG AAA CAG AAC AAG TTC AAA ATG GCG GTT CAG CTG TTC,-0.3005823660939949
CCG GCT CAC CCG TAC GAC CGT CTC AAA ACC ACC TCT ACC GAC CCG GTT TCT GAT ATC GAC GTT ACC CGT CGT GAA GCG TAC CTG GCG TCT GAA GTG TTC AAA GAG AAA TTC GGT ATG ACC AAA GAA GCG TTC TAC AAA CTG CCG AAG TGG AAA CAG AAC AAA TTC AAA ATG GCG GTT CAG CTC TTC,0.8174103544722606
CCG GCG CAC CCG TAC GAC CGT CTG AAA ACC ACC TCT ACC GAC CCG GTT TCT GAC ATC GAC GTT ACC CGT CGT GAA GCG TAC CTG TCT TCC GAA GAA TTC AAG GAA AAG TTC GGT ATG ACC AAG GAA GCG TTC TAC AAA CTG CCG AAG TGC AAA CAG AAC AAA TTC AAA ATG GCT GTT CAG CTG TTT,0.9855738067843584
CCG GCT CAC CCA TAC GAC CGT CTG AAA ACC ACC TCT ACC GAC CCG GTT TCT GAC ATC GAC GTT ACC TAC CGT AAA GCG TAC CTC TCC TCC GAG GAG TTC AAA GAA AAG TTC GGT ATG ACC AAA GAG GCG TTC TAC AAA CTC CCG AAA TGG AAA CAG AAC AAA TTC AAA ATG GCG GTG CAG CTG TTC,0.7795944760899237
CCG GCG CAC CCG TAC GAC CGT CTG AAA ACC ACC TCT ACC GAC CCG GTT TCT GAC ATC GAC GTT ACC AAA CGT CTG GCG TAC CTG TCT TCC GAA GAG TTC AAG GAA AAA TTC GGC ATG ACC AAA GAA GCG TTC TAC AAA CTG CCG AAA TGG AAG CAG AAC AAA TTC AAA ATG GCG GTT CAG CTG TTC,0.8655874365342187
CCG GCT CAT CCG TAC GAC CGT CTG AAG ACC ACC TCT ACC GAC CCG GTT TCT GAC ATC GAC GTT ACT CCA CGT GAA GCG TAC CTG TCC TCC GAA GAA TTC AAG GAA AAA TTC GGT ATG ACC AAG GAG GCG TTT ATG AAA CTG CCG AAA TGG AAG CAG AAC AAA TTC AAA ATG GCG GTT CAG CTG TTC,0.4944119317854396
CCG GCT CAC CCG TAC GAC CGT CTG AAA ACC ACC TCT ACC GAC CCG GTT TCT GAC ATC GAC GTT ACC CGT CGC GAG GCG TAC CTG TCT TCT GAG GAA TTC AAG GAG AAG TTC GGT ATG ACC AAA GAA GCT TTC TAC AAA CTG CCG AAG TGG AAA CAG AAC AAA TTC AAA ATG GCT GTT CAG CTG TTC,1.2679870736220658
CCG GCT CAC CCA TAC GAC CGT CTG AAA ACT ACC TCT ACC GAC CCG GTT TCT GAT ATC GAC GTT ACC CGT CGT GAG GCG TAC CTG TCT TCT GAG GAG TTC AAA GAG AAA TTC GGT ATG ACC AAG GAA GCG TTC TAC AAA CTG CCG AAG TGG TCC CAA AAC AAG TTT AAG ATG GCG GTT CAG CTG TTC,0.8436259940022461
CCG GCG CAC CCG TAC GAC CGT CTG AAA ACC ACC TCT ACC GAC CCG GTT TCT GAC ATC GAC GTT ACC ACC CGT GAA GCT TAT CTG TCC TCT GAA GAG TTC AAA GAG AAG TTC GGC ATG ACC AAA GAA GCG TTC TAC AAA CTG CCG AAA TGG AAA CAG AAC AAA TTC CAC ATG GCG GTG CAG CTG TTC,0.4944852963748508
CCG GCT CAC CCG TAC GAC CGT CTG AAA ACC ACC TCT ACC GAT CCG GTT TCT GAC ATC GAC GTT ACC TCT CGT GAA GCG TAC CTG TCT TCT GAA GAG TTC AAA GAA AAA TTC GGC ATG ACC AAA GAA GCG TTC TGG AAA CTG CCG AAA TGG AAA CAG AAC AAA TTC AAA ATG GCG GTT CAG CTG TTC,0.7246343942121084
CCG GCT CAC CCG TAC GAC CGT CTG AAA ACC ACC TCT ACC GAC CCA GTT TCT GAC ATC CAG GTT GAA CGT CGT GAA GCG TAC CTG TCC TCC GAA GAG TTC AAA GAA AAA TTC GGC ATG ACC AAA GAA GCG TTC TAC AAA CTG CCG AAA TGG AAA CAG AAC AAG TTT AAG ATG GCG GTT CAG CTG TTC,0.726719271454475
CCG GCG CAC CCG TAC GAC TTT CTG AAA ACC ACC TCT ACC ATC CCG GTT TCC GAC ATT GAC GTT ACC CGT CGT GAA GCG TAC CTG TCC TCT GAA GAG TTC AAA GAA AAG TTC GGT ATG ACC AAG GAG GCG TTC TAC AAA CTG CCG AAA TGG AAA CAG AAC AAA TTC AAA ATG GCG GTG CAG CTC TTC,0.7716880059730851
CCG GCG CAC CCG TAC GAC CGT CTG AAA ACC ACC TCT ACC GAC CCG GTT TCT GAC ATC GAC GTT ACT GAT CGT GAA GCG TAC CTG TCT TCT GAA GAA TTC AAG GAG AAG TTC GGC ATG ACC AAG GAA GCG TTT GAC AAA CTG CCG AAA TGG AAA CAG AAC AAA TTC AAA ATG GCG GTT CAG CTG TTC,0.6995684731566203
CCG GCG CAC CCG TAC GAC CGT CTG AAA ACT ACC TCT ACC GAC CCG GTG TCC GAC ATC GAC GTT ACC CGT CGC GAA GCG TAC CTG TCT TCT GAA GAG TTC AAA GAA AAG TTC GGC ATG ACC AAA GAG GCG TTC TAC AAC CTG CCG AAA TGG AAA CAG AAC AAA TTC AAA ATG GCG GTG CAG CTG TTC,1.2472243976224813
CCG GCT CAC CCG TAC GAC CGT CTG AAA ACC ACC TCT ACC GAC CCG GTT TCT GAT ATT GAC GTT ACC CGT CGT GAA GCG TAC CTG TCC TCC GAG ATC TTC AAG GAG AAG TTC GGT ATG ACC AAA GAA GCG TTC TAC AAA CTG CCG AAG TGG AAA CAG AAC AAA TTC AAA ATG GCG GTT CAG CTG TTC,0.9870031474981018
CCG GCG CAC CCG TAC GAC CGT CTG AAG ACC ACC TCT ACC GAC CCG GTT TCT ATG ATC GAC GTT ACC CGT CGT GAA GCG TAC CTG TCT TCC GAG GAA TTC AAG GAA AAG TTC GGT ATG ACC AAA GAA GCG TTC TAC AAG CTG CCG AAA TGG AAA CAG AAC AAA TTC AAA ATG GCG GTT CAG CTG TTC,0.8555309195622798
CCG GCG CAC CCG TAC GAC CGT CTG AAA ACC ACC TCT ACC GAC CCG GTT TCT GAC ATC CTG GTT CGT CGT CGT GAA GCT TAC CTG TCC TCC GAA GAA TTC AAG GAG AAA TTC GGC ATG ACC AAA GAA GCG TTC TAC AAA CTG CCG AAG TGG AAG CAG AAC AAA TTC AAA ATG GCG GTT CAG CTC TTC,0.6219886716493701
CCA GCG CAC CCG TAC GAC CGT CTG AAA ACC ACC TCT ACC GAC CCG GTT TCT GAC ATC GAC GTT ACC CTG CGC GAA GCT TAC CTC TCT TCT GAG GAG TTC AAA GAG AAG TTC GGC ATG ACC AAA GAG GCG TTC GGT AAA CTG CCG AAG TGG AAA CAG AAC AAA TTC AAA ATG GCT GTT CAG CTG TTC,0.5827065985370821
CCG GCG CAC CCG TAC GAC CGT CTG AAA ACC GAC TCT ACC GAC CCG GTT TCT GAT ATC GAC GTT ACC CGT CGT GAG GCG TAC CTG TCT TCT GAG GAA TTC AAG GAA AAA TTC GGC ATG ACC AAA GAA GCG TTC TAC AAA CTG CCA AAG TGG AAA CAG AAC AAA TTC AAA ATG GCG GTT CAG CTG TTC,1.436448994181382
CCG GCG CAC CCG TAC GAC CGT CTG AAA ACC ACC TCT ACC GAC CCG GTT TCT GAC ATC GAC GTT ACC CAC CGT GAA GCG TAC CTG TCC TCT GAA GAG TTC AAA GAA AAA TTC GGC ATG ACC AAG GAA GCG TTC GGT AAA CTG CCG AAA TGG AAA CAG AAC AAA TTC AAA ATG GCG GTT CAG CTG TTC,0.5035646636079993
CCA GCG CAC CCA TAC GAC CGT CTG AAA ACC ACC TCT ACC GAC CCG GTT TCT GAT ATT GAC GTT ACC CGT CGT GAA GCG TAC CTG TCC TCT GAG GAG TTT AAA GAG AAA TTC GGC ATG ACC AAA GAA GCG TTC TAC AAA CTG CCG AAA TGG CGT CAG AAC AAA TTC AAA ATG GCT GTT CAG CTG TTC,1.3308582107833629
CCG GCG CAC CCG TAC GAC CGT CTG AAA ACC ACC TCT ACC GAT CCG GTT TCT GAC ATT GAC GTT ACC CGT CGT GAA GCG TAC CTG TCT TCT GAG GAA TTC AAG GAG AAG TTC GGT ATG ACC AAA GAA GCG TTC TAC AAA CTG CCG AAA TGG AAA CAG GAC AAG TTC AAA ATG GCG GTT CAG CTG TTC,1.485871068920415
CCG GCG CAT CCG TAC GAC CGT CTG AAA ACC ACC TCT ACC GAC CCG GTT TCT GAT ATC GAC GTT ACC CGT CGT GAA GCT TAC CTG TCC TCC GAG GAA TTC AAA GAG AAA TTC GGT ATG ACC AAA GAA GCG TTC TGG AAA CTG CCG AAA TGG AAA CAG AAC AAA TTC TTC ATG GCG GTG CAA CTG TTT,0.674501514463958
CCG GCT CAC CCG TAC CCG CGT CTG ATG ACC ACC TCT ACC GAC CCA GTT TCT GAC ATT GAC GTT ACC CGT CGT GAA GCG TAC CTG TCC TCT GAG GAA TTC AAA GAA AAG TTC GGC ATG ACC AAA GAA GCG TTC TAC AAA CTG CCG AAA TGG AAA CAG AAC AAG TTC AAA ATG GCG GTT CAG CTG TTC,0.5616884208205752
CCG GCT CAT CCG TAT GAT CGT CTG AAG ACC ACC TCT ACC GAC CCG GTT TCT GAC ATC GAC GTT ACC CGT CGT CCA GCG TAC CTG TCT TCT GAG GAA TTC AAG GAA AAA TTC GGC ATG ACC AAA GAA GCG TTC TAC AAA CTG CCG AAA TGG AAA CAG AAC AAG TTC ACC ATG GCG GTG CAG CTG TTC,0.5179826666206424
CCG GCG CAC CCG TAC GAC CGT CTG AAA ACC ACC TCT ACC GAC CCG GTT TCT GAC ATC AAA GTT TAC CGT CGT GAA GCG TAC CTG TCT TCT GAG GAG TTC AAA GAG AAA TTC GGT ATG ACC AAG GAA GCG TTC TAC AAA CTG CCG AAA TGG AAA CAG AAC AAA TTC AAA ATG GCG GTT CAG CTG TTC,0.4088460911159672
CCG GCT CAC CCG TAC GAC CGT CTG AAA ACC ACC TCT ACC GAC CCG GTT TCT GAC ATC GAC GTT ACC CGT CGT GAA GCG TAC CTG TCT TCC GAA GAG TTC AAA GAA AAG TTC GGC ATG ACC AAA GAG GCG TTC TAC AAA CTG CCG AAA TGG AAA CAG AAC AAA TTC AAA CCG GCG GTT CAG CTG TTC,-1.037363230910334
CCG GCT CAT CCG TAC GAT GAC CTG AAA ACC ACC TCT ACC GTT CCG GTT TCT GAC ATC GAC GTT ACT CGT CGT GAA GCG TAC CTG TCC TCT GAG GAG TTC AAG GAG AAA TTC GGT ATG ACC AAG GAA GCG TTC TAT AAA CTG CCA AAG TGG AAG CAG AAC AAA TTC AAA ATG GCG GTG CAG CTG TTC,0.7834430843840343
CCG GCT CAC CCG TAC GAC CGT CTG AAA ACC ACC TCT ACC GAC CCG GTG TCT GAT ATC GAC GTG ACC AAA CGT GAA GCG TAC CTC TCC TCT GAA GAA TTC AAA GAG AAA TTC GGC ATG ACC AAG GAA GCG TTC TAC AAA CTG CCG AAA TGG AAG CAG AAC AAA TTC CGC ATG GCT GTT CAG CTG TTC,1.0371080812707023
CCG GCG CAC CCG TAC GAC CGT CTG AAA ACC ACC TCT ACC GAC CCG GTT TCT GAC ATC GAC GTT ACC CGT CGT TAT GCG TAC CTG TCT TCC GAG GAA TTC AAA GAA AAG TTC GGT ATG ACC AAG GAG GCG TTC TAC AAA CTG CCG AAA TGG AAA CAG AAC AAA TTC CGT ATG GCG GTT CAG CTG TTC,0.7409209389739937
CCG GCG CAC CCG TAC GAC CGC CTG AAA ACC ACT TCT ACC GAC CCG GTT TCT GAC ATC GAC GTT ACC TGG CGT GAA GCG TAC CTG TCC TCT GAG GAG TTC AAA GAG AAA TTC GGT ATG ACC AAA GAG GCG TTC TAC AAA CTG CCG AAA TGG AAA CAG AAC AAA TTC CAG ATG GCT GTT CAG CTG TTT,0.5331846119775245
CCG GCG CAT CCG TAC TCT CGT CTG TGG ACC ACC TCT ACC GAC CCG GTT TCT GAC ATC GAC GTT ACC CGT CGT GAA GCG TAT CTG TCT TCC GAA GAA TTC AAG GAG AAA TTC GGC ATG ACC AAA GAA GCG TTC TAC AAA CTG CCG AAA TGG AAA CAG AAC AAG TTC AAA ATG GCG GTT CAG CTG TTC,-0.667465418865507
CCG GCT CAC CCG TAC GAC CGT CTG AAA ACC ACC TCT ACC GAT CCG GTT TCT GAC ATC GAC GTT ACC TCT CGT GAA GCG TAC CTG TCT TCC GAA GAA TTT AAG GAG AAA TTC GGC ATG ACC AAA GAG GCG TTC TAC AAA CTG CCG AAA TGG AAG CAG AAC AAA TTC ATC ATG GCG GTT CAG CTG TTC,0.8612477550195541
CCA GCT CAT CCG TAC GAC CGC CTC AAA ACC ACC TCT ACC GAC CCG GTT TCC GAC ATC GAC GTT ACC CGT CGT GAA GCG TAC CTG TCT TCT GAA GAA TTC AAA GAG GCG TTC GGC ATG ACC AAA GAA GCG TTC TAC AAA CTG CCG AAA TGG AAA CAG AAC AAG TTC AAA ATG GCG GTG CAG CTG TTC,1.01239511693548
CCA GCG CAC CCG TAC GAC CGT CTG AAA ACC ACC TCT ACC GAC CCG GTT TCT GAC ATC GAC GTT ACC ACT CGT GAA GCG TAC CTC TCC TCT GAA GAG TTC AAA GAG AAA TTC GGC ATG ACC AAG GAA GCG TTC CGT AAA CTG CCG AAA TGG AAA CAG AAC AAA TTC AAA ATG GCG GTT CAG CTG TTC,0.5743266989472873
CCG GCG CAC CCG TAC GAC CGT CTG AAA ACC ACC TCT ACC GAC CCG GTT TCT GAT ATC GAC GTT ACC CGT CGT GAA GCG TAC CTC GTT TCC GAA CGT TTC AAA GAA AAA TTC GGC ATG ACC AAA GAA GCG TTC TAC AAA CTG CCG AAA TGG AAG CAG AAC AAA TTC AAA ATG GCG GTT CAG CTG TTC,0.3131377907702515
CCA GCG CAC CCA TAC GAC CGC CTC AAA ACC ACC TCT ACC GAC CCG GTT TCT GAC ATC GAC GTT ACC CGT CGT GAA GCG TAT CTG ATC TCC GAG ATG TTC AAA GAA AAG TTC GGC ATG ACC AAA GAA GCG TTC TAC AAA CTG CCG AAA TGG AAG CAG AAC AAA TTC AAA ATG GCG GTT CAG CTG TTC,0.4366008011300418
CCA GCG CAT CCG TAC GAC CGT CTG AAA ACC ACC TCT ACC GAC CCG GTT TCT GAC ATC GAC GTT ACC CGT CGC GAG GCG TAC CTC TCT TCC GAA GAA TTC AAA GAA AAA TTC GGC ATG ACC AAG GAA GCG TTC ACC AAA CTG CCG AAA TGG AAA CAG AAC AAA TTC CAC ATG GCG GTG CAG CTC TTC,0.1931656708535743
CCA GCT CAC CCG TAC GAC CGT CTG AAA ACT ACC TCT ACC GAC CCG GTT TCT GAC ATC GAC GTT ACC CGT CGT AAA GCG TAC CTG TCT TCT GAG GAA TTC AAG GAG AAG TTC GGT ATG ACC AAG GAG GCG TTC TAC AAA CTG CCG AAA TGG AAA CAG AAC AAA TTC GGC ATG GCG GTT CAA CTC TTC,0.0526662844050806
CCG GCT CAC CCG TAT GAC CGT CTG AAA ACC ACC TCT ACC GAC CCG GTT TCT GAC ATC GAC GTT ACC CGT CGT GAA GCG TAC CTG TCC TCC GAA GAA TTC AAA GAA AAG TTC GGC ATG ACC AAA TTC GCG TTC TAC AAA CTG CCG AAG TGG AAA CAG AAC AAG TTC AAA ATG GCG GTT CAG CTG TTC,1.0239625350075228
CCA GCG CAC CCG TAC TCT CGT CTC TGC ACC ACC TCT ACC GAC CCG GTT TCT GAC ATC GAC GTT ACC CGT CGT GAA GCG TAC CTG TCC TCC GAA GAA TTC AAG GAA AAG TTC GGT ATG ACC AAA GAA GCG TTC TAC AAG CTG CCG AAA TGG AAA CAG AAC AAA TTC AAA ATG GCG GTG CAA CTC TTT,1.33278186423086
CCG GCG TGC CCG TAC GAC CGT CTG AAA ACC ACC TCT ACC GAC CCG GTT TCT GAC ATC GAC GTT ACC CGT CGT GAA GCG TAC CTG TCT TCC GAG GAG TTC AAA GAG AAA TTC GGT ATG ACC AAA GAA GCG TTC TAC AAA CTC CCG AAA TGG AAG CAG AAC AAA TTC AAA ATG GCG GTG CAG CTG TTT,1.6445737639047082
CCA GCG CAC CCG TAC GAC CGC CTG AAA ACC ACC TCT ACC GAT CCG GTT TCT GAC ATC GAC GTT ACC GAC CGT GAA GCG TAC CTG TCT TCT GAG GAA TTC AAG GAG AAA TTC GGT ATG ACC AAA GAG GCG TTC TAC AAA CTG CCG AAA TGG AAA CAG AAC AAA TTC ATG ATG GCG GTT CAG CTG TTC,0.824513187095874
CCG GCT CAT CCA TAC GAC CGT CTG AAA ACC ACC TCT ACC GAC CCG GTT TCT GAC ATC GAC GTT ACC CGT CGT GAA GCG TAC CTG TCC TCC GAA GAA TTC AAG GAG AAA TTC GGT ATG ACC AAA GAA GCG TTC GGT AAA CTG CCG AAA TGG AAA CAG AAC AAA TTC CCG ATG GCT GTT CAG CTG TTC,0.5041621817613642
CCG GCT CAC CCG TAC GAC CGT CTG AAA ACC ACC TCT ACC GAC CCG GTT TCT GAT ATT GAC GTT ACC CGT CGT GAA GCG TAC CTG TCC TCC GAA GAA TTC AAA GAG AAA TTC CCG ATG ACC AAA GAA GCG TTC TAC AAA CTG CCG AAA TGG AAG CAG AAC AAA TTC AAG ATG GCG GTT CAG CTG TTC,0.2369429159940368
CCG GCG CAC CCG TAC GAC CGT CTG AAA ACC ACC TCT ACC GAT CCG GTT TCT GAC ATT GAC GTT ACC CGT CGT GAA GCG TAC CTG TCT TCC GAA GAG TTC AAG GAG AAA TTC GGT ATG ACT AAG CAC GCG TTC TAC AAA CTG CCG AAA TGG AAA CAG AAC AAA TTC AAA ATG GCG GTT CAG CTG TTC,1.0026788677308154
CCG GCG CAC CCG TAC GAC CGT CTC AAG ACC ACC TCT ACC GAC CCG GTT TCT GAC ATC GAC GTT ACC ATG CGT GAA GCG TAC CTG TCT TCT GAA GAG TTC AAA GAG AAG TTC GGC ATG ACC AAA GAA GCG TTC GGT AAA CTG CCG AAA TGG AAA CAG AAC AAA TTC AAA ATG GCG GTT CAG CTG TTC,0.67942772338598
CCG GCG CAT CCG TAC GAC CAG CTC AAA ACC ACT TCT ACC ACT CCG GTT TCT GAC ATC GAC GTT ACC CGT CGT GAA GCT TAC CTG TCC TCT GAG GAA TTC AAG GAA AAA TTC GGC ATG ACC AAG GAG GCG TTC TAC AAA CTG CCG AAA TGG AAA CAG AAC AAA TTC AAA ATG GCG GTT CAG CTC TTC,0.8169171052125621
CCG GCG CAC CCA TAC GAC CGT TGC AAA ACC ACC TCT ACC GAC CCG GTT TCT GAC ATC GAC GTT ACC CGT CGT GAA GCG TAC CTG TCT TCC GAA GAG TTC AAG GAA AAA TTC GGC ATG ACC AAG GAA GCG TTT TAC AAA CTC CCG AAA TGG AAG CAG AAC AAA TTC AAA ATG GCT GTT CAA CTG TTC,1.4538217292827498
CCA GCG CAT CCG TAC GAT CGC CTG AAA ACT ACC TCT ACC GAC CCG GTT TCT GAC ATC GAC GTT ACC ACC CGT GAG GCG TAT CTG TCT TCT GAG GAA TTC AAG GAA AAA TTC GGC ATG ACC AAA GAA GCG TTC TAC AAA CTG CCG AAA TGG AAA CAG AAT AAG TTC CGT ATG GCT GTG CAG CTG TTC,1.000393326312883
CCG GCG CAC CCG TAC GAC TCT CTG AAA ACC ACC TCT ACC TTC CCG GTT TCT GAC ATC GAC GTT ACC CGT CGT GAA GCG TAC CTG TCC TCT GAG GAA TTC AAA GAA AAG TTC GGC ATG ACC AAA GAA GCG TTC TAC AAA CTG CCG AAA TGG AAG CAG AAC AAA TTC AAG ATG GCG GTG CAG CTG TTC,0.8530766721739931
CCG GCG CAC CCG TAC GAC CGT CTG AAA ACC ACC TCT ACC GAC CCG GTT TCT GAC ATC GAC GTT ACC CGT CGC GAA GCG TAT CTC TCC TCT GAA GAA TTC AAG GAG AAA TTC GGT ATG ACC AAG GAA GCG TTC CAC AAA CTG CCG AAA TGG AAA CAG AAC AAA TTC ATC ATG GCT GTT CAG CTG TTC,0.8474423389317434
CCG GCT CAC CCA TAC GAC AAA CTC AAA ACC ACC TCT ACC GCT CCG GTT TCT GAC ATC GAC GTT ACC CGT CGT GAA GCG TAC CTC TCC TCC GAG GAG TTC AAA GAA AAA TTC GGT ATG ACC AAG GAA GCT TTC TAC AAG CTG CCG AAG TGG AAG CAA AAC AAA TTC AAA ATG GCG GTG CAG CTG TTC,0.7674020562050337
CCG GCT CAC CCG TAC GAC CGT CTG AAA ACC ACC TCT ACC GAC CCG GTT TCT GAC ATC GAC GTT ACC CGT CGT AAA GCG TAC CTC TCT TCC GAG GAA TTC AAG GAA AAA TTC GGC ATG ACC AAG GAG GCG TTC TAC AAA CTC CCG AAA TGG AAA CAG AAC AAG TTC GCG ATG GCG GTT CAG CTG TTC,0.8878198226090692
CCA GCT CAC CCG TAC GAC CGT CTG AAA ACC ACC TCT GGT GAC CCG GTT TCT GAC ATC GAC GTT ACC CGT CGT GAA GCG TAC CTG TCC TCT GAA GAG TTC AAA GAA AAA TTC GGC ATG ACC AAA GAG GCG TTC TAC AAA CTG CCG AAA TGG AAA CAG AAC AAA TTC AAA ATG GCG GTT CAG CTG TTC,0.8361752645296734
CCG GCT CAC CCG TAC GAC GTT CTG AAA ACC ACC TCT ACC GGT CCG GTT TCT GAC ATC GAC GTT ACC CGT CGT GAA GCG TAC CTG TCT TCC GAA GAG TTC AAG GAG AAG TTC GGT ATG ACC AAA GAA GCG TTC TAC AAA CTG CCG AAA TGG AAA CAG AAC AAG TTC AAA ATG GCG GTT CAG CTG TTC,0.7726102940139492
CCG GCT CAC CCG TAC GAC CGT CTG AAA ACC ACC TCT ACC GAT CCG GTT TCT GAC ATC TAC GTT CTG CGC CGT GAA GCG TAT CTC TCC TCT GAG GAG TTC AAA GAA AAG TTC GGC ATG ACC AAA GAG GCG TTC TAT AAA CTG CCG AAG TGG AAG CAG AAC AAG TTC AAG ATG GCG GTG CAG CTG TTT,-0.289053468807449
CCG GCT CAC CCG TAC GAC CGT CTG AAA ACC ACC TCT ACC GAC CCG GTT TCT GAC ATC GAC GTT ACC CGT CGT GAA GCG TAC CTC TCC TCC GAA GAA TTC AAG GAA AAA TTC GGT ATG ACC AAG GAA GCG TTT TAC AAA CTG CCG AAG GAG AAA CAG AAC AAG TTC AAG ATG GCG GTT CAG CTG TTC,0.8764759609206249
CCG GCG CAC CCG TAC GAC CGT CTG AAA ACC ACT TCT ACC GAC CCG GTT TCT GAC ATC GAC ACC ACC CGT CGT GAA GCG TAC CTG TCC TCT GAA GAG TTC AAA GAA AAG TTC GGT ATG ACC AAG GAG GCG TTC TAC AAA CTG CCG AAG TGG AAA CAG AAC AAA TTC AAA ATG GCT GTT CAG CTG TTC,1.1215768611920724
CCG GCG CAT CCG TAC GAC CGT CTG AAG ACC ACC TCT ACC GAC CCG GTT TCT GAC ATC GAC GTT ACC CAG CGC GAA GCG TAC CTG TCC TCC GAA GAA TTC AAA GAA AAA TTC GGC ATG ACC AAA GAA GCG TTT ATG AAA CTC CCG AAA TGG AAA CAG AAC AAG TTC AAA ATG GCG GTT CAG CTG TTC,0.8392018013202708
CCG GCT CAT CCG TAC GAC CGT CTG AAA ACC ACC TCT ACC GAC CCG GTT TCT GAC ATC GAC GTT ACC CGT CGT GAA GCG TAC CTC TCC TCT GAG GAA TTC AAA GAA AAA TTC GGC ATG ACC AAA GAG GCG TTC TAC AAA CTG CCG AAA TGG AAA CAG AAC AAA TTC AAG ATG GCG GTT TAC CTG TTC,1.6528597032894303
CCA GCG CAC CCG TAC GAC CGT CTG AAA ACC ACC TCT ACC GAT CCA GTG TCT GAT ATC GAC GTT ACC CGT CGT GAA GCG TAC CTG TCC TCT GAA GAG TTC AAA GAA AAA TTC GGC ATG ACC AAA GAA GCG TTC GGT AAA CTG CCG AAA TGG AAA CAG AAC AAA TTC AAC ATG GCG GTG CAG CTG TTC,0.0546655092250562
CCG GCT CAC CCG TAC GAC CGT CTG AAA ACC ACC TCT ACC GAC CCA GTT TCC GAC ATC GAC GTT ACC AAC CGT GAA GCG TAC CTG TCT TCT GAG GAA TTC AAA GAG AAA TTC GGC ATG ACC AAG GAG GCG TTC CAG AAA CTG CCG AAA TGG AAA CAG AAC AAG TTC AAA ATG GCG GTG CAA CTC TTT,0.5662765115447851
CCG GCG CAC CCG TAC GAC CGT CTG AAA ACC ACC TCT ACC GAC CCG GTT TCT GAT ATC GAC GTT ACC CTG CGT GAC GCG TAC CTG TCC TCC GAA GAA TTC AAG GAA AAA TTC GGT ATG ACC AAG GAA GCG TTC TAC AAG CTG CCG AAG TGG AAA CAG AAC AAA TTC AAA ATG GCT GTT CAG CTG TTC,0.9265506476766684
CCA GCT CAC CCG TAC GAC CGT CTG AAA ACC ACC TCT ACC GAC CCG GTG TCT GAT ATC GAC GTT ACC ATG CGT GAA GCG TAC CTG TCT TCT GAG GAA TTC AAA GAA AAG TTC GGC ATG ACC AAA GAA GCG TTC GAA AAA CTG CCG AAA TGG AAG CAA AAC AAG TTC AAA ATG GCT GTT CAG CTG TTC,0.7620987428068701
CCG GCG CAC CCG TAC GAC TGG CTG AAA ACC ACC TCT ACC TCT CCA GTT TCT GAC ATC GAC GTT ACC CGT CGT GAA GCG TAC CTG TCC TCT GAA GAA TTC AAG GAA AAG TTC GGT ATG ACC AAG GAG GCG TTT TAC AAA CTG CCG AAA TGG AAA CAG AAC AAA TTC AAA ATG GCG GTT CAG CTG TTC,0.8015297923012117
CCG GCG CAC CCG TAC GAC CGT CTG AAA ACC ACC TCT ACC GAT CCG GTT TCT GAC ATC GAC GTT ACC CGT CGT GAA TGG TAC CTC TCC TCC GAA GAG TTC AAG GAA AAA TTC GGT ATG ACC AAA GAA GCG TTC TAC AAG CTG CCG AAA TGG AAA CAG AAT AAG TTC AAA ATG GCG GTT CAG CTG TTC,1.6509750928442768
CCG GCG CAC CCA TAC GAC CGT CTG AAA ACC ACC TCT ACC GAC CCG GTT TCT GAC ATT GAC GTT ACC CGT CGT GAG GCG TAC CTC TCT TCC GAA GAA TTC AAG GAA AAA TTC GGC ATG ACC AAA GAA GCG TTC TAC AAA CTG CCG AAA TGG AAG TGG AAC AAG TTC AAA ATG GCT GTT CAG CTG TTC,0.152727959188313
CCG GCT CAC CCG TAC GAC CGT CTG AAA ACC ACC TCT ACC GAC CCG GTT TCT GAC ATC GAC GTT ACC CGT CGT GAA GCG TAC CTG TCT TCT GAG GAG TTC AAG GAA AAG TTC GGT ATG ACC AAG GAA GCG TTC CAG AAA CTG CCG AAA TGG AAA CAG AAC AAA TTC TCT ATG GCG GTT CAG CTG TTC,0.2646052816758881
CCG GCG CAC CCG TAC GAC CGT CTG AAA ACC ACC TCT ACC GAC CCG GTT TCT GAC ATC GAC GTT ACC CGT CGT GAA GCG TAC CTG AAC TCC GAG AAG TTC AAG GAA AAA TTC GGC ATG ACC AAG GAA GCG TTC TAC AAA CTG CCG AAG TGG AAA CAG AAC AAA TTC AAA ATG GCG GTT CAG CTG TTC,0.6729335663530049
CCA GCG CAC CCG TAC GAC CGT CTG AAA ACC ACC TCT ACC GAC CCG GTT TCT GAC ATC GAC GTT ACC CGT CGT GAA GCG TAC CTG TCT TCT GAG GAA TTC AAA GAG AAG TTC GGC ATG ACC AAA GAA GCG TTC CTG AAA CTG CCG AAA TGG AAA CAG AAC AAA TTC CCG ATG GCG GTT CAG CTG TTC,0.8944387591354572
CCA GCT CAT CCA TAC GAC CGT CTG AAA ACC ACC TCT ACC GAC CCG GTT TCT GAC ATC GAC GTT ACC CGT CGT GAA GCG TAC CTG TCT TCC GAG GAG TTC AAA GAG AAA TTC GGC ATG ACC AAA GAA GCG TTC TAC AAG CTG CCG AAG TGG AAC CAG AAC AAA TTC AAG ATG GCG GTT CAA CTG TTC,0.9064064393362786
CCG GCG CAT CCG TAC GAC CGT CTG AAA ACC ACC TCT ACC GAC CCA GTT TCT GAC ATC CCG GTT ATC CGT CGT GAA GCT TAC CTC TCC TCT GAG GAA TTC AAG GAA AAA TTC GGC ATG ACC AAG GAA GCG TTT TAC AAG CTG CCG AAA TGG AAA CAG AAC AAA TTC AAA ATG GCT GTT CAG CTG TTC,0.6737659884581975
CCG GCG CAC CCG TAT GAC CGT CTG AAA ACC ACC TCT ACC GAT CCG GTT TCT GAC ATT GAC GTT ACT CGT CGT GAA GCG TAC CTG TCC TCT GAA GAA TTC AAA GAA AAA TTC GGC ATG ACC AAA GAA GCG TTC TAC AAG CTG CCG AAG TGG AAA CAG AAC AAG TTC AAG ATG ATG GTT CAG CTG TTC,1.372381075677107
CCG GCG CAC CCG TAC GAC CGT CTG AAA ACC ACC TCT ACC GAC CCG GTT TCT GAC ATC GAC GTT ACC CGT CGT CTG GCG TAC CTG TCC TCC GAA GAG TTC AAG GAA AAA TTC GGT ATG ACC AAA GAG GCG TTT GCG AAA CTG CCG AAA TGG AAA CAG AAC AAA TTC AAA ATG GCG GTT CAG CTG TTC,1.216774837938405
CCG GCG CAC CCG TAC GAC CGT CTG AAA ACC ACC TCT ACC GAC CCG GTT TCT GAT ATC GAC GTG ACT CGT CGT GAA GCG TAC CTG AAG TCC GAA GGT TTC AAA GAG AAG TTC GGT ATG ACC AAG GAA GCG TTT TAC AAA CTG CCG AAA TGG AAA CAG AAC AAA TTC AAA ATG GCG GTT CAG CTG TTC,0.1937501635746751
CCG GCG CAC CCG TAC GAC CGT CTG AAA ACC ACC TCT ACC GAC CCG GTT TCT GAC ATC GAC GTT ACC TGG CGT TTC GCG TAC CTG TCT TCT GAA GAG TTC AAG GAA AAA TTC GGT ATG ACC AAA GAG GCG TTC TAC AAA CTG CCG AAA TGG AAA CAG AAC AAA TTC AAA ATG GCG GTT CAG CTG TTC,0.8752168675671275
CCG GCG CAC CCG TAC GAC TGG CTG AAA ACC ACC TCT ACC AAC CCG GTT TCT GAC ATC GAC GTT ACC CGC CGT GAA GCG TAC CTC TCC TCT GAA GAG TTC AAG GAG AAA TTC GGC ATG ACC AAA GAG GCG TTC TAC AAA CTG CCG AAA TGG AAA CAG AAC AAA TTC AAA ATG GCG GTG CAG CTG TTC,0.7671728459400872
CCG GCG CAC CCG TAC GAC CGT CTG AAA ACC ACC TCT ACC GAC CCG GTT TCT GAT ATC GAC GTT ACC CGT CGT GAA GCG TAC CTG TCT TGG GAA GAA TTC AAA GAA AAA TTC GGC ATG ACC AAA GAG GCG TTC TAC AAA CTG CCG AAA TGG AAG CAG AAC AAG TTC AAA ATG GCG GTT CAG CTG TTC,1.1446894875438791
CCA GCG CAC CCG TAC GAC CGC CTG AAA ACC ACC TCT ACT GAC CCG GTT GGT GAT ATC GAC GTT ACC CGT CGT GAA GCG TAC CTG TCC TCT GAA GAG TTC AAA GAA AAG TTC GGC ATG ACT AAG GAA GCG TTT TAC AAA CTG CCG AAA TGG AAA CAG AAC AAA TTC AAA ATG GCG GTT CAG CTG TTC,1.2428057215520365
CCG GCT CAC CCG TAC GAC CGC CTG AAA ACT ACC TCT ACC GAC CCA GTT TCT GAC ATT ATC GTT GAC CGT CGT GAA GCG TAC CTG TCT TCC GAG GAG TTC AAA GAA AAG TTC GGT ATG ACC AAA GAA GCG TTC TAC AAA CTG CCG AAA TGG AAA CAG AAC AAG TTT AAG ATG GCG GTT CAG CTG TTC,0.612474572961025
CCG GCG CAC CCG TAC GAC CGT CTG AAA ACT ACC TCT ACC GAC CCG GTT TCT GAC ATC GAC GTT ACT CGT CGT CGT GCG TAC CTG TCT TCT GAG GAG TTC AAA GAA AAA TTC GGC ATG ACC AAA GAA GCG TTC GAC AAA CTG CCG AAA TGG AAA CAG AAC AAA TTC AAA ATG GCG GTT CAG CTG TTC,0.5205567191230249
CCG GCT CAC CCG TAC GAC CGT CTG AAA ACC ACC TCT ACC GAC CCG GTT TCT GAC ATC GAC GTT ACC GGT CGT GAA GCG TAC CTG TCT TCT GAA GAA TTC AAG GAG AAG TTC GGC ATG ACC AAA GAA GCG TTC TGG AAA CTG CCG AAA TGG AAA CAG AAC AAA TTC AAA ATG GCG GTT CAG CTG TTC,0.7382324875529993
CCG GCG CAT CCG TAC GAC CGT CTG AAA ACC ACC TCT ACT GAC CCG GTT TCT GAT ATC GAC GTT ACC CGC CGT GAA GCG TAC CTC TCT TCT GAG GAG TTC AAG GAA AAA TTC GGT ATG ACC AAG GAA GCG TTC TAC AAA CTG GCG AAA TGG AAA CAG AAC AAA TTC AAA ATG GCG GTG CAG CTG TTC,0.831235941155611
CCG GCG ATG CCG TAC GAC CGT CTG AAA ACT ACC TCT ACC GAC CCG GTT TCT GAT ATC GAC GTT ACC CGT CGT GAA GCG TAC CTC TCC TCC GAG GAA TTC AAA GAG AAA TTC GGT ATG ACC AAG GAG GCG TTC TAC AAA CTG CCG AAA TGG AAA CAG AAC AAG TTC AAA ATG GCG GTT CAG CTG TTC,0.9121776832917724
CCG GCT CAC CCG TAC GAC CGT CTG AAA ACC ACC TCT ACC GAT CCA GTT TCC GAC ATC GAC GTT ACC CGT CGT CTG GCG TAC CTG TCT TCC GAG GAA TTC AAG GAG AAA TTC GGC ATG ACT AAA GAA GCG TTC CCG AAA CTG CCG AAA TGG AAA CAG AAC AAA TTC AAA ATG GCG GTT CAG CTG TTC,-0.5231922786113998
CCG GCG CAC CCG TAC GTT CGT CTG GCG ACC ACC TCT ACC GAT CCG GTT TCT GAC ATT GAC GTT ACC CGC CGT GAA GCG TAC CTG TCC TCT GAG GAG TTC AAA GAA AAG TTT GGC ATG ACT AAG GAA GCG TTC TAC AAA CTG CCG AAA TGG AAA CAG AAC AAA TTC AAA ATG GCT GTT CAG CTG TTC,0.0282834223912821
CCG GCG CAT CCG TAC GAC CGT CTG AAA ACC ACC TCT ACC GAT CCG GTT TCT GAC ATC ATG GTT CGT CGT CGT GAA GCG TAC CTG TCT TCC GAA GAA TTC AAG GAA AAA TTC GGC ATG ACC AAA GAA GCG TTC TAC AAA CTG CCG AAA TGG AAG CAG AAC AAA TTC AAA ATG GCG GTG CAG CTG TTC,0.5295888692274349
CCG GCT CAC CCG TAC GAC CGT CTG AAA ACC ACC TCT ACC GAC CCA GTT TCT GAC ATC GAC GTT ACC TGG CGT GAA GCG TAC CTG TCT TCC GAG GAA TTC AAG GAG AAA TTC GGT ATG ACC AAA GAG GCG TTC ATC AAA CTC CCG AAA TGG AAG CAG AAC AAA TTC AAA ATG GCG GTT CAG CTG TTC,0.8132141253301163
CCG GCG CAC CCA TAC GAC CGT CTG AAA ACC ACC TCT ACT GAC CCG GTT TCT GAC ATT GAC GTT ACC CGT CGT GAA GCG TAC CTC TCT TCT GAG GAA TTC AAG GAG AAA TTC GGC ATG ACC AAG GAA GCG TTT TAC AAA CTG CCG AAA TGG AAA CAG AAC AAA TTC AAA ATG GCG GTT CAG CTG TTC,1.3298439253715948
CCG GCG CAC CCG TAC GAC GTT CTG AAA ACC ACT TCT ACC GAC CCA GTG TCT GAC ATC GAC GTG ACC CGC CGT GAA GCG TAC CTG TCT TCC GAA GAG TTC AAG GAA AAA TTC GGC ATG ACC AAA GAA GCG TTT TAC AAA CTG CCG AAA TGG AAA CAG AAC AAA TTC AAA ATG GCG GTT CAG CTC TTC,0.939470936335628
CCG GCG CAC CCA TAC GAC CGT CTG AAA ACT ACC TCT ACC GAC CCG GTT TCT GAC ATC GAC GTT ACC GCG CGT GAA GCG TAC CTG TCT TCT GAA GAG TTC AAA GAG AAG TTC GGC ATG ACC AAG GAA GCG TTC GTT AAG CTG CCG AAA TGG AAG CAG AAC AAA TTC AAG ATG GCG GTT CAG CTG TTC,0.3091947948296345
CCG GCG CAC CCG TAC GAC CGT CTC AAG ACC ACC TCT ACC GAC CCG GTT TCT GAC ATC ACT GTT CCG CGT CGT GAG GCG TAT CTC TCT TCT GAA GAA TTC AAG GAA AAG TTC GGC ATG ACC AAG GAA GCG TTT TAC AAA CTG CCG AAA TGG AAA CAG AAC AAA TTC AAA ATG GCG GTT CAA CTG TTC,0.7213821843880961
CCG GCT CAC CCG TAC GAC CGT CTC AAA ACC ACC TCT ACC GAC CCG GTT TCC GAC ATC GAC GTT ACC CGT CGT TGG GCT TAC CTG TCT TCC GAG GAG TTC AAG GAA AAA TTC GGT ATG ACC AAA GAA GCG TTC GTT AAG CTG CCG AAA TGG AAA CAG AAC AAG TTC AAA ATG GCG GTT CAG CTG TTC,1.0794562909362146
CCG GCG CAC CCG TAC GAC CGT CTG AAA ACT ACC TCT ACC GAC CCA GTT TCT GAC ATC GAC GTT ACT CGC CGT GCG GCG TAC CTC TCT TCC GAA GAA TTC AAG GAG AAA TTC GGC ATG ACC AAA GAG GCG TTT GAC AAA CTG CCG AAA TGG AAA CAG AAC AAA TTC AAA ATG GCG GTT CAG CTG TTT,0.6186191636158509
CCG GCG CAT CCG TAC GAC CGT CTG AAA ACC ACC TCT ACT GAC CCG GTT TCT GAC ATC GAC GTG ACT CCG CGT TCT GCG TAC CTG TCT TCC GAA GAG TTC AAG GAA AAG TTC GGT ATG ACC AAA GAG GCG TTC TAC AAA CTG CCG AAA TGG AAG CAG AAC AAA TTC AAA ATG GCG GTT CAG CTG TTC,0.5840856037514764
CCG GCG CAC CCG TAC GAC TTC CTG AAA ACC ACC TCT ACC TGG CCG GTT TCT GAC ATT GAC GTT ACC CGT CGT GAA GCG TAC CTG TCT TCC GAG GAG TTC AAA GAG AAG TTT GGC ATG ACC AAA GAA GCG TTT TAC AAA CTG CCG AAA TGG AAA CAG AAC AAA TTC AAG ATG GCG GTT CAA CTG TTC,0.8243733757952285
CCG GCG CAC CCG TAC GAC CGT CTG AAA ACC ACC TCT ACC GAT CCG GTT TCT GAC ATC GAC GTT ACC AAA CGC ATG GCG TAC CTG TCT TCC GAG GAG TTC AAA GAA AAA TTC GGT ATG ACC AAA GAG GCG TTT TAC AAA CTC CCG AAG TGG AAA CAG AAC AAA TTC AAA ATG GCG GTG CAG CTG TTT,0.930749655524414
CCG GCG CAC CCG TAC TTC CGT CTG GGT ACT ACC TCT ACC GAC CCG GTT TCT GAT ATC GAC GTT ACC CGT CGT GAG GCG TAC CTG TCT TCT GAA GAA TTC AAG GAG AAA TTC GGC ATG ACC AAA GAA GCG TTC TAC AAA CTG CCG AAA TGG AAA CAG AAC AAA TTC AAA ATG GCG GTT CAG CTG TTT,0.3756650354811457
CCG GCG CAC CCG TAC GAC TAC CTG AAA ACC ACC TCT ACC GAG CCG GTT TCT GAC ATC GAC GTT ACT CGT CGT GAA GCG TAC CTG TCC TCT GAG GAA TTC AAG GAA AAG TTC GGT ATG ACC AAG GAA GCG TTC TAC AAG CTG CCG AAA TGG AAA CAG AAC AAA TTC AAA ATG GCT GTT CAG CTG TTC,0.7941815259176882
CCG GCT CAC CCG TAC GAC CGT CTG AAA ACC ACC TCT ACC GAT CCG GTT TCT GAC ATC GAC GTT ACC GAA CGT ATC GCG TAC CTG TCT TCT GAA GAG TTC AAA GAA AAA TTC GGC ATG ACC AAA GAG GCG TTC TAC AAA CTC CCG AAG TGG AAA CAG AAC AAA TTC AAA ATG GCT GTT CAG CTG TTC,0.9415182057788614
CCG GCG CAC CCG TAC GAC CGT CTG AAA ACC ACC TCT ACC GAC CCG GTT TCT GAC ATC ACC GTT CAC CGT CGT GAA GCT TAC CTG TCT TCC GAG GAG TTC AAA GAA AAG TTC GGC ATG ACC AAA GAA GCG TTC TAT AAA CTG CCG AAA TGG AAG CAG AAC AAA TTC AAA ATG GCT GTT CAG CTG TTC,0.8366547941383581
CCG GCG CAC CCG TAC TAC CGT CTG AAC ACC ACC TCT ACC GAC CCG GTT TCT GAC ATC GAC GTT ACC CGT CGC GAA GCG TAC CTG TCC TCT GAG GAA TTC AAG GAG AAG TTC GGT ATG ACC AAA GAG GCG TTC TAC AAA CTG CCG AAG TGG AAA CAG AAC AAA TTC AAA ATG GCT GTT CAG CTG TTT,0.2568085320210799
CCG GCG CAC CCG TAC GAC CGT CTG AAA ACC ACC TCT ACT GAC CCG GTT TCT GAC ATC GAC GTT ACC CTG CGT TGG GCT TAC CTG TCT TCT GAA GAA TTC AAG GAA AAG TTC GGC ATG ACC AAA GAA GCG TTC TAC AAA CTG CCG AAA TGG AAA CAG AAC AAA TTC AAA ATG GCG GTG CAG CTG TTC,0.7002882565618738
CCG GCG CAC CCG TAC GAC CGT CTG AAA ACC ACC TCT ACC GAC CCG GTT TCT GAC ATC GAC GTT ACC CGT CGT GAA GCG TAC CTG TCT TCC GAA GAG TTC AAA GAA AAA TTC GGT ATG ACC AAG GAG GCG TTC AAA AAG CTG CCG AAA TGG AAA CAG AAC AAG TTC GCG ATG GCG GTT CAG CTG TTC,0.4314826461692107
CCG GCG CAC CCG TAC GAC CGT CTG AAA ACC GTT TCT ACC GAT CCG GTT TCT GAC ATC GAC GTT ACC CGT CGT GAA GCG TAC CTG TCC TCC GAA GAA TTC AAA GAG AAG TTC GGT ATG ACC AAA GAG GCG TTC TAC AAA CTG CCG AAG TGG AAA CAG AAC AAG TTC AAG ATG GCG GTT CAG CTG TTC,0.6880896808179704
CCG GCT CAC CCG TAC GAC CGT CTG AAA ACC ACC TCT ACC GAC CCG GTT TCT GAC ATC GAC GTT ACC CGT CGT GAA GCG TAT CTC TCC TCT GAG GAA TTC AAA GAG AAA TTC GGC ATG ACC AAA GAA GCG TTT ATG AAA CTG CCG AAG TGG AAA CAG AAC AAA TTC ATG ATG GCG GTG CAA CTG TTC,1.0357212662472866
CCG GCG CAC CCG TAC GAC CGC CTG AAA ACC ACT TCT ACC GAC CCG GTT TCT GAC ATC GAC GTT ACC GGT CGT GAA GCG TAC CTG TCT TCT GAG GAA TTC AAA GAG AAA TTC GGC ATG ACC AAG GAA GCG TTC TAC AAG CTG CCA AAA TGG AAA CAG AAC AAA TTC CCG ATG GCG GTT CAG CTG TTC,0.3517682783786924
CCA GCG CAT CCG TAC GAC CGT CTG AAA ACC ACC TCT ACC GAC CCG GTT TCT GAC ATC ATC GTT TAC CGT CGT GAA GCG TAC CTG TCC TCT GAG GAG TTC AAA GAG AAA TTC GGT ATG ACC AAG GAA GCG TTC TAC AAA CTG CCG AAA TGG AAA CAG AAC AAA TTC AAA ATG GCG GTT CAG CTG TTC,0.2524820414263555
CCG GCG CAC CCG TAC GAC CGT CTG AAA ACC ACC TCT ACC GAT CCG GTT TCT GAC ATT GTT GTT TCT CGT CGT GAA GCG TAC CTG TCC TCT GAA GAA TTC AAA GAA AAG TTC GGC ATG ACC AAA GAA GCG TTC TAC AAA CTG CCG AAA TGG AAG CAG AAC AAA TTC AAG ATG GCG GTT CAG CTG TTC,0.7722625548621666
CCG GCG CAC CCG TAC GAC CGT CTG AAA ACC ACC TCT ACC GAC CCG GTT TCT GAC ATC GAC GTG ACC GTT CGT GAA GCG TAC CTG TCT TCT GAG GAA TTC AAA GAG AAG TTC GGC ATG ACC AAA GAA GCG TTC TAC AAA CTG CCG AAA TGG AAA CAG AAC AAA TTC GAC ATG GCG GTT CAG CTG TTC,0.3763742711711803
CCG GCG CAC CCG TAC GAC CGT CTG AAA ACC ACC TCT ACC GAC CCG GTT TCT GAC ATC GAC GTT ACC CGC CGT GAA GCG TAC CTG TCT TCT GAA GAG TTC AAA GAA AAG TTC GGC ATG ACC AAG GAA GCG TTC AAC AAA CTG CCG AAA TGG AAA CAG AAC AAA TTC CTG ATG GCT GTT CAG CTG TTC,0.7038149567214759
CCG GCG CAC CCG TAC GAC CGT CTG AAA ACC ACC TCT ACT GAC CCG GTT TCT GAC ATT GAC GTT ACC CGT CGC GAG GCG TAC CTG TCT TCT GAA GAA TTC AAG GAG AAG TTC GGT ATG ACC AAG GAA GCG TTC CTG AAA CTG CCG AAA TGG AAA CAG AAC AAA TTC AAA ATG GCG GTT CAG CTG TTC,0.4904072466819649
CCA GCT CAC CCG TAC GAC CTG CTG AAG ACC ACC TCT ACT GCG CCG GTT TCT GAC ATC GAC GTT ACC CGT CGT GAA GCG TAC CTG TCT TCT GAA GAG TTC AAG GAA AAG TTC GGC ATG ACC AAA GAA GCG TTC TAT AAA CTG CCG AAG TGG AAA CAG AAC AAA TTC AAG ATG GCG GTG CAG CTG TTC,0.6820210508328037
CCG GCT CAC CCG TAC GAC CGT CTG AAA ACC ACC TCT ATG GAC CCG GTT TCT GAC ATC GAC GTT ACC CGT CGT GAG GCT TAT CTC TCT TCT GAA GAA TTC AAG GAG AAG TTC GGC ATG ACC AAG GAA GCT TTC TAC AAA CTG CCG AAA TGG AAG CAG AAC AAA TTC AAA ATG GCT GTT CAG CTG TTC,1.109519585061597
CCG GCT CAC CCG TAC GAC CGT CTG AAA ACC ACC TCT ACC GAC CCG GTT TCT GAC ATC GAC GTT ACC CGT CGT GAA GCG TAC CTG TTC TCT GAA TAC TTC AAG GAG AAA TTC GGC ATG ACC AAG GAA GCG TTC TAC AAA CTG CCG AAA TGG AAG CAG AAC AAG TTC AAA ATG GCG GTG CAA CTG TTT,0.87576798511336
CCG GCG CAC CCG TAC GAC CGT CTG AAA ACC ACC TCT ACC GAC CCG GTT TCT GAC ATC GAC GTT ACC CGT CGT GAA GCG TAC CTG TCT TCT GAG GAA TTC AAG GAG AAA TTC GGC ATG ACC AAA GAA GCG TTC GGT AAA CTG CCG AAA TGG AAA CAG AAC AAA TTC CAC ATG GCT GTT CAG CTG TTC,0.4357780656948942
CCA GCT CAC CCG TAC GAC CGT CTG AAA ACC ACC TCT ACC GAC CCG GTT TCT GAC ATC GAC GTT ACC CGT CGC GAG GCG TAC CTG TCT TCT GAA GAG TTC AAA GAG AAG TTC GGT ATG ACC AAA GAG GCG TTC CAC AAA CTG CCG AAA TGG AAA CAG AAC AAA TTC TGG ATG GCG GTT CAG CTC TTC,1.0239042600399548
CCG GCT CAC CCG TAC GAC CGT CTG AAA ACC ACC TCT ACT GAC CCG GTT TCT GAC ATC CAC GTT GAA CGT CGT GAA GCG TAC CTC TCT TCT GAA GAG TTC AAA GAA AAG TTC GGC ATG ACC AAG GAA GCG TTC TAC AAA CTG CCG AAA TGG AAA CAG AAC AAG TTC AAG ATG GCG GTT CAG CTG TTC,0.7873728560784694
CCA GCT CAC CCG TAC GAC CGC CTG AAA ACT ACC TCT ACC GAC CCG GTT TCT GAC ATC GAC GTT ACT AAA CGT GAA GCG TAC CTC TCC TCC GAA GAA TTC AAG GAA AAG TTC GGT ATG ACC AAG GAA GCG TTC TAC AAA CTG CCG AAA TGG AAA CAG AAC AAA TTC ATC ATG GCG GTT CAG CTG TTC,0.922000278147492
CCG GCG CAC CCG TAC GAC CGT CTG AAA ACC ACT TCT ACC GAC CCG GTT TCT GAC ATC GAC GTG ACC CGT CGT CAG GCG TAC CTG TCT TCT GAG GAG TTC AAG GAA AAG TTC GGT ATG ACC AAA GAA GCG TTC CAG AAA CTG CCG AAA TGG AAA CAG AAC AAA TTC AAA ATG GCG GTG CAG CTG TTC,0.481655947592065
CCG GCG CAC CCG TAC GAC CGT CTG AAA ACC ACC TCT ACC GAT CCG GTT TCT GAC ATC GAC GTT ACT CGT CGT TTC GCG TAC CTG TCT TCT GAG GAG TTC AAA GAG AAA TTC GGC ATG ACC AAA GAA GCG TTC TCT AAA CTG CCG AAG TGG AAA CAG AAC AAA TTC AAA ATG GCG GTT CAG CTG TTC,0.7433892982126096
CCG GCG CAC CCG TAC GAC CGT CTG AAA ACC ACC TCT ACC GAC CCG GTT TCT GAC ATC GAC GTT ACC CTG CGT GAG GCG TAC CTG TCT TCT GAA GAG TTC AAG GAA AAA TTC GGT ATG ACC AAA GAG GCG TTT CAC AAA CTG CCG AAA TGG AAA CAG AAC AAA TTC AAA ATG GCG GTT CAG CTC TTC,0.5876383799312294
CCG GCG CAC CCG TAC GAC CGT CTG AAA ACC ACC TCT ACC GAC CCG GTT TCT GAC ATC GAC GTT ACC CGT CGT GAA GCG TAC CTG TCT TCC GAA GAA TTC AAA GAA AAG TTC GGC ATG ACC AAA GAA GCG TTC TTC AAA CTG CCG AAA TGG AAA CAG AAC AAA TTC ACC ATG GCT GTT CAG CTG TTC,0.4797283262815783
CCA GCG CAC CCG TAC GAC GTT CTC AAA ACC ACC TCT ACC TGC CCG GTG TCT GAC ATC GAC GTT ACC CGT CGT GAG GCG TAC CTG TCT TCT GAA GAA TTC AAA GAA AAG TTC GGC ATG ACC AAA GAA GCG TTC TAC AAA CTG CCG AAA TGG AAA CAG AAC AAG TTC AAA ATG GCG GTG CAG CTG TTC,1.4615910761697952
CCG GCT CAC CCG TAC GAC CGT CTG AAA ACC ACC TCT ACC GAC CCA GTT TCT GAC ATC GAC GTT ACC CGT CGT GAA GCG TAC CTG CCA TCT GAA ACC TTT AAG GAA AAA TTC GGC ATG ACC AAA GAA GCG TTC TAC AAA CTG CCG AAG TGG AAA CAG AAC AAA TTC AAA ATG GCG GTT CAG CTG TTC,0.668524949444073
CCG GCT CAC CCG TAC GAC CGT CTG AAA ACC ACC TCT ACC GAC CCG GTT TCT GAC ATC GAC GTT ACC CGT CGT GCG GCG TAC CTG TCT TCT GAA GAA TTC AAG GAG AAG TTC GGT ATG ACC AAA GAG GCG TTC CCG AAA CTG CCG AAA TGG AAA CAG AAC AAA TTC AAA ATG GCG GTT CAG CTG TTC,-0.6285232600081899
CCG GCG CAC CCG TAC TAC CGC CTG CAG ACC ACC TCT ACC GAC CCG GTT TCT GAC ATT GAC GTT ACT CGT CGC GAA GCG TAC CTG TCC TCT GAA GAG TTC AAA GAA AAG TTC GGC ATG ACT AAA GAG GCG TTC TAC AAA CTG CCG AAA TGG AAA CAG AAC AAA TTC AAA ATG GCT GTT CAG CTG TTT,0.5198339669599863
CCG GCT CAC CCG TAC GAC CGT CTG AAA ACC ACC TCT ACC GAC CCG GTT TCT GAC ATC GAC GTT ACC CGT CGT GAA GCG TAC CTG TCC TCT GAG GAA TTC AAG GAG AAA AAG GGC ATG ACC AAA GAA GCG TTC TAC AAG CTG CCG AAA TGG AAA CAG AAC AAA TTC AAA ATG GCG GTT CAG CTG TTC,-0.1890559402668018
CCG GCG CAT CCG TAC GAC CGT CTG AAA ACC ACC TCT ACC GAC CCG GTT TCT GAC ATC GAC GTT ACC CGT CGT GAG GCG TAC CTG TCC TCC GAA GAA TTC AAA GAA AAA GTG GGT ATG ACC AAG GAA GCG TTC TAC AAA CTG CCG AAG TGG AAA CAG AAC AAG TTC AAA ATG GCG GTG CAG CTG TTC,0.408578606529017
CCA GCG CAT CCA TAC GAC TGC CTG AAA ACC ACC TCT ACC TGG CCG GTG TCT GAC ATC GAC GTT ACC CGT CGT GAG GCG TAC CTG TCT TCC GAG GAG TTC AAA GAA AAA TTC GGT ATG ACC AAA GAG GCG TTC TAC AAA CTG CCG AAG TGG AAA CAG AAC AAA TTC AAA ATG GCG GTG CAG CTC TTC,1.4027084059012904
CCG GCG CAC CCA TAC GTT CGT CTG GAA ACC ACC TCT ACC GAC CCG GTT TCC GAC ATT GAC GTT ACC CGT CGC GAA GCG TAC CTG TCT TCT GAA GAG TTC AAA GAA AAA TTC GGT ATG ACC AAG GAA GCG TTC TAC AAA CTG CCG AAG TGG AAA CAA AAC AAA TTC AAA ATG GCT GTT CAG CTG TTC,0.5917026663911544
CCA GCT CAC CCG TAC TGG CGT CTG CTG ACT ACC TCT ACC GAT CCA GTT TCC GAC ATC GAC GTT ACC CGT CGT GAA GCG TAC CTG TCC TCT GAG GAA TTC AAA GAA AAA TTC GGC ATG ACC AAA GAA GCG TTT TAC AAA CTG CCG AAG TGG AAA CAG AAC AAA TTC AAG ATG GCG GTT CAG CTG TTC,0.6041852675787465
CCG GCT CAC CCG TAC GAC CGT CTG AAA ACC ACC TCT ACC GAC CCG GTT TCT GAC ATC GAC GTT ACC CGC CGT GAA GCG TAC CTG TCC TCT CAG GAA TTT AAG GAA AAA TTC GGC ATG ACC AAA GAG GCG TTT TAC AAA CTC CCG AAA TGG AAA CAG AAC AAG TTC AAA ATG GCG GTT CAG CTG TTC,1.2493107898890272
CCG GCT CAC CCG TAC GAC CGT CTG AAA ACC ACC TCT ACC GAC CCG GTT TCT GAC ATC CAC GTT CGC CGT CGT GAG GCG TAC CTG TCC TCT GAA GAA TTC AAG GAA AAG TTC GGT ATG ACC AAG GAG GCG TTT TAC AAA CTG CCG AAA TGG AAA CAG AAC AAA TTC AAA ATG GCG GTT CAG CTG TTT,0.793235708015922
CCA GCG CAT CCG TAC GAC CGT CTC AAA ACC ACC TCT ACC GAC CCA GTT TCT GAC ATT GAC GTT ACT CGT CGT CAC GCT TAC CTG TCC TCT GAG GAG TTC AAG GAG AAA TTC GGT ATG ACC AAA GAA GCG TTC TAC AAG CTC CCG AAA TGG AAG CAG AAC AAA TTC ACC ATG GCT GTT CAG CTG TTC,0.5601451010539735
CCG GCG CAC CCG TAC TTT CGT CTG CGT ACT ACC TCT ACC GAT CCG GTT TCT GAC ATT GAC GTT ACC CGT CGC GAG GCG TAC CTG TCT TCT GAG GAA TTC AAG GAA AAG TTC GGT ATG ACC AAG GAA GCG TTC TAC AAA CTG CCG AAA TGG AAA CAG AAC AAA TTC AAA ATG GCG GTT CAG CTG TTC,-0.5485905345162294
CCG GCT CAC CCG TAC GAC CGT CTG AAA ACC ACC TCT ACC GAT CCA GTG TCT GAC ATT GAC GTT ACC AAC CGT GAA GCG TAC CTG TCC TCT GAG GAG TTC AAG GAA AAA TTC GGT ATG ACC AAA GAG GCG TTC TAC AAA CTG CCG AAA TGG AAG CAG AAC AAA TTC TTC ATG GCG GTT CAA CTG TTC,0.6017239161727941
CCA GCG CAC CCG TAC GAC CGT CTG AAA ACC ACC TCT ACC GAC CCG GTT TCT GAC ATC GAC GTT ACC CGT CGC CTC GCG TAC CTG TCC TCT GAA GAG TTC AAG GAA AAG TTC GGT ATG ACC AAA GAG GCT TTC TAC AAA CTG CCG AAA TGG AAA CAG AAC AAA TTC GCG ATG GCG GTT CAG CTG TTC,1.1769829062648558
CCG GCG CAC CCG TAC GAC CGT CTG AAA ACC ACC TCT ACC GAC CCG GTT TCT GAC ATC GAC GTT ACC CGT CGT GTT GCG TAC CTG TCC TCT GAG GAG TTC AAG GAG AAG TTC GGT ATG ACC AAA GAA GCG TTT TAC AAA CTG CCG AAA TGG AAG CAA AAC AAA TTC AAG ATG GCG GTT CAG CTG TTC,1.00003254007666
CCG GCT CAC CCG TAC GAC CGT CTG AAA ACC ACC TCT ACC GAC CCG GTT TCT GAC ATC GAC GTT ACC CAG CGT GAG GCG TAC CTC TCT TCC GAA GAG TTC AAG GAA AAA TTC GGT ATG ACC AAA GAG GCG TTT TAC AAG CTG CCG AAA TGG AAA CAG AAC AAA TTC CCG ATG GCG GTG CAA CTG TTC,0.1706437326874574
CCA ATG CAT CCA TAC GAC CGT CTG AAA ACC ACC TCT ACC GAC CCG GTT TCT GAC ATC GAC GTT ACC CGT CGT GAA GCG TAC CTG TCC TCT GAA GAG TTC AAA GAG AAA TTC GGC ATG ACC AAA GAA GCG TTC TAC AAG CTG CCG AAA TGG AAA CAG AAC AAA TTC AAA ATG GCG GTT CAG CTG TTC,1.5632941362051422
CCG GCG CAC CCG TAC GAC CGT CTG AAA ACC ACC TCT ACC GAC CCG GTT TCT GAC ATC TTC GTT CAC CGT CGC GAG GCG TAC CTC TCT TCT GAA GAA TTC AAG GAA AAG TTC GGT ATG ACC AAA GAG GCG TTC TAC AAA CTG CCG AAA TGG AAA CAG AAC AAA TTC AAA ATG GCG GTG CAG CTG TTC,0.5509269673741639
CCA GCG CAC CCG TAC GAC CGT CTG AAA ACC ACC TCT ACC GAC CCG GTT TCT GAC ATC GAC GTT ACC AAA CGT GAA GCG TAC CTG TCT TCT GAG GAG TTT AAA GAG AAG TTC GGC ATG ACC AAA GAG GCG TTC TAC AAA CTG CCG AAA TGG AAA CAG AAC AAA TTC CCG ATG GCG GTT CAG CTG TTC,0.2429011030928897
CCG GCG CAC CCG TAC GAC CGT CTG AAA ACC ACC TCT ACC GAC CCG GTT TCT GAC ATC GAC GTT ACC AAC CGT CAC GCG TAC CTG TCC TCC GAG GAA TTC AAA GAG AAA TTC GGT ATG ACC AAA GAA GCG TTC TAC AAG CTG CCG AAA TGG AAA CAG AAC AAA TTC AAG ATG GCG GTT CAG CTG TTC,0.6859464203366077
CCG GCG CAC CCA TAC GAC CGT CTG AAA ACC ACC TCT ACC GAC CCG GTT TCT GAC ATT GAC GTT ACT CGT CGT GAA GCG TAC CTG GGT TCT GAA TGG TTC AAG GAA AAA TTC GGT ATG ACC AAA GAG GCG TTC TAC AAA CTG CCG AAA TGG AAA CAG AAC AAA TTC AAA ATG GCG GTG CAA CTC TTT,0.7613865838314238
CCG GCG CAT CCG TAC GAC GAA CTG AAA ACC ACC TCT ACC GCG CCA GTG TCT GAC ATC GAC GTT ACC CGT CGC GAA GCG TAC CTG TCC TCC GAA GAG TTC AAG GAG AAG TTC GGT ATG ACC AAA GAA GCG TTC TAT AAA CTG CCG AAA TGG AAG CAG AAC AAA TTC AAA ATG GCT GTT CAG CTG TTC,1.031606758796944
CCG GCT CAC CCG TAC GAC CGT CTG AAA ACC ACC TCT ACC GAC CCG GTT TCT GAC ATC GAC GTT ACC AAC CGT GAA GCG TAC CTG TCT TCC GAG GAG TTC AAG GAA AAA TTC GGT ATG ACC AAA GAA GCG TTC TAC AAG CTG CCA AAA TGG AAA CAG AAC AAG TTC AAC ATG GCG GTG CAG CTG TTC,0.3557301144569185
CCG GCG CAC CCG TAC GAC CGT CTG AAA ACC ACC TCT ACC GAT CCG GTT TCT GAC ATC GAC GTT ACC GAC CGT GAG GCG TAC CTG TCT TCT GAA GAA TTC AAG GAA AAG TTC GGC ATG ACC AAA GAA GCG TTC AAC AAA CTG CCG AAA TGG AAA CAG AAC AAA TTC AAA ATG GCG GTT CAG CTG TTC,0.5254638538107712
CCG GCG CAT CCG TAC GAC CGT CTC AAG ACC ACC TCT ACC GAC CCG GTT TCT GAC ATC GAC GTT ACC CGT CGT CAG GCG TAC CTG TCT TCC GAA GAG TTC AAA GAG AAA TTT GGC ATG ACC AAG GAA GCG TTC TAC AAA CTC CCA AAA TGG AAA CAG AAC AAG TTC ATG ATG GCG GTG CAG CTG TTC,0.8732629501818834
CCA GCT CAC CCG TAC GAC CGT CTG AAA ACT ACC TCT ACC GAT CCG GTG TCC GAC ATC GAC GTT ACC CGT CGT GAA GCT TAC CTC TCT TCT GAA GAG TTC AAG GAA AAA TTC GGC ATG ACC AAA GAG GCG TTC CAG AAA CTG CCG AAA TGG AAA CAG AAC AAG TTC GTT ATG GCG GTT CAA CTG TTC,0.5951527330852544
CCG GCG CAC CCG TAC GAC GCG CTG AAA ACC ACC TCT ACC GTT CCG GTT TCT GAC ATC GAC GTG ACC CGT CGT GAG GCG TAC CTG TCT TCT GAG GAG TTC AAG GAA AAG TTC GGT ATG ACC AAA GAA GCG TTC TAC AAA CTG CCG AAA TGG AAA CAG AAC AAA TTC AAA ATG GCT GTT CAG CTG TTC,0.8112993871542578
CCA GCG CAC CCG TAC GAC CGT CTG AAG ACC ACT TCT ACC GAC CCG GTT TCT GAC ATC GAC GTT ACC CGT CGT GAA GCG TAC CTC ATC TCC GAG TAC TTC AAG GAA AAG TTC GGT ATG ACC AAA GAG GCG TTC TAC AAG CTG CCA AAG TGG AAA CAG AAC AAG TTC AAA ATG GCG GTT CAG CTG TTC,0.6745540993580129
CCG GCG CAC CCG TAC GAT CGC CTG AAA ACC ACC TCT ACC GAC CCG GTT TCT GAC ATC GAC GTT CCA CGC CGT GAG GCG TAC CTG TCT TCT GAG GAG TTC AAG GAG AAA TTT GGC ATG ACC AAG GAG GCT TTT TAC AAA CTG CCG AAA TGG AAA CAG AAC AAA TTC AAA ATG GCT GTT CAG CTG TTC,0.6103870547570425
CCA GCT CAT CCG TAC GAC CGC CTG AAG ACC ACC TCT ACC GAT CCG GTT TCT GAC ATC GAC GTT ACC CGC CGT GAA GCG TAC CTC TCC TCT GAA GAA TTC AAA TGC AAG TTC GGT ATG ACC AAA GAG GCG TTC TAC AAA CTG CCG AAA TGG AAA CAG AAC AAA TTC AAG ATG GCT GTT CAG CTG TTC,1.2221208152050378
CCG GCG CAC CCG TAC GAC CGT CTG AAA ACC ACC TCT ACC GAT CCA GTT TCT GAC ATC GAC GTT ACT CCG CGT GAG GCT TAC CTG TCT TCT GAG GAA TTC AAG GAA AAG TTC GGT ATG ACC AAA GAG GCG TTC ATC AAA CTG CCG AAA TGG AAA CAG AAC AAA TTC AAA ATG GCG GTT CAG CTG TTC,0.4841336437378201
CCA GCT CAC CCG TAC GAC CGT CTG AAA ACC ACC TCT ACC GAC CCG GTT TCT GAC ATC GAC GTT ACC CGT CGT GAA GCG TAC CTG CGC TCT GAG TCT TTC AAA GAG AAA TTC GGT ATG ACC AAG GAG GCG TTC TAC AAG CTG CCG AAA TGG AAA CAG AAC AAA TTC AAA ATG GCG GTT CAG CTG TTC,0.4365592865076719
CCG GCG CAC CCG TAC GAC CGT CTG AAA ACC ACC TCT ACC GAC CCG GTT TCT GAC ATC TCT GTT CCG CGT CGT GAA GCG TAC CTG TCC TCC GAA GAA TTC AAA GAA AAA TTC GGC ATG ACC AAA GAA GCG TTC TAC AAA CTG CCG AAA TGG AAA CAG AAC AAG TTC AAA ATG GCG GTT CAG CTG TTC,0.5227422215928968
CCG GCG CAC CCG TAT GTT CGC CTG AAC ACT ACC TCT ACC GAC CCG GTT TCC GAC ATC GAC GTT ACT CGC CGT GAG GCG TAC CTG TCT TCT GAA GAG TTC AAG GAG AAA TTC GGT ATG ACC AAG GAA GCG TTC TAC AAA CTG CCG AAA TGG AAA CAG AAC AAA TTC AAA ATG GCG GTT CAG CTG TTC,-0.2425209193454159
CCG GCT CAC CCA TAC GAC CGT CTG AAA ACC ACC TCT ACC GAC CCG GTT TCT GAC ATC GAC GTT ACC CGT CGC GCT GCG TAC CTC TCT TCC GAG GAA TTC AAA GAA AAG TTC GGT ATG ACC AAA GAA GCG TTC TAC AAA CTG CCG AAA TGG AAG CAG AAC AAA TTC CGC ATG GCG GTT CAG CTG TTC,0.614278825365459
CCG GCG CAC CCG TAC GAC CGT CTG AAA ACC ACC TCT ACC GAC CCG GTT TCT GAC ATC GAC GTT ACC TTC CGT GAA GCG TAC CTC TCT TCT GAG GAA TTC AAA GAG AAG TTC GGT ATG ACC AAA GAG GCG TTC TAC AAA CTG CCG AAA TGG AAA CAG AAC AAA TTC ACC ATG GCG GTT CAG CTG TTC,0.4322534080737192
CCG GCG CAC CCG TAC GAC CGT CTG AAA ACC ATG TCT ACC GAC CCG GTT TCT GAC ATT GAC GTT ACC CGT CGT GAA GCG TAC CTG TCC TCT GAA GAA TTC AAG GAG AAG TTC GGT ATG ACC AAA GAG GCG TTT TAC AAA CTG CCG AAA TGG AAA CAG AAC AAA TTC AAA ATG GCT GTT CAG CTG TTC,0.7081301266204074
CCG GCG CAC CCG TAC GAC CGT CTG AAA ACC ACC TCT ACC GAT CCA GTG TCT GAC ATC GAC GTT ACC CGT CGC GAA GCG TAT CTC TCT TCT GAG GAA TTC GAC GAG AAA TTC GGT ATG ACC AAG GAA GCG TTC TAC AAA CTG CCG AAA TGG AAA CAG AAC AAA TTC AAA ATG GCG GTG CAA CTC TTC,0.922245235381112
CCG GCG CAC CCG TAC GAC CGT CTG AAA ACC ACC TCT ACC GAT CCA GTT TCT GAC ATC GAC GTT ACC GCG CGT CAT GCG TAC CTG TCT TCC GAG GAG TTC AAA GAA AAA TTC GGT ATG ACC AAG GAA GCG TTC TAC AAG CTG CCG AAA TGG AAA CAG AAC AAA TTC AAA ATG GCT GTT CAG CTG TTT,0.6776458651154329
CCG GCT CAC CCG TAC GAC CGT CTG AAA ACC ACC TCT ACC GAC CCG GTT TCT GAC ATC GAC GTT ACC CGT CGT GGC GCG TAC CTG TCT TCT GAG GAG TTC AAA GAG AAG TTT GGT ATG ACC AAA GAG GCG TTC GGC AAA CTG CCG AAA TGG AAA CAG AAC AAA TTC AAA ATG GCG GTT CAG CTG TTC,0.5432483422825576
CCG GCG CAT TGC TAC GAC CGT CTG AAA ACC ACC TCT ACC GAT CCG GTT TCT GAC ATC GAC GTT ACT CGC CGT GAA GCG TAC CTC TCC TCT GAG GAA TTC AAG GAA AAG TTC GGC ATG ACC AAA GAG GCG TTC TAC AAA CTG CCG AAA TGG AAA CAG AAC AAA TTC AAA ATG GCT GTT CAG CTG TTC,1.4474451381564173
CCA GCG CAT CCA TAC AAA CGC CTG ATG ACC ACC TCT ACC GAC CCG GTT TCT GAC ATC GAC GTT ACC CGT CGT GAG GCG TAC CTC TCC TCT GAA GAA TTC AAG GAA AAA TTC GGC ATG ACC AAA GAA GCG TTC TAC AAA CTG CCG AAA TGG AAA CAG AAC AAG TTC AAG ATG GCG GTT CAG CTG TTC,-0.6184254372815319
CCG GCG CAT CCG TAC GAC CGT CTG AAA ACC ACC TCT ACC GAT CCG GTT TCT GAC ATT GAC GTT ACC CGT CGT GAA GCG TAC CTC TCC TCT GAA GAG TTC AAG GAG AAG TTC GGC ATG ACC AAA GAA GCG TTC CTG AAA CTG CCG AAA TGG AAA CAG AAC AAA TTC TTC ATG GCG GTT CAG CTG TTC,0.8419026473645008
CCG GCG CAT CCA TAC GAC CGT CTG AAG ACC ACC TCT ACC GAC CCG GTT TCT GAC ATC GAC TAC ACC CGT CGC GAA GCG TAC CTG TCT TCC GAG GAA TTC AAA GAA AAA TTC GGC ATG ACC AAA GAA GCG TTC TAC AAA CTG CCG AAA TGG AAG CAG AAC AAG TTC AAA ATG GCG GTT CAA CTC TTC,1.1324558902312165
CCG GCG CAC CCG TAC GAC CGT CTG AAA ACC ACC TCT ACC GAC CCG GTT TCT GAC ATC GCG GTT AAA CGT CGT GAA GCG TAC CTG TCT TCT GAG GAA TTC AAA GAA AAG TTC GGC ATG ACC AAA GAA GCG TTC TAC AAG CTG CCG AAA TGG AAA CAG AAC AAA TTC AAG ATG GCG GTT CAG CTG TTC,0.5492830062023515
CCG GCG CAC CCG GCT GAC CGT CTG AAA ACC ACC TCT ACC GAT CCG GTT TCT GAC ATC GAC GTT ACT CGT CGT GAA GCG TAC CTG TCC TCT GAG GAG TTC AAA GAA AAA TTC GGC ATG ACC AAG GAA GCG TTC TAC AAA CTG CCG AAA TGG AAG CAG AAC AAA TTC AAA ATG GCT GTT CAG CTC TTC,0.6384806490694119
CCG GCT CAC CCG TAT GAC CGT CTG AAA ACC ACC TCT ACC GAC CCG GTT TCT GAC ATC GAC GTT ACC TCT CGT GTT GCG TAC CTG TCT TCC GAA GAA TTC AAA GAA AAA TTC GGC ATG ACC AAA GAA GCG TTC TAC AAA CTG CCG AAA TGG AAA CAG AAC AAG TTC AAA ATG GCT GTT CAG CTG TTC,0.8058320737887307
CCA GCT CAC CCG TAC GAC CGT CTC AAA ACC ACC TCT ACT GAC CCG GTT TCT GAC ATC GAC GTT ACC CGT CGT GTT GCG TAC CTC TCT TCC GAG GAA TTC AAA GAG AAA TTT GGC ATG ACC AAG GAG GCG TTC TAC AAA CTG CCG AAA TGG AAA CAG AAC AAA TTC ACC ATG GCG GTT CAA CTG TTC,0.7661884649963038
CCG GCG CAC CCG TAC GAC CGT CTG AAA ACC ACT TCC TCT GAC CCA GTT TCC GAC ATC GAC GTG ACC CGT CGT GAA GCG TAC CTG TCT TCT GAG GAG TTC AAG GAA AAG TTC GGT ATG ACC AAA GAA GCG TTC TAC AAA CTC CCG AAA TGG AAA CAG AAC AAA TTC AAG ATG GCG GTT CAG CTG TTC,1.0970983955032787
CCA GCT CAC CCG TAC GAC CGT CTG AAA ACC ACC TCT ACC GAT CCA GTT TCT GAC ATC GAC GTT ACC CGT CGT GAA GCG TAC CTG AAT TCT GAG GCG TTC AAA GAA AAA TTC GGT ATG ACC AAG GAA GCG TTT TAC AAA CTG CCG AAA TGG AAA CAG AAC AAA TTC AAA ATG GCG GTT CAG CTG TTC,0.5020338838458188
CCG GCG CAC CCG TAC GAC CGT CTG AAA ACC ACC TCT ACC GAC CCA GTT TCT GAC ATT GAC GTT ACC CGT CGT GAA GCG TAC CTG CAC TCC GAG TAC TTC AAA GAG AAA TTC GGT ATG ACC AAA GAA GCG TTC TAC AAA CTG CCG AAG TGG AAA CAG AAC AAA TTC AAA ATG GCT GTT CAG CTG TTC,0.6026315170766873
CCG GCG CAC CCG TAC GAC CGT CTG AAA ACC ACC TCT ACC GAT CCG GTT TCT GAC ATC GAC GTT ACC TGG CGT GCG GCT TAC CTG TCT TCT GAA GAG TTC AAG GAA AAA TTC GGC ATG ACC AAA GAA GCG TTC TAC AAA CTG CCG AAA TGG AAA CAG AAC AAA TTC AAA ATG GCG GTT CAG CTG TTC,0.781234474080199
CCG GCG CAC CCG TAC GAC CGC CTG AAA ACC ACC TCT ACC GAC CCG GTT TCC GAC ATC GAC GTT ACC GTT CGT GAA GCG TAC CTC TCT TCT GAA GAG TTC AAA GAG AAA TTC GGT ATG ACC AAA GAG GCG TTC CCG AAA CTG CCG AAA TGG AAA CAG AAC AAA TTC AAA ATG GCG GTT CAG CTG TTC,-3.282091208942324
CCG GCG CAC CCG TAC GAC CGT CTG AAA ACC ACC TCT ACC GAC CCG GTT TCT GAC ATC GAC GTT ACC CGT CGT GAA GCG TAC CTG TCT TCC GAG GAG TTC AAG GAA AAA TTC GGT ATG ACC AAA GAA GCG TTC ACC AAA CTG CCG AAA TGG AAA CAG AAC AAA TTC TCT ATG GCG GTT CAG CTG TTC,0.4913644950811886
CCG GCG CAC CCG TAC GAC CGT CTG AAA ACC ACT TCT ACC GAC CCG GTG TCC GAC ATT GAC GTT ACC CGC CGT GAA GCG TAC CTG TGG TCT GAA TCC TTC AAG GAA AAG TTC GGT ATG ACC AAA GAA GCG TTC TAC AAA CTG CCG AAA TGG AAA CAG AAC AAA TTC AAA ATG GCG GTT CAG CTG TTC,0.4055740334851632
CCG GCG CAC CCG TAC GAC CGT CTG AAA ACC ACT TCT ACC GAC CCA GTT TCT GAC ATC GAC GTT ACC CGT CGC GAA GCG TAT CTG TCC TCT GAA GAG TTC AAG GAA AAG TTC GGC ATG ACC AAA GAA GCT TTC TAC AAA CTC CCG AAG TGG AAA AAC AAC AAG TTC AAA ATG GCG GTT CAG CTG TTC,-0.6095556478461592
CCA GCT CAC CCG TAC GAC CGT CTG AAA ACC ACC TCT ACC GAC CCG GTT TCT GAC ATC GAC GTT ACT CCG CGT GAG GCG TAC CTG TCT TCC GAA GAG TTC AAA GAG AAA TTC GGT ATG ACC AAA GAG GCG TTC GGC AAA CTG CCG AAA TGG AAA CAG AAC AAA TTC AAA ATG GCG GTG CAA CTG TTC,0.5913310469458041
CCG GCG CAC CCG TAC GCT CGC CTG GTT ACC ACC TCT ACC GAC CCG GTT TCT GAC ATT GAC GTT ACC CGT CGT GAG GCG TAC CTG TCC TCC GAA GAA TTC AAA GAA AAG TTC GGC ATG ACT AAG GAG GCG TTC TAC AAA CTG CCG AAG TGG AAA CAG AAC AAA TTC AAG ATG GCG GTT CAG CTG TTC,0.5742461009319784
CCG GCT CAC CCG TAC GAC CGT CTG AAA ACC ACC TCT ACC GAC CCG GTT TCT GAC ATC GAC GTT ACC TAC CGT AAC GCG TAC CTG TCT TCC GAG GAA TTC AAA GAG AAA TTC GGC ATG ACC AAG GAA GCG TTC TAC AAA CTG CCG AAA TGG AAA CAG AAC AAG TTC AAA ATG GCG GTT CAG CTG TTC,0.6698600784365449
CCG GCG CAT CCG TAC GAC CGT CTG AAA ACC ACC TCT ACC GAT CCG GTT TCT GAC ATC GAC GTT ACC CGT CGT GAA GCG TAC CTG TCT TCT GAG GAG TTC AAA GAA AAA TTC GGC ATG ACC AAA GAA GCG TTC TAC AAA CTG CCG TCT TGG AAA CAG AAC AAA TTC AAA ATG GCG GTT CAG CTG TTC,0.9349316416972362
CCG GCG CAC CCG TAC GAC CGT CTG AAA ACC ACC TCT ACC GAC CCG GTT TCT GAC ATC GAC GTT ACC CGT CGT TAC GCT TAC CTG TCC TCC GAA GAA TTC AAA GAG AAG TTC GGT ATG ACC AAA GAG GCG TTC TAC AAA CTG CCG AAA TGG AAA CAG AAC AAA TTC ATG ATG GCG GTG CAG CTC TTT,1.060766946310768
CCG GCG CAT CCG TAC GAC CGT CTC AAA ACC ACC TCT ACC GAC CCG GTG TCT GAT ATC GAC GTT ACC CGT CGT GAG GCT TAC CTG TCC TCT GAA GAA TTC AAG GAA AAG TTC GGC ATG ACC AAG CAG GCG TTT TAC AAA CTG CCG AAA TGG AAA CAG AAC AAG TTC AAG ATG GCG GTT CAG CTG TTC,1.1817250529841137
CCG GCT CAC CCG TAC GAC CGT CTG AAA ACC ACC TCT ACC GAC CCG GTT TCT GAT ATC GAC GTT ACC GTT CGT GAA GCG TAC CTG TCT TCC GAG GAG TTC AAG GAA AAG TTT GGT ATG ACC AAA GAA GCG TTC GAC AAA CTG CCG AAA TGG AAA CAG AAC AAA TTC AAA ATG GCG GTT CAG CTG TTC,0.6060957482633476
CCA GCT CAT CCG TAC GAC CGT CTG AAG ACC ACT TCT ACC GAC CCG GTT TCT GAT ATC GAC GTT ACC CGT CGT GAA GCG TAC CTG TCT TCC GAG GAA TTC AAG GAA AAA TTC GGT ATG ACC AAG GAA GCG TTC TAC AAA CTG CCG AAG TGG AAG TTC AAC AAA TTC AAA ATG GCG GTG CAG CTG TTT,-0.2934657820217518
CCG GCG CAC CCG TAC GAC CGT CTG AAA ACC ACC TCT ACC GAC CCG GTT TCT GAT ATC GAC GTT ACC CGT CGT ATC GCG TAC CTG TCT TCT GAA GAG TTC AAG GAA AAA TTC GGT ATG ACC AAG GAG GCG TTC CCG AAA CTG CCG AAA TGG AAA CAG AAC AAA TTC AAA ATG GCG GTG CAG CTG TTC,-0.6615945018216208
CCG GCT CAC CCG TAC GAC CGT CTG AAA ACC ACC TCT ACC GAT CCG GTT TCT GAC ATC TCT GTT GAA CGT CGT GAA GCG TAC CTG TCT TCT GAG GAG TTC AAA GAA AAA TTC GGC ATG ACC AAA GAA GCG TTC TAC AAA CTG CCG AAA TGG AAG CAG AAC AAA TTC AAA ATG GCG GTT CAA CTG TTC,0.6133160639652602
CCA GCG CAC CCG TAC GAC GGT CTG AAA ACC ACC TCT ACC CTG CCG GTT TCT GAC ATT GAC GTT ACC CGT CGT GAA GCG TAC CTG TCC TCT GAG GAA TTC AAG GAG AAA TTC GGC ATG ACC AAA GAA GCG TTT TAC AAA CTG CCG AAA TGG AAA CAG AAC AAA TTC AAA ATG GCT GTT CAG CTG TTC,0.5788719808642676
CCG GCG CAC CCG TAC GAC CGT CTG AAA ACT ACC TCT ACC GAT CCA GTT TCT GAC ATC GAC GTT ACC CGT CGT GAA GCG TAC CTG TCT TCC GAA GAA TTC AAG GAA AAG TTC GGT ATG ACC AAA GAA GCG TTC CAC AAA CTG CCG AAA TGG AAA CAG AAC AAA TTC CAG ATG GCG GTT CAG CTG TTC,0.3026065527932351
CCG GCT CAT CCG TAC GAC CGT CTG AAA ACC ACC TCT ACC GAC CCG GTT TCT GAC ATC GAC GTT ACC CGT CGT GAA GCG TAC CTG TCT TCC GAG GAG TTC AAA GAA AAA TTC GGT ATG ACC AAG GAG GCG TTC TAC AAA CTG CCG AAA TGG AAG CAG AAC AAA TTC AAA ATG GCG GTG CAG AAC TTC,0.8822662722572377
CCG GCG CAC CCG TAC GAC CGT CTC AAA ACC ACC TCT ACC GAT CCG GTT TCT GAC ATT GAC GTT ACC CGT CGT GAA GCG TAC CTG TGG TCT GAA AAC TTC AAA GAA AAA TTC GGC ATG ACC AAA GAA GCG TTC TAC AAA CTG CCG AAA TGG AAA CAG AAC AAG TTC AAA ATG GCG GTT CAG CTG TTC,0.7289499564624857
CCA GCG CAC CCG TAC GAC CGT CTG AAA ACC ACC TCT ACC GAC CCG GTT TCT GAC ATC CAC GTT CAC CGT CGT GAA GCT TAC CTG TCT TCC GAG GAG TTC AAA GAA AAG TTC GGT ATG ACC AAA GAA GCG TTC TAC AAA CTG CCG AAA TGG AAA CAG AAC AAG TTC AAG ATG GCG GTT CAG CTG TTC,0.8918867246860694
CCG GCT CAC CCG TAC GAC CGT CTG AAA ACC ACC TCT ACC GAC CCG GTT TCT GAT ATT GAC GTT ACC CGT CGT GAA GCG TAC CTC TAT TCC GAA ACC TTC AAG GAA AAA TTC GGC ATG ACC AAA GAA GCG TTC TAC AAA CTG CCG AAA TGG AAA CAG AAC AAG TTC AAA ATG GCG GTT CAG CTG TTC,0.6260738451721366
CCG GCG CAC CCG TAC GAC CGT CTG AAA ACC ACC TCT ACC GAC CCG GTT TCT GAC ATC GAC GTT ACC CGT CGT ATC GCG TAC CTG TCC TCT GAG GAA TTC AAG GAA AAG TTC GGT ATG ACC AAG GAA GCG TTC TAC AAA CTC CCG AAA TGG AAA CAG AAC AAA TTC CAG ATG GCG GTT CAG CTG TTC,0.8754838985791574
CCG GCG CAC CCG TAC GAC CGC CTG AAA ACC ACC TCT ACC GAT CCG GTT TCT GAT ATC GAC GTT ACC CGT CGT CAG GCG TAC CTG TCT TCT GAG GAA TTC AAG GAA AAA TTC GGT ATG ACC AAG GAG GCG TTC TAC AAA CTG CCG AAA TGG AAA CAG AAC AAA TTC TAC ATG GCG GTG CAA CTG TTC,0.7896746378516832
CCG GCG CAC CCG TAC GAC CGT CTG AAA ACC ACC TCT ACC GAC CCG GTT TCT GAC ATC GAC GTT ACC CGT CGT GAA GCG TAC CTC ATC TCT GAG AAC TTC AAA GAG AAG TTC GGC ATG ACC AAA GAA GCG TTC TAC AAA CTG CCG AAA TGG AAG CAG AAC AAA TTC AAA ATG GCG GTT CAG CTG TTC,0.3739121389374152
CCG GCG CAC CCG TAC GAC CGC CTC AAA ACC ACC TCT ACC GAC CCG GTT TCT GAC ATC GAA GTT AAA CGT CGC GAA GCG TAC CTG TCT TCC GAG GAG TTC AAA GAA AAA TTC GGT ATG ACC AAA GAG GCG TTC TAC AAG CTG CCG AAA TGG AAA CAG AAC AAA TTC AAA ATG GCT GTT CAG CTG TTC,0.9549905515783454
CCG GCT CAC CCG TAC GAC CGT CTG AAA ACC ACC TCT ACC GAC CCA GTT TCT GAC ATC GAC TCT ACC CGT CGT GAA GCG TAC CTG TCT TCC GAG GAA TTC AAG GAA AAA TTC GGC ATG ACC AAG GAA GCG TTC TAC AAA CTG CCG AAG TGG AAA CAG AAC AAA TTC AAA ATG GCG GTT CAG CTG TTC,0.9090736022758288
CCG GCG CAC CCG TAC GAC CGT CTG AAG ACC ACT TCT ACC GAC CCG GTT CTG GAC ATC GAC GTT ACC CGT CGT GAA GCG TAC CTG TCT TCT GAG GAG TTC AAG GAA AAA TTC GGC ATG ACC AAA GAA GCG TTC TAC AAA CTC CCG AAA TGG AAG CAG AAC AAG TTT AAG ATG GCG GTT CAG CTG TTC,1.6548650267451803
CCG GCG CAC CCG TAC GAC CGT CTG AAA ACT ACC TCT ACC GAC CCG GTT TCT GAC ATC GAC GTT ACT CGT CGT CAC GCG TAC CTG TCT TCC GAA GAG TTC AAG GAA AAA TTC GGT ATG ACC AAG GAG GCG TTC TAC AAA CTG CCG AAA TGG AAA CAG AAC AAA TTT TGG ATG GCG GTT CAG CTG TTC,1.212617438752699
CCA GCG CAC CCG TAC GAC CAG CTG AAA ACC ACC TCT ACC TCT CCG GTT TCT GAC ATC GAC GTT ACC CGT CGT GAA GCG TAC CTG TCT TCC GAA GAA TTC AAA GAG AAA TTC GGC ATG ACC AAA GAA GCT TTC TAC AAG CTG CCA AAG TGG AAA CAG AAC AAA TTC AAG ATG GCG GTT CAG CTC TTC,1.0109913648154654
CCG GCT CAC CCG TAC GAC CGT CTG AAA ACC ACC TCT ACC GAT CCG GTT TCT GAC ATC GAC GTT ACC CGT CGT AAA GCG TAC CTG TCT TCT GAG GAA TTC AAG GAA AAG TTC GGT ATG ACC AAA GAA GCG TTC TAC AAG CTG CCG AAA TGG AAG CAG AAC AAA TTC ATG ATG GCG GTT CAG CTG TTC,0.8591041119425857
CCG GCT CAC CCG TAT GAC CGT CTG AAA ACC ACC TCT ACC GAT CCG GTT TCT GAC ATC GAC GTT ACC AAC CGT AAC GCG TAC CTC TCC TCT GAA GAA TTC AAG GAA AAG TTC GGC ATG ACC AAA GAA GCG TTC TAC AAA CTG CCG AAG TGG AAA CAG AAC AAG TTC AAA ATG GCG GTT CAG CTG TTC,0.5250915631210571
CCG GCG CAC CCG TAC GAC CGT CTG AAA ACC ACC TCT ACC GAC CCG GTT TCT GAC ATC CAG GTT AAA CGT CGT GAA GCG TAC CTG TCT TCT GAG GAG TTC AAA GAA AAG TTT GGC ATG ACC AAA GAG GCG TTC TAC AAA CTG CCG AAA TGG AAA CAG AAC AAA TTC AAA ATG GCG GTT CAG CTG TTC,0.659414771992443
CCG GCT CAC CCG TAC GAC CGT CTG AAA ACC ACC TCT ACC GAC CCA GTT TCT GAC ATC GAC GTT ACC CGT CGT TTT GCG TAC CTG TCT TCC GAA GAG TTC AAG GAG AAG TTT GGT ATG ACC AAA GAA GCG TTC CAC AAA CTG CCG AAA TGG AAA CAG AAC AAA TTC AAA ATG GCG GTG CAG CTG TTC,0.9098960709912628
CCG GCT CAC CCG TAC GAC CGT CTG AAA ACC ACC TCT ACC GAC CCG GTT TCT GAT ATT GAT GTT ACC CAG CGT GAA GCG TAT CTG TCC TCC GAG GAA TTC AAG GAA AAA TTC GGC ATG ACC AAA GAA GCT TTC TAC AAA CTG CCG AAA TGG AAA CAG AAC AAA TTC CGT ATG GCG GTG CAG CTC TTC,0.9109447455466668
CCG GCG CAC CCG TAC GAC CGT CTG AAA ACC ACC TCT ACC GAC CCG GTT TCT GAC ATC GAC GTT ACC CGT CGT GAA GCG TAC CTG TCC TCC GAA GAA TTC AAG GAG AAA TTC GGT ATG ACC AAA GAA GCG TTC TAC AAA CTC CCG CGT TGG AAA CAG AAT AAG TTC AAA ATG GCG GTT CAG CTG TTC,1.2194843582749637
CCA GCT CAC CCG TAC GAC CGT CTG AAA ACC ACC TCT ACC GAC CCG GTT TCT GAC ATC GAC GTT ACC CGT CGC GAG GCG TAC CTG TCT TCT GAA GAG TTC AAG GAA AAG TTC GGT ATG ACC AAA GAG GCG TTT TCC AAA CTG CCG AAA TGG AAA CAG AAC AAA TTC GAC ATG GCG GTT CAG CTG TTC,0.0998766471345229
CCG GCG CAC CCG TAC GAC CGT CTG AAA ACC ACC TCT ACC GAC CCG GTT TCT GAC ATC GAC GTT ACC TCT CGT GAA GCG TAC CTG TCT TCT GAA GAG TTC AAG GAA AAA TTC GGC ATG ACC AAA GAA GCG TTC TAC AAA CTG CCG AAA TGG AAG CAG AAC AAA TTC ATG ATG GCG GTT CAG CTG TTC,1.008303571451444
CCG GCG CAC CCG TAC TAC CGT CTG GCG ACC ACC TCT ACC GAT CCG GTT TCT GAC ATT GAC GTT ACC CGT CGT GAG GCG TAC CTG TCT TCT GAG GAA TTC AAG GAA AAA TTC GGC ATG ACC AAA GAG GCT TTC TAC AAA CTG CCG AAA TGG AAA CAG AAC AAA TTC AAA ATG GCG GTT CAG CTG TTC,0.5676166614303142
CCG GCT CAC CCG TAC GAC CGT CTG AAA ACC ACC TCT ACC GAC CCA GTT TCT GAC ATT GAC GTT ACT CGT CGT GAA GCG TAC CTG TCC TCT GAA GAG TTC AAA GAA AAA CCG GGT ATG ACC AAA GAG GCG TTC TAC AAA CTG CCG AAA TGG AAA CAG AAC AAA TTC AAA ATG GCT GTT CAG CTG TTC,-0.578735919882277
CCG GCT CAC CCG TAC GAC CGC CTG AAG ACC ACT TCT ACC GAC CCG GTT TCT GAC ATC GAC GTT ACC CGT CGT GAG GCG TAC CTG TCC TCC GAA GAA TTC AAG GAC AAA TTC GGT ATG ACC AAG GAA GCG TTC TAC AAA CTG CCG AAA TGG AAA CAG AAC AAG TTC AAA ATG GCG GTT CAG CTG TTC,1.178745482976428
CCA GCG CAC CCG TAC GAC CGC CTG AAA ACC ACC TCT ACC GAC CCG GTT TCT GAC ATC GAC GTT ACC CGT CGT TTC GCG TAC CTG TCT TCC GAG GAA TTC AAA GAG AAG TTC GGC ATG ACC AAA GAA GCG TTC GTT AAG CTG CCG AAA TGG AAA CAG AAC AAG TTC AAA ATG GCG GTT CAG CTG TTT,0.933874234010353
CCG GCG CAT CCG TAC GAC CGT CTG AAA ACC ACC TCT ACC GAC CCG GTG TCT GAC ATC GAC GTT ACC ATC CGT GAA GCT TAC CTG TCT TCC GAG GAG TTC AAG GAA AAA TTC GGT ATG ACC AAG GAA GCG TTC GTG AAA CTG CCG AAA TGG AAA CAG AAC AAA TTC AAA ATG GCG GTG CAG CTG TTC,0.5094914266233646
CCG GCG CAC CCG TAC GAC CGT CTG AAA ACC ACC TCT ACC GAC CCG GTT TCT GAC ATC GAC GTT ACC AAA CGT GAA GCG TAC CTG TCT TCT GAG GAA TTC AAA GAA AAG TTC GGC ATG ACC AAA GAA GCG TTC TAC AAA CTG CCG AAG TGG AAA CAG AAC AAA TTC GAA ATG GCT GTT CAG CTG TTC,0.5224094714857732
CCG GCT CAC CCG TAC GAC CGT CTG AAA ACC ACC TCT ACC GAT CCG GTT TCT GAC ATC GAC GTT ACC CGT CGT AAA GCG TAC CTC TCT TCC GAG GAG TTC AAG GAA AAA TTC GGT ATG ACC AAA GAA GCG TTC GGT AAA CTG CCG AAA TGG AAA CAG AAC AAA TTC AAA ATG GCG GTG CAG CTG TTC,0.5308023161026768
CCG GCG CAC CCG TAC GAC CGT CTG AAA ACC ACC TCT ACC GAT CCG GTT TCT GAC ATC GAC GTT ACC CGT CGT GAA GCG TAC CTG TCT TCT GAA GAG TTC AAG GAG AAG TTC GGT ATG ACC AAA GAG GCG TTC CCG AAG CTG CCG AAA TGG AAA CAG AAC AAA TTC CAG ATG GCT GTT CAG CTG TTC,-1.461622597542277
CCG GCG CAC CCA TAC GAC CGT CTG AAA ACC ACC TCT ACC AAC CCG GTT TCT GAT ATC GAC GTT ACC CGC CGT GAG GCG TAC CTG TCT TCT GAA GAA TTC AAG GAG AAG TTC GGT ATG ACC AAG GAA GCG TTT TAC AAA CTG CCG AAA TGG AAA CAG AAC AAA TTC AAA ATG GCG GTG CAG CTG TTC,1.3528217217736378
CCG GCT CAC CCG TAC GAC CGC CTG AAG ACC ACC TCT ACC GAC CCG GTT TCT GAC ATC GAC GTT ACC GAT CGC GAA GCG TAT CTG TCC TCC GAA GAG TTC AAA GAA AAA TTC GGC ATG ACC AAG GAA GCG TTT TAC AAG CTC CCG AAG TGG AAA CAG AAC AAA TTC AAC ATG GCG GTT CAG CTG TTC,0.4277571330047232
CCG GCT CAT CCG TAT GAT CGT CTG AAG ACC ACC TCT ACC GAC CCG GTT TCT GAC ATC GAC GTT ACC CGT CGT GAA GCG TAC CTG TCT TCC GAA GAG TTC AAG GAA AAA TTC GGT ATG ACC AAA GAA GCG TTC CGT AAA CTG CCG AAA TGG AAA CAG AAC AAA TTC GCG ATG GCG GTT CAG CTC TTT,0.4806258606137747
CCA GCG CAT CCG TAC GAC CGT CTC AAA ACC ACC TCT ACC GAC CCG GTT TCT GAT ATC GAC GTT ACC CGT CGT GAA GCG TAC CTC GCT TCC GAA TGC TTC AAG GAA AAG TTC GGT ATG ACC AAA GAA GCG TTC TAC AAA CTG CCG AAA TGG AAA CAG AAC AAA TTC AAA ATG GCG GTG CAG CTC TTT,0.8537346203424467
CCG GCT CAC CCG TAC GAC CGC CTG AAA ACC ACC TCT ACC GAT CCG GTT TCT GAC ATC GAC GTT ACC CGT CGT GCG GCG TAT CTG TCT TCT GAG GAA TTC AAA GAA AAG TTC GGC ATG ACC AAG GAA GCG TTC CAC AAA CTG CCG AAA TGG AAA CAG AAC AAG TTC AAA ATG GCG GTT CAG CTG TTC,0.4768323614897415
CCG GCT CAC CCG TAC GAC CGT CTG AAA ACC ACC TCT ACC GAC CCG GTT TCT GAC ATC GAC GTT ACC CGT CGT GAA GCG TAC CTC TCT TCC GAA GAG TTC AAA GAA AAA TTC GGC ATG ACC AAG GAA GCG TTC TTC AAG CTG CCG AAG TGG AAA CAG AAC AAG TTC GCG ATG GCG GTT CAG CTG TTC,0.8664372223721981
CCG GCG CAC CCG TAC GAC CGT CTG AAA ACC ACC TCT ACT GAC CCG GTT TCT GAC ATT GAC GTT ACC CGT CGT GAG GCG TAC CTG AAC TCT GAA CAG TTC AAA GAG AAA TTC GGC ATG ACT AAG GAA GCG TTC TAC AAA CTG CCG AAA TGG AAA CAG AAC AAA TTC AAA ATG GCT GTT CAA CTC TTC,0.5532487235842083
CCG GCG CAC CCG TGG GAC CGT CTG AAA ACT ACC TCT ACC GAC CCG GTT TCC GAC ATC GAC GTT ACT CGT CGT GAA GCG TAC CTG TCC TCT GAG GAA TTC AAA GAG AAG TTC GGT ATG ACC AAG GAG GCG TTC TAC AAA CTG CCG AAA TGG AAA CAG AAC AAG TTC AAA ATG GCG GTG CAG CTG TTC,0.9577696659386552
CCG GCG CAC CCG TAC GAC CGT CTG AAA ACC ACC TCT ACC GAC CCG GTT TCT GAC ATC GAC GTT ACC CAC CGT TCT GCG TAC CTG TCT TCC GAG GAA TTC AAA GAA AAG TTC GGC ATG ACC AAA GAA GCG TTC TAC AAA CTG CCG AAA TGG AAA CAG AAC AAG TTC AAA ATG GCG GTT CAA CTG TTT,0.7349032702170782
CCG GCT CAT CCG TAC GAC GGT CTG AAA ACC ACC TCT ACC ATG CCG GTT TCT GAC ATC GAC GTT ACC CGT CGT GAA GCT TAC CTG TCT TCT GAG GAA TTC AAA GAA AAG TTC GGC ATG ACC AAA GAA GCG TTC TAC AAA CTG CCG AAG TGG AAA CAG AAC AAG TTC AAA ATG GCG GTT CAG CTG TTC,0.6391500361687958
CCG TCT CAC CCG TAC GAC CGT CTG AAA ACC ACC TCT ACC GAC CCA GTG TCT GAC ATC GAC GTT ACC CGT CGT GAA GCG TAC CTG TCC TCT GAG GAA TTC AAA GAA AAA TTC GGC ATG ACC AAA GAA GCG TTC TAC AAA CTG CCG AAA TGG AAG CAG AAC AAG TTC AAA ATG GCG GTT CAG CTG TTC,1.7040211374853254
CCA GCG CAC CCG TAC GAT AAA CTG AAA ACC ACC TCT ACC AAC CCG GTT TCT GAC ATC GAC GTT ACC CGT CGT GAA GCG TAC CTG TCT TCT GAA GAG TTC AAA GAG AAG TTC GGT ATG ACC AAA GAA GCG TTC TAC AAG CTG CCG AAG TGG AAA CAG AAC AAA TTC AAA ATG GCG GTT CAG CTG TTC,0.8504064520126984
CCG GCG CAC CCG TAC GAC CGT CTG AAA ACC ACC TCT ACT CAG CCG GTT TCT GAC ATC GAC GTT ACT CGT CGC GAA GCG TAC CTG TCT TCT GAG GAG TTC AAG GAG AAA TTC GGT ATG ACC AAA GAG GCG TTC TAC AAA CTG CCG AAA TGG AAA CAG AAC AAA TTC AAA ATG GCT GTT CAG CTG TTC,0.7940933153689174
CCG GCG CAT CCG TAC GAC CGT CTG AAA ACC ACC TCT ACC GAC CCG GTT TCC GAC ATC GAC GTT ACC CGT CGT GAA GCG TAC CTC TCC TCC GAA GAG TTT AAG GAA AAA TTC GGC ATG ACC AAA GAA GCG TTC TAC AAA CTC CCG AAA TGG AAG CAG AAC AAA TTC AAA ATG GCG GTT CAG CTG TTC,1.3508557470217064
CCG GCT CAC CCA TAC GAC CGT CTG AAA ACC ACC TCT ACC GAC CCA GTT TCT GAC ATC GAC GTT ACC CGT CGT CGT GCG TAC CTG TCC TCC GAA GAA TTC AAG GAA AAA TTC GGT ATG ACC AAG GAA GCG TTT GAA AAA CTG CCG AAA TGG AAA CAG AAC AAG TTC AAA ATG GCG GTT CAG CTG TTC,0.6950646287912594
CCG GCG CAC CCG TAC GAC CGT CTG AAG ACC ACC TCT ACC GAC CCG GTT TCT GAC ATC GAC GTG ACT CGT CGC GAG GCG TAC CTG GTG TCT GAA ACC TTC AAA GAG AAA TTC GGT ATG ACC AAG GAG GCG TTC TAC AAA CTG CCG AAA TGG AAA CAG AAC AAA TTC AAA ATG GCG GTT CAG CTC TTC,0.2193552299424104
CCG GCG CAC CCG TAC GAC CGT CTG AAA ACC ACC TCT ACC GAC CCG GTT TCT GAC ATC GAC GTT ACC CGT CGT GAA GCG TAC CTG TCC TCT GAA GAG TTC AAA GAG AAA TTC GGC ATG ACC AAA GAA GCG TTT TAC AAA CTG CCG AAA TGG AAA CAG AAC AAG TTC AAG ATG GAC GTT CAG CTG TTC,1.1655949465145992
CCG GCG CAC CCG TAC GAC CGT CTG AAA ACC ACC TCT ACC GAT CCG GTT TCT GAC ATT GAC GTT ACC GTT CGT GAA GCG TAC CTG TCT TCT GAG GAA TTC AAG GAA AAA TTC GGC ATG ACC AAA GAA GCG TTC TCT AAA CTG CCG AAA TGG AAG CAG AAC AAA TTC AAA ATG GCG GTT CAG CTG TTC,0.6496326251004749
CCG GCT CAC CCG TAC GAC CGT CTG AAA ACC ACC TCT ACC GAC CCA GTT TCT GAC ATC GAC GTT ACC CGT CGT GAA GCG TAC CTC CGT TCT GAG AAA TTC AAA GAA AAA TTC GGC ATG ACC AAA GAA GCG TTC TAT AAA CTG CCG AAG TGG AAG CAG AAC AAG TTC AAA ATG GCG GTT CAG CTG TTC,0.3650288950615847
CCG GCG CAC CCA TAC GAC CGT CTG AAA ACC ACC TCT ACT GAC CCG GTT TCT GAT ATC GAC GTT ACC CGT CGT GAA GCG TAC CTG GAC TCT GAG ACT TTC AAG GAA AAA TTC GGT ATG ACC AAG GAG GCG TTC TAC AAA CTG CCG AAA TGG AAA CAG AAC AAA TTC AAA ATG GCG GTT CAG CTG TTC,0.9398564090740964
CCG GCT CAC CCG TAC GAC CGT CTG AAA ACC ACC TCT ACC GAC CCG GTT TCT GAC ATC GAC GTT ACC CTG CGT ATC GCG TAC CTG TCC TCC GAG GAA TTC AAA GAG AAA TTC GGT ATG ACC AAA GAA GCG TTT TAC AAA CTG CCG AAA TGG AAA CAG AAC AAG TTC AAA ATG GCG GTT CAG CTG TTC,0.9612877298386132
CCG GCG CAC CCA TAC GAT GCG CTG AAA ACC ACC TCT ACC AAC CCG GTT TCT GAC ATT GAC GTT ACC CGT CGC GAA GCG TAC CTC TCC TCT GAA GAG TTC AAA GAG AAG TTC GGC ATG ACC AAG GAG GCG TTC TAC AAA CTG CCG AAA TGG AAA CAG AAC AAA TTC AAA ATG GCG GTT CAG CTG TTC,0.8694066181192653
CCG GCG CAT CCG TAC GTT CGT CTG ATC ACC ACC TCT ACT GAC CCG GTT TCT GAC ATT GAC GTT ACT CGT CGC GAA GCG TAC CTG TCC TCT GAG GAG TTC AAA GAA AAA TTC GGT ATG ACC AAG GAG GCG TTC TAC AAA CTG CCG AAA TGG AAA CAG AAC AAA TTC AAA ATG GCG GTG CAG CTG TTT,0.5829021438360531
CCG GCG CAC CCG TAC GAC CGT CTG AAA ACC ACC TCT ACC GAC CCG GTT TCT GAC ATC GAC GTT ACC ATC CGT GAA GCG TAC CTG TCT TCC GAG GAG TTT AAG GAA AAG TTC GGT ATG ACC AAG GAG GCG TTC TAC AAA CTG CCG AAA TGG AAA CAG AAC AAA TTC TAC ATG GCT GTT CAG CTG TTT,0.7921841308011579
CCG GCT CAC CCG TAC GAC CGT CTG AAA ACC ACC TCT ACC GAC CCG GTT TCT GAC ATC GAC GTT ACC CGT CGT ACT GCG TAT CTG TCT TCT GAG GAG TTC AAA GAA AAG TTC GGT ATG ACC AAG GAG GCG TTC TAC AAA CTG CCG AAA TGG AAA CAG AAC AAA TTC CGT ATG GCG GTT CAG CTG TTC,0.693074306105987
CCA GCG CAT CCG TAC GAC GGT CTG AAA ACC ACC TCT ACC GCT CCG GTT TCT GAC ATC GAC GTT ACC CGT CGT GAA GCG TAC CTC TCC TCT GAG GAG TTC AAG GAG AAG TTC GGT ATG ACC AAA GAA GCG TTC TAC AAA CTG CCA AAG TGG AAA CAG AAC AAA TTC AAA ATG GCT GTT CAG CTG TTC,0.7117540452157264
CCG GCG CAC CCG TAC GAC CGC CTG AAA ACC ACC TCT ACC GAC CCG GTT TCC GAC TGG GAC GTT ACC CGT CGT GAG GCG TAC CTG TCT TCC GAG GAG TTC AAA GAA AAA TTC GGT ATG ACC AAG GAG GCG TTC TAC AAA CTG CCG AAA TGG AAA CAG AAC AAG TTC AAG ATG GCG GTG CAG CTG TTC,0.8865540439659187
CCG GCG CAC CCG TAC GAC CGT CTG AAA ACC ACC TCT ACC GAC CCG GTT TCT GAC ATC GAC GTT ACC ATG CGT GAA GCG TAC CTG TCC TCT GAG GAA TTC AAG GAG AAG TTC GGC ATG ACC AAA GAG GCG TTC TTC AAA CTG CCG AAA TGG AAA CAG AAC AAA TTC AAA ATG GCG GTT CAG CTG TTT,0.7921092308130988
CCA GCG CAC CCG TAC GAC CGT CTG AAA ACC ACC TCT ACC GAC CCG GTG TCT GAC ATC GAA GTT AAC CGT CGT GAA GCG TAC CTC TCT TCT GAA GAG TTC AAA GAG AAA TTC GGT ATG ACC AAA GAG GCG TTC TAC AAA CTG CCG AAA TGG AAA CAG AAC AAA TTC AAA ATG GCG GTT CAG CTG TTC,0.7220772700494333
CCG GCG CAC CCG TAC GAC GAA CTG AAA ACC ACC TCT ACC TGC CCG GTG TCT GAC ATC GAC GTT ACC CGT CGT GAA GCG TAC CTG TCT TCT GAA GAA TTC AAG GAA AAA TTC GGC ATG ACC AAA GAA GCG TTC TAC AAA CTG CCG AAA TGG AAA CAG AAC AAA TTC AAA ATG GCG GTG CAG CTC TTT,1.594058563280664
CCG GCG CAC CCG TAC GAC CGT CTG AAA ACC ACC TCT ACC GAT CCG GTT TCT GAC ATC GAC GTT ACC CGT CGT GAA GCG TAC CTG CAC TCT GAA GAC TTC AAA GAA AAA TTC GGC ATG ACC AAA GAA GCG TTC TAC AAA CTG CCG AAA TGG AAA CAG AAC AAG TTC AAG ATG GCG GTT CAG CTG TTC,0.5053489007711878
CCG GCG CAC CCG TAC GAC CGT CTG AAA ACC ACT TCT ACT GAC CCA GTT TCT GAC ATC GAC GTG ACC CGT CGC GAA GCG TAC CTG GGT TCT GAA GGC TTC AAA GAA AAG TTC GGT ATG ACC AAA GAA GCG TTC TAC AAA CTG CCG AAA TGG AAA CAG AAC AAA TTC AAA ATG GCG GTT CAG CTG TTC,0.2226482632373866
CCG GCG CAC CCG TAC GAC CGT CTG AAA ACT ACC TCT ACC GAC CCG GTT TCC GAC ATC GAC GTT ACT CGT CGT GAA GCG TAC CTG TCT TCC GAA GAG TTC AAA GAA AAG TTC GGT ATG ACC AAG GAA GCG TTC AAC AAA CTG CCG AAA TGG AAA CAG AAC AAA TTC ATG ATG GCG GTT CAG CTG TTT,0.7881386163172173
CCA GCT CAC CCG TAC GAC CGT CTG AAA ACC ACC TCT ACC GAC CCA GTG TCT GAT ATT GAC GTT ACC CGT CGT GAA GCT TAC CTG TCT TCT GAA GAA TTC AAG GAA AAG TTC GGC ATG ACC AAA GAA GCG TTC ATC AAA CTG CCG AAG TGG AAG CAG AAC AAA TTC CGT ATG GCT GTT CAG CTG TTC,0.6951495423691667
CCA GCG CAC CCG TAC GAC CGT CTG AAA ACC ACC TCT ACC GAC CCG GTT TCT GAC ATC GAC GTT ACC TTC CGT ATC GCG TAC CTG TCT TCT GAA GAG TTC AAG GAA AAA TTC GGC ATG ACC AAA GAA GCG TTC TAT AAG CTG CCG AAA TGG AAA CAG AAC AAA TTC AAA ATG GCG GTT CAG CTG TTC,1.0213932885825572
CCG GCG CAC CCG TAC GAC CGT CTG AAA ACT ACC TCT ACC GAC CCG GTT TCT GAC ATT GAC GTT ACC CGT CGT GAA GCG TAC CTG CAG TCT GAG CAC TTC AAA GAA AAA TTC GGT ATG ACC AAG GAA GCG TTC TAC AAA CTG CCG AAA TGG AAA CAG AAC AAA TTC AAA ATG GCG GTG CAG CTC TTT,0.584416240968662
CCG GCG CAC CCG TAC TGG CGT CTG CAC ACC ACC TCT ACC GAC CCG GTT TCT GAC ATC GAC GTT ACC CGT CGT GAA GCG TAC CTG TCT TCC GAG GAA TTC AAA GAA AAG TTC GGC ATG ACC AAG GAA GCT TTC TAC AAA CTG CCG AAA TGG AAA CAG AAC AAG TTC AAG ATG GCT GTT CAG CTG TTC,0.7501347603737996
CCG GCG CAC CCG TAC GAC CGT CTG AAA ACC ACC TCT ACC GAC CCG GTT TCT GAC ATC GAC GTT ACC CGT CGT GAA GCG TAC TTT TCC TCC GAA GAA TTC AAG GAG AAA TTC GGC ATG ACC AAA GAA GCG TTC TAC AAA CTG CCG AAA TGG AAG CAG AAC AAA TTC AAA ATG GCT GTT CAG CTG TTC,1.0073937574282228
CCG GCG CAT CCG TAC GAC GAA CTG AAA ACC ACC TCT ACT CCG CCG GTT TCT GAC ATC GAC GTT ACC CGT CGT GAA GCT TAC CTG TCC TCC GAA GAA TTC AAG GAA AAA TTC GGT ATG ACC AAG GAA GCG TTC TAC AAG CTG CCG AAA TGG AAA CAG AAC AAA TTC AAA ATG GCG GTT CAG CTG TTC,0.8013509651877742
CCG GCG CAC CCG TAC GAC CGT CTG AAA ACC ACC TCT ACC GAT CCG GTT TCT GAC ATC GAC GTT ACC ATG CGT GAG GCG TAC CTC TCT TCT GAG GAG TTC AAA GAA AAG TTT GGC ATG ACC AAG GAA GCG TTT TAC AAA CTG CCG AAA TGG AAA CAG AAC AAA TTC ATC ATG GCG GTT CAG CTG TTC,0.942358530850058
CCG GCG CAT CCA TAC GAC AAC CTG AAA ACC ACC TCT ACC GCG CCA GTT TCT GAC ATT GAC GTT ACC CGT CGT GAA GCG TAC CTG TCT TCC GAA GAG TTC AAA GAA AAG TTC GGC ATG ACT AAG GAA GCG TTT TAC AAA CTG CCG AAA TGG AAA CAG AAC AAA TTC AAA ATG GCG GTG CAG CTG TTC,0.7925150226185946
CCA GCT CAT CCA TAC GAC CGT CTG AAA ACC ACC TCT ACC GAC CCG GTT TCT GAC ATC GAC GTT ACC CGT CGT CAC GCG TAC CTG TCC TCC GAA GAG TTC AAA GAA AAA TTC GGC ATG ACC AAA GAG GCG TTC TAC AAA CTG CCG AAA TGG AAA CAG AAC AAA TTC CCG ATG GCG GTT CAG CTG TTC,0.3869675303799673
CCG GCG CAC CCG TAC GAC CGT CTG AAA ACC ACC TCT ACC GAC CCG GTT TCT GAC ATC GCG GTT ATC CGT CGT GAA GCG TAC CTG TCT TCT GAG GAG TTT AAA GAG AAG TTC GGC ATG ACC AAA GAG GCG TTT TAC AAA CTG CCG AAA TGG AAA CAG AAC AAG TTC AAA ATG GCG GTG CAG CTG TTC,0.7378825719662256
CCG GCG CAT CCG TAC GAC CGT CTG AAA ACC ACC TCT ACC GAC CCG GTT TCT GAC ATC CAC GTT TGC CGT CGT GAA GCG TAC CTC TCT TCT GAG GAG TTC AAA GAG AAA TTC GGT ATG ACC AAG GAA GCG TTC TAC AAA CTG CCG AAA TGG AAA CAG AAC AAA TTC AAA ATG GCG GTG CAG CTG TTC,1.1957549631430584
CCG GCG CAC CCG TAC GAC CGT CTG AAA ACC ACC TCT ACC GAC CCG GTT TCT GAC ATC GAC GTT ACC GTT CGT GAA GCG TAC CTG TCT TCC GAA GAA TTC AAA GAA AAA TTC GGC ATG ACC AAA GAA GCG TTC GTT AAA CTG CCG AAA TGG AAA CAG AAC AAG TTC AAA ATG GCG GTT CAG CTG TTC,0.6315270935204611
CCG GCT CAC CCG TAC GAC CGT CTG AAA ACC ACC TCT ACC GAC CCG GTT TCT GAC ATC GAC GTT ACC TTC CGT GAA GCT TAC CTG TCC TCC GAA GAG TTC AAA GAA AAA TTC GGT ATG ACC AAG GAA GCG TTC TAC AAG CTG CCG AAA TGG AAA CAG AAC AAA TTC ATG ATG GCG GTT CAG CTG TTC,1.0197499169314694
CCG GCT CAC CCA TAC GAC CGT CTG AAA ACT ACC TCT ACC GAC CCG GTT TCT GAT ATC GAC GTT ACC CGT CGT CGT GCG TAC CTG TCT TCT GAG GAG TTC AAA GAA AAA TTC GGC ATG ACC AAA GAG GCG TTC ACC AAA CTG CCG AAA TGG AAA CAG AAC AAA TTC AAA ATG GCG GTG CAA CTC TTC,0.4305213249679672
CCG GCT CAC CCG TAC GAC CGT CTG AAA ACC ACC TCT ACT GAC CCG GTT TCT GAC ATC GAC GTG ACC CGT CGT GAA GCG TAC CTG CTC TCT GAA TCC TTC AAG GAA AAG TTC GGT ATG ACC AAG GAA GCG TTC TAC AAG CTG CCG AAA TGG AAA CAG AAC AAA TTC AAA ATG GCG GTT CAG CTG TTC,0.4220923593543505
CCG GCG CAC CCG TAC GAC CGT CTG AAG ACC ACC TCT ACC GAC CCG GTT TCT GAC ATC AAA GTT TGC CGT CGT GAA GCG TAC CTG TCT TCC GAG GAA TTC AAG GAA AAG TTC GGT ATG ACC AAA GAG GCG TTT TAC AAA CTG CCG AAA TGG AAA CAG AAC AAA TTC AAA ATG GCG GTG CAA CTG TTC,0.7963172172925062
CCA GCT CAC CCG TAC GAC CGT CTG AAG ACT ACC TCT ACC GAT CCG GTT TCT GAC ATC GAC GTT ACC CGT CGT GAA GCG TAC CTC TCC TCC GAG GAA ATC AAA GAG AAG TTC GGT ATG ACC AAA GAG GCG TTC TAC AAA CTG CCG AAG TGG AAA CAG AAC AAG TTC AAA ATG GCG GTG CAG CTG TTC,0.2903410156278131
CCA GCG CAC CCG TAC TAC CGT CTG CTG ACC ACC TCT ACC GAT CCG GTT TCC GAC ATT GAC GTT ACC CGC CGT GAA GCG TAC CTG TCT TCC GAA GAG TTC AAG GAA AAA TTC GGT ATG ACC AAG GAG GCG TTC TAC AAA CTG CCG AAA TGG AAA CAG AAC AAA TTC AAA ATG GCG GTT CAG CTG TTC,0.567353792170899
CCG TAC CAC CCG TAC GAC CGT CTG AAA ACC ACC TCT ACC GAC CCG GTT TCT GAT ATT GAC GTT ACC CGT CGT GAA GCG TAC CTG TCC TCC GAA GAA TTC AAG GAG AAA TTC GGC ATG ACC AAG GAA GCG TTC TAC AAA CTG CCG AAG TGG AAA CAG AAC AAA TTC AAA ATG GCG GTT CAG CTG TTC,2.3830333806692945
CCG GCG CAT CCG TAC GAT CGC CTG AAA ACC ACC TCT ACC GAC CCG GTT TCT GAC ATC GCG GTT CCG CGT CGT GAG GCG TAC CTG TCT TCT GAG GAG TTC AAA GAG AAA TTC GGT ATG ACC AAG GAA GCG TTC TAC AAG CTG CCG AAA TGG AAA CAG AAC AAA TTC AAA ATG GCT GTT CAG CTG TTC,0.6786099624502762
CCG GCG CAC CCG TAC GAC CGT CTG AAA ACC ACC TCT ACC GAC CCG GTT TCT GAC ATC GAC GTT ACC TGG CGT GAA GCG TAC CTG TCT TCC GAG GAA TTC AAG GAA AAA TTC GGC ATG ACC AAA GAA GCG TTC TCC AAA CTC CCG AAA TGG AAA CAG AAC AAG TTC AAA ATG GCG GTT CAG CTG TTC,0.7631974788611959
CCG GCG CAC CCG TAC GAC CGT CTG AAA ACC ACC TCT ACC GAC CCG GTT TCT GAC ATC GAC GTT ACC CGT CGT GAA GCG TAC CTG TCC TCT GAA GAA TTC AAG GAA AAG TTC GGC ATG ACC AAG GAA GCG TTC TAT AAA CTG CCG AAA TGG AAA CAA AAC AAG TTC AAA ATG TGC GTT CAG CTG TTC,1.606238031155505
CCG GCG CAC CCG TAC GAC CGT CTG AAA ACC ACC TCT ACC GAC CCG GTT TCT GAC ATC GAC GTT ACC CGT CGT AAA GCG TAC CTG TCT TCC GAG GAG TTC AAA GAG AAA TTC GGT ATG ACC AAA GAA GCG TTC CTG AAG CTG CCG AAA TGG AAA CAG AAC AAA TTC AAA ATG GCG GTT CAG CTG TTC,0.6391183139888372
CCG GCG CAC CCG TAC GAC CGT CTG AAA ACC ACC TCT ACC GAC CCG GTT TCT GAC ATC GAC GTT ACC CTG CGC GTT GCG TAC CTG TCT TCT GAG GAA TTC AAG GAA AAG TTC GGC ATG ACC AAG GAG GCT TTC TAC AAA CTG CCG AAA TGG AAA CAG AAC AAA TTC AAA ATG GCG GTT CAG CTC TTC,0.8558415896659165
CCA GCT CAC CCG TAC TGC CGT CTG ATC ACC ACC TCT ACC GAC CCA GTT TCT GAC ATT GAC GTT ACC CGT CGT GAG GCG TAC CTG TCT TCT GAA GAA TTC AAG GAA AAG TTC GGC ATG ACT AAG GAA GCG TTC TAC AAA CTG CCG AAA TGG AAA CAG AAC AAA TTC AAA ATG GCT GTT CAG CTG TTC,1.547036618382787
CCG GCG CAC CCG TAC GAC CGT CTG AAA ACC ACC TCT ACT GAC CCG GTT TCC GAC ATC GAC GTT ACC GTT CGT ATC GCG TAC CTC TCT TCT GAA GAG TTC AAA GAA AAA TTC GGT ATG ACC AAA GAG GCG TTC TAC AAA CTC CCG AAA TGG AAA CAG AAC AAA TTC AAG ATG GCG GTT CAG CTG TTC,0.9375824033853104
CCG GCG CAC CCG TAC GAC CGT CTG AAA ACC ACC TCT ACC GAC CCG GTT TCT GAC ATC GAC GTT ACC CGT CGT AAC GCG TAC CTC TCC TCT GAA GAA TTC AAG GAA AAA TTC GGC ATG ACC AAG GAA GCG TTT TAC AAA CTG CCG AAG TGG AAA CAG AAC AAA TTC ATC ATG GCT GTT CAG CTG TTC,1.0172321259959132
CCG GCG CAC CCG TAC GAC CGT CTC AAA ACC ACC TCT ACC GAC CCG GTT TCT GAC ATC CAG GTT TAT CGT CGT GAA GCG TAC CTC TCC TCT GAG GAG TTC AAA GAA AAA TTC GGC ATG ACC AAA GAG GCG TTC TAC AAA CTG CCG AAA TGG AAG CAA AAC AAA TTC AAA ATG GCG GTT CAG CTG TTC,0.1984403841140099
CCG GCT CAC CCG TAC GAC CGT CTG AAA ACC ACC TCT ACC GAC CCG GTT TCT GAC ATC GAC GTT ACC TCT CGT GAA GCG TAC CTG TCC TCT GAG GAG TTC AAA GAA AAG TTC GGT ATG ACC AAA GAG GCT TTC CAC AAA CTG CCG AAA TGG AAA CAG AAC AAA TTC AAA ATG GCG GTT CAG CTG TTC,0.6718896899556989
CCG GCT CAT CCG TAC GAC CGT CTG AAA ACC ACC TCT ACC GAC CCG GTT TCT GAC ATC GAC GTT ACC ATG CGT GAA GCT TAC CTG TCC TCT GAG GAA TTC AAG GAA AAG TTC GGT ATG ACC AAG GAA GCG TTC TAC AAA CTG CCG AAA TGG AAA CAG AAC AAA TTC GCG ATG GCG GTT CAA CTG TTC,0.7654661067000663
CCA GCT CAC CCG TAC GAC CGT CTC AAA ACC ACC TCT ACT GAC CCA GTT TCT GAT ATC GAC GTT ACC TAT CGT GAA GCG TAC CTG TCT TCT GAG GAA TTC AAG GAG AAA TTC GGC ATG ACC AAA GAA GCT TTT GCG AAA CTG CCG AAG TGG AAG CAG AAC AAA TTC AAA ATG GCG GTT CAG CTG TTC,0.5378738902685207
CCG GCG CAC CCG TAC GAC CGT CTG AAA ACT ACC TCT ACC GAC CCA GTT TCT GAC ATC GAC GTT ACC CAC CGT GAA GCG TAC CTG TCT TCC GAG GAA TTC AAA GAG AAG TTC GGC ATG ACC AAG GAA GCG TTC TAC AAA CTG CCG AAA TGG AAA CAG AAC AAA TTC AAC ATG GCG GTT CAG CTG TTC,0.3384357527082258
CCG GCG CAC CCG TAC GAC GAA CTG AAA ACC ACC TCT ACC TAT CCG GTT TCT GAC ATC GAC GTT ACC CGT CGT GAA GCG TAC CTG TCT TCC GAA GAA TTC AAG GAA AAA TTC GGC ATG ACC AAG GAA GCG TTC TAC AAA CTG CCG AAA TGG AAA CAG AAC AAA TTC AAA ATG GCG GTT CAG CTG TTC,0.7801119888344956
CCG GCG CAC CCA TAC GAC CGT CTG AAA ACC ACC TCT ACT GAC CCG GTT TCT GAC ATC ATG GTT GAC CGT CGC GAA GCG TAC CTC TCC TCT GAG GAA TTC AAA GAG AAG TTC GGC ATG ACC AAA GAA GCG TTC TAC AAA CTG CCG AAA TGG AAA CAG AAC AAA TTC AAG ATG GCG GTG CAA CTG TTC,0.7897459308865076
CCA GCG CAC CCG TAC GAC CGT CTG AAA ACC ACC TCT ACC GAC CCG GTT TCT GAC ATC TAC GTT TAC CGT CGT GAA GCG TAC CTG TCT TCC GAA GAA TTC AAG GAG AAG TTC GGT ATG ACC AAG GAA GCG TTC TAC AAA CTG CCG AAA TGG AAA CAG AAC AAA TTC AAA ATG GCG GTT CAG CTG TTC,0.0264618298971464
CCG GCT CAC CCG TAC GAC CGT CTG AAA ACC ACC TCT ACC GAC CCA GTT TCT GAC ATC CAC GTT GTT CGT CGT GAG GCG TAC CTG TCT TCC GAG GAG TTC AAA GAA AAA TTC GGT ATG ACC AAA GAG GCG TTC TAC AAA CTG CCG AAG TGG AAA CAG AAC AAA TTC AAA ATG GCG GTT CAG CTG TTC,0.7720938029660618
CCG GCG CAC CCG TAC GAC CGT CTG AAA ACC ACC TCT ACC GAC CCG GTT TCT GAC ATC GAC GTT ACC ACT CGT GAG GCG TAC CTG TCC TCT GAG GAG TTT AAA GAG AAA TTC GGC ATG ACC AAG GAA GCG TTT TTC AAA CTG CCG AAA TGG AAA CAG AAC AAA TTC AAG ATG GCG GTT CAG CTG TTC,0.6904979603937524
CCG GCG CAC CCG TAC GAC CGT CTG AAA ACC ACC TCT ACC GAC CCG GTT TCC GAC ATC GAC GTT ACC ATC CGT GAA GCG TAC CTC TCT TCT GAA GAG TTC AAG GAG AAG TTC GGC ATG ACC AAG GAG GCT TTT TAC AAG CTG CCG AAA TGG AAA CAG AAC AAA TTC CTG ATG GCG GTT CAG CTG TTC,0.8774453346036875
CCG GCG CAC CCG TAC GAC CGT CTG AAA ACC ACT TCT ACC GTT CCG GTT TCT GAC ATC GAC GTT ACC CGT CGT GAA GCG TAC CTC TCT TCC GAG GAA TTC AAA GAG AAG TTC GGT ATG ACC AAA GAG GCG TTC TAC AAA CTG CCG AAA TGG AAA CAG AAC AAG TTC AAG ATG GCG GTG CAA CTC TTC,0.638741868776857
CCG GCG CAC CCG TAC GAC CGT CTG AAA ACT ACC TCT ACC GAC CCG GTT TCT GAT ATC GAC GTT ACC CGT CGT GCG GCG TAC CTC TCC TCT GAA GAA TTC AAG GAA AAA TTC GGT ATG ACC AAG GAG GCG TTC TAC AAA CTG CCG AAA TGG AAA CAG AAC AAA TTC TAC ATG GCG GTT CAG CTG TTC,1.048256892283993
CCG GCT CAC CCG TAC GAC TGG CTG AAA ACC ACT TCT ACC AAA CCA GTT TCT GAC ATC GAC GTT ACC CGT CGT GAA GCG TAC CTG TCT TCT GAA GAA TTC AAG GAG AAG TTC GGC ATG ACC AAA GAA GCG TTC TAC AAG CTG CCG AAA TGG AAA CAA AAC AAA TTC AAA ATG GCG GTT CAG CTG TTC,0.8071627889244132
CCG GCG CAC CCG TAC GAC CGT CTG AAA ACC ACC TCT ACC GAC CCG GTT TCT GAC ATC GAC GTT ACC CGT CGT GAA GCG TAC CTG TCT TCT GAG GAG TTC AAA GAG AAG TTC GGC ATG ACC AAA GAA GCG TTT TAC AAA CTC CCG AAG TGG AAA CAG AAC AAA TTC AAA ATG GCG GTG CAG TGC TTC,1.3626412401371506
CCG GCG CAT CCG TAC GAA CGT CTG TGG ACC ACC TCT ACC GAT CCG GTT TCT GAT ATC GAC GTG ACT CGT CGT GAA GCG TAC CTG TCC TCT GAG GAA TTC AAG GAA AAG TTC GGT ATG ACC AAG GAA GCG TTC TAC AAA CTG CCG AAA TGG AAA CAG AAC AAA TTC AAA ATG GCG GTT CAG CTG TTC,0.5518048549517938
CCG GCG CAC CCG TAC GAC CGT CTG AAA ACC ACC TCT ACC GAC CCG GTT TCT GAC ATC GAC GTT ACC CAG CGT CAC GCG TAC CTC TCT TCT GAG GAA TTC AAA GAA AAG TTC GGC ATG ACC AAG GAA GCG TTC TAC AAA CTG CCG AAA TGG AAA CAG AAC AAA TTC AAG ATG GCG GTT CAG CTG TTC,0.6834998421741149
CCG GCG CAC CCG TAC GAC CGT CTG AAA ACC ACC TCT ACT GAC CCG GTT TCT GAC ATC GAC GTT ACC GAC CGT GAA GCG TAC CTG TCC TCT GAA GAG TTC AAA GAG AAG TTC GGC ATG ACT AAA GAG GCG TTC TCT AAG CTG CCG AAA TGG AAA CAG AAC AAA TTC AAA ATG GCG GTT CAG CTC TTC,0.4904364324356797
CCG GCG CAC CCG TAC GAC GGT CTG AAA ACC ACC TCT ACC GGT CCG GTT TCT GAC ATC GAC GTT ACC CGT CGT GAA GCG TAC CTC TCT TCT GAA GAG TTC AAG GAA AAA TTC GGT ATG ACC AAG GAA GCG TTC TAC AAA CTG CCG AAA TGG AAA CAG AAC AAA TTC AAA ATG GCG GTT CAG CTG TTC,0.8009531484242614
CCA GCT CAC CCG TAC GAT TCT CTG AAA ACC ACC TCT ACC CAG CCA GTT TCT GAC ATC GAC GTT ACC CGT CGT GAA GCT TAC CTG TCT TCT GAA GAG TTC AAA GAA AAG TTC GGC ATG ACC AAA GAG GCG TTT TAC AAA CTG CCG AAA TGG AAG CAG AAC AAA TTC AAA ATG GCG GTT CAG CTG TTC,0.8938280634585729
CCA GCT CAC CCG TAC GAC CGT CTG AAA ACC ACC TCT ACC GAT CCG GTT TCT GAC ATC CCG GTT TTC CGT CGT GAA GCG TAC CTG TCC TCC GAG GAG TTC AAA GAG AAA TTC GGT ATG ACC AAA GAA GCG TTC TAC AAA CTG CCG AAA TGG AAG CAG AAC AAA TTC AAA ATG GCG GTT CAG CTG TTC,0.820992645618945
CCA GCG CAC CCG TAC GAC CGT CTG AAA ACC ACC TCT ACT GAT CCG GTT TCT GAC ATC GAC GTT ACC CGC CGT TTC GCG TAC CTG TCT TCT GAG GAG TTC AAA GAG AAA TTC GGT ATG ACC AAG GAA GCG TTC TAC AAA CTG CCG AAA TGG AAA CAG AAC AAG TTC TTC ATG GCT GTT CAG CTG TTC,0.8649304344048422
CCG GCG CAT CCG TAC GAC GAA CTG AAA ACC ACC TCT ACC GAA CCA GTG TCT GAC ATC GAC GTT ACC CGT CGT GAA GCG TAC CTG TCT TCC GAG GAA TTC AAG GAA AAA TTC GGC ATG ACC AAA GAG GCG TTC TAC AAA CTG CCG AAA TGG AAA CAG AAC AAA TTC AAA ATG GCG GTT CAG CTG TTC,0.910037756407462
CCG GCT CAT CCG TAC GAC CGT CTG AAA ACC ACC TCT ACC GAC CCG GTG TCT GAC ATC GAC TTC ACC CGT CGT GAG GCG TAC CTG TCC TCC GAA GAG TTC AAA GAG AAA TTC GGC ATG ACC AAA GAA GCG TTC TAC AAG CTG CCG AAA TGG AAG CAG AAC AAA TTC AAA ATG GCG GTT CAG CTC TTC,1.0843369571132673
CCG GCG CAT AAC TAC GAC CGT CTG AAA ACC ACC TCT ACC GAC CCA GTT TCT GAC ATC GAC GTT ACC CGT CGT GAA GCG TAC CTG TCC TCC GAG GAG TTC AAA GAG AAA TTC GGT ATG ACC AAG GAA GCG TTC TAC AAA CTC CCG AAA TGG AAG CAG AAC AAA TTC AAA ATG GCT GTT CAG CTG TTC,0.8873810290221339
CCG GCG CAC CCG TAC GAC CGT CTG AAA ACC ACC TCT ACT GAC CCG GTT TCT GAC ATC GAC GTT ACC GAC CGT GAA GCG TAC CTG TCC TCC GAA GAG TTC AAA GAG AAA TTC GGT ATG ACC AAA GAA GCG TTC TAC AAA CTG CCG AAA TGG AAG CAG AAC AAA TTC GCT ATG GCT GTT CAG CTC TTC,0.5617684539450015
CCA GCG CAC CCG TAC GAC CGT CTC AAA ACC ACC TCT CGT GAC CCG GTT TCT GAC ATC GAC GTT ACC CGC CGT GAA GCG TAC CTG TCC TCT GAG GAA TTC AAG GAA AAA TTC GGT ATG ACC AAG GAG GCG TTC TAC AAA CTG CCG AAG TGG AAA CAG AAC AAG TTC AAA ATG GCG GTT CAG CTG TTC,1.1152292371094783
CCG GCG CAC CCG TAC GAC CGT CTG AAA ACC ACC TCT ACC GAC CCG GTT TCT GAC ATC GAC GTT ACC CGT CGT GAA GCG TAC CTC TCC TCT GAA GAG TTC AAA GAA AAA TTC GGC ATG ACC AAG GAA GCG TTC TAC AAA CTG CCA AAA TGG AAA CAG AAC AAG CTG AAA ATG GCG GTG CAG CTG TTC,1.812261408980572
CCG GCG CAC CCG TAC GAC CGT CTG AAA ACC ACC TCT ACC GAC CCG GTT TCT GAC ATC GAC GTT ACC CAC CGT GAA GCG TAC CTG TCC TCC GAA GAA TTC AAG GAA AAA TTC GGT ATG ACC AAG GAG GCG TTC GCT AAA CTG CCG AAA TGG AAA CAA AAC AAG TTC AAA ATG GCG GTT CAG CTG TTC,0.803233412392278
CCG GCG CAC CCG TAC GAC CGT CTG AAA ACC ACC TCT ACC GAT CCG GTT TCT GAC ATC GAC GTT ACC ACC CGT TAC GCT TAT CTG TCT TCT GAG GAG TTC AAG GAA AAG TTC GGT ATG ACC AAG GAA GCG TTC TAC AAA CTG CCG AAA TGG AAA CAG AAC AAA TTC AAA ATG GCG GTT CAG CTG TTC,0.6249368037211804
CCG GCG CAC CCG TAC GAC CGT CTG AAA ACC ACC TCT ACC GAC CCG GTT TCT GAC ATC GAC GTT ACC CGT CGT GAA GCT TAC CTG TCT TCC GAA GAA TTC AAA GAA AAA TTC GGC ATG ACC AAA GAG GCG TTC GTT AAA CTG CCG AAA TGG AAA CAG AAC AAA TTC ACC ATG GCG GTT CAG CTG TTC,0.2911765862541462
CCG GCG CAC CCG TAC GAC CGT CTG AAA ACC ACC TCT ACC GAC CCA GTT TCT GAC ATC GAC GTT ACC CAC CGT GAA GCG TAC CTG TCT TCC GAG GAG TTC AAA GAA AAA TTC GGC ATG ACC AAA GAA GCG TTC ATC AAA CTG CCG AAG TGG AAA CAG AAC AAA TTC AAA ATG GCG GTT CAG CTG TTC,0.5767039954012941
CCG GCG CAC CCG TAC GAC CGT CTG AAA ACC ACC TCT ACC GAT CCG GTT TCT GAT ATC GAC GTT ACC CGT CGT GAA GCG TAC CTG TCT TCC GAA GAG TTC AAA GAA AAG TTC GGT ATG ACC AAG GAG GCG TTC TAC AAA CTG CCG AAA TGG AAG CAG ATG AAA TTC AAA ATG GCG GTT CAA CTC TTT,1.2890244905859731
CCA GCG CAC CCG TAC GAC CGT CTG AAA ACC ACC TCT ACC GAC CCA GTT TCT GAC ATC GAC GTT ACC GAA CGT GAA GCG TAC CTG TCC TCT GAG GAA TTC AAG GAG AAA TTC GGT ATG ACC AAA GAA GCG TTC TAC AAG CTG CCG AAA TGG AAA CAG AAC AAA TTC CGT ATG GCG GTT CAG CTG TTC,0.8565307926635009
CCG GCG CAC CCG TAC GAC CGT CTG AAA ACT ACC TCT ACC GAC CCG GTT TCT GAC ATC GAC GTT ACC CGT CGT GAA GCG TAC CTG TCC TCC GAG GAA TTC AAG GAA AAA TTC GGT ATG ACC AAA GAG GCG TTC ATC AAA CTG CCG AAA TGG AAA CAG AAC AAG TTC GGC ATG GCT GTT CAG CTG TTC,0.0478992535034508
CCG GCG CAC CCG TAC GAC CGT CTG AAA ACC ACC TCT ACC GAT CCG GTT TCT GAC ATC GAC GTT ACC CGT CGT ATC GCG TAC CTG TCC TCC GAG GAA TTC AAA GAA AAG TTC GGT ATG ACC AAA GAA GCG TTC AAC AAG CTG CCG AAA TGG AAA CAA AAC AAA TTC AAG ATG GCT GTT CAG CTG TTC,0.8079435926025891
CCG GCG CAC CCG TAC GAC ATG CTG AAA ACT ACC TCT ACC CGT CCA GTT TCT GAC ATC GAC GTT ACT CGT CGC GAG GCG TAC CTG TCC TCT GAA GAG TTC AAA GAA AAG TTC GGT ATG ACC AAG GAG GCG TTC TAC AAA CTG CCG AAA TGG AAA CAG AAC AAA TTC AAA ATG GCG GTT CAG CTG TTC,0.5740708786482822
CCG GCG CAC CCG TAC GAC CGT CTG AAA ACC ACC TCT ACT GAC CCG GTT TCT GAC ATC GAC GTT ACT CGT CGC GAA GCG TAC CTG TCT TCT GAA GAG TTC AAG GAA AAG TTC GGT ATG ACC AAA GAG GCG TTC AAC AAA CTG CCG AAA TGG AAA CAG AAC AAA TTC CGT ATG GCG GTT CAG CTC TTC,0.7591413304213441
CCG GCG CAC CCG TAC GAC CGT CTG AAA ACC ACC TCT ACC GAC CCG GTT TCT GAC ATC GAC GTT ACC CGT CGT GAA GCG TAC CGC TCC TCC GAA GAA TTC AAG GAG AAA TTC GGT ATG ACC AAA GAG GCG TTC TAC AAG CTC CCG AAA TGG AAG CAG AAC AAG TTC AAA ATG GCT GTT CAG CTG TTC,0.3554919566666964
CCG GCG CAC CCG TAC GAC CGT CTG AAA ACC ACC TCT ACC GAC CCG GTT TCT GAC ATC GAC GTT ACC CGT CGT GAA GCG TAC CTG TCC TCC GAG GAA TTC AAG GAG AAA TTC GGT ATG ACC AAA GAG GCT TTT GTG AAG CTG CCG AAA TGG AAA CAG AAC AAA TTC ATG ATG GCG GTT CAG CTG TTC,0.7056590103728767
CCG GCG CAC CCG TAC GAC CGT CTG AAA ACC ACC TCT ACC GAC CCA GTT TCT GAC ATC GAC GTT ACC CGT CGT GAA GCG TAC CTG GAC TCT GAA TCC TTC AAA GAG AAG TTC GGC ATG ACC AAA GAA GCG TTC TAC AAA CTG CCG AAG TGG AAA CAG AAC AAA TTC AAA ATG GCG GTT CAG CTG TTC,0.7485975707231916
CCG GCT CAC CCG TAC GAC CGT CTG AAA ACC ACC TCT ACC GAC CCG GTT TCT GAC ATC GAC GTT ACC CGT CGT GAA GCG TAC CTG CAC TCT GAA TCC TTC AAA GAA AAA TTC GGC ATG ACC AAG GAG GCG TTC TAC AAA CTC CCG AAA TGG AAA CAG AAC AAG TTC AAA ATG GCG GTT CAG CTG TTC,0.463039893210532
CCG GCT CAC CCA TAC GAC CGT CTG AAA ACC ACC TCT ACC GAC CCG GTT TCT GAC ATC GAC GTT ACC CGT CGT GAA GCG TAC CTG TCC TCT GAG GAG TTC AAG GAG AAG TTC GGT ATG ACC AAA GAG GCG TTT GGT AAG CTG CCG AAA TGG AAA CAG AAC AAA TTC GGC ATG GCG GTT CAG CTC TTC,-0.0146540612638885
CCG GCG CAC CCG TAC GAC CGT CTG AAA ACC ACC TCT ACC TGC CCG GTT TCT GAC ATC GAC GTT ACC CGT CGT GAA GCG TAT CTC TCT TCT GAA GAG TTC AAG GAA AAG TTC GGT ATG ACC AAA GAA GCG TTC TAC AAA CTG CCG AAA TGG AAA CAG AAC AAA TTC AAA ATG GCG GTG CAG CTG TTC,1.292642444984789
CCG GCG CAC CCG TAC TTC CGT CTG GTT ACC ACC TCT ACT GAC CCG GTT TCT GAC ATT GAC GTT ACC CGT CGT GAA GCG TAC CTG TCC TCT GAG GAG TTC AAG GAA AAG TTC GGC ATG ACC AAA GAA GCT TTT TAC AAA CTG CCG AAA TGG AAA CAG AAC AAA TTC AAA ATG GCT GTT CAG CTG TTC,0.7959970191530349
CCG GCT CAT CCG TAC GAC CGT CTG AAA ACC ACC TCT ACC GAC CCG GTT TCT GAT ATC GAC GTT ACC CGT CGT TGG GCG TAC CTG TCT TCT GAA GAA TTC AAG GAA AAG TTC GGC ATG ACC AAA GAG GCG TTC GGT AAG CTG CCG AAA TGG AAA CAG AAC AAA TTC AAA ATG GCG GTT CAG CTG TTC,0.5451163799357868
CCG GCG GAC CCG TAC GAC CGT CTG AAA ACC ACC TCT ACT GAC CCG GTT TCT GAC ATT GAC GTT ACC CGT CGT GAA GCG TAC CTG TCT TCC GAG GAG TTC AAG GAA AAA TTC GGC ATG ACT AAG GAA GCG TTT TAC AAA CTG CCG AAA TGG AAA CAG AAC AAA TTC AAG ATG GCT GTT CAG CTC TTC,0.6730767788285368
CCA GCG CAC CCG TAC GAC CGT CTG AAA ACC ACC TCT ACC GAC CCG GTT TCT GAC ATC GAC GTT ACC CGT CGC GGT GCG TAT CTG TCT TCC GAA GAA TTC AAG GAA AAG TTC GGT ATG ACC AAG GAA GCG TTC TAC AAA CTG CCG AAA TGG AAA CAG AAC AAA TTC CGT ATG GCG GTT CAG CTG TTC,0.6968198919902792
CCG GCG CAC CCG TAC GAC GAA CTG AAA ACC ACC TCT ACT CGT CCG GTT TCT GAC ATC GAC GTT ACC CGT CGT GAA GCG TAC CTG TCC TCC GAA GAA TTC AAG GAG AAG TTC GGT ATG ACC AAA GAA GCG TTC TAC AAA CTC CCG AAA TGG AAG CAG AAC AAA TTC AAA ATG GCT GTT CAG CTG TTC,0.8631349280923362
CCG GCG CAC CCA TAC GAC CGT CTG AAA ACC ACC TCT ACC GAC CCG GTT TCT GAC ATC GAC GTT ACC CGT CGT GAA GCG TAC CTG TCT TCC GAA GAA TTC AAA GAA AAG TTC GGC ATG ACC AAA GAA GCG TTC CAG AAA CTG CCA AAA TGG AAA CAG AAC AAA TTC GGT ATG GCG GTT CAG CTG TTC,0.4138555393416578
CCG GCG CAC CCG TAC GAC CGT CTG AAA ACC ACC TCT ACC GAC CCG GTT TCT GAC ATC GAC GTT ACT ACC CGT ATC GCG TAC CTG TCC TCT GAA GAG TTC AAG GAG AAA TTC GGC ATG ACC AAG GAA GCG TTT TAC AAA CTG CCG AAA TGG AAA CAG AAC AAA TTC AAA ATG GCG GTT CAA CTG TTC,0.8368606600204185
CCA GCG CAC CCG TAC GAC CGT CTG AAG ACC ACC TCT ACC GAC CCA GTT TCC GAC ATC GAC GTT ACC CAG CGC GAG GCG TAC CTG TCC TCC GAA GAG TTC AAA GAA AAG TTC GGT ATG ACC AAG GAA GCG TTC CCG AAA CTG CCG AAA TGG AAA CAG AAC AAA TTC AAA ATG GCG GTG CAG CTC TTC,-3.556244232058054
CCG GCG CAC CCG TAC GAC CGT CTG AAA ACC ACC TCT ACC GAC CCG GTG TCT GAC ATC GAC GTT ACC CGT CGT GTT GCG TAC CTG TCT TCT GAA GAG TTC AAG GAG AAA TTC GGC ATG ACC AAA GAG GCG TTC TAC AAG CTG CCG AAA TGG AAA CAG AAC AAA TTC ATG ATG GCG GTG CAG CTG TTC,1.0710226179023308
CCA GCT CAT CCG TAT GAT CGT CTG AAA ACC ACC TCT ACC GAC CCG GTT TCT GAC ATC GAC GTT ACC CGT CGT CCG GCG TAC CTG TCC TCC GAG GAG TTC AAA GAG AAA TTC GGT ATG ACC AAG GAA GCG TTC TAC AAA CTG CCG AAA TGG AAA CAG AAC AAA TTC CTG ATG GCT GTG CAG CTC TTT,0.9042514557210616
CCG GCG CAC CCG TAC GAC CGT CTG AAA ACC ACC GTT ACC GAC CCG GTT TCT GAC ATC GAC GTT ACC CGT CGT GAA GCT TAC CTG TCT TCC GAG GAG TTC AAG GAA AAA TTC GGT ATG ACC AAA GAA GCG TTC TAC AAA CTG CCG AAG TGG AAG CAG AAC AAA TTC AAA ATG GCT GTT CAG CTG TTC,0.5717621106351065
CCG GCG CAC CCG TAC GAC CGT CTG AAA ACC ACC TCT ACC GAT CCG GTT TCT GAC ATT GAC GTT ACC CGT CGT GAA GCG TAC CTG TCC TCT GAA GAG TTC AAG GAG AAA TTC GGT ATG ACC AAA GAG GCG TTC TAC AAA CTG CCG AAA TGG AAA CAG AAC AAA TTC AAA ATG GCG GTT CAG CTG TGG,1.4413042418449151
CCG GCG CAC CCG TAC GAC CGT CTG AAA ACC ACC TCT ACC GAT CCG GTT TCT GAC ATC AAC GTT CTG CGT CGT GAA GCT TAC CTG TCC TCC GAG GAG TTT AAA GAA AAA TTC GGC ATG ACC AAG GAG GCG TTC TAC AAA CTC CCG AAG TGG AAA CAG AAC AAA TTC AAA ATG GCG GTT CAG CTG TTC,0.6802779548141692
CCG GCG CAC CCG TAC GAC CGT CTG AAA ACC ACC TCT ACT GAC CCG GTT TCT GAC ATC GAC GTT ACC CGT CGC GAG GCG TAC CTG AAG TCT GAG AAG TTC AAG GAG AAA TTC GGT ATG ACC AAG GAA GCG TTC TAC AAG CTG CCG AAA TGG AAA CAG AAC AAA TTC AAA ATG GCT GTT CAG CTG TTC,0.4362198878101765
CCG GCG CAT CCG TAC GAC CGT CTC AAG ACT ACC TCT ACC GAC CCG GTT TCT GAC ATC GAC GTT ACC CGT CGT GAA GCG TAC CTG CTG TCT GAG GAA TTC AAG GAA AAG TTC GGT ATG ACC AAG GAA GCG TTT TAC AAA CTG CCG AAA TGG AAA CAG AAC AAG TTC AAA ATG GCG GTG CAG CTG TTC,0.4870162050715315
CCG GCG CAT CCG TAC GAC CGT CTG AAA ACC ACC TCT ACC GAC CCG GTT TCC GAC ATC GAC GTT ACC CGT CGT GAA GCG TAC CTG TCC TCT GAA GAA TTC AAA GAA AAA GCG GGC ATG ACC AAA GAG GCG TTC TAC AAA CTG CCG AAA TGG AAA CAG AAC AAG TTC AAA ATG GCG GTT CAG CTG TTC,-0.3856587235884522
CCG GCT CAC CCG TAC GAC GAC CTG AAA ACC ACC TCT ACC ACT CCG GTT TCT GAC ATC GAC GTT ACC CGT CGT GAA GCG TAC CTG TCT TCC GAA GAA TTC AAG GAA AAA TTC GGC ATG ACC AAA GAA GCG TTC TAC AAA CTG CCG AAA TGG AAA CAG AAC AAG TTC AAA ATG GCG GTT CAG CTG TTC,0.8804992803460274
CCA GCG CAC CCG TAC GAC CGT CTG AAA ACC ACC TCT ACC GAC CCG GTT TCT GAC ATC GAC GTT ACC GAA CGT GAA GCG TAC CTG TCC TCT GAG GAG TTC AAA GAA AAA TTC GGC ATG ACC AAA GAA GCG TTC CAG AAA CTG CCG AAA TGG AAA CAG AAC AAA TTC AAA ATG GCG GTT CAG CTG TTT,0.5583176095717751
CCA GCG CAC CCG TAC GAC ATC CTG AAA ACC ACC TCT ACT CCA CCA GTT TCT GAC ATC GAC GTT ACC CGT CGT GAA GCG TAC CTG TCC TCT GAG GAG TTC AAG GAG AAA TTC GGC ATG ACT AAG GAA GCG TTC TAC AAA CTG CCG AAA TGG AAA CAG AAC AAA TTC AAA ATG GCG GTG CAA CTG TTC,0.6744598480668575
CCG GCT CAC CCG TAC GAC CGT CTG AAA ACC ACC TCT ACC GAC CCG GTT TCT GAC ATC GAC GTT ACC CGT CGT GAA GCG TAC CTG TCC TCT GAG GAG TTC AAG GAA AAG TTC GGT ATG ACC AAA GAA GCG TTC TAC AAG CTG CCG AAA TGG AAA CAG AAC AAA TTC AAA ACC GCT GTT CAG CTG TTC,0.8133223955162169
CCA GCG CAC CCA TAC GAC CGT CTG AAA ACC ACC TCT ACC GAT CCG GTT TCT GAT ATC GAC GTT ACC AAC CGC GAA GCG TAC CTG TCT TCC GAA GAA TTC AAG GAG AAG TTC GGT ATG ACC AAG GAG GCT TTT ATG AAG CTC CCG AAA TGG AAA CAG AAC AAA TTC AAA ATG GCT GTT CAG CTG TTC,0.910744790194346
CCG GCT CAC CCG TAC GAC AAA CTG AAA ACC ACC TCT ACC GAC CCG GTT TCT GAC ATC GAC GTT ACC CGT CGT GAA GCT TAC CTG TCC TCT GAG GAG TTC AAG GAA AAA TTC GGT ATG ACC AAG GAA GCG TTC TAC AAG CTC CCG AAA TGG AAA CAG AAC AAA TTC AAA ATG GCG GTT CAG CTG TTC,1.0999313993520112
CCG GCG CAC CCG TAC GCT CGC CTC CCG ACC ACC TCT ACC GAC CCG GTT TCT GAT ATC GAC GTT ACC CGT CGC GAG GCG TAC CTG TCT TCT GAG GAG TTC AAA GAA AAA TTC GGT ATG ACC AAG GAG GCG TTC TAC AAA CTG CCG AAA TGG AAA CAG AAC AAA TTC AAA ATG GCG GTT CAG CTG TTC,0.144350597306472
CCG GCT CAC CCG TAC GAC CGT AAC AAA ACC ACC TCT ACC GAC CCG GTT TCT GAC ATC GAC GTT ACC CGT CGT GAA GCG TAC CTG TCT TCC GAA GAG TTC AAG GAA AAA TTC GGC ATG ACC AAA GAG GCG TTC TAC AAA CTG CCG AAA TGG AAG CAA AAC AAA TTC AAA ATG GCG GTT CAG CTG TTC,0.780451383370423
CCG GCG CAC CCG TAC GAC CGC CTG AAA ACC ACC TCT ACC GAC CCA GTG TCT GAT ATC GAC GTG ACT CGT CGT GAA GCG TAC CTG TCC TCT GAA GAG TTC AAG GAA AAA TTC GGC ATG ACC AAA GAG GCG TTC AAA AAG CTG CCG AAA TGG AAA CAG AAC AAA TTC TAC ATG GCG GTT CAG CTG TTC,0.7671774779293635
CCG GCG CAC CCA TAC GAC CGT CTG AAA ACT ACC TCT ACC GAC CCG GTT TCT GAC ATC GAC GTT ACC ATG CGT GAA GCG TAC CTG TCT TCC GAG GAA TTC AAG GAG AAA TTC GGT ATG ACC AAA GAA GCG TTC GCT AAA CTG CCG AAA TGG AAA CAG AAC AAA TTC AAA ATG GCG GTT CAG CTG TTC,0.8165726185346136
CCG GCG CAC CCG TAC GAC TGG CTG AAA ACC ACC TCT ACC GAC CCG GTT TCT GAT ATC GAC GTT ACC CGT CGT GAA GCG TAC CTG TCT TCC GAA GAA TTC AAG GAG AAG TTC GGT ATG ACC AAG GAA GCG TTC TAC AAA CTG CCG AAA TGG AAG CAG AAC AAA TTC AAA ATG GCG GTT CAG CTG TTC,0.950627739975555
CCG GCG CAC CCG TAC GAC CGT CTG AAA ACC ACT TCT ACC GAC CCG GTT TCT GAT ATC GAC GTT ACC CGT CGT TGG GCG TAC CTG TCT TCT GAG GAA TTC AAG GAA AAA TTC GGC ATG ACC AAG GAA GCG TTC TAC AAA CTC CCG AAA TGG AAA CAG AAC AAG TTC ATC ATG GCG GTT CAG CTG TTC,1.0055347990579575
CCG GCG CAT CCG TAC GAC CGT CTG AAA ACC ACC TCT ACC GAT CCA GTT TCC GAC ATT GAC GTT ACC CGT CGT GAA GCG TAC CTG TCC TCT GAA GAA TTC AAG GAA AAA TTC GGC ATG ACC AAG GAG GCG TTC TAC AAA CTG CCG AAA TGG AAA CAG AAC AAA TTC AAA GCG GCG GTT CAG CTG TTC,0.9122737365989186
CCG GCG CAC CCG TAC GAC CGT CTG AAA ACC ACC TCT ACC GAT CCG GTT TCT GAC ATC GAC GTT ACC GAA CGT CTG GCG TAC CTC TCT TCC GAA GAA TTC AAG GAG AAA TTC GGC ATG ACC AAA GAA GCG TTC TAC AAA CTG CCG AAA TGG AAA CAG AAC AAA TTC AAA ATG GCG GTT CAG CTG TTC,0.8533905563399934
CCA GCG CAT CCG TAC GAC TGC CTG AAG ACT ACC TCT ACC AAA CCA GTT TCT GAC ATC GAC GTT ACC CGT CGT GAA GCG TAC CTC TCC TCC GAA GAA TTC AAG GAG AAG TTC GGT ATG ACC AAA GAA GCG TTC TAC AAA CTC CCG AAG TGG AAA CAG AAC AAA TTC AAA ATG GCG GTG CAA CTG TTT,1.4603020165148284
CCG GCG CAC CCG TAT GAT CGT CTG AAA ACC ACC TCT ACC GAC CCG GTT TCT GAC ATC GAC GTT ACT GAC CGT CAC GCT TAC CTC TCC TCT GAA GAA TTC AAG GAA AAG TTC GGT ATG ACC AAG GAA GCG TTC TAC AAA CTG CCG AAA TGG AAA CAG AAC AAA TTC AAA ATG GCG GTG CAA CTG TTC,0.5436674639747671
CCG GCG CAC CCG TAC GAC CAT CTG AAA ACC ACC TCT ACC AAC CCG GTT TCT GAC ATC GAC GTT ACC CGT CGT GAA GCG TAC CTG TCC TCC GAA GAG TTC AAA GAG AAA TTC GGT ATG ACC AAA GAG GCG TTT TAC AAA CTC CCG AAG TGG AAA CAG AAC AAA TTC AAA ATG GCT GTT CAG CTG TTC,0.9376406378926704
CCG GCT CAC CCG TAC GAC CGT CTG AAA ACC ACC TCT ACC GAC CCG GTT TCT GAC ATC GAC GTT ACC CGT CGT GAA GCG TAC CTG TCC TCC GAA GAA TTC AAA GAA AAA TTC GGC ATG ACC AAG GAA GCG TTC TCT AAA CTG CCG AAA TGG AAA CAG AAC AAA TTC GAG ATG GCG GTT CAG CTG TTC,0.3480003975330874
CCG GCG CAC CCG TAC GAC CGT CTG AAA ACC ACC TCT ACC GAC CCG GTT TCC GAC ATC GAC GTT ACC ATT CGT GAG GCG TAC CTG TCC TCT GAA GAA TTC AAG GAA AAA TTC GGC ATG ACC AAG GAG GCG TTT TAC AAA CTG CCG AAA TGG AAA CAG AAC AAA TTC AAA ATG GCG GTG CAG CTG TTC,0.9940609272326684
CCG GCG CAC CCG TAC GAC CGT CTG AAA ACC ACT TCT ACC GAC CCG GTT TCT GAC ATC GAC GTT ACC CGT CGT CGT GCT TAC CTG TCT TCT GAG GAA TTC AAG GAG AAG TTC GGT ATG ACC AAA GAG GCG TTC TAC AAA CTG CCG AAA TGG AAA CAG AAC AAA TTC CTG ATG GCG GTG CAA CTG TTC,0.9532049227045376
CCG GCG CAT CCA TAC GAT CTG CTG AAA ACC ACC TCT ACC CAG CCG GTT TCT GAC ATC GAC GTT ACC CGT CGT GAA GCG TAC CTC TCT TCT GAG GAG TTC AAA GAG AAA TTC GGT ATG ACC AAA GAG GCG TTC TAC AAA CTG CCG AAA TGG AAA CAG AAC AAA TTC AAA ATG GCG GTG CAG CTC TTT,0.6458116037968369
CCG GCG CAC CCG TAC GAC CGT CTG AAA ACC ACC TCT ACC GAC CCG GTT TCT GAC ATC GAC GTT ACT GAA CGT GAA GCG TAC CTC TCC TCC GAA GAG TTC AAA GAA AAG TTC GGT ATG ACC AAG GAA GCG TTC AAC AAA CTG CCG AAA TGG AAG CAG AAC AAA TTC AAA ATG GCG GTT CAG CTG TTC,0.6438482105552652
CCG GCT CAC CCG TAC GAC CGT CTG AAA ACC ACC TCT ACC GAC CCG GTT TCT GAT ATC GAC GTT ACC CGT CGT GAA GCT TAC CTC AAG TCC GAG TCT TTC AAG GAG AAA TTC GGT ATG ACC AAG GAA GCG TTC TAC AAA CTG CCG AAA TGG AAA CAG AAC AAA TTC AAA ATG GCG GTT CAG CTG TTC,0.5245253320350164
CCG GCT CAC CCG TAC GAC CGT CTG AAA ACC ACC TCT ACC GAC CCA GTT TCT GAC ATC GAC GTT ACC CGT CGT GAA GCG TAC CTG TCC TCT GAG GAG TTT AAA GAA AAA TTC GGC ATG ACC AAA GAA GCG TTC TAC AAG CTG CCG AAA TGG AAG CAG AAC AAA TTC AAA ATG GCT GTG CAC CTG TTC,1.3719258015053422
CCG GCG CAC CCG TAC GAC CGT CTG AAA ACC ACC TCT ACC GAC CCG GTT TCT GAC ATC ATG GTT GAA CGT CGC GAG GCG TAC CTC TCT TCC GAA GAG TTC AAG GAA AAA TTC GGT ATG ACC AAG GAA GCG TTC TAC AAA CTG CCG AAA TGG AAG CAG AAC AAA TTC AAA ATG GCG GTG CAG CTG TTC,0.7867744311636231
CCG GCG CAC CCG TAC GAC CGT CTG AAA ACC ACC TCT ACC GAC CCG GTT TCT GAC ATC GAC GTT ACC CGT CGC GAG GCG TAT CTG AAC TCT GAA ATC TTC AAG GAA AAG TTC GGT ATG ACC AAA GAG GCG TTC TAC AAA CTG CCG AAA TGG AAG CAG AAC AAA TTC AAA ATG GCG GTT CAG CTG TTC,0.46789325860122
CCG GCT CAC CCG TAC GAC CGT CTG AAA ACC ACC TCT ACC GAC CCG GTT TCT GAT ATC GAC GTT ACC CGT CGT GAA GCG TAC CTC TCC TCT GAG GAG TTC AAA GAA AAA TTC GGC ATG ACC AAA GAA GCG TTC TAC AAA CTG CTG AAA TGG AAG CAG AAC AAA TTC AAA ATG GCG GTT CAG CTG TTC,-0.29142996769359
CCG GCG CAC CCG TAC GAC CGT CTG AAA ACC ACC TCT ACC GAC CCG GTT TCT GAC ATC GAC GTT ACC ATC CGT GAA GCG TAC CTC TCC TCT GAG GAA TTC AAA GAG AAA TTC GGC ATG ACC AAA GAG GCG TTC TAC AAA CTG CCG AAA TGG AAA CAG AAC AAA TTC GTT ATG GCT GTT CAG CTG TTC,0.8379568243491142
CCA GCG CAC CCG TAC GAC CGT CTG AAA ACC ACC TCT ACC GAT CCG GTT TCT GAC ATC GAC GTT ACC GTT CGT GAA GCG TAC CTG TCC TCT GAG GAA TTC AAA GAA AAA TTC GGC ATG ACC AAA GAG GCG TTC TAC AAG CTG CCG AAA TGG AAA CAG AAC AAA TTC ATG ATG GCG GTG CAG CTG TTC,0.690679783079224
CCG GCG CAC CCG TAC GAC CGT CTG AAA ACC ACT TCT ACC GAC CCG GTG TCT GAC ATC GAC GTT ACT GAT CGC GAG GCG TAC CTG TCT TCT GAG GAG TTC AAA GAA AAA TTC GGC ATG ACC AAG GAA GCG TTC GTG AAA CTG CCG AAA TGG AAA CAG AAC AAA TTC AAA ATG GCG GTG CAG CTG TTC,0.2893280274335962
CCA GCG CAT CCG TAC GAC CGT CTG AAA ACC ACC TCT ACC GAC CCG GTT TCT GAC ATC GAC GTT ACC CGT CGT GAG GCG TAC CTC TCT TCT CCG GAA TTC AAA GAA AAA TTC GGT ATG ACC AAG GAA GCG TTC TAC AAA CTG CCG AAA TGG AAA CAG AAC AAA TTC AAG ATG GCT GTT CAG CTG TTC,0.7961585924566197
CCG GCG CAC CCG TAC GAC CGT CTG AAA ACC ACC TCT ACC AAG CCA GTG TCT GAC ATC GAC GTG ACC CGT CGT GAA GCG TAC CTG TCC TCT GAA GAA TTC AAG GAA AAG TTC GGC ATG ACC AAA GAA GCG TTT TAC AAA CTG CCG AAA TGG AAA CAG AAC AAA TTC AAA ATG GCT GTT CAG CTG TTC,0.8347834437404894
CCG GCG CAC CCA TAC GAC CGT CTG AAA ACC ACC TCT ACT GAC CCG GTT TCT GAC ATC GAC GTT ACT GGT CGT GCG GCG TAC CTG TCT TCT GAG GAA TTC AAG GAA AAA TTC GGC ATG ACC AAG GAA GCG TTT TAC AAA CTG CCG AAG TGG AAG CAA AAC AAA TTC AAA ATG GCT GTG CAA CTG TTC,0.662425179889271
CCG GCG CAC CCG TAC GAC CGT CTG AAA ACC ACC TCT ACC GAT CCG GTT TCT GAC ATC CCG GTG TGG CGT CGT GAA GCG TAC CTC TCC TCT GAA GAG TTC AAG GAA AAG TTC GGT ATG ACC AAG GAA GCG TTC TAC AAA CTG CCG AAA TGG AAA CAG AAC AAA TTC AAA ATG GCT GTT CAG CTG TTT,0.6353191525574349
CCA GCG CAC CCG TAC GAC CGT CTG AAG ACC ACT TCT ACC GAT CCG GTT TCT GAC ATC GAC GTT ACC CGT CGT GAA GCT TAC CTG GAC TCT GAA AAT TTC AAA GAG AAA TTC GGC ATG ACC AAA GAA GCG TTC TAC AAA CTG CCG AAA TGG AAG CAG AAC AAA TTC AAA ATG GCG GTT CAG CTG TTC,0.6083964148732317
CCA GCT CAC CCG TAC TTC CGT CTG TCT ACT ACC TCT ACT GAC CCA GTT TCT GAT ATC GAC GTT ACC CGC CGT GAA GCG TAC CTC TCC TCT GAG GAG TTC AAA GAA AAG TTC GGT ATG ACC AAG GAG GCG TTC TAC AAA CTG CCG AAA TGG AAA CAA AAC AAA TTC AAA ATG GCG GTT CAG CTG TTC,0.3530704267171989
CCA GCG CAC CCG TAC GAC CGT CTG AAA ACC ACC TCT ACC GAC CCA GTG TCT GAT ATT GAC GTT ACC CAT CGT GAA GCG TAC CTG TCT TCC GAA GAA TTC AAG GAG AAA TTC GGT ATG ACC AAG GAA GCG TTC TTC AAA CTG CCG AAA TGG AAA CAG AAC AAA TTC AAA ATG GCT GTT CAG CTG TTC,0.5923924738039539
CCG GCG CAC CCG TAC GAC CGT CTG AAA ACC ACC TCT ACC GAC CCA GTT TCT GAC ATC CAC GTT AAC CGT CGT GAA GCG TAC CTC TCT TCC GAA GAG TTC AAG GAA AAG TTC GGT ATG ACC AAG GAA GCG TTC TAC AAA CTG CCG AAA TGG AAA CAG AAC AAA TTC AAA ATG GCG GTT CAG CTG TTC,0.6808445853474108
CCA GCG CAC CCG TAC GAC CGC CTG AAG ACC ACC TCT ACC GAT CCG GTT TCT GAT ATT GAC GTT ACC CGT CGT GAA GCG TAC GAG TCT TCC GAA GAA TTC AAA GAA AAA TTC GGC ATG ACC AAA GAG GCG TTC TAC AAA CTG CCG AAG TGG AAA CAG AAC AAG TTC AAA ATG GCT GTT CAG CTG TTC,0.3590137224091211
CCA GCG CAC CCG TAC GAC GTT CTG AAA ACC ACC TCT ACC GTT CCG GTT TCT GAT ATC GAC GTT ACC CGT CGT GAA GCG TAC CTG TCT TCC GAG GAG TTC AAA GAA AAA TTC GGC ATG ACC AAG GAA GCG TTC TAT AAA CTG CCG AAG TGG AAA CAG AAC AAA TTC AAA ATG GCG GTT CAG CTG TTC,0.8165253438028404
CCG GCG CAC CCG TAC GAC CGT CTG AAA ACC ACC TCT ACC GAC CCA GTT TCT GAC ATC GAC GTT ACC CGT CGT GAA GCG TAC CTG AAG TCC GAA CTC TTC AAA GAA AAA TTC GGC ATG ACC AAG GAG GCG TTC TAC AAA CTG CCG AAA TGG AAA CAG AAC AAA TTC AAA ATG GCG GTT CAG CTG TTC,0.3300355510333435
CCG GCG CAC CCG TAC GAC CGT CTG AAA ACC ACC TCT ACC GAT CCG GTT TCC GAC ATC GAC GTT ACT CGT CGT GAC GCG TAC CTG TCC TCC GAA GAA TTC AAA GAA AAA TTC GGC ATG ACC AAG GAA GCG TTC TAT AAA CTG CCG AAA TGG AAA CAG AAC AAA TTC CCG ATG GCG GTG CAG CTG TTT,0.2683750202159387
CCG GCT CAC CCG TAC GAC CGT CTG AAA ACC ACC TCT ACC GAC CCG GTT TCT GAT ATT GAC GTT ACC CGT CGT GAA GCG TAC CTG CAC TCT GAG GAA TTC AAA GAA AAA TTC GGC ATG ACC AAA GAA GCG TTC TAC AAA CTG CCG AAA TGG AAA CAG AAC AAG TTC AAA ATG GCG GTT CAG CTG TTC,0.9334731594604696
CCG GCG CAT CCA TAC GAC CGT CTG AAA ACT ACC TCT ACC GAC CCG GTT TCT GAC ATC GAC GTG ACC CGC CGT GAA GCG TAT CTG TCT CTG GAA GAA TTC AAG GAA AAG TTC GGT ATG ACC AAG GAA GCG TTC TAC AAA CTG CCG AAA TGG AAA CAG AAC AAA TTC AAA ATG GCG GTT CAG CTG TTC,1.1013319184128934
CCG GCG CAC CCG TAC GAC CGT GGT AAA ACC ACT TCT ACC GAC CCG GTT TCT GAC ATT GAC GTT ACC CGT CGT GAA GCG TAC CTG TCT TCC GAA GAG TTC AAG GAA AAA TTC GGT ATG ACC AAG GAG GCG TTT TAC AAA CTG CCG AAA TGG AAA CAG AAC AAA TTC AAA ATG GCG GTT CAG CTG TTC,0.8112345131482247
CCA GCG CAC CCG TAC GAC AAC CTG AAA ACC ACC TCT ACC AAT CCG GTT TCT GAC ATC GAC GTT ACC CGT CGT GAA GCG TAC CTG TCC TCC GAA GAA TTC AAA GAG AAA TTC GGT ATG ACC AAG GAG GCG TTC TAC AAA CTG CCG AAA TGG AAA CAG AAC AAG TTC AAA ATG GCG GTT CAG CTG TTC,0.9355404980228256
CCG GCG CAC CCG TAC GAC CGT CTG AAA ACC ACC TCT ACC GAC CCA GTT TCT GAC ATC GAC GTT ACC CGT CGT GAA GCG TAC CTG TCC TCT GAG GAA TTC AAA GAA AAA TTC GGC ATG ACC AAA GAA GCG TTC TAC AAA CTG CCG AAA TGG CAG CAG AAT AAG TTC AAA ATG GCT GTT CAG CTG TTC,1.2856020613461
CCG GCG CAC CCG TAC GAC CGT CTG AAA ACC ACC TCT ACC GAC CCG GTT TCT GAC ATC GAC GTT ACC CGT CGT GAA GCG TAC CTG CAC TCT GAG GGT TTC AAA GAG AAA TTC GGC ATG ACC AAA GAA GCG TTC TAC AAG CTG CCG AAA TGG AAA CAG AAC AAA TTC AAA ATG GCG GTT CAG CTG TTC,0.4749424474160594
CCG GCG CAC CCG TAC GAC CGT CTG AAA ACC ACC TCT ACC GAC CCG GTT TCT GAC ATC GAC GTT ACC CAC CGT ACC GCG TAT CTG TCT TCT GAG GAG TTC AAG GAA AAA TTC GGT ATG ACC AAG GAA GCG TTC TAC AAA CTG CCG AAA TGG AAA CAG AAC AAA TTC AAA ATG GCG GTT CAG CTG TTC,0.5347273246019981
CCG GCG CAC CCG TAC CAC CGT CTG ACC ACC ACC TCT ACC GAC CCG GTT TCT GAC ATC GAC GTT ACC CGT CGC GAG GCG TAC CTG TCC TCC GAG GAG TTC AAA GAA AAA TTC GGT ATG ACC AAA GAG GCG TTC TAC AAG CTG CCG AAA TGG AAG CAG AAC AAA TTC AAA ATG GCT GTT CAG CTG TTC,1.0842914398638943
CCG GCG CAC CCG TAC GAC CGT CTG AAA ACT ACC TCT ACC GAC CCG GTT TCT GAC ATC GAC GTT ACC CGT CGC TGG GCG TAC CTC TCT TCC GAA GAA TTC AAG GAG AAA TTC GGC ATG ACC AAA GAA GCG TTT ACC AAA CTG CCG AAA TGG AAA CAG AAC AAG TTC AAA ATG GCG GTT CAG CTG TTC,0.7718184671941468
CCG GCT CAC CCA TAC GAC CGT CTG AAA ACC ACC TCT ACC GAC CCG GTT TCT GAC ATC GAC GTT ACC AAC CGT ATG GCG TAC CTG TCT TCC GAA GAA TTC AAA GAA AAA TTC GGC ATG ACC AAA GAA GCG TTC TAC AAA CTG CCG AAA TGG AAA CAG AAC AAG TTC AAA ATG GCG GTT CAG CTG TTC,0.8659646634758218
CCG GCG CAC CCG TAC GAC CGT CTG AAA ACC ACT TCT ACC GAC CCG GTT TCT GAC ATC GAC GTT ACC AAA CGT ACC GCG TAC CTG TCT TCT GAG GAA TTC AAG GAA AAA TTC GGC ATG ACT AAA GAG GCG TTC TAC AAA CTG CCG AAA TGG AAA CAG AAC AAA TTC AAA ATG GCT GTT CAA CTG TTC,0.6551164459249531
CCG GCG CAC CCG TAC GAC CGT CTC AAA ACC ACC TCT ACC GAC CCG GTT TCT GAC ATC GAC GTT ACC CGT CGT GAA GCG TAC CTG TTC TCC GAG TGC TTC AAA GAA AAA TTC GGT ATG ACC AAG GAA GCG TTC TAC AAA CTG CCG AAA TGG AAA CAG AAC AAA TTC AAA ATG GCG GTG CAG CTC TTC,0.9088440673287026
CCG GCT CAC CCG TAC GAC CGT CTG AAA ACC ACC TCT ACC GAC CCG GTT TCT GAC ATC GAC GTT ACC GGT CGT GAA GCG TAC CTG TCC TCC GAA GAG TTC AAA GAA AAA TTC GGC ATG ACC AAA GAA GCG TTC CAC AAA CTG CCG AAA TGG AAA CAG AAC AAA TTC AAA ATG GCG GTT CAG CTG TTC,0.6002718667311531
CCA GCT CAT CCG TAC GAC CGT CTG AAA ACC ACC TCT ACC GAC CCG GTT TCT GAC ATC GAC GTT ACC ATG CGT GAG GCG TAC CTC TCT TCT GAG GAG TTC AAA GAG AAA TTC GGT ATG ACC AAA GAG GCG TTC TAC AAA CTG CCG AAA TGG AAG CAA AAC AAG TTT GGT ATG GCG GTT CAG CTG TTC,0.43589123370254
CCG GCG CAC CCG TAC GAC CGT CTG AAA ACC ACC TCT ACC GAC CCG GTT TCT GAC ATC GAC GTT ACC CGT CGT GAC GCG TAC CTG TCT TCT GAG GAG TTC AAA GAA AAG TTC GGT ATG ACC AAG GAA GCG TTC ATC AAA CTG CCG AAG TGG AAA CAG AAC AAA TTC AAA ATG GCG GTT CAG CTG TTC,0.4816163870543746
CCG GCG CAC CCG TAC GAC CGT CTG AAA ACC ACC TCT ACC GAT CCG GTG TCT GAC ATC GAC GTT ACC CTC CGT TAC GCT TAC CTG TCT TCT GAA GAG TTC AAG GAA AAA TTC GGT ATG ACC AAA GAG GCG TTC TAC AAA CTG CCG AAA TGG AAA CAG AAC AAG TTC AAA ATG GCG GTT CAG CTG TTC,0.7489411759243039
CCG GCG CAC CCG TAC GAC CGT CTG AAA ACC ACC TCT ACC GAC CCG GTT TCT GAC ATC GAC GTT ACC CGT TGG GAA GCG TAC CTG TCC TCT GAG GAG TTC AAG GAG AAA TTC GGT ATG ACC AAA GAA GCG TTC TAT AAA CTC CCG AAG TGG AAA CAG AAC AAG TTC AAA ATG GCG GTT CAG CTG TTC,1.4256939967886106
CCG GCG ATC CCG TAC GAC CGT CTG AAA ACC ACC TCT ACC GAC CCG GTT TCT GAT ATC GAC GTT ACC CGT CGT GAA GCG TAC CTG TCC TCT GAG GAA TTC AAG GAA AAA TTC GGC ATG ACC AAG GAG GCG TTC TAC AAA CTG CCG AAA TGG AAA CAG AAC AAA TTC AAA ATG GCG GTT CAG CTG TTC,1.8403346884944176
CCG GCG CAC CCG TAC GAC TTC CTG AAA ACC ACC TCT ACC CTG CCA GTT TCT GAT ATC GAC GTT ACC CGT CGT GAA GCG TAC CTG TCT TCC GAG GAA TTC AAG GAA AAA TTC GGC ATG ACC AAA GAA GCG TTC TAC AAA CTG CCG AAA TGG AAA CAG AAC AAA TTC AAA ATG GCG GTT CAG CTG TTC,0.7823824763069693
CCA GCG CAC CCG TAC GAC CGT CTG AAA ACC ACT TCT ACC GAC CCG GTT TCT GAC ATC GAC GTT ACC GGT CGT TGG GCG TAC CTG TCT TCT GAG GAG TTC AAA GAA AAG TTC GGT ATG ACC AAA GAG GCG TTC TAC AAA CTG CCG AAA TGG AAA CAG AAC AAA TTC AAA ATG GCG GTT CAG CTG TTC,0.790600933992432
CCA GCG CAC CCG TAC GAC CGT CTG AAA ACC ACC TCT ACC GAC CCA GTT TCT GAC ATC GAC GTT ACC TCT CGT GAA GCG TAC CTG TCT TCC GAG GAG TTC AAG GAA AAA TTC GGT ATG ACC AAG GAG GCG TTC TAC AAA CTG CCG AAA TGG AAA CAG AAC AAA TTC ACC ATG GCG GTT CAA CTG TTC,0.4596106917247186
CCA GCT CAC CCG TAC GAC ATC CTG AAA ACC ACC TCT ACC GAG CCG GTT TCT GAC ATC GAC GTT ACC CGT CGT GAA GCG TAC CTG TCT TCT GAA GAG TTC AAA GAA AAG TTC GGC ATG ACC AAA GAA GCG TTC TAC AAA CTG CCA AAA TGG AAA CAG AAC AAG TTC AAG ATG GCG GTT CAG CTG TTC,0.6984578375008196
CCG GCG CAC CCG TAC TAC CGT CTG CAC ACC ACC TCT ACC GAC CCG GTT TCT GAC ATC GAC GTT ACC CGT CGT GAA GCG TAC CTC TCT TCT GAG GAG TTC AAG GAG AAG TTC GGT ATG ACC AAG GAA GCG TTC TAC AAA CTG CCG AAG TGG AAA CAG AAC AAA TTC AAA ATG GCG GTT CAG CTG TTC,0.4134886462150442
CCA GCG CAC CCG TAC GAC GTT CTG AAA ACC ACT TCT ACC GCT CCA GTT TCT GAC ATC GAC GTT ACC CGT CGT GAA GCT TAC CTG TCC TCT GAA GAA TTC AAG GAA AAA TTC GGC ATG ACC AAA GAG GCG TTC TAC AAA CTG CCG AAA TGG AAA CAG AAC AAA TTC AAA ATG GCG GTT CAG CTG TTC,0.8324750042313029
CCG GCG CAC CCG TAC GAC CGT CTG AAA ACC ACC TCT ACT GAC CCA GTT TCT GAC ATC GAC GTT ACC GAC CGT GAA GCG TAC CTG TCT TCC GAG GAA TTC AAA GAA AAA TTC GGT ATG ACC AAG GAA GCG TTT GAA AAA CTG CCG AAA TGG AAA CAG AAC AAG TTC AAA ATG GCG GTT CAG CTG TTC,0.6998458467508785
CCG GCT CAC CCG TAC GAC CGT CTG AAA ACC ACC TCT ACC GAC CCG GTT TCT GAT ATC CGT GTT TTC CGT CGT GAA GCG TAC CTG TCC TCC GAG GAA TTC AAA GAG AAA TTC GGT ATG ACC AAA GAA GCG TTC TAC AAG CTG CCG AAA TGG AAA CAG AAC AAA TTC AAG ATG GCG GTT CAA CTG TTC,0.2703807878804581
CCG GCT CAC CCG TAC GAC CGT CTG AAA ACC ACC TCT ACC GAC CCG GTT TCT GAC ATC GAC GTT ACC CGT CGT CGC GCG TAC CTG TCT TCT GAG GAG TTC AAA GAG AAA TTC GGC ATG ACC AAG GAA GCG TTC TAC AAA CTG CCG AAA TGG AAA CAG AAC AAA TTC ATG ATG GCG GTT CAG CTG TTC,1.235654087040388
CCG GCG CAT CCG TAC GAC CGT CTG AAA ACC ACC TCT ACC GAC CCG GTT TCT GAC ATT GAC GTT ACC CGT CGT GAA GCG TAC CTG TGG TCC GAA ATG TTC AAA GAG AAG TTC GGT ATG ACC AAG GAG GCG TTC TAT AAA CTC CCG AAG TGG AAA CAG AAC AAA TTC AAA ATG GCG GTT CAG CTG TTC,0.6387072110371386
CCG GCG CAC CCG TAC GAC CGT CTG AAA ACC ACC TCT ACC GAC CCG GTT TCT GAC ATC GAC GTT ACC CGT CGT GAA GCG TAC CTG TAC TCT GAG CCG TTC AAA GAG AAA TTC GGT ATG ACC AAA GAA GCG TTC TAC AAA CTG CCG AAA TGG AAA CAG AAC AAA TTC AAA ATG GCG GTT CAG CTG TTC,-0.2692068933485443
CCG GCT CAC CCG TAC GAC CGT CTG AAA ACC ACT TCT ACC GAC CCG GTT TCC GAC ATC GAC GTG ACC TGG CGT GAG GCG TAC CTG TCT TCT GAG GAG TTC AAA GAG AAA TTC GGC ATG ACC AAG GAA GCG TTT TGG AAA CTG CCA AAG TGG AAA CAG AAC AAA TTC AAG ATG GCG GTT CAG CTG TTC,0.7350545794803598
CCA GCG CAC CCG TAC GAC CGT CTG AAA ACC ACC TCT ACC GAC CCG GTT TCT GAC ATC GAC GTT ACT CCA CGT GAA GCG TAC CTC TCC TCT GAG GAA TTC AAG GAG AAA TTC GGT ATG ACC AAG GAG GCG TTC CAG AAA CTG CCG AAA TGG AAA CAG AAC AAA TTC AAA ATG GCG GTT CAG CTG TTC,0.566346899730233
CCG GCT CAC CCG TAC GAC CGT CTG AAA ACC ACC TCT ACC GAT CCG GTT TCT GAC ATT GAC GTT ACC CGT CGT GAA GCG TAC CTG TCT TCC GAA GAA TTC AAA GAG AAA TTC GGC ATG ACC AAG GAA GCG TTC TTC AAG CTG CCG AAG TGG AAA CAG AAC AAA TTC CAC ATG GCT GTT CAG CTG TTC,0.5845867085853471
CCG GCG CAC CCG TAC GAC CGT CTG AAA ACC ACT TCT ACC GAC CCG ATG TCT GAC ATT GAC GTT ACC CGT CGC GAG GCG TAC CTG TCT TCT GAA GAG TTC AAG GAA AAA TTC GGC ATG ACC AAA GAG GCT TTC TAC AAA CTG CCG AAA TGG AAA CAG AAC AAA TTC AAA ATG GCG GTG CAG CTG TTC,0.7671863965684154
CCA GCG CAC CCG TAC GAC CGT CTG AAA ACC ACC TCT ACC GAC CCG GTT TCT GAC ATC GAC GTT ACC CGT CGT GAA GCG TAC CTG TCT TCC GAG GAG TTC AAA GAA AAA TTC GGT ATG ACC AAG GAA GCG AAG TAC AAA CTG CCG AAA TGG AAA CAG AAC AAG TTC AAG ATG GCT GTT CAG CTG TTC,-0.6731347089182738
CCG GCT CAC CCG TAC GAC CGT CTG AAA ACC ACC TCT ACC GAC CCG GTT TCT GAC ATC TCT GTT TTC CGT CGT GAA GCG TAC CTC TCC TCT GAA GAG TTC AAA GAG AAA TTC GGC ATG ACC AAA GAA GCG TTC TAC AAA CTC CCG AAG TGG AAA CAG AAC AAA TTC AAA ATG GCT GTT CAG CTG TTC,-0.0184757949507988
CCA GCG CAT CCG TAT GAC GCG CTG AAA ACC ACC TCT ACT CGT CCG GTT TCT GAC ATT GAC GTT ACC CGC CGT GAA GCG TAC CTC TCC TCT GAA GAG TTC AAA GAA AAG TTC GGT ATG ACC AAG GAG GCG TTC TAC AAA CTG CCG AAA TGG AAA CAG AAC AAA TTC AAA ATG GCG GTG CAG CTC TTT,0.8839866713041586
CCA GCT CAT CCA TAC GAC CGT CTG AAA ACC ACC TCT ACC GAC CCG GTT TCT GAC ATC GAC GTT ACC CGT CGT GAA GCG TAT CTC TCC TCT GAA GAA TTC AAG GAG AAA TTC GGC ATG ACC AAA GAG GCG TTC TAC AAA CTC CCG AAA TGG GGT CAG AAC AAA TTC AAA ATG GCT GTG CAG CTG TTC,-0.3614776216645741
CCG GCG CAC CCG TAC GAC CGT CTG AAA ACC ACC TCT ACC GAC CCG GTT TCT GAC ATC TAC GTT CCG CGT CGT GAA GCG TAC CTG TCC TCT GAA GAA TTC AAA GAG AAA TTC GGC ATG ACC AAG GAA GCG TTC TAC AAG CTC CCA AAA TGG AAG CAG AAC AAA TTC AAG ATG GCG GTT CAG CTG TTC,0.6707210051218473
CCG GCG CAC CCG TAC GAC CTG CTG AAA ACC ACC TCT ACC GTT CCG GTT TCT GAC ATC GAC GTT ACC CGT CGT GAA GCG TAC CTG TCT TCT GAA GAA TTC AAG GAA AAA TTC GGC ATG ACC AAA GAA GCG TTC TAC AAA CTC CCG AAA TGG AAA CAG AAC AAG TTC AAA ATG GCG GTT CAG CTG TTC,0.6559928792278136
CCG GCG CAC CCG TAC GAC CGT CTG AAA ACC ACC TCT ACC GAC CCG GTT TCT GAC ATC GAC GTT ACT CCA CGT AAC GCG TAC CTG TCT TCT GAA GAA TTC AAG GAA AAG TTC GGT ATG ACC AAA GAG GCG TTC TAC AAA CTG CCG AAA TGG AAA CAG AAC AAA TTC AAA ATG GCG GTT CAG CTG TTC,0.5499939163231736
CCG GCG CAC CCG TAC GAC CGT CTG AAA ACC ACC TCT ACC GAC CCG GTT TCT GAA ATC GAC GTT ACC CGT CGT GAA GCG TAC CTC TCT TCT GAG GAG TTC AAG GAA AAG TTC GGT ATG ACC AAA GAA GCG TTC TAC AAA CTG CCG AAA TGG AAG CAG AAC AAA TTC AAA ATG GCT GTT CAG CTG TTC,0.9974586165274628
TGG GCG CAT CCG TAC GAC CGT CTG AAA ACC ACC TCT ACT GAC CCA GTT TCC GAC ATT GAC GTT ACC CGC CGT GAA GCG TAC CTG TCC TCC GAA GAG TTC AAA GAA AAA TTC GGT ATG ACC AAG GAG GCG TTC TAC AAA CTG CCG AAA TGG AAA CAG AAC AAA TTC AAA ATG GCG GTT CAG CTG TTC,0.990681302091178
CCG GCT CAC CCG TAC GAC CGT CTG AAA ACT ACC TCT ACC GAC CCA GTT TCC GAC ATC GAC GTT ACT CGT CGT GAA GCG TAC CTG AAC TCC GAA TGG TTC AAG GAA AAG TTC GGT ATG ACC AAA GAG GCG TTC TAC AAA CTG CCG AAA TGG AAA CAG AAC AAA TTC AAA ATG GCG GTT CAG CTG TTC,0.5809356846653915
CCA GCT CAC CCG TAC GAC CGT CTG AAA ACC ACC TCT ACC GAC CCG GTT TCT GAC ATC GAC GTG ACC CGT CGT CCG GCG TAC CTG TCT TCT GAA GAG TTC AAA GAA AAG TTC GGC ATG ACT AAG GAA GCG TTT AAG AAA CTG CCG AAA TGG AAA CAG AAC AAG TTC AAG ATG GCG GTT CAG CTG TTC,0.4968804982320486
CCG GCT CAC CCG TAC GAC CGT CTG AAA ACC ACC TCT ACC GAC CCG GTT TCT GAT ATC GAC GTT ACC ATC CGT GAA GCG TAC CTG TCT TCT GAA GAG TTC AAG GAA AAA TTC GGC ATG ACT AAA GAA GCG TTC CTG AAG CTG CCG AAA TGG AAA CAG AAC AAA TTC AAA ATG GCT GTT CAG CTG TTC,0.7417402431776458
CCG GCG CAC CCG TAC GAC ATC CTG AAA ACC ACC TCT ACC TAC CCG GTT TCT GAC ATC GAC GTT ACC CGT CGT GAA GCG TAC CTG TCC TCC GAG GAA TTC AAG GAA AAA TTC GGT ATG ACC AAG GAG GCG TTC TAC AAA CTC CCG AAA TGG AAA CAG AAC AAG TTC AAA ATG GCG GTT CAA CTG TTC,0.7273231907170031
CCA GCG CAC CCG TAC GAC CGT CTG AAA ACC ACC TCT ACC GAC CCA GTT TCT GAC ATC GAC GTT ACC CGT CGT GAA GCG TAC CTG TCT TCC GAG GAA TTC AAA GAG AAG TTC GGC ATG ACC AAA GAA GCG TTC AAA AAG CTC CCG AAA TGG AAA CAG AAC AAA TTC GTT ATG GCG GTT CAG CTG TTC,0.5980219131332456
CCG GCG CAC CCG TAC GAC CGT CTG AAA ACT ACC TCT ACC GAC CCG GTT TCT GAC ATC GAC GTT ACC GCG CGT GAG GCG TAC CTG TCT TCT GAA GAG TTC AAA GAG AAA TTC GGC ATG ACC AAA GAA GCG TTC GGT AAG CTG CCG AAA TGG AAA CAG AAC AAA TTC AAA ATG GCG GTG CAG CTG TTC,0.533126847037745
CCG GCG CAC CCG TAC GAC CGT CTG AAA ACC ACC TCT ACC GAC CCG GTT TCT GAC ATC GAC GTT ACT GGT CGT AAA GCG TAC CTG TCC TCC GAA GAG TTC AAA GAA AAA TTC GGT ATG ACC AAG GAG GCG TTC TAC AAA CTG CCG AAA TGG AAA CAG AAC AAA TTC AAA ATG GCG GTT CAG CTG TTC,0.5595886480685281
CCG GCT CAC CCG TAC GAC CGT CTG AAA ACC ACC TCT ACC GAC CCG GTT TCT GAC ATC GAC GTT ACC CGT CGT GAA GCG TAC CTG TCC TCT GAA GAG TTC AAA GAA AAA TTC GGC ATG ACC AAG GAA GCG TTC GAC AAA CTG CCG AAA TGG AAA CAG AAC AAA TTC ATG ATG GCG GTT CAG CTG TTC,0.9155984250666362
CCG GCG CAC CCG TAC GAC CGC CTG AAA ACC ACC TCT ACC GAC CCG GTT TCT GAC ATC GAC GTT ACC CGT CGT GAG GCG TAC CTG TCT TCT GAA GAG TTC AAG GAA AAA TTC GGC ATG ACC AAA GAA GCG TTC GAC AAA CTG CCG AAA TGG AAA CAG AAC AAG TTC GTT ATG GCG GTT CAG CTG TTC,0.5499730055547029
CCG GCG CAC CCG TAC GAC CGT CTG AAA ACC ACC TCT ACC GAT CCG GTT TCT GAC ATC GAC GTT ACC CGT CGT GAA GCG TAC CTG TGG TCT GAA CAC TTC AAA GAA AAA TTC GGC ATG ACC AAA GAA GCG TTC TAC AAA CTG CCG AAG TGG AAA CAG AAC AAA TTC AAA ATG GCG GTG CAG CTG TTC,0.5977743607377635
CCG GCG CAC CCG TAC GAC CGT CTG AAA ACC ACC TCT ACC GAC CCG GTT TCT GAC ATC GAC GTT ACT CGT CGT GAA GCG TAC CTG TGC TCT GAA GAC TTC AAA GAG AAA TTC GGC ATG ACC AAA GAA GCG TTC TAC AAA CTG CCG AAA TGG AAA CAG AAC AAA TTC AAA ATG GCG GTG CAG CTC TTC,0.8960397926229888
CCG GCG CAT CCG TAC GAT TTC CTG AAA ACC ACC TCT ACC GAC CCG GTT TCT GAT ATC GAC GTT ACC CGT CGT GAA GCG TAC CTG TCT TCC GAA GAG TTC AAA GAG AAG TTC GGC ATG ACC AAA GAG GCT TTC TAC AAA CTG CCG AAA TGG AAA CAG AAC AAA TTC AAA ATG GCG GTG CAG CTG TTC,0.873786757311768
CCA GCT CAT CCG TAC GAC CGT CTG AAA ACC ACC TCT ACC GAC CCG GTT TCT GAC ATC GAC GTT ACC CGC CGT GAA GCG TAC CTG TCT TCT GAG GAA TTC AAA GAA AAG TTC GGC ATG ACC AAA GAA GCG TTC ATC AAA CTC CCA AAG TGG AAA CAG AAC AAA TTC ATG ATG GCT GTT CAG CTG TTC,0.9892546054603704
CCG GCG CAC CCA TAC ATG CGT CTC AAA ACC ACC TCT ACC GAT CCG GTT TCT GAC ATC GAC GTT ACC CGT CGT GAA GCG TAC CTG TCC TCC GAA GAA TTC AAG GAA AAA TTC GGC ATG ACC AAA GAG GCG TTT TAC AAG CTC CCG AAA TGG AAA CAG AAC AAA TTC AAA ATG GCG GTT CAG CTG TTC,-1.398285286445016
CCG GCT CAT CCG TAC GAC CGT CTG AAA ACC ACC TCT ACC GAC CCG GTT TCT GAC ATC GAC GTT ACC CGT CGT GAA GCG TAC CTC TCC TCC GAG GAG TTC AAA GAA AAA TTC GGT ATG ACC AAG GAA GCG TTC TTT AAG CTG CCA AAG TGG AAG CAG AAC AAA TTC AAA ATG GCG GTT CAG CTG TTC,1.0032590861548043
CCG GCT CAC CCG TAC GAC CGT CTG AAA ACC ACC TCT ACC GAC CCA GTT TCT GAC ATC CCG GTT TAC CGT CGT GAA GCG TAC CTG TCT TCC GAA GAA TTC AAG GAA AAA TTC GGC ATG ACC AAA GAA GCG TTC TAC AAA CTG CCG AAA TGG AAA CAG AAC AAG TTC AAA ATG GCG GTT CAG CTG TTC,0.4967439308746676
CCG GCT CAT CCA TAC GAC CGT CTG AAA ACC ACC TCT ACC GAC CCG GTT TCT GAC ATC GAC GTT ACC CGT CGT GAA GCG TAC CTG TCT GCG GAA GAA TTC AAG GAG AAA TTC GGT ATG ACC AAA GAA GCG TTC TAC AAA CTC CCA AAG TGG AAA CAG AAC AAA TTC AAA ATG GCG GTT CAG CTG TTT,1.3591047686081246
CCG GCT CAC CCA TAC GAC CAC CTG AAA ACC ACT TCT ACC TCT CCG GTT TCT GAC ATC GAC GTT ACC CGT CGT GAA GCG TAC CTG TCT TCT GAA GAG TTC AAA GAA AAG TTC GGC ATG ACC AAA GAA GCG TTC TAC AAA CTG CCG AAA TGG AAG CAG AAC AAA TTC AAA ATG GCG GTG CAG CTG TTC,0.7894644865891397
CCG GCG CAC CCG TAC GAC CGT CTG AAA ACC ACC TCT ACT GAC CCG GTT TCT GAC ATC GAA GTT TGC CGT CGT GAA GCG TAC CTG TCT TCC GAG GAA TTC AAG GAA AAG TTC GGT ATG ACC AAA GAG GCG TTC TAC AAA CTG CCG AAA TGG AAA CAG AAC AAA TTC AAA ATG GCG GTG CAG CTG TTC,1.001522269749641
CCG GCG CAC CCG TAC GAC TCT CTG AAA ACC ACC TCT ACC TGC CCG GTT TCT GAT ATC GAC GTT ACC CGT CGT GAG GCG TAC CTG TCT TCT GAA GAG TTC AAG GAG AAA TTC GGC ATG ACC AAA GAG GCG TTC TAC AAA CTG CCG AAA TGG AAA CAG AAC AAA TTC AAA ATG GCT GTT CAG CTG TTC,1.3656473105847184
CCA GCG CAT CCG TAC GAC CGT CTG AAA ACC ACC TCT ACC GAT CCA GTT TCT GAC ATC GAC GTT ACC CGT CGT AAC GCG TAC CTG TCC TCC GAA GAA TTC AAA GAA AAA TTC GGC ATG ACC AAA GAA GCG TTC ATG AAG CTC CCG AAA TGG AAA CAG AAC AAA TTC AAG ATG GCG GTT CAG CTG TTC,0.3616626518727081
CCG GCG CAC CCG TAC GAC CGT CTG AAA ACC ACC TCT ACC GAC CCG GTT TCT GAC ATC GAC GTT AAC CGT CGT GAA GCG TAC CTG TCC TCC GAA GAA TTC AAA GAA AAA TTC GGC ATG ACC AAA GAG GCG TTC TAC AAA CTG CCG AAG TGG AAA CAG AAC AAG TTC AAA ATG GCG GTG CAA CTG TTC,1.0845267691387512
CCG GCG CAC CCG TAC GAC CGT CTG AAA ACC ACC TCT ACC GAC CCG GTT TCT GAC ATC GAC GTT ACC CGT CGT GAA GCG TAC CTC TCC TCT GAA GAA TTC AAG GAG AAA TTC GGC ATG ACC AAA GAA GCG TTC TAC AAG CTG CCG AAA TGG AAA CAG AAC AAA TTC AAA ATG GCG CTG CAA CTC TTC,2.2019107407709844
CCA GCG CAC CCA TAC GAC CGT CTG AAA ACC ACC TCT ACT GAC CCG GTT TCT GAC ATT GAC GTT ACC CGT CGT GAA GCG TAC CTG CTG TCT GAA GAC TTC AAG GAA AAG TTC GGT ATG ACC AAA GAA GCG TTC TAC AAA CTG CCG AAA TGG AAA CAG AAC AAA TTC AAA ATG GCG GTG CAG CTG TTT,0.41720507337401
CCG GCG CAC CCG TAC GAC CGC CTG AAA ACC ACT TCT ACC GAC CCG GTT TCT GAC ATC TGC GTT ATG CGT CGT GAA GCG TAC CTG TCT TCC GAA GAG TTC AAA GAA AAA TTC GGT ATG ACC AAA GAG GCG TTC TAC AAA CTG CCG AAA TGG AAA CAG AAC AAA TTC AAA ATG GCG GTG CAG CTG TTC,0.9675374232452107
CCG GCG CAC CCG TAC GAC CGC CTC AAA ACT ACT TCT ACC GAC CCG GTT TCT GAC ATC GAC GTT ACC CGT CGT GAA GCG TAC CTG TCC TCC GAG GAA TTC AAA GAG AAA TTC GGT ATG ACC AAA GAA GCG TTC GGT AAA CTG CCG AAA TGG AAA CAG AAC AAA TTC GAC ATG GCG GTT CAG CTG TTC,0.1915906214169952
CCG GCG CAT CCG TAC GAC CGT CTG AAA ACC ACC TCT ACC GAT CCG GTT TCT GAC ATT GAC GTT ACC CGT CGT CAA GCG TAC CTG TCC TCC GAA GAA TTC AAA GAG AAA TTC GGC ATG ACC AAA GAA GCG TTC TAC AAG CTG CCG AAA TGG AAA CAG AAC AAA TTC ATC ATG GCG GTT CAG CTG TTC,0.8472454205417852
CCA GCG CAC CCG TAC GAC CGT CTG AAA ACC ACC TCT ACC GAC CCG GTT TCT GAT ATC GAC GTT ACC TTC CGT GAA GCG TAC CTC TCT TCC GAA GAA TTC AAA GAA AAA TTC GGC ATG ACC AAA GAA GCG TTC GAA AAA CTC CCG AAA TGG AAA CAA AAC AAG TTC AAA ATG GCG GTT CAG CTG TTC,0.6762981818361353
CCG GCG CAC CCG TAC GAC CGT CTG AAA ACC ACC TCT ACT GAC CCG GTT TCC GAC ATC GAC GTT ACT CGC CGT TGG GCG TAC CTG TCT TCT GAA GAA TTC AAG GAA AAA TTC GGT ATG ACC AAG GAG GCG TTC CGT AAG CTG CCG AAA TGG AAA CAG AAC AAA TTC AAA ATG GCG GTT CAG CTG TTC,0.7948020335089137
CCG GCG CAC CCG TAC GAC CGT CTG AAA ACT ACC TCT ACC GAC CCG GTT TCT GAC ATC GAC GTG ACC AAC CGT GAA GCG TAC CTG TCT TCC GAA GAG TTC AAG GAA AAA TTC GGC ATG ACC AAG GAG GCG TTC AAC AAA CTG CCG AAA TGG AAA CAG AAC AAG TTC AAA ATG GCG GTG CAG CTG TTT,0.5860836062757546
CCG GCG CAC CCG TAC GAC CGT CTG AAA ACC ACC TCT ACC GAT CCG GTT TCT GAC ATT GAC GTT ACC CGT ATG GAG GCG TAC CTG TCC TCT GAA GAA TTC AAG GAG AAA TTC GGT ATG ACC AAG GAA GCG TTC TAC AAA CTG CCG AAA TGG AAG CAG AAC AAA TTC AAA ATG GCG GTT CAG CTG TTC,1.02504547355429
CCG GCT CAC CCG TAC GAC CGT CTG AAA ACC ACC TCT ACC GAC CCG GTT TCT GAC ATC GAC GTT ACC TAC CGT TAT GCG TAC CTG TCT TCC GAG GAG TTC AAG GAA AAA TTC GGT ATG ACC AAA GAG GCG TTC TAC AAG CTG CCG AAA TGG AAA CAG AAC AAG TTC AAA ATG GCG GTT CAG CTG TTC,0.6033160338615122
CCG GCG CAC CCG TAC GAC CGT CTG AAA ACC ACC TCT ACC GAT CCG GTT TCT GAC ATC GAC GTT ACC CGT CGT GAA GCG TAC CTG TCT TCC GAG GAA TTC AAG GAG AAG TTC GGT ATG ACC AAA GAG GCG TTC TAC AAA CTG CCG AAA TGG AAA CAG AAC AAA TTC AAA GAA GCG GTT CAG CTG TTC,1.0843090387157486
CCG GCG CAC CCG TAC GAC CGT CTG AAA ACC ACC TCT ACC GAC CCG GTT TCT GAC ATC CAG GTT TTC CGT CGT GAA GCG TAC CTG TCC TCT GAG GAA TTC AAG GAA AAG TTC GGC ATG ACC AAA GAA GCG TTC TAC AAA CTG CCG AAA TGG AAA CAG AAC AAA TTC AAA ATG GCG GTT CAG CTG TTT,0.3050103411274255
CCG GCG CAC CCG TAC GAC CGT CTG AAA ACC ACC TCT ACC GAC CCG GTT TCT GAC ATC GAC GTT ACC CGT CGT GAA GCT TAC CTG TAC TCC GAG GTG TTC AAA GAG AAG TTC GGT ATG ACC AAA GAA GCG TTC TAC AAA CTG CCG AAG TGG AAA CAG AAC AAA TTC AAA ATG GCG GTT CAG CTG TTC,0.6813222439272408
CCA GCT CAC CCG TAC GAC CGT CTG AAA ACC ACC TCT ACC GAT CCG GTT TCT GAC ATC GAC GTT ACC GGT CGT GAA GCG TAC CTG TCT TCC GAA GAA TTC AAA GAA AAA TTC GGC ATG ACC AAA GAA GCG TTC AAC AAA CTG CCG AAA TGG AAA CAG AAC AAG TTC AAA ATG GCG GTT CAG CTG TTC,0.6396010425434571
CCA GCG CAC CCG TAC CCG CGT CTG GAC ACT ACC TCT ACC GAC CCG GTT TCT GAC ATC GAC GTG ACT CGC CGT GAG GCG TAC CTG TCC TCC GAA GAG TTC AAA GAA AAG TTC GGC ATG ACC AAA GAG GCT TTC TAC AAA CTG CCG AAA TGG AAA CAG AAC AAA TTC AAA ATG GCG GTG CAG CTG TTC,0.7171468688670051
CCG GCT CAC CCG TAC GAC CGT TAC AAA ACC ACC TCT ACC GAC CCG GTT TCT GAC ATC GAC GTT ACC CGT CGT GAA GCG TAC CTG TCC TCT GAA GAA TTC AAG GAA AAA TTC GGC ATG ACC AAG GAA GCG TTC TAC AAG CTG CCG AAA TGG AAA CAG AAC AAG TTC AAA ATG GCG GTG CAG CTG TTC,0.8872751075310221
CCG GCG CAC CCA TAC GAC CGC CTG AAA ACC ACC TCT ACC GAC CCG GTT TCT GAC ATC GAC GTT ACC CGT CGT GAA GCT TAC CTG TCT TCT GAG GAA TTC AAA GAA AAG TTC GGC ATG ACC AAA GAA GCG TTC AAA AAG CTC CCG AAG TGG AAA CAG AAC AAA TTC AAG ATG GCG GTT CAG CTG TTC,0.538992377972365
CCG GCG CAC CCG TAC GAC CGT CTG AAA ACC ACC TCT ACC GAC CCG GTT TCT GAC ATT GAT GTT ACC CGT CGC GAG GCG TAC CTG GTT TCC GAA CTG TTC AAA GAG AAA TTC GGT ATG ACC AAG GAA GCG TTC TAC AAA CTG CCG AAA TGG AAA CAG AAC AAA TTC AAA ATG GCG GTG CAG CTC TTT,0.7878751837956341
CCA GCG CAC CCA TAC GAC CGT CTG AAA ACC ACC TCT ACC GAC CCA GTT TCT GAC ATC GAC GTT ACC GTT CGT GAA GCG TAC CTG TCC TCT GAA GAA TTC AAA GAA AAG TTC GGC ATG ACC AAA GAA GCG TTC TAC AAA CTG CCG AAA TGG AAG CAG AAC AAA TTC TAC ATG GCG GTG CAA CTG TTC,0.8994739616756695
CCG GCG CAC CCG TAC GAC GAA CTG AAA ACC ACC TCT ACT TTC CCG GTT TCT GAC ATT GAC GTT ACT CGT CGT GAA GCG TAC CTG TCC TCT GAG GAG TTC AAA GAA AAA TTC GGC ATG ACT AAG GAA GCG TTC TAC AAA CTG CCG AAA TGG AAA CAG AAC AAA TTC AAA ATG GCG GTT CAG CTG TTC,1.1292010509478816
CCG GCT CAC CCG TAC GAC CGT CTG AAA ACC ACT TCT ACC GAC CCG GTT TCT GAC ATT GAC GTT ACC CGT CGT GAC GCG TAC CTG TCT TCC GAG GAA TTC AAA GAG AAA TTC GGC ATG ACC AAA GAG GCG TTC GAA AAA CTG CCG AAA TGG AAA CAG AAC AAG TTC AAG ATG GCG GTT CAG CTG TTC,0.3750379079022692
CCG GCG CAC CCG TAC GAC CGT CTG CTG ACC ACC TCT ACC GAT CCG GTT TCT GAC ATC GAC GTT ACC CGT CGT GAG GCG TAC CTG TCT TCT GAG GAG TTC AAG GAG AAG TTC GGT ATG ACC AAA GAA GCG TTC TAC AAA CTG CCG AAA TGG AAA CAG AAC AAA TTC AAA ATG GCG GTT CAG CTG TTC,0.957363123359604
CCG GCG CAC CCG TAC GAC CGT CTG AAA ACT ACC TCT ACC GAC CCG GTT TCT TGG ATC GAC GTT ACC CGT CGT GAA GCG TAC CTC TCC TCT GAG GAA TTC AAG GAA AAA TTC GGC ATG ACC AAG GAA GCG TTC TAC AAA CTG CCG AAA TGG AAA CAG AAC AAA TTC AAA ATG GCG GTT CAA CTG TTC,0.671436662152322
CCA GCG CAC CCG TAC GAC CGT CTG AAA ACC ACC TCT ACC GAT CCG GTT TCT GAC ATC GAC GTT ACC ATC CGT GGT GCG TAC CTG TCT TCC GAG GAA TTC AAG GAG AAG TTC GGT ATG ACC AAA GAA GCG TTC TAC AAG CTG CCG AAA TGG AAA CAG AAC AAA TTC AAA ATG GCG GTT CAG CTG TTT,0.8922413582988075
CCG GCG CAC CCG TAC GAC CGT CTG AAA ACC ACC TCT ACT GAC CCG GTT TCT GAC ATC ATT GTG CCA CGC CGT GAG GCG TAC CTG TCT TCT GAA GAG TTC AAA GAA AAG TTC GGC ATG ACC AAA GAA GCG TTC TAC AAA CTG CCG AAA TGG AAA CAG AAC AAA TTC AAA ATG GCG GTT CAG CTG TTT,0.5838824573646737
CCG GCG CAT CCG TAC GAC CGT CTG AAA ACC ACC TCT ACC GAT CCG GTT TCT GAC ATC GAC GTT ACC TTC CGT GAA GCG TAC CTG TCT TCT GAA GAG TTC AAA GAG AAA TTC GGC ATG ACC AAA GAA GCG TTT ATG AAG CTG CCG AAG TGG AAA CAG AAC AAA TTC AAA ATG GCG GTT CAA CTG TTC,0.6770057531936202
CCG GCT CAC CCG TAC GAC ATC CTG AAA ACC ACC TCT ACC GAC CCG GTT TCT GAC ATC GAC GTT ACC CGT CGT GAA GCT TAC CTG TCC TCC GAA GAG TTC AAA GAA AAA TTC GGC ATG ACC AAA GAA GCG TTC TAC AAA CTG CCG AAA TGG AAG CAG AAC AAA TTC AAA ATG GCG GTT CAG CTG TTC,1.007054170470489
CCG GCG CAC CCG TAC GAC CGT CTG AAA ACC ACC TCT ACT GAC CCG GTT TCT GAC ATC CGT GTT GAA CGT CGT GAA GCG TAC CTG TCC TCT GAG GAG TTC AAA GAA AAA TTC GGT ATG ACC AAG GAG GCG TTC TAC AAA CTG CCG AAA TGG AAA CAG AAC AAA TTC AAA ATG GCG GTT CAG CTC TTC,0.7279751075630587
CCG GCG CAC CCG TAC CTG CGC CTG TGG ACC ACT TCT ACC GAC CCG GTT TCT GAC ATT GAC GTT ACC CGT CGT GAG GCG TAC CTC TCT TCT GAA GAG TTC AAG GAA AAG TTT GGC ATG ACC AAA GAA GCG TTC TAC AAA CTG CCG AAA TGG AAG CAA AAC AAA TTC AAA ATG GCT GTT CAG CTC TTT,0.1212654607140847
CCG GCG CAT CCG TAC AAC CGT CTG TCT ACC ACC TCT ACC GAC CCG GTT TCT GAT ATC GAC GTT ACC CGT CGT GAG GCG TAC CTG TCT TCT GAG GAG TTC AAA GAA AAA TTC GGC ATG ACC AAA GAA GCG TTC TAC AAA CTG CCG AAA TGG AAA CAG AAC AAA TTC AAA ATG GCG GTT CAG CTG TTC,0.7041188216993668
CCA GCG CAC CCG TAC GAC CGC CTG AAA ACC ACC TCT ACC GAC CCG GTT TCT GAC ATC GAC GTT ACC CGT CGT GAA GCG TAC CTC AAC TCT GAA TGC TTC AAG GAA AAA TTC GGT ATG ACC AAA GAA GCG TTC TAC AAA CTG CCG AAA TGG AAA CAG AAC AAA TTC AAA ATG GCG GTG CAA CTC TTC,1.0540334624836525
CCG GCG CAC CCG TAC GAC CGT CTG AAA ACC ACC TCT ACC GAC CCG GTT TCT GAT ATC GAC GTT ACC CGT CGT GCG GCG TAC CTG TCT TCC GAA GAG TTC AAA GAA AAA TTC GGC ATG ACC AAA GAA GCG TTC ATC AAA CTC CCG AAG TGG AAA CAG AAC AAG TTC AAG ATG GCG GTG CAG CTG TTC,0.3674304004590654
CCG GCG CAC CCG TAC GAC CGT CTG AAA ACC ACC TCT ACC GAC CCG GTT TCT GAC ATC GAC GTT ACT GAC CGT TAC GCT TAC CTG TCC TCC GAG GAG TTC AAA GAA AAA TTC GGT ATG ACC AAG GAA GCG TTC TAC AAA CTG CCG AAA TGG AAG CAG AAC AAA TTC AAA ATG GCG GTT CAG CTC TTT,0.650220593152641
CCG GCG CAC CCG TAC ACC CGT CTG AAA ACC ACT TCT ACC GAC CCA GTT TCT GAC ATC GAC GTT ACC CGT CGT GAG GCG TAC CTG TCT TCT GAA GAA TTC AAG GAG AAG TTC GGT ATG ACC AAG GAA GCG TTC TAC AAA CTG CCG AAA TGG AAA CAG AAC AAA TTC AAA ATG GCG GTT CAG CTG TTC,-0.6435997010033174
CCG GCT CAC CCG TAC GAC CGT CTG AAA ACC ACC TCT ACC GAC CCG GTT TCT GAC ATC GAC GTT ACC CAC CGT GAA GCG TAC CTG TCT TCC GAA GAA TTC AAA GAA AAG TTT GGC ATG ACC AAA GAG GCG TTC TAC AAA CTG CCG AAA TGG AAG CAG AAC AAG TTC CCG ATG GCG GTG CAG CTG TTT,0.3059733039462606
CCG GCG CAC CCG TAC GAC TCT CTG AAA ACC ACC TCT ACC AAA CCA GTT TCT GAC ATC GAC GTT ACC CGT CGT GAA GCG TAC CTG TCC TCT GAG GAA TTC AAG GAA AAA TTC GGT ATG ACC AAG GAG GCG TTC TAC AAA CTG CCG AAA TGG AAG CAG AAC AAA TTC AAA ATG GCG GTT CAG CTG TTC,0.7922287920128177
CCG GCG CAC CCG TAC GAC CGT CTG AAA ACC ACT TCT ACC GAC CCG GTT TCT GAC ATC GAC GTG ACC CGC CGT GAG GCG TAC CTC TCT TCT TGG GAG TTC AAA GAG AAA TTT GGC ATG ACC AAA GAA GCG TTC TAC AAA CTG CCG AAA TGG AAA CAG AAC AAA TTC AAA ATG GCG GTT CAG CTG TTC,1.033083446839654
CCG GCG CAC CCG TAC GAC CGT CTC CAG ACT ACC TCT ACC GAC CCA GTT TCT GAC ATT GAC GTT ACC CGT CGC GAA GCG TAC CTG TCT TCC GAA GAG TTC AAA GAG AAG TTC GGC ATG ACC AAA GAA GCG TTC TAC AAA CTG CCG AAA TGG AAA CAG AAC AAA TTC AAA ATG GCG GTT CAG CTG TTC,1.1574882409389755
CCG GCG CAC CCG TAC GAC CGT CTG AAA ACC ACC TCT ACC GAC CCG GTT TCT GAC ATT GAC GTT ACC CGT CGT GAC GCG TAC CTG TCT TCT GAA GAG TTC AAA GAA AAG TTC GGC ATG ACC AAG GAA GCG TTT CGT AAA CTG CCG AAA TGG AAA CAG AAC AAA TTC AAG ATG GCG GTT CAG CTG TTC,0.5172319003140461
CCG GCG CAC CCG TAC GAC CGT CTG AAA ACC ACC TCT ACC GAC CCG GTT TCT GAC ATC GAC GTT ACC CGT CGT CGT GCG TAC CTG TCT TCC GAG GAA TTC AAG GAA AAA TTC GGC ATG ACC AAA GAA GCG TTC TAC AAA CTG CCG AAA TGG AAA CAG AAC AAG TTC CAA ATG GCT GTT CAG CTG TTC,0.5069094844723464
CCG GCT CAC CCG TAC GAC CGT CTG AAA ACC ACC TCT ACC GAC CCA GTT TCT GAC ATC GAC GTT ACC CGT CGT ATG GCT TAC CTC TCC TCC GAG GAA TTC AAA GAA AAG TTC GGT ATG ACC AAA GAG GCG TTC TAC AAA CTG CCG AAG TGG AAA CAG AAC AAA TTC GGC ATG GCG GTG CAG CTG TTC,0.7007788411725426
CCA GCG CAC CCG TAC GAC CGT CTG AAA ACC ACC TCT ACC GAC CCG GTT TCT GAT ATC GAC GTT ACC CGT CGT GAA GCG TAC CTG CCA TCC GAA ATG TTC AAA GAA AAA TTC GGC ATG ACC AAG GAA GCG TTC TAC AAA CTG CCG AAG TGG AAA CAG AAC AAA TTC AAG ATG GCG GTT CAG CTG TTC,0.4101985655855316
CCG GCG CAC CCG TAC GAC CGT CTG AAA ACC ACC TCT ACC GAC CCG GTT TCT GAC ATC GAC GTT ACC TTC CGT GAA GCG TAC CTC TCC TCT GAG GAG TTC AAA GAG AAA TTC GGT ATG ACC AAA GAG GCG TTC CTG AAA CTG CCG AAA TGG AAA CAG AAC AAA TTC AAA ATG GCG GTT CAG CTG TTC,0.7579826866657297
CCG GCT CAC CCG TAC GAC CGT CTG AAA ACC ACC TCT ACC GAC CCG GTT TCT GAT ATC CCG GTT GAA CGT CGT GAA GCG TAC CTG TCT TCT GAG GAA TTC AAG GAA AAA TTC GGC ATG ACC AAA GAA GCG TTC TAC AAA CTG CCG AAA TGG AAG CAG AAC AAA TTC AAA ATG GCG GTT CAG CTG TTC,0.5428678841680983
CCA GCG CAC CCG TAC GAC CGT CTG AAA ACT ACC TCT ACC GAC CCG GTT TCT GAC ATC GAC GTT ACC GCG CGT CAG GCG TAC CTG TCC TCT GAA GAG TTC AAG GAA AAA TTC GGC ATG ACC AAA GAG GCG TTC TAC AAA CTG CCG AAA TGG AAA CAG AAC AAG TTC AAA ATG GCT GTT CAG CTG TTT,0.7956723997683874
CCG GCG CAC CCG TAC GAC CGT CTG AAA ACC ACC TCT ACC GAC CCG GTG TCT GAC ATC GAC GTT ACC CGT CGT GAA GCG TAC CTC TCT TCT GAA GAG TTC AAA GAG AAG TTC GGT ATG ACC AAG GAA GCG TTC TAC AAA CTG CCG AAA TGG AAG CAG AAC AAA TTC AAA ATG GCG TCT CAG CTG TTC,0.7867749343172574
CCG GCG CAC CCG TAC GAC CGT CTG AAA ACC ACC TCT ACC GAT CCG GTT TCT GAC ATC GAC GTT ACC CGT CGT GGC GCG TAC CTC TCT TCC GAA GAG TTC AAA GAG AAA TTC GGT ATG ACC AAA GAG GCT TTC TAC AAA CTG CCG AAG TGG AAA CAG AAC AAA TTC AAG ATG GCG GTT CAG CTG TTC,0.5714308177820954
CCG GCG CAC CCG TAC GAC CGT CTG AAA ACC ACC TCT ACC GAC CCG GTT TCC GAC ATC ATG GTT CCG CGT CGC GAG GCG TAC CTG TCT TCT GAA GAA TTC AAA GAA AAG TTC GGT ATG ACC AAG GAA GCG TTC TAC AAA CTG CCG AAA TGG AAA CAG AAC AAA TTC AAG ATG GCT GTT CAG CTG TTC,0.5548723491561556
CCG GCG CAC CCG TAC GAC CAG CTG AAA ACC ACC TCT ACC TAC CCG GTT TCT GAC ATC GAC GTT ACC CGT CGT GAA GCG TAC CTG TCC TCC GAG GAG TTC AAA GAA AAA TTC GGT ATG ACC AAG GAA GCG TTC TAT AAG CTC CCG AAG TGG AAA CAG AAC AAG TTC AAG ATG GCG GTT CAA CTG TTC,0.9915290693173704
CCG GCG CAC CCG TAC GAC CGT CTG AAA ACC ACT TCT ACC GAC CCG GTT TCT ATC ATC GAC GTT ACC CGT CGC GAA GCG TAC CTG TCT TCC GAG GAA TTC AAG GAA AAG TTT GGC ATG ACC AAG GAA GCG TTC TAC AAA CTG CCG AAA TGG AAA CAG AAC AAA TTC AAA ATG GCG GTG CAG CTG TTC,0.5824362021045497
CCA GCG CAC CCG TAC GAC CGT CTG AAA ACC ACT TCT ACC GAC CCG GTT TCT GAC ATC ACC GTT TGG CGT CGT GAA GCG TAC CTG TCC TCT GAG GAA TTC AAA GAA AAA TTC GGC ATG ACC AAG GAG GCG TTC TAC AAA CTC CCG AAA TGG AAA CAG AAC AAG TTC AAA ATG GCG GTT CAG CTG TTC,-0.9944056486696862
CCA GCG CAC CCG TAC GAC CGT CTG AAA ACC ACC TCT ACC GAC CCG GTT TCT GAC ATC GAC GTT ACC CGT CGT GAA GCG TAC CTG TCT TCC CTG GAG TTC AAG GAA AAA TTC GGT ATG ACC AAA GAA GCG TTC TAC AAA CTG CCG AAA TGG AAA CAG AAC AAG TTC AAA ATG GCG GTT CAG CTG TTC,0.9492853321008644
CCG GCG CAT CCG TAT ATC CGT CTG GAC ACC ACC TCT ACC GAC CCG GTT TCT GAC ATC GAC GTT ACC CGT CGT GAG GCG TAC CTG TCT TCC GAA GAG TTC AAA GAG AAG TTC GGT ATG ACC AAA GAG GCG TTC TAC AAG CTG CCG AAA TGG AAA CAG AAC AAA TTC AAA ATG GCG GTT CAG CTG TTT,0.6401110090892096
CCA GCT CAT CCG TAC GAC CGC CTG AAA ACT ACC TCT ACC GAC CCA GTT TCC GAC ATC GAC GTT ACC CGT CGT GAA GCG TAC CTG TCT TCC GAG GAA TTC AAA GAG AAA TTC GGC ATG ACC AAA GAA GCG TTC TAC AAA CTG CCG AAA GTG AAA CAG AAC AAG TTC AAA ATG GCG GTG CAG CTG TTC,0.7094527189675486
CCG GCT CAC CCG TAC GAC CGT CTG AAG ACC ACT TCT ACC GAC CCA GTT TCT GAC ATC GAC GTT ACC CGT CGT CTG GCG TAC CTC TCC TCC GAA GAA TTC AAA GAA AAG TTC GGC ATG ACC AAG GAG GCG TTC TAC AAG CTC CCA AAG TGG AAA CAG AAC AAG TTC GAC ATG GCG GTT CAG CTG TTC,0.6003713178388265
CCG GCG CAC CCG TAC GAC CGT CTG AAA ACC ACC TCT ACC GAC CCG GTT TCT GAC ATC GAC GTT ACT CCG CGT GAA GCG TAC CTG TCC TCT GAA GAA TTC AAG GAG AAG TTC GGC ATG ACC AAA GAA GCG TTT TAC AAG CTC CCG AAA TGG AAA CAG AAC AAA TTC CAC ATG GCG GTT CAG CTG TTC,0.804610873039749
CCG GCT CAC CCG TAC GAC CGT CTG AAA ACC ACC TCT ACC GAC CCG GTT TCT GAC ATT GAC GTT ACC CTG CGC GAA GCT TAC CTG TCT TCT GAG GAA TTC AAG GAA AAA TTC GGC ATG ACC AAA GAA GCT TTC TAC AAA CTG CCG AAG TGG AAA CAG AAC AAG TTC GAA ATG GCG GTG CAA CTG TTC,0.4586712308707503
CCG GCG CAT CCG TAC GAC CGT CTG AAG ACT ACC TCT ACC GAC CCG GTT TCT GAC ATC GAC GTT ACT CGT CGT GAA GCG TAC CTG TCT TCC GAG GAA TTC AAG GAA AAA TTC GGT ATG ACC AAA GGT GCG TTC TAC AAA CTG CCG AAA TGG AAA CAG AAC AAA TTC AAA ATG GCG GTT CAA CTC TTT,0.8737702250323789
CCA GCG CAC CCG TAC GAC CGT CTG AAG ACC ACT TCT ACC GAC CCG GTT TCT GAC ATC CTG GTT CTG CGT CGT GAA GCG TAC CTG TCT TCC GAG GAA TTC AAG GAG AAA TTT GGT ATG ACC AAG GAA GCG TTC TAC AAA CTC CCG AAA TGG AAA CAG AAC AAG TTC AAG ATG GCG GTG CAG CTG TTC,0.3389415065327252
CCG GCG CAC CCG TAC GAC CGT CTG AAA ACC ACC TCT ACC GAC CCG GTT TCC GAC ATT GAC GTT ACT CGT CGT GAG GCG TAC CTG TCT TTC GAG GAA TTC AAG GAA AAG TTC GGT ATG ACC AAA GAG GCG TTC TAC AAA CTG CCG AAA TGG AAA CAG AAC AAA TTC AAA ATG GCG GTG CAG CTC TTC,1.2021802179445409
CCG GCT CAT CCG TAC GAC CAG CTG AAA ACC ACC TCT ACC CTG CCG GTT TCT GAT ATC GAC GTT ACT CGT CGT GAA GCG TAC CTC TCC TCT GAA GAA TTC AAG GAA AAG TTC GGT ATG ACC AAG GAA GCG TTC TAC AAA CTG CCG AAG TGG AAA CAG AAC AAA TTC AAA ATG GCG GTT CAG CTC TTC,0.9449608420784388
CCA GCG CAC CCG TAC GAC GCG CTC AAA ACC ACC TCT ACC TGC CCA GTT TCT GAC ATC GAC GTT ACC CGT CGT GAA GCG TAC CTG TCC TCT GAA GAA TTC AAG GAG AAA TTC GGT ATG ACC AAG GAG GCG TTC TAC AAA CTG CCG AAA TGG AAA CAA AAC AAA TTC AAA ATG GCG GTG CAG CTG TTC,1.494802402600325
CCA GCG CAC CCG TAC GAC CGT CTG AAA ACC ACC TCT ACC GAC CCG GTT TCT GAC ATC GAC GTT ACC CGT CGT GAG GCG TAC CTG TCT TCT GAA GAA TTC AAA GAA AAG TTC GGC ATG ACT CCG GAA GCG TTC TAC AAA CTG CCA AAA TGG AAG CAG AAC AAG TTC AAG ATG GCG GTG CAG CTC TTC,0.8729047657548907
CCG GCG CAC CCG TAC GAC CGT CTG AAA ACC ACC TCT ACC GAC CCG GTT TCC GAC ATT GAC GTT ACC CGT CGT ACC GCG TAT CTG TCT TCT GAA GAG TTC AAG GAA AAA TTC GGC ATG ACC AAA GAA GCG TTC AAC AAA CTG CCG AAA TGG AAA CAG AAC AAA TTC AAA ATG GCG GTT CAG CTC TTC,0.5834611855079459
CCA GCG CAC CCG TAC GAT CAA CTG AAA ACC ACC TCT ACC TTC CCG GTT TCT GAT ATC GAC GTT ACC CGT CGT GAA GCG TAC CTG TCT TCC GAG GAG TTC AAA GAG AAG TTC GGT ATG ACC AAA GAA GCG TTC TAC AAA CTG CCG AAA TGG AAG CAG AAC AAA TTC AAA ATG GCG GTG CAA CTG TTC,0.8414994155759026
CCG GCG CAC CCG TAC GAC CGT CTG AAA ACC ACC TCT ACC GAC CCG GTT TCT GAC ATC GAC GTT ACC CAC CGT TAC GCT TAC CTC TCC TCT GAG GAG TTC AAA GAA AAG TTC GGT ATG ACC AAA GAG GCG TTT TAC AAA CTG CCG AAA TGG AAA CAG AAC AAA TTC AAA ATG GCG GTG CAG CTG TTC,0.9116104387489846
CCG GCG CAC CCG TAC GAC CGT CTG AAA ACC ACC TCT ACC GAC CCG GTT TCT GAC ATC GAC GTT ACC CTG CGT GAA GCG TAC CTG TCT TCT GAG GAG TTC AAG GAG AAA TTC GGT ATG ACC AAA GAG GCG TTC CAG AAA CTG CCG AAA TGG AAA CAG AAC AAA TTC AAA ATG GCG GTT CAG CTG TTC,0.6919972880032403
CCG GCG CAC CCG TAC GAC CGT CTG AAA ACT ACC TCT ACC GAC CCG GTT TCT GAC ATC GAC GTT ACC ACC CGT TGG GCG TAC CTG TCT TCT GAA GAA TTC AAA GAG AAG TTC GGC ATG ACC AAG GAA GCG TTC TAC AAA CTG CCG AAA TGG AAA CAG AAC AAG TTC AAA ATG GCG GTT CAG CTG TTC,0.8457153304676972
CCG GCG CAC CCG TAC GAC CGT CTG AAA ACT ACC TCT ACC GAC CCG GTT TCT GAC ATC GAC GTT ACC CTG CGT TTC GCG TAC CTG TCT TCT GAG GAG TTC AAA GAA AAA TTC GGC ATG ACC AAA GAA GCG TTC TAC AAA CTG CCG AAA TGG AAA CAG AAC AAA TTC AAA ATG GCG GTT CAG CTG TTC,0.8494694162117724
CCG GCG CAC CCG TAC GAC CGT CTG AAA ACC ACC TCT ACC GAC CCG GTT TCT GAC ATC GAC GTT ACC CGT CGT GCG GCG TAC CTG TCC TCT GAA GAG TTC AAA GAG AAA TTC GGC ATG ACC AAA GAA GCG TTC CTG AAA CTG CCG AAA TGG AAG CAG AAC AAA TTC AAG ATG GCG GTG CAG CTC TTC,0.6794173929652758
CCG GCG CAT CCG TAC GAT CGC CTG AAA ACC ACC TCT ACC GAC CCG GTG TCT GAC ATC GAC GTT ACC CGT CGT GAA GCG TAT CTG TCC TCC GAA GAG TTC AAA GAA AAG TTC GGC ATG ACT AAA GAA GCG TTC ACC AAA CTG CCG AAA TGG AAA CAG AAC AAA TTC GGT ATG GCT GTT CAG CTG TTC,-0.1896702487241695
CCG GCG CAC CCG TAC GAC CAG CTG AAA ACC ACC TCT ACC ATC CCG GTT TCT GAC ATC GAC GTT ACC CGT CGT GAA GCG TAC CTG TCT TCT GAA GAA TTC AAA GAG AAG TTC GGC ATG ACC AAA GAA GCG TTC TAC AAA CTG CCG AAA TGG AAA CAG AAC AAG TTC AAA ATG GCG GTT CAA CTG TTC,0.7740079610210321
CCG GCG CAC CCG TAC GAC CGT CTG AAA ACT ACC TCT ACC GAC CCG GTT TCT GAC ATC GAC GTT ACT CGT CGT GAA GCG TAC CTG TGC TCT GAA TGC TTC AAA GAA AAG TTC GGT ATG ACC AAG GAA GCG TTC TAC AAA CTG CCG AAA TGG AAA CAG AAC AAA TTC AAA ATG GCT GTG CAG CTG TTC,0.8986484787582492
CCG GCT CAC CCG TAC GAC CGT CTG AAA ACC ACC TCT ACC GAC CCG GTT TCT GAC ATC GAC GTT ACC CGT CGT GAC GCG TAC CTG TCC TCC GAA GAA TTC AAG GAA AAG TTC GGT ATG ACC AAA GAG GCG TTC GTG AAA CTC CCG AAA TGG AAG CAG AAC AAA TTC AAA ATG GCT GTT CAG CTG TTT,0.5085964934673515
CCG GCT CAC CCG TAC GAC CGT CTG AAA ACC ACT TCT ACT CCA CCA GTT TCT GAC ATT GAC GTT ACC CGT CGC GAG GCG TAT CTG TCT TCT GAG GAG TTC AAG GAA AAG TTT GGC ATG ACC AAA GAA GCG TTC TAC AAA CTG CCG AAG TGG AAA CAG AAC AAA TTC AAA ATG GCT GTT CAG CTG TTC,0.7540161567265962
CCG GCT CAC CCG TAC ATG CGT CTG ACC ACC ACC TCT ACC GAT CCG GTT TCT GAT ATC GAC GTT ACC CGT CGT GAA GCG TAC CTG TCT TCC GAA GAG TTC AAG GAA AAA TTC GGC ATG ACC AAA GAA GCG TTC TAC AAA CTG CCG AAA TGG AAA CAG AAC AAA TTC AAA ATG GCG GTT CAG CTG TTC,0.2649683099444384
CCG GCT CAC CCG TAC GAC CGT CTG AAA ACC ACC TCT ACC GAC CCG GTT TCT GAC ATT GAC GTT ACC CGT CGT GAA GCG TAC CTG GAG TCC GAG TAC TTC AAG GAG AAA TTC GGT ATG ACC AAA GAA GCG TTC TAC AAA CTG CCG AAA TGG AAG CAG AAC AAA TTC AAA ATG GCG GTT CAG CTG TTC,0.6270893989713492
CCG GCG CAC CCG TAC GAC CGT CTG AAA ACC ACT TCT ACC GAC CCG GTT TCT GAC ATT GAC GTT ACC CGT CGT TGG GCG TAC CTG TCT TCT GAG GAA TTC AAG GAG AAA TTC GGT ATG ACC AAG GAA GCG TTC GAA AAA CTG CCG AAA TGG AAA CAG AAC AAG TTC AAG ATG GCG GTT CAG CTG TTC,0.7145624951910432
CCG GCG CAC CCG TAC GAC CGC CTG AAA ACC ACC TCT ACC GAC CCG GTT TCT GAC ATC GCG GTT CGT CGT CGT GAA GCG TAC CTG TCC TCC GAA GAA TTC AAG GAA AAA TTC GGT ATG ACC AAG GAG GCG TTC TAC AAA CTC CCG AAA TGG AAA CAG AAC AAG TTC AAA ATG GCG GTT CAA CTG TTC,0.5918502478127681
CCG GCG CAC CCG TAC ATG CGT CTG GTT ACC ACC TCT ACC GAC CCG GTT TCT GAC ATT GAC GTT ACC CGT CGT GAA GCG TAC CTC TCT TCT GAG GAG TTC AAG GAG AAA TTC GGC ATG ACC AAG GAA GCT TTC TAC AAA CTG CCG AAA TGG AAA CAG AAC AAA TTC AAA ATG GCG GTG CAA CTG TTC,0.3034025632708457
CCG GCT CAC CCG TAC GCT CGT CTG GCG ACC ACC TCT ACC GAC CCG GTT TCT GAC ATC GAC GTT ACC CGT CGT GAA GCT TAC CTG TCC TCC GAG GAA TTC AAG GAG AAA TTC GGT ATG ACC AAA GAG GCG TTC TAC AAG CTG CCG AAG TGG AAG CAG AAC AAA TTC AAA ATG GCG GTG CAA CTG TTT,-0.0565336203533057
CCG GCT CAC CCG TAC GAC CGT CTG AAA ACC ACC TCT ACC GAC CCG GTT TCT GAC ATC GAC GTT ACC GCG CGT GAA GCG TAC CTG TCC TCC GAA GAG TTC AAG GAA AAG TTC GGT ATG ACC AAA GAA GCG TTC CCG AAA CTG CCG AAA TGG AAA CAG AAC AAA TTC AAA ATG GCG GTG CAG CTG TTT,-1.4490145549284903
CCG GCT CAC CCG TAC GAC CGT CTG AAA ACC ACC TCT ACC GAC CCG GTT TCT GAC ATC GAC GTT ACC CGT CGT GAA GCG TAC CTC TCC TCT GAG GAG TTC AAG GAG AAG TTT GGT ATG ACC AAG GAG GCG TTC TAC AAA CTG CCG CTG TGG AAA CAG AAC AAA TTC AAA ATG GCG GTG CAA CTG TTC,1.5074729662596575
CCA GCT CAC CCG TAC CAG CGT CTG ATG ACC ACC TCT ACC GAC CCG GTT TCT GAT ATC GAC GTT ACC CGC CGT GAA GCG TAC CTG TCC TCT GAA GAG TTC AAA GAA AAG TTC GGC ATG ACC AAA GAA GCG TTC TAC AAA CTG CCG AAG TGG AAA CAG AAC AAA TTC AAA ATG GCG GTT CAG CTG TTC,0.2687589637331565
CCG GCG CAC CCG TAC GAC CGT CTG AAA ACC ACC TCT ACC GAC CCG GTT TCT GAC ATC GAC GTT ACC CTG CGT CGT GCG TAC CTG TCT TCT GAG GAG TTC AAA GAG AAA TTC GGT ATG ACC AAG GAA GCG TTC TAC AAA CTG CCG AAA TGG AAA CAG AAC AAA TTC AAA ATG GCG GTT CAG CTG TTC,0.772490525987406
CCG GCG CAC CCG TAC CAC CGT CTG TGG ACC ACC TCT ACT GAC CCG GTT TCT GAC ATT GAC GTT ACC CGT CGC GAA GCG TAC CTG TCC TCT GAA GAG TTC AAA GAG AAG TTC GGT ATG ACC AAG GAG GCG TTC TAC AAA CTG CCG AAA TGG AAA CAG AAC AAA TTC AAA ATG GCG GTT CAG CTG TTC,0.3550893715778926
CCG GCG CAC CCG TAC ATG CGT CTC AAT ACC ACC TCT ACC GAC CCG GTT TCT GAC ATC GAC GTT ACC CGT CGT GAA GCG TAC CTG TCC TCC GAG GAA TTC AAA GAA AAG TTC GGT ATG ACC AAA GAA GCG TTC TAC AAA CTC CCG AAG TGG AAA CAG AAC AAG TTC AAA ATG GCG GTT CAA CTG TTC,-0.304363127499908
CCG GCG CAC CCG TAC GAC CGT CTG AAA ACC ACC TCT ACC GAT CCG GTT TCT GAC ATC GAC GTT ACC CGT CGT GAA GCG TAC CTG GAA TCT GAG GGT TTC AAA GAG AAG TTC GGT ATG ACC AAA GAA GCG TTC TAC AAA CTG CCG AAA TGG AAG CAG AAC AAA TTC AAA ATG GCG GTG CAG CTG TTC,0.2653274428564622
CCG GCG CAC CCA TAC GAC CGT CTG AAA ACT ACC TCT ACC GAC CCG GTT TCT GAT ATC GAC GTT ACC CGC CGT GAA GCG TAC CTG TCC TCT GAA GAA TTC AAG GAA AAG TTC GGT ATG ACC AAG GAG GCG TTC GAC AAA CTG CCG AAA TGG AAA CAG AAC AAA TTC TAC ATG GCG GTT CAG CTG TTC,0.6116933580927422
CCA GCG CAC CCG TAC GAC CGT CTG AAA ACC ACC TCT ACC GAT CCG GTT TCT GAC ATC GAC GTT ACC CGT CGT GAA GCG TAC CTG TCT TCT GAA GAA TTC AAA GCG AAG TTC GGT ATG ACC AAA GAA GCG TTC TAC AAA CTG CCG AAA TGG AAA CAG AAC AAG TTC AAA ATG GCG GTT CAG CTG TTC,1.0888531282563276
CCG GCT CAC CCG TAC GAC CGT CTG AAA ACC ACC TCT ACC GAC CCG GTT TCT GAC ATC GAC GTT ACC CGT CGT GAA GCG TAC CTG TCC TCC CAC GAA TTC AAA GAA AAA TTC GGC ATG ACC AAA GAG GCG TTC TAC AAA CTG CCG AAA TGG AAA CAG AAC AAG TTC AAA ATG GCG GTT CAG CTG TTC,1.230388165079583
CCG GCG CAC CCG TAC GAC CGT CTG AAA ACC ACC TCT ACC GAC CCG GTT TCT GAC ATC GAC GTT ACC TCT CGT GAA GCG TAC CTG TCC TCT GAA GAA TTC AAG GAA AAA TTC GGC ATG ACC AAG GAA GCG TTC TAC AAA CTC CCG AAA TGG AAA CAG AAC AAA TTC AAA ATG GCT GTT CAG CTG TTC,1.0525977320495092
CCG GCG CAC CCG TAC GAC CGT CTG AAA ACC ACC TCT ACC GAC CCG GTT TCT GAC ATC GAC GTT ACC ATG CGT GAA GCG TAC CTG TCC TCT GAA GAA TTC AAG GAA AAG TTC GGC ATG ACC AAA GAA GCG TTC AAC AAA CTG CCG AAA TGG AAA CAG AAC AAA TTC AAA ATG GCG GTG CAA CTG TTC,0.5892687155049068
CCG GCG CAC CCG TAC GAC CGT CAG AAG ACT ACC TCT ACC GAC CCG GTT TCT GAC ATT GAC GTT ACC CGT CGT GAA GCG TAC CTG TCC TCT GAA GAG TTC AAA GAA AAG TTC GGC ATG ACC AAA GAA GCG TTT TAC AAG CTG CCG AAA TGG AAA CAG AAC AAA TTC AAA ATG GCG GTG CAG CTC TTC,0.7174018761350409
CCG GCG CAC CCG TAC GAC CGT CTG AAA ACC ACC TCT ACC GAC CCG GTT TCT GAC ATC ATG GTT TCT CGT CGT GAA GCG TAC CTG TCT TCT GAG GAA TTC AAG GAG AAG TTC GGC ATG ACC AAA GAG GCG TTC TAC AAA CTG CCG AAA TGG AAA CAG AAC AAA TTC AAA ATG GCG GTT CAG CTG TTC,0.6575939379862968
CCG GCT CAC CCG TAC GAC CGT CTG AAA ACC ACC TCT ACC GAC CCG GTT TCT GAC ATT GAC GTT ACC CGT CGC GAG GCG TAC CTG TCT TCC GAA GAA TTC AAA GAA AAG GGT GGT ATG ACC AAG GAG GCG TTC TAC AAA CTG CCG AAG TGG AAA CAG AAC AAG TTC AAA ATG GCG GTT CAG CTG TTC,-0.9984997011499142
CCG GCT CAC CCG TAC GAC CGT CTG AAA ACC ACC TCT ACC GAC CCG GTT TCT GAC ATC GAC GTT ACC CGT CGT TCT GCG TAC CTG TCT TCC GAG GAG TTC AAG GAA AAA TTC GGT ATG ACC AAA GAA GCG TTC CCG AAA CTG CCG AAA TGG AAA CAG AAC AAA TTC AAA ATG GCG GTT CAG CTG TTC,0.1737520691612122
CCG GCG CAC CCG TAC CTG CGT CTG TGC ACC ACC TCT ACC GAC CCG GTT TCT GAC ATC GAC GTT ACC CGT CGT GAA GCG TAC CTC TCT TCC GAA GAG TTC AAA GAG AAA TTC GGT ATG ACC AAG GAA GCG TTC TAC AAA CTG CCG AAA TGG AAA CAG AAC AAA TTC AAA ATG GCG GTG CAG CTG TTC,1.4421356054214869
CCG GCG CAC CCG TAC GAC CGC CTG AAA ACC ACC TCT ACC GAC CCG GTT TCT GAC ATT GAC GTT ACT CGT CGT GAC GCG TAC CTG TCT TCT GAA GAG TTC AAG GAA AAA TTC GGT ATG ACC AAG GAA GCG TTT CAC AAA CTG CCG AAA TGG AAA CAG AAC AAA TTC AAA ATG GCG GTT CAG CTG TTC,0.6550369629173947
CCG GCG CAC CCG TAC GAC CGT CTG AAA ACC ACC TCT ACC GAC CCG GTT TCC GAC ATT GAC GTT ACC TCT CGT CCA GCG TAC CTG TCT TCT GAA GAG TTC AAG GAA AAA TTC GGC ATG ACC AAG GAG GCG TTC TAC AAA CTG CCG AAA TGG AAA CAG AAC AAA TTC AAA ATG GCG GTT CAG CTG TTC,0.6368647724246617
CCG GCG CAC CCG TAC GAC CGT CTG AAA ACC ACC TCT ACC GAC CCG GTT TCT GAT ATC GAC GTT ACC CGT CGT CAC GCG TAC CTG TCT TCT GAA GAA TTC AAG GAG AAA TTC GGT ATG ACC AAA GAG GCG TTT ATG AAA CTG CCG AAA TGG AAA CAG AAC AAA TTC AAA ATG GCG GTT CAG CTG TTC,0.9389807365264872
CCG GCG CAC CCG TAC GAC CGT CTG AAA ACC ACC TCT ACC GAC CCG GTT TCT GAC ATC GAC GTT ACC CGT CGT GAA GCG TAC CTG TCT TCC GAA GAG TTC AAA GAG AAA TTC GGC ATG ACC AAA GAA GCG TTC CGT AAA CTG CCG AAA TGG AAA CAG AAC AAA TTC GAC ATG GCG GTT CAG CTG TTC,0.4720722723623713
CCG GCG CAC CCG TAC GAC CGT CTG AAA ACC ACC TCT ACC GAC CCG GTT TCT GAC ATC GAC GTT ACC CAC CGT ATG GCG TAC CTG TCT TCT GAG GAG TTC AAG GAA AAA TTC GGC ATG ACC AAA GAA GCG TTC TAC AAA CTG CCG AAA TGG AAA CAG AAC AAA TTC AAA ATG GCG GTG CAA CTC TTT,0.908573112754152
CCG GCG CAT CCG TAC GAC CGT CTG AAA ACC ACC TCT ACC GAC CCG GTT TCT GAC ATC GAC GTT ACT ACC CGT ACT GCG TAC CTG TCT TCT GAA GAG TTC AAA GAA AAG TTC GGT ATG ACC AAA GAG GCG TTC TAC AAA CTG CCG AAA TGG AAA CAG AAC AAA TTC AAA ATG GCG GTT CAG CTG TTC,0.623979652384109
CCG GCT CAC CCG TAC GAC CGT CTG AAA ACT ACC TCT ACC GAC CCG GTT TCT GAC ATC ATG GTT CAC CGT CGT GAA GCG TAC CTG TCC TCT GAG GAG TTC AAA GAA AAA TTC GGC ATG ACC AAA GAG GCG TTC TAC AAA CTG CCG AAA TGG AAA CAG AAC AAA TTC AAA ATG GCG GTT CAG CTC TTT,0.5910619137540125
CCG GCG CAC CCG TAC GAC CGT CTG AAA ACC ACC TCT ACC GAC CCG GTT TCT GAC ATC GAC GTT ACC CGT CGT GAC GCG TAC CTG TCC TCC GAA GAA TTC AAA GAA AAA TTC GGC ATG ACC AAA GAG GCG TTC TAC AAA CTG CCG AAA TGG AAA CAG AAC AAG TTC GAC ATG GCG GTT CAG CTG TTT,0.1935005914615928
CCG GCG CAC CCG TAC GAC CGT CTG AAA ACC ACC TCT ACC GAT CCG GTT TCT GAC ATC GAC GTT ACC CGT CGC GAG GCG TAC CTG TCT TCT GAA GAA TTC AAG GAG AAG TTC GGT ATG ACC AAA GAG GCG TTC CAG AAA CTG CCG AAG TGG AAA CAG AAC AAG TTC AAA ATG GCG GTT CAG CTG TTC,0.5887858692122871
CCA GCG CAC CCG TAC GAC CGT CTG AAA ACC ACC TCT ACC GAC CCG GTT TCT GAC ATC GAC GTT ACC CGT CGT GAA GCG TAC CTG TCC TCC GAG GAA TTC AAG GAG AAA TTC GGT ATG ACC AAA GAA GCG TTT TAC AAA CTG CCG AAA TGG AAG CAG AAC AAA TTC AAA ATG GCG GTG CAG CTC AAC,1.541345935426495
CCG GCG CAC CCA TAC GAC CGT CTG AAA ACC ACC TCT ACC GAT CCG GTT TCT GAC ATC GAC GTT ACC CGT CGT GAA GCG TAC CTG TCT TCC GAA GAG TTC AAA GAA AAA TTC GGC ATG ACC AAA GAA GCG TTC TAC AAA CTG CCG AAA TGG CCG CAG AAC AAA TTC AAA ATG GCG GTT CAG CTG TTC,-1.513876435831424
CCG GCG CAT CCG TAC GAC CGT CTG AAA ACC ACC TCT ACC GAT CCG GTT TCT GAC ATC GAC GTT ACC CGT CGT GAA GCG TAC CTG TCT TCC GAA GAA TTT AAG GAA AAG TTC GGC ATG CTG AAA GAA GCG TTC TAC AAA CTC CCG AAG TGG AAA CAG AAC AAA TTC AAA ATG GCG GTT CAG CTG TTC,0.9308233023148362
CCG GCT CAC CCA TAC GAC CGT CTG AAA ACC ACC TCT ACC GAC CCG GTT TCT GAC ATC GAC GTT ACC ACC CGT TTC GCT TAC CTG TCT TCT GAA GAG TTC AAG GAA AAA TTC GGC ATG ACC AAG GAG GCG TTC TAC AAA CTG CCG AAA TGG AAA CAG AAC AAG TTC AAA ATG GCG GTT CAG CTG TTC,0.8224244349117986
CCG GCG CAC CCG TAC GAC CGT CTG AAA ACT ACC TCT ACC GAC CCG GTT TCT GAC ATC GAC GTT ACC CGC CGT GCG GCG TAC CTG TCT TCT GAG GAA TTC AAG GAG AAA TTC GGT ATG ACC AAA GAG GCG TTC TCT AAA CTG CCG AAA TGG AAA CAG AAC AAG TTC AAG ATG GCG GTT CAG CTG TTC,0.601637287022091
CCG GCG CAC CCG TAC GAC CGT CTG AAA ACC ACC TCT ACC GAC CCG GTT TCC GAC ATC GAC GTT ACC CGT CGT TAC GCT TAC CTG TCT TCT GAA GAA TTC AAG GAA AAG TTC GGT ATG ACC AAA GAG GCG TTC CCG AAA CTG CCG AAA TGG AAA CAG AAC AAA TTC AAA ATG GCG GTT CAG CTG TTC,0.027503443005043
CCG GCG CAT CCG TAC GAC CGT CTG AAA ACC ACC TCT ACC GAC CCG GTT TCC GAC ATC GAC GTT ACC CGT CGT GAA GCG TAC CTG GAC TCC GAA TAC TTC AAG GAA AAG TTC GGC ATG ACC AAA GAG GCG TTT TAC AAA CTG CCG AAA TGG AAA CAG AAC AAG TTC AAG ATG GCT GTT CAG CTG TTC,0.8195426415016436
CCG GCG CAC CCG TAC GAC CGT CTG AAA ACC ACC TCT ACC GAC CCG GTT TCT GAC ATC GAC GTT ACC CGT CGT CAG GCG TAC CTG TCT TCT GAG GAG TTC AAA GAG AAA TTC GGT ATG ACC AAA GAG GCG TTC TAC AAA CTG CCG AAA TGG AAA CAG AAC AAA TTC CCG ATG GCT GTT CAG CTG TTC,0.2884799177551787
CCG GCG CAC CCG TAC GAC CGT CTG AAA ACC ACC TCT ACC GAC CCG GTT TCC GAC ATC GAC GTT ACC CGT CGT GAA GCG TAC CTC TCT TCT GAA GAA CCG AAA GAA AAA TTC GGC ATG ACC AAA GAA GCG TTC TAC AAA CTG CCG AAA TGG AAA CAG AAC AAA TTC AAA ATG GCG GTT CAG CTG TTC,0.2520637104450504
TGT GCG CAT CCG TAC GAC CGT CTG AAA ACC ACC TCT ACC GAC CCG GTT TCT GAC ATC GAC GTT ACC CGT CGT GAA GCG TAC CTG TCT TCC GAA GAA TTC AAA GAG AAG TTC GGT ATG ACC AAG GAA GCG TTC TAC AAA CTC CCG AAA TGG AAG CAG AAC AAA TTC AAG ATG GCT GTT CAA CTG TTC,1.6799485305437885
CCG GCG CAC CCG TAC GAC CGT CTG AAA ACC ACC TCT ACC GAT CCG GTT TCT GAT ATC GAC GTT ACC CGC CGT GGT GCG TAC CTG TCC TCT GAG GAA TTC AAG GAA AAG TTC GGC ATG ACC AAA GAG GCG TTC AAC AAA CTG CCG AAA TGG AAA CAG AAC AAA TTC AAA ATG GCG GTT CAG CTG TTC,0.5592258969447996
CCG GCT CAC CCG TAC GAC CGT CTG AAA ACC ACC TCT ACC GAC CCG GTT TCT GAC ATC GAC GTT ACC CGT CGT GAA GAA TAC CTG TCT TCC GAA GAA TTC AAG GAG AAA TTC GGT ATG ACC AAG GAA GCG TTC TAC AAA CTC CCG AAA TGG AAG CAG AAC AAA TTC AAA ATG GCG GTT CAG CTG TTC,1.0255454252007468
CCG GCG CAC CCG TAC GAC CGT CTG AAA ACC ACC TCT ACC GAC CCG GTT TCT GAC ATC GAC GAT ACC CGT CGC GAA GCT TAC CTG TCC TCT GAA GAG TTC AAG GAA AAA TTC GGT ATG ACC AAA GAG GCG TTC TAC AAA CTG CCG AAA TGG AAA CAG AAC AAA TTC AAA ATG GCG GTT CAG CTG TTC,1.111179170524843
CCG GCG CAC CCG TAC GAC CGT CTG AAA ACC ACC TCT ACC GAC CCG GTT TCT GAC ATT GAC GTT ACC CGT CGT GAG GCG TAC CTC TCT TCT GAG GAA TTC AAG GAG AAA TTC GGT ATG ACC AAG GAA GCG TTC AAC AAA CTG CCG AAA TGG AAA CAG AAC AAA TTC ATC ATG GCG GTT CAG CTG TTC,0.8435432978024122
CCG GCT CAC CCG TAC GAC CGT CTG AAA ACC ACC TCT ACC GAC CCG GTT TCT GAC ATC GAC GTT ACC CAG CGT GAA GCG TAC CTG TCC TCC GAA GAG TTC AAG GAA AAA TTC GGT ATG ACC AAG GAA GCG TTC TAC AAG CTG CCG AAA TGG AAA CAG AAC AAA TTC GAG ATG GCT GTT CAG CTG TTT,0.3821028530835776
CCA GCG CAC CCG TAC GAC CGT CTG AAA ACC ACC TCT ACC GAC CCG GTT TCT GAC ATC GAC GTG ACT GCT CGT GAA GCG TAC CTG TCC TCC GAG GAA TTC AAA GAG AAA TTC GGT ATG ACC AAA GAA GCG TTC CTG AAA CTG CCG AAA TGG AAA CAG AAC AAA TTC AAG ATG GCG GTT CAG CTG TTC,0.6307329600102808
CCG GCG CAC CCG TAC GAC TGC CTG AAA ACC ACC TCT ACC CAC CCG GTT TCT GAC ATT GAC GTT ACC CGT CGT GAG GCG TAC CTG TCT TCT GAA GAG TTC AAG GAA AAA TTC GGC ATG ACC AAA GAA GCG TTC TAC AAA CTG CCG AAA TGG AAA CAG AAC AAA TTC AAA ATG GCT GTT CAA CTG TTC,1.3965896607146382
CCG GCG CAC CCG TAT GGT CGT CTG CCG ACC ACC TCT ACC GAC CCG GTT TCT GAC ATC GAC GTT ACT CGT CGT GAA GCG TAC CTG TCT TCT GAG GAG TTC AAA GAA AAG TTC GGC ATG ACC AAA GAA GCG TTC TAC AAA CTG CCG AAA TGG AAA CAG AAC AAA TTC AAA ATG GCG GTG CAG CTC TTC,0.0760060013787211
CCG GCG CAT CCG TAC GAC CGT CTG AAA ACC ACC TCT ACT GAC CCG GTT TCT GAC ATC GAC GTT ACC GAC CGT GAA GCG TAC CTG TCT TCC GAG GAA TTC AAA GAA AAA TTC GGC ATG ACC AAG GAA GCG TTC TAC AAA CTG CCG AAG TGG AAA CAG AAT AAG TTT GGT ATG GCT GTT CAG CTC TTC,0.217870773480419
CCG GCG CAT CCG TAC GAC CGT CTG AAA ACC ACC TCT ACT GAC CCG GTT TCT GAC ATC GAC GTT ACC CGC CGT GCG GCG TAC CTG TCC TCC GAG GAG TTC AAA GAA AAA TTC GGT ATG ACC AAG GAA GCG TTC CGT AAA CTG CCG AAA TGG AAG CAG AAC AAA TTC AAA ATG GCG GTG CAA CTG TTT,0.7296474350129778
CCG GCG CAC CCG TAC GAC CGT CTG AAA ACC ACC TCT ACC GAC CCG GTT TCT GAC ATC GAC GTT ACC CGT CGC GAA GCT TAC CTG TTC TCT GAA CGT TTC AAG GAA AAG TTC GGT ATG ACC AAA GAG GCG TTC TAC AAA CTG CCG AAA TGG AAA CAG AAC AAA TTC AAA ATG GCG GTT CAG CTG TTT,0.352994292509354
CCG GCG CAC CCG TAC CAC CGT CTG CTG ACC ACC TCT ACT GAC CCG GTT TCT GAC ATT GAC GTT ACC CGT CGT GAA GCG TAC CTG TCT TCC GAG GAA TTC AAG GAA AAA TTC GGC ATG ACC AAA GAA GCG TTC TAC AAA CTG CCG AAA TGG AAA CAG AAC AAA TTC AAA ATG GCG GTT CAG CTG TTC,0.3406017382455718
CCG GCG CAC CCG TAC GAC CGT CTG AAA ACC ACC TCT ACC GAC CCG GTT TCT GAT ATC GAC GTT ACC CGT CGT AAC GCG TAC CTG TCT TCT GAA GAG TTC AAA GAG AAA TTC GGC ATG ACC AAA GAA GCG TTC CGT AAA CTG CCG AAG TGG AAA CAG AAC AAA TTC AAA ATG GCG GTT CAG CTG TTC,0.7612238616831957
CCG GCG CAC CCG TAC GAC CGT CTG AAA ACC ACC TCT ACC GAC CCG GTT TCT GAC ATC GAC GTT ACC TGG CGT GAA GCG TAC CTG TCT TCT GAA GAG TTC AAG GAA AAG TTC GGT ATG ACC AAA GAG GCG TTC CAC AAA CTG CCG AAA TGG AAA CAG AAC AAA TTC AAA ATG GCG GTT CAG CTG TTC,0.6705486187548582
CCG GCT CAC CCG TAC GAC CGT CTG AAA ACC ACT TCT ACC GAC CCG GTT TCT GAC ATC GAC GTT ACC CGT CGT GAA GCG TAC CTG ACC TCC GAA GTT TTC AAG GAG AAG TTC GGT ATG ACC AAG GAA GCG TTC TAC AAG CTG CCG AAG TGG AAA CAG AAC AAA TTC AAG ATG GCG GTG CAG CTG TTT,0.8149263964123197
CCG GCG CAC CCG TAC GAC CGT CTG AAA ACC ACC TCT ACC GAC CCG GTT TCT GAC ATC GAC GTT ACC CGT CGT GAA GCT TAC CTC TCT TCC GAA GAG TTC AAA GAG AAG TTC GGC ATG ACC AAG GAA GCG TTC CTG AAA CTG CCG AAA TGG AAA CAG AAC AAA TTC ATC ATG GCG GTT CAG CTG TTC,0.8434894689925495
CCG GCG CAC CCG TAC GAC CGT CTG AAA ACC ACC TCT ACC GAC CCG GTT TCT GAC ATC GAC GTT ACT CGT CGT GAA GCG TAC CTG TCC TCT GAA GAG TTC AAG GAA AAA TTC GGC ATG ACC AAA GAA GCG TTC TAC ATC CTG CCG AAA TGG AAA CAG AAC AAA TTC AAA ATG GCG GTT CAG CTG TTC,1.291812415583315
CCA GCG CAC CCG TAC GAC CGT CTG AAA ACC ACC TCT ACC GAC CCG GTT TCT GAC ATC GAC GTT ACC CGT CGT GAA GCT TAT CCG TCT TCT GAA GAG TTC AAA GAA AAG TTC GGC ATG ACC AAG GAA GCG TTC TAC AAG CTG CCG AAA TGG AAG CAG AAC AAA TTC AAA ATG GCG GTT CAG CTG TTC,0.6281898211030406
CCG GCG CAT CCG TAC GAC TAC CTG AAA ACC ACT TCT ACT CGT CCG GTT TCT GAC ATC GAC GTT ACC CGT CGT GAA GCG TAC CTC TCT TCC GAG GAA TTC AAA GAA AAA TTC GGC ATG ACC AAA GAG GCG TTC TAC AAA CTG CCG AAA TGG AAA CAG AAC AAA TTC AAG ATG GCG GTG CAG CTG TTC,0.7168054123857224
CCG GCT CAC CCA TAC GAC CGT CTG AAA ACC ACC TCT ACC GAC CCG GTG TCT GAC ATC GAC GTT ACC CAC CGC GAA GCG TAC CTG TCT TCT GAG GAG TTC AAA GAG AAA TTC GGC ATG ACC AAA GAA GCG TTC TAC AAA CTG CCG AAA TGG AAA CAG AAC AAG TTT GGC ATG GCG GTT CAG CTG TTC,0.2121187523140852
CCG GCT CAC CCG TAC GAC CGT CTG AAA ACC ACC TCT ACC GAC CCG GTT TCT GAC CAC GAC GTT ACC CGT CGT GAG GCG TAC CTG TCT TCT GAG GAA TTC AAG GAG AAA TTC GGT ATG ACC AAG GAA GCG TTC TAC AAA CTG CCG AAG TGG AAA CAG AAC AAA TTC AAA ATG GCG GTT CAA CTG TTC,0.5169419707157793
CCG GCG CAC CCG TAT GGT CGT CTG TGG ACC ACT TCT ACC GAT CCG GTT TCC GAC ATC GAC GTT ACT CGT CGT GAA GCG TAC CTG TCT TCC GAA GAG TTC AAG GAG AAG TTC GGC ATG ACC AAA GAG GCG TTT TAC AAA CTG CCG AAA TGG AAA CAG AAC AAA TTC AAA ATG GCG GTT CAG CTC TTC,-0.0016351204372246
CCA GCG CAC CCG TAC GAC CGT CTG AAA ACC ACC TCT ACC GAC CCG GTT TCT GAT ATC GAC GTT ACC CAG CGT ATC GCG TAC CTG TCC TCC GAA GAA TTC AAG GAA AAG TTC GGT ATG ACC AAA GAA GCG TTT TAC AAA CTG CCG AAA TGG AAG CAG AAC AAA TTC AAA ATG GCT GTT CAG CTG TTC,1.0486299421308949
CCG GCT CAC CCG TAC GAC CGT CTG AAA ACC ACC TCT ACC GAC CCG GTT TCT GAC ATC GAC GTT ACC CGT CGT GAA GCG TAC CTC TCC TCC GAG GAG TTC AAA GAG AAA TTC GGT ATG ACC AAG GAA GCG TTC TAC AAA CTG CCG TGG TGG AAA CAG AAC AAA TTC AAA ATG GCG GTT CAG CTG TTC,1.0526644659018909
CCG GCG CAC CCG TAC GAC CGT CTG AAA ACC ACC TCT ACC GAC CCG GTT TCT GAC ATC TAC GTT CAC CGT CGT GAA GCG TAC CTG TCT TCT GAG GAG TTC AAA GAG AAA TTC GGC ATG ACC AAA GAG GCG TTT TAC AAA CTG CCG AAA TGG AAA CAG AAC AAA TTC AAA ATG GCG GTT CAG CTG TTC,0.4970931388692748
CCG GCG CAC CCG TAC GAC CGT CTG AAA ACC ACC TCT ACC GAC CCG GTT TCT GAC ATC GAC GTT ACC CGT CGT GAG GCG TAC CTG TAC TCT GAA TGC TTC AAG GAA AAG TTC GGC ATG ACC AAA GAA GCG TTC TAC AAA CTG CCG AAA TGG AAA CAG AAC AAA TTC AAA ATG GCT GTT CAA CTG TTT,1.014560450122889
CCG GCG CAC CCG TAC GAC CGT CTG AAA ACC ACC TCT ACC GAT CCG GTT TCT GAC ATC GAC GTT ACC CGT CGT TTT GCG TAC CTG TCT TCT GAA GAG TTC AAA GAG AAA TTC GGC ATG ACC AAA GAA GCG TTT GCG AAA CTC CCG AAG TGG AAA CAG AAC AAA TTC AAA ATG GCG GTG CAG CTC TTC,0.748557854195976
CCG GCG CAC CCG TAC GAC CGT CTG AAA ACC ACC TCT ACC GAC CCG GTT TCT GAC ATC GAC GTT ACC CGT CGT TGG GCG TAT CTG TCT TCC GAA GAA TTC AAG GAA AAA TTC GGC ATG ACC AAG GAG GCG TTC TAC AAA CTG CCG AAA TGG AAA CAG AAC AAA TTC CGT ATG GCG GTT CAG CTG TTC,0.6280667571359739
CCG GCG CAC CCG TAC GAC CGT CTG AAA ACC ACC TCT ACT GAC CCG GTT TCT GAC ATC GAC GTT ACT CCA CGT GAG GCG TAC CTG TCC TCT GAA GAA TTC AAG GAG AAA TTC GGT ATG ACC AAG GAA GCG TTC GAA AAG CTG CCG AAA TGG AAA CAG AAC AAA TTC AAA ATG GCG GTG CAG CTC TTT,0.6006420610609703
CCA GCT CAC CCG TAC GAC CGT CTG AAA ACC ACC TCT ACC GAT CCA GTT TCT GAC ATC GAC GTT ACC CGT CGT GAA GCG TAC CTG CAG TCT GAA CTG TTC AAA GAA AAA TTC GGC ATG ACC AAA GAG GCG TTC TAC AAA CTG CCG AAA TGG AAA CAG AAC AAA TTC AAA ATG GCG GTG CAG CTG TTC,0.4977367381784697
CCG GCG CAC CCG TAC GAC CGT CTG AAA ACC ACC TCT ACC GAC CCG GTT TCT GAC ATC GAC GTT ACC TTC CGT GAG GCG TAC CTG TCT TCT GAG GAA TTC AAA GAG AAG TTC GGT ATG ACC AAG GAA GCG TTC TAC AAA CTG CCG AAA TGG AAA CAG AAC AAA TTC CAG ATG GCT GTT CAG CTG TTC,0.455824564829935
CCA GCG CAT CCG TAC GAC GAC CTG AAA ACC ACC TCT ACC CAG CCG GTT TCT GAC ATC GAC GTT ACC CGT CGT GAG GCG TAC CTC TCT TCC GAA GAA TTC AAG GAA AAA TTC GGC ATG ACC AAA GAA GCG TTT TAC AAA CTC CCG AAA TGG AAA CAG AAC AAG TTC AAA ATG GCT GTT CAG CTG TTC,0.9029685502034042
CCG GCT CAC CCG TAC GAC CGT CTG AAA ACC ACC TCT ACC GAC CCG GTT TCT GAC ATT GAC GTT ACT CAC CGT GAA GCG TAC CTG TCT TCT GAA GAA TTC AAG GAA AAG TTC GGC ATG ACC AAA GAA GCG TTC CTG AAA CTG CCG AAA TGG AAA CAG AAC AAA TTC AAA ATG GCG GTT CAG CTG TTC,0.702670215604859
CCA GCG CAT CCG TAC GAC CGT CTG AAA ACC ACC TCT ACT GAC CCG GTG TCT GAT ATC GAC GTG ACT CGT CGC GAA GCG TAC CTG TCT TCC GAG GAG TTC AAA GAA AAA TTC GGT ATG ACC AAG GAA GCG CGT TAC AAA CTG CCG AAA TGG AAA CAG AAC AAA TTC AAA ATG GCT GTT CAG CTC TTC,-1.0971912578336775
CCA GCT CAC CCG TAC GAC CGT CTG AAA ACC ACC TCT ACC GAC CCG GTT TCT GAC ATC CAC GTT CCG CGT CGT GAA GCG TAC CTG TCC TCT GAG GAA TTC AAG GAG AAA TTC GGC ATG ACC AAG GAA GCG TTT TAC AAA CTG CCG AAA TGG AAA CAG AAC AAA TTC AAA ATG GCG GTG CAA CTG TTC,0.7712442843280293
CCG GCG CAC CCG TAC GAC CGT CTG AAA ACC ACC TCT ACC GAC CCA GTT TCT GAC ATC GAC GTT ACC CGT CGT GAA GCG TAC CTC TCT TCC GAG GAA TTC AAG GAG AAG TTC GGT ATG ACC AAA GAA GCG TTC TAC AAA CTG CCG AAG CAC AAA CAG AAC AAG TTC AAA ATG GCG GTT CAG CTG TTC,0.7666937112091314
CCG GCT CAT CCG TAC GAC CGT CTG AAA ACC ACC TCT ACC GAC CCG GTT TCT GAC ATC GAC GTT ACC AAA CGT GAA GCG TAC CTC TCC TCT GAG GAA TTC AAA GAA AAG TTC GGT ATG ACC AAG GAG GCG TTC TAC AAA CTG CCG AAA TGG AAG CAG AAC AAA TTC CTG ATG GCT GTG CAA CTG TTC,0.8678658447885657
CCG GCG CAC CCG TAC GAC CGT CTG AAA ACC ACC TCT ACC GAC CCG GTT TCT GAC ATC GAC GTT ACC CGT CGT GAA GCG TAC CTG TCT TCC GAA GAA TTC AAG GAA AAG TTC GGC ATG ACC AAA GAA GCG TTC TAC AAA CTG CCG AAA TGG AAG CAG AAC AAA TTC AAA ATG GCG GTT TGC CTG TTC,1.8639778200170136
CCA GCG CAC CCG TAC CAC CGT CTG GAA ACC ACC TCT ACC GAC CCG GTT TCT GAT ATC GAC GTT ACC CGT CGT GAA GCG TAC CTG TCC TCC GAA GAA TTC AAG GAA AAA TTC GGC ATG ACC AAG GAG GCG TTT TAC AAA CTG CCG AAA TGG AAA CAG AAC AAA TTC AAA ATG GCG GTT CAG CTG TTC,0.7349292662612155
CCA GCT CAT CCA TAC GAC CGC CTG AAA ACC ACT TCT ACC GAC CCG GTT TCT GAC ATC GAC GTT ACC CGT CGT GTT GCG TAC CTG TCC TCT GAG GAG TTC AAA GAA AAG TTC GGT ATG ACC AAG GAA GCG TTC CAG AAA CTG CCG AAA TGG AAA CAG AAC AAA TTC AAA ATG GCG GTT CAG CTG TTC,0.6056073655479458
CCA GCT CAC CCG TAC GAC CGT CTG AAA ACC ACC TCT ACC GAC CCG GTT TCT GAC ATC GAC GTT ACC CTG CGC GAA GCT TAC CTG TCC TCC GAA GAG TTC AAG GAG AAG TTC GGT ATG ACC AAA GAA GCT TTT TAC AAA CTG CCG AAG TGG AAA CAG AAC AAA TTC ATG ATG GCT GTT CAG CTG TTC,0.9471655407635318
CCA GCG CAC CCG TAC GAC GAC CTG AAA ACC ACC TCT ACT TCT CCG GTG TCC GAC ATC GAC GTT ACC CGT CGC GAA GCG TAC CTC TCT TCT GAA GAG TTC AAA GAA AAG TTC GGT ATG ACC AAA GAG GCG TTC TAC AAA CTG CCG AAA TGG AAA CAG AAC AAA TTC AAA ATG GCG GTG CAA CTG TTC,0.8162739117474351
CCG GCG CAC CCG TAC GAC CGT CTG AAA ACT ACC TCT ACC GAC CCG GTT TCT GAC ATC GAC GTT ACC CGT CGT ATC GCG TAC CTG TCT TCC GAA GAG TTC AAA GAG AAG TTC GGC ATG ACC AAA GAA GCG TTC TCC AAA CTG CCG AAA TGG AAA CAG AAC AAA TTC AAA ATG GCG GTG CAA CTG TTC,0.7847642910943434
CCA GCG CAC CCG TAC GAC CGT CTG AAA ACC ACC TCT ACC GAC CCA GTT TCT GAC ATC GAC GTT ACC CGT CGT GAA GCG TAC CTC TCT TCT GAA GAA TTC AAA GAG AAG TTC GGC ATG ACC AAA GAA GCG TTC TAC AAG CTG CCG AAA TGG AAA CAG AAC AAA TTC AAG AAC GCG GTT CAG CTG TTC,0.7522301497364384
CCG GCG CAC CCA TAC GAC CGT CTG AAA ACT ACC TCT ACC GAC CCG GTT TCT GAT ATC GAC GTT ACC CGT CGT GGT GCG TAC CTG TCT TCT GAA GAA TTC AAG GAG AAG TTC GGT ATG ACC AAA GAG GCG TTT ATG AAA CTG CCG AAA TGG AAA CAG AAC AAA TTC AAA ATG GCG GTG CAA CTG TTC,0.725375483194016
CCG GCG CAC CCG TAC GAC CGT CTG AAA ACC ACT TCT ACC GAC CCG GTT TCT GAC ATC GAC GTT ACC CGT CGT TTC GCG TAC CTG TCT TCT GAG GAA TTC AAG GAA AAG TTC GGT ATG ACC AAA GAG GCG TTC CCG AAA CTG CCG AAA TGG AAA CAG AAC AAA TTC AAA ATG GCG GTT CAG CTG TTC,-0.1589044037845389
CCG GCG CAC CCG TAC GAC CGT CTG AAA ACT ACC TCT ACC GAC CCG GTT TCT GAC ATC GAC CAG ACC CGT CGT GAG GCG TAT CTG TCT TCC GAA GAG TTC AAA GAA AAA TTC GGT ATG ACC AAA GAG GCG TTC TAC AAA CTG CCG AAA TGG AAA CAG AAC AAA TTC AAG ATG GCT GTT CAG CTG TTC,1.1360035402191786
CCG GCG CAC CCG TAC CGT CGT CTG CAC ACC ACC TCT ACT GAC CCG GTT TCT GAC ATC GAC GTG ACC CGT CGC GAA GCT TAC CTC TCT TCC GAA GAG TTC AAG GAA AAG TTC GGT ATG ACC AAA GAA GCG TTC TAC AAA CTG CCG AAA TGG AAA CAG AAC AAA TTC AAA ATG GCG GTG CAG CTG TTT,-0.7563113946630727
CCG GCT CAC CCG TAC GAC CGT CTG AAA ACC ACC TCT ACC GAC CCG GTT TCT GAC ATC GAC GTT ACC CGT CGT GGC GCG TAC CTC TCT TCT GAA GAG TTC AAG GAA AAA TTC GGC ATG ACC AAA GAG GCG TTC TAC AAA CTG CCG AAA TGG AAA CAG AAC AAA TTC GCG ATG GCG GTT CAG CTG TTC,0.7516969326744911
CCG GCG CAC CCG TAC GAC CGT CTG AAA ACC ACT TCT ACC GAC CCG GTT TCT GAC ATC GAC GTG ACC CGT CGT GAG GCG TAC CTG TCT TCT GAG GAG TTC AAA GAG AAA TTC GGT ATG ACC AAA GAG GCG TTC GAA AAA CTG CCG AAA TGG AAA CAG AAC AAA TTC GAC ATG GCG GTT CAG CTG TTC,0.3197705153789749
CCG GCG CAC CCG TAC GAC CCG CTG AAA ACC ACC TCT ACC TGG CCG GTT TCT GAT ATC GAC GTT ACC CGT CGT GAG GCG TAC CTG TCT TCT GAG GAA TTC AAG GAG AAA TTC GGT ATG ACC AAA GAG GCG TTC TAC AAG CTG CCG AAA TGG AAA CAG AAC AAA TTC AAA ATG GCG GTT CAA CTG TTC,0.8605116255931754
CCG GCG CAC CCG TAC GAC CGT CTG AAG ACC ACT TCT ACC GAC CCG GTT TCT GAC ATC GTT GTT GCG CGT CGT GAA GCT TAC CTG TCT TCC GAA GAG TTC AAA GAG AAA TTT GGC ATG ACC AAG GAA GCG TTC TAC AAG CTG CCG AAA TGG AAA CAG AAC AAA TTC AAA ATG GCG GTT CAA CTG TTT,0.6762459385100286
CCG GCT CAC CCG TAC AAA CGT CTG ATC ACC ACC TCT ACC GAC CCG GTT TCT GAC ATC GAC GTT ACC CGT CGT GAA GCG TAC CTG TCT TCC GAG GAG TTC AAG GAA AAA TTC GGT ATG ACC AAA GAA GCG TTT TAC AAA CTG CCG AAA TGG AAA CAG AAC AAG TTC AAA ATG GCG GTT CAG CTG TTC,0.0056622238062686
CCG GCG CAC CCG TAC GAC CGT CTG AAA ACC ACC TCT ACC GAC CCG GTT TCT TCT ATC GAC GTT ACC CGT CGT GAA GCG TAC CTG TCC TCT GAG GAG TTC AAA GAA AAA TTC GGT ATG ACC AAG GAG GCG TTT TAC AAA CTG CCG AAA TGG AAA CAG AAC AAA TTC AAA ATG GCG GTT CAG CTG TTC,0.9960589188025706
CCG GCG CAT CCG TAC CAA CGT CTG GTT ACC ACC TCT ACC GAT CCG GTT TCT GAC ATC GAC GTG ACC CGT CGT GAA GCG TAC CTG TCT TCC GAA GAG TTC AAA GAG AAG TTC GGT ATG ACC AAA GAG GCG TTC TAC AAG CTG CCG AAA TGG AAA CAG AAC AAA TTC AAA ATG GCG GTT CAG CTC TTC,0.4203602947223614
CCG GCT CAC CCG TAC GAC CGT CTG AAA ACC ACC TCT ACC GAC CCG GTT TCC GAC ATC GAC GTT ACC ATC CGT GAA GCG TAC CTG TCT TCC GAA GAG TTC AAG GAG AAG TTC GGT ATG ACC AAG GAA GCG TTC CGT AAA CTC CCG AAA TGG AAA CAG AAC AAA TTC AAA ATG GCG GTT CAG CTG TTC,0.8554120252873223
CCG GCG CAC CCG TAC GAC CGT CTG AAA ACC ACC TCT ACC GAT CCG GTT TCT GAC ATC GAC GTT ACC ATC CGT GAG GCG TAC CTG TCT TCC GAG GAA TTC AAA GAA AAA TTC GGC ATG ACC AAA GAA GCG TTC TAC AAA CTG CCG AAA TGG AAA CAG AAC AAG TTC ATC ATG GCG GTG CAG CTG TTC,0.9143464419758494
CCG GCG CAC CCG TAC GAC CGT CTG AAA ACC ACC TCT ACC GAC CCG GTT TCT GAC ATT TGG GTT TAC CGT CGT GAG GCG TAC CTG TCT TCT GAG GAG TTC AAG GAA AAG TTC GGT ATG ACC AAA GAA GCG TTC TAC AAA CTG CCG AAA TGG AAA CAG AAC AAA TTC AAA ATG GCG GTT CAG CTG TTC,-0.3219117594511175
CCA GCT CAC CCA TAC GAC CGC CTG AAA ACT ACC TCT ACC GAC CCG GTT TCT GAT ATC GAC GTT ACC CGC CGT GAA GCG TAC CTC TCC TCC GAG GAA TTC AAG GAG AAA TTC GGT ATG ACC AAG GAA GCG TTC TAC AAG GAG CCG AAA TGG AAA CAG AAC AAA TTC AAA ATG GCG GTT CAG CTG TTC,0.333803665744419
CCG GCG CAC CCG TAC GAC CGT CTG AAA ACC ACC TCT ACC GAT CCG GTT TCT GAC ATC TAC GTT GGT CGT CGT GAG GCG TAC CTG TCC TCT GAA GAG TTC AAA GAA AAG TTC GGC ATG ACT AAG GAA GCG TTC TAC AAA CTG CCG AAA TGG AAA CAG AAC AAA TTC AAA ATG GCG GTT CAG CTG TTC,0.3137712233164372
CCG GCG CAC CCG TAC GAC CGT CTG AAA ACC ACC TCT ACC GAT CCG GTT TCT GAC ATT GAC GTT ACC CGC CGT AAC GCG TAC CTG TCT TCT GAA GAG TTC AAA GAA AAG TTC GGT ATG ACC AAG GAA GCG TTC TGG AAA CTG CCG AAA TGG AAA CAG AAC AAA TTC AAA ATG GCG GTT CAG CTG TTC,0.7210903542094149
CCG GCT CAC CCG TAC GAC CGT CTG AAA ACC ACC TCT ACC GAC CCG GTT TCT GAC ATC GAC GTT ACC CGT CGT ATG GCG TAC CTG TCC TCC GAG GAG TTC AAG GAA AAA TTC GGT ATG ACC AAG GAG GCG TTC TAC AAG CTG CCG AAA TGG AAG CAG AAC AAA TTC ACC ATG GCT GTT CAG CTG TTC,0.7099211997527861
CCA GCG CAC CCG TAC GAC CGT CTG AAA ACC ACC TCT ACC GAC CCG GTT TCT GAC ATC GAC GTT ACC CGT CGT GAG GCG TAC CTG TCT TCC GAA GAA TTC AAA GAA AAG TTC GGC ATG CAC AAA GAA GCG TTT TAC AAA CTG CCG AAA TGG AAA CAG AAC AAG TTC AAA ATG GCG GTT CAG CTG TTC,0.9716858407445672
CCG GCG CAC CCG TAC GAC CGT CTG AAA ACC ACC TCT ACC GAC CCG GTT TCT GAC ATC GAC GTT ACC CGT CGT GAA GCG TAC CTC TCC TCT GAA GAG TTC AAG GAA AAG TTC GGT ATG ACC AAA GAG GCG TTT TAC AAA CTG CCG AAA TGG AAA CAG AAT AAG TTC AAA ATG GCG GTT CAG GTT TTC,0.7406597155481693
CCG GCG CAC CCG TAC GAC CGT CTG AAA ACC ACC TCT ACC GAC CCG GTT TCT GAC ATC GAC GTT ACC GTT CGT GAA GCG TAC CTC TCT TCT GAG GAG TTC AAG GAA AAA TTC GGT ATG ACC AAA GAG GCG TTC TAC AAA CTG CCA AAA TGG AAA CAG AAC AAG TTC GGC ATG GCG GTT CAG CTG TTC,0.1974430631182932
CCA GCT CAC CCG TAC GAC CGT CTC AAA ACC ACT TCT ACC GAC CCA GTT TCT GAT ATC GAC GTT ACC CGT CGT GAA GCG TAC CTG GAC TCC GAA ATC TTC AAG GAA AAG TTC GGT ATG ACC AAA GAG GCG TTC TAC AAA CTG CCG AAA TGG AAG CAA AAC AAA TTC AAA ATG GCG GTT CAG CTG TTC,0.7361547490349658
CCA GCT CAC CCG TAC GAC CGT CTG AAA ACC ACC TCT ACC GAT CCG GTT TCT GAC ATC GAC GTT ACC CGT CGT GAA GCG TAC CTG TCC TCT GAG GAG TTC AAA GAG AAG TTC GGT ATG ACC AAA GAA GCG TTC GCT AAA CTG CCG AAA TGG AAA CAG AAC AAA TTC TGG ATG GCT GTT CAG CTG TTC,1.035776990052655
CCG GCG CAC CCG TAC GAC CGT CTG AAA ACC ACC TCT ACC GAC CCG GTT TCT GAC ATC GAC GTT ACC TTC CGT ACC GCG TAC CTG TCT TCT GAG GAG TTC AAG GAG AAG TTC GGC ATG ACC AAA GAA GCG TTC TAC AAA CTG CCG AAA TGG AAA CAG AAC AAA TTC AAA ATG GCG GTG CAA CTG TTC,0.9763820314533028
CCG GCG CAC CCG TAC GAC CGT CTG AAA ACC ACC TCT ACC GAC CCG GTT TCT GAT ATC GAC GTT ACC CGT CGT GAA GCG TAC CTC TCC TCT GAA GAG TTC AAG GAA AAG TTC GGT ATG ACC AAA GAG GCG TTC AAC AAA CTG CCG AAA TGG AAA CAG AAC AAG TTC TTT ATG GCG GTT CAG CTG TTT,0.5665925015518272
CCG GCG CAC CCG TAC GAC CGT CTG AAA ACC ACC TCT ACC GAC CCG GTT TCT GAC ATC AAC GTT TGC CGT CGT GAA GCG TAC CTG TCT TCC GAG GAA TTC AAG GAA AAG TTC GGC ATG ACC AAA GAA GCG TTC TAC AAA CTG CCG AAG TGG AAA CAG AAC AAA TTC AAA ATG GCG GTG CAG CTG TTT,1.4623227796393303
CCG GCG CAC CCG TAC TGG CGC CTG GAC ACC ACT TCT ACC GAC CCG GTT TCT GAC ATT GAC GTT ACC CGT CGT GAG GCG TAC CTG TCT TCT GAA GAA TTC AAG GAG AAA TTC GGC ATG ACC AAA GAA GCG TTC TAC AAA CTG CCG AAA TGG AAA CAG AAC AAA TTC AAA ATG GCG GTG CAA CTG TTC,0.7945451973482732
CCG GCG CAC CCG TAC GAC CGT CTG AAA ACC ACT TCT ACC GAC CCG GTT TCT GAC ATT GAC GTG ACT CGT CGT GGT GCG TAC CTG TCT TCT GAG GAG TTC AAG GAG AAG TTC GGT ATG ACC AAA GAA GCG TTC TAC AAA CTG CCG AAA TGG AAA CAG AAC AAA TTC TAC ATG GCG GTT CAG CTG TTT,0.8605452800989014
CCA GCG CAC CCG TAC GAC CGT CTG AAA ACC ACC TCT ACC GAC CCA GTT TCT GAC ATC GAC GTT ACT CAC CGC GAA GCG TAC CTG TCT TCC GAG GAA TTC AAA GAA AAA TTC GGC ATG ACC AAG GAG GCG TTC TAC AAA CTG CCG AAA TGG AAA CAG AAC AAG TTT ATC ATG GCG GTT CAG CTG TTC,0.9515724860276292
CCG GCG CAT CCG TAC GAC TCT CTG AAG ACC ACC TCT ACC TGG CCG GTT TCT GAC ATC GAC GTT ACC CGT CGT GAA GCT TAC CTG TCC TCC GAG GAA TTC AAG GAA AAA TTC GGT ATG ACC AAA GAG GCG TTC TAC AAA CTG CCG AAG TGG AAA CAG AAC AAA TTC AAA ATG GCG GTT CAG CTG TTC,0.8141400687002724
CCA GCG CAC CCG TAC AAC CGT CTG GAT ACT ACC TCT ACC GAC CCA GTT TCT GAC ATC GAC GTT ACT CGT CGT GAG GCG TAC CTG TCT TCT GAG GAA TTC AAG GAA AAA TTC GGC ATG ACC AAA GAA GCG TTC TAC AAA CTG CCG AAG TGG AAA CAG AAC AAA TTC AAA ATG GCG GTG CAA CTG TTC,0.721565261007205
CCA GCG CAT CCG TAC GAC CGT CTG AAA ACC ACC TCT ACC GAC CCG GTT TCC GAC ATC GAC GTT ACC CAC CGT GAA GCG TAC CTG TCT TCC GAG GAA TTC AAA GAA AAA TTC GGC ATG ACC AAG GAA GCG TTT TAC AAA CTG CCG AAG TGG AAA CAG AAC AAA TTC GAA ATG GCT GTT CAG CTG TTC,0.3970900569966706
CCG GCT CAC CCG TAC GAC CGT CTG AAA ACC ACC TCT ACC GAC CCG GTG TCT GAC ATC GAC GTT ACC CGT CGT GAA GCG GTT CTG TCT TCT GAG GAG TTC AAG GAA AAA TTC GGT ATG ACC AAG GAG GCT TTT TAC AAA CTG CCG AAA TGG AAA CAG AAC AAG TTC AAA ATG GCG GTT CAG CTG TTC,0.5832238387225117
CCG GCG CAC CCG TAC GTT CGT CTG ACC ACC ACC TCT ACC GAT CCG GTT TCT GAC ATC GAC GTT ACT CGT CGT GAG GCG TAC CTG TCT TCT GAG GAA TTC AAG GAG AAA TTC GGT ATG ACC AAA GAG GCG TTC TAC AAA CTG CCG AAA TGG AAA CAG AAC AAA TTC AAA ATG GCG GTG CAG CTG TTC,0.5759325619688913
CCG GCG CAC CCG TAC GAC CGT CTG AAA ACT ACC TCT ACC GAC CCG GTT TCC GAC ATC GAC GTT ACT CGT CGT CCG GCT TAC CTG TCT TCT GAG GAA TTC AAG GAA AAA TTC GGC ATG ACC AAA GAA GCG TTT ATG AAG CTG CCG AAA TGG AAA CAG AAC AAA TTC AAA ATG GCG GTT CAG CTG TTC,0.6231287293416252
CCA GCG CAC CCG TAT GAC ACC CTG AAA ACT ACC TCT ACC CGC CCA GTT TCT GAT ATC GAC GTT ACC CGT CGT GAA GCG TAC CTG TCT TCC GAG GAA TTC AAG GAG AAG TTC GGT ATG ACC AAA GAA GCG TTC TAC AAG CTG CCG AAG TGG AAA CAG AAC AAA TTC AAA ATG GCG GTT CAG CTG TTC,0.7676006943998845
CCA GCT CAC CCG TAC GAC CGT CTG AAA ACC ACC TCT ACC GAC CCG GTT TCT GAC ATC GAC GTT ACC CGT CGT GAA GCT TAC CTC GAA TCT GAG GAA TTC AAA GAA AAG TTC GGC ATG ACC AAG GAA GCG TTC TAC AAA CTG CCG AAA TGG AAA CAG AAC AAA TTC AAG ATG GCG GTT CAG CTG TTC,0.6447430538048347
CCA GCT CAC CCG TAC GAC CGT CTG AAA ACC ACC TCT ACC GAC CCG GTT TCT GAC ATC GAC GTT ACC ACT CGT GAA GCG TAC CTG TCT TCT GAA GAA TTC AAG GAG AAG TTC GGT ATG ACC AAA GAA GCT TTC ACC AAA CTG CCG AAA TGG AAA CAA AAC AAA TTC AAA ATG GCG GTT CAG CTG TTC,0.6154382466955084
CCA GCG CAC CCG TAC GAC CGT CTG AAA ACC ACC TCT ACC GAC CCG GTT TCT GAC ATC GAC GTT ACC CGT CGT ATC GCG TAC CTC TCC TCC GAG GAG TTC AAA GAA AAA TTC GGT ATG ACC AAG GAG GCG TTT TAC AAG CTC CCG AAA TGG AAG CAG AAC AAA TTC TGG ATG GCT GTT CAA CTG TTC,1.285545684261354
CCG GCG CAC CCG TAC GAC TGT CTG AAA ACC ACC TCT ACC ATG CCA GTT TCT GAC ATC GAC GTG ACC CGC CGT GAA GCG TAC CTC TCC TCT GAG GAA TTC AAA GAG AAG TTC GGT ATG ACC AAG GAG GCG TTC TAC AAA CTG CCG AAA TGG AAA CAG AAC AAA TTC AAG ATG GCT GTT CAA CTG TTC,1.382083808806794
CCG GCG CAC CCG TAC GAC CGT CTG AAA ACC ACC TCT ACC GAC CCG GTT TCT GAC ATC GAC GTT ACC CGT CGT GAA GCG TAC CTG TCC TCC GAA GAG TTC AAG GAA AAA TTC GGT ATG ACC AAA GAG GCT TTC GTT AAA CTG CCG AAG TGG AAG CAG AAC AAA TTC GCG ATG GCG GTG CAA CTG TTC,0.6948108794305236
CCG GCT CAC CCG TAC GAC CGT CTG AAA ACC ACC TCT ACC GAC CCG GTT TCT GAC ATC GAC GTT ACC CGT CGT GAA GCG TAC CTG TCC TCT GAA GAG TTC AAG GAG AAG TTC GGT ATG ACC AAG GAA GCG TTC TAC AAA CTG CCG AAA TGG AAG CAG AAC AAA TTC AAA ATG TGG GTT CAG CTG TTC,1.3131715581622188
CCG GCG CAC CCG TAC GAC CGT CTG AAA ACC ACC TCT ACT GAC CCG GTT TCT GAC ATC GAC GTT ACT CGT CGT CGT GCG TAC CTG TCT TCT GAG GAA TTC AAG GAA AAA TTC GGC ATG ACC AAA GAA GCG TTC TAC AAA CTG CCG AAA TGG AAA CAG AAC AAA TTC AAA ATG GCG GTT CAG CTG TTC,0.9683313565049204
CCG GCG CAC CCG TAC GAC CGT CTG AAA ACC ACC TCT ACC GAT CCG GTG TCT GAC ATC GAC GTG ACC CGC CGT GAA GCG TAC CTC TCC TCT GAA GAA TGC AAA GAG AAA TTC GGT ATG ACC AAA GAG GCG TTC TAC AAA CTG CCG AAA TGG AAA CAG AAC AAA TTC AAA ATG GCG GTG CAA CTC TTT,0.8050100731895853
CCG GCG CAC CCG TAC GAC CGT CTG AAA ACC ACT TCT ACC GAC CCG GTT TCT GAC ATC GAC GTG ACC CGT CGT GAA GCG TAC CTG TCT TCT GAG GAG TTC AAG GAG AAA TTC GGT ATG ACC AAA GAA GCG TTC TAC AAG CTG CCG AAA TGG AAA CAG AAC AAA TTC AAA ATG GCG TGG CAG CTG TTC,1.1364033642756295
CCA GCG CAC CCG TAC GAC CGT CTG AAA ACC ACC TCT ACC GAC CCG GTT TCT GAC ATC GAC GTT ACC CGT CGT GAA GCT TAC CTG TAC TCT GAG CAG TTC AAG GAA AAG TTC GGT ATG ACC AAA GAA GCG TTC TAC AAG CTG CCG AAA TGG AAA CAG AAC AAA TTC AAA ATG GCG GTT CAG CTG TTC,0.6438726181186184
CCG GCT CAT CCG TAC GAC CGT CTG AAA ACC ACC TCT ACC GAC CCG GTT TCT GAC ATC GAC GTT ACC CGT CGT GAA GCG TAC CTC TCC TCT GAG GAA TTC AAG GAA AAG TTC GGC ATG TAC AAA GAG GCG TTC TAC AAA CTG CCG AAA TGG AAA CAG AAC AAG TTC AAA ATG GCG GTT CAG CTG TTC,0.6159762662561512
CCG GCG CAT CCG TAT GAC CGT CTG AAA ACC ACC TCT ACT GAT CCA GTT TCT GAC ATC GAC GTT ACC TCT CGT GAA GCG TAC CTG TCT TCT GAA GAA TTC AAG GAG AAA TTC GGC ATG ACC AAA GAA GCG TTC ATC AAA CTC CCG AAG TGG AAA CAG AAC AAA TTC AAA ATG GCG GTG CAG CTG TTC,0.586363638110178
CCA GCG CAC CCG TAC GAC CGT CTG AAA ACC ACC TCT ACC GAC CCG GTT TCT GAC ATC GAC GTT ACC CGT CGT GAA GCT TAC CTG TCC TCC GAG GAG TTC AAG GAA AAA TTC GGT ATG ACC AAA GAA GCG TTC CTG AAA CTG CCG AAA TGG AAA CAG AAC AAA TTC CAC ATG GCG GTT CAG CTG TTC,0.5423052624619691
CCG GCG CAC CCG TAC GAC CGT CTG AAA ACC ACC TCT ACC GAC CCG GTT TCT GAC ATC GAC GTT ACC CAG CGT GAA GCT TAC CTG TCC TCC GAG GAG TTC AAA GAG AAA TTC GGC ATG ACC AAG GAA GCG TTT TAC AAA CTG CCG AAG TGG AAA CAG AAC AAA TTC TAC ATG GCG GTT CAG CTG TTC,0.8688262075742406
CCG GCG CAC CCG TAC GAC CGT CTG AAA ACT ACC TCT ACC GAC CCG GTT TCT GAC ATC AAC GTG ATC CGT CGT GAA GCG TAC CTC TCC TCT GAG GAG TTC AAG GAA AAA TTC GGT ATG ACC AAG GAG GCG TTC TAC AAA CTC CCG AAA TGG AAA CAG AAC AAA TTC AAG ATG GCG GTT CAG CTG TTC,0.644671074653989
CCA GCG CAT CCG TAC GAC CGT CTG AAA ACC ACC TCT ACC GAC CCG GTT TCT GAC ATC GAC GTT ACC AAA CGT GAA GCG TAC CTC TCT TCT GAA GAA TTC AAG GAG AAG TTC GGC ATG ACC AAA GAA GCG TTT GTT AAA CTG CCG AAA TGG AAG CAG AAC AAA TTC AAA ATG GCG GTT CAG CTG TTC,0.5277800836921707
CCG GCT CAC CCG TAC GAC CGT CTG AAA ACC ACC TCT ACC GAC CCG GTT TCT GAC ATC GAC GTT ACC CAC CGT AAA GCG TAC CTG TCT TCC GAA GAA TTC AAA GAA AAA TTC GGC ATG ACC AAA GAG GCG TTC TAC AAA CTG CCG AAA TGG AAA CAG AAC AAA TTC AAG ATG GCT GTT CAG CTG TTC,0.7377347375692118
CCG GCG CAC CCG TAC GAC CGT CTG AAA ACC ACC GGC ACC GAC CCG GTT TCT GAT ATC GAC GTT ACC CGT CGT GAA GCG TAC CTG TCT TCC GAG GAA TTC AAG GAA AAA TTC GGC ATG ACC AAA GAA GCG TTC TAC AAA CTG CCG AAA TGG AAA CAG AAC AAA TTC AAA ATG GCG GTT CAA CTG TTC,0.7041037103847552
CCA GCG CAC CCG TAT GGT CGT CTG CGT ACC ACC TCT ACC GAC CCG GTT TCT GAC ATC GAC GTT ACC CGT CGT GAA GCG TAC CTG TCT TCC GAG GAG TTC AAG GAA AAA TTC GGT ATG ACC AAG GAA GCG TTC TAC AAG CTG CCG AAA TGG AAA CAG AAC AAG TTC AAA ATG GCG GTT CAG CTG TTC,-3.620971647210673
CCA GCT CAC CCG TAC GAC CGT CTG AAA ACC ACC TCT ACC GAT CCG GTT TCT GAC ATT GAC GTT ACC CTG CGT ATG GCG TAC CTG TCT TCC GAG GAA TTC AAG GAA AAA TTC GGC ATG ACC AAG GAG GCG TTC TAC AAA CTG CCG AAA TGG AAA CAG AAC AAA TTC AAA ATG GCG GTG CAG CTG TTC,0.9669224849457118
CCG GCG CAC CCG TAC GAC CGT CTG AAA ACC ACC TCT ACC GAC CCG GTT TCT GAC ATC GAC GTT ACC CGT CGT GAA GCG TAC CTG TCT TCC GAA GAG TTC AAA GAG AAG TTC GGT TTC ACC AAG GAA GCG TTC TAC AAG CTG CCG AAA TGG AAA CAG AAC AAA TTC AAA ATG GCG GTG CAA CTG TTC,0.6953787843015011
CCG GCG CAC CCG TAC TCT CGT CTG ACC ACC ACC TCT ACC GAC CCG GTT TCT GAC ATT GAC GTT ACT CGT CGT GAG GCG TAC CTG TCT TCT GAA GAG TTC AAA GAG AAG TTC GGC ATG ACC AAA GAA GCG TTC TAC AAA CTG CCG AAA TGG AAA CAG AAC AAA TTC AAA ATG GCG GTT CAG CTG TTC,0.5801609173597383
CCG GCG CAC CCG TAC GAC CGT CTG AAA ACC ACC TCT ACC GAC CCG GTG TCT GAC ATC GAC GTT ACC CGT CGC GAA GCG TAC CTC TCT TCT GAG GAA TTC AAG GGT AAG TTT GGT ATG ACC AAA GAG GCG TTC TAC AAA CTG CCG AAA TGG AAG CAG AAC AAA TTC AAA ATG GCG GTT CAA CTC TTT,0.7590846118718411
CCG GCG CAC CCG TAC GAC CGT CTG AAG ACC ACC TCT ACC GAC CCG GTT TCT GAC ATC CAC GTT GCG CGT CGT GAA GCG TAC CTG TCT TCT GAG GAG TTC AAG GAA AAG TTT GGT ATG ACC AAG GAG GCT TTC TAC AAA CTG CCG AAA TGG AAG CAG AAC AAG TTC AAA ATG GCT GTT CAG CTG TTC,0.5190969495172375
CCA GCG CAT CCA TAC GAC CGT CTG AAA ACC ACC TCT ACC GAC CCA GTT TCT GAC ATC GAC GTT ACC CGT CGT GAA GCG TAC CTG TCT TCC GAA GAA TTC AAG GAG AAG TTC GGT ATG ACC AAG GAG GCG TTC TAC AAA CTG CCG AAA TGG AAA CAG AAC AAG TTC AAA ATG GCG GTT CAG CTG CAC,1.6862916040935805
CCG GCG CAC CCG TAC GAC AAC CTG AAA ACC ACC TCT ACC ATG CCG GTT TCT GAC ATC GAC GTT ACC CGC CGT GAA GCG TAC CTG TCT TCT GAG GAG TTC AAG GAG AAA TTC GGT ATG ACC AAA GAA GCT TTC TAC AAA CTG CCG AAG TGG AAG CAA AAC AAA TTC AAG ATG GCG GTT CAG CTG TTC,0.9581233444527268
CCA GCG CAC CCG TAC GAC CGT CTG AAA ACC ACC TCT ACC GAC CCG GTT TCT GAC ATC TCT GTT ATG CGT CGT GAG GCG TAC CTC TCT TCT GAA GAA TTC AAG GAG AAG TTC GGC ATG ACC AAG GAA GCG TTT TAC AAA CTG CCG AAA TGG AAA CAG AAC AAA TTC AAA ATG GCG GTG CAG CTG TTT,0.5291795661008768
CCG GCG CAC CCG TAC GAC CGT CTG AAA ACC ACC TCT ACT GAC CCA GTT TCT GAT ATC GAC GTT ACC CGT CGT TCC GCG TAC CTG TCC TCT GAA GAG TTC AAG GAA AAA TTC GGT ATG ACC AAA GAA GCG TTC TTC AAA CTC CCG AAA TGG AAA CAG AAC AAG TTC AAA ATG GCG GTT CAG CTG TTC,0.7184644111241774
CCG GCG CAC CCG TAC GAC CGT CTG AAA ACC ACC TCT ACC GAC CCG GTT TCT GAC ATC GAC GTT ACC CGT CGT GAA GCG TAC CTG TCC TCT GAG GAG TTC AAG GAA AAG TTC GGT ATG ACC AAA GAA GCG TTC TAC AAA GCG CCG AAA TGG AAA CAG AAC AAA TTC AAA ATG GCG GTT CAG CTG TTC,0.0807339343940793
CCA GCT CAC CCG TAC GAC CGT CTG AAA ACC ACC TCT ACC GAC CCG GTT TCT GAC ATC GAC GTT ACC CGT CGT GAA GCG TAC CTG TCT TCC GAG GAA TTC AAA GAA AAG TTC GGT ATG ACC AAA GAA GCG TTC GAC AAA CTG CCG AAA TGG AAA CAG AAC AAA TTC CTG ATG GCT GTT CAG CTG TTC,0.8006552821795632
CCG GCG CAC CCG TAC GAC TGG CTG AAA ACC ACC TCT ACC CAG CCG GTT TCT GAC ATC GAC GTT ACC CGT CGT GAA GCG TAC CTG TCC TCT GAG GAG TTC AAG GAA AAG TTC GGT ATG ACC AAA GAA GCG TTT TAC AAA CTG CCG AAA TGG AAA CAG AAC AAG TTC AAA ATG GCT GTT CAG CTG TTC,0.7962065586597378
CCG GCG CAT CCG TAC ATG CGT CTG GAC ACC ACC TCT ACC GAC CCG GTT TCT GAC ATT GAC GTT ACC CGT CGT GAA GCG TAC CTG TCT TCC GAA GAA TTC AAG GAA AAG TTC GGT ATG ACC AAG GAG GCG TTC TAC AAA CTG CCG AAA TGG AAA CAG AAC AAA TTC AAA ATG GCG GTT CAG CTG TTC,0.3121569702592742
CCG GCG CAC CCG TAC GAC CGC CTG AAA ACC ACC TCT ACT GAC CCG GTT TCT GAC ATC GAC GTT ACC GAC CGT GAA GCG TAC CTC TCT TCT GAG GAG TTC AAA GAA AAG TTC GGT ATG ACC AAG GAA GCG TTC CAG AAA CTG CCG AAA TGG AAA CAG AAC AAA TTC AAA ATG GCG GTG CAG CTG TTC,0.6036646493558948
CCA GCG CAC CCG TAC GAC CGT CTG AAA ACC ACC TCT ACC GAC CCG GTT TCT GAC ATC ATC GTT CAA CGT CGT GAA GCG TAC CTC TCC TCC GAG GAG TTT AAG GAA AAG TTC GGT ATG ACC AAA GAA GCG TTC TAC AAA CTG CCG AAG TGG AAA CAG AAC AAA TTC AAA ATG GCG GTT CAG CTG TTC,0.7078326378766939
CCG GCG CAC CCA TAC GAC CGT CTG AAA ACC ACC TCT ACT GAC CCG GTT TCT GAT ATC GAC GTT ACC CGT CGT GAA GCG TAC CTG TCT TCC GAG GAG TTC AAA GAG AAA TTC GGT ATG ACC AAA GAC GCG TTC TAC AAA CTG CCG AAA TGG AAA CAG AAC AAA TTC AAA ATG GCT GTT CAG CTG TTC,1.2115152889678156
CCG GCT CAC CCG TAC GAC CGT CTG AAA ACC ACC TCT ACC GAC CCG GTT TCT GAC ATC GAC GTT ACC GGT CGT GAA GCG TAC CTG TCT TCC GAA GAG TTC AAG GAG AAA TTC GGT ATG ACC AAG GAG GCG TTT GCG AAA CTC CCG AAA TGG AAA CAG AAC AAA TTC AAA ATG GCG GTT CAG CTG TTC,0.641045635274309
CCG GCG CAC CCG TAC GAC CGT CTG AAA ACC ACC TCT ACC GAT CCG GTT TCT GAC ATC GAC GTT ACC GAC CGT ACC GCG TAC CTG TCT TCT GAG GAA TTC AAG GAA AAG TTC GGC ATG ACC AAA GAA GCG TTC TAC AAA CTG CCG AAA TGG AAA CAG AAC AAA TTC AAA ATG GCG GTG CAG CTG TTC,0.8044906757503665
CCG GCG CAC CCG TAC GAC AAC CTG AAA ACC ACC TCT ACC CAG CCG GTT TCT GAT ATT GAC GTT ACC CGT CGT GAA GCG TAC CTG TCT TCC GAA GAG TTC AAA GAA AAA TTC GGC ATG ACC AAA GAG GCG TTT TAC AAA CTC CCG AAA TGG AAG CAG AAC AAA TTC AAA ATG GCG GTT CAG CTG TTC,0.8594545948584341
CCG GCG CAC CCG TAC TCT CGT CTG CCG ACC ACT TCT ACC GAC CCG GTT TCT GAC ATC GAC GTT ACC CGT CGT GAA GCG TAC CTG TCC TCT GAG GAA TTC AAG GAA AAA TTC GGC ATG ACC AAG GAG GCG TTC TAC AAA CTG CCG AAA TGG AAA CAG AAC AAA TTC AAA ATG GCG GTT CAA CTG TTC,0.038534409782066
CCG GCG CAC CCG TAC GAC CGT CTG AAA ACC ACT TCT ACC GAC CCG GTG TCC GAC ATC GAC GTT ACT CGT CGT GAA GCG TAC CTG ACC TCT GAG ACC TTC AAA GAA AAA TTC GGC ATG ACC AAA GAA GCG TTC TAC AAA CTG CCG AAA TGG AAA CAG AAC AAA TTC AAA ATG GCG GTT CAG CTG TTC,0.6257098638728711
CCG GCG CAC CCG TAC GAC CGT CTG AAA ACC ACC TCT ACC GAT CCG GTT TCT GAC ATC GAC GTT ACC CGT CGT GAA GCG TAC CTG TCC TCC GAA GAG TTC AAA GAA AAG TTC GGT ATG ACC AAA GAA GCG TTC TAC AAA CTG CCG AAA TGG AAG CAG GAG AAG TTC AAG ATG GCG GTT CAG CTG TTC,1.1472879722930576
CCG GCG CAC CCG TAC GAC CGT CTG AAA ACC ACC TCT ACC GAC CCG GTT TCT GAC ATC GGT GTT GCG CGT CGT GAA GCG TAC CTG TCT TCC GAA GAG TTC AAG GAG AAA TTC GGC ATG ACC AAG GAA GCG TTC TAC AAA CTG CCG AAA TGG AAA CAG AAC AAA TTC AAA ATG GCG GTT CAG CTC TTC,0.5227727874064894
CCG GCG CAT CCA TAC CAG CGC CTG CAG ACC ACC TCT ACC GAT CCG GTG TCT GAC ATT GAC GTT ACC CGT CGT GAA GCG TAC CTG TCC TCC GAA GAA TTC AAG GAA AAA TTC GGT ATG ACC AAG GAG GCG TTC TAC AAA CTG CCG AAA TGG AAA CAG AAC AAA TTC AAA ATG GCT GTT CAG CTC TTC,0.0517063219965544
CCG GCT CAC CCG TAC GAC CGT CTG AAA ACC ACC TCT ACC GAC CCA GTT TCT GAC ATC GAC GTT ACC CGT CGC GAG GCG TAC CTG TCT TCT GAA GAG TTC AAG GAG AAG TTC GGT ATG ACC AAG GAG TTC TTC TAC AAG CTG CCG AAA TGG AAA CAG AAC AAA TTC AAA ATG GCG GTT CAG CTG TTC,1.1325355214717354
CCA GCG GCT CCG TAC GAC CGT CTG AAA ACC ACC TCT ACC GAC CCG GTT TCT GAC ATC GAC GTT ACC CGC CGT GAA GCG TAC CTG TCT TCC GAA GAA TTC AAG GAA AAA TTC GGC ATG ACC AAA GAA GCG TTC TAT AAA CTG CCG AAA TGG AAA CAG AAC AAG TTC AAA ATG GCG GTT CAG CTG TTC,0.6378176132980896
CCG GCG CAT CCG TAC GAC CGT CTG AAA ACC ACT TCT ACC GAC CCG GTT TCT GAT ATC CAG GTT GAC CGT CGT GAA GCT TAC CTG TCC TCT GAG GAG TTC AAA GAA AAA TTC GGC ATG ACC AAA GAG GCG TTC TAC AAA CTG CCG AAA TGG AAA CAG AAC AAA TTC AAA ATG GCG GTT CAG CTG TTC,0.58213177404333
CCA GCG CAC CCG TAC GAC CGT CTG AAA ACC ACC TCT ACC GAT CCG GTT TCT GAC ATC GAC GTT ACC CGT CGT ACC GCG TAC CTG TCT TCC GAG GAG TTC AAA GAG AAA TTC GGT ATG ACC AAG GAA GCG TTC TAC AAA CTC CCG AAA TGG AAA CAG AAC AAA TTC CAG ATG GCT GTT CAG CTG TTC,0.6166986986103219
CCG GCT CAC CCG TAC GAT TCT CTG AAA ACC ACC TCT ACC GAA CCG GTG TCT GAT ATC GAC GTT ACC CGT CGT GAA GCG TAC CTG TCC TCC GAA GAG TTC AAG GAA AAA TTC GGT ATG ACC AAG GAG GCG TTC TAC AAA CTG CCG AAA TGG AAA CAG AAC AAG TTC AAA ATG GCG GTT CAG CTG TTC,0.8120487559741818
CCG GCG CAC CCG TAC GAC CGT CTG AAA ACC ACC TCT ACC GAC CCA GTT TCT GAC ATC GAC GTT ACC CGT CGT GAA GCG TAC CTG TCC TCT GAA GAA TGG AAG GAA AAA TTC GGC ATG ACC AAA GAA GCG TTC TAC AAA CTG CCG AAG TGG AAA CAG AAC AAA TTC AAA ATG GCG GTT CAG CTG TTC,0.2913257233247792
CCG GCG CAC CCG TAC GAC CGT CTG AAA ACC ACC TCT ACC GAC CCG GTT TCT GAC ATC ATG GTT AAA CGT CGT GAA GCG TAC CTC TCC TCT GAA GAA TTC AAG GAA AAG TTC GGT ATG ACC AAG GAA GCG TTC TAC AAA CTG CCG AAA TGG AAA CAG AAC AAA TTC AAA ATG GCG GTG CAG CTG TTC,0.5616200475845134
CCG GCG CAC CCG TAC GAC CGT CTG AAA ACT ACC TCT ACC GAC CCG GTT TCT GAC ATT GAC GTT ACC CGT CGT GGT GCG TAC CTG TCT TCT GAA GAG TTC AAA GAA AAG TTC GGT ATG ACC AAG GAG GCG TTC ACC AAA CTG CCG AAA TGG AAA CAG AAC AAA TTC AAA ATG GCG GTT CAG CTG TTT,0.4602409824096094
CCA GCG CAC CCG TAC GAC CGT CTG AAA ACC ACC TCT ACC GAC CCG GTT TCT GAC ATC GAA GTT CAC CGT CGT GAA GCT TAC CTC TCC TCT GAG GAG TTC AAA GAG AAG TTC GGT ATG ACC AAA GAA GCG TTC TAC AAA CTG CCG AAG TGG AAA CAG AAC AAA TTC AAA ATG GCG GTT CAG CTG TTC,0.7859053384048189
CCG GCG CAC CCG TAC GAC CGT CTG AAA ACC ACC TCT ACC GAC CCG GTG TCT GAC ATC GAC GTT ACC CGT CGT GAA GCG TAC CTC TCT TCT GAG GAG TTC AAA GAG AAA TTC GGC ATG GTG AAA GAA GCG TTC TAC AAA CTG CCG AAA TGG AAA CAG AAC AAA TTC AAA ATG GCG GTG CAG CTC TTC,0.8477418593176378
CCA GCT CAC CCG TAC GAC CGT CTG AAA ACC ACC TCT ACC GAC CCG GTT TCT GAC ATC GAC GTT ACC GCG CGT GAA GCT TAC CTG TCC TCT GAA GAA TTC AAG GAG AAA TTC GGC ATG ACC AAA GAG GCG TTC CAC AAA CTG CCG AAA TGG AAA CAG AAC AAA TTC AAA ATG GCG GTG CAG CTG TTC,0.5746970312327587
CCG GCG CAC CCG TAC GAC CGT CTG AAG ACC ACT TCT ACC GAC CCG GTT TCT GAC ATC GAC GTT ACC CGT CGC GAA GCG TAC CTG AAG TCC GAA ACC TTC AAA GAA AAG TTC GGT ATG ACC AAG GAA GCG TTC TAC AAG CTG CCA AAG TGG AAA CAG AAC AAA TTC AAA ATG GCG GTT CAG CTG TTC,0.3183255699290529
CCG GCT CAT CCG TAC GAC CGT CTG AAG ACC ACC TCT ACC GAC CCG GTT TCT GAC ATC GAC GTT ACC CGT CGT GAA GCG TAT CTC TCT TCC GAA GAG TTC AAG GAG AAA TTC GGT ATG ACC AAA GAA GCG TTC TAC AAA CTG CCG AAG TGG AAA CAG AAC AAA TTC CTG ATG GCG GTG CAG CTG TTC,0.9149859021945024
CCG GCT CAC CCG TAC GAC CGT CTG AAA ACC ACT TCT ACC GAC CCG GTT TCT GAC ATC GAC GTT ACC CGT CGC AAC GCT TAC CTG TCC TCC GAA GAG TTC AAG GAG AAG TTC GGT ATG ACC AAA GAG GCG TTC TAC AAA CTG CCG AAA TGG AAA CAG AAC AAA TTC CCG ATG GCG GTT CAG CTG TTC,1.1032118344708377
CCG GCG CAC CCG TAC GAC CGT CTG AAA ACT ACC TCT ACC GAC CCG GTT TCT GAC ATC GAC GTT ACC CGC CGT CGT GCG TAC CTC TCT TCT GAA GAG TTC AAG GAG AAA TTC GGT ATG ACC AAG GAA GCG TTC TAC AAA CTG CCG AAA TGG AAA CAG AAC AAG TTT GGT ATG GCG GTT CAA CTG TTC,0.4003266449474996
CCG GCG CAC CCG TAC GAC CGT CTG AAA ACT ACC TCT ACC GAC CCG GTT TCT GAC ATT GAC GTT ACC CGT CGT TCT GCG TAC CTG TCT TCT GAA GAA TTC AAG GAA AAG TTC GGT ATG ACC AAG GAG GCG TTC AAC AAA CTG CCG AAA TGG AAA CAG AAC AAA TTC AAA ATG GCG GTT CAG CTG TTC,0.648186617542118
CCG GCT CAC CCG TAC GAC CGT CTG AAA ACC ACC TCT ACC GAC CCG GTT TCT GAC ATC GAC GTT ACC TGG CGT GAA GCG TAC CTG TCT TCT GAG GAA TTC AAG GAA AAA TTC GGC ATG ACC AAG GAA GCG TTC CCG AAA CTG CCG AAA TGG AAA CAG AAC AAG TTC AAG ATG GCT GTT CAA CTG TTC,-1.8107679899921525
CCG GCG CAC CCG TAC TAC CGT CTG TGG ACC ACC TCT ACC GAC CCG GTT TCT GAC ATC GAC GTT ACC CGT CGT GAA GCG TAC CTG TCC TCC GAG GAA TTC AAA GAA AAA TTC GGC ATG ACC AAG GAA GCG TTT TAC AAA CTG CCG AAG TGG AAA CAG AAC AAG TTC AAA ATG GCT GTT CAG CTG TTC,0.1075795404667905
CCG GCT CAC CCG TAC GAC CGT CTG AAA ACC ACC TCT ACC GAT CCG GTT TCT GAC ATC GAC GTT ACC CAC CGT GAA GCT TAC CTG TCC TCC GAA GAA TTC AAG GAA AAG TTC GGT ATG ACC AAA GAA GCG TTC TAT AAG CTC CCG AAA TGG AAA CAG AAC AAG TTC TGG ATG GCG GTT CAG CTG TTC,1.149957377723878
CCG GCG CAC CCG TAC GAC CGT CTG AAA ACC ACC TCT ACC GAC CCG GTT TCT GAT ATC GAC GTT ACT CGT TAC GAA GCG TAC CTC TCC TCC GAG GAG TTC AAG GAA AAA TTC GGT ATG ACC AAG GAA GCG TTT TAC AAA CTG CCG AAA TGG AAG CAG AAC AAA TTC AAA ATG GCG GTT CAG CTG TTC,0.95146184637037
CCG GCG CAC CCG TAC GAC CGT CTG AAA ACC ACC TCT ACC GAC CCG GTT TCT GAC ATC GAC GTT ACC CGT CGC GAA GCG TAC CTG ATT TCC GAG ATT TTC AAG GAG AAG TTC GGT ATG ACC AAG GAA GCG TTC TAC AAA CTG CCG AAG TGG AAA CAG AAC AAA TTC AAA ATG GCG GTT CAG CTG TTC,0.6179963550921486
CCA GCT CAC CCG TAC GAC CGT CTG AAA ACC ACC TCT ACC GAT CCG GTT TCT GAC ATC GAC GTT ACC CGT CGT AAA GCG TAT CTG TCC TCT GAG GAA TTC AAG GAG AAA TTC GGT ATG ACC AAA GAA GCG TTC AAC AAG CTG CCG AAA TGG AAA CAG AAC AAA TTC AAA ATG GCG GTT CAG CTG TTC,0.6474982912651108
CCG GCG CAC CCG TAC GAC CGT CTC AAA ACC ACT TCT ACC GAT CCG GTT TCT GAC ATC GAC GTT ACC CGT CGT GAA GCG TAC CTC TCC TCC GAG GAA TTC AAA GAG AAA TTC GGT ATG ACC AAA GAA GCG TTC TAC AAA CTG CCA AAG TGG AAA CAG AAC AAG TTC AAA ATC GCG GTT CAG CTG TTC,1.298369777103994
CCG GCG CAC CCG TAC GAC CGT CTG AAA ACT ACC TCT ACC GAC CCG GTT TCT GAC ATC ATG GTT TTC CGT CGT GAA GCG TAC CTG TCT TCT GAA GAG TTC AAA GAA AAG TTC GGC ATG ACC AAA GAA GCG TTC TAC AAA CTG CCG AAA TGG AAG CAG AAC AAA TTC AAA ATG GCT GTT CAG CTG TTC,-0.4668544487088316
CCA GCG CAC CCG TAC GAC CGC CTG AAA ACC ACC TCT ACT GAC CCG GTT TCT GAT ATC GAC GTT ACC CGT CGT GAG GCG TAC CTG TGC TCT GAA ATG TTC AAA GAA AAA TTC GGC ATG ACC AAA GAA GCG TTC TAC AAA CTG CCA AAA TGG AAA CAG AAC AAA TTC AAG ATG GCG GTG CAA CTG TTC,0.8187821661524368
CCA GCG CAT CCG TAC GAC CGT CTG AAA ACC ACC TCT ACC GAC CCG TAC TCT GAC ATC GAC GTT ACC CGT CGT GAA GCG TAC CTC TCT TCC GAG GAA TTC AAG GAG AAA TTC GGT ATG ACC AAA GAA GCG TTT TAC AAA CTG CCG AAG TGG AAG CAA AAC AAA TTC AAA ATG GCT GTT CAG CTG TTC,0.8201770833172504
CCA GCG CAT CCG TAC GAC CGT CTG AAA ACC ACC TCT ACT GAC CCG GTT TCT GAC ATC GAC GTT ACC CGT CGT CTG GCT TAC CTG TCT TCT GAA GAG TTC AAG GAG AAG TTC GGC ATG ACC AAA GAA GCG TTC TAC AAA CTC CCG AAA TGG AAA CAG AAC AAA TTC CTG ATG GCG GTT CAG CTG TTC,1.15891769898075
CCG GCG CAC CCG TAC GAC CGT CTG AAA ACC ACC TCT ACC GAC CCG GTT TCC GAC ATC GAC GTT ACC CGT CGT GTT GCT TAC CTG TCT TCT GAG GAA TTC AAG GAG AAG TTC GGT ATG ACC AAA GAA GCG TTC TGG AAA CTG CCG AAG TGG AAA CAG AAC AAA TTC AAA ATG GCG GTT CAG CTG TTC,0.7995895794300263
CCG GCG CAC CCG TAC GAC CGT CTG AAA ACC ACC TCT ACC GAC CCG GTT TCT GAC ATC GAC GTT ACC AAA CGT GAA GCG TAC CTG TCC TCC GAA GAA TTC AAA GAA AAA TTC GGC ATG ACC AAA GAA GCG TTC TTC AAA CTG CCG AAG TGG AAA CAG AAT AAG TTC AAA ATG GCG GTT CAG CTG TTC,0.7923385902321125
CCG GCG CAC CCG TAC GAC CCG CTG AAA ACC ACC TCT ACC CAG CCG GTT TCT GAC ATT GAC GTT ACC CGT CGT GAG GCG TAC CTC TCC TCT GAA GAA TTC AAA GAG AAA TTC GGT ATG ACC AAG GAG GCG TTC TAC AAA CTG CCG AAA TGG AAG CAG AAC AAA TTC AAG ATG GCG GTT CAG CTG TTC,0.7808934932527798
CCG GCG CAC CCG TAC GAC CGT CTG AAA ACC ACT TCT ACC GAC CCG GTT TCT GAC ATT GAC GTT ACC CGT CGT GAA GCG TAC CTG TCT TCT GCG GAA TTC AAA GAA AAG TTC GGT ATG ACC AAA GAA GCG TTC TAC AAA CTG CCG AAA TGG AAA CAG AAC AAG TTC AAG ATG GCG GTT CAG CTG TTC,1.201533478322398
CCG GCG CAC CCG TAC GAC CGT CTG AAA ACC ACC TCT ACC GAC CCG GTT TCT GAC ATC GAC GTT ACT CCA CGT CAG GCG TAC CTG TCC TCT GAG GAG TTC AAG GAG AAA TTC GGT ATG ACC AAA GAA GCG TTC TAC AAA CTG CCG AAA TGG AAA CAG AAC AAA TTC AAA ATG GCG GTT CAA CTG TTC,0.6040425613210763
CCA GCG CAT CCA TAC GAC CGT CTG AAA ACC ACC TCT ACC GAC CCG GTT TCT GAC ATC GAC GTT ACC CGT CGT TCT GCG TAT CTC TCC TCC GAA GAA TTC AAA GAA AAG TTC GGT ATG ACC AAG GAA GCT TTC CAC AAA CTG CCG AAA TGG AAG CAG AAC AAG TTC AAA ATG GCG GTT CAG CTG TTC,0.5086073904877563
CCA GCG CAC CCG TAC GAC CGT CTG AAA ACC ACC TCT ACC GAC CCA GTT TCT CTC ATC GAC GTT ACC CGT CGT GAA GCG TAC CTG TCC TCC GAA GAG TTC AAA GAA AAA TTC GGC ATG ACC AAA GAA GCG TTC TAC AAG CTG CCG AAA TGG AAA CAG AAC AAA TTC AAA ATG GCG GTT CAG CTG TTC,0.9321391580204974
CCA GCT CAC CCG TAC GAC CGT CTG AAA ACC ACC TCT ACC GAC CCG GTG TCT GAC ATC GAC GTT ACC CGT CGC CAA GCG TAC CTG TCT TCC GAG GAA TTC AAG GAG AAG TTC GGT ATG ACC AAG GAA GCG TTC TAC AAA CTG CCG AAA TGG AAA CAG AAC AAA TTC GTT ATG GCG GTT CAG CTG TTC,0.6704571240646856
CCG GCG CAC CCG TAC GAC CGT CTG AAA ACC ACC TCT ACC GAC CCG GTT TCT GAT ATC GAC GTT ACC CGT CGT CCA GCG TAC CTC TCC TCC GAG GAA TTC AAA GAG AAA TTC GGT ATG ACC AAA GAA GCG TTT TAC AAA CTG CCG AAA TGG AAA CAG AAC AAA TTC GAG ATG GCG GTT CAG CTG TTC,0.5807522126311668
CCG GCT CAC CCG TAC GAC CGT CTG AAA ACC ACC TCT ACC GAC CCG GTT TCT GAT ATC GAC GTT ACC GGT CGT GAA GCT TAC CTG TCC TCT GAA GAG TTC AAA GAG AAG TTC GGT ATG ACC AAA GAG GCG TTC TAC AAA CTG CCG AAG TGG AAA CAG AAC AAA TTC CGT ATG GCG GTG CAG CTG TTT,0.8331043193430403
CCG GCT CAT CCG TAT GAT CGT CTC AAA ACC ACC TCT ACC GAC CCG GTT TCT GAC ATT GAC GTT ACC CGC CGT GAA GCG TAC CTG GAC TCT GAG GTT TTC AAG GAA AAG TTC GGT ATG ACC AAA GAG GCG TTC TAC AAG CTG CCG AAA TGG AAA CAG AAC AAA TTC AAA ATG GCG GTT CAG CTG TTC,0.8344543121672245
CCG GCG CAC CCG TAC GAC CGT CTG AAA ACC ACC TCT ACC GAC AAA GTT TCT GAC ATC GAC GTT ACC CGT CGT GAA GCG TAC CTC TCT TCT GAA GAA TTC AAG GAG AAA TTC GGC ATG ACC AAA GAG GCG TTC TAC AAA CTG CCG AAA TGG AAG CAG AAC AAA TTC AAA ATG GCG GTG CAG CTG TTC,0.7220168846782778
CCG GCG CAC CCG TAC GAC CGT CTG AAA ACT ACC TCT ACC GAC CCG GTT TCT GAC ATT GAC GTT ACC CGT CGT TAC GCG TAC CTG TCT TCT GAA GAG TTC AAA GAA AAA TTC GGT ATG ACC AAG GAG GCG TTC ACC AAA CTG CCG AAA TGG AAA CAG AAC AAA TTC AAA ATG GCG GTT CAG CTG TTC,0.4905300410690604
CCA GCG CAC CCG TAC GAC CGT CTG AAG ACC ACT TCT ACC GAC CCG GTT TCT GAC ATT GAC GTT ACC CGC CGT GAA GCG TAC CTG TCC TCC GTT GAG TTC AAA GAA AAA TTC GGT ATG ACC AAG GAG GCG TTC TAC AAA CTG CCG AAA TGG AAA CAG AAC AAA TTC AAA ATG GCG GTT CAG CTG TTC,1.0538781853185903
CCG GCG CAC CCG TAC GAC CCG CTG AAA ACC ACC TCT ACC ATC CCG GTT TCT GAC ATT GAC GTT ACC CGT CGT GAA GCG TAC CTG TCC TCT GAA GAG TTC AAA GAG AAG TTC GGC ATG ACC AAA GAA GCG TTC TAC AAA CTG CCG AAA TGG AAA CAG AAC AAA TTC AAG ATG GCG GTT CAG CTG TTC,0.8745131746773573
CCG GCG CAC CCG TAC GAC CGT CTC AAA ACC ACC TCT ACC GAC CCG GTT TCT GAC ATT GAT GTT ACC CGT CGT GAA GCG TAC CTG GGT TCT GAA AAC TTC AAG GAG AAA TTC GGC ATG ACC AAA GAA GCG TTC TAC AAA CTG CCG AAA TGG AAA CAG AAC AAA TTC AAA ATG GCG GTT CAG CTC TTC,0.4533314976355984
CCG GCG CAT CCG TAC GAC CGT CTG AAA ACC ACT TCT ACC GAC CCG GTT TCT GAT ATC GAC GTG ACT CGC CGT GGT GCT TAC CTG TCC TCC GAG GAA TTC AAG GAG AAA TTC GGT ATG ACC AAA GAG GCG TTT TAC AAA CTC CCA AAA TGG AAA CAG AAC AAG TTC GAC ATG GCT GTT CAA CTC TTC,0.2667160563866794
CCG GCT CAC CCA TAC GAC CGT CTG AAA ACC ACT TCC ACC GAC CCG GTT TCT GAC ATC GAC GTT ACC AAT CGT GAA GCG TAC CTG TCT TCC GAG GAA TTC AAA GAG AAG TTC GGT ATG ACC AAA GAA GCG TTC TAC AAA CTG CCG AAA TGG AAA CAG AAC AAG TTC ATC ATG GCG GTT CAG CTG TTC,0.8983729878415967
CCG GCT CAC CCG TAC GAC CGT CTG AAA ACC ACC TCT ACC GAC CCA GTT TCT GAC ATT GAC GTT ACC TAC CGT GAA GCG TAC CTG TCC TCT GAA GAA TTC AAG GAA AAA TTC GGC ATG ACC AAG GAA GCG TTC TAC AAA CTG CCA AAA TGG AAG CAG AAC AAA TTC GAA ATG GCG GTG CAG CTG TTC,0.413195453528263
CCG GCG CAC CCG TAC GAC CGT CTG AAA ACC ACC TCT ACC GAC CCG GTT TCT GAC ATC GAC GTT ACC AAA CGT GAA GCT TAC CTC TCC TCT GAA GAG TTC AAA GAA AAG TTC GGT ATG ACC AAG GAA GCG TTC CAC AAA CTG CCG AAA TGG AAA CAG AAC AAA TTC AAA ATG GCG GTT CAG CTG TTC,0.8059855141454536
CCG GCG CAC CCG TAC GAC CGT CTG AAA ACC ACC TCT ACC GAC CCG GTT TCT GAC ATC GAC GTT ACC GTT CGT AAA GCG TAC CTG TCT TCT GAA GAG TTC AAG GAA AAA TTC GGC ATG ACC AAG GAA GCT TTC TAC AAG CTG CCG AAG TGG AAG CAG AAC AAA TTC AAA ATG GCG GTT CAG CTG TTC,0.7765927999124091
CCG GCG CAT CCG TAC GAC CGT CTG AAA ACC ACC TCT ACC GAT CCG GTT TCT GAC ATC GAC GTT ACC CGT CGT GAA GCG TAC CTG TCC TCC GAG GAA TTC AAG GAG AAA TTC GGT ATG ACC AAA GAA GCG TTT TAC AAG CTG CCG AAG TCC AAA CAG AAC AAA TTC AAA ATG GCG GTT CAG CTG TTC,1.0041905941076052
CCA GCG CAC CCG TAC GAC CGT CTC AAG ACC ACC TCT ACC GAC CCG GTT TCT GAT ATC GAC GTT ACC TAC CGT GAA GCG TAC CTG TCC TCT GAG GAA TTC AAA GAA AAA TTC GGC ATG ACC AAA GAG GCG TTC TAC AAA CTG CCG AAA TGG AAA CAG AAC AAA TTC ATC ATG GCG GTT CAG CTG TTC,0.8847775075424957
CCG GCT CAC CCG TAC GAC CGT CTG AAA ACT ACC TCT ACC GAC CCG GTT TCT GAC ATC ACC GTT GAG CGT CGT GAA GCT TAC CTG TCT TCC GAG GAG TTC AAA GAG AAA TTC GGT ATG ACC AAG GAG GCG TTC TAC AAA CTG CCG AAA TGG AAA CAG AAC AAA TTC AAG ATG GCG GTG CAG CTG TTC,0.730244701531404
CCA GCT CAC CCG TAC GAC CGT CTG AAA ACC ACC TCT ACC GAC CCA GTT TCC GAC ATC ACC GTT GTT CGT CGC GAA GCG TAC CTG TCC TCT GAG GAG TTC AAA GAG AAG TTC GGT ATG ACC AAA GAG GCG TTC TAC AAG CTG CCG AAG TGG AAA CAG AAC AAA TTC AAA ATG GCG GTT CAG CTG TTC,0.9001170785766757
CCG GCG CAC CCA TAC GAC CGT CTC AAA ACT ACC TCT ACC GAC CCA GTT TCT GAC ATC GAC GTT ACC CGT CGT GAA GCG TAC CTG TCT TCC GAG GAG TTC AAA GAG AAA TTC GGT ATG ACC AAG GAA GCG TTC CGT AAA CTG CCG AAA TGG AAA CAG AAC AAA TTC AAA ATG GCG GTT CAG CTG TTC,0.8797295299564314
CCG GCG CAC CCG TAC GAC CGT CTG AAA ACT ACC TCT ACC GAC CCG GTT TCT GAC ATT GAC GTT ACC CGC CGT GAA GCG TAC CTG CTG TCT GAA CGT TTC AAA GAA AAA TTC GGT ATG ACC AAG GAA GCG TTC TAC AAA CTG CCG AAA TGG AAA CAG AAC AAA TTC AAA ATG GCG GTG CAA CTG TTC,0.2726967895785753
CCG GCT CAC CCG TAC GAC CGT CTG AAA ACC ACC TCT ACC GAC CCG GTT TCT GAC ATC TGG GTT CCG CGT CGT GAG GCT TAT CTG TCT TCC GAG GAG TTC AAA GAA AAA TTC GGT ATG ACC AAA GAG GCT TTC TAC AAA CTG CCG AAG TGG AAA CAA AAC AAA TTC AAA ATG GCG GTG CAG CTG TTC,0.7651374876998334
CCG GCG CAC CCG TAC GAC CGT CTG AAA ACC ACC TCT ACC GAC CCG GTT TCT GAC ATC GAC GTT ACC AAA CGT CAG GCG TAC CTC TCT TCC GAA GAG TTC AAG GAA AAA TTC GGT ATG ACC AAG GAA GCG TTC TAC AAA CTG CCG AAA TGG AAA CAG AAC AAA TTC AAA ATG GCG GTT CAG CTG TTC,0.7028333338879066
CCG GCT CAC CCA TAC GAC CGT CTG AAA ACC ACC TCT ACC GAC CCG GTT TCT GAC ATC GCG GTT CTG CGT CGC GAA GCG TAT CTG TCC TCT GAG GAA TTT AAG GAG AAG TTC GGC ATG ACC AAA GAG GCG TTC TAC AAA CTG CCG AAA TGG AAA CAG AAC AAG TTC AAA ATG GCG GTG CAG CTG TTC,0.440568789506585
CCG GCG CAC CCG TAC GAC GTT CTG AAA ACC ACT TCT ACC CAC CCA GTT TCT GAC ATC GAC GTG ACC CGT CGT GAA GCG TAC CTG TCC TCT GAG GAA TTC AAG GAG AAA TTC GGT ATG ACC AAA GAG GCG TTC TAC AAA CTG CCG AAA TGG AAA CAG AAC AAA TTC AAA ATG GCG GTT CAA CTC TTC,0.8310388400647075
CCG GCT CAC CCG TAC GAC CGT CTG AAA ACC ACC TCT ACC GAC CCG GTT TCT GAT ATC GAC GTT ACC CGT CGT GAA GCG TAC CTG TCC TCT GAA GAA TTC AAG GAA AAA TTC GGC ATG ACC AAA GAA GCG TTC CAG AAA CTG CCG AAA TGG AAA CAG AAC AAA TTC GAC ATG GCG GTT CAG CTG TTC,0.2849824216623723
CCG GCG CAC CCG TAC GAC CGT CTG AAA ACC ACC TCT ACT GAC CCA GTT TCT GAT ATC GAC GTT ACC CGT CGT CGT GCG TAC CTG TCC TCT GAA GAG TTC AAA GAA AAG TTC GGC ATG ACC AAA GAA GCG TTC TTC AAA CTG CCG AAA TGG AAA CAG AAC AAA TTC AAA ATG GCG GTT CAG CTG TTC,0.6678018478379393
CCG GCG CAC CCG TAC GAC GCG CTG AAA ACC ACC TCT ACC CTG CCG GTT TCT GAC ATC GAC GTG ACC CGT CGC GAA GCT TAT CTG TCC TCC GAA GAA TTC AAG GAG AAG TTC GGC ATG ACC AAA GAA GCG TTC TAC AAA CTG CCG AAA TGG AAA CAG AAC AAA TTC AAA ATG GCG GTG CAA CTC TTC,0.8212079717271719
CCG GCG CAT CCG ACC GAC CGT CTG AAA ACC ACC TCT ACC GAC CCG GTT TCT GAC ATC GAC GTT ACC CGT CGT GAG GCG TAC CTG TCT TCT GAA GAG TTC AAG GAA AAA TTC GGC ATG ACC AAA GAA GCG TTC TAC AAA CTG CCG AAA TGG AAA CAG AAC AAG TTC AAA ATG GCT GTT CAG CTG TTC,0.6444983422393402
CCG GCG CAC CCG TAC GAC CGT CTG AAA ACC ACC TCT ACC GAC CCG GTT TCT GAC ATC GAC GTT ACC GGT CGT CGT GCG TAC CTG TCT TCC GAA GAA TTC AAA GAA AAG TTC GGC ATG ACC AAG GAA GCG TTC TAC AAA CTG CCG AAG TGG AAA CAG AAC AAA TTC AAG ATG GCT GTT CAG CTG TTC,0.4831247249158479
CCG GCG CAC CCG TAC TGC CGT CTG CTG ACC ACC TCT ACC GAC CCG GTT TCT GAC ATC GAC GTT ACC CGT CGC GAA GCG TAC CTC TCC TCC GAG GAG TTT AAG GAG AAA TTC GGT ATG ACC AAA GAA GCG TTC TAC AAA CTG CCA AAA TGG AAG CAG AAC AAA TTC AAG ATG GCT GTT CAA CTG TTC,0.7812993677947138
CCG GCG CAT CCG TAC GAC CGT CTG AAA ACC ACC TCT ACC GAC CCG GTT TCC GAC ATC GAC GTT ACC CGT CGT CTG GCT TAC CTG TCT TCT GAA GAG TTC AAA GAG AAG TTC GGC ATG ACC AAA GAG GCG TTC TAC AAA CTG CCA AAA TGG AAA CAG AAC AAA TTC GGT ATG GCT GTT CAG CTG TTC,0.7782706832398518
CCG GCG CAC CCG TAC GAT CAC CTG AAA ACC ACC TCT ACT CCA CCA GTT TCT GAC ATC GAC GTT ACC CGT CGT GAA GCG TAC CTG TCT TCC GAG GAA TTC AAG GAA AAA TTC GGC ATG ACC AAA GAG GCG TTC TAC AAA CTG CCG AAA TGG AAA CAG AAC AAA TTC AAA ATG GCG GTT CAG CTG TTC,0.8555880637684877
CCG GCT CAC CCG TAC GAC CGT CTG AAA ACC CGT TCC ACC GAC CCG GTT TCC GAC ATC GAC GTG ACC CGT CGT GAA GCG TAC CTC TCT TCT GAA GAA TTC AAA GAG AAG TTC GGT ATG ACC AAG GAA GCG TTC TAC AAA CTG CCG AAA TGG AAA CAG AAC AAA TTC AAG ATG GCG GTT CAG CTG TTC,0.3694592068707221
CCG GCG CAT CCG TAC GAC CGT CTG AAA ACC ACC TCT ACC GAC CCA GTG TCC GAT ATT GAC GTT ACC CGT CGT TAT GCG TAC CTG TCT TCT GAA GAG TTC AAA GAA AAG TTT GGC ATG ACC AAG GAA GCG TTC TAC AAA CTG CCG AAA TGG AAG CAG AAC AAG TTT ATC ATG GCG GTG CAA CTG TTC,1.0335945866685663
CCA GCG CAC CCG TAC GAC CGT CTG AAA ACC ACC TCT ACC GAT CCA GTT TCT GAC ATC GAC GTT ACC CGT CGT GAA GCG TAC CTC TCC TCT GAG GAG TTC AAG GAA AAA TTC GGC ATG ACC AAA GAG GCG TTC TAC AAA CTG CCG AAA TGG AAA CAG AAC AAA TTC AAG ATG GCG GTG AAC CTC TTC,1.2422000115166547
CCG GCG CAT CCG TAC GAC CGT TCT AAA ACC ACC TCT ACT GAT CCG GTT TCT GAC ATC GAC GTG ACC CGT CGT GAA GCG TAC CTG TCT TCC GAG GAA TTC AAG GAG AAA TTC GGC ATG ACT AAG GAG GCT TTC TAC AAA CTG CCG AAA TGG AAA CAG AAC AAA TTC AAA ATG GCG GTT CAG CTG TTC,0.2769310429499215
CCG GCG CAC CCG TAC ATG CGT CTG TGC ACC ACC TCT ACC GAC CCG GTG TCT GAC ATC GAC GTT ACC CGT CGT GAA GCG TAC CTG TCT TCT GAG GAG TTT AAG GAG AAG TTC GGT ATG ACC AAA GAG GCG TTC TAC AAA CTG CCG AAA TGG AAA CAG AAC AAA TTC AAA ATG GCG GTG CAG CTG TTC,1.016233210201451
CCG GCG CAC CCG TAC GAC CGT CTG AAA ACC ACC TCT ACC GAC CCG GTT TCT GAC ATC TTC GTT TCT CGT CGT GAA GCG TAC CTG TCC TCT GAA GAG TTC AAG GAG AAA TTC GGT ATG ACC AAA GAG GCG TTC TAT AAG CTG CCG AAA TGG AAG CAG AAC AAA TTC AAA ATG GCG GTT CAG CTG TTT,0.4596973405115683
CCG GCG CAC CCG TAC GAC CGT CTG AAA ACC ACC TCT ACT GAC CCG GTG TCT GAC ATT GAC GTT ACC CGC CGT TTC GCG TAC CTG TCT TCC GAG GAA TTC AAA GAA AAA TTC GGT ATG ACC AAG GAG GCG TTC GGT AAA CTG CCG AAA TGG AAG CAG AAC AAG TTC AAG ATG GCG GTT CAG CTG TTC,0.6938075543849049
CCA GCG CAC CCG TAC GAC CGT CTG AAA ACC ACC TCT ACC GAT CCG GTT TCT GAC ATC GAC GTT ACC ATC CGT GTT GCG TAC CTG TCC TCT GAG GAG TTC AAA GAG AAA TTC GGT ATG ACC AAA GAG GCG TTC TAC AAA CTG CCG AAA TGG AAA CAG AAC AAA TTC AAA ATG GCG GTT CAG CTG TTC,0.9808845479518018
CCA GCT CAC CCG TAC GAC CGT CTG AAA ACC ACC TCT ACC GAC CCG GTT TCT GAC ATC GAC GTT ACT CGT CGT GAC GCG TAC CTC TCC TCT GAG GAA TTC AAG GAG AAG TTC GGC ATG ACC AAA GAA GCG TTC TAC AAG CTG CCG AAA TGG AAA CAG AAC AAA TTC TTC ATG GCG GTG CAG CTG TTC,0.7140887641447016
CCG GCT CAT CCG TAC GAC CGT CTC AAA ACC ACC TCT ACC GAC CCG GTT TCT GAC ATC GAC GTT ACC CGT CGT GAA GCG TAC CTC TCT TCC GAG GAG TTC AAA GAG AAA TTC GGT ATG ACC AAA GAA GCG TTC TAC AAA CTG CCG AAA TGG AAG CAG TAC AAA TTC AAA ATG GCG GTT CAG CTG TTC,1.0138941517381066
CCG GCG CAC CCG TAC GAC CGC CTG AAA ACT ACC TCT ACC GAC CCG GTG TCT GAC ATC TTC GTT TGC CGT CGT GAA GCG TAC CTG TCT TCT GAG GAA TTC AAA GAA AAA TTC GGT ATG ACC AAG GAA GCG TTC TAC AAA CTG CCG AAA TGG AAA CAG AAC AAG TTC AAA ATG GCG GTG CAG CTG TTC,1.1600189007279291
CCG GCT CAC CCG TAC GAC CGT CTG AAA ACC ACC TCT ACC GAC CCG GTT TCT GAT ATC GAC GTT ACC CGT CGT AAA GCG TAC CTC TCT TCC GAG GAG TTC AAG GAG AAA TTC GGT ATG ACC AAA GAA GCG TTC TAC AAG CTC CCG AAA TGG AAA CAG AAC AAA TTC ACC ATG GCG GTG CAA CTG TTC,0.6428877071501191
CCG GCG CAC CCG TAC GAC CGT CTG AAA ACC ACC TCT ACT GAC CCG GTT TCT GAC ATC GAC GTT ACC CGT CGT GAA GCG TAC CTG TCC TCT GAA GAG TTC AAA GAG AAA TTC GGC ATG ACC AAG GAA GCG TTC GGT AAA CTG CCG AAA TGG AAA CAG AAC AAG TTC ACC ATG GCT GTG CAA CTC TTT,0.2153718888968765
CCG GCG CAC CCG TAC GAC CGT CTG AAA ACC ACC TCT ACC GAT CCG GTT TCT GAT ATC GAC GTG ACT CGT CGT GAA GCG TAC CTG TCT TCC GAG GAA TTC AAA GAG AAA TTT GGT ATG ACC AAG GAG GCG TTT ATG AAA CTG CCG AAA TGG AAA CAG AAC AAA TTC GTT ATG GCT GTT CAG CTG TTC,0.7694092412176919
CCG GCG CAT CCG TAC GAC CGT CTG AAA ACC ACT TCT ACC GAC CCG GTG TCC GAT ATC TTC GTT AAA CGT CGT GAG GCT TAC CTG TCT TCT GAG GAA TTC AAG GAA AAG TTC GGT ATG ACC AAA GAA GCG TTC TAC AAG CTG CCG AAA TGG AAG CAG AAC AAA TTC AAA ATG GCG GTT CAG CTG TTC,0.4081148082313941
CCG GCT CAC CCG TAC GAC CGT CTG AAA ACC ACC TCT ACC GAC CCG GTT TCT GAC ATC GAC GTT ACC CGT CGT GAA GCG TAC CTG GAA TCC GAA GAC TTC AAG GAA AAA TTC GGC ATG ACC AAA GAA GCG TTC TAC AAG CTG CCG AAA TGG AAA CAG AAC AAA TTC AAA ATG GCG GTG CAG CTG TTC,0.4996663563435624
CCG GCG CAC CCG TAC GAC CGT CTG AAA ACC ACC TCT ACC GAC CCG GTT TCT GAC ATC GAC GTT ACT CCA CGT GAA GCG TAC CTG TCC TCT GAA GAA TTC AAG GAG AAG TTC GGC ATG ACT AAA GAG GCG TTC CGC AAG CTG CCG AAA TGG AAA CAG AAC AAA TTC AAA ATG GCT GTT CAG CTG TTC,0.6001510494162663
CCG GCG CAC CCG TAC GAC CGT CTG AAA ACC ACC TCT ACT GAC CCG GTT TCT GAC ATC GAC GTT ACC CTG CGT GAA GCG TAC CTG TCT TCC GAA GAG TTC AAG GAG AAA TTC GGT ATG ACC AAG GAA GCG TTT GAC AAA CTG CCG AAA TGG AAA CAG AAC AAA TTC AAA ATG GCG GTT CAG CTG TTC,0.4769103967953059
CCG GCG CAC CCG TAC GAC CGT CTG AAA ACC ACC TCT ACC GAC CCG GTT TCT GAC ATC GAC GTT ACC CGT CGC GAA GCG TAC CTG TTC TCT GAA GAC TTC AAA GAA AAA TTC GGT ATG ACC AAA GAG GCG TTC TAC AAA CTG CCG AAA TGG AAA CAG AAC AAG TTT AAA ATG GCG GTG CAG CTC TTC,0.4777061395068394
CCG GCG CAC CCG TAC GAC CGT CTG AAA ACC ACC TCT ACC GAC CCG GTG TCT GAC ATC GAC GTT ACC AAC CGT GTT GCG TAC CTC TCT TCT GAG GAG TTC AAA GAG AAA TTC GGT ATG ACC AAG GAA GCG TTC TAC AAA CTG CCG AAA TGG AAA CAG AAC AAA TTC AAA ATG GCG GTT CAG CTG TTT,0.95154410306772
CCG GCG CAT CCG TAT GAT CGC CTG AAA ACC ACC TCT ACC GAC CCA GTT TCT GAC ATC GAC GTT ACC CGT CGT GAA GCG TAC CTC TCC TCT GAA GAG TTC AAG GAA AAA TTC GGC ATG ACC AAG GAA GCG TTC TAC AAA CTG CCG AAA TGG AAA CAG AAC TGC TTC AAA ATG GCT GTT CAA CTG TTC,1.7258411065779833
CCG GCG CAC CCG TAC GAC CGT CTG AAA ACC ACC TCT ACC GAC CCG GTT TCT GAT ATC GAC GTT ACC CGT CGT GAA GCG TAC CTG TTC TCC GAG GCT TTC AAA GAA AAA TTC GGT ATG ACC AAG GAG GCG TTT TAC AAA CTG CCG AAA TGG AAA CAG AAC AAA TTC AAA ATG GCG GTT CAG CTG TTT,0.8284075535068762
CCA GCG CAC CCG TAC GAC CGT CTG AAA ACC ACC TCT ACC GAC CCG GTT TCT GAC ATC GAC GTT ACC GCG CGT GAA GCT TAC CTG TCT TCT GAG GAG TTC AAA GAA AAG TTC GGC ATG ACC AAA GAA GCG TTC TAC AAA CTG CCG AAA TGG AAA CAG AAC AAA TTC GAC ATG GCT GTT CAG CTG TTC,0.3366826226988431
CCG GCT CAC CCG TAC GAC CGT CTG AAA ACC ACC TCT ACC GAC CCG GTT TCT GAC ATC GAC GTT ACC CAG CGT GAA GCG TAC CTG TCC TCT GAA GAA TTC AAA GAA AAG TTC GGC ATG ACC AAA GAG GCG TTC CGT AAA CTG CCG AAA TGG AAA CAG AAC AAA TTC AAG ATG GCG GTT CAG CTG TTC,0.5930504186846397
CCG GCG CAC CCG TAC GAC CGT CAC AAA ACC ACC TCT ACC GAC CCG GTT TCT GAC ATC GAC GTT ACC CGT CGT GAA GCG TAC CTC TCT TCC GAG GAA TTC AAA GAG AAA TTC GGC ATG ACC AAA GAA GCG TTT TAC AAA CTG CCG AAG TGG AAA CAG AAC AAG TTC AAA ATG GCG GTT CAG CTG TTC,1.0450909716076835
CCG GCG CAC CCG TAC GAT CGC CTC AAG ACC ACT TCT ACC GAC CCG GTT TCT GAC ATC TGC GTT CAC CGT CGT GAG GCG TAC CTC TCT TCC GAA GAG TTC AAG GAA AAA TTC GGT ATG ACC AAG GAA GCG TTC TAC AAG CTG CCG AAA TGG AAA CAG AAC AAA TTC AAA ATG GCG GTG CAG CTG TTC,0.9500471612415128
CCG GCT CAC CCG TAC GAC CGT CTG AAA ACC ACC TCT ACC GAC CCG GTT TCT GAC ATC GAC GTT ACC CGT CGC GAA GCG TAC CTG TCT TCT GAG GAA TTC AAG GAA AAG TTC GGT ATG ACC AAG GAA GCG TTC GAC AAA CTG CCG AAA TGG AAA CAG AAC AAA TTC CAC ATG GCT GTG CAA CTG TTC,0.18747729918214
CCG GCG CAC CCG TAC ACC CGT CTG CGT ACC ACC TCT ACT GAC CCG GTT TCT GAC ATT GAC GTT ACC CGT CGT GAA GCG TAC CTG TCT TCC GAA GAG TTC AAG GAA AAA TTC GGC ATG ACT AAG GAA GCG TTC TAC AAG CTG CCG AAA TGG AAA CAG AAC AAA TTC AAA ATG GCG GTG CAG CTG TTT,-1.897331974354021
CCG GCG CAC CCG TAC GAC CGT CTG AAA ACT ACC TCT ACC GAC CCG GTT TCT GAC ATC GAC GTT ACC CGT CGT ATG GCG TAC CTC TCT TCT GAG GAG TTC AAG GAA AAG TTC GGT ATG ACC AAG GAG GCG TTC TAC AAA CTG CCG AAA TGG AAA CAG AAC AAA TTC CAC ATG GCG GTG CAA CTG TTC,0.693439006760927
CCG GCT CAT CCG TAC GAC CGC CTG AAA ACC ACC TCT ACC GAC CCG GTT TCT GAC ATC GAC GTT ACC CGT CGT GAG GCG TAC CTG TCT TCT GAG GAG TTC AAA GAG AAA TTC GGC ATG ACC AAG TCT GCG TTC TAT AAA CTG CCG AAA TGG AAA CAG AAC AAG TTC AAG ATG GCT GTT CAG CTG TTC,1.1442413368742934
CAT GCG CAC CCG TAC GAC CGT CTG AAA ACC ACC TCT ACT GAT CCG GTT TCT GAC ATC GAC GTT ACC CGT CGT GAA GCG TAC CTG TCT TCC GAA GAA TTC AAG GAA AAA TTC GGC ATG ACC AAA GAG GCG TTC TAC AAG CTG CCG AAA TGG AAG CAG AAC AAA TTC AAA ATG GCG GTT CAG CTG TTT,1.2749674614706266
CCG GCT CAC CCG TAC GAC TGC CTG AAA ACT ACC TCT ACC CTG CCG GTT TCT GAC ATC GAC GTT ACC CGT CGT GAA GCG TAC CTG TCT TCC GAG GAA TTC AAG GAA AAA TTC GGC ATG ACC AAA GAA GCG TTC TAC AAA CTC CCG AAA TGG AAG CAG AAC AAA TTC AAA ATG GCG GTG CAG CTG TTC,1.529630463268703
CCG GCT CAC CCG TAC GAC CGT CTG AAA ACC ACC TCT ACC GAC CCG GTT TCT GAC ATC GAC GTT ACC CGT CGT GAA GCG TAC CTC TCC TCC GAG GAG TTC AAG GAG AAG TTT GGT ATG ACC AAG GAA GCG TTT TAC AAA CTG CCG AAA TGG AAG CAA AAC AAA TTC AAA CGC GCG GTT CAA CTG TTC,1.520764040161881
CCG GCT CAC CCG TAC GAC CGT CTG AAA ACC ACC TCT ACC GAC CCG GTT TCT GAC ATC GAC GTT ACC CGT CGT TGG GCG TAC CTC TCT TCT GAA GAG TTC AAA GAG AAA TTC GGC ATG ACC AAG GAA GCG TTT TAC AAG CTG CCG AAA TGG AAG CAG AAC AAA TTC GAC ATG GCG GTT CAG CTC TTC,0.6246011052138312
CCG GCT CAC CCG TAC GAC CGT CTG AAA ACC ACT TCT ACC GAC CCA GTT TCT GAT ATC GAC GTT ACC GGT CGT GAA GCG TAC CTG TCC TCC GAA GAG TTC AAG GAA AAA TTC GGT ATG ACC AAA GAG GCG TTC ATC AAA CTG CCG AAA TGG AAA CAG AAC AAA TTC AAA ATG GCG GTT CAG CTG TTC,0.5044878050319181
CCG GCG CAC CCG TAC GAC CGT CTG AAA AAC ACC TCT ACC GAT CCG GTT TCT GAC ATC GAC GTT ACC CGT CGT GAA GCG TAC CTG TCC TCT GAA GAA TTC AAG GAA AAA TTC GGC ATG ACC AAA GAG GCG TTC TAC AAA CTG CCG AAA TGG AAA CAG AAC AAA TTC AAA ATG GCG GTT CAG CTG TTC,1.444165613328927
CCG GCG CAC CCG TAC GAC CGT CTG AAA ACC ACC TCT ACC GAC CCG GTT TCT GAC ATC GAC GTT ACC AAA CGT CAC GCG TAC CTG TCT TCT GAG GAG TTC AAA GAG AAA TTC GGT ATG ACC AAA GAG GCG TTC TAC AAA CTG CCG AAA TGG AAA CAG AAC AAA TTC AAA ATG GCG GTT CAG CTG TTT,0.6629019403395522
CCA GCG CAC CCG TAC GAC CGT CTG AAA ACC ACC TCT ACC GAC CCG GTT TCT GAC ATC GAC GTT ACC CGT CGT GAA GCG TAC CTG ACC TCT GAA TGC TTC AAA GAA AAA TTC GGT ATG ACC AAA GAG GCG TTC TAC AAA CTG CCG AAA TGG AAA CAG AAC AAA TTC AAA ATG GCT GTT CAG CTG TTT,1.0607461868458388
CCA GCG CAC CCG TAC GAC CGT CTG AAA ACC ACC TCT ACC GAT CCG GTT TCT GAC ATC GAC GTT ACC CGT CGT GAA GCG TAC CTG TCC TCC GAG GAA TTC AAA GAG AAA TTC GGT ATG ACC AAA GAA GCG TTC CGT AAA CTG CCG AAA TGG AAA CAG AAC AAA TTC TCT ATG GCG GTT CAG CTG TTC,0.1782949977831531
CCA GCG CAC CCG TAC ACC CGT CTG GAA ACC ACC TCT ACC GAC CCG GTT TCT GAC ATC GAC GTT ACC CGT CGT GAA GCG TAT CTG TCT TCT GAG GAA TTC AAG GAG AAA TTC GGC ATG ACC AAA GAA GCG TTC TAC AAA CTG CCG AAA TGG AAA CAG AAC AAG TTC AAA ATG GCG GTT CAG CTG TTC,0.6695128519529814
CCG GCG CAC CCG TAC GTT CGT CTG AAA ACC ACT TCT ACC GAC CCG GTT TCT GAC ATC GAC GTT ACC CGT CGT GAA GCG TAC CTG TCT TCC GAA GAG TTC AAA GAG AAA TTC GGC ATG ACC AAA GAA GCG TTC TAC AAG CTG CCG AAA TGG AAA CAG AAC AAA TTC AAA ATG GCG GTG CAG CTG TTT,-0.6338431983535697
CCG GCG CAC CCG TAC GAC CGT CTG AAA ACC ACC TCT ACC GAC CCG GTT TCT GAT ATC GAC GTT ACC CGT CGT GAA GCG TAC CTG CGT TCT GAA TGG TTC AAA GAA AAG TTC GGT ATG ACC AAG GAA GCG TTC TAC AAA CTG CCG AAA TGG AAA CAG AAC AAA TTC AAA ATG GCG GTT CAG CTG TTC,0.7086077341120266
CCA GCT CAC CCG TAC GAC CGT CTG AAA ACC ACC TCT ACC GAT CCG GTT TCT GAC ATC AAC GTG GAA CGT CGT GAA GCG TAC CTG TCC TCC GAA GAG TTC AAA GAG AAA TTC GGT ATG ACC AAA GAA GCG TTC TAC AAA CTG CCG AAA TGG AAG CAG AAC AAA TTC AAA ATG GCG GTG CAG CTG TTC,1.113201419565229
CCG GCG CAC CCG TAC GAC CGT CTG AAA ACC ACC TCT ACC GAC CCG GTT TCT GAT ATC GAC GTT ACC CGT CGT GAA GCG TAC CTG GGT TCT GAA CCG TTC AAA GAA AAA TTC GGT ATG ACC AAG GAA GCG TTC TAC AAA CTG CCG AAA TGG AAA CAG AAC AAA TTC AAA ATG GCG GTG CAA CTG TTC,0.2030591740141384
CCG GCG CAT CCG TAC CGT CGC CTG ATG ACC ACC TCT ACC GAC CCA GTT TCT GAC ATC GAC GTT ACC CGT CGT GAA GCG TAC CTC TCC TCT GAG GAG TTC AAG GAG AAA TTC GGT ATG ACC AAA GAA GCG TTC TAC AAA CTC CCG AAA TGG AAA CAG AAC AAG TTC AAA ATG GCG GTT CAG CTG TTC,-0.294818286824552
CCG GCT CAC CCG TAC GAC CGT CTG AAA ACC ACC TCT ACC GAC CCA GTT TCT GAC ATT GAC GTT ACC CGT CGT AAA GCG TAC CTG TCT TCT GAA GAG TTC AAG GAA AAG TTC GGT ATG ACC AAG GAA GCG TTC TTC AAA CTG CCG AAA TGG AAA CAG AAC AAA TTC AAA ATG GCG GTT CAG CTG TTC,0.7094416417719382
CCA GCG CAC CCG TAC GAC CGT CTC AAA ACT ACC TCT ACC GAC CCA GTT TCT GAT ATC GAC GAA ACC CGT CGT GAA GCT TAC CTG TCC TCT GAA GAA TTC AAG GAG AAG TTT GGC ATG ACC AAA GAG GCT TTC TAC AAA CTG CCG AAA TGG AAA CAG AAC AAA TTC AAA ATG GCT GTT CAA CTG TTC,1.19791061440349
CCA GCG CAC CCG TAC GAC CGT CTG AAA ACC ACC TCT ACC GAT CCG GTT TCT GAC ATT GAC GTT ACC CGT CGT ATC GCG TAC CTG TCC TCT GAG GAG TTC AAG GAA AAA TTC GGT ATG ACC AAA GAA GCG TTC TTC AAG CTG CCG AAG TGG AAA CAG AAC AAA TTC AAA ATG GCG GTT CAG CTG TTC,1.045657365309023
CCG GCG CAC CCA TAC CTG CGT CTC GAC ACC ACC TCT ACC GAC CCG GTT TCT GAC ATT GAC GTT ACT CGT CGT GAA GCG TAC CTC TCC TCT GAA GAG TTC AAA GAA AAG TTC GGC ATG ACC AAG GAG GCG TTC TAC AAA CTG CCG AAA TGG AAA CAG AAC AAA TTC AAA ATG GCG GTT CAG CTC TTC,0.5392022673282555
CCG GCT CAC CCG TAC GAC CGT CTG AAA ACC ACC TCT ACC GAC CCG GTT TCT GAC ATC CCG GTT GCG CGT CGT GAA GCG TAC CTC TCC TCT GAA GAG TTC AAA GAG AAG TTC GGC ATG ACT AAG GAA GCG TTC TAC AAA CTG CCG AAA TGG AAA CAG AAC AAA TTC AAA ATG GCG GTG CAG CTG TTC,0.8026840550108831
CCG GCT CAC CCG TAC GAC CGT CTC AAA ACC ACC TCT ACC GAC CCG GTG TCT GAC ATC GTT GTT CCG CGT CGT GAG GCT TAC CTG TCT TCC GAA GAG TTC AAA GAG AAA TTC GGC ATG ACC AAG GAA GCG TTC TAC AAG CTG CCG AAA TGG AAG CAA AAC AAA TTC AAG ATG GCG GTT CAG CTG TTC,0.6803136822445306
CCG GCG CAC CCG TAC GAC CGT CTG AAA ACT ACC TCT ACC GAC CCG GTT TCT GAC ATT GAC GTT ACC CGC CGT GAA GCG TAC CTG GAG TCT GAA TCC TTC AAG GAG AAA TTC GGT ATG ACC AAA GAG GCG TTC TAC AAA CTG CCG AAA TGG AAA CAG AAC AAA TTC AAA ATG GCG GTT CAG CTG TTC,0.6039594998567722
CCG GCG CAC CCA TAC GAC CGT CTG AAA ACC ACC TCT ACC GAC CCG GTT TCT GAC ATT GAC GTT ACT CGT CGT CGT GCG TAC CTG TCC TCC GAA GAA TTC AAG GAA AAG TTC GGT ATG ACC AAG GAA GCG TTC AAC AAA CTG CCG AAA TGG AAA CAG AAC AAA TTC AAA ATG GCG GTT CAG CTG TTT,0.5216737514268832
CCG GCG CAC CCG TAC GAC ACT CTG AAA ACC ACT TCT ACC GGT CCG GTT TCT GAC ATC GAC GTT ACC CGT CGC GAA GCG TAT CTG TCT TCC GAA GAG TTC AAA GAA AAA TTC GGC ATG ACC AAG GAA GCG TTC TAC AAA CTC CCG AAA TGG AAG CAG AAC AAA TTC AAA ATG GCG GTT CAG CTG TTC,0.9224808763997112
CCG GCG CAC CCG TAC GAC CGT CTG AAA ACC ACC TCT ACC GAC CCG GTT TCT GAC ATC GAC GTT ACC GCT CGT GAA GCG TAC CTG TCC TCT GAA GAG TTC AAA GAG AAA TTC GGC ATG ACC AAG GAG GCG TTC GAC AAA CTG CCG AAA TGG AAA CAG AAC AAA TTC AAA ATG GCG GTT CAG CTG TTC,0.676556937950488
CCG GCG CAC CCG TAC GAC CGT CTG AAA ACT ACC TCT ACC GAC CCA GTT TCT GAC ATC GAC GTT ACC CGT CGT GAA GCG TAC CTG TCT TCT GAG GGC TTC AAG GAA AAA TTC GGT ATG ACC AAA GAA GCT TTC TAC AAA CTG CCG AAG TGG AAA CAG AAC AAA TTC AAA ATG GCG GTT CAG CTG TTC,0.6060210405723305
CCG GCG CAC CCG TAC GAC CGT CTG AAA ACC ACC TCT ACC GAC CCG GTT TCT GAC ATC GAC GTT ACC CTG CGT GAA GCG TAC CTC TCT TCT GAG GAA TTC AAG GAG AAG TTC GGT ATG ACC AAA GAG GCG TTC TAC AAA CTG CCG AAA TGG AAA CAG AAC AAA TTC AAA ATG GCG GTG CAA CTG TTC,0.8802216949856123
CCA GCG CAC CCG TAC GAT TTC CTG AAA ACC ACC TCT ACC ACT CCG GTG TCT GAC ATC GAC GTT ACC CGT CGC GAA GCG TAC CTG TCC TCC GAG GAG TTC AAG GAA AAA TTC GGT ATG ACC AAG GAG GCT TTC TAC AAG CTC CCG AAA TGG AAG CAG AAC AAA TTC AAA ATG GCG GTT CAG CTG TTC,0.9601910182796192
CCA GCG CAC CCG TAC GAC CGT CTG AAA ACC ACC TCT ACC GAT CCG GTT TCT GAC ATT GAC GTT ACT CGT CGT CTC GCG TAC CTG TCT TCT GAG GAG TTC AAA GAA AAA TTC GGT ATG ACC AAG GAG GCG TTC TAC AAA CTG CCG AAA TGG AAA CAG AAC AAA TTC AAA ATG GCG GTG CAA CTG TTT,1.0672666668008035
CCG GCG CAC CCG TAC GAC CGT CTG AAA ACC ACC TCT ACC GAC CCG GTT TCT GAC ATC GAC GTT ACC CGT CGT ATG GCG TAC CTG TCC TCT GAG GAG TTC AAG GAG AAG TTC GGT ATG ACC AAA GAA GCG TTC CGT AAA CTG CCG AAA TGG AAA CAG AAC AAA TTC AAG ATG GCG GTT CAG CTG TTC,0.7932925818345069
CCG GCG CAC CCG TAC GAC CAC CTG AAA ACC ACC TCT ACC TTC CCG GTT TCT GAC ATC GAC GTT ACC CGT CGT GAA GCG TAC CTG TCT TCC GAG GAA TTC AAA GAG AAG TTC GGT ATG ACC AAA GAG GCG TTC TAC AAA CTG CCG AAA TGG AAA CAG AAC AAA TTC AAG ATG GCG GTT CAG CTG TTC,0.7924225094363824
CCG GCG CAC CCG TAC GAC TCT CTG AAA ACC ACC TCT ACT CAC CCA GTT TCT GAC ATT GAC GTT ACC CGT CGC GAA GCG TAC CTG TCT TCC GAG GAG TTC AAA GAG AAA TTC GGT ATG ACC AAA GAG GCG TTC TAC AAA CTG CCG AAA TGG AAA CAG AAC AAA TTC AAA ATG GCT GTT CAG CTG TTC,0.8860760551870406
CCG GCG CAT CCG TAC GAC CGT CTG AAA ACC ACC TCT ACC GAC CCG GTT TCT GAC ATT GAC GTT ACT CGT CGT GAA GCG TAC CTG CGT TCT GAA CAC TTC AAG GAG AAA TTC GGT ATG ACC AAA GAG GCG TTC TAC AAA CTG CCG AAA TGG AAA CAG AAC AAA TTC AAA ATG GCG GTT CAG CTG TTC,0.3911959647640925
CCG GCT CAC CCG TAC AAC CGT CTG AAA ACC ACC TCT ACC GAC CCG GTG TCT GAT ATC GAC GTT ACC CGT CGT GAA GCG TAC CTC TCC TCC GAA GAA TTC AAG GAG AAG TTC GGT ATG ACC AAA GAA GCG TTC TAC AAA CTG CCA AAG TGG AAA CAG AAC AAG TTC AAA ATG GCG GTT CAG CTG TTC,0.3519038684262485
CCG TGT CAC CCG TAC GAC CGT CTG AAA ACC ACC TCT ACC GAC CCG GTT TCT GAC ATC GAC GTT ACC CGT CGT GAG GCG TAC CTG TCT TCT GAG GAG TTC AAA GAG AAG TTC GGT ATG ACC AAG GAA GCG TTT TAC AAA CTG CCG AAA TGG AAA CAG AAC AAG TTT AAG ATG GCG GTG CAG CTC TTC,2.2714389789790137
CCA GCG CAC CCG TAT GAC TGG CTG AAG ACC ACC TCT ACC TGC CCG GTT TCT GAC ATC GAC GTT ACC CGT CGT GAG GCG TAC CTG TCT TCC GAG GAA TTC AAA GAA AAA TTC GGC ATG ACC AAG GAA GCG TTC TAC AAA CTG CCG AAA TGG AAA CAG AAC AAG TTC AAA ATG GCG GTG CAG CTG TTC,1.3693708270241012
CCG GCT CAC CCG TAC GAC CGT CTG AAA ACC ACC TCT ACC GAC CCG GTT TCT GAT ATC GAC GTT ACC TTC CGT GAA GCG TAC CTG TCC TCC GAA GAG TTC AAG GAA AAA TTC GGT ATG ACC AAG GAA GCT TTC GAC AAA CTG CCG AAA TGG AAA CAG AAC AAA TTC AAA ATG GCG GTT CAG CTG TTC,0.7190514628644202
CCG GCT CAC GCT TAC GAC CGT CTG AAA ACC ACC TCT ACC GAT CCG GTT TCT GAC ATC GAC GTT ACT CGT CGT GAA GCG TAC CTG TCT TCC GAG GAG TTC AAA GAA AAA TTC GGC ATG ACC AAA GAG GCG TTC TAC AAA CTG CCG AAA TGG AAA CAG AAC AAA TTC AAA ATG GCG GTT CAG CTG TTC,1.0170036378659475
CCG GCG CAC CCG TAC GAC CGT CTG AAA ACC ACC TCT ACC GAC CCG GTT TCT GAC ATC GAC GTT ACC CGT CGT GAA GCG TAC CTG TCT TCT GAG GAA TTC AAA GAA AAG TTC GGC ATG ACC AAG GAA GCG TTC AAC AAA CTG CCG AAA TGG AAA CAG AAC AAG TTC ACC ATG GCG GTT CAG CTG TTC,0.2846342160407258
CCA GCG CAC CCG TAC GAC CGT CTG AAA ACC ACC TCT ACC GAC CCG GTT TCT GAC ATC GAC GTT ACC ATG CGT ATG GCG TAC CTC TCC TCT GAA GAG TTC AAA GAA AAG TTC GGT ATG ACC AAA GAG GCG TTC TAC AAA CTG CCG AAA TGG AAA CAG AAC AAA TTC AAA ATG GCG GTT CAG CTG TTC,0.9560947519795738
CCG GCG CAC CCG TAC CAG CGT CTG TTC ACC ACC TCT ACC GAC CCG GTT TCT GAC ATC GAC GTT ACC CGT CGT GAA GCT TAC CTG TCT TCC GAA GAA TTC AAA GAA AAG TTC GGC ATG ACC AAA GAA GCG TTC TAC AAA CTG CCG AAA TGG AAG CAG AAC AAA TTC AAG ATG GCG GTG CAG CTG TTC,-0.0136364063331643
CCA GCT CAC CCG TAC GAC CGT CTG AAA ACC ACC TCT ACC GAT CCG GTT TCT GAC ATT GAA GTT GGT CGT CGT GAA GCG TAC CTG TCT TCC GAA GAA TTC AAA GAA AAA TTC GGC ATG ACC AAA GAA GCG TTC TAC AAA CTG CCG AAA TGG AAA CAG AAC AAG TTC AAA ATG GCG GTT CAG CTG TTC,0.696206291469307
CCG GCT CAC CCG TAC GAC CGT CTG AAA ACT ACC TCT ACT GAC CCA GTT TCT GAC ATT GAC GTT ACC GGC CGT GAA GCG TAC CTG TCT TCC GAA GAG TTC AAA GAA AAG TTC GGT ATG ACC AAG GAG GCG TTT ATG AAG CTG CCG AAA TGG AAA CAG AAC AAA TTC AAA ATG GCG GTG CAA CTG TTC,0.7022987603158319
CCG GCG CAC CCG TAC GAC CGT CTG AAA ACC ACC TCT ACT GAC CCG GTT TCT GAC ATC CGT GTT CTG CGT CGT GAA GCG TAC CTG TCT TCT GAA GAG TTC AAG GAA AAG TTC GGT ATG ACC AAG GAA GCG TTC TAC AAA CTG CCG AAA TGG AAA CAG AAC AAA TTC AAA ATG GCT GTT CAG CTG TTT,0.2461235380522309
CCG GCT CAC CCG TAC GAC CGT CTG AAA ACC ACC TCT ACC GAC CCG GTT TCT GAC ATC GAC GTT ACC CGT GCG GAA GCG TAT CTG TCT TCC GAA GAG TTC AAG GAA AAA TTC GGC ATG ACC AAG GAG GCT TTC TAC AAA CTG CCG AAA TGG AAA CAG AAC AAA TTC AAA ATG GCT GTT CAG CTG TTC,0.7479369050352536
CCG GCG CAC CCG TAC GAC CGT CTG AAA ACC ACT TCT ACC GAC CCG GTT TCT GAC ATC GAC GTT ACT CGC CGT GCG GCG TAC CTC TCC TCT GAA GAG TTC AAA GAA AAG TTC GGT ATG ACT AAG GAG GCG TTC CAG AAA CTG CCG AAA TGG AAA CAA AAC AAA TTC AAG ATG GCG GTT CAG CTG TTC,0.5907299592766758
CCG GCG CAC CCG TAC GAC CGT CTG AAG ACC ACC TCT ACC GAC CCG GTT TCT GAC ATC GAC GTT ACC CGT CGT GAG GCG TAT CTC GAA TCT GAA AAC TTC AAG GAG AAA TTC GGT ATG ACC AAA GAG GCG TTC TAC AAA CTG CCG AAA TGG AAA CAG AAC AAA TTC AAA ATG GCG GTT CAG CTG TTC,0.2725814443996691
CCG GCG CAT CCG TAC GAC CGT CTG AAA ACC ACC TCT ACC GAC CCG GTT TCT GAC ATC GAC GTT ACC CGT CGT GAA GCT TAC CTG TCC TCT GAG GAA TTC AAA GAG AAA TTC GGC ATG ACC AAA GAA GCG TTC TAC AAA CTG CCG AAA TGG AAA TGC AAC AAG TTC AAA ATG GCG GTG CAG CTG TTC,0.3581383285590596
CCG GCG CAC CCG TAC GAC CGT CTG AAA ACC ACC TCT ACC GAC CCG GTT TCT GAC ATC GAC GTT ACC CGT CGT GAA GCG TAC CTG TCT TCC GAA CAG TTC AAA GAA AAG TTC GGC ATG ACC AAA GAA GCG TTC TAC AAA CTG CCG AAA TGG AAG CAG AAC AAA TTC AAA ATG GCT GTT CAG CTG TTC,0.9749020118593964
CCG GCG CAC CCA TAC GAC CGT CTG AAA ACT ACC TCT ACT GAC CCG GTT TCT GAC ATT GAC GTT ACC CGT CGT TTC GCG TAC CTG TCT TCT GAA GAG TTC AAG GAA AAA TTC GGC ATG ACT AAG GAA GCG TTC TAC AAG CTG CCG AAA TGG AAA CAG AAC AAA TTC TAC ATG GCG GTT CAG CTG TTC,1.0127678518198775
CCG GCG CAC CCA TAC GAC CGC CTG AAA ACC ACC TCT ACC GAC CCG GTT TCT GAC ATC GAC GTT ACC CGT CGT CCG GCG TAC CTG TCT TCC GAA GAG TTC AAG GAG AAA TTC GGT ATG ACC AAA GAA GCG TTC TAC AAA CTC CCG AAA TGG AAG CAG AAC AAA TTC TCT ATG GCG GTT CAG CTG TTC,0.4539102369077243
CCG GCT CAT CCG TAC GAC ACC CTG AAA ACC ACC TCT ACC ATT CCG GTT TCT GAT ATT GAC GTT ACC CGT CGT GAA GCG TAC CTG TCT TCC GAA GAA TTC AAA GAA AAA TTC GGC ATG ACC AAA GAA GCG TTC TAC AAA CTG CCG AAA TGG AAA CAG AAC AAG TTC AAA ATG GCG GTT CAG CTG TTC,0.8252339840275631
CCG GCT CAC CCG TAC GAC CGT CTG AAA ACC ACC TCT ACC GAC CCG GTT TCT GAC ATC GAC GTT ACC CGT CGT GTT GCG TAC CTG TCT TCC GAA GAG TTC AAA GAA AAG TTC GGC ATG ACC AAA GAA GCG TTC TAC AAA CTG CCG AAA TGG AAA CAG AAC AAA TTC GAG ATG GCT GTT CAG CTG TTC,0.8340132103414755
CCG GCG CAC CCG TAC GAC CGT CTG AAA ACC ACT TCT ACC GAC CCG GTT TCT GAC ATC GAC GTG ACT CGC CGT GAG GCG TAC CTG TCT TCT GAG GAG TTC AAA GAG AAA TTC GGC ATG ACT AAG GAA GCG TTC TAC AAA CTG CCG AAA TGG AAA CAG AAC GAC TTC AAA ATG GCG GTT CAG CTG TTC,1.0544752394234338
CCG GCG CAC CCG TAC GAC CGT CTG AAA ACC ACT TCT ACC GAC CCG GTT TCT GAC ATT GAC GTT ACC CGC CGT GAG GCG TAC CTG TCT TCT GAA GAG TTC AAG GTG AAA TTC GGT ATG ACC AAA GAG GCG TTC TAC AAA CTG CCG AAA TGG AAA CAG AAC AAA TTC AAA ATG GCG GTT CAG CTG TTC,0.9946096789865916
CCA GCT CAC CCG TAC GAC CGT CTG AAA ACC ACC TCT ACC GAC CCG GTT TCT GAC ATC GAC GTT ACC CGT CGT GAA GCG TAC CTG TCC TCT GAA GAG TTC AAA GAG AAA TTC GGC ATG ACC AAA GAG GCG TTC CAG AAA CTG CCG AAA TGG AAA CAG AAC AAA TTC AAC ATG GCG GTT CAG CTG TTC,0.1824734379544439
CCA GCT CAC CCA TAC GAC CGT CTG AAA ACT ACC TCT ACC GAT CCG GTT TCT GAT ATC GAC GTG ACT CGT CGC GAG GCG TAC CTG AAA TCC GAA TAC TTC AAG GAG AAG TTC GGC ATG ACC AAG GAA GCG TTC TAT AAA CTG CCG AAA TGG AAG CAG AAC AAA TTC AAA ATG GCG GTG CAG CTG TTC,0.2758179931409153
CCG GCG CAC CCG TAC GAC CGT CTG AAA ACC ACC TCT ACC GAC CCG GTT TCT GAC ATC GAC GTT ACC CGT CGT GAA CCG TAC CTG TCC TCT GAA GAA TTC AAG GAA AAA TTC GGC ATG ACC AAG GAA GCG TTC TAC AAG CTG CCG AAA TGG AAA CAG AAC AAA TTC AAA ATG GCG GTT CAG CTG TTC,0.5860302023664831
CCG GCT CAC CCG TAC GAC CGT CTG AAA ACC ACC TCT ACC GAC CCG GTT TCC GAC ATC GAC GTT ACC CGT CGT GAA GCG TAC CTG TCC TCT GAA GAG TTC AAA GAA AAG TTC GGC ATG ACC AAA GAA GCT TTC TAT AAA CTG CCG CAG TGG AAA CAG AAC AAA TTC AAA ATG GCG GTT CAG CTG TTC,1.147607753802199
CCG GCT CAC CCG TAC GAC CGT CTG AAA ACC ACC TCT ACC GAT CCG GTT TCT GAC ATC GAC GTT ACC CGT CGT GAA GCG TAC CTC TCT TCT GAG GAG TTC AAA GAA AAA TTC GGC ATG ACC AAA GAG GCG TTC TAC AAA CTG CCG AAA TGG AAA CAG AAC AAA TTC AAG GTT GCT GTT CAG CTG TTC,1.1320962364689415
CCG GCG CAC CCG TAC GAC CGT CTG AAA ACC ACC TCT ACC GAC TAC GTT TCT GAC ATC GAC GTT ACC CGT CGT GAA GCG TAC CTG TCT TCC GAA GAG TTC AAA GAG AAG TTC GGT ATG ACC AAA GAG GCG TTT TAC AAA CTC CCG AAA TGG AAA CAG AAC AAA TTC AAA ATG GCG GTG CAA CTG TTC,0.629858260939134
CCG GCG CAT CCG TAC GAC CGT CTG AAA ACC ACC TCT ACC GAC CCG GTT TCT GAT ATC GAC GTT ACC AAA CGT GAA GCG TAC CTG TCC TCC GAA GAG TTC AAA GAG AAA TTC GGT ATG ACC AAA GAG GCG TTC AAG AAA CTG CCG AAG TGG AAA CAG AAC AAA TTC AAA ATG GCG GTG CAG CTC TTC,0.4609582576215377
CCG GCG CAC CCA TAC GAC CGT CTG AAA ACC ACC TCT ACC GAC CCA GTT TCT GAT ATC GAC GTT ACC CGT CGC AAA GCG TAC CTG TCC TCT GAA GAG TTC AAG GAA AAA TTC GGC ATG ACC AAA GAA GCG TTT TAC AAA CTG CCG AAA TGG AAA CAG AAC AAA TTC AAA ATG GCG GTT CAG CTG TTC,0.606228119315718
CCA GCG CAC CCG TAC GAC CGT CTC AAA ACC ACC TCT ACC GAT CCG GTT TCT GAC ATT GAC GTT ACC CTG CGT GAA GCG TAC CTG TCC TCT GAA GAA TTC AAA GAA AAG TTC GGC ATG ACC AAA GAA GCG TTC TGG AAA CTG CCG AAA TGG AAA CAG AAC AAA TTC AAG ATG GCG GTT CAG CTG TTC,0.7182813034644473
CCG GCG CAC CCG TAC GAC CGT CTG AAA ACC ACC TCT ACT GAC CCG GTT TCT GAC ATC CTG GTT TGC CGT CGT GAA GCG TAC CTG TCC TCT GAG GAA TTC AAA GAA AAA TTC GGC ATG ACC AAG GAA GCG TTC TAC AAA CTG CCA AAA TGG AAA CAG AAC AAA TTC AAG ATG GCG GTG CAA CTG TTC,1.1134472690401045
CCG GCT CAC CCG TAC GAC CGT CTG AAA ACC ACC TCT ACC GAC CCG GTT TCT GAC ATC GAC GTT ACC CGT CGC GAA GCG TAC CTG TCC TCT GAA GAA TTC AAA GAA AAG TTC GGC ATG ACC AAA GAA GCG TTC GAA AAA CTG CCG AAA TGG AAA CAG AAC AAA TTC GGT ATG GCG GTT CAG CTG TTC,0.0359228908532677
CCG GCG CAC CCG TAC GAC CGT CTG AAA ACC ACC TCT ACC GAC CCG GTT TCT GAC ATC GAC GTT ACC CGT CGT TTC GCG TAC CTG TCT TCT GAG GAG TTC AAG GAG AAA TTC GGC ATG ACC AAA GAA GCG TTT TAC AAA CTG CCG AAA TGG AAA CAG AAC AAA TTC CGT ATG GCG GTT CAG CTG TTT,1.0880351481824582
CCG GCG CAC CCG TAC GAC CGT CTG AAA ACC ACC TCT ACC GAC CCG GTT TCT GAC ATC GAC GTT ACC TGG CGT GAA GCG TAC CTG TCC TCC GAA GAG TTC AAA GAG AAA TTC GGT ATG ACC AAG GAA GCG TTC ACC AAA CTG CCG AAA TGG AAA CAG AAC AAA TTC AAA ATG GCG GTT CAG CTG TTC,0.6774492306113025
CCA GCG CAC CCG TAC GAC CGT CTG AAA ACC ACC TCT ACC GAC CCA GTT TCT GAT ATC GTT GTT CGT CGT CGT GAA GCG TAC CTG TCT TCC GAA GAG TTC AAA GAA AAA TTC GGC ATG ACC AAG GAG GCG TTC TAC AAA CTG CCG AAA TGG AAA CAG AAC AAA TTC AAG ATG GCG GTT CAG CTG TTC,0.640640649845978
CCG GCT CAC CCG TAC GAC CGT CTG AAA ACC ACC TCT ACC GAT CCG GTT TCT GAC ATC GAC GTT TCT CGT CGT GAA GCG TAC CTG TCT TCC GAG GAG TTC AAA GAA AAA TTC GGC ATG ACC AAA GAG GCG TTC TAC AAG CTG CCG AAG TGG AAG CAG AAC AAA TTC AAA ATG GCG GTG CAG CTG TTC,1.1111932810582212
CCG GCG CAC CCG TAC GAC CGT CTG AAA ACC ACC TCT ACC GAC CCG GTT TCT GAC ATC GAC GTT ACC CGT CGT GAG GCG TAC CTC AAA TCT GAG ATG TTC AAA GAG AAG TTC GGT ATG ACC AAG GAA GCG TTC TAC AAA CTG CCG AAA TGG AAA CAG AAC AAA TTC AAA ATG GCG GTG CAG CTG TTC,0.4960574407382347
CCG GCG CAT CCG TAC GAC CGT CTG AAA ACC ACC TCT ACC GAT CCA GTT TCT GAC ATC GAC GTT ACC CGT CGT GAA GCG TAC CTG TCT TCC GAA GAA TTC AAA GAA AAA TTC GGC ATG ACC AAA GAA GCG TTC CTG AAA CTG CCG AAA TGG AAA CAG AAC AAA TTC TCT ATG GCG GTG CAG CTG TTC,0.4309772412681957
CCA GCG CAC CCG TAC CGT CGT CTG GAA ACC ACC TCT ACC GAT CCG GTT TCT GAC ATT GAC GTT ACC CGT CGT GAA GCG TAC CTG TCT TCC GAA GAG TTC AAG GAG AAA TTC GGT ATG ACC AAG GAA GCG TTC TAC AAA CTG CCG AAA TGG AAA CAG AAC AAA TTC AAA ATG GCT GTT CAG CTG TTC,-0.2699144612283193
CCG GCG CAT CCG TAC GAC CGT CTG AAA ACC ACC TCT ACC GAC CCG GTG TCT GAT ATC GAC GTT ACC CGC CGT GAA GCG TAC CTG TCT TCT GAA GAG TTC AAA GAG AAG TTC GGC ATG ACC AAA GAA GCG TTC CAG AAA CTG CCG AAA TGG AAA CAG AAC AAA TTC CTG ATG GCT GTT CAG CTG TTC,0.7899600598997458
CCG GCG CAC CCG TAC GAC CGT CTG AAA ACT ACC TCT ACC GAC CCG GTT GAC GAC ATC GAC GTT ACT CGC CGT GAA GCG TAC CTG TCT TCC GAA GAG TTC AAA GAG AAG TTC GGT ATG ACC AAG GAG GCG TTC TAC AAA CTG CCG AAA TGG AAA CAG AAC AAA TTC AAA ATG GCG GTT CAG CTG TTC,1.211805000836356
CCA GCG CAC CCG TAC GAC CGT CTG AAA ACT ACC TCT ACC GAC CCG GTT TCT GAC ATT GAC GTT ACC CGT CGT GAA GCT TAC CTG TCT TCC GAA GAA TTC AAG GAA AAA TTC GGC ATG ACC AAG GAA GCG CAG TAC AAA CTG CCG AAA TGG AAA CAG AAC AAA TTC AAA ATG GCG GTT CAG CTG TTC,-2.308094795920832
CCG GCG CAT CCG TAC GAC CGT CTG AAG ACC ACC TCT ACC GAC CCA GTT TCT GAT ATC GAC GTT ACC CGT CGT GAA GCG TAC CTC GGC TCT GAA TCC TTC AAA GAG AAA TTC GGT ATG ACC AAA GAA GCG TTC TAC AAA CTG CCG AAA TGG AAG CAG AAC AAA TTC AAA ATG GCT GTT CAG CTG TTC,0.4140559981030689
CCG GCG CAC CCG TAC GAC CGT CTG AAA ACC ACC TCT ACC GAC CCG GTG TCT GAC ATC GAC GTT ACC CGT CGT GAA GCT TAC CTG TCT TCT GAG GAG GAC AAA GAA AAG TTC GGT ATG ACC AAA GAA GCG TTC TAC AAA CTG CCG AAA TGG AAA CAG AAC AAA TTC AAA ATG GCG GTT CAG CTG TTC,0.0969026643002978
CCA GCG CAC CCG TAC GAC CGT CTG AAA ACC ACC TCT ACC GAC CCG GTT TCT GAC ATC GAC GTT ACC CGT CGT GAG GCG TAC CTG TCT TCT GAA GAG TTC AAG GAG AAG TTC GGT ATG ACC AAG GAA ACC TTC TAC AAA CTC CCG AAA TGG AAG CAG AAC AAA TTC AAA ATG GCG GTG CAG CTG TTC,1.2912938319810392
CCA GCG CAC CCG TAC GAC CGT CTG AAA ACC ACC TCT ACC GAC CCG GTT TCT GAC ATC GAC GTT ACC GCG CGT GAA GCG TAC CTG TCT TCT GAG GAA TTC AAA GAG AAA TTC GGC ATG ACC AAG GAG GCG TTT ATG AAG CTC CCG AAG TGG AAA CAG AAC AAG TTC AAA ATG GCG GTG CAG CTG TTC,0.7050297675749905
CCG GCG CAC CCG TAC GAC CGT CTG AAA ACC ACC TCT ACC GAC CCG GTT TCT GAC ATC GAC GTT ACC CGT CGT GAA GCG TAC CTC TCT TCT GAA GAG TTC AAA GAG AAG TTC GGC ATG ACC AAA GAA GCG TTT TAC AAA CTG CCG AAA TGG AAA CAG GGT AAA TTC AAA ATG GCG GTT CAG CTG TTC,0.6573992271490905
CCG GCT CAC CCG TAC GAC CGT CTG AAA ACC ACC TCT ACC GAC CCG GTT TCT GAT ATC GAC GTT ACC CGT CGT GAA GCG TAC CTG TCT TCC GAA GAG TTC AAA GAG AAA TTC GGC ATG ATG AAA GAA GCG TTC TAC AAA CTG CCG AAG TGG AAA CAG AAC AAA TTC AAA ATG GCG GTT CAG CTG TTC,0.8477199514943918
CCG GCG CAT CCG TAC GAC CGT CTG AAA ACC ACC TCT ACC GAC CCA GTG TCT GAC ATT GAC GTT ACC CGT CGT CAG GCG TAC CTG TCC TCT GAA GAA TTC AAG GAA AAA TTC GGC ATG ACC AAG GAA GCG TTC CTG AAA CTG CCG AAA TGG AAA CAG AAC AAG TTC AAA ATG GCG GTT CAA CTG TTC,0.6941200318311999
CCG GCG CAT CCG TAC GAC CGT CTG AAA ACC ACC TCT ACC GAT CCG GTT TCT GAC ATC TGG GTT CTG CGT CGT GAA GCT TAC CTG TCT TCC GAG GAA TTC AAA GAA AAA TTC GGC ATG ACC AAA GAA GCG TTC TAC AAA CTG CCG AAA TGG AAA CAG AAC AAG TTC AAA ATG GCT GTT CAG CTG TTC,-1.0313164467781015
CCG GCG CAC CCG TGC GAC CGT CTG AAA ACC ACC TCT ACC GAC CCA GTT TCC GAC ATC GAC GTT ACC CGT CGT GAA GCG TAC CTG TCT TCT GAA GAA TTC AAG GAA AAA TTC GGT ATG ACC AAA GAG GCG TTC TAC AAA CTG CCG AAA TGG AAA CAG AAC AAA TTC AAA ATG GCG GTG CAA CTC TTT,1.2763311257393024
CCA GCT CAC CCG TAC GAC CGT CTG AAA ACC ACC TCT ACC GAC CCG GTT TCT GAT ATC GAC GTT ACC CGT CGT TAT GCG TAC CTG TCT TCT GAA GAA TTC AAG GAG AAG TTC GGC ATG ACT AAA GAA GCG TTC GGT AAA CTG CCG AAA TGG AAG CAG AAT AAG TTC AAA ATG GCT GTT CAG CTG TTT,0.5081260950265523
CCG GCG CAT CCG TAC GAC CGT CTG AAA ACC ACC TCT ACC GAC CCG GTT TCT GAC ATC GAC GTT ACC CGT CGT CCG GCG TAC CTG TCT TCC GAA GAG TTC AAG GAA AAG TTT GGT ATG ACC AAG GAG GCG TTC TAC AAA CTG CCG AAA TGG AAA CAG AAC AAA TTC GAC ATG GCT GTT CAG CTG TTC,0.7009208625250987
CCG GCG CAC CCG TAC GAT CGC CTG AAA ACT ACC TCT ACC GAC CCA GTT TCT GAC ATC GAC GTT ACC CTG CGT GAA GCG TAC CTG TCT TCC GAA GAA TTC AAG GAA AAG TTC GGC ATG ACC AAG GAA GCG TTC TTC AAA CTG CCG AAA TGG AAG CAG AAC AAA TTC AAA ATG GCG GTT CAG CTG TTC,0.7266917141961577
CCG GCG CAC CCG TAC GAC CGT CTG AAA ACC ACC TCT ACC GAC CCG GTT TCT GAC ATC GAC GTT ACC CGT CGT GAA GCG TAC CTG ATC TCT GAA CGT TTC AAA GAA AAA TTC GGT ATG ACC AAA GAG GCG TTC TAC AAA CTG CCG AAA TGG AAA CAG AAC AAA TTC AAA ATG GCG GTT CAG CTG TTC,0.3904803992425144
CCG GCG CAC CCG TAC GAC CGT CTG AAA ACC ACC TCT ACC GAT CCG GTT TCT GAC ATT GAC GTT ACC CGT CGT CTG GCG TAC CTG TCT TCT GAA GAG TTC AAA GAA AAG TTC GGC ATG ACC AAG GAG GCG TTC TTC AAA CTG CCG AAA TGG AAA CAG AAC AAA TTC AAA ATG GCG GTT CAG CTG TTC,0.7427622367524871
CCG GCG CAC CCG TAC GAC CGT CTG AAA ACC ACC TCT ACC GAC CCG GTT TCT GAC ATC GAC GTT ACC AAC CGT GAA GCG TAC CTG TCT TCC GAG GAG TTC AAA GAG AAA TTC GGT ATG ACC AAA GAG GCG TTC TCT AAA CTG CCG AAG TGG AAG CAG AAC AAA TTC AAA ATG GCG GTT CAG CTG TTC,0.664928847568212
CCG GCG CAT CCG TAC GAA CGT CTG GCG ACC ACT TCT ACC GAC CCA GTT TCT GAC ATC GAC GTT ACC CGT CGC GAA GCG TAC CTG TCC TCT GAA GAG TTC AAA GAA AAA TTC GGC ATG ACC AAG GAG GCG TTC TAC AAA CTG CCG AAA TGG AAA CAG AAC AAG TTC AAG ATG GCG GTT CAG CTG TTC,0.7558439828315971
CCA GCG CAC CCG TAC CTC CGT CTG ATC ACC ACC TCT ACC GAC CCG GTT TCT GAC ATC GAC GTT ACC CGT CGT GAA GCG TAC CTG TCC TCC GAA GAA TTC AAG GAG AAG TTT GGC ATG ACC AAA GAA GCT TTT TAC AAA CTG CCG AAG TGG AAA CAA AAC AAG TTC AAG ATG GCG GTG CAG CTG TTC,0.7201603759983504
CCG GCT CAC CCG TAC GAC CGT CTG AAA ACC ACC TCT ACC GAT CCG GTT TCT GAC ATC GAC GTT ACC CGT CGT AAA GCG TAC CTG TCT TCT GAA GAG TTC AAA GAG AAG TTC GGT ATG ACC AAA GAG GCG TTC ATC AAA CTG CCG AAA TGG AAA CAG AAC AAA TTC AAA ATG GCG GTG CAG CTG TTC,0.5134088851266907
CCA GCT CAC CCG TAC GAC CGC CTC AAA ACC ACT TCT ACC GAT CCG GTT TCT GAC ATC GAC GTT ACC ATG CGT TAC GCT TAC CTC TCT TCT GAA GAA TTC AAG GAA AAG TTC GGC ATG ACC AAG GAG GCG TTC TAC AAA CTG CCG AAA TGG AAA CAG AAC AAG TTC AAA ATG GCG GTT CAG CTG TTC,0.6494967099367515
CCG GCT CAC CCG TAC GAC CGT CTG AAA ACC ACC TCT ACC GAT CCG GTT TCT GAC ATT GAC GTT ACC TAC CGT GAA GCG TAC CTG TCT TCT GAA GAA TTC AAA GAG AAG TTC GGC ATG ACC AAA GAA GCG TTC GAA AAA CTG CCG AAA TGG AAA CAA AAC AAA TTC AAG ATG GCG GTT CAG CTG TTC,0.6478392369838886
CCG GCT CAC CCG TAC GAC CGT CTG AAA ACC ACC TCT ACC GAC CCG GTT TCT GAC ATC GAC GTT ACC CGT CGT GAA GCG TAC CTG TCC TCT GAA GAA TTC AAG GAG AAA TTC GGC ATG ACC AAA GAA GCG TTC TGG AAA CTG CCG AAA TGG AAA CAG AAC AAG TTT GGT ATG GCG GTG CAG CTG TTC,0.5796668442397881
CCG GCG CAC CCG TAC GAC CGT CTG AAA ACC ACC TCT ACC GAC CCG GTT TCT GAC ATT GAT GTT ACC CGT CGT GAA GCG TAC CTG CAC TCT GAG GCG TTC AAA GAA AAA TTC GGT ATG ACC AAA GAA GCG TTC TAC AAA CTG CCG AAA TGG AAA CAG AAC AAA TTC AAA ATG GCG GTT CAG CTG TTC,0.6362344461374467
CCA GCT CAC CCG TAC GAC CGT CTG AAA ACC ACC TCT ACC GAC CCG GTT TCT GAC ATC GAC GTT ACC CGT CGT GAA GCG TAC CTG TCT TCC GAA GAG TTC AAG GAG AAA TTC GGT ATG ACC AAG GAA GCG TTC TAC AAA CTG CCG AAG TGG AAA CAG AAC AAA TTC AAA ATG GCG GTG CAG CTG TTC,1.4070622028303248
CCG GCG CAC CCG TAC GAC CGT CTG AAA ACC ACC TCT ACC GAC CCG GTT TCT GAC ATC GAC GTG ACC AAC CGT GAA GCG TAC CTC TCT TCC GAG GAG TTC AAA GAG AAG TTC GGT ATG ACC AAG GAG GCG TTC GTT AAA CTC CCG AAG TGG AAA CAG AAC AAA TTC AAA ATG GCG GTT CAG CTG TTC,0.3745468823086694
CCA GCG CAC CCG TAC GAC CGT CTG AAA ACC ACC TCT ACC GAC CCG GTG TCT GAC ATC GAC GTT ACC CGT CGT GAA GCG TAT CTG GTT TCT GAG GCG TTC AAA GAA AAA TTC GGT ATG ACC AAG GAA GCT TTC TAC AAA CTG CCG AAA TGG AAA CAG AAC AAA TTC AAA ATG GCT GTT CAG CTG TTC,0.5036017324742705
CCG GCT CAC CCG TAC GAC CGT CTG AAA ACC ACC TCT ACC GAC CCG GTT TCT GAC ATC GAC GTT ACC CGT CGT TTC GCG TAC CTG TCC TCC GAA GAG TTC AAA GAA AAG TTC GGC ATG ACC AAA GAA GCG TTC TAC AAA CTG CCG AAA TGG AAG CAG AAC AAG TTC AAG ATG GCT GTT CAG CTG TTT,1.036085459072568
CCG GCG CAT CCG TAC GAC TCT CTG AAA ACC ACC TCT ACC TCT CCG GTT TCT GAC ATC GAC GTT ACC CGT CGT GAA GCG TAC CTG TCT TCC GAG GAG TTC AAG GAA AAA TTC GGT ATG ACC AAG GAA GCG TTC TAC AAG CTG CCG AAA TGG AAA CAG AAC AAA TTC AAA ATG GCG GTT CAG CTG TTC,0.8578600840187505
CCG GCG CAT CCG TAC GAC CGT CTG AAA ACC ACC TCT ACT GAC CCG GTT TCT GAC ATC GAC GTT ACC GAC CGT GAA GCT TAC CTC TCC TCC GAG GAG TTT AAA GAG AAA TTC GGT ATG ACC AAA GAG GCG TTC TTC AAA CTG CCG AAA TGG AAA CAG AAC AAA TTC AAA ATG GCG GTG CAA CTC TTC,0.6652501752957731
CCG GCG CAC CCG TAC GAC CGT CTG AAA ACT ACC TCT ACC GAC CCG GTT TCT GAC ATT GAC GTT ACC CGT CGT GAA GCG TAC CTG CAC TCT GAA CGT TTC AAG GAA AAG TTC GGT ATG ACC AAA GAA GCG TTC TAC AAA CTG CCG AAA TGG AAA CAG AAC AAA TTC AAA ATG GCG GTT CAG CTG TTC,0.439001719448795
CCA GCG CAC CCG TAC GAC ATG CTG AAA ACC ACC TCT ACC GAG CCA GTT TCT GAC ATC GAC GTT ACC CGC CGT GAA GCG TAC CTC TCC TCT GAA GAA TTC AAG GAG AAA TTC GGC ATG ACC AAA GAA GCG TTC TAC AAA CTC CCG AAA TGG AAA CAG AAC AAG TTC AAA ATG GCG GTG CAG CTC TTC,0.7517397156938881
CCA GCT CAT CCG TAC GAC ATC CTG AAA ACC ACC TCT ACC AAA CCA GTT TCT GAC ATC GAC GTG ACC CGT CGT GAA GCG TAC CTG TCT TCT GAA GAG TTC AAG GAG AAG TTC GGC ATG ACC AAA GAA GCG TTC TAC AAA CTG CCG AAG TGG AAA CAG AAC AAA TTC AAA ATG GCG GTT CAG CTG TTC,0.7101789646038665
CCG GCG CAT CCG TAC GAC CGT CTG AAA ACC ACT TCT ACC GAC CCG GTT TCC AAC ATC GAC GTT ACC CGT CGT GAA GCT TAC CTG TCT TCC GAA GAG TTC AAG GAA AAA TTC GGC ATG ACC AAG GAA GCG TTC TAC AAA CTG CCG AAA TGG AAA CAG AAC AAG TTC AAA ATG GCG GTG CAG CTG TTC,1.2737113134410594
CCG GCG CAC CCG TAC GAC CGT CTG AAA ACC ACC TCT ACC GAC CCG GTT TCT GAT ATC GAC GTT ACC CGT CGT ATG GCG TAC CTC TCC TCT GAG GAG TTC AAA GAG AAG TTC GGT ATG ACC AAA GAG GCG TTC TAC AAA CTG CCG AAA TGG AAG CAG AAC AAA TTC ATC ATG GCG GTT CAA CTG TTC,1.2929018697602448
CCG GCG CAC CCG TAC GAC CGT CTG AAA ACC ACC TCT ACC GAC CCG GTT TCT GAC ATC GAC GTT ACC CGT CGT GGT GCG TAC CTG TCC TCT GAA GAA TTC AAG GAA AAA TTC GGC ATG ACC AAG GAA GCG TTC CCG AAG CTG CCG AAA TGG AAA CAG AAC AAA TTC AAA ATG GCG GTT CAG CTG TTC,-1.6163020144718128
CCA GCG CAC CCG TAC GAC CGT CTG AAA ACC ACC TCT ACC GAC CCG GTT TCT GAC ATC GAC GTT ACT AAC CGT GAA GCG TAC CTG TCC TCT GAG GAG TTC AAA GAA AAG TTC GGT ATG ACC AAA GAA GCG TTC GAC AAA CTG CCG AAA TGG AAA CAG AAC AAA TTC AAA ATG GCG GTT CAG CTG TTC,0.6785000861738644
CCG GCT CAC CCG TAC GAC CGT CTG AAA ACC ACC TCT ACC GAC CCG GTT TCT GAC ATC GAC GTT ACC CGT CGC GAA GCG TAC CTG TCT TCT GAG GAG TTC AAA GAG AAA TTC GGC ATG ACC AAA GAA GCG TTC TAC AAA GTT CCG AAA TGG AAA CAG AAC AAG TTC AAG ATG GCG GTG CAG CTG TTC,0.0296075609827315
CCG GCG CAC CCG TAC GAC CGT CTG AAA ACC ACC TCT ACC GAC CCG GTT TCT GAC ATC GAC GTT ACC CAG CGT GAA GCG TAC CTG TCT TCT GAA GAG TTC AAG GAA AAG TTC GGT ATG ACC AAG GAA GCG TTC TAC AAA CTG CCG AAA TGG AAA CAG AAC AAA TTC CTG ATG GCG GTT CAG CTG TTC,0.8495446793102126
CCG GCG CAT CCG TAC GAC GAA CTG AAA ACC ACC TCT ACC GAC CCG GTT TCT GAT ATC GAC GTT ACC CGT CGT GAA GCG TAC CTG TCC TCT GAA GAA TTC AAA GAG AAG TTC GGT ATG ACC AAA GAG GCG TTT TAC AAG CTG CCG AAA TGG AAA CAG AAC AAG TTC AAA ATG GCG GTT CAG CTG TTC,0.8622965526041881
CCG GCG CAC CCG TAC GAC CGT CTG AAA ACC ACC TCT ACC GAC CCG GTT TCT GAC ATC GAC GTT ACC CGT CGC GAA GCT TAC CTG TCT AAG GAA GAG TTC AAA GAG AAG TTC GGC ATG ACC AAG GAA GCG TTT TAC AAG CTG CCG AAA TGG AAA CAG AAC AAA TTC AAA ATG GCG GTT CAG CTG TTC,1.214381706533545
CCA GCT CAT CCG TAC GAC CGT CTG AAA ACC ACC TCT ACC GAC CCG GTT TCT GAT ATC GAC GTT ACT CGT CGT GAG GCG TAC CTG TCT GTT GAA GAG TTC AAG GAG AAA TTC GGT ATG ACC AAA GAG GCG TTC TAC AAA CTG CCG AAA TGG AAA CAG AAC AAA TTC AAA ATG GCT GTT CAG CTG TTC,1.3862077839053957
CCG GCG CTG CCG TAC GAC CGT CTG AAA ACC ACC TCT ACC GAC CCA GTT TCT GAC ATC GAC GTT ACC CGT CGT GAA GCG TAC CTG TCC TCT GAG GAA TTC AAG GAG AAA TTC GGT ATG ACC AAG GAG GCG TTT TAC AAA CTG CCG AAG TGG AAA CAG AAC AAA TTC AAA ATG GCG GTT CAG CTG TTC,1.3148624722712143
CCG GCG CAC CCG TAC GAC ATG CTG AAA ACC ACC TCT ACC TCT CCA GTT TCT GAC ATC GAC GTT ACC CGT CGT GAA GCG TAC CTG TCC TCT GAA GAA TTC AAA GAA AAG TTC GGC ATG ACC AAA GAA GCG TTC TAC AAA CTG CCG AAG TGG AAA CAG AAC AAA TTC AAG ATG GCG GTT CAG CTG TTC,0.7905437331503472
CCA GCG CAC CCA TAC GAC CGC CTC AAA ACC ACC TCT ACC GAC CCA GTT TCT GAT ATC GAC GTT ACC GTT CGT GAA GCT TAC CTG TCT TCT GAA GAG TTC AAG GAG AAA TTC GGT ATG ACC AAG GAA GCG TTC CGT AAA CTG CCG AAA TGG AAA CAG AAC AAA TTC AAA ATG GCG GTT CAG CTG TTC,0.7429937321047452
CCG GCG CAC CCG TAC GAC CGT CTG AAA ACC ACC TCT ACT GAC CCG GTT TCT GAC ATC GAC GTT ACC CGT CGT GTG GCG TAC CTG TCT TCT GAG GAG TTC AAA GAA AAA TTC GGC ATG ACC AAG GAG GCG TTC ATC AAA CTG CCG AAA TGG AAA CAG AAC AAA TTC AAA ATG GCG GTT CAG CTG TTT,0.4779900005712131
CCG GCG CAC CCG TAC GAC CGT CTG AAA ACC ACC TCT ACC GAC CCG GTT TCT GAC ATC GAC GTT ACC ACC CGT GAA GCT TAC CTG TCT TCC GAG GAG TTC AAA GAA AAG TTC GGT ATG ACC AAA GAG GCG TTC TAC AAA CTG CCG AAA TGG AAA CAG AAC AAA TTC GAC ATG GCG GTT CAG CTG TTC,0.3647726531758851
CCG GCT CAC CCG TAC GAC CGT CTG AAA ACC ACC TCT ACC GAC CCG GTT TCT GAC ATC GAC GTT ATG CGT CGT GAA GCG TAC CTG TCC TCC GAA GAG TTC AAA GAA AAG TTC GGT ATG ACC AAA GAA GCT TTC TAC AAG CTG CCG AAA TGG AAG CAG AAC AAA TTC AAA ATG GCG GTT CAG CTG TTC,0.877124667299461
CCG GCG CAC CCG TAC GAC CGT CTG AAA ACC ACC TCT ACC GAC CCG GTT TCT GAC ATC GAC GTT ACC CGT CGC GAG GCG TAC CTG TCT TCT GAA GAG TTC AAG GAG AAG TTC GGT ATG ACC AAG GAA GCG TTC TAC AAA CTG CCG AAA TGG AAG CAG AAC AAG TTC ATC ATG GCG GTT CAG CTG TTC,0.7816997326432966
CCA GCT CAC CCA TAC GAC CGT CTG AAA ACC ACC TCT ACT GAC CCG GTT TCT GAC ATC GAC GTT ACC TAC CGT GAA GCG TAC CTG TCT TCC GAA GAA TTC AAG GAG AAA TTC GGT ATG ACC AAA GAG GCG TTC TAC AAA CTG CCG AAA TGG AAA CAG AAC AAA TTC GCG ATG GCT GTT CAG CTC TTC,0.6953479867097936
CCA GCG CAC CCG TAC GAC CGT CTG AAA ACC ACC TCT ACC GAC CCG GTT TCT GAC ATC GAC GTT ACC CGT CGT GAG GCG TAC CTG TCC TCT GAG GAA TTC AAG GAA AAA TTC GGT ATG ACC AAG GAG GCG TTT ATG AAA CTG CCA AAA TGG AAA CAG AAC AAG TTC CTG ATG GCG GTT CAG CTG TTC,0.9555664623720848
CCG GCT CAC CCG TAC GAC CGT CTG AAA ACC ACC TCT ACC GAC CCG GTG TCC GAC ATC GAC GTT ACT CGT CGT GAA GCG TAC CTG TCC TCC GAG GAA TTC AAG AAT AAG TTT GGC ATG ACC AAA GAA GCG TTC TAC AAA CTG CCG AAG TGG AAA CAG AAC AAA TTC AAA ATG GCG GTT CAG CTG TTC,0.9110188110386888
CCG GCT CAC CCG TAC GAC CGT CTG AAA ACC ACC TCT ACC GAC CCG GTT TCT GAC ATC GAC GTT ACC CGT CGT CAC GCG TAC CTG TCT TCT GAA GAG TTC AAA GAG AAG TTC GGC ATG ACC AAG GAG GCG TTC TAC AAA CTG CCG AAA TGG AAA CAG AAC AAA TTC GAG ATG GCG GTT CAG CTG TTC,0.8717036723333558
CCG GCG CAC CCG TAC GAC CGC CTG AAA ACC ACC TCT ACC GAC CCG GTT TCT GAC ATC GAC GTT ACC TAC CGT GAA GCG TAC CTC TCT TCT GAA GAG TTC AAG GAG AAA TTC GGT ATG ACC AAG GAA GCG TTC TAC AAA CTC CCG AAA TGG AAA CAG AAC AAA TTC ACC ATG GCT GTT CAA CTG TTC,0.6373408536732026
CCG GCG CAC CCG TAC GAC CGT CTC AAG ACC ACC TCT ACT GAC CCG GTT TCT GAC ATT GAC GTT ACC CGT CGT GCG GCG TAC CTG TCT TCT GAG GAA TTC AAA GAA AAA TTC GGT ATG ACC AAG GAG GCG TTC GGT AAG CTG CCG AAA TGG AAA CAG AAC AAA TTC AAG ATG GCG GTT CAA CTG TTT,0.7047233851076278
CCG GCG CAT CCG TAC GAC CGT CTG AAA ACT ACC TCT ACC GAC CCA GTT TCT GAC ATC GAC GTT ACC GAA CGT GAG GCG TAC CTG TCT TCT GAG GAA TTC AAG GAA AAA TTC GGC ATG ACC AAA GAA GCG TTT GCG AAA CTC CCG AAA TGG AAA CAG AAC AAA TTC AAA ATG GCT GTT CAA CTG TTC,0.5443117979495645
CCG GCT CAC CCG TAC GAC CGT CTG AAA ACC ACC TCT ACC GAC CCG GTT TCT GAC ATC GAC GTT ACC CGT CGT GAA GCG TAC CTG TCC TCC GAA GAA TTC AAG GAA AAA TTC GGT ATG ACC AAG GAA GCG TTC TAC AAA CTC CCG AAA TGG AAA CAG AAC AAG TTC AAA ATG GCG GTG CAG GAA TTC,0.6323496422096702
CCA GCG CAC CCG TAC GAC CAG CTC AAA ACT ACC TCT ACC CAG CCG GTT TCT GAC ATC GAC GTT ACC CGT CGC GAA GCG TAC CTC TCT TCC GAG GAA TTC AAG GAA AAA TTC GGT ATG ACC AAG GAG GCT TTC TAC AAA CTG CCG AAA TGG AAA CAG AAC AAG TTC AAA ATG GCT GTT CAG CTG TTC,0.8384787168795661
CCG GCG CAT CCG TAC GAC CGT CTG AAA ACC ACC TCT ACC GAT CCG GTT TCT GAC ATC GAC GTT ACT CGT CGT GAA GCG TAC CTG GGC TCC GAA TTC TTC AAA GAA AAG TTC GGT ATG ACC AAA GAG GCG TTC TAC AAA CTG CCG AAA TGG AAA CAG AAC AAA TTC AAA ATG GCG GTT CAG CTG TTC,0.4976185537875824
CCG GCG CAT CCG TAC GAC CGT CTG AAA ACC ACC TCT ACC GAC CCG GTT TCT GAC ATT GAC GTT ACC AAC CGT TAT GCG TAC CTG TCC TCT GAA GAA TTC AAA GAA AAG TTC GGC ATG ACC AAA GAA GCG TTC TAC AAA CTG CCG AAA TGG AAG CAG AAC AAA TTC AAG ATG GCG GTT CAG CTG TTC,0.5121533697901105
CCG GCT CAC CCG TAC GAC AAA CTG AAA ACC ACC TCT ACC TAC CCG GTT TCT GAC ATC GAC GTT ACC CGT CGT GAA GCG TAC CTG TCT TCT GAA GAG TTC AAA GAA AAA TTC GGC ATG ACC AAA GAA GCG TTC TAC AAG CTG CCG AAG TGG AAA CAG AAC AAA TTC AAA ATG GCG GTT CAG CTG TTC,0.7983326463654207
CCG GCG CAC CCG TAC GAC CGT CTG AAA ACC ACC TCT ACC GAC CCG GTT TCT GAC ATC GAC GTT ACC AAA CGT GAA GCG TAC CTG TCC TCT GAG GAA TTC AAG GAA AAA TTC GGC ATG ACC AAA GAA GCG TTT TAC AAA CTG CCG AAA TGG AAA CAG AAC AAA TTC GAC ATG GCG GTG CAG CTG TTC,0.1125022919323823
CCG GCT CAC CCG TAC GAC CGT CTG AAA ACC ACC TCT ACC GAC CCG GTT TCT GAC ATC GAC GTT ACC CGC CGT GAA GCG TAC CTC TCT TCT GAG GAA TTC AAG GAA AAA TTC GGC ATG ACC AAA GAA GCG TTT ATG AAG CTG CCG AAA TGG AAA CAG AAC AAG TTC TCT ATG GCG GTT CAG CTG TTC,0.4849892214743421
CCG GCT CAC CCG TAC GAC CGT CTG AAA ACC ACC TCT ACC GAC CCG GTT TCT GAC ATC GAC GTT ACC CGT CGT GCG GCG TAC CTG TCT TCC GAA GAG TTC AAA GAG AAA TTT GGC ATG ACC AAG GAA GCT TTC AAC AAA CTG CCG AAA TGG AAA CAG AAC AAA TTC AAA ATG GCG GTT CAG CTG TTT,0.8538116262456119
CCG GCG CAC CCG TAC GAC CAG CTG AAA ACC ACC TCT ACC AAA CCA GTT TCT GAC ATC GAC GTT ACC CGT CGT GAA GCG TAC CTG TCC TCT GAA GAA TTC AAG GAG AAA TTC GGT ATG ACC AAA GAA GCG TTC TAC AAG CTG CCG AAA TGG AAG CAG AAC AAA TTC AAA ATG GCG GTT CAA CTC TTC,0.9210739627545984
CCG GCG CAC CCG TAC GAC CGT CTG AAA ACC ACC TCT ACC GAC GCG GTT TCT GAC ATT GAC GTT ACC CGT CGT GAA GCG TAC CTC TCC TCT GAA GAG TTC AAG GAA AAA TTC GGC ATG ACC AAA GAA GCG TTT TAC AAA CTG CCG AAA TGG AAA CAG AAC AAA TTC AAA ATG GCG GTG CAG CTG TTC,0.7585075583683629
CCG GCT CAC CCG TAC GAC CGT CTG AAA ACT ACC TCT ACC GAC CCA GTT TCT GAC ATT GAC GTT ACC CGT CGT GAA GCG TAC CTG TCC TCT GAA GAG TTC AAA GAG AAG TTC GGT ATG ACC AAC GAA GCG TTC TAC AAA CTG CCG AAA TGG AAA CAG AAC AAA TTC AAA ATG GCT GTT CAG CTG TTC,0.081913600399984
CCG GCT CAC CCG TAC GAC TGC CTG AAA ACC ACT TCT ACC GGT CCG GTT TCC GAC ATT GAC GTT ACC CGT CGT GAA GCG TAC CTG TCC TCC GAG GAA TTC AAA GAA AAA TTC GGT ATG ACC AAG GAG GCG TTC TAC AAA CTG CCG AAA TGG AAA CAG AAC AAA TTC AAG ATG GCG GTG CAG CTG TTC,1.102156402889048
CCG GCT CAC CCA TAC GAC CGT CTG AAA ACC ACC TCT ACC GAC CCG GTT TCT GAC ATC GAC GTT ACC TGG CGT GAA GCG TAC CTG TCC TCC GAA GAA TTC AAG GAG AAG TTC GGT ATG ACC AAA GAA GCG TTC TAC AAA CTC CCG AAA TGG AAA CAG AAC AAA TTC CCG ATG GCG GTT CAG CTG TTC,0.5438541382522643
CCA GCT CAT CCA TAC GAC CGT CTG AAA ACC ACC TCT ACC GAC CCG GTT TCT GAT ATC TGG GTT CAG CGT CGT GAA GCG TAC CTG TCC TCC GAG GAA TTC AAG GAG AAA TTC GGC ATG ACC AAA GAA GCG TTC TAC AAA CTG CCG AAG TGG AAA CAG AAC AAA TTC AAA ATG GCG GTG CAG CTG TTC,-0.358239364337295
CCA GCG CAC CCG TAC GAC CGT CTG AAA ACC ACC TCT ACC GAT CCG GTT TCT GAC ATC GAC GTT ACC GTT CGT GAA GCG TAC CTC TCC TCT GAG GAG TTC AAA GAG AAG TTC GGT ATG ACC AAA GAG GCG TTC TAC AAA CTG CCG AAA TGG AAA CAG AAC AAA TTC GCG ATG GCT GTT CAA CTG TTC,0.6481284421503832
CCG GCG CAC CCG TAC TTT CGT CTG GAA ACT ACC TCT ACC GAC CCG GTT TCT GAC ATC GAC GTT ACC CGT CGT GAA GCG TAC CTG TCC TCC GAA GAA TTC AAG GAA AAA TTC GGT ATG ACC AAG GAG GCG TTC TAC AAA CTG CCG AAA TGG AAA CAG AAC AAA TTC AAA ATG GCG GTT CAA CTG TTC,0.6486998210768233
CCG GCG CAT CCG TAC GAC CGT CTG AAA ACC ACC TCT ACC GAT CCG GTT TCT GAC ATC GAC GTT ACC CGT CGT CGT GCG TAC CTG TCC TCC GAG GAA TTC AAA GAA AAG TTC GGT ATG ACC AAA GAA GCG TTC TAC AAG CTG CCG AAA TGG AAA CAG AAC AAA TTC GTT ATG GCG GTT CAG CTG TTC,0.7714235484078011
CCA GCT CAC CCG TAC GAC CGT CTG AAA ACC ACC TCT ACC GAT CCG GTT TCT GAC ATC GAC GTT ACC TAC CGT GAA GCG TAC CTC TCT TCC GAA GAA TTC AAA GAA AAA TTC GGC ATG ACC AAA GAG GCG TTC TCT AAA CTG CCG AAA TGG AAG CAG AAC AAA TTC AAG ATG GCG GTT CAG CTG TTC,0.686868526049228
CCG GCG CAC CCG TAC GAC CGT CTG AAA ACT ACC TCT ACC GAC CCG GTT TCT GAC ATC GAC GTT ACT CGT CGT CGT GCG TAC CTG TCT TCT GAA GAG TTC AAA GAA AAG TTC GGT ATG ACC AAG GAG GCG TTC GCT AAG CTG CCG AAA TGG AAA CAG AAC AAA TTC AAA ATG GCG GTG CAG CTC TTT,0.5732606685619936
CCG GCG CAC CCG TAT CAC CGT CTG CCG ACC ACT TCT ACC GAC CCG GTT TCT GAC ATT GAC GTT ACC CGT CGT GAG GCG TAC CTG TCT TCT GAA GAG TTC AAA GAA AAG TTC GGC ATG ACC AAA GAA GCG TTC TAC AAA CTG CCG AAA TGG AAA CAG AAC AAA TTC AAA ATG GCT GTT CAG CTG TTC,0.1861439238146051
CCG GCT CAC CCG TAC GAC CGT CTG AAA ACC ACC TCT ACC GAC CCG GTT TCT GAC ATC GAC GTT ACC CGT CGC GAG GCG TAC CTG TCT TCC GAA GAG TTC AAA GAA AAA GAA GGT ATG ACC AAG GAG GCG TTC TAC AAA CTG CCG AAG TGG AAA CAG AAC AAA TTC AAA ATG GCG GTT CAG CTG TTC,-0.413561796162374
CCG GCG CAT CCG TAC GAC CGT CTG AAA ACC ACC TCT ACC GAT CCA GTT TCC GAC ATT GAC GTT ACC CGT CGT GAA GCG TAC CTG CTC TCC GAG ATC TTC AAA GAA AAG TTC GGT ATG ACC AAA GAG GCG TTC TAC AAA CTG CCG AAA TGG AAA CAG AAC AAA TTC AAA ATG GCG GTT CAG CTG TTC,0.4687335711848824
CCG GCG CAC CCG TAC GAC CGT CTG AAA ACC ACT TCT ACC GAC CCG GTT TCT GAC ATT GAC GTT ACC CGT CGT GAC GCG TAC CTG TCT TCC GAA GAG TTC AAG GAA AAA TTC GGT ATG ACC AAG GAA GCG TTC CCG AAA CTG CCG AAA TGG AAA CAG AAC AAA TTC AAA ATG GCG GTG CAG CTC TTC,-4.655449222007743
CCA GCG CAC CCG TAC GAC CGT CTG AAA ACC ACC TCT ACC GAT CCG GTT TCT GAC ATC GAC GTT ACC TTC CGT GAA GCG TAC CTG TCT TCT GAA GAA TTC AAA GAA AAG TTC GGC ATG ACC AAA GAA GCG TTC TCT AAG CTG CCA AAA TGG AAA CAG AAC AAA TTC AAG ATG GCG GTT CAG CTG TTC,0.4540179168460264
CCG GCG CAC CCG TAC GAC CGT CTG AAA ACC ACC TCT ACC GAC CCG GTT TCT GAT ATC GAC GTT ACC ATG CGT GAA GCG TAC CTG TCT TCC GAG GAG TTC AAG GAA AAA TTC GGT ATG ACC AAA GAA GCG TTC TAC AAA CTG CCG AAG TGG AAA CAG AAC AAA TTC CAG ATG GCT GTT CAG CTG TTC,0.5887506313682289
CCA GCG CAC CCG TAC GAC CGT CTG AAA ACC ACC TCT ACC GAC CCG GTT TCT GAT ATC CAG GTT GTT CGT CGT GAG GCG TAC CTG TCC TCC GAA GAA TTC AAA GAG AAA TTC GGC ATG ACC AAA GAA GCG TTC TAC AAG CTG CCG AAA TGG AAA CAG AAC AAG TTC AAA ATG GCG GTT CAG CTG TTC,0.7758069911883612
CCG GCG CAC CCG TAT GAC CGT CTG TGG ACC ACC TCT ACC GAT CCG GTT TCT GAT ATC GAC GTT ACC CGT CGT GAG GCG TAC CTG TCT TCT GAG GAA TTC AAA GAA AAG TTC GGC ATG ACT AAA GAG GCG TTC TAC AAA CTG CCG AAA TGG AAA CAG AAC AAA TTC AAG ATG GCT GTT CAG CTG TTC,0.8745776208666386
CCA GCG CAC CCA TAC GAC CGT CTG AAA ACC ACC TCT ACC GAC CCG GTT TCT GAC ATC GAC GTT ACC CGT CGT ACT GCG TAT CTG TCT TCC GAA GAA TTC AAG GAA AAA TTC GGC ATG ACC AAG GAA GCG TTC TAC AAG CTG CCG AAA TGG AAA CAG AAC AAA TTC CCA ATG GCT GTT CAG CTG TTC,0.4557062010476375
CCG GCG CAC CCG TAC GAC CGT CTG AAA ACC ACC TCT ACC GAC CCA GTT TCT GAT ATC GAC GTT ACC CGT CGT GCG GCG TAC CTG TCT TCT GAA GAG TTC AAG GAA AAA TTC GGT ATG ACC AAG GAA GCG TTT ATG AAA CTG CCG AAA TGG AAA CAG AAC AAA TTC AAA ATG GCG GTT CAG CTG TTC,0.71165198296775
CCG GCG CAC CCG TAC GAC CGT CTG AAA ACC ACC TCT ACC GAC CCG GTT TCT GAC ATC ATG GTT GGT CGT CGT GAA GCG TAC CTG TCC TCC GAG GAG TTC AAA GAG AAA TTC GGT ATG ACC AAA GAA GCG TTT TAC AAG CTC CCG AAA TGG AAG CAG AAC AAA TTC AAA ATG GCG GTT CAG CTG TTC,0.6669418785104853
CCA GCG CAC CCG TAC GAC ACC CTG AAA ACC ACC TCT ACC TCT CCG GTT TCT GAC ATC GAC GTT ACC CGT CGT GAA GCG TAC CTG TCC TCT GAG GAG TTT AAA GAA AAA TTC GGC ATG ACC AAG GAG GCG TTC TAT AAG CTC CCG AAG TGG AAA CAG AAC AAA TTC AAA ATG GCG GTT CAG CTG TTC,0.9246826876121528
CCG GCG CAC CCG TAC GAC CGT CTG AAA ACC ACC TCT ACC GAC CCG GTT TCT GAC ATC ACC GTT TCT CGT CGT GAA GCG TAC CTG TCT TCT GAA GAG TTC AAG GAG AAA TTC GGT ATG ACC AAA GAG GCG TTC TAC AAA CTG CCG AAA TGG AAA CAG AAC AAA TTC AAA ATG GCT GTT CAG CTG TTC,0.7695195552331183
CCG GCG CAC CCG TAC GAC CCG CTG AAA ACT ACC TCT ACC ACT CCA GTT TCT GAC ATC GAC GTG ACC CGT CGT GAA GCG TAC CTG TCT TCT GAG GAA TTC AAG GAG AAG TTC GGT ATG ACC AAA GAA GCG TTC TAC AAA CTG CCG AAA TGG AAG CAG AAC AAG TTC AAA ATG GCG GTT CAG CTG TTC,0.906338047944979
CCG GCG CAC CCG TAC GAC CGT CTC AAG ACC ACC TCT ACC GAC CCG GTT TCT GAC ATC GAC GTT ACC CGT CGT AAT GCG TAT CTC TCT TCT GAA GAA TTC AAG GAA AAG TTC GGC ATG ACC AAA GAA GCG TTC GAA AAA CTG CCG AAA TGG AAA CAG AAC AAA TTC AAA ATG GCG GTT CAG CTG TTC,0.5064111656787371
CCG GCG CAC CCG TAC GAC CTG CTG AAA ACC ACC TCT ACC AAC CCG GTT TCT GAC ATT GAC GTT ACC CGT CGC GAA GCG TAC CTG TCC TCT GAA GAA TTC AAG GAA AAG TTC GGC ATG ACT AAG GAA GCG TTT TAC AAA CTG CCG AAA TGG AAA CAG AAC AAA TTC AAA ATG GCG GTT CAG CTG TTC,0.6251587155068028
CCG GCG CAC CCG TAC GAC CGT CTG AAA ACC ACT TCT ACC GAC CCA GTT TCT GAC ATT GAC GTT ACC CGT CGT GAA GCG TAC CTG ACC TCT GAA GGT TTC AAG GAA AAA TTC GGC ATG ACC AAA GAA GCG TTC TAC AAA CTG CCG AAA TGG AAA CAG AAC AAA TTC AAA ATG GCT GTT CAG CTG TTC,0.5354930138076854
CCG GCT CAC CCG TAC GAC CGT CTG AAA ACC ACC TCT ACC GAC CCG GTT TCC GAC ATC GAC GTT ACC CGT CGT GAA GCG TAC CTG TCT TCT GAG GAA TTC AAG GAG AAA TTC GGC ATG ACC AAG GAG GCG TTC CCG AAA CTG CCG AAA TGG AAA CAG AAC AAA TTC TAC ATG GCT GTG CAG CTC TTC,-0.4865120715391974
CCG GCT CAC CCG TAC GAC CGT CTG AAA ACC ACC TCT ACC GAC CCG GTT TCT GAT ATC GAC GTT ACC CGT CGT AAA GCG TAC CTC TCC TCT GAG GAA TTC AAA GAG AAA TTC GGC ATG ACC AAA GAA GCG TTC GAA AAA CTG CCG AAA TGG AAA CAG AAC AAA TTC AAG ATG GCT GTG CAG CTG TTT,0.7949086851779845
CCG GCG CAC CCG TAC GAC CGT CTG AAA ACT ACC TCT ACC GAC CCG GTT TCT GAC ATC GAC GTT ACC GAA CGT GAA GCG TAC CTG TCC TCC GAA GAA TTC AAG GAA AAA TTC GGC ATG ACC AAA GAA GCG TTC TAC AAG CTG CCG AAA TGG AAA CAG AAC AAA TTC CTG ATG GCG GTT CAG CTG TTC,0.9509552529805396
CCG GCG CAT CCG TAC GAC CGT CTG AAA ACC ACC TCT ACC GAC CCA GTG TCT GAC ATC GAC GTT ACC CGT CGT GAA GCG TAC CTC ATC TCC GAA TCT TTC AAG GAA AAA TTC GGC ATG ACC AAA GAA GCG TTC TAC AAA CTG CCG AAA TGG AAA CAG AAC AAG TTC AAA ATG GCG GTT CAG CTG TTC,0.5531643406504252
CCG GCG CAC CCG TAC GAC CGT CTG AAA ACC ACC TCT ACC GAC CCG GTT TCT GAC ATT GAC GTT ACC CGT CGT GAA GCG TAC CTC TCT TCT GAA GAA TTC AAG GAG AAC TTC GGT ATG ACC AAA GAG GCG TTC TAC AAA CTG CCG AAA TGG AAG CAG AAC AAA TTC AAA ATG GCG GTT CAG CTG TTC,0.5574580419902864
CCG GCT CAC CCG TAC GAC CGT CTG AAA ACC ACC TCT ACC GAC CCG GTT TCT GAT ATC GAC GTT ACC CGT CGT GAA GCG TAC CTG GAG TCT GAG ATG TTC AAA GAA AAA TTC GGC ATG ACC AAA GAG GCG TTT TAC AAG CTG CCG AAA TGG AAA CAG AAC AAA TTC AAA ATG GCG GTG CAG CTG TTC,0.6234303938002144
CCG GCG CAC CCG TAC GAC CGT CTG AAA ACC ACC TCT ACC GAC CCG GTT TCT GAC ATC ATG GTT TGC CGT CGT GAA GCG TAC CTC TCC TCT GAA GAG TTC AAG GAA AAA TTC GGC ATG ACC AAA GAA GCG TTC TAC AAG CTG CCG AAA TGG AAA CAG AAC AAA TTC AAA ATG GCT GTT CAG CTG TTC,1.2946351223728985
CCA GCG CAC CCG TAC GAC CGT CTG AAA ACT ACC TCT ACC GAC CCG GTT TCT GAC ATC TGG GTT ACC CGT CGT GAA GCG TAC CTG TCT TCC GAA GAG TTT AAA GAA AAG TTC GGC ATG ACC AAA GAA GCG TTC TAC AAG CTG CCG AAA TGG AAG CAG AAC AAA TTC AAA ATG GCG GTG CAG CTG TTC,0.361036660847264
CCG GCG CAC CCG TAC GAC CGC CTC AAA ACC ACC TCT ACC GAC CCG GTT TCT GAC ATC GAC GTT ACC CGT CGT GAG GCG TAT CTC TCT TCT GAG GAA TTC AAA GAA AAG TTC GGC ATG ACC AAA GAA GCG TTC GTT AAA CTG CCG AAA TGG AAG CAG AAC AAA TTC ATC ATG GCG GTT CAG CTG TTC,0.8011422841448768
CCG GCT CAC CCG TAC GAC CGT CTG AAA ACC ACC TCT ACC GAC CCG GTT TCT GAT ATC GAC GTT ACC GGT CGT GAA GCT TAC CTC TCT TCC GAA GAA TTC AAA GAA AAG TTC GGC ATG ACC AAA GAA GCG TTC GAC AAA CTG CCG AAA TGG AAA CAG AAC AAG TTC AAA ATG GCG GTG CAG CTG TTC,0.6266209927072456
CCG GCG CAC CCG TAC GAC CGT CTG AAA ACC ACC TCT ACC GAC CCG GTT TCT GAC ATT ATC GTT CTC CGT CGT GAA GCG TAC CTC TCC TCT GAG GAA TTC AAA GAG AAG TTC GGC ATG ACC AAG GAA GCG TTT TAC AAA CTG CCG AAA TGG AAA CAG AAC AAA TTC AAG ATG GCG GTT CAG CTG TTC,0.7852747632336166
CCG GCG CAC CCG TAC GAC ACC CTG AAA ACC ACC TCT ACC TGC CCG GTT TCT GAC ATC GAC GTT ACC CGT CGC GAA GCG TAC CTG TCT TCT GAG GAA TTC AAG GAA AAG TTC GGC ATG ACC AAG GAA GCG TTT TAC AAG CTG CCG AAA TGG AAA CAG AAC AAA TTC AAA ATG GCG GTG CAA CTC TTC,1.379640910265313
CCG GCG CAT CCA TAC CGT CGT CTG TCT ACC ACC TCT ACC GAC CCG GTT TCT GAC ATC GAC GTT ACC CGT CGT GAA GCG TAT CTG TCT TCT GAA GAA TTC AAG GAA AAG TTC GGC ATG ACC AAA GAA GCG TTC TAT AAA CTC CCG AAA TGG AAG CAG AAC AAA TTC AAA ATG GCG GTG CAA CTG TTC,-0.4764289763585524
CCG GCT CAC CCG TAC GAC GAC CTG AAA ACC ACC TCT ACC ATG CCG GTT TCT GAC ATC GAC GTT ACC CGT CGT GAA GCG TAC CTC TCC TCT GAA GAG TTC AAA GAA AAA TTC GGC ATG ACC AAA GAA GCT TTC TAC AAA CTG CCG AAG TGG AAG CAG AAC AAA TTC AAA ATG GCG GTT CAG CTG TTC,0.8913045465939395
CCG GCG CAC CCG TAC GAC CGT CTG AAA ACC ACC TCT ACC GAC CCG GTT TCT GAC ATC GAC GTT ACC TGG CGC GAA GCG TAC CTG TCT TCT GAG GAA TTC AAG GAG AAG TTC GGC ATG ACC AAG GAA GCG TTC TAC AAA CTG CCG AAA TGG AAA CAG AAC AAA TTC TTC ATG GCG GTT CAG CTG TTT,0.90964245753457
CCG GCG CAC CCG TAC GAC CGT CTG AAA ACC ACT TCT ACC GAC CCG GTT TCT GAC ATC GAC GTT ACC TGG CGT CGT GCG TAC CTG TCT TCT GAG GAG TTC AAA GAA AAA TTC GGC ATG ACC AAG GAG GCG TTT TAC AAA CTG CCG AAA TGG AAA CAG AAC AAA TTC AAA ATG GCG GTG CAG CTC TTC,0.4172451799285358
CCG GCG CAT CCG TAC GAC CGT CTG AAA ACC ACC TCT ACC GAT CCA GTT TCT GAC ATT GAC GTT ACC CGT CGT GAA GCT TAC CTC TCT TCC GAA GAA TTC AAA GAA AAA TTC GGC ATG ACC AAG GAA GCG TTC TAC AAA CTG CCG AAG TGG AAA CGC AAC AAG TTC AAA ATG GCG GTT CAG CTG TTC,0.8037889217328114
CCG GCT CAC CCG TAC GAT TGG CTG AAA ACC ACC TCT ACC ATC CCA GTT TCT GAC ATC GAC GTT ACC CGT CGT GAA GCG TAC CTG TCT TCT GAA GAA TTC AAG GAA AAG TTC GGC ATG ACC AAA GAA GCG TTC TAC AAA CTG CCG AAG TGG AAG CAG AAC AAA TTC AAA ATG GCG GTT CAG CTG TTC,0.8059557249430758
CCG GCG CAC CCG TAC GAC CGT CTG GCG ACC ACC TCT ACC GAT CCG GTT TCT GAC ATT GAC GTT ACC CGC CGT GAA GCG TAC CTG TCC TCC GAA GAA TTC AAA GAA AAG TTC GGT ATG ACC AAG GAG GCG TTC TAC AAA CTG CCG AAG TGG AAA CAG AAC AAA TTC AAG ATG GCT GTT CAG CTG TTC,0.8519333377374319
CCG GCT CAC CCG TAC GAC CGT CTG AAA ACC ACC TCT ACC GAT CCG GTT TCT GAC ATC GAC GTT ACC GAA CGT GAA GCG TAC CTG TCT TCT GAA GAG TTC AAG GAA AAA TTC GGC ATG ACC AAA GAA GCG TTC TGG AAA CTG CCG AAA TGG AAA CAG AAC AAA TTC AAA ATG GCG GTT CAG CTG TTC,0.4661808112556618
CCG GCG CAT CCG TAC GAC CGT CTG AAG ACT ACC TCT ACC GAC CCG GTT TCT GAC ATC GAC GTT ACC CGT CGT ATC GCG TAC CTG TCC TCC GAA GAA TTC AAG GAG AAA TTC GGT ATG ACC AAA GAA GCG TTT TAC AAA CTG CCG AAA TGG AAA CAG AAC AAG TTC CTG ATG GCG GTT CAG CTG TTC,1.2761752152763468
CCG GCG CAC CCG TAC ATC CGC CTG TAC ACC ACC TCT ACC GAC CCA GTT TCT GAC ATC GAC GTT ACC CGT CGT GAA GCG TAT CTG TCC TCC GAA GAA TTC AAG GAA AAA TTC GGC ATG ACC AAA GAG GCG TTC TAC AAA CTG CCG AAA TGG AAG CAG AAC AAA TTC AAA ATG GCG GTT CAG CTG TTC,0.2051051347799446
CCG GCG CAC CCG TAC GAC CGT CTG AAA ACC ACC TCT ACC GAC CCG GTT TCT GAC ATC GAC GTT ACC CGT CGT GAA GCG TAC CTG TCT TCC GAA TGC TTC AAA GAG AAA TTC GGT ATG ACC AAA GAG GCG TTC TAC AAA CTG CCG AAA TGG AAA CAG AAC AAA TTC AAA ATG GCG GTG CAG CTG TTC,1.1313416737478
CCA GCG CAC CCG TAC GAC ACC CTG AAA ACC ACC TCT ACC CTG CCA GTT TCT GAC ATT GAC GTT ACC CGT CGT GAA GCG TAC CTG TCT TCT GAG GAG TTT AAA GAG AAG TTC GGC ATG ACC AAA GAG GCG TTC TAC AAA CTG CCG AAA TGG AAA CAG AAC AAA TTC AAG ATG GCG GTT CAG CTG TTC,0.7993511808725756
CCG GCG CAC CCG TAC GAC CGT CTG AAA ACC ACC TCT ACC GAC CCG GTT TCT GAC ATC GAC GTT ACC CGT CGT GAA GCG TAT CTC GAA TCC GAA TTC TTC AAA GAA AAG TTC GGC ATG ACC AAA GAA GCG TTC TAC AAA CTC CCA AAG TGG AAA CAG AAC AAG TTC AAA ATG GCG GTT CAG CTG TTC,0.5965918322375974
CCG GCG CAC CCG TAC GAC CGT CTG AAA ACC ACC TCT ACC GAT CCG GTT TCT GAC ATC GAC GTT ACC CGT CGT GAA GCG TAC CTG TCT TCC GAG GAG TTC AAG GAG AAA TTC GGC ATG ACC AAA GAG GCG GTT TAC AAA CTG CCG AAA TGG AAA CAG AAC AAA TTC AAA ATG GCG GTT CAG CTC TTT,-0.3031023608061496
CCG GCG CAT CCG TAC GAC CGT CTG AAA ACC ACC TCT ACC GAT CCG GTT TCT GAC ATC GAC GTT ACC CGT CGT ATG GCG TAC CTG TCT TCT GAA GAG TTC AAA GAA AAG TTC GGC ATG ACC AAA GAA GCG TTC CAG AAA CTG CCG AAA TGG AAA CAG AAC AAA TTC AAA ATG GCG GTT CAG CTG TTC,0.7018033842663659
CCG GCT CAT CCG TAC GAC CGT CTG AAA ACC ACT TCT ACC GAC CCG GTT TCT GAT ATC GAC GTT ACC CGT CGT GAC GCG TAC CTG TCT TCT GAG GAA TTC AAG GAA AAA TTC GGC ATG ACC AAA GAG GCG TTC TAT AAG CTG CCG AAA TGG AAA CAG AAC AAA TTC GAG ATG GCT GTT CAG CTG TTC,0.4062371187181973
CCA GCT CAC CCG TAC GAC CGT CTG AAA ACC ACC TCT ACT GAC CCG GTT TCT GAC ATC GAC GTT ACC GAC CGT GAA GCG TAC CTC TCC TCC GAA GAG TTC AAG GAA AAA TTC GGC ATG ACC AAA GAA GCG TTC CTG AAA CTG CCG AAA TGG AAA CAG AAC AAA TTC AAA ATG GCG GTG CAG CTG TTC,0.755414404709214
CCG GCG CAC CCG TAC GAT AAC CTG AAA ACC ACC TCT ACC CTG CCG GTT TCT GAC ATC GAC GTT ACC CGT CGT GAA GCG TAC CTG TCT TCC GAG GAG TTC AAA GAG AAG TTC GGT ATG ACC AAA GAA GCT TTC TAC AAG CTG CCG AAA TGG AAA CAG AAC AAA TTC AAA ATG GCG GTT CAG CTG TTC,0.8667846299890227
CCG GCG CAC CCG TAC GAC CGT CTG AAA ACT ACC TCT ACC GAC CCG GTT TCT GAC ATC GAC GTT ACC CGT CGT GAA GCG TAC CTG TTT TCT GAA CTC TTC AAG GAG AAG TTC GGC ATG ACC AAA GAA GCG TTC TAC AAA CTG CCG AAA TGG AAA CAG AAC AAG TTC AAA ATG GCG GTT CAG CTG TTC,0.5708613457806293
CCG GCT CAC CCG TAC GAC CGT CTG AAA ACC ACC TCT ACC ACT CCA GTT TCT GAC ATC GAC GTT ACC CGT CGT GAG GCG TAC CTG TCT TCC GAG GAG TTC AAA GAA AAA TTC GGT ATG ACC AAG GAG GCG TTT TAC AAA CTG CCG AAA TGG AAA CAG AAC AAG TTC AAG ATG GCG GTT CAG CTG TTC,0.834097627583566
CCG GCG CAC CCG TAC GAC CGT CTG AAA ACT ACC TCT ACC GAC CCG GTT TCT GAC ATC GGT GTT GGT CGT CGC GAA GCG TAC CTC TCC TCT GAG GAA TTC AAG GAG AAA TTC GGC ATG ACC AAA GAA GCG TTC TAC AAA CTG CCG AAA TGG AAA CAG AAC AAA TTC AAA ATG GCG GTT CAG CTG TTC,0.6568944686976401
CCG GCG CAC CCG TAC GAC CGT CTG AAA ACC ACT TCT ACC GAC CCG GTT TCT GAC ATC GAC GTT ACC CGT CGT GAA GCG TAC CTC TCT TCC GAA GAA TTC AAG GAA AAG TTC GGT ATG ACC AAG GAA GCG TTC TAC AAA CTG CCG AAA TGG AAA CAG AAC AAA GAC AAA ATG GCT GTT CAG CTG TTC,0.2318131715699599
CCA GCG CAC CCG TAC GAC GTT CTG AAA ACC ACC TCT ACT ATC CCG GTT TCT GAT ATT GAC GTT ACC CGT CGT GAA GCG TAC CTC TCT TCC GAA GAG TTC AAG GAA AAA TTC GGT ATG ACC AAG GAA GCG TTT TAC AAG CTG CCG AAA TGG AAG CAA AAC AAA TTC AAA ATG GCG GTT CAG CTG TTC,0.7670669246309841
CCA GCT CAC CCG TAC GAC ACC CTG AAA ACC ACC TCT ACT GCT CCG GTT TCT GAC ATC GAC GTT ACC CGT CGT GAA GCG TAC CTG TCC TCC GAA GAA TTC AAA GAG AAG TTC GGT ATG ACC AAG GAA GCT TTC TAC AAA CTG CCG AAA TGG AAG CAG AAC AAA TTC AAG ATG GCG GTT CAG CTG TTC,0.8241680351354279
CCG GCG CAC CCG TAC GAC CGT CTG AAA ACC ACC TCT ACC GAC CCA GTT TCT GAC TTC GAC GTT ACC CGT CGT GAA GCG TAC CTC TCC TCT GAG GAA TTC AAG GAG AAA TTC GGC ATG ACC AAA GAA GCG TTC TAC AAA CTC CCG AAG TGG AAA CAG AAC AAG TTC AAA ATG GCG GTT CAG CTG TTC,0.7891815428578373
CCG GCG CAT CCG TAC AAG CGT CTG CAA ACC ACC TCT ACC GAC CCG GTT TCT GAC ATC GAC GTT ACC CGT CGC GAG GCG TAC CTC TCT TCT GAG GAG TTC AAA GAG AAA TTC GGT ATG ACC AAG GAA GCG TTT TAC AAG CTG CCG AAA TGG AAA CAG AAC AAA TTC AAA ATG GCG GTT CAG CTG TTC,-0.7942111359096633
CCG GCT CAC CCG TAT GAC CGT CTG AAG ACC ACC TCT ACT GAC CCG GTT TCT GAC ATT GAC GTT ACC CGT CGT GAG GCG TAC CTG TCT TCT GAG GAG TTC AAA GAA AAA TTC GGC ATG ACC AAA GAA GCG TTC TGG AAA CTG CCA AAG TGG AAA CAG AAC AAA TTC AAC ATG GCG GTT CAG CTG TTC,-0.0835403056035138
CCG GCG CAC CCG TAC GAC CGT CTG AAA ACC ACC TCT ACC GAT CCG GTT TCT GAC ATC GAC GTT ACC CGT CGT GAA GCG TAC CTG TCT TCC GAG GAA TTC AAA GAG AAG TTC GGT ATG ACC AAA GAA GCG TTC GAG AAA CTC CCG AAA TGG AAA CAG AAC AAA TTC TAC ATG GCG GTT CAG CTG TTC,0.6260013641767642
CCA GCG CAT CCG TAC GAC CGT CTG AAA ACT ACC TCT ACC GAC CCA GTT TCT GAC ATC GAC GTT ACC CGT CGT ACC GCG TAC CTG TCT TCC GAG GAG TTC AAG GAA AAA TTC GGT ATG ACC AAA GAA GCG TTC GTT AAG CTG CCG AAA TGG AAA CAG AAC AAG TTC AAA ATG GCT GTT CAG CTG TTC,0.4646265792712057
CCG GCG CAC CCG TAC GAC CGT CTG AAA ACC ACT TCT ACC GAC CCG GTT TCT GAC ATC GAC GTT ACC ATC CGT CGT GCG TAC CTG TCT TCT GAG GAA TTC AAG GAA AAA TTC GGC ATG ACC AAG GAG GCG TTC TAC AAA CTG CCG AAA TGG AAA CAG AAC AAA TTC AAA ATG GCG GTT CAG CTC TTC,0.6192204261688565
CCG GCG CAC CCG TAC TGG CGT CTG GTT ACC ACC TCT ACC GAC CCG GTT TCT GAC ATC GAC GTT ACC CGC CGT GAG GCG TAC CTG TCT TCC GAG GAA TTC AAG GAG AAA TTC GGT ATG ACC AAA GAA GCG TTC TAC AAA CTG CCG AAA TGG AAA CAG AAC AAG TTC AAA ATG GCG GTG CAA CTC TTC,1.58629591387915
CCG GCG CAC CCG TAC GAC CGT CTG AAA ACC ACC TCT ACC GAC CCG GTT TCT GAC ATC GAC GTT ACT AAC CGC GAA GCT TAC CTG TCC TCT GAA GAA TTC AAA GAA AAA TTC GGC ATG ACC AAG GAA GCG TTC TAC AAA CTG CCG AAA TGG AAA CAA AAC AAA TTC CTG ATG GCG GTT CAG CTG TTC,0.9722821569488986
CCG GCG CAC CCG TAC GAC CGT CTG AAA ACC ACC TCT ACC GAC CCG GTT TCT GAC ATC GAC GTT ACC GGT CGT GAA GCG TAC CTG TCC TCC GAG GAA TTC AAA GAA AAG TTC GGT ATG ACC AAA GAA GCG TTT TAC AAA CTG CCG AAA TGG AAG CAG AAC AAA TTC ATG ATG GCG GTT CAG CTG TTC,0.8873536487612176
CCA GCT CAC CCG TAC GAC CGT CTG AAA ACC ACC TCT ACC GAC CCG GTT TCT GAC ATC GAC GTT ACC CGT CGT GAA GCG TAC CTG TCT TCT GAG GAG TTC AAA GAG AAA TTC GGC ATG ACC AAA GAA GCG TTC CCG AAA CTG CCG AAA TGG AAA CAG AAC AAA TTC AAC ATG GCG GTT CAG CTG TTC,-2.3823193542806376
CCG GCT CAC CCG TAT GAC CGT CTG AAA ACT ACC TCT ACT GAC CCG GTT TCC GAC ATT GAC GTT ACC CGT CGT TGG GCG TAT CTG TCT TCT GAG GAA TTC AAG GAA AAA TTC GGC ATG ACC AAA GAA GCG TTC TAC AAA CTG CCG AAG TGG AAA CAG AAC AAA TTC GAA ATG GCT GTT CAG CTG TTT,0.8430078299831782
CCG GCG CAC CCG TAC GAC CGT CTG AAA ACC ACC TCT ACC GAC CCG GTT TCT GAC ATC GAC GTT ACC CGT CGT GAA GCG TAC CTC TCC TCT GAA GAG TTC AAA GAA AAA TTC GGC ATG ACC AAG GAA GCG TTC TTC AAA CTC CCG AAA TGG AAA CAG AAC AAA TTC CGT ATG GCG GTT CAG CTG TTC,0.8384700931437591
CCA GCG CAC CCA TAC GAC CGT CTG AAA ACC ACT TCT ACC GAC CCG GTT TCT GAC ATC GAC GTT ACT CGT CGT GAG GCG TAC CTG TCT TCT GAA GAG TTC AAA GAG AAA TTC GGC ATG ACC AAG GAA GCT TTC CAC AAA CTG CCG AAA TGG AAA CAG AAC AAA TTC CGT ATG GCT GTT CAA CTC TTT,0.6113268479979745
CCG GCG CAC CCG TAC GAC CGT CTG AAA ACC ACC TCT ACT GAC CCG GTT TCT GAC ATT GAC GTT ACC CGT CGC GAA GCG TAC CTG TCT TCC GAG GAA TTC AAA GAA AAG TTC GGC ATG ACT AAA GAG GCG TTC TAC AAA CTG CCG TTC TGG AAA CAG AAC AAG TTC AAA ATG GCG GTT CAG CTG TTT,1.0664747612121372
CCA GCT CAC CCA TAC GAC CGT CTG AAA ACC ACC TCT ACC GAC CCG GTT TCT GAC ATC GAC GTT ACT CCA CGT GTG GCG TAC CTG TCT TCT GAG GAA TTC AAA GAA AAG TTC GGC ATG ACC AAA GAG GCT TTC TAC AAA CTG CCG AAA TGG AAA CAG AAC AAA TTC AAG ATG GCT GTT CAG CTG TTC,0.5724195480306447
CCA GCT CAC CCG TAC GAC CGT CTG AAA ACC ACC TCT ACC GAC CCG GTG TCT GAC ATC GAC GTT ACC CGT CGC GAA GCG TAC CTG TCC TCC GAA GAA TTC AAG GAA AAG TTC GGT ATG ACC AAG GAA GCG TTC TAC AAA CTG CCG AAG TGG AAG CAG AAC AAA TTC AAC ATG GCG GTT CAG CTG TTC,0.5741548784520693
CCG GCG CAT CCG TAC GAC CGT CTG AAA ACC ACC TCT ACC GAC CCG GTG TCT GAT ATC GAC GTT ACC TCT CGT TTC GCG TAC CTG TCC TCC GAG GAG TTT AAG GAA AAG TTC GGT ATG ACC AAA GAA GCG TTC TAC AAG CTG CCG AAA TGG AAG CAG AAC AAA TTC AAA ATG GCG GTT CAG CTG TTC,0.7266506538533195
CCA GCT CAC CCG TAC GAC CGT CTG AAA ACT ACC TCT ACC GAT CCA GTT TCC GAC ATC GAC GTT ACC CGT CGT GAA GCG TAC CTG TCT TCT GAA GAA TTC AAA GAG AAG TTC GGC ATG ACC AAA GAA GCG TTC GCT AAA CTG CCG AAA TGG AAA CAG AAC AAA TTC ATC ATG GCG GTT CAG CTG TTC,0.808775254498871
CCG GCG CAC CCG TAC GAC CGT CTG AAA ACC ACC TCT ACC GAC CCG GTT TCT GAC ATC CTG GTT GTT CGT CGT GAA GCG TAC CTG TCT TCT GAG GAG TTC AAG GAA AAG TTC GGT ATG ACC AAA GAA GCG TTT TAC AAA CTG CCG AAA TGG AAA CAG AAC AAA TTC AAA ATG GCG GTT CAG CTG TTC,0.5258709450580319
CCG GCT CAC CCG TAC GAC CGC CTG AAA ACC ACC TCT ACC GAC CCG GTT TCT GAC ATC GAC GTT ACC CGT CGT GAA GCT TAC CTG CCG TCT GAA CCG TTC AAA GAG AAA TTC GGT ATG ACC AAG GAA GCG TTC TAC AAA CTG CCG AAA TGG AAG CAG AAC AAA TTC AAA ATG GCG GTG CAG CTG TTC,0.3145871534962249
CCG GCG CAC CCG TAC GAC CGT CTG AAA ACC ACC TCT ACC GAC CCG GTT TCT GAC ATC GAC GTT ACC GAA CGT GAG GCG TAC CTG TCT TCT GAG GAG TTC AAG GAA AAA TTC GGT ATG ACC AAA GAG GCG TTC TAC AAA CTG CCG AAA TGG AAA CAG AAC AAA TTC AAC ATG GCG GTG CAA CTG TTT,0.4881266433419196
CCA GCG CAC CCG TAC GAC CGT CTG AAA ACC ACC TCT ACC GAC CCA GTT TCT GAC ATT GAC GTT ACC CGT CGT GAA GCG TAC CTC AAC TCT GAA ACC TTC AAA GAA AAA TTC GGC ATG ACC AAA GAA GCG TTC TAC AAG CTC CCG AAA TGG AAA CAG AAC AAA TTC AAA ATG GCG GTT CAG CTG TTC,0.6259872070634417
CCG GCT CAC CCG TAC GAC CGT CTG AAA ACC ACC TCT ACC GAC CCG GTT TCT GAC ATC TAC GTT AAC CGT CGT GAA GCG TAC CTC TCC TCC GAA GAA TTC AAG GAG AAG TTC GGT ATG ACC AAG GAA GCG TTC TAC AAA CTG CCG AAG TGG AAA CAG AAC AAA TTC AAA ATG GCG GTT CAA CTG TTC,0.2352775765532175
CCA GCG CAC CCG TAC GAC CGT CTG AAA ACC ACC TCT ACC GAC CCA GTT TCT GAC ATC GAC GTT ACC CGT CGT GTT GCG TAC CTG TCC TCC GAA GAA TTC AAA GAA AAA TTC GGC ATG ACC AAG GAA GCG TTC CTG AAA CTG CCG AAA TGG AAA CAG AAC AAA TTC AAG ATG GCG GTT CAG CTG TTC,0.826914872567186
CCG GCG CAT CCG TAC GAC ACC CTG AAA ACC ACC TCT ACT ATG CCG GTT TCT GAC ATC GAC GTT ACC CGT CGT GAG GCG TAC CTG TCC TCT GAA GAG TTT AAA GAA AAG TTC GGC ATG ACC AAA GAG GCG TTC TAC AAA CTG CCG AAA TGG AAA CAG AAC AAA TTC AAA ATG GCG GTT CAG CTG TTC,0.7680719560724931
CCA GCG CAC CCG TAC GAC CGT CTG AAA ACC ACT TCT ACC GAC CCG GTT TCT GAC ATC GAC GTT ACC TAC CGC CTC GCG TAC CTC TCT TCT GAA GAG TTC AAG GAG AAA TTC GGC ATG ACC AAA GAA GCG TTC TAC AAG CTG CCG AAA TGG AAA CAG AAC AAA TTC AAA ATG GCG GTT CAG CTG TTC,0.8606689364641171
CCA GCG CAC CCG TAC GAC CGT CTG AAA ACC ACC TCT ACC GAC CCG GTT TCT GAC ATC GAC GTT ACC CGT CGC GAA GCT TAC CTC TCT TCC GAA GAA TTC AAA GAA AAG TTC GGC ATG ACC AAA GAA GCG TTC GAC AAA CTG CCG AAA TGG AAA CAG AAC AAA TTC ACC ATG GCT GTT CAG CTC TTC,0.3317309072519073
CCG GCG CAC CCA TAC GAC CGT CTG AAA ACT ACC TCT ACC GAC CCG GTT TCT GAC ATC GAC GTT ACT CCG CGT GAA GCG TAC CTC TCC TCT GAA GAG TTC AAA GAA AAA TTC GGC ATG ACC AAG GAG GCG TTT TAC AAA CTG CCG AAA TGG AAG CAG AAC AAA TTC TTC ATG GCG GTT CAG CTG TTC,0.749425917888381
CCG GCG CAC CCA TAC GAC CGT CTG AAA ACC ACC TCT ACC GAC CCG GTT TCT GAC ATC GAC GTT ACC CGT CGT GTT GCG TAC CTG TCT TCC GAG GAA TTC AAG GAA AAG TTC GGT ATG ACT AAG GAA GCG TTC GCT AAA CTG CCG AAA TGG AAA CAG AAC AAA TTC AAA ATG GCG GTT CAG CTG TTC,0.8164391331280918
CCG GCG CAC CCG TAC GAC CGT CTG AAA ACC ACC TCT ACC GAC CCG GTT TCT GAC ATC GAC GTT ACC CGT CGT CAG GCG TAC CTG TCC TCC GAA GAG TTC AAA GAG AAA TTC GGT ATG ACC AAA GAG GCG TTC TAC AAA CTG CCG AAA TGG AAA CAG AAC AAA TTC CGT ATG GCG GTT CAG CTG TTC,1.057282548257381
CCG GCG CAC CCG TAC CAT CGT CTG AAC ACC ACC TCT ACC GAC CCG GTT TCT GAC ATT GAC GTT ACT CGT CGT GAA GCG TAC CTG TCC TCT GAA GAG TTC AAG GAA AAA TTC GGC ATG ACT AAG GAA GCG TTC TAC AAA CTG CCG AAA TGG AAA CAG AAC AAA TTC AAA ATG GCT GTT CAG CTG TTC,0.269557545004323
CCG GCG CAC CCG TAC GAC CGT CTG AAA ACT ACC TCT ACC GAC CCG GTT TCT GAC ATC GAC GTT ACC CGC CGT GAA GCG TAC CTC TCC TCC GAG GAA TTC AAG GAG AAA TTC TAC ATG ACC AAG GAG GCG TTT TAC AAA CTG CCG AAG TGG AAA CAG AAC AAA TTC AAA ATG GCG GTG CAG CTG TTT,0.7916398407537331
CCG GCG CAC CCG TAC GAC CGT CTG AAA ACC ACC TCT ACT GAC CCG GTT TCT GAC ATC GAC GTT ACT CGT CGT TGG GCG TAC CTG TCT TCT GAG GAA TTC AAG GAA AAG TTC GGT ATG ACC AAA GAG GCG TTC TGG AAA CTC CCG AAA TGG AAA CAG AAC AAA TTC AAA ATG GCG GTT CAG CTG TTC,0.8965488537901793
CCG GCG CAC CCG TAC GAC CGT CTG AAA ACC ACC TCT ACC GAC CCG GTT TCT GAC ATC GAC GTT ACC CAG CGT GAA GCG TAC CTC TCT TCT GAG GAA TTC AAG GAG AAG TTC GGC ATG ACC AAG GAA GCG TTC AAC AAA CTG CCG AAA TGG AAA CAG AAC AAA TTC AAA ATG GCG GTG CAA CTC TTT,0.6148972596250011
CCG GCG CAC CCG TAC GAC CCG CTG AAA ACC ACC TCT ACT CCG CCG GTT TCT GAC ATC GAC GTT ACC CGT CGT GAA GCG TAC CTG TCT TCC GAG GAA TTC AAA GAA AAG TTC GGT ATG ACC AAG GAA GCG TTC TAC AAA CTG CCG AAA TGG AAG CAG AAC AAA TTC AAG ATG GCG GTT CAG CTG TTC,0.9481687943214184
CCG GCG CAC CCG TAC GAC CGT CTG AAA ACC ACC TCT ACT GAC CCG GTT TCC GAC ATT GAC GTT ACC CGC CGT AAC GCG TAC CTG TCT TCT GAA GAG TTC AAG GAA AAA TTC GGT ATG ACC AAA GAG GCG TTC AAC AAA CTG CCG AAA TGG AAA CAG AAC AAA TTC AAA ATG GCG GTT CAG CTG TTC,0.5674077845289727
CCG GCG CAT CCG TAC GAC TAT CTC AAA ACC ACC TCT ACC CTG CCG GTG TCT GAC ATC GAC GTT ACC CGT CGT GAA GCG TAC CTG TCT TCC GAA GAA TTC AAA GAG AAA TTC GGC ATG ACC AAG GAA GCG TTC TAC AAA CTG CCG AAA TGG AAA CAG AAC AAG TTC AAA ATG GCT GTT CAG CTG TTC,0.7375653148292944
CCG GCG CAC CCG TAC GAC CGT CTG AAA ACC ACT TCT ACC GAC CCA GTT TCT GAC ATT GAC GTT ACC GGT CGC TTC GCG TAC CTC TCT TCT GAG GAA TTC AAG GAG AAG TTC GGT ATG ACC AAA GAG GCG TTC TAC AAA CTG CCG AAA TGG AAA CAG AAC AAG TTC AAG ATG GCG GTT CAG CTG TTC,0.8491175514723003
CCG GCT CAC CCG TAC GAC CGT CTG AAA ACC ACC TCT ACC GAC CCG GTT TCC GAC ATC GAC GTT ACC CGT CGT ATC GCG TAC CTC TCC TCT GAG GAG TTC AAG GAG AAA TTC GGT ATG ACC AAG GAA GCG TTC GAC AAA CTG CCG AAA TGG AAA CAG AAC AAA TTC AAG ATG GCG GTT CAG CTG TTT,0.8419375669131096
CCG GCG CAT CCG TAC GAC GTT CTG AAA ACC ACC TCT ACC CGC CCA GTG TCT GAC ATC GAC GTT ACC CGT CGT GAA GCG TAT CTG TCT TCC GAG GAA TTC AAG GAG AAA TTC GGT ATG ACC AAA GAA GCG TTC TAC AAG CTG CCG AAG TGG AAA CAG AAC AAA TTC AAA ATG GCG GTT CAG CTG TTC,0.6703541379894771
CCG GCG CAC CCG TAC CGT CGT CTG TGG ACC ACC TCT ACC GAC CCG GTT TCT GAC ATC GAC GTT ACC CGT CGC GAG GCG TAC CTG TCT TCT GAA GAG TTC AAG GAA AAG TTC GGT ATG ACC AAA GAG GCG TTT TAC AAA CTG CCG AAG TGG AAA CAG AAC AAA TTC AAA ATG GCG GTT CAG CTC TTC,-1.1994252569503054
CCG GCG CAT CCG TAC GAC TTC CTG AAA ACC ACC TCT ACC GTT CCA GTT TCT GAC ATC GAC GTT ACC CGT CGT GAA GCG TAC CTG TCC TCT GAA GAA TTC AAA GAA AAA TTC GGC ATG ACC AAA GAG GCG TTC TAC AAG CTG CCG AAA TGG AAA CAG AAC AAG TTC AAA ATG GCG GTT CAG CTG TTT,0.6621272857447855
CCG GCG CAC CCG TAC TTC CGT CTG GCG ACC ACT TCT ACC GAC CCG GTT TCT GAT ATC GAC GTT ACC CGT CGT GAA GCG TAC CTG TCT TCC GAG GAA TTC AAA GAA AAG TTC GGC ATG ACT AAA GAG GCG TTC TAC AAA CTG CCG AAA TGG AAA CAG AAC AAA TTC AAG ATG GCG GTT CAG CTG TTC,0.3981354708995551
CCG GCG CAC CCG TAC GAC CGT CTG AAA ACC ACC TCT ACC GAC CCG GTT TCT GAC ATC GAC GTT ACC ATG CGT GAA GCG TAC CTC TCT TCC GAA GAA TTC AAG GAG AAG TTC GGC ATG ACC AAG GAA GCG TTC TGG AAA CTG CCG AAA TGG AAA CAG AAC AAA TTC AAA ATG GCG GTT CAG CTG TTC,0.8096525234054044
CCA GCT CAC CCG TAC GAC CGT CTG AAG ACC ACC TCT ACC GAT CCG GTT TCT GAC ATC GAC GTT ACC CGT CGT GAA GCG TAC CTG ACC TCT GAA TGG TTC AAA GAA AAA TTC GGC ATG ACC AAA GAA GCG TTC TAC AAA CTG CCG AAA TGG AAG CAG AAC AAA TTC AAA ATG GCG GTG CAG CTC TTC,0.802354840286179
CCA GCT CAT CCA TAC GAT CGC CTG AAA ACC ACC TCT ACC GAC CCG GTT TCT GAC ATC GAC GTT ACC CGT CGT AAA GCG TAC CTG TCT TCT GAG GAG TTC AAG GAG AAA TTC GGT ATG ACC AAG GAA GCG TTC TAT AAA CTG CCG AAG TGG AAG CAG AAC AAA TTC GTT ATG GCG GTG CAG CTC TTC,0.8040511788617395
CCG GCT CAT CCG TAC GAC CGT CTG AAA ACC ACC TCT ACC GAC CCG GTT TCT GAT ATT GAC GTT ACC AAA CGC GAA GCG TAC CTG TCC TCC GAG GAA TTC AAG GAA AAA TTC GGC ATG ACC AAA GAA GCG TTC TAC AAA CTG CCG AAG TGG AAA CAA AAC AAG TTC TCT ATG GCG GTT CAG CTG TTC,0.4220530094581592
CCG GCG CAC CCG TAC GAC CGT CTG AAA ACC ACC TCT ACC GAC CCG GTT TCT GAT ATC GAC GTT ACC AAC CGT GAA GCG TAC CTG TCT TCT GAG GAG TTC AAG GAA AAG TTC GGT ATG ACC AAA GAG GCG TTC TAC AAA CTG CCG AAA TGG AAA CAG AAC AAA TTC CAC ATG GCG GTT CAG CTG TTC,0.4249043440702208
CCA GCG CAC CCG TAC GAC CGT CTG AAA ACT ACC TCT ACC GAC CCG GTT TCT GAC ATC GAC GTT ACC ATC CGT GAA GCG TAC CTG TCT TCT GAA GAG TTC AAA GAG AAG TTC GGC ATG ACC AAG GAA GCG TTC TAC AAG CTG CCG AAA TGG AAA CAG AAC AAA TTC GCG ATG GCT GTT CAG CTG TTC,0.6283684576309037
CCG GCG CAT CCG TAC GAC CGT CTG AAA ACC ACC TCT ACC GAC CCG GTT TCC GAC ATC GAC GTT ACC CGT CGT ATC GCG TAC CTG TCT TCT GAG GAA TTC AAA GAA AAG TTC GGC ATG ACC AAA GAA GCG TTC TAC AAA CTC CCG AAA TGG AAG CAG AAC AAA TTC TAC ATG GCG GTT CAG CTG TTC,1.1822264386005292
CCG GCG CAC CCG TAC GAC CGT CTG AAA ACC ACC TCT ACC GAC CCA GTT TCT GAC ATC GAC GTT ACC AAA CGT GAG GCG TAC CTG TCC TCC GAA GAA TTC AAG GAA AAG TTC GGT ATG ACC AAA GAA GCG TTC TAC AAG CTG CCG AAA TGG AAA CAG AAC AAA TTC CAC ATG GCG GTT CAG CTG TTC,0.4693730330456506
CCG GCT CAC CCG TAC GAC CGT CTG AAA ACC ACC TCT ACC GAT CCG GTT TCT GAC ATC GAC GTT ACC CGC CGT GAA GCG TAC CTG TCC TCC GAG GAG TTC AAG GAG AAA TTC GGT ATG ACC AAA GAG GCG TTC TAC AAA CTG TGG AAA TGG AAA CAG AAC AAG TTC AAA ATG GCG GTT CAG CTG TTC,0.5630337218395517
CCA GCT CAC CCG TAC GAC CGT CTC AAA ACT ACT TCC ACC GAC CCG GTT TCT GAC ATC GAC GTT ACC CGT CGT GAA GCG TAC CTG TCC TCC GAA GAA TTC AAG GAG AAA TTC GGT ATG ACC AAA GAA GCG TTC TAC AAG CTG CCG AAA TGG AAA CAG AAC AAA TTC AAA ATG GCG GTT CAG CGT TTC,0.7236945655798136
CCG GCG CAC CCG TAC GAC CGC CTG AAA ACC ACC TCT ACC GAC CCG GTT TCT GAC ATC GAC GTT ACC TAC CGT CAG GCG TAC CTC TCT TCT GAA GAG TTC AAA GAG AAA TTC GGT ATG ACC AAG GAA GCG TTT TAC AAA CTG CCG AAA TGG AAA CAG AAC AAA TTC AAA ATG GCG GTT CAG CTG TTC,0.7844240934331483
GGT GCT CAC CCG TAC GAC CGT CTG AAA ACC ACT TCT ACC GAC CCA GTG TCT GAC ATC GAC GTT ACC CGT CGT GAA GCG TAC CTG TCT TCC GAG GAG TTC AAA GAG AAA TTC GGT ATG ACC AAA GAG GCG TTC TAC AAA CTC CCG AAA TGG AAA CAG AAC AAA TTC AAA ATG GCG GTT CAA CTG TTC,1.2855605382758033
CCA GCG CAC CCG TAC GAC CGT CTG AAA ACC ACC TCT ACC GAC CCG GTT TCT GAC ATC GAC GTT ACC CGC CGT GAG GCG TAC CTG TCC TCC GAA GAA TTC AAA GAA AAA TTC GGC ATG TGG AAA GAA GCG TTC TAC AAA CTG CCG AAA TGG AAG CAG AAC AAG TTC AAA ATG GCT GTT CAA CTG TTC,0.6883151793462257
CCA GCT CAC CCG TAC GAC CGT CTG AAA ACC ACC TCT ACC GAC CCA GTG TCT GAC ATC TCT GTT ATC CGT CGT GAA GCG TAC CTG TCT TCC GAG GAA TTC AAA GAG AAA TTC GGT ATG ACC AAG GAG GCG TTT TAC AAA CTG CCG AAA TGG AAA CAG AAC AAG TTC AAA ATG GCG GTT CAG CTG TTC,0.7500985635163402
CCA GCG CAT CCG TAC GAC CGT CTG AAA ACC ACC TCT ACC GAC CCG GTT TCT GAC ATC GAC GTT ACC CAG CGT GAG GCG TAC CTC TCT TCC GAG GAA TTC AAA GAG AAA TTC GGT ATG ACC AAG GAA GCG TTC TAC AAA CTG CCG AAA TGG AAA CAG AAC AAG TTT GCG ATG GCG GTT CAG CTG TTC,0.6775291042409626
CCG GCG CAC CCG TAC GAC CGT CTG AAA ACT ACC TCT ACC GAC CCG GTT TCT GAC ATC GAC GTT ACC GTT CGT TTC GCG TAC CTG TCT TCT GAG GAA TTC AAG GAA AAA TTC GGC ATG ACC AAA GAA GCG TTC TAC AAA CTG CCG AAA TGG AAA CAG AAC AAA TTC AAA ATG GCT GTT CAG CTG TTC,0.8375607672593548
CCA GCT CAC CCG TAC GAC CGT CTG AAA ACC ACC TCT ACC GAC CCG GTT TCT GAC ATC GAC GTT ACC CGT CGT AAC GCG TAC CTG TCC TCC GAA GAA TTC AAG GAG AAG TTC GGT ATG ACC AAA GAA GCG TTT TAC AAA CTG CCG AAA TGG AAA CAG AAC AAA TTC CAC ATG GCG GTT CAG CTG TTC,0.8931537414253552
CCA GCG CAT CCG TAC GAC CGT CTG AAA ACC ACC TCT ACC GAC CCG GTT TCT GAC ATC GAC GTT ACC CGT CGC CGT GCT TAC CTG TCC TCC GAA GAG TTC AAG GAG AAA TTC GGT ATG ACC AAA GAG GCG TTT ATG AAG CTG CCG AAA TGG AAA CAG AAC AAG TTC AAA ATG GCG GTT CAG CTG TTC,0.5517265119739347
CCG GCG CAC CCG TAC GAC CGT CTG AAA ACC ACC TCT ACC GAC CCG GTT TCT GAC ATC GAC GTT ACC TAC CGT TTC GCG TAC CTG TCC TCT GAA GAA TTC AAG GAA AAA TTC GGC ATG ACC AAA GAA GCG TTC TAC AAG CTG CCG AAA TGG AAA CAG AAC AAA TTC AAA ATG GCG GTG CAG CTG TTC,0.9469271731495724
CCA GCG CAT CCG TAC GAC CGT CTG AAA ACC ACC TCT ACC GAC CCG GTT TCT GAC ATC GAC GTT ACC CGT CGT GAA GCG TAC CTG TGC TCT GAA GTG TTC AAA GAA AAA TTC GGC ATG ACC AAG GAA GCG TTC TAC AAA CTG CCG AAA TGG AAA CAG AAC AAA TTC AAA ATG GCG GTG CAA CTC TTC,0.9757406388660502
CCG GCG CAT CCA TAC GAC TGC CTG AAA ACC ACC TCT ACC ACT CCG GTT TCT GAC ATT GAC GTT ACC CGT CGT GAA GCG TAC CTG TCT TCC GAG GAA TTC AAG GAA AAA TTC GGC ATG ACC AAA GAA GCG TTT TAC AAA CTG CCA AAG TGG AAA CAG AAC AAA TTC AAA ATG GCT GTT CAG CTG TTC,1.4616105523608045
CCG GCG CAT CCG TAC GAC CGT CTG AAA ACC ACC TCT ACC GAC CCG GTG TCT GAC ATC GAC GTT ACC CGT CGT GAA GCG TAC CTC TCT TCT GAA GAA TTC AAG GAA AAG TTC GGC ATG ACC AAA GAA GCG TTC GAC AAA CTG CCG AAA TGG AAA CAG AAC AAA TTC TGG ATG GCG GTG CAG CTG TTC,0.8807404203336766
CCG GCG CAC CCG TAC AAC CGT CTG GTT ACC ACC TCT ACC GAT CCG GTT TCT GAC ATT GAC GTT ACC CGC CGT GAA GCG TAC CTG TCT TCC GAA GAA TTC AAG GAA AAG TTC GGT ATG ACC AAG GAG GCG TTC TAC AAA CTG CCG AAA TGG AAA CAG AAC AAA TTC AAA ATG GCG GTT CAG CTC TTC,0.7119863374564406
CCG GCG CAC CCG TAC GAC CGT CTG AAA ACC ACC TCT ACC GAC CCG GTT TCT GAC ATC TAC GTT CAG CGT CGC GAA GCG TAC CTC TCT TCT GAA GAG TTC AAG GAA AAG TTC GGC ATG ACC AAG GAA GCG TTT TAC AAG CTC CCG AAA TGG AAA CAG AAC AAA TTC AAA ATG GCG GTT CAG CTG TTC,0.3111270452983698
CCG GCG CAC CCG TAC GAC CGT CTG AAA ACC ACC TCT ACC GAC CCG GTT TCC GAC ATC GAC GTT ACC CGT CGT GAA GCG TAC CTC TCT TCT GAA GAG AAC AAG GAA AAA TTC GGC ATG ACC AAA GAA GCG TTC TAC AAA CTG CCG AAA TGG AAA CAG AAC AAA TTC AAA ATG GCG GTT CAG CTG TTT,-2.715921779732508
CCG GCT CAC CCG TAC GAC CGT CTG AAA ACC ACC TCT ACC GAT CCG GTT TCT GAC ATC GAC GTT ACC CGT CGT CAC GCG TAC CTG TCT TCC GAG GAG TTC AAG GAA AAA TTC GGT ATG ACC AAA GAA GCG TTC TCT AAA CTG CCG AAG TGG AAA CAG AAC AAA TTC AAA ATG GCG GTT CAA CTG TTC,0.6224184077313413
CCG GCT CAC CCG TAC GAC TAT CTG AAA ACC ACC TCT ACC AAG CCG GTT TCT GAC ATC GAC GTT ACC CGT CGT GAA GCG TAC CTG TCC TCC GAA GAG TTC AAA GAA AAA TTC GGT ATG ACC AAG GAA GCG TTC TAC AAG CTC CCG AAA TGG AAG CAG AAC AAA TTC AAA ATG GCG GTT CAG CTG TTC,0.8566649279791574
CCG GCG CAC CCG TAC GAC CGT CTG AAA ACC ACC TCT ACC GAC CCG GTT TCT GAT ATC GAC GTT ACC CGT CGT GAA GCG TAC CTG TCT TCC GAA GAA TTC AAG GAA AAG TTC GGC ATG ACC AAA GAA GCG TTC TAC AAA CTG CCG AAA TGG AAA CAG AAC AAA TTC AAA ATG GCG GTT CAG CTG TAC,1.6311375831035355
CCG GCT CAT CCG TAC GAC CGT CTG AAA ACC ACT TCC ACC GAC CCA GTT TCC GAC ATT GAC GTG ACT CGC CGT TCT GCG TAC CTG TCT TCT GAG GAG TTC AAA GAA AAA TTC GGC ATG ACC AAA GAA GCG TTC TAC AAA CTG CCG AAA TGG AAA CAG AAC AAA TTC AAC ATG GCG GTT CAG CTG TTC,0.2169772958139432
CCG GCG CAC CCG TAC GAC CGT CTG AAA ACT ACC TCT ACC GAC CCG GTT TCT GAC ATC CGT GTT GGT CGT CGT GAA GCG TAC CTG TCT TCT GAA GAG TTC AAG GAG AAA TTC GGT ATG ACC AAA GAG GCG TTC TAC AAA CTG CCG AAA TGG AAA CAG AAC AAA TTC AAA ATG GCG GTT CAG CTG TTC,0.7078399979686987
CCG GCT CAC CCG TAC GAC CGT CTG AAA ACC ACT TCT ACC GAC CCG GTT TCT GAT ATC GAC GTT ACC CGT CGC GAA GCG TAC CTC TCT TCC GAG GAA TTC AAG GAG AAA TTC GGC ATG ACC AAA GAG GCT TTC ATC AAA CTG CCG AAA TGG AAA CAG AAC AAA TTC TGG ATG GCG GTT CAG CTG TTC,1.108573491574325
CCG GCG CAC CCG TAC GAC CGT CTG AAA ACC ACC TCT ACC GAC CCG GTT TCT GAC ATC GAC GTT ACC CAC CGT GAA GCT TAC CTG TCC TCT GAG GAG TTC AAG GAG AAG TTT GGT ATG ACC AAA GAG GCG TTC TAC AAG CTG CCA AAA TGG AAA CAG AAC AAA TTC CAG ATG GCT GTT CAG CTG TTC,0.4067074398394406
CCG GCG CAC CCG TAC GAC CGT CTG AAA ACT ACC TCT ACC GAC CCG GTT TCT GAC ATC CAC GTT TAC CGT CGT GAA GCG TAC CTG TCC TCC GAA GAA TTC AAG GAA AAG TTC GGT ATG ACC AAA GAA GCG TTT TAC AAG CTG CCG AAA TGG AAA CAG AAC AAA TTC AAA ATG GCG GTT CAG CTG TTC,0.2746770152726766
CCG GCG CAC CCG TAC GAC CGT CTG AAA ACC ACC TCT ACC GAC CCG GTT TCT GAC ATC GAC GTT ACC CGT CGT GAA GCG TAC CTG TCT TCT GAA GAG TTC AAA GAA AAG TTC GGC ATG ACC AAA GAA GCG TTC TTT AAA CTG CCG AAG TGG AAA CAG AAC AAA TTC GAA ATG GCG GTG CAG CTG TTC,0.6099507313273116
CCG GCG CAT CCG TAC GAC CGT CTG AAA ACT ACT TCT ACC GAC CCG GTT TCT GAC ATC GAC GTT ACC CGT CGT GAG GCG TAC CTG TCT TCT GAG GAA TTC AAA GAA AAG TTC GGC ATG ACC AAG GAA GCG TTC TCT AAA CTG CCG AAA TGG AAA CAG AAC AAA TTC CAG ATG GCG GTT CAG CTG TTC,0.1942891592031779
CCG GCG CAC CCG TAC GAC CGT GAG AAA ACC ACC TCT ACC GAC CCG GTT TCT GAC ATC GAC GTT ACC CGT CGT GAA GCG TAT CTC TCT TCC GAA GAG TTT AAG GAG AAA TTC GGC ATG ACC AAA GAG GCG TTC TAC AAA CTG CCG AAA TGG AAA CAG AAC AAG TTC AAA ATG GCG GTT CAG CTG TTC,0.8512232533248806
CCG GCT CAC CCG TAC GAC CGT CTG AAA ACC ACC TCT ACC GAC CCG GTG TCT GAC ATC GAC GTG ACT ATC CGT GAA GCG TAC CTG TCT TCT GAA GAG TTC AAA GAA AAG TTC GGC ATG ACC AAG GAG GCG TTC TAC AAA CTC CCG AAA TGG AAA CAG AAC AAA TTC CGT ATG GCG GTG CAA CTG TTC,1.0264223693827907
CCA GCG CAC CCG TAC GAC CGT CTG AAA ACC ACC TCT ACC GAT CCG GTT TCT GAC ATC GAC GTT ACC GAA CGT GAA GCG TAC CTG TCT TCT GAG GAA TTC AAG GAA AAA TTC GGC ATG ACC AAA GAG GCG TTC TAC AAA CTG CCG AAA TGG AAA CAG AAC AAA TTC GCG ATG GCT GTT CAG CTG TTC,0.5287420316908792
CCG GCG CAT CCG TAC GAC CGT CTG AAA ACC ACC TCT ACC GAC CCG GTT TCT GAT ATC GAC GTT ACC CGT CGT GAA GCG TAC CTG ATG TCT GAA GAG TTC AAG GAA AAA TTC GGC ATG ACC AAA GAA GCG TTC TAC AAA CTG CCG AAA TGG AAA CAG AAC AAG TTC AAA ATG GCG GTT CAG CTG TTC,0.4863233186622847
CCA GCG CAT CCG TAC GAC CGT CTG AAA ACC ACC TCT ACC GAC CCG GTG TCT GAT ATC GAC GTT ACC CGT CGT GAA GCG TAC CTG TCT TCT GAA GAA TTC AAG GAA CCG TTC GGT ATG ACC AAA GAG GCG TTC TAC AAA CTG CCG AAA TGG AAA CAG AAC AAA TTC AAA ATG GCG GTT CAG CTG TTC,-0.0821806361304709
CCA GCG CAC CCG TAC GAC CGT CTG AAA ACC ACC CAG ACC GAC CCG GTT TCT GAC ATC GAC GTT ACC CGT CGT GAA GCG TAC CTG TCC TCT GAG GAG TTC AAA GAG AAA TTC GGT ATG ACC AAG GAA GCG TTC TAC AAA CTG CCG AAA TGG AAA CAG AAC AAA TTC AAA ATG GCT GTT CAA CTG TTT,0.7222191053941378
CCG GCG CAC CCG TAC GAC CGT CTG AAA ACC ACC TCT ACC GAC CCG GTT TCT GAT ATC GAC GTT ACC CGT CGT GAA GCG TAC CTG CAC TCT GAA CCG TTC AAA GAG AAA TTC GGT ATG ACC AAA GAA GCG TTC TAC AAA CTG CCG AAA TGG AAA CAG AAC AAA TTC AAA ATG GCG GTT CAA CTG TTT,0.1789563958701852
CCG GCT CAC CCG TAC GAC CGT CTG AAA ACC ACC TCT ACC GAC CCG GTT TCT GAC ATC GAC GTT ACT CCA CGT GAA GCG TAC CTC TCT TCC GAA GAA TTC AAG GAA AAG TTC GGC ATG ACC AAA GAG GCG TTC TGG AAA CTG CCG AAA TGG AAA CAG AAC AAA TTC AAA ATG GCG GTG CAG CTG TTT,0.5778899670949756
CCA GCG CAC CCG TAC GAC CGT CCG AAA ACC ACT TCT ACC GAC CCG GTT TCT GAC ATC GAC GTT ACC CGT CGT GAA GCG TAT CTG TCC TCC GAA GAA TTC AAA GAG AAG TTC GGT ATG ACC AAG GAG GCG TTC TAT AAG CTG CCA AAG TGG AAA CAG AAC AAA TTC AAG ATG GCG GTT CAG CTG TTC,0.7413958848823509
CCG GCT CAC CCG TAC GAC CGT CTG AAA ACT ACC TCT ACC GAC CCG GTT TCT GAC ATC GAC GTT ACC CGT CGT GAG GCG TAC CTG TCC TCT GAA GAA TTC AAG GAA AAG TTC GGT ATG ACC AAG GAA GCG TTC CAC AAG CTG CCG AAA TGG AAA CAG AAC AAA TTC AAA ATG GCG GTT CAG CTG TTC,0.5423453480904442
CCA GCG CAT CCG TAC GAC CGT CTG AAA ACC ACC TCT ACC GAC CCG GTT TCT GAC ATC GAC GTT ACC CGT CGT CAC GCG TAC CTG TCT TCC GAA GAG TTC AAA GAG AAA TTC GGT ATG ACC AAA GAG GCG TTC TAC AAG CTG CCG AAA TGG AAA CAG AAC AAA TTC CAC ATG GCG GTT CAG CTG TTC,0.7781167237577056
CCG GCG CAC CCG TAC GAC CGT CTG AAA ACT ACC TCT ACC GAC CCG GTT TCT GAC ATC GAC GTT ACT CGT CGT ATC GCG TAC CTG TCT TCT GAG GAA TTC AAA GAA AAG TTC GGC ATG ACC AAG GAG GCT TTC AAG AAA CTG CCG AAA TGG AAA CAG AAC AAG TTC AAA ATG GCT GTT CAG CTG TTC,0.8324605678010404
CCG GCG CAC CCG TAC GAC CGT CTG AAA ACC ACT TCT ACC GAC CCA GTT TCT GAT ATC GAC GTT ACC CGT CGT CGC GCG TAC CTG TCT TCT GAA GAG TTC AAA GAG AAA TTC GGC ATG ACC AAA GAA GCG TTC TGG AAA CTG CCG AAA TGG AAA CAG AAC AAA TTC AAA ATG GCG GTT CAG CTG TTC,0.4473610640505528
CCG GCG CAC CCG TAC GAC CGT CTG AAA ACC ACC TCT ACC GAC CCG GTT TCT GAC ATC GAC GTT ACC CAG CGT GAA GCG TAC CTG TCT TCT GAG GAA TTC AAG GAA AAG TTC GGT ATG ACC AAG GAA GCG TTC TAC AAA CTG CCG AAA TGG AAA CAG AAC AAA TTC GTT ATG GCG GTT CAG CTG TTC,0.8372764934112051
CCG GCG CAC CCG TAC GAC CGT CTG AAA ACT ACC TCT ACC GAC CCG GTT TCT GAC ATC GAC GTT ACC TTC CGT GAG GCG TAC CTG TCT TCT GAA GAG TTC AAA GAG AAG TTC GGT ATG ACC AAG GAG GCT TTC TAC AAA CTG CCG AAA TGG AAA CAG AAC AAA TTC GAC ATG GCG GTT CAG CTG TTC,0.192847288987995
CCA GCG CAC CCG TAC GAC CGT CTC AAA ACT ACC TCT ACC GAC CCG GTT TCT GAC ATT GAC GTT ACC CGT CGT GAA GCG TAC CTC TCC TCT GAG GAA TTC AAG GAA AAA TTC GGC ATG ACC AAA GAG GCG TTC TAC AAA CTG CCA AAG TGG AAA CAG AAC AAA TTC TCT ATG GCG GTT CAG CTG TTC,0.3931016239601129
CCA GCT CAC CCG TAC GAC CGT CTG AAA ACC ACC TCT ACT GAC CCG GTT TCT GAC ATC GAC GTT ACC GAT CGT GAA GCG TAC CTG TCC TCT GAG GAG TTC AAG GAA AAG TTT GGT ATG ACC AAG GAG GCG TTC TAC AAA CTC CCG AAG TGG AAA CAA AAC AAA TTC CTG ATG GCG GTG CAG CTG TTC,0.9438581394151704
CCG GCT CAC CCG TAC GAC CGT CTG AAA ACC ACC TCT ACC GAC CCG GTT TCT GAT ATC GAC GTT ACC CGT CGT GAA GCG TAC CTG TCC TCC GAG GAA TTC AAA GAG AAA TTC GGT ATG ACC AAG GAA GCT TTC TAC TTC CTG CCG AAG TGG AAA CAG AAC AAG TTC AAA ATG GCG GTG CAG CTG TTC,1.0410646530718743
CCG GCG CAC CCG TAC GAC CGC CTG AAA ACC ACC TCT ACT GAC CCG GTT TCT GAC ATT GAC GTT ACC CGC CGT GAA GCG TAC CTC TCC TCC GAA GAG TTC AAG GAA AAG AAC GGT ATG ACC AAA GAA GCG TTC TAC AAA CTG CCG AAA TGG AAA CAG AAC AAG TTC AAA ATG GCG GTT CAG CTG TTC,-1.238379935616636
CCA GCG CAC CCG TAC GAC CGT CTG AAA ACT ACC TCT ACC GAC CCG GTT TCT GAC ATC GAC GTT ACC CGT CGT AAA GCG TAC CTG TCT TCC GAG GAA TTC AAG GAA AAG TTC GGT ATG ACC AAA GAA GCG TTC CAC AAA CTG CCG AAA TGG AAA CAG AAC AAA TTC AAA ATG GCG GTG CAG CTG TTC,0.6044493543406907
CCG GCG CAC CCG TAC GAC CGT CTG AAA ACC ACC TCT ACC GAC CCG GTT TCT GAC ATC GAC GTT ACT CGT CGT ATG GCG TAC CTC TCC TCC GAA GAA TTC AAG GAA AAA TTC GGT ATG ACC AAG GAG GCG TTC GGT AAA CTG CCG AAA TGG AAA CAG AAC AAA TTC AAA ATG GCT GTT CAA CTG TTC,0.9004707699017611
CCG GCG CAC CCG TAC GAC CGT CTG AAA ACT ACC TCT ACC GAC CCG GTT TCT GAC ATC GAC GTG ACC CGT CGT GAA GCG TAC CTG TCT TCC GAG GAA TTC AAA GAG AAG TTC GGT ATG ACC AAA GAG GCG TTC AAC AAA CTG CCG AAG TGG AAA CAG AAC AAA TTC GAA ATG GCG GTT CAG CTG TTC,0.335676607896824
CCG GCG CAC CCG TAC GAC CGT CTG AAA ACC ACC TCT ACC GAC CCG GTT TCT GAC ATT GCG GTT GAG CGT CGT GAA GCG TAC CTG TCT TCT GAA GAA TTC AAA GAA AAG TTC GGC ATG ACC AAA GAA GCG TTC TAC AAA CTG CCG AAA TGG AAA CAG AAC AAA TTC AAG ATG GCT GTT CAG CTG TTC,0.7176829412641472
CCA GCG CAC CCG TAC GAC CGT CTG AAA ACT CCG TCT ACC GAC CCG GTT TCT GAC ATC GAC GTT ACC CGT CGT GAA GCG TAC CTG TCC TCC GAA GAG TTC AAA GAG AAG TTC GGC ATG ACC AAA GAA GCG TTT TAC AAG CTG CCG AAA TGG AAG CAG AAC AAA TTC AAA ATG GCG GTG CAG CTG TTC,0.7873339165969546
CCA GCG CAT CCG TAC GAC CGT CTG AAA ACC ACC TCT ACC GAT CCG GTT TCT GAC ATT GAC GTT ACC CGT CGT GGT GCG TAC CTC TCT TCC GAA GAA TTC AAG GAA AAA TTC GGC ATG ACC AAG GAA GCG TTC TAC AAA CTG CCA AAA TGG AAA CAG AAC AAA TTC CAG ATG GCG GTT CAG CTG TTC,0.5954564235261466
CCG GCG CAT CCG TAC GAC CGT CTG AAA ACC ACC TCT ACC GAC CCG GTT TCT GAC ATC GAC GTT ACC AAA CGT GAA GCG TAC CTG TCT TCT GAG GAA TTC AAG GAG AAA TTC GGC ATG ACC AAA GAA GCG TTC CCG AAA CTG CCG AAA TGG AAA CAG AAC AAA TTC AAA ATG GCG GTT CAG CTG TTC,-2.578760464380053
CCA GCG CAC CCG TAC GAC CGC CTG AAA ACC ACC TCT ACT GAC CCG GTG TCT GAC ATC GAC GTT ACC CGT CGT GAA GCG TAC CTG TCT TCT GAA GAG TTC AAA GAA AAA TTC GGT ATG ACC AAG GAA GCG TTC TAC AAA TGC CCG AAA TGG AAA CAG AAC AAA TTC AAA ATG GCG GTG CAG CTG TTT,0.488786291295223
CCA GCG CAC CCG TAC GAC CGT CTG AAA ACC ACC TCT ACC GAC CCG GTT TCT GAC ATC TGC GTT ATC CGT CGC GAA GCG TAC CTG TCT TCC GAA GAG TTC AAA GAG AAA TTC GGT ATG ACC AAA GAG GCG TTT TAC AAA CTG CCG AAG TGG AAA CAG AAC AAA TTC AAA ATG GCG GTG CAG CTG TTT,1.176911486471609
CCG GCT CAC CCG TAC GAC CGC CTG AAA ACC ACC TCT ACC GAC CCG GTT TCT GAC ATC CGT GTT GAC CGT CGT GAA GCG TAC CTG TCC TCC GAG GAA TTC AAA GAG AAA TTC GGT ATG ACC AAA GAA GCG TTC TAC AAA CTG CCG AAA TGG AAA CAG AAC AAG TTC AAA ATG GCG GTG CAG CTG TTC,0.7927285887782642
CCG GCT CAC CCG TAC GAC CGT CTG AAA ACC ACC TCT ACC GAC CCG GTT TCT GAC ATC GAC GTT ACC CGT CGT GAA GCG TAC CTG AAC TCT GAG CGT TTC AAG GAA AAA TTC GGT ATG ACC AAA GAA GCG TTC TAC AAA CTG CCG AAA TGG AAG CAG AAC AAA TTC AAA ATG GCT GTT CAG CTG TTC,0.3445659666913212
CCG GCT CAC CCG TAC GAC CGT CTG AAA ACT ACC TCT ACC GAC CCG GTT TCC GAC ATT GAC GTT ACC CGT CGT GAA GCG TAC CTG TCC TCT GAA GAA TTC AAG GAG AAA TTC GGC ATG ACC AAG GAA GCG TTC TAC AAA CTC CCG AAA TGG TGG CAG AAC AAA TTC AAA ATG GCG GTT CAG CTG TTT,1.255846412370174
CCG GCG CAT CCA TAC GAC CGT CTG AAA ACC ACC TCT ACC GAC CCG GTG TCC GAC ATC GAC GTT ACC CGT CGT GAG GCG TAC CTG GAG TCT GAG AAA TTC AAG GAA AAA TTC GGC ATG ACC AAG GAG GCG TTC TAC AAA CTC CCG AAA TGG AAA CAG AAC AAG TTC AAA ATG GCG GTT CAG CTG TTC,0.5464907439623984
CCA GCG CAC CCG TAC GAC CGT CTG AAA ACT ACC TCT ACC GAC CCG GTT TCT GAC ATC GAC GTT ACC CGT CGT GTT GCG TAC CTC TCC TCC GAA GAG TTC AAG GAG AAA TTC GGC ATG ACC AAA GAA GCT TTC TAC AAG CTG CCG AAA TGG AAA CAG AAC AAA TTC GTG ATG GCG GTT CAG CTG TTT,0.9879326363954006
CCG GCG CAC CCG TAC CAG CGT CTG TCT ACC ACC TCT ACT GAC CCG GTT TCT GAC ATT GAC GTT ACC CGT CGT GAA GCG TAC CTG TCC TCT GAG GAG TTC AAA GAG AAA TTC GGT ATG ACC AAG GAA GCG TTC TAC AAA CTG CCG AAA TGG AAA CAG AAC AAA TTC AAA ATG GCG GTT CAG CTG TTT,0.290198468159984
CCG GCG CAC CCG TAC TTC CGT CTC CTG ACC ACC TCT ACC GAT CCG GTT TCT GAC ATC GAC GTT ACC CGT CGT GAA GCG TAC CTC TCT TCT GAA GAG TTC AAG GAA AAA TTC GGT ATG ACC AAG GAA GCG TTC TAC AAA CTG CCG AAA TGG AAA CAG AAC AAA TTC AAA ATG GCG GTT CAG CTG TTC,0.3292387664365677
CCG GCG CAC CCG TAC GAC CGT CTG AAA ACC ACC TCT ACC GAT CCA GTT TCT GAC ATC GAC GTT ACC GAG CGT TCT GCT TAT CTC TCC TCC GAG GAA TTC AAA GAG AAA TTC GGT ATG ACC AAG GAG GCG TTC TAC AAA CTG CCG AAA TGG AAA CAG AAC AAA TTC AAG ATG GCG GTT CAG CTG TTC,0.6898839096650349
CCG GCT CAC CCG TAC GAC CGT CTG AAG ACC ACC TCT ACC GAC CCG GTT TCT GAC ATC GAC GTT ACC CGT CGT GCG GCT TAC CTG TCT TCC GAG GAA TTC AAA GAA AAG TTC GGC ATG ACC AAA GAA GCG TTC TAC AAA CTG CCG AAA TGG AAA CAG AAC AAA TTC GGT ATG GCG GTT CAG CTG TTC,0.3839405866405467
CCG GCG CAT CCG TAC GAC CGT CTG AAA ACC ACC TCT ACC GAC CCG GTT TCT GAC ATC GAC GTT ACC TCT CGT CTG GCG TAC CTG TCT TCT GAA GAG TTC AAG GAA AAG TTC GGT ATG ACC AAA GAA GCG TTC TAC AAA CTG CCG AAA TGG AAA CAG AAC AAA TTC AAA ATG GCG GTG CAA CTG TTC,0.7692936470010887
CCA AAA CAC CCG TAC GAC CGT CTG AAA ACC ACC TCT ACC GAC CCG GTT TCT GAT ATC GAC GTT ACC CGT CGT GAA GCG TAC CTG TCC TCC GAA GAG TTC AAG GAG AAA TTC GGC ATG ACC AAA GAA GCG TTC TAC AAG CTG CCG AAA TGG AAA CAG AAC AAG TTC AAA ATG GCG GTG CAG CTG TTC,1.597895568756647
CCG GCT CAC CCG TAC GAC CGT CTG AAA ACC ACC TCT ACC GAT CCG GTT TCT GAC ATC GAC GTT ACC GGT CGT TCT GCG TAC CTG TCC TCC GAG GAG TTC AAA GAA AAA TTC GGC ATG ACC AAA GAA GCG TTC TAC AAA CTC CCG AAG TGG AAA CAG AAC AAA TTC AAA ATG GCT GTT CAG CTG TTC,0.6011842653734754
CCG GCG CAC CCG TAC GAC CGT CTG AAA ACT ACC TCT ACC GAC CCG GTT TCT GAC ATC ACC GTT GGT CGT CGT GAA GCG TAC CTG TCT TCT GAG GAG TTC AAA GAG AAA TTC GGT ATG ACC AAG GAA GCG TTT TAC AAA CTG CCG AAA TGG AAA CAG AAC AAA TTC AAA ATG GCT GTT CAG CTG TTC,0.6430961797014347
CCG GCG CAC CCG TAC GAC ATC CTG AAA ACC ACC TCT ACC GGT CCG GTT TCT GAC ATC GAC GTT ACC CGT CGT GAA GCT TAC CTG TCT TCC GAG GAG TTC AAA GAG AAA TTC GGT ATG ACC AAA GAA GCG TTC TAC AAA CTC CCG AAA TGG AAG CAG AAC AAA TTC AAA ATG GCG GTG CAG CTG TTC,0.9149710795379624
CCG GCG CAT CCG TAC GAC CGT CTG AAA ACC ACC TCT ACT GAC CCG GTT TCC GAC ATC GAC GTT ACT CGC CGT TTC GCG TAC CTG TCT TCT GAA GAG TTC AAA GAA AAG TTC GGT ATG ACC AAA GAG GCG TTC CGT AAA CTG CCG AAG TGG AAA CAG AAC AAA TTC AAA ATG GCG GTG CAG CTG TTC,0.8325823709231196
CCA GCG CAT CCG TAT GAC CGT CTG AAA ACC ACT TCT ACC GAC CCG GTT TCT GAT ATC GAC GTT ACC GCG CGT GAG GCG TAC CTG TCC TCC GAA GAA TTC AAA GAG AAA TTC GGC ATG ACC AAG GAG GCT TTC TAC AAA CTG CCG AAA TGG AAA CAG AAC AAA TTC GTT ATG GCG GTT CAG CTG TTC,0.7739377719323992
CCA GCG CAC CCG TAC GAC CGC CTG AAA ACC ACC TCT ACC GAC CCG GTT TCT GAC ATT GAC GTT ACC CGT CGT GAA GCG TAT CTG TCT TGC GAA GAG TTC AAA GAG AAG TTC GGT ATG ACC AAG GAA GCG TTC TAC AAA CTG CCG AAA TGG AAA CAG AAC AAA TTC AAA ATG GCT GTT CAG CTG TTC,1.3433924670341288
CCG GCT CAC CCG TAC GAC CGT CTG AAA ACC ACC TCT ACC GAC CCG GTT TCT GAC ATC GAC GTT CGT CGT CGT GAG GCG TAC CTG TCT TCT GAG GAG TTC AAA GAG AAG TTC GGT ATG ACC AAA GAA GCT TTC TAC AAA CTG CCG AAG TGG AAA CAG AAC AAA TTC AAA ATG GCT GTT CAG CTG TTT,1.0122313469267898
CCG GCG CAT CCG TAC GAC CGT CTG AAG ACC ACC TCT ACC GAC CCG GTT TCT GAC ATC GAC GTG ACC AAA CGC GAA GCG TAC CTG TCC TCT GAG GAG TTC AAA GAG AAA TTC GGT ATG ACC AAG GAA GCG TTC TAC AAG CTG CCG AAA TGG AAA CAG AAC AAA TTC AAC ATG GCG GTT CAG CTG TTC,0.251278963419444
CCA GCG CAC CCG TAC GAC CGT CTG AAA ACC ACC TCT ACC GAC CCG GTT TCT GAC ATC CTG GTT ATC CGT CGT GAA GCG TAC CTG TCT TCC GAA GAA TTC AAA GAG AAA TTC GGC ATG ACC AAG GAA GCG TTC TAC AAA CTC CCG AAA TGG AAG CAA AAC AAG TTC AAG ATG GCT GTT CAG CTG TTC,0.6711842578023346
CCG GCG CAC CCG TAC GAC TAC CTG AAA ACC ACC TCT ACT GAC CCA GTT TCT GAC ATC GAC GTT ACC CGT CGT GAA GCG TAC CTG TCT TCC GAA GAG TTC AAA GAA AAG TTC GGT ATG ACC AAG GAA GCG TTC TAC AAG CTG CCG AAA TGG AAA CAG AAC AAA TTC AAA ATG GCG GTT CAA CTG TTC,0.8201479559619491
CCG GCT CAC CCA TAC GAC CGT CTG AAA ACC ACT TCT ACC GAC CCG GTT TCC GAC ATT GAC GTG ACT CGC CGT GAA GCG TAC CTG TCC TCT GAA GAG TTC AAA GAA AAG TTC GGC ATG ACC AAA GAG GCT TTC TAC AAA CTG CCA AAG TGG AAA CAG AAC AAG TTC AAG ATG ACC GTG CAG CTG TTC,1.0666833863688665
CCG GCT CAC CCG TAC GAC CGT CTG AAA ACC ACC TCT ACC GAC CCG GTT TCT GAC ATC CCG GTG AAC CGT CGT GAA GCG TAC CTG TCC TCC GAA GAG TTC AAA GAA AAA TTC GGC ATG ACC AAG GAG GCG TTC TAC AAA CTG CCG AAG TGG AAA CAG AAC AAA TTC AAA ATG GCG GTG CAG CTG TTC,0.8937178307667569
CCA GCG CAT CCG TAC GAC CGT CTG AAA ACC ACC TCT ACC GAC CCA GTG TCT GAC ATT GAC GTT ACC CGT CGT TGG GCG TAC CTG TCT TCC GAA GAA TTC AAG GAA AAA TTC GGC ATG ACC AAG GAA GCG TTC TAC AAG CTG CCG AAA TGG AAA CAG AAC AAA TTC ATG ATG GCG GTT CAG CTG TTC,0.9515488349979756
CCG GCG CAT CCG TAC GAC CGT CTG AAA ACC ACC TCT ACC GAC CCG GTT TCT GAC ATC GAC GTT ACC GCT CGT GAA GCG TAC CTC TCT TCC GAG GAA TTC AAA GAA AAA TTC GGC ATG ACC AAA GAG GCG TTC TAC AAA CTG CCG AAG TGG AAA CAG AAC AAG TTC ATG ATG GCT GTT CAG CTG TTC,0.8717283402400204
CCG GCG CAC CCG TAC GAC GGT CTG AAA ACC ACC TCT ACC CGT CCG GTT TCT GAT ATC GAC GTG ACT CGT CGT GAA GCG TAC CTG TCT TCC GAA GAG TTC AAG GAG AAA TTC GGC ATG ACC AAA GAG GCG TTC TAC AAA CTG CCG AAA TGG AAA CAG AAC AAA TTC AAA ATG GCG GTT CAG CTG TTC,0.6734027475528901
CCG GCG CAC CCG TAC GAC CGT CTG AAA ACT ACC TCT ACC GAC CCG GTG TCT GAC ATC GAC GTT ACT CGT CGT TGG GCG TAC CTG TCT TCC GAA GAG TTC AAG GAG AAA TTC GGT ATG ACC AAA GAG GCG TTC TTC AAA CTG CCG AAA TGG AAA CAG AAC AAA TTC AAA ATG GCG GTT CAG CTG TTC,0.745892125020484
CCG GCG CAC CCA TAC GAC CGT CTG AAA ACC ACT TCT ACC GAT CCG GTT TCT GAC ATC GAC GTT ACC CGC CGT GAA GCG TAC CTG TCT TCC GAG GAG TTC AAG GAG AAA TTC GGT ATG ACC AAA GAA GCT TTT TAC AAG CTG CCG AAA TGG AAA CAG AAC AAG TTC AAA ATG GCG GTT CAA CTC CCG,1.207992362120863
CCG GCT CAC CCG TAC GAC CGT CTG AAA ACC ACC TCT ACC GAC CCG GTT TCT GAC ATC GAC GTT ACC CGT CGT GAG GCT GCT CTC TCT TCC GAG GAA TTC AAA GAG AAA TTC GGT ATG ACC AAA GAG GCT TTC TAC AAA CTG CCG AAG TGG AAA CAG AAC AAA TTC AAG ATG GCG GTG CAG CTG TTT,0.7125039527808318
CCG GCG CAT CCG TAC GAC CGT CTG AAA ACC ACC TCT ACC GAC CCA GTT TCT GAT ATC GCG GTT GTT CGT CGT GAA GCG TAC CTG TCC TCT GAG GAA TTC AAG GAA AAG TTC GGT ATG ACC AAA GAG GCG TTC TAC AAA CTG CCG AAA TGG AAA CAG AAC AAG TTC AAA ATG GCG GTT CAG CTG TTC,0.692429409750595
CCG GCG CAC CCG TAC GAC CAG CTG AAA ACC ACC TCT ACT CCG CCG GTT TCT GAC ATC GAC GTT ACC CGT CGT GAG GCG TAC CTG TCC TCT GAA GAA TTC AAG GAA AAA TTC GGC ATG ACC AAA GAA GCT TTC TAC AAA CTG CCG AAG TGG AAA CAG AAC AAG TTC AAA ATG GCG GTT CAG CTC TTC,0.8071621278385772
CCG GCG CAC CCG TAC GAC CGT CTG AAA ACT ACC TCT ACC GAC CCG GTG TCT GAC ACC GAC GTT ACC CGT CGC GAA GCG TAC CTC TCT TCT GAA GAG TTC AAA GAG AAA TTC GGC ATG ACC AAA GAA GCG TTC TAC AAA CTG CCG AAA TGG AAA CAG AAC AAA TTC AAA ATG GCG GTT CAG CTG TTC,0.6058331985204966
CCG GCG CAC CCG TAT GAC AAC CTC AAA ACC ACT TCT ACC GGT CCG GTT TCT GAC ATC GAC GTG ACC CGT CGT GAA GCG TAC CTG TCC TCT GAG GAG TTC AAG GAA AAA TTC GGT ATG ACC AAG GAA GCG TTT TAC AAA CTG CCA AAG TGG AAA CAG AAC AAA TTC AAG ATG GCG GTT CAG CTG TTC,0.8140254156354246
CCG GCG CAT CCG TAC GAC CGT CTG AAA ACC ACC TCT ACC GAC CCG GTT TCT GAT ATC GAC GTT ACC CGT CGT AAA GCG TAC CTG TCT TCT GAA GAG TTC AAA GAG AAG TTC GGT ATG ACC AAA GAA GCG TTC TAC AAG CTG CCG AAG TGG AAA CAG AAC AAA TTC CGT ATG GCG GTT CAG CTG TTC,0.671435865908978
CCA GCG CAC CCG TAC GAC CGT CTC AAA ACC ACC TCT ACT GAC CCA GTT TCT GAC ATC GAC GTT ACT CGC CGT GAA GCG TAC CTG TCT TCT GAG GAA TTC AAG GAG AAA TTC GGT ATG ACC AAG GAA GCG TTC TAC AAA CTG CCG AAA TGG AAA CAG AAC AAA TTC AAA ATG GCG GTT TTC CTG TTT,1.4728654069625355
CCG GCG CAC CCG TAC GAC CGT CTG AAA ACC ACT TCT ACC GAC CCG GTT TCT GAC ATT GAC GTT ACC GGC CGT GAG GCG TAC CTC TCT TCT GAG GAG TTC AAA GAG AAG TTC GGT ATG ACC AAA GAG GCG TTC AAA AAG CTG CCG AAA TGG AAA CAG AAC AAA TTC AAA ATG GCG GTT CAG CTG TTC,0.5229381751881419
CCG GCG CAT CCG TAT GAT CGT CTG AAA ACC ACC TCT ACC GAC CCG GTT TCT GAC ATC TGC GTT GTT CGT CGT GAA GCG TAC CTC TCT TCC GAG GAG TTC AAA GAA AAA TTC GGT ATG ACC AAA GAG GCG TTC TAC AAG CTG CCG AAA TGG AAA CAG AAC AAA TTC AAA ATG GCT GTT CAG CTC TTC,1.2764919290766477
CCG GCG CAC CCG TAC GAC CGT CTG AAA ACT ACC TCT ACC GAC CCG GTT TCT GAC ATC GCG GTT TTC CGT CGT GAA GCG TAC CTG TCT TCT GAA GAG TTC AAG GAA AAG TTC GGT ATG ACC AAA GAG GCG TTC TAC AAA CTG CCG AAA TGG AAA CAG AAC AAA TTC AAA ATG GCG GTT CAG CTG TTC,-0.1831686877905124
CCA GCT CAC CCG TAC GAC CGT CTG AAA ACC ACC TCT ACC GAC CCA GTT TCT GAT ATC GAC GTT ACC CGT CGT GAA GCG TAC CTG GCG TCT GAG TTC TTC AAG GAA AAG TTC GGT ATG ACC AAG GAG GCG TTC TAC AAA CTG CCG AAA TGG AAA CAG AAC AAA TTC AAA ATG GCG GTT CAG CTG TTC,0.6071369320471877
CCG GCG CAC CCG TAC GAC CGT CTG AAA ACC ACC TCT ACC GAC CCG GTT TCT GAC ATC GAC GTT ACC GAA CGT GAA GCG TAC CTC TCT TCT GAA GAG TTC AAG GAG AAA TTC GGT ATG ACC AAA GAG GCG TTC TAC AAA CTG CCG AAA TGG AAA CAG AAC AAG TTC TTC ATG GCG GTG CAG CTG TTC,0.7475631583971396
CCG GCG CAT CCG TAC GAC CGT CTG AAA ACC ACC TCT ACT GAC CCA GTT TCT GAC ATT GAC GTT ACC CGC CGT GAA GCG TAC CTG TCC TCC GAG GAG TTC AAA GAA AAA TTC GGC ATG ACC AAG GAA GCG TTC TAC AAA CTG CCG AAA TGG AAA CAG AAT ATG TTC AAA ATG GCG GTT CAG CTG TTC,1.3749589752433589
CCG GCG CAC CCG TAC GAC CGT CTG AAA ACC ACC TCT ACC GAC CCA GTT TCT GAC ATT GAC GTT ACT CGT CGT ATG GCG TAC CTG TCT TCT GAA GAG TTC AAG GAA AAA TTC GGT ATG ACC AAG GAG GCG TTC TCT AAA CTG CCG AAG TGG AAA CAG AAC AAA TTC AAA ATG GCG GTT CAG CTG TTC,0.8001416782592767
CCG GCT CCG CCG TAC GAC CGT CTG AAA ACC ACC TCT ACC GAC CCG GTG TCT GAC ATC GAC GTT ACC CGT CGC GAA GCG TAC CTC TCC TCC GAG GAG TTC AAA GAA AAA TTC GGT ATG ACC AAA GAG GCG TTC TAC AAA CTG CCG AAG TGG AAA CAG AAC AAA TTC AAA ATG GCG GTT CAG CTG TTC,0.8471790002262078
CCG GCG CAC CCG TAC GAC CGT CTG AAA ACT ACC TCT ACC GAC CCG GTT TCT GAC ATT GAC GTT ACC CGT CGT GAA GCG TAC CTG TCC TCT GAA GAA TTC AAG GAG AAG TTC GGT ATG ACC AAG GAA GCG TTC GTT AAA CTG CCG AAA TGG AAG CAG AAC AAG TTC AAC ATG GCG GTT CAG CTG TTC,0.065267639127514
CCA GCG CAC CCG TAC GAC CGT CTG AAA ACC ACC TCT ACC GAC CCG GTT TCT GAC ATC GAC GTT ACC CGT CGT TTC GCG TAC CTG TCC TCT GAA GAA TTC AAG GAA AAG TTC GGC ATG ACC AAA GAA GCG TTC TAC AAA CTG CCG AAA TGG AAA CAG AAC AAA TTC CCG ATG GCG GTT CAG CTG TTC,0.3882358313020723
CCG GCG CAC CCG TAC GAC AAC CTG AAA ACC ACC TCT ACC AAG CCG GTT TCT GAT ATC GAC GTT ACC CGT CGT GAA GCG TAC CTG TCT TCC GAA GAG TTC AAA GAG AAA TTC GGT ATG ACC AAG GAA GCG TTC TAC AAG CTG CCG AAA TGG AAA CAG AAC AAA TTC AAA ATG GCG GTT CAG CTG TTC,0.7542937606867769
CCA GCT CAC CCG TAC GAC CGT CTG AAA ACC ACC TCT ACC GAC CCA GTT TCT GAC ATC GAC GTT ACC CGT CGT GAA GCG TAC CTG TCT TCT GAG GAA TTC AAG GAA AAA TTC GGC ATG ACC AAA GAA GCG TTT ATG AAA CTG CCG AAG TGG AAG CAG AAC AAG TTC ACC ATG GCT GTT CAG CTG TTC,0.6298570040931666
CCA GCG CAC CCA TAC GAC CGT CTC AAA ACC ACC TCT ACC GAC CCG GTT TCT GAC ATC GAC GTT ACC CGT CGT TTC GCG TAC CTG TCC TCT GAA GAG TTC AAA GAA AAG TTC GGT ATG ACC AAG GAA GCG TTC TAT AAA CTC CCG AAA TGG AAG CAG AAC AAA TTC AAC ATG GCT GTT CAG CTG TTC,0.9838921544530372
CCA GCT CAC CCG TAC GAC CGC CTG AAG ACC ACC TCT ACC GAT CCA GTT TCT GAT ATC GAC GTT ACC GGT CGT GAA GCG TAC CTG TCC TCT GAA GAG TTC AAA GAA AAA TTC GGC ATG ACC AAA GAA GCG TTC TAC AAA CTG CCG AAA TGG AAG CAG AAC AAG TTT TAC ATG GCT GTT CAG CTG TTC,0.8243377610831516
CCG GCG CAT CCG TAC GAC CGT CTG AAA ACC ACC TCT ACC GAC CCG GTT TCT GAT ATC GAC GTT ACC TGG CGT GAA GCG TAC CTC TCT TCT GAG GAA TTC AAG GAG AAA TTC GGC ATG ACC AAG GAA GCG TTC GGT AAA CTG CCG AAA TGG AAA CAG AAC AAA TTC AAA ATG GCG GTT CAG CTG TTC,0.6335256922814507
CCG GCG CAC CCG TAC GAC CGT CTG AAA ACC ACC TCT ACC GAC CCA GTT TCT GAC ATC GAC GTT ACC TAC CGT GAA GCG TAC CTC TCT TCT GAA GAA TTC AAG GAA AAG TTC GGC ATG ACC AAA GAA GCG TTC CCA AAA CTG CCG AAA TGG AAA CAG AAC AAA TTC AAA ATG GCG GTT CAG CTG TTC,-1.3670675082087538
CCG GCG CAC CCG TAC GAC CGT CTG AAA ACC ACC TCT ACC GAC CCG GTT TCT GAC ATC GAC GTT ACT CGT CGC GAG GCG TAC CTC TCT TCC GAA GAG TTC AAG GAA AAA TTC GGT ATG ACC AAA AAC GCG TTC TAC AAA CTG CCG AAA TGG AAA CAG AAC AAA TTC AAA ATG GCG GTG CAA CTG TTC,1.7309894402939776
CCG GCG CAC CCG TAC GAC CGT CTG AAA ACC ACC TCT ACC GAC CCG GTT TCT GAT ATC GAC GTT ACC CGT CGT GAA GCG TAC CTG TCT TCT GAG GAA TTC AAG GAA CTG TTC GGT ATG ACC AAG GAG GCG TTC TAC AAA CTG CCG AAA TGG AAA CAG AAC AAA TTC AAA ATG GCG GTT CAG CTG TTC,1.990704776880138
CCA GCG CAC CCG TAC GAC CGT CTG AAA ACC ACC TCT ACC GAC CCG GTT TCT GAC ATC GAC GTT ACT CGC CGT GAA GCG TAC CTC TCT TCT GAG GAA TTC AAG GAG AAG TTC TCC ATG ACC AAG GAA GCG TTC TAC AAA CTG CCG AAA TGG AAG CAG AAC AAA TTC AAA ATG GCT GTT CAG CTG TTC,0.9120159594229718
CCG GCG CAT CCG TAC GAG CGT CTG AAA ACC ACC TCT ACC GAC CCG GTT TCT GAT ATC GAC GTT ACC CGT CGT GAG GCG TAC CTC TCT TCT GAG GAG TTC AAG GAA AAA TTC GGT ATG ACC AAG GAA GCG TTC TAC AAA CTG CCG AAA TGG AAA CAG AAC AAG TTC AAA ATG GCG GTT CAG CTG TTC,0.9583071382079617
CCG GCG CAC CCG TAC GAC CGT CTG AAA ACC ACC TCT ACC GAC CCG GTT TCT GAC ATC GAA GTT CGT CGT CGT GAA GCG TAC CTG TCT TCT GAA GAG TTC AAG GAG AAA TTC GGT ATG ACC AAA GAG GCG TTC TAC AAA CTG CCG AAA TGG AAA CAG AAC AAA TTC AAA ATG GCG GTT CAG CTG TTC,1.0904975994021888
CCA GCG CAC CCG TAC GAC CGT CTG AAA ACC ACC TCT ACC GAT CCG GTT TCT GAC ATT GAC GTT ACC CGT CGT GAA GCT TAC CTG TCT TCT GAA GAG TTC AAG ATC AAA TTC GGC ATG ACC AAG GAA GCG TTC TAC AAA CTG CCG AAA TGG AAA CAG AAC AAA TTC AAA ATG GCT GTT CAG CTG TTC,1.0529915112559942
CCG GCG CAC CCG TAC GAC CGT CTG AAA ACC ACC TCT ACC GAC CCG GTT TCT GAC ATC GAC GTT ACC CGT CGT GAA GCG TAC CTC TCT TCC GAG GAG TTC AAG GAA AAA TTC GGT ATG ACC AAA GAG GCG TTC TAC AAG CTG TTC AAA TGG AAA CAG AAC AAG TTC AAA ATG GCG GTG CAG CTG TTT,1.092134268641232
CCG GCG CAC CCG TAC GAC CGC CTG AAA ACC ACT TCT ACC GAC CCG GTT TCT GAC ATC GAC GTT ACC CGT CGT GAA GCG TAC CTC TCC TCT GAA GAA TTC AAA GAA AAG TTC GGC ATG ACC AAA GAA GCG TTC CGT AAA CTG CCG AAA TGG AAA CAG AAC AAA TTC CTG ATG GCG GTT CAG CTG TTC,0.7921990607575464
CCG GCG CAC CCG TAC GAC CGT CTG AAA ACT ACC TCT ACC GAC CCG GTT TCT GAC ATC GAC GTT ACT CGT CGT GAG GCG TAC CTG TCT TCT GAA GAG TTC AAA GAG AAG TTC GGT ATG ACC AAA GAG GCG TTC AAC AAA CTG CCG AAA TGG AAA CAG AAC AAA TTC TAC ATG GCT GTT CAG CTG TTC,0.7612916526688751
CCG GCT CAC CCG TAC GAC CGT CTG AAA ACC ACC TCT ACC GAC CCG GTT TCT GAC ATC GAC GTT ACC CAG CGT CCG GCG TAC CTC TCT TCT GAA GAA TTC AAG GAA AAG TTC GGC ATG ACT AAG GAG GCG TTC TAC AAA CTG CCG AAA TGG AAA CAG AAC AAG TTC AAA ATG GCG GTG CAG CTG TTC,0.5703429844722845
CCG GCT CAC CCG TAC GAC CGT CTG AAA ACC ACC TCT ACC GAC CCG GTT TCT GAC ATC GAC GTT ACC CAG CGT GAA GCG TAC CTG TCT TCC GAG GAA TTC AAA GAA AAA TTC GGC ATG ACC AAG GAA GCG TTT TAC AAA CTG CCG AAA TGG AAA CAG AAC AAA TTC GAC ATG GCG GTT CAG CTG TTC,-0.0172002423715794
CCG GCG CAC CCG TAC GAC CGT CTG AAA ACC ACC TCT ACC GAC CCG GTT TCT GAC ATC GAC GTT ACC CGT CGT GAA GCG TAC CTC TCT TCC GAG GAG TTC AAA GAA AAG TTC GGC ATG ACC AAA GAA GCG TTT TAC AAA CTG CCG AAA TGG AAA CAG AAC AAA TTC AAA ATG GCG GTG CAG CTG TGC,2.023513081019911
CCG GCG CAT CCG TAC GAC CGT CTG AAA ACC ACC TCT ACT GAC CCG GTT TCT GAC ATC GAC GTG ACC CGC CGT GAA GCG TAC CTC TCT TCT GAG GAA TTC AAA GAG AAG TTC GGC ATG ACC AAA GAG GCG TTC GGT AAA CTG CCG AAA TGG AAG CAG AAC AAA TTC ATG ATG GCG GTT CAG CTG TTC,0.6200508378221452
CCA GCG CAC CCG TAC GAC CGT CTG AAA ACC ACT TCC ACT GAC CCG GTG TCC GAC ATC GAC GTT ACC CGC CGT GAA GCG TAC CTG TAC TCC GAG ATG TTC AAA GAA AAA TTC GGC ATG ACC AAA GAG GCG TTT TAC AAA CTG CCA AAG TGG AAA CAG AAC AAG TTC AAA ATG GCG GTG CAG CTG TTC,0.5271353846714609
CCG GCG CAT CCG TAC GAC CGC CTC AAA ACT ACT TCT ACC GAC CCG GTT TCT GAC ATC GAC GTT ACC CGT CGT GGC GCT TAC CTG TCT TCT GAA GAG TTC AAG GAA AAA TTC GGC ATG ACC AAA GAA GCG TTC GTT AAA CTG CCG AAA TGG AAG CAG AAC AAG TTC AAA ATG GCG GTG CAG CTC TTC,0.6621200532461768
CCG GCG CAC CCG TAC GAC CGT CTG AAA ACC ACC TCT ACC GAC CCG GTT TCT GAC ATC GAC GTT ACC GTT CGT ACT GCG TAC CTG TCT TCT GAG GAG TTC AAA GAA AAA TTC GGC ATG ACC AAG GAA GCG TTC TAC AAA CTG CCG AAA TGG AAA CAG AAC AAA TTC AAA ATG GCG GTG CAG CTG TTT,0.7131504079021647
CCG GCT CAC CCG TAC GAC CGT CTG AAA ACC ACC TCT ACC GAC CCG GTT TCT GAC ATC GAC GTT ACC CGT CGT GAA GCG TAC CTG CTC TCC GAA AAC TTC AAG GAA AAA TTC GGC ATG ACC AAG GAG GCG TTC TAC AAA CTG CCG AAG TGG AAG CAG AAC AAA TTC AAA ATG GCG GTT CAG CTC TTT,0.2963818836537532
CCA GCT CAC CCG TAC GAC CGT CTG AAA ACC ACT TCC ACC GAC CCG GTT TCT GAT ATC CCG GTG TCT CGT CGT GAA GCG TAC CTG TCC TCT GAA GAG TTC AAA GAA AAG TTC GGC ATG ACC AAG GAA GCG TTC TAC AAG CTG CCG AAA TGG AAG CAG AAC AAA TTC AAA ATG GCG GTT CAG CTG TTC,0.7215141357354646
CCG GCG CAC CCG TAC GAC CGT CTG AAA ACC ACC TCT ACT GAC CCG GTT TCT GAC ATC GAC GTG ACC CGT TGC GAG GCG TAC CTG TCT TCT GAG GAG TTC AAA GAG AAA TTC GGT ATG ACC AAA GAG GCG TTC TAC AAA CTG CCG AAA TGG AAA CAG AAC AAG TTC AAG ATG GCG GTG CAG CTG TTT,1.223166744867365
CCG GCT CAT CCG TAC ATG CGC CTG CAG ACT ACC TCT ACC GAC CCG GTT TCT GAC ATC GAC GTT ACC CGT CGT GAA GCG TAC CTG TCT TCC GAG GAA TTC AAG GAG AAG TTC GGC ATG ACC AAA GAG GCG TTC TAC AAA CTG CCG AAA TGG AAA CAG AAC AAA TTC AAA ATG GCG GTT CAG CTG TTC,-0.0237021167800318
CCA GCG CAC CCG TAC GAC CGT CTG AAA ACC ACT TCT ACC GAC CCG GTT TCT GAC ATC GAC GTT ACC CGT CGT GAA GCG TAC CTG TCT TCT GAA GAA TTC AAG GAA AAG TTC GGC ATG ACC AAA GAA GCG TTC TCT AAA CTG CCG AAA TGG AAA CAG AAC AAA TTC CTG ATG GCG GTT CAG CTG TTC,0.7893719487402514
CCG GCG CAC CCG TAC GAC CGT CTG AAA ACC ACC TCT ACC GAC CCG GTT TCT GAC ATC ATC GTT AAA CGT CGT GAA GCG TAC CTG TCT TCT GAA GAA TTC AAG GAA AAA TTC GGC ATG ACC AAA GAA GCG TTC TAC AAG CTG CCG AAA TGG AAA CAG AAC AAA TTC AAA ATG GCG GTT CAA CTG TTC,0.6901676020745351
CCG GCG CAC CCG TAC GAC CGT CTG AAA ACC ACC TCT ACC GAT CCG GTT TCT GAC ATC GAC GTT ACC GAA CGT GAG GCG TAC CTC TCT TCT GAG GAG TTC AAA GAG AAA TTC GGT ATG ACC AAG GAA GCG TTC TTC AAA CTG CCG AAA TGG AAA CAG AAC AAA TTC AAA ATG GCT GTT CAG CTG TTC,0.5755178556217404
CCA GCT CAT CCG TAT GAC CGT CTG AAA ACC ACC TCT ACC GAC CCG GTT TCT GAC ATC GAC GTT ACC GCG CGT GTG GCG TAC CTG TCT TCC GAG GAG TTC AAA GAG AAA TTC GGC ATG ACC AAA GAA GCG TTC TAC AAG CTG CCG AAA TGG AAA CAG AAC AAA TTC AAA ATG GCG GTT CAG CTG TTC,0.8767295968683564
CCA GCG CAC CCG TAC GAC CGT CTG AAA ACC ACC TCT ACC GAC CCA GTT TCT GAC ATC GAC GTT ACC CGT CGT ATC GCG TAC CTG TCT TCC GAA GAG TTC AAA GAG AAG TTC GGT ATG ACC AAG GAG GCG TTT ATG AAA CTG CCG AAA TGG AAA CAG AAC AAA TTC AAA ATG GCG GTT CAG CTG TTC,0.772564672871477
CCG GCG CAC CCG TAC GAC CGT CTG AAA ACC ACC TCT ACC GAC CCG GTT TCT GAC ATC GAC GTT ACC CGT CGT TTC GCG TAC CTG TCT TCC GAG GAA TTC AAG GAG AAG TTC GGT ATG ACC AAA GAA GCG TTT TAC AAA CTG CCG AAA TGG AAA CAG AAC AAA TTC GCG ATG GCT GTT CAA CTG TTC,1.0591775935408398
CCG GCG CAC CCG TAC GAC CGT CTG AAA ACC ACT TCT ACC GAC CCG GTT TCT GAC ATC GAC GTT ACC CGT CGT CAG GCG TAC CTG TCC TCT GAA GAG TTC AAG GAA AAA TTC GGC ATG ACC AAA GAA GCG TTC TAC AAA CTG CCG AAA TGG AAA CAG AAC AAA TTC AAA ATG GCG GTT CAA CTG TTC,0.5764540314936177
CCG GCG CAC CCG TAC GAC CGT CTG AAA ACC ACC TCT ACC GAC CCA GTT TCC GAC ATC GAC GTT ACC CGT CGT TAC GCT TAC CTG TCT TCT GAG GAG TTC AAG GAG AAA TTT GGT ATG ACC AAA GAG GCG TTC TAC AAA CTG CCG AAA TGG AAA CAG AAC AAA TTC TTC ATG GCG GTT CAG CTG TTC,0.8820228934660121
CCA GCT CAC CCG TAC GAC CGT CTG AAA ACC ACC TCT ACC GAC CCG GTT TCC GAC ATT GAC GTT ACC CGT CGT AAA GCG TAC CTG TCT TCT GAA GAG TTC AAG GAG AAA TTC GGT ATG ACC AAG GAA GCG TTC TAC AAA CTG CCG AAG TGG AAA CAG AAC AAA TTC CTG ATG GCG GTT CAG CTG TTC,0.8880875395421168
CCG GCT CAC CCG TAC GAC CGT CTG AAA ACC ACC TCT ACC GAC CCA GTT TCT GAC ATC GAC GTT ACC CGT CGT CTC GCG TAC CTG TCC TCT GAG GAG TTC AAA GAG AAA TTC GGT ATG ACC AAG GAG GCG TTT TAC AAA CTG CCG AAA TGG AAA CAG AAC AAA TTC CAG ATG GCG GTG CAA CTG TTC,0.9175629191395336
CCG GCT CAT CCA TAC GAT CGC CTG AAA ACC ACC TCT ACC GAC CCG GTT TCT GAC ATC GAC GTT ACC GCG CGT GAA GCG TAT CTG TCT TCC GAG GAA TTC AAA GAG AAA TTC GGT ATG ACC AAG GAA GCG TTC ACC AAA CTG CCG AAA TGG AAG CAG AAC AAA TTC AAG ATG GCG GTT CAG CTG TTC,0.5185445121795639
CCG GCG CAC CCG TAC GAC CGT CTG AAA ACC ACC TCT ACC GAC CCG GTT TCT GAC ATC GAC GTT ACC GAG CGT GAA GCG TAC CTC TCC TCC GAG GAA TTC AAA GAA AAG TTC GGT ATG ACC AAA GAA GCG TTT TAC AAA CTG CCG AAA TGG AAG CAG AAC AAA TTC GTT ATG GCG GTG CAG CTG TTC,0.8227673249851895
CCG GCG CAC CCG TAC GAC CGT CTG AAA ACC ACT TCT ACC GAC CCG GTT TCT GAC ATC GAC GTG ACC CGT CGT GAA GCG TAC CTG TGG TCT GAA TGG TTC AAA GAG AAA TTC GGT ATG ACC AAA GAG GCG TTC TAC AAA CTG CCG AAA TGG AAA CAG AAC AAA TTC AAA ATG GCG GTG CAA CTG TTC,0.7555526645865702
CCG GCG CAC CCG TAC GAA CGT CTC CAG ACC ACC TCT ACC GAC CCG GTT TCT GAC ATC GAC GTT ACC CGT CGC GAG GCG TAC CTG TCT TCC GAG GAA TTC AAA GAG AAA TTC GGT ATG ACC AAA GAG GCG TTC TAC AAG CTG CCG AAA TGG AAA CAG AAC AAG TTC AAA ATG GCG GTT CAG CTG TTC,0.9328329572506726
CCA GCT CAC CCG TAC GAC CGT CTG AAA ACC ACC TCT ACC GAC CCG GTT TCT GAC ATC GAC GTT ACC CGT CGT GAA GCG TAC CTG TCT TCT GAA GAG TTC AAG GAG AAG TTC GGT ATG ACC AAA GAA GCT TTC ACC AAA CTG CCG AAA TGG AAA CAG AAC AAA TTC CGT ATG GCT GTT CAG CTG TTC,0.7195887633523548
CCG GCG CAC CCG TAC GAC CGT CTG AAA ACC ACC TCT ACC GAC CCG GTT TCT GAC ATT TAC GTT TGG CGT CGT GAA GCG TAC CTG TCC TCT GAG GAA TTC AAG GAA AAG TTC GGT ATG ACC AAA GAG GCG TTC TAC AAG CTG CCG AAA TGG AAA CAG AAC AAA TTC AAA ATG GCG GTG CAG CTG TTT,-0.0227598780661874
CCG GCT CAC CCG TAC GAC CGT CTG AAA ACC ACC TCT ACC GAC CCG GTT TCT GAC ATC GAC GTT ACC CGT CGC GAA GCG TAC CTG TCT TCC GAA GAG TTC AAA GAA AAG TTC GGC ATG ACC AAA GAA GCG TTC TCC AAA CTG CCG AAA TGG AAA CAG AAC AAA TTC ACC ATG GCT GTG CAG CTC TTT,0.3231279161078326
CCG GCT CAC CCG TAC GAC CGT CTG AAA ACC ACC TCT ACC GAC CCG GTT TCT GAC ATC GAC GTT ACC AAA CGT TAC GCG TAC CTG TCT TCC GAA GAG TTC AAA GAG AAA TTC GGT ATG ACC AAG GAA GCG TTC TAC AAA CTG CCG AAG TGG AAA CAG AAC AAA TTC AAA ATG GCG GTT CAG CTG TTC,0.6415294349342723
CCA GCG CAC CCG TAC GAC CGT CTG AAA ACC ACC TCT ACC GAC CCG GTT TCT GAC ATC GAC GTT ACC CGT CGT GAA GCG TAC CTG TCT TCT GAG GAA TTC AAA GAG AAA TTC GGC ATG ACC AAG GAA GCG TTC GTG AAA CTC CCG AAG TGG AAA CAG AAC AAA TTC TTC ATG GCG GTT CAG CTG TTC,0.6789376899150047
CCG GCG CAT CCG TAC GAC CGT CTG AAA ACC ACC TCT ACC GAC CCA GTT TCT GAC ATC GAC GTT ACC CGT CGT GAA CGT TAT CTG TCC TCT GAA GAA TTC AAA GAA AAG TTC GGC ATG ACC AAA GAA GCG TTC TAC AAA CTG CCG AAA TGG AAG CAG AAC AAG TTC AAG ATG GCG GTT CAG CTG TTC,0.8951523110796743
CCA GCT CAT CCA TAC GAC CGT CTG AAA ACC ACC TCT ACC GAT CCG GTT TCT GAC ATC GAC GTT ACC CGT CGT GAA GCG TAC CTG AAC TCC GAA ATG TTC AAG GAA AAA TTC GGC ATG ACC AAA GAA GCG TTC TAC AAA CTG CCG AAG TGG AAA CAG AAC AAA TTC AAA ATG GCG GTT CAG CTG TTC,0.48988780998516
CCA GCG CAC CCG TAC GAC CGT CTG AAA ACC ACC TCT ACC GAC CCG GTT TCT GAC ATC GAC GTT ACC CGT CGT GAA GCG TAC CTG TCT TCC GAG GAA TTC AAA GAG AAA TTC GGC ATG ACC AAA GAA GCG TTT TAC AAA CTG CCG AAA TGG AAG CAG AAC AAG TTC AAA ATG GTT GTG CAG CTG TTC,0.9538095125554366
CCG GCG CAC CCG TAC GAC CGT CTG AAA ACC ACC TCT ACC GAC CCG GTT TCT GAC ATC GAC GTT ACC TTC CGT GAA GCG TAC CTG TCT TCT GAG GAG TTC AAG GAA AAG TTC GGT ATG ACC AAA GAA GCG TTT GCT AAG CTG CCG AAA TGG AAA CAG AAC AAA TTC AAA ATG GCG GTT CAG CTG TTC,0.7020968420555087
CCG GCG CAC CCG TAC GAC CGT CTG AAA ACC ACC TCT ACT GAC CCG GTT TCT GAT ATC GAC GTT ACC CGT CGT GAA GCG TAC CTG CTG TCT GAA CCG TTC AAA GAA AAA TTC GGT ATG ACC AAG GAA GCG TTC TAC AAA CTG CCG AAA TGG AAA CAG AAC AAA TTC AAA ATG GCG GTT CAA CTC TTC,-0.0142293824291854
CCG GCG CAC CCG TAC TGG CGT CTG TAC ACC ACT TCT ACC GAC CCG GTT TCC GAC ATT GAC GTT ACC CGT CGT GAA GCG TAC CTG TCT TCT GAG GAA TTC AAG GAG AAG TTC GGC ATG ACC AAA GAG GCT TTC TAC AAA CTG CCG AAA TGG AAA CAG AAC AAA TTC AAA ATG GCG GTT CAG CTG TTC,0.6664267926417213
CCG GCG CAC CCG TAC GAC CGT CTG AAA ACC ACC TCT ACC GAT CCG GTT TCT GAC ATC GAC GTT ACC CGT CGT GAA GCG TAC CTG TCC ACC GAG GAA TTC AAG GAG AAA TTC GGT ATG ACC AAG GAA GCG TTC TAC AAA CTG CCG AAA TGG AAA CAG AAC AAG TTC AAA ATG GCG GTT CAG CTG TTC,1.567351833420176
CCG GCG CAT CCG TAC GAC CGT CTG AAA ACC ACC TCT ACC GAT CCG GTT TCT GAC ATC GAC GTT ACC CGT CGT GAA GCG TAC CTC AAA TCC GAG GAA TTC AAA GAA AAA TTC GGC ATG ACC AAA GAA GCG TTT TAC AAA CTG CCG AAA TGG AAG CAG AAC AAG TTC AAA ATG GCG GTT CAG CTG TTC,0.5636876020584706
CCG GCT CAC CCG TAC GAC CGT CTG AAA ACC ACC TCT ACC GAC CCA GTT TCT GAC ATC GAC GTT ACC CGT CGT GAA GCG TAC CTG TCT TCC GAA GAG TTC AAA GAA AAG TTC GGC ATG ACC AAG GAA GCG TTC AAG AAA CTC CCG AAA TGG AAA CAG AAC AAG TTC TTC ATG GCG GTT CAG CTG TTC,0.6697435369420449
CCG GCG CAC CCG TAC GAC CGT CTG AAA ACC ACC TCT ACC GAC CCG GTT TCT GAC ATC CAT GTT AAA CGT CGT GAA GCG TAC CTC TCT TCC GAA GAG TTC AAA GAA AAA TTC GGC ATG ACC AAA GAA GCG TTC TAC AAG CTC CCG AAA TGG AAA CAG AAC AAA TTC AAA ATG GCT GTT CAA CTG TTC,0.6844938235453395
CCG GCG CAC CCG TAC GAC CGT CTG AAA ACC ACC TCT ACC GAC CCG GTT TCT GAT ATC GAC GTT ACC CGT CGT GAA GCG TAC CTG CTG TCT GAG GCG TTC AAA GAA AAA TTC GGT ATG ACC AAA GAA GCG TTC TAC AAA CTG CCG AAA TGG AAA CAG AAC AAA TTC AAA ATG GCG GTT CAG CTG TTC,0.476335644441782
CCG GCG CAC CCG TAC GAC CGT CTG AAA ACC ACC TCT ACC GAC CCG GTT TCT GAC ATC GAC GTT ACC CGT CGT GAA GCG TAC CTG CAG TCT GAG ATC TTC AAA GAA AAA TTC GGC ATG ACC AAG GAA GCG TTC TAC AAG CTG CCG AAA TGG AAA CAG AAC AAA TTC AAA ATG GCG GTT CAG CTG TTC,0.4740754128779114
CCA GCT CAT CCG TAC GAC CGT CTG AAG ACC ACC TCT ACC GAC CCG GTT TCT GAC ATC GAC GTT ACC CGT CGT ACC GCG TAT CTG TCC TCT GAG GAG TTC AAA GAA AAA TTC GGT ATG ACC AAG GAG GCG TTC TAC AAA CTG CCG AAA TGG AAA CAG AAC AAG TTC CAC ATG GCG GTG CAG CTG TTC,0.6031064582313374
CCA GCG CAC CCG TAC GAC CGT CTG AAA ACC ACT TCT ACC GAC CCA GTT TCT GAC ATC GAC GTT ACT CGT CGT ACC GCG TAC CTG TCT TCT GAA GAA TTC AAA GAA AAG TTC GGC ATG ACC AAA GAG GCG TTC TTC AAA CTG CCG AAA TGG AAA CAG AAC AAA TTC AAG ATG GCG GTT CAG CTG TTC,0.688238578263001
CCG GCG CAT CCA TAC GAT ACC CTG AAA ACC ACC TCT ACC TAC CCA GTT TCT GAT ATC GAC GTG ACT CGT CGT GAA GCG TAC CTG TCT TCC GAA GAA TTC AAG GAA AAG TTC GGT ATG ACC AAG GAG GCG TTC TAC AAA CTG CCG AAA TGG AAA CAG AAC AAA TTC AAA ATG GCG GTT CAG CTG TTC,0.7920057743637976
CCG GCG CAC CCG TAC GAC CGT CTG AAA ACC ACC TCT ACC GAC CCG GTT TCT GAC ATC GAC GTT ACC GTT CGT GCG GCG TAT CTG TCT TCT GAG GAG TTC AAA GAG AAA TTC GGC ATG ACC AAA GAA GCG TTC TAC AAA CTG CCG AAA TGG AAA CAG AAC AAA TTC AAA ATG GCG GTT CAG CTG TTC,0.8977094631231843
CCG GCG CAT CCG TAC GAC CGT CTG AAA ACC ACC TCT ACC GAT CCG GTT TCT GAC ATT GAC GTT ACC CGT CGT GAA GCG TAC CTG TCT TCT GAG GAG TTC AAA GAA AAA TTC GGC ATG ACC AAA GAG GCG TTC TAC AAA CTG CCG AAA GGT AAG CAG AAC AAA TTC AAA ATG GCG GTT CAG CTG TTC,0.5392627811492867
CCG GCG CAC CCG TAC GAC CGT CTG AAA ACC ACT TCT ACC GAC CCG GTT TCT GAC ATC GAC GTT ACC GCG CGT GAA GCG TAC CTG TCT TCT GAG GAG TTC AAA GAG AAG TTC GGT ATG ACC AAA GAG GCG TTT GCG AAA CTC CCG AAA TGG AAA CAG AAC AAA TTC AAA ATG GCT GTT CAG CTG TTC,0.6815018726576405
CCG GCG CAT CCG TAC ACC CGT CTG CTG ACC ACC TCT ACC GAC CCG GTT TCT GAC ATC GAC GTG ACC CGT CGC GAA GCT TAC CTG TCT TCC GAA GAA TTC AAG GAG AAG TTC GGC ATG ACC AAA GAA GCT TTT TAC AAA CTG CCG AAA TGG AAA CAG AAC AAG TTC AAG ATG GCT GTT CAG CTG TTC,-0.0848957487721437
CCA GCG CAC CCG TAC GAC CGT CTG AAA ACT ACC TCT ACC GAC CCG GTT TCT GAC ATC GAC GTT ACC CGT CGC GAA GCG TAT CTG CCA TCC GAA CTG TTC AAA GAA AAG TTC GGT ATG ACC AAA GAG GCG TTC TAC AAG CTG CCG AAA TGG AAA CAG AAC AAA TTC AAA ATG GCG GTT CAG CTG TTC,0.4288711391825865
CCG GCG CAC CCG TAC TCT CGT CTG GTT ACC ACC TCT ACC GAC CCG GTT TCC GAC ATC GAC GTT ACC CGT CGT GAA GCG TAC CTG TCT TCC GAG GAA TTC AAG GAA AAA TTC GGC ATG ACC AAA GAG GCT TTC TAC AAA CTG CCG AAG TGG AAG CAG AAC AAA TTC AAA ATG GCG GTG CAG CTG TTC,0.5252189918275578
CCG GCT CAC CCG TAC GAC CGT CTG AAA ACC ACC TCT ACT GAC CCG GTT TCT GAC ATC GAC GTT ACT CGT CGT GAG GCG TAC CTG TCT TCT CGC GAA TTC AAG GAA AAA TTC GGT ATG ACC AAG GAG GCG TTT TAC AAA CTG CCG AAA TGG AAA CAG AAC AAA TTC AAA ATG GCG GTT CAG CTG TTC,0.9582006045799596
CCG GCG CAC CCG TAC GAC CGT CTG AAA ACC ACC TCT ACC GAC CCG GTT TCT GAC ATC GAA GTT TGG CGT CGT GAA GCG TAC CTC TCC TCT GAG GAA TTC AAG GAA AAG TTC GGC ATG ACC AAG GAA GCT TTT TAC AAA CTG CCG AAA TGG AAA CAG AAC AAA TTC AAA ATG GCG GTT CAG CTG TTC,0.3657298442445704
CCG GCG CAC CCG TAC GAC CGC CTG AAA ACC ACC TCT ACC GAC CCG GTT TCT GAC ATC GAC GTT ACT ACC CGT GAA GCG TAC CTG TCT TCT GAA GAG TTC AAG GAG AAA TTC GGC ATG ACC AAA GAG GCG TTC TAC AAA CTG CCG AAA TGG AAA CAG AAC AAA TTC AAA ATG GCG GTG CAA CTG TTC,0.9550518879877852
CCG GCT CAC CCG TAC GAC CGT CTG AAA ACC ACC TCT ACC GAC CCG GTT TCT GAC ATC TGC GTT TAC CGT CGT GAA GCG TAC CTG TCT TCC GAG GAA TTC AAG GAA AAG TTC GGT ATG ACC AAA GAG GCG TTC TAC AAA CTC CCG AAA TGG AAA CAG AAC AAG TTC AAA ATG GCG GTG CAG CTG TTC,1.0531496017298076
CCG GCT CAC CCG TAC GAC CGT CTG AAA ACC ACC TCT ACC GAC CCA GTT TCT GAC ATC GAC GTT ACC ATG CGT GAA GCG TAC CTC TCT TCT GAA GAG TTC AAG GAA AAA TTC GGC ATG ACC AAA GAA GCG TTC TAC AAA CTG CCG AAA TGG AAG CAG AAC AAA TTC AAA ATG GCG GTT CAG CTG TTC,1.2483590592177491
CCA GCG CAC CCG TAC GAC CGT CTG AAA ACT ACC TCT ACC GAC CCG TCT TCT GAC ATC GAC GTT ACC CGC CGT GAA GCG TAC CTG TCT TCC GAA GAG TTC AAG GAG AAA TTC GGT ATG ACC AAG GAA GCG TTC TAC AAA CTG CCG AAA TGG AAA CAG AAC AAA TTC AAA ATG GCG GTT CAG CTG TTC,0.5708962393616827
CCG GCG CAC CCG TAC GAC CGT CTG AAA ACC ACC TCT ACC GAT CCG GTT TCT GAC ATC GAC GTT ACT CGT CGT GAA GCG TAC CTG AAC TCC GAA TCT TTC AAA GAG AAG TTC GGT ATG ACC AAA GAG GCG TTC TAC AAA CTG CCG AAA TGG AAG CAG AAC AAA TTC AAA ATG GCG GTT CAG CTG TTC,0.6144789533018097
CCG GCG CAC CCG TAC GAC CGT CTC AAA ACC ACC TCT ACC GAC CCG GTT TCT GAC ATC GAC GTT ACC CGT CGT GAA GCG TAC CTG TCC TCT GAA GAG TTC AAG GAA AAA TTC GGC ATG ACC AAG GAG GCT TTC TAC AAA CTG CCG GCG TGG AAA CAG AAC AAA TTC AAA ATG GCG GTT CAG CTG TTC,1.0393140462372583
CCG GCG CAT CCG TAC GAC CGT CTG AAA ACC ACC TCT ACC GAC CCG GTT TCC GAC ATC GAC GTT ACC CGT CGT AAA GCG TAC CTG TCT TCC GAA GAA TTC AAA GAA AAA TTC GGC ATG ACC AAA GAG GCG TTC TAC AAA CTG CCG AAA TGG AAA CAG AAC AAA TTC CCG ATG GCG GTG CAG CTG TTC,0.2618418396520038
CCG GCG CAT CCG TAC GAC CGT CTG AAA ACC ACC TCT ACC GAC CCG GTT TCT GAC ATT GAC GTT ACT CGT CGT CTG GCG TAC CTG TCT TCT GAA GAG TTC AAA GAA AAG TTC GGC ATG ACT AAA GAG GCG TTC TCT AAA CTG CCG AAG TGG AAG CAG AAC AAA TTC AAA ATG GCG GTT CAG CTG TTC,0.8916562807276599
CCA GCT CAC CCG TAC GAC CGT CTG AAA ACC ACC TCT ACC GAC CCA GTG TCT GAC ATT GAC GTT ACT CGT CGT GAA GCG TAC CTC ATG TCT GAA CAG TTC AAG GAA AAA TTC GGC ATG ACC AAG GAA GCG TTC TAC AAA CTG CCG AAA TGG AAA CAG AAC AAA TTC AAA ATG GCG GTT CAG CTG TTC,0.5393367352279436
CCG GCG CAC CCG TAC GAA CGT CTG GAC ACC ACT TCT ACC GAC CCG GTT TCC GAC ATC GAC GTT ACT CGC CGT GAA GCG TAC CTG TCC TCT GAG GAG TTC AAA GAA AAG TTC GGT ATG ACC AAG GAA GCG TTC TAC AAA CTG CCG AAA TGG AAA CAG AAC AAA TTC AAA ATG GCT GTT CAG CTG TTT,0.8137574808178745
CCG GCT CAC CCG TAC GAC CGT CTG AAA ACC ACC TCT ACC GAC CCG GTT TCT GAC ATC GAC GTT ACC CGT CGT GTT GCG TAC CTG TCT TCC GAG GAG TTC AAG GAA AAA TTC GGT ATG ACC AAA GAA GCG TTC CAC AAA CTG CCG AAA TGG AAA CAG AAC AAA TTC AAA ATG GCG GTT CAG CTG TTC,0.8496127223421464
CCG GCG CAC CCG TAC TAC CGT CTG TTC ACC ACC TCT ACC GAC CCG GTT TCT GAC ATC GAC GTT ACC CGT CGT GAA GCG TAC CTG TCT TCC GAA GAG TTC AAA GAG AAA TTC GGT ATG ACC AAA GAG GCG TTC TAC AAA CTG CCG AAG TGG AAA CAG AAC AAA TTC AAA ATG GCT GTT CAG CTG TTC,0.548829441131305
CCG GCT CAC CCG TAC GAC CGT CTG AAA ACC ACC TCT ACC GAC CCA GTT TCT GAC ATC GAC GTT ACC CGT CGT TAT GCG TAT CTG TCC TCT GAA GAG TTC AAG GAG AAA TTC GGT ATG ACC AAA GAA GCG TTC GTT AAG CTG CCG AAG TGG AAA CAA AAC AAG TTC AAA ATG GCG GTT CAG CTG TTT,0.7240540041982941
CCG GCG CAC CCG TAC GAC CGT CTC AAA ACC ACC TAC ACC GAC CCG GTT TCT GAT ATT GAC GTT ACC CGT CGT GAA GCG TAC CTG TCT TCC GAG GAA TTC AAA GAA AAA TTC GGC ATG ACC AAA GAA GCG TTC TAC AAA CTG CCG AAA TGG AAA CAG AAC AAG TTC AAA ATG GCG GTT CAG CTG TTC,0.811626427633646
CCG GCT CAC CCG TAC TTC CGT CTG TGC ACC ACT TCT ACC GAC CCG GTT TCT GAC ATC GAC GTT ACC CGT CGT GAA GCT TAC CTC TCC TCC GAG GAA TTC AAA GAA AAA TTC GGC ATG ACC AAA GAA GCG TTC TAC AAA CTG CCG AAA TGG AAA CAG AAC AAG TTC AAA ATG GCG GTG CAG CTG TTT,1.6267732359200613
CCG GCG CAT CCG TAC GAC CGT CTG AAA ACC ACC TCT ACC GAC CCA GTG TCT GAC ATC GAC GTT ACC CGT CGT GAA GCG TAC CTG TCT TCC GAG GAG TTC AAA GAA AAG TTC GGT ATG ACC AAA GAA GCT TTC TAC GCG CTG CCG AAA TGG AAA CAG AAC AAA TTC AAA ATG GCG GTT CAG CTG TTC,1.3081622068746497
CCG GCT CAC CCG TAC GAC CGT CTG AAA ACC ACC TCT ACC GAC CCG GTT TCT GAT ATC GAC GTT ACC CGT CGT GAA GCG TAC CTG TCT TCT GAA GAA TTC AAA GAG AAG TTC GGC ATG ACC AAA GAA GCG TCT TAC AAA CTG CCG AAA TGG AAA CAG AAC AAG TTC AAA ATG GCG GTT CAG CTG TTC,-1.0146655645391889
CCG GCG CAC CCG TAC GAC CGT CTG AAA GAC ACC TCT ACC GAC CCG GTT TCC GAC ATC GAC GTT ACC CGT CGT GAA GCG TAC CTC TCT TCT GAA GAG TTC AAA GAG AAA TTC GGT ATG ACC AAG GAA GCG TTC TAC AAA CTG CCG AAA TGG AAA CAG AAC AAA TTC AAA ATG GCG GTT CAG CTG TTC,1.2287128861998693
CCG GCG CAC CCG TAC GAC CGT CTG AAA ACC ACC TCT ACC GAC CCG GTT TCT GAC ATT GAC GTT ACC CGT CGT GAA GCG TAC CTG TCT TCT GAA GAA TTC GCG GAA AAA TTC GGT ATG ACC AAA GAA GCG TTC TAC AAA CTG CCG AAG TGG AAA CAG AAC AAA TTC AAA ATG GCT GTT CAG CTG TTC,1.4691276665273767
CCG GCG CAC CCG TAC GAC CGT CTG AAA ACC ACC TCT ACT GAC CCG GTT TCT GAC ATC TGG GTT TGG CGT CGT GAA GCG TAC CTC TCC TCT GAA GAG TTC AAG GAG AAG TTC GGT ATG ACC AAA GAA GCG TTC TAC AAA CTG CCG AAA TGG AAA CAG AAC AAA TTC AAA ATG GCG GTG CAG CTC TTT,-0.1723362153578611
CCG GCT CAT CCG TAC GAC CGT CTG AAA ACC ACC TCT ACC GAC CCG GTT TCT GAC ATC GAC GTT ACC CGT CGT GAA GCG TAC CTG TCT TCT GAA GAG TTC AAA GAG AAA TTC GGC ATG ACC AAG GAA GCG TTC TAC AAA CTC CCG AAA TGG AAA CAG AAC ACC TTC AAA ATG GCG GTG CAG CTG TTC,0.9018285529407044
CCG GCG CAC CCG TAC GAC CGT CTG AAA ACC ACC TCT ACC GAT TTC GTT TCT GAC ATC GAC GTT ACC CGT CGT GAA GCG TAC CTG TCC TCT GAA GAA TTC AAA GAA AAA TTC GGC ATG ACC AAG GAA GCG TTC TAC AAA CTG CCA AAA TGG AAA CAG AAC AAA TTC AAG ATG GCG GTG CAG CTG TTC,0.424528116457476
CCA GCG CAC CCG TAC GAC CGT CTG AAA ACC ACC TCT ACC GAC CCG GTT TCT GAC ATC GAC GTT ACC TGG CGT GAA GCG TAC CTG TCT TCT GAG GAG TTC AAG GAG AAA TTC GGT ATG ACC AAA GAG GCG TTC TTC AAG CTG CCG AAA TGG AAA CAG AAC AAG TTC AAA ATG GCT GTG CAG CTG TTC,0.923140759434035
CCG GCT CAC CCG TAC GAC CGT CTG AAA ACC ACC TCT ACC GAT CCG GTT TCT GAC ATC GAC GTT ACC CGT CGT GAA GCG TAC CTG TCC TCC GAA GAG TTC AAA GAA AAG TTC TGG ATG ACC AAA GAG GCG TTT TAC AAA CTC CCG AAA TGG AAG CAG AAC AAA TTC AAA ATG GCG GTT CAG CTG TTC,0.853956359966404
CCG GCT CAC CCG TAC GAC CGT CTG AAA ACC ACC TCT ACC GAC CCG GTT TCT GAT ATC GAC GTT ACC CGT CGT GAA GCT TAC CTG TCT TCT GAA GAG TTC AAA GAG AAA TTC GGC ATG ACC AAA GAA GCG TTC TAC AAA CTG CCG AAG TGG AAA CAG AAC AAA TTC AAG ATG TAC GTT CAG CTG TTT,1.1939836283901497
CCG GCG CAC CCA TAC GAC CGT CTG AAA ACC ACC TCT ACC GAC CCG GTT TCT GAT ATC GAC GTT ACC CGT CGT GAA GCT TAC CTC TCT TCT GAA GAG TTC AAG GAA TAC TTC GGC ATG ACC AAA GAA GCG TTC TAC AAA CTG CCG AAA TGG AAG CAG AAC AAA TTC AAA ATG GCG GTT CAG CTG TTC,1.5820144999057812
CCA GCT CAC CCG TAC GAC CGT CTG AAG ACC ACC TCT ACC GAC CCG GTT TCT GAC ATC GAC GTT ACT CGT CGT GGT GCG TAC CTG TCC TCC GAG GAA TTC AAA GAG AAA TTC GGT ATG ACC AAA GAA GCG TTC TAC AAA CTG CCA AAA TGG AAG CAG AAC AAA TTC GTT ATG GCG GTT CAG CTG TTC,0.6750069920741133
CCA GCT CAC CCG TAC CGT CGT CTG GTT ACC ACC TCT ACC GAT CCA GTT TCC GAC ATC GAC GTT ACC CGT CGT GAA GCG TAC CTG TCT TCT GAG GAA TTC AAG GAA AAA TTC GGC ATG ACC AAA GAG GCG TTT TAC AAA CTG CCG AAA TGG AAG CAG AAC AAA TTC AAA ATG GCG GTT CAG CTG TTC,-0.0920866510443667
CCG GCG CAC CCG TAC GAC CGT CTG AAA ACC ACC TCT ACT GAC CCG GTT TCT GAC ATT GAC GTT ACC CGT CGT GGT GCG TAC CTC TCT TCT GAG GAA TTC AAG GAA AAA TTC GGT ATG ACC AAG GAG GCG TTC TAC AAA CTG CCG AAA TGG AAA CAG AAC AAA TTC ATG ATG GCG GTT CAA CTC TTT,0.8773909488420868
CCA GCG CAC CCG TAC GAC CGT CTG AAA ACC ACC TCT ACC GAC CCA GTT TCT GAC ATC CGT GTT AAC CGT CGT GAA GCT TAC CTG TCT TCC GAG GAG TTC AAA GAA AAA TTC GGC ATG ACC AAA GAG GCG TTC TAC AAA CTG CCG AAA TGG AAA CAG AAC AAA TTC AAA ATG GCG GTT CAG CTG TTC,0.571322217996463
CCG GCG CAT CCG TAC AAC CGT CTC CAA ACC ACC TCT ACC GAC CCG GTT TCT GAC ATC GAC GTT ACC CGT CGT GAG GCG TAC CTG TCC TCC GAA GAA TTC AAA GAG AAA TTC GGC ATG ACC AAA GAG GCG TTC TAC AAA CTG CCG AAG TGG AAG CAG AAC AAG TTT AAG ATG GCG GTT CAG CTG TTC,0.5022200230865628
CCA GCG CAC CCG TAC GAC CGT CTG AAA ACC ACC TCT ACC GAC CCA GTT TCT GAC ATC GAC GTT ACC CGT CGT GAA GCG TAC CTG TCT TCC GAA GAG TTC AAA GAA AAG TTC GGC ATG ACC AAG GAA GCT TTC GTT AAG CTG CCA AAA TGG AAA CAG AAC AAA TTC GGT ATG GCG GTT CAG CTC TTC,0.248710721374424
CCG GCG CAC CCG TAC GAC CGT CTG AAA ACT ACC TCT ACC GAC CCG GTT TCT GAC ATC GAC GTT ACC TTC CGT GAA GCG TAC CTC TCT TCC GAA GAA TTC AAG GAG AAG TTC GGC ATG ACT AAA GAG GCG TTT TAC AAA CTG CCG AAA TGG AAA CAG AAC AAA TTC CAC ATG GCG GTG CAG CTG TTC,0.5595807855646413
CCG GCG CAC CCG TAC GAC CGT CTG AAA ACC ACC TCT ACC GAC CCG GTT TCT GAC ATC GAC GTT ACC CAG CGT GAG GCG TAC CTG TCT TCT GAA GAA TTC AAG GAA AAA TTC GGC ATG ACC AAG GAA GCG TTT TTC AAA CTG CCG AAA TGG AAA CAG AAC AAA TTC AAA ATG GCG GTT CAG CTG TTC,0.8489455879100941
CCG GCG CAC CCG TAC GAC CGT CTC AAA ACC ACC TCT ACC GAC CCG GTT TCT GAT ATT ACC GTT AAC CGT CGT GAA GCT TAC CTC TCC TCT GAG GAA TTC AAG GAA AAA TTC GGC ATG ACC AAA GAA GCG TTC TAC AAG CTG CCG AAA TGG AAA CAG AAC AAA TTC AAA ATG GCG GTG CAG CTG TTC,1.077483594966735
CCG GCG CAC CCG TAC GAC CGT CTG AAA ACC ACC TCT ACC GAC CCG GTT TCT GAC ATC GAC GTT ACC TTC CGT GAA GCG TAC CTC TCC TCC GAA GAA TTC AAG GAG AAA TTC GGT ATG ACC AAG GAA GCG TTC CCG AAA CTG CCG AAA TGG AAA CAG AAC AAA TTC AAA ATG GCG GTT CAG CTG TTC,-1.3539071558295548
CCG GCG CAT CCG TAC GAC CGT CTG AAA ACC ACC TCT ACC GAT CCG GTT TCT GAC ATC ATC GTT GTT CGT CGT GAA GCG TAC CTG TCC TCT GAG GAA TTC AAA GAA AAA TTC GGC ATG ACC AAA GAA GCG TTC TAC AAA CTG CCG AAA TGG AAA CAG AAC AAG TTC AAA ATG GCG GTT CAG CTG TTC,0.6121295617356626
CCG GCT CAC CCG TAC GAC CGT CTG AAA ACC ACC TCT ACC GAC CCG GTT TCT GAT ATC GAC GTT ACC ATC CGT AAC GCG TAC CTG TCC TCT GAG GAG TTT AAG GAA AAG TTC GGT ATG ACC AAA GAA GCG TTC TAC AAG CTG CCG AAG TGG AAA CAG AAC AAA TTC AAA ATG GCG GTT CAG CTG TTC,0.5883390265607442
CCG GCT CAC CCG TAC GAC CGT CTG AAA ACC ACC TCT ACC GAC CCG GTT TCT GAT ATC GAC GTT ACC CGT CGT GAA GCG TAC CTG TCT TCC GAG GAA TTC AAA GAA AAG TTT GGC ATG ACC AAA GAA GCG TTC CAG AAA CTG CCG AAA TGG AAA CAG AAC AAA TTC ACC ATG GCG GTT CAA CTG TTC,0.3377225589329126
CCG GCG CAC CCG TAC GAC CGT CTG AAA ACC ACC TCT ACC GAT CCG GTT TCT GAC ATT GAC GTT ACC CGC CGT GAA GCG TAC CTG TGG TCT GAA CTC TTC AAA GAG AAA TTC GGC ATG ACC AAA GAA GCG TTC TAC AAA CTG CCG AAA TGG AAA CAG AAC AAA TTC AAA ATG GCG GTG CAA CTG TTC,0.56464200552261
CCG GCG CAC CCG TAC GAC CGT CTG AAA ACC ACC TCT ACC GAC CCG GTT TCT GAC ATC TAC GTT GAC CGT CGC GAA GCG TAC CTG TCC TCC GAA GAA TTC AAG GAA AAA TTC GGT ATG ACC AAG GAG GCG TTC TAC AAA CTG CCG AAA TGG AAA CAG AAC AAA TTC AAA ATG GCG GTT CAG CTG TTC,0.9274616661018736
CCG GCG CAT CCG TAC GAC CGT CTG AAA ACC ACC TCT ACC GAC CCG GTT TCT GAC ATC GAC GTT ACT ACT CGT GAA GCG TAC CTG TCC TCC GAA GAG TTC AAA GAG AAG TTC GGT ATG ACC AAG GAA GCG TTC TAC AAA CTG CCG AAA TGG AAG CAG AAC AAA TTC ATC ATG GCG GTT CAG CTG TTC,0.9048157471809845
CCG GCG CAC CCG TAC GAC CGT CTG AAA ACC ACC TCT ACC GAT CCG GTT TCT GAC ATC GAC GTT ACC CGT CGT GAA GCG TAC CTG TCT TCT GAA GAA TTC GGT GAA AAA TTC GGC ATG ACC AAA GAA GCG TTC TAC AAA CTG CCG AAG TGG AAA CAG AAC AAA TTC AAA ATG GCG GTT CAG CTC TTC,1.1138844086479145
CCG GCG CAC CCG TAC GAC CGT CTG AAA ACC ACC TCT ACC GAC CCG GTT TCT GAC ATC GAC GTT ACC CAC CGT GCT GCG TAC CTG TCT TCT GAG GAA TTC AAG GAA AAG TTC GGT ATG ACC AAG GAA GCG TTC TAC AAA CTG CCG AAA TGG AAA CAG AAC AAA TTC AAA ATG GCG GTG CAG CTG TTC,0.818299689601761
CCG GCG CAC CCG TAC GAC CGT CTG AAA ACC ACT TCT ACC GAC CCG GTT TCT GAC ATC GAC GTT ACC ATG CGT GAA GCG TAC CTG TCC TCT GAG GAA TTC AAG GAA AAG TTC GGC ATG ACC AAA GAG GCG TTC TAC AAA CTG CCG AAA TGG AAA CAG AAC AAA TTC GTT ATG GCT GTT CAG CTG TTC,0.6990064847315567
CCA GCT CAC CCG TAC GAC CGT CTG AAA ACC ACC TCT ACC GAC CCG GTG TCT GAC ATT GAC GTT ACC CGT CGT GAA GCG TAC CTG TCC TCT GAG GAA ACC AAG GAG AAA TTC GGT ATG ACC AAA GAA GCG TTC TAC AAA CTG CCA AAG TGG AAA CAG AAC AAA TTC AAA ATG GCG GTT CAG CTG TTC,0.3295829485339764
CCG GCT CAT CCG TAT GAT CGT CTG AAA ACC ACC TCT ACC GAC CCG GTT TCT GAC ATC GAC GTT ACC CGT CGT GAA GCG TAC CTC TCT TCC GAG GAG TTC AAA GAG AAA TTC GGT ATG ACT AAA GAG GCG TTT TAC AAG CTG CCG AAA TGG AAA CAG AAC AAA TTC GCT ATG GCT GTT CAA CTC TTT,0.6122744156100506
CCG GCG CAC CCA TAC GAC CGT CTG AAA ACC ACT TCT ACC GAC CCG GTT TCT GAC ATC GAC GTT ACC TTC CGT CCG GCG TAC CTC TCT TCC GAA GAA TTC AAG GAG AAA TTC GGT ATG ACC AAG GAA GCG TTC TAC AAA CTG CCG AAA TGG AAA CAG AAC AAA TTC AAA ATG GCG GTT CAG CTC TTC,0.6267998023341737
CCG GCT CAC CCG TAC GAC GTT CTG AAA ACC ACC TCT ACC CAG CCG GTT TCC GAT ATT GAT GTT ACC CGT CGT GAA GCG TAC CTG TCT TCC GAA GAA TTC AAA GAA AAA TTC GGC ATG ACC AAA GAA GCG TTC TAC AAA CTG CCG AAA TGG AAG CAG AAC AAA TTC AAG ATG GCG GTG CAG CTG TTC,0.9553261572341368
CCA GCG CAC CCG TAC GAC CGT CTG AAA ACC ACC TCT ACC GAC CCG GTT TCT GAC ATC GAC GTT ACC CGT CGT GAA GCG TAC CTG TCC TCC GAA GAG TTC AAA GAG AAA TTC CGT ATG ACC AAG GAA GCG TTC TAC AAA CTC CCG AAA TGG AAG CAG AAC AAA TTC AAA ATG GCG GTT CAG CTG TTC,1.0581244981679911
CCG GCG CAT CCG TAC GAC CGT CTG AAA ACC ACC TCT ACC GAC CCA GTG TCT GAC ATC AAA GTT ATG CGT CGT GAA GCG TAC CTG TCC TCT GAA GAA TTC AAA GAA AAG TTC GGC ATG ACC AAA GAG GCG TTC TAC AAA CTG CCG AAA TGG AAA CAG AAC AAA TTC AAG ATG GCG GTT CAG CTG TTC,0.339399632955613
CCG GCG CAC CCG TAC GAC CGT CTG AAA ACC ACC TCT ACC GAC CCA GTT CCG GAC ATC GAC GTT ACC CGT CGT GAA GCG TAC CTG TCT TCT GAG GAG TTC AAA GAG AAG TTC GGT ATG ACC AAA GAA GCG TTC TAC AAG CTC CCG AAA TGG AAG CAG AAC AAG TTC AAG ATG GCT GTT CAG CTG TTC,1.6062794682463215
CCG GCG CAC CCG TAC GAT CGC CTG AAA ACC ACC TCT ACC GAC CCG GTT TCT GAC ATC GAC GTT ACC CGT CGT ATG GCG TAC CTC TCT TCC GAG GAA TTC AAA GAG AAA TTC GGT ATG ACC AAG GAA GCG TTC CAC AAA CTG CCG AAA TGG AAA CAG AAC AAG TTC AAA ATG GCG GTG CAG CTC TTT,0.7006852193829571
CCG GCG CAC CCG TAC AAA CGT CTG TTC ACC ACC TCT ACC GAT CCA GTT TCT GAC ATT GAC GTT ACC CGT CGT GAG GCG TAC CTC TCT TCT GAA GAG TTC AAA GAG AAG TTC GGC ATG ACT AAG GAA GCG TTT TAC AAA CTG CCG AAA TGG AAA CAG AAC AAA TTC AAA ATG GCT GTT CAG CTG TTC,-0.5927760088241705
CCG GCG CAC CCG TAC GAC CGT CTG AAA ACC ACC TCT ACC GAT CCG GTT TCT GAC ATC GAC GTT ACC GTT CGT GAA GCG TAC CTG TCC TCC GAA GAG TTC AAA GAA AAG TTC GGT ATG ACC AAA GAG GCG TTC ATC AAA CTG CCG AAA TGG AAA CAG AAC AAA TTC AAA ATG GCG GTG CAG CTG TTT,0.536572220474324
CCG GCG CAC CCG TAC TCT CGT CTG AAA ACT ACC TCT ACC GAC CCG GTT TCT GAC ATT GAC GTT ACC CGT CGC GAA GCG TAC CTG TCT TCC GAA GAG TTC AAG GAA AAA TTC GGC ATG ACT AAG GAA GCG TTC TAC AAG CTC CCG AAA TGG AAA CAG AAC AAA TTC AAA ATG GCT GTT CAG CTG TTC,-0.0369405782932592
CCG GCG CAC CCG TAC GAC CGT CTG AAA ACC ACC TCT ACC GAC CCG GTT TCT GAC ATC GAC GTT ACC CGT CGT GAA TCT TAC CTC TCC TCT GAA GAG TTC AAG GAG AAG TTC GGT ATG ACC AAA GAA GCG TTC TAC AAA CTG CCG AAA TGG AAG CAG AAC AAA TTC AAA ATG GCG GTT CAG CTG TTC,1.5616708403426869
CCG GCG CAC CCG TAC GAG CGT CTG CAC ACC ACC TCT ACC GAC CCG GTT TCT GAT ATC GAT GTT ACC CGT CGC GAA GCG TAT CTG TCC TCC GAG GAG TTC AAA GAA AAA TTC GGC ATG ACC AAG GAA GCG TTT TAC AAA CTG CCG AAA TGG AAA CAG AAC AAA TTC AAA ATG GCT GTT CAG CTC TTC,0.8746123386388673
CCG GCT CAC CCG TAC GAC CGT CTG AAA ACC ACC TCT ACC GAC CCA GTT TCT GAC ATC GAC GTT ACC CGT CGT GAA GCG TAC CTG GCG TCT GAG ACC TTC AAA GAA AAA TTC GGT ATG ACC AAA GAA GCG TTC TAC AAG CTG CCG AAA TGG AAA CAG AAC AAA TTC AAG ATG GCG GTT CAG CTG TTC,0.4740087689907023
CCG GCG CAC CCG TAC GAC CGT CTG AAA ACC ACC TCT ACC GAC CCG GTT TCT GAC ATC GAC GTT ACC CGT CGC GAA GCG TAC CTC TCC TCT GAA GAG TTC AAA GAG AAA TTC GGT CAC ACC AAA GAA GCG TTC TAC AAA CTG CCG AAA TGG AAA CAG AAC AAA TTC AAA ATG GCG GTT CAA CTG TTC,-0.2850927707497316
CCG GCG CAT CCG TAC GAC CGT CTG AAA ACC ACT TCT ACC GAC CCG GTT TCT GAC ATC GAC GTT ACT ACC CGT AAA GCG TAC CTG TCC TCC GAA GAG TTC AAA GAA AAA TTC GGC ATG ACC AAG GAG GCG TTC TAC AAA CTG CCG AAA TGG AAA CAG AAC AAA TTC AAA ATG GCG GTT CAG CTG TTC,0.7005859942890247
CCG GCG CAC CCG TAC GAC CGT CTG AAA ACC ACC TCT ACC GAC CCG GTT TCT GAC ATC GAC GTT ACC CTG CGT GAA GCG TAC CTG TCT TCT GAG GAG TTC AAA GAG AAG TTC GGC ATG ACC AAA GAA GCT TTC TAC AAG CTG CCG AAG TGG AAG CAG AAC AAA TTC TCT ATG GCT GTT CAG CTG TTC,0.5501585695956801
CCG GCG CAC CCG TAC GAC CGT CTC AAG ACT ACC TCT ACC GAC CCG GTT TCT GAT ATC GAC GTT ACC CGC CGT CCA GCG TAC CTG TCC TCT GAA GAA TTC AAG GAA AAA TTC GGC ATG ACC AAA GAA GCG TTC TAC AAA CTC CCA AAA TGG AAA CAG AAC AAG TTC ATC ATG GCG GTT CAG CTG TTC,0.7857733870070147
CCG GCG CAT CCG TAT ATC CGC CTG GCG ACC ACC TCT ACT GAC CCG GTT TCT GAC ATC GAC GTT ACC CGT CGC GAG GCG TAC CTG TCC TCT GAA GAG TTC AAA GAG AAG TTT GGC ATG ACC AAG GAG GCT TTT TAC AAA CTG CCG AAA TGG AAA CAG AAC AAA TTC AAA ATG GCT GTT CAA CTG TTC,0.3834684325345767
CCG GCG CAC CCG TAC GAC CGT CTG AAA ACC ACC TCT ACC GAC CCG GTT TCT GAC ATC GAC GTT ACC ACT CGT TCT GCG TAC CTC TCT TCC GAA GAA TTC AAA GAA AAG TTC GGC ATG ACC AAA GAA GCG TTC TAC AAA CTG CCG AAA TGG AAA CAG AAC AAG TTC AAA ATG GCG GTT CAG CTG TTC,0.5873079362672451
CCA GCG CAC CCG TAC GAC CGT CTG AAA ACC ACC TCT ACC GAC CCG GTT TCT GAC ATC GAC GTT ACC ATC CGT GAA GCG TAC CTG TCT TCT GAG GAG TTC AAA GAA AAA TTC GGC ATG ACC AAG GAA GCG TTT TTC AAA CTG CCG AAG TGG AAA CAG AAC AAA TTC AAA ATG GCG GTT CAG CTG TTC,0.941124740826857
CCG GCG CAC CCG TAC GAC CGT CTG AAA ACC ACC TCT ACC GAT CCA GTT TCT GAC ATC AAC GTT CAC CGT CGT GAA GCG TAC CTG TCT TCC GAA GAA TTC AAG GAA AAG TTC GGT ATG ACC AAG GAG GCG TTC TAC AAA CTG CCG AAA TGG AAA CAG AAC AAA TTC AAA ATG GCG GTG CAG CTG TTC,0.9056638151445096
CCG GCT CAC CCG TAC GAC GGT CTG AAG ACC ACT TCT ACC TGG CCG GTT TCT GAC ATC GAC GTT ACC CGT CGT GAA GCT TAC CTG TCT TCC GAG GAA TTC AAA GAG AAA TTT GGC ATG ACC AAG GAA GCT TTC TAT AAG CTG CCG AAG TGG AAA CAG AAC AAG TTC AAA ATG GCG GTT CAG CTC TTC,0.6991855076692653
CCG GCG CAT CCG TAC GAC CGT CTG AAA ACC ACC TCT ACC GAC CCG GTT TCT GAC ATC GAC GTT ACC CGT CGT TCC GCG TAC CTG TCC TCT GAA GAG TTC AAA GAA AAA TTC GGC ATG ACC AAA GAA GCG TTC TAC AAA CTG CCG AAA TGG AAG CAG AAT AAG TTC CGC ATG GCG GTG CAG CTG TTT,0.6032021093960571
CCG GCT CAC CCG TAC GAC TGC CTG AAA ACC ACC TCT ACC TTC CCG GTT TCT GAC ATC GAC GTT ACC CGT CGT GAA GCG TAT CTG TCC TCC GAA GAG TTC AAA GAG AAA TTC GGT ATG ACC AAG GAG GCG TTT TAC AAA CTG CCG AAA TGG AAG CAG AAC AAA TTC AAA ATG GCG GTG CAA CTG TTT,1.4166278942099833
CCG GCG CAC CCG TAC GAC CGT CTG AAA ACC ACC TCT ACT GAT CCA GTT TCT GAC GAA GAC GTT ACC CGT CGT GAG GCG TAC CTG TCT TCT GAG GAA TTC AAG GAA AAA TTC GGC ATG ACC AAG GAA GCG TTC TAC AAA CTG CCG AAA TGG AAA CAG AAC AAA TTC AAA ATG GCT GTT CAG CTG TTC,0.7640189311958792
CCG GCT CAC CCG TAC GAC CGT CTG AAA ACC ACC TCT ACC GAC CCG GTT TCT GAT ATC GAC GTT ACC CGT CGT GAA GCG TAC CTG TTT TCC GAA CAC TTC AAA GAA AAA TTC GGC ATG ACC AAA GAA GCG TTC TAC AAA CTG CCG AAA TGG AAA CAG AAC AAG TTC AAA ATG GCT GTT CAG CTG TTC,0.5529336221199477
CCG GCG CAC CCG TAC GAC CGT CTG AAA ACC ACC TCT ACC GAC CCG GTT TCT GAC ATC GAC GTT ACC GAA CGT GAA GCG TAC CTG TCT TCT GAG GAA TTC AAG GAG AAA TTC GGC ATG ACC AAG GAA GCG TTC ATC AAA CTG CCA AAG TGG AAA CAG AAC AAA TTC AAA ATG GCG GTT CAG CTG TTC,0.6401571506174929
CCA GCG CAC CCG TAC GAC CGT CTG AAA ACC ACC TCT ACT GAT CCA GTT TCT GAC ATC GAC GTG ACC CGT CGC GAA GCG TAC CTC TCT TCC GAA GAA TTC AAG GAG AAA TTC GGC ATG ACT AAG GAG GCG TTC TAC AAA CTG CCG AAA TGG AAA CAG AAC AAA TTC AAA ATG GCG GTG CAG CTC CGC,1.5001293838700958
CCA GCG CAC CCG TAC GAC CGT CTG AAA ACC ACC TCT ACC GAC CCG GTT TCT GAT ATC GAC GTT ACC TCT CGT GAA GCG TAC CTG TCT TCC GAA GAA TTC AAA GAA AAG TTC GGC ATG ACC AAA GAG GCG TTC TAC AAA CTG CCG AAA TGG AAA CAG AAC AAA TTC AAC ATG GCG GTT CAG CTG TTC,0.4652308117671319
CCG GCT CAC CCA TAC GAC CGT CTG AAA ACC ACC TCT ACC GAC CCG GTT TCT GAC ATC GAC GTT ACC CGT CGT GAA GCG TAC CTG TCT TCC GAG GAG TTC AAG GAA AAA TTC GGT ATG ACC AAA GAA GCG TTC TAC AAA CTG CCG AAA TGG AAG CAG ATC AAA TTC AAA ATG GCT GTT CAG CTG TTC,1.5010782315140168
CCG GCG CAC CCA TAC AAT CGT CTG GAA ACC ACT TCT ACC GAC CCG GTT TCT GAC ATT GAC GTT ACC CGT CGT GAA GCG TAC CTG TCT TCC GAA GAG TTC AAG GAA AAA TTC GGC ATG ACT AAG GAA GCG TTT TAC AAA CTG CCG AAA TGG AAA CAG AAC AAA TTC AAA ATG GCT GTT CAG CTG TTC,0.7160827554290354
CCG GCG CAT CCG TAC GAC CGT CTG AAA ACC ACC TCT ACC GAC CCG GTT TCT GAT ATC GAC GTT ACC CGT CGT GAA GCG TAC CTG TCT TCT GAG GAA GCG AAA GAA AAG TTC GGT ATG ACC AAA GAA GCG TTC TAC AAA CTG CCG AAG TGG AAA CAG AAC AAA TTC AAA ATG GCG GTT CAG CTG TTC,-0.1324644774350059
CCA GCT CAC CCG TAC GAC CGT CTG AAA ACC ACC TCT ACC GAC CCG GTT TCT GAC ATC GAC GTT ACC CGT CGT GAA GCG TAC CTG TCT TCT GAG GAA TTC AAG GAA AAG TTC GGC ATG ACC AAA GAG GCG TTC CCG AAA CTG CCG AAA TGG AAA CAG AAC AAA TTC GGT ATG GCG GTT CAG CTG TTC,-3.832813501417294
CCG GCG CAT CCG TAC GAC CGT CTG AAA ACC ACC TCT ACC GAC CCA GTT TCT GAT ATC TAC GTT ATG CGT CGT GAA GCG TAC CTG TCT TCT GAG GAG TTC AAG GAG AAA TTC GGC ATG ACC AAA GAG GCG TTC TAC AAA CTG CCG AAA TGG AAA CAG AAC AAA TTC AAA ATG GCG GTT CAG CTC TTT,-0.4278029876463732
CCG GCG CAC CCG TAC GAC CGT CTG AAG ACC ACT TCT ACC GAC CCG GTT TCT GAC ATC GAC GTT ACT CCG CGT GAA GCG TAC CTG TCC TCT GAG GAG TTC AAA GAA AAG TTC GGT ATG ACC AAG GAA GCT TTC CCG AAA CTG CCG AAA TGG AAA CAG AAC AAA TTC AAG ATG GCG GTG CAG CTG TTC,-3.729209859085208
CCG GCG CAT CCG TAC GAC CGT CTG AAA ACC ACC TCT ACC GAC CCA GTG TCC GAT ATC CTG GTT ACC CGT CGT GAA GCG TAC CTG TCC TCC GAA GAG TTC AAA GAG AAA TTC GGT ATG ACC AAA GAG GCG TTT TAC AAA CTC CCG AAA TGG AAG CAG AAC AAA TTC AAA ATG GCG GTT CAG CTG TTC,0.6160825992652744
CCA GCG CAC CCG TAC GAC CGT CTG AAA ACC ACC TCT ACC GAT CCA GTT TCT GAC ATT GAC GTT ACC ATG CGT GAA GCG TAC CTG TCC TCT GAA GAA TTC AAA GAA AAG TTC GGC ATG ACC AAG GAA GCG TTC TAC AAA CTG CCG AAA TGG AAA CAG AAC AAA TTC TGG ATG GCT GTG CAA CTC TTC,1.0707390836384876
CCG GCG CAT CCG TAC GAC CGT CTG AAA ACC ACC TCT ACC GAT CCG GTT TCT GAC ATT GAC GTT ACC CGT CGT GAA GCG TAC CTC TCT TCT GAA GAG TTC AAA GAG AAA TTC GGC ATG ACC AAA GAA GCG TTC TAC AAA CTG CCG AAA TGG AAA CAG AAC AAA TTC AAA ATG GCG GTT CAG CTC ATT,1.419032923770548
CCG GCG CAC CCG TAC GAC CGT CTG AAA GTT ACC TCT ACC GAC CCA GTT TCT GAC ATC GAC GTT ACC CGC CGT GAG GCG TAC CTC TCC TCT GAG GAG TTT AAG GAA AAG TTC GGC ATG ACC AAA GAA GCG TTC TAC AAA CTG CCG AAA TGG AAA CAG AAC AAA TTC AAA ATG GCG GTT CAG CTG TTC,1.312109449402094
CCG GCT CAC CCG TAC GAC GAC CTG AAA ACC ACC TCT ACC GAC CCG GTT TCT GAC ATC GAC GTT ACC CGT CGT GAA GCG TAC CTG TCT TCC GAG GAA TTC AAG GAA AAG TTC GGT ATG ACC AAA GAA GCG TTC TAC AAG CTG CCG AAA TGG AAA CAG AAC AAA TTC AAA ATG GCG GTG CAG CTG TTC,0.9257166494612838
CCG GCG CAC CCG TAC GAC CGT CTG AAA ACC ACC TCT ACC GAC CCG GTT TCT GAC ATC GAC GTT ACC CTG CGT GAA GCG TAC CTG TCT TCC GAG GAA TTC AAA GAA AAG TTC GGC ATG ACC AAA GAA GCG TTC TAC AAA CTG CCG AAA TGG AAA CAG AAC AAA TTC CCG ATG GCG GTT CAG CTG TTC,0.3380290485917774
CCG GCG CAC CCG TAC GAC CGT CTC AAG ACT ACC TCT ACC GAC CCG GTG TCT GAC ATT GAC GTT ACC CGT CGT GAA GCG TAC CTG GCT TCT GAA TAC TTC AAA GAA AAG TTC GGT ATG ACC AAG GAG GCG TTC TAC AAA CTC CCG AAG TGG AAA CAG AAC AAA TTC AAA ATG GCG GTT CAG CTG TTC,0.4406154359370826
CCG GCT CAC CCG TAC GAC CGT CTG AAA ACC ACC TCT ACC GAC CCA GTT TCT GAT ATC GAC GTT ACC CTG CGT GAA GCG TAC CTG TCT TCC GAG GAA TTC AAG GAA AAA TTC GGT ATG ACC AAG GAA GCG TTC GCT AAA CTG CCG AAA TGG AAA CAG AAC AAA TTC AAA ATG GCG GTT CAG CTG TTC,0.8411703523439082
CCG GCG CAC CCG TAC AAA CGT CTG CGT ACC ACT TCC ACC GAC CCG GTT TCT GAC ATC GAC GTT ACC CGT CGT GAA GCG TAC CTG TCT TCC GAA GAA TTC AAG GAG AAA TTC GGT ATG ACC AAA GAG GCG TTC TAC AAG CTG CCG AAA TGG AAA CAG AAC AAA TTC AAA ATG GCT GTT CAG CTC TTT,-1.401754372277491
CCG GCG CAC CCA TAC GAC CGT CTG AAA ACC ACC TCT ACC GAC CCG GTT TCT GAC ATT GAC GTT ACT ACC CGC GAA GCT TAC CTG TCT TCT GAG GAG TTC AAG GAG AAA TTC GGC ATG ACC AAA GAA GCG TTC TAC AAA CTG CCG AAG TGG AAA CAG AAC AAA TTC ACT ATG GCG GTG CAA CTG TTC,0.6430478572921969
CCA GCT CAC CCG TAC GAC CGT CTG AAA ACC ACC TCT ATC GAC CCA GTT TCT GAC ATT GAC GTT ACC CGT CGT GAA GCG TAC CTG TCT TCT GAA GAA TTC AAA GAG AAG TTC GGC ATG ACC AAA GAG GCG TTC TAC AAA CTG CCG AAA TGG AAG CAG AAC AAG TTC AAG ATG GCG GTG CAG CTG TTT,1.1528479471188369
CCG GCG CAC CCG TAC CGT CGT CTG TAC ACC ACT TCT ACC GAC CCA GTT TCT GAC ATT GAC GTT ACC CGT CGT GAA GCG TAC CTG TCC TCT GAA GAA TTC AAG GAG AAG TTC GGT ATG ACC AAA GAG GCG TTC TAC AAA CTG CCG AAA TGG AAA CAG AAC AAG TTC AAA ATG GCT GTT CAG CTG TTC,-0.894698940498449
CCG GCT CAT CCG TAC GAC CGT CTG AAA ACC ACC TCT ACC GAC CCG GTT TCT GAT ATC GAC GTT ACC CGT CGT GAA GCG TAC CTG TCT TCT GAG GAG TTC AAA GAA AAA TTC GGC ATG ACC AAA GAA GCG TTC GCT AAG CTG CCG AAA TGG AAA CAG AAC AAA TTC TAC ATG GCG GTT CAG CTG TTC,0.8373520141472023
CCG GCG CAT CCG TAC GAC CGT CTG AAA ACC ACC TCT ACC GAT CCG GTT TCT GAC ATC GAC GTT ACT CGT CGT GAA GCG TAC CTG CTG TCT GAA GGT TTC AAG GAA AAA TTC GGT ATG ACC AAG GAG GCG TTC TAC AAA CTG CCG AAA TGG AAA CAG AAC AAA TTC AAA ATG GCG GTT CAG CTG TTC,0.2721529339322592
CCG GCG CAC CCG TAC GAC CGT CTG AAA ACC ACC TCT ACT GAC CCA GTT TCT GAC ATC GGT GTT GTT CGT CGT GAA GCG TAC CTG TCC TCT GAG GAG TTC AAA GAA AAA TTC GGT ATG ACC AAG GAG GCG TTC TAC AAA CTG CCG AAA TGG AAA CAG AAC AAA TTC AAA ATG GCG GTT CAG CTG TTC,0.6231910143410175
CCG GCT CAT CCA TAC GAC CGC CTG AAA ACC ACC TCT ACC GAC CCG GTT TCT GAC ATC GAC GTT ACC CGT CGT GAA GCG TAT CTC TCC TCT GAG GAA TTC AAG GAA AAA TTC GGC ATG ACC AAA GAA GCG TTC TAC AAA CTC CCG AAA TGG AAG CAG AAC AAA TTC AAA ATG GCG GTG CTG CTG TTC,1.5610686849116244
CCG GCT CAC CCG TAC GAC CGT CTG AAA ACC ACC TCT ACC GAC CCG GTT TCT GAC ATT GAT GTT ACT CGT CGT GAA GCG TAC CTG TCT TCC GAA GAA TTC AAA GAA AAA TTC GGC ATG ACC GAC GAA GCG TTC TAC AAA CTG CCG AAG TGG AAA CAG AAC AAA TTC AAG ATG GCG GTG CAG CTG TTC,0.4074146549094481
CCG GCG CAT CCG TAC GAC CGT CTG AAA ACC ACC TCT ACC GAC CCG GTT TCT GAC ATC GAC GTT ACC ACT CGT CTG GCG TAC CTG TCT TCT GAG GAG TTC AAA GAA AAA TTC GGC ATG ACT AAG GAA GCG TTC TAC AAA CTG CCG AAA TGG AAA CAG AAC AAA TTC AAA ATG GCG GTG CAA CTG TTC,0.8663089814998743
CCA GCT CAT CCA TAC GAT CGC CTG AAA ACC ACC TCT ACC GAC CCG GTT TCT GAC ATC GAC GTG ACC ACC CGT GAA GCG TAC CTG TCC TCT GAG GAA TTC AAG GAG AAA TTC GGC ATG ACC AAG GAA GCG TTT GCT AAG CTG CCG AAA TGG AAA CAG AAC AAA TTC AAA ATG GCG GTG CAG CTG TTC,0.7287046628513993
CCG GCG CAT CCA TAC GTG CGC CTG GGT ACC ACC TCT ACT GAC CCG GTT TCT GAC ATT GAC GTT ACC CGT CGT GAG GCG TAC CTG TCT TCT GAG GAG TTC AAG GAA AAG TTC GGT ATG ACC AAA GAA GCG TTC TAC AAA CTG CCG AAA TGG AAA CAG AAC AAA TTC AAA ATG GCT GTT CAG CTG TTC,0.1040399938512956
CCG GCG CAT CCG TAC GAC CGC CTC AAA ACC ACT TCT ACC GAC CCG GTT TCT GAC ATC GAC GTT ACC CGT CGC AAC GCG TAC CTG TCT TCT GAA GAG TTC AAG GAG AAG TTC GGT ATG ACC AAG GAG GCG TTC TAC AAA CTG CCG AAA TGG AAA CAG AAC AAA TTC GAC ATG GCG GTT CAG CTG TTC,0.1949683631476181
CCG GCG CAC CCA TAC GAC CGT CTG AAA ACC ACC TCT ACC GAC CCA GTT TCT GAC ATC TCT GTT CGT CGT CGT GAG GCG TAC CTG TCT TCC GAA GAG TTC AAG GAA AAA TTC GGC ATG ACC AAA GAG GCG TTC TAC AAG CTC CCG AAA TGG AAG CAA AAC AAA TTC AAG ATG GCT GTG CAG CTC TTC,0.6754320669807388
CCG GCG CAC CCG TAC GAC CGT CTG AAA ACC ACC TCT ACT GAC CCG GTT TCC GAC ATC GAC GTT ACT CGT CGT GAA GCG TAC ACC TCT TCC GAG GAG TTC AAA GAA AAA TTC GGC ATG ACC AAA GAA GCG TTC TAC AAG CTG CCG AAA TGG AAA CAG AAC AAA TTC AAA ATG GCT GTT CAG CTG TTC,0.3039665526467632
CCA GCT CAC CCG TAC GAC CGT CTG AAA ACC ACC TCT ACC GAC CCA GTG TCT GAC ATC GAC GTT ACC GAG CGT GAA GCG TAT CTG TCT TCT GAG GAG TTC AAG GAA AAA TTC GGC ATG ACC AAG GAA GCG TTC TAC AAA CTG CCG AAG TGG AAA CAG AAC AAG TTC GGT ATG GCG GTT CAG CTG TTC,0.1418989041082535
CCG GCT CAT CCG TAC GAC CGT CTG AAA ACT ACC TCT ACC GAC CCG GTT TCT GAC ATC GAC GTT ACC TCT CGT CAC GCG TAT CTG TCT TCC GAG GAG TTC AAG GAA AAA TTC GGT ATG ACC AAA GAA GCT TTC TAC AAA CTG CCG AAG TGG AAA CAG AAC AAA TTC AAA ATG GCG GTT CAG CTG TTT,0.6466382332974341
CCG GCG CAC CCG TAC GAC CGT CTG AAA ACC ACC TCT ACC GAC CCG GTT TCT GAC ATC CTG GTT TAC CGT CGT GAA GCG TAC CTG TCT TCT GAA GAG TTC AAG GAG AAA TTC GGT ATG ACC AAA GAG GCG TTC TAC AAA CTG CCG AAA TGG AAA CAG AAC AAA TTC AAA ATG GCG GTT CAG CTG TTC,0.0920367697769551
CCG GCG CAT CCG TAC GAC CGT CTG AAA ACC ACC TCT ACC GAT CCG GTT TCT GAC ATC GAC GTT ACC GAG CGT GAA GCT TAC CTG TCT TCT GAG GAG TTC AAA GAG AAG TTC GGT ATG ACC AAG GAG GCG TTT ATG AAA CTG CCG AAA TGG AAA CAG AAC AAA TTC AAA ATG GCG GTT CAG CTG TTT,0.7263242588963574
CCG GCG CAC CCG TAC GAC CGT CTG AAA ACT ACC TCT ACC GAC CCG GTT TCT GAC ATT GAC GTT ACC CGT CGT GCG GCG TAC CTG TCT TCT GAA GAG TTC AAA GAG AAA TTC GGT ATG ACC AAG GAA GCG TTC TAC AAA CTG CCG AAA TGG AAA CAG AAC AAG TTT TTC ATG GCT GTT CAG CTG TTC,0.9778495911263504
CCG GCG CAC CCG TAC GAC CGT CTG AAA ACC ACC TCT ACT GAC CCG GTT TCT GAC ATT GAC GTT ACC CGT CGT GAA GCG TAC CTG TCC TCT GAA GAG TTC CAG GAA AAA TTC GGT ATG ACC AAA GAG GCG TTC TAC AAA CTG CCG AAA TGG AAA CAG AAC AAA TTC AAA ATG GCG GTT CAG CTG TTC,1.698880221818969
CCG GCG CAT CCA TAT CAG CGT CTG CAC ACT ACC TCT ACC GAC CCA GTT TCT GAC ATT GAC GTT ACC CGT CGT GAA GCG TAC CTG TCT TCC GAG GAA TTC AAG GAA AAG TTC GGT ATG ACC AAG GAA GCG TTC TAC AAA CTG CCG AAA TGG AAA CAG AAC AAA TTC AAA ATG GCG GTT CAG CTG TTC,0.0182006035004206
CCA GCG CAC CCG TAC GAC CGT CTG AAA ACC ACC TCT ACC GAC CCA GTT TCT GAC ATT GAC GTT ACC CGT CGT GAA GCG TAC CTC TCT TCC GAA GAG TTC AAG GAA AAG TTC GGT ATG ACC AAG GAA GCG TTC TAC AAA CTG CAG AAG TGG AAG CAG AAC AAA TTC AAA ATG GCG GTT CAG CTG TTC,0.3016698943896211
CCG GCT CAC CCG TAC GAC CGT CTG AAA ACC ACC TCT ACC GAC CCG GTT TCT GAC ATC GAC GTT ACC CGT CGC GAA GCT TAC CTG TCT TCC GAA GAA TTC AAA GAA AAG TTC GGT ATG ACC TGG GAA GCG TTC TAC AAG CTG CCG AAA TGG AAA CAG AAC AAA TTC AAG ATG GCG GTT CAG CTG TTC,0.9135360624844532
CCG GCG CAC CCG TAC GAC CGT CTG AAA ACC ACC TCT ACC GAC CCG GTT TCT GAC ATC GAC GTT ACC CGT CGT CAG GCG TAC CTG TCT TCC GAG GAG TTC AAA GAG AAA TTC GGT ATG ACT AAG GAA GCG TTC TAC AAA CTG CCG AAA TGG AAG CAG AAC AAA TTC GCG ATG GCG GTT CAG CTG TTC,0.6964875670105176
CCG GCT CAC CCG TAC GAC CGT CTG AAA ACC ACC TCT ACC GAC CCG GTT TCT GAC ATC GAC GTT ACC CGT CGT GAA GCG TAC CTG GGT TCT GAA TAC TTC AAG GAA AAG TTC GGC ATG ACC AAA GAG GCG TTC TAC AAA CTG CCG AAA TGG AAA CAG AAC AAG TTC AAA ATG GCG GTG CAG CTG TTC,0.4877865863340144
CCG GCG CAC CCG TAC GAC CGT CTG AAA ACC ACC TCT ACC GAC CAG GTT TCT GAC ATC GAC GTG ACC CGT CGC GAA GCG TAC CTG TCC TCT GAG GAA TTC AAA GAA AAG TTC GGT ATG ACC AAG GAG GCG TTT TAC AAA CTG CCG AAA TGG AAA CAG AAC AAA TTC AAG ATG GCG GTT CAG CTG TTC,0.7411777481222168
CCG GCG CAC CCG TAT GAT CGT CTG AAA ACC ACC TCT ACC GAT CCG GTT TCT GAC ATT GAC GTT ACC CGT CGT GAA GCG TAC CTG TCT TCC GAA GAG TTC AAA GAA AAG TTC GGC ATG ACC AAA GAA GCG TTT ATC AAA CTG CCG AAA TGG AAA CAG AAC AAA TTC CAG ATG GCG GTG CAG CTG TTC,0.3646153381235409
CCA GCT CAC CCG TAC GAC GTT CTG AAA ACC ACC TCT ACC TTC CCG GTT TCT GAC ATC GAC GTT ACC CGT CGT GAA GCG TAC CTG TCC TCC GAA GAG TTC AAA GAA AAG TTT GGC ATG ACC AAA GAA GCG TTC TAC AAG CTG CCG AAA TGG AAA CAG AAC AAA TTC AAA ATG GCG GTT CAG CTG TTC,1.0792033531501346
CCA GCG CAC CCG TAC GAC CGT CTC AAA ACC ACC TCT CAG GAC CCG GTT TCT GAC ATC GAC GTT ACC CGT CGT GAA GCG TAC CTC TCT TCC GAG GAA TTC AAG GAA AAG TTC GGT ATG ACC AAA GAG GCG TTC TAC AAA CTG CCG AAA TGG AAA CAG AAC AAG TTC AAA ATG GCG GTT CAG CTG TTC,1.3221687039291927
CCG GCT CAC CCG TAC GAC CGT CTG AAA ACC ACC TCT ACC GAC CCG GTT TCT GAC ATC AAC GTT CGT CGT CGT GAA GCG TAC CTG TCC TCC GAA GAA TTC AAG GAG AAG TTC GGT ATG ACC AAA GAA GCG TTT TAC AAA CTG CCG AAA TGG AAG CAG AAC AAA TTC AAA ATG GCG GTT CAG CTG TTC,0.6258346552012117
CCA GCG CAC CCG TAC GAC CGT CTG AAA GAA ACC TCT ACC GAC CCG GTT TCT GAT ATC GAC GTT ACC CGT CGT GAA GCG TAC CTG TCC TCT GAA GAA TTC AAG GAG AAG TTC GGT ATG ACC AAA GAG GCG TTC TAC AAA CTG CCG AAA TGG AAG CAG AAC AAA TTC AAA ATG GCG GTT CAG CTG TTC,0.8367855950020093
CCG GCT CAC CCA TAC GAC CGT CTG AAA ACC ACC TCT ACC GAC CCG GTT TCT GAC ATC GAC GTT ACC CGT CGT TTC GCG TAC CTG TCT TCC GAA GAG TTC AAA GAA AAA TTC GGC ATG ACC AAG GAA GCG TTC TAC AAA CTC CCG AAA TGG AAA CAG AAC AAA TTC CTG ATG GCG GTT CAG CTG TTC,1.0413412269527689
CCG GCG CAC CCG TAC ATC CGT CTG GTT ACT ACC TCT ACC GAC CCG GTG TCC GAC ATC GAC GTT ACT CGT CGT GAA GCG TAC CTG TCT TCC GAA GAG TTC AAA GAA AAG TTC GGC ATG ACT AAA GAG GCG TTC TAC AAA CTG CCG AAA TGG AAG CAA AAC AAA TTC AAA ATG GCT GTT CAG CTG TTT,0.6206139544582905
CCG GCG CAC CCG TAC GAC CGT CTG AAA ACT ACC TCT ACC GAC CCG GTT TCT GAC ATT GAC GTT ACC CGT CGT GAA GCG TAC CTG GGT TCT GAG CAC TTC AAA GAA AAA TTC GGT ATG ACC AAG GAA GCG TTC TAC AAA CTG CCG AAA TGG AAA CAG AAC AAA TTC AAA ATG GCG GTT CAG CTG TTC,0.2895607147125371
CCG GCG CAT CCG TAC GAC CGT CTG AAA ACC ACC TCT ACC GAC CCG GTG TCC GAC ATC GAC GTT ACC CGT CGC ATC GCT TAT CTC TCT TCC GAA GAG TTC AAA GAG AAG TTC GGT ATG ACC AAG GAA GCG TTC TAC AAA CTG CCG AAA TGG AAA CAG AAC AAA TTC ACC ATG GCG GTT CAA CTG TTC,0.8757335305252079
CCG GCT CAC CCG TAC GAC CGT CTG AAA ACC ACC TCT ACC GAC CCG GTT TCT GAC ATC GAC GTT ACC TCT CGT GAA GCG TAC CTG TCT TCT GAA GAG TTC AAG GAA AAA TTC GGC ATG ACC AAA GAA GCG TTC GAA AAA CTG CCG AAA TGG AAA CAG AAC AAA TTC AAA ATG GCG GTT CAG CTG TTC,0.6105246712688053
CCG GCT CAC CCG TAC GAC CGT CTG AAA ACC ACC TCT ACC GAC CCG GTT TCT GAC ATC GAC GTT ACC GCG CGT GAA GCG TAC CTG TCT TCC GAA GAG TTC AAA GAG AAA TTT GGT ATG ACC AAG GAA GCG TTC TAC AAA CTG CCG AAA TGG AAG CAG AAC AAA TTC GGC ATG GCG GTG CAG CTC TTC,0.2113426059866566
CCA GCT CAC CCG TAC GAC CGT CTG AAA ACC ACC TCT ACC GAC CCG GTT TCT GAC ATC GAC GTT ACC CAC CGC GAG GCG TAC CTG TCC TCT GAG GAG TTC AAG GAA AAG TTC GGC ATG ACC AAG GAA GCG TTC TAC AAA CTG CCG AAA TGG AAA CAG AAC AAA TTC CTG ATG GCG GTT CAG CTG TTC,0.831138654996334
CCG GCG CAC CCG TAC GAC CGT CTG AAA ACC ACC TCT ACC GAC CCG GTT TCT GAC ATC GAC GTT ACC GTT CGT GAA GCG TAC CTC TCT TCT GAG GAA TTC AAG GAG AAA TTC GGT ATG ACC AAG GAA GCG TTT GCG AAA CTG CCG AAA TGG AAA CAG AAC AAA TTC AAA ATG GCG GTT CAA CTG TTC,0.7462250392537031
CCG GCG CAC CCG TAC GAC CGT CTG AAA ACC ACC TCT ACC GAC CCG GTT TCT GAT ATT GAC GTT ACC CTG CGT AAA GCG TAC CTC TCC TCT GAA GAG TTC AAA GAA AAG TTC GGC ATG ACC AAA GAG GCG TTC TAC AAA CTG CCG AAA TGG AAA CAG AAC AAA TTC AAA ATG GCG GTG CAG CTG TTC,0.8443690635990415
CCA GCG CAC CCG TAC GAC CGT CTG AAA ACC ACC TCT ACC GAC CCG GTT TCT GAC ATC GAC GTT ACC CAG CGC GAA GCT TAC CTC TCC TCC GAG GAG TTC AAG GAA AAG TTT GGT ATG ACC AAA GAG GCG TTC GTT AAA CTG CCG AAG TGG AAG CAG AAC AAA TTC AAA ATG GCG GTT CAG CTG TTC,0.735534344537661
CCG GCG CAT CCG TAT GAC CGT CTG AAA ACC ACC TCT ACC GAT CCG GTT TCT GAC ATT GAC GTG ACC CGT CGT GGT GCG TAC CTG TCT TCC GAA GAA TTC AAA GAG AAA TTC GGC ATG ACC AAA GAA GCG TTC TAC AAA CTG CCA AAG TGG AAA CAG AAC AAA TTC TGG ATG GCG GTT CAG CTG TTC,1.0469684626558011
CCA GCG CAT CCG TAC GAC CGT CTG AAA ACC ACC TCT ACC GAC CCG GTT TCT GAC ATC TTC GTT ACC CGT CGT GAA GCT TAC CTG TCC TCC GAG GAA TTC AAA GAA AAA TTC GGC ATG ACC AAA GAA GCG TTC TAC AAG CTG CCG AAA TGG AAA CAG AAC AAA TTC AAG ATG GCG GTT CAG CTG TTC,0.5983081678300997
CCG GCG CAC CCG TAC GAC CGT CTG AAG ACC ACC TCT ACC GAC CCG GTT TCT GAC ATC TAC GTT GTT CGT CGT GAA GCG TAT CTG TCC TCC GAA GAG TTC AAA GAA AAG TTC GGT ATG ACC AAA GAA GCG TTC TAC AAA CTG CCG AAA TGG AAG CAG AAC AAA TTC AAA ATG GCG GTT CAG CTG TTC,0.375215348698132
CCA GCT CAC CCG TAC GAC CGT CTG AAA ACC ACC TCT ACC GAT CCG GTT TCT GAC ATC GAC GTT ACT CGT CGT GAA GCG TAC CTG TCC ATC GAA GAA TTC AAA GAG AAG TTC GGT ATG ACC AAA GAG GCG TTC TAC AAA CTG CCG AAA TGG AAA CAA AAC AAG TTC AAA ATG GCT GTT CAG CTG TTT,1.351613685824161
CCG GCG CAT CCG TAC GAC CGT CTG AAA ACC ACC TCT ACC GAT CCG GTT TCT GAC ATT GAC GTT ACC CGT CGT GAA GCG TAC CTG ATG TCC GAG TTC TTC AAA GAA AAG TTC GGC ATG ACC AAA GAA GCG TTC TAC AAA CTG CCG AAA TGG AAG CAG AAC AAA TTC AAA ATG GCG GTT CAG CTG TTC,0.5683462494857454
CCG GCG CAC CCG TAC GCT CGT CTC CGT ACC ACC TCT ACC GAT CCG GTT TCT GAC ATT GAC GTT ACC CGC CGT GAA GCG TAC CTG TCT TCT GAG GAG TTC AAG GAA AAG TTC GGT ATG ACC AAG GAG GCG TTC TAC AAA CTG CCG AAA TGG AAA CAG AAC AAA TTC AAA ATG GCG GTT CAG CTC TTC,-1.007726940049052
CCG GCG CAC CCG TAC GAC CGC CTG AAA ACC ACC TCT ACC GAC CCG GTT TCT GAC ATC GAC GTT ACC CGT CGT GAA GCG TAC CTG TCT TCT GAG GAG TTC AAG GAA AAA TTC GGC ATG ACC AAA GAA AAC TTC TAC AAG CTG CCG AAA TGG AAG CAG AAC AAA TTC AAA ATG GCT GTT CAA CTG TTC,1.1024746257751306
CCG GCG CAT CCG TAC GAC CGT CTG AAA ACC ACC TCT ACC GAT CCG GTT TCT GAC ATC GAC GTT ACC CGT CGT CGT GCG TAC CTG TCC TCT GAA GAG TTC AAA GAA AAA TTC GGC ATG ACC AAG GAA GCG TTT CCG AAA CTG CCG AAA TGG AAA CAG AAC AAA TTC AAA ATG GCG GTT CAG CTG TTC,-2.100703583042832
CCG GCG CAC CCG TAC GAC CGT CTG AAA CAG ACC TCT ACC GAC CCG GTT TCT GAC ATC GAC GTT ACC CGT CGT GAA GCG TAT CTG TCC TCC GAA GAA TTC AAG GAA AAA TTC GGT ATG ACC AAG GAA GCT TTC TAC AAA CTC CCG AAG TGG AAG CAG AAC AAA TTC AAA ATG GCG GTT CAA CTG TTC,0.7698083812713767
CCG GCG CAC CCG TAC GAC CGC CTG AAA ACC ACC TCT ACC GAC CCG GTT TCT GAC ATC GAC GTT ACT ACC CGT GAG GCG TAC CTG TCT TCT GAA GAG TTC AAG GAA AAA TTC GGT ATG ACC AAA GAG GCG TTC GGT AAA CTG CCG AAA TGG AAA CAG AAC AAG TTC AAA ATG GCG GTT CAG CTG TTC,0.4795848067042264
CCA GCG CAC CCG TAC GAC AAA CTC AAA ACC ACC TCT ACC CTG CCG GTG TCT GAC ATC GAC GTT ACC CGT CGT GAA GCG TAC CTG TCT TCC GAA GAG TTC AAG GAA AAA TTC GGC ATG ACC AAA GAG GCG TTC TAC AAA CTG CCG AAA TGG AAA CAG AAC AAA TTC AAA ATG GCG GTT CAG CTG TTC,0.8811507877975921
CCA GCT CAC CCA TAC GAC CGT CTG AAA ACT ACC TCT ACC GAC CCG GTT TCT GAC ATC GAC GTT ACT CGT CGC GAA GCT TAC CTG TCT TCC GAA GAG TTC AAG GAA AAG TTC GGC ATG ACC CGT GAA GCG TTC TAC AAA CTG CCG AAA TGG AAA CAG AAC AAA TTC AAA ATG GCG GTG CAA CTG TTC,1.151056735745518
CCA GCG CAC CCG TAT GGT CGT CTG TTC ACC ACC TCT ACC GAT CCG GTT TCT GAC ATC GAC GTT ACT CGC CGT GAG GCG TAC CTG TCT TCT GAG GAA TTC AAG GAG AAA TTC GGT ATG ACC AAA GAG GCG TTC TAC AAA CTG CCG AAA TGG AAA CAG AAC AAA TTC AAA ATG GCG GTT CAG CTG TTC,0.0983125995805613
CCG GCG CAC CCG TAC GAC CGT CTG AAA ACC ACC TCT ACC GAC CCG GTT TCT GAC ATC GTT GTT TAC CGT CGT GAA GCG TAC CTC TCC TCC GAA GAA TTC AAG GAA AAA TTC GGC ATG ACC AAG GAA GCG TTC TAC AAA CTG CCG AAG TGG AAA CAG AAC AAA TTC AAA ATG GCG GTT CAG CTG TTC,0.5029460607548517
CCA GCT CAT CCA TAC GAC AAA CTC AAG ACC ACC TCT ACC ATG CCG GTT TCT GAC ATC GAC GTT ACC CGT CGT GAA GCG TAC CTG TCT TCT GAG GAA TTC AAG GAG AAG TTC GGT ATG ACC AAA GAA GCG TTC TAC AAA CTG CCG AAG TGG AAA CAG AAC AAA TTC AAA ATG GCG GTT CAG CTG TTC,0.7940711450794347
CCG GCG CAC CCG TAC GAC CGT CTG AAA ACC ACT TCT ACC GAT CCG GTT TCT GAC ATC GAC GTT ACC CGT CGT GAA GCG TAC CTG TCT TCT GAG GAG TTC AAA GAG AAG TTC GGT ATG GCG AAG GAA GCG TTC TAC AAA CTG CCG AAG TGG AAA CAG AAC AAA TTC AAA ATG GCG GTT CAG CTG TTC,0.9913896683753416
CCG GCG CAC CCG TAC GAC CGT CTG AAA ACT ACC TCT ACC GAC CCA GTT TCT GAC ATC GAC GTT ACC CGC CGT TGG GCG TAC CTG TCT TCT GAA GAG TTC AAA GAA AAG TTC GGC ATG ACC AAA GAA GCG TTC TAC AAA CTG CCG AAA TGG AAA CAG AAC AAA TTC AAA ATG GCG GTT CAG CTG TTT,0.7397337190908677
CCG GCG CAC CCG TAC GAC CGT CTG AAA ACC ACC TCT ACC GAC CCG GTT TCT GAC ATC GAC GTT ACT CGC CGT AAC GCG TAC CTC TCT TCT GAA GAA TTC AAG GAG AAA TTC GGC ATG ACC AAA GAA GCG TTC ACC AAA CTG CCG AAA TGG AAA CAG AAC AAA TTC AAA ATG GCG GTT CAG CTG TTC,0.3552435055257963
CCG GCT CAC CCG TAC CGT CGT CTG GAC ACC ACC TCT ACC GAC CCG GTT TCT GAC ATC GAC GTT ACC CGT CGT GAA GCG TAC CTG TCC TCT GAA GAA TTC AAG GAA AAG TTC GGC ATG ACC AAA GAA GCG TTT TAC AAG CTG CCG AAG TGG AAA CAG AAC AAA TTC AAA ATG GCG GTT CAG CTG TTC,-0.1827826256758083
CCG GCT CAC CCG TAC GAC CGT CTG AAA ACC ACC TCT ACC GAC CCG GTT TCT GAC ATC GAC GTT ACC CGT CGT GAA GCG TAC CTG CAG TCT GAG GTG TTC AAA GAA AAG TTC GGT ATG ACC AAG GAA GCG TTC TAC AAG CTG CCG AAA TGG AAA CAG AAC AAA TTC AAA ATG GCG GTT CAG CTG TTC,0.5088641589316778
CCA GCG CAC CCG TAC AAC CGT CTG ATC ACC ACC TCT ACC GAC CCG GTT TCC GAC ATC GAC GTT ACC CGT CGT GAA GCG TAC CTC TCT TCT GAA GAA TTC AAG GAG AAG TTC GGT ATG ACC AAG GAA GCG TTC TAC AAA CTG CCG AAA TGG AAA CAG AAC AAA TTC AAA ATG GCG GTT CAA CTG TTC,0.8816588152650753
CCG GCT CAC CCG TAC GAC CGC CTG AAA ACC ACC TCT ACC GAC CCG GTT TCT GAC ATC GAC GTT ACC CGT CGT GAA GCG TAT CTG TCC TCC GAG GAA TTC AAG GAA AAG TTC GGT ATG TTC AAA GAG GCG TTC TAC AAA CTG CCG AAG TGG AAA CAG AAC AAA TTC AAA ATG GCG GTT CAG CTG TTC,0.6097446105251798
CCG GCG CAC CCG TAC AAC CGT CTG ACC ACT ACC TCT ACC GAC CCG GTT TCT GAC ATT GAC GTT ACC CGT CGT GAA GCG TAC CTG TCC TCT GAA GAG TTC AAG GAA AAA TTC GGC ATG ACC AAA GAA GCG TTC TAC AAA CTG CCG AAA TGG AAA CAG AAC AAA TTC AAA ATG GCG GTT CAG CTC TTC,0.8665099451688687
CCA GCG CAC CCG TAC GAC CGT CTG AAA ACC ACC TCT ACC GAC CCG GTT TCT GAC ATC GAC GTT ACC ACT CGC GAA GCG TAC CTG TCT TCT GAG GAG TTC AAA GAA AAA TTC GGC ATG ACC AAA GAA GCT TTC TAC AAG CTG CCG AAA TGG AAA CAG AAC AAG TTC GTT ATG GCT GTT CAG CTG TTT,0.7449448764347859
CCG GCG CAC CCG TAC GAC CGT CTG AAA ACC ACC TCT ACC GAC CCG GTT TCT GAC ATC GAC GTT ACC GCG CGT TAC GCG TAC CTG TCT TCT GAG GAA TTC AAA GAG AAA TTC GGC ATG ACC AAG GAA GCG TTC TAC AAA CTG CCG AAA TGG AAA CAG AAC AAA TTC AAA ATG GCG GTT CAG CTG TTC,0.6723897021181955
CCG GCG CAT CCG TAC GAC CGT CTG AAA ACC ACC TCT ACC GAC CCA GTG TCT GAC ATT GAC GTT ACC CGT CGT GAA GCG TAC CTG AAC TCC GAA GAA TTC AAA GAA AAA TTC GGC ATG ACC AAA GAA GCG TTC TAC AAA CTG CCG AAA TGG AAG CAG AAC AAA TTC AAG ATG GCT GTT CAG CTC TTC,1.0474302435914304
CCG GCT CAC CCG TAC GAC CGT CTG AAA ACC ACC TCT ACC GAC CCG GTT TCT GAC ATC GAC GTT ACC CGT CGT GTT GCG TAC CTG TCT TCT GAG GAA TTC AAA GAA AAG TTC GGC ATG ACC AAG GAA GCG TTT TAC AAA CTG CCG AAA TGG AAA CAG AAC AAA TTC CAC ATG GCG GTT CAG CTG TTC,0.6933238501004705
CCG GCG CAT CCG TAC GAC CGT CTG AAA ACC ACC TCT ACC GAT CCG GTG TCC GAT ATT GAC GTT ACC CGT CGT CGT GCG TAC CTG TCT TCC GAA GAG TTC AAG GAG AAG TTC GGT ATG ACC AAG GAA GCG TTC TAC AAA CTG CCG AAA TGG AAA CAG AAC AAA TTC GAC ATG GCG GTG CAG CTG TTC,0.2151511132416654
CCG GCG CAC CCG TAC GAC CGT CTG AAA ACC ACC TCT ACC GAC CCA GTT TCT GAC ATC GAC GTT ACC CTG CGT GCG GCG TAC CTG TCC TCC GAA GAG TTC AAA GAA AAG TTC GGT ATG ACC AAG GAA GCG TTC TAC AAA CTG CCG AAA TGG AAG CAG AAC AAA TTC AAA ATG GCT GTT CAG CTG TTC,0.7482328187990414
CCA GCG CAT CCG TAC GAC CGT CTG AAA ACC ACC TCT ACC GAC CCA GTG TCT GAC ATC GAC GTT ACC CGT CGT TAC GCT TAC CTG TCT TCT GAA GAG TTC AAG GAA AAA TTC GGC ATG ACC AAA GAA GCG TTC TAC AAA CTG CCG AAG TGG AAA CAG AAC AAG TTC ACT ATG GCG GTT CAG CTG TTC,0.6586671368602439
CCG GCG CAC CCG TAC GAC CGT CTG AAA ACC ACT TCT ACC GAC CCG GTT TCT GAC ATC GAC GTT ACC CGT CGT GAA GCG TAC CTG TCC TCT GAG GAA TTC AAG GAA AAA CAG GGC ATG ACC AAA GAG GCG TTC TAC AAA CTG CCG AAA TGG AAA CAG AAC AAA TTC AAA ATG GCG GTT CAG CTG TTC,-0.7967883247630672
CCG GCT CAC CCG TAC GAC CTG CTC AAA ACC ACC TCT ACC TTC CCG GTT TCT GAT ATC GAC GTT ACC CGT CGC GAA GCT TAC CTG TCT TCC GAA GAA TTC AAG GAA AAG TTC GGT ATG ACC AAG GAG GCG TTC TAC AAA CTG CCG AAA TGG AAG CAG AAC AAA TTC AAA ATG GCG GTT CAG CTG TTC,0.6428722316039982
CCG GCG CAC CCG TAC GAC CGT CTG AAA ACC ACC TCT ACT GAC CCG GTT TCT GAC ATT GAC GTT ACC CGT CGT GAA GCG TAC CTG TGG TCT GAG AAA TTC AAG GAG AAG TTC GGT ATG ACC AAA GAG GCG TTC TAC AAA CTG CCG AAA TGG AAA CAG AAC AAG TTT AAG ATG GCG GTT CAG CTG TTC,0.6009122850838211
CCG GCT CAC CCG TAC GAC CGT CTG AAA ACC ACC ACT ACC GAC CCG GTT TCT GAC ATC GAC GTT ACC CGT CGT GAA GCG TAC CTG TCT TCT GAA GAG TTC AAG GAG AAA TTC GGC ATG ACC AAA GAA GCG TTT TAC AAA CTG CCG AAA TGG AAG CAG AAC AAG TTC AAA ATG GCG GTT CAG CTG TTC,0.9467448873120872
CCG GCG CAC CCG TAC GAC CCG CTG AAA ACC ACC TCT ACC TTC CCG GTG TCT GAC ATC GAC GTG ACC CGT CGT GAA GCG TAC CTC TCT TCT GAA GAG TTC AAA GAG AAA TTC GGT ATG ACC AAA GAG GCG TTC TAC AAA CTG CCG AAA TGG AAA CAG AAC AAA TTC AAA ATG GCG GTT CAG CTC TTT,0.927345505524578
CCA GCT CAT CCG TAC AAC CGT CTG TGC ACC ACC TCT ACC GAC CCA GTT TCT GAC ATC GAC GTT ACC CGT CGT GAA GCG TAC CTG TCT TCC GAA GAA TTC AAG GAG AAG TTC GGT ATG ACC AAG GAA GCG TTC TAC AAG CTG CCG AAG TGG AAA CAG AAC AAA TTC AAA ATG GCT GTT CAG CTG TTC,1.4739216672591935
CCG GCT CAC CCG TAC GAC CGT CTG AAG ACT ACC TCT ACC GAC CCG GTT TCT GAC ATC GAC GTT ACC TCC CGC GAA GCT TAT CTG TCC TCC GAA GAG TTC AAA GAA AAA TTC GGT ATG ACC AAG GAG GCG TTT AAG AAA CTC CCG AAA TGG AAG CAA AAC AAG TTC AAG ATG GCT GTG CAG CTG TTC,0.3915894278307809
CCG GCT CAC CCG TAC GAC CGT CTG AAA ACC ACC TCT ACC GAC CCG GTT TCT GAT ATC GAC GTT ACC CGT CGT GAA GCG TAC CTG TCT TCC GAA GAA TTC AAA GAG GTT TTC GGT ATG ACC AAA GAA GCG TTC TAC AAG CTG CCG AAA TGG AAA CAG AAC AAA TTC AAG ATG GCG GTT CAG CTG TTC,2.8842931363836186
CCG GCG CAC CCG TAC GAC CGT CTG AAA ACC ACC TCT ACC GAC CCG GTT TCT GAC ATC GAC GTT ACC AAC CGT GAA GCG TAC CTG TCT TCC GAG GAG TTC AAA GAG AAA TTC GGT ATG ACC AAG GAG GCG TTC TAC AAA CTG CCG AAA TGG AAA CAG AAC AAA TTC AAA ATG GCG GTT CAG CTG TTC,0.8137196294819382
CCG GCG CAC CCG TAC GAC ATG CTG AAA ACC ACC TCT ACC TTC CCG GTT TCT GAC ATC GAC GTT ACC CGT CGT GAA GCG TAC CTG TCT TCT GAG GAG TTC AAA GAA AAA TTC GGC ATG ACC AAA GAA GCG TTC TAC AAA CTG CCG AAG TGG AAA CAG AAC AAA TTC AAA ATG GCG GTT CAG CTG TTC,0.7322190016885992
CCG GCG CAC CCG TAC GAC CGT CTG AAA ACC ACC TCT ACC GAC CCA GTT TCT GAC ATC GAC GTT ACC GAA CGT GAA GCG TAC CTG TCC TCT GAA GAA TTC AAA GAA AAG TTC GGC ATG ACC AAA GAA GCG TTC TAC AAA CTG CCG AAA TGG AAG CAG AAC AAA TTC ACT ATG GCG GTT CAG CTG TTC,0.5627980001203836
CCG GCT CAC CCG TAC GAC CGT CTG AAA ACC ACC TCT ACC GAC CCG GTT TCT GAT ATC GAC GTT ACC CGT CGT GAA GCG TAC CTG TCC TCC GAA GTG TTC AAA GAA AAG TTC GGT ATG ACC AAA GAA GCG TTC TAC AAA CTG CCG AAA TGG AAA CAG AAC AAG TTC AAA ATG GCG GTT CAG CTG TTC,0.7559185127886554
CCG GCG CAC CCG TAC GAC CGT CTG AAA ACT ACC TCT ACC GAC CCG GTT TCT GAC ATC GAC GTT ACC TGG CGT GAG GCG TAC CTG TCC TCC GAA GAA TTC AAA GAG AAA TTC GGC ATG ACC AAA GAG GCG TTC TAC AAA CTG CCG AAA TGG AAA CAG AAC AAA TTC AAC ATG GCG GTT CAG CTG TTC,0.3258091378610397
CCG GCG CAC CCG TAC AAC CGT CTG GCG ACC ACC TCT ACT GAC CCG GTT TCT GAT ATC GAC GTT ACC CGT CGC GAA GCG TAC CTC TCC TCT GAA GAG TTC AAA GAG AAG TTC GGT ATG ACC AAG GAG GCG TTC TAC AAA CTG CCG AAA TGG AAA CAG AAC AAA TTC AAA ATG GCG GTT CAG CTG TTC,0.496365850502229
CCG GCG CAC CCG TAC GAC CGT CTG ATC ACC ACC TCT ACC GAT CCG GTT TCT GAC ATT GAC GTT ACC CGC CGT GAG GCG TAC CTC TCT TCT GAA GAG TTC AAA GAG AAG TTC GGC ATG ACC AAG GAG GCG TTC TAC AAA CTG CCG AAA TGG AAA CAG AAC AAA TTC AAG ATG GCG GTT CAG CTG TTC,1.1669424585373993
CCA GCG CAC CCG TAC GAC CGT CTG AAA ACC ACC TCT ACC GAC CCG GTT TCT GAC ATC GAC GTT ACC CGT CGT GAA GCG TAC CTG TCT TCC GAA GAG TTC AAG GAG AAA TTC GGT ATG ACC AAA GAA GCG TTC TAC AAA CTG CCG AAA TGG AAG CAG AAC AAA TTC AAA ATG GCG GTT CAG CCA TTC,0.6241484676114476
CCG GCG CAC CCG TAC GAC CGT CTG AAA ACC ACT TCT ACC GAC CCG GTT TCT GAC ATC GAC GTT ACC GCG CGT GAA GCG TAC CTG TCT TCT GAG GAG TTT AAG GAG AAG TTC GGC ATG ACC AAG GAA GCG TTC ATC AAA CTG CCG AAA TGG AAA CAG AAC AAA TTC AAA ATG GCG GTT CAG CTG TTC,0.3966075263846433
CCG GCG CAC CCG TAC GAC CGT CTC AAA ACC ACC TCT ACC GAC CCG GTT TCT GAC ATC GCG GTT TAC CGT CGT GAA GCT TAC CTG TCT TCC GAA GAA TTC AAG GAG AAA TTC GGT ATG ACC AAA GAG GCG TTC TAC AAA CTG CCG AAA TGG AAA CAA AAC AAA TTC AAA ATG GCG GTT CAG CTG TTC,0.4135161515255677
CCG GCG CAC CCG TAC GAC CGT CTG AAA ACC ACC TCT ACT GAC CCG GTT TCT GAC ATC TGC GTG CTG CGT CGT GAA GCG TAC CTG TCT TCT GAA GAA TTC AAA GAA AAG TTC GGC ATG ACC AAA GAA GCG TTC TAC AAA CTG CCG AAA TGG AAA CAG AAC AAA TTC AAG ATG GCG GTG CAG CTC TTC,1.1631821463185443
CCG GCG CAC CCG TAC GAC CGT CTG AAA ACC ACC TCT ACC GAC CCG GTT TCT GAT ATC GAC GTT ACC CGT CGT CTG GCG TAC CTG TCT TCT GAG GAG TTC AAA GAA AAA TTC GGC ATG ACC AAA GAA GCG TTT ATG AAA CTG CCG AAA TGG AAA CAG AAC AAA TTC AAA ATG GCG GTT CAG CTG TTC,1.090442988551285
CCA GCG CAC CCG TAC GAC CGT CTG AAA ACC ACC TCT ACC GAC CCG GTT TCT GAC ATC GAC GTT ACC CGT CGT GAA GCG TAC CTG TCT TCC GAG GAA TTC AAG GAA AAG TTC GGT ATG ACC AAA GAA GCT TTC TAC AAA CTG CCG AAA TGG AAA CAG AAC CTG TTC AAA ATG GCG GTT CAG CTG TTC,1.4502275240551543
CCG GCG CAC CCA TAC GAC CGT CTG AAA ACC ACC TCT ACC GAC CCG GTT TCT GAC ATT GAC GTT ACT CCA CGT GAA GCG TAC CTG TCC TCT GAA GAA TTC AAG GAA AAA TTC GGC ATG ACC AAG GAA GCG TTC ACC AAA CTG CCG AAA TGG AAA CAG AAC AAA TTC AAA ATG GCG GTT CAG CTG TTC,0.4501477899459332
CCG GCG CAC CCA TAC GCT CGT CTC CTG ACC ACC TCT ACC GAC CCG GTT TCT GAC ATC GAC GTT ACC CGT CGT GAA GCG TAC CTG TCT TCT GAG GAG TTC AAG GAG AAA TTC GGC ATG ACC AAG GAA GCG TTC TAC AAG CTG CCG AAA TGG AAA CAA AAC AAG TTC AAA ATG GCG GTT CAG CTG TTC,-0.0174201288414324
CCG GCG CAC CCG TAC GAC CGT CTG AAA ACC ACC TCT ACC GAT CCG GTT TCT GAC ATC GAC GTT ACT CGT CGC TGG GCG TAC CTG TCT TCT GAG GAA TTC AAA GAG AAA TTC GGC ATG ACC AAG GAA GCG TTC CTG AAA CTG CCG AAA TGG AAA CAG AAC AAA TTC AAG ATG GCG GTT CAG CTG TTT,0.7802971014229102
CCG GCG CAC CCG TAC GAC CGT CTG AAA ACC ACC TCT ACT GAC CCA GTT TCT GAC ATC GAC GTG ACT GAC CGT GAA GCG TAC CTG TCC TCT GAA GAG TTC AAG GAG AAA TTC GGT ATG ACC AAG GAA GCG TTT TAC AAG CTG CCG AAA TGG AAA CAG AAC AAA TTC TAC ATG GCG GTT CAG CTC TTC,0.6384425362399888
CCG GCG CAC CCG TAC CAG CGT CTG CTG ACC ACC TCT ACC GAC CCG GTT TCT GAC ATC GAC GTT ACT CGT CGC GAA GCT TAC CTG TCT TCC GAA GAG TTC AAG GAA AAA TTC GGT ATG ACC AAG GAA GCT TTC TAC AAA CTG CCG AAG TGG AAA CAG AAC AAA TTC AAA ATG GCG GTG CAG CTG TTC,0.1914376989450593
CCG GCG CAC CCG TAC GAC CGT CTG AAA ACC ACC TCT ACC GAC CCG GTT TCT GAC ATC GAC GTT ACC CGT CGT GAA GCG TAC CTG GTT TCC GAG CAG TTC AAA GAA AAA TTC GGT ATG ACC AAA GAG GCT TTC TAC AAG CTG CCG AAA TGG AAG CAG AAC AAA TTC AAA ATG GCG GTG CAG CTG TTT,0.6559299387440566
CCA GCG CAC CCG TAC GAT CGC CTC AAG ACC ACT TCT ACC GAC CCG GTT TCT GAC ATC GAC GTT ACC GAA CGT ATG GCG TAC CTG TCC TCC GAG GAA TTC AAG GAA AAA TTC GGT ATG ACC AAA GAG GCT TTC TAC AAA CTG CCG AAA TGG AAA CAG AAC AAG TTC AAA ATG GCG GTG CAG CTG TTC,0.8512186351962543
CCG GCG CAC CCG TAC GAC CGT CTG AAA ACC ACC TCT ACC GAC CCG GTT TCT GAC ATC GAC GTT ACC TTC CGT AAC GCG TAC CTC TCT TCT GAG GAA TTC AAA GAA AAA TTC GGC ATG ACC AAG GAA GCG TTC TAC AAA CTG CCG AAA TGG AAA CAG AAC AAA TTC AAG ATG GCG GTG CAG CTG TTC,0.6620128503438227
CCA GCG CAC CCG TAC GAC CGT CTG AAA ACC ACT TCT ACC GAC CCG GTT TCT GAC ATC AAC GTT TAC CGT CGT GAA GCG TAC CTG TCT TCC GAA GAG TTC AAG GAA AAG TTC GGC ATG ACC AAA GAA GCG TTC TAC AAA CTC CCG AAA TGG AAA CAG AAC AAG TTC AAA ATG GCT GTT CAG CTG TTC,0.5308373634285659
CCA GCG CAC CCG TAC GAC CGT CTG AAA ACC ACT TCT ACC GAC CCG GTT TCT GAC ATC GAC GTT ACC CGT CGT GAA GCG TAC CTG TCC TCC GAA GAA TTC AAG GAA AAA TTC GGC ATG ACC AAA GAA GCG TTC TAC AAA CTC CCG AAA TGG AAA CAG AAC AAG TTC AAA ATG CCG GTT CAG CTG TTC,-0.1755048212156715
CCG GCG CAC CCG TAC GAC CGT CTG AAA ACC ACC TCT ACC GAC CCG GTT TCT GAC ATC GAC GTT ACC CGT CGT GAA GCG TAC CTG TAC TCT GAA GAG TTC AAA GAA AAG TTC GGT ATG ACC AAA GAG GCG TTC TAC AAA CTG CCG AAA TGG AAA CAG AAC AAA TTC AAA ATG GCG GTT CAG CTG TTC,0.5852277617284429
CCG GCT CAC CCG TAC GAC CGT CTG AAA ACC ACC TCT ACC GAC CCG GTT TCT GAC ATC GAC GTT ACC CGT CGT GAA GCG TAC CTG TCT TCC GAA GAG TTC AAA GAG AAA TTC GGC ATG ACC AAA GAG GCG TTT TAC GGT CTG CCG AAA TGG AAA CAG AAC AAA TTC AAA ATG GCG GTT CAG CTG TTC,1.233931217943622
CCA GCT CAC CCG TAC GAC CGT CTG AAA ACC ACC TCT ACC GAC CCG GTT TCT GAC ATC GAC GTT ACC CGT CGT ATC GCG TAC CTC TCC TCT GAG GAG TTC AAA GAA AAA TTC GGC ATG ACC AAA GAA GCG TTC GTT AAG CTG CCG AAA TGG AAA CAG AAC AAA TTC AAA ATG GCG GTG CAG CTG TTC,0.834146576881928
CCA GCT CAC CCG TAC GAT TGG CTC AAA ACC ACC TCT ACT GAA CCA GTT TCT GAC ATT GAC GTT ACC CGT CGC GAA GCG TAC CTG TCC TCT GAA GAG TTC AAA GAG AAG TTC GGC ATG ACC AAA GAG GCT TTC TAC AAA CTG CCG AAA TGG AAA CAG AAC AAA TTC AAA ATG GCG GTT CAG CTG TTC,0.742971079843942
CCG GCT CAC CCG TAC GAC CGT CTG AAA ACC ACC TCT ACC GAT CCG GTT TCC GAC ATC GAC GTT ACT CGT CGT GGT GCG TAC CTG TCT TCT GAA GAA TTC AAG GAG AAG TTC GGC ATG ACC AAA GAA GCT TTC TAC AAA CTG CCG AAA TGG AAA CAG AAC AAA TTC GGT ATG GCG GTT CAA CTG TTT,0.392200587622948
CCG GCG CAC CCG TAC GAC CGT CTG AAA ACC ACC TCT ACC GAC CCG GTT TCT GAC ATC GAC GTT ACC GAT CGT CGT GCG TAC CTG TCT TCT GAA GAG TTC AAA GAA AAG TTC GGT ATG ACC AAA GAG GCG TTC TAC AAA CTG CCG AAA TGG AAA CAG AAC AAA TTC AAA ATG GCG GTT CAG CTG TTC,0.4869457936347535
CCG GCG CAC CCG TAC TAC CGT CTG GTT ACC ACT TCT ACC GAC CCG GTT TCT GAC ATC GAC GTT ACC CGT CGT GAA GCG TAC CTG TCC TCC GAA GAG TTC AAG GAA AAA TTC GGC ATG ACC AAA GAA GCT TTC TAC AAG CTC CCG AAG TGG AAG CAG AAC AAA TTC AAG ATG GCG GTT CAG CTG TTC,1.0364580858774937
CCG GCG CAC CCG TAC GAC CGT CTG AAA ACC ACC TCT ACC GAC CCG GTT TCT GAC ATC GAC GTT ACC CGT CGT GAC GCG TAC CTG TCC TCT GAG GAG TTC AAG GAA AAA TTC GGT ATG ACC AAA GAG GCG TTC GGT AAG CTG CCG AAA TGG AAA CAG AAC AAA TTC AAA ATG GCG GTT CAG CTG TTC,0.4969398317127222
CCG GCT CAC CCG TAC GAC CGT CTG AAA ACC ACC TCT ACC GAC CCG GTT TCT GAC ATC GAC GTT ACC CGT CGC GAA GCG TAT CTG TCT TCT GAG GAG TTC AAA GAG AAG TTC GGT ATG ACC AAA GAG GCG TTC ATC AAA CTG CCG AAA TGG AAA CAG AAC AAG TTC ACC ATG GCG GTT CAA CTG TTT,0.3772028230360467
CCG GCG CAC CCG TAC GAC CGT CTG AAA ACC ACC TCT ACC GAC CCG GTT TCT GAC ATC GAC GTT ACC CGT CGT GAA GCG TAC CTG TCT TCC GAA GAG TTC AAG GAA AAG TTC GGT ATG ACC AAG GAG GCG TTT ATG AAG CTC CCG AAA TGG AAA CAG AAC AAA TTC CAG ATG GCG GTT CAG CTG TTC,0.5431155205204881
CCA GCG CAC CCG TAC GAC CGT CTG AAA ACC ACC TCT ACC GAC CCG GTT TCT GAC ATC GAC GTT ACT CCA CGT GAA GCG TAC CTG TCT TCT GAG GAA TTC AAA GAA AAG TTC GGC ATG ACC AAA GAA GCG TTC TAC AAA CTG CCA AAA TGG AAA CAG AAC AAA TTC GAG ATG GCG GTT CAG CTG TTC,0.5078392583684865
CCA GCG CAC CCG TAC GAC CGT CTG AAA ACC ACC TCT ACC GAC CCG GTT TCT GAC ATC GAC GTT ACC CGC CGT TCC GCG TAT CTC TCT TCC GAG GAG TTC AAA GAG AAA TTT GGT ATG ACC AAG GAA GCG TTC TAC AAA CTG CCG AAA TGG AAG CAG AAC AAA TTC TCT ATG GCT GTT CAG CTG TTC,0.7524665759384592
CCA GCG CAC CCG TAC GAT AAA CTG AAA ACC ACC TCT ACT CGT CCG GTG TCT GAC ATT GAC GTT ACC CGC CGT GAA GCG TAC CTC TCC TCT GAG GAA TTC AAA GAG AAG TTC GGT ATG ACC AAG GAA GCG TTC TAC AAA CTG CCG AAA TGG AAA CAG AAC AAA TTC AAG ATG GCG GTT CAG CTG TTC,0.8018136021103734
CCG GCG CAC CCG TAC GAC CGT CTG AAA ACC ACC TCT ACT GAC CCA GTT TCT GAC ATC GAC GTG ACC CGT CGC GAA GCG TAC CTG TCC TCT GAA GAG TTC AAG GAA AAA TTC GGC ATG ACT AAG GAA GCG TTT ATG AAA CTG CCG AAA TGG AAA CAG AAC AAA TTC TGG ATG GCG GTG CAG CTC TTT,1.2218303007313749
CCG GCG CAC CCG TAC GAC CGT CTG AAA ACC ACC TCT ACT GAC CCG ACC TCT GAT ATC GAC GTT ACC CGT CGT GAG GCG TAC CTG TCT TCT GAA GAG TTC AAG GAG AAA TTC GGT ATG ACC AAG GAA GCG TTC TAC AAA CTG CCG AAA TGG AAA CAG AAC AAA TTC AAA ATG GCG GTG CAG CTC TTT,0.728107406019778
CCG GCT CAC CCG TAC GAC TCT CTG AAG ACC ACC TCT ACC CTG CCG GTT TCC GAC ATC GAC GTT ACC CGT CGC GAG GCT TAC CTG TCC TCC GAA GAG TTT AAA GAA AAA TTC GGC ATG ACC AAA GAA GCT TTT TAC AAA CTG CCG AAA TGG AAA CAG AAC AAG TTC AAA ATG GCG GTT CAG CTG TTC,1.0015539479636488
CCG GCG CAT CCA TAC CTG CGC CTG CAG ACT ACC TCT ACC GAC CCA GTT TCC GAC ATT GAC GTG ACC CGT CGT GAA GCG TAC CTG TCT TCC GAA GAG TTC AAA GAG AAG TTC GGC ATG ACT AAG GAA GCG TTC TAC AAA CTG CCG AAA TGG AAA CAG AAC AAA TTC AAA ATG GCT GTT CAG CTG TTC,0.1362972004718274
CCG GCG CAT CCG TAC GAC CGT CTG AAA ACC ACC TCT ACC GAA CCG GTG TCT GAC ATC GAC GTT ACC CGC CGT GAA GCG TAT CTC TCT TCC GAG GAA TTC AAA GAA AAA TTC GGC ATG ACC AAG GAG GCG TTC TAC AAA CTG CCG AAA TGG AAA CAG AAC AAG TTC AAA ATG GCG GTT CAG CTG TTC,0.8368298519146302
CCG GCT CAC CCG TAC GAC CGT CTG AAA ACC ACC TCT ACC GAC CCG GTT TCT GAC ATC GAC GTT ACC CGT CGT GAA GCG TAC CTG TCT TCC GAA GAG TTC AAG GAG AAA TTC GGT ATG ACC AAG GAA GCG TTC CAC AAA CTG CCG AAG TGG AAA CAG AAC AAA TTC TTC ATG GCG GTT CAG CTG TTC,0.5376185436717814
CCG GCG CAT CCG TAC GAC CGT CTG AAA ACC ACC TCT ACC GAC CCG GTT TCT GAC ATC GAC GTT ACC CGT CGT TAT GCG TAT CTG TCC TCT GAG GAA TTC AAG GAA AAA TTC GGC ATG ACC AAA GAA GCG TTC TAC AAA CTG CCG AAA TGG AAA CAG AAC AAG TTC CTC ATG GCG GTG CAG CTG TTC,0.9479361666171012
CCG GCG CAC CCG TAC GAC CGT CTG AAA ACC ACT TCT ACC GAC CCG GTT TCT GAC ATC GAC GTT ACT CGT CGT GAA GCG TAC CTG TCT TCC GAA GAG TTC AAG GAA AAA TTC GGC ATG ACC AAG GAA GCG TTC GAA AAG CTG CCG AAA TGG AAA CAG AAC AAA TTC CAC ATG GCG GTT CAG CTC TTC,0.3517321820091553
CCA GCG CAC CCG TAC GAC CGT CTG AAA ACC ACC TCT ACC GAC CCA GTT TCT GAC ATC GAC GTT ACC AAC CGT GAA GCT TAC CTC TCC TCT GAA GAG TTC AAG GAA AAG TTC GGT ATG ACC AAA GAA GCG TTC TAC AAA CTG CCG AAA TGG AAA CAG AAC AAA TTC TAC ATG GCG GTT CAG CTG TTC,0.623007916474267
CCG GCG CAC CCG TAC GAC CGT CTG AAA ACC ACC TCT ACC GAC CCG GTT TCT GAC ATC GAA GTT ATG CGT CGT GAA GCG TAC CTC TCC TCT GAG GAA TTC AAG GAA AAA TTC GGT ATG ACC AAG GAG GCG TTC TAC AAA CTG CCG AAA TGG AAA CAG AAC AAA TTC AAA ATG GCG GTT CAG CTG TTC,0.6503718083308869
CCA GCT CAC CCG TAC GAC CGT CTG AAA ACC ACC TCT ACC GAT CCG GTT TCT GAC ATC GAC GTT ACC CGT CGT AAA GCG TAC CTG TCT TCT GAG GAA TTC AAG GAA AAG TTC GGT ATG ACC AAA GAG GCG TTT ATG AAG CTG CCG AAA TGG AAA CAA AAC AAA TTC AAA ATG GCG GTT CAG CTG TTC,0.6646453764839326
CCG GCT CAC CCG TAC TGC CGT CTG GCG ACC ACC TCT ACT GAC CCA GTT TCC GAC ATC GAC GTG ACC CGT CGT GAA GCG TAC CTG TCT TCT GAG GAG TTC AAA GAA AAA TTC GGT ATG ACC AAA GAG GCG TTC TAC AAA CTG CCG AAA TGG AAA CAG AAC AAA TTC AAA ATG GCG GTG CAG CTG TTT,1.218019505685659
CCA GCG CAC CCG TAC GAC CGC CTG AAA ACT ACC TCT ACC GAC CCA GTT TCT GAC ATT GAC GTT ACC CGC CGT GAA GCG TAC CTG ACC TCT GAA ATG TTC AAG GAG AAA TTC GGT ATG ACC AAG GAG GCG TTC TAC AAA CTG CCG AAA TGG AAG CAG AAC AAA TTC AAA ATG GCG GTT CAG CTG TTC,0.7565312763450518
CCG GCT CAC CCG TAC GAC CGT CTG AAA ACC ACC TCT ACC GAC CCG GTT TCT GAC ATC GAC GTT ACC CGC CGT GAT GCG TAT CTG TCT TCT GAG GAG TTC AAA GAG AAA TTT GGT ATG ACC AAG GAG GCG TTT GCG AAA CTG CCG AAA TGG AAA CAG AAC AAA TTC AAA ATG GCG GTG CAA CTC TTC,0.4495313594823812
CCG GCG CAC CCG TAC GAC CGT CTG AAA ACC ACC TCT ACC GAC CCG GTT TCT GAC ATC GAC GTT ACC CGT CGT GAA GCG TAC CTC TCT TCT GAG GAG TTC AAA GAA AAA TTC GGC ATG ACC AAG GAG GCG TTC TAT CGT CTG CCG AAA TGG AAA CAG AAC AAA TTC AAA ATG GCG GTT CAG CTG TTC,1.361495133803941
CCG GCG CAC CCG TAC GAC CGT CTG AAA ACC ACC TCT ACC GAC CCG GTT TCT GAC ATC GAC GTT ACC CGT CGT GAA GCG TAC CTG GGT TCC GAA CAG TTC AAA GAG AAA TTC GGC ATG ACC AAA GAA GCG TTC TAC AAG CTG CCG AAA TGG AAA CAG AAC AAA TTC AAA ATG GCG GTT CAG CTG TTC,0.3785749440111274
CCG GCG CAT CCG TAC GAC CGT CTG AAA ACC ACC TCT ACC GAT CCG GTT TCT GAT ATC GAC GTT ACC CTG CGT GAA GCG TAC CTG TCC TCC GAA GAA TTC AAG GAA AAA TTC GGT ATG ACC AAG GAG GCG TTT GTT AAA CTG CCG AAA TGG AAA CAG AAC AAG TTC AAA ATG GCG GTT CAG CTG TTC,0.3332975404168525
CCA GCG CAC CCG TAC GAC CGT CTG AAG ACC ACC TCT ACT GAC CCG GTT TCT GAC ATC GAC GTT ACC CGT CGT GAA GCG TAC CTC TCC TCT GAG GAG TTT AAG GAA AAA TTC GGC ATG ACC AAG GAA GCG TTC TAC AAG CTG GTG AAA TGG AAG CAG AAC AAG TTC AAG ATG GCT GTT CAG CTC TTC,0.0029361935695902
CCA GCG CAC CCG TAC GAC CGT CTG AAA ACC ACC TCT ACC GAC CCG GTT TCT GAC ATC GAC GTT ACC CGT CGT GAA GCG TAC CTG TCC TCT GAA GAA TTC AAA GAA AAA TTC GGT ATG ACC GCG GAA GCG TTC TAC AAA CTG CCG AAA TGG AAG CAG AAC AAA TTC AAG ATG GCG GTT CAG CTG TTC,0.928364375315774
CCG GCG CAC CCG TAC GAC CGT CTG AAA ACC ACC TCT ACC GAC CCG GTT TCT GAC ATC GAC GTT ACC CGT CGT GAA GCG TAC CTG TCC TCT GAA GAG TTC AAA GAA AAA TTC GGC ATG ACC AAG GAA GCG TTC CGT AAA CTG CCG AAA TGG AAA CAG AAC AAG TTC CCG ATG GCG GTT CAG CTG TTC,0.6243745508040474
CCG GCG CAC CCA TAC GAC CGT CTG AAA ACC ACC TCT ACC GAT CCA GTT TCC GAC ATC GAC GTT ACT CGT CGC GAG GCG TAC CTG ATG TCC GAA CTC TTC AAA GAA AAA TTC GGT ATG ACC AAG GAG GCG TTC TAC AAA CTG CCG AAA TGG AAA CAG AAC AAA TTC AAA ATG GCG GTT CAG CTG TTC,0.3988973198215982
CCG GCT CAC CCG TAC GAC CGT CTG AAA ACC ACC TCT ACC GAC CCA GTT TCT GAC ATC GAC GTT ACC CGT CGT GAA GCG TAC CTG TCT TCC GAG GAG TTC AAA GAA AAG TTC GGT ATG ACC AAA GAA GCG TTC TAC AAA CTG CCG AAA TGG AAA CAG AAC GTT TTC AAA ATG GCG GTT CAG CTG TTC,1.3779542575176185
CCG GCG CAC CCG TAC GAC CGT CTG AAA ACT ACC TCT ACC GAC CCG GTT TCT GAC ATC CTG GTT TCT CGT CGT GAA GCG TAC CTG TCC TCC GAG GAA TTC AAG GAA AAA TTC GGT ATG ACC AAA GAG GCG TTC TAC AAA CTG CCG AAA TGG AAG CAG AAC AAA TTC AAA ATG GCG GTT CAG CTG TTC,0.5560503838086597
CCG GCT CAC CCG TAC GAC CGT CTG AAA ACC ACC TCT ACC GAC CCG GTT TCT GAC ATC CCA GTG CAG CGT CGT GAA GCG TAC CTC TCT TCC GAG GAG TTC AAA GAA AAG TTC GGT ATG ACC AAA GAG GCG TTC TAC AAA CTG CCG AAA TGG AAA CAG AAC AAG TTC AAG ATG GCT GTT CAA CTG TTC,0.6098203336653887
CCG GCT CAC CCG TAC GAC CGT CTG AAA ACC ACC TCT ACC GAC CCG GTT TCT GAC ATC GAC GTT ACC GGT CGT GAA GCG TAC CTG TCT TCC GAG GAA TTC AAG GAG AAA TTC GGT ATG ACC AAA GAA GCG TTC TAC AAG CTG CCG AAA TGG AAA CAG AAC AAA TTC GTG ATG GCG GTT CAG CTG TTC,0.9683496520705144
CCG GCG CAC CCG TAC GAC CGT CTG AAA ACC ACC TCT ACC GAC CCG GTT TCT GAC ATC GAC GTT ACC AAC CGT GAG GCG TAC CTG TCC TCT GAA GAG TTC AAG GAA AAA TTC GGT ATG ACC AAG GAA GCG TTC TAC AAA CTG CCG AAA TGG AAA CAG AAC AAA TTC GTT ATG GCG GTT CAG CTG TTC,0.7919154647664504
CCA GCT CAC CCG TAC GAC CGT CTG AAG ACC ACC TCT ACC GAC CCG GTT TCT GAC ATC GAC GTT ACC CGT CGT GAA GCG TAC CTG TCT TCC GAG GAA TTC AAA GAA AAA TTC GGC ATG ACC AAA GAA GCG TTC TAC AAA CTG CCG AAA TGG GCG CAG AAC AAA TTC AAG ATG GCG GTT CAA CTG TTC,1.455396098373677
CCG GCG CAC CCG TAC GAC AAC CTG AAA ACC ACC TCT ACC GTT CCG GTT TCT GAC ATC GAC GTT ACC CGT CGT GAA GCG TAC CTG TCC TCC GAA GAG TTC AAA GAA AAA TTC GGT ATG ACC AAG GAG GCG TTC TAC AAG CTG CCG AAA TGG AAA CAG AAC AAG TTC AAG ATG GCG GTT CAG CTC TTC,0.8424006081900266
CCG GCT CAC CCG TAC GAC CGT CTG AAA ACC ACC TCT ACC GAC CCG GTT TCT GAT ATC GAC GTT ACC CGT CGT ATG GCG TAC CTC TCC TCC GAG GAG TTC AAA GAG AAG TTC GGT ATG ACC AAA GAA GCG TTT TTC AAG CTG CCG AAG TGG AAA CAA AAC AAA TTC AAA ATG GCG GTT CAG CTG TTC,1.149488636135093
CCA GCG CAC CCG TAC GAC TGG CTG AAA ACC ACC TCT ACC TAC CCG GTT TCT GAT ATC GAC GTT ACC CGT CGT GAA GCG TAC CTG TCT TCC GAA GAG TTC AAG GAG AAG TTC GGT ATG ACC AAG GAG GCG TTC TAC AAA CTG CCG AAA TGG AAA CAG AAC AAA TTC AAA ATG GCG GTT CAG CTG TTC,0.7759264808898729
CCG GCT CAC CCG TAC GAC CGT CTG AAA ACC ACC TCT ACC GAC CCG GTT TCT GAC ATC GAC GTT ACC CGT CGT GAA GCG TAC CTC TCT TCC GAA GAG TTC AAA GAG AAG TTC GGC ATG ACC AAA GAA GCT TTC CTG AAA CTG CCG AAA TGG AAA CAG AAC AAA TTC GGT ATG GCG GTT CAG CTC TTT,0.254066474784844
CCG GCG CAT CCG TAC GAA CGT CTG CTG ACC ACT TCT ACC GAC CCG GTT TCT GAC ATC GAC GTG ACC CGT CGT GAA GCG TAC CTG TCT TCC GAA GAG TTC AAG GAA AAA TTC GGC ATG ACC AAA GAA GCG TTC TAC AAA CTG CCG AAA TGG AAA CAG AAC AAA TTC AAA ATG GCT GTT CAG CTG TTC,0.8160375910886412
CCG GCG CAC CCG TAC GAC CGT CTG AAA ACC ACC TCT ACC GAC CCG GTT TCT GAC ATC TCT GTT CAC CGT CGT GAA GCG TAC CTG TCT TCC GAA GAA TTC AAG GAA AAG TTC GGC ATG ACC AAA GAA GCG TTC TAC AAA CTG CCG AAA TGG AAA CAG AAC AAA TTC AAA ATG GCG GTT CAG CTG TTC,0.4138663339797247
CCG GCG CAC CCG TAC GAC CCG CTG AAA ACC ACC TCT ACC AAA CCG GTG TCT GAC ATC GAC GTT ACC CGT CGT GAA GCG TAC CTG TCC TCT GAG GAA TTC AAG GAA AAG TTC GGC ATG ACC AAG GAA GCG TTC TAC AAA CTG CCG AAA TGG AAA CAG AAC AAA TTC AAA ATG GCG GTT CAG CTG TTT,0.8401633867359679
CCA GCG CAC CCG TAC GAC CGT CTC AAA ACC ACC TCT ACC GAC CCG GTT TCT GAC ATC GAC GTT ACC CGT CGT CCG GCG TAC CTG TCC TCT GAG GAG TTC AAG GAG AAA TTC GGT ATG ACC AAG GAA GCG TTC TAC AAA CTG CCG AAA TGG AAA CAG AAC AAA TTC CAG ATG GCT GTG CAG CTG TTT,0.6157716357849259
CCA GCG CAC CCA TAC GAC CGT CTC AAA ACC ACC TCT ACC GAC CCG GTT TCT GAC ATC GAC GTT ACC CGT CGC GAA GCT TAC CTG CCG TCC GAG AAA TTC AAG GAA AAA TTC GGC ATG ACC AAA GAG GCG TTC TAC AAA CTG CCG AAA TGG AAA CAG AAC AAG TTC AAA ATG GCG GTG CAG CTG TTC,0.3011101712214087
CCG GCG CAC CCG TAC TTC CGT CTG AAC ACC ACT TCT ACC GAC CCG GTT TCT GAC ATT GAC GTT ACC CGT CGT GAA GCG TAC CTG TCT TCC GAG GAG TTC AAG GAA AAA TTC GGT ATG ACC AAG GAA GCG TTC TAC AAA CTG CCG AAA TGG AAA CAG AAC AAA TTC AAA ATG GCG GTT CAG CTG TTC,0.1819681159741472
CCG GCT CAC CCG TAC GAC CGT CTG AAA ACC ACC TCT ACC GAC CCG GTT TCT GAC ATC GAC GTT ACC ATC CGT GAA GCT TAC CTG TCT TCT GAA GAA TTC AAG GAA AAG TTC GGC ATG ACC AAG GAA GCG TTC TAC AAA CTG CCG AAA TGG AAG CAG AAC AAA TTC AAT ATG GCG GTG CAG CTG TTC,0.2941294105102362
CCG GCG CAC CCG TAC GAC CGT CTG AAA ACC ACC TCT ACC GAC CCG GTT TCT GAC ATC GAC GTT ACC GAA CGT CAG GCG TAC CTG TCC TCC GAA GAA TTC AAG GAG AAA TTC GGT ATG ACC AAA GAA GCG TTT TAC AAA CTG CCG AAA TGG AAG CAG AAC AAG TTC AAG ATG GCT GTT CAG CTG TTC,0.8111691021420526
CCG GCG CAC CCG TAC GAC CGT CTG AAA ACC ACC TCT ACC GAC CCG GTT TCT GAC ATC GAC GTT ACC CGT CGT GAA GCG TAC CTC TCC TCC GAA GAA TTC AAG GAA AAA TTC GGT ATG ACC AAG GAA GCG TTT TAC AAA CTG CCG AAA TGG AAG CAG AAC AAA GTT AAA ATG GCG GTT CAG CTG TTC,1.0174850563533395
CCG GCT CAC CCG TAC GAC CGT CTG AAA ACC ACC TCT ACC GAC CCG GTT TCT GAC ATC GAC GTT ACC CGT CGT GAA GCG TAC CTG TCT TCC GAA GAG TTC AAG GAA AAA TTC GGC TCT ACC AAG GAA GCG TTC TAC AAA CTG CCG AAG TGG AAA CAG AAC AAA TTC AAA ATG GCT GTT CAG CTG TTC,0.2244680554445178
CCG GCT CAC CCG TAC GAC CGT CTG AAA ACC ACC TCT ACC GAC CCA GTT TCT GAC ATT GAC GTT ACC TCT CGT GAA GCG TAC CTG TCT TCT GAG GAA TTC AAA GAG AAG TTC GGT ATG ACC AAA GAG GCG TTT ATG AAG CTG CCG AAA TGG AAA CAA AAC AAG TTC AAA ATG GCG GTT CAG CTG TTC,0.7431694078016589
CCG GCG CAC CCG TAC GAC CGT CTG AAA ACC ACC TCT ACC GAC CCG GTT TCT GAC ATC TTC GTT TAC CGT CGT GAA GCG TAT CTG TCC TCT GAA GAA TTC AAG GAG AAA TTC GGT ATG ACC AAA GAG GCG TTT TAC AAA CTG CCG AAA TGG AAA CAG AAC AAA TTC AAA ATG GCG GTT CAG CTG TTC,-0.04155497347204
CCG GCT CAC CCA TAC GAC CGT CTG AAA ACC ACC TCT ACC GAC ATG GTT TCT GAC ATC GAC GTT ACC CGT CGT GAA GCT TAC CTG TCT TCT GAG GAA TTC AAA GAA AAG TTC GGC ATG ACC AAA GAA GCG TTT TAC AAA CTC CCG AAG TGG AAA CAG AAC AAA TTC AAG ATG GCG GTT CAG CTG TTC,0.7205949567998852
CCG GCT CAC CCG TAC GAC CGC CTG AAA ACT ACC TCT ACC GAC CCG GTT TCT GAC ATC GAC GTT ACT GGC CGT GAG GCG TAC CTG TCT TCT GAG GAG TTC AAA GAA AAA TTC GGC ATG ACC AAA GAA GCG TTC TAC AAA CTG CCG AAA TGG AAA CAG AAC AAG TTC CAC ATG GCG GTG CAG CTG TTC,0.5002950710977436
CCG GCG CAC CCG TAC GAC CGT CTG AAA ACC ACC TCT ACC GAC CCG GTT TCT GAC ATC GAC GTT ACC TTC CGT GAA GCG TAC CTG TCT TCT GAG GAG TTC AAA GAA AAG TTC GGT ATG ACC AAA GAG GCG TTC TAC AAA CTC CCG AAA TGG AAA CAG AAC AAA TTC GCG ATG GCG GTT CAG CTG TTC,0.6727809829622609
CCG GCG CAT CCG TAC GAC GAA CTG AAA ACC ACC TCT ACC ATC CCG GTT TCT GAT ATC GAC GTT ACC CGT CGT GAA GCG TAC CTG TCT TCT GAA GAG TTC AAG GAG AAA TTC GGT ATG ACC AAG GAA GCG TTC TAC AAA CTG CCG AAA TGG AAA CAA AAC AAA TTC AAA ATG GCG GTT CAG CTG TTC,0.705067600734453
CCG GCT GGT CCG TAC GAC CGT CTG AAA ACC ACC TCT ACC GAT CCG GTT TCT GAC ATC GAC GTT ACC CGT CGT GAA GCG TAC CTG TCT TCT GAG GAG TTC AAG GAA AAA TTC GGC ATG ACC AAA GAA GCG TTC TAT AAG CTG CCG AAG TGG AAA CAG AAC AAA TTC AAA ATG GCG GTT CAG CTG TTC,0.5966943726901883
CCG GCG CAC CCG TAC CTG CGT CTG GAA ACT ACC TCT ACC GAC CCG GTT TCT GAC ATT GAC GTT ACC CGC CGT GAG GCG TAT CTG TCC TCC GAA GAG TTC AAA GAG AAA TTC GGT ATG ACC AAA GAG GCG TTC TAC AAA CTG CCG AAA TGG AAA CAG AAC AAA TTC AAA ATG GCG GTT CAG CTG TTC,0.6928284905608446
CCA GCG CAC CCG TAC GAC GAC CTG AAA ACC ACC TCT ACC CTG CCG GTT TCT GAT ATC GAC GTT ACC CGT CGT GAA GCG TAC CTC TCC TCT GAG GAA TTC AAG GAA AAA TTC GGC ATG ACC AAA GAA GCG TTC TAC AAG CTC CCG AAA TGG AAA CAG AAC AAA TTC AAA ATG GCG GTT CAG CTG TTC,0.7926256226768433
CCG GCT CAC CCG TAC GAC CGT CTG AAA ACC ACC TCT ACC GAC CCG GTT TCT GAC ATC GAC GTT ACC CGT CGT GCG GCG TAC CTG TCT TCT GAA GAA TTC AAG GAG AAG TTC GGT ATG ACC AAA GAG GCG TTC TAC AAA CTG CCG AAA TGG AAA CAG AAC AAA TTC GCG ATG GCG GTT CAG CTG TTT,1.173571621402979
CCG GCT CAC CCG TAC GAC CGT CTG AAA ACC ACC TCT ACC GAT CCG GTT TCT GAC ATC GAC GTT ACC CGT CGT GAA GCG TAC CTC TCT TCT GAA GAA TTC AAA GAG AAG TTC GGC ATG ACC AAA GAA GCG TTC CAC AAA CTG CCG AAA TGG AAA CAG AAC AAA TTC CTG ATG GCG GTT CAG CTG TTC,0.7223591175499079
CCG GCG CAC CCG TAC GAC CGT CTG AAA ACC ACC TCT ACT GAC CCG GTT TCT GAC ATC GTT GTT ACC CGT CGC GAA GCG TAC CTG TCC TCT GAA GAG TTC AAG GAA AAA TTC GGT ATG ACC AAG GAG GCG TTC TAC AAA CTG CCG AAA TGG AAG CAG AAC AAA TTC AAA ATG GCG GTT CAG CTG TTC,0.63464674616258
CCG GCG CAC CCG TAC GAC CGT CTG AAG ACC ACC TCT ACC GAC CCG GTT TCT GAC ATC GAC GTT ACC CGT CGC CTG GCG TAC CTG TCC TCC GAA GAA TTC AAA GAG AAG TTT GGC ATG ACC AAA GAA GCT TTC TAC AAA CTG CCG AAA TGG AAG CAG AAC AAA TTC CCG ATG GCG GTG CAG CTG TTC,0.6266807777915542
CCG GAC CAC CCA TAC GAC CGT CTG AAA ACC ACC TCT ACC GAC CCA GTT TCT GAC ATT GAC GTT ACC CGT CGT GAA GCG TAC CTC TCC TCC GAG GAG TTC AAA GAA AAG TTC GGT ATG ACC AAA GAA GCG TTC TAC AAA CTG CCG AAG TGG AAA CAG AAC AAA TTC AAA ATG GCG GTT CAG CTG TTC,1.2262474377304216
CCA GCG CAC CCG TAC GAC CGT CTG AAA ACC ACC TCT ACC GAC CCG GTT TCT GAT ATC GAC GTT TTC CGT CGT GAA GCG TAC CTG TCT TCT GAG GAA TTC AAG GAG AAG TTC GGT ATG ACC AAA GAA GCG TTC TAC AAA CTG CCG AAG TGG AAA CAG AAC AAA TTC AAA ATG GCG GTT CAG CTG TTC,0.5990044202274769
CCG GCG CAT CCG TAC GAC CGT CTG AAA ACC ACC TCT ACC GAC CCG GTT TCT GAC ATC GAC GTT ACC GAA CGT GAA GCG TAC CTG TCC TCT GAG GAA TTC AAA GAA AAG TTC GGC ATG ACC AAA GAG GCG TTC TAC AAA CTG CCG AAA TGG AAA CAG AAC AAA TTC CCG ATG GCG GTT CAG CTG TTC,0.3492345614925935
CCG GCG CAC CCG TAC GAC CGT CTG AAA ACT ACC TCT ACC GAC CCG GTT TCT GAC ATC GAC GTT ACC CGT CGT GAA GCG TAC CTG ATT TCC GAG AAG TTC AAG GAA AAA TTC GGC ATG ACC AAG GAA GCG TTC TAC AAA CTG CCG AAA TGG AAA CAG AAC AAG TTT AAG ATG GCG GTT CAG CTG TTC,0.2088022925721211
CCG GCG CAC CCG TAC CAG CGT CTG ATC ACC ACC TCT ACC GAC CCG GTT TCC GAC ATC GAC GTT ACC CGT CGC GAA GCG TAC CTC TCT TCT GAA GAA TTC AAG GAA AAG TTC GGT ATG ACC AAG GAA GCG TTC TAC AAA CTG CCG AAA TGG AAA CAG AAC AAA TTC AAA ATG GCG GTT CAG CTG TTC,0.5522581872232042
CCG GCG CAC CCG TAC GAC CGT CTG AAA ACC ACC TCT ACT GAC CCG GTT TCT GAC ATT GAC GTT ACC CGT CGT GAG GCG TAC CTC AAA TCC GAG ATC TTC AAA GAG AAG TTC GGC ATG ACT AAG GAA GCG TTT TAC AAA CTG CCG AAA TGG AAA CAG AAC AAA TTC AAA ATG GCG GTT CAG CTG TTC,0.4836043476131648
CCG GCG CAC CCG TAC GAC CGT CTG AAA ACC ACC TCT ACC GAC CCG GTT TCT GAC ATC GAC GTT ACC AAA CGT GAA GCG TAC CTG TCT TCC GAG GAG TTC AAA GAA AAG TTC GGT ATG ACC AAG GAA GCG TTC TCT AAG CTG CCG AAA TGG AAA CAG AAC AAA TTC AAA ATG GCG GTT CAG CTG TTC,0.637933203418952
CCG GCG CAC CCA CAT GAC CGT CTG AAA ACC ACC TCT ACC GAC CCG GTT TCC GAC ATC GAC GTT ACC CGT CGC GAG GCT TAC CTG TCT TCT GAA GAG TTC AAA GAG AAA TTC GGT ATG ACC AAA GAG GCG TTC TAC AAA CTG CCG AAA TGG AAA CAG AAC AAA TTC AAA ATG GCG GTT CAA CTG TTC,0.858023224178538
CCA GCG CAC CCG TAC GAC CGT CTG AAA ACT ACC TCT ACC GAC CCG GTT TCT GAC ATT GAC GTT ACC CGT CGT GAA GCG TAC CTG TCC TCT GAG GAG TTC AAG GAA AAG TTC GGT ATG ACC AAA GAA GCG TTC TAC AAA CTG CCG AAA TGG AAG CAG AAC AAA CCG AAA ATG GCG GTG CAG CTG TTC,-0.8176179284156481
CCG GCG CAC CCG TAC GAC CGT CTG AAA ACT ACC TCT ACC GAC CCG GTT TCT GAC GTT GAC GTT ACC CGT CGT GAA GCG TAC CTG TCT TCT GAG GAG TTC AAA GAG AAA TTC GGC ATG ACC AAA GAA GCT TTC TAC AAA CTG CCG AAA TGG AAA CAG AAC AAA TTC AAA ATG GCT GTT CAG CTG TTC,0.9080266443243498
CCG GCT CAC CCG TAC GAC CGT CTG AAA ACC ACC TCT ACC GAT CCG GTT TCT GAC ATC GAC GTT ACC CGT CGT GAA GCG TAC CTG GCG TCC GAA CAG TTC AAA GAA AAA TTC GGT ATG ACC AAA GAA GCG TTC TAC AAG CTG CCG AAA TGG AAG CAG AAC AAA TTC AAA ATG GCG GTG CAG CTG TTC,0.4887469479758939
CCG GCT CAC CCG TAC GAC CGT CTG AAA ACC ACT TCT ACC GAC CCG GTT TCT GAC ATC GAC GTT ACC CGT CGC GAT GCT TAC CTG TCC TCC GAG GAG TTC AAA GAG AAA TTC GGT ATG ACC AAA GAG GCG TTT GAC AAA CTG CCG AAA TGG AAA CAG AAC AAA TTC AAA ATG GCG GTT CAG CTG TTC,0.7227031991327262
CCA GCG CAC CCG TAC GAC CGT CTG AAA ACC ACC TCT ACC GAC CCG GTT TCT GAC ATC GAC GTT ACC CGT CGT TCT GCT TAC CTG TCC TCT GAG GAG TTC AAA GAA AAG TTC GGT ATG ACC AAG GAA GCG TTC CAG AAG CTC CCG AAA TGG AAA CAA AAC AAG TTT AAG ATG GCG GTT CAG CTG TTC,0.6652557720026055
CCG GCT CAC CCG TAC GAC CGT CTG AAA ACC ACC TCT ACC GAT CCG GTT TCT GAC ATC GAC GTT ACC CGT CGT ATC GCG TAC CTC TCT TCC GAA GAG TTC AAG GAG AAA TTC GGT ATG ACC AAG GAA GCG TTT TAC AAA CTG CCG AAA TGG AAG CAA AAC AAG TTT GGT ATG GCT GTT CAG CTG TTC,0.7132489921936221
CCG GCT CAC CCG TAC GAC CGC CTG AAA ACC ACC TCT ACC GAC CCG GTT TCT GAC ATC GAC GTT ACC CGT CGT GAA GCT TAC CTG TCC CGC GAG GAG TTC AAG GAG AAA TTC GGT ATG ACC AAA GAA GCG TTC TAC AAA CTG CCG AAA TGG AAG CAG AAC AAA TTC AAA ATG GCT GTT CAG CTG TTC,1.2372664185478237
CCG GCG CAC CCG TAC GAC CGT CTG AAA ACC ACC TCT ACC GAC CCG GTT TCT GAT ATC GAC GTT ACC CGC CGT GAG GCG TAC CTG TCT TCT GAG GAA TTC AAG GAA AAG TTC GGT AAC ACC AAA GAG GCG TTC TAC AAA CTG CCG AAA TGG AAA CAG AAC AAA TTC AAA ATG GCG GTT CAA CTG TTT,-0.4697888612250895
CCG GCG CAC CCG TAC GAC CGT CTG AAA ACC ACC TCT ACC GAC CCG GTT TCC GAC ATC GAC GTT ACC CGT CGT GAA GCG TAC CTC TCT TCT GAA GAA TTC AAG GAG AAG TTC GGT ATG ACC AAG GAA GCG TTC TAC AAA CTG CCG AAA TGG AAA CAG AAC AAA TTC AAA ATG GCG GTG CAG AAA TTC,0.646260288883499
CCG GCG CAC CCG TAC GAC CGT CTG AAA ACC ACC TCT ACC GAC CCG GTT TCT GAC ATC GAC GTT ACC CGT CGT GAA GCG TCT CTG TCT TCT GAA GAA TTC AAG GAA AAG TTC GGT ATG ACC AAG GAA GCG TTC TAC AAA CTG CCG AAA TGG AAA CAG AAC AAA TTC AAA ATG GCG GTT CAG CTG TTC,0.7309655032284303
CCG GCT CAC CCG TAC GAC CGT CTG AAA ACC ACC TCT ACC GAC CCG GTT TCT GAC ATC GAC GTT ACC CGT CGT GAA GCG TAC CTG TCT TCC GAG GAG TTC AAG GAA AAA TTC GGT ATG ACC AAA GAA GCG TTC TGG AAA CTG CCG AAA TGG AAA CAG AAC AAA TTC GCG ATG GCT GTT CAG CTG TTC,0.8831489027967977
CCG GCG CAC CCG TAC GAC CGT CTG AAA ACC ACC TCT ACC GAC CCG GTT TCT GAC ATC GAC GTT ACC CGT CGT GAA GCG TAC CTG AAG TCC GAA TGC TTC AAG GAA AAA TTC GGT ATG ACC AAA GAG GCG TTT TAC AAA CTG CCG AAA TGG AAA CAG AAC AAA TTC AAA ATG GCG GTG CAG CTG TTC,0.8498395809208805
CCG GCT CAC CCG TAC GAC CGT CTG AAA ACC ACT TCT ACC GAT CCG GTT TCT GAC ATC GAC GTT ACC GAC CGT ATG GCG TAC CTC TCT TCC GAG GAG TTC AAA GAA AAA TTC GGT ATG ACC AAG GAG GCG TTC TAC AAG CTG CCG AAG TGG AAA CAG AAC AAA TTC AAA ATG GCG GTG CAG CTG TTC,0.8136319220709037
CCG GCG CAC CCG TAC GAC CGT CTG AAA ACC ACC TCT ACC GAC CCG GTT TCT GAC ATC GAC GTT ACC CGT CGT ATC GCG TAC CTC TCC TCT GAA GAG TTC AAG GAG AAA TTC GGT ATG ACC AAG GAA GCG TTC TAC AAG CTG CCG AAA TGG AAG CAG AAC AAA TTC CCG ATG GCG GTT CAG CTG TTC,0.5106006329715249
CCG GCT CAC CCG TAC GAC CGT CTG AAA ACC ACC TCT ACC GAT CCG GTT TCT GAC ATC GAC GTT ACC TCT CGT GAA GCG TAC CTG TCT TCT GAA GAA TTC AAA GAG AAG TTC GGC ATG ACC AAA GAA GCG TTC GTT AAA CTG CCG AAA TGG AAG CAA AAC AAG TTC AAA ATG GCG GTG CAG CTG TTT,0.4137775286409302
CCG GCG CAT CCG TAC ACC CGT CTG ATG ACC ACC TCT ACC GAC CCG GTT TCT GAC ATC GAC GTT ACC CGT CGT GAA GCT TAC CTG TCT TCT GAG GAG TTC AAA GAG AAA TTC GGC ATG ACC AAA GAA GCG TTC TAC AAA CTG CCG AAG TGG AAA CAG AAC AAA TTC AAA ATG GCT GTT CAG CTG TTC,0.1624351533752383
CCG GCG CAC CCG TAC GAC CGT AAA AAG ACC ACC TCT ACC GAC CCA GTT TCT GAC ATC GAC GTT ACC CGT CGT GAA GCG TAC CTG TCC TCC GAA GAA TTC AAA GAA AAA TTC GGC ATG ACC AAA GAA GCG TTC TAC AAA CTC CCG AAA TGG AAG CAG AAC AAG TTC AAA ATG GCG GTT CAG CTG TTC,0.7505714159557648
CCG GCT CAC CCG TAC GAC CGT CTG AAA ACC ACC TCT ACC GAC CCA GTT TCT GAC ATC GAC GTT ACC CGT CGT GAA GCG TAC CTG CAC TCT GAA TGG TTC AAA GAA AAA TTC GGC ATG ACC AAA GAG GCG TTC TAC AAA CTG CCG AAA TGG AAA CAG AAC AAA TTC AAA ATG GCG GTT CAG CTG TTC,0.5090697276235859
CCG GCG CAC CCG TAC GAC CGT CTG AAA ACT ACC TCT ACC GAC CCG GTT TCT GAC ATC GAC GTT ACC GAT CGT GAA GCG TAC CTG TCC TCT GAG GAA TTC AAG GAA AAG TTT GGC ATG ACC AAA GAA GCG TTT CAC AAA CTG CCG AAA TGG AAA CAG AAC AAA TTC AAA ATG GCT GTT CAG CTG TTC,0.4897176382458895
CCG GCT CAC CCG TAC GAC CGT CTG AAA ACC ACC TCT ACC GAT CCG GTT TCT GAC ATT GAC GTT ACC CGT CGT GAA GCG TAC CTG GAC TCT GAG AAG TTC AAG GAA AAA TTC GGC ATG ACC AAA GAA GCG TTC TAC AAA CTC CCG AAG TGG AAA CAG AAC AAA TTC AAA ATG GCG GTT CAG CTG TTC,0.6061198379893332
CCG GCG CAC CCG TAC GAC CGT CTG AAA ACC ACC TCT ACC GAC CCG GTT TCT GAC ATC GAC GTT ACC CGT CGT GAA GCG TAC CTG TCT TCT GAA GAG TTC AAA GAG AAG TTC GGC ATG ACC AAA GAA GCG TTC TAC AAG CTG CCG AAA TGG AAA CAG AAC AAG TCT AAA ATG GCG GTT CAG CTG TTC,0.7585512603702191
CCG GCG CAC CCG TAC GAC CGT CTG AAA ACC ACC TCT ACC GAT CCG GTT TCC GAC ATC GAC GTT ACT CGT CGT CCG GCG TAC CTG TCT TCT GAA GAG TTC AAA GAA AAG TTC GGT ATG ACC AAG GAG GCT TTC TAC AAA CTG CCG AAA TGG AAA CAG AAC AAA TTC AAC ATG GCT GTT CAG CTG TTT,0.1527951794087099
CCG GCG CAC CCG TAC GAC CGT CTG AAA ACC ACC TCT ACC GAC CCG GTG TCT GAC ATC GAC GTT ACC CGT CGT GAG GCG TAC CTC TCT TCT GAA GAA TTC AAA GAA AAG TTC GGT TGC ACC AAG GAA GCG TTC TAC AAA CTG CCG AAA TGG AAA CAG AAC AAA TTC AAG ATG GCG GTG CAG CTG TTT,1.0043529003932097
CCG GCT CAC CCG TAC GAC CGT CTG AAA ACC ACC TCT ACC ATG CCG GTT TCT GAC ATC GAC GTT ACC CGT CGT GAA GCG TAC CTC TCT TCC GAA GAA TTC AAG GAG AAA TTC GGC ATG ACC AAG GAA GCG TTC TAC AAA CTG CCG AAG TGG AAA CAG AAC AAA TTC AAA ATG GCG GTT CAG CTG TTC,1.0990768604843275
CCG GCG CAC CCG TAC GAC CGT CTG AAA ACC ACC TCT ACC GAC CCG GTT TCT GAC ATC GAC GTT ACC CGT CGT GAA GCG TAC CTG TCC TCT GAA GAG TTT AAG GAG AAA TTC GGC ATG ACC AAA GAG GCG TTC TAC AAG CTG CCG ATC TGG AAA CAG AAC AAA TTC AAA ATG GCG GTT CAG CTG TTC,1.4109898764006297
CCG GCG CAC CCG TAC GCT CGT CTG AAA ACC ACC TCT ACC GAT CCG GTT TCT GAC ATT GAC GTT ACC CGC CGT GAA GCG TAC CTC TCC TCT GAG GAA TTC AAG GAA AAA TTC GGC ATG ACC AAA GAG GCT TTT TAC AAA CTG CCG AAA TGG AAA CAG AAC AAA TTC AAA ATG GCG GTG CAG CTG TTC,-1.218911037404762
CCG GCG CAC CCG TAC GAC GAC CTG AAA ACC ACC TCT ACC GAA CCA GTT TCT GAC ATC GAC GTT ACT CGT CGT GAG GCG TAC CTG TCT TCT GAA GAG TTC AAG GAG AAA TTC GGC ATG ACC AAG GAA GCG TTC TAC AAA CTG CCG AAA TGG AAA CAG AAC AAA TTC AAA ATG GCG GTT CAG CTG TTC,0.7860444646314269
CCG GCG CAC CCG TAC GAC CGT CTG AAA ACC ACC TCT ACC GAC CCG GTT TCT GAT ATC GAC GTT ACC CGT CGT GAA GCG TAC CTG TCT TCC GAA GAA TTC AAA GAA AAG TTC GGC ATG ACC AAA GAA GCG TTC CGT AAA CTG CCG AAA TGG AAA CAG AAC AAA TTC ATC ATG GCG GTT CAG CTG TTC,1.0843608048340605
CCG GCG CAC CCG TAC GAC CGT CTG AAA ACT ACC TCT ACC GAC CCG GTT TCT GAC ATC GAC GTT ACC GTT CGT GAA GCG TAC CTC TCC TCT GAA GAG TTC AAG GAG AAA TTC GGT ATG ACC AAG GAA GCG TTC AAC AAA CTG CCG AAA TGG AAA CAG AAC AAA TTC AAA ATG GCG GTT CAA CTG TTC,0.6156017045102052
CCG GCT CAC CCG TAC GAC AAC CTG AAA ACC ACC TCT ACC GAA CCA GTT TCT GAC ATC GAC GTT ACC CGT CGT GAA GCG TAC CTG TCC TCT GAA GAA TTC AAA GAA AAA TTC GGC ATG ACC AAA GAG GCG TTC TAC AAA CTG CCG AAA TGG AAG CAG AAC AAG TTC AAA ATG GCG GTT CAG CTG TTC,0.9197120480510256
CCA GCT CAC CCG TAC GAC TTC CTG AAA ACC ACC TCT ACC TCT CCG GTT TCT GAC ATC GAC GTT ACC CGT CGT GAA GCG TAC CTG TCT TCT GAA GAA TTC AAG GAG AAA TTC GGC ATG ACC AAA GAA GCG TTC TAC AAA CTC CCG AAA TGG AAA CAG AAC AAA TTC AAA ATG GCG GTT CAG CTG TTC,0.7369170312761124
CCG GCG CAC CCG TAT GAC CGT CTG AAA ACC ACC TCT ACC GAT CCG GTT TCT GAC ATC GAC GTG ACC CGT CGT GAA GCG TAC CTC TCT TCT GAA GAG TTC AAG GAG AAA TTC GGC ATG ACC AAA GAA GCG TTC TAC AAA CTG CCG AAA TGG AAA CAG AAC AAA TTC AAA ATG GCG GTT CAA CTG GAA,1.5544112466595286
CCG GCG CAC CCG TAC ACC CGT CTG TTC ACC ACC TCT ACC GAC CCG GTT TCT GAC ATC GAC GTT ACC CGT CGT GAA GCT TAC CTG TCC TCC GAA GAA TTC AAA GAA AAA TTC GGC ATG ACC AAA GAG GCG TTC TAC AAA CTG CCG AAA TGG AAA CAG AAC AAG TTC AAA ATG GCG GTG CAG CTG TTC,-0.2053004752592966
CCG GCG CAC CCG TAC GAC CGT CTG AAA ACT ACC TCT ACC GAC CCG GTT TCT GAC ATT GAC GTT ACC CGC CGT GAG GCG TAC CTG TCT TCT GAA GAA TTC AAG CTG AAA TTC GGC ATG ACC AAA GAA GCG TTC TAC AAA CTG CCG AAA TGG AAA CAG AAC AAA TTC AAA ATG GCG GTT CAG CTG TTC,1.2030306233814143
CCG GCT CAC CCG TAC GAC CGT CTG AAA ACC ACC TCT ACC GAC CCA GTT TCT GAC ATC GAC GTT ACC CGT CGT GAA GCG TAC CTG TCT TCT GAA GAA TTC AAA GAG AAG TTC GGC ATG ACC AAG GAG GCG TTC GAC AAA CTC CCG AAA TGG AAA CAG AAC AAA TTC CCG ATG GCT GTT CAA CTG TTC,-0.0105500081282204
CCG GCG CAC CCG TAC GAC CGT CTG AAA ACC ACC TCT ACC GAT CCG GTT TCT GAC ATT GAC GTT ACC CGC CGT GAG GCG TAC CTC TCT TCT GAA GAG TTC AAG GAA AAG TTC GGT ATG ACC AAA GAG GCG TTC TAC AAA CTC CCG AAG TGG AAA CAC AAC AAA TTC AAA ATG GCG GTG CAG CTG TTT,-0.971604210983912
CCA GCT CAC CCG TAC GAC CGT CTG AAA ACC ACC TCT ACC GAC CCG GTT TCT GAC ATC GAC GTT ACC CGT CGT GCG GCG TAC CTG TCT TCT GAG GAA TTC AAA GAG AAA TTC GGC ATG ACC AAG GAA GCG TTC TAC AAA CTG CCG AAA TGG AAA CAG AAC AAA TTC CTG ATG GCG GTT CAA CTC TTC,0.9630274804965732
CCA GCG CAC CCG TAC GAC CGT CTG AAA ACT ACC TCT ACC GAC CCG GTT TCT GAC ATC GAC GTT ACC TCC CGT GAG GCT TAC CTG TCT TCT GAA GAG TTC AAA GAG AAG TTC GGC ATG ACC AAA GAA GCG TTC ACC AAA CTG CCG AAA TGG AAA CAG AAC AAA TTC AAA ATG GCG GTT CAG CTG TTC,0.5737052330917001
CCG GCT CAT CCG TAC GAC CGT CTG AAA ACC ACT TCT ACC GAC CCA GTT TCT GAT ATC CCG GTG TGC CGT CGC GAG GCG TAC CTG TCC TCT GAA GAA TTC AAG GAG AAA TTC GGC ATG ACC AAA GAA GCG TTC TAC AAA CTG CCG AAG TGG AAA CAG AAC AAA TTC AAA ATG GCG GTG CAG CTG TTC,1.1474677408586813
CCG GCG CAT CCG TAC GAC CGT CTG AAA ACC ACC TCT ACC GAC CCG GTT TCT GAT ATC GAC GTT ACC CGT CGT ATG GCG TAC CTG TCC TCC GAA GAG TTC AAA GAA AAA TTC GGC ATG ACC AAA GAA GCG TTC GAC AAA CTG CCG AAA TGG AAA CAG AAC AAA TTC AAA ATG GCG GTG CAG CTG TTT,0.8026622589227416
CCG GCT CAC CCA TAC GAC CGT CTG AAA ACC ACC TCT ACC GAC CCA GTT TCT GAC ATT GAC GTT ACC GAA CGT GAA GCG TAC CTG TCC TCC GAG GAA TTC AAG GAA AAA TTC GGT ATG ACC AAA GAG GCG TTC TAC AAG CTG CCA AAA TGG AAA CAG AAC AAA TTC TAC ATG GCG GTT CAG CTG TTC,0.752538491003425
CCG GCG CAC CCG TAC GAC CGT CTG AAA ACC ACC TCT ACC GAC CCG GTT TCT GAC ATC GAC GTT ACC ATC CGT GAA GCT TAC CTG TCC TCT GAA GAA TTC AAA GAA AAG TTC GGC ATG ACC AAA GAA GCG TTC TAC AAA CTG CCG AAA TGG AAG CAG AAC AAG TTC ATG ATG GCG GTG CAG CTG TTT,0.9869794944792266
CCA GCG CAT CCA TAC GCT CGC CTG TGC ACT ACC TCT ACC GAC CCG GTG TCT GAC ATC GAC GTT ACC CGT CGT GAA GCG TAC CTG TCT TCT GAG GAG TTC AAA GAA AAA TTC GGC ATG ACC AAA GAG GCG TTC TAC AAA CTG CCG AAA TGG AAA CAG AAC AAA TTC AAA ATG GCG GTG CAG CTG TTT,1.3060285259247408
CCG GCG CAC CCG TAC GAC CGT CTG AAA ACC ACC TCT ACC GAC CCG GTT TCT GAC ATT GAC GTT GAC CGT CGT GAG GCG TAC CTC TCT TCT GAA GAG TTC AAA GAA AAG TTC GGT ATG ACC AAG GAA GCG TTC TAC AAA CTG CCG AAA TGG AAA CAG AAC AAA TTC AAA ATG GCG GTT CAG CTG TTT,0.9470547971234088
CCA GCT CAC CCG TAC TGC CGT CTG TTT ACC ACC TCT ACC GAC CCG GTG TCT GAC ATC GAC GTT ACC CGT CGT GAG GCG TAC CTC TCT TCT GAA GAG TTC AAG GAA AAA TTC GGC ATG ACC AAG GAG GCG TTT TAC AAA CTG CCG AAA TGG AAG CAG AAC AAG TTC AAA ATG GCG GTG CAG CTG TTC,1.3798618506081053
CCG GCG CAT CCG TAC GAC CGT CTG AAA ACC ACC TCT ACC GAC CCG GTT TCT GAT ATT GAC GTT ACC CGT CGT GAA GCG TAC CTG TCT TCT GAC GAA TTC AAG GAA AAA TTC GGC ATG ACC AAA GAA GCG TTC TAC AAA CTG CCG AAG TGG AAA CAG AAC AAA TTC AAA ATG GCG GTT CAG CTG TTC,1.183055589701722
CCG GCG CAC CCG TAC GAC GAC CTG AAA ACC ACC TCT ACC ATC CCG GTG TCC GAC ATC GAC GTT ACT CGT CGT GAA GCG TAC CTG TCC TCT GAA GAG TTC AAA GAA AAG TTC GGC ATG ACT AAG GAA GCG TTT TAC AAA CTG CCG AAA TGG AAA CAG AAC AAA TTC AAG ATG GCG GTT CAG CTG TTC,0.7373796763804519
CCA GCT CAT CCA TAC GAC CGT CTG AAA ACC ACC TCT ACC GAC CCG GTG TCT GAC ATC GAC GTT ACC CGT CGC GAA GCG TAC CTC TCT TCC GAA GAA TTC AAG GAA AAG TTC GGT ATG ACC AAG GAG GCG TTC TAC AAA CTG CCG AAA TGG GTT CAG AAC AAA TTC AAA ATG GCG GTT CAG CTG TTC,1.429734374581165
CCG GCT CAC CCG TAC GAC CGT CTG AAA ACC ACC TCT ACC GAC CCG GTT TCT GAC ATC GAC GCG ACC CGT CGT GAA GCG TAC CTG TCC TCC GAA GAA TTC AAA GAA AAG TTC GGT ATG ACC AAG GAA GCG TTC TAC AAA CTC CCG AAG TGG AAG CAA AAC AAA TTC AAG ATG GCG GTG CAG CTG TTC,1.0670771964632326
CCG GCG CAT CCG TAC GAC CGT CTG AAA ACC ACC TCT ACC GAC CCA GTT TCT GAT ATC GAC GTT ACC CGC CGT GAG GCG TAC CTG TCT TCT GAA GAG TTC AAG GAA AAA TTC GGC ATG ACC AAA GAA GCG TTC TAC AAA CTG CCG AAA TGG AAA CAG AAC CAG TTC AAA ATG GCG GTG CAG CTG TTC,1.465895225909185
CCA GCG CAC CCG TAC GAC CGT CTG AAA ACC ACC TCT ACC GAC CCG GTT TCT GAC ATC GAC GTT ACC ATC CGT GAA GCG TAC CTG TCC TCC GAA GAG TTC AAA GAG AAA TTC GGT ATG ACC AAG GAA GCG TTC AAA AAG CTC CCG AAA TGG AAA CAG AAC AAA TTC AAA ATG GCG GTG CAG CTG TTC,0.6881217261033334
CCG GCG CAC CCG TAC GAC CGT CTG AAA ACC ACC TCT ACC GAC CCG GTT TCT GAT ATC GAT GTT ACT CGT CGT GAA GCG TAC CTG TCC TCT GAA GAA TTC AAG GAG AAA TTC GGT ATG ACC AAA GAG GCG TTC CGT AAA CTC CCG AAA TGG AAA CAG AAC AAA TTT TGG ATG GCG GTT CAG CTG TTC,1.244677195086642
CCA GCG CAC CCG TAC GAC CGT CTG AAA ACC ACC TCT ACT GAC CCA GTG TCT GAC ATC GAC GTT ACT CGT CGT CAG GCG TAC CTG TCC TCT GAA GAG TTC AAG GAA AAA TTC GGC ATG ACC AAA GAA GCG TTT ATG AAA CTG CCG AAA TGG AAA CAG AAC AAA TTC AAA ATG GCG GTT CAG CTG TTC,0.641588756181231
CCA GCG CAT CCG TAC GAC CGT CTG AAA ACT ACT TCT ACC GAC CCG GTT TCT GAC ATC CAG GTT CGT CGT CGT GAA GCG TAC CTG TCC TCC GAA GAG TTC AAA GAA AAG TTC GGT ATG ACC AAA GAG GCG TTC TAC AAA CTG CCG AAA TGG AAA CAG AAC AAA TTC AAG ATG GCT GTT CAG CTG TTC,0.6305972541625925
CCG GCG CAC CCG TAC GAC CGT CTG AAA ACC ACC TCT ACC GAC CCG GTT TCT GAC ATT GAC GTT ACC TCC CGT GAA GCT TAC CTG TCT TCC GAG GAG TTC AAA GAG AAA TTC GGT ATG ACC AAG GAA GCG TTT AAC AAG CTG CCG AAA TGG AAA CAG AAC AAA TTC AAA ATG GCG GTT CAG CTG TTC,0.7165515667408348
CCG GCG CAC CCG TAC CAG CGT CTG AAC ACC ACC TCT ACC GAC CCG GTT TCC GAC ATC GAC GTT ACC CGT CGT GAA GCG TAC CTC TCT TCT GAG GAG TTC AAG GAA AAA TTC GGT ATG ACC AAA GAG GCG TTC TAC AAA CTG CCG AAA TGG AAA CAG AAC AAA TTC AAA ATG GCG GTT CAG CTG TTC,0.2791105180834015
CCA GCG CAC CCG TAC GAC CGT CTG AAA ACC ACC TCT ACC GAC CCG GTG TCT GAC ATT TCT GTT GTT CGT CGC GAA GCG TAC CTC TCC TCT GAA GAA TTC AAA GAA AAG TTC GGC ATG ACC AAA GAA GCG TTT TAC AAA CTG CCG AAA TGG AAA CAG AAC AAG TTC AAA ATG GCG GTG CAG CTG TTC,0.7411489067847643
CCA GCG CAT CCG TAC GAC CGT CTG AAA ACC ACC TCT ACC GAC CCA GTT TCT GAT ATC GAC GTT ACC CGT CGT GAA GCG TAC CTG TCT TCC GAA GAA TTC AAA GAA AAA TTC GGC ATG ACC AAA GAA GCG TTC TAC AAA CTG CCG ATG TGG AAA CAG AAC AAA TTC AAG ATG GCT GTT CAG CTG TTC,1.1909070027480118
CCG GCG CAC CCA TAC GAC CGC CTG AAA ACC ACC TCT ACC GAC CCG GTT TCT GAC ATC GAC GTT ACC CAC CGT GAA GCG TAT CTG TCC TCC GAA GAG TTC AAA GAA AAG TTC GGT ATG ACC AAG GAA GCG TTC TAC AAA CTG CCG AAA TGG AAA CAG AAC AAA TTC GTG ATG GCG GTG CAG CTG TTC,0.5004783071700981
CCG GCG CAC CCA TAC GAC CGT CTG AAA ACT ACC TCT ACC GAC CCA GTT TCT GAC ATT GAC GTT ACC CGT CGT GAG GCG TAC CTG TCT TCT GAG GAG TTC AAG GAA AAA TTC GGT ATG ACC AAA GAG GCG TTC TAC AAA CTG CCG AAA TGG AAG CAG AAC AAG AAG AAG ATG GCG GTG CAG CTG TTT,1.376233956336944
CCG GCG CAT CCG TAC GAC CGT CTG AAA ACC ACC TCT ACC GAT CCG GTT TCT GAT ATC GAC GTT ACC CGT CGT GAA GCT TAC CTG TCC TCC GAA GAG TTC AAG GAA AAG TTC GGT ATG ACC ACC GAA GCG TTC TAC AAA CTG CCG AAA TGG AAA CAG AAC AAA TTC AAA ATG GCG GTT CAG CTG TTC,0.9406782453489284
CCG GCG CAC CCG TAC TGC CGT CTG GAC ACC ACC TCT ACC GAC CCA GTT TCT GAC ATT GAC GTT ACC CGT CGT GAA GCG TAC CTG TCT TCC GAG GAA TTC AAG GAA AAG TTC GGT ATG ACC AAA GAG GCG TTT TAC AAA CTG CCG AAA TGG AAA CAG AAC AAA TTC AAA ATG GCT GTT CAG CTG TTC,1.4946813040456304
CCG GCG CAC CCG TAC GAC CGT CTG AAA ACC ACC TCT ACC GAC CCG GTT TCT GAC ATC GAC GTT ACC CGT CGT CAC GCG TAC CTG TCT TCC GAG GAA TTC AAA GAA AAA TTC GGC ATG ACC AAA GAG GCG TTC TAC AAA CTG CCG AAG TGG AAA CAG AAC AAG TTC GTT ATG GCG GTG CAG CTC TTC,0.8074679645699726
CCG GCT CAC CCA TAC GAC CGT CTG AAA ACC ACC TCT ACC GAC CCG GTT TCT GAC ATC GAC GTT ACC TTC CGT GAA GCG TAC CTC TCC TCT GAA GAG TTC AAG GAA AAA TTC GGC ATG ACC AAA GAA GCG TTC TAC AAA CTG CCG AAA TGG AAA CAG AAC AAA TTC AAA ATG GCG GTG CAG CTG TTC,0.872434910053375
CCA GCG CAC CCG TAC GTT CGT CTG ATG ACC ACC TCT ACT GAT CCG GTT TCT GAC ATC GAC GTT ACT CGT CGT GAA GCG TAC CTG TCC TCT GAG GAA TTC AAG GAA AAA TTC GGT ATG ACC AAG GAG GCG TTC TAC AAA CTG CCA AAG TGG AAA CAG AAC AAA TTC AAA ATG GCG GTT CAG CTG TTC,0.3648389960871269
CCA GCG CAC CCG TAC GAC CGT CTG AAA ACC ACC TCT ACC GAC CCG GTT TCC GAC ATC CGT GTT CAG CGT CGT GAA GCG TAC CTG TCT TCT GAG GAG TTC AAA GAA AAA TTC GGC ATG ACC AAG GAA GCG TTC TAC AAG CTG CCG AAA TGG AAA CAG AAC AAA TTC AAA ATG GCG GTG CAG CTG TTC,0.6934132509320964
CCG GCG CAC CCG TAC GAC CGT CTG AAA ACC ACT TCT ACC GAC CCG GTT TCT GAC ATC TGG GTT CGC CGT CGT GAG GCG TAC CTG TCT TCT GAG GAG TTC AAA GAG AAG TTC GGC ATG ACC AAA GAA GCT TTC TAC AAA CTG CCG AAA TGG AAA CAG AAC AAA TTC AAA ATG GCG GTT CAG CTG TTC,-1.992985194621022
CCA GCG CAC CCG TAC GAC CGT CTG AAA ACC ACC TCT ACC GAT CAC GTT TCT GAC ATC GAC GTT ACC CGT CGT GAA GCG TAC CTG TCT TCC GAA GAA TTC AAG GAG AAG TTC GGT ATG ACC AAA GAG GCG TTC TAC AAA CTG CCG AAA TGG AAA CAG AAC AAA TTC AAA ATG GCG GTT CAG CTG TTC,0.8262986645363675
CCG GCG CAC CCG TAC GAC CGT CTG AAA ACC ACT TCT ACC GAC CCG GTT TCT GAC ATC GAC GTT ACC ATG CGT CAG GCG TAC CTG TCT TCT GAG GAA TTC AAA GAG AAG TTC GGC ATG ACC AAG GAG GCT TTC TAC AAA CTG CCG AAA TGG AAA CAG AAC AAA TTC AAG ATG GCG GTT CAG CTG TTC,0.651027809644713
CCG GCG CAT CCG TAT GAC CGT CTG AAA ACC ACC TCT ACC GAC CCG GTT TCT GAC ATC GAC GTT ACT CCA CGT GAA GCG TAC CTC TCT TCC GAA GAA TTC AAA GAA AAG TTC GGC ATG ACC AAA GAA GCG TTC TAC AAA CTG CCG AAA TGG AAA CAG AAC AAA TTC GAC ATG GCG GTT CAG CTG TTC,0.0787579866391265
CCG GCT CAC CCG TAC GAC CGT CTC AAA ACC ACC TCT ACC GAT CCG GTT TCT GAC ATC GAC GTT ACC CGT CGT GCG GCG TAC CTG TCC TCT GAA GAA TTC AAG GAA AAA TTC GGC ATG ACC AAA GAA GCG TTC TAC AAA CTG CCG AAA TGG AAA CAG AAC AAA TTT CCG ATG GCG GTG CAG CTG TTC,0.765260321063874
CCG GCG CAC CCG TAC GAC CGT CTG AAA ACC ACC TCT ACC GAC CCG GTT TCT GAC ATC GAC GTT ACC TCC CGT GAG GCG TAC CTC TCT TCT GAA GAG TTC AAG GAG AAA TTC GGT ATG ACC AAG GAA GCG TTC TAC AAA CTG CCG AAA TGG AAA CAG AAC AAA TTC CCG ATG GCG GTG CAG CTC TTT,0.4519425691121811
CCG GCG CAC CCG TAC GAC CGT ATC AAA ACC ACC TCT ACC GAC CCG GTT TCC GAC ATC GAC GTT ACC CGT CGT GAA GCG TAC CTC TCT TCT GAA GAG TTC AAA GAA AAG TTC GGT ATG ACC AAA GAG GCG TTC TAC AAA CTG CCG AAA TGG AAA CAG AAC AAA TTC AAA ATG GCG GTG CAG CTG TTC,0.9420437573012558
CCG GCT CAC CCG TAC GAC CGT CTG AAA ACC ACC TCT ACC GAC CCG GTT TCT GAC ATC TTC GTT AAC CGT CGT GAA GCG TAT CTG TCC TCC GAG GAG TTC AAA GAA AAA TTC GGT ATG ACC AAG GAA GCG TTC TAC AAG CTC CCG AAA TGG AAA CAG AAC AAA TTC AAA ATG GCG GTT CAG CTG TTC,0.5530951023175414
CCG GCG CAC CCG TAC GAC CGT CTG AAA ACC ACC TCT ACC GAC CCG GTT TCT GAT ATC GAT GTT ACT CGT CGT GAA GCG TAC CTG GAG TCC GAA ACC TTC AAG GAA AAA TTC GGT ATG ACC AAG GAA GCG TTC TAC AAA CTG CCG AAA TGG AAA CAG AAC AAA TTC AAA ATG GCG GTT CAG CTC TTC,0.4453314553904732
CCG GCT CAC CCG TAC GAC CGT CTG AAA ACC ACC TCT ACC GAT CCA GTT TCT GAC ATC GAC GTT ACC CAG CGT GAA GCG TAC CTG TCT TCC GAG GAG TTC AAA GAA AAA TTC GGC ATG ACC AAA GAA GCG TTT GCG AAA CTC CCA AAG TGG AAA CAG AAC AAA TTC AAA ATG GCG GTT CAG CTG TTC,0.6740049027086643
CCG GCT CAC CCG TAC ACC CGT CTG ACC ACC ACT TCT ACC GAC CCG GTT TCT GAC ATC GAC GTT ACC CGT CGT GAA GCG TAC CTG TCT TCC GAA GAG TTC AAG GAG AAG TTC GGT ATG ACC AAG GAA GCG TTC TAC AAA CTC CCG AAG TGG AAA CAG AAC AAA TTC AAA ATG GCG GTT CAG CTG TTC,0.4070373274709647
CCG GCG CAT CCG TAC GAC CGT CTG AAA ACC ACC TCT ACC GAC CCG GTG TCT GAC ATC GAC GTT ACC CGT CGT GAA GCG TAC CTG TCC TCT GAG GAA TTC AAG GAG AAA TTC GGC ATG ACC AAA GAG GCG TTC GTT AAG CTG CCG AAA TGG AAA CAG AAC AAA TTC CAA ATG GCT GTT CAG CTG TTC,0.197797876008883
