sequence,label
ATG GTG CAG CGT GGT TCT AAA GTT CGC ATC CTG CGT CCG GAG TCT TAC TGG TTC CAG GAC GTT GGT ACC GTT GCT TCT GTG GAC CAG TCT GGC ATC AAG TAT CCG GTT ATT GTG CGC TTC GAA AAG GTG AAC TAC TCT GGT ATC AAC ACC AAC AAC AAC GCG GAA GAC GAA AAA GTT GAA GTT GAG GCT,-0.4732172955794171
ATG GTT CAG CGT GGT TCT AAA GTT CGT ATC CTG CGT CCG GAA TCT TAC TGG TTC CAG GAC GTT GGT ACC GTT GCG TCT GTT GAC CAG TCT GGT ATC AAA TAC TGG GTT ATC GTT CGC TTC GAA AAG GTT AAC TAC TCC GGC ATC AAC ATC AAT AAC TTC GCG GAA GAC GAA CTG GTT GAA GTT GAA GCG,2.436089326968842
ATG GTT CAG CGT GGC TCT AAA GTT CGT ATT CTG CGT CCG GAA TCT TAC TGG TTC CAG GAC GTG GGT ACC GTT GCT TCT GTT GAC CAG TCT GGC ATC AAA TAC CCG GTT ATC GTG CGT TTC CAC AAC GTT AAC TAC TCT GGT ATC AAC ACC AAC AAC TTC GCG GAA GAC GAA CTG GTT GAA GTT GAA GCG,1.0750738437306029
ATG GTT CAA CGT GGC TCC AAA GTT CGT ATC CTG CGT CCG GAA TAC TAC TGG TTC CAA GAC GTT GGT ACC GTT GCG TCT GTT GAC CAG TCT GGT ATC AAA TAC CCG GTT ATC GTT CGT TTC GAG AAG GTG AAT TAC TCT GGC ATC AAC ACC AAC AAC TTC GCG GAA GAC GAA CTG GTT GAA GTT GAA GCG,-0.557304742479209
ATG GTT CAG CGC GGC TCT AAG GTT CGT ATC CTG CGT CCA GAA TCC TAC TGG TTT CAA GAC GTG GGT ACC GTT GCT TCT GTT GAC CAG TCC GGT ATC AAA TAC CCG GTT ATC GTT CGT TTT CAG GAC GTG AAC TAC TCT GGC ATC AAC ACC AAC AAC TTC GCT GAG GAC GAA CTC GTT GAA GTT GAA GCG,0.6993429488597567
ATG GTG CAA CGC GGT TCC AAA GTT CGT ATC CTG CGT CCG GAA TCT TAC TGG TTT CAG GAC GTT GGT ACC GTT GCG TCT GTT GAC CAG TCC GGT ATC AAA TAC ACC GTT ATC GTT CGC TTC GAA AAA GTG AAC TAC TCC GGC ATC AAC CAC AAC AAC TTC GCG GAA GAC GAG CTG GTT GAA GTT GAA GCG,1.3612795427140432
ATG GTT CAG CGT GGT TCT AAA GTT CGT ATC CTG CGT CCG GAA TCT TAC TGG TTC CAG GAC GTT GGT ACC GTT GCG TCT GTT GAC CAG TCT GGT ATC AAA TAC CCG GTT ATC GTG CGT TTC GAG AAA GTG AAC TAC TCC GGC ATC AAT ACC AAC AAC ATG GCG GAA GAC GAG TTC GTT GAA GTT GAA GCG,-0.5382894392808939
ATG GTT CAG CGT GGT TCT AAA GTT CGT ATC CTG CGT CCG GAA TCT TAC TGG TTC CAA GAC GTT GGT ACC GTT GCG TCT GTT GAC CAG TCC GGT ATC AAA TAC CCG GTT ATC GTG CGT TTC GAG AAA GTG AAC TAC TCT GGT ATT AAC ACC AAC AAC AAC GCG GAA GAT GAA GGT GTT GAA GTT GAG GCG,-0.6383164220358144
ATG GTT CAG CGC GGT TCC AAA GTT CGT ATC CTG CGT CCG GAA TCT TAC TGG TTT CAG GAC GTT GGT ACC GTT GCG TCT GTT GAT CAG TCC GGT ATC AAA TAC CCA GTT ATC GTG CGC TTC GAG AAG GTT AAC TAC TCC GGC ATT AAC ACC AAC AAT GTG GCG GAG GAT GAG TAC GTT GAA GTT GAA GCG,-0.1688841487648364
ATG GTT CAG CGT GGT TCT CAG GTT CGT ATT CTG CGT CCG GAA TCT TAC TGG TTC CAG GAC GTT GGT CCG GTT GCG TCT GTT GAC CAG TCT GGC ATC AAA TAC CCG GTT ATC GTT CGT TTC GAG AAG GTT AAC TAC TCC GGT ATC AAC ACC AAT AAC TTC GCG GAA GAC GAA CTG GTT GAA GTT GAA GCG,-0.6048155496803689
ATG GTT CAG CGT GGT TCT AAA GTT GTT ATC CTG CGT CCG GAA TCT TAC TGG TTC CAG GAC GTT GGT ACC GTT GCG TCT GTT GAC CAG TCC GGT ATC AAG TAC CCG GTT ATC GTT CGT TTC GAG AAG GTT AAC TAC TCT GGC ATC AAC ACC AAT AAC TTC GCG GAA GAC GAA CTG GTT GAA GTT GAA GCG,0.6931234830537367
ATG GTT CAG CGT GGT TCT AAC GTT CGT ATC CTG CGT CCG GAA TCT TAC TGG TTC CAG GAC GTG GGC TGG GTT GCT TCC GTT GAC CAG TCT GGT ATC AAA TAC CCG GTT ATC GTT CGT TTT GAG AAA GTG AAC TAC TCC GGC ATC AAC ACC AAC AAC TTC GCT GAA GAC GAA CTG GTT GAA GTT GAA GCG,0.4560267110090119
ATG GTT CAG CGT GGT TCT AAA GTT CGT ATC CTG GGT CCG GAA TCC TAC TGG TTC CAG GAC GTT GGT ACC GTT GCG TCT GTT GAC CAG TCC GGT ATC AAA TAC CCG GTT ATC GTG CGT TTT GAA AAG GTT AAC TAC TCT GGC ATC AAC ACC AAC AAC TTC GCT GAA GAC TCT CTG GTT GAA GTT GAG GCT,-0.646856424271482
ATG GTT CAA CGC GGT TCC AAA GTT CGT ATC CTG CGT CCG GAA TCT TAC TGG TTT CAG GAC GTT GGT ACC GTT GCG TCT GTT GAC CAG TCT GGT ATC AAG TAC CCG GTG ATC GTT CGT TTT GTT ATC GTT AAC TAC TCT GGC ATC AAC ACC AAC AAC TTC GCG GAA GAC GAA CTG GTT GAA GTT GAA GCG,2.2566949710310005
ATG GTT CAG CGT GGC TCT AAA GTT CGT ATC CTG CGT CCG GAA TCT TAC TGG TTC CAG GAC GTT GGT ACC GTT GCG TCT GTT GAC CAG TCT GGC ATC AAG TAC CCG GTG ATC GTG CGT TTC AAA TGC GTT AAC TAC TCC GGT ATC AAC ACC AAC AAC TTC GCG GAG GAC GAA CTG GTT GAA GTG GAA GCG,2.206768356337551
ATG GTT CAG CGT GGT TCT AAA GTT CGT ATC CTG CGT CCG GAA TCT TAC TGG TTC CAG GAC GTT GGC ACC GTT GCG TCT GTT ACC CAG CTC GGT ATC AAA TAC CCG GTT ATC GTT CGC TTT GAA AAA GTG AAC TAC TCT GGC ATC AAC ACT AAC AAC TTC GCG GAA GAC GAA CTG GTT GAA GTT GAA GCG,0.3877497857295397
ATG GTT CAG CGT GGT TCT AAA GTT CGT ATC CAG CGT CCG GAA TCT TAC TGG TTT CAG GAC GTT GGT ACC GTT GCG TCT GTT GAC CAG TCT GGT ATC AAA TAC CCG GTT ATC GTT CGT TTC GAG AAG GTG AAT TAC TCT GGC ATC AAC ACC AAC AAC TTC GCG GAA GAC GAA CTG GTT GAA GTT GAA GCG,0.2102395261118668
ATG GTT CAG CGT GGT TCT AAC GTT CGT ATC CTG CGT CCG GAA TCT TAC TGG TTC CAG GAC GTT GGC GGT GTT GCG TCT GTT GAC CAG TCC GGT ATC AAA TAC CCG GTG ATC GTT CGC TTC GAA AAA GTG AAC TAC TCT GGC ATC AAC ACC AAC AAC TTC GCT GAA GAC GAA CTG GTT GAA GTT GAA GCG,-0.690745385947196
ATG GTT CAG CGT GGT TCT AAA GTT CGT ATC CTG CGT CCG GAA TCT TAC TGG TTC CAA GAC GTT GGT ACC GTT GCG TCT GTT GAC CAG TCT GGC ATC AAA TAC CCG GTT ATC GTG CGC TTC GAA AAG GTT AAC TAC TCT GGT ATC AAC ACC AAC AAC ATC GCG GAA GAC GAA ACC GTT GAA GTT GAA GCG,-0.7015736388892313
ATG GTT CAG CGT GGT TCT AAA GTT CGT ATT CTG TAC CCG GAA TCT TAC TGG TTC CAG GAC GTT GGT ACC GTT GCG TCT GTT GAC CAG TCT GGC ATC AAA TAT CCG GTT ATC GTG CGT TTC GAG AAG GTT AAC TAT TCT GGT ATC AAC ACC AAC AAC TTC GCG GAA GAT GAC CTG GTT GAA GTT GAA GCG,-0.4293091769972982
ATG GTG CAG CGC GGC TCT AAA GTT CGT ATC CTG CGT CCG GAA TCT TAC TGG TTC CAA GAC GTT GGT ACC GTG GCT TCC GTT GAT CAG TCC GGT ATC AAA TAC CCA GTT ATC GTT CGT TTC GGT TGC GTT AAC TAC TCT GGC ATC AAC ACC AAC AAC TTC GCT GAA GAC GAA CTG GTT GAA GTT GAA GCG,1.443048954631348
ATG GTT CAG CGT GGT TCT AAA GTT CGT ATC CTG CGT CCG GAA TCT TAC TGG TTC CAA GAC GTT GGT ACC GTT GCG TCT GTT TGC CAG CAC GGC ATC AAA TAC CCG GTT ATC GTT CGT TTC GAG AAG GTT AAC TAC TCC GGT ATC AAC ACC AAC AAT TTC GCG GAA GAC GAG CTG GTT GAA GTT GAA GCG,1.2732090425283735
ATG GTT CAG CGT GGT TCT AAA GTT CGT ATC CTG CGT CCG GAA TCT TAC TGG CCG CAG GAC GTT GGT ACC GTT GCG TCT GTT GAC CAG TCT GGC ATC AAA TAC CCG GTT ATC GTT CGC TTC GAG AAG GTT AAC TAC TCC GGT ATC AAC ACC AAC AAC TTC GCG GAA GAC GAA CTG GTT GAA GTT GAG GCT,-4.007133541640553
ATG GTT CAG CGT GGT TCC AAA GTT CGT ATC CTG CGT CCG GAA TCT TAC TGG TTT CAG GAC GTT GGT ACC GTT GCG TCT GTT GAC CAG TCC GGT ATT AAG TAC CCG GTG ATC GTT CGT TTC GAG AAA GTG AAC TAC TCT GGT ATC AAC ACC AAC AAC TGG GCG GAA GAC GAG TTC GTT GAA GTT GAA GCG,0.1717028795684042
ATG GTT CAG CGT GGT TCC AAA GTT CGT ATC CTG CGT CCG GAA TCT TAC TGG ATG CAG GAC GTT GGT ACC GTT GCG TCT GTT GAC CAG TCT GGT ATC AAA TAC CCG GTG ATC GTT CGT TTC GAG AAG GTG AAC TAT TCT GGC ATC AAC ACC AAC AAC TTT GCG GAA GAC GAA CTG GTT GAG GTT GAA GCG,-0.931397633301621
ATG GTT CAG CGT GGC TCT AAA GTT CGT ATC CTC TCT CCG GAA TCT TAC TGG TTC CAG GAC GTT GGT ACC GTT GCG TCT GTT GAC CAG TCT GGT ATC AAA TAT CCG GTG ATC GTT CGT TTC GAG AAG GTT AAC TAC TCT GGC ATC AAC ACC AAC AAC TTC GCG GAA GAC GAA CTG GTT GAA GTT GAA GCG,0.5296683634259352
ATG GTT CAA CGT GGT TCT AAA GTT CGT ATC CTG CGT CCG GAA TCT TAC TGG TTC CAG GAC GTG GGT ACC GTT GCG TCT GTT GAC CAG TCT GGT ATC AAG TAC CAG GTG ATC GTT CGT TTC GAG AAA GTG AAC TAC TCC GGT ATC CAG ACC AAC AAC TTC GCG GAA GAT GAA CTG GTT GAA GTT GAA GCG,1.197220073393383
ATG GTT CAG CGT GGC TCT AAC GTT CGT ATC CTG CGT CCG GAA TCT TAC TGG TTC CAG GAC GTT GGT ACC GTT GCG TCT GTT GAC CAA TCT GGC ATC AAG TAC CCG GTT ATT GTG CGT TTC CTG AAA GTG AAC TAC TCT GGT ATC AAC ACC AAC AAC TTC GCG GAG GAT GAA CTG GTT GAA GTT GAG GCT,0.8595481631326389
ATG GTT CAA CGT GGT TCC AAA GTT CGT ATC CTG CGT CCG GAA TCT TAC TGG TTT CAG GAC GTT GGT ACC GTT GCG TCT GTT GAC CAG TCC GGT ATT AAG TAC CCA GTG ATC GTT CGT TTC GAG AAG GTT AAC TAC TCT GGT ATC AAC ACC AAC AAC GGT GCG GAA GAC GAA ACC GTT GAA GTT GAA GCG,-0.1645937703174583
ATG GTT CAG CGT GGT TCT AAA GTG CGT ATC CTG CGT CCG GAA TCT TAC TGG TTC CAG GAC GTG GGT ACC GTT GCG TCT GTT GAC CAG TCT GGT ATT AAG TAC CCG GTG AAA GTT CGC TTC GAG AAG GTG AAC TAC TCC GGT ATC AAT ACC AAC AAT TTC GCG GAA GAC GAA CTG GTT GAA GTT GAA GCG,3.171873444291874
ATG GTT CAG CGT GGT TCT AAA GTT CGT ATC CTG CGT CCG GAA TCT TAC TGG TTT CAG GAC GTT GGT ACC GTT GCG TCT GTT GAC CAG TCT GGT ATC AAA TAC CCG GTT ATC GTT CGT TTC GAG AAG GTT AAC TAC TCT GGC ATC AAC ACC AAC AAC TTT GCT TTC GAC GAA CTG GTT GAA GTG GAA GCG,3.894684749276263
ATG GTT CAG CGT GGT TCT AAA GTT CGT ATC CTG CGT CCG GAA TCT TAC TGG TTC CAG GAC GTT GGT ACC GTT GCT TCT GTT GAC CAG TCT GGC ATC AAA TAC CCG GTT ATC GTG CGC TTC GAA AAG GTT AAC TAC TCT GGT ATC AAC ACC AAC AAC CCA GCT GAA GAC GAA TGG GTT GAA GTT GAA GCG,0.0703160826500235
ATG GTT CAG CGT GGT TCT AAA GTT CGT ATC CTG CGT CCG GAA TCT TAC TGG TTT CAG GAC GTT GGT ACC GTT GCG TCT GTT GAC CAG TCT GGC ATC AAA TAC CCG GTT ATC GTT CGT TTC CGT GAC GTT AAC TAC TCT GGT ATC AAC ACC AAC AAC TTC GCG GAA GAC GAA CTG GTT GAA GTT GAG GCT,0.931181186230802
ATG GTT CAG CGT GGT TCT AAA GTT CGT ATC CTG CGT CCG GAA TCT TAC TGG TTC CAG GAC GTT GGC ACC GTT GCG TCT GTT GAC CAG TCC GGT ATC AAG TAC CCG GTT ATT GTT CGT TTT GAA AAG GTG AAC TAC TCT GGC ATC AAC ACC CGT AAT TTC GCG GAA GAC GAA CTG GTT GAA GTT GAA GCG,0.0321811221684135
ATG GTT CAG CGC GGC TCT AAA GTT CGT ATC CTG CGT CCG GAA TCT TAC TGG TTC CAG GAT GTT GGT ACC GTT GCG TCT GTT GAC CAG TCC GGC ATC AAA TAC CCG GTT ATC GTT CGT TTT CGT TAC GTT AAC TAC TCC GGT ATC AAC ACC AAC AAC TTC GCG GAA GAC GAA CTG GTT GAA GTT GAA GCG,1.457960569318711
ATG GTG CAG CGC GGT TCT AAA GTT CGT ATC CTG CGT CCG GAA TCT TAC TGG TTC CAG GAT GTT GGT ACC GTT GCG TCT GTT GAC CAG TCC GGT ATC AAG TAC GAG GTT ATC GTT CGC TTT GAA AAG GTT AAC TAC TCT GGC ATC AAC GAC AAC AAC TTC GCG GAA GAT GAA CTC GTT GAA GTT GAG GCG,0.8655727488814003
ATG GTT CAG CGT GGT TCT AAA GTT CGT CGT CTG CGT CCG GAA TCT TAC TGG TTC CAG GAC GTT GGT ACC GTT GCG TCT GTT GAC CAG TCT GGT ATC AAA TAC CCG GTT ATC GTT CGT TTT GAA AAA GTG AAC TAC TCT GGC ATC AAC ACC AAC AAC TTC GCG GAA GAC GAG CTG GTT GAA GTT GAA GCG,0.1958580656533254
ATG GTT CAG CGC GGT TCT AAA GTT CGT ATC CTG CGT CCG GAA TCT TAC TGG TTC CAG GAC GTT GGT ACC GTT GCG TCT GTT GAC CAG TCT GGC ATC AAG TAC TAC GTT ATC GTT CGT TTC GAG AAG GTG AAT TAC TCC GGT ATC AAC TTC AAC AAC TTC GCG GAA GAC GAA CTG GTT GAG GTT GAA GCG,1.914208633433041
ATG GTT CAG CGT GGT TCT AAA GTT CGC CGT CTC CGT CCG GAG TCT TAC GAA TTC CAG GAC GTT GGT ACC GTT GCG TCT GTT GAC CAG TCT GGT ATC AAG TAC CCG GTG ATT GTG CGT TTC GAG AAA GTG AAC TAC TCT GGC ATC AAC ACC AAC AAC TTC GCG GAG GAT GAA CTG GTT GAA GTT GAA GCG,-0.3743597868777958
ATG GTT CAG CGT GGT TCT AAA GTT CGT ATC CTG CGT CCG GAA TCT TAC TGG TTC CAG GAC GTT GGT ACC GTT GCG TCT GTT GAC CAG TCT GGC ATC AAA TAC CCA CCG ATC GTT CGC TTC GAG AAG GTT AAC TAC TCT GGT ATC AAC ACC AAC AAC TTC GCG GAA GAC GAA CTG GTT GAA GTT GAA GCG,-1.6840730668399355
ATG GTT CAG CGT GGC TCT AAA GTT CGT ATC CTG CGT CCG GAA TCT TAC TGG TTC CAG GAC GTT GGT ACC GTT GCG TCT GTT GAC CAG TCC GGC ATC AAG TAC CCG GTT ATC GTT CGT TTC GAG AAG GTG AAC TAC TCT GGT ATC AAC ACC AAC AAC ATG GCG GAA GAC GAA GTT GTT GAA GTT GAA GCG,-0.1603427217304926
ATG GTT CAG CGT GGC TCC AAA GTT CGT ATC CTG CGT CCG GAA TCT TAC TGG TTC CAG GAC GTT GGT ACC GTT GCG TCT GTG GAC CAG TCT GGC ATC AAG TAC TCT GTT ATC GTT CGC TTC GAA AAG GTG AAC TAC TCC GGT ATC AAC ATC AAC AAC TTC GCG GAA GAT GAA CTG GTT GAA GTT GAG GCG,1.6397344955829212
ATG GTT CAG CGT GGC TCT ATC GTG CGT ATT CTG CGT CCG GAA TCT TAT TGG TTC CAG GAC GTT GGT ACC GTT GCG TCT GTT GAC CAG TCT GGT ATC AAA TAC CCG GTG ATC GTT CGC TTC GAG AAG GTT AAC TAC TCC GGC ATC AAC ACT AAC AAC TTC GCG GAG GAC GAA CTG GTT GAA GTT GAG GCG,1.5671619047562513
ATG GTG CAG CGT GGT TCT GGT GTT CGT ATC CTG CGT CCG GAA TCT TAT TGG TTC CAG GAC GTT GGT ACC GTT GCG TCT GTT GAC CAG TCT GGC ATC AAA TAC CCG GTT ATC GTG CGT TTC AAC AAG GTG AAC TAT TCT GGT ATC AAC ACC AAC AAC TTC GCG GAA GAC GAA CTG GTT GAA GTT GAA GCG,-0.107988052417924
ATG GTG CAA CGT GGC TCC AAA GTT CGT ATT CTG CGT CCG GAA TCT TAC TGG TTC CAA GAC GTT GGT ACC GTT GCG TCT GTT GAC CAG TCT GGC ATC AAA TAC CCG GTG ATC GTT CGC TTC ATC GTT GTT AAC TAC TCC GGT ATT AAC ACC AAC AAC TTC GCG GAA GAT GAA CTG GTT GAA GTG GAA GCG,2.400399342125036
ATG GTT CAG CGT GGT TCT AAA GTT CGT ATC CTG CGT CCG GAA TCT TAC TGG TTT CAG GAC GTT GGT ACC GTT GCG TCT GTT GAC CAA TCT GGT ATT AAG TAC CAC GTG ATC GTG CGT TTT GAG AAA GTG AAC TAC TCC GGT ATC AAC AAA AAC AAC TTC GCG GAA GAC GAG CTG GTT GAA GTT GAA GCG,1.287268299207715
ATG GTT CAG CGT GGT TCT GGT GTT CGT ATC CTG CGT CCG GAA TCT TAC TGG TTC CAG GAT GTT GGT TGG GTT GCG TCT GTT GAC CAG TCT GGT ATC AAA TAT CCG GTG ATC GTG CGT TTC GAG AAA GTG AAC TAT TCC GGC ATC AAC ACC AAC AAC TTC GCT GAA GAC GAA CTG GTT GAA GTT GAG GCT,0.023797544198944
ATG GTT CAG CGT GGT TCT TCT GTT CGT ATC CTG CGT CCG GAA TCT TAC TGG TTC CAG GAC GTG GGT TAC GTT GCG TCT GTT GAC CAG TCC GGT ATC AAA TAC CCG GTT ATC GTG CGT TTC GAG AAG GTT AAC TAC TCC GGC ATC AAC ACC AAC AAC TTC GCG GAA GAC GAA CTG GTT GAA GTT GAA GCG,0.1978869743927102
ATG GTG CAG CGT GGT TCT AAA GTT CGT ATC CTG CGT CCA GAG TCT TAC TGG TTC CAG GAC GTT GGT ACC GTT GCG TCT GTT GAC CAG TCT GGC ATC AAA TAC GAA GTT ATC GTG CGT TTC GAG AAG GTG AAC TAT TCT GGT ATC AAC TCT AAC AAC TTC GCG GAG GAC GAA CTG GTT GAA GTT GAA GCG,0.881193665590786
ATG GTT CAG CGT GGC TCT AAA GTT CGT ATC CTC GAA CCG GAA TCT TAC TGG TTC CAA GAC GTT GGT ACC GTT GCG TCT GTT GAC CAG TCT GGC ATC AAA TAC CCG GTT ATC GTT CGC TTC GAG AAG GTT AAC TAT TCT GGT ATC AAC ACC AAC AAC TTC GCG GAA GAT GCG CTG GTT GAA GTT GAA GCG,-0.4458689524408146
ATG GTT CAG CGT GGT TCC AAA GTT CGT ATC CTG CGT CCG GAA TCT TAC TGG TTT CAG GAC GTT GGT ACC GTT GCG TCT GTT GAC CAG TCT GGC ATC AAG TAC ACC GTT ATC GTT CGT TTC GAG AAA GTT AAT TAC TCT GGT ATC GCG ACC AAC AAC TTC GCG GAA GAC GAA CTG GTT GAA GTT GAA GCG,2.0682229646565
ATG GTT CAG CGT GGT TCT AAA GTT CGT ATC CTG CAG CCG GAA TCT TAC TGG TTC CAG GAC GTT GGT ACC GTT GCG TCT GTT GAC CAG TCT GGT ATC AAA TAC CCG GTT ATT GTG CGT TTC GAG AAG GTG AAC TAC TCT GGC ATC AAC ACC AAC AAC TTC GCG GAA GAC CAG CTC GTT GAA GTT GAA GCG,-0.1019967274665291
ATG GTT CAG CGT GGC TCT ATC GTT CGT ATC CTG CGT CCG GAA TCT TAC TGG TTC CAG GAC GTT GGT ACC GTT GCG TCT GTT GAC CAG TCT GGT ATC AAA TAC CCG GTT ATT GTG CGC TTC TCT AAG GTG AAC TAC TCT GGC ATC AAC ACC AAC AAC TTC GCG GAA GAC GAA CTG GTT GAA GTT GAA GCG,1.581318443882534
ATG GTT CAG CGT GGC TCT AAA GTT CGT ATC CTG TTC CCG GAA TCT TAC TGG TTT CAG GAC GTT GGT ACC GTT GCG TCT GTT GAC CAG TCC GGT ATT AAG TAC CCG GTG ATC GTT CGT TTC GAG AAG GTT AAC TAC TCT GGT ATC AAC ACC AAC AAC TTC GCT GAA GAC ATG CTG GTT GAA GTT GAA GCG,0.8015752602597064
ATG GTT CAA CGT GGT TCT AAA GTT CGT ATC CTG CGT CCG GAA TCT TAC TGG TTC CAG GAC GTT GGT ACC GTT GCG TCT GTT GAC CAG TCC GGC ATC AAA TAC GTT GTG ATC GTG CGC TTC GAA AAA GTG AAC TAC TCT GGC ATC TAC ACC AAC AAC TTC GCG GAA GAT GAA CTG GTT GAA GTT GAA GCG,2.327247174406861
ATG GTT CAG CGT GGC TCT AAA GTT CGT ATC CTG TGG CCG GAA TCT TAC TGG TTC CAG GAC GTT GGT ACC GTT GCG TCT GTT GAC CAG TCT GGT ATC AAG TAC CCG GTT ATC GTT CGT TTC GAG AAG GTT AAC TAC TCT GGC ATC AAC ACC AAC AAC TTC GCG GAA GAC CAA CTG GTT GAA GTT GAA GCG,0.252288676013653
ATG GTT CAG CGC GGT TCT AAA GTT CGT GTG CTG CGT CCG GAG TCT TAC TAC TTC CAG GAT GTT GGT ACC GTT GCG TCT GTT GAC CAG TCT GGT ATC AAA TAC CCG GTT ATC GTT CGT TTC GAG AAG GTG AAC TAC TCC GGC ATC AAC ACC AAC AAC TTC GCT GAA GAC GAA CTG GTT GAA GTT GAG GCG,0.2836819608899744
ATG GTT CAG CGC GGC TCT AAA GTT CGT ATC CTC GAA CCG GAA TCT TAC TGG TTC CAA GAC GTT GGT ACC GTT GCG TCT GTT GAC CAG TCT GGC ATC AAA TAC CCG GTT ATC GTT CGT TTC GAG AAG GTT AAC TAC TCC GGT ATC AAC ACC AAT AAC TTC GCG GAA GAC TTC CTG GTT GAA GTT GAA GCG,-0.2589941641458686
ATG GTT CAG CGT GGT TCT TGG GTT CGT ATC CTG CGT CCG GAA TCT TAC TGG TTC CAG GAC GTT GGT GCG GTT GCG TCT GTT GAC CAG TCT GGT ATC AAA TAC CCG GTT ATT GTG CGT TTC GAG AAA GTG AAC TAC TCC GGT ATT AAC ACC AAC AAC TTC GCG GAA GAC GAA CTG GTT GAA GTT GAA GCG,-0.1661053753217059
ATG GTT CAG CGT GGT TCT AAA GTT CGT ATC CTG CGT CCG GAA TCT TAT TGG TTC CAG GAC GTT GGT ACC GTT GCG TCT GTT GAC CAG TCC GGT ATC AAA TAC CTG GTT ATC GTT CGT TTC GAG AAG GTT AAC TAC TCC GGC ATC TAC ACC AAC AAC TTC GCG GAA GAC GAG CTG GTT GAA GTG GAA GCG,2.599188196372788
ATG GTT CAG CGT GGT TCT AAA GTT CGT ATC CTG CGT CCG GAA TCT TAC TGG TTC CAG GAC GTT GGT ACC GTT GCG TCT GTT CAC CAG TCT GGC ATC AAA TAC CCG GTT ATC GTT CGT TTT GAA AAG GTG AAC TAC TCT GGT ATC AAC ACC AAC AAC TTC GCG GAA GAC GAA CTG GTT GAA GTT GAA GCG,0.5424476432445979
ATG GTT CAG CGT GGT TCT AAA GTT CGT ATC CTG CGT CCG GAA TCT TAC TGG TTC CAG GAC GTT GGT ACC GTT GCG TCT GTT GAC CAG TCT GGT ATC AAG TAC CCG GTT ATC GTT CGT TTT GAA AAA GTT AAC GGT TCT GGC ATC AAC ACT AAC AAC TTC GCG GAG GAC GAA CTG GTT GAA GTT GAA GCG,2.635270044197841
ATG GTT CAG CGT GGT TCT AAA GTT CGT ATC CTG CGT CCG GAA TCT TAC TGG TTC CAG GAT GTT GGT ACC GTT GCG TCT GTT GAC CAG TCT GGC ATC AAA TAC CCG GTT ATC GTT CGT TTC ATC TCT GTT AAC TAC TCC GGT ATC AAC ACC AAC AAC TTC GCG GAA GAC GAA CTG GTT GAA GTT GAA GCG,1.871126260798184
ATG GTT CAG CGT GGC TCT AAA GTT CGT TGC CTG CGT CCG GAG TCT TAC GGT TTC CAG GAC GTT GGC ACC GTT GCG TCT GTT GAC CAG TCT GGT ATC AAA TAC CCG GTT ATC GTT CGT TTC GAG AAG GTG AAC TAC TCC GGT ATT AAC ACC AAC AAC TTC GCG GAA GAC GAA CTC GTT GAA GTT GAA GCG,0.4598290145331941
ATG GTT CAG CGT GGT TCC GTT GTT CGT ATC CTG CGT CCG GAA TCT TAC TGG TTT CAG GAC GTT GGT ACC GTT GCG TCT GTT GAC CAG TCT GGC ATC AAA TAC CCG GTT ATT GTG CGC TTT ATG AAG GTG AAT TAC TCC GGT ATC AAC ACC AAC AAC TTC GCG GAA GAT GAA CTG GTT GAA GTT GAA GCG,1.368358477907056
ATG GTT CAG CGC GGC TCC AAA GTT CGT ATC CTG CGT CCG GAA TCT TAC TGG TTC CAG GAC GTT GGT ACC GTT GCG TCT GTT GAC CAG TCC GGC ATT AAG TAC CCG GTT ATC GTT CGT TTC AAC GTG GTG AAC TAC TCT GGC ATC AAC ACC AAC AAC TTC GCG GAA GAC GAG CTG GTT GAA GTT GAA GCG,0.9947376772268
ATG GTT CAG CGT GGT TCT AAA GTT CGT ATC CTG CGT GAC GAA TCT TAC TGG TTC CAG GAC GTT GGT ACC GTT GCG TCT GTT GAC CAG TCC GGC ATC AAA TAC CCG GTG ATC GTT CGC TTC GAA AAA GTG AAC TAC TCC GGT ATC AAC ACC AAC AAC TTC GCG GAA GAC GAA CTG GTT GAA GTT GAA GCG,-0.0694599919841356
ATG GTT CAG CGT GGT TCT AAG GTT CGT ATC CTG CGT CCG GAA TCT TAC TGG TTC CAG GAT GTT GGT ACC GTT GCG TCT GTT GAC CAG TCT GGT ATC AAA TAC CCG GTT ATC GTT CGT TTC GAG AAG GTT AAC TAC TCT GGC ATC AAC ACC AAC AAC TTC GCG GAA GAC GAA CTG GTT GAA GTT GAA CCG,2.209772716734284
ATG GTT CAG CGC GGT TCT AAA GTT CGC CCG CTG CGT CCG GAA TCT TAC TAC TTC CAG GAC GTT GGT ACC GTT GCG TCT GTG GAC CAG TCT GGC ATC AAG TAC CCG GTT ATC GTT CGC TTC GAA AAA GTG AAC TAC TCC GGT ATC AAC ACC AAC AAC TTC GCG GAA GAT GAA CTG GTT GAA GTT GAA GCG,-1.056213516513938
ATG GTT CAG CGT GGT TCT AAA GTT CGT ATC CTG CGT CCG GAA TCT TAC TGG TTC ATG GAC GTT GGT ACC GTT GCG TCT GTT GAC CAG TCT GGT ATC AAA TAC CCG GTT ATC GTT CGC TTC GAG AAA GTG AAC TAC TCT GGC ATC AAC ACC AAC AAC TTC GCT GAA GAT GAA CTG GTT GAA GTT GAA GCG,3.183245514068646
ATG GTT CAG CGC GGC TCT AAA GTT CGT ATC CTG CGT CCG GAA TCT TAC TGG TTC CAA GAC GTT GGT ACC GTT GCG TCT GTT GAC CAG TCT GGT ATC AAG TAC CCG GTT ATC GTT CGT TTC GAG AAG GTT AAC TAC TCT GGC ATC AAC ACC AAC AAC GAC GCG GAA GAC GAA CGT GTT GAA GTT GAA GCG,-0.548452753721165
ATG GTT CAG CGT GGT TCC AAA GTT CGC ATC CTC CGT CCG GAA TCT TAC TGG TTT CAG GAC GTT GGC ACC GTT GCG TCT GTT GAC CAG TCT GGC ATC AAA TAC TCT GTT ATC GTG CGC TTC GAA AAA GTG AAC TAC TCC GGT ATC AAC GGT AAC AAC TTC GCG GAG GAC GAA CTC GTT GAG GTT GAA GCG,1.199885967538826
ATG GTT CAG CGT GGT TCT AAA ATG CGT ATC CTG CGT CCG GAA TCC TAC TGG TTC CAG GAC GTT GGT ACC GTT GCG TCT GTG GAC CAG TCT GGT ATC AAA TAC CCG GTG ATC GTT CGC TTC GAA AAA GTG AAC TAC TCC GGC ATC AAC ACT AAC AAC TTC GCT GAA GAC GAA CTG GTT GAA GTT GAA GCG,-1.6251279953602646
ATG GTT CAG CGT GGT TCT TTC GTT CGC ATT CTG CGT CCA GAA TCT TAC TGG TTC CAG GAT GTT GGT ACC GTT GCG TCT GTT GAC CAG TCT GGT ATT AAG TAC CCG GTT ATC GTT CGT TTC CAC AAG GTT AAC TAC TCC GGT ATC AAC ACC AAC AAC TTC GCG GAA GAC GAA CTG GTT GAA GTT GAA GCG,1.2702890469404875
ATG GTT CAA CGT GGT TCT AAA GTT CGT ATC CTG CGT CCG GAA TCT TAC TGG TTT CAG GAC GTT GGT ACC GTT GCT TCT GTT GCG CAG AAA GGT ATT AAG TAC CCG GTT ATT GTG CGT TTC GAG AAA GTG AAC TAC TCC GGT ATC AAT ACC AAC AAC TTC GCT GAA GAC GAA CTG GTT GAA GTT GAA GCG,0.5528050078802178
ATG GTT CAG CGT GGT TCT AAA GTT CGT GCT CTC CGT CCG GAA TCT TAC AAA TTC CAG GAC GTT GGT ACC GTT GCG TCT GTT GAC CAG TCC GGC ATC AAA TAC CCG GTT ATC GTG CGT TTC GAG AAG GTT AAT TAC TCT GGT ATC AAC ACC AAC AAC TTC GCG GAA GAC GAA CTG GTT GAA GTT GAA GCG,-1.2541566219061149
ATG GTT CAG CGT GGT TCT AAA GTT CGT ATC CTG CGT CCG GAA TCT TAC TGG TTC CAG GAC GTT GGT ACC GTT GCG TCT GTT GAC CAG TCC GGT ATC AAA TAC CCG GTT ATC GTG CGT TTC GAG AAA GTG AAC TAC TCT GGC ATC AAC ACC AAC AAC TTC CAC GAA GAC GAA CTG GTT GAA GTT GAA GCG,0.7360090218228594
ATG GTT CAG CGT GGC TCT AAA GTT CGT ATC CTG CGT CCG GAA TCT TAC TGG TTC CAG GAC GTT GGT ACC GTT GCG TCT GTT GAC CAG TCT GGC ATC AAA TAC TTC GTG ATC GTT CGC TTC GAA AAA GTG AAC TAC TCC GGT ATC AAC AAT AAC AAC TTC GCG GAG GAC GAA CTC GTT GAA GTT GAA GCG,2.3503003430943226
ATG GTT CAG CGT GGT TCT AAA GTT CGT ATC CTG CGT CCG GAA TCT TAC TGG TTC CAG GAT GTT GGT ACC GTT GCG TCT GTT GAC CAG TCT GGT ATC AAA TAC CCG GTT ATC GTT CGC TTC GAA AAA GTG AAC TAC TCT GGT GCG AAC ACC AAC AAC TTC GCG GAA GAC GAA CTG GTT GAA GTT GAA GCG,2.218061112790465
ATG GTT CAG CGT GGC TCC AAA GTT CGT ATC CTG CGT CCG GAG TCT TAC TGG TTC CAG GAC GTT GGT ACC GTT GCG TCT GTT CTG CAG TGC GGT ATT AAG TAC CCG GTT ATC GTT CGC TTC GAA AAA GTG AAC TAC TCT GGC ATC AAC ACC AAC AAC TTC GCT GAA GAC GAA CTG GTG GAA GTT GAA GCG,1.964116301082777
ATG GTT CAG CGT GGT TCC TGG GTT CGT ATC CTG CGT CCG GAA TCT TAC TGG TTC CAG GAC GTT GGT ACC GTT GCG TCT GTT GAC CAG TCT GGC ATC AAA TAC CCG GTT ATC GTT CGC TTC GAC AAA GTG AAC TAC TCT GGT ATC AAT ACC AAC AAC TTC GCG GAA GAC GAA CTG GTT GAA GTT GAA GCG,1.0957384628647688
ATG GTT CAG CGT GGC TCC AAA GTT CGT ATC CTG CGT CCG GAA TCT TAC TGG TTT CAG GAC GTT GGT ACC GTT GCG TCT GTT GAC CAG TCT GGT ATC AAA TAC CCG GTT ATC GTT CGC TTC GAA AAA GTG AAC TAC TCT GGC ATC AAC ACC AAC AAC TAC GCG GAA GAC GAA CAC GTT GAA GTT GAA GCG,-1.0303993883051918
ATG GTT CAG CGT GGT TCT AAA GTT CGT ATC CTG CGT CCG GAA TCT TAC TGG TTT CAG GAC GTT GGT ACC GTT GCG TCT GTT GAC CAG TCT GGT ATC AAA TAC CCG GTT ATC GTT CGT TTC GAG AAA GTG AAC TAC TCC GGC ATC AAC ACC AAC AAC TTC GCG GAA GAC GCG CTG GTT GAA GTT GAA GCG,-0.2876621611741027
ATG GTT CAG CGT GGT TCT CTG GTT CGT ATC CTG CGT CCG GAA TCT TAC TGG TTC CAG GAC GTT GGT GAC GTT GCG TCT GTT GAC CAG TCT GGT ATC AAA TAC CCG GTT ATC GTT CGT TTC GAG AAA GTG AAC TAC TCT GGC ATC AAC ACC AAC AAC TTC GCG GAA GAC GAA CTG GTT GAA GTT GAA GCG,-0.2067856814766501
ATG GTT CAG CGT GGT TCT AAG GTT CGT ATC CTG CGT CCG GAA TCT TAC TGG TTC CAG GAC GTT GGT ACC GTT GCG TCT GTT CAG CAG ATG GGC ATT AAG TAT CCG GTT ATC GTG CGC TTC GAA AAG GTT AAC TAC TCT GGT ATC AAC ACC AAC AAT TTC GCG GAA GAC GAG CTG GTT GAA GTT GAA GCG,0.4358663180428255
ATG GTT CAG CGT GGT TCT AAA GTT CGT ATC CTG CGT CCG GAA TCT TAC TGG TTC CAG GAC GTT GGT ACC GTT GCT TCT GTT GAC CAG TCC GGT ATC AAA TAC CCG GTT ATC GTT CGT TTT GTT CGT GTT AAC TAC TCT GGC ATC AAC ACC AAC AAC TTC GCG GAA GAC GAA CTG GTT GAA GTT GAG GCG,2.4429080900393534
ATG GTT CAG CGT GGT TCT AAA GTT CGT ATC CTG CGT CCG GAA TCT TAC TGG TTT CAG GAC GTT GGC ACC GTT GCG TCT GTT CAC CAG AAA GGT ATC AAA TAC CCA GTT ATC GTG CGC TTC GAA AAG GTG AAC TAC TCC GGC ATC AAC ACC AAC AAC TTC GCG GAA GAC GAA CTG GTT GAA GTT GAA GCG,0.2328847617420205
ATG GTT CAG CGT GGT TCC AAA GTT CGT ATC CTG CGT CCG GAA TCT TAC TGG TTT CAG GAC GTT GGT ACC GTT GCG AAC GTT GAC CAG TCC GGC ATC AAA TAC CCG GTT ATC GTT CGC TTT GAA AAG GTG AAC TAC TCT GGT ATC AAC ACC AAC AAC TTC GCG GAA GAC GAG CTG GTT GAA GTT GAA GCG,1.445500269449726
ATG GTT CAG CGT GGT TCC TGG GTT CGT ATC CTG CGT CCG GAA TCT TAC TGG TTC CAA GAC GTT GGT ACC GTT GCG TCT GTT GAC CAG TCT GGC ATC AAA TAC CCG GTT ATC GTT CGT TTC CAG AAG GTT AAC TAC TCC GGT ATC AAC ACC AAC AAC TTC GCG GAA GAC GAA CTG GTT GAA GTT GAA GCG,1.3089795003294733
ATG GTG CAG CGT GGT TCT AAA GTT CGT ATC CTG CCG CCA GAA TCT TAC TGG TTC CAG GAC GTT GGT ACC GTT GCG TCT GTT GAC CAG TCC GGC ATC AAG TAC CCG GTT ATC GTT CGT TTT GAA AAG GTT AAC TAC TCC GGT ATC AAC ACC AAC AAC TTC GCG GAA GAC TGG CTG GTT GAA GTT GAA GCG,-0.0459425971999152
ATG GTT CAG CGT GGT TCT AAA GTT CGT ATC CTG CGT CCG GAA TCT TAC TGG TTC CAG GAC GTT GGT ACC GTT GCG TCT GTT GAC CAA TCT GGC ATC AAG TAC GGC GTT ATC GTG CGT TTC GAG AAA GTT AAT TAC TCT GGT ATC GAC ACC AAC AAC TTC GCG GAA GAC GAA CTG GTT GAA GTT GAA GCG,1.2813377777095054
ATG GTT CAG CGT GGT TCT TCT GTG CGT ATC CTG CGT CCG GAA TCT TAC TGG TTT CAG GAC GTT GGT GAC GTT GCG TCT GTT GAC CAG TCC GGT ATC AAG TAC CCG GTG ATC GTT CGT TTT GAA AAA GTG AAC TAT TCC GGC ATC AAC ACC AAC AAC TTC GCG GAA GAC GAA CTG GTG GAA GTT GAG GCT,-0.518989759707098
ATG GTT CAG CGT GGT TCT AAA GTG CGT ATC CTG CGT CCG GAA TCT TAC TGG TTC CAG GAC GTT GGT ACC GTT GCG TCT GTT GAC CAG TCT GGT ATC AAA TAC CCG GTT ATC GTG CGC TTC TAC CTG GTT AAC TAC TCC GGC ATC AAC ACC AAC AAC TTC GCG GAA GAC GAA CTG GTT GAA GTT GAA GCG,2.190778386836116
ATG GTG CAG CGC GGT TCT AAA GTT CGT ATC CTG CGT CCG GAA TCT TAC TGG TTC CAG GAC GTT GGT ACC GTT GCG TCT GTT GAT CAG TCT GGT ATC AAA TAC CCG GTT ATC GTG CGC TTT GCT TGG GTG AAC TAT TCC GGC ATC AAC ACC AAC AAC TTT GCG GAA GAC GAG CTG GTT GAA GTT GAG GCT,1.481683750579083
ATG GTT CAG AAA GGT TCT AAA GTT CGT ATC CTG CGT CCG GAA TCT TAC TGG TTC CAG GAC GTT GGC ACC GTT GCG TCT GTT GAC CAG TCT GGT ATC AAA TAC CCG GTT ATC GTT CGT TTT GAA AAG GTG AAT TAC TCC GGC ATC AAC ACC AAC AAC TTC GCG GAA GAC GAA CTG GTT GAA GTT GAA GCG,2.204087105623337
ATG GTT CAG CGT GGC TCT AAA GTT CGT GTT CTG CGT CCG GAA TCT TAC ATC TTC CAG GAC GTT GGT ACC GTT GCG TCT GTT GAC CAG TCT GGC ATC AAA TAC CCG GTT ATC GTT CGT TTT GAG AAA GTG AAC TAC TCC GGT ATC AAC ACC AAC AAC TTC GCG GAA GAC GAA CTG GTT GAA GTT GAA GCG,-0.2065569911808116
ATG GTT CAG CGC GGT TCT AAA GTG CGT ATC CTG CGT CCG GAA TCT TAC TGG TTC CAG GAC GTT GGT ACC GTT GCG TCT GTT GAC CAG TCT GGC ATC AAG TAC CCG GTT ATC GTT CGT TTC ACC CAC GTT AAC TAC TCC GGT ATC AAT ACC AAC AAC TTC GCG GAA GAT GAA CTG GTT GAA GTT GAA GCG,1.5410398109083063
ATG GTT CAG CGT CAG TCT AAA GTT CGT ATC CTG CGT CCG GAA TCT TAC TGG TTC CAG GAC GTT GGT ACC GTT GCG TCT GTT GAC CAG TCT GGT ATC AAG TAC CCG GTT ATC GTT CGT TTT GAG AAG GTG AAC TAT TCC GGT ATT AAC ACC AAC AAC TTC GCT GAA GAC GAA CTG GTT GAA GTT GAG GCG,-0.145738202347827
ATG GTT CAG CGC GGC TCT AAA GTT CGT ATC CTG CGT CCA GAA TCT TAC TGG TTC CAG GAT GTT GGT ACC GTT GCG TCT GTT GAC CAG TCT GGC ATC AAA TAC CCG GTT ATC GTT CGC TTC TTC TAC GTG AAC TAC TCC GGT ATC AAC ACC AAC AAC TTC GCG GAG GAT GAA CTG GTT GAA GTT GAG GCG,2.331710384058863
ATG GTT CAG CGC GGT TCT AAA GTT CGT ATC CTG GAA CCG GAA TCT TAC TGG TTC CAA GAT GTT GGT ACC GTT GCG TCT GTT GAC CAG TCT GGT ATC AAA TAC CCG GTT ATC GTT CGT TTT GAG AAG GTG AAC TAT TCT GGC ATC AAC ACC AAC AAC TTC GCG GAA GAC GTT CTG GTT GAA GTT GAA GCG,-0.4750681113650626
ATG GTT CAG CGT GGT TCT AAA GTT CGT ATC CTG GCT CCG GAA TCT TAC TGG TTC CAA GAC GTT GGT ACC GTT GCG TCT GTT GAC CAG TCT GGT ATC AAA TAC CCG GTT ATC GTG CGT TTC GAG AAA GTG AAC TAC TCT GGC ATC AAC ACC AAC AAC TTC GCG GAA GAC ATG CTG GTT GAA GTT GAA GCG,0.1111909713423113
ATG GTT CAG CGT GGT TCT AAA GTT CGT GAA CTG CGT CCG GAA TCT TAC ATC TTC CAG GAC GTT GGT ACC GTT GCG TCT GTT GAC CAG TCT GGC ATC AAA TAC CCG GTT ATC GTT CGT TTC GAG AAG GTT AAC TAC TCC GGT ATC AAC ACC AAC AAC TTC GCG GAA GAC GAA CTG GTT GAA GTT GAA GCG,-1.6435109147748896
ATG GTT CAG CGT GGT TCT AAA GTT CGT ATC CTG CGT CCG GAA TCT TAC TGG TTT CAG GAC GTT GGT ACC GTT GCG TCT GTT GAC CAG TCC GGT ATC AAA TAC CCG GTT ATC GTG CGT TTC AAC CTC GTT AAC TAC TCT GGC ATC AAC ACC AAC AAT TTC GCG GAA GAT GAA CTC GTT GAA GTT GAA GCG,0.5519335893045147
ATG GTG CAG CGC GGT TCC AAA GTT CGT ATC CTG CGT CCG GAA TCT TAC TGG TTT CAG GAC GTT GGT ACC GTT GCG TCT GTT GAC CAG TCT GGC ATC AAA TAC TTC GTG ATC GTT CGC TTT GAA AAG GTT AAC TAC TCT GGT ATC AAC GCG AAC AAC TTC GCG GAA GAC GAA CTG GTT GAA GTT GAA GCG,1.8916331194944933
ATG GTT CAG CGC GGT TCC TTT GTT CGT ATC CTG CGT CCG GAA TCT TAC TGG TTC CAG GAC GTG GGT TTC GTT GCG TCT GTT GAC CAG TCT GGC ATC AAA TAC CCG GTT ATC GTT CGT TTT GAA AAA GTG AAC TAC TCC GGT ATC AAC ACC AAC AAC TTC GCG GAA GAC GAA CTG GTT GAA GTT GAA GCG,1.0801761709606068
ATG GTT CAG CGT GGT TCT AAA GTT CGT ATC CTG CGT CCG GAA TCT TAC TGG TTC CAG GAC GTT GGT ACC GTT GCG TCT GTT ATC CAG TAC GGC ATC AAA TAC CCG GTT ATC GTG CGT TTT GAA AAG GTT AAC TAC TCC GGT ATC AAC ACC AAC AAC TTT GCG GAA GAC GAA CTG GTT GAA GTT GAA GCG,0.750795530615184
ATG GTT CAG CGC GGT TCT AAA GTT CGT ATC CTG CGT CCG GAA TCT TCT TGG TTC CAG GAC GTT GGT ACC GTT GCG TCT GTT GAC CAG TCC GGT ATC AAA TAC CCG GTT ATC GTT CGT TTC GAG AAA GTG AAT TAC TCT GGC ATC AAC ACC AAC AAC TTC GCG GAA GAC GAA CTG GTT GAA GTT GAA GCG,-0.3567533287401753
ATG GTT CAG CGT GGC TCT AAA GTT CGT ATC CTG CGT CCG GAA TCT TAC TGG TTC CAG GAC GTT GGT ACC GTT GCT TCT GTT GAC CAG TCT GGT ATC TAC TAC CCG GTT ATC GTT CGT TTT GAG AAG GTT AAC TAC TCC GGT ATC AAC ACC AAC AAC TTC GCG GAA GAC GAA CTG GTT GAA GTT GAG GCG,0.7819932944654544
ATG GTT CAG CGC GGC TCT AAA GTT CGT ATC CTG CGT CCG GAA TCT TAC TGG TTC CAA GAC GTT GGT ACC GTT GCG TCT GTG GAC CAG TCT GGT ATC AAA TAC CCA GTG ATC GTG CGC TTC GAA AAA GTG AAC TAC TCC GGC ATC AAC ACC AAC AAC AAA GCG GAA GAT GAA ATG GTT GAA GTT GAA GCG,-6.773702490812527
ATG GTT CAG CGT GGT TCT AAA GTT CGT ATC CTG CGT CCG GAA TCT TAC TGG TTC CAG GAC GTT GGT ACC GTT GCT TCC GTT GAC CAG TCT GGC ATC AAA TAC CCG GAA ATC GTT CGT TTC GAG AAG GTG AAC TAC TCT GGT ATC AAC ACC AAC AAC TTC GCG GAA GAC GAA CTG GTT GAA GTT GAA GCG,-2.310887570613537
ATG GTT CAG CGC GGC TCT ATT GTT CGT ATC CTG CGT CCG GAA TCT TAC TGG TTC CAA GAC GTT GGT ACC GTT GCG TCT GTT GAC CAG TCT GGT ATC AAA TAC CCG GTT ATC GTT CGT TTC CGC AAG GTT AAC TAC TCC GGT ATT AAC ACC AAC AAC TTC GCG GAA GAC GAA CTG GTT GAA GTT GAA GCG,1.559706035467369
ATG GTG CAG CGT GGT TCC AAA GTT CGT ATC CTG CGT CCG GAA TCT TAC TGG TTT CAA GAC GTT GGT ACC GTT GCG TCT GTT GAC CAG TCC GGT ATC AAG TAC ATG GTG ATC GTT CGT TTC GAG AAA GTG AAC TAC TCT GGC ATC TTC ACC AAC AAC TTC GCG GAA GAC GAA CTG GTT GAA GTT GAA GCG,2.0418558756005027
ATG GTT CAG CGT GGC TCC AAA GTT TAC ATC CTG CGT CCG GAA TCT TAC TGG TTC CAA GAC GTT GGT ACC GTG GCG TCT GTT GAC CAG TCT GGT ATC AAG TAC CCG GTT ATC GTT CGT TTC GAG AAG GTT AAC TAC TCT GGC ATC AAC ACT AAC AAC TTC GCG GAG GAC GAA CTG GTT GAG GTT GAA GCG,0.4769513296626987
ATG GTT CAG CGT GGC TCT AAA GTT CGT ATC CTG CGT CCG GAA TCC TAC TGG TTC CAG GAC GTT GGT ACC GTT GCG TCT GTT GAC CAG TCT GGT ATC AAA TAC TTC GTG ATC GTG CGT TTC GAG AAA GTG AAC TAC TCC GGC ATC AAC TCT AAC AAC TTC GCG GAA GAC GAG CTG GTT GAA GTT GAA GCG,2.0384102110695776
ATG GTT CAG CGT GGT TCT TAT GTT CGT ATC CTG CGT CCG GAA TCT TAC TGG TTC CAG GAC GTT GGC GTT GTT GCG TCT GTT GAC CAG TCC GGT ATC AAG TAC CCG GTT ATC GTT CGT TTC GAG AAA GTG AAC TAT TCT GGC ATC AAC ACC AAT AAC TTC GCG GAA GAC GAA CTG GTT GAA GTT GAA GCG,2.6553827606873464
ATG GTT CAG CGT GGT TCT AAA GTT CGT ATC CTG CGT CCG GAA TCT TAC TGG TTC CAA GAC GTT GGT ACC GTT GCG TCT GTT GAC CAG AAA GGC ATC AAA TAC CCG GTG ATC GTG CGC TTT GAA AAA GTT AAT TAC TCC GGC ATT AAC ACC AAC AAC TTC GCG GAA GAC GAA CTG GTT GAA GTT GAA GCG,0.5308090127511024
ATG GTT CAG CGT GGC TCC AAA GTT CGT ATC CTG CGT CCG GAA TCT TAC TGG TTC CAA GAT GTT GGT ACC GTT GCG TCT GTT CAC CAG GAC GGT ATC AAA TAC CCG GTT ATC GTT CGT TTC GAG AAA GTG AAC TAC TCT GGC ATC AAC ACC AAC AAC TTC GCG GAA GAC GAA CTG GTT GAG GTT GAA GCG,0.2432691191513863
ATG GTT CAG CGC GGT TCT AAA GTT CGT ATC CTG CGT CCG GAA TCT TAC TGG TTC CAG GAC GTT GGT ACC GTT GCG TCT GTT AAC CAG CGT GGT ATC AAA TAC CCG GTT ATC GTT CGT TTC GAG AAG GTT AAC TAC TCT GGC ATC AAC ACC AAC AAC TTC GCG GAA GAC GAA CTG GTT GAA GTT GAA GCG,0.3300075735833804
ATG GTT CAG CGT GGT TCT AAA GTT CGT ATC CTG GTT CCG GAG TCT TAC TGG TTT CAG GAC GTT GGT ACC GTT GCG TCT GTT GAC CAG TCT GGT ATC AAA TAC CCG GTT ATC GTT CGT TTC GAG AAG GTT AAC TAC TCT GGC ATC AAC ACC AAC AAC TTC GCG GAA GAT CGT CTG GTT GAA GTT GAA GCG,-0.3513246435694873
ATG GTT CAG CGT GGT TCT AAA GTT CGT ATC CTG CGT CCG GAA TCT TAC TGG TTT CAG GAC GTT GGT ACC GTT GCT TCT GTT GCG CAG GGT GGC ATC AAA TAC CCG GTT ATC GTG CGT TTC GAG AAG GTT AAC TAT TCT GGT ATC AAC ACC AAC AAC TTC GCG GAA GAC GAA CTG GTT GAG GTG GAA GCG,1.0767432748942207
ATG GTT CAG CGT GGT TCT AAA GTT CGT ATC CTG CGT CCG GAA TCT TAC TGG TTC CAG GAC GTT GGT ACC GTT GCG TCT GTT CGT CAG CGC GGT ATC AAA TAC CCG GTT ATT GTT CGT TTC GAG AAA GTG AAC TAC TCT GGC ATC AAC ACC AAC AAC TTC GCG GAA GAC GAA CTG GTT GAA GTT GAG GCG,0.2946421255192331
ATG GTT CAG CGC GGT TCT AAA GTT CGT ATC CTG CGT CCG GAA TCT TAC TGG TTC CAG GAC GTG GGT ACC GTT GCG TCT GTT GAC CAG TCT ATG ATC AAA TAC CCG GTT ATC GTG CGT TTC GAG AAG GTT AAC TAC TCC GGT ATC AAC ACC AAC AAC TTC GCG GAA GAC GAA CTG GTT GAA GTT GAG GCT,1.2517458291026915
ATG GTT CAG CGT GGT TCT AAA GTT CGT ATC CTG CGT CCG GAA TCT TAC TGG TTT CAG GAC GTT GGT ACC GTT GCG TCT GTT GAC CAG TCT GGC ATC AAA TAC CCG GTT ATC GTT CGT TTT AAC ACC GTT AAC TAC TCC GGT ATC AAC ACC AAC AAC TTC GCG GAA GAC GAG CTG GTT GAA GTT GAA GCG,2.5421055929422804
ATG GTT CAG CGC GGT TCT AAA GTT CGT ATC CTG CGT CCG GAA TCT TAC TGG TTC CAG GAC GTT GGT ACC GTT GCG TCT GTT AAA CAG CAG GGT ATC AAA TAC CCG GTT ATC GTG CGT TTC GAG AAA GTG AAT TAC TCT GGC ATC AAC ACC AAC AAC TTC GCG GAG GAC GAA CTG GTT GAA GTT GAA GCG,0.2019070654757398
ATG GTT CAG CGT GGC TCT AAA GTT CGT ATC CTG TTC CCG GAA TCT TAC TGG TTC CAA GAC GTT GGT ACC GTT GCG TCT GTT GAC CAG TCT GGC ATC AAA TAC CCG GTG ATC GTT CGC TTC GAA AAG GTT AAC TAC TCC GGT ATC AAC ACC AAC AAC TTC GCG GAA GAC TAC CTG GTT GAA GTT GAA GCG,0.6759503580640525
ATG GTT CAG CGT GGC TCC AAA GTT CGT ATC CTG CGT CCG GAA TCT TAC TGG TTT CAG GAC GTT GGT ACC GTT GCG TCT GTT GAC CAG TCT GGT ATC AAA TAC CCG GTT ATC GTT CGC TTC GAA AAA GTT AAT TAC TCC GGC ATC AAC ACC AAC AAC CCA GCT GAG GAC GAA ACC GTT GAA GTT GAA GCG,-0.1540291769739009
ATG GTT CAG CGT GGC TCT AAA GTT CGT ATC CTG CGT CCG GAA TCT TAC TGG TTT CAG GAC GTT GGT ACC GTT GCG TCT GTT GAC CAG TCC GGT ATC AAA TAC CCG GTT ATC GTG CGC TTC GAG AAA GTG AAC TAC TCT GGT ATT AAC ACC AAC AAC CTG GCG GAA GAT GAG ATC GTT GAA GTT GAA GCG,-0.3886495745891363
ATG GTT CAG CGT GGT TCT AAA GTT CGT ATC CTG CGT CCG GAA TCT TAC TGG TTC CAG GAC GTT GGT ACC GTT GCG TCT GTT AAA CAG ATT GGC ATC AAG TAC CCG GTT ATC GTG CGT TTT GAA AAG GTT AAC TAC TCC GGT ATC AAC ACC AAC AAC TTC GCG GAA GAC GAA CTG GTT GAA GTT GAA GCG,-0.0616024847255471
ATG GTT CAG CGC GGC TCC AAG GTT CGT CCG CTG CGT CCA GAG TCT TAC CTG TTC CAG GAC GTG GGT ACC GTT GCG TCT GTT GAT CAG TCT GGC ATC AAA TAC CCG GTT ATC GTG CGC TTC GAG AAG GTT AAC TAC TCC GGT ATC AAT ACC AAC AAT TTC GCG GAA GAC GAA CTC GTT GAA GTT GAA GCG,-0.446283464363263
ATG GTT CAG CGT GGT TCT AAA GTG CGT ATC CTG CGT CCG GAA TCT TAC TGG TTC CAG GAC GTT GGT ACC GTT GCG TCT GTG AAA CAG AAA GGT ATC AAG TAC CCG GTT ATC GTG CGC TTC GAG AAA GTT AAT TAC TCT GGC ATC AAC ACC AAC AAC TTC GCG GAA GAC GAA CTG GTT GAA GTT GAA GCG,0.4028455225020976
ATG GTT CAG CGT GGT TCT AAA GTT CGT ATC CTG CGT CCG GAA TCT TAC TGG TTC CAG GAC GTT GGT ACT GTT GCG TCT GTT GAC CAG TCT GGC ATC AAG TAC ATT GTG ATC GTT CGC TTC GAG AAG GTG AAC TAC TCT GGT ATC AAC TAC AAC AAC TTC GCG GAA GAC GAA CTG GTT GAA GTG GAG GCG,2.3377476538928748
ATG GTT CAG CGT GGT TCC AAA GTT CGT ATC CTG CGT CCG GAA TCT TAC TGG TTT CAG GAC GTT GGT ACC GTT GCG TCT GTT GAC CAG TCC GGC ATT AAG TAC TGC GTG ATC GTG CGT TTC GAG AAG GTT AAC TAC TCT GGC ATC AAC TCC AAC AAC TTC GCG GAA GAC GAA CTG GTT GAA GTT GAG GCG,2.037775786057366
ATG GTT CAG CGC GGC TCC TGC GTT CGT ATC CTC CGT CCG GAA TCT TAC TGG TTC CAG GAC GTT GGT GAC GTT GCG TCT GTT GAC CAA TCC GGC ATC AAG TAC CCG GTT ATC GTT CGC TTC GAA AAA GTG AAC TAC TCT GGC ATT AAC ACC AAC AAC TTC GCG GAA GAT GAA CTG GTT GAA GTT GAA GCG,1.4138934131053065
ATG GTT CAG CGT GGC TCT AAA GTT CGT GCG CTG CGT CCG GAA TCT TAC CAC TTC CAG GAC GTT GGT ACC GTT GCG TCT GTT GAC CAG TCT GGC ATC AAA TAC CCG GTT ATC GTT CGC TTC GAG AAG GTT AAC TAC TCT GGT ATC AAC ACC AAC AAC TTC GCG GAA GAT GAG CTG GTT GAA GTG GAG GCT,-3.786896972153345
ATG GTT CAG CGC GGT TCT AAA GTT CGT ATC CTG CGT CCG GAA TCT TAC TGG TTC CAG GAC TGC GGC ACC GTT GCG TCT GTT GAC CAG TCT GGC ATC AAG TAC CCA GTT ATC GTG CGT TTC GAG AAA GTG AAC TAC TCC GGT ATC AAC ACC AAC AAC TTC GCG GAA GAC GAG CTG GTT GAA GTT GAA GCG,1.0352512445602775
ATG GTT CAG CGC GGT TCC AAA GTT CGT ATC CTG CGT CCG GAA TCT TAC TGG TTT CAA GAC GTT GGT ACC GTT GCG TCT GTT GAC CAG TCT GGT ATC AAG TAC CCG GTT ATC GTT CGT TTC GAG AAA GTG AAC TAC TCC GGC ATC AAC ACT AAC AAC CGT GCG GAA GAC GAA AAC GTT GAA GTT GAA GCG,-1.3068191349579847
ATG GTT CAG CGT GGT TCT AAA GTT CGT ATC CTG CGT CCG GAA GTT TAC TGG TTC CAG GAC GTT GGT ACC GTT GCG TCT GTT GAC CAG TCT GGC ATC AAG TAC CCG GTT ATC GTT CGT TTC GAG AAA GTG AAC TAC TCC GGT ATC AAC ACC AAC AAC TTC GCG GAG GAC GAA CTG GTT GAA GTT GAA GCG,0.0472120262956946
ATG GTT CAG CGT GGT TCT AAA GTT CGT ATC CTG CGT CCG GAA TCT TAC TGG TTC CAG GAC GTT GGT ACC GTT GCG TCT GTT GAA CAG GGT GGT ATC AAG TAC CCG GTT ATC GTT CGT TTT GAG AAA GTG AAC TAC TCC GGT ATT AAC ACC AAC AAC TTC GCT GAA GAC GAA CTG GTT GAA GTT GAA GCG,1.1117348253339945
ATG GTG CAA CGC GGT TCC AAA GTT CGT ATC CTG GGT CCG GAA TCT TAC TGG TTC CAG GAC GTT GGT ACC GTT GCG TCT GTT GAC CAG TCC GGT ATT AAG TAC CCA GTT ATC GTG CGT TTC GAG AAA GTG AAT TAC TCT GGT ATC AAC ACC AAC AAC TTC GCG GAA GAC TAC CTG GTT GAG GTT GAA GCG,-0.4028177565354259
ATG GTT CAG CGT GGT TCC AAA GTT CGT ATC CTG CGT CCG GAA TCT TAC TGG TTT CAA GAC GTT GGT ACC GTT GCG TCT GTT GAC CAG TCC GGT ATC AAA TAC TTC GTG ATC GTT CGT TTC GAG AAA GTG AAC TAC TCT GGT ATC CGT ACT AAC AAC TTC GCG GAA GAC GAA CTG GTT GAA GTT GAA GCG,2.00262138688422
ATG GTT CAG CGT GGC TCC AAA GTT CGT ATC CTG CGT TTC GAA TCT TAC TGG TTC CAG GAC GTT GGT ACT GTT GCG TCT GTT GAC CAG TCT GGT ATC AAA TAC CCG GTG ATC GTT CGC TTC GAA AAA GTG AAC TAC TCT GGC ATC AAC ACC AAC AAC TTC GCG GAA GAC GAA CTG GTG GAA GTT GAG GCG,1.721759559504613
ATG GTT CAG CGT GGT TCT AAA GTT CGT ATC CTG CGT CCG GAA TCT TAC TGG TTC CAG GAC GTT GGT ACC GTT GCG TCT GTT GAC CAG TCT GGT ATC AAA TAC CCG GTT ATC GTG CGT TTT GAG AAC GTT AAC TAT TCT GGC ATC AAC ACC AAC AAC TTC GCG GAA GAC GAA CTG GTT GAA GTT GAA GCG,1.4706026127430245
ATG GTT CAG CGT GGT TCT AAA GTT CGT ATC CTG CGT CCG GAA TCT TAC TGG TTC CAG GAC GTT GGT ACC GTT GCG TCT GTT GAC CAG TCT GGT ATC AAA TAC TTC GTG ATC GTG CGC TTC GAA AAA GTG AAT TAT TCC GGT ATC ACC ACC AAC AAC TTC GCT GAA GAC GAA CTG GTT GAA GTT GAA GCG,2.231401406807994
ATG GTT CAG CGT GGT TCT AAA GTT CGT ATC CTG CGT CCG GAA TCT TAC TGG TTC CAG GAT GTT GGT ACC GTT GCG TCT GTT GAC CAG TCC GGT ATC AAA TAC ATG GTT ATC GTG CGC TTC GAA AAA GTG AAC TAC TCT GGT ATC TGC ACT AAC AAC TTC GCG GAA GAC GAA CTG GTT GAA GTT GAA GCG,2.556147003353221
ATG GTT CAG CGT CGT TCT AAA GTT CGT ATC CTG CGT CCG GAA TCT TAC TGG TTT CAG GAC GTT GGT ACC GTT GCG TCT GTT GAC CAG TCT GGT ATC AAA TAC CCG GTT ATC GTT CGC TTC GAA AAG GTT AAC TAC TCC GGC ATT AAC ACC AAC AAC TTT GCG GAA GAC GAA CTG GTT GAA GTT GAA GCG,0.6433389411341688
ATG GTT CAG CGT GGT TCT AAA GTT CGT ATC CTG CGT CCG GAA TCT TAC TGG TTC CAG GAC GTT GGT ACC GTT GCT TCT GTT GAC CAG TCT GGC ATC AAA TAC ATG GTT ATC GTT CGC TTC GAA AAA GTG AAC TAC TCC GGT ATC AAC CTG AAC AAC TTC GCG GAA GAC GAA CTG GTT GAA GTT GAA GCG,2.3522459338832844
ATG GTT CAG CGT GGT TCT AAA GTT CGT ATC CTG CGT CCG GAA TCC TAC TGG TTT CAG GAC GTT GGC ACC GTT GCG TCT GTT GCG CAG TAC GGC ATC AAA TAC CCG GTG ATC GTT CGC TTT GAA AAG GTT AAC TAC TCC GGT ATC AAC ACC AAC AAC TTC GCG GAA GAC GAA CTG GTT GAA GTT GAG GCG,0.1847230252689551
ATG GTT CAG CGT GGT TCT AAA GTT CGT ATC CTG CGT CAC GAA TCT TAC TGG TTC CAG GAC GTT GGT ACC GTT GCG TCT GTT GAC CAG TCT GGT ATC AAG TAC CCG GTT ATC GTT CGT TTC GAG AAG GTT AAC TAC TCC GGC ATC AAC ACC AAC AAC TTC GCG GAA GAC GAA CTG GTT GAA GTT GAA GCG,1.0731657399375645
ATG GTT CAG CGT GGT TCT AAA GTG CGT ATC CTG CGT CCG GAA TCT TAC TGG TTC CAG GAC GTT GGT ACC GTT GCG TCT GTT GAC CAG TCT GGC ATC AAA CCG CCG GTT ATC GTT CGT TTC GAG AAA GTG AAC TAC TCC GGT ATC AAC ACC AAC AAC TTC GCG GAA GAC GAA CTG GTT GAA GTT GAA GCG,-0.37438488873651
ATG GTT CAG CGT GGC TCT AAA GTT CGT ATC CTG CGT CCG GAA TCT TAC TGG TTC CAG GAC GTG GGT ACC GTT GCG TCT GTT GAC CAG TCT GGC ATC AAG TAC CAT GTT ATC GTT CGC TTC GAG AAA GTG AAC TAC TCT GGT ATC TCC ACC AAC AAC TTC GCG GAG GAC GAG CTG GTT GAA GTT GAA GCG,1.0541557802828818
ATG GTT CAG CGT GGC TCT AAA GTT CGT ATC CTG CAG CCG GAA TCT TAC TGG TTC CAG GAC GTT GGT ACC GTT GCG TCT GTT GAC CAA TCC GGT ATC AAG TAC CCG GTT ATC GTT CGT TTC GAG AAA GTG AAC TAC TCT GGC ATC AAC ACC AAC AAC TTC GCG GAA GAC TGG CTG GTG GAA GTG GAG GCG,-0.169905956134588
ATG GTT CAG CGT TGG TCT AAA GTT CGT ATC CTG CGT CCG GAA TCT TAC TGG TTC CAG GAC GTT GGT ACC GTG GCG TCT GTT GAC CAG TCC GGC ATT AAG TAC CCG GTT ATC GTT CGC TTT GAA AAG GTG AAC TAC TCT GGT ATC AAC ACC AAC AAT TTC GCT GAG GAT GAA CTG GTT GAA GTT GAA GCG,-0.602506841923235
ATG GTT CAG CGT GGT TCT TTC GTG CGC ATT CTG CGT CCA GAA TCT TAC TGG TTC CAA GAC GTT GGT GAG GTT GCG TCT GTT GAC CAG TCT GGT ATC AAA TAC CCG GTT ATC GTT CGT TTC GAG AAA GTG AAC TAC TCC GGC ATC AAT ACC AAC AAT TTC GCT GAA GAC GAA CTG GTT GAA GTT GAG GCT,1.0979634510293517
ATG GTT CAG CGT GGC TCC AAA GTT CGT ATC CTG ACT CCA GAA TCT TAC TGG TTC CAG GAC GTT GGT ACC GTT GCT TCT GTT GAC CAG TCC GGT ATC AAA TAC CCG GTT ATC GTT CGT TTT GAA AAG GTT AAC TAC TCT GGC ATC AAC ACC AAC AAC TTC GCG GAA GAT ACC CTG GTT GAA GTT GAA GCG,-0.5141135664377321
ATG GTT CAG CGT GGT TCC AAA GTT CGT ATC CTG CGT CCG GAA TCT TAC TGG TTT CAA GAC GTT GGT ACC GTT GCG TCT GTT TGG CAG ATC GGT ATT AAG TAC CCG GTT ATC GTT CGT TTC GAG AAG GTG AAC TAC TCT GGT ATC AAC ACC AAC AAC TTC GCG GAA GAC GAA CTG GTT GAA GTT GAG GCT,1.042235093550901
ATG GTT CAG CGT GGC TCT TCT GTT CGT ATC CTG CGT CCG GAA TCT TAC TGG TTC CAG GAC GTT GGT TGC GTT GCG TCT GTT GAT CAG TCT GGT ATC AAA TAC CCG GTT ATC GTG CGC TTC GAA AAA GTG AAC TAC TCT GGC ATC AAC ACC AAC AAC TTC GCG GAA GAC GAA CTG GTT GAA GTT GAA GCG,0.9716413926512916
ATG GTT CAG CGT GGT TCT ATC GTT CGC ATC CTC CGT CCA GAA TCT TAT TGG TTC CAG GAC GTT GGT GCG GTT GCG TCT GTG GAT CAG TCT GGT ATC AAA TAC CCG GTT ATC GTG CGT TTT GAG AAG GTT AAC TAC TCC GGC ATC AAT ACC AAC AAC TTC GCG GAA GAC GAA CTG GTT GAA GTT GAA GCG,0.1498851967142397
ATG GTG CAG CGT GGT TCT AAA GTT CGT ATC CTG CGT CCG GAA TCT TAC TGG TTC CAG GAC GTT GGT ACC GTT GCG TCT GTT GAC CAG TCC GGC ATC AAA TAC CCG GTG ATC GTT CGC TTC GAA AAA GTG AAC TAC TCT GGT ATC AAC ACC AAC AAC CAT GCG GAA GAT GAA ACC GTT GAA GTT GAA GCG,-0.9062392655192762
ATG GTT CAG CGT GGC TCC AAA GTT CGT ATC CTG CGT CCG GAA TCT TAC TGG TTC CAA GAC GTT GGT ACC GTT GCG TCT GTT GAC CAG TCT GGC ATC AAG TAC CAG GTT ATC GTT CGT TTC GAG AAG GTT AAC TAC TCT GGT ATC AAC GCG AAC AAC TTC GCG GAA GAC GAA CTG GTT GAA GTT GAA GCG,1.147937519299912
ATG GTG CAG TAC GGT TCT AAA GTT CGT ATT CTC CGT CCG GAA TCT TAC TGG TTC CAG GAC GTT GGT ACC GTT GCG TCT GTT GAC CAG TCT GGT ATC AAG TAC CCG GTT ATC GTT CGT TTC GAG AAG GTT AAC TAC TCC GGC ATC AAC ACC AAC AAT TTC GCG GAA GAC GAA CTG GTT GAA GTT GAA GCG,0.3075082905009673
ATG GTT CAG CGT GGT TCT AAA GTT CGT ATT CTG CGT CCG GAA TCT TAC TGG TTC CAG GAC GTT GGT ACT GTT GCT TCC GTT GAC CAG TCT GGT ATC AAA TAC CCG GTT ATC GTT CGC TTC GAA AAA GTG AAT TAC TCT GGC ATC AAC ACC AAC AAC TTC GCG GAA GAC GAA CTC GTT GAA GTT CCA GCG,1.8095757612701573
ATG GTT CAG CGT GGT TCT CCA GTG CGC ATC CTG CGT CCG GAA TCT TAC TGG TTC CAG GAC GTT GGT TCT GTT GCG TCT GTT GAC CAG TCT GGT ATT AAG TAC CCG GTT ATC GTT CGT TTT GAA AAA GTG AAC TAC TCC GGT ATC AAC ACC AAC AAC TTC GCG GAA GAC GAA CTG GTT GAA GTT GAG GCT,-1.383823044265002
ATG GTT CAG CGC GGT TCT AAA GTT CGT ATC CTG CGT CCG GAA TCT TAC TGG TTC CAG GAC GTT GGT ACC GTT GCT TCT GTT GGT CAG TGG GGC ATC AAA TAC CCG GTT ATC GTT CGC TTC GAA AAG GTG AAC TAC TCT GGT ATC AAC ACC AAC AAC TTC GCG GAA GAC GAA CTG GTT GAA GTT GAA GCG,0.5931396630332613
ATG GTT CAG CGT GGT TCC AAA GTT CGT ATC CTG CGT CCG GAA TCT TAC TGG TTT CAG GAC GTT GGT ACC GTT GCG TCT GTT GAC CAG TCT GGC ATC AAA TAC CCG GTT ATC GTT CGT TTT GAA AAG GTG AAC TAC TCC GGT ATC AAC ACC AAC AAC GGT GCG GAA GAC GAA AAC GTT GAA GTT GAG GCG,-0.9422888770391716
ATG GTT CAG CGT GGT TCT AAA GTT CGT ATC CTG CGT CCG GAA TCT TAC TGG TTC CAG GAC GTT GGT ACC GTT GAC TCT GTT GAC CAG TCT GGT ATC AAA TAC CCA GTT ATC GTT CGC TTT GAA AAG GTG AAC TAC TCC GGC ATC AAC ACC AAC AAC TTC GCG GAA GAC GAA CTG GTT GAA GTT GAG GCT,2.541783001639307
ATG GTT CAG CGT GGT TCT AAA GTT CGT ATC CTG CGT CCG GAA TCT TAC TGG TTT CAG GAC GTT GGT ACC GTT GCG TCT GTT GAC CAG TCC GGT ATC AAA TAC TGG GTG ATC GTT CGT TTC GAG AAA GTG AAC TAC TCT GGT ATC CCG ACC AAC AAC TTC GCG GAA GAC GAA CTG GTT GAA GTT GAA GCG,2.4409747349881763
ATG GTT CAG CGT GGT TCT AAA GTT CGT ATC CTG CGT CCG GAA TCT TAC TGG TTC CAG GAT GTT GGT ACC GTT GCG TCT GTT GAC CAG TCT GGT ATC AAA TAC GAC GTG ATC GTT CGT TTC GAG AAG GTT AAC TAC TCC GGC ATC AAT TTC AAT AAC TTC GCG GAA GAC GAA CTG GTT GAA GTT GAA GCG,1.0364057480260822
ATG GTT CAG CGC GGT TCT AAA GTT CGT ATC CTG CGT CCG GAA TCT TAC TGG TTC CAG GAC GTT GGT ACC GTT GCG TCT GTT GCG CAG CCG GGC ATC AAA TAC CCG GTG ATC GTT CGC TTC GAA AAA GTG AAC TAC TCT GGT ATC AAC ACC AAC AAC TTC GCG GAA GAC GAA CTG GTT GAA GTT GAA GCG,0.5034748222898846
ATG GTT CAG CGT GGC TCT AAG GTT CGT ATC CTG ATC CCG GAA TCT TAC TGG TTC CAG GAC GTT GGT ACC GTT GCG TCT GTT GAC CAG TCT GGT ATC AAG TAC CCG GTT ATC GTT CGT TTC GAG AAA GTG AAC TAC TCC GGT ATT AAC ACC AAC AAC TTC GCT GAA GAC ATC CTG GTT GAA GTT GAA GCG,0.9630556439366148
ATG GTT CAG CGT GGT TCT AAA GTT CGT ATC CTG TAC CCG GAA TCT TAC TGG TTC CAG GAT GTT GGT ACC GTT GCG TCT GTT GAC CAG TCT GGT ATC AAA TAC CCG GTT ATC GTT CGC TTC GAA AAA GTG AAC TAC TCT GGC ATC AAC ACC AAC AAC TTC GCT GAA GAC GTT CTG GTT GAA GTT GAA GCG,0.0268493314460074
ATG GTT CAG CGT GGC TCT AAA GTT CGC ATT TGC CGC CCA GAA TCT TAC TGG TTT CAG GAC GTT GGT ACC GTT GCG TCT GTT GAC CAG TCT GGT ATC AAA TAC CCG GTT ATC GTT CGT TTC GAG AAG GTT AAC TAC TCT GGC ATC AAC ACC AAC AAC TTC GCG GAA GAC GAA CTG GTT GAA GTT GAA GCG,1.4435456385448509
ATG GTT CAG CGT GGT TCT AAG CTG CGT ATC CTG CGT CCG GAA TCT TAC TGG TTC CAG GAC GTT GGT ACC GTG GCG TCT GTT GAC CAG TCT GGC ATC AAA TAC CCG GTT ATC GTT CGC TTC GAG AAA GTG AAC TAC TCC GGT ATC AAC ACC AAC AAC TTC GCG GAA GAC GAA CTG GTT GAA GTT GAA GCG,-1.769893250064594
ATG GTG CAG CGT GGT TCT AAA GTT CGT ATC CTG CGT CCG GAA TCT TAC TGG TTC CAG GAC GTT GGT ACC GTT GCG TCT GTT GAC CAG TCT GGT ATC AAA TAC CCG GTT ATC GTT CGT TTT GAA AAA GTT AAC ACC TCT GGC ATC AAC ACC AAC AAC TTC GCT GAA GAC GAA CTG GTG GAA GTT GAA GCG,2.8262419238196994
ATG GTT CAG CGT GGT TCT AAA GTT CGT ATC CTG CGT CCG GAA TCT TAC TGG TTC CAG GAT GTT GGT ACC GTT GCG TCT GTT GAC CAG TCT GGT ATC AAA TAC CCG GTT ATC GTT CGT TTC CAC ATC GTT AAC TAC TCT GGC ATC AAC ACC AAC AAC TTC GCG GAA GAC GAA CTG GTT GAA GTT GAA GCG,1.2174730948567598
ATG GTT CAG CGT GGT TCT AAA GTT CGT ATC CTG CGT CCG GAA TCT TAC TGG TTC CAG GAC CAC GGT ACT GTT GCG TCT GTT GAC CAG TCT GGC ATC AAA TAC CCG GTT ATC GTT CGC TTC GAA AAG GTT AAC TAC TCC GGT ATC AAC ACC AAC AAC TTC GCG GAA GAC GAA CTG GTT GAA GTT GAA GCG,0.0748243385350033
ATG GTT CAG CGC GGT TCT AAA GTT CGT ATC CTG CGT CCG GAA TCT TAC TGG TTC CAG GAC GTT GGT ACC GTT GCG TCT GTT GCG CAG AAC GGC ATC AAG TAT CCA GTG ATC GTG CGT TTC GAG AAA GTG AAC TAC TCC GGT ATC AAC ACC AAC AAC TTT GCG GAA GAC GAA CTG GTT GAA GTT GAA GCG,0.978926480253682
ATG GTT CAG CGT GGT TCT AAA GTT CGT ATC CTG CGT CCG GAA TCT TAC TGG TTC CAG GAT GTT GGT ACC GTT GCG TCT GTT CCG CAG GAC GGT ATC AAA TAC CCG GTT ATC GTT CGC TTC GAA AAA GTG AAC TAT TCT GGC ATC AAC ACC AAC AAC TTC GCG GAA GAT GAA CTG GTT GAA GTT GAA GCG,-0.0525343526773591
ATG GTG CAG CGC GGC TCC ATC GTT CGT ATT CTG CGT CCG GAA TCT TAC TGG TTC CAG GAT GTT GGT ACC GTT GCG TCT GTT GAC CAG TCT GGC ATT AAG TAC CCG GTT ATT GTG CGC TTC GAC AAA GTG AAC TAC TCC GGT ATC AAC ACC AAC AAC TTC GCG GAG GAC GAG CTG GTT GAA GTT GAA GCG,1.7673527095285184
ATG GTT CAG CGC GGC TCC AAA GTT CGT ATC CTG CGT CCG GAA TCT TAC TGG TTC CAG GAC GTT GGT ACC GTT GCG TCT GTT GAC CAG TCT GGT ATC AAA TAC CCG GTT ATC GTG CGT TTC GAG AAG GTT AAC TAC TCT GGC ATC AAC ACC AAC AAC CCG GCT GAA GAC GAA GAC GTT GAA GTT GAA GCG,-0.1178485556502728
ATG GTT CAG CGT GGT TCT AAA GTT CGT ATC CTG CGT CCG GAA TCT TAC TGG TTC CAG GAC GTT GGC ACC GTT GCG TCT GTT GAC CAG TCT GGC ATC AAA TAC CCA GTT ATC GTG CGT TTT GAG AAG GTG AAC TAC TCT GGT ATC AAC ACC AAC AAC TTC GCG CAC GAC GAA CTG GTT GAA GTT GAA GCG,3.753993114218032
ATG ACC CAG CGT GGT TCT AAA GTT CGT ATC CTG CGT CCG GAA TCT TAC TGG TTC CAG GAC GTT GGT ACC GTT GCG TCT GTT GAC CAA TCC GGC ATC AAA TAC CCG GTG ATC GTT CGT TTC GAG AAA GTG AAC TAC TCT GGT ATC AAC ACC AAC AAC TTC GCT GAA GAC GAA CTG GTT GAA GTT GAA GCG,0.4402439084034762
ATG GTT CAG CGT GGC TCT AAG GTT CGT ATT CTG AAC CCG GAA TCT TAC TGG TTC CAG GAC GTG GGT ACC GTT GCG TCT GTT GAC CAG TCT GGT ATC AAA TAC CCA GTG ATC GTT CGC TTC GAA AAG GTT AAC TAC TCT GGC ATC AAC ACC AAC AAC TTC GCG GAA GAC ATG CTG GTT GAA GTT GAA GCG,0.2303832540308933
ATG GTT CAA CGC GGT TCT AAA GTT CGT ATC CTG CGT CCG GAA TCT TAC TGG TTC CAA GAC GTT GGT ACC GTT GCG TCT GTT GAC CAG TCT GGT ATC AAA TAC CCG GTT ATC GTT CGC TTC GTT TTT GTT AAC TAC TCT GGC ATC AAC ACC AAC AAC TTC GCG GAA GAC GAA CTG GTT GAA GTT GAA GCG,2.3103060606437467
ATG GTG CAG CGT GGT TCC AAA GTT CGC ATC CTG CGT CCA GAA TCT TAC TGG TTT CAG GAC GTT GGT ACC GTT GCG TCT GTT GAC CAG TCT GGC ATC AAA TAC CGC GTT ATC GTG CGT TTC GAG AAA GTG AAC TAC TCT GGT ATC AAC CGT AAC AAC TTC GCG GAA GAC GAA CTG GTT GAA GTT GAA GCG,1.0812983168880723
ATG GTT CAG CGT GGC TCC AAA GTT CGT ATC CTG CGT CCG GAA TCT TAC TGG TTT CAA GAC GTT GGT ACC GTT GCG TCT GTT GAC CAG TCC GGC ATC AAA TAC CCG GTT ATC GTT CGT TTC GCG ACC GTT AAC TAC TCT GGT ATC AAT ACC AAC AAC TTC GCG GAA GAC GAG CTG GTT GAA GTT GAA GCG,2.351640204638313
ATG GTT CAG CGT GGT TCT TCT GTT CGT ATC CTG CGT CCG GAA TCT TAC TGG TTC CAG GAT GTT GGT CAG GTT GCG TCT GTT GAC CAG TCT GGT ATC AAA TAC CCG GTT ATC GTG CGT TTT GAA AAG GTG AAT TAC TCT GGC ATC AAC ACC AAC AAC TTC GCG GAA GAC GAA CTG GTT GAA GTT GAA GCG,-0.0800705260434718
ATG GTT CAG CGT GGT TCC TGG GTT CGT ATC CTG CGT CCG GAA TCT TAT TGG TTC CAG GAC GTT GGT ACC GTT GCG TCT GTT GAC CAG TCT GGC ATC AAA TAC CCG GTT ATC GTT CGT TTC GTT AAA GTG AAC TAC TCC GGT ATC AAC ACC AAC AAC TTC GCG GAA GAC GAA CTG GTT GAA GTT GAA GCG,1.4016778283420184
ATG GTT CAG CGT GGT TCT AAG GTT CGT ATC CTG CGT CCG GAA TCT TAC TGG TTT CAG GAC GTT GGT ACC TAC GCG TCT GTT GAT CAG TCC GGC ATT AAG TAC CCG GTT ATT GTT CGT TTC GAG AAA GTG AAC TAC TCC GGT ATC AAC ACC AAC AAC TTC GCG GAA GAC GAA CTG GTT GAA GTG GAA GCG,-0.2920822842233829
ATG GTT CAG CGT GGT TCT AAA GTT CGT ATC CTG CAG CCG GAA TCT TAC TGG TTC CAG GAC GTT GGT ACC GTT GCG TCT GTT GAC CAG TCT GGT ATC AAA TAC CCG GTT ATC GTT CGC TTC GAG AAA GTG AAC TAC TCC GGT ATT AAC ACC AAC AAC TTC GCG GAA GAC ACC CTG GTG GAA GTT GAA GCG,-1.1069466245792503
ATG GTT CAG CGC GGT TCT AAA GTT CGT ATC CTG CGT CCG GAA TCT TAC TGG TTC CAG GAC GTT GGT ACC GTT GCT TCT GTT AAC CAG TTC GGT ATC AAA TAC CCG GTT ATC GTT CGT TTC GAG AAA GTG AAC TAC TCT GGC ATC AAC ACC AAC AAC TTC GCG GAA GAT GAG CTG GTT GAA GTT GAA GCG,0.7154337634071719
ATG GTT CAG CGT GGT TCT ACC GTG CGT ATT CTG CGT CCA GAA TCT TAC TGG TTT CAG GAC GTT GGT CCG GTT GCG TCT GTT GAC CAG TCT GGT ATC AAA TAC CCA GTG ATC GTT CGT TTC GAG AAA GTT AAT TAC TCC GGC ATC AAC ACC AAC AAC TTC GCG GAA GAC GAA CTG GTT GAA GTT GAA GCG,0.1114303820018454
ATG GTT CAG CGT GGC TCC ACC GTT CGT ATC CTG CGT CCG GAA TCT TAC TGG TTC CAG GAT GTT GGT ACC GTT GCG TCT GTT GAC CAG TCT GGT ATC AAG TAC CCG GTT ATC GTG CGT TTC TAC AAG GTT AAC TAC TCT GGC ATC AAC ACC AAT AAC TTC GCG GAA GAC GAA CTC GTT GAA GTT GAG GCG,1.3052226585496969
ATG GTT CAG CGT GGT TCC AAA GTT CGT ATC CTG CGT CCA GAA TCT TAC TGG TTT CAG GAC GTT GGT ACC GTT GCG TCT GTT GAC CAG TCT GGT ATC AAA TAC CCG GTT ATC GTG CGT TTC GAG AAA GTG AAC TAC TCC GGT ATT AAC ACC AAC AAC CAG GCG GAA GAC GAG CCG GTT GAA GTT GAA GCG,-0.5939281344951399
ATG GTT CAG CGT GGC TCT AAA GTT CGT ATC CTG CGT CCG GAA TCT TAC TGG TTC CAG GAC GTT GGT ACC GTT GCG TCT GTT GAC CAG TCT GGT ATC AAG TAC CCG GTT ATC GTG CGT TTC GAG AAG GTG AAC TAC TCC GGC ATC AAC ACC AAC AAC TTC GCT GAA GAC GAA CTG GTT GAA GTT GAA GGT,1.8365447943248827
ATG GTT CAG CGT GGT TCT GAC GTT CGC ATC CTG CGT CCA GAA TCT TAT TGG TTC CAG GAC GTT GGT ACC GTT GCG TCT GTT GAC CAG TCT GGC ATC AAG TAC CCA GTG ATC GTT CGT TTC TGC AAG GTG AAC TAC TCT GGT ATC AAC ACC AAC AAT TTC GCG GAG GAT GAA CTG GTG GAA GTT GAA GCG,1.142244028646069
ATG GTT CAG CGT GGC TCT AAG GTT CGT ATC CTG CGT CCG GAA TCT TAC TGG TTC CAA GAC GTT GGT ACC GTT GCG TCT GTT GAC CAG TCC GGT ATC AAA TAC GAA GTG ATC GTG CGT TTC GAG AAA GTG AAC TAC TCT GGT ATC GAC ACC AAC AAC TTC GCG GAA GAC GAA CTG GTT GAA GTT GAA GCG,0.7496687457511559
ATG GTT CAG CGC GGT TCT AAA GTT CGT ATC CTG CGT CCG GAA TCT TAC TGG TTC CAG GAC GTT GGT ACC GTT GCG TCT GTT GAC CAG TCT GGT ATC AAG TAC CCG GTT ATC GTG CGT TTC GAG AAG GTT AAC TAC TCT GGC ATC AAC ACC AAC AAC CAC GCG GAG GAC GAA CCG GTG GAA GTT GAA GCG,-0.781316506258118
ATG GTT CAG CGC GGC TCT AAA GTT CGT ATT CTC CGT CCG GAA TCT TAC TGG TTC CAG GAT GTT GGT ACC GTT GCG TCT GTT GAC CAG TCT GGC ATC AAA TAC CAG GTT ATC GTT CGT TTC GAG AAG GTT AAC TAC TCT GGT ATC CAC ACC AAC AAC TTC GCG GAA GAC GAA CTG GTT GAA GTT GAA GCG,1.3181586259869666
ATG GTT CAG CGT GGT TCT AAA GTT CGT ATC CTG CGT CCG GAA TCT TAC TGG TTC CAG GAC GTT GGT ACC GTT GCG TCT GTT ACC CAG TCT GGC ATC AAA TAC CCG GTT ATC GTT CGT TTT GAA AAA GTG AAT TAC TCC GGT ATC AAC ACC AAC AAC TTC GCT GAA GAC GAA CTG GTT GAA GTT GAG GCG,0.5902973806190274
ATG GTT CAG CGT GGT TCC AAA GTT CGT GAC CTG CGT CCG GAA TCT TAC ATC TTC CAG GAC GTT GGT ACC GTT GCG TCT GTT GAC CAG TCC GGT ATC AAA TAC CCG GTT ATC GTT CGT TTC GAG AAG GTG AAC TAC TCC GGC ATC AAT ACC AAC AAT TTC GCG GAA GAC GAA CTG GTT GAA GTT GAG GCT,-0.5337177588838797
ATG GTT CAG CGT GGC TCT AAA GTT CGT ATC CTG CGT CCG GAA TCT TAC TGG TTC CAG GAC GTT GGT ACC GTT GCG TCT GTT GAC CAG TCC GGT ATC AAA TAC CCG GTT ATC GTT CGT TTC CGT CGC GTT AAC TAC TCT GGT ATT AAC ACC AAC AAC TTC GCG GAG GAC GAA CTG GTT GAA GTT GAA GCG,1.9914609480087528
ATG GTT CAG CGT GGT TCT AAA GTT CGT ATC CTG CGT CCG GAA TCT TAC TGG TCC CAA GAC GTT GGT ACC GTG GCG TCC GTT GAC CAG TCT GGT ATC AAA TAC CCG GTT ATT GTG CGT TTT GAG AAA GTG AAC TAT TCT GGC ATC AAC ACC AAC AAC TTT GCT GAA GAC GAG CTG GTT GAA GTT GAG GCT,-0.0281255750660826
ATG GTT CAG CGT GGT TCT AAA GTT CGT ATC CTG CGT CCG GAA TCT TAC TGG TTC CAG GAC GTT GGT ACC GTG GCG TCT GTT TCT CAG GCG GGT ATT AAG TAC CCG GTG ATT GTT CGT TTC GAG AAA GTG AAC TAC TCT GGT ATC AAC ACC AAC AAC TTC GCG GAG GAC GAA CTG GTG GAA GTT GAA GCG,1.3544053063313424
ATG GTT CAA CGC GGT TCT AAA GTT CGT ATC CTG CGT CCG GAA TCT TAC TGG TTC CAG GAT GTT GGT ACC GTT GCG TCT GTT GAC CAG TCT GGT ATC AAG TAC CAG GTT ATC GTT CGC TTC GAA AAA GTG AAC TAC TCC GGT ATC CCG ACC AAC AAC TTC GCG GAA GAC GAA CTG GTT GAA GTT GAA GCG,1.0173333492542374
ATG GTT CAG CGC GGC TCT AAA GTT CGT TGC CTG CGT CCG GAG TCT TAC GCG TTC CAG GAC GTT GGT ACC GTT GCG TCT GTT GAC CAG TCT GGC ATC AAA TAC CCG GTT ATC GTT CGC TTC GAG AAG GTT AAC TAC TCT GGT ATC AAC ACC AAC AAC TTC GCT GAA GAC GAA CTG GTT GAA GTT GAA GCG,0.5068565993889134
ATG GTT CAG CGT GGT TCT AAC GTT CGT ATC CTG CGT CCG GAA TCT TAC TGG TTC CAG GAC GTT GGT ATC GTT GCG TCT GTT GAC CAG TCT GGT ATC AAA TAC CCA GTT ATC GTG CGC TTT GAA AAA GTG AAC TAC TCT GGC ATC AAC ACC AAC AAC TTC GCG GAA GAC GAA CTG GTG GAA GTT GAG GCG,0.6980426773069861
ATG GTT CAG CGT GGT TCT AAA GTT CGT ATC CTG CGT CCG GAA TCT TAC TGG TTC CAG GAC GTT GGC ACC GTT GCG TCT GTT GAC CAG TCT GGT ATC AAA TAC CCG GTT ATT GTT CGT TTC GAG AAA GTG AAC TAC TCT GGC ATC AAC ACC AAC AAC AAC GCG GAA GAC GAA CTG GTT GAA GTT GAA GCG,-0.0879225825045045
ATG GTT CAG CGT GGT TCT AAA GTG CGT CAC CTG CGT CCG GAA TCT TAC AAC TTT CAG GAC GTT GGT ACC GTT GCG TCT GTT GAC CAG TCT GGC ATC AAA TAC CCG GTT ATC GTT CGC TTC GAG AAA GTG AAC TAC TCC GGT ATC AAC ACC AAC AAC TTC GCG GAA GAC GAA CTG GTT GAA GTT GAA GCG,-0.8679530739296701
ATG GTT CAG CGT GGT TCT AAC GTT CGT ATC CTG CGT CCG GAA TCT TAC TGG TTC CAG GAC GTT GGT CAC GTT GCG TCT GTT GAC CAG TCT GGC ATC AAA TAC CCG GTG ATC GTT CGT TTC GAG AAA GTG AAC TAC TCC GGT ATC AAC ACC AAC AAC TTC GCG GAA GAC GAA CTG GTT GAA GTT GAA GCG,-0.6814033723813844
ATG GTT CAG CGT GGC TCC ATT GTT CGT ATC CTC CGT CCG GAA TCT TAC TGG TTC CAG GAC GTT GGT CAC GTT GCT TCT GTT GAC CAG TCT GGT ATC AAA TAC CCG GTT ATC GTT CGT TTT GAA AAA GTG AAC TAC TCC GGC ATC AAC ACC AAC AAC TTC GCG GAA GAC GAA CTG GTT GAA GTT GAG GCG,0.1937546982278638
ATG GTT CAG CGT GGT TCT AAA GTT CGT ATC CTG CGT CCG GAA TCT TAC TGG TTC CAA GAC GTT GGT ACC GTT GCG TCT GTT GAC CAG TCC GGT ATC AAA TAC TGC GTG ATC GTT CGT TTC GAG AAG GTT AAC TAC TCT GGT ATC TGG ACC AAC AAC TTC GCG GAA GAC GAA CTG GTT GAA GTT GAA GCG,1.9976613679308208
ATG GTT CAG CGT GGT TCT AAA GTT CGT ATC CTC CGT CCG GAA TCT TAC TGG TTC CAG GAC GTT GGT ACC GTT GCG TCC GTT GAC CAG TCT GGT ATC AAA TAC TCC GTG ATC GTT CGC TTC GAA AAA GTG AAC TAT TCT GGC ATC CAG ACC AAC AAC TTC GCG GAG GAC GAA CTG GTT GAA GTT GAA GCG,1.2229072851480711
ATG GTT CAG CGC GGC TCT CCA GTT CGT ATC CTG CGT CCG GAA TCT TAC TGG TTC CAG GAC GTT GGT ACC GTT GCG TCT GTT GAC CAG TCT GGC ATC AAG TAC CCG GTT ATC GTG CGT TTC CAG AAA GTG AAC TAC TCT GGT ATC AAC ACC AAC AAC TTC GCG GAA GAC GAG CTG GTT GAA GTT GAA GCG,-0.0041552716467629
ATG GTT CAG CGT GGT TCT AAA GTT CGT ATC CTG TAC CCA GAA TCT TAC TGG TTC CAG GAC GTT GGT ACC GTT GCG TCT GTT GAC CAG TCT GGT ATC AAA TAC CCG GTT ATC GTG CGT TTC GAG AAA GTG AAC TAC TCT GGC ATC AAC ACC AAC AAC TTC GCG GAA GAT GGT CTG GTT GAA GTT GAA GCG,-0.7147553199800984
ATG GTT CAG CGT GGC TCT AAA GTT CGT ATC CTG CGT CCG GAA TCT TAC TGG TTC CAG GAC GTT GGT ACC GTT GCG TCT GTT GAC CAG TCT GGT ATC AAG TAC CGC GTG ATC GTT CGT TTC GAG AAG GTT AAC TAC TCC GGC ATC AAC ATG AAC AAC TTC GCG GAA GAC GAA CTG GTT GAA GTG GAA GCG,1.7437711084874072
ATG GTT CAG CGC GGC TCT AAA GTT CGT ATC CTG ATC CCG GAA TCT TAC TGG TTC CAA GAC GTT GGT ACC GTT GCG TCT GTT GAC CAG TCT GGT ATT AAG TAC CCG GTT ATC GTT CGC TTC GAA AAG GTT AAC TAC TCC GGT ATC AAC ACC AAC AAC TTC GCG GAA GAC CAG CTC GTT GAA GTG GAA GCG,0.2416611601055326
ATG GTT CAA CGC GGC TCC AAG GTT CGT ATC CTG CGT CCG GAA TCT TAC TGG TTT CAG GAC GTG GGT ACC GTT GCG TCT GTT GAC CAG TCC GGC ATC AAG TAC AAC GTG ATC GTT CGT TTT GAA AAA GTG AAC TAC TCT GGC ATT AAC CAG AAC AAC TTC GCG GAA GAC GAA CTG GTT GAA GTT GAA GCG,2.349169206144514
ATG GTT CAG CGT GGT TCT AAA GTT CGT ATC CTG CGT CCG GAA TCT TAC TGG TTC CAG GAT GTT GGT ACC GTT GCG TCT GTT GAC CAG TCT GGC ATC AAA TAC CCG GTT ATC GTT CGC TTC GAA AAG GTG AAC TAT TCT GGT ATC AAC ACC AAC AAC GAC GCG GAA GAC GAA ACC GTT GAA GTT GAA GCG,-3.07040548860086
ATG GTG CAG CGC GGT TCT AAA GTG CGT TTC CTG CGT CCG GAA TCT TAT AAC TTC CAG GAC GTT GGT ACC GTT GCG TCT GTT GAT CAG TCT GGC ATC AAG TAC CCG GTT ATC GTT CGC TTC GAA AAG GTT AAC TAC TCC GGT ATC AAC ACC AAC AAC TTC GCG GAA GAC GAA CTG GTT GAA GTT GAA GCG,-0.2290072822975668
ATG GTT CAG CGC GGC TCC AAG GTT CGT ATC CTG CGT CCG GAG TCT TAC TGG TTT CAG GAT GTG GGT ACC GTT GCG TCT GTT GAC CAG TCC GGC ATC AAA TAC TAC GTG ATC GTG CGT TTC GAG AAA GTG AAC TAC TCT GGC ATT ATC ACC AAC AAC TTC GCG GAA GAC GAA CTG GTT GAA GTT GAA GCG,2.24516347495985
ATG GTT CAG CGT GGC TCT AAA GTT GCG ATC CTC CGT CCG GAA TCT TAC TGG TTC CAG GAC GTT GGT ACC GTT GCG TCT GTT GAC CAG TCT GGC ATC AAA TAC CCG GTT ATC GTT CGC TTC GAA AAG GTG AAC TAC TCT GGT ATC AAC ACT AAC AAC TTC GCG GAA GAC GAA CTG GTT GAA GTT GAA GCG,-0.0469663190164447
ATG GTT CAG CGT GGT TCT AAA GTT CGT ATC CTG CGT CCG GAA TCT TAT TGG TTC CAG GAC GTT GGC ACC GTG GCG TCT GTT GAT CAG TCC GGT ATC AAG TAC GCT GTG ATT GTG CGC TTC GAA AAA GTG AAC TAC TCT GGT ATT AAG ACC AAC AAC TTC GCG GAA GAC GAA CTG GTT GAA GTT GAA GCG,1.3429343317849007
ATG GTT CAG CGT GGT TCT AAA GTT CGT ATC CTG CGT CCG GAA TCT TAC TGG TTC CAG GAC GTT GGC ACC GTT GCG TCT GTT GAT CAG TCT GGT ATC AAA TAC CCA GTG ATC GTG CGC TTC GAG AAA GTG AAC TAC TCT GGC ATT AAC ACC AAC AAC TTC GCG GAA AAC GAA CTG GTT GAA GTT GAA GCG,1.770939435026818
ATG GTT CAG CGC GGT TCT AAA GTG CGT ATC CTC CGT CCG GAA TCT TAC TGG TTC CAG GAC GTT GGT ACC GTT GCG TCT GTT GAC CAA TCC GGC ATC AAA TAC CCG GTT TGG GTT CGC TTC GAA AAG GTT AAC TAC TCT GGT ATC AAC ACC AAC AAC TTC GCG GAA GAC GAG CTG GTT GAA GTT GAA GCG,3.6687980822856288
ATG GTT CAG CGT GGT TCT AAA GTT CGT ATC CTG CGT CCG GAA TCT TAC TGG TTT CAG GAC GTT GGT ACC GTT GCG TCT GTT GAC CAG TCT GGT ATC AAG TAC TGG GTT ATC GTG CGT TTC GAG AAA GTG AAC TAC TCT GGC ATC GTT ACT AAC AAC TTC GCG GAA GAC GAA CTG GTT GAA GTT GAA GCG,2.846251383838583
ATG GTT CAG CGT GGC TCT AAA GTT CGT ATC CTG TTC CCG GAG TCT TAT TGG TTC CAG GAC GTT GGT ACC GTT GCG TCT GTT GAC CAG TCT GGT ATC AAA TAC CCG GTG ATT GTT CGT TTC GAG AAA GTT AAT TAC TCC GGC ATC AAC ACC AAC AAC TTC GCG GAA GAC ATC CTG GTT GAA GTT GAG GCT,1.482379892621234
ATG GTT CAG CGT GGT TCT AAA GTT CGT ATC CTC CCA CCG GAG TCT TAT TGG TTC CAA GAC GTT GGT ACC GTT GCG TCT GTT GAC CAG TCT GGT ATC AAA TAC CCA GTT ATC GTT CGC TTT GAG AAG GTT AAC TAC TCT GGC ATC AAC ACC AAC AAC TTC GCG GAA GAC TTC CTG GTT GAA GTT GAA GCG,-0.4857971057979604
ATG GTT CAG CGT GGC TCT AAA GTT CGT ATC CTG CGT CCG GAA TCT TAC TGG TTC CAG GAC GTT GGT ACC GTT GCT TCT GTT GAC CAG TCT GGC ATC AAA TAC CCG GTG ATC GTT GGT TTC GAG AAG GTG AAT TAT TCC GGT ATC AAC ACC AAC AAC TTC GCG GAG GAC GAA CTG GTT GAA GTT GAG GCG,-0.300358742907711
ATG GTT CAG CGC GGC TCT AAA GTT CGT ATC CTG CGT CCG GAA TCT TAC TGG TTC CAG GAC GTT GGT ACC GTT GCG TCT GTT GAC CAA TCC GGC ATC AAA TAC AAC GTG ATC GTG CGT TTC GAG AAA GTG AAT TAC TCT GGT ATC AAC CAC AAC AAC TTC GCG GAA GAC GAA CTG GTT GAA GTT GAA GCG,2.239706420924384
ATG GTT CAG CGT GGT TCT AAA GTT CGT ATC CTG CGT CCG GAA TCT TAC TGG TTC CAG GAC GTT GGT ACC GTT GCT TCT GTT GAC CAG TCT GGC ATC AAA TAC CCG GTT ATC GTG CGC TTC GAG AAA GTG AAC TAC TCT GGT ATC AAC ATC AAC AAC TTT GCG GAA GAC GAG CTG GTT GAA GTT GAA GCG,1.6326541485755175
ATG GTT CAG CGT GGC TCC ATC GTT CGT ATC CTG CGT CCG GAA TCT TAC TGG TTC CAA GAC GTG GGT ACC GTT GCG TCT GTT GAC CAG TCT GGC ATC AAA TAC CCG GTT ATC GTG CGT TTC TGC AAA GTG AAC TAC TCC GGT ATC AAT ACC AAC AAT TTC GCG GAA GAT GAA CTG GTT GAA GTT GAA GCG,2.203206321800876
ATG GTT CAG CGT GGT TCT AAA GTT CGT ATC CTG CGT CCG GAA TCT TAC TGG TTC CAG GAT GTT GGT ACC GTT GCG TCT GTT GAC CAG TCT GGC ATC AAA TAC CCA GTT ATC GTT CGT TTC GAG AAA GTG AAC TAC TCT GGT ATC AAC ACC AAC AAT CAG GCG GAA GAC GAA GAG GTT GAA GTG GAA GCG,-0.2618734849041009
ATG GTT CAG CGT GGT TCT AAA GTT CGT ATC CTG CGT CCG GAA TCT TAC TGG TTC CAG GAC GTT GGC ACC GTT GCG TCT GTT GAC CAG TCT GGT ATC AAA TAC CCG GTT ATT TAC CGC TTC GAG AAG GTT AAC TAC TCT GGC ATC AAC ACC AAC AAC TTC GCG GAA GAC GAA CTG GTT GAA GTT GAA GCG,-3.077032575211968
ATG GTT CAG CGT GGC TCT AAA GTT CGT ATC CTG CGT CCG GAA TCT TAC TGG TTT CAG GAC GTG GGT ACC GTT GCG TCT GTT GAC CAG TCC GGC ATC AAA TAC CCG GTT ATC GTT CGT TTC CCG GTT GTT AAC TAC TCT GGT ATC AAC ACC AAC AAT TTC GCG GAG GAC GAA CTG GTT GAA GTT GAA GCG,0.4124586941276583
ATG GTT CAG CGC GGC TCC AAA GTT CGT ATC CTG CGT CCG GAA TCT TAC TGG TTT CAG GAC GTT GGT ACC GTT GCG TCT GTG GAT CAG TCC GGT ATT AAG TAC CCG GTT ATC GTG CGT TTC CAA CTC GTG AAC TAC TCT GGT ATC AAC ACC AAC AAC TTC GCG GAA GAC GAA CTC GTT GAA GTT GAA GCG,0.5160518661248792
ATG GTT CAG CGT GGT TCT AAA GTT CGT ATC CTG CGT CCG GAA TCT TAC TGG TTC CAG GAC GTT GGT ACC GTT GCG TCT GTT CAG CAA GGT GGT ATC AAA TAC CCG GTT ATC GTT CGT TTC GAG AAG GTG AAC TAC TCT GGC ATC AAC ACC AAC AAC TTC GCG GAA GAC GAA CTG GTT GAA GTT GAA GCG,1.1623525443042602
ATG GTG CAG CGC GGT TCC GAA GTT CGT ATC CTG CGT CCG GAA TCT TAC TGG TTC CAA GAC GTT GGT ACC GTT GCG TCT GTT GAC CAG TCT GGC ATC AAA TAC CCG GTG ATC GTT CGC TTC ATC AAG GTG AAC TAC TCT GGT ATC AAC ACC AAT AAC TTC GCG GAA GAC GAA CTG GTT GAA GTT GAA GCG,0.7763358863220184
ATG GTT CAG CGC GGT TCT AAA GTT CGT ATC CTG CGT CCG GAA TCT TAC TGG TTC CAG GAC GTT GGT ACC GTT GCG TCT GTT GAC CAG TCT GGT ATC AAG TAC CCG GTG ATC GTT CGT TTC GAG AAA GTG AAC TAC TCT GGC ATC AAC ACC AAC AAC ATC GCG GAA GAC GAA ATG GTT GAA GTT GAA GCG,-0.3841924122540832
ATG GTT CAG CGT GGT TCT AAA GTT CGT ATC CTC GTT CCA GAA TCT TAC TGG TTC CAG GAC GTT GGT ACC GTT GCG TCT GTG GAC CAG TCT GGC ATC AAA TAC CCG GTT ATC GTT CGC TTC GAG AAA GTG AAC TAC TCC GGT ATC AAC ACC AAT AAC TTT GCG GAA GAC GTG CTG GTT GAA GTT GAG GCG,-0.0939362234909882
ATG GTT CAG CGC GGT TCT CAC GTG CGT ATC CTG CGT CCG GAA TCT TAC TGG TTC CAG GAC GTT GGT ATC GTT GCG TCT GTT GAC CAG TCT GGT ATC AAA TAC CCG GTT ATC GTT CGC TTC GAA AAA GTT AAT TAC TCC GGC ATC AAC ACC AAC AAC TTC GCG GAA GAC GAA CTG GTT GAA GTT GAA GCG,2.2433749663118308
ATG GTT CAG CGT GGT TCC AAA GTT CGT ATC CTG CGT CCG GAA TCT TAC TGG TTT CAG GAC GTT GGT ACC GTT GCG TCT GTT GAC CAG TCT GGC ATC AAA TAC AAA GTG ATC GTT CGC TTC GAG AAA GTG AAC TAC TCT GGT ATC AAC TTC AAC AAC TTC GCG GAG GAT GAA CTG GTG GAA GTG GAA GCG,2.077242192847869
ATG GTT CAG CGT GGC TCC AAA GTT CGT ATC CTG CGT CCG GAA TCT TAC TGG TTC CAA GAC GTT GGT ACC GTT GCG TCT GTT GAC CAG TCT GGT ATC AAG TAC CCG GTT ATC GTT CGC TTC GAA AAA GTT AAT TAC TCT GGC ATC AAC ACC AAC AAC ATC GCG GAA GAC GAA CGT GTT GAA GTT GAA GCG,-0.5149820232569631
ATG GTT CAG CGT GGT TCT AAA GTT CGT ATC CTG GAC CCG GAA TCT TAC TGG TTC CAG GAC GTT GGT ACC GTT GCG TCT GTT GAC CAG TCT GGT ATT AAG TAC CCG GTT ATC GTT CGT TTT GAA AAA GTG AAT TAC TCC GGT ATC AAC ACC AAC AAC TTC GCT GAA GAC GAA CTG GTT GAA GTT GAA GCG,0.566520529811136
ATG GTT CAG CGC GGT TCT AAA GTT CGT ATC CTG CGT CCG GAA TCT TAC TGG TTC CAG GAC GTT GGT ACC GTT GCT TCT GTT GAC CAG TCT GGC ATT AAA TCT CCG GTT ATC GTT CGT TTC GAG AAA GTG AAC TAC TCT GGT ATC AAC ACC AAC AAT TTC GCT GAA GAC GAA CTG GTG GAA GTG GAG GCG,0.0746308521286962
ATG GTT CAG CGT GGT TCT AAA GTT CGT ATC CTG CGT CCG GAA TCT TAC TGG TTC CAG GAC GTT GGC ACC GTT GCG TCT GTT GAC CAG TCC GGC ATC AAA TAC TGC GTT ATC GTT CGC TTC GAA AAG GTT AAC TAC TCC GGT ATT ATC ACC AAC AAC TTC GCG GAA GAC GAA CTG GTT GAA GTT GAA GCG,2.046588417470492
ATG GTT CAG CGC GGT TCT AAA GTT CGT ATC CTG CGT CCG GAA TCT TAC TGG TTC CAG GAC GTT GGT ACC GTT GCG TCT GTT GAC CAG TCT GGT ATC AAG TAC CCG GTT ATC GTT CGT TTC GAG AAG GTT AAC TAC TCT GGC ATC AAC ACC AAC AAC ATC GCG GAA GAC GAA CTG GTT GAA GTT GAA GCG,-1.2154901057231997
ATG GTT CAG CGT GGT TCT GCG GTT CGT ATT CTG CGT CCG GAA TCT TAC TGG TTC CAG GAC GTT GGT CAG GTT GCT TCT GTT GAC CAG TCT GGT ATC AAA TAC CCA GTT ATC GTT CGC TTC GAG AAG GTT AAC TAC TCC GGC ATC AAC ACC AAC AAC TTC GCG GAA GAC GAA CTG GTT GAA GTT GAG GCG,-0.0119107693943174
ATG GTT CAG CGT GGT TCT AAA GTT CGT ATC CTG CGT CCG GAA TCT TAC TGG TTC CAG GAT GTT GGT ACC GTT GCG TCT GTT GAC CAG TCT GGC ATC AAA TAC TTC GTT ATC GTT CGC TTC GAA AAA GTG AAC TAC TCT GGT ATC AAC CAC AAC AAC TTC GCG GAA GAC GAA CTG GTT GAA GTT GAA GCG,2.272949077616893
ATG GTT CAG CGT GGT TCT ACC GTT CGT ATT CTG CGT CCA GAA TCT TAC TGG TTC CAG GAC GTT GGT ACC GTT GCG TCT GTT GAC CAG TCC GGT ATC AAA TAC CCG GTT ATC GTT CGC TTC CTG AAG GTT AAC TAC TCT GGC ATC AAC ACC AAC AAC TTC GCG GAG GAT GAA CTG GTT GAA GTT GAA GCG,1.432107369664707
ATG GTT CAG CGT GGC TCT AAA GTT CGT ATC CTG CGT CCG GAA TCT TAC TGG TTC CAG GAC GTT GGT ACC GTT GCG TCT GTT GAC CAG TCC GGC ATC AAA TAC TTC GTT ATC GTT CGT TTC GAG AAG GTT AAC TAC TCT GGT ATC AAC CCA AAC AAC TTC GCG GAA GAC GAA CTG GTT GAA GTT GAA GCG,2.7254715055780894
ATG GTT CAG CGT GGT TCT AAA GTT CGT ATC CTG CGT CCG GAA TCT TAC TGG TTC CAG GAT GTT GGT ACC GTT GCG TCT GTT GAC CAG TCT GGC ATC AAA TAC CGT GTT ATC GTT CGC TTC GAA AAA GTG AAC TAC TCT GGT ATC AAC GAC AAC AAT TTC GCG GAA GAC GAA CTG GTG GAA GTT GAA GCG,1.4314881196879723
ATG GTT CAA CGC GGT TCC TAC GTT CGC ATC CTG CGT CCG GAA TCT TAC TGG TTC CAG GAC GTT GGT GAA GTT GCT TCT GTT GAC CAG TCT GGT ATC AAG TAC CCG GTT ATC GTG CGT TTT GAG AAA GTG AAC TAC TCT GGC ATC AAC ACC AAC AAT TTC GCG GAA GAC GAA CTG GTG GAA GTT GAA GCG,0.7220487095667223
ATG GTT CAG CGC GGC TCC AAA GTT CGT ATC CTG CGT CCG GAA TCT TAC TGG TTC CAG GAC GTT GGT ACC GTT GCG TCT GTT GAC CAG TCC GGT ATC AAA TAC CCG GTG ATC GTT CGT TTC TCT TGG GTG AAC TAC TCT GGC ATC AAC ACC AAC AAC TTC GCG GAG GAC GAA CTG GTT GAA GTT GAA GCG,1.8109006509393963
ATG GTT CAG CGT GGT TCT AAA GTT CGT ATC CTG CGT CCG GAA TCT TAC TGG TTC CAG GAC GTT GGT ACC GTT GCG TCT GGT GAC CAG TCT GGT ATC AAA TAC CCG GTT ATC GTT CGT TTT GAA AAA GTG AAC TAC TCC GGC ATC AAC ACC AAC AAC TTC GCG GAA GAC GAA CTG GTT GAA GTT GAA GCG,-0.4696424817012403
ATG GTT CAG CGT GGC TCT AAA GTT CGT ATT CTG TCT CCG GAA TCT TAC TGG TTC CAG GAC GTT GGT ACC GTT GCG TCT GTT GAC CAG TCT GGT ATC AAG TAC CCG GTT ATC GTT CGT TTC GAG AAA GTG AAC TAC TCT GGC ATC AAC ACC AAC AAC TTT GCG GAA GAC CGT CTC GTT GAA GTT GAA GCG,-1.0762554424535775
ATG GTT CAG CGT GGT TCT AAA GTT CGT ATC CTG CGT CCG GAA TCT TAC TGG TTC CAG GAC GTT GGT ACC GTT GCG TCT GTT TCT CAG CCG GGT ATC AAA TAC CCA GTG ATC GTT CGT TTC GAG AAA GTG AAC TAC TCT GGC ATC AAC ACC AAC AAC TTC GCG GAA GAC GAA CTG GTT GAA GTT GAA GCG,0.3825994648799328
ATG GTT CAG CGT GGT TCT AAA GTT CGT ATT CTG TCT CCG GAA TCT TAC TGG TTC CAG GAC GTT GGT ACC GTT GCG TCT GTT GAC CAG TCT GGT ATC AAA TAT CCG GTT ATC GTT CGT TTC GAG AAG GTT AAC TAC TCT GGC ATC AAC ACC AAC AAC TTC GCG GAA GAC CCG CTG GTT GAA GTT GAA GCG,-1.0918590007173448
ATG GTT CAG CGT GGT TCT GAA GTT CGT ATC CTG CGT CCG GAA TCT TAC TGG TTT CAG GAC GTT GGT AAA GTT GCG TCT GTT GAC CAG TCC GGC ATT AAG TAT CCG GTT ATC GTT CGT TTC GAG AAG GTT AAC TAC TCT GGT ATC AAC ACC AAC AAT TTC GCG GAA GAC GAA CTC GTT GAG GTT GAA GCG,-0.5730876197532195
ATG GTT CAG CGT GGT TCT AAA GTT CGC ATC CTG CCG CCA GAA TCT TAC TGG TTC CAG GAC GTT GGT ACC GTT GCG TCT GTT GAC CAG TCT GGT ATC AAA TAC CCA GTT ATC GTT CGC TTC GAA AAA GTG AAC TAC TCC GGC ATC AAC ACC AAC AAC TTC GCG GAA GAC CGT CTG GTT GAA GTT GAG GCT,-3.303668071444771
ATG GTT CAG CGT GGT TCT AAA GTT CGT ATC CTG CGT CCG GAA TCT TAC TGG TTC CAG GAT GTT GGT ACC GTT GCG TCT GTT GAC CAG TCT GGC ATC AAG TAT CCG GTT ATC GTT CGT TTC GAG AAG GTT AAC TAC TCT GGT ATC AAC ACC AAC AAC TTC GCG GAA GAC GAA CTG GTT GAA TAC GAA GCG,0.6090044959383325
ATG GTT CAG CGT GGC TCC TGG GTT CGC ATC CTG CGT CCG GAA TCT TAC TGG TTC CAG GAC GTG GGT ACC GTT GCG TCT GTT GAC CAG TCT GGT ATC AAA TAC CCG GTG ATC GTT CGC TTT ATG AAG GTT AAC TAC TCT GGC ATC AAC ACC AAC AAC TTC GCG GAA GAC GAA CTG GTT GAG GTT GAA GCG,1.298501310415635
ATG GTT CAG CGT GGT TCC AAA GTT CGT ATC CTG CGT CCG GAA TCT TAC TGG TTT CAG GAC GTT GGT ACC GTT GCG TCT GTT GAC CAG TCT GGT ATT AAG TAC CCG GTT ATC GTT CGT TTC GAG AAG GTT AAC TAC TCC GGT ATC AAC ACC AAC AAC TTC GCG GAA GAC GAA CTG GTT GAA GTT GAA GCG,1.9853680891006
ATG GTT CAG CGT GGT TCT AAA GTT CGT ATC CTG CGT CCG GAA TCT TAC TGG TTT CAG GAC GTT GGT ACC GTT GCG TCT GTT GAC CAG TCT GGC ATC AAG TAC GAA GTT ATC GTT CGT TTC GAG AAA GTG AAC TAC TCT GGT ATC AAC GTG AAC AAC TTC GCG GAA GAC GAA CTG GTT GAA GTT GAA GCG,1.076806796946756
ATG GTT CAG CGT GGT TCT CTG GTT CGT ATC CTG CGT CCG GAA TCT TAC TGG TTC CAG GAC GTT GGT ACC GTT GCG TCT GTT GAC CAA TCC GGT ATC AAA TAC CCG GTT ATC GTG CGT TTC ACC AAA GTG AAC TAC TCT GGC ATC AAC ACC AAC AAC TTC GCG GAA GAC GAA CTG GTT GAA GTT GAA GCG,2.157324344989218
ATG GTT CAG CGT GGT TCT ATC GTG CGT ATC CTG CGT CCG GAA TCT TAC TGG TTC CAG GAC GTG GGT ACC GTT GCG TCT GTT GAC CAG TCT GGC ATC AAA TAC CCG GTG ATC GTT CGT TTC TTC AAG GTT AAC TAC TCT GGT ATC AAC ACC AAC AAC TTC GCG GAA GAC GAA CTG GTT GAG GTT GAA GCG,1.5616755058569989
ATG GTT CAG CGC GGT TCT AAA GTT CGT ATC CTG CGT CCG GAA TCT TAC TGG TTC CAG GAC GTT GGT ACC GTT GCG GCT GTT GAC CAG TCT GGT ATC AAA TAC CCG GTT ATC GTT CGT TTC GAG AAG GTT AAC TAC TCT GGC ATC AAC ACC AAC AAC TTC GCG GAA GAC GAA CTG GTT GAA GTT GAG GCT,2.0843765108789816
ATG GTT CAG CGC GGT TCT AAA GTT CGT ATC CTG CGT CCG GAA TCT TAC TGG TTC CAG GAC GTT GGT ACC GTT GCG TCT GTT GAC CAG TCT GGT ATC AAA TAC CCG GTG ATC GTT CGT TTC CGT AAA GTG AAC TAC TCT GGC ATC AAC ACC AAC AAC TTC GCG GAA GAC GAA CTG GTT GAA GTT GAA GCG,1.175054262757914
ATG GTT CAG CGT GGT TCT AAA GTT CGT ATC CTG TGG CCG GAA TCT TAC TGG TTC CAG GAC GTT GGT ACC GTT GCG TCT GTT GAC CAG TCT GGC ATC AAA TAC CCG GTT ATC GTT CGC TTC GAA AAA GTG AAC TAC TCC GGT ATC AAC ACC AAC AAC TTC GCG GAG GAC GTG CTG GTT GAA GTT GAA GCG,0.4242238552226791
ATG GTT CAG CGT GGT TCT AAA GTT CGT GTT CTG CGT CCG GAG TCT TAC GCT TTC CAG GAC GTT GGT ACC GTT GCG TCT GTT GAC CAG TCT GGC ATC AAA TAC CCG GTT ATC GTT CGC TTC GAG AAG GTG AAC TAC TCC GGT ATC AAC ACC AAC AAC TTT GCG GAA GAT GAA CTG GTT GAA GTT GAA GCG,-0.5430701127134757
ATG GTT CAG CGC GGT TCC AAA GTT CGT ATC CTG CGT CCG GAA TCT TAC TGG TTC CAG GAC GTT GGT ACC GTT GCG TCT GTT GAC CAG TCT GGC ATC AAG TAC CCG GTT ATC GTT CGT TTT GCT CCG GTT AAC TAC TCC GGT ATC AAT ACC AAC AAC TTC GCG GAA GAT GAA CTG GTT GAA GTT GAG GCT,0.2183089321126124
ATG GTT CAG CGT GGT TCT AAA GTT CGT ATC CTG CGT CCG GAA TCT TAC TGG TTC CAA GAC GTT GGT ACC GTT GCG TCT GTT GAC CAG TCT GGT ATC AAA TAC CCG GTT ATC GTT CGT TTC GAG AAG GTT AAC TAC TCT GGC ATC AAC ACC AAC AAC TTC GCG GAA ACC GAG CTG GTT GAA GTG GAA GCG,1.1717351198979118
ATG GTT CAG CGT GGT TCT AAA GTT CGT AAT CTG CGT CCG GAA TCT TAC GGT TTC CAG GAC GTT GGT ACC GTT GCG TCT GTT GAC CAG TCC GGC ATC AAA TAC CCG GTG ATC GTT CGT TTC GAG AAA GTG AAC TAC TCT GGT ATC AAC ACC AAC AAC TTC GCG GAA GAC GAA CTG GTT GAA GTT GAA GCG,-4.735571799424152
ATG GTT CAG CGC GGT TCT AAA GTT CGT ATC CTG CGT CCG GAA TCT TAC TGG TTC CAG GAC GTG GGT ACC GTT GCG TCT GTT CGT CAG CCG GGT ATC AAA TAT CCG GTG ATC GTT CGT TTC GAG AAA GTG AAC TAC TCT GGC ATC AAC ACC AAC AAC TTC GCG GAA GAC GAA CTG GTT GAA GTT GAA GCG,0.2468955731205456
ATG GTT CAG CGT GGC TCT AAG GTT CGT ATC CTG CGT CCG GAA TCT TAC TGG TTC CAG GAC GTT GGT ACC GTT GCG TCT GTT GAC CAA TCC GGC ATC AAA TAC CCG GTG ATC GTG CGT TTC GAG AAG GTG AAC TAC TCC GGT ATC AAC TTC AAC AAC TTC GCG GAA GAT GAA CTG GTT GAG GTT GAA GCG,2.4881201364513403
ATG GTT CAG CGT GGT TCT AAA GTT CGT ATC CTG CGT CCG GAA TCT TAC TGG TTT CAG GAC GTT GGT ACC GTG GCG TCT GTT TTC CAA GAC GGT ATC AAA TAC CCG GTT ATC GTT CGT TTC GAG AAG GTT AAC TAC TCT GGC ATC AAC ACC AAC AAC TTC GCG GAA GAC GAA CTG GTT GAG GTT GAA GCG,0.5960571490079821
ATG GTT CAG CGT GGT TCT AAA GTT CGT ATC CTG CGT CCG GAA TCT GGT TGG TTC CAG GAC GTT GGT ACC GTT GCG TCT GTT GAC CAG TCT GGT ATC AAA TAC CCG GTT ATT GTT CGC TTC GAA AAG GTT AAC TAC TCC GGC ATC AAC ACC AAC AAC TTC GCG GAA GAC GAA CTG GTT GAA GTT GAA GCG,-1.6879853332961845
ATG GTG CAA CGT GGC TCC AAG GTT CGT ATC CTG CGT CCG GAA TCT TAC TGG TTC CAG GAC GTT GGC ACC GTT GCG TCT GTT GAC CAG TCC GGC ATC AAA TAC ATG GTT ATC GTG CGT TTC GAG AAA GTG AAC TAC TCC GGT ATC AAC CCA AAC AAT TTC GCG GAA GAC GAA CTG GTT GAA GTT GAA GCG,2.8768281751476
ATG GTT CAG CGT GGC TCT AAA GTT CGT ATC CTG TAT CCG GAA TCT TAC TGG TTC CAG GAT GTT GGT ACC GTT GCG TCT GTT GAC CAG TCC GGT ATT AAG TAT CCA GTG ATC GTT CGC TTC GAA AAA GTG AAC TAC TCT GGT ATC AAC ACC AAC AAC TTC GCG GAA GAT ACC CTG GTG GAA GTG GAG GCG,-0.270130113297979
ATG GTT CAG CGT GGT TCC CTG GTT CGT ATC CTC CGT CCG GAA TCT TAC TGG TTC CAG GAC GTT GGT CTG GTG GCG TCC GTT GAC CAG TCT GGT ATC AAA TAC CCG GTT ATC GTT CGT TTT GAG AAG GTT AAC TAC TCT GGC ATC AAC ACC AAC AAC TTC GCG GAA GAC GAA CTG GTG GAA GTT GAA GCG,1.4148494458016658
ATG GTT CAG CGT GGC TCC AAA GTT CGT ATC CTG CGT CCG GAA TCT TAC TGG TTC CAG GAC GTG GGT ACC GTT GCG TCT GTT GAC CAG TCT GGC ATC AAA TAT CCG GTT ATC GTT CGT TTC GGT GTT GTT AAC TAC TCC GGT ATC AAT ACC AAC AAC TTC GCG GAA GAT GAG CTC GTG GAA GTT GAA GCG,0.8405491356219479
ATG GTT CAG CGT GGT TCT AAA GTT CGT GTT CTG CGT CCG GAA TCT TAC AAA TTC CAG GAC GTT GGT ACC GTT GCG TCT GTT GAC CAG TCT GGC ATC AAA TAC CCG GTG ATC GTG CGT TTT GAG AAG GTT AAC TAC TCT GGT ATC AAC ACC AAC AAC TTC GCG GAA GAC GAA CTG GTT GAA GTT GAG GCG,-2.730608307210736
ATG GTT CAG CGC GGC TCT AAA GTT CGC CAG CTG CGT CCG GAA TCT TAC TGC TTC CAG GAC GTT GGT ACC GTT GCG TCT GTT GAC CAG TCT GGC ATC AAA TAC CCG GTG ATC GTT CGC TTC GAA AAA GTG AAC TAC TCC GGT ATC AAC ACC AAC AAC TTC GCG GAA GAC GAA CTG GTT GAA GTT GAA GCG,0.4505571096632155
ATG GTT CAG CGC GGC TCT AAA GTT CGT ATT CTG CGT CCG GAA TCT TAC TGG TTC CAG GAT GTT GGT ACT GTT GCG TCT GTT GAC CAG TCT GGT ATC AAA TAC TTC GTG ATC GTT CGT TTC GAG AAG GTT AAC TAC TCT GGC ATC AAC GGT AAC AAC TTC GCG GAA GAC GAA CTC GTT GAA GTT GAA GCG,2.2870796228068286
ATG GTT CAG CGT GGT TCT AAA GTT CGT ATC CTG CGT CCG GAA TCT TAC TGG TTC CAG GAC GTT GGT ACC GTT GCG TCT GTT AAA CAG CTG GGT ATC AAA TAC CCG GTT ATC GTT CGC TTC GAA AAA GTG AAC TAC TCT GGC ATC AAC ACC AAC AAC TTC GCG GAA GAC GAA CTC GTG GAA GTT GAA GCG,0.3197915136517349
ATG GTT CAG CGC GGT TCT AAA GTT CGC ATC CTG TCT CCG GAA TCT TAT TGG TTC CAG GAC GTT GGT ACC GTT GCG TCT GTT GAC CAG TCT GGT ATC AAA TAC CCG GTT ATC GTG CGT TTC GAG AAA GTT AAT TAC TCT GGC ATC AAC ACC AAC AAT TTC GCG GAA GAC TGC CTG GTT GAA GTT GAA GCG,0.5700520826683968
ATG GTG CAG CGT GGC TCT AAC GTT CGT ATC CTG CGT CCG GAA TCT TAC TGG TTC CAG GAC GTT GGT CTG GTT GCT TCT GTT GAC CAG TCT GGT ATC AAA TAC CCG GTT ATC GTT CGC TTC GAA AAA GTT AAT TAC TCT GGC ATC AAC ACC AAC AAC TTC GCG GAA GAC GAA CTG GTT GAA GTT GAA GCG,0.2407134972461595
ATG GTT CAA CGT GGT TCT AAA GTT CGT ATC CTG CGT CCG GAA TCT TAC TGG TTT CAA GAC GTT GGT ACC GTT GCG TCT GTT GAC CAG TCT GGT ATC AAA TAC CCG GTT ATC GTT CGT TTC ACC ATC GTT AAC TAC TCT GGC ATC AAC ACC AAC AAC TTC GCG GAA GAC GAA CTC GTG GAA GTT GAA GCG,2.3477446071205144
ATG GTG CAG CGT GGT TCT AAA GTT CGT ATC CTG CGT CCG GAA TCT TAC TGG TTC CAG GAC GTT GGT ACC GTT GCG TCT GTT GAC CAG TCC GGT ATC AAG TAC ATC GTT ATC GTG CGC TTC GAA AAG GTG AAC TAC TCC GGC ATC AAC TCT AAC AAT TTC GCG GAA GAT GAA CTG GTT GAA GTT GAA GCG,1.92193505296998
ATG GTT CAG CGT GGT TCT AAA GTT CGT GTT CTG CGT CCG GAA TCT TAC TCT TTC CAG GAC GTT GGT ACC GTT GCG TCT GTT GAC CAG TCC GGT ATC AAA TAT CCG GTG ATC GTT CGT TTC GAG AAG GTT AAC TAC TCT GGC ATC AAC ACC AAC AAC TTC GCG GAA GAC GAA CTG GTT GAA GTT GAA GCG,0.0340584588903204
ATG GTT CAG CGT GGC TCC AAA GTT CGT ATC CTG CGT CCG GAA TCT TAC TGG TTC CAG GAC GTT GGT ACC GTT GCG TCT GTT GAC CAG TCT GGC ATC AAA TAC CCA GTT ATC GTT CGT TTC GAG AAG GTT AAC TAC TCC GGT ATC AAC ACC AAC AAT GTT GCG GAA GAC GAA GGC GTT GAA GTT GAA GCG,-1.3325674163035528
ATG GTT CAG CGT GGC TCT AAA GTT CGT ATT CTG CGT CCG GAA TCT TAT TGG TTC CAG GAC GTT GGT ACC GTT GCG TCT GTT GAC CAG TCT GGC ATC AAA TAC TCT GTG ATC GTT CGT TTC GAG AAG GTT AAC TAT TCC GGC ATC GTT ACC AAC AAC TTC GCG GAA GAC GAA CTG GTT GAA GTG GAA GCG,1.253433215499824
ATG GTT CAG CGC GGT TCT AAG GTG CGT ATC CTG CGT CCG GAA TCT TAC TGG TTT CAG GAC GTT GGT ACC GTT GCT TCC GTT GAC CAG TCT GGC ATC AAA TAC TTC GTG ATC GTG CGC TTC GAA AAG GTT AAC TAC TCT GGT ATC ATC ACC AAC AAC TTC GCG GAA GAC GAG CTG GTT GAA GTT GAA GCG,2.8941865008543832
ATG GTT CAG CGT GGT TCT AAA GTT CGT ATC CTG CGT CCG GAA TCT TAT TGG TTC CAG GAC GTT GGT ACC GTT GCG TCT GTT GAC CAG TCT GGT ATC AAA TAC CCG AAC ATC GTT CGC TTT GAG AAG GTT AAC TAC TCT GGC ATC AAC ACC AAC AAC TTC GCG GAA GAC GAA CTG GTT GAA GTT GAA GCG,-1.8011034995308073
ATG GTT CAG CGT GGT TCT AAA GTT CGT ATC CTG CGT CCG GAA TCT TAC TGG TTC CAG GAT GTT GGT ACC GTT GCG TCT GTT GAC CAG TCT GGT ATC AAA TAC CCG GTT ATC GTG CGC TTT GAA AAA GTG AAC TAT TCT GAC ATC AAC ACC AAC AAC TTC GCG GAA GAC GAA CTG GTT GAA GTT GAA GCG,0.0484453756692492
ATG GTT CAG CGT GGT TCT AAA GTT CGT CAG CTG CGT CCG GAA TCT TAC GCG TTC CAG GAC GTT GGT ACC GTT GCG TCT GTT GAC CAG TCT GGC ATC AAA TAC CCG GTT ATC GTT CGC TTC GAA AAG GTG AAC TAC TCT GGT ATC AAC ACC AAC AAC TTC GCG GAA GAC GAG CTG GTT GAA GTT GAA GCG,-0.5864899139745616
ATG GTT CAG CGT GGT TCT AAA GTT CGT ATC CTG CGT CCG GAA TCC TAC TGG TTC CAG GAC GTT GGT ACC GTT GCG TCT GTT GAT CAG TCT GGT ATC AAA TAC CCG GTT ATC GTT CGT TTC GAG AAG GTT AAC TAC TCT GGT TAC AAC ACC AAC AAC TTT GCG GAA GAC GAA CTG GTT GAA GTT GAG GCG,1.578584699966632
ATG GTT CAG CGT GGT TCT AAA GTT CGC ATC CTG CGT CCG GAA TCT TAC TGG TTC CAG GAC GTT GGT ACC GTT GCG TCT GTT GAC CAG TCT GGT ATC AAA TAC CCG GTT ATC GTT CGC TTC GAG AAA GTG AAC TAC TCT GTT ATC AAC ACC AAC AAC TTC GCT GAA GAC GAG CTG GTT GAA GTT GAA GCG,-0.3711516976425001
ATG GTT CAG CGT GGT TCT AAA GTT CGT ATC CTG CGT CCG GAA TCT TAC TGG TTC CAG GAT GTT GGT ACC GTT GCG TCT GTT GAC CAG TCT GGC ATC AAA TAC AAC GTT ATC GTT CGC TTC GAA AAG GTT AAC TAC TCT GGT ATC AAC CCG AAC AAC TTC GCG GAA GAC GAA CTG GTT GAA GTT GAA GCG,0.7382029229739226
ATG GTT CAG CGT GGT TCT AAC GTT CGT ATC CTG CGC CCA GAA TCT TAC TGG TTC CAG GAC GTT GGC ACC GTT GCG TCT GTT GAC CAG TCT GGT ATC AAA TAC CCG GTT ATC GTT CGT TTC CGT AAG GTG AAC TAC TCT GGC ATC AAC ACT AAC AAT TTC GCG GAA GAC GAA CTC GTT GAA GTT GAA GCG,0.4959514171974342
ATG GTT CAG CGC GGT TCC AAG GTT CGT ATC CTG CGT CCG GAA TCT TAC TGG TTC CAG GAC GTT GGT ACC GTT GCG TCT GTT ATC CAA TCC GGC ATC AAA TAC CCG GTT ATC GTT CGC TTC GAG AAA GTG AAC TAC TCT GGT ATC AAC ACC AAC AAC TTC GCG GAA GAC GAA CTG GTT GAG GTT GAA GCG,1.1830949534322794
ATG GTT CAG CGT GGT TCC GAA GTT CGT ATC CTG CGT CCG GAA TCT TAC TGG TTC CAG GAC GTT GGT ACC GTT GCT TCC GTT GAC CAG TCT GGT ATC AAA TAC CCG GTT ATC GTT CGC TTC GGT AAA GTG AAC TAC TCC GGC ATC AAC ACC AAT AAC TTC GCG GAA GAT GAA CTG GTT GAA GTT GAA GCG,0.4746430415331449
ATG GTT CAA CGT GGC TCC AAA GTT CGT ATC CTG TGC CCG GAA TCT TAC TGG TTC CAG GAC GTT GGT ACC GTT GCG TCT GTT GAC CAG TCT GGT ATC AAG TAC CCG GTT ATT GTG CGC TTC GAA AAA GTG AAC TAC TCC GGC ATC AAC ACC AAC AAC TTT GCG GAA GAC GTT CTG GTT GAA GTT GAA GCG,0.7781919535171975
ATG GTT CAG CGT GGT TCT CAG GTT CGT ATC CTG CGT CCG GAA TCT TAC TGG TTC CAA GAC GTT GGT ACC GTT GCG TCT GTT GAC CAG TCT GGT ATC AAG TAC CCG GTT ATC GTT CGT TTT TGG AAA GTG AAC TAC TCC GGC ATC AAC ACC AAC AAT TTC GCG GAA GAC GAA CTC GTT GAA GTT GAA GCG,0.8704751814179863
ATG GTG CAA CGC GGC TCT AAG GTG CGC CTC CTG CGT CCA GAA TCT TAC GAC TTT CAG GAC GTT GGT ACC GTT GCG TCT GTT GAT CAG TCC GGT ATC AAA TAT CCG GTT ATC GTG CGC TTC GAG AAG GTG AAC TAC TCT GGT ATT AAC ACC AAT AAC TTC GCG GAA GAC GAA CTG GTG GAA GTT GAA GCG,-0.3479733264770311
ATG GTT CAG CGT GGT TCT GTT GTT CGT ATC CTG CGT CCG GAA TCT TAC TGG TTC CAG GAC GTT GGT ACC GTT GCT TCC GTT GAC CAG TCC GGC ATC AAG TAC CCG GTG ATT GTG CGT TTT GTT AAG GTG AAC TAC TCT GGT ATC AAC ACC AAC AAC TTC GCG GAA GAC GAA CTG GTT GAA GTT GAA GCG,1.0743078388900558
ATG GTT CAG CGT GGC TCT AAA GTT CGT ATT CTG CGT CCG GAA TCT TAT TGG TTC CAG GAC GTT GGT ACC GTT GCG TCT GTT GAC CAG TCT GGC ATC AAA TAC CCG GTT ATC GTT CGT TTC GAG AAG GTT AAC TAC TCC GGT ATC AAC ACC AAC AAC ATC GCG GAA GAC GAA CCG GTG GAA GTT GAA GCG,-0.2352875501505609
ATG GTT CAG CGT GGT TCT AAA GTT CGT ATC CTG GGT CCG GAA TCC TAC TGG TTC CAG GAC GTT GGT ACC GTT GCG TCT GTT GAC CAG TCT GGT ATC AAA TAC CCG GTG ATC GTG CGC TTC GAA AAA GTG AAC TAC TCC GGT ATT AAC ACC AAC AAC TTT GCG GAA GAC CAA CTG GTT GAA GTT GAG GCT,-0.818905492719435
ATG GTT CAG CGT GGC TCT AAA GTT CGC ATC CTG CGT CCG GAA TCT TAC TGG TTC CAG GAC GTG GGT ACC GTT GCG TCT GTT GAC CAG TCT GGT ATC AAA TAC CCG GTG ATC GTT CGT TTC GAG AAA GTG AAC TAC TCC GGT ATT AAC ACC AAC AAC CAG GCT GAA GAC GAA CTG GTT GAA GTT GAA GCG,-2.068716523436244
ATG GTT CAG CGC GGT TCT AAA GTT CGT ATC CTG CGT CCG GAA TCT TAC TGG TTC CAG GAC GTT GGC ACC GTT GCT TCT GTT GAC CAG TCC GGC ATT AAG TAC CCG GTT ATC GTT CGT TTC TAC ACC GTT AAC TAC TCT GGC ATC AAC ACC AAC AAC TTC GCT GAA GAT GAG CTG GTT GAA GTT GAG GCG,1.6485515959712331
ATG GTT CAG CGT GGT TCT AAA GTT CGT ATC CTG CGT CCG GAA TCT TAC TGG TTC CAG GAC GTT GGT ACC GTT GCT TCT GTT GAC CAG TCC GGT ATC AAA TAC CCG GTT ATC GTT CGT TTT GAA AAG GTG AAC TAC TCT GGT ATT AAC ACC AAC GCT TTT GCG GAA GAC GAA CTG GTT GAA GTT GAA GCG,3.059028173903761
ATG GTG CAG CGT GGT TCC AAA GTG CGT CGC CTC CGT CCG GAA TCT TAC CTG TTC CAG GAC GTT GGT ACC GTT GCG TCT GTT GAC CAG TCT GGT ATC AAA TAC CCG GTT ATC GTG CGT TTC GAG AAA GTG AAC TAC TCT GGC ATC AAC ACC AAC AAC TTC GCG GAA GAC GAA CTG GTT GAA GTT GAA GCG,0.5367623381431572
ATG GTT CAG CGT GGT TCT AAA GTT CGT ATC CTG CGT CCG GAA TCT TAC TGG TTC TGG GAC GTT GGT ACC GTT GCG TCT GTT GAC CAG TCT GGT ATC AAA TAC CCG GTT ATC GTT CGT TTT GAA AAA GTG AAC TAC TCT GGC ATC AAC ACC AAC AAC TTC GCG GAA GAC GAA CTC GTG GAA GTT GAA GCG,1.660465116452808
ATG GTT CAG CGT GGC TCC AAA GTT CGT ATC CTG ATC CCG GAA TCT TAC TGG TTC CAG GAC GTT GGT ACC GTT GCG TCT GTT GAC CAG TCT GGC ATC AAA TAC CCG GTG ATC GTG CGT TTT GAG AAA GTG AAC TAC TCC GGT ATC AAT ACC AAC AAC TTC GCG GAA GAC TGC CTG GTT GAA GTT GAA GCG,1.0664042791957442
ATG GTT CAG CGT GGC TCC AAG GTT CGT ATC CTG CGT CCG GAA TCT TAC TGG TTC CAG GAC GTT GGT ACC GTT GCG TCT GTT GAC CAG TCC GGT ATC AAA TAC CCG GTT ATC GTT CGC TTC GAG AAA GTG AAC TAC TCT GGT ATT AAC ACC AAC AAC TGG GCG GAA GAC GAA CTG GTT GAA GTT GAA GCG,-0.2583448654909976
ATG GTT CAG CGC GGT TCT AAA GTT CGT ATC CTG CGT CCG GAA TCT TAC TGG TTC CAG GAC GTT GGT ACC GTT TAC TCT GTT GAC CAG TCT GGT ATC AAA TAC CCG GTT ATC GTG CGT TTC GAG AAA GTG AAC TAC TCT GGC ATC AAC ACC AAT AAC TTC GCG GAA GAC GAA CTG GTT GAA GTG GAA GCG,1.522723638175012
ATG GTT CAG CGT GGC TCT AAA GTT CGT ATC CTG CGT CCG GAA TCT TAC TGG TTC CAG GAC GTT GGT ACC GTT GCT TCT GTT GAC CAG TCT GGC ATC AAA TAC CCG GTT ATC GTT CGC TTC CAC GTT GTG AAC TAC TCT GGT ATT AAC ACC AAC AAC TTC GCG GAA GAC GAA CTG GTT GAA GTT GAA GCG,1.0237914352654935
ATG GTT CAG CGT GGT TCT AAA GTT CGT ATC CTG CGT CCG GAA TCT TAC TGG TTT CAG GAC GTT GGT ACC GTT GCG TCT GTT GAC CAG TCC GGC ATC AAA TAC CCG GTT ATC GTT CGT TTC ATG ATT GTG AAC TAC TCT GGC ATT AAC ACC AAC AAC TTC GCG GAA GAC GAA CTG GTT GAA GTT GAA GCG,1.924619097905846
ATG GTT CAG CGT GGT TCT AAA GTT CGT ATC CTG CGT CCG GAA TCT TAC TGG TTC CAG GAC GTT GGT ACC GTT GCT TCT GTT GAC CAG TCC GGC ATC AAG TAC CCG GTT ATC GTT CGT TTT GAA AAG GTG AAC TAC TCC GGT ATC AAC ACC AAC AAC GTG GCT GAA GAC GAA CTG GTT GAA GTT GAA GCG,-3.644284298558952
ATG GTT CAG CGT GGT TCT TCT GTT CGT ATT CTG CGT CCG GAA TCT TAC TGG TTC CAG GAC GTT GGT ATC GTT GCG TCT GTT GAC CAG TCT GGC ATC AAA TAC CCG GTT ATC GTT CGT TTC GAG AAG GTT AAC TAC TCC GGT ATC AAC ACC AAC AAC TTC GCG GAA GAC GAA CTG GTT GAA GTT GAA GCG,1.304478248211255
ATG GTT CAG CGT GGT TCT AAA GTT CGT ATC CTG CGT CCG GAA TCT TAT TGG TTC CTG GAC GTT GGT ACC GTT GCG TCT GTT GAC CAG TCT GGC ATC AAA TAC CCG GTT ATC GTT CGC TTC GAA AAG GTT AAC TAC TCC GGT ATC AAC ACC AAC AAC TTC GCG GAA GAC GAG CTG GTT GAG GTG GAA GCG,2.6317781563472336
ATG GTT CAG CGT GGT TCT GGT GTT CGT ATC CTG CGT CCG GAA TCT TAC TGG TTC CAG GAC GTT GGT ACC GTT GCG TCT GTT GAC CAA TCC GGC ATC AAG TAC CCG GTT ATC GTT CGC TTC TCC AAA GTG AAC TAC TCT GGT ATC AAC ACC AAC AAC TTC GCG GAG GAC GAA CTG GTT GAA GTT GAA GCG,-0.5223757364354505
ATG GTT CAG CGT GGC TCC AAA GTT CGT ATC CTG CGT CCG GAA TCT TAC TGG TTC CAA GAC GTT GGT ACC GTT GCG TCT GTT GAC CAG TCC GGC ATT AAG TAT ATG GTT ATC GTT CGT TTC GAG AAG GTT AAC TAC TCT GGC ATC AAC CGT AAC AAC TTC GCT GAG GAT GAG CTG GTT GAA GTG GAA GCG,1.8569197252963523
ATG GTT CAG CGT GGT GGT AAA GTT CGT ATC CTG CGT CCG GAA TCT TAC TGG TTC CAG GAC GTT GGT ACC GTT GCG TCT GTT GAC CAG TCT GGC ATC AAA TAC CCG GTT ATC GTT CGC TTC GAG AAG GTG AAC TAC TCT GGT ATC AAC ACC AAC AAC TTC GCG GAA GAC GAA CTG GTT GAA GTT GAA GCG,-0.0105035164957332
ATG GTT CAG CGT GGT TGC AAA GTT CGT ATC CTG CGT CCG GAA TCT TAC TGG TTC CAG GAT GTT GGT ACC GTT GCG TCT GTT GAC CAG TCT GGC ATC AAA TAC CCG GTT ATC GTT CGC TTC GAA AAG GTG AAC TAT TCT GGT ATC AAC ACC AAC AAC TTC GCG GAA GAC GAA CTG GTT GAA GTT GAA GCG,2.5526149242335228
ATG GTG CAG CGT GGT TCT AAA GTT CGT ATC CTG CGT CCG GAA TCT TAC TGG TTC CAG GAC GTT GGT ACC GTT GCG TCT GTG GAC CAG TCT GGT ATC AAA TAC CCG GTG ATC GTT CGT TTC GAG AAG GTT AAC TAC TCT GGC ATC AAC ACC AAC AAC GAC GCT GAA GAC GAA ATG GTT GAA GTT GAG GCT,-0.2242374661017542
ATG GTT CAG CGT GGT TCT AAA GTT CGT ATC CTG CGT CCG GAA TCT TAC TGG TTC CAG GAC GTT GGT ACC GTG GCG TGG GTT GAC CAG TCT GGT ATC AAA TAC CCG GTT ATC GTT CGC TTT GAA AAA GTG AAC TAC TCT GGC ATC AAC ACC AAC AAC TTC GCG GAA GAC GAA CTG GTT GAA GTT GAA GCG,2.7076262672952494
ATG GTT CAA CGC GGT TCC AAA GTT CGT ATC CTG CGT CCG GAA TCT TAC TGG TTC CAG GAC GTT GGT ACC GTT GCG TCT GTT GAC CAG TCT GGC ATC AAG TAC CCG GTT ATC GTT CGC TTC GAA AAA GTG AAC TAC TCC GGT ATC AAC ACC AAC TTC TTC GCG GAA GAC GAA CTG GTG GAA GTT GAA GCG,1.051553059218981
ATG GTT CAG CGT GGT TCT GGT GTT CGT ATC CTG CGT CCG GAA TCT TAC TGG TTC CAG GAC GTT GGT TTC GTT GCT TCT GTT GAC CAG TCT GGT ATC AAG TAC CCG GTT ATC GTT CGT TTC GAG AAA GTG AAC TAC TCC GGC ATC AAC ACC AAC AAC TTC GCG GAA GAC GAA CTG GTT GAA GTT GAA GCG,0.1524722265193709
ATG GTT CAG CGT GGC TCT AAA GTT CGT ATC CTG CGT CCG GAA TCT TAC TGG TTC CAG GAC GTT GGT ACC GTT GCG TCT GTT GAC CAG TCT GGC ATC AAA TAC CCG GTT ATC GTT CGC TTT AAC AAA GTG AAC TAC TCT GGT ATC AAC ACC AAC AAC TTC GCG GAG GAC GAA CTG GTT GAA GTT GAG GCT,1.3407120028527686
ATG GTT CAG CGT GGT TCT CCG GTT CGT ATC CTG CGT CCG GAA TCT TAC TGG TTC CAA GAC GTT GGT ACC GTT GCG TCT GTT GAC CAG TCT GGT ATT AAG TAC CCG GTT ATC GTT CGT TTC GAG AAG GTT AAC TAC TCC GGT ATC AAC ACC AAC AAC TTC GCG GAA GAC GAA CTG GTT GAA GTT GAA GCG,-0.8625604522511444
ATG GTT CAA CGT GGT TCC AAA GTT CGT ATC CTG GCT CCA GAA TCT TAC TGG TTT CAG GAC GTT GGT ACC GTT GCG TCT GTT GAC CAG TCT GGT ATC AAG TAC CCG GTT ATC GTG CGC TTC GAA AAA GTG AAC TAC TCC GGT ATT AAC ACC AAC AAC TTC GCG GAA GAT TGC CTG GTT GAA GTT GAA GCG,0.5730551912021675
ATG GTT CAG CGT GGT TCT AAA GTT CGT ATC CTG CGT CCG GAA TCT TAC TGG TTC CAG GAC GTT GGT ACC GTT GCG TCT GTT GAC GAA TCC GGC ATC AAA TAC CCG GTG ATC GTT CGC TTT GAG AAG GTT AAC TAC TCC GGT ATC AAC ACC AAC AAC TTC GCG GAA GAC GAA CTG GTT GAA GTT GAA GCG,1.5335573611906184
ATG GTT CAG CGC GGC TCT GTT GTT CGT ATC CTG CGC CCA GAA TCT TAC TGG TTT CAG GAC GTT GGT ACC GTT GCG TCT GTT GAC CAG TCT GGT ATC AAA TAC CCG GTG ATC GTT CGC TTC TCT AAA GTT AAT TAC TCC GGC ATC AAC ACC AAC AAC TTC GCG GAA GAC GAA CTG GTT GAA GTT GAA GCG,1.4344875347900974
ATG GTT CAG CGT GGT TCT AAA GTT CGT ATC CTG CGT CCG GAA TCT TAC TGG TTT CAG GAC GTT GGT ACC GTG GCG TCC GTT GAC CAG TCT GGC ATC AAA TAC CCG GTT ATC GTT CGC TTC GAA AAG GTG AAC TAC TCC GGT ATC AAC ACC AAC AAC AAC GCG GAA GAC GAA TCT GTT GAA GTT GAA GCG,-0.7243775143011256
ATG GTT CAG CGT GGT TCT TAC GTT CGT ATC CTG CGT CCG GAA TCT TAT TGG TTC CAG GAC GTT GGT TGG GTT GCG TCT GTT GAC CAG TCT GGT ATC AAA TAC CCG GTT ATC GTT CGC TTC GAA AAG GTT AAC TAC TCT GGC ATC AAC ACC AAC AAC TTC GCG GAA GAC GAA CTG GTT GAA GTT GAA GCG,1.30575872860486
ATG GTT CAG CGT ACC TCT AAA GTT CGT ATC CTG CGT CCG GAA TCT TAC TGG TTT CAG GAC GTT GGT ACC GTT GCG TCT GTT GAC CAG TCT GGT ATC AAA TAC CCA GTT ATC GTT CGT TTC GAG AAG GTT AAC TAC TCT GGC ATC AAC ACC AAC AAC TTC GCG GAA GAC GAA CTG GTT GAA GTT GAA GCG,-0.0900190547353057
ATG GTT CAG CGC GGC TCT AAA GTT CGT ATC CTG CGT CCG GAA TCT TAC TGG TTC CAA GAC GTT GGT ACC GTT GCG TCT GTT GAC CAG TCT GGT ATC AAA TAC CCG TGC ATC GTT CGC TTC GAA AAA GTT AAT TAC TCT GGC ATC AAC ACC AAC AAC TTC GCG GAA GAC GAA CTG GTT GAA GTT GAA GCG,0.1924257029506427
ATG GTT CAG CGC GGT TCT AAA GTT CGT ATC CTG CGT CCG GAA TCT TAC TGG TTC CAG GAC GTT GGC ACC GTT GCG TCT GTT GAA CAG GCG GGT ATC AAG TAC CCG GTT ATC GTT CGC TTC GAA AAG GTT AAC TAC TCT GGC ATC AAC ACC AAC AAC TTC GCG GAA GAC GAA CTG GTT GAG GTT GAA GCG,0.5945501652870727
ATG GTT CAG CGC GGT TCT AAA GTT CGT ATC CTG CGT CCG GAA TCT TAC TGG TTC CAA GAC GTT GGT ACC GTT GCG TCT GTT GAC CAG TCT GGT ATC AAA TAC CCG GTG ATC GTT CGT TTT GAG AAA GTG AAT TAC TCC GGC ATC AAC ACC AAT TGC TTC GCG GAA GAC GAA CTG GTT GAA GTT GAA GCG,2.746236167947705
ATG GTT CAG CGT GGC TCC AAA GTT CGT ATC CTG CGT CCG GAA TCT TAC TGG TTC CAG GAC GTT GGT ACC GTT GCG TCT GTT GAC CAG TCT GGT ATC AAG TAC CCG GTT ATC GTG CGT TTT GAA AAG GTT AAC TAC TCC GGT ATT AAC ACC AAC AAC ATG GCG GAA GAC GAA ATC GTT GAA GTG GAA GCG,-0.3623374502663062
ATG GTG CAA CGC GGC TCC AAA GTT CGT ATC CTG CGT CCG GAA TCT TAC TGG TTC CAA GAC GTT GGT ACC GTT GCG TCT GTT GAC CAG TCC GGT ATC AAG TAT CCG GTT ATC GTT CGT TTC GAG AAA GTT AAT TAC TCC GGC ATC AAC ACC AAC AAC TGC GCG GAA GAC GAA CAG GTT GAA GTT GAA GCG,0.638140673332495
ATG GTT CAG CGT GGT TCC AAG GTT CGT ATC CTG CGT CCG GAA TCT TAC TGG TTT CAA GAC GTT GGC ACC GTT GCG TCT GTT GTT CAG AAA GGC ATC AAA TAC CCG GTT ATC GTT CGT TTC GAG AAG GTG AAC TAC TCC GGT ATC AAT ACC AAC AAC TTC GCG GAA GAC GAA CTG GTT GAA GTT GAA GCG,0.2214891412752705
ATG GTT CAG CGT GGC TCT AAA GAC CGT ATC CTC CGC CCA GAG TCT TAC TGG TTC CAG GAC GTT GGT ACC GTT GCG TCC GTT GAC CAG TCT GGT ATC AAA TAC CCG GTT ATC GTT CGC TTT GAA AAG GTT AAT TAC TCT GGC ATC AAC ACC AAC AAC TTC GCG GAA GAC GAA CTG GTT GAA GTT GAA GCG,0.2613283550304091
ATG GTT CAG CGC GGC TCC GCT GTT CGT ATC CTG CGT CCG GAA TCT TAC TGG TTC CAG GAC GTT GGT ACC GTT GCG TCT GTT GAC CAG TCC GGC ATC AAA TAC CCG GTG ATC GTT CGC TTC ATC AAG GTT AAC TAC TCC GGT ATC AAC ACC AAC AAC TTC GCT GAA GAT GAA CTG GTT GAA GTT GAA GCG,0.9423108943409968
ATG GTT CAG CGT GGT TCT AAA GTT CGT ATC CTG CGT CCG GAA TCT TAC TGG TTC CAG GAC GTT GGT ACC GTG GCG TCT GTG GAC CAG TCT GGC ATC AAG TAC CCG GTT ATC GTT CGT TTC GAG AAA GTG AAC TAC TCC GGT ATC AAC ACC AAC AAC TTC GCG GAA GAC GAA CTG GTT GAA GTT CAC GCG,1.9060340373337257
ATG GTT CAG CGT GGT TCT AAA GTT CGT ATC CTG CGT CCG GAA TCT TAC TGG TTC CAG GAT GTT GGT ACC GTT GCG TCT GTT GAC CAG TCT GGT ATC AAA TAC CCG GTT ATC GTT CGT TTC GAG AAG GTT AAC TAC TCC GAG ATC AAC ACC AAC AAC TTC GCG GAA GAC GAA CTG GTT GAA GTT GAA GCG,-0.0171267646846793
ATG GTT CAG CGC GGT TCT AAA GTT CGT TTC CTG CGT CCG GAA TCT TAC GCG TTC CAG GAC GTT GGT ACC GTT GCG TCT GTT GAC CAG TCT GGC ATC AAA TAC CCG GTT ATC GTG CGT TTC GAG AAA GTG AAT TAC TCC GGT ATC AAC ACC AAC AAC TTC GCG GAA GAT GAA CTC GTT GAA GTT GAA GCG,-0.5842856492681716
ATG GTT CAG CGC GGC TCT AAA GTT CGT ATT CTG CGT CCG GAA TCT TAT TGG TTC CAG GAC GTG GGT ACC GTT GCG TCT GTT GAC CAG TCC GGC ATC AAG TAC CCA GTT ATC GTT CGT TTC GAG AAG GTG AAC TAC TCC GGT ATC AAC ACC AAC AAC CAG GCG GAA GAT GAA CAC GTT GAA GTT GAA GCG,-0.4561420972413442
ATG GTT CAG CGT GGC TCT AAA GTT CGT ATC CTG CGT CCG GAA TCT TAC TGG TTC CAG GAC GTT GGT ACC GTT GCG TCT GTT ACC CAG GTT GGT ATC AAA TAC CCG GTT ATC GTT CGT TTT GAA AAA GTG AAC TAC TCC GGT ATT AAC ACC AAC AAC TTC GCG GAG GAC GAA CTC GTT GAA GTT GAA GCG,0.0695741710022585
ATG GTT CAG CGT GGT TCT CCG GTT CGT ATC CTG CGT CCG GAA TCT TAC TGG TTC CAG GAC GTT GGT ATG GTT GCG TCT GTT GAT CAG TCT GGT ATC AAA TAC CCG GTT ATC GTT CGT TTC GAG AAA GTG AAC TAC TCC GGC ATC AAC ACC AAC AAC TTC GCG GAA GAC GAA CTG GTT GAA GTT GAA GCG,-0.2243661080223193
ATG GTT CAG CGC GGT TCT AAG GTT CGT ATC CTG TGC CCG GAA TCT TAC TGG TTC CAG GAC GTT GGT ACC GTT GCG TCT GTT GAC CAG TCC GGT ATC AAA TAC CCG GTT ATC GTG CGT TTT GAA AAA GTG AAC TAC TCT GGC ATC AAC ACC AAC AAC TTC GCG GAA GAC GCG CTG GTT GAA GTT GAA GCG,0.3848720403513664
ATG GTT CAG CGT GGC TCC AAA GTT CGT ATC CTG CGT CCG GAA TCT TAC TGG TTT CAG GAC GTT GGT ACC GTT GCG TCT GTT GAC CAG TCT GGC ATC AAG TAC AAC GTT ATC GTT CGT TTC GAG AAG GTT AAC TAC TCT GGT ATC ACC ACC AAC AAC TTC GCG GAA GAC GAA CTG GTT GAA GTT GAA GCG,1.3201427136592556
ATG GTT CAG CGT GGT TCT AAA GTT CGC ATC CTC CGT CCG GAA TCT TAC TGG TTC CAG GAC GTT GGC ACC GTT GCG ATC GTT GAC CAG TCT GGT ATC AAA TAC CCG GTG ATC GTT CGT TTC GAG AAA GTT AAT TAC TCC GGC ATC AAC ACC AAC AAC TTC GCT GAA GAC GAG CTG GTT GAA GTT GAA GCG,0.7559260094069107
ATG GTT CAG CGC GGT TCT AAG GTT CGT ATC CTG CGT CCG GAA TCT TAC TGG TTC CAG GAC GTG GGT ACC GTT GCG TCT GTT CAC CAA CGT GGC ATC AAA TAC CCG GTT ATC GTT CGT TTC GAG AAA GTG AAC TAC TCC GGT ATC AAC ACC AAC AAC TTC GCG GAA GAC GAA CTG GTT GAA GTT GAG GCG,0.067937722275416
ATG GTT CAG CGT GGT TCT AAA GTT CGT ATC CTG CGT CCG GAA TCT TAC TGG TTC CAG GAT GTT GGT ACC GTT GCG TCT GTT GAC CAG TCT GGC ATC AAA TAC AAG GTT ATC GTG CGT TTC GAG AAA GTT AAT TAC TCC GGT ATC AAA ACC AAC AAC TTC GCG GAA GAC GAA CTG GTT GAA GTT GAA GCG,1.341379011281692
ATG GTT CAG CGT GGC TCC CAG GTT CGT ATC CTG CGT CCG GAA TCT TAC TGG TTT CAG GAC GTT GGT ACC GTT GCG TCT GTT GAC CAG TCT GGC ATC AAA TAC CCG GTT ATC GTT CGT TTC AAC AAA GTG AAC TAC TCC GGT ATC AAC ACC AAC AAC TTC GCG GAA GAC GAA CTG GTT GAA GTT GAA GCG,0.96121427039804
ATG GTT CAG CGT GGT TCT AAA GTT CGT ATC CTG CGT CCG GAA TCT TAC TGG TTC CAG GAC GTT GGT ACC GTT TGG TCT GTT GAC CAG TCT GGC ATC AAA TAC CCG GTG ATC GTT CGT TTC GAG AAG GTG AAC TAC TCT GGT ATC AAC ACC AAC AAC TTC GCG GAA GAC GAA CTG GTT GAA GTT GAA GCG,1.602564587696952
ATG GTT CAG CGC GGT TCC AAA GTG CGT ATC CTC CGT CCG GAA TCT TAC TGG TTC CAG GAC GTT GGT ACC GTT GCG TCT GTT GAC CAG TCT GGT ATC AAA TAC CCG GTG ATC GTT CGT TTC GAG AAG GTT AAC TAC TCT GGC ATC AAC ACC AAC AAC AAA GCG GAA GAC GAG ATC GTT GAA GTT GAA GCG,-0.530954672250594
ATG GTT CAG CGT GGT TCC TTC GTT CGT ATC CTG CGT CCG GAA TCT TAC TGG TTC CAG GAC GTT GGT ACC GTT GCG TCT GTT GAC CAG TCC GGC ATC AAA TAC CCG GTT ATC GTT CGC TTC CGT AAG GTT AAC TAC TCC GGT ATC AAC ACC AAC AAC TTC GCG GAA GAT GAA CTG GTT GAA GTT GAG GCG,1.1826979266173852
ATG GTT CAG CGT GGT TCT AAA GTT CGT ATC CTG TGG CCG GAA TCT TAC TGG TTC CAG GAC GTT GGT ACC GTT GCG TCT GTT GAC CAG TCT GGT ATT AAG TAC CCG GTT ATC GTT CGT TTC GAG AAG GTT AAC TAC TCC GGT ATC AAC ACC AAC AAC TTC GCG GAA GAC CTG CTG GTT GAA GTT GAA GCG,0.4430083662508614
ATG GTT CAG CGT GGT TCT TCT GTT CGT ATC CTG CGT CCA GAA TCT TAC TGG TTC CAA GAC GTT GGT GAA GTT GCG TCC GTT GAC CAG TCC GGC ATC AAA TAC CCG GTT ATT GTG CGT TTT GAA AAG GTT AAC TAC TCC GGT ATC AAC ACC AAC AAC TTC GCG GAA GAC GAA CTG GTT GAG GTT GAA GCG,-0.1554700954623851
ATG GTT CAG CGT GGT TCT AAA GTT CGT ATC CTG CGT CCG GAA TCT TAC TGG TTT CAG GAC GTT GGT ACC GTT GCG TCT GTT GAC CAG TCT GGC ATC AAA TAC CCG GTT ATC GTT CGC TTC GAA AAG GTG AAC TAT TCT GGT ATC AAC ACC AAC AAC CCG GCT GAG GAT GAA ATC GTT GAA GTT GAA GCG,-0.3249509232229519
ATG GTT CAG CGT GGT TCC ACC GTT CGT ATC CTG CGT CCG GAA TCT TAC TGG TTT CAA GAC GTT GGT ACC GTT GCG TCT GTT GAC CAG TCT GGT ATC AAA TAC CCG GTT ATC GTT CGC TTC TTC AAA GTG AAC TAC TCT GGC ATC AAC ACC AAC AAT TTC GCG GAA GAC GAA CTG GTT GAA GTT GAA GCG,1.1861944336903352
ATG GTT CAG CGT GGC TCC AAA GTT CGT ATC CTG CGT CCG GAA TTC TAC TGG TTC CAG GAC GTT GGT ACC GTT GCG TCT GTT GAC CAG TCT GGC ATC AAA TAC CCG GTT ATC GTT CGT TTT GAA AAG GTT AAC TAC TCC GGT ATC AAC ACC AAC AAC TTC GCG GAA GAC GAA CTG GTT GAA GTT GAG GCT,0.3630159830975311
ATG GTT CAG CGC GGT TCT AAA GTT CGT ATC CTG CGT CGT GAA TCT TAC TGG TTC CAA GAC GTT GGT ACC GTT GCG TCT GTT GAC CAG TCC GGC ATC AAA TAC CCG GTT ATC GTT CGC TTC GAA AAA GTG AAC TAC TCC GGT ATT AAC ACC AAC AAC TTC GCG GAA GAC GAA CTG GTT GAA GTT GAA GCG,2.354920105596364
TTC GTT CAG CGT GGT TCT AAA GTT CGT ATC CTG CGT CCG GAA TCT TAT TGG TTC CAG GAC GTT GGT ACC GTT GCG TCT GTT GAC CAG TCT GGT ATC AAA TAC CCG GTT ATC GTT CGC TTC GAA AAA GTG AAC TAT TCT GGC ATC AAC ACC AAC AAC TTC GCT GAA GAC GAA CTG GTT GAA GTT GAA GCG,1.9697158708262816
ATG GTT CAG CGT GGT TCT AAA GTT CGT CCG CTG CGC CCA GAA TCT TAC TGG TTT CAG GAC GTT GGT ACC GTT GCG TCT GTT GAC CAG TCT GGC ATC AAA TAC CCG GTT ATC GTT CGT TTT GAG AAA GTG AAC TAC TCC GGT ATC AAC ACC AAC AAC TTC GCT GAA GAT GAA CTG GTT GAA GTT GAG GCT,-0.4824699754690968
ATG GTG CAG CGT GGT TCT AAA GTT CGT ATC CTG TGC CCG GAA TCT TAC TGG TTC CAG GAC GTT GGT ACC GTT GCG TCT GTT GAC CAG TCT GGC ATC AAG TAC CCG GTT ATC GTG CGC TTC GAA AAA GTG AAC TAC TCT GGT ATC AAC ACC AAC AAC TTC GCG GAG GAC ATC CTG GTG GAA GTG GAA GCG,0.857528820343628
ATG GTT CAG CGC GGT TCC AAA GTT CGT ATC CTG CGT CCG GAA TCT TAC TGG TTC CAG GAC GTT GGT ACC GTT GCG TCT GTT GAC CAG TCT GGC ATC AAA TAC GCG GTT ATC GTG CGC TTC GAG AAA GTG AAC TAC TCC GGT ATC AAC ACC AAT AAC TTC GCG GAA GAC GAA CTG GTG GAA GTT GAA GCG,1.2881100186876178
ATG GTT CAG CGT GGC TCT AAA GTG CGT ATC CTG CGT CCG GAA TCT TAC TGG TTT CAG GAC GTT GGT ACC GTT GCG TCT GTT GAC CAG TCC GGT ATC AAA TAC CCG GTT ATC GTT CGT TTT GAG AAA GTG AAC TAC TCT GGC ATC AAC ACC AAC AAC TTC GCT GAA GAC GAA GCG GTG GAA GTT GAG GCG,-0.894171914112277
ATG GTT CAG CGT GGT TCT AAA GTT CGT ATC CTG CGT CCG GAA TCT TAC TGG TTC CAG GAC GTT GGT ACC GTT GCG TCT GTT GAC CAG TCT GGC ATC AAA TAC CCG GTT ATC GTT CGT TTT GAA AAA GTG GTT TAC TCT GGT ATC AAC ACC AAC AAC TTC GCG GAA GAC GAG CTG GTT GAA GTT GAA GCG,0.5498854712628286
ATG GTT CAG CGT GGC TCT AAA GTT CGT ATC CTG CGT CCA GAA TCT TAC TGG TTC CAG GAC GTT GGT ACC GTT GCG TCT GTT GAC CAG TCT GGT ATC AAA TAC CCG GTT ATC GTT CGT TTT GAA TAC GTT AAC TAC TCT GGC ATC AAC ACC AAC AAC TTC GCT GAA GAC GAA CTG GTT GAA GTT GAG GCT,0.9046559704198792
ATG GTT CAG CGT GGC TCT ATT GTT CGT ATC CTG CGT CCG GAA TCT TAC TGG TTC CAG GAC GTT GGT ATC GTT GCG TCT GTT GAC CAG TCT GGC ATC AAA TAC CCA GTT ATC GTT CGT TTC GAG AAG GTT AAC TAC TCC GGT ATC AAC ACC AAC AAC TTC GCG GAA GAC GAA CTG GTT GAA GTT GAA GCG,2.1808471445133053
ATG GTT CAA CGT GGC TCT AAA GTT CGT ATC CTG CGT CCA GAA TCT TAC TGG TTC CAG GAC GTT GGT ACC GTT GCG TCT GTT GAC CAG TCT GGT ATC AAG TAC CCG GTT ATC GTT CGC TTT GAA AAG GTT AAC TAC TCT GGC ATC AAC ACC TTC AAT TTC GCG GAA GAC GAA CTG GTT GAA GTT GAA GCG,1.753605112346745
ATG GTT CAG CGC GGT TCT AAA GTT CGT ATC CTG CGT CCG GAA TCT TAC TGG TTC CAG GAC GTT GGT ACC GTT GCG TCT GTT GAC CAA TCT GGT ATC AAA TAT CCG GTG ATC GTG CGC ATG GAA AAG GTT AAC TAT TCT GGC ATC AAC ACC AAC AAC TTC GCG GAA GAC GAA CTG GTT GAA GTT GAA GCG,-1.8759498326654327
ATG GTT CAG CGT GGT TCT AAA GTT CGT ATC CTG CGT CCG GAA TCT TAC TGG CAG CAG GAC GTG GGT ACC GTT GCG TCT GTT GAC CAG TCT GGT ATC AAA TAC CCG GTT ATT GTT CGT TTC GAG AAG GTT AAC TAC TCC GGC ATC AAT ACC AAC AAC TTC GCG GAA GAC GAA CTG GTT GAA GTT GAA GCG,-0.4674358673971479
ATG GTT CAG CGT GGT TCT AAA GTT CGT ATC CTG CGT CCG GAA TCT TAC TGG TTC CAG GAC GTT GGT ACC GTT GCG TCT GTT GAC CAG TCT GGC ATC AAA TAC CCG GTT ATC GTG CGT TTC GAG AAA GTG AAC TAC TCT GGT ATC AAC ACC AAC AAC TTC GCG ATC GAC GAA CTG GTT GAA GTT GAA GCG,2.8311954282267653
ATG GTT CAG CGT GGT TCT AAA GTT CGT ATC CTG CGT CCG GAA TCT TAT TGG TTC CAG GAC GTT GGT ACT GTT GCG TCT GTT GAC CAG TCC GGC ATC AAG TAC TGC GTT ATC GTG CGT TTC GAG AAA GTG AAC TAC TCT GGT ATC AAC GGT AAC AAC TTC GCG GAA GAT GAA CTG GTG GAA GTT GAA GCG,1.890535979502152
ATG GTT CAA CGT GGC TCT CGT GTT CGT ATC CTG CGT CCG GAA TCT TAC TGG TTC CAG GAT GTT GGT GTT GTT GCG TCT GTT GAC CAG TCT GGT ATC AAA TAC CCG GTT ATC GTT CGT TTC GAG AAG GTT AAC TAC TCT GGC ATC AAT ACC AAT AAC TTC GCG GAA GAC GAA CTG GTT GAA GTT GAA GCG,2.297462026802973
ATG GTT CAG CGT GGT TCT AAA GTT CGT ATC CTG CCA CCA GAA TCT TAC TGG TTC CAG GAC GTT GGT ACC GTT GCG TCT GTT GAC CAG TCT GGC ATC AAA TAC CCG GTT ATC GTT CGT TTT GAA AAA GTG AAC TAC TCC GGT ATC AAC ACC AAC AAC TTC GCG GAA GAC GTT CTG GTT GAA GTT GAA GCG,-0.3117441452145983
ATG GTT CAG CGT GGT TCT CAG GTT CGT ATC CTG CGT CCG GAA TCT TAT TGG TTC CAG GAC GTT GGT ACC GTT GCG TCT GTT GAC CAG TCT GGC ATC AAA TAC CCG GTT ATC GTT CGC TTC CGT AAG GTT AAC TAC TCT GGT ATC AAC ACC AAC AAC TTC GCG GAA GAC GAA CTG GTT GAA GTT GAA GCG,0.8874498578696192
ATG GTT CAG CGT GGC TCC TCT GTT CGT ATC CTG CGT CCG GAA TCT TAC TGG TTC CAG GAC GTT GGC ACC GTT GCG TCT GTT GAT CAG TCT GGT ATC AAA TAC CCG GTG ATC GTT CGT TTT ATG AAA GTG AAC TAC TCC GGC ATC AAC ACC AAT AAC TTC GCG GAA GAC GAA CTG GTT GAA GTT GAA GCG,0.90599100479113
ATG GTT CAG CGT GGT TCT AAA GTT CGT ATC CTG CGT CCG GAA TCT TAT TGG TTC CAG GAC GTT GGT ACC GTT GCG TCT GTT GAC CAG TCT GGT ATC AAA TAC CCG GTT ATC GTT CGT TTC GAG AAG GTT AAC TAT TCC GGC ATC AAC ACC AAC AAC TTC GCG GAA CGT GAA CTG GTT GAA GTT GAA GCG,0.8406424440264784
ATG GTT CAG CGT GGT TCT AAA GTT CGT GAT CTG CGT CCG GAA TCT TAC TGG TTC CAA GAC GTT GGT ACC GTT GCG TCT GTT GAC CAG TCT GGT ATC AAG TAC CCG GTT ATC GTT CGT TTC GAG AAA GTG AAC TAC TCC GGT ATT AAC ACC AAC AAC TTC GCT GAA GAC GAA CTG GTT GAA GTT GAA GCG,-0.7243937984340119
ATG GTT CAG CGT GGC TCT ACC GTT CGT ATC CTG CGT CCG GAA TCT TAC TGG TTC CAG GAT GTT GGT ACC GTT GCG TCT GTT GAC CAG TCC GGC ATC AAA TAC CCG GTT ATC GTT CGC TTC GAC AAG GTT AAC TAC TCT GGT ATC AAC ACC AAC AAC TTC GCG GAA GAC GAA CTG GTT GAG GTT GAA GCG,1.264585658642648
ATG GTT CAG CGT GGT TCT AAA GTT CGT ATT CTG CGT CCA GAA TCT TAC TGG TTC CAG GAC GTT GGT CTG GTG GCG TCT GTT GAC CAG TCT GGT ATC AAA TAC CCG GTT ATT GTG CGT TTT GAA AAA GTG AAC TAC TCT GGC ATC AAT ACC AAC AAC TTC GCG GAG GAT GAA CTG GTT GAA GTT GAG GCT,0.7925402366526614
ATG GTT CAG CGT GGC TCT AAG GTT CGT ATC CTG CGT CCG GAA TCT TAC TGG TTC CAG GAC GTT GGT ACC GTT GCG TCT GTT GAC CAG TCT GGT ATC AAG TAC CCG GTT ATC GTT CGT TTC TAC TAC GTG AAC TAC TCC GGC ATC AAC ACC AAC AAC TTC GCG GAA GAC GAA CTG GTT GAA GTT GAA GCG,1.9436821144917065
ATG GTT CAG CGT GGT TCT AAA GTT CGT ATC CTG CGT CCG GAA TCT TAC TGG TTC CAA GAC GTT GGT ACC GTT GCG TCT GTT CGT CAG ATG GGT ATT AAG TAC CCA GTG ATC GTT CGT TTC GAG AAG GTT AAC TAC TCT GGT ATC AAC ACC AAC AAC TTC GCT GAA GAC GAA CTG GTT GAA GTT GAA GCG,0.3297859837428911
ATG GTT CAG CGT GGT TCT AAA GTT CGT ATC CTG CGT CCG GAA TCT TAC TGG TTC CAA GAC GTT GGT ACC GTT GCG TCT GTT GAC CAG TCT GGT ATC AAA TAT CCG GTG ATC GTG CGT TTC GAG AAA GTT TTC TAC TCT GGC ATC AAC ACC AAC AAC TTC GCG GAA GAC GAA CTG GTT GAA GTT GAA GCG,0.7286760768939357
ATG GTG CAG CGT GGT TCT AAA GTT CGT ATC CTG CGT CCG GAA TCT TAC TGG TTC CAG GAC GTT GGT ACC GTT GCG TCT GTT GAC CAG TCT GGC ATC AAA TAC CCG GTT ATC GTT CGC TTC GAA AAA GTG AAC TTC TCC GGT ATC AAC ACC AAC AAC TTC GCG GAA GAC GAA CTG GTT GAA GTT GAA GCG,2.097887428354576
ATG GTT CAG CGT GGT TCT AAA GTT CGT ATC CTG AAC CCG GAA TCT TAC TGG TTC CAG GAC GTT GGT ACC GTT GCG TCT GTT GAC CAG TCT GGT ATT AAG TAT CCG GTT ATC GTG CGC TTC GAA AAA GTG AAC TAC TCT GGC ATC AAC ACC AAC AAC TTC GCG GAA GAC GAA CTG GTT GAA GTT GAA GCG,1.275946886799943
ATG GTT CAG CGT GGT TCT AAA GTT CGT ATC CTG CGT CCG GAA TCT TAC TGG TTC CAG GAC GTT GGT ACC GTT GCG TCT GTT GAC CAG TCT GGT ATC GAC TAC CCA GTT ATC GTT CGT TTC GAG AAG GTT AAC TAC TCT GGC ATC AAC ACC AAC AAC TTC GCG GAA GAC GAA CTG GTT GAA GTT GAA GCG,1.4458613276878491
ATG GTT CAG CGT GGC TCT AAA GTT CGT ATC CTG CGT CCG GAA TCT TAC TGG TTT CAG GAC GTT GGT ACT GTT GCG TCT GTT GAC CAG TCC GGT ATC AAA TAC CTG GTG ATC GTT CGT TTC GAG AAA GTG AAC TAC TCT GGT ATC GGT ACC AAT AAC TTC GCG GAA GAC GAA CTG GTT GAA GTG GAG GCG,2.2858493825600905
ATG GTT CAG CGT GGC TCT AAA GTT CGT ACC CTG CGT CCG GAA TCT TAC CAG TTT CAG GAC GTT GGT ACC GTT GCG TCT GTT GAC CAG TCT GGC ATC AAA TAC CCG GTT ATC GTT CGC TTT GAA AAA GTG AAC TAC TCC GGT ATC AAC ACC AAC AAC TTC GCG GAA GAC GAA CTG GTT GAA GTT GAA GCG,-1.0373196903776147
ATG GTT CAG CGT GGC TCT AAA GTT CGT ATT CTG TTC CCG GAA TCT TAC TGG TTT CAG GAC GTT GGT ACC GTT GCG TCT GTT GAC CAG TCC GGT ATT AAG TAC CCG GTG ATC GTT CGC TTT GAA AAG GTT AAC TAC TCT GGT ATC AAC ACC AAC AAC TTC GCG GAA GAC CAC CTG GTT GAA GTT GAA GCG,0.2560189004148348
ATG GTT CAG CGT GGC TCT AAA GTT CGC TAC CTG CGT CCG GAA TCT TAC GCG TTC CAG GAC GTT GGT ACC GTT GCG TCT GTT GAC CAG TCT GGT ATC AAA TAC CCG GTT ATC GTT CGC TTC GAA AAG GTT AAC TAC TCC GGC ATC AAC ACT AAC AAC TTC GCG GAA GAC GAG CTG GTT GAA GTT GAA GCG,-0.3990471425157246
ATG GTT CAG CGT GGT TCT GGT GTT CGT ATC CTG CGT CCG GAA TCT TAC TGG TTT CAG GAC GTT GGT TAC GTT GCG TCT GTT GAC CAG TCT GGC ATC AAA TAC CCG GTT ATC GTT CGT TTC GAG AAG GTT AAC TAC TCC GGT ATC AAC ACC AAC AAC TTC GCG GAA GAC GAA CTG GTG GAA GTT GAA GCG,-0.399363038182559
ATG GTT CAG CGT GGT TCT TAC GTT CGT ATC CTG CGT CCA GAA TCT TAC TGG TTC CAG GAC GTT GGT AAC GTT GCG TCT GTT GAC CAG TCT GGT ATT AAG TAC CCG GTT ATC GTT CGT TTC GAG AAG GTT AAC TAC TCC GGT ATC AAC ACC AAC AAC TTC GCG GAA GAC GAG CTG GTT GAA GTT GAA GCG,-0.1170735524646058
ATG GTT CAG CGT GGC TCC AAA GTT CGT CGC CTG CGT CCA GAG TCT TAC TAC TTC CAG GAC GTT GGT ACC GTT GCT TCT GTT GAC CAG TCT GGC ATC AAA TAC CCG GTT ATC GTT CGC TTC GAA AAG GTG AAC TAC TCT GGT ATC AAC ACC AAC AAC TTC GCG GAA GAC GAG CTG GTT GAA GTT GAA GCG,-0.1449401030243026
ATG GTT CAG CGT GGT TCT AAA GTT CGT ATC CTG CGT CCG GAA TCT TAC TGG TTC CAA GAC GTT GGT ACC GTT GCG TCT GTT GAC CAG TCT GGC ATC AAA TAC CCG GTT ATC GTG CGT TTC GAG AAA GTG AAC TAT TCT GGT ATC AAC ACC AAC AAC TGC GCG GAA GAC GAA CTG GTT GAA GTT GAA GCG,0.2868226366193449
ATG GTT CAG CGT GGC TCT AAA GTG CGT ATC CTG CGT CCG GAA TCT TAC TGG TTC CAG GAC GTT ACC ACC GTT GCG TCT GTT GAC CAG TCC GGT ATC AAA TAC CCG GTT ATC GTT CGC TTC GAG AAA GTG AAC TAC TCC GGC ATT AAC ACC AAC AAC TTC GCG GAA GAC GAA CTG GTT GAA GTT GAA GCG,-0.0665957757078304
ATG GTT CAA CGC GGT TCT AAA GTT CGT ATT CTG CGT CCG GAA AAC TAC TGG TTC CAG GAC GTT GGT ACC GTT GCG TCT GTG GAC CAG TCT GGT ATC AAA TAC CCG GTT ATC GTT CGT TTC GAG AAA GTG AAC TAC TCC GGT ATT AAC ACC AAC AAC TTC GCT GAA GAC GAA CTG GTT GAA GTT GAA GCG,-0.5161291323583306
ATG GTT CAG CGC GGC TCC AAA GTT CGT ATC CTG CGT CCG GAA TCT TAC TGG TTC CAA GAC GTT GGT ACC GTT GCG TCT GTT GAC CAG TCT GGC ATC AAA TAC AAA GTG ATC GTT CGC TTC GAG AAA GTG AAC TAC TCT GGT ATC AAC TGG AAC AAC TTT GCG GAA GAC GAA CTG GTT GAA GTT GAA GCG,2.6642600940297503
ATG GTT CAG CGT GGT TCT AAC GTT CGT ATT CTC CGT CCG GAA TCT TAC TGG TTC CAG GAC GTT GGT ACC GTT GCG TCT GTT GAC CAG TCT GGC ATC AAA TAC CCG GTT ATC GTT CGC TTC ATT AAA GTG AAC TAC TCC GGT ATC AAC ACC AAC AAC TTC GCG GAA GAT GAA CTG GTT GAA GTT GAA GCG,0.8914479690135447
ATG GTT CAG CGT GGT TCT AAA GTT CGT ATT CTG CGT CCG GAA TCT TAC TGG TTT CAG GAC GTT GGT ACC GTT GCG TCT GTT GAC CAG TCT GGT ATC AAG GGT CCG GTT ATC GTT CGC TTC GAA AAA GTT AAT TAC TCT GGC ATC AAC ACC AAC AAC TTC GCG GAA GAC GAA CTG GTT GAA GTT GAA GCG,-0.1574704296572711
ATG GTT CAA CGT GGT TCT AAA GTT CGT ATC CTG CGT CCG GAA TCT TAC TGG TTT CAG GAC GTT GGT ACC GTT GCG TCT GTT GAC CAG TCT GGT ATC AAA TAC TCC GTG ATC GTT CGC TTC GAA AAG GTT AAC TAC TCC GGC ATC AAC CCG AAC AAC TTC GCG GAA GAT GAA CTG GTT GAA GTT GAA GCG,0.9211120236503476
ATG GTT CAG CGT GGT TCT AAA GTT CGT ATC CTG CGT CCG GAA TCT TAC TGG TTC CAA GAC GTT GGT ACC GTT GCG TCT GTT GAC CAG TCC GGC ATC AAA TAC CAC GTT ATC GTT CGC TTT GAA AAG GTT AAC TAC TCC GGT ATC AAA ACC AAC AAC TTC GCT GAA GAC GAA CTG GTT GAA GTT GAA GCG,1.322395977511026
ATG GTG CAG CGT GGT TCT AAA GTT CGT ATC CTG CGT CCG GAA TCT TAC TGG TTC CAG GAC GTT GGT ACC GTT GCG TCT GTG GAC CAG TCT GGC ATC AAA TAC CCG GTT ATC AAC CGT TTT GAG AAG GTG AAC TAC TCC GGT ATC AAC ACC AAC AAC TTC GCG GAA GAC GAA CTG GTT GAA GTT GAA GCG,-4.731781547184983
ATG GTG CAG CGT GGC TCC AAA GTT CGT ATC CTG CGT CCG GAA TCT TAC TGG TTC CAG GAC GTG GGC ACC GTT GCT TCT GTG GAC CAA TCT GGT ATC AAA TAC CCG GTT ATC GTG CGT TTC AAT TTC GTT AAC TAC TCC GGT ATT AAC ACC AAC AAC TTC GCG GAG GAC GAG CTG GTT GAG GTG GAA GCG,0.9264249321760712
ATG GTT TTC CGC GGT TCT AAA GTT CGT ATC CTG CGT CCA GAA TCT TAC TGG TTC CAG GAC GTT GGT ACC GTT GCG TCC GTT GAC CAG TCT GGT ATT AAG TAC CCG GTT ATC GTT CGT TTC GAG AAA GTG AAC TAC TCC GGT ATC AAC ACC AAC AAC TTC GCT GAA GAC GAA CTG GTT GAA GTT GAA GCG,0.4925209945774051
ATG GTT CAG CGT GGT TCC GCG GTT CGT ATC CTG CGT CCG GAA TCT TAC TGG TTC CAA GAC GTT GGT GGT GTT GCG TCT GTT GAC CAG TCT GGT ATC AAG TAC CCG GTT ATC GTT CGC TTC GAA AAA GTG AAC TAC TCT GGC ATC AAC ACT AAC AAC TTC GCG GAA GAC GAA CTG GTT GAA GTT GAA GCG,-0.5282357500924426
ATG GTT CAG CGC GGT TCT GGT GTT CGT ATC CTG CGT CCG GAA TCT TAC TGG TTC CAG GAC GTT GGT GGT GTG GCG TCT GTT GAC CAG TCT GGT ATT AAG TAC CCG GTT ATC GTT CGT TTC GAG AAG GTT AAC TAC TCC GGT ATC AAC ACC AAC AAC TTC GCG GAA GAC GAA CTG GTT GAA GTT GAA GCG,-0.9817171321936412
ATG GTG CAG CGT GGT TCC CAC GTT CGT ATC CTG CGT CCG GAA TCT TAC TGG TTC CAG GAC GTT GGT ACC GTT GCG TCT GTT GAC CAG TCT GGC ATT AAG TAC CCG GTT ATC GTG CGT TTC TTC AAA GTG AAC TAT TCC GGT ATC AAC ACC AAT AAC TTC GCG GAA GAC GAA CTG GTT GAA GTT GAA GCG,1.1212424034445232
ATG GTT CAG CGT GGT TCT AAA GTT CGT ATC CTG CTG CCG GAG TCT TAC TGG TTT CAG GAT GTT GGT ACC GTT GCG TCC GTT GAC CAG TCT GGC ATC AAA TAC CCG GTG ATC GTT CGC TTT GAA AAA GTG AAC TAC TCC GGT ATC AAC ACC AAC AAC TTC GCG GAA GAC CCG CTG GTT GAA GTT GAA GCG,-0.2964874997486061
ATG GTT CAG CGT GGT TCT AAA GTT CGT ATC CTG CGT CCG GAA TCT TAC TGG TTT CAG GAC GTT GGT ACC GTT GCG TCT GTT GAC CAG TCC GGC ATT AAG TAC TCT GTG ATC GTT CGT TTC GAG AAA GTG AAC TAC TCT GGC ATC AAC TCT AAC AAC TTC GCG GAA GAT GAA CTG GTT GAA GTT GAA GCG,1.4409314210218191
ATG GTT CAG CGT GGC TCT AAA GTT CGT ATC CTG CGT CCG GAA TCT TAC TGG TTC CAG GAC GTT GGT ACC GTG GCG TCT GTT GAC CAG TCC GGC ATC AAA TAC CCG GTT ATC GTT CGT TTC TGG GAT GTT AAC TAC TCC GGT ATC AAC ACC AAC AAC TTC GCG GAA GAT GAA CTG GTG GAA GTT GAA GCG,0.957586856596504
ATG GTT CAG CGT GGT TCT AAA GTT CGT ATC CTG CGT CCG GAA TCT TAC TGG TTC CAG GAC GTT GGT ACC GTT GCG TCT GTG GAC CAG TCT GGT ATC AAA TAC GAC GTT ATC GTT CGC TTC GAA AAG GTT AAC TAC TCC GGT ATC ATG ACC AAC AAC TTC GCG GAA GAC GAA CTG GTT GAA GTT GAA GCG,0.8471225763336403
ATG GTT CAA CGT GGT TCC TCT GTG CGT ATT CTG CGT CCG GAA TCT TAC TGG TTC CAA GAC GTT GGT ACC GTT GCG TCT GTT GAC CAG TCC GGT ATC AAA TAC CCG GTT ATC GTT CGT TTC GTT AAG GTT AAC TAC TCT GGC ATC AAC ACC AAC AAC TTT GCG GAA GAC GAA CTG GTT GAA GTT GAA GCG,0.97404317978876
ATG GTT CAG CGT GGT TCT GTT GTT CGT ATC CTG CGT CCG GAA TCT TAC TGG TTC CAG GAT GTT GGT ACC GTT GCG TCT GTT GAC CAG TCC GGT ATC AAG TAC CCA GTT ATC GTT CGC TTT ATC AAG GTT AAC TAC TCT GGC ATC AAC ACC AAC AAT TTT GCG GAA GAC GAA CTG GTT GAA GTT GAA GCG,1.4562948857419893
ATG GTT CAA CGC GGT TCT AAA GTT CGT ATC CTG CGT CCG GAA TCT TAC TGG TTC CAG GAC GTG GGT ACC GTT GCG TCT GTT TAC CAG TCT GGT ATC AAA TAT CCG GTT ATC GTT CGC TTT GAA AAA GTG AAC TAC TCC GGC ATC AAT ACC AAC AAC TTC GCG GAA GAC GAA CTG GTT GAA GTT GAA GCG,0.2321182562794346
ATG GTT CAG CGT GGT TCT AAA GTT CGT ATC CTG CGT CCG GAA TCT TAC TGG TTC CAG GAT GTT GGT ACC GTT GCG TCT GTT GAC CAG TCT GGC ATC AAA TAC CCG GTT ATC GTT CGT TTC GAG AAG GTT AAC TAC TCC GGT ATC AAC ACC AAC AAC TTC GCG GAA GAC GAA CTG GTT GAA CAG GAA GCG,0.1319042933149284
ATG GTT CAG CGT GGT TCT AAA GTT CGT ATC CTG CGT CCG GAA TCT TAC TGG TTT CAG GAC GTT GGT ACC GTT GCG TCT GTT GAC CAG TCC GGT ATT AAG TAC CCG GTT ATC GTG CGC TTC GAA AAG GTT AAC TAC TCT GGT ATC AAC ACC AAT AAC AAT GCG GAA GAC GAG CAG GTT GAG GTT GAA GCG,-0.6388166183485111
ATG GTT CAG CGT GGT TCT AAA GTT CGT ATC CTG CGT CCG GAA TCT TAC TGG TTC CAA GAC GTT GGT ACC GTT GCG TCT GTT GAC CAG TCT GGT ATC AAG TAC CCG GTT ATC GTT CGC TTC GAA AAA GTG AAC TAC TCT GGC ATC AAC ACC AAC AAC GGT GCG GAA GAC GAA CCG GTG GAA GTT GAA GCG,-0.7371644724186686
ATG GTT CAG CGT GGC TCT AAA GTT CGT ATC CTG CGT CCG GAA TCT TAC TGG TTC CAG GAC GTT GGT ACC GTT GCT TCT GTT GAC CAG TCT GGC ATC AAA TAC TTC GTT ATC GTG CGT TTT GAG AAG GTT AAC TAC TCT GGT ATC GTT ACC AAC AAC TTC GCT GAA GAC GAA CTG GTG GAA GTT GAA GCG,2.737532870110237
ATG GTT CAG CGT GGT TCC TAT GTT CGT ATC CTG CGT CCG GAA TCT TAC TGG TTC CAA GAC GTT GGT GCG GTT GCG TCT GTT GAC CAG TCT GGC ATC AAA TAC CCG GTT ATC GTT CGT TTT GAG AAA GTG AAC TAC TCC GGT ATC AAC ACC AAC AAC TTC GCG GAA GAC GAA CTG GTT GAA GTG GAG GCT,-0.2030358103598853
ATG GTT CAG CGT GGT TCC GGT GTT CGT ATC CTG CGT CCG GAA TCT TAC TGG TTC CAG GAC GTT GGT ACC GTT GCG TCT GTT GAC CAG TCT GGC ATC AAA TAC CCG GTT ATC GTT CGC TTC GAC AAA GTG AAC TAC TCT GGT ATT AAC ACC AAC AAC TTC GCG GAA GAC GAA CTG GTT GAA GTT GAA GCG,-0.291745411127287
ATG GTT CAA CGC GGT TCC AAA GTG CGT ATC CTG CGT CCG GAA TCT TAC TGG TTT CAG GAC GTT GGT ACC GTT GCG TCT GTT GAC CAG TCT GGC ATC AAA TAC CCG GTT ATC GTT CGC TTC GAA AAG GTG AAT TAC TCT GGT ATC AAC ACC AAC AAC TCC GCT GAA GAC GAG TGG GTT GAA GTG GAA GCG,-0.5507552693485117
ATG GTG CAG CGT GGT TCT CGT GTT CGT ATC CTG CGT CCG GAA TCT TAC TGG TTT CAG GAC GTT GGT ATC GTT GCG TCT GTT GAC CAG TCT GGT ATC AAA TAC CCG GTT ATC GTT CGT TTC GAG AAG GTT AAC TAC TCC GGT ATT AAC ACC AAC AAC TTC GCG GAA GAC GAA CTG GTT GAG GTT GAA GCG,2.248682116189552
ATG GTT CAG CGT GGC TCT CGT GTT CGT ATT CTG CGT CCG GAA TCT TAT TGG TTC CAG GAC GTT GGT ACC GTT GCG TCT GTT GAC CAG TCT GGT ATC AAA TAC CCG GTT ATC GTT CGT TTC CCG AAA GTG AAC TAC TCT GGC ATC AAT ACC AAC AAT TTT GCG GAA GAC GAA CTG GTT GAA GTT GAA GCG,0.5755090829900977
ATG GTT CAG CGT GGT AAC AAA GTT CGT ATC CTG CGT CCG GAA TCT TAC TGG TTC CAG GAC GTT GGT ACC GTT GCG TCT GTT GAT CAG TCT GGT ATC AAA TAC CCG GTG ATC GTT CGC TTC GAG AAG GTT AAC TAC TCC GGC ATC AAC ACC AAT AAC TTC GCG GAA GAC GAA CTG GTT GAA GTT GAA GCG,0.6006276149242757
ATG GTT CAG CGT GGT TCT AAA GTT CGT ATC CTG CGT CCG GAA TCT TAC TGG TTC CAG GAC GTT GGT ACC GTT GCG TCT GTT GAC CAG TCT GGT ATC AAA TAC CCG GTT ATC GTT CGT TTT GAA AAA GTG AAC TAC TCC GGC ATC AAC ACC AAC AAC TTC GCG GAA GAC GAA CTG GTT GAA GTG GAA GTT,1.871272530643596
ATG GTT CAG CGT GGC TCT AAA GTT CGT ATC CTG CGT CCG GAA TCT TAC TGG TTC CAG GAC GTT GGT ACC GTT GCG TCT GTT ATC CAG CTC GGT ATC AAA TAC CCG GTT ATC GTT CGT TTC GAG AAG GTT AAC TAC TCT GGC ATC AAC ACC AAC AAC TTC GCG GAA GAC GAA CTC GTT GAA GTG GAA GCG,0.9626467073977554
ATG GTT CAG CGC GGT TCT AAA GTT CGT ATC CTC CGT CCG GAA TCT TAC TGG TTC CAG GAC GTT GGT ACC GTT GCG TCC GTT GAC CAG TCC GGT ATT AAC TAT CCG GTT ATC GTT CGC TTC GAA AAG GTT AAC TAC TCT GGT ATC AAC ACC AAC AAC TTC GCT GAA GAC GAA CTG GTT GAA GTT GAA GCG,0.888288811658339
ATG GTT CAG CGC GGT TCT AAA GTT CGT ATC CTG CGT CCG GAA TCT TAC TGG TTC CAG GAC GTT GGT ACC GTT GCG TCT GTT GAC CAG TCT GGC ATC AAG TAT TTC GTT ATC GTT CGT TTC GAG AAA GTG AAC TAC TCC GGC ATT AAC TGG AAC AAC TTC GCG GAA GAC GAG CTG GTT GAA GTT GAA GCG,2.407320973536692
ATG GTT CAG CGT GGT TCT AAA GTT CGC ATC CTG CGC CCA GAA TCT TAC TGG TTC CAA GAC GTT GGT ACC GTT GCG TCT GTT GAC CAG TCC GGC ATC AAA TAC CCG GTT ATC GTG CGT TTT GAA AAA GTG AAC TAC TCC GGT ATC AAC ACC AAC AAC TTC GCG GAA GAC GAA CTG GTT AAA GTT GAA GCG,1.5211868122050856
ATG GTT CAG CGT GGC TCT AAA GTT CGT ATC CTG CGT CCG GAA TCT TAC TGG TTC CAG GAC GTT GGT ACC GTT GCG TCT GTT GAC CAG TCT GGT ATC AAA TAC CCG GTT ATC GTT CGT GAC GAA AAA GTG AAC TAC TCT GGC ATC AAC ACC AAC AAC TTC GCG GAA GAC GAA CTG GTT GAA GTT GAA GCG,-1.5140315639638295
ATG GTT CAA CGT GGC TCT AAA GTT CGT TGG CTG CGT CCG GAG TCT TAC TAC TTC CAG GAC GTT GGT ACT GTT GCG TCT GTT GAC CAG TCT GGT ATC AAG TAC CCG GTT ATC GTG CGC TTC GAA AAA GTT AAT TAC TCT GGC ATC AAC ACC AAC AAC TTC GCG GAG GAC GAG CTG GTT GAA GTT GAA GCG,0.7557519701103388
ATG GTT CAG CGT GGC TCT AAG GTT CGT ATC CTG CGT CCG GAA TCT TAC TGG TTC CAG GAC GTT GGT ACC GTT GCG TCT GTT GAT CAG TCC GGC ATC AAA TAC CGT GTT ATC GTT CGT TTT GAG AAG GTG AAC TAC TCT GGT ATC ATC ACC AAC AAC TTC GCG GAA GAT GAA CTG GTT GAA GTT GAA GCG,1.196200698250858
ATG GTT CAG CGT GGC TCT AAA GTT CGT ATC CTG CGT CCG GAA TCT TAC TGG TTC CAG GAC GTT GGT ACC GTT GCG TCT GTT ATG CAG ATC GGT ATC AAA TAC CCG GTT ATC GTT CGT TTC GAG AAG GTT AAC TAC TCT GGC ATC AAC ACC AAC AAC TTC GCG GAA GAC GAA CTG GTT GAA GTT GAA GCG,1.0995380446787937
ATG GTT CAG CGT GGC TCC AAA GTT CGT ATC CTG CGT CCA GAA TCT TAC TGG TTT CAG GAT GTT GGT ACC GTT GCT TCT GTT GAC CAG TCT GGC ATC AAA TAC CCG GTT ATC GTT CGC TTC GAG AAA GTG AAC TAC TCT GGT ATC AAC ACC AAC AAC AAA GCG GAA GAT GAA GCG GTT GAG GTT GAA GCG,-0.5036620121503832
ATG GTT CAG CGT GGT TCC CGC GTT CGT ATC CTG CGT CCG GAA TCT TAC TGG TTC CAG GAC GTT GGC ATG GTT GCG TCT GTT GAC CAG TCT GGT ATC AAA TAC CCG GTT ATC GTT CGT TTC GAG AAG GTT AAC TAC TCT GGC ATC AAC ACC AAC AAC TTC GCG GAA GAC GAA CTG GTT GAA GTG GAG GCT,1.0378689794740033
ATG GTG CAA CGC GGC TCC AAA GTT CGT ACC CTG CGT CCA GAA TCT TAC TCT TTC CAG GAC GTT GGT ACC GTT GCG TCT GTT GAC CAG TCC GGT ATC AAA TAC CCG GTT ATC GTT CGC TTC GAG AAA GTG AAT TAC TCC GGC ATT AAC ACT AAC AAC TTC GCT GAA GAC GAG CTG GTT GAA GTT GAA GCG,-0.8596190092924613
ATG GTG CAG CGT GGT TCT AAA GTT CGT ATC CTG GTG CCG GAG TCT TAC TGG TTC CAG GAC GTT GGT ACC GTG GCG TCT GTT GAC CAG TCT GGT ATC AAA TAC CCG GTT ATC GTG CGT TTC GAG AAG GTT AAC TAC TCT GGC ATC AAC ACC AAC AAC TTC GCG GAA GAC AAC CTG GTT GAA GTG GAA GCG,-0.1126925632419597
ATG GTT CAG CGT GGT TCT AAA GTT CGT ATC CTG CGT CCG GAA TCT TAT TGG TTC CAG GAC GTT GGT ACC GTT GCG TCT GTT GAC CAG TCT GGT ATC AAG TAC CCG GTT ATC GTT CGC TTC GAA AAA GTG AAC TAC TCT GGC ATC AAC ACC AAC AAC TTC TCT GAA GAC GAA CTG GTT GAA GTT GAA GCG,1.4760138415380952
ATG GTT CAA CGT GGT TCT AAA GTT CGT ATC CTG CGT CCA GAA TCT TAC TGG TTC CAG GAC GTT GGT ACC GTT GCG TCT GTT GAC CAG TCC GGT ATC AAG TAC GCG GTT ATC GTT CGC TTC GAA AAG GTG AAC TAC TCT GGT ATT CTC ACC AAC AAC TTC GCG GAA GAC GAA CTG GTT GAA GTT GAA GCG,1.5113443208966348
ATG GTT CAG CGT GGT TCT AAA GTT CGT ATC CTG CGT CCG GAA TCT TAT TGG TTC CAG GAC GTT GGT ACC GTT GCG TCT GTT GAC CAG TCT GGT ATC AAA TAC CCG GTT ATC GTT CGC TTC GTT AAA GTG AAC TAC TCT GGC ATC AAC ACC AAC AAC TTC GCG GAA GAC GAA CTG GTT GAA GTT GAA GCG,1.1642750015257368
ATG GTT CAG CGT GGT TCT AAA GTT CGT ATC CTG CGT CCG GAA TCT TAC TGG TTC CAG GAC GTT GGT ACC GTT GCG TCT GTT GAC CAG TCC GGT ATC AAA TAC GAC GTG ATC GTG CGT TTC GAG AAA GTG AAC TAC TCT GGC ATC AAC AAG AAC AAC TTC GCG GAA GAC GAA CTG GTT GAA GTT GAA GCG,0.4078784937257201
ATG GTT CAG CGT GGC TCT AAA GTT CGT ATC CTG CGT CCG GAA TCT TAC TGG TTC CAG GAC GTT GGT ACC GTT GCG TCT GTT TAC CAG GTT GGC ATC AAG TAC CCG GTT ATC GTG CGT TTC GAG AAG GTT AAC TAC TCT GGT ATC AAC ACC AAC AAC TTC GCG GAA GAC GAA CTG GTT GAA GTT GAA GCG,0.2147163305153639
ATG GTT CAG CGT GGT TCT AAA GTT CGT ATC CTG CGT CCG GAA TCT TAC TGG TTC CAG GAC GTT GGT ACC GTT GCG TCT GTT GAC CAG TCT GGC ATC AAA TAC CCG GTT ATC GTT CGC TTC GAA AAA GTG AAC TAC TCC GGT ATC AAC ACC AAC AAC TGC GCG GAA GAC GAG TTC GTG GAA GTT GAA GCG,0.8004753989545335
ATG GTT CAG CGT GGT TCC AAA GTT CGT ACC CTG CGT CCG GAA TCT TAC AAA TTC CAG GAC GTT GGT ACC GTT GCG TCT GTT GAC CAG TCC GGT ATC AAG TAC CCG GTT ATC GTT CGC TTC GAA AAA GTG AAC TAC TCT GGC ATC AAC ACC AAC AAC TTC GCT GAA GAC GAA CTG GTT GAA GTT GAA GCG,-1.6407918876096237
ATG GTT CAG CGT GGT TCT TGC GTT CGT ATC CTG CGT CCG GAA TCT TAC TGG TTC CAG GAC GTT GGT TGG GTT GCG TCT GTT GAC CAG TCC GGT ATC AAA TAC CCG GTG ATC GTT CGT TTC GAG AAA GTG AAC TAC TCT GGC ATC AAC ACC AAC AAC TTC GCG GAA GAC GAA CTG GTT GAA GTT GAA GCG,2.1494496759934583
ATG GTT CAG CGT GGT TCT AAA GTT CGT ATC CTG CGT CCG GAA TCT TAC TGG TTC CAG GAC GTT GGT ACT GTT GCG TCT GTT GAC CAG TCT GGC ATC AAA TAC CCG GTT ATC GTT CGT CGT GAA AAA GTG AAC TAC TCC GGT ATC AAC ACC AAC AAC TTC GCG GAA GAC GAA CTG GTT GAA GTT GAA GCG,-0.9135070027947084
ATG GTT CAG CGT GGT TCT AAA GTT CGC ATC CTG CGT CCA GAA TCT TAC TGG TTC CAG GAC GTT GGT ACC GTT GCG TCT GTT GAC CAG TCT GGT ATC AAA TAC CCG GTT ATC CCG CGT TTC GAG AAG GTT AAC TAC TCT GGC ATC AAC ACC AAC AAC TTC GCG GAA GAC GAA CTG GTT GAA GTG GAA GCG,-0.8465822035347599
ATG GTT CAG CGT GGT TCT AAA GTT CGT ATC CTG CGT CCG GAA TCT TAC TGG TTC CAG GAC GTT GGC ACC GTT GCG TCT GTT GAC CAG TCT GGC ATC AAA TAC CCG GTT ATC GTT CGT TTC CTG TGG GTT AAC TAC TCT GGT ATC AAC ACC AAC AAC TTC GCG GAA GAC GAA CTG GTT GAA GTT GAA GCG,2.4450002225029603
ATG GTT CAG CGT GGT TCT AAA GTT CGT ATC CTG CGT CCG GAA TCT TAC TGG TTC CAG GAC GTT GGT ACC GTT GCG TCT GTT GAC CAG TCT GGC ATC AAA TAC CCG GTG GAA GTG CGT TTC GAG AAG GTT AAC TAC TCC GGT ATC AAC ACC AAC AAC TTC GCG GAA GAC GAA CTG GTT GAA GTT GAG GCG,2.78040118167214
ATG GTT CAG CGT GGT TCT AAA GTG CGT ATC CTG CGT CCG GAA TCT TAC TGG TTC CAG GAC GTT GGC ACC GTT GCG TCT GTT GAC CAG TCT GGT ATC AAA TAC CCG GTT ATC GTT CGT TTC GAG AAA GTG AAC TAC TCT GGT CAG AAC ACC AAC AAC TTC GCG GAA GAC GAA CTG GTT GAA GTT GAG GCT,3.591976928806239
ATG GTT CAG CGC GGT TCT CCG GTT CGT ATC CTG CGT CCG GAA TCT TAC TGG TTC CAG GAC GTT GGT CAG GTT GCG TCT GTT GAC CAG TCT GGT ATC AAA TAC CCG GTT ATC GTG CGT TTC GAG AAA GTG AAC TAC TCT GGC ATC AAC ACC AAC AAC TTC GCG GAA GAC GAA CTG GTT GAG GTT GAA GCG,-1.147916722639758
ATG GTT CAG CGT GGC TCT AAA GTT CGT ATC CTG CGT CCG GAA TCT TAC TGG TTC CAG GAC GTT GGT ACC GTT GCG TCT GTT GAC CAG TCT GGT ATC AAA TAC CCG GTG ATC GTT CGT TTC GAG AAA GTG AAC TAC TCT GGC ATC AAC ACC AAC AAC AAA GCG GAA GAC GAA GGC GTT GAA GTT GAA GCG,-2.1698087081081363
ATG GTT CAG CGT GGC TCT AAA GTT CGT ATC CTG CGT CCG GAA TCT TAC TGG TTC CAG GAC GTT GAA ACC GTT GCG TCT GTT GAC CAG TCT GGC ATC AAA TAC CCG GTT ATC GTG CGT TTT GAA AAG GTG AAC TAC TCT GGT ATC AAC ACC AAC AAC TTC GCG GAA GAC GAA CTG GTT GAG GTT GAA GCG,-0.2085466568029688
ATG GTT CAG CGC GGT TCT AAA GTT CGT ATC CTG CGT CCG GAA TCT TAC TGG TTC CAG GAT GTT GGT ACC GTT GCG TCT GTT GAC CAG TCT GGC ATC AAG TAC AAA GTT ATC GTG CGC TTT GAG AAG GTG AAC TAC TCT GGT ATC AAC TCT AAC AAC TTC GCG GAG GAT GAA CTC GTT GAG GTT GAA GCG,1.4175994341703704
ATG GTT CAG CGT GGT TCT AAG GTT CGT ATC CTG CGT CCG GAA TCT TAC TGG TTC CAG GAC GTT GGT ACC GTT GCG TCT GTT GAC CAA TCT GGC ATT AAG TAC GGT GTG ATC GTG CGC TTC GAA AAG GTT AAC TAC TCT GGT ATT AAC CGC AAT AAC TTC GCG GAA GAC GAA CTG GTT GAA GTT GAG GCT,0.5152342029477297
ATG GTT CAG CGT GGT TCT AAA GTT CGT ATC CTG CGT CCG GAA TCT CAC TGG TTC CAA GAC GTT GGT ACC GTT GCG TCT GTT GAC CAG TCT GGT ATC AAG TAC CCG GTG ATC GTT CGT TTT GAA AAG GTT AAC TAC TCT GGC ATC AAC ACC AAC AAC TTC GCT GAA GAT GAA CTC GTT GAA GTT GAA GCG,0.3692267627958838
ATG GTT CAG CGT GGT TCT AAG GTT CGT ATT GAA CGC CCG GAA TCT TAT TGG TTC CAG GAC GTT GGT ACC GTT GCG TCT GTT GAC CAG TCT GGT ATC AAA TAC CCG GTT ATC GTT CGT TTC GAG AAG GTT AAC TAC TCT GGC ATC AAC ACC AAC AAC TTC GCG GAA GAC GAA CTG GTT GAA GTT GAA GCG,0.2954544478836503
ATG GTT CAG CGT GGC TCC AAA GTT CGT ATC CTG CGT CCG GAA TCT TAC TGG TTC CAG GAC GTG GGT ACC GTT GCG TCT GTT TGC CAG ATC GGC ATC AAA TAC CCG GTT ATC GTT CGT TTC GAG AAG GTT AAC TAC TCC GGT ATC AAC ACC AAC AAC TTC GCG GAA GAC GAA CTG GTT GAA GTT GAA GCG,1.4734133357601382
ATG GTT CAG CGT GGT TCT AAA GTT CGT ATC CTG CGT CCG GAA TCT TAC TGG TTC CAG GAT GTT GGT ACC GTT GCG TCT GTT GAC CAG TCT GGT ATC AAG TAC TTC GTT ATC GTT CGT TTC GAG AAG GTT AAC TAC TCT GGC ATC CAG ACC AAC AAC TTC GCG GAA GAC GAA CTG GTT GAA GTT GAA GCG,2.403777041774455
ATG GTT CAG CGT GGT TCC AAA GTT CGT ATC CTG CGT CCG GAA TCT TAC TGG TTT CAG GAC GTT GGT ACC GTT GCG TCT GTT GAC CAG TCT GGT ATC AAG TAC GTG GTT ATC GTG CGT TTC GAG AAA GTG AAC TAC TCT GGC ATT ACC ACC AAC AAC TTC GCG GAA GAC GAA CTG GTT GAA GTT GAA GCG,1.972299137911284
ATG GTT CAG CGC GGT TCT AAA GTG CGT ATC CTG CGT CCG GAA TCT TAC TGG TTC CAG GAC GTT GGT ACC GTT GCG TCT GTT GAC CAG TCC GGT ATT AAG TAC CCG GTT ATC GTT CGT TTC ATG TGG GTT AAC TAC TCT GGT ATC AAC ACC AAC AAC TTC GCG GAA GAT GAG CTC GTT GAA GTT GAG GCG,1.7216445405441725
ATG GTT CAG CGT GGT TCT AAA GTT CGT GTT CTG CGT CCG GAA TCT TAC TGG TTC CAG GAC GTT GGT ACC GTT GCG TCT GTG GAC CAG TCT GGC ATC AAA TAC CCG GTT ATT GTT CGT TTC GAG AAG GTT AAC TAC TCC GGT ATC AAC ACC AAC AAC TTC GCG GAG GAC GAA CTG GTT GAA GTT GAA GCG,2.006215652320352
ATG GTT CAG CGT GGT TCT AAA GTT CGT ATC CTG CGT CCG GAA TCT TAC TGG TTT CAG GAC GTT GGT ACC GTT GCG TCT GTT CAG CAG ATC GGT ATC AAA TAC CCG GTT ATC GTT CGT TTC GAG AAA GTG AAC TAC TCT GGC ATC AAC ACC AAC AAC TTT GCG GAA GAC GAA CTG GTT GAA GTT GAA GCG,0.4451702791737569
ATG GTT CAG CGC GGC TCT AAA GTT CGT ATC CTG CGC CCA GAA TCT TAC TGG TTC CAG GAC GTT GGT ACC GTT GCT TCT GTT GAC CAG TCC GGC ATC AAA TAC CCG GTT ATC GTT CGT TTC ACC GCT GTT AAC TAC TCC GGT ATC AAC ACC AAC AAC TTC GCG GAA GAC GAG CTG GTT GAA GTT GAA GCG,1.1866953298047318
ATG GTT CAG CGT GGT TCT TCT GTT CGT ATC CTG CGT CCG GAA TCT TAC TGG TTC CAG GAC GTT GGT ACC GTT GCG TCT GTT GAC CAG TCT GGC ATC AAA TAC CCG GTT ATC GTT CGT TTC ATC AAA GTG AAC TAC TCC GGT ATC AAC ACC AAC AAC TTC GCG GAA GAC GAA CTG GTT GAA GTT GAA GCG,1.1505419241486656
ATG GTT CAG CGT GGT TCT AAA GTT CGT ATC CTG CCA CCG GAA TCT TAC TGG TTC CAG GAC GTT GGT ACC GTT GCG TCT GTT GAC CAG TCT GGC ATC AAA TAC CCG GTT ATC GTT CGT TTT GAA AAA GTG AAC TAC TCC GGT ATC AAC ACC AAC AAC TTC GCG GAA GAC TAC CTG GTT GAA GTT GAA GCG,-1.0259549809368296
ATG GTT CAG CGT GGC TCT AAA GTT CGT ATC CTG CGT CCG GAA TCT TAC TGG TTT CAG GAC GTT GGT ACC GTT GCG TCT GTT TAC CAG GAC GGT ATT AAG TAC CCG GTT ATC GTG CGT TTC GAG AAA GTT AAT TAC TCC GGT ATC AAC ACC AAT AAC TTC GCG GAA GAC GAA CTG GTT GAA GTT GAA GCG,0.313823134529398
ATG GTT CAG CGT GGT TCT TTC GTG CGT ATC CTG CGT CCG GAA TCT TAC TGG TTC CAG GAC GTT GGT ATG GTT GCT TCT GTT GAC CAG TCT GGT ATC AAG TAC CCG GTT ATC GTT CGT TTC GAG AAG GTG AAC TAC TCC GGT ATT AAC ACC AAT AAC TTC GCG GAA GAC GAA CTG GTT GAA GTT GAA GCG,1.456198990773074
ATG GTT CAG CGC GGT TCC AAA GTT CGC ATC CTG CGC CCA GAA TCT TAT TGG TTC CAG GAC GTT GGT ACC GTT GCG TCT GTT GAC CAG TCC GGC ATT AAG TAC TGG GTT ATC GTT CGC TTC GAG AAA GTG AAC TAC TCC GGT ATC CGT ACT AAC AAC TTC GCG GAG GAC GAA CTC GTT GAA GTT GAA GCG,2.462140404436765
ATG GTT CAG CGT GGT TCT AAA GTT CGT ATC CTG CGT CCG GAA TCT TAT TGG TTC CAG GAC GTT GGC ACC GTT GCG TCT GTT GAC CAG TCC GGT ATC AAA TAC CGC GTT ATC GTT CGT TTC GAG AAA GTG AAC TAC TCT GGT ATC CGT ACC AAC AAC TTC GCG GAA GAC GAA CTG GTT GAA GTT GAG GCG,1.202125217697832
ATG GTT CAG CGT GGC TCC AAC GTT CGT ATC CTG CGT CCG GAA TCC TAC TGG TTC CAA GAC GTT GGT ACC GTT GCG TCT GTT GAC CAG TCT GGT ATC AAG TAC CCG GTT ATC GTT CGC TTC TCT AAA GTG AAC TAC TCT GGC ATC AAC ACC AAT AAC TTC GCG GAA GAC GAG CTG GTT GAA GTT GAA GCG,0.4068233360604691
ATG GTT CAG CGT GGT TCT AAA GTT CGT ATC CTG CGT CCG GAA TCT TAC TGG TTC CAG GAT GTT GGT ACC GTT GCG TCT GTT GAC CAG TCT GGC ATC AAA TAC GAC GTG ATC GTT CGC TTC GAG AAA GTG AAC TAC TCC GGT ATC AAC ACC AAC AAC TTC GCG GAA GAC GAA CTG GTT GAA GTT GAA GCG,0.5200708459242931
ATG GTT CAG CGT GGT TCT AAA GTT CGT ATC CTG CGT CCG GAA TCT TAC TGG TTC CAG GAC GTT GGT ACC GTT GCG TCT GTT GAC CAG TCC GGC ATC AAA ATC CCG GTT ATT GTT CGT TTC GAG AAA GTG AAC TAC TCC GGT ATC AAC ACC AAC AAC TTC GCT GAA GAC GAA CTG GTT GAA GTT GAA GCG,-0.6924429374751142
ATG GTT CAG CGT GGT TCT AAA GTT CGT ATC CTG CGT CCG GAA TCT TAC TGG TTC CAG GAC GTT GGT ACC GTT GCG TCT GTT GAT CAG TCT GGT ATC AAA TAC CCG GTT ATC GTT CGT TTC GAG AAG GTT AAC TAC TCT GGT CAC AAC ACC AAC AAC TTC GCG GAA GAC GAA CTG GTT GAA GTT GAA GCG,2.3927193225591505
ATG GTT CAG CGT GGC TCT AAA GTT CGC ATT CTG CGT CCG GAA TCT TAC TGG TTC CAG GAC GTT GGT ACT GTT GCT TCC GTG GAC CAG TCC GGT ATC AAG TAC AAA GTG ATC GTT CGT TTC GAG AAA GTG AAC TAC TCT GGC ATC AAC CGT AAC AAC TTC GCG GAG GAT GAA CTG GTT GAA GTT GAG GCT,1.0884439247233284
ATG GTT CAA CGT GGT TCT AAG GTT CGT ATC CTG CGT CCG GAA TCT TAC TGG TTC CAG GAC GTT GGT ACC GTG GCG TCT GTT GAC CAG TCT GGT ATC AAA TAC GTG GTG ATC GTT CGC TTC GAG AAG GTT AAC TAC TCC GGT ATT AAC GGT AAT AAC TTC GCG GAA GAC GAA CTG GTT GAA GTT GAA GCG,1.985102678663572
ATG GTG AAC CGT GGT TCT AAA GTT CGT ATC CTG CGT CCG GAA TCT TAC TGG TTC CAG GAC GTT GGT ACC GTT GCT TCT GTT GAC CAG TCT GGT ATT AAG TAC CCG GTT ATC GTT CGT TTC GAG AAG GTT AAC TAC TCC GGT ATC AAC ACC AAC AAC TTC GCG GAA GAC GAA CTG GTT GAA GTT GAG GCT,0.9611923453574274
ATG GTT CAG CGT GGT TCT AAA GTT CGT ATC CTG CGT CCG GAG TCT TAC TGG TTT CAG GAC GTT GGT ACC GTT GCG TCT GTT GAC CAG TCT GGT ATC AAA TAC CCG CAC ATC GTT CGT TTT GAG AAA GTG AAC TAC TCT GGC ATC AAC ACC AAC AAC TTC GCG GAA GAC GAA CTG GTT GAA GTT GAA GCG,-0.999210834478066
ATG GTT CAG CGC GGT TCT AAA GTT CGT ATC CTG CGT CCG GAA TCT TAC TGG TTC CAC GAC GTG GGT ACC GTT GCG TCT GTT GAC CAG TCC GGT ATC AAA TAC CCG GTT ATT GTT CGT TTC GAG AAA GTG AAC TAT TCT GGC ATC AAC ACC AAC AAC TTC GCG GAG GAC GAA CTG GTT GAA GTT GAG GCT,1.267243220056527
ATG GTT CAG CGT GGT TCC AAA GTT CGT ATC CTC CGT CCG GAA TCT TAC TGG TTT TGC GAC GTG GGT ACC GTT GCG TCT GTT GAC CAG TCC GGT ATC AAA TAC CCG GTG ATC GTG CGT TTC GAG AAA GTG AAC TAC TCT GGC ATC AAC ACC AAC AAC TTC GCG GAA GAC GAA CTG GTT GAA GTT GAA GCG,2.578334163236524
ATG GTT CAG CGT GGT TCT AAA GTT CGT ATC CTG CGT CCG GAA TCT TAC TGG TTC CAG GAC GTT GGT ACC GTT GCT TCT GTT GAC CAG TCC GGT ATC AAA TAC ACC GTG ATC GTT CGT TTC GAG AAG GTT AAC TAC TCT GGC ATC AAC GTG AAC AAC TTC GCG GAA GAC GAA CTG GTT GAA GTT GAA GCG,1.6438131003995615
ATG GTT CAG CGT GGT TCT AAA GTT CGT ATC CTG CGT CCG GAA TCT TAC TGG TTC CAG GAC GTT GGT ACC GTT GCG TCT GTT GAC CAG TCT GGT ATC AAA TAC AAA GTG ATC GTG CGC TTC GAA AAG GTT AAC TAC TCT GGC ATC CTG ACC AAC AAC TTC GCG GAA GAC GAA CTG GTT GAA GTT GAA GCG,1.4406530853487167
ATG GTT CAG CGT GGT TCT AAA GTG CGT ACC CTG CGT CCG GAA TCT TAC ATC TTC CAG GAC GTT GGT ACC GTT GCG TCT GTT GAC CAG TCT GGT ATC AAG TAC CCG GTT ATC GTG CGT TTC GAG AAG GTT AAC TAC TCT GGC ATC AAC ACC AAC AAC TTC GCG GAA GAC GAA CTG GTT GAA GTG GAA GCG,-0.843357920026153
ATG GTT CAG CGT GGT TCT AAA GTT CGT ATC CTG CAG CCG GAA TCT TAC TGG TTC CAG GAC GTT GGT ACC GTT GCG TCT GTT GAC CAG TCT GGT ATC AAA TAC CCG GTT ATC GTT CGT TTC GAG AAA GTG AAC TAC TCC GGC ATC AAC ACC AAT AAC TTC GCG GAA GAC AAC CTG GTT GAA GTT GAA GCG,-0.8402344781642368
ATG GTG CAG CGT GGT TCC AAA GTT CGT ATT CTG CGT CCG GAA TCT TAC TGG TTT CAA GAC GTT GGT ACC GTT GCG TCT GTT GAC CAG TCC GGC ATC AAG TAC ATC GTG ATC GTG CGC TTC GAA AAG GTT AAC TAC TCT GGC ATT AAC ATC AAT AAC TTC GCG GAA GAC GAA CTG GTT GAA GTT GAA GCG,2.309975225052563
ATG GTT CAG CGT GGT TCT AAA GTT CGT ATC CTG CGT CCG GAA TCT TAC TGG TTC CAG GAC GTG GGT ACC GTT GCG TCT GTT TTC CAG ACC GGT ATC AAG TAC CCG GTT ATC GTT CGT TTC GAG AAA GTG AAC TAC TCT GGC ATC AAC ACC AAC AAC TTC GCT GAA GAC GAA CTG GTT GAA GTT GAA GCG,0.5895479216295423
ATG GTT CAG CGT GGC TCC AAA GTT CGT ATC CTG CGT CCG GAA TCT TAC TGG TTC CAG GAC GTT GGT ACC GTT GCG TCT GTT ACC CAG TGC GGT ATC AAG TAC CCG GTT ATC GTT CGC TTC GAA AAG GTT AAC TAC TCT GGC ATC AAC ACC AAC AAC TTC GCG GAG GAC GAA CTC GTG GAA GTT GAA GCG,0.7737090822846646
ATG GTT CAG CGT GGT TCT AAC GTT CGT ATC CTG CGT CCG GAA TCT TAC TGG TTC CAG GAC GTG GGT ACT GTT GCG TCT GTT GAC CAG TCT GGC ATC AAA TAC CCG GTT ATC GTG CGT TTC TGC AAA GTG AAC TAC TCT GGT ATC AAC ACC AAC AAC TTC GCG GAA GAT GAA CTG GTT GAA GTT GAA GCG,1.2864896069673697
ATG GTT CAG CGT GGT TCT AAA GTT CGT ATC CTG CGT CCG GAA TCT TAC TGG TTC CAG GAC GTT GGT ACC CGT GCG TCT GTT GAC CAA TCT GGC ATC AAG TAC CCG GTT ATC GTT CGT TTC GAG AAG GTG AAT TAC TCT GGT ATC AAC ACC AAC AAC TTC GCG GAA GAC GAA CTG GTT GAA GTT GAA GCG,-3.790371929781098
ATG GTT CAG CGT GGT TCT CCG GTT CGT ATC CTG CGT CCG GAA TCT TAC TGG TTT CAG GAC GTT GGT ACC GTT GCG TCT GTT GAC CAG TCT GGT ATC AAG TAC CCG GTG ATC GTT CGT TTC GTG AAA GTT AAT TAC TCT GGC ATC AAC ACC AAC AAC TTC GCG GAA GAC GAA CTG GTT GAA GTT GAA GCG,1.0431826025023567
ATG GTT CAG CGT GGC TCT AAA GTT CGT ATC CTG TAC CCG GAA TCT TAC TGG TTC CAG GAC GTT GGT ACC GTT GCG TCT GTT GAC CAA TCT GGT ATC AAA TAC CCG GTG ATC GTG CGT TTC GAG AAA GTG AAC TAC TCC GGC ATC AAC ACC AAC AAT TTC GCG GAA GAC CAC CTG GTT GAA GTT GAA GCG,-0.3874830586073016
ATG GTT CAA CGC GGT TCC GAC GTT CGT ATC CTG CGT CCG GAA TCT TAC TGG TTC CAG GAT GTT GGT AAA GTT GCG TCT GTT GAC CAG TCT GGT ATC AAG TAC CCG GTT ATC GTT CGT TTC GAG AAA GTG AAC TAC TCT GGC ATC AAC ACC AAC AAC TTC GCT GAA GAC GAA CTG GTT GAA GTT GAA GCG,-2.506136810973028
ATG GTT CAG CGT GGT TCT AAA GTT CGT ATC CTG CGT CCG GAA TCT TAC TGG TTT CAG GAC GTT GGT ACC GTT GCG TCT GTT GAC CAG TCT GGT ATT AAG TAC CCG GTT ATC GTG CGT TTC TAC TCT GTT AAC TAC TCC GGT ATC AAC ACC AAC AAC TTC GCG GAA GAC GAA CTG GTT GAA GTT GAA GCG,1.42303992612406
ATG GTT CAG CGT GGT TCT AAA GTT CGT ATC CTG CGT CCG GAA TCT TAC TGG TTC CAG GAC GTT GGT ACC GTT GCG TCT GTT GAA CAG AAC GGC ATC AAG TAC CCG GTT ATC GTT CGT TTT GAG AAA GTG AAC TAC TCC GGT ATC AAC ACC AAC AAC TTC GCG GAA GAC GAA CTG GTT GAA GTT GAG GCT,0.6984087359394463
ATG GTT CAG CGC GGT TCT AAA GTG CGC ATC CTG CGT CCA GAA TCT TAC TGG TTT CAG GAC GTT GGT ACC GTT GCG TCT GTT GAC CAG TCC GGT ATT AAG TAC CCG GTG ATC GTT CGT TTC GAG AAA GTG AAC TAC TCT GGC ATC AAC ACC AAC AAC TAC GCT GAA GAC GAA GGT GTG GAA GTT GAA GCG,-0.1842662567578933
ATG GTT CAG CGT GGT TCT AAA GTT CGT ATC CTG CTG CCG GAA TCT TAC TGG TTC CAG GAC GTT GGT ACC GTT GCG TCT GTT GAC CAG TCT GGC ATC AAA TAC CCG GTG ATC GTT CGC TTC GAG AAG GTT AAC TAC TCC GGT ATC AAC ACC AAC AAC TTC GCG GAA GAC GTT CTG GTG GAA GTT GAA GCG,0.3100397343225027
ATG GTG CAG CGT GGC TCT AAA GTT CGT ATC CTG CGT CCG GAA TCT TAC TGG TTC CAG GAC GTT GGT ACC GTT GCG TCT GTT GCG CAG GTT GGT ATC AAG TAC CCG GTT ATC GTT CGT TTC GAG AAG GTT AAC TAC TCT GGC ATT AAC ACC AAC AAC TTC GCG GAA GAC GAA CTG GTT GAA GTT GAA GCG,0.3693227289278317
ATG GTT CAG CGT GGT TCT AAA GTT CGT ATC CTG CGT CCA GAA TCT TAC TGG TTC CAA GAC GTT GGT ACC GTT GCG TCC GTT GAC CAG TCC GGT ATC AAA TAC ATC GTG ATC GTG CGT TTC GAG AAA GTG AAC TAC TCT GGT ATC GAA ACC AAC AAC TTC GCT GAA GAC GAA CTG GTT GAA GTT GAA GCG,2.3460358575651616
ATG GTT CAG CGC GGC TCC AAG GTT CGT ATC CTG CGT CCG GAA TCT TAC TGG TTC CAG GAC GTT GGT ACC GTG GCG TCT GTT GAC CAA TCT GGT ATC AAG TAC ATC GTG ATC GTT CGT TTT GAA AAA GTG AAC TAC TCC GGC ATC AAC CCG AAC AAC TTC GCG GAA GAC GAA CTG GTT GAA GTT GAA GCG,2.2482764903617563
ATG GTT CAG CGT TGC TCT AAA GTT CGT ATC CTG CGT CCG GAA TCT TAC TGG TTT CAG GAC GTT GGT ACC GTT GCG TCT GTT GAC CAG TCT GGT ATC AAA TAC CCG GTT ATC GTT CGC TTT GAG AAG GTT AAC TAC TCT GGC ATC AAC ACC AAC AAC TTC GCG GAA GAC GAA CTG GTG GAA GTT GAA GCG,1.5708298001959629
ATG GTT CAG CGC GGC TCT TGG GTT CGT ATC CTG CGT CCG GAA TCT TAC TGG TTT CAG GAC GTT GGT ACC GTT GCG TCT GTT GAC CAG TCT GGC ATT AAG TAC CCA GTT ATC GTG CGC TTC ACC AAG GTT AAC TAC TCC GGT ATC AAC ACC AAC AAC TTC GCG GAA GAC GAA CTG GTT GAA GTT GAA GCG,1.339383201026182
ATG GTT CAG CGT GGC TCC AAA GTT CGT ATC CTG CGT CCG GAA TCT TAC TGG TTC CAG GAC GTT GGT ACC GTT GCG TCT GTT GAC CAG TCT GGT ATC AAG TAC AAG GTG ATC GTT CGC TTC GAG AAA GTG AAC TAC TCT GGC ATT AAC CAG AAC AAC TTC GCG GAA GAC GAA CTG GTT GAG GTT GAA GCG,1.6927501272288126
ATG GTT CAG CGT GGT TCT AAA GTT CGT ATC CTG CGT CCG GAA TCT TAC TGG TTC CAG GAC GTG GGC ACC GTT GCG TCT GTT GAC CAG TCT GGC ATC AAG TAC CCG GTG ATC GTG CGT TTC AAG TCC GTG AAC TAC TCT GGT ATC AAC ACC AAC AAC TTT GCG GAA GAC GAA CTG GTT GAA GTT GAA GCG,1.580920358935329
ATG GTG CAG CGT GGT TCT AAA GTT CGT ATC CTG CGT CCG GAA TCT TAC TGG TTC CAG GAC GTT GGT ACC GTT GCG TCT GTT GAC CAA TCT GGC ATC AAG TAC AAA GTG ATC GTT CGC TTC GAA AAG GTG AAC TAC TCT GGT ATC TCT ACC AAC AAC TTC GCG GAA GAC GAA CTG GTT GAA GTT GAG GCT,1.4340055681049086
ATG GTT CAG CGT GGT TCC TGG GTT CGT ATC CTG CGT CCG GAA TCT TAC TGG TTC CAG GAT GTT GGT ACC GTT GCG TCT GTT GAC CAG TCT GGT ATC AAG TAC CCG GTG ATC GTT CGT TTC ATC AAG GTT AAC TAC TCC GGC ATC AAC ACC AAC AAC TTC GCG GAA GAC GAA CTG GTT GAA GTT GAA GCG,1.1026420037464757
ATG GTT CAG CGT GGT TCT AAA GTT CGT ATC CTG CGT CCG GAA TCT TAC TGG TTC CAG GAT GTT GGT ACC GTT GCG TCT GTT GAC CAG TCC GGT ATC AAA TAC TGG GTG ATC GTT CGT TTC GAG AAA GTG AAC TAC TCT GGC ATC AAC GGC AAC AAC TTC GCG GAA GAC GAA CTC GTT GAA GTT GAA GCG,2.446755055805416
ATG GTT CAG CGT GGT TCT AAA GTT CGT ATC CTG CGT CCG GAA TCT TAC TGG TTC CAG GAC GTT GGC ACC GTT GCG TCT GTT TTC CAG TGG GGT ATC AAG TAC CCA GTG ATC GTG CGT TTC GAG AAA GTG AAC TAC TCC GGT ATT AAC ACC AAC AAC TTC GCG GAA GAC GAA CTG GTT GAA GTT GAA GCG,0.7626619869565422
ATG GTT CAG CGT GGT TCT AAA GTT CGT ATC CTG CGT CCG GAA TCT TAC TGG TTC CAA GAC GTT GGT ACC GTT GCG TCT GTT GAC CAG TCT GGC ATT AAG TAC CGT GTT ATC GTT CGT TTC GAG AAA GTG AAC TAC TCC GGC ATC AAC TTT AAC AAC TTC GCG GAA GAC GAA CTG GTT GAA GTT GAA GCG,2.181211375971464
ATG GTT CAG CGT GGT TCT AAA GTT CGT ATC CTG CGT CCG GAA TCT TAC TGG TTT CAG GAC GTT GGT ACC GTT GCG TCT GTT GAC CAG TCC GGT ATC AAG TAC TAC GTG ATC GTT CGT TTC GAG AAA GTG AAC TAC TCT GGT ATC GAG ACT AAC AAC TTC GCG GAG GAT GAA CTG GTT GAG GTT GAA GCG,1.9040513263022525
ATG GTT CAG CGT GGT ATG AAA GTT CGT ATC CTG CGT CCG GAA TCT TAC TGG TTC CAG GAC GTT GGT ACC GTT GCG TCT GTT GAC CAA TCT GGT ATC AAA TAC CCG GTT ATC GTG CGT TTT GAG AAA GTG AAC TAC TCT GGC ATC AAT ACC AAC AAC TTC GCT GAA GAC GAA CTG GTG GAA GTT GAA GCG,2.99318766289386
ATG GTT CAG CGC GGT TCC ACC GTT CGT ATC CTG CGT CCG GAA TCT TAC TGG TTT CAA GAC GTT GGT ACC GTT GCG TCT GTT GAC CAG TCT GGC ATC AAA TAC CCG GTT ATC GTG CGT TTC ATT AAG GTT AAC TAC TCC GGT ATC AAC ACC AAT AAC TTC GCG GAA GAC GAA CTG GTT GAA GTG GAA GCG,1.2523601509373563
ATG GTT CAG CGT GGT TCT AAA GTT CGT ATC CTG CGT CCG GAA TCT TAC TGG TTT CAG GAC GTT GGT ACT GTT GCG TCT GTT GAC CAG CAC GGC ATC AAA TAC CCG GTT ATC GTG CGT TTC GAG AAA GTG AAT TAC TCT GGT ATC AAC ACC AAC AAC TTC GCG GAG GAT GAA CTG GTT GAA GTG GAA GCG,0.6921486816524687
ATG GTT CAG CGT GGT TCT AAA GTT CGT ATC CTG CGT TCT GAA TCC TAC TGG TTC CAG GAC GTT GGT ACC GTG GCG TCT GTT GAC CAG TCT GGT ATC AAA TAC CCG GTT ATC GTT CGT TTT GAG AAA GTG AAC TAC TCT GGC ATC AAC ACC AAC AAC TTC GCG GAA GAC GAA CTG GTG GAA GTT GAG GCT,1.2556423723204726
ATG GTT CAG CGT GGT TCT AAA GTT CGT ATC CTG CGT CCG GAA TCT TAC TGG TTC CAG GAT GTT GGT ACC GTT GCG TCT GTT GAC CAG TCC GGT ATC AAG TAC CCG GTG ATC GTT CGT TTC TCT TCT GTT AAC TAC TCT GGC ATC AAC ACC AAC AAC TTC GCG GAA GAC GAA CTG GTT GAA GTT GAA GCG,1.795187651493361
ATG GTT CAG CGT GGC TCT GTT GTT CGT ATC CTG CGC CCA GAA TCT TAC TGG TTC CAG GAC GTT GGC GTG GTT GCG TCC GTT GAC CAG TCT GGT ATC AAA TAC CCG GTT ATC GTT CGT TTC GAG AAG GTG AAC TAC TCT GGC ATC AAC ACC AAC AAC TTC GCG GAA GAC GAA CTG GTT GAA GTT GAA GCG,2.1154561830961924
ATG GTT CAG CGC GGT TCC AAA GTT CGT ATC CTG CGT CCG GAA TCT TAC TGG TTC CAG GAC GTT GGT ACC GTT GCG TCT GTT GAC CAG TCT GGC ATC AAG TAC CCG GTT ATC GTT CGC TTC GAA AAA GTG AAC TAC TCC GGT ATC AAC ACC AAC AAC ATG GCG GAA GAC GAA AAC GTT GAA GTT GAA GCG,-0.2825247103504364
ATG GTT CAG CGT GGT TCT AAA GTT CGT ATC CTG CGT CCG GAA TCT TAT TGG TTC CAG GAC GTT GGT ACC GTT GCG TCT GTT GAC CAG TCT GGC ATC AAA TAC CCG GTT ATC GTT CGT TTT GAA AAG GTG AAC TAC TCT GGT ATC AAC ACC AAC AAC TTC GCG GAA GAC GAA CTG GTT GTT GTT GAA GCG,3.58903525804208
ATG GTT CAG CGT GGT TCT AAA GTT CGT ATC CTG CGT CCG GAA TCT TAC TGG TTC CAG GAC GTT GGT ACC GTG GCG TCT GTT GAC CAG TCT GGC ATC AAA TAC ACC GTT ATC GTT CGT TTC GAG AAG GTG AAC TAC TCT GGT ATC AAC TGG AAC AAC TTC GCG GAA GAC GAA CTG GTT GAA GTT GAA GCG,2.2533596599593864
ATG GTT CAG CGT GGT TCT AAA GTT CGT ATC CTG CGT CCG GAA TCT TAC TGG TTT CAG GAC GTT GGT ACC GTT GCG TCT GTT GAC CAG TCT GGC ATT AAG TAC CCG GTT ATC GTT CGT TTC AAC CAG GTT AAC TAC TCT GGT ATC AAC ACC AAC AAT TTC GCG GAA GAC GAA CTC GTT GAA GTG GAA GCG,0.8638233574986693
ATG GTT CAG CGT GGC TCC AAA GTT CGT ATC CTG CGT CCG GAG TCT TAC TGG TTT CAG GAC GTT GGT ACC GTT GCG TCT GTT GAC CAG TCT GGT ATC AAG TAC CGC GTT ATC GTG CGT TTC GAG AAA GTG AAC TAC TCC GGC ATC AAC CAC AAC AAC TTC GCG GAA GAC GAA CTC GTT GAA GTT GAA GCG,1.544894014271835
ATG GTT CAG CGT GGC TCT AAA GTT GAC ATC CTG CGT CCG GAA TCT TAC TGG TTC CAG GAC GTT GGT ACC GTG GCG TCT GTT GAC CAG TCC GGT ATT AAG TAC CCA GTT ATC GTG CGC TTC GAG AAA GTG AAC TAC TCT GGT ATC AAC ACC AAC AAC TTC GCG GAA GAC GAA CTG GTT GAA GTT GAG GCT,-1.126944162808996
ATG GTT CAG CGT GGT TCT AAA GTT CGT ATC CTG TGG CCG GAA TCC TAT TGG TTC CAA GAC GTT GGT ACC GTT GCG TCT GTT GAC CAG TCT GGT ATC AAG TAC CCG GTT ATC GTT CGT TTT GAA AAA GTG AAC TAC TCC GGC ATC AAC ACC AAC AAC TTC GCG GAA GAC CGT CTG GTT GAA GTT GAA GCG,-0.2519598134201311
ATG GTT CAG CGT GGT TCT AAG GTT CGT ATC CTG CGT CCG GAA TCT TAC TGG TTC CAG GAT GTT GGT ACC GTT GCG TCT GTT GAC CAG TCT GGC ATC AAG TAC CCG GTT ATC GTG CGT TTC GAG AAG GTT AAT TAC TCT GGT ATC AAC ACC AAC AAC GCG GCT GAA GAC GAA GGT GTG GAA GTT GAA GCG,-0.1281153029622215
ATG GTT CAG CGC GGT TCT AAA GTT CGT ATC CTC CGT CCG GAA TCT TAC TGG TTC CAG GAT GTG GGT ACC GTT GCG TCT GTT GAC CAG TCT GGC ATC AAA TAC TTC GTG ATC GTG CGC TTC GAA AAA GTG AAC TAT TCT GGT ATC TGC ACC AAC AAC TTC GCG GAA GAC GAA CTG GTT GAA GTT GAA GCG,2.437841586922998
ATG GTG CAG CGC GGT TCT AAA GTT CGT ATC CTG CGT CCG GAA TCT TAC TGG TTT CAG GAC GTT GGT ACC GTT GCG TCT GTG GAC CAG TCT GGC ATC AAA TAC GAC GTT ATC GTG CGC TTC GAA AAA GTG AAC TAC TCT GGT ATT AAC CTG AAC AAC TTC GCG GAA GAC GAA CTG GTT GAA GTT GAA GCG,0.8560135897338559
ATG GTT CAG CGT GGT TCT AAA GTT CGT ATC CTG CAG CCG GAA TCT TAC TGG TTC CAA GAC GTT GGT ACC GTT GCG TCT GTT GAC CAG TCT GGC ATC AAA TAC CCG GTT ATC GTT CGT TTC GAG AAG GTT AAC TAC TCC GGT ATC AAC ACC AAC AAT TTC GCG GAA GAC ATG CTG GTT GAG GTT GAA GCG,0.0791020346281995
ATG GTT CAG CGT GGC TCT AAA GTT CGT ATC CTG CGT CCG GAA TCT TAC TGG TTC CAG GAC GTT GGT ACC GTT GCG TCT GTT GAC CAG TCT GGT ATC AAA TAC CCG GTT ATC GTG CGT TTT GAA AAA GTG AAC TAT TCT GCG ATC AAC ACC AAC AAC TTC GCG GAA GAC GAA CTG GTT GAG GTT GAA GCG,0.0167629456277863
ATG GTG CAG CGT GGT TCT AAA GTT CGT ATC CTG CGT CCG GAA TCT TAC TGG TTC CAA GAC GTT GGT ACC GTT GCG TCT GTT GAC CAG TCT GGT ATC AAA TAC GCG GTT ATC GTT CGT TTC GAG AAA GTG AAC TAC TCT GGC ATC AAC ATC AAT AAC TTC GCG GAA GAC GAA CTG GTT GAA GTT GAA GCG,1.5784373073217064
ATG GTT CAG CGT GGT TCT AAA GTT CGT ATC CTG CGT CCG GAA TCT TAC TGG TTC CAG GAC GTT GGT ACC GTT GCG TCT GTT GAC CAG TCC GGT ATC AAA TAC CCG GTG ATC GTG CGC TTC GAA AAA GTG AAC TAC TCT GGC ATC AAC ACC AAC AAC CCG GCT GAA GAC GAA ATG GTT GAA GTT GAA GCG,-0.6886718170335543
ATG GTG CAG CGT GGC TCT AAA GTT CGT ATC TTC CGT CCG GAA TCT TAC TGG TTC CAA GAC GTT GGT ACC GTT GCG TCT GTT GAC CAG TCT GGC ATC AAA TAC CCG GTT ATC GTT CGT TTC GAG AAG GTT AAC TAC TCC GGT ATC AAC ACC AAC AAT TTC GCG GAA GAC GAA CTG GTT GAA GTT GAA GCG,0.0843647726798438
ATG GTT CAG CGT GGT TCT AAA GTT CGT ATC CTG CGT CCG GAA TCT TAC TGG TTC CAG GAC GTT GGT ACC GTT GCG TCT GTT TTC CAG TCT GGC ATC AAA TAC CCG GTT ATC GTT CGT TTC GAG AAG GTT AAC TAC TCC GGT ATC AAC ACC AAC AAC TTC GCG GAA GAC GAA CTC GTT GAA GTT GAA GCG,0.5154972797508202
ATG GTT CAG CGT GGT TCT AAA GTT CGT ATC CTG CGT CCG GAA TCT TAC TGG TTC CAG GAT GTT GGT ACC GTT GCG TCT GTT TGC CAG TAC GGC ATC AAA TAC CCG GTT ATC GTG CGT TTT GAA AAG GTT AAC TAC TCC GGT ATC AAC ACC AAC AAC TTC GCG GAA GAC GAA CTG GTT GAA GTT GAA GCG,1.3744102734733288
ATG GTT CAG CGT GGT TCT TGC GTT CGT ATC CTG CGT CCG GAA TCT TAC TGG TTT CAG GAC GTT GGT ACC GTT GCG TCT GTT GAC CAG TCT GGC ATC AAA TAC CCG GTT ATC GTT CGC TTC TGC AAA GTG AAC TAC TCC GGT ATC AAC ACT AAC AAC TTC GCG GAA GAC GAA CTG GTT GAA GTT GAA GCG,2.689090898127935
ATG GTT CAG CGT GGC TCT AAA GTT CGC AAA CTG CGT CCG GAA TCT TAC CGT TTT CAG GAC GTT GGT ACC GTT GCG TCT GTT GAC CAG TCC GGC ATT AAG TAT CCG GTT ATC GTG CGT TTC GAG AAG GTT AAC TAT TCT GGT ATC AAC ACC AAC AAC TTC GCG GAA GAC GAA CTG GTT GAA GTT GAA GCG,-4.822088269714787
ATG GTT CAG CGT GGT TCT AAA GTT CGT ATC CTG CGT CCG GAA TCT TAC TGG TTC CAG GAC GTT GGT ACC GTT GCG TCT GTT ACC CAG ATC GGT ATC AAA TAC CCG GTT ATC GTT CGT TTC GAG AAG GTT AAC TAC TCT GGC ATC AAC ACC AAC AAC TTC GCG GAA GAC GAG CTG GTT GAA GTT GAA GCG,0.1528225656484033
ATG GTG CAA CGC GGT TCT AAA GTT CGT ATC CTC GTT CCA GAA TCT TAC TGG TTC CAG GAC GTT GGT ACC GTT GCG TCT GTT GAC CAG TCT GGT ATC AAA TAC CCG GTT ATC GTT CGC TTC GAA AAA GTG AAC TAC TCT GGC ATC AAC ACC AAC AAT TTC GCG GAA GAC TGG CTG GTT GAA GTT GAG GCT,0.5425553901571742
ATG GTT CAG CGC GGT TCT AAA GTT CGT ATC CTC GCT CCG GAA TCT TAC TGG TTC CAG GAC GTT GGT ACC GTT GCG TCT GTT GAC CAG TCT GGT ATT AAG TAC CCG GTT ATC GTG CGT TTC GAG AAG GTT AAC TAC TCC GGT ATC AAC ACC AAC AAC TTC GCG GAA GAC TGG CTG GTT GAA GTT GAA GCG,0.2538368907375744
ATG TTC CAG CGT GGT TCC AAA GTT CGT ATC CTG CGT CCG GAA TCT TAC TGG TTT CAG GAC GTT GGT ACC GTT GCG TCT GTT GAC CAG TCC GGT ATT AAG TAC CCG GTG ATC GTT CGT TTC GAG AAG GTT AAC TAC TCT GGT ATC AAC ACC AAC AAC TTC GCT GAA GAC GAA CTG GTT GAA GTT GAA GCG,3.60672393201168
ATG GTT CAG CGT GGC TCT AAA GTT CGT ATC CTG CGT CCG GAA TCT TAC TGG TTT CAG GAC GTT GGT ACC GTT GCG TCT GTT GAC CAG TCT GGT ATC AAA TAC CCG GTT ATC GTT CGC TTC GAA AAA GTG AAC TAC TCC GGC ATC AAC ACC AAC AAC ACC GCG GAA GAC GAA AAC GTT GAA GTT GAA GCG,-0.5956848950171929
ATG GTT CAG CGT GGT TCT CGT GTT CGT ATC CTG CGT CCG GAA TCT TAC TGG TTC CAG GAC GTT GGT CGT GTT GCG TCT GTT GAC CAG TCT GGT ATC AAA TAC CCG GTT ATC GTT CGC TTT GAA AAG GTT AAC TAC TCT GGC ATC AAC ACC AAC AAC TTC GCG GAA GAC GAA CTG GTT GAA GTT GAG GCT,0.1954510277838292
ATG GTT CAG CGC GGT TCT GCG GTT CGT ATC CTG CGT CCG GAA TCT TAC TGG TTC CAG GAC GTT GGT CCG GTT GCT TCC GTT GAC CAG TCT GGC ATT AAG TAC CCG GTG ATC GTT CGC TTC GAA AAA GTG AAC TAC TCC GGT ATC AAC ACC AAC AAC TTC GCG GAA GAC GAA CTG GTT GAA GTT GAA GCG,-0.4799168276192196
ATG GTT CAG CGT GGT TCT GAA GTT CGT ATC CTG CGT CCG GAA TCT TAC TGG TTC CAG GAC GTT GGT TGC GTT GCG TCT GTT GAC CAG TCT GGT ATC AAA TAC CCG GTT ATC GTT CGT TTC GAG AAG GTG AAC TAC TCT GGC ATC AAC ACC AAC AAC TTC GCG GAA GAT GAA CTG GTT GAA GTT GAA GCG,0.8380010664141471
ATG GTT CAG CGT GGT TCC AAA GTT CGT ATC CTG CGT CCG GAA TCT TAC TGG TTT CAG GAC GTT GGT ACC GTT GCG TCT GTT GAC CAG TCT GGT ATC AAA TAC CCG GTG ATC GTT CGC TTC GAA AAA GTG AAC TAC TCC GGC ATC AAC GCT AAC AAC TTC GCG GAA GAC GAA CTG GTT GAA GTT GAA GCG,0.711589451150756
ATG GTT CAG CGT GGC TCT AAA GTT CGT ATC CTG CGT CCG GAA TCT TAC TGG TTC CAG GAC GTT GGT ACC GTT GCG TCT GTT GAC CAG TCC GGT ATC AAA TAC CCG GTT ATT GTT CGT TTC GAG AAA GTG AAC TAC TCC GGT CGT AAC ACC AAC AAC TTC GCG GAA GAC GAA CTG GTT GAA GTT GAG GCG,1.186339840949505
ATG GTT CAG CGT GGT TCT AAA GTT CGT ATC CTG CGT CCG GAA TCT TAC TGG TTC CAA GAC GTT GGT ACC GTT GCG TCT GTT GAC CAG TCT GGT ATT AAG TAC CCG GTT ATC GTT CGT TTC GAG AAG GTT AAC TAC ACC GGT ATC AAC ACC AAC AAC TTC GCG GAA GAC GAA CTG GTT GAA GTT GAA GCG,1.125440253110424
ATG GTT CAG CGC GGC TCT TGG GTT CGT ATC CTG CGT CCG GAA TCT TAC TGG TTC CAG GAC GTT GGT ACC GTT GCG TCT GTG GAT CAG TCT GGT ATT AAG TAC CCG GTT ATC GTG CGT TTC CCG AAA GTG AAC TAT TCC GGT ATC AAC ACC AAC AAC TTC GCG GAA GAC GAA CTG GTT GAA GTT GAG GCT,0.0314836352346705
ATG GTT CAG CGT GGT TCT AAA GTT CGT ATC CTG CGT CCG GAA TCT TAC TGG TTC CAG GAC GTT GGT ACC GTT GCG TCT GTT GAC CAG TCT GGT ATC AAA TAC CCG GTT ATC GTT CGC TTC GAA AAA GTG GAA TAC TCT GGC ATC AAC ACC AAC AAC TTC GCG GAA GAC GAA CTG GTT GAA GTT GAG GCT,0.1876464038111692
ATG GTT CAG CGT GGT TCT AAA GTT CGT ATC CTG CTG CCG GAA TCT TAC TGG TTC CAG GAC GTT GGT ACC GTG GCG TCT GTT GAC CAG TCT GGT ATC AAA TAC CCG GTT ATC GTT CGT TTT GAA AAG GTT AAC TAC TCC GGC ATC AAC ACC AAC AAC TTC GCG GAA GAC CAC CTG GTT GAA GTG GAA GCG,0.0156643748058344
ATG GTT CAG CGT GGT TCT AAA GTT CGT ATC CTG CGT CCG GAA TCT TAC TGG TTC CAA GAC GTT GGT ACC GTT GCG TCT GTT GAC CAG TCT GGT ATC AAA TAC CCG GTT ATC GTT CGT TTC GAA GCG GTT AAC TAC TCT GGC ATT AAC ACC AAC AAC TTC GCG GAA GAC GAA CTG GTT GAA GTT GAA GCG,0.6019501374939021
ATG GTT CAG CGT GGT TCT AAA GTG CGT ATC CTG CGT CCG GAA TCT TAC TGG TTC CAG GAC GTT GGT ACC GTT GCG TCT GTT GAC CAG TCT GGT ATC AAA TAC CCG GTT ATC GTT CGT TTC ATC TTC GTG AAC TAC TCT GGC ATC AAC ACC AAC AAC TTC GCG GAA GAT GAA CTG GTT GAA GTT GAA GCG,2.735359476212361
ATG GTT CAG CGT GGT TCT AAA GTT CGT ATC CTG CGT CCG GAA TCT TAC TGG TTC CAA GAC GTT GGT ACC GTT GCG TCT GTT GAC CAG TCC GGT ATC AAA TAT TGC GTT ATC GTT CGC TTC GAA AAA GTT AAT TAC TCT GGT ATC GGC ACC AAC AAC TTC GCG GAA GAT GAA CTG GTT GAA GTT GAA GCG,1.894698589161249
ATG GTT CAG CGT GGT TCT AAA GTT CGT ATC CTG CGT CCG GAA TCT TAC TGG TTC CAG GAT GTT GGT ACC GTT GCG TCT GTT GAC CAG TCC GGT ATC AAA TAC CCG GTT ATC GTT CGT TTC GAG AAA GTT AAT TAC TCT GGC ATC AAC ACC AAC AAC AAA GCG GAA GAC GAA TGC GTT GAG GTT GAA GCG,0.1985422058597955
ATG GTT CAG CGC GGC TCT AAA GTT CGT ATC CTG CGT CCG GAA TCT TAC TGG TTC CAA GAC GTT GGT ACC GTT GCG TCT GTT GAC CAG TCT GGT ATC AAG TAC GAA GTG ATC GTT CGT TTC GAG AAG GTT AAC TAC TCC GGT ATC CTC ACC AAC AAC TTC GCG GAA GAC GAA CTG GTT GAA GTT GAA GCG,0.986021024954415
ATG GTT CAG CGT GGT TCT AAA GTT CGT ATC CTG CGT CCG GAA TCT TAC TGG TTC CAG GAT GTT GGT ACC GTT GCG TCT GTT GAC CAG TCT GGT ATC AAA TAC CCG GTT ATC CAG CGT TTT GAA AAG GTT AAC TAC TCT GGC ATC AAC ACC AAC AAC TTC GCG GAA GAC GAA CTG GTT GAA GTT GAA GCG,-4.942087534504188
ATG GTT CAG CGT GGT TCT AAA GTT CGT ATC CTG CTG CCG GAA TCT TAC TGG TTC CAG GAC GTT GGT ACC GTT GCG TCC GTT GAC CAG TCT GGC ATC AAA TAC CCG GTT ATC GTT CGT TTC GAG AAA GTG AAC TAC TCC GGT ATC AAC ACC AAC AAC TTC GCG GAA GAC ATC CTG GTT GAA GTT GAA GCG,0.7838081661529763
ATG GTT CAG CGT GGT TCT AAA GTT CGT ATC CTG CGT CCG GAA TCT TAC TGG TTT CAG GAC GTT GGT ACC GTT GCG TCT GTT GAC CAG TCT GGC ATC AAG TAC GAC GTT ATC GTG CGT TTC GAG AAA GTG AAC TAC TCT GGT ATC AAC GAA AAC AAC TTC GCG GAA GAC GAA CTG GTT GAA GTT GAA GCG,1.0540507211754542
ATG GTT CAG CGT GGC TCT AAA GTT CGT ATC CTG CTG CCA GAA TCT TAT TGG TTC CAG GAC GTT GGT ACC GTT GCT TCT GTT GAC CAG TCT GGT ATC AAA TAC CCG GTT ATC GTT CGT TTC GAG AAA GTG AAC TAC TCT GGC ATC AAC ACC AAC AAC TTC GCG GAA GAC CTC CTG GTT GAA GTT GAA GCG,0.3099476622937774
ATG GTT CAG CGC GGT TCT AAA GTT CGT ATC CTG CGT CCG GAA TCT TAC TGG TTC CAG GAC GTT GGT ACC GTT GCG TCT GTT TTC CAG ATG GGC ATC AAG TAC CCG GTT ATC GTT CGT TTC GAG AAG GTG AAC TAC TCT GGT ATC AAC ACC AAC AAC TTC GCG GAA GAC GAA CTG GTT GAG GTT GAA GCG,0.4636190184572362
ATG GTT CAG CGT GGT TCT GCG GTT CGT ATC CTG CGT CCG GAA TCT TAC TGG TTC CAG GAC GTT GGT ACC GTT GCG TCT GTT GAC CAG TCT GGC ATC AAA TAC CCG GTT ATC GTT CGT TTC TGC AAG GTT AAC TAC TCC GGT ATC AAC ACC AAC AAC TTC GCG GAA GAC GAA CTG GTT GAA GTT GAA GCG,1.6653044959364145
ATG GTT CAG CGT GGT TCT AAA GTT CGT ATC CTG CGT CCG GAA TCT TAC TGG TTC CAG GAT GTT GGT ACC GTT GCG TCT GTT GAC CAG TCT GGT ATC AAA TAC ACC GTG ATC GTT CGC TTC GAA AAG GTT AAC TAC TCC GGT ATC GAA ACC AAC AAC TTC GCG GAA GAC GAA CTG GTT GAA GTT GAA GCG,1.4400306033158847
ATG GTT CAG CGT GGC TCT GCG GTT CGT ATC CTG CGT CCG GAA TCT TAC TGG TTC CAG GAC GTT GGT GAA GTT GCT TCT GTT GAC CAG TCC GGT ATC AAA TAC CCG GTT ATC GTT CGC TTT GAA AAA GTG AAT TAC TCC GGC ATC AAC ACC AAC AAC TTC GCG GAA GAC GAA CTG GTT GAA GTG GAA GCG,-0.4518550742211739
ATG GTT CAG CGT GGC TCT AAA GTT CGT ATC CTG CGT CCG GAA TCT TAC TGG TTC CAG GAT GTT GGC ACT GTT GCG TCT GTT GAC CAG TCT GGC ATC AAG TAC GAC GTG ATC GTT CGC TTC GAA AAG GTG AAC TAC TCC GGT ATC AAC TAC AAC AAC TTC GCG GAA GAC GAA CTG GTT GAA GTT GAG GCG,1.0965711984400288
ATG GTT CAG CGT GGT TCT AAA GTT CGC ATC CTG ATG CCG GAA TCC TAC TGG TTC CAG GAC GTT GGT ACC GTT GCT TCT GTT GAC CAG TCC GGT ATC AAG TAC CCG GTT ATC GTT CGC TTC GAG AAA GTG AAC TAC TCT GGC ATC AAC ACC AAC AAC TTC GCG GAG GAC CCA CTC GTT GAA GTT GAG GCT,-0.6044379412453362
ATG GTT CAG CGT GGC TCC GCG GTT CGT ATC CTG CGT CCG GAA TCT TAC TGG TTC CAG GAC GTT GGT ACC GTT GCG TCT GTT GAC CAG TCT GGC ATC AAG TAC CCG GTT ATC GTT CGT TTC GCT AAG GTG AAC TAC TCC GGT ATC AAC ACC AAC AAC TTT GCG GAA GAC GAG CTG GTT GAA GTT GAG GCT,0.7934363512199041
ATG GTT CAG CGC GGC TCC AAA GTT CGT ATC CTG CGT CCG GAA TCT TAC TGG TTC CAA GAC GTT GGT ACC GTT GCG TCT GTT GAC CAG TCC GGT ATC AAA TAC CCG GTT ATC GTG CGT TTC GCG TTC GTT AAC TAC TCT GGT ATT AAC ACC AAC AAC TTC GCG GAA GAC GAA CTG GTT GAA GTT GAA GCG,1.3667076229217072
ATG GTT CAG CGT GGT TCT AAA GTT CGT ATC CTG CGT CCG GAA TCT TAC TGG TTC CAA GAC GTT GGT ACC GTT GCG TCT GTT GAC CAG TCT GGC ATC AAA TAC GAA GTG ATC GTG CGC TTC GAA AAA GTG AAC TAC TCT GGT ATC AAC GAA AAC AAT TTC GCT GAA GAC GAA CTC GTT GAA GTT GAA GCG,1.1449007643160185
ATG GTT CAG CGT GGC TCC AAA GTT CGT ATC CTG CGT CCG GAA TCT TAC TGG TTT CAG GAC GTT GGT ACC GTT GCG TCT GTT CAG CAG TGC GGT ATT AAG TAC CCG GTT ATC GTT CGT TTC GAG AAA GTG AAC TAC TCT GGC ATC AAC ACC AAC AAC TTC GCG GAA GAC GAA CTG GTT GAA GTT GAG GCT,1.0146201154857315
ATG GTT CAG CGT GGT TCT AAA GTT CGT ATC CTG CGT CCG GAA TCT TAC TGG TTC CAG GAC GTT GGT ACC GTT GCG TCT GTT AAC CAG TGG GGT ATC AAA TAC CCG GTT ATC GTT CGT TTC GAG AAA GTG AAC TAC TCT GGC ATC AAC ACC AAC AAC TTC GCG GAA GAC GAA CTG GTT GAA GTT GAA GCG,0.5304449398934423
ATG GTT CAG CGC GGC TCT AAA GTT CGT ATC CTG CGT CCG GAA TCT TAC TGG TTC CAG GAC GTG GGT ACC GTT GCG TCT GTT GAC CAG TCT GGC ATC AAG TAC AAG GTT ATC GTG CGT TTC GAG AAA GTG AAC TAC TCC GGC ATC GTT ACC AAC AAC TTT GCG GAA GAC GAG CTG GTT GAA GTT GAA GCG,0.9940897017678512
ATG GTT CAG CGT GGT TCT AAA GTT CGT ATC CTG TTC CCG GAA TCT TAC TGG TTC CAG GAC GTT GGT ACC GTT GCG TCT GTT GAC CAG TCT GGC ATC AAA TAC CCG GTT ATC GTT CGC TTT GAA AAA GTG AAC TAC TCC GGT ATC AAC ACC AAC AAC TTC GCG GAA GAC GAA CTG GTT GAA GTG GAA GCG,0.2974950818496728
ATG GTT CAG CGT GGC TCC AAA GTT CGT ATC CTG CGT CCG GAA TCT TAC TGG TTC CAG GAC GTG GGT ACC GTT GCG TCT GTT ATC CAG TGC GGC ATC AAA TAC CCG GTT ATC GTT CGT TTC GAG AAG GTG AAC TAC TCC GGT ATC AAC ACC AAC AAC TTC GCG GAA GAC GAG CTG GTT GAA GTT GAA GCG,1.0672770733045858
ATG GTT CAG CGT GGT TCT AAA GTT CGT ATC CTG CGT CCG GAA TCT TAC TGG TTC CAG GAC GTT GGT ACC GTT GCT TCT GTT GAC CAG TCT GGT ATC AAA TAC CCG GTT AAC GTT CGT TTC GAG AAA GTG AAC TAT TCT GGC ATC AAC ACC AAC AAC TTC GCT GAA GAC GAA CTG GTT GAA GTT GAA GCG,1.6665039290941768
ATG GTT CAG CGT GGT TCT TGG GTT CGT ATC CTG CGT CCG GAA TCT TAC TGG TTC CAG GAC GTG GGT GTT GTT GCG TCT GTT GAC CAG TCT GGC ATC AAG TAC CCG GTT ATC GTT CGC TTT GAA AAG GTG AAC TAC TCT GGT ATC AAC ACC AAC AAC TTC GCG GAA GAC GAA CTG GTT GAA GTT GAG GCT,2.8646801313257724
ATG GTT CAG CGT GGT TCT TGG GTT CGT ATC CTG CGT CCG GAA TCT TAC TGG TTC CAA GAC GTT GGT ACC GTT GCG TCT GTT GAC CAG TCT GGT ATC AAA TAC CCG GTG ATC GTT CGT TTC AAC AAA GTG AAC TAC TCT GGC ATC AAC ACC AAC AAC TTC GCG GAA GAC GAA CTG GTT GAA GTT GAA GCG,1.014594634579997
ATG GTT CAG CGT GGT TCT AAA GTT CGT ATC CTG CGT CCG GAA TCT TAC TGG TTC CAG GAC GTT GGT ACC GTT GCG TCT GTT CTG CAG GCG GGT ATC AAA TAC CCG GTG ATC GTT CGT TTT GAG AAA GTG AAC TAC TCT GGC ATC AAC ACC AAC AAC TTC GCG GAA GAC GAA CTG GTT GAA GTT GAA GCG,2.003729205771738
ATG GTT CAA CGT GGT TCC AAA GTT CGT CTG CTG CGT CCG GAA TCT TAC TGG TTT CAA GAC GTT GGC ACC GTT GCG TCT GTT GAC CAG TCT GGT ATC AAA TAC CCG GTT ATC GTT CGT TTC GAG AAG GTT AAT TAC TCC GGC ATC AAC ACC AAC AAC TTC GCG GAG GAC GAG CTG GTT GAA GTT GAA GCG,0.3849315370217871
ATG GTT CAG CGT GGT TCT AAA GTT CGT ATC CTG CGT CCG GAA TCT TAC TGG TTC CAG GAC GTT GGC ACC GTT GCG TCT GTT GAC CAG TCC GGC ATC AAA TAC CTG GTT ATC GTG CGC TTC GAA AAA GTG AAC TAC TCT GGT ATC AAC CCG AAC AAC TTC GCG GAA GAC GAA CTG GTT GAA GTT GAA GCG,2.467568673576406
ATG GTT CAA CGT GGT TCC CTG GTT CGT ATC CTG CGT CCG GAA TCT TAC TGG TTT CAG GAC GTT GGT ACC GTT GCG TCT GTT GAC CAG TCT GGC ATC AAA TAC CCG GTT ATC GTT CGC TTT TAC AAA GTG AAC TAC TCC GGT ATC AAC ACC AAC AAC TTC GCG GAA GAC GAA CTG GTT GAA GTT GAA GCG,1.5729071525026417
ATG GTT CAG CGC GGT TCT AAA GTT CGT CAA CTG CGT CCG GAA TCT TAC ACC TTC CAG GAC GTT GGT ACC GTT GCG TCT GTT GAC CAG TCT GGC ATC AAA TAC CCG GTT ATC GTT CGT TTC GAG AAG GTG AAC TAC TCT GGT ATC AAC ACC AAC AAC TTC GCG GAA GAT GAG CTC GTT GAA GTT GAA GCG,-0.847681728692032
ATG GTT CAG CGT GGT TCT CTG GTT CGT ATC CTG CGT CCG GAG TCT TAC TGG TTC CAG GAC GTT GGT ACC GTT GCG TCT GTT GAC CAG TCT GGC ATC AAA TAC CCG GTG ATC GTT CGT TTC CTG AAG GTG AAC TAC TCC GGT ATT AAC ACC AAC AAC TTC GCG GAA GAC GAA CTG GTT GAA GTT GAA GCG,1.9534011641540925
ATG GTT CAG CGC GGT TCT AAG GTT CGT ATC CTG CGT CCG GAA TCT TAC TGG TTC CAG GAC GTT GGT ACC GTT GCG TCT GTT CGC CAG CAG GGC ATC AAA TAC CCG GTT ATC GTT CGT TTC GAG AAG GTT AAC TAC TCC GGT ATC AAC ACC AAC AAC TTC GCG GAA GAC GAA CTG GTT GAA GTT GAA GCG,0.2903314089646621
ATG GTT CAG CGC GGC TCT AAA GTG CGT CAC CTG CGT CCG GAA TCT TAC GAC TTC CAG GAC GTT GGT ACC GTT GCT TCT GTT GAC CAG TCT GGC ATC AAG TAT CCG GTT ATC GTT CGC TTC GAA AAG GTG AAC TAC TCT GGT ATC AAC ACC AAC AAC TTC GCT GAA GAT GAA CTG GTG GAA GTT GAA GCG,-0.8347654798008075
ATG GTT CAG CGT GGC TCC AAA GTT CGT ATC CTG CGT CCG GAA TCT TAC TGG TTT CAG GAC GTT GGT ACC GTT GCG TCT GTT GAC CAG TCT GGC ATC AAA TAC ATC GTT ATC GTT CGC TTC GAA AAG GTT AAC TAC TCT GGT ATC GAC ACC AAC AAC TTC GCG GAA GAC GAA CTG GTT GAA GTT GAA GCG,1.9694612279595
ATG GTT CAG CGT GGC TCC AAA GTT CGT ATC CTG ATC CCG GAA TCT TAC TGG TTC CAG GAC GTT GGT ACC GTT GCG TCT GTT GAC CAG TCT GGC ATC AAA TAC CCG GTG ATT GTT CGT TTC GAG AAG GTG AAC TAT TCT GGT ATC AAC ACC AAC AAC TTC GCG GAA GAC GCG CTG GTT GAA GTT GAA GCG,-0.0448782146399412
ATG GTT CAG CGT GGT TCT TCT GTT CGT ATC CTG CGT CCG GAA TCT TAC TGG TTC CAA GAC GTT GGT CTG GTT GCG TCT GTT GAC CAG TCT GGC ATC AAA TAC CCG GTT ATC GTT CGC TTC GAG AAA GTG AAC TAC TCC GGT ATC AAC ACC AAC AAC TTC GCG GAA GAC GAA CTG GTT GAA GTT GAA GCG,0.2579660061471674
ATG GTT CAG CGT GGT TCT AAG GTG CGT ATC CTG CGT CCG GAA TCT TAC TGG TTT CAG GAC GTT GGT ACC GTT GCG TCT GTT CAG CAG CAG GGC ATC AAA TAC CCG GTT ATT GTT CGT TTC GAG AAA GTG AAC TAC TCC GGT ATC AAC ACC AAC AAC TTC GCG GAA GAC GAA CTG GTT GAA GTT GAA GCG,0.5277228198618096
ATG GTT CAG CGC GGT TCT AAA GTT CGT ATC CTG CGT CCG GAA TCT TAC TGG TTC CAG GAC GTT GGC ACC GTT GCG TCT GTT GAC CAG TCT GGT ATC AAA TAC CCG GTT ATC GTT CGT TTT GAA AAA GTG AAC TAC TCC GGT ATT AAC ACC AAC AAT CCG GCT GAA GAC GAA CCG GTG GAA GTT GAA GCG,-0.4943144479833514
ATG GTT CAG CGT GGC TCC AAA GTG CGT ATT CTC CGC CCA GAA TCT TAC TGG TTC CAG GAC GTT GGT ACC GTT GCG TCT GTT GAC CAG TCC GGT ATC AAA TAC TAC GTT ATC GTG CGC TTT GAA AAG GTT AAC TAC TCT GGC ATC CGT ACC AAT AAC TTC GCG GAG GAC GAA CTG GTT GAA GTT GAA GCG,2.0803749721106746
ATG GTT CAG CGT GGT TCT AAA GTT CGT ATC CTG CGT CCG GAA TCT TAC TGG TTC CAA GAC GTT GGT ACC GTG GCG TCT GTT GAC CAG TCT GGC ATC AAA TAC CCG GTT ATC GTT CGT TTC TGG CTG GTT AAC TAC TCT GGT ATC AAC ACC AAC AAC TTC GCG GAA GAC GAA CTG GTT GAA GTT GAA GCG,2.133850209996223
ATG GTT CAA CGT GGT TCC AAA GTT CGT ATC CTG CGT CCG GAA TCT TAC TGG TTT CAG GAC GTT GGT ACC GTT GCG TCT GTT GAC CAG TCC GGC ATC AAA TAC CGT GTG ATC GTT CGT TTC GAG AAG GTT AAT TAC TCC GGT ATC CAG ACC AAC AAC TTC GCG GAA GAC GAA CTG GTT GAA GTT GAA GCG,1.3070381398126265
ATG GTT CAG CGC GGT TCT AAA GTT CGT ATC CTG CGC CCA GAG TCT TAC TGG TTC CAG GAC GTT GGT ACC GTT GCG TCT GTT GAC CAA TCC GGT ATC AAG TAC CCG GTT ATC GTT CGC TTC GCG GCT GTT AAC TAC TCT GGC ATC AAC ACC AAT AAC TTC GCT GAA GAC GAA CTC GTT GAA GTT GAG GCG,0.8546611366417372
ATG GTT CAG CGC GGT TCT GAA GTT CGT ATC CTG CGT CCG GAA TCT TAC TGG TTC CAG GAC GTT GGC ATG GTG GCG TCT GTT GAC CAG TCT GGT ATC AAA TAC CCG GTT ATC GTT CGT TTC GAG AAG GTT AAC TAC TCC GGC ATC AAC ACC AAC AAT TTC GCG GAA GAC GAA CTG GTT GAA GTT GAG GCG,-0.211848338578448
ATG GTT CAG CGT GGC TCT TGG GTT CGT ATC CTG CGT CCG GAA TCT TAC TGG TTT CAG GAC GTT GGT ACC GTT GCG TCT GTT GAC CAG TCT GGT ATC AAG TAC CCG GTT ATC GTG CGC TTC CAC AAA GTG AAC TAC TCT GGC ATC AAC ACC AAC AAC TTT GCG GAA GAC GAG CTG GTT GAA GTT GAA GCG,1.0926737502134063
ATG GTT CAG CGT GGT TCT AAA GTT CGT ACC CTC CGT CCG GAA TCT TAC TAC TTT CAG GAC GTT GGT ACC GTT GCG TCT GTT GAC CAG TCC GGT ATC AAA TAC CCG GTT ATC GTG CGT TTC GAG AAG GTT AAC TAC TCT GGT ATT AAC ACC AAC AAC TTC GCT GAA GAC GAA CTG GTT GAA GTT GAA GCG,-0.3425441873194493
ATG GTT CAG CGT GGT TCT AAA GTT CGT ATC CTG GAC CCG GAA TCT TAC TGG TTC CAG GAC GTT GGT ACC GTT GCG TCT GTT GAC CAG TCC GGT ATC AAA TAC CCG GTT ATC GTT CGT TTT GAG AAA GTG AAC TAC TCT GGC ATC AAC ACC AAC AAC TTC GCG GAA GAC ACC CTG GTT GAA GTG GAA GCG,-0.0884857532630285
ATG GTT CAG CGT GGT TCT AAA GTT CGT ATC CTG CGT CCG GAA TCT TAC TGG TTC CAG GAT GTT GGT ACC GTT GCG TCT GTT GAC CAG TCT GGT ATC AAA TAC CTG GTG ATC GTT CGC TTC GAA AAA GTG AAC TAC TCT GGC ATC AAC GTG AAC AAC TTC GCG GAG GAC GAA CTG GTT GAA GTT GAA GCG,2.2920643720224643
ATG GTT CAA CGC GGC TCT AAA GTT CGT ATC CTG CGT CCG GAA TCT TAC TGG TTC CAG GAC GTT GGT ACC GTT GCG TCT GTT GAC CAG TCC GGC ATT AAG TAC CAG GTT ATC GTT CGT TTC GAG AAG GTT AAC TAC TCT GGC ATC AAC ATC AAT AAC TTC GCG GAA GAC GAA CTG GTT GAA GTT GAA GCG,1.2242150446111308
ATG GTT CAG CGT GGT TCT TGC GTT CGT ATC CTG CGT CCG GAA TCT TAC TGG TTC CAG GAT GTT GGT ACC GTT GCG TCT GTT GAC CAG TCC GGT ATC AAA TAC CCG GTT ATC GTT CGT TTC AAC AAG GTT AAC TAC TCC GGC ATC AAC ACT AAC AAT TTC GCG GAA GAC GAA CTG GTT GAA GTT GAA GCG,2.3993003104848185
ATG GTT CAG CGT GGC TCC AAA GTT CGT ATC CTG CGT CCG GAA TCT TAC TGG TTC CAG GAC GTT GGT ACC GTT GCG TCT GTT GAC CAG TCT GGT ATC AAA TAC CCG GTT ATC GTG CGT TTC GAG AAA GTG AAC TAC TCC GGC ATC AAC ACC AAC AAC ATG GCG GAA GAC GAA AAA GTT GAA GTT GAG GCG,-0.3670904777377651
ATG GTT CAG CGT GGC TCC AAA GTT CGT ATC CTG CGT CCG GAA TCC TAC TGG TTC CAG GAC GTT GGT ACC GTT GCG TCT GTT GAT CAG TCT GGT ATC AAA TAC CCG GTT ATC GTG CGT TTC GAG AAA GTG AAC TAC TCT GGC ATC AAC ACC AAC AAC TAC GCG GAA GAC GAA TCC GTT GAA GTT GAA GCG,-0.271470699175396
ATG GTT CAG CGT GGT TCT AAA GTT CGT ATC CTG CGT CCG GAA TCT TAC TGG TTC CAG GAC GTT GGT ACC GTT GCG TCT GTT GAC CAG TCC GGC ATC AAG TAC CCG GTT ATC GTT CGT TTT GAG AAA GTG AAC TAC TCC GGT ATC AAC ACC AAC AAC GAA GCG GAA GAC GAA AAC GTT GAA GTT GAA GCG,-0.4604323487247892
ATG GTT CAG CGT GGT TCT GTT GTT CGT ATC CTG CGT CCG GAA TCT TAC TGG TTC CAG GAT GTT GGT CTG GTT GCG TCT GTT GAC CAG TCT GGC ATC AAA TAC CCG GTT ATC GTT CGT TTC GAG AAG GTT AAC TAC TCC GGT ATC AAC ACC AAC AAC TTC GCG GAG GAC GAA CTG GTT GAA GTT GAG GCT,0.7718912511921316
ATG GTT CAG CGT GGT TCT AAA GTT CGT ATC CTG CGT CCG GAA TCT TAC TGG TTC CAG GAC GTT GGT ACC GTT GCG TCT GTT GAC CAA TCC GGT ATC AAA TAC CCG GTG ATC GTT CGC TTC GAG AAA GTG AAC TAC TCT GGC ATC AAC ACC AAC AAC CTG GCG GAA GAC GAG TTC GTT GAA GTT GAA GCG,-0.0823884693893065
ATG GTT CAG CGT GGC TCC AAA GTT CGT ATC CTG CGT CCG GAA TCT TAC TGG TTT CAG GAC GTT GGT ACC GTT GCG TCT GTT GAC CAG TCC GGC ATC AAG TAC CAC GTG ATC GTT CGT TTC GAG AAA GTT AAT TAC TCC GGT ATC TGC ACC AAC AAC TTC GCG GAA GAC GAA CTG GTT GAA GTT GAA GCG,1.8031032847648287
ATG GTT CAG CGT GGT TCT AAA GTT CGT ATC CTG CGT CCG GAA TCT TAC TGG TTT CAG GAC GTT GGT ACC GTT GCG TCT GTT GAC CAG TCT GGT ATC AAA TAC TGC GTG ATC GTT CGT TTT GAA AAG GTG AAC TAC TCT GGC ATC AAC GAG AAC AAC TTC GCG GAA GAC GAA CTG GTT GAA GTG GAA GCG,2.33468501247897
ATG GTT CAG CGT GGT TCT AAA GTT CGT ATC ACC CGT CCG GAA TCT TAC TGG TTC CAG GAC GTT GGT ACC GTT GCG TCT GTT GAC CAG TCT GGC ATC AAA TAC CCA GTT ATT GTT CGT TTC GAG AAG GTT AAC TAC TCC GGT ATC AAC ACC AAC AAC TTC GCG GAA GAC GAA CTG GTT GAA GTT GAA GCG,0.5981807800790528
ATG GTT CAG CGT GGT TCT AAA GTT CGC ATC CTG CGT CCG GAA TCT TAC TGG TTC CAG GAC GTT GGT ACC GTT GCG TCT GTT GAC CAA TCT GGC ATC AAA TAC ACC GTT ATC GTT CGC TTC GAA AAG GTG AAC TAC TCT GGT ATC TGC ACC AAC AAC TTC GCG GAA GAC GAA CTG GTT GAA GTT GAA GCG,1.981548963533636
ATG GTT CAG CGC GGT TCT TCT GTT CGT ATC CTG CGT CCG GAA TCT TAC TGG TTC CAG GAC GTT GGT GGT GTG GCG TCT GTT GAC CAG TCC GGC ATC AAA TAT CCG GTG ATC GTT CGT TTC GAG AAG GTT AAC TAC TCT GGT ATC AAC ACC AAC AAC TTC GCT GAA GAC GAA CTG GTT GAA GTT GAA GCG,-0.9457673625519076
ATG GTT CAG CGT GGT TCT AAA GTT CGT ATC CTG CGT CCG GAA TCT TAC TGG TTC CAA GAC GTT GGT ACC GTT GCG TCT GTT GAC CAG TCT GGT ATC AAG TAC CCG GTG ATC GTT CGC TTC GAG AAA GTG AAC TAC TCT GGC ATC AAC ACC AAC AAC TTC GCG TGC GAT GAG CTG GTT GAA GTT GAA GCG,2.521055921784259
ATG GTT CAG CGC GGC TCC AAA GTT CGT ATC CTG CGT CCG GAA TCT TAC TGG TTC CAG GAC GTT GGT ACC GTT GCG TCT GTT GAC CAG TCT GGC ATC AAG TAC AAC GTT ATC GTG CGC TTC GAA AAG GTT AAC TAC TCC GGT ATC AAA ACC AAC AAC TTC GCG GAA GAC GAA CTG GTT GAA GTT GAA GCG,1.2734873376415607
ATG GTT CAG CGC GGT TCT TGC GTT CGT ATC CTG CGT CCG GAA TCT TAC TGG TTC CAG GAC GTT GGT ACC GTT GCG TCT GTT GAC CAG TCC GGT ATC AAG TAC CCG GTT ATT GTT CGC TTC CTG AAG GTT AAC TAC TCT GGT ATT AAC ACC AAC AAT TTC GCG GAA GAC GAA CTG GTT GAA GTT GAG GCG,2.429485152857999
ATG GTT CAG CGT GGT TCT AAA GTT CGT ATC CTG CGT CCG GAA TCT TAC TGG TTC CAG GAC GTG GGT ACC GTT GCG TCT GTT CAC CAG AAC GGT ATC AAA TAC CCG GTT ATC GTT CGC TTC GAA AAA GTG AAC TAC TCT GGC ATC AAC ACC AAT AAC TTC GCG GAA GAC GAG CTG GTT GAA GTT GAA GCG,0.4933076900512596
ATG GTT CAG CGT GGT TCT AAA GTT CGT ATG CTG CGT CCG GAA TCT TAC CGT TTC CAG GAC GTT GGT ACC GTT GCG TCT GTT GAC CAG TCC GGT ATC AAG TAC CCG GTT ATC GTT CGT TTC GAG AAA GTT AAT TAC TCT GGC ATC AAC ACC AAC AAC TTC GCG GAA GAC GAA CTG GTT GAG GTT GAA GCG,-4.190953538398068
ATG GTG CAG CGT GGT TCT TCT GTT CGT ATC CTG CGT CCG GAA TCT TAC TGG TTC CAG GAC GTT GGT ACC GTT GCG TCT GTT GAC CAG TCC GGT ATC AAG TAC CCG GTT ATC GTT CGT TTC TCT AAA GTG AAC TAC TCC GGC ATC AAC ACC AAC AAC TTT GCG GAG GAC GAA CTG GTT GAA GTT GAA GCG,0.8083633387831666
ATG GTT CAG CGT GGC TCT AAA GTT CGT ATC CTG CGC CCA GAA TCT TAC TGG TTC CAG GAT GTT GGT GAC GTT GCG TCT GTT GAC CAG TCT GGT ATC AAA TAC CCG GTT ATC GTT CGT TTC GAG AAA GTG AAC TAC TCT GGC ATC AAC ACC AAT AAC TTC GCG GAA GAT GAA CTG GTT GAA GTT GAA GCG,-0.2239718438301292
ATG GTT CAG CGC GGT TCT AAA GTT CGT TTC CTG CGT CCG GAA TCT TAC CGT TTT CAG GAC GTT GGT ACC GTT GCG TCT GTT GAC CAA TCT GGT ATC AAA TAC CCG GTT ATC GTG CGT TTT GAA AAG GTT AAC TAC TCT GGC ATC AAC ACC AAC AAC TTC GCG GAG GAC GAA CTG GTT GAA GTT GAG GCT,-1.0323531763438902
ATG GTT CAG CGT GGT TCT AAA GTT CGT ATC CTG CGT CCG GAA TCT TAC TGG TTC CAA GAC GTT GGT ACC GTT GCG TCT GTT GAC CAG TCT GGT ATC AAA TAC CTG GTT ATC GTG CGT TTC GAG AAA GTG AAC TAC TCC GGT ATT AAC TTC AAC AAC TTC GCG GAA GAC GAA CTC GTT GAG GTT GAG GCG,2.08377627504965
ATG GTT CAG CGT GGC TCT AAA GTT CGT ATC CTG CGT CCG GAA TCT TAC TGG TTC CAG GAC GTT GGT ACC GTT GCG TCT GTT GAC CAG TCT GGT ATC AAG TAC CCG GTT ATC GTG CGT TTT GAA AAA GTG AAC TAC TCC GGC ATC AAC ACC AAC AAC GAC GCG GAA GAC GAA CAG GTT GAA GTT GAA GCG,-0.1398084056876042
ATG GTT CAG CGT GGT TCT AAA GTT CGT ATC CTC GAA CCG GAA TCT TAT TGG TTC CAG GAC GTT GGT ACC GTT GCG TCT GTT GAC CAG TCT GGT ATC AAA TAC CCG GTT ATC GTG CGC TTT GAA AAA GTT AAT TAC TCT GGC ATC AAC ACC AAC AAC TTC GCG GAA GAC AAC CTG GTT GAA GTT GAA GCG,-1.0840347399274726
ATG GTT CAG CGT GGT TCT AAA GTT CGT CAG CTG CGT CCG GAA TCT TAC GGT TTC CAG GAC GTT GGT ACC GTT GCG TCT GTT GAC CAG TCT GGT ATT AAG TAC CCG GTT ATC GTT CGT TTC GAG AAG GTT AAC TAC TCC GGT ATC AAC ACC AAC AAC TTC GCG GAA GAC GAG CTG GTT GAA GTT GAA GCG,-0.826830106727918
ATG GTT CAG CGT GGC TCC AAA GTT CGT ATC CTG CGT CCG GAA TCT TAT TGG TTC CAG GAC GTT GGT ACC GTT GCG TCT GTT GAC CAG TCT GGC ATC AAA TAC CCG GTT ATC GTT CGT TTT GAA AAG GTT AAC TAC TCC GGT ATC AAC ACC AAC AAC CTG GCG GAA GAT GAA ACC GTT GAA GTT GAA GCG,-0.6560052305536993
ATG GTT CAG CGT GGT TCT AAA GTT CGT ATC CTG CGT CCG GAA TCT TAC TGG TTC CAG GAC GTG GGT ACC GTT GCG TCT GTT GAC CAG TCT GGT ATC AAA TAC CCG GTT ATT GTG CGC TTC GAA AAA GTG AAC TAC TCT GGC ATC AAC ACC AAC AAC TTC GCT GAC GAC GAA CTG GTT GAA GTT GAA GCG,0.6953899110235788
ATG GTT CAG CGT GGT TCT AAA GTT CGT ATC CTG CGT CCG GAA TCT TAC TGG TTC CAG GAC GTT GGT ACC GTT GCG TCT GTT GAC CAG TCT GGT ATC AAG TAC CCA GTT ATC GTG CGT TTC GAG AAA GTG AAC TAC TCC GGC ATC AAC ACC AAC AAC TTC GCG GAA GAC GAA CTG GTT GAA GTT GAA ATG,1.7853960611210955
ATG GTG CAG CGT GGT TCT TCT GTT CGT ATC CTG CGT CCG GAA TCT TAC TGG TTC CAG GAC GTT GGT ACC GTT GCG TCT GTT GAC CAG TCT GGT ATT AAG TAC CCG GTT ATC GTT CGT TTC GAG AAA GTG AAC TAC TCC GGT ATC AAC ACC AAC AAC TTC GCG GAA GAC GAA CTG GTT GAA GTT GAA GCG,0.4819210227241886
ATG GTT CAG CGT GGT TCT AAA GTT CGT TAC CTG CGT CCG GAA TCT TAC TGG TTC CAG GAC GTT GGT ACC GTT GCT TCT GTT GAC CAG TCT GGC ATC AAA TAC CCG GTT ATC GTT CGC TTC GAA AAG GTG AAC TAC TCT GGT ATC AAC ACC AAC AAC TTC GCG GAA GAC GAA CTG GTT GAA GTT GAA GCG,0.1320066790966771
ATG GTT CAG CGT GGT TCT AAA GTT CGT ATC CTG CGT CCG GAA TCT TAT TGG TTC CAG GAC GTT GGT ACC GTT GCG TCT GAT GAC CAG TCT GGT ATC AAA TAC CCG GTT ATC GTT CGT TTC GAG AAG GTT AAC TAC TCT GGC ATC AAC ACC AAC AAC TTC GCG GAA GAC GAA CTG GTT GAA GTT GAA GCG,-1.1960894246032006
ATG GTT CAG CGT GGT TCC AAA GTT CGT ATC CTG CGT CCG GAA TCT TAT TGG TTT CAG GAC GTT GGT ACC GTT GCG TCT GTT GAC CAG TCT GGC ATC AAA TAC CCG GTG ATC GTT CGC TTC GAA AAA GTG AAC TAC TCC GGT ATC AAC ACC AAC TCT TTC GCG GAA GAC GAA CTG GTT GAA GTT GAA GCG,2.551943061257348
ATG GTT CAA CGT GGT TCC GCT GTT CGT ATC CTG CGT CCG GAA TCT TAC TGG TTC CAG GAT GTT GGT ACC GTT GCG TCT GTT GAC CAG TCT GGC ATC AAA TAC CCG GTT ATC GTT CGC TTC TAC AAG GTG AAT TAC TCT GGT ATC AAC ACC AAC AAC TTC GCG GAA GAC GAA CTG GTT GAA GTT GAA GCG,0.9895234902678148
ATG GTT CAG CGT GGT TCC GAC GTT CGT ATC CTG CGT CCG GAA TCT TAC TGG TTC CAG GAC GTT GGC ATG GTT GCG TCT GTT GAC CAG TCT GGC ATC AAA TAC CCG GTT ATC GTT CGT TTT GAG AAG GTT AAC TAC TCC GGT ATC AAC ACC AAC AAC TTC GCG GAA GAC GAG CTG GTT GAA GTT GAG GCT,-0.7295202446499833
ATG GTT CAG CGT GGT TCT AAA GTT CGT ATC CTG CGT CCG GAA TCT TAC TGG TTC CAG GAC GTT GGT ACC GTT GCG TCT GTT GAC GTT TCT GGT ATC AAG TAC CCG GTT ATC GTT CGC TTT GAA AAG GTT AAC TAC TCT GGC ATC AAC ACC AAC AAC TTC GCG GAA GAC GAA CTG GTT GAA GTT GAA GCG,1.6758372846111405
GTT GTT CAG CGT GGT TCT AAA GTT CGT ATC CTG CGT CCG GAA TCT TAT TGG TTC CAG GAC GTT GGT ACC GTT GCG TCT GTT GAC CAG TCT GGC ATT AAG TAC CCG GTG ATC GTT CGC TTC GAG AAA GTG AAC TAT TCT GGT ATC AAC ACC AAC AAC TTC GCG GAA GAC GAA CTG GTT GAA GTT GAA GCG,1.6319655920253462
ATG GTT CAG CGT GGC TCT AAA GTG CGT ATC CTG CGT CCG GAA TCT TAC TGG TTC CAG GAC GTT GGT ACC GTT GCG TCT GTT GAC CAG TCT GGT ATC AAG TAC CCG GTT ATC GTG CGC TTC GAA AAG GTT AAC TAC TCT GGC ATC AAC ACT AAC AAC CGT GCG GAA GAT GAA GGT GTT GAA GTT GAA GCG,-1.5380087953845196
ATG GTT CAG CGC GGT TCT AAA GTT CGT ATC CTG CGT CCG GAA TCT TAC TGG TTC CAG GAT GTT GGT ACC GTT GCG TCT GTT GAC CAG TCT GGT ATC AAG TAC CCG GTG ATC GTT CGT TTC TCT TAC GTT AAC TAC TCT GGC ATC AAC ACC AAC AAC TTC GCG GAA GAC GAA CTG GTT GAA GTT GAA GCG,1.2014826339242122
ATG GTT CAG CGT GGT TCT AAA GTT CGT ATC CTG CGT CCG GAA TCT TAC TGG TTC CAG GAC GTT GGT ACC GTT GCG TCT GTG GAC CAG TCT GGT ATC AAA TAC CCG GTT ATC GTT CGC TTC GAA AAG GTT AAC TAC TCT GGC ATC AAC ACC AAC AAC TTC GCG GAA GAC GAA CTG GTT GAA GTT TCT GCT,1.77853656050253
ATG GTT CAG CGT GGC TCT AAA GTT CGT ATC CTG CGT CCG GAA TCT TAC TGG TTC CAG GAC GTT GGT ACC GTT GCT TCT GTT GAC CAG TCT GGC ATC AAA TAC CCG GTT ATC GTT CGT TTC GAG AAG GTT AAC TAC TCC GGT ATC AAC ACC AAC AAC TTC GCG GAA CCG GAA CTG GTT GAA GTT GAA GCG,0.042766102124302
ATG GTT CAG CGT GGT TCT AAA GTT CGT ATC CTG CGT CCG GAA TCT TAC TGG TTC CAG GAC GTT GGT ACC GTT GCG TCT GTT GAC CAG TCT GGT ATT AAG TAC CCG GTT ATC GTT CGT TTC GAG AAA GTG AAC TAC TCC GGT ATC AAC ACC AAC AAC TTC GCT GAA GAC GAA CTG GTT GAA GTT GAA TAC,1.6850006510960098
ATG GTT CAA CGT GGT TCC AAA GTT CGT ATC CTG CGT CCG GAA TCT TAC TGG TTT CAG GAC GTT GGT ACC GTT GCG TCT GTT GAC CAG TCC GGT ATC AAA TAC GTT GTT ATC GTT CGC TTC GAA AAA GTG AAC TAC TCT GGC ATC TGG ACC AAC AAC TTC GCG GAA GAC GAA CTG GTT GAA GTT GAA GCG,2.366934509638466
ATG GTT CAG CGT GGT TCT AAA GTT CGT ATC CTG CGT CCG GAA TCT TAC TGG TTC CAG GAC GTT GGT ACC GTT GCG TCT GTT GAC CAG TCT GGC ATC AAA TAC CCG GTT ATC GTT CGT TTT GAA AAA GTG AAC TAT TCC GGT ATC AAC ACC AAC AAC TTC GCG CTC GAC GAG CTG GTT GAA GTT GAA GCG,3.292236120776462
ATG GTT CAG CGT GGC TCT AAA GTT CGT ATC CTG CGT CCG GAA TCT TAC GCG TTC CAG GAC GTT GGT ACC GTT GCG TCT GTT GAC CAG TCT GGT ATC AAA TAC CCG GTT ATC GTT CGT TTT GAA AAA GTG AAT TAC TCC GGC ATC AAC ACC AAC AAC TTC GCG GAA GAC GAA CTC GTG GAA GTT GAA GCG,-2.839260077114043
ATG GTT CAG CGT GGT TCT AAA GTT CGT ATC CTG CGT CCG GAA TCT TAC TGG TTC CAG GAC GTT GGT ACC GTT GCG TCT GTT CAG CAG TAC GGT ATC AAA TAC CCG GTT ATC GTT CGC TTC GAG AAG GTT AAC TAC TCT GGC ATC AAC ACC AAC AAT TTC GCG GAA GAC GAA CTG GTT GAA GTT GAG GCT,0.58522006360571
ATG GTT CAG CGT GGC TCC AAA GTT CGT TGC CTG CGT CCG GAA TCT TAC AAC TTC CAG GAC GTT GGT ACC GTT GCG TCT GTT GAC CAG TCT GGC ATC AAG TAC CCG GTT ATC GTT CGT TTC GAG AAA GTG AAC TAC TCC GGT ATC AAC ACC AAC AAT TTC GCG GAA GAC GAA CTG GTT GAA GTG GAG GCG,0.5029281064315162
ATG GTT CAG CGT GGC TCT GAA GTG CGT ATC CTG CGT CCG GAA TCT TAC TGG TTC CAG GAC GTT GGT GAC GTT GCG TCT GTG GAC CAG TCT GGT ATC AAA TAC CCG GTT ATC GTT CGC TTC GAA AAG GTT AAC TAC TCT GGC ATC AAC ACC AAC AAC TTC GCG GAA GAC GAA CTG GTT GAA GTT GAG GCG,-0.5513596801871634
ATG GTT CAG CGT GGT TCT AAA GTT CGC ATC CTG TCT CCG GAA TCT TAC TGG TTC CAG GAC GTT GGT ACC GTT GCG TCT GTT GAC CAG TCC GGC ATT AAG TAC CCG GTT ATC GTT CGC TTC GAG AAA GTG AAC TAC TCT GGT ATC AAC ACC AAC AAC TTC GCG GAA GAC ATG CTG GTT GAA GTT GAG GCT,-0.1521472520487046
ATG GTT CAG CGT GGT TCT AAA GTT CGT GTT CTG CGT CCG GAA TCT TAC GAA TTC CAG GAC GTT GGT ACC GTT GCG TCT GTT GAC CAG TCT GGT ATT AAG TAC CCG GTT ATC GTT CGC TTC GAA AAA GTG AAC TAC TCC GGT ATC AAC ACT AAC AAC TTC GCG GAA GAC GAA CTG GTT GAA GTG GAA GCG,-0.4445661380066057
ATG GTT CAG CGT GGT TCT AAA GTT CGT ATC CTG CGT CCG GAA TCT TAT TGG TTC CAG GAC GTT GGT ACC GTT GCG TCT GTT GAC CAG TCC GGC ATC AAA TAC CCG GTT ATC TGG CGC TTC GAA AAG GTT AAC TAC TCT GGT ATC AAC ACC AAC AAC TTC GCG GAA GAC GAA CTG GTT GAA GTT GAA GCG,-3.039327052053593
ATG GTT CAG CGT GGT TCT AAA GTT CGT ATC CTG CGT CCG GAA TCT TAC TGG TTC CAG GAC GTT GGT ACC GTG GCG TCT GTT GAC CAG TCC GGT ATC AAG TAC CCG GTT ATC GTG CGT TTC GAG AAG GTT AAC TAC TCT GGC ATC AAC ACC AAC AAC TGC GCG GAA GAT GAA GGT GTG GAA GTT GAA GCG,0.5923371830185022
ATG GTT CAG CGT GGC TCC AAA GTT CGT GCG CTG CGT CCG GAA TCT TAC GGT TTC CAG GAC GTT GGT ACC GTT GCG TCT GTT GAC CAG TCT GGT ATC AAA TAC CCG GTT ATC GTT CGC TTC GAG AAA GTG AAC TAC TCT GGC ATC AAC ACC AAC AAC TTC GCG GAA GAC GAG CTG GTT GAA GTT GAA GCG,-3.5912905083921123
ATG GTT CAG CGC GGC TCC AAA GTT CGT ATC CTG CGT CCG GAA TCT TAC TGG TTT CAG GAC GTT GGT ACC GTT GCG TCT GTG GAT CAG TCC GGT ATC AAA TAC ATC GTG ATC GTT CGC TTC GAA AAA GTG AAC TAC TCC GGC ATC AAA ACC AAC AAC TTC GCG GAA GAC GAA CTG GTT GAA GTT GAA GCG,2.2151353136848626
ATG GTT CAG CGT GGT TCT AAA GTT CGT ATC CTG CGT CCG GAA TCT TAC TGG TTC CAG GAC GTT GGT ACC GTT GCG TCT GTT GAC CAG TCT GGT ATC CAG TAC CCG GTT ATC GTT CGT TTC GAG AAG GTT AAC TAC TCT GGC ATC AAC ACC AAC AAC TTC GCG GAA GAC GAA CTG GTT GAA GTT GAA GCG,1.734008920899592
ATG GTT CAG CGT GGC TCC AAG GTT CGT ATC CTG CGT CCG GAA TCT TAC TGG TTT CAG GAC GTT GGT ACC GTT GCG TCT GTT GAC CAG TCT GAA ATC AAA TAC CCG GTT ATC GTG CGT TTC GAG AAA GTG AAC TAC TCC GGT ATC AAC ACC AAC AAC TTC GCT GAA GAC GAA CTG GTT GAA GTT GAA GCG,1.496209407332616
ATG GTT CAG CGT GGT TCT GCG GTT CGT ATC CTC CGT CCG GAA TCT TAC TGG TTC CAG GAT GTT GGT ACC GTT GCG TCT GTT GAC CAG TCT GGT ATC AAA TAC CCG GTG ATC GTT CGC TTC TCT AAA GTT AAT TAC TCC GGC ATC AAC ACT AAC AAT TTC GCG GAA GAC GAA CTG GTT GAA GTT GAA GCG,0.6403607488634393
ATG GTT CAG CGT GGC TCT AAA GTG CGC CCA CTG CGT CCG GAA TCT TAC GGT TTC CAG GAC GTT GGT ACC GTT GCG TCT GTT GAC CAG TCT GGC ATT AAG TAC CCG GTT ATC GTT CGC TTC GAA AAA GTT AAT TAC TCC GGT ATC AAC ACC AAC AAC TTC GCG GAG GAT GAG CTG GTT GAA GTT GAA GCG,-0.6506611873567405
ATG GTT CAG CGT GGT TCT AAA GTT CGT ATC CTG CGT CCG GAA TCT TAC TGG TTT CAG GAC GTT GGT ACC GTT GCG TCT GTT GAC CAG TCT GGT ATC AAA TAC CTG GTG ATC GTG CGT TTC GAG AAA GTG AAC TAC TCT GGC ATC AAC AAT AAC AAT TTC GCG GAA GAT GAA CTG GTT GAA GTT GAA GCG,2.314214907282989
ATG GTT CAA CGC GGT TCT AAA GTT CGT ATC CTG CGT CCG GAA TCT TAT TGG TTC CAG GAC GTT GGT ACC GTT GCG TCT GTT GAC CAG TCT GGT ATC AAA TAC CCG GTT ATT GTG CGT TTC GAG AAG GTT AAC TAC TCT ATC ATC AAC ACC AAC AAT TTC GCG GAA GAC GAA CTG GTT GAA GTT GAA GCG,-0.1562519694612718
ATG GTT CAG CGT GGT TCT AAA GTT CGT TGG CTG CGT CCG GAA TCT TAC GGC TTC CAG GAC GTT GGT ACC GTT GCG TCT GTT GAC CAG TCC GGT ATC AAA TAC CCG GTT ATC GTG CGC TTC GAA AAA GTG AAT TAC TCT GGC ATC AAT ACC AAC AAC TTC GCG GAA GAC GAA CTG GTT GAA GTT GAA GCG,-0.1122884256405957
ATG GTT CAG CGT GGT TCT AAA GTT CGT ATC CTG CGT CCG GAA TCT TAC TGG TTC CAG GAC GTT GGT ACC GTT GCG TCT GTT GAC CAG TCT GGT ATC AAG TAC CCG GTT ATC GTT CGC TTC GAA AAA GTG AAC TAC TCC GGC ATC AAC ACC AAC AAC GGT GCG GAA GAC GAA TTT GTG GAA GTT GAG GCT,-0.3882403164123494
ATG GTT CAG CGT GGT TCT AAA GTT CGT ATC CTG TGG CCG GAA TCT TAC TGG TTC CAG GAT GTT GGT ACC GTT GCG TCT GTT GAC CAG TCT GGT ATC AAA TAC CCG GTT ATC GTT CGT TTC GAG AAG GTT AAC TAC TCT GGC ATC AAC ACC AAC AAC TTT GCG GAA GAT TGG CTG GTT GAA GTT GAA GCG,0.753045873112252
ATG GTT CAG CGT GGT TCT ATC GTT CGC ATC CTC CGT CCG GAA TCT TAC TGG TTC CAG GAC GTT GGT GAA GTT GCG TCC GTT GAC CAG TCT GGT ATC AAA TAC CCA GTT ATC GTG CGC TTT GAA AAG GTT AAC TAC TCC GGC ATC AAC ACT AAC AAC TTC GCG GAG GAC GAA CTG GTG GAA GTT GAG GCG,1.0230618833274974
ATG GTT CAG CGT GGT TCC AAG GTT CGT ATC CTG CGT CCG GAA TCT TAC TGG TTT CAG GAC GTT GGT ACC GTT GCG TCT GTT CGT CAG TGC GGT ATC AAA TAC CCG GTT ATC GTG CGC TTC GAG AAA GTT AAT TAC TCT GGC ATC AAC ACC AAC AAC TTC GCG GAA GAT GAA CTG GTT GAA GTT GAA GCG,1.0212874267180043
ATG GTT CAG CGT GGT TCT AAA GTT CGT ATC CTG CGT CCG GAA TCT TAC TGG TTC CAG GAC GTT GGT ACC GTT GCG TCT GTT GTT CAG GAC GGT ATT AAG TAC CCG GTT ATC GTT CGT TTC GAG AAG GTT AAC TAC TCT GGT ATC AAC ACC AAC AAC TTC GCT GAA GAC GAA CTG GTT GAA GTT GAA GCG,0.4134168873994026
ATG GTT CAG CGT GGT TCT AAA GTT CGT ATC CTG CGT CCG GAA TCT TAT TGG TTC CAG GAC GTT GGT ACC GTT GCG TCT GTT GAC CAG TCC GGC ATC AAA TAC CCG GTT ATC GTT CGT TTC CAG ATC GTT AAC TAC TCC GGT ATC AAC ACC AAC AAC TTC GCG GAA GAT GAA CTG GTT GAG GTT GAA GCG,1.054586053527085
ATG GTT CAG CGC GGT TCT AAA GTT CGT ATC CTG CGT CCG GAA TCT TAC TGG TTC CAG GAT GTT GGT ACC GTT GCG TCT GTT GAC CAG TCC GGC ATC AAA TAC CCG GTT ATC GTG CGT TTC GAG AAG GTT AAC TAC TCC GGT ATT AAC ACC AAC AAC GAT GCG GAA GAT GAG TCT GTG GAA GTT GAA GCG,-0.4318772346660643
ATG GTT CAG CGT GGT TCC GAC GTT CGT ATC CTG CGT CCG GAA TCT TAC TGG TTT CAG GAC GTT GGT ACC GTT GCG TCT GTT GAC CAG TCC GGT ATT AAG TAC CCG GTG ATC GTT CGC TTC TAC AAA GTG AAC TAC TCT GGC ATC AAC ACC AAC AAC TTC GCG GAG GAC GAA CTC GTT GAG GTT GAA GCG,0.9081807971007128
ATG GTT CAG CGT GGT TCT TCT GTT CGT ATC CTG CGT CCG GAA TCT TAC TGG TTC CAG GAC GTT GGT TTC GTT GCG TCT GTT GAC CAG TCT GGC ATC AAA TAC CCA GTG ATC GTT CGC TTT GAG AAG GTT AAC TAC TCC GGT ATC AAC ACC AAC AAC TTC GCG GAA GAC GAA CTG GTT GAA GTT GAG GCT,0.4355600247091913
ATG GTT CAG CGT GGT TCT AAA GTT CGT ATC CTG CGT CCG GAA TCT TAC TGG TTC CAG GAC GTT GGC ACC GTT GCG TCT GTT AAC CAG GTT GGC ATT AAG TAC CCG GTT ATC GTT CGT TTT GAG AAA GTG AAC TAC TCC GGT ATC AAC ACC AAC AAC TTC GCG GAA GAC GAA CTG GTT GAA GTT GAA GCG,0.0145773762778936
ATG GTT CAA CGT GGT TCT AAG GTT CGT ATC CTG CGT CCG GAA TCT TAC TGG TTT CAG GAC GTT GGT ACC GTT GCG TCT GTT GAC CAG TCC GGT ATC AAA TAC ACC GTT ATC GTG CGT TTC GAG AAA GTG AAC TAC TCT GGC ATC AAC AAG AAT AAC TTC GCG GAA GAC GAA CTG GTG GAA GTT GAG GCT,1.514290498215879
ATG GTT CAA CGT GGC TCT AAA GTT CGT ATC CTG CGT CCG GAG TCT TAC TGG TTC CAG GAT GTT GGT ACC GTT GCG TCT GTT GAC CAG TCC GGC ATT AAG TAC CCG GTT ATC GTG CGT TTC GAG AAA GTG AAC TAC TCC GGT ATT AAC ACC AAC AAC CAG GCG GAA GAC GAA AAA GTG GAA GTT GAA GCG,-1.055196865137638
ATG GTT CAA CGT GGT TCC AAA GTT CGT GGT CTG CGT CCG GAA TCT TAC GCG TTC CAG GAC GTT GGT ACC GTT GCG TCT GTT GAC CAG TCT GGC ATC AAA TAC CCG GTT ATC GTT CGT TTT GAA AAA GTG AAC TAC TCC GGT ATC AAC ACC AAC AAC TTC GCG GAA GAC GAA CTG GTT GAA GTT GAA GCG,-0.7521692235627635
ATG GTT CAG CGT GGC TCT AAA GTT CGT ATC CTG CGT CCG GAA TCT TAC TGG TTT CAG GAC GTT GGT ACC GTT GCG TCT GTT GAC CAG TCT GGT ATT AAG TAC TGC GTT ATC GTG CGC TTC GAA AAA GTG AAC TAC TCC GGT ATC AAC AAG AAT AAC TTC GCG GAA GAC GAG CTG GTT GAA GTT GAA GCG,1.9908463962320448
ATG GTT CAG CGT GGT TCT AAA GTG CGT ATC CTG CGT CCG GAA TCT TAC TGG TTC CAG GAC GTT GGT ACC GTT GCG TCT GTT ATC CAG CAG GGC ATT AAG TAC CCG GTT ATT GTT CGT TTC GAG AAA GTG AAC TAC TCT GGC ATC AAC ACC AAC AAC TTC GCG GAA GAC GAA CTG GTT GAA GTT GAA GCG,0.6130967801455356
ATG GTT CAA CGC GGT TCT AAA GTT CGT TGC CTG CGT CCG GAA TCT TAC CCG TTC CAG GAC GTT GGT ACC GTT GCG TCT GTT GAC CAG TCT GGC ATC AAG TAC CCG GTT ATC GTT CGC TTC GAA AAA GTG AAC TAC TCC GGT ATC AAC ACC AAC AAC TTC GCG GAG GAC GAA CTG GTT GAA GTT GAA GCG,-0.6081573950911318
ATG GTT CAG CGT GGT TCT AAA GTT CGT ATC CTG CGT CCG GAA TCT TAC TGG TTC CAG GAC GTT GGT ACC GTT GCG TCT GTT TAC CAG CCG GGC ATT AAG TAC CCA GTT ATC GTT CGT TTC GAG AAG GTT AAC TAC TCC GGT ATC AAC ACC AAC AAC TTC GCG GAA GAC GAA CTG GTT GAA GTT GAA GCG,0.2577722790768972
ATG GTT CAG CGT GGT TCC GGT GTT CGT ATC CTG CGT CCG GAA TCT TAC TGG TTC CAG GAC GTT GGT ATC GTT GCG TCT GTT GAC CAG TCT GGT ATC AAA TAC CCG GTT ATC GTT CGT TTT GAG AAA GTT AAT TAC TCC GGC ATC AAC ACC AAC AAC TTC GCG GAA GAC GAA CTC GTG GAA GTT GAG GCT,-0.1641929354142932
ATG GTT CAG CGT GGT TCC AAA GTT CGT ATC CTG CGT CCG GAA TCT TAC TGG TTT CAG GAC GTT GGT ACC GTT GCG TCT GTT GAC CAG TCC GGT ATC AAA TAC CCG GTT ATC GTT CGC TTT GAA AAG GTT AAC TAC TCT GGT ATC CAG ACT AAC AAC TTC GCG GAA GAC GAA CTG GTT GAG GTT GAA GCG,0.6900804873213251
ATG GTT CAG CGT GGT TCT AAG GTT CGT ATC CTG CGT CCG GAA TCT TAC TGG TTC CAG GAT GTT GGT ACC GTT GCG TCT GTT GAC CAG TCC GGC ATC AAA TAC GTT GTT ATC GTT CGC TTC GAA AAA GTG AAT TAC TCT GGC ATC GAC ACC AAC AAC TTC GCG GAA GAC GAA CTG GTT GAA GTT GAA GCG,1.985789702217449
ATG GTT CAG CGT GGT TCT AAA GTT CGT ATC CTG CGT CCG GAA TCT TAC TGG TTC CAG GAC GTG GGC ACC GTT GCG TCT GTT GAC CAG TCT GGT ATC AAA TAC CCG GTT ATC GTT CGT TTC CAC GCG GTT AAC TAC TCT GGC ATC AAC ACT AAC AAC TTC GCG GAA GAT GAA CTG GTT GAA GTT GAA GCG,0.6304131115733871
ATG GTT CAG CGT GGT TCT AAA GTT CGC ATC CTG CGC CCA GAA TCT TAC TGG TTC CAG GAT GTT GGT ACC GTT GCG TCT GTT GAC CAG TCC GGT ATC AAA TAC GCG GTT ATC GTT CGT TTC GAG AAA GTT AAT TAC TCT GGT ATC CCG ACC AAC AAC TTC GCT GAA GAC GAA CTG GTT GAA GTT GAA GCG,1.6861964810484344
ATG GTT CAG CGT GGT TCT AAA GTT CGT ATC CTG CGT CCG GAA TCT TAT TGG TTC CAG GAC GTT GGT ACC GTT GCG TCT GTT GAC CAG TCC GGT ATC AAA TAC CCG GTT ATC GTT CGT TTC GAG AAG GTT AAC TAC TCT GGC ATC AAC ACC AAC AAC TTC CCG GAA GAC GAA CTG GTT GAA GTT GAA GCG,-2.0181138025066447
ATG GTT CAG CGT GGC TCC AAA GTT CGC ATC CTC CGT CCG GAA TCT TAT TGG TTC CAG GAC GTT GGT ACC GTT GCG TCT GTT TGT CAA CTG GGT ATC AAA TAC CCG GTT ATC GTT CGT TTC GAG AAG GTT AAC TAC TCT GGC ATC AAC ACC AAC AAC TTC GCG GAA GAC GAA CTG GTG GAA GTG GAG GCG,1.5840755090145098
ATG GTT CAG CGT GGT TCT AAA GTT CGT ATC CTG CGT CCG GAA TCT TAC TGG TTC CAG GAT GTT GGT ACC GTT GCG TCT GTT GAC CAG TCC GGC ATC AAA TAC AAC GTT ATC GTT CGT TTC GAG AAA GTG AAC TAC TCT GGT ATC AAC GCG AAC AAC TTC GCG GAA GAC GAA CTG GTT GAA GTG GAA GCG,1.5399966314103335
ATG GTT CAA CGC GGT TCT ATT GTT CGT ATC CTG CGT CCG GAA TCT TAC TGG TTC CAG GAC GTT GGC GGT GTT GCT TCT GTT GAC CAG TCT GGC ATC AAA TAC CCG GTT ATC GTG CGC TTC GAA AAG GTT AAC TAT TCT GGT ATC AAC ACC AAT AAC TTC GCG GAA GAC GAA CTG GTT GAA GTT GAA GCG,-0.2930377415839623
ATG GTT CAG CGC GGT TCT AAA GTT CGT ATC CTG GCT CCA GAG TCT TAC TGG TTC CAG GAC GTT GGT ACC GTT GCG TCT GTT GAC CAG TCT GGT ATC AAA TAC CCG GTT ATC GTG CGT TTC GAG AAG GTG AAC TAC TCC GGT ATT AAC ACC AAC AAC TTC GCG GAA GAC GGT CTG GTT GAA GTT GAA GCG,-1.2012195992032848
ATG GTT CAG CGT GGT TCT AAA GTT CGT TAC CTC CGT CCG GAA TCT TAC GAC TTC CAG GAC GTT GGT ACC GTT GCG TCT GTT GAC CAG TCT GGT ATT AAG TAC CCG GTT ATC GTT CGT TTC GAG AAG GTG AAC TAC TCC GGT ATC AAC ACC AAC AAC TTC GCG GAA GAC GAA CTG GTT GAA GTT GAA GCG,-0.1966364793331537
ATG GTT CAG CGT GGC TCT AAA GTT CGT ATC CTG CGT ATG GAA TCT TAC TGG TTC CAG GAC GTT GGT ACC GTT GCG TCT GTT GAC CAG TCT GGT ATC AAA TAC CCG GTT ATC GTT CGC TTC GAA AAG GTT AAC TAC TCT GGC ATC AAC ACC AAC AAC TTC GCG GAA GAC GAA CTG GTT GAA GTT GAA GCG,1.7710427394680552
ATG GTT CAG CGT GGT TCT AAA GTT CGT ATC CTG CGT CCG GAA TCT TAC TGG TTC CAG GAC GAA GGT ACC GTT GCG TCT GTT GAC CAG TCT GGT ATC AAA TAC CCG GTT ATC GTT CGC TTC GAA AAG GTT AAC TAC TCT GGC ATC AAC ACC AAC AAC TTC GCG GAA GAC GAA CTG GTT GAA GTT GAA GCG,0.0659205551382982
ATG GTT CAG CGT GGT TCT AAA GTT CGT ATC CTG CGT CCA GAA TCT TAC TGG TTC CAG GAC GTT GGT ATC GTT GCG TCC GTG GAC CAG TCT GGT ATT AAG TAC CCG GTG ATC GTT CGC TTC GAG AAA GTG AAC TAC TCC GGT ATC AAC ACC AAC AAC TTC GCG GAA GAC GAA CTG GTT GAA GTT GAA GCG,2.173952616970748
ATG GTT CAG CGT GGT TCT AAA GTT CGT CTC CTC CGT CCG GAA TCT TAC GCG TTT CAG GAC GTT GGT ACC GTT GCG TCT GTT GAC CAG TCT GGT ATC AAA TAC CCG GTT ATC GTG CGT TTC GAG AAA GTG AAC TAC TCC GGC ATC AAC ACC AAC AAC TTC GCT GAA GAT GAG CTG GTT GAA GTT GAA GCG,-0.2478504781379716
ATG GTT CAG CGC GGT TCT AAA GTG CGT CTC CTG CGT CCA GAA TCT TAC CGT TTC CAG GAC GTT GGT ACC GTT GCG TCT GTT GAC CAG TCC GGT ATC AAA TAC CCG GTG ATC GTT CGT TTC GAG AAG GTT AAC TAC TCT GGC ATC AAC ACC AAC AAC TTC GCG GAA GAC GAA CTG GTT GAA GTT GAA GCG,-1.5376061577303002
ATG GTT CAG CGT GGT TCT AAA GTT CGT ATC CTG CGT CCG GAA TCT TAC TGG TTC CAA GAC GTT GGT ACT GTT GCG TCT GTT GAC CAG TCT GGT CGT AAA TAT CCG GTT ATC GTT CGT TTC GAG AAG GTT AAC TAC TCC GGT ATC AAC ACC AAT AAC TTT GCG GAA GAC GAA CTG GTT GAA GTT GAG GCT,0.9672998208910218
ATG GTT CAG CGC GGT TCT AAA GTT CGT ATC CTG CGT CCG GAG TCT TAC TGG TTC CAG GAC GTT GGT ACC GTT GCG TCT GTT GAC CAG TCT GGC ATC AAA TAC CCG GTT ATC GTT CGT TTC GAC CAC GTT AAC TAC TCT GGT ATC AAC ACC AAC AAC TTC GCT GAA GAC GAA CTG GTT GAG GTG GAA GCG,1.8967043870626743
ATG GTG CAG CGT GGC TCT AAA GTT CGT ATC CTG CGT CCG GAA TCT TAC TGG TTC CAG GAC GTT GGT ACC GTT GCG TCT GTT GAC CAG TCT GGT ATC AAA TAC CCG GTT ATC GTT CGT TTT GAA AAA GTG AAC TAC TCT GGC ATC AAC ACC AAC AAC TTC GCG GAA ATC GAA CTG GTT GAA GTT GAA GCG,0.9634871996464124
ATG GTT CAG CGC GGC TCC AAA GTT CGT TTT CTG CGT CCG GAG TCT TAC CAG TTT CAG GAC GTT GGT ACC GTT GCG TCT GTT GAC CAG TCT GGC ATC AAA TAC CCG GTT ATC GTT CGC TTC GAG AAA GTG AAC TAT TCT GGT ATC AAC ACC AAC AAC TTC GCG GAA GAC GAA CTG GTG GAA GTT GAA GCG,-0.332272556408501
ATG GTT CAA CGT GGC TCT AAA GTG CGT ATC CTG CGT CCG GAA TCT TAC TGG TTC CAG GAC GTT GGC ACC GTT GCG TCT GTT CAG CAG CAC GGT ATT AAG TAC CCG GTG ATC GTG CGT TTC GAG AAA GTG AAC TAC TCT GGT ATC AAC ACC AAC AAC TTC GCG GAA GAT GAG CTG GTT GAA GTT GAA GCG,0.5806418556583597
ATG GTT CAG CGT GGT TCT AAA GTT CGT ATC CTG CGT CCG GAA TCT TAC TGG TTC CAA GAC GTT GGT ACC GTT GCG TCT GTT GAC CAG TCT GGT ATC AAG TAC CCG GTT ATC GTT CGT TTC GAG AAA GTG AAC TAC TCT GGC ATC AAC ACC AAC AAC ATC GCG GAA GAC GAA TGC GTT GAA GTT GAA GCG,0.2687524886084304
ATG GTT CAG CGC GGT TCT AAA GTT CGT ATC CTG CGT CCG GAA TCT TAC TGG TTC CAG GAT GTT GGT ACC GTT GCG TCT GTT TAC CAA CGC GGT ATC AAA TAC CCG GTT ATC GTT CGT TTC GAG AAG GTT AAC TAC TCT GGC ATC AAC ACC AAC AAC TTC GCG GAA GAC GAA CTG GTT GAG GTT GAA GCG,-0.2165741602382821
ATG GTT CAG CGT GGT TCT AAA GTT CGT ATC CTG CGT CCG GAA TCT TAC TGG TTC CAG GAC GTT GGT ACC GTT GCG GAA GTG GAC CAG TCT GGC ATC AAA TAC CCG GTT ATC GTT CGT TTT GAA AAA GTG AAC TAC TCC GGT ATC AAC ACC AAC AAC TTC GCG GAA GAC GAA CTG GTT GAA GTT GAA GCG,2.130429724007347
ATG GTT CAG CGT GGT TCT AAA GTT CGT ATC CTG CGT CCG GAA TCT TAC TGG TTC CAA GAC GTT GGT ACT GTT GCG TCT GTT GAC CAG TCT GGC ATC AAA TAC CCG GTT ATC GTT CGT TTC TGG TGC GTT AAC TAC TCT GGT ATC AAC ACC AAC AAC TTC GCG GAA GAC GAA CTG GTT GAA GTT GAA GCG,2.4034808219507884
ATG GTT CAG CGT GGT TCT AAA GTT CGT ATC CTG CGT CCG GAA TCT TAC TGG TTC CAG GTT GTG GGC ACC GTG GCG TCT GTT GAC CAG TCT GGT ATC AAA TAC CCG GTT ATC GTT CGC TTT GAA AAG GTT AAC TAC TCT GGC ATC AAC ACC AAC AAC TTC GCG GAA GAC GAA CTG GTT GAA GTT GAA GCG,1.3893685411313164
ATG GTT CAG CGT GGT TCT AAA GTT CGT CGC CTG CGT CCG GAG TCT TAC GAC TTC CAG GAC GTT GGT ACC GTT GCG TCT GTT GAC CAG TCT GGT ATC AAA TAC CCG GTT ATC GTT CGC TTC GAA AAG GTT AAC TAC TCT GGC ATC AAC ACC AAC AAC TTC GCG GAA GAT GAG CTG GTT GAA GTG GAG GCG,-0.1069506579369004
ATG GTT CAG CGT GGT TCT AAA GTT CGT ATC CTG CGT CCG GAA TCT TAC TGG TTC CAG GAC GTG GGT ACC GTT GCG TCT GTT GAT CAG TCC GGC ATC AAA TAC TAC GTT ATC GTT CGT TTC GAG AAA GTG AAC TAC TCC GGT ATC TCT ACC AAC AAC TTC GCG GAA GAC GAA CTG GTT GAA GTG GAA GCG,1.9902654590947133
ATG GTT CAG CGT GGT TCT AAA GTG CGT ATC CTG CGT CCG GAA TCT TAC TGG TTC CAG GAC GTT GGT ACC GTT GCG TCT GTT AAC CAG CAA GGC ATC AAA TAC CCG GTT ATC GTT CGT TTC GAG AAG GTT AAC TAC TCT GGT ATC AAC ACC AAC AAC TTC GCG GAA GAC GAG CTG GTT GAG GTT GAA GCG,0.5653808025661788
ATG GTT CAG CGT GGC TCT AAA GTT CGT ATC CTG CGT CCG GAA TCT TAC TGG TTC CAG GAC GTT GGT ACC GTT GCG TCT GTT GAC CAG TCT GGT ATC AAA TAC CCG GTT ATC GTT CGT TTC GTG GTT GTT AAC TAC TCT GGC ATC AAC ACC AAC AAC TTC GCG GAA GAC GAA CTG GTT GAA GTG GAA GCG,1.813927572230964
ATG GTT CAG CGT GGT TCT AAA GTT CGT ATC CTG CGT CCG GAA TCT TAC TGG TTC CAA GAC GTT GGT ACC GTT GCG TCT GTT GAC CAG TCT GGT ATC AAA TAC TAC GTG ATC GTT CGT TTC GAG AAG GTG AAC TAC TCT GGC ATC AAC TAC AAC AAT TTC GCG GAA GAC GAA CTG GTT GAA GTT GAA GCG,2.242169769421922
ATG GTT CAG CGT GGT TCC AAA GTT CGT ATC CTG CGT CCG GAA TCT TAC TGG TTT CAG GAC GTT GGT ACC TGC GCG TCT GTT GAT CAG TCT GGC ATC AAG TAC CCG GTT ATC GTG CGT TTT GAA AAG GTG AAC TAC TCT GGT ATC AAC ACC AAC AAC TTC GCG GAA GAC GAA CTG GTT GAA GTT GAA GCG,0.7157717689310804
ATG GTT CAG CGT GGC TCT AAG GTT CGT ATC CTG CGT CCG GAA TCT TAC TGG TTC CAG GAC GTT GGT ACC GTG GCG TCT GTT GAC CAG TCT GGT ATC AAA TAC GGC GTT ATC GTG CGC TTC GAG AAA GTG AAC TAC TCT GGC ATC AAC AAT AAC AAT TTC GCG GAA GAC GAA CTG GTT GAA GTT GAA GCG,0.8081613052071435
ATG GTT CAG CGT GGT TCT AAA GTT CGT ATC CTC CCG CCA GAA TCT TAC TGG TTC CAG GAC GTT GGT ACC GTT GCG TCT GTG GAC CAG TCT GGT ATC AAA TAC CCG GTT ATC GTT CGT TTC GAG AAA GTG AAC TAC TCT GGC ATC AAC ACC AAC AAC TTC GCT GAA GAC GAA CTG GTT GAA GTT GAA GCG,0.6488700725103537
ATG GTT CAG CGT GGT TCT AAA GTT CGT ATC CTG CGT CCG GAA TCT TAC TGG TTC CAG GAT GTT GGT ACC GTT GCG TCT GTT GAC CAG TCC GGT ATT AAG TAC TGC GTG ATC GTG CGT TTC GAG AAG GTG AAC TAC TCT GGT ATC AAC ATG AAC AAC TTC GCT GAA GAC GAA CTG GTT GAA GTT GAA GCG,2.1456121738362626
ATG GTT CAG CGT GGC TCC AAA GTT CGT GAC CTG CGT CCG GAA TCT TAC ACC TTC CAG GAC GTT GGT ACC GTG GCG TCC GTG GAC CAG TCT GGT ATC AAA TAC CCG GTT ATC GTT CGC TTC GAA AAG GTT AAC TAC TCC GGT ATT AAC ACC AAC AAC TTC GCG GAA GAC GAA CTG GTT GAA GTT GAG GCT,-0.3697839275283526
ATG GTT CAG CGT GGC TCT AAG GTT CGT ATT CTC CGT CCG GAG TCT TAC TGG TTT CAG GAC GTT GGT ACC GTT GCG TCT GTT GAC CAG TCT GGT ATC AAG TAC CGC GTT ATC GTT CGT TTC GAG AAG GTT AAT TAC TCT GGC ATC ATG ACC AAT AAC TTC GCG GAA GAC GAA CTG GTT GAA GTT GAA GCG,1.171848352794349
ATG GTT CAG CGT GGT TCT AAA GTT CGT ATC CTG CGT CCG GAA TCT TAC TGG TTC CAG GAC GTT GGT ACC GTT GCG TCT GTT GAC CAG TCC GGC ATC AAA TAC CCG GTT ATC GTT CGC TTC GAG AAA GTG AAC TAC TCT GGT ATC AAC ACC AAC AAC TTC GCG GAA GAC GAA CTG GTT GAA CAC GAG GCT,-0.2302818398078811
ATG GTT CAG CGT GGT TCT AAA GTT CGT ATC CTG CGT CCG GAA TCT TAC TGG TTC CAG GAC GTT GGT ACC GTG GCG TCT GTT TGG CAG GTT GGC ATC AAA TAC CCG GTT ATC GTT CGC TTC GAG AAA GTG AAC TAC TCT GGT ATC AAC ACC AAC AAC TTC GCG GAA GAC GAA CTG GTT GAA GTT GAA GCG,0.5521528177704849
ATG GTT CAG CGT GGT TCT AAA GTT CGT ATC CTG CGT CCG GAA TCT TAC TGG TTC CAG GAC GTT GGT ACC GTT GCG TCT GTT GAC CAG TCT GGC ATC AAA TAC CCG GTT ATC GTT CGT TTC ATC GCG GTT AAC TAC TCT GGT ATC AAC ACC AAC AAC TTC GCG GAA GAC GAA CTG GTT GAA GTT GAA GCG,1.7285666742977823
ATG GTT CAG CGT GGT TCT AAA GTT CGT ATC CTG TTC CCG GAA TCT TAC TGG TTC CAG GAC GTT GGT ACC GTT GCG TCT GTT GAC CAG TCT GGC ATC AAA TAC CCG GTT ATC GTT CGT TTC GAG AAG GTT AAC TAC TCC GGT ATC AAC ACC AAT AAC TTC GCG GAA GAC CAA CTG GTT GAA GTT GAA GCG,0.1720090766912779
ATG GTT CAG CGT GGT TCT AAA GTT CGT ATC CTG CGT CCG GAA TCT TAC TGG TTC CAG GAC GTT GGC ACT GTG GCG TCT GTT GAC CAG TCT GGC ATC AAA TAC CCG GCG ATC GTT CGC TTC GAA AAA GTG AAC TAC TCT GGT ATC AAC ACC AAC AAT TTT GCG GAA GAC GAA CTG GTT GAA GTG GAG GCT,-0.5997733586105383
ATG GTT CAG CGT GGT TCT AAA GTT CGT ATC CTG CGT CCG GAA TCT TAC TGG TTT CAG GAC GTT GGT ACC GTT GCG TCT GTT GAC CAG TCC GGT ATC AAA TAC GTT GTT ATC GTT CGT TTC GAG AAG GTT AAC TAC TCT GGC ATC AAC CTC AAC AAC TTT GCG GAA GAC GAA CTG GTT GAA GTT GAA GCG,2.2872104949073755
ATG GTT CAG CGC GGC TCC AAA GTT CGT ATC CTG CGT CCG GAA TCT TAC TGG TTC CAG GAC GTT GGT ACC GTT GCG TCT GTT GAC CAG TCC GGT ATC AAA TAC CCG GTT ATC GTT CGT TTC TTC CCG GTG AAC TAC TCT GGC ATC AAC ACT AAC AAC TTC GCG GAG GAC GAG CTG GTT GAA GTT GAA GCG,0.6747089811680186
ATG GTT CAG CGT GGC TCC GAC GTT CGT ATC CTG CGT CCG GAA TCT TAC TGG TTC CAG GAC GTT GGT ACC GTT GCG TCT GTT GAC CAG TCT GGT ATC AAA TAC CCG GTG ATC GTT CGT TTT GCG AAG GTT AAC TAC TCT GGC ATT AAC ACC AAC AAC TTC GCG GAA GAT GAA CTG GTT GAA GTT GAA GCG,0.1020802058747002
ATG GTT CAG CGT GGT TCC GGT GTT CGT ATC CTG CGT CCG GAA TCT TAC TGG TTC CAG GAT GTT GGT ACC GTT GCG TCT GTT GAC CAG TCC GGT ATC AAG TAC CCG GTT ATC GTG CGT TTT ATG AAG GTT AAT TAC TCC GGC ATC AAC ACT AAC AAC TTC GCG GAA GAC GAA CTG GTT GAA GTG GAA GCG,0.5837682826416499
ATG GTT CAG CGT GGT TCT AAA GTT CGT ATC CTG CGT CCG GAA TCT TAC TGG TTC CAG GAC GTG GGT ACC GTT GCG TCT GTT GAC CAG TCT GGT ATC AAA TAC CCG GTT ATC GTT CGT TTC GAG AAA GTG AAC TAC TCC GGT ATT AAC ACC AAC GAT TTC GCG GAA GAC GAG CTG GTT GAA GTT GAG GCT,0.7504379328354849
ATG GTT CAG CGC GGT TCT GAA GTT CGT ATT CTG CGT CCG GAA TCT TAC TGG TTC CAA GAC GTT GGT ACC GTT GCG TCT GTT GAC CAG TCC GGT ATC AAG TAT CCG GTT ATC GTG CGT TTC GAC AAG GTT AAC TAC TCT GGC ATC AAC ACC AAC AAC TTC GCG GAG GAT GAG CTC GTT GAA GTT GAA GCG,0.1193760331910286
ATG GTG CAG CGT GGT TCT AAA GTT CGT ATC CTG CGT CCG GAA TCT TAC TGG TTC CAG GAC GTT GGT ACC GTT GCT TCT GTT GAC CAG TCT GGT ATC AAA TAC CCG GTT ATC GTT CGC TTC GAA AAG GTT AAC TAC TCT GGC ATC AAC ACC AAC AAC GTG GCG GAA GAC GAA CCG GTG GAA GTT GAA GCG,-0.802863284169429
ATG GTT CAG CGT GGC TCT AAA GTT CGC AAA CTG CGT CCG GAA TCT TAC AAC TTC CAG GAT GTT GGT ACC GTT GCG TCT GTT GAC CAG TCC GGT ATC AAA TAC CCG GTT ATC GTT CGT TTT GAA AAG GTG AAC TAC TCT GGC ATC AAC ACC AAC AAT TTC GCG GAG GAC GAG CTG GTT GAA GTG GAA GCG,-0.6934331687608091
ATG GTT CAG CGT GGC TCT AAA GTG CGT ATC CTG CGT CCG GAA TCT TAC TGG TTC CAG GAC GTT GGT ACC GTT GCG TCT GTT GAC CAG TCT GGC ATC AAA TAC GAC GTT ATC GTG CGT TTC GAG AAA GTT AAT TAC TCT GGT ATC AAC CGC AAC AAC TTC GCG GAA GAC GAA CTG GTT GAA GTT GAA GCG,0.1566101198170024
ATG GTT CAG CGC GGC TCC AAG GTT CGT ATC CTG CGT CCG GAA TCT TAC TGG TTC CAG GAC GTT GGT ACC GTT GCG TCT GTT GAC CAG TCC GGT ATC AAA TAC ATG GTT ATC GTT CGC TTC GAA AAA GTG AAC TAC TCT GGC ATC AAC CAG AAC AAC TTC GCG GAA GAC GAA CTC GTT GAA GTG GAA GCG,1.7625593147626288
ATG GTT CAG CGC GGT TCT AAA GTT CGT ATC CTG CGT CCA GAA TCT TAC TGG TTC CAA GAT GTT GGT ACC GTT GCG TCT GTG GAC CAA TCT GGC ATC AAA TAC CCG GTG ATC GTT CGT TTC GGC TCC GTT AAC TAC TCC GGT ATC AAC ACC AAC AAC TTC GCT GAA GAC GAA CTG GTT GAA GTT GAA GCG,1.279880854790287
ATG GTT CAG CGT GGT TCT AAA GTT CGT ATC CTG GAC CCG GAA TCT TAC TGG TTC CAG GAC GTG GGT ACC GTT GCG TCT GTT GAC CAG TCT GGT ATC AAA TAC CCG GTT ATC GTT CGT TTT GAA AAA GTG AAC TAC TCC GGC ATC AAC ACC AAC AAC TTC GCG GAA GAC GTT CTG GTT GAA GTT GAG GCG,0.4927123813026165
ATG GTT CAG CGT GGT TCC AAA GTT CGT ATC CTG CGT CCG GAA TCT TAC TGG TTC AAA GAC GTT GGT ACC GTG GCT TCT GTT GAC CAG TCT GGT ATT AAG TAC CCG GTT ATC GTT CGT TTC GAG AAG GTT AAC TAC TCC GGT ATC AAC ACC AAC AAC TTC GCG GAA GAC GAA CTG GTT GAA GTT GAA GCG,1.1824403847821885
ATG GTT CAG CGC GGC TCT ATG GTG CGC ATT CTG CGT CCA GAA TCT TAC TGG TTC CAG GAC GTT GGT CAC GTT GCG TCT GTT GAC CAG TCC GGT ATT AAG TAC CCG GTT ATC GTT CGT TTC GAG AAG GTT AAC TAC TCT GGT ATC AAC ACC AAC AAC TTC GCT GAA GAC GAA CTG GTT GAA GTT GAG GCT,0.4261733911250887
ATG GTT CAG CGT GGT TCC AAA GTT CGT ATC CTG CGT CCG GAA TCT TAC TGG TTT CAA GAC GTT GGT ACC GTT GCG TCT GTT GAC CAG TCT GGC ATC AAG TAC CCG GTT ATC GTT CGT TTC GAG AAG GTT AAC TAC TCC GGT ATC AAC ACC AAC AAC TTC GCG GAA GAC GAA CTG GAA GAA GTT GAA GCG,3.3731231828288166
ATG GTT CAG CGT GGC TCT AAA GTT CGT ATC CTG CGT CCG GAA TCT TAC TGG TTC CAG GAC GTT GGT ACC GTT GCG TCT GTT GAC CAG TCC GGT ATT AAG TAT CCG GTT ATC GTG CGC TTC GAA AAA GTG AAC TAC TCT GGT ATC AAC ACC AAC AAC CAC GCG GAA GAC GAA CGT GTT GAA GTT GAA GCG,-0.5643166201323623
ATG GTG CAG CGT GGT TCT AAA GTT CGT ATC CTG CGT CCG GAA TCT TAC TGG TTC CAG GAC GTT GGT ACC GTT GCG TCT GTT GAC CAG TCC GGT ATC AAG TAC GTT GTG ATC GTG CGT TTC GAG AAA GTG AAC TAC TCT GGC ATC TTC ACC AAT AAC TTC GCT GAA GAC GAA CTG GTT GAA GTT GAG GCT,2.5084403583028467
ATG GTT CAG CGT GGC TCT AAA GTT CGT ATC CTG CGT CCG GAA TCT TAC TGG TTC ACC GAC GTT GGT ACC GTT GCG TCT GTT GAC CAG TCT GGC ATC AAA TAC CCG GTT ATC GTT CGT TTT GAA AAG GTG AAC TAC TCC GGT ATC AAC ACC AAC AAC TTC GCG GAA GAC GAA CTG GTT GAA GTT GAA GCG,0.4422378584422012
ATG GTG CAG CGC GGT TCT CGT GTT CGT ATC CTG CGT CCG GAA TCT TAC TGG TTC CAA GAC GTT GGT ACC GTT GCG TCT GTT GAC CAG TCT GGC ATC AAA TAC CCG GTT ATC GTG CGT TTT ATG AAG GTT AAT TAC TCC GGT ATC AAC ACC AAT AAC TTC GCG GAA GAC GAA CTG GTT GAA GTT GAA GCG,1.5636017559674902
ATG GTT CAG CGC GGT TCC AAA GTT CGT ATC CTG CGT CCG GAA TCT TAC TGG TTC CAG GAC GTT GGT ACC GTT GCG TCT GTT GAC CAG TCC GGC ATC AAA TAC TCC GTT ATC GTG CGT TTC GAG AAA GTG AAC TAC TCT GGT ATC AAC CGT AAC AAC TTC GCG GAA GAC GAA CTG GTT GAA GTT GAA GCG,1.3135170447979472
ATG GTT CAG CGC GGT TCT AAA GTG CGT ATC CTG CGT CCG GAA TCT TAC TGG TTC CAG GAC GTT GGT ACC GTT GCG TCT GTT GAC CAG TCT GGC ATC AAG TAC CCG GTT ATC GTG CGC TTC GAA AAG GTT AAC TAC TCC GGT ATC AAT ACC AAC AAC TTT GCG AAG GAC GAA CTG GTT GAA GTT GAA GCG,1.2178429533502078
ATG GTT CAG CGT GGT TCT AAA GTT CGT GAC CTG CGT CCG GAA TCT TAC CAG TTT CAG GAC GTT GGT ACC GTT GCG TCT GTT GAC CAG TCT GGC ATC AAA TAC CCG GTT ATC GTT CGT TTC GAG AAA GTG AAC TAC TCC GGT ATC AAC ACC AAC AAC TTC GCG GAA GAC GAA CTG GTT GAA GTT GAA GCG,-0.8883054367869423
ATG GTG CAG CGC GGT TCT AAA GTT CGT ATT CTG CGT CCA GAA TCT TAT TGG TTC CAG GAC GTT GGT ACC GTT GCG TCT GTT GAC CAG TCT GGC ATC AAA TAC GGT GTT ATC GTT CGT TTC GAG AAG GTT AAC TAC TCC GGT ATC TTC ACC AAC AAC TTC GCG GAA GAC GAA CTG GTT GAA GTT GAA GCG,1.1857425621060125
ATG GTT CAG CGT GGC TCC AAA GTT CGT ATC CTG CGT CCG GAA TCT TAC TGG TTC CAA GAC GTT GGT ACC GTT GCG TCT GTT GAC CAG TCC GGT ATC AAG TAC CCG GTG ATC GTT CGT TTT GAA AAG GTG AAC TAC TCT GGC ATC AAC ACC AAC AAC CCG GCT GAA GAT GAA CGT GTT GAA GTT GAA GCG,-1.1495111434271157
ATG GTT CAG CGC GGT TCC AAA GTT CGT ATC CTG GGT CCG GAA TCT TAC TGG TTC CAG GAC GTT GGT ACC GTT GCG TCT GTT GAC CAG TCT GGT ATC AAG TAC CCG GTT ATC GTT CGT TTC GAG AAA GTG AAC TAC TCC GGT ATT AAC ACC AAC AAC TTC GCT GAA GAC ACC CTG GTT GAA GTT GAA GCG,-0.7911477032678033
ATG GTG CAG CGT GGT TCT AAA GTT CGT ATC CTG CGT CCG GAA TCT TAC TGG TTC CAA GAC GTT GGT ACC GTT GCG TCT GTT GAC CAG TCT GGT ATC AAG TAC TTC GTT ATC GTT CGC TTC GAA AAG GTT AAC TAC TCT GGC ATC TTC ACC AAC AAC TTC GCG GAA GAC GAA CTG GTT GAA GTT GAA GCG,2.769021313217251
ATG GTT CAG CGT GGT TCT AAA GTT CGT ATC CTG CGT CCG GAA TCT TAC TGG TTT CAG GAC GTT GGT ACC GTT GCG TCT GTT GAC CAG TCT GGT ATC AAA TAC CCG GTT ATC GTT CGC TTC GAA AAG GTG AAC TAC TCT GGC ATC AAC ACC AAC AAC TTC GCG GAA GAC GAA CTG GTT GAG GCT GAA GCG,0.417926585611161
ATG GTT CAG CGT GGT TCT TTT GTT CGT ATC CTG CGT CCG GAA TCT TAC TGG TTC CAG GAC GTT GGT GCG GTT GCG TCT GTT GAC CAG TCT GGT ATC AAG TAC CCG GTG ATC GTT CGT TTC GAG AAA GTG AAC TAC TCC GGT ATT AAC ACC AAC AAC TTC GCG GAA GAC GAA CTG GTT GAA GTT GAA GCG,0.0393190753277318
ATG GTT CAG CGC GGC TCT AAA GTG CGT CAC CTG CGT CCG GAA TCT TAC GCG TTC CAG GAC GTT GGT ACC GTT GCG TCT GTT GAC CAG TCT GGT ATT AAG TAC CCG GTT ATC GTT CGC TTC GAA AAG GTT AAC TAC TCC GGT ATC AAC ACC AAC AAC TTC GCG GAA GAC GAA CTG GTT GAA GTT GAA GCG,-0.8530957181363766
ATG GTT CAG CGT GGC TCC AAA GTT CGT ATC CTG CGT CCG GAA TCT TAC TGG TTC CAG GAC GTT GGT ACC GTT GCG TCT GTT GAC CAG TCT GGT ATC AAG TAC CCG GTT ATC GTT CGT TTC GAG AAG GTT CAC TAC TCT GGC ATC AAC ACC AAC AAC TTC GCG GAA GAC GAA CTG GTT GAA GTT GAA GCG,1.7624373996423963
ATG GTT ATG CGT GGT TCT AAA GTT CGT ATC CTG CGT CCG GAA TCT TAC TGG TTC CAG GAC GTT GGT ACC GTT GCG TCT GTT GAC CAG TCT GGC ATC AAG TAC CCG GTT ATC GTT CGT TTC GAG AAG GTT AAC TAC TCC GGT ATC AAC ACC AAC AAT TTC GCG GAA GAC GAA CTG GTT GAA GTT GAA GCG,1.6466669295931893
ATG GTT CAG CGT GGT TCT AAA GTT CGT ATC CTG CGT CCG GAA TCT TAC TGG TTC CAG GAC GTT GGT ACC GTT GCG TCT GTT AAC CAG AAC GGT ATC AAA TAC CCG GTT ATC GTT CGC TTC GAG AAG GTG AAC TAC TCT GGT ATT AAC ACC AAC AAC TTC GCT GAA GAC GAA CTG GTT GAA GTT GAA GCG,0.7527846870239081
ATG GTT CAG CGT GGC TCT AAA GTT CGT ATC CTG CGT CCG GAA TCT TAC TGG TTC CAG GAC GTG GGT ACC GTT GCG TCT GTT GAC CAG TCT GGT ATT AAG TAC CCG GTT ATC GTT CGT TTC GAG AAG GTT AAC TAC TCC GGT ATC AAC ACC AAC AAC CGT GCG GAG GAC GAG CCG GTT GAA GTT GAA GCG,-0.6089202906249784
ATG GTT CAG CGT GGT TCT AAA GTT CGT ATC CTC GAT CCG GAA TCT TAC TGG TTC CAG GAC GTT GGT ACC GTT GCG TCT GTT GAC CAG TCT GGT ATC AAA TAC CCG GTT ATC GTT CGT TTC GAG AAG GTT AAT TAC TCT GGC ATC AAC ACC AAC AAT TTT GCG GAG GAC TTT CTC GTT GAA GTT GAG GCT,0.4682630229028305
ATG GTT CAG CGT GGC TCC AAA GTT CGT ATC CTG CGT CCG GAA TCT TAC TGG TTT CAG GAC GTT GGT ACC GTT GCG TCT GTG GAC CAG TCC GGT ATC AAA TAT CCG GTT ATC GTT CGC TTC TCC ACC GTT AAC TAC TCT GGC ATC AAC ACC AAC AAC TTC GCG GAA GAC GAA CTG GTT GAA GTT GAA GCG,2.4837300208918083
ATG GTT CAG CGT GGC TCC AAA GTT CGT ATT CTG CGT CCG GAA TCT TAC TGG TTC CAG GAC GTT GGT ACC GTT GCT TCT GTT GAC CAG TCT GGC ATC AAA TAC CCG GTT ATC GTT CGT TTT GAA AAG GTG AAC TAC TCC GGT ATC AAC ACC AAC AAC TTC GCG GAA GAC GAA CTG GTT GAA TGG GAA GCG,0.6247672115195707
ATG GTT CAG CGT GGT TCT CAG GTT CGT ATC CTG CGT CCG GAA TCT TAC TGG TTC CAG GAT GTT GGT TAC GTT GCG TCT GTT GAC CAG TCT GGT ATC AAA TAC CCG GTT ATC GTG CGT TTT GAA AAG GTT AAC TAC TCC GGT ATT AAC ACC AAT AAC TTC GCG GAA GAC GAA CTG GTT GAA GTT GAA GCG,0.6094499829776412
ATG GTT CAG CGT GGT TCT AAA GTT CGT ATC CTG GCT CCG GAA TCC TAC TGG TTC CAG GAC GTT GGT ACC GTT GCG TCT GTT GAC CAG TCT GGC ATC AAA TAC CCG GTT ATC GTT CGT TTT GAA AAG GTG AAC TAC TCT GGT ATC AAC ACC AAC AAC TTC GCT GAA GAC CCG CTG GTT GAA GTT GAA GCG,-2.712510397919908
ATG GTT CAG CGC GGT TCT AAA GTT CGT ATC CTG CGT CCG GAA TCT TAC TGG TTC CAG GAC GTG GGC ATG GTT GCT TCT GTT GAC CAG TCT GGT ATC AAA TAC CCG GTT ATC GTT CGT TTT GAA AAA GTG AAC TAC TCT GGC ATC AAC ACC AAC AAC TTC GCG GAA GAC GAG CTG GTT GAA GTG GAA GCG,0.9693895751275964
ATG GTT CAG CGT GGT TCT AAA GTT CGT ATC CTG CGT CCG GAA TCT TAC TGG TTC CAG GAT GTT GGT ACC GTT GCG TCT GTT GAC CAG TCT GGT ATC AAA TAC CCG GTT ATC GTG CGT TTC GAG AAA GTT AAT TAC TCT GGC ATC AAC ACC AAC AAC TAC GCG GAA GAC GAG CCG GTT GAA GTT GAA GCG,0.1873527013971658
ATG GTT CAG CGC GGC TCC AAA GTT CGT ATC CTG CGT CCG GAA TCT TAC TGG TTT CAG GAC GTT GGT ACC GTT GCG TCT GTT GAC CAG TCC GGC ATT AAG TAC CCG GTT ATC GTT CGC TTC GAA AAG GTG AAC TAC TCC GGT ATC AAC ACC AAC AAT AAC GCG GAA GAC GAA GAC GTT GAA GTT GAA GCG,-0.6698069743445197
ATG GTT CAG CGT GGT TCT AAA GTT CGC ATC CTC CGT CCG GAA TCT TAC TGG TTT CAG GAC GTT GGT ACC GTT GCG TCT GTT GAC CAG TCT GGC ATC AAA TAC CCG GTT ATC GTG CGT TTC ATC AAC GTT AAC TAC TCC GGT ATC AAC ACC AAC AAC TTC GCT GAA GAC GAA CTG GTT GAA GTT GAA GCG,1.3428152558079165
ATG GTT CAG CGC GGT TCT AAA GTT CGC ATC CTC CGT CCG GAA TCT TAC TGG TTC CAG GAT GTT GGT ACC GTT GCG TCT GTT GAC CAG TCC GGC ATT AAG TAC CCA GTT ATC GTT CGT TTC ACC TGC GTT AAC TAT TCT GGT ATC AAC ACC AAC AAC TTC GCG GAA GAT GAA CTG GTG GAA GTT GAA GCG,1.9998523036383464
ATG GTT CAG CGT GGC TCT AAA GTT CGT ATC AAC CGT CCG GAA TCT TAC TGG TTC CAG GAC GTT GGT ACC GTT GCG TCT GTT GAC CAG TCT GGT ATC AAA TAC CCG GTT ATC GTT CGT TTC GAG AAG GTT AAC TAC TCT GGC ATC AAC ACC AAC AAC TTC GCG GAA GAC GAA CTG GTT GAA GTT GAA GCG,0.1745368483029879
ATG GTT CAG CGT GGC TCC AAA GTT CGT ATC CTG CGT CCG GAA TCT TAC TGG TTC CAG GAC GTT GGT ACC GTT GCG TCT GTT GAC CAG TCT GGC ATC AAA TAC CCG GTT ATC GTT CGT TTC GAG AAG GTG AAC TAC TCT GGT ATC AAC ACC AAC AAC CAT GCG GAA GAC GAA CAC GTT GAA GTT GAA GCG,-0.6872775805753919
ATG GTT CAG CGC GGT TCT AAA GTT CGT ATC CTG CGT CCG GAA TCT TAC TGG TTC CAG GAT GTT GGT ACC GTT GCG TCT GTT GAC CAG TCT GGC ATC AAA TAC CCG GTT ATC GTG CGT TTC GAG AAG GTG AAC TAC TCT GGT ATC AAC ACC AAC AAC GCG GCT GAA GAC GAG TGC GTT GAA GTT GAA GCG,0.4165143898219751
ATG GTT CAG CGT GGT TCT AAA GTT CGT ATC CTG CGT CCG GAA TCT TAC TGG TTC CAG GAC GTT GGT ACC GTT GCG TCT GTT GAC CAG TCC GGT ATC AAG TAC CAC GTT ATC GTT CGC TTC GAG AAA GTG AAC TAC TCT GGT ATC GTT ACC AAC AAC TTC GCG GAA GAC GAA CTG GTT GAA GTT GAA GCG,1.0155933908704933
ATG GTT CAG CGT GGT TCT AAA GTT CGT ATT CTG CGT CCG GAA TCT TAC TGG TTC CAG GAC GTT GGC ACT GTT GCG TCT GTT GAC CAG TCT GGT ATC AAA TAC CCG GTT ATC GTT CGT TTC GAG AAA GTG AAC TAC TCT GGC ATC AAC ACC AAC AAC GCG GCT GAA GAC GAA GAC GTT GAA GTT GAG GCT,-0.4464080665863454
ATG GTT CAG CGT GGC TCT AAA GTT CGT ATC CTG GAG CCG GAA TCT TAC TGG TTC CAG GAC GTT GGT ACC GTT GCG TCT GTT GAC CAG TCT GGC ATC AAA TAC CCG GTT ATC GTT CGT TTT GAA AAG GTG AAC TAC TCC GGT ATC AAC ACC AAC AAC TTC GCG GAA GAC CCG CTC GTT GAA GTG GAG GCG,-1.487113177402633
ATG GTT CAG CGT GGT TCT AAA GTT CGT ATC CTG AAA CCG GAA TCT TAC TGG TTC CAG GAC GTT GGT ACC GTT GCG TCT GTT GAC CAG TCC GGT ATT AAG TAC CCG GTT ATC GTT CGT TTC GAG AAA GTG AAC TAC TCT GGT ATC AAC ACC AAC AAC TTC GCG GAA GAC CGT CTG GTT GAA GTT GAA GCG,-1.627838068812833
ATG GTT CAG CGT GGT TCC AAC GTT CGT ATC CTG CGT CCG GAA TCT TAC TGG TTT CAG GAC GTT GGT ACC GTT GCG TCT GTT GAC CAG TCC GGT ATC AAA TAC CCG GTT ATC GTG CGC TTC TTC AAA GTG AAC TAC TCT GGC ATC AAC ACC AAT AAC TTC GCG GAA GAC GAA CTG GTT GAA GTT GAA GCG,0.8674627541096631
ATG GTT CAG CGT GGC TCT AAA GTT CGT ATC CTG CGT CCG GAA TCT TAC TGG TTC CAG GAC GTT GGT ACC GTT GCG TCT GTT GAC CAG TCT CAG ATC AAA TAC CCG GTT ATC GTT CGT TTT GAA AAA GTG AAC TAC TCC GGT ATC AAC ACC AAC AAC TTC GCG GAA GAC GAA CTG GTT GAA GTT GAA GCG,1.6773483435527146
ATG GTT CAG CGT GGC TCC AAA GTT CGT ATC CTG CGT CCG GAA TCT TAC TGG TTC CAG GAC GTG GGT ACC GTT GCG TCT GTT GAC CAG TCT GGT ATC AAA TAC TGC GTT ATC GTG CGC TTC GAA AAG GTT AAC TAC TCC GGT ATC CGT ACC AAC AAC TTC GCG GAG GAT GAA CTG GTT GAA GTT GAA GCG,1.6756091629606522
ATG GTT CAG CGT GGT TCT AAA GTT CGT ATC CTG CGT CCA GAA TCT TAC TGG TTC CAG GAC GTT GGT ACT GTT GCG TCT GTG GAC CAG TCT GGT ATC AAA TAC CCG GTT GTG GTT CGC TTT GAA AAG GTT AAC TAC TCT GGC ATC AAT ACC AAT AAC TTC GCG GAA GAC GAA CTG GTT GAA GTT GAA GCG,2.644687268500231
ATG GTT CAG CGT GGT TCT AAA GTT CGT ATC CTG CGT CCG GAA TCT TAC TGG TTC CAG GAC GTT GGT ACC GTG GCG TCT GTT AAA CAG TAC GGC ATC AAA TAC CCG GTT ATC GTT CGT TTC GAG AAG GTT AAC TAC TCC GGT ATC AAC ACC AAC AAC TTC GCG GAA GAC GAA CTG GTT GAA GTT GAA GCG,0.27731622369262
ATG GTT CAG CGT GGC TCT AAA GTT CGT ATC CTG CGC CCA GAA TCT TAC TGG TTC CAG GAC GTT GGT ACC GTT GCG TCT GTT GAC CAG TCT GGT ATC AAA TAC CCG GTT ATC GTT CGT TTC AAC GAC GTT AAC TAC TCT GGC ATC AAC ACC AAC AAC TTT GCT GAG GAC GAA CTC GTT GAG GTT GAA GCG,0.6894359880335794
ATG GTT CAG CGC GGT TCT AAA GTT CGC CAG CTG CGT CCG GAA TCT TAC AAT TTC CAG GAC GTT GGT ACC GTT GCG TCT GTT GAC CAG TCC GGT ATT AAG TAC CCG GTT ATC GTT CGC TTT GAA AAG GTT AAC TAC TCT GGT ATC AAC ACC AAC AAC TTT GCG GAA GAC GAA CTG GTT GAA GTT GAA GCG,-0.6857600465165334
ATG GTT CAG CGT GGC TCT CTG GTT CGT ATT CTG CGT CCA GAA TCT TAC TGG TTC CAG GAT GTT GGT TCC GTT GCG TCC GTG GAC CAA TCT GGT ATC AAA TAC CCG GTG ATT GTT CGT TTC GAG AAG GTT AAC TAC TCT GGC ATC AAC ACC AAC AAC TTC GCG GAA GAC GAA CTG GTT GAA GTT GAA GCG,0.4276974969732923
ATG AAA CAG CGT GGT TCT AAA GTT CGT ATC CTG CGT CCG GAA TCT TAC TGG TTC CAG GAC GTT GGT ACC GTT GCG TCT GTT GAC CAG TCT GGC ATC AAA TAC CCG GTT ATC GTT CGT TTT GAA AAA GTG AAC TAC TCC GGT ATC AAC ACC AAC AAC TTC GCG GAA GAC GAA CTG GTT GAA GTT GAA GCG,0.2682165832027764
ATG GTT CAG CGT GGT TCT AAA GTT CGT ATC CTG CGT CCG GAA TCT TAC TGG TTC CAA GAC GTT GGT ACC GTT GCG TCT GTT GAC CAG TCT GGT ATC AAA TAC CCG GTT ATC GTT CGT TTC ATC CGT GTT AAC TAC TCC GGC ATT AAC ACC AAC AAC TTT GCG GAA GAC GAA CTG GTT GAA GTT GAA GCG,2.098149946876087
ATG GTT CAG CGT GGT TCC AAA GTT CGC CCG CTC CGT CCG GAA TCT TAC GTT TTC CAG GAC GTT GGT ACC GTT GCG TCT GTT GAC CAG TCT GGT ATC AAG TAC CCG GTT ATC GTT CGT TTC GAG AAG GTG AAC TAC TCC GGT ATT AAC ACC AAC AAC TTC GCG GAA GAT GAA CTG GTT GAA GTT GAA GCG,-0.6862323443186652
ATG GTT CAG CGT GGT TCT AAA GTT CGT ATC CTG CGT CCG GAA TCT TAC TGG TTC CAG GAC GTT GGT ACC GTT GCG TCT GTT GAC CAG TCT GGT ATC AAA TAC CCG GTT ATC GTT CGT TTT GAA AAA GTG AAC TAC TCT GGC ATC AAC ACC AAC ACC TTC GCG GAA GAC GAG CTG GTT GAA GTT GAG GCT,0.8111831076900399
ATG GTT CAG CGT GGT TCT AAA GTG CGT AAC CTG CGT CCG GAA TCT TAC CAT TTC CAG GAC GTT GGT ACC GTT GCG TCT GTT GAC CAG TCC GGT ATC AAA TAC CCG GTT ATC GTG CGC TTC GAG AAA GTT AAT TAC TCT GGC ATC AAC ACC AAC AAC TTC GCG GAA GAC GAA CTG GTT GAA GTT GAA GCG,-0.9552448187751564
ATG GTT CAG AAC GGT TCT AAA GTT CGT ATC CTG CGT CCG GAA TCT TAC TGG TTC CAG GAC GTT GGT ACC GTT GCG TCT GTT GAC CAG TCT GGC ATC AAA TAC CCG GTT ATC GTT CGC TTC GAG AAA GTG AAC TAC TCC GGT ATC AAC ACC AAC AAC TTC GCG GAA GAC GAA CTG GTT GAA GTT GAG GCT,0.657667231155566
ATG GTG CAG CGT GGT TCC AAA GTT CGT ATC CTG CGT CCG GAA TCT TAC TGG TTT CAA GAC GTT GGT ACC GTT GCG TCT GTT GAC CAG TCT GGC ATC AAG TAT CCG GTT ATC GTT CGC TTC GTT ACC GTT AAC TAC TCC GGT ATC AAC ACC AAC AAC TTT GCG GAA GAC GAG CTG GTT GAA GTT GAA GCG,1.8119701839318376
ATG GTT CAG CGC GGC TCT AAA GTT CGT CAC CTG CGC CCA GAA TCT TAC ATG TTC CAG GAC GTT GGT ACC GTT GCG TCT GTT GAC CAG TCT GGT ATC AAA TAC CCG GTT ATC GTT CGC TTC GAA AAG GTG AAC TAC TCT GGC ATC AAC ACT AAC AAC TTC GCG GAA GAT GAG CTG GTT GAA GTT GAA GCG,-0.5090462630990404
ATG GTT CAA CGT GGT TCT AAA GTT CGT ATC CTG CGT CCG GAA TCT TAC TGG TTC CAG GAC GTT GGT ACC GTT GCG TCT GTT GAC CAG TCT GGC ATC AAA TAC GCG GTT ATC GTT CGT TTC GAG AAG GTT AAC TAC TCT GGT ATC AAC TGC AAC AAT TTC GCG GAA GAC GAA CTG GTT GAA GTT GAA GCG,2.080489730751717
ATG TGG CAG CGT GGC TCT AAA GTT CGT ATC CTG CGT CCG GAA TCT TAC TGG TTC CAG GAC GTT GGT ACC GTT GCG TCT GTT GAC CAG TCC GGT ATT AAG TAC CCG GTT ATC GTT CGT TTT GAG AAG GTT AAC TAC TCT GGT ATC AAC ACC AAC AAC TTC GCG GAG GAC GAA CTG GTT GAA GTT GAA GCG,1.9626330017984848
ATG GTT CAG CGT GGT TCT AAA GTT CGT ATC CTG CGT CCG GAA TCT TAT TGG TTC CAG GAC GTT GGT ACC GTT GCG TCT GTT GAC CAG TCC GGT ATC AAA TAC GAA GTT ATC GTT CGC TTC GAA AAG GTT AAC TAC TCT GGT ATC GCG ACC AAC AAC TTC GCG GAA GAC GAA CTG GTT GAA GTT GAA GCG,0.948244193723912
ATG GTT CAG CGC GGT TCT AAA GTT CGT ATC CTG CGT CCG GAA TCT TAC TGG TTC CAG GAC GTT GGT ACC GTT GCG TCT GTT GAC CAA TCC GGC ATC AAA TAC CCG GTT ATC GTT CGT TTC CAG CAC GTT AAC TAC TCT GGT ATC AAC ACC AAC AAC TTC GCG GAA GAC GAA CTG GTT GAA GTT GAA GCG,1.3081580530416117
ATG GTT CAG CGT GGT TCT AAA GTT CGT ATT CTC TCT CCA GAG TCT TAC TGG TTC CAA GAC GTT GGT ACC GTT GCG TCT GTT GAC CAG TCT GGT ATC AAA TAC CCG GTG ATC GTT CGC TTC GAA AAA GTT AAT TAC TCT GGC ATC AAC ACC AAC AAC TTC GCG GAA GAC GCG CTG GTT GAA GTT GAA GCG,0.5395532979120543
ATG GTT CAG CGT GGT TCT AAA GTT CGT ATC CTG CGT CCG GAA TCT TAC TGG TTC CAA GAC GTT GGT ACC GTT GCG TCT GTT GAC CAG TCC GGT ATC AAG TAC CAC GTG ATC GTG CGT TTC GAG AAG GTT AAC TAC TCT GGT ATC ACT ACC AAC AAC TTC GCG GAA GAC GAA CTG GTT GAA GTT GAA GCG,1.2379901240175033
ATG GTT CAG CGT GGT TCT AAA GTT CGC ATC CTG CGT CCG GAG TCT TAC TGG TTC CAG GAC GTT GGC ACT GTT GCT TCC GTT GAC CAG TCT GGT ATC AAA TAC TAC GTT ATC GTG CGT TTC GAG AAA GTG AAC TAC TCC GGT ATT AAC ACC AAC AAC TTC GCG GAA GAT GAA CTG GTT GAA GTT GAA GCG,1.7075992130654365
ATG GTT CAG CGT GGT TCT AAA GTT CGT ATC CTG CGT CCG GAA TCT TAC TGG TTC CAG GAC GTT GGT ACC GTT GCT TCT GAA GAC CAG TCT GGC ATC AAA TAC CCG GTT ATC GTT CGT TTT GAA AAA GTG AAT TAC TCC GGT ATC AAC ACC AAC AAC TTC GCG GAA GAT GAG CTG GTG GAA GTT GAA GCG,-0.5798156403673528
ATG GTT CAG CGT GGT TCT AAA GTT CGT ATC CTG CGT CCG GAA TCT TAC TGG TTC CAG GAC GTT GGT ACC GTT GCG TCT GTT GAC CAG TCT GGC ATC AAA TAC CCG GTT ATC GTT CGC TTC GAA AAA GGT AAC TAC TCC GGT ATC AAC ACC AAC AAC TTC GCG GAA GAC GAA CTG GTT GAA GTT GAA GCG,1.0314788862498367
ATG GTT CAG CGT GGT TCT AAG GTT CGT ATC CTG ACT CCA GAA TCC TAC TGG TTC CAG GAC GTT GGT ACC GTT GCG TCT GTT GAC CAG TCT GGC ATC AAA TAC CCG GTT ATC GTG CGT TTC GAG AAG GTG AAC TAC TCC GGT ATC AAT ACC AAC AAC TTT GCT GAA GAC TTC CTG GTT GAA GTT GAA GCG,-0.3878544762073064
ATG GTT CAG CGT GGT TCT AAA GTT CGT ATC CTG CGT CCG GAA TCT TAC TGG TTC CAG GAC GTT GGC ACC GTT GCG TCT GTT GAC CAG TCC GGC ATC AAG TAC AAG GTG ATC GTT CGT TTC GAG AAG GTT AAC TAC TCT GGC ATT CAC ACC AAC AAC TTC GCG GAA GAC GAA CTG GTT GAA GTT GAA GCG,1.3011482708667934
ATG GTT CAG CGC GGT TCT AAA GTT CGT ATC CTG CGT CCG GAA TCT TAC TGG TTC CAG GAC GTT GGT ACC GTT GCG TCT GTT ATG CAG AAC GGT ATC AAA TAC CCG GTT ATC GTT CGC TTC GAA AAA GTG AAC TAC TCT GGC ATC AAC ACC AAC AAC TTC GCG GAA GAC GAA CTG GTT GAA GTG GAA GCG,1.4681817627797118
ATG GTT CAG CGT GGT TCT AAA GTT CGT ATC CTG CGT CCG GAA TCT TAC TGG TTC CAG GAC GTT GGT ACC GTT GCG TCT GTT GTT CAG ATG GGT ATC AAA TAC CCG GTT ATC GTT CGT TTC GAG AAA GTG AAC TAC TCT GGC ATC AAC ACC AAC AAC TTC GCG GAA GAC GAA CTC GTT GAA GTT GAA GCG,0.530733961721715
ATG GTT CAG CGC GGT TCT AAA GTT CGT ATC CTG CGT CCG GAA TCT TAC TGG TTC CAG GAC GTT GGT ACC GTT GCG TCT GTT AAC CAA TGC GGT ATC AAA TAC CCG GTT ATC GTT CGC TTC GAA AAG GTT AAC TAC TCT GGC ATC AAC ACC AAC AAT TTC GCG GAA GAC GAA CTG GTT GAA GTT GAA GCG,1.3323920012335346
ATG GTT CAG CGT GGT TCC GGT GTT CGT ATC CTG CGT CCG GAA TCT TAC TGG TTC CAG GAC GTT GGT ACC GTT GCG TCT GTT GAC CAG TCT GGT ATC AAA TAC CCG GTT ATC GTG CGC TTC ATC AAG GTG AAC TAC TCC GGT ATT AAC ACC AAC AAC TTC GCT GAA GAT GAA CTG GTT GAA GTT GAA GCG,0.8725713994503714
ATG GTT CAG CGT GGT TCT AAA GTT CGT ATC CTG CGT CCG GAA TCT TAC TGG TTC CAG GAC GTT GGT ACC GTT GCG TCT GTT GAC CAG TCT GGT ATC AAA TAC CCG GTT ATC GTT CGT TTC TTC TGG GTT AAC TAC TCC GGT ATT AAC ACC AAC AAC TTC GCG GAA GAC GAA CTG GTG GAA GTT GAA GCG,2.7717408917983715
ATG GTT CAG CGT GGT TCT AAA GTT CGT ATC CTG CGT CCG GAA TCT TAC TGG TTC CAG GAC GTT GGT ACC GTT GCG TCT GTT GAA CAG GAC GGC ATC AAA TAC CCG GTT ATC GTT CGC TTC GAA AAG GTT AAC TAC TCC GGT ATC AAC ACC AAT AAC TTC GCG GAA GAC GAA CTG GTT GAA GTT GAA GCG,0.4693567620907046
ATG GTT CAG CGT GGT TCT AAA GTT CGT ATC CTG CGT CCG GAA TCT TAC TGG TTC CAG GAC GTT GGT ACC GTT GCG TCT GTT CAG CAG TGG GGT ATC AAA TAC CCA GTT ATC GTT CGT TTT GAG AAG GTT AAT TAC TCC GGC ATT AAC ACC AAC AAC TTC GCG GAA GAC GAA CTG GTG GAA GTT GAG GCT,0.5206128259708694
ATG GTT CAG CGT GGT TCT AAA GTT CGT ATC CTG CGT CCG GAA TCT TAC TGG TTC CAA GAC GTT GGT ACC GTT GCG TCT GTT GAC CAG TCT GGT ATC AAA TAC ATG GTG ATC GTG CGT TTC GAG AAG GTT AAC TAC TCT GGC ATC ATC ACC AAC AAC TTC GCG GAA GAC GAA CTG GTT GAG GTT GAA GCG,2.551861908586976
ATG GTT CAG CGT GGT TCT AAA GTT CGT ATC CTG CGT CCG GAG TCT TAC GAA TTC CAG GAC GTT GGT ACC GTT GCG TCT GTT GAC CAG TCT GGT ATC AAA TAC CCG GTG ATC GTT CGT TTC GAG AAG GTT AAC TAC TCC GGC ATC AAC ACT AAC AAC TTC GCG GAA GAC GAA CTG GTT GAA GTT GAA GCG,-1.5905579891857973
ATG GTT CAG CGT GGC TCC AAA GTT CGT ATC CTG GAA CCG GAA TCT TAC TGG TTC CAA GAC GTT GGT ACC GTT GCG TCT GTT GAC CAG TCT GGT ATC AAA TAC CCG GTT ATC GTT CGC TTC GAG AAA GTG AAC TAC TCC GGT ATT AAC ACC AAC AAC TTT GCG GAA GAC TGC CTG GTT GAA GTT GAA GCG,0.14566993461818
ATG GTT CAG CGT GGT TCT AAA GTT CGT AAG CTG CGT CCG GAA TCT TAC GGT TTC CAG GAC GTT GGT ACC GTT GCG TCT GTT GAT CAG TCT GGC ATC AAA TAC CCG GTT ATC GTG CGC TTC GAA AAA GTG AAC TAC TCC GGT ATC AAC ACC AAT AAC TTC GCT GAA GAT GAA CTG GTT GAA GTG GAA GCG,-3.492091384927062
ATG GTT CAG CGT GGT TCT GTT GTG CGT ATC CTG CGT CCG GAG TCT TAC TGG TTC CAG GAC GTT GGT ACC GTT GCT TCT GTG GAC CAG TCT GGC ATC AAG TAC CCG GTT ATC GTT CGT TTT GGC AAG GTG AAC TAT TCC GGT ATC AAC ACC AAC AAC TTC GCG GAG GAC GAA CTC GTT GAA GTT GAA GCG,0.8265709846483873
ATG GTT CAG CGT GGT TCT AAA GTT CGT ATC CTG CGT CCG GAA TCT TAC TGG TTC CAG GAC GTT GGT ACC GTT GCG TCT GTG GAC CAG TCT GGT ATG AAA TAC CCG GTT ATC GTG CGT TTT GAA AAG GTT AAT TAC TCT GGC ATC AAC ACC AAC AAC TTC GCG GAA GAC GAA CTG GTT GAA GTT GAA GCG,1.5286104598224228
ATG GTT CAG CGC GGT TCT AAA GTT CGT GCG CTG CGT CCG GAA TCT TAC TGC TTC CAG GAC GTT GGT ACC GTT GCG TCT GTT GAC CAG TCT GGC ATC AAA TAC CCG GTT ATC GTT CGT TTC GAG AAG GTT AAC TAC TCC GGT ATC AAC ACC AAC AAC TTC GCG GAA GAC GAA CTG GTT GAA GTT GAA GCG,0.3676584233724529
ATG GTT CAG CGT GGT TCT AAA GTT CGT ATC CTG CGT CCG GAA TCT TAC TGG TTC CAG GAC GTG GGT ACC GTT GCG TCT GTT GAC CAG TCT GGT ATC AAA TAC CCA GTT ATC GTT CGC TTC GAG AAA GTG AAC TCT TCC GGC ATC AAC ACC AAC AAC TTC GCG GAA GAC GAA CTG GTT GAA GTT GAA GCG,3.1898127970649304
ATG GTT CAG CGT GGC TCT AAA GTT CGT ATC CTG CGT CCG GAA TCT TAC TGG TTC CAG GAC GTT GGT TGC GTT GCG TCT GTG GAC CAG TCT GGC ATC AAA TAC CCG GTT ATC GTT CGT TTC GAG AAG GTT AAC TAC TCC GGT ATC AAC ACC AAC AAC TTC GCG GAA GAC GAA CTG GTT GAA GTT GAA GCG,1.8370315560891088
ATG GTT CAA CGT GGT TCT AAA GTT CGT ATC CTG CGT CCA GAG CTG TAT TGG TTC CAG GAC GTT GGT ACC GTT GCG TCT GTT GAC CAG TCC GGC ATC AAA TAC CCG GTT ATC GTT CGC TTC GAG AAA GTG AAC TAC TCT GGT ATC AAC ACC AAC AAC TTC GCG GAA GAC GAA CTC GTG GAA GTT GAA GCG,0.1064633889626555
ATG GTT CAG CGC GGT TCT AAA GTG CGT ATT CTG CGT CCG GAA TCT TAC TGG TTC CAG GAT GTT GGT ACC GTT GCG TCT GTT GAC CAG TCC GGT ATC AAA TAT TGC GTT ATC GTT CGC TTC GAA AAG GTT AAC TAC TCT GGT ATC CTG ACT AAC AAC TTC GCG GAA GAC GAA CTG GTT GAG GTT GAA GCG,2.225768494220447
ATG GTT CAG CGT GGT TCT AAA GTT CGT ATC CTG CGT CCG GAA TCT TAT TGG TTC CAG GAC GTT GGT ACC GTT GCG TCT GTT GAC CAG TCT GGC ATC AAA TAC CCG GTT ATC GTT CGT TTC TCT GCG GTT AAC TAC TCT GGT ATC AAC ACC AAC AAC TTC GCT GAG GAT GAA CTC GTG GAA GTG GAA GCG,0.8330350108717743
ATG GTT CAG CGT GGC TCC AAA GTT CGT ATC CTC CGT CCA GAG TCT TAC TGG TTC CAG GAT GTT GGT ACC GTT GCG TCT GTT GAC CAG TCC GGT ATC AAG TAC CAG GTT ATC GTT CGT TTC GAG AAG GTT AAC TAC TCT GGT ATC CGT ACC AAT AAC TTC GCG GAA GAC GAA CTG GTT GAA GTT GAA GCG,1.224554968134667
ATG GTT CAG CGT GGT TCT AAA GTT CGT ATC CTG CGT CCG GAA TCT TAC TGG ACC CAG GAC GTT GGT ACC GTT GCG TCT GTT GAT CAG TCC GGC ATC AAA TAC CCG GTT ATC GTT CGT TTT GAG AAA GTG AAC TAC TCC GGT ATC AAC ACC AAC AAC TTC GCG GAA GAT GAA CTG GTT GAA GTT GAA GCG,-1.5972819859069525
ATG GTT CAG CGT GGT TCT AAA GTT CGT ATC CTG CGT CCG GAA TCT TAT TGG TTC CAG GAC GTT GGT ACC GTT GCG TCT GTT GAC CAG TCT GGT ATC AAA TAC CCG GTT ATC GTT CGT TTC GAG AAG GTT AAC TAC TCT GGC ATC AAC ACC AAC ATC TTC GCG GAA GAC GAA CTG GTT GAA GTT GAA GCG,0.468094671499095
ATG GTT CAG CGT GGT TCT TGG GTT CGT ATC CTG CGT CCG GAA TCT TAC TGG TTC CAG GAC GTT GGT TGC GTT GCG TCT GTT GAC CAG TCT GGT ATC AAA TAC CCG GTG ATC GTT CGT TTC GAG AAA GTG AAC TAC TCC GGC ATC AAC ACC AAC AAC TTC GCG GAA GAC GAA CTG GTT GAA GTT GAA GCG,2.828011439676166
ATG GTT CAG CGT GGC TCT AAA GTT CGT ATC CTG CGT CCG GAA TCT TAC TGG TTC CAG GAC GTT GGT ACC GTT GCG TCT GTT GAC CAG TCT ACC ATC AAA TAC CCG GTT ATC GTT CGT TTT GAA AAG GTG AAC TAC TCT GGT ATC AAC ACC AAC AAC TTC GCG GAG GAC GAA CTG GTT GAA GTT GAG GCT,0.6242974763942615
ATG GTT CAG CGT GGC TCC AAA GTT CGT ATC CTG CGT CCG GAA TCT TAC TGG TTC CAG GAT GTT GGT ACC GTT GCG TCT GTT GAC CAG TCT GGT ATC AAG TAC CTG GTT ATC GTG CGT TTC GAG AAA GTG AAC TAT TCT GGC ATC AAC AAG AAC AAC TTC GCG GAG GAT GAA CTG GTT GAA GTT GAG GCG,2.02876211097624
ATG GTT CAG CGT GGT TCT AAA GTT CGC ATC CTG CGT CCA GAA TCT TAC TGG TTC CAG GAT GTT GGT ACC GTT GCG TCT GTT GAC CAG TCT GGC ATC AAA TAC CCG GTT ATT GTG CGT TTC GAT CAG GTT AAC TAC TCC GGT ATC AAC ACC AAC AAC TTC GCG GAA GAC GAA CTG GTT GAA GTT GAA GCG,1.1711488848790412
ATG GTT CAG CGT GGT TCT AAA GTT CGT ATC CTG CGT CCG GAG TCT TAC TGG TTT CAG GAC GTT GGT ACC GTT GCG TCT GTT GGT CAG CTG GGT ATC AAA TAC CCG GTT ATC GTG CGC TTC GAG AAA GTG AAC TAC TCT GGT ATT AAC ACC AAT AAC TTC GCG GAA GAC GAA CTG GTT GAA GTT GAA GCG,0.5816049555330565
ATG GTT CAG CGT GGT TCT AAA GTT CGT ATC CTG CGT CCG GAA TCT TAC TGG TTC CAG GAC GTT GGT ACC GTT GCG TCT GTT GAC CAG TCC GGT ATC AAA TAT CCG CAG ATC GTG CGT TTT GAA AAG GTG AAC TAC TCT GGC ATC AAC ACC AAC AAC TTC GCG GAA GAC GAA CTG GTT GAA GTT GAA GCG,-2.1001034248076333
ATG GTT CAG CGT GGT TCT ACC GTT CGT ATC CTG CGT CCG GAA TCT TAC TGG TTC CAG GAC GTG GGT AAA GTT GCG TCT GTT GAC CAG TCC GGC ATC AAA TAC CCG GTT ATC GTT CGC TTC GAA AAG GTG AAC TAC TCT GGT ATC AAC ACC AAC AAC TTC GCG GAA GAC GAA CTG GTT GAA GTT GAA GCG,0.2542099420283297
ATG GTT CAG CGT GGT TCT AAA GTT CGT ATC CTG CGT CCG GAA TCT TAC TGG TTC CAG GAT GTT GGT ACC GTT GCG TCT TGG GAC CAG TCC GGT ATT AAG TAC CCG GTG ATC GTT CGT TTC GAG AAA GTG AAC TAC TCT GGT ATC AAC ACC AAC AAC TTC GCG GAA GAT GAA CTG GTT GAA GTT GAA GCG,0.6188625136474971
ATG GTT CAG CGC GGT TCT TAC GTT CGT ATC CTG CGT CCG GAA TCT TAC TGG TTC CAG GAC GTT GGT TGC GTG GCG TCT GTT GAC CAG TCT GGT ATC AAA TAC CCG GTT ATC GTT CGC TTC GAA AAA GTG AAC TAC TCT GGC ATC AAC ACC AAC AAC TTC GCG GAA GAC GAA CTG GTG GAA GTG GAA GCG,1.5528335569466245
ATG GTT CAA CGT GGC TCC AAA GTT CGT ATT CTC CGT CCG GAA TCT TAC TGG TTT CAG GAC GTT GGT ACC GTT GCG TCT GTT GAC CAG TCT GGC ATC AAA TAC ATG GTG ATC GTT CGT TTC GAG AAG GTT AAT TAC TCT GGT ATC GAC ACC AAC AAC TTC GCG GAA GAC GAA CTC GTT GAA GTG GAA GCG,1.8725936571723016
ATG GTT CAG CGC GGT TCC AAA GTT CGT ATC CTG CGT CCG GAA TCT TAC TGG TTC CAG GAC GTT GGT ACC GTT GCT TCT GTT GAT CAG TCC GGC ATC AAG TAC GGT GTT ATC GTG CGC TTC GAA AAA GTG AAC TAC TCT GGT ATC ATC ACC AAC AAC TTC GCG GAA GAC GAA CTG GTT GAA GTT GAA GCG,0.7246410004277453
ATG GTG CAG CGC GGC TCT ACC GTT CGT ATT CTG CGT CCG GAG TCT TAC TGG TTC CAG GAC GTT GGT ACC GTT GCT TCT GTT GAC CAG TCT GGT ATT AAG TAC CCG GTG ATC GTT CGT TTC GTT AAA GTG AAC TAC TCT GGC ATC AAC ACC AAT AAC TTC GCG GAA GAC GAA CTG GTT GAA GTT GAA GCG,1.0433727063220006
ATG GTT CAG CGT GGT TCT AAG GTT CGC ATC CTG CGT CCG GAA TCT TAC TGG TTC CAG GAC GTT GGT ACC GTT GCG TCT GTT GAC CAG TCT GGC ATC AAA TAC CCG GTT ATC GTT CGT TTC TAC ATG GTG AAC TAC TCC GGT ATC AAC ACC AAC AAC TTC GCG GAA GAC GAA CTG GTT GAG GTT GAA GCG,1.748599928240452
ATG GTT CAA CGT GGT TCC TTC GTT CGT ATC CTG CGT CCG GAA TCT TAC TGG TTC CAG GAT GTT GGT ACC GTT GCG TCT GTT GAC CAG TCT GGT ATC AAA TAC CCG GTT ATC GTG CGT TTC TAC AAA GTG AAC TAC TCT GGC ATC AAC ACC AAC AAC TTC GCG GAA GAC GAA CTG GTT GAG GTT GAA GCG,1.276465633745481
ATG GTT CAG CGT GGC TCT AAA GTT CGT ACC CTG CGT CCG GAA TCT TAC ATG TTC CAG GAC GTT GGT ACC GTT GCG TCT GTT GAC CAG TCT GGT ATC AAG TAC CCG GTT ATC GTT CGT TTC GAG AAA GTG AAC TAC TCT GGC ATC AAC ACC AAC AAC TTT GCG GAA GAT GAA CTG GTT GAA GTT GAG GCT,-1.888758640781094
ATG GTT CAG CGT GGC TCC CAC GTT CGT ATC CTG CGT CCG GAA TCT TAC TGG TTC CAG GAC GTG GGC ACC GTT GCT TCT GTT GAC CAG TCT GGT ATC AAA TAC CCG GTT ATC GTT CGT TTC ACC AAA GTG AAC TAC TCT GGC ATC AAC ACC AAC AAC TTC GCG GAA GAC GAA CTG GTT GAA GTT GAA GCG,1.2390771742731634
ATG GTT CAG CGT GGC TCT AAA GTT CGT ATC CTG CGT CCG GAA TCT TAC TGG TTC CAG GAC GTT GGT ACC GTT GCG TCT GTT GAT CAG TCT GGC ATC AAG TAC CAG GTT ATC GTG CGT TTC GAG AAA GTG AAC TAT TCT GGT ATC AAC GTG AAC AAC TTC GCG GAA GAC GAA CTG GTT GAA GTT GAA GCG,1.3562398123258856
ATG GTT CAG CGT GGC TCT CCG GTT CGT ATC CTC CGT CCG GAA TCT TAC TGG TTC CAG GAC GTT GGT CAC GTT GCG TCT GTT GAC CAG TCT GGT ATC AAA TAC CCG GTT ATC GTT CGC TTC GAA AAG GTT AAC TAC TCT GGC ATC AAC ACC AAC AAC TTC GCG GAA GAC GAA CTG GTT GAA GTT GAA GCG,-0.5234358028758554
ATG GTT CAG CGT GGT TCT AAA GTT CGT TTC CTG CGT CCG GAA TCT TAC AAA TTC CAG GAC GTT GGT ACC GTT GCG TCT GTT GAC CAG TCC GGT ATC AAA TAC CCG GTT ATC GTT CGC TTC GAA AAA GTT AAT TAC TCT GGC ATC AAC ACC AAC AAC TTC GCG GAA GAC GAG CTG GTT GAA GTG GAA GCG,-0.6499691065328781
ATG GTT CAG CGT GGT TCT AAA GTT CGT ATT CTG CGT CCA GAG TCT TAC TGG TTC CAG GAC GTT GGT ACT GTG GCG TCC GTG GAC CAA TCT GGC ATC AAA TAC CCG GTT ATC GTT CGC TTC TGG TTC GTT AAC TAC TCC GGT ATC AAC ACC AAC AAC TTC GCG GAA GAC GAA CTG GTT GAA GTT GAA GCG,3.0302828692404504
ATG GTT CAA CGT GGT TCT AAA GTT CGT GAC CTG CGT CCG GAA TCT TAC TGC TTC CAG GAC GTT GGT ACC GTT GCG TCT GTT GAC CAG TCT GGT ATC AAA TAC CCA GTG ATC GTT CGT TTC GAG AAG GTT AAC TAC TCT GGC ATC AAC ACC AAC AAC TTC GCG GAA GAC GAA CTG GTT GAA GTT GAA GCG,0.1889425156862835
ATG GTT CAG CGT GGC TCC AAA GTT CGT ATT CTG GAA CCG GAA TCT TAC TGG TTC CAA GAC GTT GGT ACC GTT GCG TCT GTT GAC CAG TCT GGT ATT AAG TAC CCG GTT ATC GTT CGT TTC GAG AAG GTT AAC TAC TCC GGT ATC AAC ACC AAC AAC TTC GCG GAA GAC ACT CTG GTT GAA GTT GAA GCG,-1.131129998091707
ATG GTT CAG CGT GGC TCT GAA GTT CGT ATC CTG CGT CCG GAA TCT TAC TGG TTC CAG GAC GTG GGT CCG GTT GCG TCT GTT GAC CAG TCT GGT ATC AAA TAC CCG GTT ATC GTT CGT TTC GAG AAA GTG AAC TAC TCC GGC ATC AAC ACC AAC AAC TTC GCG GAA GAC GAA CTG GTG GAA GTT GAA GCG,-0.7544740201819569
ATG GTT CAG CGT GGC TCT GTT GTT CGT ATC CTG CGT CCG GAA TCT TAC TGG TTC CAG GAC GTT GGT ACC GTT GCG TCT GTT GAC CAG TCT GGT ATC AAA TAC CCG GTT ATC GTT CGT TTC CAG AAG GTT AAC TAC TCT GGC ATC AAC ACC AAC AAC TTC GCG GAA GAC GAA CTG GTT GAA GTT GAA GCG,1.3481038558935314
ATG GTT CAG CGT GGC TCC AAA GTT CGT ATC CTG CGT CCG GAA TCT TAC TGG TTC CAG GAC GTT GGT ACC GTT GCG TCT GTT GAC CAG TCC GGC ATC AAG TAC CCA GTG ATC GTG CGT TTC GAG AAG GTT AAC TAC TCT GGT ATC AAC ACC AAC AAC ATC GCG GAA GAC GAA GAA GTT GAG GTG GAA GCG,-1.167020144733867
ATG GTT CAG CGT GGT TCT AAA GTT CGT ATC CTG CGT CCG GAA TCT TAC TGG TTC CAG GAC GTT GGT ACC GTT GCG TCT GTT GAC CAA GAC GGT ATC AAA TAC CCG GTT ATC GTT CGC TTC GAA AAA GTG AAC TAC TCT GGC ATC AAC ACC AAC AAC TTC GCG GAA GAC GAA CTG GTT GAA GTT GAA GCG,0.3664664450674045
ATG GTT CAG CGC GGT TCT AAA GTT CGT ATC CTG CTC CCG GAA TCT TAC TGG TTC CAG GAC GTT GGT ACC GTT GCG TCT GTT GAC CAG TCT GGT ATC AAA TAC CCG GTT ATT GTG CGT TTC GAG AAG GTT AAC TAC TCC GGC ATC AAC ACC AAC AAC TTC GCG GAG GAC GGT CTG GTT GAA GTT GAG GCT,-0.0104575998650589
ATG GTT CAG CGC GGC TCT AAA GTT CGT ATC CTG CGT CCG GAA TCT TAC TGG TTC CAG GAC GTT GGC ACC GTT GCG TCT GTT GAC CAG TCT GGC ATC TGC TAC CCG GTG ATC GTG CGT TTC GAG AAG GTG AAC TAC TCT GGT ATC AAC ACC AAC AAC TTC GCG GAA GAC GAG CTG GTT GAA GTT GAA GCG,1.311347009095535
ATG GTT CAA CGT GGC TCT AAA GTT CGT ATC CTG CGT CCG GAA TCT TAC TGG TTC CAG GAC GTT GGT ACC GTT GCG TCT GTT GAC CAG TCC GGT ATC AAA TAC CCG GTG ATC GTT CGT TTT GAG AAA GTG AAC TAC TCT GGC ATC AAC ACC AAC AAC GAA GCG GAA GAC GAA TGG GTT GAA GTT GAA GCG,-0.2242763094478675
ATG GTT CAG CGT GGT TCC AAA GTT CGT ATC CTG CGT CCG GAA TCT TAC TGG TTT CAG GAC GTT GGT ACC GTT GCG TCT GTT GAC CAG TCT GGT ATC AAG TAC CCG GTT ATC GTG TGC TTC GAA AAA GTG AAC TAC TCC GGT ATT AAC ACC AAC AAC TTC GCG GAA GAC GAA CTG GTT GAA GTG GAA GCG,2.5091882692510925
ATG GTT CAG CGT GGC TCT AAA GTT CGT ATC CTG CGT CCG GAA TCT TAT TGG TTC CAG GAC GTT GGT ACC GTT GCG TCT GTT GAC CAG TCT GGT ATC AAG TAC ACC GTT ATC GTT CGC TTC GAA AAA GTT AAT TAC TCT GGC ATC AAC GCT AAC AAC TTC GCG GAA GAC GAA CTG GTT GAA GTT GAA GCG,1.3143559424974498
ATG GTT CAA CGT GGC TCC AAA GTT CGT ATC CTC GCT CCA GAA TCT TAC TGG TTC CAG GAC GTT GGT ACC GTT GCG TCC GTT GAC CAG TCT GGT ATC AAA TAC CCG GTT ATT GTG CGT TTC GAG AAG GTT AAC TAC TCT GGC ATC AAT ACC AAC AAC TTC GCG GAA GAC CTG CTG GTG GAA GTG GAA GCG,-0.3204000273929347
ATG GTT CAG CGT GGT TCT AAA GTT CGT ATC CTG CGT CCG GAA TCT TAC TGG TTT CAG GAC GTT GGT ACC GTT GCG TCT GTT GAC CAG TCT GGC GTT AAA TAC CCG GTT ATC GTG CGT TTT GAA AAG GTG AAC TAC TCT GGT ATC AAC ACC AAC AAC TTC GCG GAA GAC GAA CTG GTT GAA GTT GAA GCG,2.360077799489887
ATG GTT CAG CGT GGC TCT AAA GTT CGC ATC CTG CGT CCG GAA TCT TAC TGG TTC CAG GAC GTG GGT ACC GTT GCG TCT GTG GAT CAG TCT GGC ATC AAA TAC CCG GTG ATC GTT CGC TTC GAG AAA GTG AAT TAC TCC GGT ATC AAC ACC AAC AAC GAC GCG GAA GAC GAA TGG GTT GAA GTT GAA GCG,0.0120748676045246
ATG GTT CAG CGC GGT TCT TGG GTT CGT ATC CTG CGT CCG GAA TCT TAC TGG TTC CAG GAC GTG GGC ACC GTT GCG TCT GTT GAC CAG TCT GGT ATC AAA TAC CCG GTT ATC GTT CGT TTC CTC AAA GTG AAC TAC TCT GGC ATC AAC ACC AAC AAC TTC GCG GAA GAC GAA CTG GTG GAA GTT GAG GCT,1.177618689900724
ATG GTT CAG CGT GGT TCT AAA GTT CGT ATC CTG CGT CCG GAA CAA TAC TGG TTT CAG GAC GTT GGT ACC GTT GCG TCT GTT GAC CAG TCT GGT ATC AAA TAC CCG GTT ATC GTT CGT TTC GAG AAG GTT AAC TAC TCT GGC ATC AAC ACC AAC AAC TTC GCG GAA GAC GAA CTG GTT GAA GTT GAA GCG,-0.2281216141955495
ATG GTG CAG CGT GGC TCT AAA GTT CGT ATC CTG CGT CCG GAA TCT TAC TGG TTC CAG GAC GTT GGT ACC GTT GCG TCT GTG GAT CAG TCT GGC ATC AAA TAC CCG GTT ATC GTT CGT TTC CAG TGG GTT AAC TAC TCT GGT ATC AAC ACC AAC AAC TTC GCG GAA GAC GAA CTG GTT GAA GTT GAA GCG,1.4290687470755168
ATG GTT CAG CGT GGT TCT AAA GTT CGT CAC CTG CGT CCG GAA TCT TAC CCG TTC CAA GAC GTT GGT ACC GTT GCG TCT GTT GAC CAG TCT GGC ATC AAG TAC CCG GTT ATC GTG CGT TTC GAG AAA GTG AAC TAC TCT GGT ATC AAC ACC AAC AAC TTC GCT GAG GAC GAG CTG GTT GAA GTT GAA GCG,-1.0244632490966086
ATG GTT CAG CGT GGT TCT AAA GTT CGT GGT CTG CGT CCG GAA TCT TAC CTG TTC CAG GAC GTT GGT ACC GTT GCG TCT GTT GAC CAG TCC GGT ATC AAA TAT CCG GTT ATC GTT CGC TTC GAA AAG GTT AAC TAC TCT GGC ATC AAC ACC AAC AAC TTC GCG GAA GAC GAA CTG GTT GAA GTT GAA GCG,-0.8957231094838496
ATG GTT CAG CGT GGC TCT ATT GTT CGT ATC CTG CGT CCG GAA TCT TAC TGG TTC CAA GAC GTT GGT ACC GTT GCG TCT GTT GAC CAG TCT GGT ATC AAA TAC CCG GTT ATC GTT CGT TTC GGT AAG GTT AAC TAC TCT GGC ATC AAC ACC AAC AAC TTC GCG GAA GAC GAA CTG GTT GAA GTT GAA GCG,1.1495643744355264
ATG GTT CAG CGT GGC TCT AAA GTT CGT ATC CTG GAA CCG GAA TCT TAC TGG TTC CAA GAC GTT GGT ACC GTT GCG TCT GTT GAC CAG TCT GGC ATC AAA TAC CCG GTT ATC GTT CGT TTT GAA AAA GTG AAC TAC TCC GGT ATC AAC ACC AAC AAC TTC GCT GAA GAC AAA CTG GTT GAA GTG GAA GCG,-0.7169348347432067
ATG GTT CAG CGC GGT TCT AAA GTT CGT ATC CTG GGT CCG GAA TCC TAC TGG TTC CAG GAC GTT GGT ACC GTT GCG TCT GTT GAC CAG TCC GGT ATC AAA TAC CCG GTT ATT GTT CGT TTC GAG AAA GTG AAC TAC TCC GGC ATC AAC ACC AAC AAC TTC GCG GAA GAC GCG CTG GTT GAA GTT GAA GCG,-1.0940088472976393
ATG GTT CAG CGT GGT TCT AAA GTT CGT ATC CTG CGT CCG GAA TCT CAG TGG TTC CAG GAC GTT GGT ACC GTT GCG TCT GTT GAC CAG TCC GGC ATT AAG TAC CCG GTG ATT GTG CGT TTC GAG AAG GTT AAT TAC TCT GGT ATC AAC ACC AAC AAC TTC GCG GAA GAC GAA CTG GTT GAA GTT GAA GCG,-0.2937277346301957
ATG GTT CAG CGC GGT TCT CAC GTT CGT ATC CTG CGT CCG GAA TCT TAC TGG TTC CAG GAC GTT GGT ACC GTT GCG TCT GTT GAC CAG TCC GGT ATC AAG TAC CCG GTT ATC GTT CGC TTC TAC AAA GTG AAC TAT TCT GGC ATC AAC ACC AAC AAC TTC GCG GAA GAC GAA CTG GTT GAA GTT GAA GCG,1.178574908713244
ATG GTT CAG CGT GGT TCT AAA GTT CGT ATC CTG CGT CCG GAA TCT TAC TGG TTC CAG GAT GTG GGT ACC AAC GCG TCT GTT GAT CAG TCT GGC ATC AAA TAC CCG GTG ATC GTT CGC TTC GAG AAG GTT AAC TAC TCC GGT ATC AAC ACC AAC AAC TTC GCG GAA GAC GAA CTG GTT GAA GTT GAA GCG,-0.425207315332493
ATG GTT CAG CGT GGT TCT AAA GTT CGT ATC CTC CGT CCG GAA TCT TAT TGG TTC CAG GAC GTT GGT ACC GTT GCG TCT GTT GAC CAG TCC GGT ATC AAA TAC GCG GTT ATC GTT CGC TTC GAG AAA GTG AAC TAC TCT GGT ATC CAC ACC AAC AAC TTC GCT GAG GAC GAA CTG GTT GAA GTT GAA GCG,1.1274197029613058
ATG GTT CAG CGT GGT TCC AAA GTT CGT ATC CTG CGT CCG GAA TCT TAC TGG TTT CAA GAC GTT GGT ACC GTT GCG TCT GTT GAC CAG TCT GGT ATC AAG TAC AAG GTT ATC GTT CGT TTC GAG AAG GTT AAC TAC TCC GGT ATC GAA ACC AAC AAC TTC GCG GAA GAC GAA CTG GTT GAA GTT GAA GCG,1.39300462151868
ATG GTT CAA CGT GGT TCC AAA GTT CGT ATC CTG CGT CCG GAA TCT TAC TGG TTT CAG GAC GTT GGT ACC GTT GCG TCT GTT GAC CAG TCT GGC ATC AAA TAT CCG GTT ATC GTG CGT TTC GAG AAG GTG AAC TAC TCT GGT ATT AAC ACC AAC AAC TGC GCG GAA GAC GAA CAC GTG GAA GTT GAA GCG,0.3648018259562351
ATG GTT CAG CGT GGT TCT AAA GTG CGT TGC CTG CGT CCG GAA TCT TAC GAA TTC CAG GAC GTT GGT ACC GTT GCG TCT GTT GAC CAG TCT GGC ATC AAA TAC CCG GTT ATC GTT CGT TTC GAG AAG GTG AAC TAC TCC GGT ATT AAC ACC AAC AAT TTC GCG GAA GAC GAA CTG GTT GAA GTT GAA GCG,0.4456762968705858
ATG GTT CAG CGT GGC TCC AAA GTT CGT ATC CTG CGT CCG GAA TCT TAC TGG TTC CAG GAC GTT GGT ACC GTT GCG TCT GTT GAC CAG TCC GGC ATC AAA TAC CTG GTT ATC GTG CGT TTC GAG AAG GTG AAC TAC TCT GGT ATC ATC ACC AAC AAC TTC GCG GAA GAT GAG CTG GTT GAA GTT GAA GCG,2.97123360492376
ATG GTT CAG CGT GGC TCC AAA GTT CGT ATC CTG CGT CCG GAA TCT TAC TGG TTT CAG GAC GTT GGT ACC GTT GCG TCT GTT GAC CAG TCT GGC ATC AAA TAC CCG GTT ATC GTT CGC TTC TTC GAG GTT AAC TAC TCT GGT ATC AAC ACC AAC AAC TTC GCG GAA GAC GAA CTG GTT GAA GTT GAA GCG,1.011950949651537
ATG GTT CAG CGT GGT TCT AAA GTT CGT ATC CTG CGT CCG GAA TCT TAC TGG TTC CAG GAC GTT GGT ACC GTT GCG TCT GTT CCA CAG ACC GGT ATC AAA TAC CCG GTG ATC GTT CGT TTC GAG AAA GTG AAC TAC TCT GGC ATC AAC ACC AAC AAC TTC GCG GAA GAC GAA CTG GTT GAA GTT GAA GCG,-0.0523375827369496
ATG GTT CAG CGT GGT TCT AAA GTT CGT ATC CTG CGT CCG GAA TCT TAC TGG TTC CAG GAC GTT GGT ACC GTT GCG TCT GTT GAC CAG TCT GGT ATC AAA TAC CCG GTT ATC GTT CGT TTC ATC CTG GTT AAC TAC TCT GGC ATC AAC ACC AAC AAC TTC GCG GAA GAC GAG CTG GTT GAA GTT GAA GCG,2.585973985927008
ATG GTT CAG CGC GGT TCT AAA GTT CGT ATC CTG CGT CCA GAA TCT TAC TGG TTC CAG GAC GTT GGT ACC GTG GCG TCC GTG GAC CAG TCC GGC ATC AAA TAC CAG GTT ATC GTT CGC TTC GAA AAA GTG AAC TAC TCT GGT ATC TCC ACC AAC AAC TTC GCG GAA GAC GAA CTG GTT GAA GTT GAA GCG,1.0795667708970027
ATG GTT CAG CGC GGT TCT AAA GTT CGT ATC CTG GGT CCG GAA TCT TAC TGG TTC CAG GAC GTT GGT ACC GTT GCT TCT GTT GAC CAG TCT GGT ATC AAA TAC CCG GTT ATC GTT CGT TTC GAG AAA GTG AAC TAC TCT GGC ATC AAC ACC AAT AAC TTC GCG GAA GAC TGG CTG GTT GAA GTT GAA GCG,0.0363570227150056
ATG GTT CAG CGT GGT TCT AAA GTT CGT ATC CTG TGC CCG GAA TCT TAC TGG TTC CAA GAC GTT GGT ACC GTT GCG TCT GTG GAC CAG TCT GGT ATC AAG TAC CCG GTT ATC GTG CGT TTC GAG AAA GTG AAC TAC TCT GGC ATC AAC ACC AAC AAC TTC GCG GAA GAC CTG CTC GTG GAA GTT GAA GCG,0.7105763351241254
ATG GTT CAA CGC GGT TCT AAA GTT CGT AAC CTG CGT CCG GAA TCT TAC CTG TTC CAA GAC GTT GGT ACC GTT GCG TCT GTT GAC CAG TCC GGC ATC AAA TAC CCG GTG ATC GTT CGC TTC GAG AAG GTT AAC TAC TCT GGT ATC AAC ACC AAC AAC TTC GCG GAA GAC GAA CTG GTT GAA GTT GAA GCG,-1.851768153003736
ATG GTT CAG CGT GGT TCT CCG GTT CGT ATC CTC CGT CCG GAA TCT TAC TGG TTC CAG GAC GTT GGT CGT GTT GCG TCT GTT GAC CAG TCT GGT ATC AAA TAC CCG GTG ATC GTT CGC TTT GAA AAA GTG AAC TAC TCT GGC ATC AAC ACC AAC AAC TTC GCG GAA GAC GAA CTG GTT GAA GTT GAG GCT,-3.762307211385191
ATG GTT CAG CGC GGT TCT AAA GTT CGT ATC CTG CGT CCG GAA TCT TAC TGG TTC CAG GAC GTT GGT ACC GTT GCG TCT GTT GGT CAG TCT GGC ATC AAA TAC CCG GTT ATC GTT CGC TTC GAA AAG GTT AAC TAC TCC GGT ATC AAC ACC AAC AAC TTC GCG GAA GAC GAA CTG GTT GAA GTT GAG GCT,0.6976807326365089
ATG GTT CAG CGT GGC TCT AAA GTT CGT ATC CTG CGT CCG GAA TCT TAC TGG TTC CAG GAC GTT GGT ACC GTT GCG TCT GTT GAC CAG TCC GGC ATC AAA TAC CCA GTG ATC GTT CGT TTC ATG TAC GTT AAC TAC TCC GGT ATC AAC ACC AAC AAT TTC GCG GAA GAC GAA CTG GTT GAA GTT GAA GCG,1.6913350998853969
ATG GTG CAG CGC GGT TCT AAA GTT CGT ATC CTG AAC CCG GAA TCT TAC TGG TTC CAA GAC GTT GGT ACC GTT GCG TCT GTT GAC CAG TCT GGT ATC AAA TAC CCG GTT ATC GTG CGC TTT GAA AAA GTG AAC TAC TCC GGT ATT AAC ACC AAC AAC TTC GCT GAA GAC TGG CTG GTT GAA GTT GAA GCG,0.0282433803560785
ATG GTT CAG CGC GGT TCT AAA GTT CGT ATC CTG CGT CCG GAA TCT TAC TGG TTC CAG GAC GTT GGT ACC GTG GCG TCT GTT GAC CAG TCC GGT ATC AAA TAC CCG GTT ATC GTT CGC TTC GAA AAG GTT AAC GAC TCT GGT ATT AAC ACC AAC AAC TTC GCG GAA GAC GAA CTG GTT GAA GTT GAA GCG,3.3206546228102214
ATG GTT CAG CGT GGT TCT AAA GTT CGT ATC CTG CGT CCG GAA TCT TAC TGG TTT CAG GAC GTT GGT ACC GTT GCG TCT GTT GAC CAG TCT GGC ATC AAA TAC CCG GTT ATT GTT CGT TTC GAG AAG GTT AAC TAC TCC GGT ATC AAC ACT AAC TGG TTC GCG GAA GAC GAA CTG GTG GAA GTT GAA GCG,1.501753903299868
ATG GTT CAA CGC GGT TCC AAA GTT CGT ATC CTG CGT CCG GAA TCT TAC TGG TTC CAG GAC GTG GGT ACC GTT GCT TCT GTT GAC CAG TCT GAC ATC AAA TAC CCG GTT ATC GTT CGT TTC GAG AAG GTG AAC TAC TCT GGT ATC AAC ACC AAC AAC TTT GCG GAA GAC GAA CTG GTT GAA GTT GAA GCG,1.818370617294025
ATG GTT CAG CGT GGT TCT AAA GTT CGT ATC CTG CGT CCG GAA TCT TAC TGG TTC CAA GAC GTT GGT ACC GTT GCG TCT GTT GAC CAG TCT GGC ATT AAG TAC CCG GTT ATC GTT CGT TTC AAC TGC GTG AAC TAC TCT GGT ATC AAC ACC AAC AAC TTC GCG GAA GAC GAA CTC GTT GAA GTT GAA GCG,1.923385969441432
ATG GTT CAG CGT GGT TCC TCT GTT CGT ATC CTG CGT CCG GAA TCT TAC TGG TTT CAG GAC GTT GGT ACC GTT GCG TCT GTT GAC CAG TCT GGT ATC AAA TAC CCG GTT ATC GTT CGT TTC TGC AAA GTG AAC TAT TCT GGC ATC AAC ACC AAC AAC TTC GCG GAA GAC GAA CTG GTT GAA GTT GAA GCG,1.6061122920536255
ATG GTT CAG CGC GGT TCT AAA GTT CGC ATC CTG CGT CCG GAA TCT TAC TGG TTC CAG GAC GTT GGT ACC GTT GCG TCT GTT GAC CAG TCT GGT ATC AAA TAC GCG GTT ATC GTG CGT TTC GAG AAA GTG AAC TAC TCT GGC ATC AAC ATG AAC AAC TTC GCG GAA GAC GAA CTG GTT GAA GTT GAG GCG,1.568050188858853
ATG GTT CAG CGT GGC TCT CAA GTT CGT ATC CTG CGT CCG GAA TCT TAC TGG TTC CAG GAC GTT GGT CAC GTT GCG TCT GTT GAC CAG TCT GGC ATC AAA TAC CCG GTT ATC GTT CGC TTC GAA AAG GTG AAC TAC TCT GGT ATC AAC ACC AAC AAC TTC GCG GAA GAC GAA CTG GTT GAA GTT GAA GCG,-0.1739009027132481
ATG GTT CAG CGT GGT TCT AAA GTT CGT ATC CTG CGT CCG GAA TCT TAC TGG TTC CAG GAC GTT GGT ACC GTT GCG TCT GTT GAC CAG TCT GGC ATC AAA TAC CCG GTT ATC GTT CGT TTT GAG AAG GTT AAC TAC TCT GGT ATC AAC ACC AAC AAC TTC GCG GAA GAC CAC CTG GTT GAA GTT GAA GCG,-1.423482227144016
ATG GTT CAG CGT GGT TCT CGC GTT CGT ATC CTG CGT CCG GAA TCT TAT TGG TTC CAG GAC GTT GGT ACC GTT GCG TCT GTT GAC CAG TCT GGC ATC AAA TAC CCG GTT ATC GTG CGT TTC AAA AAG GTG AAC TAC TCT GGT ATC AAC ACC AAC AAC TTC GCG GAA GAC GAA CTG GTT GAA GTT GAG GCT,1.5621713439991811
ATG GTT CAG CGT GGT TCT AAA GTG CGT ATC CTG CGT CCG GAA TCT TAT TGG TTC CAG GAC GTT GGT ACC GTT GCG TCT GTT GTT CAG GAA GGT ATC AAA TAC CCG GTG ATC GTT CGT TTC GAG AAA GTG AAC TAC TCT GGC ATC AAC ACC AAC AAC TTC GCG GAA GAC GAA CTG GTT GAA GTT GAG GCT,0.4764651821305481
ATG GTT CAG CGT GGT TCT CAG GTT CGT ATC CTG CGT CCG GAA TCT TAC TGG TTC CAA GAC GTT GGT GAC GTT GCG TCT GTT GAC CAG TCT GGC ATC AAA TAC CCG GTT ATC GTT CGC TTC GAG AAG GTT AAC TAT TCT GGT ATC AAC ACC AAC AAC TTC GCG GAA GAC GAG CTG GTT GAA GTT GAA GCG,-0.543681694734699
ATG GTT CAG CGT GGT TCT AAA GTT CGT ATC CTG CGT CCG GAA TCT TAC TGG TTC CAA GAC GTT GGT ACC GTT GCG TCT GTT GAC CAG TCT GGT ATC AAA TAC CCG GTT GAC GTT CGT TTC GAG AAA GTT AAT TAC TCC GGC ATC AAC ACC AAC AAC TTC GCG GAA GAT GAA CTG GTT GAA GTT GAG GCT,-0.3804275464926021
ATG GTT CAG CGT GGT TCT AAA GTT CGT ATC CTG CGT CCG GAA TCT TAC TGG TTC CAG GAC GTT GGT ACC GTT GCT TCT GTT GAC CAG TCT GGT ATC AAA TAC CCG GTT ATC GTG CGT TTC GAG AAA GTG AAC TAC TCT GGC ATC AAC ACC AAC AAC CGT GCT GAA GAC GAG AAG GTT GAA GTG GAA GCG,-0.9206545979140676
ATG GTT CAG CGT GGT TCC AAA GTT CGT ATC CTG CGT CCG GAA TCT TAC TGG TTT CAG GAC GTT GGT ACC GTT GCG TCT GTT GAC CAG TCT GGT ATC AAA TAC CCG GTT ATC GTG CGT TTT GAA AAG GTT AAC TAC TCC GGC ATC AAC ACC AAC AAT AAC GCG GAA GAC GAA ATG GTT GAA GTT GAA GCG,0.2134418541971715
ATG GTT CAG CGT GGT TCT AAA GTT CGT ATC CTC CGT CCG GAA TCT TAC TGG TTC CAG GAC GTT CTG ACC GTT GCG TCT GTT GAC CAG TCT GGT ATC AAA TAC CCG GTT ATC GTT CGT TTC GAG AAA GTG AAC TAC TCT GGC ATC AAC ACC AAC AAC TTT GCT GAG GAC GAA CTG GTT GAG GTT GAA GCG,1.0937375710045223
ATG GTG CAG GAA GGT TCT AAA GTT CGT ATC CTG CGT CCG GAA TCT TAC TGG TTC CAG GAC GTT GGT ACC GTT GCT TCT GTT GAC CAG TCT GGT ATT AAG TAC CCG GTT ATC GTT CGT TTC GAG AAA GTG AAC TAC TCC GGT ATC AAC ACC AAC AAC TTC GCG GAA GAC GAA CTG GTT GAA GTT GAA GCG,1.784548707380364
ATG GTT CAG CGT GGT TCT GTT GTT CGT ATC CTC CGT CCG GAA TCT TAC TGG TTC CAG GAC GTG GGT ATG GTT GCG TCT GTG GAT CAG TCC GGC ATC AAA TAT CCG GTT ATC GTG CGT TTC GAG AAG GTT AAC TAT TCC GGT ATC AAC ACC AAC AAC TTC GCG GAA GAC GAA CTG GTT GAA GTT GAA GCG,0.7789867190973416
ATG GTT CAG CGT GGC TCT AAA GTT CGT ATC CTG CGT CCG GAA TCT TAC TGG TTC CAA GAC GTT GGT ACC GTT GCG TCT GTT GAC CAG TCT GGC ATC AAA TAC CCG GTT ATC GTG CGC TTC GAA AAA GTG AAC TAC TCT GGT ATC AAC ACC AAC AAC CGT GCG GAA GAC GAA TGC GTT GAA GTT GAA GCG,0.127155482219755
ATG GTT CAG CGT GGT TCC GAC GTT CGT ATC CTG CGT CCG GAA TCT TAC TGG TTC CAG GAC GTG GGT TTC GTT GCG TCT GTT GAC CAG TCT GGT ATC AAA TAC CCG GTT ATC GTT CGT TTC GAG AAA GTG AAC TAC TCT GGC ATC AAC ACC AAC AAC TTC GCG GAA GAC GAA CTG GTT GAA GTT GAA GCG,0.2282491895271793
ATG GTT CAG CGT GGT TCT GAC GTT CGT ATC CTG CGT CCG GAA TCT TAC TGG TTT CAG GAC GTT GGT ACC GTT GCG TCT GTT GAC CAG TCC GGT ATT AAG TAC CCG GTG ATC GTG CGT TTC TGG AAG GTT AAC TAC TCT GGC ATC AAC ACC AAC AAC TTC GCG GAA GAC GAG CTG GTT GAA GTT GAG GCT,1.2263799135932172
ATG GTT CAG CGT GGC TCT AAA GTT CGT ATC CTG ATC CCG GAA TCT TAT TGG TTC CAG GAC GTT GGT ACC GTT GCG TCT GTT GAC CAG TCT GGT ATC AAG TAC CCG GTT ATC GTG CGC TTC GAA AAA GTG AAC TAC TCC GGT ATT AAC ACC AAC AAC TTC GCG GAA GAC TCT CTG GTT GAA GTT GAA GCG,0.0514967256014284
ATG GTT CAG CGC GGT TCT AAA GTT CGC ATC CTG CGT CCA GAG TCT TAC TGG TTC CAA GAC GTT GGT ACC GTT GCG TCT GTT GAC CAG TCC GGT ATT AAG TAC CCG GTG ATC GTT CGT TTC GAG AAA GTG AAC TAC TCT GGT ATC AAC ACC AAC AAT TGC GCG GAA GAC GAA GTT GTT GAG GTG GAA GCG,-0.110978540171032
ATG GTT CAG CGT GGT TCT AAA GTT CGT ATC CTG CGT CCG GAA TCT TAT TGG TTC CAG GAC GTT GGT ACC GTT GCG TCT GTT ATC CAG AAA GGC ATC AAA TAC CCG GTG ATC GTT CGT TTT GAA AAA GTG AAC TAC TCC GGT ATC AAC ACC AAC AAC TTC GCG GAA GAC GAA CTG GTT GAA GTT GAA GCG,0.6591424890879958
ATG GTT CAG CGT GGT TCT AAA GTT CGT ATC CTG CGT CCG GAA TCT TAC TGG TTC CAA GAC GTT GGT ACC GTT GCG TCT GTT GAC CAG TCC GGC ATC AAG TAC CCA GTT ATC GTT CGC TTC GAG AAA GTG AAC TAC TCC GGT ATC AAC ACC AAC AAT GAA GCG GAA GAC GAA GGC GTT GAG GTT GAA GCG,-0.187036656193365
ATG GTT CAG CGT GGT TCT CAG GTT CGT ATC CTG CGT CCG GAA TCT TAC TGG TTC CAG GAC GTT GGT ACC GTT GCG TCT GTT GAC CAG TCT GGT ATC AAG TAC CCG GTG ATC GTT CGT TTC AAA AAG GTT AAC TAC TCC GGC ATC AAC ACC AAC AAC TTC GCG GAA GAC GAA CTG GTT GAA GTT GAA GCG,1.1118865451166795
ATG GTT CAG CGT GGT TCT AAA GTT CGT ATC CTG CAG CCG GAA TCT TAC TGG TTC CAG GAC GTT GGT ACC GTT GCG TCT GTT GAC CAG TCC GGT ATC AAG TAC CCG GTG ATC GTT CGT TTC GAG AAA GTG AAC TAC TCT GGC ATC AAC ACC AAC AAC TTC GCG GAA GAT CGT CTG GTT GAA GTT GAA GCG,-1.9651333348500577
ATG GTT CAG CGC GGT TCT AAG GTT CGT ATC CTC CGC CCA GAA TCT TAC TGG TTC CAA GAC GTT GGT ACC GTT GCG TCT GTT GAC CAG TCC GGT ATC AAA TAC CCG GTT ATC GTT CGC TTC GAA AAA GTG AAC TAC TCT GGC ATC AAC ACC AAC AAT GCG GCG GAA GAC GAA GCG GTT GAA GTT GAA GCG,-0.3116797824727191
ATG GTT CAG CGC GGC TCT AAA GTT CGT ATC CTG CGT CCG GAA TCT TAC TGG TTC CAA GAC GTT GGT ACC GTT GCG TCT GTT GAC CAG TCT GGC ATC AAA TAC CCG GTT ATC GTT CGT TTT GTT TCC GTT AAC TAC TCC GGT ATC AAC ACC AAC AAC TTC GCG GAA GAC GAA CTG GTT GAA GTT GAA GCG,1.2917665016612825
ATG GTT CAG CGT GGT TCT ACC GTT CGT ATC CTG CGT CCG GAA TCT TAC TGG TTT CAG GAC GTT GGT ACC GTT GCG TCT GTT GAC CAG TCT GGC ATC AAA TAC CCG GTT ATC GTT CGT TTC GCT AAG GTG AAC TAC TCC GGT ATC AAT ACC AAC AAT TTC GCG GAG GAC GAA CTG GTT GAA GTT GAA GCG,1.162043082500539
ATG GTT CAG CGT GGT TCC AAA GTT CGT GGT CTG CGT CCG GAA TCT TAC ATG TTC CAG GAC GTT GGT ACC GTG GCG TCT GTT GAC CAG TCT GGT ATC AAG TAC CCG GTT ATC GTG CGC TTT GAA AAG GTT AAC TAC TCC GGT ATT AAC ACC AAC AAC TTC GCG GAA GAC GAA CTG GTT GAA GTT GAA GCG,-4.570961452839665
ATG GTT CAG CGT GGC TCT AAA GTT CGT ATC CTG CGT CCG GAA TCT TAT TGG TTC CAG GAC GTT GGT ACC GTT GCG TCT GTT GAC CAG TCC GGC ATC AAA TAC CCA GTT ATC GTT CGT TTC GAG AAG GTT AAC TAC TCC GGT ATC AAC ACC AAC AAC TTC GCG GAA ATG GAA CTG GTT GAA GTT GAA GCG,0.6410955847387254
ATG GTT CAG CGT GGC TCC AAA GTT CGT CCG CTG CGT CCG GAA TCT TAC CGT TTC CAG GAC GTT GGT ACC GTT GCG TCT GTT GAC CAG TCT GGT ATC AAG TAC CCG GTT ATC GTT CGT TTT GAA AAG GTG AAC TAC TCC GGC ATC AAC ACC AAC AAC TTC GCG GAA GAT GAA CTG GTT GAA GTT GAA GCG,-4.9534309610099925
ATG GTG CAG CGT GGT TCT AAA GTT CGT ATC CTG CGT CCG GAA TCT TAC TGG TTC CAG GAC GTT GGT ACC GTT GCG TCT GTT GAC CAG TCC GGT ATC AAG TAC CAG GTG ATC GTT CGC TTC GAG AAA GTG AAC TAC TCT GGC ATC AAC TGC AAC AAC TTC GCG GAA GAC GAA CTG GTT GAA GTT GAA GCG,1.79609737351153
ATG GTT CAG CGC GGC TCC CAC GTT CGT ATC CTG CGT CCG GAA TCT TAC TGG TTC CAG GAC GTT GGT ACC GTT GCG TCT GTT GAC CAG TCC GGC ATC AAG TAC CCG GTG ATC GTG CGC TTC GAC AAG GTT AAC TAC TCT GGT ATC AAC ACC AAC AAC TTC GCG GAA GAT GAG CTG GTT GAA GTT GAA GCG,1.2858847474028932
ATG GTT CAG CGT GGT TCT GTT GTT CGT ATC CTG CGC CCA GAA TCT TAT TGG TTC CAG GAC GTT GGT GAC GTT GCG TCC GTT GAC CAG TCT GGT ATC AAA TAC CCG GTT ATC GTT CGT TTC GAG AAA GTG AAC TAT TCC GGC ATC AAC ACC AAC AAC TTC GCG GAA GAC GAA CTG GTT GAA GTT GAA GCG,-0.3105983868669032
ATG GTT CAG CGT GGT TCT AAA GTT CGT ATC CTG CGT CCG GAA TCT TAC TGG TTC CAG GAC GTT GGT TAC GTT GCG TCT GTT GAC CAG TCT GGC ATC AAA TAC CCG GTT ATC GTT CGT TTT GAG AAA GTG AAC TAC TCC GGT ATC AAC ACC AAC AAC TTC GCT GAA GAC GAA CTG GTT GAA GTG GAA GCG,1.1342505718904228
ATG GTT CAG CGT GGC TCT AAA GTT CGT ATC CTG CAC CCG GAA TCT TAC TGG TTC CAG GAC GTT GGT ACC GTT GCG TCT GTT GAC CAG TCT GGC ATC AAA TAC CCG GTG ATT GTT CGT TTC GAG AAA GTG AAC TAC TCC GGC ATT AAC ACC AAC AAC TTC GCG GAA GAC TGG CTG GTT GAA GTG GAA GCG,-0.1790467409118818
ATG GTT CAG CGC GGT TCT AAA GTT CGT ATC CTG CGT CCG GAA TCT TAC TGG TTC CAG GAC GTT GGT ACC GTT GCG TCT GTT GAC CAG TCT GGT ATC AAG TAC CTC GTT ATC GTG CGT TTC GAG AAA GTT AAT TAC TCT GGC ATC AAC GCG AAC AAC TTC GCG GAA GAC GAA CTG GTT GAA GTT GAA GCG,2.17080929159159
ATG GTT CAG CGT GGT TCT AAA GTT CGT ATC CTG CGT CCG GAA TCT TAC TGG TTC CAG GAC GTT GGT ACC CTG GCG TCT GTT GAC CAG TCT GGT ATC AAA TAC CCG GTT ATC GTT CGT TTT GAA AAA GTG AAT TAC TCC GGC ATC AAC ACC AAC AAC TTC GCT GAA GAC GAA CTG GTT GAA GTT GAA GCG,-0.3150894854832768
ATG GTT CAG CGT GGT TCT AAA GTG CGC CCA CTG CGT CCA GAA TCT TAC CAG TTT CAG GAC GTT GGT ACC GTT GCG TCT GTT GAC CAG TCT GGT ATC AAA TAC CCG GTT ATC GTT CGC TTC GAA AAG GTT AAC TAC TCT GGC ATC AAC ACC AAC AAC TTC GCG GAA GAC GAA CTC GTT GAA GTT GAA GCG,-0.40041250513567
ATG GTT CAG CGT GGT TCT AAA GTT CGT ATC CTG CGT CCG GAA TCT TAC TGG TTC CAG GAC GTT GGT CCG GTT GCG TCT GTT GAC CAG TCT GGT ATC AAA TAC CCG GTT ATC GTT CGT TTC GAG AAA GTG AAC TAC TCC GGT ATT AAC ACC AAC AAC TTC GCG GAA GAC GAA CTG GTT GAA GTT GAG GCT,-1.180799965009403
ATG GTT CAG CGT GGT TCT AAA GTT CGT ATT CTG CGT CCG CCG TCC TAC TGG TTC CAG GAC GTG GGT ACC GTG GCG TCT GTG GAC CAG TCC GGT ATC AAA TAC CCG GTT ATC GTT CGT TTC GAG AAA GTG AAC TAC TCT GGC ATC AAC ACC AAC AAC TTT GCG GAA GAC GAA CTG GTT GAA GTT GAA GCG,-0.7629978612599617
ATG GTT CAG CGT GGT TCT AAA GTT CGC ATC CTG CGT CCA GAA TCT TAC TGG TTC CAG GAC GTT GGC ACT GTT GCT TCC GTG GAC CAG TCT GGT ATC AAA TAC CCG GTT ATC GTT ACC TTC GAG AAA GTG AAC TAC TCC GGC ATC AAC ACC AAC AAC TTC GCG GAA GAC GAA CTG GTT GAA GTT GAA GCG,1.8702000050596577
ATG GTT CAG CGT GGT TCT AAA GTT CGT ATC CTG CGT CCG GAA TCT TAT TGG TTC CAG GAC GTT GGT ACC GTT GCG TCT GTT GAC CAG TCT GGC ATC AAA TAC CCG GTT ATT GTT CGT TTC GAG AAA GTG AAC TAC TCC GGT ATC AAC ACC AAC AAC TTT GCT GAA GAC GGT CTG GTT GAA GTT GAA GCG,-0.1324555821506656
ATG GTT CAG CGC GGT TCT AAA GTT CGT ATC CTG CGT CCG GAA TCT TAC TGG TTC CAG GAC GTG GGT ACC GTT GCG TCT GTT GAC CAG TGG GGT ATC AAA TAC CCG GTT ATC GTT CGC TTC GAA AAA GTG AAC TAC TCC GGC ATC AAC ACC AAT AAC TTC GCG GAA GAC GAA CTG GTT GAA GTT GAA GCG,0.5469263625640812
ATG GTT CAG CGT GGT TCC AAA GTT CGT ATC CTG CGT CCG GAA TCT TAC TGG TTT CAG GAC GTT GGT ACC GTT GCG TCT GTT GAC CAA TCT GGC ATC AAA TAC GTT GTG ATC GTG CGC TTC GAA AAG GTT AAC TAT TCT GGT ATT GCT ACC AAC AAC TTC GCG GAA GAC GAA CTG GTT GAA GTT GAA GCG,2.1227883769288605
ATG GTT CAG CGT GGT TCT AAA GTT CGT ATC CTG CGT CCG GAA TCT TAC TGG TTC CAA GAC GTT GGT ACC GTT GCG TCT GTT GAC CAG TCT GGC ATC AAG TAC AAC GTG ATC GTG CGC TTC GAA AAA GTG AAC TAC TCT GGT ATC AAC TAC AAC AAC TTC GCG GAA GAC GAA CTG GTT GAA GTT GAA GCG,3.0738588256622394
ATG GTT CAG CGT GGC TCT AAA GCG CGT ATC CTC CGT CCG GAA TCT TAT TGG TTC CAG GAC GTT GGT ACC GTT GCG TCC GTG GAC CAG TCT GGT ATC AAG TAC CCG GTT ATC GTT CGT TTC GAG AAA GTG AAC TAT TCC GGC ATT AAC ACC AAC AAC TTC GCG GAA GAC GAA CTG GTT GAA GTT GAA GCG,-1.1365212316717532
ATG GTT CAG CGT GGT TCT AAA GTT CGT TAT CTG CGT CCG GAA TCT TAC ACC TTC CAG GAC GTT GGT ACC GTT GCG TCT GTT GAC CAG TCC GGT ATC AAA TAC CCG GTT ATC GTT CGT TTC GAG AAG GTT AAC TAC TCT GGC ATC AAC ACC AAC AAC TTC GCG GAA GAC GAA CTG GTT GAG GTT GAA GCG,0.4568898262685085
ATG GTT CAG CGT GGT TCT AAA GTT CGT ATC CTG CGT CCG GAA TCT TAC TTC TTC CAG GAC GTT GGT ACC GTT GCT TCT GTG GAC CAG TCT GGT ATC AAA TAC CCG GTT ATC GTT CGT TTC GAG AAA GTT AAT TAC TCC GGC ATC AAC ACC AAC AAC TTC GCT GAG GAC GAA CTG GTT GAA GTT GAA GCG,-0.0517119274260059
ATG GTT CAG CGT GGT TCC AAG GTT CGT ATC CTG CGT CCG GAA TCT TAC TGG TTT CAG GAC GTT GGT ACC GTT GCG TCT GTT GAC CAG TCT GGT ATC AAA TAC CCG GTT ATC GTT CGT TTC TAC CAC GTT AAC TAC TCT GGC ATC AAC ACC AAC AAC TTC GCG GAA GAC GAA CTG GTT GAA GTT GAA GCG,1.2310838551218608
ATG GTT CAG CGT GGT TCT GTT GTT CGT ATC CTG CGT CCG GAA TCT TAT TGG TTC CAG GAC GTT GGT GAG GTT GCG TCT GTT GAC CAG TCT GGC ATC AAA TAC CCG GTT ATC GTT CGC TTT GAA AAA GTG AAC TAC TCC GGT ATC AAC ACC AAC AAT TTC GCG GAA GAC GAG CTG GTT GAA GTT GAA GCG,0.4234823812869629
ATG GTT CAG CGC GGC TCC AAG GTT CGT ATC CTG CGT CCG GAA TCT TAC TGG TTT CAG GAC GTT GGT ACC GTT GCG TCT GTT GAC CAG TCT GGT ATC AAA TAC AAG GTG ATC GTT CGC TTC GAA AAG GTG AAC TAC TCT GGC ATC CGT ACT AAC AAC TTC GCG GAA GAC GAA CTG GTT GAA GTT GAA GCG,1.2031284999044745
ATG GTT CAG CGT GGC TCT AAA GTT CGT ATC CTG CGT CCG GAA TCT TAT TGG TTC CAG GAC GTT GGT ACC GTT GCT TCT GTG GAC CAG TCT GGC ATC AAA TAC AAG GTG ATT GTG CGC TTC GAG AAA GTG AAC TAC TCT GGT ATC ATG ACC AAC AAT TTC GCG GAA GAC GAA CTG GTG GAA GTT GAA GCG,1.242654760082765
ATG GTT CAG CGT GGT TCT AAA GTT CGT ATC CTG CGT CCG GAA TCT TAC TGG TTC CAG GAC GTT GGT ACC GTT GCG TCT GTT ACC CAG CGC GGC ATC AAA TAC CCG GTT ATC GTG CGC TTC GAA AAA GTG AAC TAC TCT GGT ATC AAC ACC AAT AAC TTC GCG GAA GAC GAA CTG GTT GAA GTT GAA GCG,0.2602837749344819
ATG GTT CAG CGT GGT TCT AAA GTT CGT ATC CTG CGT CCG GAA TGC TAT TGG TTC CAG GAC GTT GGT ACC GTT GCG TCT GTT GAC CAG TCC GGC ATC AAA TAC CCG GTG ATC GTT CGC TTC GAG AAG GTT AAC TAC TCC GGT ATC AAC ACC AAC AAC TTC GCG GAA GAC GAA CTG GTT GAA GTT GAA GCG,1.2806030226706202
ATG GTT CAA CGC GGT TCT AAA GTT CGT ATC CTG CGT CCG GAA TCT TAC TGG TTC CAG GAC GTT GGT ACC GTT GCG TCT GTT TGT CAG GCG GGT ATT AAG TAC CCG GTT ATC GTT CGC TTC GAA AAA GTT AAT TAC TCT GGC ATC AAC ACC AAC AAC TTC GCG GAA GAC GAA CTG GTT GAA GTT GAA GCG,1.4725049738456244
ATG GTT CAG CGT GGC TCT AAA GTT CGT ATC CTG CGT CCG GAA TCT TAC TGG TTC CAG GAC GTT GGT ACC GTT GCG TCT GTT GAT CAG TCT GGC ATC AAA TAC GTT GTG ATC GTG CGC TTC GAA AAG GTG AAC TAC TCT GGT ATC AAC TAC AAC AAC TTC GCG GAA GAC GAA CTG GTT GAA GTT GAA GCG,1.8648345710374976
ATG GTT CAG CGT GGT TCT AAA GTT CGT ATC CTG CGT CCG GAA TCT TAC TGG TTC CAA GAC GTT GGC ACC GTT GCG TCT GTT GAC CAG TCC GGT ATC AAG TAC AAA GTG ATC GTT CGC TTC GAA AAA GTG AAC TAC TCT GGC ATC AAC GGT AAC AAC TTC GCG GAA GAC GAA CTG GTT GAA GTT GAA GCG,0.7452313175525567
ATG GTT CAG CGT GGT TCT AAA GTT CGT ATC CTG CGT CCG GAA TCT TAC TGG TTC CAG GAC GTT GGT ACC GTT GCG TCT GTT GAC CAG TCT GGC ATC AAG TAC CCG GTG ATT GTT CGC TTC ATC ATC GTT AAC TAC TCC GGT ATC AAC ACC AAC AAC TTC GCT GAA GAC GAA CTG GTT GAA GTT GAA GCG,2.448119533608401
ATG GTT CAA CGC GGT TCT AAA GTT CGT ATC CTG CGT CCG GAA TCT TAC TGG TTC CAG GAC GTT GGT ACC GTT GCG TCT GTT GAC CAG TCC GGT ATC AAA TAT CCG GTG ATC GTG CGT TTT GAC AAA GTT AAT TAC TCT GGC ATC AAC ACC AAC AAC TTC GCG GAA GAT GAA CTG GTT GAA GTT GAA GCG,1.927582928088976
ATG GTT CAG CGC GGC TCT AAA GTT CGT ATC CTC CGC CCA GAG TCT TAC TGG TTC CAG GAC GTT GGT ACC GTT GCT TCT GTT GAC CAG TCT GGT ATC AAA TAC CCG GTT ATC GTG CGT TTC GAG AAG GTT AAC TAC TCC GGC ATC AAC ACC AAC AAT GTT GCG GAA GAC GAA TGG GTT GAA GTT GAA GCG,-0.1416666871586575
ATG GTT CAG CGT GGT TCT AAA GTT CGT ATC CTG CGT CCG GAA TCT TAT TGG TTC CAG GAC GTT GGT ACC GTT GCG TCT GTT CCG CAA GCG GGT ATT AAG TAC CCG GTG ATC GTT CGT TTT GAG AAA GTG AAC TAC TCC GGT ATC AAC ACC AAC AAC TTC GCG GAA GAC GAA CTG GTG GAA GTT GAG GCT,0.1062544062257374
ATG GTT CAG CGT GGT TCT AAA GTT CGT ATC CTG CGT CCA GAA TCT TAC TGG TTC CAG GAT GTT GGT ACC GTT GCG TCT GTT GAC CAG TCT GGC ATC AAA TAC TAC GTG ATC GTT CGT TTC GAG AAG GTT AAC TAC TCC GGT ATC GCG ACC AAC AAC TTC GCG GAA GAT GAA CTG GTT GAA GTT GAA GCG,2.206242000781033
ATG GTT CAG CGT GGC TCT AAA GTT CGT ATC CTG CGT CCG GAA TCT TAC TGG TTC CAG GAC GTT GGT ACC GTG GCG TCT GTT GTG CAG TAC GGC ATC AAA TAC CCG GTT ATC GTT CGT TTC GAG AAA GTG AAC TAC TCC GGT ATC AAC ACC AAC AAC TTC GCG GAA GAC GAA CTG GTT GAA GTT GAA GCG,0.448871948105666
ATG GTT CAG CGT GGT TCT AAA GTT CGT ATC CTG CGT CCG GAA TCT TAC TGG TTC CAG GAC GTT GGT ACC GTT GCG TCT GTT GAC CAG TCC GGC ATC AAA TAC CCG GTG ATC GTT CGT TTC GAG AAG GTG AAC TAC TCC GGT ATC AAC ACC AAC AAC ATC GCG GAA GAC GAA ATC GTT GAA GTT GAA GCG,-0.3795402993771407
ATG GTT CAG CGT GGT TCT AAA GTT CGT ATC CTG CGT CCG GAA TCT TAC TGG TTC CAG GAC GTT GGT ACC GTT GCT TCT GTT GAC CAG TCC GGT ATC AAG TAC CCG GTT ATC GTT CGT TTC GAG AAG GTT AAC TAC TCT GGC ATC AAC ACC ATC AAC TTC GCG GAA GAC GAA CTG GTT GAG GTT GAA GCG,0.7821406971712854
ATG GTT CAG CGT GGT TCT AAA GTT CGT ATC CTG CGT CCG GAA TCT TAC TGG TTC CAG GAC GTT GGT ACC GTT GCG TCT GTT TGG CAG CTG GGC ATC AAA TAC CCG GTT ATC GTG CGC TTC GAA AAG GTT AAC TAC TCT GGT ATC AAC ACC AAC AAC TTC GCG GAA GAC GAA CTG GTT GAA GTT GAG GCT,0.8426130310527296
ATG GTG CAG CGT GGT TCT AAG GTT CGT GTT CTG CGT CCA GAA TCT TAC AAC TTC CAG GAC GTT GGC ACC GTT GCG TCT GTT GAC CAG TCT GGT ATT AAG TAC CCG GTT ATC GTG CGT TTC GAG AAA GTG AAC TAC TCC GGT ATC AAC ACC AAT AAC TTC GCG GAA GAC GAA CTG GTT GAA GTT GAA GCG,-0.6567133950929978
ATG GTG CAG CGT GGT TCT AAA GTT CGT ATC CTG CGT CCG GAA TCT TAC TGG TTC CAG GAC GTT GGT ACC GTT GCG TCT GTT GAC CAG TCC TGC ATC AAA TAC CCG GTT ATC GTT CGC TTC GAA AAA GTG AAC TAC TCT GGT ATC AAC ACC AAC AAC TTC GCG GAA GAT GAG CTG GTT GAA GTT GAA GCG,2.639546014508462
ATG GTT CAG CGT GGT TCT AAA GTT CGT ATC CTG CGT CCG GAA TCT TAC TGG TTC CAG GAC GTT GGT ACC GTT GCG TCT GTG GAC CAG TCT GGC ATC AAA TAC CGT GTG ATT GTG CGT TTC GAG AAG GTT AAC TAC TCT GGT ATC TCT ACC AAC AAC TTC GCG GAA GAC GAA CTG GTT GAA GTT GAA GCG,1.4939483516523206
ATG GTT CAG CGT GGT TCT AAA GTT CGT ATC CTG CGT CCG GAA TCT TAC TGG TTC CAG GAC GTT GGT ACC GTT GCG TCT GTT GGT CAG GTT GGT ATC AAA TAC CCG GTT ATC GTT CGT TTT GAA AAA GTG AAC TAC TCC GGC ATC AAC ACC AAC AAC TTC GCG GAA GAC GAA CTG GTG GAA GTT GAA GCG,0.537941016995277
ATG GTT CAG CGT GGC TCT AAA GTG CGT ATT CTG CGT CCG GAA TCT TAC TGG TTC CAG GAC GTT GGT ACC GTT GCG TCT GTT GAC CAG TCT GGC ATC AAG TAC ATG GTG ATC GTT CGC TTC GAG AAA GTG AAC TAC TCT GGT ATC AAT ACC AAC AAC TTC GCG GAA GAC GAA CTG GTT GAA GTT GAA GCG,1.737475248399201
ATG GTT CAG CGT GGT TCT AAG GTT CGT ATC CTG AAA CCG GAA TCT TAT TGG TTC CAG GAC GTT GGC ACC GTT GCT TCT GTT GAC CAG TCT GGT ATC AAA TAC CCA GTT ATC GTT CGC TTC GAG AAA GTG AAT TAC TCT GGC ATC AAC ACC AAC AAC TTC GCG GAA GAC GCG CTG GTT GAA GTT GAA GCG,-0.5010671127196884
ATG GTT CAG CGT GGC TCT AAA GTT CGT ATC CTG CGT CCG GAA TCT TAC TGG TTC CAG GAC GTT GGT ACC GTT GCG TCT GTT GAC CAG TCT GGT ATC AAG TAC ATG GTG ATC GTT CGC TTC GAG AAA GTG AAT TAC TCC GGC ATC AAC AAG AAC AAC TTC GCG GAA GAC GAA CTG GTT GAA GTT GAA GCG,2.202040812524519
ATG GTT CAG CGT GGT TCT CAG GTT CGT ATT CTG CGT CCG GAA TCC TAC TGG TTC CAA GAC GTT GGT GGC GTT GCT TCT GTT GAC CAG TCT GGT ATC AAA TAC CCG GTT ATC GTT CGC TTC GAA AAG GTT AAC TAC TCT GGC ATC AAC ACC AAC AAC TTC GCT GAA GAC GAA CTG GTT GAA GTT GAA GCG,-0.5230411234898134
ATG GTT CAG CGT GGC TCT AAA GTT CGT ATC CTG CGT CCG GAA TCT TAC TGG TTC CAG GAC GTT GGT ACC GTT GCG TCT GTT CAC CAG TGC GGC ATC AAA TAC CCG GTG ATC GTT CGC TTC GAA AAA GTG AAC TAC TCT GGT ATC AAC ACC AAC AAC TTC GCG GAA GAC GAA CTG GTT GAA GTG GAA GCG,1.017823056136528
ATG GTT CAA CGT GGC TCT AAA GTT CGT ATC CTG CGT CCG GAA TCT TAC TGG TTC CAA GAC GTT GGT ACC GTT GCG TCT GTT GAC CAG TCT GGT ATC AAA TAC CCG GTT ATC GTT CGT TTC GAG AAG GTT AAC TAC TCC GGT ATT AAC ACC AAC AAC CCG GCT GAA GAC GAA TCT GTG GAA GTT GAA GCG,-0.821031088659858
ATG GTT CAG CGT GGT TCT AAA GTT CGT ATC CTG CGT CCA GAA TCT TAC TGG TTC CAG GAC GTT GGT ACC GTT GCG TCC GTT GAC CAA TCT GGC ATC TCT TAC CCG GTT ATC GTT CGT TTC GAG AAG GTG AAC TAC TCT GGT ATC AAC ACC AAC AAC TTC GCG GAA GAC GAA CTG GTT GAA GTG GAA GCG,1.0821252584600365
ATG GTT CAG CGT GGT TCT GAC GTT CGT ATC CTG CGT CCG GAA TCT TAC TGG TTC CAG GAC GTT GGT ACC GTT GCG TCT GTT GAC CAA TCT GGT ATC AAG TAC CCG GTT ATC GTT CGC TTC GAC AAA GTG AAC TAC TCC GGC ATC AAC ACC AAC AAC TTC GCT GAA GAC GAA CTG GTT GAG GTT GAA GCG,-0.5403931769560564
ATG GTT CAG CGT GGT TCT AAA GTT CGT ATC CTG CGT CCG GAA TCT TAC TGG TTT CAG GAC GTT GGT ACC GTG GCT TCT GTT GAC CAG TCT GGT ATC AAG TAC CCG GTG ATC GTT CGT TTC TCT GAG GTT AAC TAC TCT GGC ATC AAC ACC AAC AAC TTC GCG GAA GAC GAA CTG GTT GAA GTT GAA GCG,0.8558305806718862
ATG GTT CAG CGT GGC TCT AAA GTT CGT ATC CTG CGT CCG GAA TCT TAC TGG TTC CAG GAC GTT GGT ACC GTT GCG TCT GTT GAC CAG TCT GGC ATC AAG TAC CCG GTT ATC GTT CGC TTC GAG AAA GTG AAC TAC TCC GGT ATC AAT ACC AAC AAC ATG GCG GAA GAC GAA GAA GTG GAA GTT GAA GCG,-0.1599152826653679
ATG GTT CAG CGT GGT TCC AAA GTT CGT ATC CTG CGT CCG GAA TCT TAC TGG TTT CAG GAC GTT GGT ACT ATC GCG TCT GTT GAC CAG TCT GGT ATC AAG TAC CCG GTG ATC GTT CGT TTC GAG AAG GTT AAT TAC TCT GGC ATC AAC ACC AAC AAC TTC GCG GAA GAC GAA CTG GTT GAA GTT GAA GCG,0.3059980313506414
ATG GTT CAG CGC GGT TCT ACC GTT CGT ATC CTG CGT CCG GAA TCT TAC TGG TTC CAG GAC GTT GGT ATC GTT GCG TCT GTT GAC CAG TCT GGT ATT AAG TAC CCG GTG ATC GTT CGC TTC GAA AAG GTT AAC TAC TCC GGT ATC AAC ACC AAC AAC TTC GCG GAA GAC GAA CTG GTT GAA GTT GAA GCG,1.574359749321781
ATG GTT CAG GTT GGT TCT AAA GTT CGT ATC CTG CGT CCG GAA TCT TAC TGG TTC CAG GAC GTT GGT ACC GTT GCG TCT GTT GAC CAG TCT GGT ATC AAA TAC CCG GTT ATT GTT CGT TTC GAG AAA GTG AAC TAC TCT GGC ATC AAC ACC AAC AAC TTC GCG GAA GAC GAA CTG GTT GAA GTT GAG GCT,3.258459940066872
ATG GTT CAG CGT GGT TCC AAA GTT CGT ATT CTG CGT CCG GAA TCT TAC TGG TTT CAA GAC GTT GGT ACC GTT GCG TCT GTT GAT CAG TCC GGT ATC AAA TAC TCT GTT ATC GTG CGC TTC GAG AAG GTT AAC TAT TCT GGT ATC CTG ACC AAT AAC TTC GCG GAA GAC GAA CTG GTT GAA GTT GAA GCG,1.2053506166673351
ATG GTT CAG CGT GGT TCT AAA GTT CCG ATC CTG CGT CCG GAA TCT TAC TGG TTT CAG GAC GTT GGT ACC GTT GCG TCT GTT GAC CAG TCT GGC ATC AAA TAC CCG GTT ATC GTT CGC TTC GAG AAA GTG AAC TAC TCC GGT ATC AAC ACC AAC AAC TTC GCG GAA GAC GAA CTG GTT GAA GTT GAA GCG,-0.9284325697665275
ATG GTT CAA CGC GGT TCC AAA GTT CGT ATC CTG CGT CCG GAA TCT TAC TGG TTT CAG GAC GTT GGT ACC GTT GCG TCT GTT GAC CAG TCT GGT ATC AAG TAC TGG GTT ATC GTT CGC TTC GAG AAA GTG AAC TAC TCC GGT ATC TAC ACC AAC AAC TTC GCG GAA GAC GAA CTG GTT GAA GTT GAA GCG,2.504200157645958
ATG GTT CAG CGT GGT TCT AAA GTT CGT ATC CTG CGT CCG GAA TCT TAC TGG TTC CAA GAC GTT GGT ACC GTT GCG TCT GTT GAC CAG TCT GGC ATC AAA TAC ATC GTT ATC GTT CGC TTC GAA AAA GTG AAC TAC TCT GGT ATC ACC ACC AAC AAC TTC GCT GAA GAC GAA CTG GTT GAA GTT GAA GCG,2.106296290092758
ATG GTT CAG CGT GGT TCT TGC GTT CGT ATC CTG CGT CCG GAA TCT TAC TGG TTC CAG GAT GTT GGT CAC GTT GCG TCT GTT GAC CAG TCT GGC ATC AAA TAC CCG GTT ATC GTT CGC TTC GAA AAG GTT AAC TAT TCT GGT ATC AAC ACC AAC AAC TTC GCG GAA GAC GAA CTG GTT GAA GTT GAA GCG,1.4109935656291557
ATG GTT CAG CGT GGT TCT AAA GTT CGT ATC CTG CGT CCG GAA TCT TAT TGG TTC CAG GAC GTT GGT ACC GTT GCG TCT GTT GAC TGG TCT GGT ATC AAA TAC CCG GTT ATC GTT CGT TTC GAG AAA GTG AAC TAC TCT GGC ATC AAC ACC AAC AAC TTC GCG GAA GAC GAA CTG GTT GAA GTT GAA GCG,1.6850486955660768
ATG GTT CAG CGC GGT TCT AAA GTT CGC ATC CTC CGT CCG GAA TCT TAC TGG TTC CAG GAC GTT GGT ACC GTT GCG TCT GTT GAC CAG TCC GGC ATC AAA TAC CCG GTT ATC GTG CGT TTC GAG AAA GTG AAC TAC TCT GGT ATC AAC ACC AAC AAC ATC GCG GAA GAC GAA TTT GTG GAA GTT GAA GCG,-0.1544217036684383
ATG GTT CAG CGC GGT TCT AAA GTT CGT ATC CTG CGT CCA GAA TCT TAC TGG TTC CAG GAC GTT GGT ACC GTT GCG TCT GTT GAC CAG TCT GGT ATC AAA TAC GTG GTT ATC GTG CGT TTC GAG AAG GTT AAC TAC TCT GGC ATC TCT ACC AAC AAC TTC GCG GAA GAT GAA CTG GTT GAA GTT GAA GCG,1.9953884668516608
ATG GTT CAG CGT GGC TCT AAA GTT CGT ATC CTG CGT CCG GAA TCT TAC TGG TTC CAG GAC GTT GGT ACC GTT GCG TCT GTG GAC CAG TCT GGT ATC AAA TAC CCG GTT ATC GTT CGT TTC GAG AAA GTG AAC TAC TCT GGC ACC AAT ACC AAT AAC TTT GCG GAA GAT GAA CTG GTT GAA GTT GAA GCG,1.5065426679754643
ATG GTG CAG CGT GGC TCC AAA GTT CGT ATC CTC CGT CCA GAA TCT TAC TGG TTC CAA GAC GTT GGT ACC GTT GCG TCT GTT GAC CAG TCT GGT ATC AAA TAC CCG GTT ATC GTG CGT TTC GAG AAA GTG AAC TAC TCT GGC ATC AAC ACC AAC AAC AAC GCG GAG GAC GAA GTT GTT GAA GTT GAA GCG,0.1213172418563936
ATG GTT CAG CGT GGT TCT ATG GTT CGT ATC CTG CGT CCA GAA TCT TAC TGG TTC CAG GAC GTT GGT CCG GTT GCG TCT GTT GAC CAG TCC GGT ATT AAG TAC CCG GTT ATC GTT CGT TTC GAG AAA GTG AAC TAC TCT GGT ATC AAC ACC AAC AAT TTC GCG GAA GAC GAA CTG GTT GAA GTT GAA GCG,-0.2764069552769675
ATG GTT CAG CGT GGC TCC AAA GTT CGT ACC CTG CGT CCG GAA TCT TAC GAG TTC CAG GAC GTT GGT ACC GTT GCG TCT GTT GAC CAG TCT GGC ATC AAA TAC CCG GTT ATC GTG CGT TTC GAG AAG GTT AAC TAC TCC GGT ATC AAC ACC AAC AAC TTC GCG GAA GAC GAG CTG GTT GAG GTT GAA GCG,-0.5912346780061861
ATG GTG CAG CGT GGC TCT AAA GTT CGC ATC CTG CGT CCG GAA TCT TAC TGG TTT CAG GAT GTG GGT ACT GTT GCT TCT GTG GAC CAG TCT GGT ATC AAA TAT CCG GTG ATC GTG CGT TTC GAG AAA GTG AAC TAC TCC GGT ATT AAC ACC AAC AAC ACC GCT GAA GAC GAA CAC GTT GAA GTG GAG GCG,-1.3290876555102409
ATG GTT CAG CGT GGT TCC GCG GTT CGT ATC CTG CGT CCG GAA TCT TAT TGG TTC CAG GAC GTT GGT ATC GTT GCG TCT GTT GAC CAG TCT GGT ATC AAA TAC CCG GTT ATC GTT CGC TTC GAA AAG GTT AAT TAC TCT GGC ATC AAC ACC AAC AAC TTC GCG GAA GAC GAA CTG GTT GAA GTT GAA GCG,1.4613407687272149
ATG GTT CAG CGC GGT TCT AAA GTT CGT ATC CTG CGT CCG GAA TCT TAT TGG TTC CAG GAC GTT GGT ACC GTT GCG TCT GTT GAC CAG TCT GGT ATC AAG TAC CCG GTT ATC GTT CGT TTC CAC TAC GTT AAC TAC TCT GGC ATC AAC ACC AAC AAC TTC GCG GAA GAC GAA CTG GTT GAA GTG GAG GCG,1.4568208889292775
ATG GTT CAG CGT GGC TCT AAA GTT CGT ATC CTG CGT CCG GAA TCT TAC TGG TTC CAG GAC GTT GGT ACC GTT GCG TCT GTT GAC CAG TCC GGT ATC AAA TAC ATC GTG ATC GTG CGC TTC GAA AAA GTG AAC TAT TCT GGT ATC GCG ACC AAC AAC TTC GCG GAA GAT GAA CTG GTT GAA GTT GAA GCG,2.2028795791572
ATG GCG CAG CGT GGC TCT AAA GTT CGT ATC CTG CGT CCG GAA TCT TAC TGG TTC CAG GAC GTT GGT ACC GTT GCG TCT GTT GAT CAG TCT GGC ATC AAG TAC CCG GTT ATC GTG CGT TTC GAG AAG GTT AAC TAT TCC GGT ATC AAC ACC AAC AAT TTC GCG GAA GAC GAA CTG GTT GAA GTT GAA GCG,0.1884406016817095
ATG GTT CAG CGT GGC TCT AAA GTT CGT ATC CTG CGC CCG TGC TCT TAC TGG TTC CAA GAC GTT GGT ACC GTT GCG TCT GTT GAC CAG TCT GGC ATC AAA TAC CCG GTT ATC GTT CGT TTT GAG AAA GTG AAC TAC TCC GGT ATC AAC ACC AAC AAC TTC GCG GAA GAC GAA CTG GTT GAA GTT GAA GCG,2.1671415455649625
ATG GTT CAG CGT GGT TCC AAA GTT CGT ATC CTG CGT CCG GAA TCT TAC TGG TTT CAG GAC GTT GGC ACC GTT GCT TCC GTT GAC CAG TCT GGC ATC AAA TAC AAA GTT ATC GTT CGC TTC GAG AAG GTT AAC TAC TCC GGT ATC CAG ACC AAC AAC TTC GCG GAA GAC GAA CTG GTT GAA GTT GAA GCG,1.3675002716772031
ATG GTT CAG CGT GGT TCC GTT GTT CGT ATC CTG CGT CCG GAA TCT TAC TGG TTC CAA GAC GTT GGT TTC GTT GCG TCT GTT GAC CAG TCT GGC ATC AAA TAC CCG GTT ATC GTT CGC TTC GAG AAA GTG AAC TAC TCT GGT ATC AAT ACC AAC AAC TTC GCG GAA GAC GAA CTG GTT GAA GTT GAA GCG,0.7055713107962914
ATG GTG CAG CGT GGC TCC AAA GTT CGT ATC CTG CGT CCG GAA TCT TAC TGG TTC CAG GAC GTT GGC ACC GTT GCT TCT GTT GAC CAG TCC GGT ATC AAA TAC CCG GTT ATC GTT CGT TTC CCG ACC GTT AAC TAC TCT GGC ATC AAC ACC AAC AAC TTC GCG GAA GAC GAG CTG GTT GAA GTT GAA GCG,1.2817542224121188
ATG GTT CAG CGT GGC TCT AAA GTT CGT ATC CTG CGT CCG GAA TCT TAC TGG TTC CAG GAC GTT GGT ACC GTT GCG TCT GTT AAA CAG GAA GGC ATC AAA TAC CCG GTT ATC GTT CGT TTC GAG AAA GTG AAC TAC TCC GGT ATC AAC ACC AAC AAC TTC GCG GAA GAC GAA CTG GTT GAA GTT GAG GCT,0.1209174685053811
ATG GTT CAG CGT GGC TCT AAA GTT CGT ATC CTG CGT CCG GAA TCT TAC TGG TTC CAG GAC GTT GGT ACT GTT GCG TCT GTT CGT CAG ATC GGT ATC AAA TAC CCG GTT ATC GTT CGT TTC GAG AAG GTG AAC TAC TCT GGC ATC AAC ACC AAC AAC TTC GCG GAG GAT GAG CTG GTT GAA GTT GAA GCG,0.0904191938739581
ATG GTT CAG CGT GGC TCT AAA GTG CGT ATC CTG CGT CCG GAA TCT TAC TGG TTC CAG GAT GTT GGT ACC GTT GCG TCT GTT GAC CAG TCC GGT ATC AAA TAC CCG GTT ATC GTT CGT TTC GAG AAG GTT AAC TAC TCT GGC ATC AAC ACC AAC AAC TGG GCG GAA GAC GAA GAC GTT GAA GTT GAA GCG,-0.1649865820030203
ATG GTT CAG CGC GGC TCT AAA GTT CGT ATC CTG CGT CCG GAA TCT TAC TGG TTC CAA GAC GTT GGT ACC GTT GCG TCT GTT GAC CAG TCC GGT ATC AAA TAC GTT GTT ATC GTT CGT TTC GAG AAG GTT AAC TAC TCT GGT ATC CAG ACC AAC AAC TTC GCG GAA GAC GAA CTG GTG GAA GTG GAA GCG,1.959699179179118
ATG GTT CAG CGT GGC TCC AAG GTT CGT ATC CTG CGT CCG GAA TCT TAC TGG TTC CAG GAT GTT GGT ACC GTG GCG TCT GTT TGC CAG GGC GGC ATC AAA TAC CCG GTT ATT GTT CGC TTC GAA AAG GTG AAC TAC TCC GGT ATC AAC ACT AAT AAC TTC GCG GAG GAC GAA CTC GTT GAG GTG GAA GCG,1.8039386462314524
ATG GTT CAG CGT GGT TCT AAA GTT CGT ATC CTG CGT CCG GAA TCT TAC TGG TTT CAG GAC GTT GGT ACC GTT GCG TCT GTT GAC CAG TCT GGC ATC AAA TAC GAC GTT ATC GTT CGT TTC GAG AAA GTG AAC TAC TCT GGT ATC ACC ACC AAC AAC TTC GCG GAA GAC GAA CTG GTT GAG GTT GAA GCG,0.555760947952251
ATG GTT CAG CGT GGT TCT AAA GTT CGT ATC CTG CGT CCG GAA TCT TAC TGG ATT CAA GAC GTT GGT ACC GTT GCG TCT GTT GAC CAG TCT GGC ATC AAG TAC CCA GTT ATC GTT CGT TTC GAG AAG GTT AAC TAC TCC GGT ATC AAC ACC AAC AAC TTC GCG GAA GAT GAA CTG GTT GAA GTT GAA GCG,0.0227740400918129
ATG GTT CAG CGC GGT TCT AAA GTT CGT ATC CTG CGT CCG GAA TCC TAC TGG TTC CAG GAT GTT GGT ACC GTT GCG TCT GTT GAC CAG TCT GGC ATC AAA TAC CCG GTT ATC GTT CGC TTC GAG AAG GTT AAC TAT TCT GGT ATC AAC ACC AAC AAC CAC GCG GAA GAT GAA TTT GTT GAA GTT GAA GCG,-0.173204064081826
ATG GTT CAG CGT GGT TCT AAA GTT CGT ATC CTG CAG CCG GAA TCT TAC TGG TTC CAA GAC GTT GGT ACC GTT GCG TCC GTT GAC CAG TCT GGT ATC AAA TAC CCG GTG ATC GTT CGT TTT GAA AAG GTT AAC TAC TCC GGC ATC AAC ACC AAC AAC TTC GCG GAA GAC CAC CTG GTT GAA GTT GAA GCG,-1.092151237973551
ATG GTT CAG CGT GGT TCT AAA GTT CGT ATC CTG CAC CCA GAA TCT TAC TGG TTC CAG GAC GTT GGT ACC GTT GCG TCT GTT GAC CAG TCT GGT ATC AAA TAC CCG GTT ATC GTT CGT TTC GAG AAG GTT AAC TAC TCT GGC ATC AAC ACC AAC AAC TTC GCG GAA GAC CAG CTC GTG GAA GTT GAA GCG,-0.0834372798200175
ATG GTT CAG CGT GGT TCT GTT GTT CGT ATC CTG CGT CCG GAA TCT TAC TGG TTC CAG GAC GTT GGT GGT GTG GCG TCT GTT GAC CAG TCC GGT ATC AAA TAC CCA GTG ATC GTT CGT TTC GAG AAA GTG AAC TAC TCT GGC ATC AAC ACC AAC AAC TTC GCT GAA GAC GAA CTG GTT GAA GTT GAA GCG,-0.5172679823891448
ATG GTG CAG CGC GGT TCT AAA GTT CGT ATC CTG CGT CCG GAA TCT TAC TGG TTT CAG GAC GTT GGT ACC GTT GCG TCT GTT GAC CAG TCT GGT ATC AAA TAC CCA GTG ATC GTT CGT TTC GAG AAG GTT AAC TAC TCC GGC ATC AAT ACC AAC AAC AAT GCG GAA GAC GAA CAC GTT GAA GTT GAA GCG,-0.3940759114263136
ATG GTT CAG CGT GGC TCT AAA GTT CGT ATC CTG CGT CCG GGT TCT TAC TGG TTC CAG GAT GTT GGT ACC GTT GCG TCT GTT GAC CAG TCT GGT ATC AAA TAC CCG GTT ATC GTT CGT TTC GAG AAG GTT AAC TAC TCT GGC ATC AAC ACC AAC AAC TTC GCG GAA GAC GAA CTG GTT GAA GTT GAA GCG,2.0508901384438687
ATG GTT CAG CGT GGT TCC AAA GTT CGT ATC CTG CGT CCG GAA TCT TAC TGG TTT CAG GAT GTT GGT ACC GTT GCG TCT GTT GAC CAG TCC GGT ATC AAA TAC CCG GTT ATC GTT CGC TTC GAA AAA GTG AAC TAC TCT GGC ATC AAC ACC AAC AAC GAA GCG GAA GAC GAA TGC GTT GAA GTT GAA GCG,-0.1682376938973487
ATG GTT GCG CGT GGT TCT AAA GTT CGT ATC CTG CGT CCG GAA TCT TAC TGG TTC CAG GAC GTT GGT ACC GTT GCT TCT GTT GAC CAG TCT GGT ATT AAG TAC CCG GTT ATC GTT CGT TTC GAG AAA GTG AAC TAC TCC GGT ATC AAC ACC AAC AAC TTC GCG GAA GAC GAA CTG GTT GAA GTT GAA GCG,1.4816140020057915
ATG GTT CAG CGT GGT TCC CGT GTT CGT ATC CTG CGT CCG GAA TCT TAC TGG TTC CAG GAC GTT GGT CTG GTG GCG TCT GTT GAC CAG TCT GGT ATC AAA TAC CCG GTT ATC GTG CGT TTT GAG AAG GTG AAC TAC TCC GGC ATC AAC ACC AAC AAC TTC GCG GAA GAC GAA CTG GTT GAA GTT GAA GCG,0.9277827927053548
ATG GTT CAG CGT GGC TCT AAA GTT CGT ATC CTG CGT CCG GAA TCT TAC TGG TTC CAA GAC GTT GGT ACC GTT GCG TCT GTT GAC CAG TCT GGT ATC AAG TAC CCG GTG ATC GTT CGT TTC GAG AAG GTT AAC TAC TCC GGC ATT AAC ACC AAC AAT AAA GCG GAA GAC GAA CAG GTT GAA GTT GAA GCG,-0.6170301462902451
ATG GTT CAG CGT GGC TCC AAA GTT CGT ATC CTC CGT CCG GAA TCT TAC TGG TTC CAG GAC GTT GGT ACC GTT GCG TCT GTT TGG CAG CAG GGC ATC AAG TAC CCG GTT ATC GTG CGT TTT GAA AAA GTG AAC TAC TCC GGT ATC AAC ACC AAC AAC TTC GCG GAA GAC GAA CTG GTT GAA GTT GAA GCG,-0.0598521888694912
ATG GTT CAG CGT GGT TCT TTC GTT CGT ATC CTG CGT CCG GAA TCT TAC TGG TTC CAG GAT GTT GGT ACC GTT GCG TCT GTT GAC CAG TCC GGC ATC AAG TAT CCG GTT ATC GTT CGC TTC TCT AAA GTG AAC TAC TCC GGT ATC AAC ACC AAC AAC TTC GCG GAA GAC GAA CTG GTT GAA GTT GAA GCG,1.4104382777654352
ATG GTT CAG CGT GGT TCT AAA GTT CGT ATC CTG CGT CCG GAA TCT TAC TGG TTC CAG GAC GTT GGT ACC GTT GCG TCT CGT GAC CAG TCC GGC ATC AAA TAC CCG GTT ATC GTT CGC TTC GAA AAG GTT AAC TAC TCC GGT ATC AAC ACC AAC AAC TTC GCG GAA GAC GAA CTG GTT GAG GTT GAA GCG,0.2423485092309196
ATG GTT CAG CGT GGC TCT AAA GTT CGT ATC CTG CGT CCG GAA TCT TAC TGG TTT CAG GAC GTT GGT ACC GTT GCG TCT GTT GAC CAG TCC GGC ATC AAG TAC TAT GTT ATC GTT CGC TTC GAA AAG GTT AAC TAC TCT GGC ATC CAA ACC AAC AAC TTC GCG GAA GAC GAA CTG GTT GAA GTT GAA GCG,2.021781628561309
ATG GTT CAG CGT GGT TCT AAA GTT CGT ATC CTC CGT CCG GAA TCT TAC TGG TTC CAG GAC GTT GGT ACC GTT GCG TCC GTT AAA CAG AAC GGC ATC AAA TAC CCG GTG ATC GTT CGT TTC GAG AAG GTT AAC TAC TCC GGT ATC AAC ACC AAC AAC TTC GCG GAA GAC GAA CTG GTT GAA GTT GAA GCG,0.4325146599216197
ATG GTT CAG CGT GGT TCT AAA GTT CGT ATC CTG CGT CCG GAA TCT TAC TGG TTC CAG GAT GTT GGT ACC GTT GCG TCT GTT GAC CAG TCT GGT ATC AAA TAC CCG GTT ATC GTT CGT TTC CCG GAC GTT AAC TAC TCT GGC ATC AAC ACC AAC AAC TTC GCT GAA GAC GAG CTG GTT GAA GTT GAA GCG,0.3223780407260038
ATG GTT CAG CGT GGC TCT AAA GTT CGT ATC CTG CGT CCG GAA TCT TAC TGG TTC CAA GAC GTT GGT ACC GTT GCG TCT GTT GAC CAG TCT GGC ATC AAA TAC CCG GTT ATC GTT CGC TTT GAA AAA GTG AAC TAC TCC GGT ATC AAC ACC AAC AAC TTC CTG GAG GAT GAA CTG GTT GAA GTT GAA GCG,0.2333570646987645
ATG GTG CAA CGC GGC TCT AAA GTG CGT ATC CTG CGT CCG GAA TCT TAC TGG TTC CAG GAT GTT GGT ACC GTT GCG TCT GTT GAC CAG TCC GGT ATC AAG TAC GCG GTT ATC GTT CGC TTC GAG AAG GTG AAC TAC TCT GGC ATC AAT GCG AAC AAC TTC GCG GAA GAC GAA CTC GTT GAA GTT GAG GCG,1.0952758135527725
ATG GTT CAG CGT GGT TCT AAA GTT CGT ATC CTG CGT CCG GAA TCT TAC TGG TTC CAG GAT GTT GGT ACC GTT GCG TCT GTT GAC CAG TCT GGT ATC AAA CAC CCG GTT ATC GTT CGT TTT GAA AAA GTG AAC TAC TCC GGC ATC AAC ACC AAC AAC TTC GCG GAA GAC GAA CTG GTT GAA GTT GAA GCG,1.1257699361860156
ATG GTT CAG CGT GGT TCT AAA GTT CGT ATC CTG CGT CCG GAA TCT TAC TGG TTC CAG GAC GTT GGT ACC GTT GCG TCT GTT ACC CAG AAA GGC ATC AAA TAC CCG GTT ATC GTT CGT TTC GAG AAG GTG AAC TAC TCT GGT ATC AAC ACC AAC AAC TTC GCG GAA GAC GAA CTG GTT GAA GTT GAA GCG,0.0722199270084672
ATG GTT CAG CGT GGT TCT AAA GTT CGT ATC CTG CGT CCG GAA TCT TAC TGG TTC CAG GAC GTT GGT ACC GTT GCG TCT GTT GAC CAG TCT GGT ATC AAA TAC CCG GTT ATC GTT CGC TTC GAA AAA GTG AAC TAC TCC GGC ATC AAC ACC AAC AAC TTT GCG GAA GAC GAA CTG AAA GAA GTT GAA GCG,1.1064867626945556
ATG GTG CAG CGT GGC TCC ATG GTT CGT ATC CTG CGT CCG GAA TCT TAC TGG TTC CAG GAT GTT GGT ACC GTT GCG TCT GTT GAC CAG TCT GGC ATC AAA TAC CCG GTT ATC GTT CGT TTC GAC AAG GTG AAC TAC TCT GGT ATC AAC ACC AAC AAC TTC GCG GAA GAC GAG CTG GTT GAA GTT GAG GCT,1.749371142637265
ATG GTT CAG CGC GGT TCT AAA GTT CGT ATC CTG CGT CCG GAA TCT TAC TGG TTC CAG GAC CAG GGT ACC GTT GCG TCT GTT GAC CAG TCT GGT ATC AAA TAC CCG GTT ATC GTT CGT TTT GAA AAG GTT AAC TAC TCC GGC ATC AAC ACC AAC AAC TTC GCG GAA GAC GAA CTG GTT GAA GTT GAG GCT,-0.2588281184054179
ATG GTT CAG CGT GGC TCC AAA GTT CGT ATC CTG CGT CCG GAA TCT TAT TGG TTC CAG GAC GTT GGT ACC GTT GCG TCT GTT GAC CAG TCC GGT ATC AAA TAC GCG GTT ATC GTG CGT TTC GAG AAA GTT AAT TAC TCT GGC ATC AAC GTG AAC AAC TTC GCG GAA GAC GAA CTG GTT GAA GTT GAA GCG,1.5226620332043064
ATG GTT CAG CGT GGT TCT AAA GTT CGT ATC CTG CGT CCG GAA TCT TAC TGG TTC CAG GAC GTT GGT ACC GTT GCG TCT GTT GAC CAG TCC GGT ATC AAA TGG CCG GTG ATC GTT CGT TTC GAG AAG GTT AAC TAC TCC GGC ATC AAC ACT AAC AAC TTC GCG GAA GAC GAA CTG GTT GAA GTT GAA GCG,1.2642538145163131
ATG GTG CAA CGC GGT TCT AAA GTT CGT ATC CTG CGT CCG GAA TCT TAC TGG TTC CAG GAC GTT GGT ACC GTG GCG TCT GTT ATC CAG ATG GGT ATC AAG TAC CCG GTG ATT GTT CGT TTT GAA AAA GTG AAC TAC TCT GGC ATC AAC ACC AAC AAC TTC GCG GAA GAC GAA CTG GTT GAG GTT GAA GCG,0.7563578816002362
ATG GTT CAG CGT GGC TCT AAA GTT CGT ATC CTG CGT CCG GAA TCT TAC TGG TTC CAG GAC GTT GGT ACC GTT GCG TCT GTT ACC CAG GGT GGT ATC AAA TAC CCG GTT ATC GTT CGC TTC GAA AAA GTG AAC TAC TCC GGC ATC AAC ACT AAC AAC TTC GCG GAA GAC GAA CTG GTT GAA GTT GAA GCG,1.1249447054563184
ATG GTT CAG CGT GGC TCC AAA GTT CGT ATC CTG CGT CCG GAA TCT TAC TGG TTC CAG GAC GTT GGT ACC GTT GCG TCT GTT GAC CAG TCC GGC ATC AAA TAC TGG GTT ATC GTT CGT TTC GAG AAG GTT AAC TAC TCT GGT ATC AAC CAA AAC AAC TTC GCG GAG GAC GAG CTG GTT GAG GTG GAA GCG,1.9880191882485343
ATG GTT CAG CGT GGT TCT AAA GTT CGT ATC CTG CGT CCG GAA TCT TAC TGG TTC CAA GAC GTT GGT ACC GTT GCG TCT GTT GAC CAG TCT GGC ATC AAA TAC ACC GTG ATC GTT CGT TTC GAG AAG GTT AAC TAC TCT GGT ATC ACC ACC AAC AAC TTC GCT GAG GAC GAA CTC GTT GAG GTT GAA GCG,1.3494204978779178
ATG GTT CAG CGT GGT TCT AAA GTT CGT ATC CTG CGT CCG GAA TCT TAC TGG TTC CAG GAC GTT GGT ACC GTT GCG TCT GTT CAC CAA TTC GGT ATC AAA TAC CCA GTT ATC GTG CGC TTT GAA AAA GTG AAC TAC TCT GGC ATC AAC ACC AAC AAC TTC GCG GAA GAC GAA CTG GTT GAA GTT GAA GCG,0.4363331742773101
ATG GTT CAG CGT GGC TCT AAA GTT CGT ATC CTG CGT CCG GAA TCT CGT TGG TTC CAG GAC GTT GGC ACC GTT GCG TCT GTT GAC CAG TCT GGT ATC AAA TAC CCG GTT ATC GTT CGC TTC GAA AAG GTT AAC TAC TCT GGC ATC AAC ACC AAC AAC TTC GCG GAA GAC GAA CTG GTT GAA GTT GAA GCG,-0.3694447390494449
ATG GTT CAG CGT GGT TCT AAA GTT CGT ATC CTG CGT CCG GAA TCT TAC TGG TTC CAG GAC GTT GGT ACC GTT GCG TCT GTT GAT CAG TCC GGC ATC AAA TAC CCG GTT ATC GTT CGT TTC GAG AAG GTT AAC TAC TCC GGT ATC AAC ACC AAC AAC TTC GCG GAA GAC GAA CTG GTT GAA TTC GAA GCG,0.5341905791689509
ATG GTG CAG CGT GGC TCC AAA GTT CGT ATC CTG CGT CCG GAA TCT TAC TGG TTC CAA GAC GTT GGT ACC GTT GCG TCT GTT GAC CAG TCT GGT ATC AAG TAC CCG GTT ATC GTG CGC TTC GAA AAG GTT AAT TAC TCT GGC ATC AAC ACC AAC AAC CTG GCT GAA GAT GAA ATG GTT GAA GTT GAA GCG,0.0016999805408002
ATG GTT CAA CGC GGT TCC AAA GTT CGT ATC CTG GAC CCG GAA TCT TAC TGG TTC CAG GAC GTT GGT ACC GTT GCG TCT GTT GAC CAG TCT GGC ATC AAG TAC CCG GTG ATC GTT CGT TTT GAG AAA GTG AAC TAC TCC GGT ATC AAC ACC AAC AAC TTC GCT GAA GAC TAC CTG GTT GAA GTT GAA GCG,0.0194806913522994
ATG GTT CAG CGT GGC TCT AAA GTT CGT ATC CTG CGT CCG GAA TCT TAC TGG TTT CAG GAC GTT GGT ACC GTT GCG TCT GTT GAC CAG TCT GGT ATC AAA TAC CCG GTT ATC GTT CGT TTC GAG AAG GTG AAC TAC TCT GGC ATC AAC ACC AAC AAC TTC GCG GAA GAC GAA CTG GTT CGT GTT GAA GCG,1.5624858905636847
ATG GTT CAG CGT GGT TCT AAA GTT CGT ATC CTG CGT CCA GAA TGG TAC TGG TTC CAG GAC GTT GGT ACC GTT GCG TCT GTT GAC CAG TCC GGT ATT AAG TAC CCG GTT ATC GTT CGT TTC GAG AAG GTT AAC TAC TCT GGT ATC AAC ACC AAC AAT TTC GCG GAA GAC GAA CTG GTT GAA GTT GAA GCG,-0.0775553192171869
ATG GTT CAG CGT GGC TCT AAA GTT CGT ATT CTG CGT CCG GAA TCT TAC TGG TTC CAG GAC GTG GGT ACC GTT GCG TCT GTT GAC CAG TCT GGT ATC TGG TAC CCG GTT ATC GTT CGC TTC GAG AAA GTG AAC TAC TCT GGC ATC AAC ACC AAC AAC TTC GCG GAA GAC GAA CTG GTT GAA GTT GAA GCG,0.2528948765718438
ATG GTT CAA CGC GGT TCT AAA GTT CGT ATC CTG CGT CCG GAA TCT TAC TGG TTC CAG GAC GTT GGT ACC GTT GCG TCT GTT TGG CAG TGC GGC ATC AAG TAC CCG GTT ATC GTG CGC TTT GAA AAA GTG AAC TAC TCC GGT ATC AAC ACC AAC AAC TTC GCG GAA GAC GAA CTG GTT GAA GTT GAA GCG,1.3947091294115426
ATG GTT CAG CGT GGT TCT AAA GTT CGT ATC CTG GAC CCG GAA TCT TAC TGG TTT CAG GAC GTT GGT ACC GTT GCG TCT GTT GAC CAG TCT GGT ATC AAA TAT CCG GTT ATC GTT CGT TTC GAG AAG GTT AAC TAT TCC GGC ATC AAC ACC AAC AAC TTC GCG GAA GAC CTG CTG GTT GAA GTT GAG GCT,0.1255993245512844
ATG GTT CAG CGT GGC TCT AAA GTT CGT ATC CTG CGT CCG GAA TCT TAC TGG TTC CAG GAC GTT GGT ACC GTT GCG TCT GTT GAC CAG TCT GGT ATC AAA TAC CCA GTG ATC GTG CGT TTC GAG AAA GTT AAT TAC TCT GGC ATC AAC ACC GTT AAC TTC GCG GAA GAC GAA CTG GTT GAA GTT GAA GCG,1.513529723927518
ATG GTT CAG CGT GGT TCT AAA GTT CGT ATC CTG CGT CCG GAA TCT TAC TGG TTC CAG GAC GTT GGT ACC GTT GCG TCT GTT GAC CAG TCC GGT ATT AAG TAC CCG GTT ATC GTT CGT TTT GAA AAA GTT GGT TAC TCT GGT ATC AAC ACC AAC AAC TTC GCG GAA GAC GAG CTG GTT GAA GTT GAA GCG,0.4374680959675634
ATG GTG CAG CGC GGT TCT AAA GTT CGT ATT CTG CGT CCG GAA TCT TAC TGG TTC CAG GAT GTT GGT ACC GTT GCG TCT ACT GAC CAG TCT GGT ATC AAA TAC CCG GTT ATC GTT CGC TTC GAA AAA GTT AAT TAC TCC GGC ATC AAC ACC AAC AAC TTT GCG GAA GAC GAA CTG GTT GAA GTT GAA GCG,0.459714718499266
ATG GTT CAG CGT GGC TCC AAA CCG CGT ATC CTC CGT CCG GAA TCT TAC TGG TTC CAG GAC GTT GGT ACC GTT GCG TCT GTG GAC CAG TCT GGC ATT AAG TAC CCG GTT ATC GTT CGT TTC GAG AAG GTG AAC TAC TCC GGT ATC AAC ACC AAC AAT TTC GCG GAA GAC GAA CTG GTT GAA GTT GAA GCG,-0.4522366985474015
ATG GTT CAG CGT GGT TCT AAA GTT CGT ATC CTG CGT CCG GAA TCT TAC TGG TTC CAA GAC GTT GGC ACC GTT GCG TCT GTT AAC CAG GAC GGT ATC AAG TAC CCG GTT ATT GTG CGT TTT GAA AAG GTG AAC TAC TCT GGT ATT AAC ACC AAC AAC TTC GCG GAA GAC GAA CTG GTT GAA GTT GAA GCG,0.7382109443376714
ATG GTT CAG CGC GGT TCT AAA GTT CGT ATT CTG CGT CCG GAA TCT TAC TGG TTT CAG GAC GTT GGC ACC GTT GCG TCT GTT GAC CAG TCT GGT ATC AAG TAC CCG GTT ATC GTG CGC TTC GAA AAG GTT AAC TAC TCT GGC ATC AAC ACC AAC AAC GCG GCT GAA GAC GAA ATT GTT GAA GTT GAA GCG,-0.1776028411797686
ATG GTT CAG CGC GGT TCT AAA GTT CGT ATC CTG CGT CCG GAA TCT TAC TGG TTC CAG GAC GTT GGT ACC GTT GCG TCT GTT TGG CAG GAC GGT ATC AAA TAC CCG GTT ATC GTG CGT TTT GAG AAA GTG AAC TAC TCT GGC ATC AAC ACC AAC AAC TTC GCG GAA GAC GAA CTC GTT GAA GTG GAA GCG,0.1987727956528705
ATG GTT CAG CGT GGC TCT TGC GTT CGT ATT CTG CGT CCG GAA TCT TAC TGG TTC CAG GAT GTT GGT ACC GTT GCG TCT GTT GAC CAG TCT GGC ATC AAA TAC CCG GTT ATC GTG CGT TTC CGT AAA GTG AAC TAT TCT GGT ATC AAC ACC AAC AAC TTC GCG GAA GAC GAA CTG GTT GAG GTG GAA GCG,2.670384322239164
ATG GTT CAG CGT GGT TCT TTC GTT CGC ATC CTG CGT CCG GAG TCT TAC TGG TTT CAG GAC GTT GGT CAG GTT GCG TCT GTT GAC CAG TCT GGT ATC AAA TAT CCG GTG ATC GTT CGT TTC GAG AAG GTT AAC TAC TCC GGC ATC AAT ACC AAC AAC TTC GCG GAA GAC GAA CTG GTT GAA GTT GAA GCG,1.8653168068110344
ATG GTT CAG CGC GGT TCT AAA GTT CGT ATC CTG GAC CCG GAA TCT TAC TGG TTC CAG GAC GTT GGT ACC GTT GCG TCT GTT GAC CAG TCT GGT ATC AAA TAC CCG GTT ATT GTG CGT TTT GAG AAG GTG AAT TAC TCT GGC ATC AAC ACC AAC AAC TTC GCG GAA GAC AAC CTG GTT GAA GTT GAG GCT,-0.0958887598286895
ATG GTT CAG CGT GGT TCT AAA GTT CGT ATC CTG CGT CCG GAA TCT TAC TGG TTT CAG GAC GTT GGT ACC GTT GCG TCT GTT GAC CAG TCT GGC ATC AAA TAC GTT GTT ATC GTT CGC TTC GAA AAA GTG AAC TAC TCC GGT ATC GAA ACC AAC AAT TTC GCG GAG GAC GAA CTG GTG GAA GTT GAA GCG,1.9404433875100349
ATG GTT CAG CGT GGC TCC AAA GTT CGT ATC CTG CGT CCG GAA TCT TAC TGG TTT CAG GAC GTT GGT ACC GTT GCG TCT GTT GAC CAG TCC GGT ATC AAA TAC TTC GTT ATC GTT CGC TTC GAA AAA GTG AAC TAC TCT GGC ATC AAC TAC AAC AAC TTC GCT GAA GAC GAA CTG GTT GAA GTT GAA GCG,1.902600999857234
ATG GTT CAG CGT GGT TCT GGT GTT CGT ATC CTG CGT CCG GAA TCT TAC TGG TTC CAG GAC GTT GGT CAC GTT GCG TCT GTT GAC CAG TCT GGC ATC AAA TAC CCG GTT ATC GTT CGC TTC GAG AAG GTG AAC TAC TCT GGT ATC AAC ACC AAC AAC TTC GCG GAA GAC GAA CTG GTT GAA GTT GAA GCG,-2.3267809368806205
ATG GTT CAG CGT GGT TCT TCT GTT CGT ATC CTG CGT CCG GAA TCT TAC TGG TTC CAG GAC GTT GGT ACC GTT GCG TCT GTT GAC CAG TCT GGC ATC AAA TAC CCG GTT ATC GTT CGT TTC CCG AAA GTG AAC TAC TCT GGT ATC AAC ACC AAC AAC TTC GCG GAA GAC GAA CTG GTG GAA GTT GAG GCG,0.0326447473416545
ATG GTT CAG CGT GGC TCT AAA GTT CGT ATC CTG CGT CCG GAA TCT TAC TGG TTC CAA GAC GTT GGT ACC GTT GCG TCT GTT GAC CAG TCT GGT ATC AAA TAC TGG GTT ATC GTG CGC TTC GAG AAA GTG AAC TAT TCC GGC ATC AAC AAG AAC AAC TTC GCG GAA GAC GAA CTG GTT GAA GTT GAA GCG,2.4356476160430285
ATG GTT CAG CGT GGT TCT AAA GTT CGT ATC CTG CGT CCG GAA TCT TAC TGG TTC CAG GAC GTT GGT ACC GTT GCG TCT GTT GAC CAG TCT GGT ATC AAA TAC CCA GTG ATC GTG CGT TTC AAC TCT GTT AAC TAC TCT GGC ATC AAC ACC AAC AAC TTC GCG GAA GAC GAA CTG GTT GAA GTG GAA GCG,1.941983099559176
ATG GTT CAG CGT GGC TCC AAA GTT CGT ATC CTG CGT CCG GAA TCT TAC TGG TTC CAG GAC GTT GGT ACC GTT GCG TCT GTT GAC CAG TCC GGT ATC AAG TAC CCG GTT ATC GTT CGT TTC CAC ATG GTT AAC TAC TCT GGC ATC AAC ACC AAC AAC TTC GCT GAA GAC GAA CTG GTT GAG GTT GAA GCG,0.8741850954102275
ATG GTT CAG CGT GGC TCT AAA GTT CGT ATC CTG CGT CCG GAA TCT TAC TGG TTC CAG GAC GTT GGT ACC GTT GCG TCT GTT GAC CAG TCT GGT ATC AAA TAC CCG GTT ATC GTT CGT TTC ACT CCG GTT AAC TAC TCC GGC ATT AAC ACC AAC AAC TTC GCT GAA GAC GAA CTG GTT GAA GTT GAA GCG,0.2566330332022497
ATG GTT CAG CGT GGC TCC AAA GTT CGT ATC CTG CGT CCG GAG TCT TAC TGG TTC CAA GAC GTT GGT ACC GTT GCG TCT GTT GAC CAG TCT GGT ATC AAA TAC CCG GTG ATC GTG CGT TTC GAG AAA GTG AAC TAC TCT GGC ATC AAC ACC AAC AAC TCT GCT GAG GAT GAG ATG GTT GAA GTT GAA GCG,-0.1000274991456477
ATG GTT CAG CGT GGT TCT GAC GTT CGT ATC CTG CGT CCG GAA TCT TAC TGG TTC CAA GAC GTT GGT CAG GTT GCG TCT GTT GAC CAG TCT GGT ATC AAA TAC CCG GTT ATC GTT CGC TTC GAA AAG GTT AAC TAC TCT GGC ATC AAC ACC AAC AAC TTC GCG GAA GAC GAA CTG GTT GAA GTT GAA GCG,-0.9419637173548104
ATG GGT CAG CGT GGT TCC AAA GTT CGT ATC CTG CGT CCG GAG TCT TAC TGG TTT CAG GAC GTT GGT ACC GTT GCG TCT GTT GAC CAG TCT GGT ATC AAA TAC CCG GTT ATT GTT CGT TTC GAG AAG GTT AAC TAC TCC GGC ATC AAC ACC AAC AAC TTC GCG GAA GAC GAA CTG GTT GAA GTT GAA GCG,-0.2523390466496981
ATG GTT CAG CGC GGC TCT AAA GTT CGT ATC CTG CGT CCG GAA TCT TAT TGG TTC CAG GAC GTT GGT ACC GTT GCG TCT GTT GAC CAG TCT GGC ATC AAA TAC CCG GTT ATC GTT CGT TTC CGC ATG GTT AAT TAC TCT GGT ATC AAC ACC AAC AAC TTT GCG GAA GAC GAA CTG GTT GAA GTG GAA GCG,0.7495472198307629
ATG GTT CAG CGC GGT TCC ATG GTT CGT ATC CTG CGT CCG GAA TCT TAC TGG TTC CAG GAC GTT GGT CAG GTT GCG TCT GTT GAC CAG TCT GGT ATC AAA TAC CCG GTT ATC GTT CGT TTC GAG AAA GTG AAC TAC TCC GGT ATT AAC ACC AAC AAC TTC GCG GAA GAC GAA CTG GTG GAA GTT GAA GCG,1.2228051537573823
ATG GTT CAG CGT GGT TCT AAA GTT CGT ATC CTG CGT CCG GAA TCT TAC TGG TTC CAG GAC GTT GGT ACC GTT GCG TCT GTT GAC CAG TCT GGT ATC AAA TAC CCG GTT ATC GTT CGT TTT GAG AAA GTG AAC TAC TCT GGC ATC AAC ACC TGG AAT TTT GCG GAA GAC GAA CTG GTG GAA GTT GAA GCG,4.3258503356404185
ATG GTT CAA CGC GGC TCT AAA GTT CGT ATC CTG CGT CCG GAA TCT TAC TGG TTC CAG GAC GTT GGC ACC GTT GCG TCT GTT GAC CAG TCC GGT ATC AAA TAC TCC GTT ATC GTG CGT TTT GAA AAA GTG AAC TAC TCT GGC ATC AAC CAG AAC AAC TTC GCG GAA GAC GAA CTC GTT GAG GTT GAA GCG,1.5173305200240237
ATG GTT CAG CGT GGT TCT GTT GTT CGT ATC CTG CGT CCG GAA TCT TAC TGG TTC CAG GAC GTT GGT ACC GTT GCT TCT GTG GAC CAG TCC GGT ATC AAG TAC CCG GTT ATC GTT CGT TTC TAC AAG GTT AAC TAC TCT GGC ATC AAC ACC AAC AAC TTC GCG GAA GAC GAA CTG GTT GAA GTG GAA GCG,1.4543535647612085
ATG GTT CAG CGT GGT TCT AAA GTT CGT ATC CTG CGT CCG GAA TCT TAC TGG TTC CAG CCG GTT GGT ACC GTT GCG TCT GTT GAC CAA TCT GGC ATC AAG TAC CCG GTT ATT GTT CGT TTC GAG AAG GTT AAC TAC TCC GGT ATC AAC ACC AAC AAC TTC GCG GAA GAC GAA CTG GTT GAA GTT GAA GCG,-0.9932535131718024
ATG GTT CAG CGC GGC TCC ATC GTG CGT ATC CTG CGT CCG GAA TCT TAC TGG TTC CAG GAC GTT GGT ACC GTT GCG TCT GTT GAC CAG TCT GGC ATC AAA TAC CCG GTT ATC GTT CGT TTC CAG AAG GTG AAC TAC TCT GGT ATC AAC ACC AAC AAC TTC GCG GAG GAC GAG CTG GTT GAA GTT GAA GCG,1.4485346355966136
ATG GTT CAG CGT GGT TCT AAA GTT CGT ATC CTG CGT CCG GAA TCT TAC TGG TTC CAG GAC GTT GGT ACC GTT GCG TCT GTT GAC CAG TCT GGT ATC AAA TAC ATC GTG ATC GTG CGT TTC GAG AAA GTG AAC TAC TCC GGT ATC GGT ACT AAC AAT TTC GCG GAA GAC GAA CTG GTG GAA GTT GAA GCG,2.137579237859772
ATG GTT CAG CGT GGT TCT AAA GTT CGT ATC CTG CGT CCG GAA TCT TAC TGG TTC CAG GAC GTT GGC ACC AAA GCG TCT GTT GAC CAG TCT GGT ATC AAA TAC CCG GTT ATC GTT CGT TTT GAA AAA GTG AAC TAC TCT GGC ATC AAC ACC AAC AAC TTC GCG GAG GAC GAA CTG GTT GAA GTT GAG GCT,-1.2200018438827611
ATG GTG CAG CGC GGT TCT AAA GTT CGT ATC CTG CGT CCG GAA TCT TAC TGG TTC CAA GAC GTT GGT ACC GTT GCG TCT GTT GAC CAG TCC GGT ATC AAA TAC CCG GTT ATC GTT CGT TTC GAG AAG GTT AAC TAC TCT GGC ATC AAC ACC AAC AAC CAT GCT GAA GAC GAA GCG GTT GAA GTT GAG GCG,-0.5425622533787329
ATG GTT CAG CGC GGT TCT AAA GTT CGT ATC CTG CGT CCG GAA TCT TAC TGG TTC CAG GAC GTT GGT ACC TCT GCT TCT GTT GAC CAG TCT GGT ATT AAG TAC CCG GTT ATC GTT CGT TTT GAG AAA GTG AAC TAC TCC GGC ATC AAC ACC AAC AAC TTC GCT GAA GAC GAA CTG GTT GAA GTT GAA GCG,-1.3181808912047597
ATG GTT CAG CGT GGC TCT AAA GTT CGT ATC CTG CGT CCG GAA TCT TAC TGG TTC CAA GAC GTT GGT ACC GTT GCG TCT GTT GAC CAG TCT GGC ATC AAG TAC CCA GTT ATC GTG CGC TTC GAG AAA GTT AAT TAC TCT GGT ATC AAC ACC AAC AAC TAC GCG GAA GAC GAG TTC GTT GAA GTT GAA GCG,-0.2190546136845757
ATG GTT CAG CGC GGT TCT GGT GTT CGT ATC CTG CGT CCG GAA TCT TAC TGG TTC CAG GAC GTT GGC ATG GTT GCG TCT GTT GAC CAG TCT GGT ATC AAA TAC CCG GTT ATC GTT CGT TTC GAG AAA GTG AAC TAC TCT GGC ATC AAC ACC AAC AAC TTC GCG GAA GAC GAA CTG GTT GAA GTT GAA GCG,-0.1564213832842756
ATG GTT CAG CGT GGT TCT AAA GTT CGT ATC CTG CGT CCG GAA TCT TAC TCT TTC CAG GAC GTT GGT ACC GTT GCG TCT GTT GAC CAG TCT GGT ATC AAA TAC CCG GTT ATC GTT CGT TTC GAG AAG GTT AAC TAC TCT GGC ATC AAC ACC AAC AAC TTC GCG GAA GAC GAA CTG GTT GAA GTT GAA GCG,-0.8560910484823223
ATG GTT CAA CGT GGC TCC AAA GTT CGT ATC CTG CGT CCG ACC TCT TAC TGG TTC CAG GAC GTG GGT ACC GTT GCT TCT GTT GAC CAG TCT GGT ATC AAG TAC CCG GTT ATC GTT CGT TTC GAG AAG GTT AAC TAC TCT GGC ATC AAC ACC AAC AAC TTC GCG GAA GAC GAA CTG GTT GAA GTG GAG GCT,2.715777675967203
ATG GTT CAG CGT GGT TCT AAA GTT CGT ATC CTG CGT CCG GAA TCT TAC TGG TTC CAA GAC GTT GGT ACC GTT GCG TCT GTT GGT CAG CAT GGT ATT AAG TAC CCG GTT ATC GTT CGC TTC GAA AAA GTG AAC TAC TCC GGT ATC AAC ACC AAC AAC TTC GCG GAA GAT GAA CTG GTT GAA GTT GAA GCG,0.5747196981135049
ATG GTT CAG CGC GGC TCT AAA GTT CGT ATC CTG CGT CCG GAA TCT TAC TGG TTC CAG GAC GTT GGT ACC GTT GCG TCT GTT GAC CAG TCT GGC ATC AAA TAC CCG GTT ATC GTT CGT TTC GAC CCG GTG AAT TAC TCT GGT ATC AAC ACC AAC AAC TTC GCG GAA GAC GAA CTG GTT GAA GTT GAG GCT,-0.1205627778149679
ATG GTT CAG CGT GGT TCT AAA GTT CGT ATC CTG CGT CCG GAA TCT TAC TGG TTC CAG GAC GTT GGT ACC GTT GCG TCT GTT GAC CAG TCC GGT ATC AAA TAC CCG GTT ATC GTT CGT TTC GAG AAA GTG AAC TAC TCT GGC ATC AAC ACC AAC AAC TCT GCG GAA GAC GAA CTG GTT GAA GTG GAA GCG,-0.5452844694261416
ATG GTT CAG CGT GGT TCT AAA GTT CGT ATC CTG GGT CCG GAA TCT TAC TGG TTC CAA GAC GTT GGT ACC GTT GCG TCT GTT GAC CAG TCT GGT ATC AAA TAC CCG GTT ATC GTT CGT TTC GAG AAG GTT AAC TAC TCT GGC ATC AAC ACT AAC AAC TTC GCG GAA GAC GAT CTG GTT GAA GTT GAA GCG,-0.9633034232839324
ATG GTT CAG CGC GGC TCT AAA GTT CGT ATC CTG CGT CCG GAA TCT TAC TGG TTC CAG GAC GTT GGT ACC GTT GCG TCT GTT GAC CAG TCC GGT ATC AAA TAC CCG GTT ATC GTT CGC TTC GAA AAG GTG AAC TAC TCT GGC ATC AAC ACC AAC AAC TGG GCG GAA GAC GAA CGT GTT GAA GTT GAG GCT,-0.0587840790157697
ATG GTT CAG CGT GGT TCT AAA GTT CGT ATC CTG CGT CCG GAA TCT TAC TGG TTC CAG GAC GTG GGT ACC GTT GCG TCT GTT GAC CAG TCC GGC ATC AAA TAC GGT GTT ATC GTT CGT TTC GAG AAA GTG AAC TAC TCC GGT ATC TGG ACC AAC AAC TTC GCG GAA GAT GAA CTG GTT GAA GTT GAG GCG,1.4216608920269724
ATG GTT CAG CGT GGC TCT AAA GTT CGT TGC CTG CGT CCG GAA TCT TAC TCT TTC CAG GAC GTT GGT ACC GTT GCG TCT GTT GAC CAG TCT GGT ATC AAG TAC CCG GTT ATC GTT CGC TTC GAA AAG GTT AAC TAC TCT GGC ATC AAC ACC AAC AAT TTC GCG GAG GAT GAA CTG GTT GAA GTT GAA GCG,0.7561399641533632
ATG GTT CAG CGT GGC TCC AAA GTT CGT ATC CTG CGT CCG GAA TCT AAA TGG TTC CAG GAC GTT GGT ACC GTT GCG TCT GTT GAC CAG TCT GGC ATC AAA TAC CCG GTT ATC GTG CGT TTC GAG AAG GTT AAC TAC TCT GGT ATC AAC ACC AAC AAC TTC GCG GAA GAC GAA CTG GTT GAA GTT GAA GCG,-0.4019577147978724
ATG GTT CAG CGT GGT TCT AAA GTT CGT ATC CTG CAC CCG GAA TCT TAC TGG TTC CAG GAC GTT GGT ACC GTT GCT TCT GTT GAC CAG TCT GGC ATC AAA TAC CCA GTG ATC GTT CGC TTC GAG AAA GTG AAC TAC TCT GGT ATC AAC ACC AAC AAC TTC GCG GAA GAC GAC CTG GTG GAA GTG GAG GCG,-0.5393451948358043
ATG GTT CAG CGT GGT TCT AAA GTT CGT TGC CTG CGT CCA GAA TCT TAC CAG TTC CAA GAC GTT GGT ACC GTT GCT TCT GTT GAC CAG TCC GGT ATC AAA TAC CCG GTT ATC GTT CGT TTC GAG AAA GTG AAC TAC TCT GGC ATC AAT ACC AAC AAC TTT GCG GAG GAC GAG CTG GTT GAA GTT GAA GCG,0.5602274513067704
ATG GTT CAG CGT GGT TCC AAA GTT CGT ATC CTG CGT CCG GAA TCT TAC TGG TTT CAA GAA GTT GGT ACC GTT GCG TCT GTT GAC CAG TCT GGC ATC AAA TAC CCG GTT ATC GTT CGT TTT GAG AAA GTG AAC TAC TCC GGT ATC AAC ACC AAC AAC TTC GCG GAA GAC GAA CTG GTT GAA GTT GAA GCG,2.1901596059522714
ATG GTT CAG CGT GGT TCT AAA GTT CGT ATC CTG CGT CCG GAA TCT TAC TGG TTC CAG GAT GTT GGT ACC GTT GCG TCT GTT GAC CAG TCT GGT ATC AAA TAC CTC GTT ATC GTT CGC TTC GAA AAG GTT AAT TAC TCC GGT ATC CAC ACC AAC AAC TTC GCG GAA GAC GAA CTG GTT GAA GTT GAG GCG,2.541351999100513
ATG GTT CAG CGT GGT TCT AAA GTT CGT ATC CTG CGT CCG GAA TCT TAC TGG TTT CAG GAC GTT GGT ACC GTT GCG TCT GTT GAC CAG TCC GGT ATC AAA TAC CTG GTT ATC GTT CGC TTC GAA AAA GTG AAC TAC TCT GGT ATC CCG ACC AAC AAC TTT GCG GAA GAC GAA CTG GTT GAA GTT GAG GCT,2.336599315428159
ATG GTT CAG CGT GGT TCT AAA GTT CGT ATC CTG CGT CCG GAA TCT TAT TGG TTC CAG GAC GTT GGT ACC GTT GCG TCT GTT GAC CAG TCT GGC ATC AAA TAC CTG GTT ATC GTT CGC TTT GAG AAG GTT AAC TAT TCT GGT ATC GAC ACC AAC AAC TTC GCT GAA GAC GAA CTG GTT GAA GTT GAA GCG,2.211295579415314
ATG GTT CAG CGT GGT TCT AAA GTT CGT ATC CTG CGT CCG GAA TCT TAT TGG TTC CAG GAC GTT GGT ACC GTT GCG TCT GTT GAC CAG TCC GGC ATC AAA TAC CCG GTT ATC GTT CGC TTC GAA AAA GTG AAC TAC TCC GGT ATC AAC ACC AAC AAC GAC GCG GAA GAC GAA GAC GTT GAA GTT GAA GCG,-0.1046235757110391
ATG GTT CAG CGC GGC TCC AAA GTT CGT ATC CTG CGT CCG GAA TCT TAC TGG TTC CAA GAC GTT GGT ACC GTT GCG TCT GTT GAC CAG TCT GGC ATC AAA TAC ATG GTT ATC GTT CGT TTC GAG AAG GTT AAC TAC TCT GGT ATC AAC GCG AAC AAC TTC GCG GAA GAC GAA CTG GTT GAA GTT GAA GCG,1.9918901629866823
ATG GTT CAG CGT GGT TCT AAA GTG CGT ATT CTG TGG CCG GAG TCT TAC TGG TTT CAG GAC GTT GGT ACC GTT GCT TCT GTT GAC CAG TCT GGT ATC AAA TAC CCG GTG ATC GTG CGT TTT GAA AAA GTG AAC TAC TCC GGT ATT AAC ACC AAC AAC TTC GCG GAA GAC GGT CTG GTT GAA GTT GAA GCG,-0.131622651822975
ATG GTG CAG CGT GGT TCC TAC GTT CGC ATC CTG CGT CCG GAA TCT TAC TGG TTT CAG GAC GTT GGT ACC GTT GCG TCT GTT GAC CAG TCT GGC ATC AAA TAC CCG GTT ATC GTT CGT TTC TTC AAA GTG AAC TAC TCC GGT ATC AAC ACC AAC AAC TTC GCG GAA GAC GAA CTG GTT GAA GTT GAA GCG,1.1644006636142394
ATG GTT CAG CGT GGC TCT AAA GTT CGT ATC CTC CGT CCG GAA TCT TAC TGG TTT CAG GAC GTT GGT ACC GTT GCG TCT GTT GAC CAG TCC GGC ATT AAG TAC CCA GTG ATC GTT CGT TTC TGC CCG GTT AAC TAC TCT GGT ATC AAC ACC AAC AAC TTC GCG GAA GAT GAA CTG GTT GAA GTT GAA GCG,1.3172327870944267
ATG GTT CAG CGC GGT TCT AAA GTT CGT ATC CTG CAC CCG GAA TCT TAC TGG TTC CAG GAC GTT GGT ACC GTT GCG TCT GTT GAC CAA TCT GGT ATC AAG TAC CCG GTG ATC GTT CGT TTC GAG AAA GTG AAC TAC TCC GGC ATC AAT ACC AAC AAC TTC GCG GAA GAC AAA CTG GTT GAA GTT GAA GCG,-1.7022180001476048
ATG GTT CAG CGT GGT TCT AAA GTT CGT ATC CTG AAA CCG GAA TCT TAC TGG TTC CAG GAC GTT GGT ACC GTT GCG TCT GTT GAC CAG TCC GGC ATC AAA TAC CCG GTT ATC GTT CGT TTT GAG AAA GTG AAC TAC TCC GGT ATC AAC ACC AAC AAC TTC GCG GAA GAC AAC CTG GTT GAA GTG GAG GCT,-1.2922441069320838
ATG GTT CAG CGT GGC TCT AAA GTG CGT ATC CTG TAC CCG GAA TCT TAC TGG TTC CAG GAC GTT GGT ACC GTT GCG TCT GTT GAC CAG TCT GGC ATC AAA TAC CCA GTT ATC GTG CGT TTC GAG AAA GTG AAC TAC TCT GGT ATC AAC ACC AAC AAC TTC GCG GAA GAC CTG CTG GTT GAA GTG GAA GCG,-0.2657886239682228
ATG GTT CAG CGT GGT TCC AAA GTT CGT ATC CTG CGT CCA GAA TCT TAC TGG TTT CAG GAC GTT GGT ACC GTT GCG TCT GTT GAC CAG TCT GGT ATC AAA TAC CCG GTT ATC GTT CGT TTT GAA AAG GTT AAC TAC TCC GGC ATC AAC GAC AAC AAC TTC GCG GAA GAC GAA CTG GTT GAA GTT GAA GCG,0.1873574193388174
ATG GTT CAG CGC GGT TCT CGT GTT CGT ATC CTG CGT CCG GAA TCT TAC TGG TTC CAG GAC GTT GGT ACC GTT GCG TCT GTT GAC CAG TCC GGT ATC AAA TAT CCG GTG ATC GTT CGT TTC CAG AAG GTT AAC TAC TCT GGC ATC AAC ACC AAC AAT TTC GCG GAA GAC GAA CTG GTT GAA GTT GAA GCG,2.006509192532349
ATG GTT CAG CGT GGT TCT AAA GTT CGT ATC CTG CAA CCG GAA TCT TAC TGG TTC CAG GAC GTT GGT ACC GTT GCG TCT GTT GAC CAG TCC GGT ATC AAA TAC CCG GTT ATC GTT CGT TTC GAG AAG GTT AAC TAC TCT GGC ATC AAC ACC AAT AAC TTC GCG GAA GAC CTG CTC GTT GAG GTT GAA GCG,-0.821110858622794
ATG GTT CAG CGT GGC TCC AAA GTT CGT ATC CTG CGT CCG GAA TCT TAC TGG TTT CAG GAC GTT GGT ACC GTT GCG TCT GTT GAC CAG TCT GGC ATC AAA TAC TGC GTT ATC GTT CGT TTC GAG AAA GTG AAC TAC TCT GGT ATC GAA ACC AAC AAC TTC GCT GAA GAC GAA CTG GTT GAA GTT GAG GCG,1.851194712416655
ATG GTT CAG CGT GGT TCT AAA GTT CGT ATC CTG CGC CCA GAA TCT TAC TGG TTC CAG GAC GTT GGT TTC GTT GCG TCC GTT GAC CAG TCT GGT ATC AAA TAC CCG GTT ATC GTT CGT TTC GAG AAA GTG AAC TAC TCT GGC ATC AAC ACC AAC AAC TTC GCG GAA GAC GAA CTG GTT GAA GTT GAA GCG,1.054345695072723
ATG GTG CAG CGT GGC TCT AAA GTT CGT ATC CTG CGT CCG GAA TCT TAC TGG TTC CAG GAC GTT GGT ACC GTT GCG TCT GTT GTT CAG CGC GGT ATC AAA TAC CCG GTT ATC GTT CGT TTC GAG AAA GTG AAC TAC TCC GGT ATT AAC ACC AAC AAC TTC GCG GAA GAC GAA CTG GTT GAA GTT GAA GCG,0.4326617927183502
ATG GTT CAG CGT GGT TCT AAG GTT CGT ATC CTG CGT CCG GAA TCT TAC TGG TTT CAG GAC GTT GGT ACC GTT GCG TCT GTT GAC CAG TCT GGC ATC AAA TAC AAC GTT ATC GTG CGT TTC GAG AAA GTG AAC TAC TCC GGT ATC TGC ACC AAC AAC TTT GCG GAA GAC GAA CTG GTT GAA GTT GAA GCG,2.35554537497252
ATG GTT CAG CGT GGC TCT AAA GTT CGT ATC CTG CGT CCG GAA TCT TAC TGG TTC CAG GAC GTT GGC ACC GTT GCG TCT GTT GAC CAG TCC GGT ATC AAA TAC CAC GTT ATC GTG CGC TTC GAG AAA GTG AAC TAT TCT GGT ATC CGT ACC AAT AAC TTC GCT GAG GAC GAA CTG GTT GAA GTG GAG GCG,0.8851148841354495
ATG GTT CAG CGT GGT TCC AAA GTT CGC ATC CTG CGT CCG GAA TCT TAC TGG TTT CAG GAC GTT GGT ACC TGG GCG TCT GTT GAC CAG TCT GGC ATC AAA TAC CCG GTT ATC GTT CGT TTC GAG AAA GTG AAC TAC TCC GGT ATC AAC ACC AAC AAC TTC GCG GAA GAC GAA CTG GTT GAG GTT GAA GCG,-0.3542027984387632
ATG GTT CAG CGT GGT TCT AAA GTT CGT ATC CTG CGT CCG GAA TCT TAC ATG TTC CAG GAC GTT GGC ACC GTT GCG TCT GTT GAC CAA TCC GGC ATC AAA TAC CCG GTT ATC GTT CGT TTC GAG AAA GTG AAC TAC TCC GGT ATC AAC ACC AAC AAC TTC GCG GAA GAC GAA CTG GTG GAA GTT GAA GCG,-0.5991491146740751
ATG GTT CAG CGT GGT TCT AAA GTT CGT ATC CTG CGT CCG GAG TCC TAC TGG TTC CAG GAC GTT GGT ACC GTT GCG TCT GTT GTT CAG TCT GGC ATC AAG TAT CCG GTT ATC GTT CGT TTT GAA AAG GTG AAC TAC TCC GGT ATC AAC ACC AAT AAC TTT GCG GAA GAC GAA CTG GTT GAA GTT GAA GCG,0.907741135359934
ATG GTT CAA CGC GGT TCT AAA GTT CGT ATC CTG CGT CCG GAA TCT TAT TGG TTC CAG GAC GTT GGT ACT GTT GCG TCT GTT GAC CAG TCT GGT ATC AAA TAC CCG GTT ATC GTT CGC TTC GAG AAA GTG AAC TAC TCT GGC ATC AAC ACC AAC AAC CAG GCG GAA GAC GAA GCG GTT GAA GTT GAA GCG,-0.34188350040112
ATG GTT CAG CGT GGT TCC TGC GTG CGT ATC CTC CGT CCG GAA TCT TAC TGG TTC CAG GAC GTT GGT ACC GTT GCG TCT GTT GAC CAG TCT GGC ATC AAA TAC CCG GTT ATC GTT CGC TTC GAC AAG GTT AAC TAC TCT GGT ATC AAC ACC AAC AAC TTC GCG GAG GAC GAG CTG GTT GAA GTT GAA GCG,1.998748033092598
ATG GTT CAG CGT GGC TCT GAC GTT CGT ATC CTG CGT CCG GAA TCT TAC TGG TTC CAG GAC GTT GGT GGC GTT GCT TCT GTT GAC CAG TCC GGC ATT AAG TAT CCG GTT ATC GTG CGC TTC GAA AAG GTT AAC TAC TCC GGT ATT AAC ACC AAC AAC TTC GCG GAA GAC GAA CTG GTT GAG GTT GAA GCG,-0.8747065808390755
ATG GTT CAG CGT GGT TCT CTG GTT CGT ATC CTG CGT CCG GAA TCT TAC TGG TTT CAG GAC GTT GGT TGG GTT GCG TCT GTT GAC CAG TCT GGC ATC AAG TAT CCG GTT ATC GTT CGC TTT GAA AAA GTG AAC TAC TCC GGT ATT AAC ACC AAC AAC TTC GCG GAA GAC GAA CTG GTT GAA GTT GAA GCG,1.5563403501168984
ATG GTT CAG CGC GGT TCT GAA GTT CGT ATC CTG CGT CCG GAA TCT TAC TGG TTC CAG GAC GTT GGT ACC GTT GCG TCT GTT GAC CAG TCC GGT ATC AAA TAC CCG GTT ATC GTT CGT TTC CCG AAG GTT AAC TAC TCT GGC ATC AAC ACC AAC AAC TTC GCG GAA GAT GAA CTG GTT GAA GTT GAA GCG,-0.3621394937460709
ATG GTT CAA CGT GGT TCT AAA GTT CGT ATC CTG CCG CCA GAA TCT TAC TGG TTC CAA GAC GTG GGT ACC GTT GCG TCT GTT GAC CAG TCT GGC ATC AAA TAC CCG GTT ATC GTT CGC TTC GAA AAG GTG AAC TAC TCT GGT ATC AAC ACC AAC AAC TTC GCG GAA GAC CCA CTC GTT GAA GTT GAA GCG,-0.6651089914356922
ATG GTT CAG CGT GGT TCC AAA GTT CGT ATC CTG CGT CCG GAA TCT TAC TGG TTT CAG GAC GTT GGT ACC GTT GCG TCT GTT GAC CAG TCT GGC ATC AAA TAC ATG GTT ATC GTG CGC TTC GAA AAG GTG AAC TAC TCT GGT ATC AAC TTC AAC AAT TTC GCG GAG GAC GAG CTG GTT GAG GTT GAA GCG,2.2516381284789704
ATG GTT CAG CGT GGC TCT AAA GTT CGT ATC CTG CGT CTG GAA TCT TAC TGG TTC CAG GAC GTG GGT ACC GTT GCT TCT GTT GAC CAG TCT GGC ATC AAA TAC CCG GTT ATT GTT CGT TTC GAG AAG GTG AAC TAC TCC GGC ATT AAT ACC AAC AAC TTC GCG GAA GAC GAA CTG GTT GAA GTT GAA GCG,1.22296870205545
ATG GTT CAG CGC GGT TCT TTC GTT CGC ATC CTG CGT CCG GAA TCT TAC TGG TTC CAG GAC GTT GGT ACC GTT GCT TCT GTT GAC CAG TCT GGC ATC AAA TAC CCG GTG ATC GTG CGC TTC GGT AAG GTT AAC TAC TCT GGT ATC AAC ACC AAC AAC TTC GCG GAA GAC GAA CTG GTT GAA GTT GAA GCG,1.0075918216054824
ATG GTT CAG CGT GGC TCT AAA GTT CGT ATC CTC CGT CCG GAA TCT TAC TGG TTC CAG GAC GTG GGT ACC GTT GCG TCC GTT CGT CAG TCT GGT ATC AAA TAC CCG GTT ATT GTT CGT TTC GAG AAA GTG AAC TAC TCT GGC ATC AAC ACC AAC AAC TTC GCG GAA GAC GAA CTG GTT GAA GTG GAA GCG,0.671014077432372
ATG GTT CAG CGT GGT TCT AAA GTT CGT ATC CTG CGT CCG GAA TCT TAT TGG TTC CAG GAC GTT GGT ACC GTT GCG TCT GTT GAC CAG TCT GGT ATC AAG TAC ACC GTT ATC GTT CGT TTC GAG AAG GTT AAC TAC TCC GGC ATC AAC TTC AAT AAC TTC GCG GAA GAC GAA CTG GTT GAG GTT GAA GCG,1.810515436040184
ATG GTT CAG CGT GGT TCT AAA GTT CGT AAC CTG CGT CCA GAA TCT TAC TGC TTC CAG GAC GTT GGT ACC GTT GCG TCT GTT GAC CAG TCT GGT ATC AAG TAC CCG GTT ATC GTT CGT TTC GAG AAG GTT AAC TAC TCC GGC ATC AAT ACC AAC AAC TTC GCG GAA GAC GAA CTG GTT GAA GTG GAA GCG,0.5639666909733911
ATG GTT CAG CGT GGC TCT AAA GTT CGT ATC CTG CAG CCG GAA TCT TAC TGG TTC CAG GAC GTT GGT ACC GTT GCG TCT GTT GAC CAG TCC GGT ATC AAG TAC CCG GTT ATC GTT CGT TTC GAG AAG GTT AAC TAC TCT GGC ATC AAC ACC AAC AAC TTC GCG GAA GAC GTG CTG GTT GAA GTT GAA GCG,-0.1329144200389703
ATG GTT CAG CGT GGC TCC AAG GTT CGC ATT CTG CGT CCA GAA TCT TAC TGG TTT CAG GAC GTT GGT ACC GTT GCG TCT GTT GAC CAG TCC GGT ATC AAG TAC GAC GTT ATC GTT CGT TTC GAG AAA GTG AAC TAC TCT GGT ATC GCG ACC AAC AAC TTC GCT GAA GAC GAA CTG GTT GAA GTT GAA GCG,0.6978656590705673
ATG GTT CAG CGT GGC TCC AAA GTG CGC AAA CTG CGT CCG GAA TCT TAC GTT TTC CAG GAC GTT GGT ACC GTT GCG TCT GTT GAC CAG TCC GGT ATC AAA TAC CCG GTG ATC GTT CGC TTC GAA AAG GTT AAC TAC TCT GGC ATC AAC ACC AAC AAC TTC GCG GAA GAC GAA CTG GTT GAA GTT GAA GCG,-1.4485821294646524
ATG GTT CAG CGT GGT TCT AAA GTT CGT ATC CTG CGT CCG GAA TCT TAC TGG TTC CAA GAC GTT GGT ACC GTT GCG TCT GTT GAC CAG TCT GGT ATT AAG TAC CCG GTT ATC GTG CGT TTC GAG AAA GTT AAT TAC TCT GGC ATC AAC ACC AAC AAC TAC GCG GAA GAC GAA AAA GTT GAA GTT GAG GCG,-0.0953232878570046
ATG GTT CAG CGT GGT TCT AAA GTT CGT ATC CTG CGT CCG GAA TCT TAC TGG TTC CAG GAC GTT GGT ACC GTT GCG TCT GTT GAC CAA TCT GGC ATC AAA TAC CCG GTT ATC GTT CGT TTC AAA CCG GTG AAC TAC TCT GGT ATC AAC ACC AAC AAC TTC GCG GAA GAC GAA CTG GTT GAA GTT GAA GCG,0.0167400395948614
ATG GTT CAG CGT GGT TCT AAA GTT CGT ATC CTG CGT TGG GAA TCT TAC TGG TTC CAG GAC GTT GGT ACC GTT GCG TCT GTT GAC CAG TCT GGT ATC AAA TAC CCG GTT ATC GTT CGT TTC GAG AAG GTT AAC TAC TCT GGC ATC AAC ACC AAC AAC TTC GCG GAA GAC GAA CTG GTT GAA GTT GAA GCG,1.443201330166957
ATG GTT CAG CGT GGT TCT CAC GTT CGT ATC CTG CGT CCG GAA TCT TAC TGG TTC CAG GAC GTT GGT CGT GTT GCG TCT GTT GAC CAG TCT GGT ATC AAA TAC CCG GTG ATC GTG CGT TTT GAA AAA GTG AAC TAC TCC GGT ATT AAC ACC AAC AAT TTC GCG GAA GAC GAA CTG GTT GAA GTT GAG GCT,0.114281304382267
ATG GTT CAG CGT GGT TCT AAA GTT CGT ATT CTG CGT CCG GAA TCT TAC TGG TTC CAA GAC GTT GGT ACC GTT GCG TCT GTT GAC CAG TCT GGT ATC AAA TAC CCG GTT ATC GTT CGC TTC GAG AAA GTG AAC TAC TCC GGT ATT AAC ACC AAC AAC TCT GCG GAA GAC GAA TGC GTT GAA GTT GAA GCG,0.008534341534819
ATG GTT CAG CGT GGC TCT AAG GTT CGT ATC CTG CGT CCA GAA TCT TAC TGG TTC CAG GAT GTT GGT ACC GTT GCG TCT GTT GAT ATG TCC GGT ATT AAG TAC CCG GTT ATC GTT CGT TTC GAG AAA GTT AAT TAC TCC GGC ATC AAC ACC AAC AAC TTC GCG GAA GAT GAA CTG GTT GAA GTG GAA GCG,2.327950737212177
ATG GTT CAG CGT GGT TCT CAC GTT CGT ATC CTG CGT CCG GAA TCT TAC TGG TTC CAG GAC GTT GGT ACC GTT GCG TCT GTT GAC CAG TCC GGT ATC AAA TAC CCG GTT ATC GTG CGT TTC AAC AAA GTG AAC TAC TCT GGC ATC AAC ACC AAC AAC TTC GCG GAA GAC GAA CTG GTT GAG GTT GAA GCG,1.0410303806514545
ATG GTT CAG CGT GGT TCT AAA GTT CGT ATC CTG CGT CCG GAA TCT TAC TGG TTC CAG GAC GTT GGT ACC GTT GCG TCT GTT GAC CAG TCC GGC ATC AAG TAC TGC GTT ATC GTT CGC TTC GAA AAA GTG AAC TAC TCT GGT ATC TGC ACC AAC AAT TTT GCT GAA GAC GAG CTG GTT GAA GTT GAA GCG,1.8497822816054144
ATG GTT CAG CGT GGC TCT AAA GTT CGT CCA CTG CGT CCG GAA TCT TAC ATG TTC CAG GAC GTT GGT ACC GTT GCG TCT GTT GAC CAG TCC GGT ATC AAG TAC CCG GTT ATC GTG CGT TTC GAG AAA GTG AAC TAC TCT GGC ATC AAC ACC AAC AAC TTC GCG GAA GAC GAG CTG GTT GAA GTT GAA GCG,-0.2776147828448307
ATG GTT CAG CGT GGC TCT AAA GTT CGT GAA CTG CGT CCG GAA TCT TAC TGG TTC CAG GAC GTT GGT ACC GTT GCG TCT GTT GAC CAG TCC GGT ATC AAA TAC CCG GTT ATC GTT CGT TTC GAG AAA GTG AAC TAC TCT GGC ATC AAC ACC AAC AAC TTT GCG GAA GAC GAA CTG GTT GAA GTT GAA GCG,-1.3581911131114115
ATG GTT CAG CGT GGT TCT AAA GTT CGT ATC TGG CGT CCG GAA TCT TAT TGG TTC CAG GAC GTT GGT ACC GTT GCG TCT GTT GAC CAG TCT GGT ATC AAA TAC CCG GTT ATC GTT CGT TTC GAG AAG GTT AAT TAC TCC GGC ATC AAT ACC AAC AAC TTC GCG GAA GAC GAA CTG GTT GAA GTT GAG GCG,0.6288940325909436
ATG GTT CAG CGT GGC TCT AAA GTT CGT GTT CTG CGT CCG GAA TCT TAC TTC TTC CAG GAC GTT GGT ACC GTT GCG TCT GTT GAC CAG TCT GGT ATC AAG TAC CCG GTG ATC GTT CGC TTC GAA AAA GTG AAC TAC TCT GGC ATC AAC ACC AAC AAC TTC GCG GAG GAC GAA CTG GTG GAA GTT GAA GCG,0.1693132826251195
ATG GTT CAG CGC GGT TCT AAA GTT CGT ATC CTG CGT CCG GAA TCT TAC TGG TTC CAG GAC GTT GGT ACC GTT GCG TCT GTT CTG CAG CCG GGC ATC AAG TAC CCG GTT ATC GTG CGT TTC GAG AAA GTG AAC TAC TCC GGT ATC AAC ACC AAC AAC TTC GCG GAA GAC GAA CTG GTT GAA GTT GAA GCG,1.8230600278291496
ATG GTT CAG CGC GGC TCT CCG GTG CGT ATC CTG CGT CCG GAA TCT TAT TGG TTC CAG GAC GTT GGT ACC GTT GCG TCT GTT GAC CAG TCT GGT ATT AAG TAC CCG GTT ATC GTG CGT TTC CCG AAA GTG AAC TAC TCT GGC ATC AAC ACC AAC AAC TTC GCT GAA GAT GAG CTG GTT GAG GTT GAA GCG,-0.5089175697112484
ATG GTT CAG CGT GGT TCT CTG GTT CGT ATC CTG CGT CCG GAA TCT TAC TGG TTC CAG GAC GTT GGC GTT GTT GCG TCT GTT GAC CAG TCC GGT ATC AAG TAC CCG GTT ATC GTT CGT TTC GAG AAG GTT AAC TAC TCT GGC ATC AAC ACC AAC AAC TTC GCT GAA GAC GAA CTG GTT GAA GTT GAA GCG,2.5065692521349527
ATG GTT CAG CGT GGT TCT AAG GTT CGT ATC CTG CGT CCG GAA TCT TAC TGG TTC CAG GAT GTT GGT ACC GTT GCG TCT GTT GAC CAG TCC GGT ATT AAG TAC ATC GTT ATC GTG CGT TTC GAG AAG GTT AAC TAC TCT GGT ATC AAC GAA AAC AAC TTC GCT GAA GAC GAA CTG GTG GAA GTT GAA GCG,2.2616320342408387
ATG GTG CAG CGT GGT TCT AAA GTT CGT CAC CTG CGT CCG GAA TCT TAC CAC TTC CAA GAC GTT GGT ACC GTG GCT TCT GTT GAC CAG TCT GGT ATC AAA TAC CCG GTT ATT GTT CGC TTC GAG AAA GTG AAC TAC TCT GGC ATC AAC ACC AAC AAC TTC GCG GAA GAC GAG CTG GTT GAG GTT GAA GCG,-1.5799067780974645
ATG GTT CAG CGT GGC TCT AAA GTT CGT ATC CTG CGT CCG GAA TCT TAC TGG TTC CAA GAC GTT GGT ACC GTT GCG TCT GTT GAC CAG TCC GGT ATC AAA TAC CAC GTT ATC GTT CGT TTC GAG AAG GTT AAC TAC TCT GGT ATC TGG ACT AAC AAC TTT GCG GAA GAC GAA CTG GTT GAA GTT GAG GCT,1.674000140417644
ATG GTT CAG CGT GGT TCT AAA GTT CGT ATC CTG CGT CCG GAA TCT TAT TGG TTC CAG GAC GTT GGT ACC GTT GCG TCT GTT GAC CAG TCT GGT ATC AAA TAC GAC GTT ATC GTT CGT TTC GAG AAG GTT AAC TAC TCT GGC ATC AAC TCC AAC AAC TTC GCG GAA GAC GAA CTG GTT GAA GTT GAA GCG,0.679763345784616
ATG GTT CAG CGT GGT TCT AAA GTT CGT ATC CTG CGT CCG GAA TCT TAC TGG TTT CAG GAC GTT GGT ACC GTT GCG TCT GTT TGG CAG GCG GGC ATC AAA TAC CCG GTT ATC GTT CGC TTC GAG AAA GTG AAC TAC TCT GGC ATT AAC ACC AAT AAC TTC GCG GAA GAC GAA CTG GTT GAA GTT GAA GCG,0.2454330158588046
ATG GTT CAG CGC GGC TCC CAG GTT CGC ATC CTG CGT CCG GAA TCT TAC TGG TTC CAG GAC GTT GGT ACC GTT GCT TCT GTT GAC CAG TCC GGT ATC AAG TAC CCG GTT ATC GTG CGT TTT ATG AAG GTT AAC TAC TCT GGC ATC AAC ACC AAC AAC TTC GCG GAA GAC GAA CTG GTT GAA GTT GAA GCG,0.9647468254129056
ATG GTT CAG CGT GGT TCT AAA GTT CGT CAC CTG CGT CCG GAA TCT TAC TCT TTC CAG GAC GTT GGT ACC GTT GCG TCT GTT GAC CAG TCC GGT ATC AAA TAC CCG GTG ATC GTT CGT TTC GAG AAA GTG AAC TAC TCT GGC ATC AAC ACC AAC AAC TTC GCG GAA GAC GAG CTG GTT GAA GTT GAA GCG,-0.372261514509639
ATG GTT CAG CGT GGC TCT CTG GTT CGT ATC CTG CGT CCG GAA TCT TAC TGG TTC CAG GAC GTT GGC CCG GTT GCG TCT GTT GAC CAG TCC GGC ATC AAA TAT CCG GTT ATC GTG CGT TTC GAG AAG GTT AAC TAC TCT GGT ATT AAC ACC AAC AAC TTC GCG GAA GAC GAA CTG GTT GAA GTG GAA GCG,-0.5121921229989904
ATG GTT CAG CGT GGT TCT AAA GTT CGT ATC CTG CGT CCG GAA TCT TAC TGG TTC CAG GAC GTT GGT ACC GTT GCG TCT GTT GAC CAG TCT GGT ATC AAA TAC CCG GTT ATC GTT CGT TTC GAG AAG GTG AAC TAC TCC GGT ATT AAC ACC AAC AAC ATC GCG GAA GAC GAA AAC GTT GAA GTT GAA GCG,-1.0120093481921026
ATG GTT CAG CGT GGC TCT AAA GTT CGT ATC CTG CGT CCG GAA TCT TAC TGG TTC CAA GAC GTT GGT ACC GTT GCG TCT GTT GAC CAG TCC GGC ATC AAA TAC CCG GTT ATC GTT CGC TTC TGC TAC GTT AAC TAC TCC GGT ATC AAC ACC AAT AAC TTC GCG GAA GAC GAG CTG GTT GAA GTT GAA GCG,2.009251476751773
ATG GTT CAG CGT GGT TCT AAA GTT CGT ATC CTG CTG CCA GAA TCT TAC TGG TTC CAG GAC GTT GGT ACC GTT GCG TCT GTT GAC CAG TCT GGT ATT AAG TAC CCG GTT ATC GTT CGT TTC GAG AAA GTG AAC TAT TCC GGT ATC AAC ACC AAC AAT TTC GCG GAA GAC TTC CTG GTG GAA GTT GAA GCG,0.5954192968243929
ATG GTT CAG CGC GGC TCT AAA GTT CGC ATC CTG CGT CCG GAA TCT TAC TGG TTC CAG GAC GTT GGT ACC GTT GCG TCT GTG GCG CAG CAG GGT ATC AAA TAC CCG GTG ATC GTG CGT TTT GAA AAG GTT AAC TAC TCC GGC ATC AAC ACC AAT AAC TTC GCT GAG GAC GAA CTG GTT GAA GTG GAA GCG,0.272134659248251
ATG GTT CAG CGT GGT TCT AAA GTT CGT ATC CTG CGT CCG GAA TCT TAC TGG TTC CAG GAC GTT GGT ACC GTT GCG TCT GTT GAC CAG TCC GGC ATT AAG TAC TGG GTT ATC GTT CGT TTC GAG AAA GTG AAC TAC TCT GGC ATC AAC CTC AAC AAC TTC GCG GAA GAC GAA CTG GTT GAA GTT GAA GCG,2.3851842396023866
ATG GTT CAG CGT GGT TCT AAA GTT CGT ATC CTG CGT CCG GAA TCT TAT TGG TTC CAG GAC GTT GGT ACC GTT GCG TCT GTT GAC CAG TCT GGT ATC AAA TAT CCG GTT ATC GTG CGT TTC ACC CAG GTT AAC TAC TCT GGC ATC AAC ACC AAC AAC TTC GCT GAA GAT GAG CTG GTT GAA GTT GAG GCG,1.2551488921288187
ATG GTT CAG CGT GGT TCT AAA GTT CGT ATC CTG GTG CCG GAA TCT TAC TGG TTC CAG GAC GTT GGT ACC GTT GCT TCT GTT GAC CAG TCT GGT ATC AAA TAC CCG GTT ATC GTT CGT TTC GAG AAA GTG AAC TAC TCC GGT ATT AAC ACC AAC AAC TTC GCT GAA GAC CAG CTC GTT GAA GTT GAA GCG,0.56818499816804
ATG GTG CAA CGT GGT TCT AAA GTT CGT ATC CTG CGT CCG GAA TCT TAC TGG TTC CAG GAT GTT GGT ACC GTT GCG TCT GTT GAC CAG TGC GGT ATT AAG TAT CCG GTT ATC GTT CGT TTC GAG AAG GTT AAC TAC TCT GGC ATC AAC ACC AAC AAT TTC GCG GAG GAC GAG CTG GTT GAA GTT GAG GCG,0.9514956314996073
ATG GTT CAG CGT GGC TCT AAA GTG CGT ATC CTG CGT CCG GAA TCT TAC TGG TTC CAG GAC GTT GGT ACC GTT GCG TCT GTT GAC CAA TCT GGC ATC AAA TAC CAG GTG ATC GTG CGT TTC GAG AAA GTG AAC TAC TCC GGT ATT AAC CAC AAC AAC TTC GCG GAA GAC GAA CTG GTT GAA GTT GAA GCG,1.2435243555652724
ATG GTT CAA CGC GGT TCT AAA GTT CGT ATC CTG CGT CCG GAA TCT TAC TGG TTC CAG GAC GTT GGT ACC GTT GCG TCT GTT AAG CAG TGC GGC ATC AAA TAC CCG GTT ATC GTT CGT TTC GAG AAG GTT AAC TAC TCC GGT ATC AAC ACC AAC AAC TTC GCG GAA GAT GAA CTG GTG GAA GTT GAA GCG,0.4871561725413496
ATG GTT CAG CGT GGT TCT AAA GTT CGT ATC CTG CGT CCG GAA TCT TAC TGG TTC CAG GAT GTT GGT ACC GTT GCG TCT GTT GGT CAG AAA GGT ATC AAA TAC CCG GTT ATC GTT CGT TTC GAG AAA GTG AAC TAC TCT GGC ATC AAC ACC AAC AAT TTC GCG GAA GAC GAG CTG GTT GAA GTT GAA GCG,0.8054176638745187
ATG GTT CAG CGT GGT TCC AAA GTT CGT ATC CTG CGT CCG GAA TCT TAC TGG TTT CAG GAC GTT GGT ACC GTT GCG TCT GTT GAC CAG TCC GGT ATC AAA TAC CTG GTT ATC GTT CGT TTC GAG AAG GTT AAC TAC TCT GGT ATC ACC ACC AAC AAC TTC GCG GAA GAC GAA CTG GTT GAA GTT GAA GCG,2.480644984352333
ATG GTT CAG CGT GGT TCC AAA GTT CGT TAC CTC CGT CCG GAA TCT TAC TCT TTC CAG GAC GTT GGT ACC GTT GCG TCT GTT GAC CAG TCT GGC ATC AAG TAC CCG GTG ATC GTT CGC TTC GAG AAA GTG AAC TAC TCT GGT ATC AAC ACC AAC AAC TTC GCG GAA GAC GAA CTG GTT GAA GTT GAA GCG,-0.5998752783475465
ATG GTT CAA CGC GGT TCC AAA GTT CGT ATC CTG CGT CCG GAA TCT TAC TGG TTC CAG GAC GTT GGT ACC GTT GCG TCT GTT GAC CAG TCT GGC ATC AAA TAC TAC GTT ATC GTT CGC TTC GAG AAA GTG AAT TAC TCT GGT ATC TGC ACC AAC AAC TTC GCG GAA GAC GAA CTG GTT GAA GTT GAA GCG,2.4049226043980294
ATG GTT CAG CGT GGT TCC AAA GTT CGT ATC CTG CGT CCG GAA TCC TAC TGG TTT CAG GAC GTT GGT ACC GTT GCG TCT GTT GAC CAG TCC GGC ATC AAA TAC CCG GTT ATC GTG CGT TTC TGG CAG GTT AAC TAC TCC GGT ATC AAC ACC AAC AAC TTC GCG GAA GAT GAA CTG GTT GAA GTT GAA GCG,1.4240571060070906
ATG GTT CAG CGT GGT TCT AAA GTT CGT GGT CTG CGT CCG GAA TCT TAC TAC TTT CAG GAC GTT GGT ACC GTT GCG TCT GTT GAC CAG TCT GGT ATC AAA TAC CCG GTT ATC GTT CGC TTC GAA AAA GTG AAC TAC TCT GGC ATC AAC ACC AAC AAT TTC GCT GAA GAC GAA CTG GTT GAA GTT GAG GCT,-1.2393717166289044
ATG GTT CAG CGT GGT TCT TGC GTT CGT ATC CTC CGT CCG GAA TCT TAT TGG TTC CAG GAC GTT GGT CGT GTT GCG TCT GTT GAC CAG TCT GGT ATC AAA TAC CCG GTT ATC GTT CGT TTC GAG AAG GTT AAC TAC TCT GGC ATC AAC ACC AAC AAC TTC GCG GAA GAC GAA CTG GTT GAA GTT GAA GCG,2.09973967980902
ATG GTT CAG CGT GGT TCT TCT GTT CGT ATC CTG CGT CCG GAA TCT TAC TGG TTC CAG GAC GTT GGT ACC GTT GCG TCT GTT GAC CAG TCC GGT ATT AAG TAC CCA GTT ATC GTG CGT TTT GCG AAG GTT AAC TAT TCT GGT ATC AAC ACC AAC AAC TTC GCG GAA GAC GAG CTG GTT GAA GTT GAA GCG,0.5675627085488727
ATG GTT CAG CGT GGC TCC AAA GTT CGT GGT CTG CGT CCA GAA TCT TAC TCT TTC CAG GAC GTT GGT ACC GTT GCG TCT GTT GAC CAG TCT GGT ATC AAA TAC CCG GTT ATC GTT CGC TTC GAA AAA GTG AAC TAC TCT GGC ATC AAC ACC AAC AAC TTC GCG GAA GAT GAA CTG GTT GAA GTT GAA GCG,-1.942511309746432
ATG GTT CAG CGT GGC TCT AAA GTT CGT ATC CTG CGT CCG GAA TCT TAC TGG TTC CAG GAC GTT GGT ACC GTT GCG TCT GTT GAC CAG TCC GGC ATT AAG TAC CGT GTT ATC GTT CGT TTC GAG AAA GTG AAC TAC TCT GGC ATC AAA ACC AAC AAC TTC GCG GAA GAC GAA CTG GTT GAA GTT GAA GCG,1.256022443531114
ATG GTT CAG CGC GGT TCT AAA GTT CGT ATC CTG CGT CCG GAA TCT TAC TGG TTC CAG GAC GTT GGT ACC GTT GCG TCT GTT CGC CAG GTT GGT ATC AAA TAC CCG GTT ATC GTT CGT TTC GAG AAG GTT AAC TAC TCT GGC ATC AAC ACC AAC AAC TTC GCG GAA GAC GAA CTG GTT GAA GTT GAA GCG,0.2535916335118815
ATG GTT CAG CGT GGT TCT AAA GTT CGT ATC CTG CGT CCG GAA TCT TAC TGG TTC CAA GAC GTT GGT ACC GTT GCG TCT GTT GAC CAG TCT GGT ATC AAA TAC CCG GTT ATC GTG CGT TTC GAG AAA GTG AAC TAT AAG GGC ATC AAC ACC AAC AAC TTT GCG GAA GAC GAA CTG GTT GAA GTT GAA GCG,2.014888129622194
ATG GTT CAG CGC GGT TCT AAA GTT CGT ATC CTG CGT CCG GAA TCT TAC TGG TTC CAG GAC GTT GGT ACC GTT GCG TCT GTT GAC CAA TCT GGT ATC AAA TAC CCA GTG ATC GTT CGT TTC TGG CCG GTT AAC TAC TCT GGC ATC AAC ACC AAC AAC TTC GCG GAG GAC GAA CTG GTT GAA GTT GAA GCG,0.9281775483375048
ATG GTT CAG CGT GGT TCT AAA GTT CGT ATC CTG AAA CCG GAA TCT TAC TGG TTC CAG GAC GTT GGT ACC GTT GCG TCT GTT GAC CAA TCT GGT ATT AAG TAC CCG GTG ATC GTT CGT TTC GAG AAA GTG AAC TAC TCC GGT ATC AAC ACC AAC AAC TTC GCG GAA GAC TGG CTG GTT GAA GTT GAA GCG,-0.026946793870558
ATG GTT CAG CGT GGT TCT AAA GTT ACC ATC CTG CGT CCG GAA TCT TAC TGG TTC CAG GAC GTT GGT ACC GTT GCG TCT GTT GAC CAG TCT GGC ATC AAA TAC CCG GTT ATC GTT CGT TTC GAG AAG GTT AAC TAC TCC GGT ATC AAC ACC AAC AAC TTC GCG GAA GAC GAA CTG GTT GAA GTT GAG GCT,0.1588566527991924
ATG GTT CAG CGT GGC TCT AAA GTT CGC CGT CTC CGT CCG GAA TCT TAC TTC TTC CAG GAC GTT GGT ACC GTT GCG TCT GTT GAC CAG TCT GGC ATC AAA TAC CCG GTT ATC GTG CGT TTT GAG AAG GTG AAC TAC TCT GGT ATC AAC ACC AAC AAC TTC GCG GAA GAC GAA CTG GTT GAA GTT GAA GCG,-0.0976355493778249
ATG GTT CAG CGT GGT TCT AAA GTT CGT ATC CTG CGT CCG GAA TCT TAC TGG TTC CAG GAT GTT GGT ACC GTT GCG TCT GTT GAC CAG TCT GGT ATC AAA TAT CCG GTG ATC GTG CGT TTC GAG AAA GTG AAC TAC TCC GGT ATT AAC ACC AAC AAC TTC GCG GAA GAC GAA CTG GTT GAA GTT GAG GCT,2.2811516288153912
ATG GTT CAG CGT GGT TCT AAA GTT CGT ATC CTG CGT CCA GAA TCT TAC TGG TTC CAG GAC GTT GGT ACC GTT GCG TCT GTT GAC CAG TCT ATC ATC AAA TAC CCG GTT ATC GTT CGT TTC GAG AAG GTG AAC TAC TCT GGT ATC AAC ACC AAC AAC TTC GCG GAA GAC GAA CTG GTT GAA GTT GAA GCG,1.3445425024201332
ATG GTT CAG CGT GGT TCT AAA GTT CGT ATC CGT CGT CCG GAA TCT TAC TGG TTC CAG GAC GTT GGT ACC GTG GCG TCT GTT GAC CAG TCT GGT ATC AAA TAC CCG GTT ATC GTT CGT TTC GAG AAA GTT AAT TAC TCC GGC ATC AAC ACC AAC AAC TTC GCG GAA GAC GAG CTG GTT GAA GTT GAA GCG,0.1141481313365963
ATG GTT CAG CGT GGT TCC AAA GTT CGT ATC CTG CGT CCG GAA TCT TGC TGG TTT CAG GAC GTT GGT ACC GTT GCG TCT GTT GAC CAG TCC GGC ATC AAA TAC CCG GTT ATC GTG CGC TTC GAA AAA GTT AAT TAC TCT GGT ATC AAC ACC AAC AAC TTC GCG GAA GAC GAA CTG GTT GAA GTT GAA GCG,0.7629656945043184
ATG GTT CAG CGT GGC TCT AAA ATC CGT ATC CTG CGT CCG GAA TCT TAC TGG TTC CAG GAT GTT GGT ACC GTT GCT TCT GTG GAC CAG TCC GGT ATC AAA TAC CCG GTT ATC GTG CGT TTC GAG AAA GTG AAC TAC TCT GGC ATC AAC ACC AAC AAC TTC GCG GAA GAT GAA CTC GTT GAA GTT GAA GCG,-0.5286683430133032
ATG GTT CAG CGT GGT TCT TCT GTT CGT ATC CTG CGT CCG GAA TCT TAC TGG TTT CAA GAC GTT GGT ACC GTT GCG TCT GTT GAC CAG TCT GGC ATC AAA TAC CCG GTT ATC GTT CGC TTC CTG AAA GTG AAC TAC TCT GGT ATT AAC ACC AAC AAC TTC GCG GAA GAC GAA CTG GTT GAA GTT GAA GCG,0.9597405663110784
ATG GTT CAG CGT GGT TCT AAA GTT CGT ATC CTG CGT CCG GAA TCT TAC TGG TTC CAG GAC GTT GGT ACC GTG ATC TCT GTT GAC CAG TCT GGC ATC AAG TAC CCG GTT ATC GTG CGT TTC GAG AAA GTG AAC TAC TCC GGT ATC AAC ACC AAC AAC TTC GCG GAA GAC GAA CTG GTT GAA GTT GAA GCG,3.977028955680909
ATG GTT CAG CGC GGT TCT ACC GTT CGT ATC CTG CGT CCG GAA TCT TAC TGG TTC CAG GAC GTG GGT CTG GTT GCG TCT GTT GAC CAG TCT GGT ATC AAA TAC CCG GTG ATC GTT CGT TTC GAG AAG GTT AAC TAC TCT GGC ATC AAC ACC AAC AAC TTC GCG GAA GAC GAA CTG GTG GAA GTT GAG GCT,0.5557538178465176
ATG GTT CAG CGT GGT TCT AAA GTT CGT ATC CTG CGT CCG GAA TCT TAC TGG TTC CAG GAC GTT GGT ACC GTT GCG TCT GTT GAC CAG TCC GGT ATC AAA TAC CCG GTT ATC GTG CGT TTC CAG GGT GTT AAC TAC TCC GGC ATC AAC ACC AAC AAC TTC GCG GAA GAC GAA CTG GTT GAA GTG GAA GCG,0.5773136120974793
ATG GTT CAG CGT GGT TCT AAA GTT CGT ATC CTG CGT CCG GAA TCT TAC TGG TTC CAG GAC GTT GGT ACC GTT GCG TCT GCG GAC CAG TCT GGT ATT AAG TAC CCA GTT ATC GTT CGC TTC GAG AAG GTT AAC TAC TCC GGT ATC AAC ACC AAC AAC TTC GCT GAA GAC GAA CTG GTT GAA GTT GAG GCT,-0.2423961714374777
ATG GTT CAG CGT GGT TCT AAA GTT CGT ATC CTG CGT CCG GAA TCT TAC TGG TTC CAG GAC GTT GGT ACC GTT GCT TCT GTT GAC CAG TCC GGT ATC AAA TAC CAC GTT ATC GTT CGT TTC GAG AAG GTT AAC TAC TCC GGC ATC AAC GAC AAC AAC TTC GCG GAA GAC GAA CTG GTT GAA GTT GAA GCG,1.4120480698583355
ATG GTT CAG CGT GGT TCT AAA GTT CGT ATC CTG CGT CCG GAA AAG TAC TGG TTC CAG GAC GTT GGT ACC GTT GCG TCT GTT GAC CAG TCC GGC ATC AAA TAC CCG GTG ATC GTT CGC TTC GAA AAA GTG AAC TAC TCT GGT ATC AAC ACC AAC AAC TTC GCG GAA GAC GAA CTG GTT GAA GTT GAG GCT,-0.3428363949468247
ATG GTT CAG CGT GGT TCT AAA GTT CGT TGG CTC CGT CCG GAA TCT TAC TTC TTC CAG GAC GTT GGT ACC GTT GCG TCT GTT GAC CAG TCT GGC ATC AAA TAC CCG GTT ATC GTT CGC TTT GAA AAA GTG AAC TAC TCC GGT ATC AAC ACC AAC AAC TTC GCG GAG GAC GAA CTG GTT GAA GTT GAA GCG,0.5013928849035008
ATG GTT CAG CGT GGC TCC AAA GTT CGT ATC CTG CGT CCG GAA TCT TAC TGG TTC CAA GAC GTT GGT ACC GTT GCG TCT GTG GAT CAG TCT GGT ATC AAG TAC CAG GTG ATC GTT CGC TTC GAA AAA GTG AAC TAC TCT GGC ATC AAC CAA AAC AAC TTC GCG GAA GAC GAA CTG GTT GAA GTT GAA GCG,1.1805398374938971
ATG GTT CAG CGT GGT TCT AAA GTG CGT ATC CTG CGT CCG GAA TCT TAC TGG TTC CAG GAC GTG GGT ACC GTT GCG TCT GTT GAC CAG TCC GGT ATC AAA TAC CCG GTT ATC GTG CGT TTC TAC TTC GTT AAC TAC TCC GGC ATC AAC ACC AAC AAC TTC GCG GAA GAC GAA CTG GTT GAA GTT GAA GCG,2.727915724189206
ATG GTT CAG CGT GGC TCC AAA GTT CGT GCG CTG CGT CCG GAA TCT TAC CAG TTT CAG GAC GTT GGT ACC GTT GCG TCT GTT GAC CAG TCT GGC ATC AAA TAC CCG GTT ATC GTT CGT TTC GAG AAG GTT AAC TAC TCT GGT ATC AAC ACC AAC AAC TTC GCG GAA GAC GAA CTG GTT GAA GTT GAA GCG,-4.455596801809271
ATG GTT CAG CGC GGT TCT AAA GTT CGT ATC CTG CGT CCG GAA TCT TAC TGG TTC CAG GAC GTT GGT ACC GTG GCG TCC GTT CTG CAG CTG GGT ATC AAG TAC CCG GTT ATC GTT CGT TTT GAA AAA GTG AAC TAC TCC GGC ATC AAC ACC AAC AAC TTC GCG GAA GAC GAA CTG GTT GAA GTT GAA GCG,1.5032862079938427
ATG GTT CAG CGT GGT TCT AAA GTT CGT ATC CTG CGT CCG GAA TCT TAC TGG TTC CAA GAC GTT GGT ACC GTG GCG TCT GTT GAT CAG TCT GGT ATC AAA TAC CCG GTT ATC GTT CGT TTC GAG AAG GTT AAC TAC TCT GGC ATC AAC ACC AAC AAC TAC GCG GAA GAC GAA CTG GTT GAA GTT GAA GCG,0.6158234017705744
ATG GTT CAG CGT GGC TCT AAA GTT CGT ATC CTG CGT CCG GAA TCT TAC TGG TTC CAG GAC GTT GGT ACC GTT GCG TCT GTT GAC CAG TCT GGT ATC AAA TAC CCG GTT TAC GTT CGT TTT GAG AAG GTG AAC TAT TCC GGT ATT AAC ACC AAC AAC TTC GCG GAA GAC GAA CTG GTT GAA GTT GAA GCG,1.4000667337077917
ATG GTT CAG CGT GGT TCT AAA GTT CGT ATC CTG CGT CCA GAA TCT TAC TGG TTC CAG GAC GTT GGT ACC GTT GCG TCC GTT GAC CAG TCC GGC ATC AAA TAC CCG GTG ATC GTT CGT TTC GAG AAG GTG TAC TAC TCT GGT ATC AAC ACC AAC AAC TTC GCG GAG GAC GAA CTG GTT GAA GTT GAG GCG,0.6430190492081647
ATG GTT CAG CGT GGT TCT AAA GTT CGT ATC CTG CGT CCG GAA TCT TAC TGG TTC CAG GAC GTT GGT ACC GTT GCG TCT GTT GAC CAG TCC GGT ATC AAA TAC TAC GTG ATC GTG CGT TTT GAA AAG GTG AAC TAC TCT GGT ATT AAC GAC AAC AAC TTC GCG GAA GAC GAA CTC GTT GAA GTT GAG GCG,2.016302147537312
ATG GTT CAG CGT GGC TCC GCG GTT CGT ATC CTG CGT CCG GAA TCT TAC TGG TTC CAG GAC GTT GGT TCT GTT GCG TCT GTT GAC CAG TCC GGT ATC AAA TAC CCG GTT ATC GTG CGT TTT GAA AAG GTT AAC TAC TCT GGC ATC AAC ACC AAC AAC TTC GCG GAA GAC GAA CTG GTT GAA GTT GAA GCG,-0.7529981130476298
ATG GTT CAA CGT GGT TCT AAA GTT CGT ATC CTG CGT CCG GAA TCT TAC TGG TTC CAG GAC GTT GGT ACC GTT TCT TCT GTT GAC CAG TCT GGT ATC AAA TAC CCG GTG ATC GTT CGC TTC GAA AAA GTG AAC TAC TCT GGC ATC AAC ACC AAC AAC TTC GCG GAA GAC GAA CTG GTT GAA GTT GAA GCG,1.4065029849691055
ATG GTT CAA CGT GGT TCC AAA GTG CGT ATC CTG CGT CCG GAA TCT TAT TGG TTT CAG GAC GTT GGC ACC GTT GCG TCT GTT GAC CAG TCT GGT ATC AAA TAC CCG GTT ATT GTT CGC TTT GAA AAA GTG AAC TAC TCC GGC ATC AAC ACC AAC AAC GCG GCT GAG GAC GAA CAG GTT GAA GTT GAA GCG,-1.0503193666111208
ATG GTT CAG CGT GGT TCC AAA GTT CGT ATC CTG ATG CCG GAA TCT TAC TGG TTT CAG GAC GTT GGT ACC GTT GCG TCT GTT GAC CAG TCT GGC ATC AAA TAC CCG GTT ATC GTT CGT TTT GAA AAG GTG AAC TAT TCC GGT ATC AAC ACC AAC AAC TTC GCG GAA GAC GGT CTG GTT GAA GTT GAA GCG,-0.1942765549194725
ATG GTT CAA CGT GGC TCT AAA GTT CGT ATC CTG CGT CCG GAA TCT TAC TGG TTC CAG GAC GTG GGT ACC GTT GCG TCT GTT GAC CAG TCT GGT ATC AAA TAC CCG GTT ATC GTT CGT TTC CGT AAC GTG AAC TAC TCT GGC ATC AAC ACC AAC AAC TTC GCG GAA GAT GAA CTC GTT GAA GTT GAA GCG,1.3441423326988224
ATG GTT CAG CGT GGT TCC AAA GTT CGT TGC CTG CGT CCG GAA TCT TAC CGT TTC CAG GAC GTT GGT ACC GTT GCG TCT GTT GAC CAG TCT GGT ATC AAA TAC CCG GTT ATC GTT CGC TTC GAG AAA GTG AAC TAC TCT GGC ATC AAC ACC AAC AAC TTC GCG GAA GAT GAG CTG GTT GAA GTT GAA GCG,0.2163488310945767
ATG GTT CAG CGT GGT TCT AAA GTT CGT ATC CTG CGT CCG GAA TCT TAC TGG TAT CAG GAC GTT GGT ACC GTT GCG TCT GTT GAC CAG TCT GGT ATT AAG TAC CCG GTT ATC GTT CGT TTC GAG AAA GTG AAC TAC TCC GGT ATC AAC ACC AAC AAC TTC GCG GAA GAC GAA CTG GTT GAA GTT GAA GCG,2.180528285999607
ATG GTT CAG CGT GGC TCC AAA GTT CGT ATC CTG CGT CCG GAA TCT TAC TGG TTC CAA GAC GTT GGT ACC GTT ATG TCC GTT GAC CAG TCT GGT ATC AAA TAC CCA GTT ATC GTG CGT TTC GAG AAG GTG AAC TAC TCT GGC ATC AAC ACC AAC AAC TTC GCG GAG GAC GAA CTG GTT GAA GTT GAA GCG,3.631548871545512
ATG GTT CAG CGT GGT GAC AAA GTT CGT ATC CTG CGT CCG GAA TCT TAC TGG TTC CAG GAC GTT GGT ACC GTT GCG TCT GTG GAC CAG TCT GGT ATC AAA TAC CCA GTG ATC GTG CGC TTT GAA AAA GTG AAC TAC TCC GGC ATC AAC ACC AAC AAC TTC GCT GAA GAC GAA CTG GTT GAA GTT GAA GCG,0.9754709547094906
ATG GTG CAG CGT GGC TCT AAA GTT CGT ATC CTG CGT CCG GAA TCT TAC TGG TTC CAG GAC GTT GGT ACC GTT GCG TCT GTT GAC CAG TCC GGC ATC AAA TAC CAC GTT ATC GTG CGT TTT GAG AAG GTG AAC TAC TCT GGT ATC AAC GCG AAC AAC TTT GCG GAA GAC GAA CTG GTT GAA GTT GAA GCG,1.1890434804418937
ATG GTG CAG CGC GGT TCC AAA GTT CGT ATC CTG CGT CCG GAA TCT TAC TGG TTT CAG GAC GTT GGT ACC GTT GCG TCT GTT GAC CAG TCT GGC ATC AAA TAC CCG GTT ATC GTT CGC TTC GAA AAG GTT AAC TAC TCT GGT ATC AAC ACC AAC AAC TTC GCG GAA GAC GAA TGC GTT GAA GTT GAG GCG,0.6588534143338219
ATG GTT CAG CGT GGT TCT AAA GTT CGC ATC CTG CGT CCG GAA TCT TAC TGG TTC CAG GAC GTT GGT ACC GTT GCG TCT GTT GAT CAG TCC GGC ATC AAA TAC CCG GTT ATC GTT CGC TTT CTG CGC GTT AAC TAC TCT GGT ATC AAC ACC AAC AAC TTC GCT GAA GAC GAA CTG GTT GAA GTT GAA GCG,2.1985805523986715
ATG GTT CAG CGC GGT TCT AAA GTG CGT ATC CTG CGT CCG GAA TCT TAC TGG TTC CAG GAC GTT GGT ACC GTT GCG TCT GTT GAC CAG TCT GGT ATC AAA TAC CAG GTT ATC GTG CGC TTC GAA AAA GTT AAT TAC TCT GGC ATC AAC GAA AAC AAC TTC GCG GAG GAT GAA CTG GTT GAA GTT GAG GCT,1.4781018635833485
ATG GTT CAG CGC GGT TCT TAC GTT CGT ATC CTC CGT CCG GAA TCT TAC TGG TTC CAG GAC GTT GGT ACC GTT GCG TCT GTT GAC CAG TCC GGT ATC AAA TAC CCG GTG ATC GTG CGT TTC GAC AAG GTG AAC TAC TCT GGC ATT AAC ACC AAC AAC TTC GCG GAA GAC GAA CTG GTT GAG GTT GAA GCG,1.196993243761638
ATG GTG CAG CGT GGT TCT AAA GTT CGT ATC CTG CGT CCG GAA TCT TAC TGG TTC CAG GAC GTT GGT ACC GTT GCT TCT GTT GAC CAG TCT GGC ATC AAA TAC CCG GTT CAG GTT CGC TTC GAG AAA GTG AAC TAC TCT GGT ATC AAC ACC AAC AAC TTC GCG GAG GAC GAG CTG GTT GAA GTT GAA GCG,2.46359051765155
ATG GTT CAG CGT GGT TCT TGC GTT CGT ATC CTG CGT CCG GAA TCT TAC TGG TTC CAA GAC GTT GGT ACC GTT GCG TCT GTG GAC CAG TCT GGC ATC AAA TAC CCG GTT ATC GTT CGC TTC ACC AAA GTG AAC TAC TCT GGT ATC AAC ACC AAC AAC TTC GCG GAA GAT GAA CTG GTT GAA GTT GAA GCG,2.532081885295897
ATG GTT CAG CGT GGT TCT AAA GTT CGT ATC CTG CGT CCG GAA TCT TAC TGG TTC CAG GAC GTT GGC ACC GTT GCG TCT GTT GAC CAG TCT GGT ATC AAA TAC CCG GTT ATC GTT CGT TTT GAG AAA GTG AAC TAC TCT GGC GGT AAC ACC AAC AAC TTC GCG GAA GAT GAA CTG GTT GAG GTT GAA GCG,0.9387412923923298
ATG GTG CAA CGT GGT TCT AAA GTT CGT ATC CTG CGT CCG GAA TCT TAC TGG TTC CAG GAC GTT GGT ACC GTT GCG TCT GTT GAT CAG TCT GGC ATC AAA TAC CCG GTT ATC GTT CGT TTC TGG TCT GTT AAC TAC TCC GGT ATC AAC ACC AAC AAC TTC GCG GAG GAT GAA CTG GTT GAA GTT GAA GCG,1.5107265339290707
ATG GTT CAA CGT GGT TCC AAA GTT CGT ATC CTG CGT CCG GAA TCT TAC TGG TTT CAG GAC GTT GGT ACC GTT GCG TCT GTT GAC CAG TCT GGC ATC AAA TAC CCG GTT ATC GTT CGC TTC GAA AAA GTG AAC TAC TCC GGT ATC AAC ACC AAC AAC TTC GCG GAA GAC GAG CTG CCG GAA GTT GAA GCG,-0.7705879971537617
ATG GTT CAG CGC GGC TCT AAA GTT CGT ATC CTG CGT CCG GAA TCT TAC TGG TTT CAG GAC GTT GGT ACC GTT GCG TCT GTT GAC CAG TCT GGT ATC AAA TAC CCG GTT ATC GTT CGT TTC CTG TCT GTT AAC TAC TCC GGC ATC AAT ACC AAC AAC TTC GCG GAA GAT GAG CTG GTT GAA GTT GAA GCG,1.5323902609550513
ATG GTT CAG CGT GGT TCT AAA GTT CGT ATC CTG CGT CCG GAA TCT TAC TGG TTC CAG GAC GTT GGT ACC GTT GCG TCT GTT CTG CAG CAC GGT ATC AAA TAC CCG GTT ATC GTT CGC TTT GAG AAA GTG AAC TAC TCT GGC ATC AAC ACC AAC AAC TTC GCG GAA GAC GAA CTG GTT GAA GTT GAA GCG,1.6128020474621283
ATG GTT CAG CGT GGT TCT AAA GTT CGT ATC CTG CGT CCG GAA TCT TAC TGG TTC CAG GAC GTT GGT ACC GTT GCG TCT GTT ATC CAG CGC GGC ATC AAA TAC CCG GTT ATC GTT CGT TTC GAG AAA GTG AAC TAC TCC GGT ATC AAC ACT AAC AAC TTC GCG GAG GAC GAA CTG GTT GAA GTT GAA GCG,0.6313799093204395
ATG GTT CAG CGC GGT TCT AAA GTT CGT ATT CTG CGT CCG GAA TCT TAC TGG TTT CAG GAC GTT GGT ACC GTT GCG TCT GTT TGC CAG GAC GGT ATC AAA TAC CCG GTT ATC GTT CGC TTC GAA AAA GTG AAT TAC TCC GGC ATC AAC ACC AAC AAC TTC GCT GAA GAC GAA CTG GTT GAA GTT GAG GCG,1.1780861256821338
ATG GTT CAG CGC GGT TCT CTC GTG CGT ATC CTG CGT CCG GAA TCT TAC TGG TTC CAG GAC GTT GGT TTC GTG GCG TCT GTT GAC CAG TCC GGC ATC AAA TAC CCA GTT ATC GTT CGT TTC GAG AAA GTG AAC TAC TCT GGT ATC AAC ACC AAC AAC TTC GCG GAA GAC GAG CTG GTT GAA GTG GAA GCG,1.2941066852288263
ATG GTT CAG CGT GGT TCT CCG GTT CGT ATC CTG CGT CCG GAA TCT TAC TGG TTC CAG GAT GTT GGT CTG GTT GCT TCT GTT GAC CAA TCT GGT ATC AAA TAC CCG GTT ATC GTT CGT TTC GAG AAA GTG AAC TAC TCT GGC ATC AAC ACC AAC AAC TTC GCG GAA GAC GAA CTG GTT GAA GTT GAA GCG,-0.162407976747423
ATG GTT CAG CGT GGC TCT AAA GTT CGT ATC CTG CGT CCG GAA TCT TAC TGG TTT CAG GAC GTT GGT ACC GTT GCG TCT GTT GAC CAG TCT GGT ATC AAA TAC CCG GTT ATC GTT CGT TTC CAC TTC GTT AAC TAC TCC GGT ATT AAC ACC AAC AAC TTC GCG GAA GAT GAA CTG GTT GAA GTT GAA GCG,1.6480379161643883
ATG GTT CAG CGC GGT TCT AAA GTT CGT ATC CTG CGT CCG GAA TCT TAC TGG TTC CAG GAC GTT GGT ACC GTT GCT TCT GTT GAC CAG TCT GGT ATC AAG TAC ACC GTG ATC GTG CGC TTC GAA AAG GTT AAC TAC TCC GGC ATC AAA ACC AAC AAC TTC GCG GAG GAC GAG CTG GTT GAA GTT GAA GCG,0.8853907794607714
ATG GTT CAG CGT GGT TCT CAG GTG CGT ATC CTG CGT CCG GAA TCT TAC TGG TTC CAG GAC GTG GGT ATG GTT GCG TCT GTT GAC CAG TCC GGT ATC AAA TAT CCG GTT ATC GTT CGT TTC GAG AAG GTT AAC TAC TCT GGC ATC AAC ACC AAC AAC TTC GCG GAA GAC GAA CTG GTT GAA GTT GAA GCG,0.4342291911077018
ATG GTT CAG CGC GGT TCC AAA GTT CGT AAC CTG CGT CCG GAA TCT TAC CCG TTC CAG GAC GTT GGT ACC GTT GCG TCT GTT GAC CAG TCT GGT ATC AAA TAC CCG GTT ATC GTT CGC TTC GAA AAA GTG AAC TAC TCC GGC ATC AAC ACC AAC AAC TTC GCG GAA GAC GAA CTG GTT GAA GTT GAA GCG,-2.00880741322614
ATG GTT CAG CGT GGT TCT AAA GTT CGT ATC CTG CGT CCG GAA TCT TAC TGG TTC CAA GAC GTT GGT ACC GTT GCG TCT GTT GAC CAG TCC GGT ATC AAA TAC CCG GTT ATC GTG CGC TTC GAA AAA GTG AAC TAC TCT GGC ATC AAC ACC AAC AAC TCT GCG GAA GAT GAA CGT GTT GAA GTT GAA GCG,-0.4909200008347522
ATG GTT CAG CGT GGT TCT AAA GTT CGT ATC CTG CGT CCG GAA TCT TAC TGG TTC CAG GAC GTT GGT ACC GTT GCG TCT GTT GAC CAG TCT GGC ATC AAA TAC CCG GTT ATC GTT CGT TTC CCG CAC GTG AAC TAC TCC GGT ATC AAC ACC AAC AAC TTC GCG GAG GAC GAA CTC GTT GAA GTT GAA GCG,0.7783618209541951
ATG CCG CAG CGT GGT TCT AAA GTT CGT ATC CTG CGT CCA GAA TCT TAC TGG TTC CAG GAT GTT GGT ACC GTT GCG TCC GTT GAC CAG TCT GGC ATC AAA TAC CCG GTT ATC GTT CGT TTC GAG AAG GTT AAC TAC TCC GGT ATC AAC ACC AAC AAC TTC GCG GAA GAC GAA CTG GTT GAA GTT GAA GCG,1.196232505150716
ATG GTT CAG CGT GGT TCT AAC GTT CGC ATC CTG CGT CCG GAA TCT TAC TGG TTT CAG GAC GTT GGT TCT GTT GCG TCT GTT GAC CAG TCT GGT ATC AAG TAC CCG GTT ATC GTT CGT TTC GAG AAA GTG AAC TAC TCT GGC ATC AAC ACC AAC AAC TTT GCG GAA GAC GAA CTG GTT GAA GTT GAA GCG,-0.3371020412674884
ATG GTG CAG CGC GGC TCC AAA GTT CGC ATT CTC CGT CCG GAA TCT TAC TGG TTC CAG GAT GTT GGT ACC GTT GCG TCT GTT GAC CAG TCC GGT ATT AAG TAC CCG GTT ATC GTT CGT TTC CTG ATC GTT AAC TAC TCT GGT ATC AAC ACC AAC AAC TTC GCG GAA GAC GAA CTG GTT GAG GTT GAA GCG,2.300901395503601
ATG GTT CAG CGT GGC TCT AAA GTT CGT ATC CTG CGT CCG GAA TCT TAC TGG TTC CAG GAT GTT GGC ACC GTT GCG TCT GTT GAC CAG TCT GGT ATC AAA TAC CCG GTT ATC GTT CGC TTC TCT TGC GTT AAC TAC TCT GGC ATC AAC ACC AAC AAC TTC GCG GAG GAC GAG CTG GTT GAA GTT GAG GCT,2.048568724635534
ATG GTT CAG CGT GGC TCT GAC GTT CGT ATC CTG CGT CCG GAA TCT TAC TGG TTC CAA GAC GTT GGT ACC GTT GCG TCT GTT GAC CAG TCT GGC ATC AAA TAC CCG GTT ATC GTG CGT TTC ATC AAG GTG AAC TAC TCT GGT ATC AAC ACC AAT AAC TTC GCG GAA GAC GAA CTG GTT GAA GTT GAA GCG,0.5870007502233263
ATG GTT CAG CGT GGT TCT CGC GTT CGT ATC CTG CGT CCG GAA TCT TAC TGG TTC CAG GAC GTT GGT TGG GTT GCG TCT GTT GAC CAG TCT GGC ATC AAA TAC CCG GTT ATC GTT CGC TTC GAG AAA GTG AAC TAT TCT GGT ATC AAC ACC AAC AAC TTC GCG GAA GAC GAA CTG GTT GAA GTT GAA GCG,1.1175766718047644
ATG GTT CAG CGC GGC TCT AAC GTT CGT ATC CTG CGT CCG GAG TCT TAC TGG TTT CAG GAC GTT GGT ACC GTT GCG TCT GTT GAC CAA TCT GGC ATC AAA TAC CCG GTT ATC GTT CGT TTC ACC AAG GTG AAC TAC TCC GGT ATC AAC ACC AAC AAC TTC GCG GAA GAC GAG CTG GTT GAA GTT GAG GCG,0.4318165940062635
ATG GTT CAG CGT GGT TCC AAA GTT CGT ATC CTC CGT CCA GAA TCT TAC TGG TTT CAA GAC GTG GGT ACC GTT GCG TCC GTT GAC CAG TCC GGT ATC AAG TAC ATG GTG ATC GTT CGT TTC GAG AAG GTT AAC TAC TCT GGC ATC AAC CAC AAC AAC TTC GCG GAA GAC GAA CTG GTT GAA GTT GAA GCG,1.6552389655794026
ATG GTT CAG CGT GGT TCT AAA GTT CGT ATC CTG CGT CCG GAA TCT TAC TGG TTC CAG GAC GTT GGT ACC GTT GCG TCT GTG GAC CAG TCT GGT ATC AAG TAC CCG TTC ATC GTT CGT TTC GAG AAA GTG AAC TAC TCT GGC ATC AAC ACC AAC AAC TTC GCG GAA GAC GAG CTG GTT GAA GTT GAA GCG,2.1979254255571687
ATG GTT CAG CGC GGC TCT CCG GTT CGT ATT CTG CGT CCG GAA TCT TAC TGG TTT CAG GAC GTT GGT ACC GTT GCG TCT GTT GAC CAG TCT GGT ATC AAA TAC CCG GTT ATC GTT CGT TTC GAC AAG GTT AAC TAC TCT GGC ATC AAC ACC AAC AAC TTC GCG GAA GAC GAA CTG GTT GAA GTT GAA GCG,0.1561401508702828
ATG GTT CAG CGC GGT TCC AAA GTT CGT GCG CTG CGT CCA GAA TCT TAC ATG TTC CAG GAC GTT GGT ACC GTT GCG TCT GTT GAC CAG TCT GGT ATC AAG TAC CCG GTT ATC GTT CGC TTT GAA AAG GTT AAC TAC TCT GGC ATC AAC ACC AAC AAC TTC GCG GAA GAC GAA CTC GTT GAG GTT GAG GCG,-2.890204806966936
ATG GTT CAG CGT GGC TCT AAA GTT CGT ATC CTG CGT CCG GAA TCT TAC TGG TTC CAG GAC GTT GGC ACC GTT GCG TCT GTT GAC CAG TCT GGT ATC AAA TAC CCG GTG ATT GTG CGC TTT GAA AAG GTT AAC TAC TCT GGC ATC AAC ACC AAC AAC TTT GCT GAA GAC TAC CTG GTT GAA GTT GAG GCT,0.1605246449374321
ATG GTT CAG CGT GGT TCT AAA GTG CGT ATC CTC GCG CCA GAA TCT TAC TGG TTC CAG GAC GTT GGT ACT GTT GCG TCT GTT GAC CAG TCT GGT ATT AAG TAC CCG GTT ATC GTG CGT TTC GAG AAG GTT AAC TAC TCT GGC ATC AAC ACC AAC AAC TTC GCG GAA GAC CGT CTG GTT GAA GTT GAA GCG,-1.205309699421771
ATG GTT CAG CGC GGT TCT AAA GTT CGT ATC CTG CGT CCG GAA TCT TAC TGG CAC CAG GAC GTT GGT ACC GTT GCG TCT GTT GAT CAG TCC GGC ATC AAG TAC CCG GTT ATC GTT CGT TTC GAG AAG GTG AAC TAC TCT GGT ATC AAC ACC AAC AAC TTC GCT GAA GAC GAA CTG GTT GAA GTT GAA GCG,0.3822690317668546
ATG GTT CAG CGT GGT TCT AAA GTT CGT ATC CTG CGT CCG GAA TCT TAC TGG TTC CAG GAC GTT GGC ACC GTG GCG TCT GTT GAC CAG TCC GGT ATC AAA TAC CCG GTT ATC GTG CGT TTC GAG AAA GTT GCG TAC TCT GGC ATC AAT ACC AAC AAC TTC GCG GAA GAC GAA CTG GTT GAA GTT GAA GCG,0.5013678956314522
ATG GTT CAG CGT GGC TCT AAA GTT CGT ATC CTG CGT CCG GAA TCT TAC TGG TTC CAG GAC GTG GGT ACC GTT GCG TCT GTT GAC CAG TCT GGT ATC AAA TAC CCG GTT ATT GTT CGC TTC GAA AAG GTG AAC TAC TCT GGC ATC AAC ACC AAC GTT TTC GCG GAA GAC GAG CTG GTT GAG GTT GAA GCG,0.5841365149715195
ATG GTT CAG CGT GGT TCT AAA GTT CGT ATC CTG CGT CCG GAA TCT TAT TGG TTC CAG GAC GTT GGT ACC GTT GCG TCT GTT GAC CAG TCT GGC ATC AAA TAC CCG GTG ATC GTT CGC TTC GAA AAG GTG AAC TAC TCC GGT ATC AAC ACC AAC AAC TTC ATC GAA GAC GAA CTG GTT GAA GTG GAG GCT,-0.1901732659552941
ATG GTT CAG CGT GGC TCC AAG GTT CGT ATC CTG CGT CCG GAA TCT TAC TGG TTC CAG GAC GTT GGT ACC GTT GCG TCT GTT TTC CAG CAG GGT ATT AAG TAC CCG GTT ATT GTT CGC TTC GAA AAA GTG AAC TAC TCC GGT ATC AAC ACC AAC AAC TTC GCG GAA GAC GAA CTG GTT GAA GTT GAG GCT,0.3247016785141589
ATG GTT CAG CGC GGC TCC AAA GTT CGT ATC CTC CGT CCA GAA TCT TAC TGG TTC CAG GAT GTT GGT ACC GTT GCG TCT GTT GAC CAG TCT GGT ATC AAA TAC CCG GTT ATC GTT CGT TTC GAG AAG GTT AAC TAC TCT GGC ATC AAC ACC AAC AAC CAC GCG GAG GAC GAA AAC GTG GAA GTT GAA GCG,-0.418692438806177
ATG GTT CAG CGT GGT TCT AAA GTG CGT CCA CTG CGT CCG GAA TCT TAC AAA TTC CAG GAC GTT GGT ACC GTT GCG TCT GTT GAC CAG TCT GGC ATC AAA TAC CCG GTG ATC GTT CGT TTC GAG AAA GTG AAC TAC TCC GGT ATC AAC ACC AAC AAC TTC GCG GAA GAC GAA CTG GTT GAA GTT GAA GCG,-1.0796825326758457
ATG GTT CAG CGT GGT TCT AAA GTT CGT ATC CTG CGT CCG GAA TCT TAC TGG TTC CAG GAC GTT GGT ACC GTT GCG TCT GTT GAC CAG TCT GGC ATC AAA TAC CCG GTT ATC GTT CGC TTC GAA CGT GTT AAC TAC TCC GGT ATC AAC ACC AAC AAC TTC GCG GAA GAC GAA CTG GTT GAA GTT GAA GCG,2.5289903547998893
ATG GTG CAG CGC GGT TCT AAA GTT CGT ATC CTG CGT CCG GAA TCT TAT TGG TTC CAG GAC GTT GGT ACC GTT GCG TCT GTT GAC CAG TCT GGC ATC AAA TAC CAG GTT ATC GTT CGC TTC GAG AAA GTG AAC TAC TCT GGT ATC AAC CTG AAC AAC TTC GCG GAA GAC GAA CTG GTT GAA GTT GAA GCG,1.092215680465719
ATG GTT CAG CGT GGT TCT AAA GTT CGT ATC CTG CGT CCG GAA TCT TAC TGG TTC CAA GAC GTT GGC ACC GTT GCG TCT GTT GAC CAG TCT GGC ATC AAA TAC CCG GTT ATC GTG CGT TTC GAG AAG GTT AAC TAC TCC GGT ATC AAC CCG AAC AAC TTT GCG GAA GAC GAA CTG GTT GAA GTT GAA GCG,-2.451186374801857
ATG GTT CAG CGC GGT TCC AAA GTT CGT ATC CTG CGT CCG GAA TCT TAC TGG TTC CAG GAC GTT GGT ACC GTT GCG TCT GTT GAC CAG TCT GGT ATC AAG TAC CCG GTT ATC GTG CGC TTC GAA AAA GTT AAT TAC TCT GGC ATC AAC ACC AAC AAC CTG GCG GAA GAC GAA GAC GTT GAA GTT GAA GCG,-0.4320681109125374
ATG GTG CAG CGT GGC TCC AAC GTT CGT ATC CTG CGT CCG GAA TCT TAC TGG TTC CAG GAC GTT GGT CCG GTG GCG TCT GTG GAT CAG TCT GGT ATC AAA TAC CCG GTT ATC GTT CGC TTC GAA AAA GTG AAC TAC TCT GGC ATC AAC ACC AAC AAC TTC GCG GAA GAC GAA CTG GTT GAG GTT GAA GCG,-2.19485208108826
ATG GTT CAG CGC GGT TCT AAA GTT CGT ATC CTG CGT CCG GAA TCT TAC TGG TTC CAG GAC GTG GGT ACC GTT GCG TCT GTT ACC CAG GCT GGC ATC AAA TAC CCG GTG ATC GTT CGC TTC GAG AAA GTG AAC TAC TCC GGT ATC AAC ACC AAC AAC TTC GCG GAA GAC GAA CTG GTT GAA GTT GAA GCG,0.3116286355780006
ATG GTT CAG CGT GGT TCT AAA GTT CGT ATC CTG CGT CCG GAA TCT TAT TGG TTC CAG GAC GTT GGT ACC GTT GCG TCT GTT GAC CAG TCT GGT ATC AAA TAC CCG GTT ATC GTG CGT TTC GAG AAA GTG AAC TAC TCT GGC ATC AAC ACC AAC AAC TTC GCG GAA GAC GAA CTG GTT GAA GGT GAA GCG,-0.1793095118459236
ATG GTT CAG CGT GGC TCT AAA GTT CGT ATC CTG CGT CCG GAA TCT TAT TGG TTC CAG GAC GTT GGT ACC GTT GCG TCT GTT GAC CAG TCT GGT ATC AAG TAC CTG GTT ATC GTT CGC TTC GAG AAA GTG AAC TAC TCT GGC ATC AAC CAG AAC AAT TTC GCG GAA GAC GAA CTG GTG GAA GTT GAG GCG,2.216171287035171
ATG GTG CAG CGT GGT TCT AAA GTT CGT ATC TCT CGC CCG GAA TCT TAC TGG TTC CAG GAC GTT GGT ACC GTT GCG TCT GTG GAC CAG TCC GGT ATT AAG TAC CCG GTG ATC GTT CGT TTC GAG AAG GTT AAC TAC TCT GGT ATC AAC ACC AAC AAC TTC GCT GAA GAC GAA CTG GTT GAA GTT GAA GCG,-0.1107526977998642
ATG GTT CAG CGT GGT TCC GTT GTT CGT ATC CTG CGT CCG GAA TCT TAC TGG TTT CAG GAC GTT GGT GCG GTT GCG TCT GTT GAC CAG TCT GGT ATC AAA TAC CCG GTT ATC GTT CGC TTC GAA AAA GTG AAC TAC TCC GGC ATC AAC ACC AAC AAC TTC GCG GAA GAC GAA CTG GTT GAA GTG GAA GCG,-0.341354435853555
ATG GTT CAG CGT GGT TCT AAA GTT CGT ATC CTG CGT CCG GAA TCT TAC TGG TTC CAG GAC GTT GGT ACC GTT GCG TCT GTT GAC CAG TCT GGT ATC AAA TAT CCG GTT ATC GTT CGT GTT GAA AAG GTT AAC TAC TCC GGC ATC AAC ACC AAC AAC TTT GCG GAA GAC GAA CTG GTT GAA GTT GAA GCG,-2.2916751108651487
ATG GTG CAG CGT GGT TCT AAA GTT CGT ATC CTC CGT CCG GAA TCT TAC TGG TTC CAG GAC GTT GGC ACC GTT GCG TCT GTT GAC CAG TCT GGC ATC AAA TAC CCG GTT ATC GTT CGC TTC GAG AAG GTG AAC TAC TCC GGT ATC AAC ACC AAC AAC CCG GCT GAA GAC GAA GTT GTG GAA GTT GAA GCG,-0.3215317142498607
ATG GTT CAA CGC GGT TCC AAA GTT CGT ATC CTG CGT CCG GAA TCT TAT TGG TTC CAG GAC GTT GGT ACC GTT GCG TCT GTT GAC CAG TCT GGC ATC AAA TAC TGC GTT ATC GTG CGT TTC GAG AAA GTG AAC TAC TCT GGT ATC AAC CTG AAC AAC TTC GCG GAA GAC GAA CTG GTT GAA GTT GAA GCG,1.9634837218020988
ATG GTT CAA CGT GGT TCC AAA GTT CGT ATC CTG CGT CCG GAA TCT AAC TGG TTT CAG GAC GTT GGC ACC GTT GCT TCT GTT GAC CAG TCT GGT ATC AAA TAC CCG GTT ATC GTT CGT TTC GAG AAA GTG AAC TAC TCT GGC ATC AAC ACC AAC AAC TTC GCG GAA GAC GAA CTC GTT GAA GTG GAA GCG,-1.911285596625737
ATG GTT CAG CGT GGC TCT AAA GTT CGT ATC CTG CGT CCA GAA TCT TAC TGG TTC CAG GAC GTT GGT ACC GTT GCG TCT GTT GAC CAG TCC GGC ATC AAA TAC TAC GTG ATC GTT CGT TTC GAG AAG GTT AAC TAC TCC GGT ATT GGT ACT AAC AAC TTC GCG GAA GAC GAA CTG GTT GAA GTG GAG GCG,2.0658280903088944
ATG GTT CAG CGT GGC TCT AAA GTT CGT TGC CTG CGT CCG GAA TCT TAC TTC TTC CAG GAC GTT GGT ACC GTT GCG TCT GTT GAC CAG TCT GGC ATC AAA TAC CCG GTT ATC GTG CGC TTC GAA AAA GTG AAC TAC TCT GGT ATC AAC ACC AAC AAC TTC GCG GAA GAC GAA CTC GTT GAA GTT GAA GCG,0.6182732437304057
ATG GTT CAG CGC GGT TCT AAA GTT CGT GAA CTG CGT CCG GAA TCT TAC CGT TTC CAG GAC GTT GGT ACC GTT GCG TCT GTT GAC CAG TCT GGC ATC AAA TAC CCG GTT ATT GTT CGT TTC GAG AAA GTG AAC TAC TCC GGT ATC AAC ACC AAC AAC TTC GCG GAA GAC GAA CTG GTT GAA GTT GAA GCG,-3.3530101654315816
ATG GTT CAG CGT GGT TCT AAA GTT CGT ATC CTG CGT CCG GAA TCT TAC TGG TTC CAG GAC GTT GGT ACC GTT GCG TCT GTG GAT AAC TCT GGC ATC AAA TAC CCG GTT ATC GTT CGT TTC GAG AAA GTG AAC TAC TCC GGT ATC AAC ACC AAC AAC TTC GCG GAA GAC GAA CTG GTT GAA GTT GAG GCT,1.9102231880619027
ATG GTT CAG CGC GGT TCC AAA GTT CGT ATC CTG TAC CCG GAA TCT TAC TGG TTC CAG GAC GTT GGT ACC GTT GCG TCT GTT GAC CAG TCT GGC ATC AAA TAC CCG GTT ATC GTT CGC TTC GAG AAA GTG AAC TAC TCC GGT ATC AAC ACC AAC AAC TTC GCG GAA GAC CAG CTC GTG GAA GTG GAA GCG,-0.2379406601840644
ATG GTT CAG CGT GGT TCT GTT GTT CGT ATC CTG CGT CCG GAA TCT TAC TGG TTC CAG GAC GTT GGT CAG GTT GCG TCT GTT GAC CAG TCT GGC ATC AAG TAC CCG GTT ATC GTT CGT TTC GAG AAA GTG AAC TAC TCC GGT ATC AAC ACC AAC AAC TTC GCG GAA GAC GAA CTG GTT GAA GTT GAA GCG,0.2229758135057735
ATG GTT CAG CGT GGT TCT CGT GTT CGT ATC CTG CGT CCG GAA TCT TAC TGG TTC CAG GAC GTT GGT TAC GTT GCG TCT GTT GAC CAG TCT GGC ATC AAA TAC CCG GTG ATC GTT CGT TTT GAA AAG GTG AAC TAC TCT GGT ATC AAT ACC AAC AAC TTC GCG GAA GAC GAA CTG GTT GAA GTT GAG GCT,0.9920913842746192
ATG GTT CAG CGT GGT TCT AAA GTG CGT TTT CTG CGT CCG GAA TCT TAC GGT TTC CAG GAC GTT GGT ACC GTT GCG TCT GTT GAC CAG TCT GGT ATC AAA TAC CCA GTG ATC GTT CGT TTC GAG AAG GTT AAC TAC TCT GGC ATC AAC ACC AAC AAC TTC GCG GAA GAC GAA CTG GTT GAA GTT GAA GCG,-0.046210962840043
ATG GTT CAG CGT GGT TCT AAA GTT CGT ATC CTG CGT CCG GAA TCT TAC TGG TTC CAG GAC GTT GGT ACC GTT GCG TCT GTT TCT CAG ACC GGT ATC AAA TAC CCG GTT ATC GTT CGT TTC GAG AAG GTT AAC TAC TCT GGC ATC AAC ACC AAC AAC TTC GCG GAA GAC GAA CTG GTT GAA GTT GAA GCG,1.0894588350099768
ATG GTT CAG CGT GGT TCT AAA GTT CGT ATC CTG CTG CCG GAA TCT TAC TGG TTC CAG GAC GTT GGT ACC GTT GCT TCT GTT GAC CAG TCT GGC ATC AAA TAC CCG GTT ATT GTT CGT TTC GAG AAG GTG AAC TAC TCC GGT ATC AAC ACC AAC AAC TTC GCG GAA GAC CAA CTG GTT GAA GTT GAA GCG,0.3581701569290567
ATG GTT CAG CGT GGC TCC AAA GTG CGT ATC CTG CGT CCG GAA TCT TAC TGG TTT CAG GAC GTT GGT ACC GTT GCG TCT GTT GAC CAG TCT GGC ATC AAA TAC AAC GTT ATC GTT CGT TTC GAG AAG GTT AAC TAC TCC GGT ATC GGC ACC AAT AAC TTC GCG GAA GAT GAA CTG GTT GAA GTT GAA GCG,1.2559345823614798
ATG GTT CAG CGT GGT TCT AAA GTG CGT ATC CTG TTC CCG GAA TCT TAC TGG TTC CAG GAC GTT GGT ACC GTT GCG TCT GTT GAC CAG TCT GGT ATC AAG TAC CCG GTT ATC GTT CGT TTC GAG AAA GTG AAC TAC TCC GGC ATC AAC ACC AAC AAC TTC GCG GAA GAC GGT CTG GTT GAA GTT GAA GCG,0.0426549365386596
ATG GTT CAG CGT GGT TCT TAC GTT CGT ATC CTG CGT CCG GAA TCT TAC TGG TTC CAG GAC GTT GGT ATC GTT GCG TCT GTT GAC CAG TCC GGT ATC AAA TAC CCG GTT ATC GTT CGC TTC GAG AAA GTG AAC TAC TCT GGC ATC AAC ACC AAC AAC TTC GCG GAA GAC GAA CTG GTT GAA GTT GAA GCG,2.605261270938861
ATG GTT CAG CGT GGT TCC AAA GTT CGT ATC CTG CGT CCG GAA TCT TAC TGG TTT CAG GAC GTT GGC ACC GTT GCG TCT GTT GAT CAG TCT GGC ATC AAA TAC CCG GTT ATC GTG CGT TTC GAG AAA GTG AAT TAC TCT GGT ATC AAC ACC AAC AAC CTG GCT GAG GAC GAA GGC GTT GAA GTT GAA GCG,-0.1698751982733773
ATG GTT CAG CGT GGT TCT GCT GTT CGT ATC CTG CGT CCG GAA TCT TAC TGG TTC CAG GAC GTT GGC AAA GTT GCG TCT GTT GAC CAG TCT GGT ATC AAG TAC CCG GTT ATC GTT CGT TTT GAG AAA GTG AAC TAC TCT GGC ATC AAC ACC AAC AAC TTC GCG GAA GAC GAA CTG GTG GAA GTG GAG GCT,-0.5161453116435493
ATG GTT CAG CGT GGT TCT CTG GTT CGT ATC CTG CGT CCG GAA TCT TAC TGG TTT CAG GAC GTT GGT ACC GTT GCG TCT GTT GAC CAG TCT GGC ATC AAA TAC CCG GTT ATC GTT CGC TTC TCT AAG GTT AAC TAC TCC GGT ATC AAC ACC AAC AAC TTC GCG GAA GAC GAA CTG GTT GAA GTT GAA GCG,1.9609104734568048
ATG GTT CAG CGT GGT TCT AAA GTT CGT ATC CTG GTG CCG GAA TCT TAT TGG TTC CAG GAC GTT GGT ACC GTT GCG TCT GTT GAC CAG TCT GGT ATC AAA TAC CCG GTG ATC GTT CGT TTC GAG AAA GTG AAC TAC TCT GGC ATC AAC ACC AAC AAC TTC GCG GAA GAC AAA CTG GTT GAG GTG GAA GCG,-0.5100005823570677
ATG GTT CAG CGT GGT TCC CAC GTT CGT ATC CTG CGT CCG GAA TCT TAC TGG TTC CAG GAC GTT GGT AAC GTT GCG TCT GTT GAC CAG TCT GGT ATC AAA TAC CCG GTT ATC GTT CGT TTC GAG AAA GTG AAC TAC TCC GGC ATC AAC ACC AAC AAC TTC GCG GAA GAC GAA CTG GTT GAA GTT GAA GCG,-0.5259963403934332
ATG GTG CAG CGT GGC TCC AAG GTT CGT ATC CTG CGT CCG GAA TCT TAC TGG TTT CAG GAC GTT GGC ACC GTT GCG TCT GTT GAC CAG TCT GGT ATC AAA TAC CCG GTT ATC GTT CGC TTC AAA ATC GTT AAC TAC TCC GGC ATC AAC ACC AAC AAC TTC GCG GAG GAC GAA CTG GTT GAA GTT GAG GCG,1.384315082797304
ATG GTT CAG CGC GGC TCT TTC GTG CGC ATT CTG CGT CCA GAA TCT TAT TGG TTC CAG GAC GTT GGC ACC GTT GCG TCT GTG GAC CAG TCT GGC ATC AAG TAC CCG GTG ATC GTT CGC TTC GCT AAG GTT AAC TAC TCC GGT ATC AAC ACC AAC AAC TTC GCG GAA GAT GAA CTG GTT GAA GTT GAG GCG,1.3718154515047756
ATG GTT CAG CGT GGC TCT AAA GTT CGT ATC CTG CGT CCG GAA TCT TAC TGG TTC CAG GAC GTT GGT ACT ATG GCG TCT GTT GAC CAG TCT GGT ATC AAA TAC CCG GTT ATC GTG CGT TTC GAG AAA GTG AAC TAT TCT GGC ATC AAC ACC AAC AAC TTC GCG GAA GAC GAA CTG GTT GAA GTT GAA GCG,-0.737134100586198
ATG GTT CAG CGT GGT TCT AAA GTT CGT ATC CTG ATG CCG GAA TCT TAC TGG TTC CAG GAT GTT GGT ACC GTT GCG TCT GTT GAC CAG TCT GGT ATC AAA TAC CCG GTT ATC GTT CGT TTC GAG AAA GTG AAC TAC TCT GGC ATC AAC ACC AAC AAC TTC GCG GAA GAC CGT CTG GTT GAA GTT GAA GCG,-1.4453356281601324
ATG GTT CAG CGC GGC TCC AAA GTT CGT ATC CTG CGT CCG GAA TCT TAC TGG TTC CAG GAC GTT GGT ACC GTT GCG TCT GTT GAC CAA TCT GGC ATC AAA TAC CCG GTT ATC GTT CGT TTC GAC GAC GTT AAC TAC TCT GGT ATC AAC ACC AAC AAC TTC GCG GAA GAC GAA CTG GTT GAA GTT GAA GCG,0.7819556477355372
ATG GTT CAG CGT GGT TCC TGG GTT CGT ATC CTG CGT CCA GAA TCT TAC TGG TTC CAG GAC GTT GGT GGC GTT GCG TCT GTT GAC CAG TCT GGT ATC AAA TAC CCG GTT ATC GTT CGC TTC GAA AAG GTT AAC TAC TCT GGC ATC AAC ACC AAC AAC TTC GCG GAG GAC GAA CTG GTT GAA GTT GAG GCT,-0.8431715909873803
ATG GTT CAG CGT GGT TCT AAA GTT CGT ATC CTG CGT CCG GAA TCT TAT TGG TTC CAG GAC GTT GGT ACC GTT GCG TCT GTT GAC CAG TCT GGC ATC AAA TAC CCG GTT ATC GTT CGT TTC CAC TGC GTT AAC TAC TCT GGT ATC AAC ACC AAC AAC TTT GCG GAA GAC GAA CTG GTT GAA GTT GAA GCG,1.8590170645177173
ATG GTT CAG CGT GGC TCT AAA GTT CGC ATC CTG CGT CCG GAA TCT TAC TGG TTT CAG GAC GTT GGC ACC GTT GCG TCT GTT GAT CAG TCT GGT ATC AAA TAC CCG GTT ATC GTT CGT TTC TGG ACC GTG AAC TAC TCC GGT ATT AAC ACC AAC AAC TTC GCG GAA GAC GAA CTG GTT GAA GTT GAA GCG,1.5903892631200915
ATG GTT CAG CGT GGT TCT AAA GTT CGT AAG CTG CGT CCG GAA TCT TAC GAT TTC CAG GAC GTT GGT ACC GTT GCG TCT GTT GAC CAG TCC GGT ATC AAA TAC CCG GTT ATC GTT CGT TTT GAG AAG GTG AAC TAC TCT GGC ATC AAC ACC AAC AAC TTC GCT GAA GAC GAG CTG GTT GAA GTT GAA GCG,-0.150529597395249
ATG GTT CAG CGT GGT TCT AAA GTT CGT ATC CTG CGT CCG GAA TCT TAC TGG TTC CAG GAC GTT GGT ACC GTT GCG TCT GTT GAC CAG TCT GGT ATC AAG TAC ATC GTG ATC GTT CGC TTC GAG AAA GTG AAC TAC TCC GGT ATT AAC CTG AAC AAC TTC GCG GAA GAC GAA CTG GTT GAA GTT GAA GCG,2.25225218281376
ATG GTT CAG CGT GGT TCT CAC GTT CGT ATC CTG CGT CCG GAA TCT TAC TGG TTT CAG GAC GTT GGT GAA GTT GCG TCT GTT GAC CAG TCT GGT ATC AAA TAC CCG GTT ATC GTT CGC TTC GAA AAG GTT AAC TAC TCT GGC ATC AAC ACC AAC AAC TTC GCG GAA GAC GAA CTG GTT GAG GTT GAA GCG,0.5159623749413628
ATG GTT CAG CGT GGC TCC AAA GTT CGT ATC CTG CGT CCG GAA TCT TAC TGG TTC CAG GAC GTT GGT ACC GTT GCG TCT GTT TCT CAG TTC GGT ATT AAG TAC CCG GTG ATC GTT CGT TTC GAG AAG GTT AAC TAC TCT GGC ATC AAC ACC AAC AAC TTC GCG GAA GAC GAA CTG GTT GAA GTT GAG GCG,0.7791035998943949
ATG GTT CAG CGT GGT TCT AAA GTT CGT ATC CTG CGT CCG GAA TCT TAC TGG TTT CAG GAC GTT GGT ACC GTT GCG TCT GTT GAC CAG TCT GGC ATC AAA TAC CCG GTT ATC GTT CGC TTC GAG AAA GTG AAC TAC TCC GGT ATC AAC ACC AAC AAC CGT GCG GAG GAC GAA TGG GTT GAA GTT GAA GCG,-0.224344636349925
ATG GTT CAG CGT GGC TCT AAA GTT CGT ATC CTG CGT CCG GAA TCT TAC TGG TTC CAA GAC GTT GGT ACC GTT GCG TCT GTT GAC CAG TCT GGC ATC AAA TAC CCG GTT ATC GTT CGC TTT GAA AAA GTG AAC TAC TCC GGC ATT AAT ACC AAC AAC GGT GCG GAA GAC GAA GTT GTT GAA GTT GAA GCG,-0.1257487781701539
ATG GTT CAG CGT GGT TCT AAA GTT CGT ATC CTG CGT CCG GAA TCT TAC TGG TTC CAG GAC GTT GGT ACC GTT GCT TCT GTT GAC CAG TCT GGT ATC AAA TAC CCG GTT ATC GTT CGT TTC GAG AAG GTT AAC TAC TCC GGT ATT AAC ACC AAC CGT TTC GCG GAA GAC GAA CTG GTT GAA GTT GAA GCG,1.959074845541413
ATG GTT CAG CGT GGT TCT AAA GTT CGT ATC CTG CGT CCG GAA TCT TAC TGG TTC CAG GAC GTT GGT ACC GTT GCG TCT GTT CAG CAA TTC GGT ATT AAG TAC CCG GTT ATC GTT CGT TTC GAG AAG GTT AAC TAC TCT GGT ATC AAC ACC AAC AAC TTC GCG GAA GAT GAG CTG GTG GAA GTT GAA GCG,0.5276392877492893
ATG GTT CAG CGC GGT TCT CCA GTG CGT ATC CTG CGT CCG GAA TCT TAC TGG TTC CAG GAC GTT GGT ACC GTT GCG TCT GTT GAC CAG TCT GGT ATC AAA TAC CCG GTT ATC GTT CGC TTC CGT AAA GTG AAC TAC TCT GGC ATC AAC ACC AAC AAC TTC GCT GAA GAC GAA CTG GTG GAA GTT GAA GCG,0.3071498625304442
ATG GTT CAG CGT GGT TCT AAA GTT CGT TGG CTG CGT CCG GAA TCT TAC GCG TTC CAG GAC GTT GGT ACC GTT GCG TCT GTT GAC CAG TCT GGC ATC AAA TAC CCG GTT ATC GTT CGT TTC GAG AAG GTT AAC TAC TCC GGT ATC AAC ACC AAC AAC TTC GCG GAA GAC GAA CTG GTT GAA GTT GAA GCG,-0.015070780188251
ATG GTT CAG CGT GGT TCT ACC GTT CGT ATC CTG CGT CCG GAA TCT TAT TGG TTC CAG GAC GTT GGT ACC GTT GCG TCT GTT GAC CAG TCT GGT ATC AAG TAC CCG GTG ATC GTT CGC TTC ATG AAG GTT AAC TAC TCT GGC ATC AAC ACC AAC AAC TTC GCG GAA GAC GAA CTG GTT GAA GTT GAA GCG,1.0196347942988353
ATG GTT CAG CGT GGT TCT AAA GTT CGT ATC CTG CGT CCG GAA TCT TAC TGG TTC CAG GAT GTT GGT ACC GTT GCG TCT GTT GAC CAG TCC GGT ATC AAA TAC CCG GTT ATC GTG CGT TTT GAA AAG GTT AAC TAC TCT GGC ATC AAC ACC AAC AAC TGC GCG GAA GAC GAA TAC GTT GAA GTT GAA GCG,0.8138205846764338
ATG GTT CAG CGT GGC TCT CAT GTG CGT ATT CTG CGT CCG GAA TCT TAC TGG TTC CAG GAC GTT GGT ACC GTT GCG TCT GTT GAC CAG TCT GGT ATC AAA TAC CCG GTT ATC GTG CGT TTC GAG AAA GTG AAC TAT TCT GGC ATC AAC ACC AAC AAC TTC GCG GAA GAC GAA CTG GTT GAA GTT GAA GCG,1.0045624277519458
ATG GTT CAG CGT GGC TCT AAA GTT CGT ATC CTG CGT CCG GAA TCT TAT TGG TTC CAG GAC GTT GGT ACC GTT GCG TCT GTT GAC CAG TCC GGT ATC AAA TAC GTT GTT ATC GTT CGT TTC GAG AAG GTT AAC TAC TCT GGC ATC AAC CAC AAC AAC TTT GCG GAA GAC GAA CTG GTT GAA GTT GAA GCG,2.0071513753253694
ATG GTT CAG CGT GGC TCT TAC GTT CGT ATC CTG CGT CCG GAA TCT TAC TGG TTC CAG GAC GTT GGT GAC GTG GCG TCT GTT GAC CAG TCT GGC ATC AAA TAC CCG GTT ATC GTT CGT TTC GAG AAA GTG AAC TAC TCC GGT ATC AAC ACC AAC AAC TTC GCG GAA GAC GAA CTG GTT GAA GTT GAG GCT,-1.0039308600143406
ATG GTT CAG CGT GGT TCT TGT GTT CGT ATC CTG CGT CCG GAA TCT TAT TGG TTC CAG GAC GTT GGT TGC GTT GCG TCT GTT GAC CAG TCT GGC ATC AAA TAC CCG GTG ATC GTG CGT TTC GAG AAG GTT AAC TAT TCT GGT ATC AAC ACC AAC AAC TTC GCG GAA GAC GAA CTG GTT GAA GTT GAA GCG,2.3290964832900496
ATG GTT CAG CGT GGC TCC AAG GTT CGT ATG CTG CGT CCG GAA TCT TAC TTC TTC CAG GAC GTT GGT ACC GTT GCG TCT GTT GAC CAG TCT GGC ATC AAG TAC CCG GTG ATC GTT CGT TTT GAA AAG GTG AAC TAC TCC GGT ATC AAC ACC AAC AAC TTC GCG GAA GAC GAA CTG GTT GAA GTG GAA GCG,-0.6308363063170426
ATG GTT CAG CGT GGC TCT AAA GTT CGT ATC CTG CGT CCG GAA TCT TAC TGG TTC CAG GAC GTT GGT ACC GTT CAG TCT GTT GAC CAG TCT GGC ATC AAA TAC CCG GTT ATC GTT CGT TTC GAG AAG GTT AAC TAC TCC GGT ATC AAC ACC AAC AAC TTC GCG GAA GAC GAA CTG GTT GAA GTT GAA GCG,2.866620922529916
ATG GTT CAG CGT GGC TCT AAA GTT CGT ATC CTG CGT CCG GAA TCT TAC TGG TTC CAG GAC GTT GGT ACC GTT GCT TCT GTT GAC CAG TCT GGC ATC AAA TAC CCG GTT ATC GTT CGT TTC GAG AAA GTT AAC CAC TCC GGT ATC AAC ACC AAC AAC TTC GCG GAA GAC GAA CTG GTT GAA GTT GAA GCG,3.134573932650971
ATG GTG CAG CGC GGT TCT AAA GTT CGT TGG CTC CGT CCG GAA TCT TAC AAC TTC CAG GAC GTT GGT ACC GTT GCT TCT GTT GAT CAG TCC GGC ATC AAA TAC CCG GTT ATC GTT CGT TTC GAG AAG GTG AAC TAC TCT GGT ATC AAC ACC AAC AAT TTC GCG GAA GAC GAA CTG GTT GAA GTT GAA GCG,-0.0745087999629747
ATG GTT CAG CGT GGT TCC CGT GTT CGT ATT CTG CGT CCG GAA TCT TAC TGG TTC CAG GAT GTT GGT ACC GTT GCG TCT GTT GAC CAG TCT GGT ATC AAA TAC CCG GTT ATC GTT CGT TTC CGC AAG GTT AAT TAC TCT GGC ATC AAC ACC AAC AAC TTC GCG GAG GAC GAA CTG GTT GAA GTT GAA GCG,1.6550614974336106
ATG GTT CAG CGC GGC TCT AAA GTG CGT ATC CTG CGT CCG GAA TCT TAC TGG TTC CAG GAC GTT GGT ACC GTT GCG TCT GTG GAC CAG TCT GGC ATC AAG TAC ATC GTG ATC GTG CGT TTC GAG AAG GTT AAC TAC TCT GGT ATC AAC TTC AAC AAC TTC GCG GAG GAC GAA CTG GTT GAG GTG GAA GCG,2.2194465168899606
ATG GTT CAG CGC GGT TCC AAA GTT CGT ATC CTG CGT CCG GAA TCT TAC TGG TTC CAG GAT GTT GGT ACC GTT GCG TCT GTT GAC CAG TCT GGC ATC AAA TAC AAC GTT ATC GTG CGT TTC GAG AAA GTG AAC TAC TCT GGT ATC AAC TCC AAC AAC TTC GCG GAA GAC GAA CTG GTT GAG GTT GAA GCG,1.9361832587215928
ATG GTT CAG CGT GGC TCC GTT GTT CGT ATC CTG CGT CCG GAA TCT TAC TGG TTC CAG GAC GTT GGT ACT GTT GCG TCT GTT GAC CAG TCT GGC ATC AAA TAC CCG GTT ATC GTG CGC TTT TGG AAA GTG AAC TAC TCT GGT ATC AAC ACC AAC AAC TTC GCG GAA GAC GAA CTG GTT GAA GTT GAA GCG,1.66284506025518
ATG GTT CAG CGT GGT TCT AAA GTT CGT ATC CTG CGT CCG GAA TCT TAC TGG GCG CAG GAC GTT GGC ACT GTT GCG TCT GTT GAC CAG TCC GGT ATC AAA TAC CCG GTT ATC GTT CGT TTC GAG AAG GTG AAC TAC TCT GGC ATC AAC ACC AAC AAT TTT GCG GAA GAC GAA CTG GTT GAA GTT GAA GCG,-0.1393684675756554
ATG GTT CAA CGC GGT TCC AAA GTT CGT ATC CTG CGT CCG GAA TCT TAC TGG TTT CAG GAC GTT GGT ACC GTT GCG TCT GTT GAC CAG TCC GGC ATC AAA TAC CCG GTT ATC GTT CGT TTC TTT CGT GTT AAC TAC TCC GGT ATC AAC ACC AAC AAC TTC GCG GAG GAT GAA CTG GTT GAA GTT GAA GCG,1.5290584800188778
ATG GTT CAG CGC GGT TCT AAA GTT CGT ATC CTG ACT CCA GAA TCT TAC TGG TTC CAG GAC GTT GGT ACC GTT GCG TCT GTT GAC CAG TCC GGT ATC AAA TAT CCG GTG ATT GTT CGT TTC GAG AAA GTG AAC TAC TCC GGC ATC AAC ACC AAC AAC TTC GCG GAA GAC CCG CTG GTT GAA GTT GAA GCG,-0.7753489887777238
ATG GTT CAG CGT GGC TCT AAA GTT CGT ATC CTG GAC CCG GAA TCT TAC TGG TTC CAG GAC GTT GGT ACC GTT GCG TCT GTT GAC CAG TCC GGT ATT AAG TAC CCG GTT ATC GTT CGT TTT GAG AAA GTG AAC TAC TCT GGT ATC AAC ACC AAC AAC TTC GCG GAA GAC GAC CTG GTT GAA GTT GAA GCG,0.895164150260161
ATG GTT CAG CGT GGC TCT AAA GTT CGT GAC CTG CGT CCG GAA TCT TAC ATG TTC CAG GAC GTT GGT ACC GTT GCG TCT GTT GAC CAG TCT GGC ATC AAA TAC CCG GTT ATC GTT CGT TTC GAG AAG GTG AAC TAC TCT GGT ATC AAC ACC AAT AAC TTC GCG GAA GAC GAA CTG GTT GAA GTT GAA GCG,-0.5858862148216653
ATG GTT CAG CGT GGC TCC CAG GTT CGT ATC CTG CGT CCG GAA TCT TAC TGG TTC CAG GAC GTT GGT ACC GTT GCT TCT GTT GAC CAG TCT GGC ATC AAA TAC CCG GTT ATC GTG CGT TTC CAG AAA GTG AAC TAC TCT GGT ATC AAC ACC AAT AAC TTC GCG GAA GAC GAA CTG GTG GAA GTT GAG GCG,0.9925441925627204
ATG GTT CAG CGT GGT TCT AAA GTT CGT CAC CTG CGT CCG GAA TCT TAC CAG TTC CAG GAC GTT GGT ACC GTT GCG TCT GTT GAC CAG TCT GGT ATC AAG TAC CCG GTT ATC GTG CGT TTT GAA AAG GTT AAC TAC TCT GGC ATC AAC ACC AAC AAT TTC GCG GAA GAC GAG CTG GTT GAA GTT GAA GCG,-0.605117367615947
ATG GTT CAG CGT GGT TCT AAA GTT CGT ATC CTG CGT CCG GAA TCT TAC TGG TTC CAG GAC GTT GGT ACC GTT GCG TCT GTT TGG CAG TAC GGC ATC AAA TAC CCG GTT ATC GTT CGT TTC GAG AAA GTG AAC TAC TCC GGT ATC AAC ACC AAC AAC TTC GCG GAA GAC GAA CTG GTT GAA GTT GAA GCG,0.8489636900221156
ATG GTT CAG CGC GGC TCC AAA GTT CGT ATC CTC CGT CCG GAA TCT TAC TGG TTT CAA GAC GTT GGT ACC GTT GCG TCT GTT GAC CAA TCC GGC ATT AAG TAC CCG GTT ATC GTT CGT TTC CGT GCG GTT AAC TAC TCT GGT ATC AAC ACC AAC AAC TTC GCG GAG GAC GAA CTG GTT GAA GTT GAA GCG,4.312145897853512
ATG GTT CAG CGC GGC TCT AAA GTT CGT ATC CTG CGT CCG GAA TCT TAC TGG TTC CAG GAT GTT GGT ACC GTT GCG TCT GTT GAC CAG TCT GGC ATC AAA TAC CAG GTG ATC GTG CGT TTC GAG AAA GTG AAC TAC TCT GGT ATC ATC ACC AAC AAC TTC GCG GAA GAC GAA CTG GTT GAA GTT GAG GCG,1.01841226807371
ATG GTT CAG CGT GGT TCT CGT GTT CGT ATC CTG CGT CCG GAA TCT TAC TGG TTT CAG GAC GTT GGT ACC GTT GCG TCT GTT GAC CAG TCT GGC ATC AAA TAC CCG GTT ATC GTT CGC TTC GCT AAG GTT AAC TAT TCT GGT ATC AAC ACC AAC AAC TTC GCG GAA GAC GAA CTG GTT GAA GTT GAA GCG,2.0524694430885626
ATG GTT CAG CGT GGT TCT AAA GTT CGT TGT CTG CGT CCG GAA TCT TAC ACC TTT CAG GAC GTT GGT ACC GTT GCT TCT GTT GAC CAG TCC GGT ATC AAA TAC CCG GTT ATC GTT CGC TTC GAG AAG GTT AAC TAC TCT GGC ATC AAC ACC AAC AAC TTC GCG GAA GAT GAA CTG GTT GAA GTT GAA GCG,0.6140393165834277
ATG GTT CAG CGT GGT TCT TTC GTG CGT ATC CTG CGT CCG GAA TCT TAC TGG TTC CAG GAC GTT GGT ATC GTT GCG TCT GTT GAC CAG TCT GGT ATC AAG TAC CCG GTT ATC GTT CGT TTT GAG AAG GTT AAC TAC TCT GGC ATC AAC ACC AAT AAC TTC GCG GAA GAC GAA CTG GTT GAA GTT GAG GCT,2.4108160634378013
ATG GTT CAG CGT GGT TCT AAA GTT CGT ATC CTG CGT CCG GAA TCT TAT TGG TTC CAG GAC GTT GGT ACC GTT GCG TCT GTT GAC CAG TCC GGC ATC AAA TAC GAG GTT ATC GTT CGC TTC GAA AAA GTG AAC TAC TCT GGT ATC AAC ACC AAC AAC TTC GCG GAA GAT GAA CTC GTT GAA GTT GAG GCG,0.8508645993109583
ATG GTT CAG CGC GGC TCT AAA GTT CGT ATC CTG CAG CCG GAA TCT TAC TGG TTC CAG GAC GTT GGT ACC GTT GCG TCT GTT GAC CAG TCT GGC ATC AAA TAC CCG GTT ATC GTG CGC TTC GAA AAA GTG AAC TAC TCT GGT ATC AAC ACC AAC AAC TTC GCG GAG GAT TGC CTG GTT GAA GTT GAG GCT,0.6579082915675144
ATG GTT CAG CGT GGT TCT AAA GTT CGT ATC CTG CGT CCG GAA TCT TAT TGG TTC CAG GAC GTT GGT ACC GTT GCG TCT GTT GAC CAG TCT GGT ATT TTC TAC CCG GTT ATC GTT CGT TTC GAG AAG GTT AAC TAC TCT GGC ATC AAC ACC AAC AAC TTC GCG GAA GAC GAA CTG GTT GAA GTT GAA GCG,0.6510626406074203
ATG GTT CAG CGT GGC TCT AAA GTT CGT ATC CTG CGT CCG GAA TCT TAC TGG TTC CAA GAC GTT GGT ACC GTT GCG TCT GTT GAC CAG TCT GGT ATT AAG TAC CCG GTG ATC GTT CGC TTC GAA AAA GTG AAC TAC TCC GGT ATC AAC ACT AAC AAC ATG GCG GAA GAC GAA CGT GTT GAA GTT GAA GCG,0.0117594838812037
ATG GTT CAA CGC GGT TCT CCG GTT CGT ATC CTG CGT CCG GAA TCT TAC TGG TTC CAA GAC GTT GGT ACC GTT GCG TCT GTT GAC CAG TCT GGT ATC AAA TAC CCA GTG ATC GTT CGC TTC TTC AAG GTT AAC TAC TCT GGC ATC AAC ACC AAC AAC TTC GCG GAA GAC GAG CTG GTT GAA GTT GAA GCG,1.0896251158173111
ATG GTT CAG CGT GGC TCC AAA GTT CGT ATC CTG CGT CCG GAA TCT TAC TGG TTC CAG GAC GTT GGT ACC GTT GCG TCT GTT GAC CAG TCT GGT ATC AAA TAC CCG GTT ATC GTT CGT TTC CGT TGG GTT AAC TAC TCT GGC ATC AAC ACC AAC AAC TTC GCT GAA GAC GAA CTG GTT GAA GTG GAG GCT,1.7478600811481382
ATG GTT CAG CGT GGC TCT TGC GTT CGT ATC CTG CGT CCG GAA TCT TAC TGG TTC CAG GAC GTT GGT ACC GTT GCG TCT GTT GAC CAG TCT GGT ATT AAG TAC CCG GTT ATC GTT CGC TTT TCC AAG GTT AAC TAT TCT GGC ATC AAC ACC AAC AAC TTC GCG GAA GAC GAA CTG GTT GAA GTT GAA GCG,2.560059828044426
ATG GTT CAG CGT GGT TCT AAA GTT CGT ATC CTG CGT CCG GAA TCT TAC TGG TTC CAG GAC GTT GGT ACC GTT GCG TCT GTT GAA CAG TCT GGC ATC AAG TAC CCG GTT ATC GTT CGC TTC GAG AAA GTG AAC TAC TCT GGT ATC AAC ACC AAC AAC TTC GCG GAA GAC GAA CTG GTG GAA GTT GAA GCG,1.1013518691210225
ATG GTT CAG CGC GGT TCT AAA GTT CGC ATC CTC CGT CCG GAA TCT TAC TGG TTC CAA GAC GTT GGT ACC GTT GCG TCT GTT GAC CAG TCC GGT ATC AAG TAC AAA GTG ATC GTG CGT TTT GAA AAG GTG AAC TAC TCT GGT ATC GGC ACC AAC AAC TTC GCT GAG GAT GAG CTG GTT GAA GTT GAA GCG,1.0196373327400456
ATG GTT CAG CGC GGT TCT AAA GTT CGT ATC CTG CGT CCG GAA TCT TAC TGG TTC CAG GAC GTT GGT ACC GTT GCG TCT GTT GAT CAG TCT GGC ATC AAA TAC CCG GTT ATC GTT CGT TTC GAG AAG GTT AAC TAC TCC GGT ATC AAC ACC AAC AAC TTC GCG GAA GAC GAA CTG GTT TCC GTT GAA GCG,1.3263549252570137
ATG GTT CAG CGT GGT TCT AAA GTT CGT ATC CTG CGT CCG GAA TCT TAT TGG TTC CAG GAC GTT GGT ACC GTT GCG TCT GTT GAC CAG TCC GGT ATC AAA TAC CCG GTT ATC GTG CGC TTC GAG AAA GTG AAC TAC TCT GGT ATT AAC ACC AAC AAT GAC GCG GAA GAC GAA CTG GTT GAA GTT GAA GCG,-2.1243162884202187
ATG GTT CAG CGT GGT TCC AAA GTT CGC CCG CTG CGT CCG GAA TCT TAC GAA TTC CAG GAC GTT GGT ACC GTT GCG TCT GTT GAC CAG TCC GGT ATT AAG TAC CCG GTT ATC GTT CGT TTC GAG AAG GTT AAC TAC TCT GGT ATC AAC ACC AAC AAT TTC GCG GAA GAC GAA CTG GTT GAA GTT GAA GCG,-1.5393691535470635
ATG GTT CAG CGC GGC TCT GTT GTT CGT ATT CTC CGT CCA GAG TCT TAC TGG TTC CAG GAC GTT GGT ACC GTT GCG TCT GTT GAC CAG TCT GGT ATC AAG TAC CCG GTT ATC GTG CGT TTC TGC AAG GTT AAC TAC TCC GGT ATT AAC ACC AAC AAC TTT GCG GAA GAC GAG CTG GTT GAA GTT GAA GCG,2.230599002085178
ATG GTT CAA CGT GGT TCC AAA GTT CGT ATC CTG CGT CCG GAA TCT TAC TGG TTT CAG GAC GTT GGT ACC GTT GCG TCT GTT GAC CAG TCT GGT ATC AAA TAC TGC GTT ATC GTT CGT TTC GAG AAG GTT AAC TAC TCT GGC ATC AAT CAC AAC AAC TTC GCG GAA GAC GAA CTG GTT GAA GTT GAA GCG,2.087083233982584
ATG GTG CAA CGT GGT TCT AAA GTT CGT TGG CTG CGT CCG GAA TCT TAC CGT TTC CAG GAC GTT GGT ACC GTT GCG TCT GTT GAC CAG TCC GGT ATC AAA TAC CCG GTT ATC GTG CGT TTT GAA AAA GTG AAC TAC TCC GGC ATC AAC ACC AAC AAC TTC GCG GAA GAC GAA CTG GTT GAA GTT GAA GCG,-3.3095179291780683
ATG GTG CAG CGT GGT TCT ATG GTT CGT ATC CTG CGT CCG GAA TCT TAT TGG TTC CAG GAC GTT GGC TCC GTT GCT TCT GTT GAC CAG TCC GGT ATT AAG TAC CCA GTT ATC GTG CGT TTC GAG AAA GTG AAT TAC TCT GGT ATC AAC ACC AAC AAC TTC GCG GAA GAC GAA CTG GTT GAA GTT GAA GCG,0.3327919247809613
ATG GTT CAG CGT GGT TCT AAA GTT CGC ATC CTG CGT CCG GAA TCT TAT TGG TTC CAG GAC GTT GGT ACC GTT GCG TCT GTT GAC CAG TCC GGC ATC AAG TAT CCG GTG ATT GTT CGT TTC AAC CGT GTT AAC TAC TCC GGT ATC AAC ACC AAC AAC TTT GCG GAA GAC GAA CTG GTT GAA GTT GAA GCG,2.125995579733928
ATG GTT CAG CGT GGT TCT AAA GTT CGT ATC CTG CGT CCG GAA TCT TAC TGG TTC CAG GAC GTT GGT ACC GTT GCG TCT GTT GAC CAG TCT GGT ATT AAG TAC CCG GTT ATC GTT CGT TTC GAG AAA GTG AAC TAC TCC GGC ATC AAC ACC AAC AAC TTC GCG GAA GAC GAA CAG GTT GAA GTT GAA GCG,-1.3957591336558743
ATG GTT CAG CGC GGC TCT AAA GTT CGC ATC CTG CGT CCG GAA TCT TAC TGG TTC CAA GAC GTT GGT ACC GTG GCG TCT GTT GAT CAG TCT GGT ATC AAA TAC CCG GTT ATC GTG CGT TTC TCT CAG GTG AAC TAC TCC GGC ATC AAC ACC AAT AAC TTC GCG GAA GAC GAG CTG GTT GAG GTT GAA GCG,1.0804401014595848
ATG GTT CAG CGT GGT TCC AAA GTT CGT ATC CTG CGT CCG GAA TCT TAC TGG TTT CAG GAC GTT GGT ACC GTT GCG TCT GTT GAC CAG TCT GGT ATC AAA TAC CCG GTT ATC GTT CGT TTC GAG AAA GTG AAC TAC TCC GGC ATC AAC ACC AAC AAC CTG GCG GAA GAT GAA TGG GTT GAA GTT GAA GCG,-0.0448035142688624
ATG GTT CAG CGT GGT TCC AAA GTT CGT ATC CTG CGT CCG GAA TCT TAC TGG TTT CAG GAT GTT GGT ACC GTT GCG TCT GTT GAC CAG TCC GGC ATC AAA TAC ACC GTG ATC GTT CGT TTC GAG AAA GTT AAT TAC TCT GGC ATC GAC ACC AAC AAC TTC GCG GAA GAC GAA CTG GTT GAA GTT GAA GCG,1.4326912428022711
ATG GTT CAG CGT GGT TCT AAA GTT CGT ATC CTG CGT CCG GAA TCT TAC TGG TTC CAG GAC GTT GGT ACC GTT GCT TCT GTT GAC CAG TCC GGC ATC AAA TAT GCT GTT ATC GTG CGC TTC GAA AAG GTT AAC TAC TCC GGT ATC AAC GAC AAC AAC TTT GCG GAA GAC GAG CTG GTT GAA GTT GAA GCG,1.064498490124126
ATG GTT CAG CGT GGT TCC AAA GTT CGT ATC CTG CGT CCG GAA TCT TAC TGG TTT CAG GAC GTT GGT ACC GTT GCG TCT GTT GAC CAG TCC GGT ATC AAA TAC CCG GTT ATC GTT CGT TTC GAG AAA GTG AAC TAC TCT GGC ATC AAC ACC AAC AAC ATC GCG GAA GAC GAA TGG GTT GAA GTT GAA GCG,-0.1425833856345107
ATG GTT CAG CGT GGT TCT AAA GTT CGT ATC CTG CGT CCG GAA TCT TAT TGG TTC CAG GAC GTT GGT ACC GTT GCG TCT GTT GAC CAG TCT GGC ATC AAA TAC CCG GTT ATC GTT CGC TTC GAA AAA TGC AAC TAC TCT GGT ATC AAC ACC AAC AAC TTC GCG GAA GAC GAA CTG GTT GAA GTT GAA GCG,2.852422515330163
ATG GTT CAG CGT GGT TCT AAA GTT CGT ATC CTG CGT CCG GAA TCT TAC TGG TTC CAG GAC GTT GGT ACT GTT GCG TCT GTT AAC CAG TCT GGT ATC AAA TAC CCG GTT ATC GTT CGT TTC GAG AAG GTG AAC TAC TCC GGC ATC AAC ACC AAC AAC TTC GCG GAA GAC GAA CTG GTT GAG GTT GAA GCG,1.0210422867391968
ATG GTT CAG CGT GGT TCC AAA GTG CGT ATC CTG TGG CCG GAA TCC TAC TGG TTT CAG GAC GTT GGT ACC GTT GCG TCT GTT GAC CAG TCT GGT ATC AAA TAC CCG GTT ATT GTT CGT TTC GAG AAA GTG AAC TAC TCC GGT ATT AAC ACC AAC AAC TTC GCG GAG GAC AAC CTG GTT GAA GTT GAA GCG,-0.2919227395760122
ATG GTT CAG CGT GGT TCT AAA GTT CGT ATC CTG CGT CCG GAA TCT TAC TGG TTT CAG GAC GTT GGT ACC GTT GCG TCT GTT CGT CAG TGG GGC ATT AAG TAC CCG GTT ATC GTT CGT TTC GAG AAG GTT AAC TAC TCT GGC ATC AAT ACC AAC AAC TTC GCG GAA GAT GAG CTG GTT GAA GTT GAA GCG,0.2743132249073541
ATG GTT CAG CGT GGT TCT CAC GTT CGT ATC CTG CGT CCG GAA TCT TAC TGG TTC CAG GAC GTT GGT TCC GTT GCT TCT GTT GAC CAG TCT GGT ATC AAA TAC CCA GTT ATC GTG CGC TTC GAG AAG GTG AAC TAT TCT GGC ATC AAC ACC AAC AAC TTC GCG GAA GAC GAA CTG GTT GAA GTT GAA GCG,-0.340813449266009
ATG GTT CAG CGT GGC TCT AAA GTT CGT ATC CTG CGT CCG GAA TCT TAC TGG TTC CAG GAC GTT GGC ACC GTT GCG TCT GTT GGT CAG GCG GGT ATC AAA TAC CCG GTG ATC GTT CGC TTT GAA AAA GTG AAC TAC TCT GGC ATC AAC ACC AAC AAC TTC GCG GAA GAC GAA CTG GTT GAA GTT GAA GCG,0.8401131211243007
ATG GTT CAG CGT GGT TCT AAA GTT CGT ATC CTG CGT CCG GAA TCT TAC TGG TTC CAA GAC GTT GGT ACC GTT GCG TCT GTT GAC CAG TCT GGC ATC AAA TAC CCG GTT ATC GTT CGT TTC AAG TAC GTT AAC TAC TCC GGT ATC AAC ACC AAC AAC TTC GCG GAA GAC GAA CTG GTT GAA GTT GAA GCG,1.2182250624464093
ATG GTT CAG CGC GGT TCC AAA GTT CGT ATC CTG CGT CCG GAA TCT TAC TGG TTT CAG GAC GTT GGT ACC GTT GCG TCT GTT GAC CAG TCT GGC ATC AAA TAC CCG GTT ATC GTG CGC TTC GAG AAA GTT AAT TAC TCT GGT ATC AAC ACC AAC AAT GTT GCG GAA GAC GAG TTC GTT GAG GTT GAA GCG,-0.5613889512293879
ATG GTT CAG CGT GGT TCT AAA GTT CGT ATC CTG CGT CCG GAA TCT TAC TGG TTC CAG GAC GTG GGT ACC GTT GCT TCC GTT GAC CAG TCT GGT ATC AAA TAC CCA GTT ATC GTT CGC TTC GAA AAG GTT AAC TAC TCT GGC ATC AAC ACC AAC AAC TTC GGT GAA GAC GAA CTG GTT GAA GTT GAG GCT,0.9698047774269314
ATG GTT CAG CGT GGT TCT TTC GTT CGT ATC CTG CGT CCG GAA TCT TAC TGG TTC CAG GAC GTG GGT ACC GTT GCG TCT GTT GAC CAG TCT GGC ATC AAG TAC CCA GTT ATC GTG CGC TTT ATC AAA GTG AAC TAC TCC GGT ATC AAC ACC AAC AAC TTC GCG GAA GAC GAA CTG GTT GAA GTT GAG GCT,1.3893100661440472
ATG GTT CAG CGT GGT TCT AAA GTT CGT ATT CTG CGT CCG GAA TCT TAC TGG TTC CAG GAC GTT GGT ACC GTT GCG TCT GTT GAC CAG TCT GGC ATC AAG TAC CCG GTT ATC GTT CGT TTT GAA AAA GTG AAC TAC TCC GGC ATT AAC ACC AAC AAC TAC GCG GAA GAT GAA TAC GTT GAA GTT GAA GCG,0.1922618556214532
ATG GTT CAG CGT GGT TCT AAA GTT CGC TCT CTG CGT CCG GAA TCT TAC ATC TTC CAG GAC GTT GGT ACC GTT GCG TCT GTT GAC CAG TCT GGT ATC AAA TAC CCG GTT ATC GTG CGT TTT GAA AAG GTG AAC TAC TCT GGC ATT AAC ACC AAC AAC TTC GCG GAA GAC GAA CTG GTT GAA GTT GAA GCG,-1.156728819964305
ATG GTG CAG CGC GGT TCC AAA GTG CGT ATC CTG CGT CCG GAA TCT TAC TGG TTT CAG GAC GTT GGT ACC GTT GCG TCT GTT GAC CAG TCT GGT ATC AAA TAC TGC GTG ATC GTT CGC TTC GAA AAG GTT AAC TAC TCC GGT ATC CAG ACC AAC AAC TTC GCG GAA GAC GAA CTG GTT GAA GTT GAA GCG,2.1079799471536336
ATG GTT CAG CGT GGT TCT AAA GTT CGT ATC CTG CGT CCG GAA TCT TAC TGG TTC CAA GAC GTT GGT ACC GTT GCG TCT GTT GAC CAG TCC GGT ATC AAA TAC AAC GTG ATC GTG CGC TTC GAA AAA GTT AAT TAC TCT GGC ATC AAC GTT AAC AAT TTC GCG GAA GAC GAA CTG GTT GAA GTT GAA GCG,2.444656678657323
ATG GTT CAG CGC GGC TCT AAA GTT CGT ATC CTC CGT CCG TAC TCT TAT TGG TTC CAA GAC GTG GGC ACC GTG GCT TCT GTT GAC CAA TCC GGC ATC AAG TAT CCG GTG ATC GTG CGC TTC GAG AAG GTT AAC TAC TCT GGT ATC AAC ACT AAC AAC TTT GCG GAA GAC GAG CTG GTT GAA GTT GAA GCG,1.758599215519559
ATG GTT CAG CGT GGT TCT AAA GTT CGT ATC CTG CGT CCG GAA TCT TAC TGG AAA CAG GAC GTT GGT ACC GTT GCG TCT GTT GAC CAG TCT GGT ATT AAG TAC CCG GTG ATC GTT CGC TTC GAA AAG GTT AAC TAC TCC GGT ATC AAC ACC AAC AAC TTC GCG GAA GAC GAA CTG GTT GAA GTT GAA GCG,-1.4142139529643054
ATG GTT CAG CGT GGC TCT ATG GTT CGT ATC CTG CGT CCG GAA TCT TAC TGG TTC CAA GAC GTT GGT ACC GTT GCG TCT GTT GAC CAG TCC GGT ATC AAG TAT CCG GTT ATC GTT CGT TTC GAG AAA GTG AAC TAC TCT GGC ATC AAC ACC AAC AAC TTT GCG GAA GAC GAA CTG GTT GAA GTT GAA GCG,1.4823021498456312
ATG GTT CAG CGT GGC TCC AAA GTT CGT CAC CTG CGT CCG GAA TCT TAC TTC TTC CAG GAC GTT GGT ACC GTT GCG TCT GTT GAC CAG TCT GGT ATC AAA TAC CCG GTT ATT GTG CGC TTC GAG AAG GTT AAC TAC TCC GGC ATC AAC ACC AAC AAC TTC GCG GAA GAT GAA CTG GTG GAA GTT GAG GCG,-0.4790246316703131
ATG GTT CAG CGT GGT TCT AAA GTG CGT ATC CTG CGT CCG GAA TCT TAC TGG TTC CAG GAC GTT GGT ACC GTT GCG TCT GTT TTC CAG TAC GGT ATC AAA TAC CCG GTT ATC GTT CGT TTC GAG AAA GTG AAC TAC TCT GGC ATC AAC ACC AAC AAC TTC GCG GAG GAT GAA CTG GTT GAA GTT GAA GCG,0.4693973458592099
ATG GTT CAG CGC GGC TCC AAA GTG CGT ATC CTG CGT CCG GAA TCT TAC TGG TTT CAG GAC GTT GGT ACC GTT GCG TCT GTT GAC CAG TCT GGC ATC AAA TAC TAC GTG ATC GTT CGC TTC GAA AAA GTT AAT TAC TCC GGC ATC TAC ACC AAC AAC TTC GCT GAA GAC GAA CTG GTT GAA GTT GAA GCG,2.537840162687785
ATG GTT CAG CGT GGC TCC AAA GTT CGT ATC CTG CGT CCG GAA TCT TAC TGG TTC CAG GAT GTT GGT ACC GTT GCG TCT GTT GAC CAG TCC GGT ATC AAG TAC TAC GTT ATC GTG CGT TTC GAG AAA GTG AAC TAC TCT GGT ATC CAC ACC AAC AAC TTC GCG GAA GAC GAA CTG GTT GAA GTT GAA GCG,2.0166682016902016
ATG GTT CAG CGT GGT TCT AAA GTT CGT ATC CTG CGT GAA GAA TCT TAC TGG TTC CAG GAC GTT GGT ACC GTT GCG TCT GTT GAC CAG TCT GGT ATC AAA TAC CCG GTT ATC GTT CGT TTC GAG AAG GTT AAC TAC TCC GGT ATT AAC ACC AAC AAC TTC GCG GAA GAT GAA CTG GTT GAA GTT GAA GCG,1.9242951808876323
ATG GTT CAG CGC GGT TCT AAA GTT CGT ATC CTG CGT CCG GAA TCT TAC TGG TTC CAG GAC GTT GGT ACC GTT GCG TCT GTT GAC CAG TCT GGC ATC AAG TAC CCG GTT ATC GTT CGC TTC GAA AAG GTG AAC TAC TCC GGT ATC AAC ACC AAC AAC ATC GCG GAA GAC GAA GGT GTG GAA GTT GAA GCG,-0.6905627356609445
ATG GTT CAG CGT GGT TCT AAA GTT CGT ATC CTG CGT CCG GAA TCT TAC TGG TTC CAA GAC GTT GGT ACC GTT GCG TCT GTT GAC CAG TCC GGC ATC AAG AAC CCG GTT ATC GTT CGT TTC GAG AAG GTG AAC TAC TCT GGT ATC AAC ACC AAC AAT TTC GCG GAA GAC GAA CTG GTG GAA GTT GAA GCG,0.616933953637408
ATG GTG CAG CGT GGT TCT CGT GTT CGT ATT CTG CGT CCA GAA TCT TAT TGG TTC CAG GAC GTT GGC ACC GTT GCG TCT GTT GAC CAG TCT GGT ATC AAA TAC CCG GTT ATC GTT CGT TTC TCC AAA GTG AAC TAC TCC GGC ATC AAC ACC AAC AAC TTC GCG GAA GAC GAA CTG GTT GAA GTT GAA GCG,2.007563439913212
ATG GTT CAG CGT GGT TCT AAA GTT CGT ATC CTG TCT CCG GAA TCT TAC TGG TTC CAG GAC GTT GGT ACC GTT GCG TCT GTT GAC CAA TCT GGC ATC AAA TAC CCG GTT ATC GTG CGT TTC GAG AAG GTT AAC TAC TCT GGT ATC AAC ACC AAT AAC TTC GCG GAA GAC GAT CTC GTG GAA GTT GAA GCG,0.0017942284600926
ATG GTG CAG CGT GGT TCC AAA GTT CGT AAC CTG CGT CCG GAA TCT TAC CAG TTT CAG GAC GTT GGT ACC GTT GCG TCT GTT GAC CAG TCT GGT ATC AAG TAC CCG GTG ATC GTT CGT TTC GAG AAG GTG AAC TAC TCC GGT ATT AAC ACC AAC AAC TTC GCG GAA GAC GAA CTG GTT GAA GTT GAA GCG,-0.6876718348748612
ATG GTT CAG CGT GGT TCC AAA GTT CGT ATC CTG TGC CCG GAA TCT TAC TGG TTT CAG GAC GTT GGT ACC GTT GCG TCT GTT GAC CAG TCT GGT ATC AAA TAC CCA GTG ATC GTG CGT TTC GAG AAA GTG AAC TAC TCT GGC ATC AAC ACC AAT AAC TTC GCG GAA GAC GAC CTG GTT GAG GTT GAA GCG,0.7718931718887492
ATG GTT CAG CGT GGC TCT CCG GTT CGC ATC CTC CGT CCG GAA TCT TAC TGG TTT CAG GAC GTT GGT ATC GTG GCG TCT GTT GAT CAG TCT GGT ATC AAG TAC CCG GTT ATC GTT CGT TTC GAG AAG GTT AAC TAC TCT GGC ATC AAC ACC AAT AAC TTC GCG GAA GAT GAA CTG GTT GAA GTT GAA GCG,0.3281575781089864
ATG GTT CAA CGC GGT TCT AAA GTT CGT ATC CTG CGT CCG GAA TCT TAC TGG TTC CAG GAC GTT GGT ACC GTT GCG TCT GTT CCG CAG ATG GGC ATC AAA TAC CCG GTT ATC GTT CGT TTC GAG AAG GTG AAC TAC TCT GGT ATC AAC ACC AAC AAC TTC GCG GAA GAC GAG CTG GTT GAA GTT GAA GCG,0.0201540731400875
ATG GTT CAG CGT GGT TCT AAA GTT CGT ATC CTG CGT CCG GAA TCT TAC TGG TTC CAG GAT GTT GGT ACC GTT GCG TCT GTT GAC CAG TCT GGC ATC AAA TAC AAC GTG ATC GTT CGT TTC GAG AAG GTT AAC TAC TCT GGT ATC AAC TGC AAC AAC TTC GCG GAG GAC GAA CTG GTT GAG GTT GAA GCG,3.162407387384002
ATG GTT CAG CGT GGT TCT AAA GTT CGT ATC CTG TGG CCG GAA TCT TAC TGG TTC CAG GAC GTT GGT ACC GTT GCG TCT GTT GAC CAG TCT GGT ATC AAA TAC CCG GTT ATC GTT CGT TTT GAA AAA GTG AAC TAC TCC GGC ATC AAC ACC AAC AAC TTC GCG GAA GAC GAC CTG GTT GAA GTT GAG GCT,-0.0133715881935169
ATG GTT CAG CGT GGT TCT CCG GTT CGT ATC CTG CGT CCG GAA TCT TAT TGG TTC CAG GAC GTT GGT GCG GTT GCG TCT GTT GAC CAG TCT GGT ATC AAG TAC CCG GTT ATC GTT CGT TTC GAG AAA GTG AAC TAC TCT GGC ATC AAC ACC AAC AAC TTC GCG GAA GAC GAA CTG GTT GAA GTT GAA GCG,-1.1567177363697372
ATG GTT CAG CGT GGT TCT AAA GTT CGT ATC CTG CGT CCG GAA TCT TAC TGG TTC CAG GAC GTG GGT ACC GTG GCG TCT GTT GAC CAG TCT GGT ATC AAA TAC GAA GTT ATC GTT CGC TTC GAA AAA GTG AAC TAC TCC GGC ATC TTC ACT AAC AAC TTC GCG GAA GAC GAA CTG GTG GAA GTT GAA GCG,1.5505406743757697
ATG GTG CAG CGT GGT TCT AAA GTT CGT ATC CTG CGT CCG GAA GAA TAC TGG TTC CAG GAC GTT GGT ACC GTT GCG TCT GTT GAC CAG TCT GGC ATC AAA TAC CCG GTG ATC GTT CGT TTT GAG AAG GTT AAC TAC TCC GGT ATC AAC ACC AAC AAC TTC GCG GAA GAC GAA CTG GTT GAA GTT GAA GCG,-0.1926965501354249
ATG GTT CAG CGT GGT TCT AAA GTT CGT ATC CTG ATG CCG GAA TCT TAC TGG TTC CAG GAC GTT GGT ACC GTT GCG TCT GTT GAC CAG TCT GGC ATC AAA TAC CCG GTT ATC GTT CGT TTT GAG AAA GTG AAC TAC TCC GGT ATC AAC ACC AAC AAC TTC GCT GAG GAC GCG CTG GTT GAA GTT GAA GCG,0.0178160348240137
ATG GTT CAG CGT GGT TCT AAA GTT CGT ATC CTG CGT CCG GAA TCT TAC TGG TTC CAG GAC GTT GGT ACC GTT GCG TCT GTT TCT CAG GGT GGT ATC AAA TAC CCG GTT ATC GTT CGT TTC GAG AAG GTT AAC TAC TCT GGC ATC AAC ACC AAC AAT TTC GCG GAA GAC GAA CTC GTG GAA GTT GAA GCG,1.171116582935935
ATG GTT CAG CGT GGT TCT AAA GTT CGT GAC CTG CGT CCG GAA TCT TAC CGT TTC CAG GAC GTT GGT ACC GTT GCG TCT GTT GAC CAG TCC GGC ATC AAA TAC CCG GTT ATC GTT CGT TTC GAG AAG GTG AAC TAC TCT GGC ATT AAC ACC AAC AAC TTC GCG GAG GAC GAA CTG GTT GAA GTT GAA GCG,-3.3654348338968214
ATG GTG CAA CGT GGT TCT ATG GTT CGT ATC CTG CGT CCG GAA TCT TAC TGG TTC CAG GAC GTT GGT ACC GTT GCG TCT GTT GAC CAG TCT GGT ATC AAA TAC CCG GTT ATC GTT CGT TTC TAC AAG GTG AAC TAC TCC GGT ATT AAC ACC AAC AAC TTC GCG GAA GAC GAG CTG GTT GAA GTT GAA GCG,1.1636878154321768
ATG GTT CAG CGT GGC TCC AAG GTT CGT ATC CTG CGT CCG GAA TCT TAC TGG TTT CAA GAC GTT GGT ACC GTT GCG TCT GTT GAC CAG TCT GGC ATC AAA TAC CGC GTT ATC GTG CGC TTC GAG AAA GTG AAC TAC TCT GGT ATC AAC TAC AAC AAC TTC GCG GAA GAC GAA CTG GTT GAA GTT GAA GCG,2.165548937631454
ATG GTT CAG CGC GGC TCC AAG GTT CGT ATC CTG CGT CCG GAA TCT TAC TGG TTT CAG GAC GTT GGC ACC GTT GCG TCT GTT GAC CAG TCT GGC ATC AAA TAC GCT GTT ATC GTT CGT TTC GAG AAA GTT AAT TAC TCC GGT ATC AAC GGT AAT AAC TTC GCG GAG GAT GAG CTG GTT GAA GTT GAA GCG,1.4349713187317168
ATG GTT CAA CGC GGT TCT AAG GTT CGT ATC CTG CGT CCA GAA TCT TAC TGG TTT CAG GAC GTT GGT ACC GTT GCG TCC GTT GAC CAG TCT GGT ATC AAA TAC CCG GTT ATT GTT CGT TTC GCG CAC GTT AAC TAC TCT GGC ATC AAC ACC AAC AAC TTC GCT GAA GAC GAG CTG GTT GAA GTT GAA GCG,1.3841128106136231
ATG GTT CAG CGT GGT TCT CAA GTT CGT ATC CTG CGT CCG GAA TCT TAC TGG TTC CAA GAC GTT GGT CAG GTT GCG TCT GTT GAC CAG TCT GGT ATC AAA TAC CCG GTT ATC GTT CGC TTC GAA AAG GTT AAC TAC TCT GGC ATC AAC ACC AAC AAC TTT GCG GAA GAC GAA CTG GTG GAA GTT GAG GCT,-0.1345429965071755
ATG GTT CAA CGT GGC TCC AAA GTG CGT ATC CTG CGT CCG GAA TCT TAC TGG TTC CAG GAC GTT GGT ACC GTT GCG TCT GTT GAC CAG TCC GGC ATC AAA TAC CCG GTG ATC GTG CGC TTC GAG AAA GTG AAT TAC TCT GGC ATC TGC ACC AAC AAC TTC GCG GAA GAC GAA CTG GTT GAA GTT GAA GCG,2.362899660073519
ATG GTT CAG CGT GGT TCT CAG GTT CGT ATC CTG CGT CCG GAA TCT TAC TGG TTC CAG GAT GTT GGT ATC GTT GCG TCT GTT GAC CAG TCT GGT ATC AAG TAC CCG GTG ATC GTT CGC TTC GAA AAG GTG AAC TAC TCT GGC ATC AAC ACC AAC AAC TTC GCG GAA GAC GAA CTG GTT GAA GTT GAA GCG,1.198294848228541
ATG GTT CAG CGT GGC TCC AAA GTT CGT ATC CTG CGT CCG GAA TCT TAC TGG TTT CAG GAC GTT GGT ACC GTG GCG TCC GTT GAC CAG TCT GGT ATC AAA TAC CCG GTT ATC GTT CGT TTC GGT TTT GTT AAC TAC TCT GGC ATC AAC ACC AAC AAC TTC GCG GAA GAC GAA CTG GTT GAA GTT GAA GCG,1.2096188262562322
ATG GTT CAG CGT GGT TCT AAA GTT CGT ATC CTG CGT CCG GAA TCT TAC TGG TTC CAG GAC GTT GGT ACC GTT GCG TCT GTT GAC CAG TCT GGC ATC AAA TAC CCG GTG ATC GTT CGT TTT GAG AAG GTT AAC TAC TCC GGT ATC AAC ACC AAC AAC TTC GCG GAA GAC GAA CTG GTT GCG GTT GAA GCG,1.861108193414428
ATG GTT CAG CGT GGT TCT AAA GTT CGT ATC CTG CGT CCG GAA TCT TAC TGG TTC CAG GAC GTT GGT ACC GTT GCG TCT GTT TTT CAG TTC GGT ATC AAA TAC CCG GTT ATC GTT CGC TTC GAA AAA GTG AAC TAC TCT GGC ATC AAC ACC AAC AAC TTT GCG GAA GAC GAA CTG GTT GAA GTT GAA GCG,1.042771150817202
ATG GTT CAG CGT GGT TCT AAA GTG CGC ATC CTG CGT CCG GAA TCT TAC TGG TTC CAG GAC GTT GGT ACC GTT GCG TCT GTT GAC CAG TCC GGC ATC AAA TAT CCG GTT ATC GTG CGT TTT GAA AAG GTT AAC TAC TCT GGT ATC AAC ACC AAC AAC TTC GCG GAA GAC GAA CTG GTT GAA ATG GAG GCG,0.7735078739248247
ATG GTT CAG CGC GGT TCT AAA GTT CGT ATC CTG CGT CCG GAA TCT TAC TGG TTC CAG GAC GTT GGT ACC GTT GCT TCT GTT GGT CAG CGT GGT ATC AAA TAC CCG GTT ATC GTG CGT TTC GAG AAA GTT AAT TAC TCT GGC ATC AAC ACC AAC AAC TTC GCG GAA GAC GAG CTG GTT GAA GTT GAA GCG,0.677253801982256
ATG GTT CAG CGT GGT TCT AAA GTT CGT ATC CTG CGT CCG GAA TCT TAT TGG TTC CAG GAC GTT GGT ACC GTT GCG TCT GTT CTG CAG GGT GGC ATT AAG TAC CCG GTT ATC GTT CGT TTT GAG AAG GTT AAC TAC TCT GGC ATC AAC ACC AAC AAC TTC GCG GAA GAC GAA CTG GTT GAA GTT GAA GCG,2.477054762394837
ATG GTT CAG CGT GGC TCC AAA GTT CGT ATT CTG CGT CCG GAA TCT TAC TGG TTC CAG GAC GTT GGT ACC GTT GCG TCT GTT GAC CAA TCT GGT ATT AAG TAC CCA GTT ATC GTT CGC TTT TTC TCC GTG AAC TAC TCC GGT ATC AAC ACC AAT AAC TTC GCG GAA GAC GAA CTG GTT GAA GTT GAA GCG,1.867495346208978
ATG GTT CAG CGT GGT TCT GGT GTT CGT ATC CTG CGT CCG GAA TCT TAC TGG TTT CAG GAC GTT GGT ACC GTT GCG TCT GTT GAC CAG TCT GGT ATC AAA TAC CCG GTT ATC GTT CGT TTC TGC AAA GTG AAC TAC TCC GGC ATC AAC ACC AAC AAC TTC GCG GAA GAC GAA CTG GTT GAA GTT GAA GCG,1.4277451622057038
ATG GTT CAG CGT GGT TCT AAA GTT CGT ATT CTG CGT CCA GAA TCT TAC TGG TTT CAG GAC GTT GGT ACC GTT GCG TCT GTT GAC CAG TCT GGC ATC AAA TAC TAC GTT ATC GTT CGT TTC GAG AAG GTG AAC TAC TCC GGT ATC AAC TGG AAC AAC TTC GCG GAA GAC GAA CTG GTT GAA GTT GAA GCG,2.461091442868575
ATG GTT CAG CGT GGT TCT AAA GTT CGT ATC CTG TTC CCG GAA TCT TAC TGG TTC CAA GAC GTT GGT ACC GTT GCG TCT GTT GAC CAG TCT GGT ATC AAA TAC CCG GTT ATC GTG CGT TTT GAA AAG GTT AAC TAC TCT GGC ATC AAC ACC AAC AAC TTC GCG GAA GAC CCG CTG GTT GAA GTT GAA GCG,0.1644274973662297
ATG GTT CAG CGT GGT TCT AAA GTT CGT ATC CTG CGT CCG GAA TCT TAC TGG TTC CAG GAT GTT GGT ACC GTG GCG TCT GTT GAC CAG TCC GGT ATC AAG TAT TTC GTT ATC GTT CGT TTC GAG AAG GTT AAC TAC TCC GGC ATC ATG ACT AAC AAC TTC GCG GAA GAC GAA CTG GTT GAA GTT GAA GCG,2.6472481378646595
ATG GTT CAG CGT GGT TCT AAA GTT CGT ATC CTG AAA CCG GAA TCT TAC TGG TTC CAG GAC GTT GGT ACC GTT GCG TCT GTT GAC CAG TCT GGT ATC AAA TAC CCG GTT ATC GTT CGT TTC GAG AAG GTG AAC TAC TCT GGC ATC AAC ACC AAC AAC TTC GCG GAA GAC CAG CTC GTT GAA GTT GAA GCG,-0.1139691153896573
ATG GTT CAG CGT GGT TCT AAA GTT CGT ATC CTG CGT CCG GAA TCT TAC TGG TTC CAG GAC GTT GGT ACC GTT GCG TCT GTT TAC CAG ATC GGT ATC AAG TAC CCG GTT ATC GTG CGT TTC GAG AAA GTT AAT TAC TCT GGC ATC AAC ACC AAT AAC TTC GCG GAA GAC GAA CTG GTT GAA GTT GAA GCG,0.6606941321518356
ATG GTT CAG CGT GGT TCT AAA GTT CGT ATC CTG CGT CCG GAA TCT TAT TGG TTC CAG GAC GTT GGT ACC GTT GCG TCT GTT GAC CAG TCT GGC ATC AAA TAC CCG GTT ATC GTT CGT TTC GGT AAG GTT AAC TAC TCC GGT ATC AAC ACC AAC AAC TTC GCG GAA GAC GAA CTG GTT GAA GTT GAA GCG,0.7905865783342876
ATG GTT CAG CGT GGT TCT AAA GTT CGT ATC CTG CGT CCG GAA TCT TAC TGG TTC CAG GAC GTT GGT ACC GTG GCG TCC GTG ACC CAG TAC GGT ATC AAA TAC CCG GTT ATC GTT CGT TTC GAG AAA GTG AAC TAC TCT GGC ATC AAC ACC AAC AAT TTC GCG GAA GAC GAA CTG GTT GAA GTT GAA GCG,0.237513010154116
ATG GTT CAG CGT GGT TCT GAA GTT CGT ATC CTG CGT CCG GAA TCT TAC TGG TTC CAG GAC GTT GGT ACC GTT GCG TCT GTT GAC CAG TCT GGC ATC AAA TAC CCG GTT ATC GTT CGT TTC CAC AAG GTG AAC TAC TCT GGT ATC AAC ACC AAC AAC TTC GCG GAA GAC GAA CTC GTT GAA GTT GAA GCG,0.2266527472889429
ATG GTT CAG CGT GGT TCT AAA GTT CGT ATC CTG CGT CCG GAA TCT TAC TGG TTT CAG GAC GTT GGT ACC GTT GCG TCT GTT GAC CAG TCT GGT ATC AAG TAC CCG GTG ATC GTT CGT TTC GAG AAG GTG AAC TAC TCT GGC ATC AAC ACC AAC AAC CGT GCG GAA GAC GAA CGT GTT GAA GTT GAA GCG,-0.4929653352245777
ATG GTT CAG CGT GGC TCC AAA GTT CGT ATC CTG CGT CCG GAA TCT TAC TGG TTC CAA GAC GTT GGT ACC GTT GCG TCT GTT GAC CAG TCT GGC ATC AAA TAC CCG GTT ATC GTG CGT TTC GAG AAA GTG AAC TAC TCT GGT ATT AAC ACC AAC AAC CGT GCG GAA GAC GAA TCC GTT GAA GTG GAA GCG,-2.973141822902419
ATG GTT CAG CGC GGT TCT TGC GTT CGT ATC CTG CGT CCA GAA TCT TAC TGG TTC CAG GAT GTT GGT TCT GTT GCG TCC GTT GAC CAA TCC GGC ATC AAA TAC CCG GTT ATC GTT CGC TTC GAG AAA GTG AAC TAC TCT GGT ATC AAC ACT AAC AAC TTC GCG GAA GAC GAA CTG GTT GAA GTT GAA GCG,1.384310798450359
ATG GTT CAG CGC GGT TCT AAA GTT CGT ATC CTG CGT CCG GAA TCT TAC TGG TTC CAG GAC GTT GGT ACC GTG GCG TCT GTT GAC CAG TCT GGC ATC AAA TAC CGT GTG ATC GTG CGT TTC GAG AAA GTG AAT TAC TCT GGT ATC TGG ACC AAC AAC TTC GCG GAA GAC GAA CTG GTT GAA GTT GAA GCG,1.787246597908894
ATG GTT CAG CGC GGT TCT AAA GTT CGT ATC CTG CGT CCG GAA TCT TAC TGG TTC CAG GAC GTT GGT ACC GTT GCT TCT GTT GAC CAG TCT GGT ATC CCG TAC CCG GTT ATC GTT CGC TTC GAA AAA GTG AAC TAC TCC GGT ATC AAC ACC AAC AAC TTC GCG GAA GAC GAA CTG GTT GAA GTT GAA GCG,2.379595618735223
ATG GTT CAG CGT GGT TCT AAA GTT CGT TTC CTG CGT CCG GAA TCT TAC GTT TTC CAG GAC GTT GGT ACC GTT GCG TCT GTT GAC CAG TCC GGT ATT AAG TAC CCG GTT ATC GTT CGC TTC GAA AAA GTG AAC TAC TCT GGC ATC AAC ACC AAC AAC TTC GCG GAA GAC GAA CTG GTT GAA GTT GAA GCG,-0.0660957289736934
ATG GTT CAA CGT GGC TCT AAA GTT CGT ATG CTG CGT CCG GAA TCT TAC GTT TTC CAG GAC GTT GGT ACC GTT GCG TCT GTT GAC CAG TCC GGC ATC AAG TAT CCG GTT ATC GTG CGC TTC GAG AAG GTG AAT TAC TCC GGT ATC AAC ACC AAC AAC TTC GCG GAA GAC GAA CTG GTT GAA GTT GAA GCG,-0.8311624217848035
ATG GTT CAG CGT GGT TCT AAA GTT CGT ATC CTG CGT CCG GAA TCT TAC TGG TTC CAG GAT GTT GGT ACC GTT GCG TCT GTT GAC CAG TCT GTT ATC AAA TAC CCG GTT ATC GTT CGT TTC GAG AAG GTT AAC TAC TCC GGT ATC AAC ACC AAC AAC TTC GCG GAA GAC GAA CTG GTT GAA GTT GAA GCG,0.9455317215771616
ATG GTT CAG CGT GGT TCC AAA GTT CGT TAT CTG CGT CCG GAA TCT TAC ATG TTC CAG GAC GTT GGT ACC GTT GCG TCT GTT GAC CAG TCT GGC ATC AAA TAC CCG GTT ATC GTT CGT TTT GAA AAA GTG AAC TAC TCC GGT ATC AAC ACC AAC AAC TTC GCG GAA GAC GAA CTG GTT GAA GTT GAA GCG,0.108031459608904
ATG GTT CAG CGT GGC TCT AAA GTG CGC ATC CTC CCG CCA GAA TCT TAC TGG TTC CAG GAC GTT GGT ACC GTT GCG TCT GTT GAC CAG TCT GGT ATC AAA TAC CCA GTT ATC GTT CGT TTC GAG AAG GTT AAC TAC TCT GGC ATC AAC ACC AAC AAC TTC GCG GAA GAC CAA CTG GTT GAA GTT GAA GCG,-0.7059661495430565
ATG GTT CAG CGT GGC TCT AAA GTT CGT ATC CTG CGT CCG GAA TCT TAC TGG TTC CAG GAC GTT GGT ACC GTT GCG TCT GTT GAC CAG TCT GGT ATC AAA TAC CCG GTG ATC GTG CGC TTC GAA AAA GTT AAT TAC TCT GGC ATC AAC ACC AAC AAC GCG GCT GAA GAC GAA ATG GTT GAA GTT GAG GCT,-0.6255756416048015
ATG GTT CAG CGT GGT TCC CAG GTT CGT ATC CTG CGT CCG GAA TCT TAC TGG TTC CAG GAC GTT GGT ACC GTT GCG TCT GTT GAC CAG TCT GGT ATC AAG TAC CCG GTT ATC GTT CGC TTC CTG AAG GTT AAC TAC TCT GGC ATC AAC ACC AAC AAC TTC GCT GAA GAC GAA CTG GTT GAA GTT GAA GCG,1.0696037803293683
ATG GTT CAG CGC GGT TCT AAA GTT CGT ATC CTG CGT CCA GAA TCT TAC TGG TTC CAG GAC GTT GGT ACC GTT GCG TCC GTT GAC CAG TCC GGC ATC AAA TAC CCG GTT ATC GTG CGT TTC GAG AAA GTG AAC TAC TCC GGT ATC AAC ACC AAC AAT CAC GCG GAA GAC GAA TCT GTT GAA GTT GAA GCG,-1.0199047793338538
ATG GTT CAG CGT GGT TCT AAA GTT CGT ATC CTG CGT CCG GAA TCT TAC TGG TTC CAG GAT GTT GGT ACC GTT GCG TCT GTT TGG CAG AAC GGC ATC AAA TAC CCG GTT ATC GTG CGT TTC GAG AAG GTT AAC TAC TCT GGT ATC AAC ACC AAT AAC TTC GCT GAA GAC GAA CTG GTT GAG GTT GAA GCG,0.5701488222033406
ATG GTT CAG CGT GGT TCT AAA GTT CGT ATC CTG CGT CCG GAA TCT TAC TGG TTC CAG GAC GTT GGT ACC GTT GCG TCT GTT GAC CAG TCT GGT ATC AAA TAC CCA GTG ATC GTG CGT TTC GAG AAA GTT AAT TAC TCC GGC ATC AAC ACC AAC AAC TTC GCT GAA GAC GAA CTG CAG GAA GTT GAA GCG,2.7113296063886305
ATG GTT CAA CGT GGT TCT AAA GTT CGT ATC CTG CGT CCG GAA TCT TAC TGG TTC CAG GAC GTT GGT ACC GTT GCG TCT GTG GAC CAG TCT GGC ATC AAA TAC CCG GTT ATC GTT CGT TTT GAG AAA GTG AAC TAC TCC GGT ATC AAC ACC AAC AAC TTC GCG TGG GAC GAA CTG GTT GAA GTT GAA GCG,3.339009305472472
ATG GTT CAG CGT GGT TCT AAA GTT CGT ATC CTG CGT CCG GAA TCT TAC TGG TTC CAG GAT GTT GGT ACC GTT GCG TCT GTT GAC GAC TCT GGT ATC AAA TAC CCG GTT ATC GTT CGT TTC GAG AAG GTT AAC TAC TCT GGC ATC AAC ACC AAC AAC TTT GCG GAA GAC GAA CTG GTT GAA GTT GAA GCG,1.7709117394491765
ATG GTG CAG CGC GGC TCC AAA GTT CGT ATC CTG CGT CCG GAA TCT TAC TGG TTT CAG GAC GTT GGT ACC GTG GCG TCC GTG GAC CAG TCC GGC ATC AAA TAC CCG GTT ATC GTT CGT TTC CCG TCT GTT AAC TAC TCT GGT ATC AAC ACC AAC AAC TTC GCG GAA GAC GAA CTC GTT GAA GTT GAA GCG,1.1613583536453984
ATG GTT CAG CGT GGT TCT AAA GTT CGT ATC CTG CGT CCG GAA TCT TAC TGG TTC CAG GAT GTT GGT ACC GTT GCG TCT GTT GAC CAG TCC GGT ATC AAG TAC CCG GTG ATC GTT CGT TTC GAG AAA GTG AAC TAC TCT GGC ATC AAC ACC AAC AAC CAG GCG GAA GAC GAA GTT GTT GAA GTT GAA GCG,-0.4358120746017774
ATG GTT CAA CGT GGT TCC AAA GTT CGT ATC CTG CGT CCG GAA TCT TAC TGG TTT CAG GAC GTT GGT ACC GTT GCG TCT GTT GAC CAG TCT GGT ATT AAG TAC CCG GTT ATC GTG CGT TTC TAC ATC GTT AAC TAC TCC GGC ATC AAC ACC AAC AAC TTC GCG GAA GAC GAA CTG GTT GAA GTT GAA GCG,1.972520196968134
ATG GTT CAG CGT GGC TCC GAC GTT CGT ATC CTG CGT CCG GAA TCT TAC TGG TTC CAA GAC GTT GGT ACC GTT GCG TCT GTT GAC CAG TCT GGT ATC AAG TAC CCG GTT ATC GTT CGT TTC TTC AAA GTG AAT TAC TCC GGC ATC AAC ACC AAC AAC TTC GCG GAA GAC GAA CTG GTG GAA GTG GAA GCG,1.0312453595077131
ATG GTT CAG CGT GGT TCT AAA GTT CGT ATC CTG CGT CCG GAA TCT TAC TGG TTT CAA GAC GTG GGT ACC GTT GCG TCT GTT GAC CAG TCC GGT ATC AAA TAC CTG GTT ATC GTT CGT TTC GAG AAG GTT AAC TAC TCT GGT ATC TGT ACC AAC AAC TTC GCG GAA GAC GAA CTG GTT GAA GTT GAA GCG,2.784313787658741
ATG GTT CAG CGC GGC TCC AAA GTT CGT ATC CTG CGT CCG GAA TCT TAT TGG TTC CAG GAC GTT GGT ACC GTT GCG TCT GTT GAC CAG TCT GGC ATC AAA TAC ACC GTT ATC GTT CGC TTC GAA AAG GTG AAC TAC TCC GGT ATC CCG ACC AAC AAC TTC GCT GAA GAC GAA CTG GTT GAA GTT GAA GCG,1.4055276673891304
ATG GTT CAG CGT GGT TCT AAG GTG CGT ATC CTG CGT CCG GAA TCT TAT TGG TTC CAG GAC GTT GGT ACT GTT GCG TCT GTT GAC CAG TCT GGT ATC AAA TAC CCA GTG ATC GTG CGT TTC ATG CTG GTT AAC TAC TCC GGC ATT AAC ACC AAC AAC TTT GCG GAA GAC GAG CTG GTT GAA GTT GAA GCG,1.5126911813276591
ATG GTT CAG CGT GGT TCT AAA GTT CGT ATC CTG CGT CCG GAA TCT TAC TGG TTC CAG GAT GTT GGT ACC GTT GCG TCT GTT GAC CAG TCC GGT ATC AAG TAC GAA GTT ATC GTG CGC TTC GAA AAA GTG AAC TAC TCT GGT ATC ACC ACC AAC AAC TTC GCG GAA GAC GAA CTG GTT GAA GTT GAA GCG,0.9275505797023276
ATG GTT CAG CGT GGT TCT AAA GTG CGT ATC CTG CGT CCG GAA TCT TAC TGG TTC CAG GAC GTT GGT ACC GTT GCG TCT GTT GAC CAG TCT CAC ATC AAA TAC CCG GTT ATC GTT CGT TTC GAG AAG GTT AAC TAC TCT GGT ATC AAC ACC AAC AAC TTT GCG GAA GAC GAG CTG GTT GAA GTT GAA GCG,1.3720712072717751
ATG GTT CAG CGT GGT TCT AAA GTT CGT ATC CTG CGT CCG GAA TCT TAC TGG TTC CAG GAT GTT GGT ACC GTT GCG TCT GTT GAC CAG TCT GGC ATC AAA TAC CGC GTT ATC GTT CGT TTT GAG AAA GTG AAC TAT TCC GGT ATC AAC CTG AAC AAC TTC GCG GAA GAC GAA CTG GTT GAA GTT GAA GCG,1.64522386601907
ATG GTT CAG CGT GGT TCT AAA GTT CGT ATC CTG TCT CCG GAA TCT TAC TGG TTC CAG GAC GTT GGT ACC GTT GCG TCT GTT GAC CAG TCT GGC ATC AAA TAC CCG GTT ATC GTG CGT TTC GAG AAA GTG AAC TAC TCT GGT ATC AAC ACC AAC AAC TTC GCG GAA GAC TCT CTG GTT GAA GTT GAA GCG,-1.0260939005577625
ATG GTT CAG CGT GGC TCT AAA GTT CGT ATC CTG CGT CCG GAA TCT TAC TGG TTC CAG GAC GTT GGT ACC GTT GCG TCT GTT GAC CAG TCC GGT ATC AAA TAC CAC GTT ATC GTT CGC TTC GAA AAG GTT AAC TAC TCT GGC ATC AAC ATC AAT AAC TTC GCG GAA GAC GAA CTG GTT GAA GTT GAA GCG,1.4267890380370458
ATG GTT CAG CGC GGC TCT CAT GTG CGT ATC CTG CGT CCG GAA TCT TAC TGG TTC CAG GAC GTT GGT ACC GTT GCG TCT GTT GAT CAG TCT GGT ATC AAG TAC CCG GTT ATC GTG CGT TTC TGC AAA GTG AAC TAC TCT GGC ATC AAC ACC AAC AAC TTC GCG GAG GAC GAG CTG GTT GAA GTT GAA GCG,1.970515531824
ATG GTT CAG CGT GGT TCT AAA GTT CGT ATC CTG TGC CCG GAA TCT TAC TGG TTC CAG GAT GTT GGT ACC GTT GCG TCT GTT GAC CAG TCT GGC ATC AAA TAC CCG GTT ATC GTG CGT TTC GAG AAA GTG AAC TAC TCT GGT ATC AAC ACC AAC AAC TTC GCG GAA GAT CAG CTG GTT GAA GTT GAA GCG,0.978053425756782
ATG GTT CAG CGT GGT TCT AAA GTT CGT ATG CTG CGT CCG GAA TCT TAC AAC TTT CAG GAC GTT GGT ACC GTT GCG TCT GTT GAC CAG TCC GGT ATC AAA TAC CCG GTT ATC GTG CGC TTC GAA AAA GTG AAC TAC TCT GGT ATT AAC ACC AAC AAC TTC GCG GAG GAC GAG CTG GTT GAG GTT GAA GCG,-2.200326301866159
ATG GTT CAG CGT GGT TCT AAA GTT TTC ATC CTG CGT CCG GAA TCT TAC TGG TTC CAG GAC GTT GGT ACC GTT GCG TCT GTT GAC CAG TCT GGC ATC AAG TAC CCG GTT ATC GTT CGT TTC GAG AAA GTG AAC TAC TCC GGT ATC AAC ACC AAC AAC TTC GCT GAA GAC GAA CTG GTT GAA GTT GAG GCT,0.1025405313314852
ATG GTT CAG CGT GGC TCT AAA GTT CGT ATC CTG CGT CCG GAA TCT TAC TGG TTC CAG GAC GTT GGT ACC GTT GCG TCT GTT GTT CAG TGC GGC ATC AAA TAC CCG GTT ATC GTT CGT TTC GAG AAG GTT AAC TAC TCC GGT ATC AAC ACC AAC AAC TTC GCG GAA GAC GAA CTG GTT GAA GTT GAA GCG,1.0597582992315824
ATG GTT CAG CGT GGC TCT AAA GTT CGT ATC CTC CGT CCG GAG TCT TAC TGG TTC CAG GAC GTG GGT ACC GTT GCG TCC GTT GAC CAG TCC GGC ATT AAG TAC CCG GTT ATC GTT CGT TTC TGC CGC GTT AAC TAC TCT GGT ATC AAC ACC AAC AAT TTT GCG GAG GAC GAA CTG GTT GAA GTT GAA GCG,2.933279813946959
ATG GTT CAA CGC GGT TCT AAA GTT CGT ATC CTG CGT CCG GAA TCT TAC TGG TTC CAA GAC GTT GGT ACC GTT GCG TCT GTT GAC CAG TCC GGT ATC AAA TAC CCA GTG ATC GTT CGC TTC GAA AAA GTG AAC TAC TCT GGC ATC AAC ACC AAC AAT GCG GCT GAA GAC GAA CCG GTG GAA GTT GAA GCG,-1.753425605356341
ATG GTT CAG CGT GGT TCT AAA GTG CGT CAC CTG CGT CCG GAA TCT TAC ATC TTC CAG GAC GTT GGT ACC GTT GCG TCT GTT GAC CAG TCT GGC ATC AAA TAC CCG GTT ATC GTT CGT TTC GAG AAG GTT AAC TAC TCT GGT ATC AAC ACC AAC AAC TTC GCG GAA GAC GAA CTG GTT GAA GTT GAA GCG,-0.5215718609947184
ATG GTT CAG CGC GGT TCC AAA GTT CGT ATC CTG CGT CCG GAA TCT TAC TGG TTC CAG GAC GTT GGT ACC GTT GCG TCT GTT GAC CAG TCT GGC ATC AAA TAC GCG GTT ATC GTG CGT TTC GAG AAG GTT AAC TAC TCC GGT ATC AAC TAC AAC AAC TTC GCG GAA GAC GAA CTG GTT GAA GTT GAA GCG,2.006893469448234
ATG GTT CAG CGT GGT TCT AAA GTT CGT ATC CTG CGT CCG GAA TCT TAC TGG TTC CAA GAC GTT GGT ACC GTT GCG TCT GTT GAC CAG TCC GGT ATC AAA TAC CAC GTT ATC GTT CGC TTC GAG AAA GTG AAC TAC TCT GGT ATT AAC GGT AAC AAC TTC GCG GAA GAC GAA CTG GTT GAG GTT GAA GCG,1.1645341569233922
ATG GTT CAG CGT GGT TCT AAA GTT CGT ATC CTG CGT CCG GAA TCT TAC TGG TTT CAG GAC GTT GGT ACC GTT GCG TCT GTT GAC CAG TCT GGC ATC AAA TAC CCG GTT ATC GTT CGT TTC TTC CAG GTT AAC TAC TCC GGT ATC AAC ACC AAC AAC TTT GCG GAG GAC GAA CTG GTG GAA GTT GAA GCG,2.560244849244539
ATG GTT CAG CGT GGT TCT AAA GTT CGT ACC CTG CGT CCG GAA TCT TAC CAC TTC CAA GAC GTT GGT ACC GTT GCG TCT GTT GAC CAG TCT GGT ATT AAG TAC CCG GTT ATC GTT CGT TTC GAG AAG GTT AAC TAC TCC GGT ATC AAC ACC AAC AAC TTC GCG GAA GAC GAA CTG GTT GAA GTT GAA GCG,-0.9749248112564172
ATG GTT CAG CGC GGT TCT AAA GTT CGT ATC CTG CGT CCG GAA TCT TAC TGG TTC CAG GAC GTT GGT ACC GTT GCG TCT GTT GAC CAG TCT GGT ATC AAA TAC CAG GTG ATC GTT CGT TTC GAG AAG GTT AAC TAC TCT GGC ATC AAC ATG AAC AAC TTC GCG GAA GAC GAA CTG GTT GAA GTT GAA GCG,1.250474930702573
ATG GTT CAG CGT GGT TCT AAA GTG CGT ATC CTG CGT CCG GAA TCT TAC TGG TTC CAG GAC GTT GGT ACC GTT GCG TCT GTT GAC CAG TCC GGC ATC AAG TAC CCG GTT ATC GTT CGT TTC GAG AAG GTT AAC TAC TCC GGT ATC AAC ACC AAC AAC TTC GCG GGT GAC GAA CTG GTT GAA GTT GAA GCG,0.6123215309122455
ATG GTT CAG CGT GGT TCT AAA GTT CGT ATC CTG CGT CCG GAA TCT TAC TGG TTC CAG GAC GTT GGT ACC GTT GCG TCT GTT GTT CAG GGT GGC ATC AAA TAC CCG GTT ATT GTG CGT TTC GAG AAA GTG AAC TAC TCT GGT ATC AAC ACC AAC AAC TTC GCG GAA GAC GAG CTG GTT GAA GTT GAA GCG,1.326799564124062
ATG GTT CAG ATC GGT TCT AAA GTT CGT ATC CTG CGT CCA GAA TCT TAC TGG TTC CAG GAC GTT GGT ACC GTT GCG TCT GTT GAC CAG TCC GGT ATC AAG TAC CCG GTT ATC GTT CGT TTT GAA AAG GTT AAC TAC TCC GGC ATC AAC ACC AAC AAC TTC GCG GAA GAC GAA CTG GTT GAA GTT GAA GCG,3.083145383665016
ATG GTT CAA CGT GGT TCT AAA GTT CGT ATC CTG CGT CCA GAA TCT CCG TGG TTT CAG GAC GTT GGT ACC GTT GCG TCT GTT GAC CAG TCC GGT ATC AAA TAC CCG GTT ATC GTT CGT TTC GAG AAG GTT AAC TAC TCT GGC ATC AAC ACC AAC AAC TTT GCG GAA GAC GAA CTG GTT GAA GTT GAA GCG,0.6162317461234679
ATG GTT CAG CGT GGT TCT AAA GTT CGT ATC CTG CGT CCG GAA ACC TAC TGG TTC CAG GAC GTT GGT ACC GTT GCT TCT GTT GAC CAG TCT GGT ATC AAA TAC CCG GTT ATC GTG CGC TTC GAA AAG GTT AAC TAC TCC GGC ATC AAC ACC AAT AAC TTC GCG GAA GAC GAA CTG GTT GAA GTT GAA GCG,-0.0546997611600639
ATG GTT CAG CGT GGT TCT AAG GTT CGT ATC CTG CGT CCG GAA TCT TAC TGG TTC CAG GAC GTT GGT ACC GTG GCT TCC GTG GGC CAG ATG GGT ATC AAG TAC CCG GTT ATC GTT CGT TTC GAG AAG GTT AAC TAC TCT GGC ATC AAC ACC AAC AAC TTC GCG GAG GAT GAA CTG GTT GAA GTT GAA GCG,0.7962355695564411
ATG GTT CAG CGT GGC TCC ATG GTT CGT ATT CTG CGT CCG GAA TCT TAC TGG TTC CAG GAC GTT GGT CGT GTT GCG TCT GTT GAC CAG TCT GGT ATC AAA TAC CCG GTT ATC GTG CGC TTC GAA AAG GTT AAC TAC TCT GGC ATC AAC ACC AAC AAC TTC GCG GAA GAC GAA CTG GTT GAA GTT GAG GCT,0.9025695394067204
ATG GTT CAG CGT GGC TCT AAA GTG CGT ATT CTG CGT CCA GAA TCT TAC TGG TTC CAA GAC GTG GGT ACC GTT GCG TCT GTT GAT CAG TCT GGC ATC AAG TAC GAA GTG ATC GTG CGT TTC GAG AAA GTG AAC TAC TCC GGT ATC TGC ACC AAC AAC TTT GCG GAA GAC GAA CTG GTT GAA GTT GAA GCG,1.473218994128106
ATG GTT CAG CGT GGC TCT GAA GTT CGT ATC CTC CGT CCG GAA TCT TAC TGG TTC CAG GAC GTG GGT CAC GTT GCG TCC GTT GAC CAG TCT GGT ATC AAA TAC CCG GTT ATC GTT CGT TTT GAA AAA GTG AAC TAC TCC GGC ATC AAC ACC AAC AAC TTC GCG GAA GAC GAA CTG GTT GAA GTT GAA GCG,-1.018435435397314
ATG GTT CAG CGT GGT TCC AAA GTT CGT GAA CTG CGT CCG GAA TCT TAC AAA TTC CAG GAC GTT GGT ACC GTT GCG TCT GTT GAC CAG TCT GGT ATC AAA TAC CCG GTT ATC GTG CGC TTT GAA AAA GTT AAT TAC TCT GGC ATC AAC ACC AAC AAC TTC GCG GAA GAC GAA CTG GTT GAA GTT GAA GCG,-0.927102453042544
ATG GTT CAG CGT GGT TCC AAG GTT CGT ATC CTG CGT CCG GAA TCT TAC TGG TTT CAA GAC GTT GGT ACC GTT GCG TCT GTT GAC CAG TCC GGT ATT AAG TAC CCG GTT ATC GTT CGC TTC GAA AAA GTG AAC TAC TCT GGT ATC AAC ACC AAC AAC GAA GCG GAA GAC GAA GAG GTT GAA GTT GAA GCG,0.0406245643640747
ATG GTT CAG CGT GGT TCT AAA GTG CGT ATC CTG CGT CCG GAA TCT TAC TGG TTC CAG GAT GTT GGT ACC GTT GCG TCT GTT GAC CAG TCC GGC ATT AAG TAC CTG GTT ATC GTT CGT TTC GAG AAA GTG AAC TAC TCT GGC ATC AAC TGC AAC AAC TTC GCG GAA GAC GAA CTG GTT GAA GTT GAA GCG,2.687497615554155
ATG GTT CAG CGT GGT TCT AAA GTT CGT ATC CTG CGT CCG GAA TCT TAC TGG TTC CAG GAC GTT GGT ACC GTT GCG CAC GTT GAC CAG TCT GGT ATC AAA TAC CCG GTT ATC GTT CGT TTC GAG AAG GTG AAC TAC TCC GGT ATT AAC ACC AAC AAC TTC GCG GAA GAC GAA CTG GTT GAA GTT GAA GCG,2.5251658728653426
ATG GTT CAG CGT GGT TCT AAA GTT CGT ATC CTG CGT CCG GAA TCT TAC TGG TTC CAA GAC GTT GGT ACC GTT GCG TCT GTT CTC CAG ATG GGC ATC AAA TAC CCG GTT ATC GTT CGT TTC GAG AAG GTT AAC TAC TCC GGT ATC AAC ACC AAC AAC TTC GCG GAA GAC GAA CTG GTT GAA GTT GAA GCG,1.454695634919241
ATG GTT CAG CGT GGT TCT AAA GTT CGT GTT CTG CGT CCG GAA TCT TAC CTG TTT CAG GAC GTT GGT ACC GTT GCG TCT GTT GAC CAG TCT GGC ATC AAA TAC CCG GTT ATC GTT CGC TTC GAA AAA GTT AAT TAC TCC GGT ATC AAC ACC AAC AAC TTC GCG GAA GAC GAA CTG GTT GAA GTT GAA GCG,-0.4280283433517437
ATG GTT CAG CGT GGT TCC AAA GTT CGT ATT CTG CGT CCG GAA TCT TAC TGG TTT CAG GAC GTT GGT ACC GTT GCG TCT GTT GAC CAG TCT GGC ATC AAA TAC TCT GTG ATC GTT CGT TTC GAG AAG GTT AAC TAC TCT GGT ATC CGC ACC AAC AAT TTT GCG GAA GAC GAA CTG GTT GAA GTT GAA GCG,1.1210120607397007
ATG GTT CAG CGT GGT TCT AAA GTT CGT ATC CTG CGT CCG GAG TCT TAC TGG TTC CAA GAC GTT GGT ACC GTT GCG TCT GTT GAC CAG TCT GGC ATC AAA TAT CCG GTT ATC GTT CGT TTC GAG AAG GTT AAC TAC TCC GGT ATC AAC AAT AAC AAC TTC GCG GAA GAC GAG CTG GTT GAG GTT GAA GCG,0.0447009141652156
ATG GTT CAG CGC GGT TCT AAA GTT CGT ATC CTG CGT CCG GAA TCT TAT TGG TTC CAG GAC GTT GGT ACC GTT GCG TCT GTT GAC CAG TCC GGT ATT AAG TAC CCG GTG ATT GTG CGT TTC GAG AAG GTT AAC TAC TCT GGT ATC AAC ACC AAC AAC TGC GCG GAA GAC GAA GCG GTT GAA GTT GAA GCG,0.314475758949734
ATG GTT CAA CGT GGT TCC CAC GTT CGT ATC CTG CGT CCG GAA TCT TAC TGG TTT CAG GAC GTT GGT ACC GTT GCG TCT GTT GAC CAG TCT GGC ATC AAA TAC CCG GTT ATC GTT CGT TTC AAA AAG GTG AAC TAC TCC GGT ATC AAC ACC AAT AAC TTC GCG GAA GAC GAA CTG GTT GAA GTT GAA GCG,1.1663167345500352
ATG GTT CAG CGC GGT TCT TTC GTT CGT ATC CTG CGT CCG GAA TCT TAC TGG TTC CAG GAC GTT GGT ACC GTT GCT TCT GTT GAC CAG TCT GGT ATC AAG TAC CCG GTT ATC GTG CGT TTC ACC AAA GTG AAC TAC TCC GGC ATC AAC ACC AAC AAC TTC GCG GAA GAT GAA CTG GTT GAA GTG GAA GCG,1.481154472518757
ATG GTT CAG CGT GGT TCT AAA GTT CGT ATC CTG CGT CCG GAA TCT TAC CTG TTC CAG GAC GTT GGT ACC GTT GCG TCT GTT GAC CAG TCC GGT ATC AAA TAC CCG GTT ATC GTT CGC TTC GAA AAG GTT AAC TAC TCT GGC ATC AAC ACC AAC AAC TTC GCT GAA GAC GAA CTG GTT GAA GTT GAA GCG,-0.5200904762612188
ATG GTT CAG CGT GGC TCT AAA GTT CGT ATC CTG CGC CCA GAA TCT TAC TGG TTC CAG GAC GTT GGT ACC GTT GCG TCT GTT GAC CAG TCT GGT ATT AAG TAC CCG GTT ATC GTT CGT TTC GAC TAC GTT AAC TAC TCC GGT ATC AAC ACC AAC AAC TTC GCG GAA GAC GAA CTG GTT GAA GTG GAA GCG,1.2227539017411848
ATG GTT CAG CGT GGT TCT AAA GTT CGT ATC CTG CGT CCG GAA TCT TAC TGG TTC CAG GAC GTT GGC ACC GTT GCG TCT GTT GTT CAG TGG GGT ATT AAG TAC CCG GTT ATC GTT CGT TTC GAG AAA GTG AAC TAC TCC GGC ATC AAC ACC AAT AAC TTC GCG GAA GAC GAA CTG GTT GAA GTG GAA GCG,0.7480883943330938
ATG GTT CAG CGT GGT TCC GAA GTT CGT ATC CTG CGT CCG GAA TCT TAC TGG TTT CAG GAC GTT GGT ACC GTT GCG TCT GTT GAC CAG TCT GGC ATC AAA TAC CCG GTT ATC GTT CGT TTC TGG AAG GTT AAC TAC TCC GGT ATC AAC ACC AAC AAC TTC GCG GAA GAC GAA CTG GTT GAA GTT GAA GCG,1.2526859810789102
ATG GTT CAG CGC GGT TCC AAA GTT CGT ATC CTG CGT CCG GAA TCT TAC TGG TTT CAG GAC GTT GGT ACC GTT GCG TCT GTT GAC CAA TCT GGT ATC AAA TAC CCG GTT ATC GTG CGT TTC GAG AAG GTG AAT TAC TCT GGC ATC AAC ACC AAC AAC TCC GCT GAA GAT GAA AAA GTG GAA GTT GAA GCG,-0.5142928831892952
ATG GTT CAG CGC GGT TCC AAA GTT CGT ATC CTG GAC CCG GAA TCT TAC TGG TTC CAG GAC GTT GGC ACC GTT GCG TCT GTT GAC CAG TCT GGT ATC AAA TAC CCG GTT ATC GTT CGT TTC GAG AAA GTG AAC TAC TCT GGC ATC AAC ACC AAC AAC TTC GCG GAA GAC TCT CTG GTT GAA GTT GAA GCG,0.5072785102954374
ATG GTT CAG CGT GGT TCT TAC GTT CGT ATC CTG CGT CCG GAA TCC TAC TGG TTC CAG GAT GTT GGC GGT GTT GCG TCT GTT GAC CAA TCT GGC ATC AAA TAC CCG GTG ATC GTT CGT TTC GAG AAG GTG AAC TAC TCT GGT ATC AAC ACC AAC AAC TTC GCG GAA GAC GAG CTG GTT GAA GTT GAA GCG,-0.7900245336514731
ATG GTT CAG CGT GGT TCT AAA GTT CGT ATC CTG CGT CCG GAA TCT TAC TGG TTC CAG GAC GTT GGC ACC GTT GCG TCT GTT GAC CAG TCT GGT ATT AAG TAC CCG GTT ATC GTT CGT TTC TAC GAC GTT AAT TAC TCC GGT ATC AAC ACC AAC AAC TTC GCG GAA GAC GAA CTG GTT GAG GTT GAA GCG,0.752449330280226
ATG GTT CAG CGT GGT TCT AAA GTT CGT ATC CTG CAC CCG GAA TCT TAC TGG TTC CAG GAC GTT GGT ACC GTT GCT TCT GTT GAC CAG TCT GGT ATC AAA TAC CCG GTT ATC GTT CGC TTC GAG AAA GTT AAT TAC TCT GGC ATC AAC ACC AAC AAC TTC GCG GAA GAC AAC CTG GTT GAA GTT GAA GCG,-0.5422308599437802
ATG GTT CAG CGT GGT TCT AAG GTT CGT ATC CTG CGT CCG GAA TCT TAC TGG TTT CAG GAC GTT GGT ACC GTT GCG TCT GTT GAC CAG TCT GGC ATT AAG TAC CCG GTT ATC GTG CGT TTC GAG AAA GTG AAT TAC TCT GGT ATC AAC ACC AAC AAC GCG GCT GAA GAC GAA AAC GTT GAA GTT GAA GCG,-0.5100593876812609
ATG GTT CAG CGT GGT TCT AAA GTT CGT ATC CTG CGT CCG GAA TCT TAC TGG TTC CAG GAC GTT GGT ACC GTT GCT TCT GTT GAC CAG TCC GGC ATC AAA TAC CCG GTT ATC GTT CGT TTC GAA CTG GTG AAC TAC TCT GGT ATC AAC ACC AAC AAC TTC GCG GAA GAC GAG CTG GTT GAA GTT GAA GCG,0.7466845023954474
ATG GTT CAG CGT GGT TCT TAT GTT CGT ATC CTG CGT CCG GAG TCT TAC TGG TTC CAG GAT GTT GGT CCA GTT GCG TCT GTT GAC CAG TCT GGT ATC AAA TAC CCG GTT ATC GTT CGT TTC GAG AAG GTT AAC TAC TCT GGC ATC AAC ACC AAC AAC TTC GCG GAA GAC GAA CTG GTT GAA GTT GAA GCG,-0.5411230949567497
ATG GTT CAG CGC GGT TCT AAA GTG CGT ATC CTC CGT CCG GAA TCT TAC TGG TTC CAG GAC GTT GGT ACC GTT GCG TCT GTT GAC CAG TCT GGC ATC AAA TAC CCG GTT ATC GTT CGT TTC GAG AAG GTG AAC TAC TCT GGT ATC AAC ACC AAC AAC GCG GCT GAA GAC GAA TTT GTG GAA GTT GAA GCG,-0.1761055371903959
ATG GTT CAA CGT GGT TCC TGC GTG CGT ATT CTC CGT CCG GAA TCT TAC TGG TTC CAA GAC GTT GGT ACC GTT GCG TCT GTT GAC CAG TCT GGT ATC AAA TAC CCG GTT ATC GTT CGT TTC CCG AAA GTG AAC TAT TCT GGC ATC AAC ACC AAC AAC TTC GCG GAG GAT GAA CTG GTT GAA GTT GAA GCG,1.3797027489018423
ATG GTT CAG CGT GGT TCT AAA GTT CGT TAC CTG CGT CCG GAA TCT TAC AAA TTC CAG GAC GTT GGT ACC GTT GCG TCT GTT GAC CAG TCT GGT ATC AAA TAC CCG GTT ATC GTT CGT TTC GAG AAG GTG AAC TAC TCT GGC ATC AAC ACC AAC AAC TTT GCG GAA GAC GAA CTG GTT GAA GTT GAA GCG,-0.4249056513029383
ATG GTT CAG CGT GGT TCT AAA GTT CGT ATC CTG CGT CCG GAA TCT TAC TGG TTC CAG GAT GTT GGT ACC GTT GCG TCT GTT GAC CAG TCT GGT ATC AAG TAC ATG GTT ATC GTT CGC TTC GAA AAG GTT AAC TAC TCT GGC ATC AAC TAC AAC AAC TTC GCG GAA GAC GAA CTG GTT GAA GTT GAA GCG,2.19437562556415
ATG GTT CAG CGC GGT TCT CGT GTT CGT ATC CTC CGT CCG GAA TCT TAC TGG TTT CAG GAC GTT GGT ACC GTT GCG TCC GTT GAC CAG TCT GGC ATC AAA TAC CCA GTG ATC GTT CGT TTC GGC AAA GTG AAC TAC TCT GGT ATT AAC ACC AAC AAC TTC GCG GAA GAC GAA CTG GTT GAA GTT GAA GCG,1.136199889607821
ATG GTT CAG CGC GGC TCT AAA GTT CGT ATC CTG CGT CCG GAG TCT TAT TGG TTC CAG GAC GTT GGT ACC GTT GCG TCT GTT GAC CAG TCT GGT ATC AAA TAC CCG GTG ATC GTT CGT TTC GAG AAA GTG AAC TAC TCC GGC ATC AAC TGC AAC AAC TTC GCG GAA GAC GAG CTG GTT GAA GTT GAA GCG,3.0702623086603102
ATG GTT CAG CGT GGC TCC AAG GTT CGT ATC CTG CGT CCG GAA TCT TAT TGG TTT CAG GAC GTT GGT ACC GTG GCG TCT GTT GAC CAG TCC GGC ATC AAG TAT CCG GTG ATC GTT CGC TTC GAA AAG GTG AAC TAC TCT GGT ATC AAC ACC AAC AAC GAC GCG GAA GAC GAA AAA GTG GAA GTT GAA GCG,-0.2793242241528032
ATG GTT CAG CGC GGC TCC AAA GTT CGC ATT CTC CGT CCG GAA TCT TAC TGG TTC CAA GAC GTT GGC ACT GTG GCG TCT GTG GAC CAG TCC GGC ATC AAA TAC GAA GTG ATC GTT CGC TTC GAG AAG GTT AAC TAC TCC GGT ATC AAC AAA AAC AAC TTC GCG GAA GAC GAA CTG GTT GAA GTT GAA GCG,0.837035042310089
ATG GTT CAG CGT GGC TCT AAA GTG CGT ATC CTG CGT CCG GAA TCT TAC TGG TTC CAG GAC GTT GGT ACC GTT GCG TCT GTT AAC CAG ATC GGT ATC AAG TAT CCG GTT ATC GTG CGT TTT GAG AAA GTT AAT TAC TCT GGC ATC AAC ACC AAC AAC TTC GCG GAA GAT GAA CTG GTT GAA GTT GAA GCG,0.251025096308318
ATG GTT CAA CGT GGT TCC GAA GTT CGT ATC CTG CGT CCG GAA TCT TAC TGG TTC CAG GAT GTT GGT ACC GTT GCG TCT GTT GAC CAG TCT GGT ATC AAA TAT CCG GTG ATC GTG CGC TTC TAC AAA GTT AAT TAC TCT GGC ATC AAC ACC AAT AAC TTC GCG GAA GAC GAA CTG GTT GAA GTT GAA GCG,1.258130566066189
ATG GTT CAA CGT GGC TCT AAA GTT CGT ATC CTG CGT CCG GAA TCT TAC TGG TTC CAG GAC GTT GGT ACC GTT GCG TCT GTT GAC CAA TCT GGC ATC AAA TAC CTG GTT ATC GTG CGC TTC GAG AAA GTG AAC TAC TCC GGT ATC GTG ACC AAC AAC TTC GCT GAA GAC GAA CTG GTT GAA GTT GAA GCG,2.497286095757337
ATG GTT CAG CGT GGT TCT AAA GTT CGT ATC CTG CGT CCG GAA TCT TAC TGG TTC CAG GAC GTT GGC ACC GTT GCG TCT GTG GAC CAG TCC GGT ATC AAA TAC AAC GTT ATC GTG CGT TTC GAG AAA GTG AAC TAC TCC GGC ATC AAC CTG AAC AAC TTC GCG GAA GAC GAA CTG GTT GAA GTT GAA GCG,1.859941407108224
ATG GTT CAG CGT GGT TCT AAA GTT CGT ATC CTG AAA CCG GAA TCT TAC TGG TTC CAG GAC GTT GGT ACC GTT GCG TCT GTT GAC CAG TCT GGC ATC AAA TAC CCG GTG ATC GTT CGC TTC GAA AAA GTG AAC TAC TCC GGT ATC AAC ACC AAC AAC TTC GCG GAA GAC TCT CTG GTT GAA GTT GAA GCG,-0.8300589461900385
ATG GTT CAG CGT GGC TCT AAA GTT CGT ATC CTG CGT CCG GAA TCT TAT TGG TTC CAG GAC GTT GGT ACC GTT GCG TCT GTG GAC CAG TCT GGT ATC AAA TAC CCA GTG ATC GTG CGT TTC GAG AAG GTT AAC TAC TCT GGC ATC AAC ACC AAC AAC TGG GCG GAA GAC GAA TCT GTT GAA GTT GAA GCG,-0.0625533878961611
ATG GTT CAG CGT GGT TCT AAA GTT CGT ATC CTG CCG CCA GAA TCT TAC TGG TTC CAG GAC GTT GGT ACC GTT GCG TCT GTT GAC CAG TCT GGC ATC AAA TAC CCG GTT ATC GTT CGT TTT GAA AAA GTG AAC TAC TCC GGT ATC AAC ACC AAC AAC TTC GCG GAA GAC GGT CTG GTT GAA GTT GAA GCG,-1.84444952348532
ATG GTT CAG CGT GGT TCT AAA GTT CGT ATC CTG CGT CCG GAA GGT TAC TGG TTC CAG GAC GTT GGT ACC GTT GCT TCT GTT GAC CAG TCT GGT ATT AAG TAC CCG GTT ATC GTT CGT TTC GAG AAA GTG AAT TAC TCC GGT ATC AAC ACC AAC AAC TTC GCG GAA GAC GAA CTG GTT GAA GTT GAA GCG,-0.5763578847142241
ATG GTT CAG CGC GGT TCT AAA GTT CGT ATC CTG CGT CCG GAA TCT TAC TGG TTC CAG GAC GTT GGT ACC GTT GCG TCT GTT GAC CAG TCT GGC ATC CGT TAC CCG GTT ATT GTT CGT TTC GAG AAG GTT AAC TAC TCC GGT ATC AAC ACC AAC AAC TTC GCG GAA GAC GAA CTG GTT GAA GTT GAA GCG,2.024530814578802
ATG GTT CAG CGT GGT TCT AAA GTT CGT TTC CTG CGT CCG GAA TCT TAC ATC TTC CAG GAC GTT GGT ACC GTT GCG TCT GTT GAC CAG TCT GGC ATC AAA TAC CCG GTT ATC GTG CGT TTC GAG AAA GTG AAT TAC TCT GGT ATC AAC ACC AAC AAC TTC GCG GAA GAC GAA CTG GTT GAA GTT GAA GCG,0.1247770766329258
ATG GTT CAG CGT GGC TCT CCG GTT CGT ATC CTC CGT CCG GAA TCT TAC TGG TTC CAG GAC GTT GGT ACC GTT GCG TCT GTT GAC CAG TCT GGT ATC AAG TAC CCG GTT ATC GTT CGT TTC GGC AAA GTG AAC TAC TCC GGC ATC AAC ACC AAC AAC TTC GCG GAA GAC GAA CTG GTT GAG GTT GAA GCG,0.1718402484678691
ATG GTT CAG CGC GGT TCT AAA GTT CGT ATC CTG CGT CCA GAA TCT TAC TGG TTC CAG GAC GTT GGT ACC GTT GCG TCT GTT GTT CAG ACC GGC ATC AAA TAC CCA GTT ATC GTT CGT TTT GAG AAG GTG AAC TAC TCT GGT ATC AAC ACC AAC AAC TTC GCT GAA GAC GAA CTG GTT GAA GTT GAA GCG,1.1121578514748225
ATG GTT CAG CGC GGT TCT AAA GTT CGT ATC CTG CGT CCG GAA TCT TAC TGG TTC CAG GAC GTT GGT ACC GTT GCG TCT GTT CCG CAG CAC GGT ATC AAA TAC CCG GTT ATC GTT CGT TTC GAG AAA GTT AAT TAC TCC GGC ATC AAC ACC AAC AAC TTC GCG GAA GAT GAA CTG GTT GAA GTT GAA GCG,0.0933267507449371
ATG GTG CAG CGT GGC TCC AAA GTT CGT ATT CTG CGT CCA GAA TCT TAT TGG TTC CAG GAC GTT GGT ACC GTT GCG TCC GTT GAC CAG TCT GGC ATC AAG TAC CAC GTT ATC GTT CGT TTC GAG AAA GTG AAC TAC TCC GGT ATC ATG ACC AAC AAC TTC GCG GAA GAC GAA CTG GTT GAA GTT GAA GCG,1.2722413377258373
ATG GTT CAG CGC GGT TCT AAG GTT CGT ATT CTG CGT CCG GAG TCT TAC TGG TTC CAA GAC GTT GGC ACC GTT GCG TCT GTT GAC CAG TCT GGT ATC AAA TAC CCG GTT ATC GTT CGT TTC GAG AAA GTT AAT TAC TCC GGC ATC AAC ACC AAC AAC TTC GCG GAA GAC TGG CTG GTT GAA GTT GAG GCT,0.2036957864217968
ATG GTT CAG CGT GGT TCT AAA GTT CGT ATC CTG CGT CCG GAA TCT TAC TGG TTC GGT GAC GTG GGT ACC GTT GCG TCT GTT GAC CAG TCT GGT ATT AAG TAC CCG GTT ATC GTT CGT TTC GAG AAG GTT AAC TAC TCC GGT ATC AAC ACC AAC AAC TTC GCT GAA GAC GAA CTG GTT GAA GTT GAA GCG,2.6973183670544607
ATG GTT CAG CGT GGT TCT AAA GTT CGT ATC CTG CGT CCG GAA TCT TAC TGG TTC CAA GAC GTT GGT ACC GTT GCG TCT GTT GAC CAG TCC GGT ATC AAA TAC GAA GTT ATC GTG CGC TTT GAG AAA GTG AAC TAC TCT GGC ATT AAC ATC AAC AAC TTC GCG GAG GAT GAA CTG GTT GAA GTT GAA GCG,0.9168897815058352
ATG GTT CAG CGC GGT TCT AAA GTT CGT ATG CTG CGT CCG GAA TCT TAC CAC TTC CAA GAC GTT GGT ACC GTT GCG TCT GTT GAC CAG TCT GGC ATC AAA TAC CCG GTT ATC GTG CGT TTC GAG AAA GTG AAC TAC TCT GGT ATC AAC ACC AAC AAC TTC GCG GAA GAC GAA CTG GTT GAA GTT GAA GCG,-1.2639056558647153
ATG GTT CAG CGT GGT TCT AAA GTT CGT ATC CTG CGT CCG GAA TCT TAC TGG TTC CAA GAC GTT GGT ACC GTT GCG TCT GTT GAC CAG TCT GGT ATC AAA TAC TGG GTG ATC GTT CGT TTC GAG AAA GTG AAC TAT TCT GGC ATC ATG ACC AAC AAC TTC GCG GAA GAC GAA CTG GTT GAA GTT GAA GCG,2.5487627382542333
ATG GTT CAG CGT GGT TCT AAA GTT CGT ATC CTG CGT CCG GAA TCT TAC TGG TTT CAG GAC GTT GGT CGT GTT GCG TCT GTT GAC CAG TCT GGC ATC AAA TAC CCG GTT ATC GTT CGC TTC GAG AAA GTG AAC TAT TCT GGT ATC AAC ACC AAT AAC TTC GCG GAA GAC GAA CTG GTT GAA GTT GAA GCG,-0.1195478302656751
ATG GTT CAG CGC GGT TCT AAA GTT CGT ATC CTG GTT CCA GAA TCT TAC TGG TTT CAG GAC GTT GGT ACC GTT GCG TCT GTT GAC CAG TCT GGT ATC AAA TAC CCG GTT ATC GTG CGT TTC GAG AAA GTG AAC TAT TCT GGC ATC AAC ACC AAC AAC TTC GCG GAA GAC TCT CTG GTT GAA GTT GAA GCG,-0.4962368317507109
ATG GTG CAG CGT GGT TCT AAA GTT CGC ATC CTC CGT CCG GAA TCT TAC TGG TTT CAG GAC GTT GGT ACC GTT GCG TCT GTT GAC CAG TCC GGT ATC AAA TAC GAC GTT ATC GTT CGT TTC GAG AAG GTT AAC TAC TCC GGC ATC AAC GTT AAC AAC TTT GCT GAA GAC GAA CTC GTT GAA GTT GAA GCG,0.9234898367188402
ATG GTT CAG CGC GGC TCT AAA GTT CGT ATC CTG CGT CCG GAA TCT TAC TGG TTC CAA GAC GTT GGT ACC GTT GCG TCT GTT GAC CAG TCT GGC ATC AAA TAC CCG GTT ATC GTT CGC TTT GCG GAA GTT AAT TAC TCT GGT ATC AAC ACC AAC AAC TTC GCG GAA GAC GAG CTG GTT GAA GTT GAA GCG,0.9175622783469156
ATG GTT CAG CGT GGC TCC AAA GTT CGT ATC CTG CGT CCG GAA TCT TAC TGG TTT CAG GAC GTT GGT ACC GTT GCG TCT GTT GAC CAG TCT GGC ATC AAG TAC TCT GTG ATC GTT CGT TTC GAG AAA GTG AAC TAC TCT GGT ATC GAA ACC AAC AAT TTC GCG GAA GAC GAA CTG GTT GAA GTT GAA GCG,1.0317282474028255
ATG GTT CAG CGT GGC TCT AAA GTT CGT ATC CTG GAC CCG GAA TCT TAC TGG TTC CAG GAC GTT GGT ACC GTT GCG TCT GTT GAC CAG TCT GGT ATC AAG TAC CCG GTT ATC GTT CGT TTC GAG AAA GTG AAC TAC TCC GGC ATC AAC ACC AAC AAC TTC GCG GAA GAC GGT CTG GTT GAA GTT GAG GCT,-0.5454771350836158
ATG GTT CAG CGT AAA TCT AAA GTT CGT ATC CTG CGT CCG GAA TCT TAC TGG TTC CAG GAC GTT GGT ACC GTT GCG TCT GTT GAC CAG TCT GGT ATC AAA TAC CCG GTT ATC GTT CGT TTT GAA AAA GTG AAC TAC TCC GGC ATC AAC ACC AAC AAC TTC GCG GAA GAC GAA CTG GTT GAA GTT GAA GCG,-0.191728643038335
ATG GTT CAG CGC GGT TCT AAA GTT CGT ATC CTG CGT CCG GAA TCT TAC TGG TTC CAG GAC GTT GGT ACC GTT GCG TCT GTT GAC CAG TCT GGC ATC AAA TAC CCA GTT ATC GTT CGT TTC GAG AAG GTT AAC TAC CAC GGT ATC AAC ACC AAC AAC TTC GCG GAA GAC GAA CTG GTT GAA GTT GAG GCG,2.7924537363159203
ATG GTT CAG CGT GGT TCC CTG GTG CGT ATT CTG CGT CCG GAA TCT TAC TGG TTC CAG GAC GTT GGT AAC GTG GCG TCC GTT GAC CAG TCT GGT ATC AAA TAC CCG GTT ATC GTT CGT TTT GAA AAG GTG AAC TAC TCC GGC ATC AAC ACT AAC AAC TTC GCG GAG GAC GAA CTC GTT GAA GTT GAG GCT,0.0493648615852855
ATG GTT CAG CGC GGT TCC AAA GTT CGT ATC CTG CGT CCG GAA TCT TAC TGG TTC CAG ATC GTT GGT ACC GTT GCT TCC GTT GAC CAG TCT GGC ATC AAG TAC CCG GTT ATC GTT CGT TTC GAG AAA GTG AAC TAC TCC GGT ATC AAC ACC AAC AAC TTC GCG GAA GAC GAA CTG GTT GAA GTT GAA GCG,1.542872814814185
ATG GTT CAG CGT GGT TCT AAA GTT CGT ATC CTG CGT CCG GAA TCT TAC TGG TTC CAG GAC GTT GGT ACC GTT GCG TCT GTT GTT CAG GTG GGT ATC AAA TAC CCG GTT ATC GTT CGC TTC GAA AAA GTT AAT TAC TCT GGC ATC AAC ACC AAC AAC TTC GCG GAA GAC GAA CTG GTT GAA GTT GAA GCG,0.5545025890024791
ATG GTT CAG CGT GGT TCT AAA GTT CGT ATC CTG CGT CCG GAA TCT TAC TGG TTC CAG GAC GTT GGT AAA GTG GCG TCT GTT GAC CAG TCT GGT ATC AAA TAC CCG GTT ATC GTT CGT TTT GAG AAG GTT AAC TAC TCT GGC ATC AAC ACC AAC AAC TTC GCT GAA GAC GAA CTG GTT GAA GTT GAA GCG,0.2917031165775364
ATG GTT CAG CGT GGT TCT AAA GTT CGC TTC CTC CGT CCG GAA TCT TAC TTC TTC CAG GAC GTT GGT ACC GTT GCG TCT GTT GAC CAG TCT GGC ATT AAG TAC CCG GTT ATC GTT CGT TTC GAG AAG GTT AAC TAC TCC GGT ATC AAT ACC AAC AAC TTT GCG GAA GAC GAA CTG GTG GAA GTT GAA GCG,-0.020343872698311
ATG GTT CAG CGT GGT TCT AAA GTT CGT ATC CTG AAA CCG GAA TCT TAC TGG TTC CAG GAT GTT GGC ACT GTT GCG TCT GTG GAC CAG TCT GGT ATC AAG TAC CCG GTT ATC GTG CGT TTC GAG AAA GTG AAC TAC TCC GGC ATC AAC ACC AAC AAC TTC GCG GAA GAC ATG CTG GTT GAA GTT GAG GCG,-0.5176771797056743
ATG GTT CAG CGT GGT TCT AAA GTT CGT ATC CTC CGC CCA GAA TCT TAC TGG TTC CAG GAC GTT GGT ACC GTT GCG TCT GTT GAC CAG TCT GGC ATC AAA TAT CCG GTG ATC GTG CGT TTC GAG AAA GTG AAC TAC TCT GGT ATT AAC ACC AAC AAC GAA GCG GAA GAC GAA GTT GTT GAA GTT GAA GCG,-0.2205895250224078
ATG GTT CAG CGT GGC TCC AAA GTT CGT ATC CTG CGT CCA GAA TCC TAC TGG TTC CAG GAC GTT GGT ACC GTG GCG TCC GTT GAC CAG TCT GGT ATT AAG TAC CCG GTT ATC GTT CGT TTC GAG AAG GTT AAT TAC TCC GGT ATC AAC ACC AAC AAC GCG GCT GAA GAC GAA CTG GTT GAA GTT GAA GCG,-1.518310904260121
ATG GTT CAG CGC GGC TCT AAA GTT CGT ATT CTG CGT CCG GAA TCT TAC TGG TTT CAG GAC GTT GGT ACC GTT GCG TCT GTT GAC CAG TCT GGC ATC AAA TAC CCG GTT ATC GTT CGT TTC CCA CTC GTT AAC TAT TCT GGT ATC AAC ACC AAC AAC TTT GCG GAA GAC GAG CTG GTT GAA GTT GAA GCG,0.3228831686134286
ATG GTT CAG CGT GGT TCT AAA GTT CGT ATC CTG ATC CCG GAA TCT TAC TGG TTC CAA GAC GTT GGT ACC GTT GCG TCT GTT GAC CAG TCC GGC ATC AAA TAC CCG GTT ATC GTT CGT TTC GAG AAG GTT AAC TAC TCC GGT ATC AAC ACC AAT AAC TTC GCG GAA GAC CCG CTG GTT GAG GTT GAA GCG,-0.0382865371024132
ATG GTT CAG CGT GGT TCT AAA GTT CGT ATC CTG CGT CCG GAA TCT TAC TGG TTC CAG GAC GTT GGT ACC GTT GCG TCT GTT GAC CAG TCC GGT ATC AAG TAC CCG GTT ATC GTT CGT TTC TTC AAC GTG AAC TAC TCT GGT ATT AAC ACC AAC AAC TTC GCG GAA GAC GAA CTG GTT GAA GTT GAA GCG,1.1379612445811271
ATG GTT CAG CGT GGT TCC AAA GTT CGT ATC CTG TGC CCG GAA TCT TAC TGG TTT CAG GAC GTT GGT ACC GTT GCG TCT GTT GAC CAG TCT GGC ATC AAA TAC CCG GTT ATC GTG CGT TTC GAG AAG GTT AAC TAT TCT GGT ATC AAC ACC AAC AAC TTC GCG GAA GAT TAC CTG GTT GAA GTT GAG GCG,0.9577508541308004
ATG GTT CAG CGT GGT TCT AAA GTT CGT ATC CTG CGT CCG GAA TCT TAC TGG TTC CAG GAT GTT GGC ACC GTT GCG TCT GTT GAC CAG TCT GGC ATC AAA TAC CCG GTT ATC GTT CGC TTC GAG AAA GTG AAC TAC TCC GGT ATC AAC ACC AAC AAC TAT GCG GAA GAC GAA GAC GTT GAA GTT GAA GCG,-0.0712123494661858
ATG GTT CAG CGT GGT TCT AAA GTT CGT ATC CTG CGT CCG GAA TCT TAT TGG TTC CAG GAC GTT GGT ACC GTT GCG TCT GTT GAC CAG TCC GGC ATT AAG TAT CTG GTT ATC GTT CGT TTC GAG AAG GTT AAC TAC TCT GGC ATC AAC ATG AAC AAC TTC GCG GAA GAC GAA CTG GTT GAA GTT GAA GCG,2.245499249587244
ATG GTT CAG CGT GGT TCT GAA GTT CGT ATC CTG CGT CCG GAA TCT TAC TGG TTC CAG GAC GTT GGT CAG GTG GCG TCC GTT GAC CAG TCT GGT ATC AAA TAC CCG GTT ATC GTG CGT TTT GAA AAA GTG AAC TAC TCT GGC ATC AAC ACC AAC AAC TTC GCG GAA GAC GAA CTG GTT GAA GTT GAA GCG,-0.9824581080841022
ATG GTT CAG CGT GGC TCT AAA GTT CGC ATC CTG CGT CCG GAG TCT TAC TGG TTC CAG GAT GTT GGT ACC GTT GCG TCT GTT GAC CAG TCT GGT ATC AAA TAC TGC GTG ATC GTG CGC TTC GAA AAG GTT AAC TAC TCT GGC ATC GCG ACT AAC AAC TTC GCG GAG GAC GAA CTG GTT GAA GTT GAA GCG,1.7797030405290588
ATG GTT CAG CGT GGT TCT AAA GTT CGT ATC CTG CGT CCG GAA TCT TAT TGG TTC CAG GAC GTT GGT ACC GTT GCG TCT GTT GAC CAG TCC GGT ATC AAA TAC GTT GTT ATC GTT CGT TTC GAG AAG GTG AAC TAC TCT GGT ATC CAC ACC AAC AAC TTC GCG GAA GAC GAA CTG GTT GAA GTT GAA GCG,1.9511526729373192
ATG GTT CAG CGT GGT TCT AAA GTT CGT ATC CTG CGT CCG GAA TCT TAC TGG TTC CAA GAC GTT GGT ACC GTT GCG TCT GTT GAC CAG TCT GGC ATC AAA TAC CCG GTT ATC GTT CGT TTT GAA AAG GTT AAC TAC TCC GGT ATC AAC ACC AAC AAT TCT GCG GAG GAC GAA GAG GTT GAA GTT GAG GCT,-0.2925096486784043
ATG GTG CAA CGC GGT TCT AAA GTT CGT ATC CTG CGT CCG GAA TCT TAC TGG TTC CAG GAC GTT GGT ACC GTG GCG TCT GTG GGT CAG ATC GGC ATC AAA TAC CCG GTT ATC GTG CGT TTC GAG AAG GTT AAC TAC TCC GGT ATC AAC ACC AAT AAC TTC GCT GAA GAT GAG CTG GTT GAA GTT GAA GCG,0.4595491275520531
ATG GTT CAG CGC GGT TCT AAA GTG CGT ATC CTG CGT CCG GAA TCT TAC TGG TTC CAA GAC GTT GGT ACC GTG GCG TCT GTG GAC CAG TCC GGT ATC AAG TAC TAC GTT ATC GTT CGC TTT GAA AAG GTT AAC TAC TCT GGC ATC AAC AAT AAC AAC TTC GCG GAG GAC GAA CTG GTT GAA GTT GAA GCG,2.1611739333629574
ATG GTG CAG CGT GGT TCT AAA GTT CGT ATC CTG CGT CCG GAA TCT TAC TGG TTC CAG GAC GTT GGT ACC GTT GCG TCT GTT GAC CAG TCC GGC ATT AAG TAC GAA GTG ATC GTT CGT TTC GAG AAG GTT AAC TAC TCT GGC ATC AAC CGT AAC AAT TTC GCG GAG GAT GAA CTG GTT GAA GTT GAA GCG,0.7395795620921459
ATG GTG CAG CGT GGC TCT AAA GTT CGT ATC CTG CGT CCG GAA TCT TAC TGG TTC CAG GAC GTT GGC TCT GTT GCG TCT GTT GAC CAG TCT GGT ATC AAA TAC CCG GTT ATC GTT CGC TTC GAA AAG GTT AAC TAC TCT GGC ATC AAC ACC AAC AAC TTC GCT GAA GAC GAA CTG GTT GAA GTT GAA GCG,0.0112247832937856
ATG GTT CAG CGT GGT TCT AAA GTT CGT ATC CTG CGT CCG GAA TCT TAC TGG TTC CAG GAC GTT GGT ACC GTT GCG TCT GTT GAC CAG TCT GGT ATC AAA TAC CCG GTG ATC GTT CGT TTC CAC CCG GTT AAC TAC TCT GGC ATC AAC ACC AAC AAC TTC GCG GAA GAC GAA CTG GTT GAA GTT GAA GCG,0.1610266701220843
ATG GTT CAG CGT GGT TGG AAA GTT CGT ATC CTG CGT CCG GAA TCT TAC TGG TTC CAG GAC GTT GGT ACC GTT GCG TCT GTT GAC CAA TCT GGC ATC AAA TAC CCG GTT ATC GTT CGC TTC GAG AAA GTG AAC TAC TCC GGT ATC AAC ACC AAC AAC TTC GCT GAA GAC GAA CTG GTT GAA GTT GAA GCG,1.1185077603579223
ATG GTT CAG CGT GGT TCT GAC GTT CGT ATC CTG CGT CCG GAA TCT TAC TGG TTC CAA GAC GTT GGT CCG GTT GCG TCT GTT GAC CAG TCT GGC ATC AAA TAC CCG GTT ATC GTT CGT TTC GAG AAG GTG AAC TAC TCT GGT ATC AAC ACC AAC AAC TTC GCG GAA GAC GAA CTG GTT GAA GTT GAA GCG,-1.5606167633382322
ATG GTT CAG CGT GGT TCT AAA GTT CAC ATC CTG CGT CCG GAA TCT TAC TGG TTC CAG GAC GTT GGT ACC GTT GCT TCT GTT GAC CAG TCT GGC ATC AAA TAC CCG GTT ATC GTT CGT TTC GAG AAG GTG AAC TAC TCC GGT ATC AAC ACC AAC AAC TTC GCG GAA GAC GAA CTG GTT GAA GTT GAG GCT,-0.0622163132718186
ATG GTT CAG CGT GGT TCT AAA GTT CGT ATC CTG GGT CCG GAA TCC TAC TGG TTC CAG GAC GTT GGT ACC GTT GCG TCT GTT GAC CAG TCT GGC ATT AAG TAC CCG GTT ATC GTT CGT TTT GAG AAG GTT AAC TAC TCT GGT ATC AAC ACC AAC AAC TTC GCG GAA GAC ATC CTG GTT GAA GTT GAA GCG,-0.4456251103378766
ATG GTT CAG CGT GGT TCT AAA GTT CGT ATC CTG CGT CCG GAG TCT TAC TGG TTC CAA GAC GTT GGT ACC GTT GCG TCT GTT GAC CAG TCC GGT ATC AAG TAC CCG GTG ATT GTT CGT TTC GAG AAA GTG AAC TAC TCT GGC ATC AAT ACC AAC AAC CAT GCG GAA GAT GAA CTG GTT GAA GTT GAA GCG,-1.0914522263441833
ATG GTT CAG CGT GGT TCT AAA GTT CGT ATC CTC CGC CCA GAA TCC TAC TGG TTC CAG GAC CTG GGC ACC GTT GCT TCT GTT GAC CAG TCT GGT ATC AAA TAC CCG GTT ATC GTG CGT TTC GAG AAA GTT AAT TAC TCC GGC ATC AAC ACC AAC AAC TTC GCT GAA GAC GAG CTG GTT GAA GTT GAG GCT,1.3415465413221337
ATG GTT CAG CGT GGC TCT AAA GTT CGT ATC CTG CGT CCG GAA TCT TAC TGG TTC CAG GAC GTT GGT ACC GTT GCT TCT GTT GAC CAG GTT GGT ATT AAG TAC CCG GTT ATC GTT CGT TTC GAG AAA GTG AAC TAC TCC GGT ATC AAC ACC AAC AAC TTC GCG GAA GAC GAA CTG GTT GAA GTT GAA GCG,0.0284016350466019
ATG GTT CAG CGT GGT TCT AAA GTT CGT ATC CTG CGT CCG GAA TCT TAC TGG TTC CAG GAT GTT GGT ACC GTT GCG TCT GTT CCG CAG TAC GGT ATC AAA TAC CCG GTT ATC GTT CGT TTC GAG AAG GTT AAC TAC TCT GGC ATC AAC ACC AAC AAC TTC GCG GAA GAC GAA CTG GTT GAA GTT GAA GCG,0.4028882730437871
ATG GTT CAG CGT GGT TCT AAA GTT CGT ATC CTG CGT CCG GAA TCT TAC TGG TTC CAG GAC GTT GGT ACC GTT GCG TCT TTC GAC CAG TCT GGT ATC AAA TAC CCG GTG ATC GTT CGC TTC GAA AAA GTG AAC TAC TCT GGC ATC AAC ACC AAC AAC TTC GCG GAA GAC GAA CTG GTT GAA GTT GAA GCG,1.5849950069805825
ATG GTT CAG CGT GGT TCT AAA GTT CGT ATC CTG CGT CCG GAA TCT TAC TGG TTC CAG GAC GTT GGC ACC GTT GCG TCT GTT GAC CAG TCC GGT ATC AAA TAC TTC GTT ATC GTT CGC TTC GAA AAA GTG AAC TAC TCC GGC ATC AAC ATG AAC AAC TTC GCG GAA GAC GAA CTG GTT GAA GTT GAA GCG,2.221812630736848
ATG GTT CAG CGC GGT TCC AAA GTG CGT TGG CTC CGT CCG GAA TCT TAC ATC TTC CAG GAC GTT GGT ACC GTT GCG TCT GTT GAC CAG TCT GGT ATC AAA TAC CCG GTT ATC GTT CGT TTC GAG AAG GTT AAC TAC TCC GGC ATC AAC ACC AAC AAC TTC GCG GAA GAC GAA CTG GTT GAG GTT GAA GCG,0.2837462921595006
ATG GTT CAG CGT GGT TCT AAA GTT CGT TAC CTG CGT CCG GAA TCT TAC GGT TTC CAG GAC GTT GGT ACC GTT GCG TCT GTT GAC CAG TCC GGT ATT AAG TAC CCG GTG ATC GTG CGC TTC GAA AAA GTT AAT TAC TCT GGT ATC AAC ACC AAC AAC TTC GCG GAA GAC GAA CTG GTT GAA GTT GAA GCG,-1.0217213505749507
ATG GTT CAG CGT GGT TCT AAA GTT CGT ATC CTG CGT CCG GAA TCT TAC TGG CGT CAG GAC GTT GGT ACC GTT GCG TCT GTT GAC CAG TCT GGC ATC AAA TAC CCG GTT ATC GTT CGC TTC GAG AAG GTT AAC TAC TCC GGT ATC AAC ACC AAC AAC TTC GCT GAA GAC GAG CTG GTT GAA GTT GAA GCG,-0.8242350173439563
ATG GTT CAG CGT GGT TCT ACC GTT CGT ATC CTG CGT CCG GAA TCT TAC TGG TTC CAG GAC GTT GGT GAG GTT GCT TCT GTT GAC CAG TCT GGT ATC AAA TAC CCG GTG ATC GTG CGC TTC GAA AAA GTG AAC TAC TCT GGC ATC AAC ACC AAC AAC TTC GCG GAA GAC GAA CTG GTT GAA GTG GAA GCG,0.2230104387189084
ATG GTT CAG CGT GGT TCC GCG GTT CGT ATC CTG CGT CCG GAA TCT TAC TGG TTC CAG GAT GTT GGT CTG GTT GCG TCT GTT GAC CAG TCT GGC ATC AAG TAC CCG GTG ATT GTG CGT TTT GAG AAG GTG AAC TAT TCT GGT ATC AAC ACC AAC AAC TTC GCG GAA GAC GAA CTG GTT GAA GTT GAA GCG,0.2128215716245454
ATG GTT CAG CGT GGT TCT AAA GTT CGC AAA CTG CGT CCG GAA TCT TAC TGG TTT CAG GAC GTT GGT ACC GTT GCG TCT GTT GAC CAG TCT GGT ATC AAA TAC CCG GTT ATC GTT CGT TTC GAG AAG GTT AAC TAT TCC GGC ATC AAC ACC AAC AAC TTT GCG GAA GAC GAA CTG GTT GAA GTT GAA GCG,-0.4853895750090938
ATG GTT CAG CGT GGC TCC AAA GTT CGT ATC CTG CGT CCG GAA TCT TAC TGG TTT CAG GAC GTT GGT ACC GTT GCG TCT GTT GAC CAG TCT GGT ATT AAG TAC CCG GTT ATC GTT CGT TTC GAC AAC GTT AAC TAC TCC GGT ATC AAC ACC AAC AAC TTC GCG GAA GAC GAA CTG GTT GAA GTT GAA GCG,1.5480181501741277
ATG GTT CAG CGT GGT TCT AAA GTT CGT ATC CTG CGT CCG GAA TCT TAC TGG TTT CAG GAC GTT GGT ACC GTT GCG TCT GTT GAC CAG TCT GGT ATC AAA TAC ACC GTG ATC GTT CGT TTC GAG AAA GTG AAC TAC TCC GGT ATC CTC ACC AAC AAC TTC GCG GAA GAC GAA CTG GTT GAA GTT GAA GCG,2.022019179911971
ATG GTT CAG CGT GGC TCT AAA GTT CGT ATC CTG TTC CCG GAA TCT TAC TGG TTC CAA GAC GTT GGT ACC GTT GCG TCT GTT GAC CAG TCC GGC ATT AAG TAC CCG GTT ATC GTT CGT TTC GAG AAG GTT AAC TAC TCT GGC ATC AAC ACC AAT AAC TTC GCG GAA GAC AAC CTC GTT GAG GTG GAA GCG,0.0368842351766167
ATG GTG CAG CGT GGT TCT ATG GTT CGT ATC CTG CGT CCG GAA TCT TAC TGG TTC CAG GAC GTT GGT ACC GTT GCG TCT GTT GAC CAG TCC GGT ATC AAA TAC CCG GTT ATC GTG CGT TTC TCC AAA GTG AAT TAC TCT GGC ATC AAC ACC AAC AAC TTC GCG GAA GAT GAA CTG GTT GAA GTG GAA GCG,1.4537336985046032
ATG GTT CAG CGT GGT TCT GGT GTT CGT ATC CTG CGT CCG GAA TCT TAC TGG TTT CAG GAC GTT GGT ACC GTT GCG TCT GTT GAC CAG TCT GGT ATC AAA TAC CCG GTT ATC GTT CGC TTC TTC AAA GTG AAC TAC TCC GGC ATC AAC ACC AAC AAT TTT GCG GAA GAC GAA CTG GTT GAA GTT GAA GCG,1.2979207992120982
ATG GTT CAG CGT GGT TCT AAA GTT CGT ATC CTG CGT CCG GAA TCT TAC TGG TTC CAG GAC GTG GGC ACT CCA GCT TCT GTT GAC CAG TCT GGC ATC AAA TAC CCG GTG ATC GTT CGT TTT GAA AAG GTT AAC TAC TCC GGT ATC AAC ACC AAC AAC TTC GCG GAA GAC GAA CTG GTT GAA GTT GAA GCG,-0.6622525176976488
ATG GTT CAG CGT GGT TCT AAA GTT CGT ATC CTG CGT CCG GAA TCT TAC TGG TTC CAA GAC GTT GGT ACC GTT GCG TCT GTT GAC CAG TCT GGC ATC AAA TAC GTT GTT ATC GTT CGC TTC GAA AAA GTG AAC TAC TCT GGT ATC AAC GCG AAC AAC TTC GCG GAA GAC GAA CTG GTT GAA GTG GAA GCG,2.041378758843811
ATG GTT CAG CGC GGC TCT AAA GTT CGT ATC CTG CGT CCG GAA TCT TAC TGG TTC CAG GAT GTT GGT ACC GTT GCG TCT GTT GAC CAG TCT GGT ATC AAA TAC CGC GTT ATC GTG CGT TTC GAG AAG GTG AAC TAC TCT GGC ATC AAC TCT AAC AAC TTC GCG GAA GAC GAA CTG GTT GAA GTT GAA GCG,1.5095842337243102
ATG GTT CAG CGT GGT TCT AAA GTT CGT ATC CTG CGT CCG GAA TCT TAC TGG TTC CAG GAC GTT GGT ACC GTT GCT TCT GTT GAC CAG TCT GGT ATC AAA TAC CCG GTT ATC GTG CGT TTC GAA TGC GTT AAC TAC TCT GGC ATC AAC ACC AAC AAC TTC GCG GAA GAT GAA CTG GTT GAA GTT GAA GCG,2.155172329089556
CAC GTT CAG CGT GGT TCT AAA GTT CGT ATC CTG CGC CCA GAA TCT TAC TGG TTC CAG GAC GTT GGT ACC GTT GCG TCC GTT GAC CAG TCT GGC ATC AAA TAC CCG GTT ATC GTT CGC TTC GAA AAG GTG AAC TAC TCT GGT ATC AAC ACC AAC AAC TTC GCG GAA GAC GAA CTG GTT GAA GTT GAA GCG,2.579947861447809
ATG GTT CAG CGT GGC TCT AAA GTT CGT ATC CTG CGT CCG GAA TCT TAC TGG TTC CAG GAC GTT GGT ACC GTT GCG TCT GTT GAC CAG TCT GGT ATC AAG TAC CCG GTT ATC GTT CGT TTC GAG AAG GTT AAC TAC TCT GGC ATC AAC ACC AAC AAC TTC GCG GAA GAC GAA CTG GTT GAA GTT GAA TTC,1.81733509633676
ATG GTT CAG CGT GGT TCT AAA GTT CGT ATC CTG CGT CCG GAA TCT TAC TGG TTC CAG GAC GTT GGT ACC GTT GCG TCT GTT TCT CAG TAC GGT ATC AAA TAC CCG GTT ATC GTT CGT TTC GAG AAG GTT AAC TAC TCT GGC ATC AAC ACC AAC AAC TTC GCG GAA GAC GAA CTG GTT GAA GTT GAA GCG,0.798167028654849
ATG GTT CAG CGT GGC TCC GAC GTG CGT ATC CTC CGT CCA GAA TCT TAC TGG TTT CAG GAC GTT GGT ACC GTG GCG TCT GTT GAC CAG TCC GGT ATC AAG TAC CCG GTT ATT GTT CGT TTC ACC AAA GTG AAC TAC TCC GGC ATC AAC ACC AAC AAC TTC GCG GAA GAC GAA CTG GTT GAA GTT GAA GCG,-0.1313603722303301
ATG GTT CAG CGT GGT TCT AAA GTT CGT ATC CTG CGT CCG GAA TCT TAC TGG TTC CAG GAC GTT GGC ACC GTT GCG TCT GTT CGT CAG AAC GGT ATT AAG TAC CCG GTT ATC GTT CGT TTT GAG AAA GTG AAT TAC TCC GGT ATC AAC ACC AAC AAC TTC GCG GAA GAC GAG CTG GTT GAA GTT GAA GCG,0.5448833705094493
ATG GTT CAG CGT GGT TCT AAA GTT CGT ATC CTG CGT CCG GAA TCT TAC TGG TTT CAG GAC GTT GGT ACC GTT GCG TCT GTT GAC CAG TCT GGC ATC AAA TAC CCG GTT ATC GTT CGT TTC TAC CGT GTT AAC TAC TCC GGT ATC AAC ACC AAC AAC TTC GCT GAG GAC GAA CTG GTT GAG GTT GAA GCG,1.5490448423818988
ATG GTT CAG CGC GGC TCT AAA GTT CGT ATT CTG CGT TGC GAA TCT TAC TGG TTC CAG GAC GTT GGT ACT GTT GCG TCT GTT GAC CAG TCT GGC ATC AAA TAC CCG GTG ATC GTT CGT TTT GAG AAA GTG AAC TAC TCC GGT ATC AAC ACC AAC AAC TTC GCG GAA GAC GAA CTG GTT GAA GTT GAA GCG,1.6012900016390852
ATG GTT CAG CGT GGC TCT AAA GTT CGT ATC CTG CGT CCG GAA TCT TAC TGG TTC CAG GAC GTT GGT ACC GTT GCT TCT GTT GAT CAG TCC GGC ATT AAG TAC CCG GTT ATC GTT CGT TTT GAG AAG AAA AAC TAC TCT GGC ATC AAC ACC AAC AAC TTC GCG GAA GAC GAA CTG GTT GAA GTT GAA GCG,2.3891587775654504
ATG GTT CAA CGC GGT TCT AAA GTT CGC CAC CTG CGT CCG GAA TCT TAC GGT TTC CAG GAC GTT GGT ACC GTT GCG TCT GTT GAC CAG TCT GGC ATC AAA TAC CCG GTT ATC GTG CGT TTT GAA AAA GTG AAC TAC TCC GGT ATC AAC ACC AAC AAC TTC GCG GAA GAC GAA CTG GTT GAA GTT GAA GCG,-1.754356945126545
ATG GTT CAG CGT GGT TCT AAA GTT CGT ATC CTG CGT CCG GAA TCT TAC TGG TTT CAG GAC GTT GGT ACC GTT GCG TCT GTT GAC CAG TCT GGC ATC AAA TAC CCG GTT ATC GTT CGT TTT GAA AAG GTG AAC TAC TCC GGT ATC AAC ACC AAC AAC TTC GCG GAA GAC GAA CTG GTT GAA GTT GAA TGT,2.1986295352186764
ATG GTT CAG CGT GGT TCT AAA GTT CGT ATC CTG CGT CCG GAA TCT TAC TGG TTC CAG GAC GTT GGT ACC GTT GCG TCT GTT AAA CAG ATG GGC ATC AAG TAT CCG GTT ATC GTG CGC TTC GAA AAA GTG AAC TAC TCT GGT ATT AAC ACC AAC AAC TTC GCG GAA GAT GAA CTG GTT GAA GTG GAA GCG,0.0638908849960737
ATG GTT CAG CGT GGT TCT AAA GTT CGT ATC CTG CGT CCG GAA TCT TAC TGG TTC CAG GAC GTT GGT ACC GTT GCG TCT GTT GAC CAA TCT GGC ATC AAA TAC CCG GTT ATC GGC CGT TTC GAG AAA GTT AAT TAC TCT GGT ATC AAC ACC AAC AAC TTC GCG GAA GAC GAG CTG GTT GAA GTT GAA GCG,-4.763366973920897
ATG GTT CAG CGC GGT TCT AAA GTT CGT ATC CTG CGT CCG GAA TCT TAC TGG TTC CAG GAC GTT GGT ACC GTT GCG TCT GTT GAC CAG TCT GGT ATC AAA TAT CCG GTT ATC GTT CGC TTC CTC TTC GTT AAC TAC TCT GGC ATC AAC ACC AAC AAC TTT GCG GAA GAT GAA CTC GTT GAA GTT GAA GCG,2.9699917742577293
ATG GTG CAA CGT GGT TCT ATG GTT CGT ATC CTG CGT CCG GAA TCT TAT TGG TTC CAG GAC GTT GGT ACC GTT GCG TCT GTT GAC CAG TCC GGT ATC AAG TAC CCG GTT ATC GTG CGT TTC CTG AAA GTG AAC TAC TCT GGC ATC AAC ACC AAC AAC TTC GCT GAA GAC GAA CTG GTT GAA GTT GAA GCG,1.3906244721082408
ATG GTT CAG CGT GGT TCT AAA GTT CGT ATC CTG CGT CCG GAA TCT TAC TGG TTC CAG GAC GTT GGT ACC GTT GCT TCT GTT GAC CAG TCT GGC ATC AAA TAC CCG GTT ATC GTT CGT TTC GAG AAG GTT AAC TAC TCT GGT ATC CCG ACC AAC AAC TTC GCG GAA GAC GAA CTG GTT GAA GTT GAA GCG,-0.2673079193254127
ATG GTT CAG CGT CAC TCT AAA GTT CGT ATC CTG CGT CCG GAA TCT TAC TGG TTC CAG GAC GTT GGT ACC GTT GCG TCT GTT GAC CAG TCC GGT ATC AAG TAC CCA GTG ATC GTT CGT TTC GAG AAA GTG AAC TAC TCC GGC ATC AAT ACC AAC AAC TTC GCG GAA GAC GAA CTG GTT GAA GTT GAA GCG,-0.0553166046472945
ATG GTT CAG CGT GGT TCT GCG GTT CGT ATC CTG CGT CCG GAA TCT TAC TGG TTC CAA GAC GTT GGT CGT GTT GCG TCT GTT GAC CAG TCC GGC ATC AAA TAC CCG GTT ATC GTT CGT TTC GAG AAG GTT AAC TAC TCT GGC ATT AAC ACC AAC AAC TTC GCG GAA GAC GAA CTG GTT GAA GTT GAA GCG,-0.0946371681100067
ATG GTT CAA CGT GGT TCC AAA GTT CGT ATC CTG CGT CCG GAA TCT TAC TGG TTT CAG GAC GTT GGT ACC GTT GCG TCT GTT GAC CAG TCT GGT ATC AAG TAC CCG GTG ATC GTT CGT TTT GAA AAA GTG AAC TAC TCT GGC ATC AAC ACC AAC AAC CTG GCT GAA GAC GAG AAG GTT GAG GTG GAA GCG,-1.593244926244462
ATG GTT CAG CGT GGT TCT AAA GTT CGT ATC CTG CGT CCG GAA TCT TAC TGG TTT CAG GAC GTT GGT ACC GTT GCG TCT GTT GCG CAG TGC GGT ATC AAG TAT CCG GTT ATC GTG CGC TTC GAG AAG GTT AAC TAC TCT GGC ATC AAC ACC AAC AAC TTT GCG GAA GAT GAA CTG GTT GAA GTT GAG GCG,0.9240773488704868
ATG GTT CAG CGC GGT TCT AAA GTT CGT ATC CTG CGT CCG GAA TCT TAC TGG TTC CAG GAC GTT GGT ACC GTT GCT TCT GTT TGG CAG CGT GGT ATT AAG TAC CCG GTT ATC GTT CGC TTC GAA AAG GTT AAC TAC TCC GGT ATC AAC ACC AAC AAC TTC GCG GAA GAC GAA CTG GTT GAA GTT GAG GCG,-0.5441877449480732
ATG GTT CAG CGT GGT TCT AAA GTT CGT ATC CTG CGT CCG GAA TCT TAC TGG TTT CAG GAC GTT GGT ACC GTT GCG TCT GTT CCG CAG AAC GGC ATC AAA TAC CCG GTT ATC GTG CGT TTC GAG AAG GTT AAT TAC TCT GGT ATC AAC ACC AAC AAC TTC GCG GAA GAC GAA CTG GTT GAA GTT GAG GCG,-0.0069629509962177
ATG GTT CAG CGT GGT TCT AAA GTT CGT ATC CTG CGT CCG GAA TCT TAC TGG TTC CAG GAC GTT GGT ACC GTT GCG TCT GTT GAC CAG TCT GGT ATC AAA TAC CCG GTT ATC GTT CGT TTC GAG AAG GTG AAT TAC TCT GGC ATC AAC ACC AAC AAC TTC GCT AAC GAC GAA CTG GTT GAA GTT GAA GCG,1.5795891396014854
ATG GTT CAG CGT GGT TCT AAA GTT CGT ATC CTG CGT CCG GAA TCT TAC TGG TTC CAG GAC GTT GGT ACC GTG GCG TCT GTT GAC CAG TCT GGT ATC AAA TAC CCG GTT ATC GTG CGT TTT GAG AAA GTT AAT TAC TCC GGC ATC AAC ACC AAC AAT TTC GCG GAG GAC AAA CTG GTT GAA GTG GAA GCG,-0.3364213400703608
ATG GTT CAG CGT GGT TCT AAA GTT CGT ATC CTG CGT CCG GAA TCT TAC TGG TTC CAG GAC GTT GGT ACC GTT GCT TCC GTT GAC CAG TCT GGC ATC AAA TAC CCG GTT ATC GTT CGT TTC CTG ACC GTG AAC TAT TCT GGT ATC AAC ACC AAC AAC TTC GCG GAG GAC GAA CTG GTT GAA GTT GAG GCG,2.327112851603614
ATG GTT CAG CGC GGC TCT AAA GTT CGT ATC CTG CGT CCG GAA TCT TAC TGG TTC CAG GAT GTT GGT ACC GTT GCG TCT GTT GAC CAG TCT GGT ATC AAA TAC CCG GTG ATC GTT CGC TTC GAA AAA GTG AAC TAC TCT GGC ATC AAC ACC AAC AAC TAC GCG GAG GAC GAA CGT GTT GAA GTT GAA GCG,-0.3156173125386503
ATG GTT CAG CGT GGT TCC AAA GTT CGT ATC CTG CGT CCG GAA TCT TAC TGG TTT CAG GAC GTT GGT ACC GTT GCG TCT GTT GAC CAG TCT GGC ATC AAA TAC AAA GTT ATC GTT CGC TTC GAG AAA GTG AAC TAC TCT GGT ATC AAC AAA AAC AAC TTC GCG GAA GAC GAA CTG GTT GAA GTT GAA GCG,0.8973385412317063
ATG GTT CAG CGT GGT TCT TCT GTT CGT ATC CTG CGT CCG GAA TCT TAC TGG TTC CAG GAC GTT GGT ACT GTT GCG TCT GTT GAC CAG TCC GGT ATC AAA TAC CCG GTT ATC GTT CGC TTC CAC AAA GTG AAC TAC TCT GGC ATC AAC ACC AAC AAC TTC GCG GAA GAC GAA CTG GTG GAA GTT GAG GCT,0.7103250012491105
ATG GTT CAG CGT GGT TCT AAA GTT CGT ATC CTG CGT CCG GAA TCT TAC TGG TTC CAG GAT GTT GGT ACC GTT GCG TCT GTT TGC CAG TGC GGC ATC AAA TAC CCG GTT ATC GTG CGC TTC GAA AAG GTT AAC TAC TCT GGT ATC AAC ACC AAC AAC TTC GCG GAA GAC GAA CTG GTT GAA GTT GAG GCG,2.430537536831755
ATG GTT CAG CGC GGC TCC AAA GTT CGT ATC CTG CGT CCG GAA TCT TAC TGG TTC CAA GAC GTT GGT ACC GTT GCG TCT GTT GAC CAG TCT GGC ATC AAA TAC AAA GTT ATC GTT CGT TTC GAG AAG GTT AAC TAC TCC GGC ATC GAC ACC AAC AAC TTC GCG GAA GAT GAA CTG GTT GAA GTT GAG GCG,1.6707718900919932
ATG GTT CAA CGC GGT TCC AAA GTT CGT ATC CTG CGT CCG GAA TCT TAC TGG TTT CAG GAC GTT GGT ACC GTT GCG TCT GTT GAC CAG TCT GGT ATC AAA TAC GAA GTG ATC GTT CGT TTC GAG AAG GTT AAC TAC TCT GGC ATC ATC ACC AAC AAC TTC GCG GAA GAC GAA CTG GTT GAA GTT GAA GCG,0.8623849936347406
ATG GTT CAG CGT GGC TCC AAA GTG CGC ATC CTG CGT CCG GAA TCC TAC TGG TTC CAG GAC GTT GGT ACC GTT GCG TCT GTT GAC CAG TCT GGC ATC AAA TAC CCG GTT ATC GTT CGT TTC TGC GGT GTT AAC TAC TCC GGT ATC AAC ACC AAC AAT TTC GCG GAA GAC GAG CTG GTT GAA GTG GAA GCG,1.4067806077465137
ATG GTT CAG CGT GGT TCT AAA GTT CGT ATC CTG CGT CCG GAA TCT TAC TGG TTC CAG GAC GTT GGT ACC GTT GCG TCT GTT GAC CAG TCC GGT ATT AAG TAC CCG GTG ATC GTT CGT TTC CTG CAA GTG AAC TAC TCT GGT ATC AAC ACC AAC AAC TTC GCG GAA GAC GAA CTG GTT GAG GTT GAA GCG,1.117236087151411
ATG GTT CAG CGT GGC TCC AAG GTT CGT ATC CTG ACT CCG GAA TCT TAC TGG TTC CAA GAC GTT GGT ACC GTT GCG TCT GTT GAC CAG TCT GGC ATC AAA TAC CCG GTT ATC GTT CGT TTT GAA AAG GTG AAC TAC TCC GGT ATC AAC ACC AAC AAC TTC GCG GAA GAC AAC CTG GTT GAA GTT GAA GCG,-0.6272898273072725
ATG GTG CAG CGC GGT TCC TGC GTT CGT ATT CTG CGT CCA GAG TCT TAT TGG TTC CAG GAC GTT GGC ATG GTT GCG TCT GTT GAC CAG TCC GGT ATT AAG TAC CCG GTT ATC GTT CGT TTC GAG AAA GTG AAC TAC TCT GGT ATC AAC ACC AAC AAC TTC GCG GAA GAT GAA CTG GTT GAA GTT GAA GCG,2.23929188138562
ATG GTT CAG CGT GGT TCT AAA GTT CGT ATC CTG CGT CCG GAA TCT TAC TGG TTT CAG GAC GTT GGT ACC GTT GCG TCT GTT GAC CAG TCC GGT ATC AAA TAC GGT GTT ATC GTT CGT TTC GAG AAG GTT AAC TAC TCT GGT ATC GAA ACC AAC AAC TTC GCG GAA GAT GAG CTG GTT GAA GTT GAA GCG,0.8871229887623484
ATG GTT CAG CGT GGT TCT AAA GTT CGT ATC CTG CGT CCA GAA TCT TAC TGG TTC CAG GAC GTT GGT ACC GTT GCG TCT GTT GAC CAG TCT GGT ATC AAA TAC CCG GTT ATC GTG CGT TTC GAG AAA GTG AAC TAC TCC GGC ATC AAT ACC AAC AAC CGT GCG GAA GAC GAA GAC GTT GAA GTT GAA GCG,-0.5894995951186022
ATG GTT CAG CGT GGC TCT AAG GTT CGT ATC CTG CGT CCG GAA TCT TAC TGG TTC CAA GAC GTT GGT ACC GTT GCG TCT GTT GAC CAA TCT GGT ATT AAG TAC CCA GTT ATC GTT CGT TTC GAC TGC GTT AAC TAC TCC GGT ATC AAC ACT AAC AAC TTC GCG GAA GAC GAA CTG GTT GAA GTT GAA GCG,2.1150029995980644
ATG GTT CAG CGT GGT TCT AAA GTT CGT ATC CTG CGT CCA GAA TCT TAC TGG TTC CAG GAC GTT GGT ACC GTT GCG TCC GTT TAC CAG GAG GGT ATC AAA TAC CCA GTG ATC GTT CGT TTC GAG AAG GTT AAC TAC TCC GGC ATC AAC ACC AAC AAC TTC GCG GAA GAC GAA CTG GTT GAA GTT GAA GCG,0.3264866638850212
ATG GTT CAG CGT GGT TCT AAA GTT CGT ATC CTG CGT CCG GAA TCT TAC TGG TTT CAG GAC GTT GGT ACC GTT GCG TCT GTT GAC CAG TCT GGC ATC AAA TAC CCG GTT ATC GTT CGC TTC TCC AAC GTT AAC TAC TCT GGT ATC AAC ACC AAC AAC TTC GCG GAA GAC GAA CTG GTT GAA GTT GAA GCG,1.3211160230719332
ATG GTT CAG CGT GGT TCT AAA GTT CGT ATC CTG CGT CCG GAA TCT TAC TGG TTC CAA GAC GTT GGT ACC GTT GCG TCT GTT GAC CAG TCC GGT ATT AAG TAT CCG GTG ATC GTT CGT TTC GAG AAG GTT AAC TAC TCT GGT ATC AAC ACC AAC AAC TTT CAG GAG GAC GAA CTG GTT GAA GTT GAA GCG,0.600101701318229
ATG GTT CAG CGT GGT TCT AAA GTT CGT ATC CTG CGT CCG GAA TCT TAC TGG TTC CAA GAC GTT GGT ACC GTT GCG TCT GTT GAC CAG TCC GGT ATC AAG TAC GAA GTT ATC GTG CGT TTC GAG AAA GTG AAC TAC TCT GGC ATC AAC ATG AAC AAC TTT GCG GAG GAC GAA CTG GTT GAG GTT GAA GCG,0.9586369450815408
ATG GTT CAG CGT GGT TCT AAA GTT CGT ATC CTG CGT CCG GAA TCT TAC TGG TTT CAG GAC GTT GGT ACC GTT GCG TCT GTT GAC CAG TCT GGC ATC AAA TAC CCG GTT ATC GTT TGG TTC GAA AAA GTG AAC TAC TCC GGT ATC AAC ACC AAC AAC TTC GCG GAA GAC GAA CTG GTT GAA GTT GAA GCG,2.153603424377116
ATG GTT CAG CGC GGC TCT AAA GTT CGT ATC CTG CGT CCG GAA TCT TAC TGG TTC CAG GAC GTT GGT ACC GTT GCG TCT GTT GAT CAG TCT GGC ATC AAA TAC GGT GTT ATC GTT CGC TTC GAA AAA GTG AAC TAC TCT GGT ATT CAC ACC AAC AAC TTC GCG GAA GAT GAG CTG GTT GAA GTT GAA GCG,1.0636601515308663
ATG GTT CAG CGT GGC TCT AAA GTT CGT ATC CTG CGT CCG GAA TCT TAC TGG TTC CAG GAC GTT GGT ACC GTT GCG TCT GTT GAC CAG TCT GGT ATC AAA TAC CCA GTT ATG GTG CGC TTC GAG AAG GTT AAC TAC TCC GGC ATC AAC ACT AAC AAC TTC GCG GAA GAC GAA CTG GTT GAA GTT GAA GCG,3.0773618981928816
ATG GTT CAG CGC GGC TCC AAA GTT CGT ATC CTG CGT CCG GAG TCT TAC TGG TTC CAG GAT GTT GGT ACC GTT GCG TCT GTT GAC CAG TCT GGC ATC AAA TAC CCA GTG ATC GTG CGC TTT GAA AAG GTG AAC TAC TCT GGT ATC AAC ACC AAC AAC GAA GCT GAA GAT GAG ACT GTT GAA GTT GAA GCG,-0.1491643421355397
ATG GTT CAG CGT GGT TCT AAG GTG CGT ATC CTG TCT CCG GAA TCT TAC TGG TTC CAG GAC GTT GGT ACC GTT GCG TCT GTT GAC CAG TCC GGC ATC AAA TAC CCG GTT ATC GTG CGT TTC GAG AAA GTG AAC TAC TCT GGT ATC AAC ACC AAC AAC TTC GCG GAA GAT GTT CTG GTT GAA GTT GAA GCG,-0.7030108248511104
ATG GTT CAG CGT GGT TCT ATG GTT CGT ATC CTG CGT CCG GAA TCT TAC TGG TTC CAG GAC GTT GGT TGG GTT GCG TCT GTT GAC CAG TCT GGT ATT AAG TAC CCG GTT ATC GTT CGT TTC GAG AAG GTG AAC TAC TCT GGC ATC AAC ACC AAC AAC TTC GCG GAA GAC GAA CTG GTT GAA GTT GAA GCG,1.31994306603991
ATG GTT CAG CGT GGT TCT AAA GTT CGT ATC CTG CGT CCG GAA TCT TAC TGG TTC CAG GAC GTT GGT ACC GTG GCG TCT GTT GAC CAA TCT GGC ATC AAA TAC CCG GTT ATC GTG CGC TTT GAA AAG GTT AAC TAC TCC GGT ATC AAC ACC AAC AAC TTC GCG GAA CTG GAG CTG GTT GAA GTT GAA GCG,0.5180820715149117
ATG GTT CAG CGC GGT TCC AAG GTT CGT ATC CTC CGT CCG GAA TCT TAC TGG TTC CAG GAC GTG GGC ACC GTT GCG TCT GTT GAC CAG TCT GGT ATC AAA TAC TAC GTG ATC GTT CGT TTC GAG AAA GTG AAC TAC TCC GGC ATC AAC GTG AAC AAC TTC GCG GAA GAC GAA CTG GTT GAA GTT GAG GCT,1.8795391129475827
ATG GTG CAG CGT GGT TCT ATG GTT CGT ATC CTG CGT CCG GAA TCT TAC TGG TTC CAG GAC GTT GGC GAA GTT GCG TCT GTT GAC CAG TCT GGT ATC AAA TAC CCG GTG ATC GTT CGT TTC GAG AAA GTG AAC TAC TCT GGC ATC AAC ACC AAC AAT TTC GCG GAA GAC GAA CTG GTT GAA GTG GAA GCG,1.120670953838014
ATG GTT CAG CGC GGC TCT AAA GTT CGT ATC CTG CGT CCG GAA TCT TAT TGG TTC CAG GAC GTT GGT ACC GTT GCG TCT GTT GAC CAG TCC GGT ATC AAA TAC GGC GTT ATC GTG CGT TTC GAG AAG GTT AAC TAC TCT GGT ATC CAG ACC AAC AAC TTC GCG GAA GAC GAA CTG GTT GAA GTT GAA GCG,0.8107741316426879
ATG GTT CAG CGT GGC TCT AAA GTT CGT ATC CTG CGT CCG GAA TCT TAC TGG TTC CAG GAC GTT GGT ACC GTT GCG TCT GTT GAC CAG TCT GGC ATC AAA TAC CCG GTT ATT GTT CGT TTC GAG AAG GTG AAC TAC TCT GGT ATC TTC ACC AAT AAC TTC GCG GAA GAC GAA CTG GTT GAA GTT GAA GCG,1.0839778717322928
ATG GTT CAG CGC GGT TCT ACC GTT CGT ATC CTG CGT CCG GAA TCT TAC TGG TTC CAG GAC GTT GGT ACC GTT GCG TCT GTT GAC CAG TCC GGT ATC AAG TAC CCG GTT ATC GTT CGC TTC AAG AAG GTT AAC TAC TCT GGC ATC AAC ACC AAC AAC TTC GCG GAA GAC GAA CTG GTT GAA GTT GAG GCT,1.1384731977097742
ATG GTT CAG CGC GGC TCC GTG GTG CGT ATC CTG CGT CCA GAA TCT TAC TGG TTC CAG GAC GTT GGT ACC GTT GCG TCT GTT GAC CAG TCT GGC ATC AAA TAC CCG GTT ATC GTT CGT TTC CTG AAG GTG AAC TAC TCT GGT ATT AAC ACC AAC AAC TTC GCG GAA GAC GAA CTG GTT GAA GTT GAA GCG,1.315665993478414
ATG GTT CAG CGC GGT TCT AAA GTT CGT ATC CTG CGT CCG GAA TCT TAC TGG TTC CAG GAC GTT GGT ACC GTT GCT TCT GTT GAC CAG TCT GGT AAG AAA TAC CCG GTT ATC GTT CGT TTC GAG AAG GTT AAC TAT TCC GGT ATC AAC ACC AAC AAC TTT GCG GAA GAC GAA CTG GTT GAA GTT GAA GCG,1.189346053904869
ATG GTT CAG CGT GGT TCT AAA GTT CGT ATC CTG CAC CCG GAA TCT TAC TGG TTC CAG GAC GTT GGT ACC GTT GCG TCT GTT GAC CAG TCT GGT ATC AAG TAC CCG GTT ATC GTT CGT TTT GAA AAA GTG AAC TAC TCC GGC ATC AAC ACC AAC AAC TTC GCG GAA GAC TCT CTG GTT GAA GTT GAA GCG,-0.5789963344190214
AAA GTT CAG CGT GGT TCT AAA GTT CGT ATC CTG CGT CCG GAA TCT TAC TGG TTC CAG GAC GTT GGT ACC GTT GCG TCT GTT GAC CAG TCT GGT ATC AAA TAC CCG GTG ATC GTT CGC TTC GAA AAA GTG AAC TAC TCT GGC ATC AAC ACC AAC AAC TTC GCG GAA GAC GAA CTG GTT GAA GTT GAG GCG,2.946236518724221
ATG GTT CAG CGT GGT TCT AAA GTG CGT ATC CTG CGT CCG GAA TCT TAC TGG TTC CAG GAC GTT GGT ACC GTT GCG TCT GTT TAT CAG CTG GGT ATC AAA TAC CCG GTT ATC GTT CGT TTC GAG AAG GTT AAC TAC TCT GGC ATC AAC ACC AAC AAT TTC GCG GAG GAC GAA CTG GTT GAA GTT GAA GCG,0.4572521246144965
ATG GTG CAA CGC GGC TCC AAA GTT CGT ATC CTG CGT CCG GAA TCT TAC TGG TTT CAG GAC GTT GGT ACC GTT GCG TCT GTT GAC CAG TCC GGT ATC AAG TAC GTT GTT ATC GTG CGT TTC GAG AAA GTG AAC TAC TCT GGC ATC AAC TGC AAC AAC TTC GCG GAA GAC GAA CTG GTT GAA GTT GAA GCG,2.485140193672182
ATG GTT CAG CGC GGT TCT AAA GTT CGC CCG CTG CGT CCG GAA TCT TAC GAC TTC CAG GAC GTT GGT ACC GTT GCG TCT GTT GAC CAG TCC GGC ATC AAG TAC CCA GTT ATC GTT CGC TTT GAA AAA GTG AAC TAC TCC GGT ATC AAC ACC AAC AAC TTT GCG GAG GAC GAA CTC GTT GAA GTG GAG GCG,-0.6986939501740455
ATG GTT CAG CGT GGT TCT AAA GTT CGT ATC CTG CGT CCG GAA TCT TAC TGG TTC CAA GAC GTT GGT ACC GTT GCG TCT GTT GAC CAG TCT GGT ATC AAA TAC CCG GTT ATC GTT CGC TTC GAA AAA GTG AAC TAC TCC GGC ATC AAC ACC AAC AAT GTT GCT GAG GAC GAA AAG GTT GAA GTG GAA GCG,-0.5281584630593026
ATG GTT CAG CGT GGT TCT AAA GTT CGT ATC CTC CGC CCA GAG TCT TAC TGG TTC CAG GAC GTT GGT ACC GTT GCG TCT GTT GAC CAG TCC GGT ATC AAA TAC TAC GTT ATC GTG CGC TTC GAA AAA GTG AAT TAC TCT GGC ATC ACC ACT AAC AAC TTC GCG GAA GAC GAA CTG GTT GAA GTT GAA GCG,2.663511709656005
ATG GTT CAG CGT GGT TCT AAA GTT CGT ACC CTG CGT CCG GAA TCT TAC GTT TTC CAG GAC GTT GGT ACC GTT GCG TCT GTT GAC CAG TCT GGT ATC AAG TAC CCG GTT ATC GTT CGT TTC GAG AAA GTT AAT TAC TCC GGC ATC AAC ACC AAC AAC TTC GCG GAA GAC GAA CTG GTT GAA GTT GAA GCG,-0.6066275783213617
ATG GTT CAG CGC GGT TCT AAA GTT CGT ATC CTG CTG CCG GAA TCT TAC TGG TTC CAG GAC GTT GGT ACC GTT GCG TCT GTT GAC CAG TCC GGC ATC AAA TAC CCG GTT ATC GTG CGT TTC GAG AAA GTG AAC TAT TCT GGT ATC AAC ACC AAC AAC TTC GCG GAA GAC AAA CTG GTT GAA GTT GAA GCG,0.0565016224878239
ATG GTT CAG CGT GGT TCT AAA GTT CGT ATC CTG CGT CCG GAA TCT TAC TGG TTC CAA GAC GTT GGT ACC GTT GCG TCT GTG GAC CAG TCC GGC ATC AAA TAT CCG GTG ATC GTG CGT TTC TTT TTC GTT AAC TAC TCC GGT ATC AAC ACC AAC AAC TTC GCG GAA GAC GAA CTG GTT GAA GTT GAA GCG,2.7278770127994094
ATG GTT CAG CGT GGT TCT AAA GTT CGT ATT CTG CGT CCG GAA TCT TAC TGG TTC CAG GAC GTT GGT ACC GTT GCT TCT GTT GAC CAG TCC GGT ATC AAA CAG CCA GTT ATC GTT CGT TTC GAG AAA GTG AAC TAC TCT GGC ATC AAC ACC AAC AAC TTC GCG GAA GAC GAA CTG GTT GAA GTT GAA GCG,0.5918225305117815
ATG GTT CAG CGT GGC TCC AAA GTT CGT ATC CTG CGT CCG GAA TCT TAC TGG TTC CAG GAC GTT GGT ACC GTG GCG TCC GTT GAT CAG TCC GGT ATC AAA TAC CCG GTT ATC GTT CGT TTC CCG AAC GTT AAC TAC TCT GGC ATC AAC ACC AAC AAC TTC GCG GAA GAC GAA CTC GTT GAA GTT GAA GCG,1.0065085641078202
ATG GTT CAG CGC GGT TCT AAA GTT CGT ATC CTG CGT CCG GAA TCT TAC TGG TTC CAG GAC GTT GGT ACC GTT GCG TCT GTT GAC CAG TCT GGT ATC AAG TAC CCG GTT ATC GTT CGT TTT GAA AAG CGT AAC TAC TCT GGC ATC AAC ACC AAC AAC TTC GCG GAG GAC GAA CTG GTT GAA GTT GAA GCG,2.3405960006620976
ATG GTT CAG CGT GGT TCT AAA GTT CGT ATC CTG CGT CCG GAA TCT TAC TGG TTC CAG GAC GTT GGT ACC GTT GCG TCT GTT TCT CAG TGG GGC ATC AAA TAC CCG GTT ATT GTG CGT TTT GAA AAG GTG AAC TAC TCT GGT ATC AAC ACC AAC AAC TTC GCG GAA GAC GAA CTG GTT GAA GTT GAG GCG,0.622571196368348
ATG GTT CAG CGT GGT TCT AAA GTT CGT ATC CTG CGT CCA GAC TCT TAC TGG TTC CAG GAC GTT GGT ACC GTT GCG TCT GTT GAT CAG TCT GGT ATT AAG TAC CCG GTT ATC GTT CGT TTC GAG AAA GTG AAC TAC TCC GGT ATC AAC ACC AAC AAC TTC GCG GAA GAC GAA CTG GTG GAA GTT GAG GCG,2.5129470278297843
ATG GTT CAG CGT GGT TCT AAA GTT CGT ATC CTG CGT CCG GAA TCT TAC TGG TTT CAG GAC GTT GGT ACC GTT GCG TCT GTT GAC CAG TCC GGT ATC AAA TAC CCG GTT ATC GTT CGT TTC TGG ATG GTT AAC TAC TCT GGC ATC AAC ACC AAC AAC TTC GCG GAG GAC GAA CTG GTT GAA GTG GAA GCG,2.534592439370863
ATG GTT CAG CGT GGC TCT ATC GTT CGT ATC CTG CGT CCG GAA TCC TAC TGG TTC CAA GAC GTT GGT ACC GTT GCG TCT GTT GAC CAG TCT GGT ATC AAG TAC CCG GTG ATC GTG CGT TTC CTG AAG GTT AAC TAC TCT GGC ATC AAC ACC AAC AAC TTC GCG GAA GAT GAA CTG GTT GAA GTT GAA GCG,1.514712953138472
ATG GTT CAG CGT GGT TCT AAA GTT CGT ATC CTG CGT CCG GAA TCT TAC TGG TTC CAA GAC GTT GGT ACC GTT GCG TCT GTT GAC CAG TCC GGC ATC AAG TAC ATC GTT ATC GTG CGT TTC GAG AAG GTG AAC TAC TCT GGT ATC AAC CGT AAC AAC TTC GCG GAA GAC GAA CTG GTT GAA GTT GAA GCG,2.211721733226023
ATG GTG CAA CGC GGC TCT AAA GTT CGT GAA CTC CGT CCG GAA TCC TAC GAT TTC CAG GAC GTT GGT ACC GTT GCG TCT GTT GAC CAG TCC GGT ATC AAA TAC CCG GTT ATC GTT CGT TTC GAG AAG GTT AAC TAC TCT GGC ATC AAC ACC AAC AAC TTT GCG GAA GAC GAA CTG GTT GAA GTT GAA GCG,-2.298476845375334
ATG GTT CAG CGC GGT TCT AAA GTT CGT ATC CTG CGT CCG GAA TCT TAC TGG TTC CAG GAC TAC GGC ACC GTT GCG TCT GTT GAC CAG TCT GGT ATC AAA TAC CCG GTT ATC GTT CGC TTC GAA AAA GTG AAC TAC TCT GGC ATC AAC ACC AAC AAC TTC GCG GAA GAC GAA CTG GTT GAA GTT GAA GCG,0.6213536733436034
ATG GTT CAG CGT GGT TCT AAA GTT CGT ATC CTG CGT CCG GAA TCT TAC TGG TTC CAG GAT GTT GGT ACC GTT GCG TCT GTT GAC CAG TCT GGT ATC AAA TAC CCG GTT ATC GTT CGT TTC GAG AAA GTG AAC TAC TCT GGC ATC CGT ACC AAT AAC TTC GCG GAA GAC GAA CTG GTT GAA GTT GAA GCG,0.8807768910248273
ATG GTT CAG CGT GGT TCT GAC GTT CGT ATC CTG CGT CCG GAA TCT TAC TGG TTC CAG GAC GTT GGT ATC GTT GCG TCT GTT GAC CAG TCT GGT ATC AAA TAC CCG GTT ATC GTT CGT TTT GAA AAG GTT AAC TAC TCT GGC ATC AAC ACC AAC AAC TTC GCT GAA GAC GAA CTG GTT GAA GTT GAG GCG,-0.1933876731871253
ATG GTT CAG CGT GGT TCT AAA GTT CGT ATC CTG CCG CCA GAA TCT TAC TGG TTC CAG GAC GTT GGT ACC GTT GCG TCT GTT GAC CAG TCT GGC ATC AAA TAC CCA GTT ATC GTT CGT TTC GAG AAG GTT AAC TAC TCC GGT ATC AAC ACC AAC AAC TTC GCG GAG GAC ATC CTG GTT GAA GTT GAA GCG,-0.3926644935378057
ATG GTT CAG CGT GGT TCT AAA GTT CGT ATC CTG CGT CCG GAA TCT TAC TGG TTT CAG GAC GTT GGC ACT GTT GCG TCT GTT GAC CAG TCT GGC ATC AAG TAC CAT GTT ATC GTT CGC TTC GAG AAG GTG AAC TAC TCT GGT ATC GGT ACC AAC AAC TTC GCG GAA GAC GAA CTG GTT GAA GTT GAG GCG,1.27222695928799
ATG GTT CAG CGC GGT TCT ACC GTG CGT ATC CTG CGT CCG GAA TCT TAT TGG TTC CAG GAC GTT GGT ACC GTT GCG TCT GTT GAC CAG TCC GGT ATC AAG TAC CCG GTG ATC GTT CGC TTC TCC AAG GTT AAC TAC TCT GGC ATC AAC ACC AAC AAC TTC GCG GAA GAC GAA CTG GTG GAA GTT GAA GCG,1.1241428020592796
ATG GTT CAG CGT GGC TCT AAA GTT CGT ATC CTG CGT CCG GAA TCT TAC TGG TTC CAG GAC GTT GGT ACC GTT GCG TCT GTT GAC CAG TCT GGT ATC AAG TAC CCG GTT ATC GTT CGT TTT GAC ATG GTT AAC TAC TCC GGC ATC AAT ACC AAC AAT TTC GCT GAG GAC GAA CTG GTG GAA GTT GAA GCG,0.8625881667953645
ATG GTT CAG CGT GGC TCT AAA GTT CGT ATC CTG CGT CCG GAA TCT TAC TGG TTC CAA GAC GTT GGT ACC GTT GCG TCT GTT GAC CAG TCC GGT ATC AAA TAC CGT GTT ATC GTT CGC TTC GAA AAG GTT AAC TAC TCT GGT ATC GAC ACC AAC AAC TTC GCG GAA GAC GAA CTG GTT GAA GTT GAA GCG,1.7083732604171953
ATG GTT CAA CGT GGT TCC GCG GTT CGT ATC CTG CGT CCG GAA TCT TAC TGG TTT CAG GAC GTT GGT ACC GTT GCG TCT GTT GAC CAG TCT GGT ATC AAA TAC CCG GTT ATC GTT CGT TTC CAC AAG GTT AAC TAC TCT GGC ATC AAC ACC AAC AAC TTC GCG GAA GAC GAA CTG GTT GAA GTT GAA GCG,0.6020961442054924
ATG GTT CAG CGT GGC TCT AAA GTT CGT ATC CTG CGT CCG GAA TCT TAC TGG TTC CAG GAC GTT GGT ACC GTT GCG TCT GTT GAC CAG TCC GGT ATC AAA TAC ATG GTT ATC GTT CGC TTC GAG AAG GTT AAC TAC TCT GGC ATC AAC GAC AAC AAC TTC GCG GAA GAC GAA CTG GTT GAA GTT GAA GCG,2.017702040737632
ATG GTT CAG CGT GGT TCT AAA GTT CGT ATC CTG CGT CCG GAA TCT TAT TGG TTC CAG GAC GTT GGT ACC GTT GCG TCT GTT GAT CAG TCT TTC ATC AAA TAC CCG GTT ATT GTG CGC TTC GAA AAA GTG AAC TAC TCC GGT ATC AAC ACC AAC AAC TTC GCG GAA GAC GAA CTG GTT GAA GTT GAA GCG,1.1238859315919354
ATG GTT CAG CGT GGT TCT AAA GTG CGT ATC CTC CGT CCG GAA TCT TAC TGG TTC CAG GAC GTT GGT ACC GTG GCG TCT GTT GAC CAG TCT GGT ATC AAA TAC CCG GTG ATC GTT CGT TTT GAA AAA GTG AAC TAC TCT GGC ATC AAC ACC TCT AAC TTC GCT GAA GAC GAA CTC GTT GAA GTT GAA GCG,4.457327417732685
ATG GTT CAG CGT GGT TCT AAA GTT CGT ATC CTG CGT CCA GAA TCT TAC TGG TTC CAG GAC GTT GGT ACC GTT GCG TCC GTT GAC CAG TCT GGT ATC AAA TAC CCG GTT ATC GTT CGT TTC GAG AAA GTT AAT TAC TCC GGC ATC AAC ACC AAC AAC ACC GCT GAA GAC GAA CTG GTT GAA GTT GAA GCG,-0.2690634813998458
ATG GTT CAG CGT GGT TCT AAA GTT CGT ATC CTG CGT CCG GAA TCT TAC TGG TTC CAG GAC GTT GGC ACC GTT GCG TCT GTT GAC CAA TCT GGC ATC AAA TAC CCG GTT ATC GTG CGT TTT CTG GCG GTT AAC TAC TCC GGT ATC AAC ACC AAC AAC TTC GCG GAG GAC GAG CTG GTT GAA GTT GAA GCG,0.9827977197772906
ATG GTT CAG CGT GGT TCT AAA GTT CGT ATC CTG CGT CCG GAA TCT TAC TGG TTC CAG GAC GTG GGT ACC GTT GCT TCT GTT GAC CAG TCT GGT ATC AAA TAC CCG GTT ATC GTT CGC TTC GAG AAA GTG AAC TAC TCC GGC ATC AAT ACC AAC AAC TTC GCG GAA GAC GAA TAC GTT GAA GTT GAA GCG,-0.1704969713501761
ATG GTT CAG CGC GGT TCT AAA GTT CGT ATC CTG CGT CCG GAA TCT TTC TGG TTC CAG GAC GTT GGT ACC GTT GCG TCT GTT GAC CAG TCT GGT ATC AAA TAC CCG GTT ATC GTT CGT TTC GAG AAA GTG AAC TAC TCC GGC ATC AAC ACC AAC AAC TTC GCG GAA GAC GAA CTG GTT GAA GTT GAA GCG,3.133030634448565
ATG GTT CAG CGT GGC TCT AAA GTT CGT ATC CTG CGT CCG GAA TCT TAC TGG TTC CAG GAC GTT GGT ACC GTT GCG TCT GTT GAC CAG TCT GGT ATC AAA TAC CCG GTG ATC GTT CGT TTC GAG AAA GTG AAC TAC TCC GGT ATT AAC ACC ACC AAC TTC GCG GAA GAC GAA CTG GTT GAA GTT GAA GCG,1.4958645368492007
ATG GTT CAG CGT GGT TCT AAA GTT CGT ATC CTG CGT CCG GAA TCT TAT TGG TTC CAG GAC GTT GGC ACC GTT GCG TCT GTT GAC CAG TCT GGC ATC AAA TAC CGT GTT ATC GTT CGC TTC GAA AAG GTG AAC TAC TCT GGT ATC AAC GGT AAC AAC TTC GCG GAA GAC GAA CTG GTT GAA GTT GAA GCG,1.4438679136810748
ATG GTG CAG CGC GGT TCT AAA GTT CGT ATC CTG CGT CCG GAA TCT TAC TGG TTC CAG GAC GTT GGT ACC GTT GCG TCT GTT GAT CAG TCT GGT ATC AAA TAC CCG GTT ATC GTT CGT TTC CAG TCT GTT AAC TAC TCT GGC ATC AAC ACC AAC AAC TTC GCG GAA GAC GAA CTG GTT GAG GTT GAA GCG,1.6555711980728416
ATG GTT CAG CGT GGT TCT AAA GTT CGT ATC CTG CGT CCG GAA TCT TAT TGG TTC CAG GAC GTT GGT ACC GTT GCG TCT GTT GAC CAG TCT GGC ATC AAA TAC CCA GTT ATC GTT CGT TTC GAG AAA GTG AAC TAC TCC GGT ATC AAC ACC AAC AAC TTC GCG GAA GAC GAA CTG GTT GAA CTG GAA GCG,1.244692053826698
ATG GTT CAG CGT GGT TCT AAA GTT CGT ATT CTG CGT CCG GAA TCT TAC TGG TTC CAG GAC GTT GGT ACC GTT GCG TCT GTT GAC CAG TCT GGT ATC AAA TAC TGG GTT ATC GTG CGT TTC GAG AAA GTG AAC TAC TCC GGC ATC AAC TAC AAC AAC TTC GCG GAA GAC GAA CTG GTT GAA GTT GAA GCG,2.076571088077416
ATG GTT CAG CGT GGT TCT AAA GTT CGT ATC CTG CGT CCG GAA TCT TAC TGG TTC CAG GAC GTT GGT ACC GTT GCG TCT GTT GAC CAG TCT GGC ATC AAA TAT CCG GTG ATC GTG ATG TTC GAG AAG GTT AAC TAC TCC GGT ATC AAC ACC AAC AAC TTC GCG GAA GAT GAA CTG GTT GAA GTT GAA GCG,1.99546197721611
ATG GTT CAG CGC GGT TCC AAA GTT CGT ATC CTG TGG CCG GAA TCT TAC TGG TTC CAG GAC GTT GGT ACC GTT GCG TCT GTT GAC CAG TCT GGT ATC AAA TAC CCG GTG ATC GTT CGT TTT GAA AAA GTG AAC TAC TCT GGC ATC AAC ACC AAC AAC TTC GCG GAA GAC CAT CTG GTT GAA GTT GAA GCG,0.1399829040311773
ATG GTT CAG CGT GGT TCT AAA GTT CGT ATC CTG CGT CCG GAA TCT TAC TGG TTC CAG GAC GTT GGT ACC GTT GCG TCT GTT GAC CAG TCC GGC ATC AAA TAC TTC GTG ATC GTG CGC TTC GAA AAG GTT AAC TAC TCC GGT ATC AAC GTT AAC AAC TTC GCG GAA GAC GAA CTG GTT GAA GTT GAA GCG,2.142594812060373
ATG GTT CAG CGT GGT TCC AAA GTT CGT ATC CTG CGC CCA GAA TCC TAC TGG TTT CAG GAC GTT GGT ACC GTG GCG TCC GTT GAC CAG TCC GGT ATC AAA TAC TGC GTG ATC GTG CGT TTC GAG AAA GTG AAC TAC TCT GGC ATC AAC ACC AAC AAC TTC GCG GAA GAC GAA CTG GTT GAA GTT GAG GCG,2.444972657895184
ATG GTT CAG CGT GGT TCT AAA GTT CGT ATC CTG CGT CCG GAA TCT TAC TGG TTC CAG GAC GTT GGT ACC GTT GCG TCT GTT GAC CAG TCC GGC ATC AAA TAC ACT GTG ATC GTT CGC TTC GAA AAG GTT AAC TAC TCC GGT ATC TGG ACC AAC AAC TTC GCG GAA GAC GAG CTG GTT GAA GTT GAA GCG,1.8534967985047144
ATG GTT CAG CGT GGT TCT AAG GTT CGT ATC CTG CGT CCG GAA TCT TAC TGG TTC CAA GAC GTT GGT ACC GTT GCG TCT GTT GAC CAG TCT GGC ATC AAA TAC CCG CTG ATC GTG CGC TTT GAA AAA GTG AAC TAC TCT GGT ATC AAC ACC AAC AAC TTC GCG GAA GAC GAA CTG GTT GAA GTT GAA GCG,0.1648600783615458
ATG GTT CAG CGT GGC TCC AAA GTT CGT ATC CTG CGT CCG GAA TCT TAC TGG TTC CAG GAC GTT GGT ACC GTT GCT TCT GTG GAC CAA TCT GGT ATT AAG TAC CCG GTT ATC GTT CGT TTT GAA AAA GTG AAT TAC TCC GGT ATC AAC ACC AAC AAC TTC GCG GAA GAC TTC CTG GTT GAA GTT GAA GCG,-0.3970717287161942
ATG GTT CAG CGT GGT TCT AAA GTT CGT ATC CTG AAC CCG GAA TCT TAC TGG TTT CAG GAC GTT GGT ACC GTT GCG TCT GTT GAC CAG TCT GGT ATC AAG TAC CCG GTT ATC GTT CGC TTC GAA AAG GTG AAC TAC TCC GGC ATC AAC ACC AAC AAC TTC GCG GAA GAT TGC CTG GTT GAA GTT GAA GCG,0.0895729866137862
ATG GTT CAG CGC GGT TCT AAA GTT CGT ATC CTG CGT CCA GAA TCT TAC TGG TTC CAG GAC GTT GGT ACC GTT GCG TCT GTT GAC CAG TCT GGT ATC AAA TAC GCG GTT ATC GTT CGC TTC GAA AAA GTT AAT TAC TCT GGC ATC AAC CCG AAC AAC TTC GCT GAA GAT GAA CTG GTT GAA GTT GAG GCT,1.5146410543148634
ATG GTT CAA CGC GGT TCT AAG GTT CGT ATC CTG CGT CCG GAA TCT TAC TGG TTC CAA GAC GTT GGT ACC GTT GCG TCT GTT GAC CAG TCC GGT ATC AAA TAC CCG GTT ATC GTT CGT TTC AAC CAC GTT AAC TAC TCC GGC ATC AAC ACC AAC AAC TTC GCG GAA GAC GAA CTG GTT GAG GTT GAA GCG,1.4353882695807232
ATG GTT CAG CGT GGT TCT AAA GTT CGT ATC CTG CGT CCG GAA TCT TAC TGG TTC CAG GAC GTT GGT ACC GTT GCG TCT GTT GAC CAG TCT GGC ATC AAG TAC CCG GTG ATC GTG CGT TTT GAG AAA GTG AAC TAC TCT GGT ATC AAC ACC AAC AAC GCT GCG GAA GAC GAA AAA GTG GAA GTT GAA GCG,-2.434584816722253
ATG GTT CAG CGC GGT TCT AAA GTT CGT ATC CTG CGT CCG GAA TCT TAC TGG TTC CAG GAC GTT GGT ACC GTG GCG TCT GTT GAC CAG TCT GGT ATC AAA TAC CCG GTT ATC GTT CGT TTT GAA AAA GTG AAC TGG TCT GGC ATC AAC ACC AAC AAC TTC GCG GAA GAC GAA CTC GTG GAA GTT GAA GCG,2.1180792915899698
ATG GTT CAG CGT GGC TCC CAG GTT CGT ATC CTG CGT CCG GAA TCT TAC TGG TTC CAG GAC GTT GGT ACC GTT GCG TCT GTT GAC CAG TCC GGC ATC AAA TAC CCG GTT ATC GTT CGT TTC CCG AAA GTG AAC TAC TCT GGT ATC AAC ACC AAC AAC TTC GCG GAA GAC GAA CTG GTT GAA GTT GAA GCG,0.2330331899037826
ATG GTT CAG CGT GGC TCC AAA GTT CGT ATC CTG CGT CCG GAA TCT TAT TGG TTC CAG GAC GTT GGT ACC GTT GCG TCT GTT GAC CAG TCC GGC ATC AAG TAC GAA GTG ATC GTT CGC TTC GAG AAG GTT AAC TAC TCT GGT ATC GAA ACC AAC AAC TTC GCG GAA GAC GAA CTG GTT GAA GTT GAA GCG,0.7996626560115656
ATG GTT CAG CGT GGC TCC AAA GTT CGT ATC CTG CGT CCG GAA TCT TAC TGG TTC CAA GAC GTT GGT ACC GTT GCG TCT GTT GAC CAG TCT GGT ATC AAA TAC CCG GTT ATC GTT CGC TTC GAA AAA GTG AAC TAC TCT GGC ATC AAC ACC AAC AAC ACT GCG GAA GAC GAA CAG GTT GAA GTT GAA GCG,-0.4589723592061637
ATG GTT CAG CGT GGT TCT AAA GTT CGT ATC CTG CGT CCG GAA TCT TAC TGG TTC CAG GAC GTT GGT ACC GTT GCG TCT TAC GAC CAG TCT GGT ATT AAG TAC CCG GTT ATC GTG CGT TTT GAA AAA GTG AAC TAC TCC GGT ATC AAC ACC AAC AAC TTC GCG GAA GAC GAA CTG GTT GAA GTT GAA GCG,1.417949184500671
ATG GTT CAG CGC GGT TCT AAA GTT CGT CGC CTG CGT CCG GAA TCT TAC AAA TTC CAG GAC GTT GGT ACC GTT GCG TCT GTG GAC CAG TCT GGC ATC AAA TAC CCG GTT ATC GTG CGC TTC GAG AAG GTT AAC TAC TCC GGT ATC AAC ACC AAC AAC TTC GCG GAA GAT GAG CTC GTT GAA GTT GAG GCG,-3.1811771470031607
ATG GTT CAG CGT GGT TCT AAA GTT CGT ATC CTG CGT CCG GAA TCT TAT TGG TTC CAG GAC GTT GGT ACT GTT GCG TCT GTT GAC CAG TCC GGC ATC AAA TAC CCG GTT ATC GTG CGT TTC AAC TGG GTT AAC TAC TCT GGT ATC AAC ACC AAC AAC TTC GCG GAA GAC GAA CTG GTT GAG GTT GAA GCG,1.1958503901150133
ATG GTT CAG CGT GGT TCC CTG GTT CGT ATC CTC CGT CCG GAA TCT TAC TGG TTC CAG GAC GTT GGT GGT GTT GCG TCT GTT GAC CAG TCT GGT ATC AAA TAC CCG GTT ATC GTT CGC TTC GAA AAA GTG AAT TAC TCC GGC ATC AAC ACT AAC AAC TTC GCG GAA GAC GAA CTG GTT GAA GTT GAA GCG,-0.3345273820185099
ATG GTT CAG CGT GGC TCC AAA GTT CGT ATC CTG CGT CCG GAA TCT TAC TGG TTC CAG GAC GTT GGT ACC GTT GCG TCT GTT GAC CAG TCT GGT ATC AAA TAC CCG GTT ATC GTG CGC TTC GAG AAG GTT AAC TAC TCC GGT ATT AAC ACC AAC AAC TTT GAG GAA GAC GAA CTG GTT GAA GTT GAA GCG,0.6291932993700355
ATG GTT CAG CGT GGT TCT AAA GTT CGT ATC CTG TGC CCG GAA TCT TAT TGG TTC CAG GAC GTT GGT ACC GTT GCG TCT GTT GAC CAG TCT GGT ATC AAA TAC CCG GTT ATC GTT CGT TTC GAG AAA GTG AAC TAC TCT GGC ATC AAC ACC AAC AAC TTT GCG GAA GAC CGT CTG GTT GAA GTT GAA GCG,0.8265578296259986
ATG GTT CAG CGT GGC TCC AAA GTT CGC ATT CTG CGT CCG GAG TCT TAC TGG TTC CAG GAC GTT GGT ACC GTT GCG TCT GTT TGC CAG TTC GGT ATC AAA TAC CCG GTT ATC GTG CGT TTC GAG AAA GTG AAC TAC TCT GGC ATC AAC ACC AAC AAC TTC GCT GAA GAC GAG CTG GTT GAA GTT GAA GCG,1.3979621105486146
ATG GTT CAG CGT GGT TCT AAA GTT CGT ATC CTG GGT CCG GAA TCT TAC TGG TTT CAG GAC GTT GGT ACC GTT GCG TCT GTT GAC CAG TCC GGT ATC AAG TAC CCG GTG ATC GTT CGC TTC GAG AAA GTG AAC TAC TCT GGC ATC AAC ACC AAC AAC TTC GCG GAA GAC GTT CTG GTT GAA GTT GAA GCG,-0.7189003089138648
ATG GTT CAG CGC GGT TCT CCG GTT CGT ATC CTG CGC CCA GAA TCT TAC TGG TTC CAG GAC GTT GGT ACC GTT GCG TCT GTT GAC CAG TCT GGC ATC AAA TAC CCG GTT ATC GTT CGC TTC TGG AAA GTG AAC TAC TCT GGT ATC AAC ACC AAC AAC TTT GCG GAA GAC GAG CTG GTT GAA GTT GAA GCG,0.9939831382118408
ATG GTT CAA CGT GGT TCC AAA GTT CGT AAG CTG CGT CCG GAA TCT TAC AAA TTC CAG GAC GTT GGT ACC GTT GCG TCT GTT GAC CAG TCT GGT ATC AAA TAC CCG GTT ATC GTG CGT TTC GAG AAA GTG AAC TAC TCT GGC ATC AAC ACC AAC AAC TTC GCG GAA GAC GAA CTG GTT GAA GTT GAA GCG,-2.303799298116755
ATG GTT CAG CGT GGC TCT AAA GTT CGT ATC CTC CGT CCG GAA TCT TAC TGG TTC CAG GAC GTT GGC ACC GTT GCG TCC GTT GAC CAG TCT GGC ATC AAA TAC CCG GTG ATC GTT CGC TTC TGT TTC GTG AAC TAC TCT GGT ATC AAC ACC AAC AAC TTC GCT GAA GAC GAA CTG GTT GAA GTT GAA GCG,2.386673037368813
ATG GTT CAG CGT GGT TCT AAA GTT CGT ATC CTG CGT CCG GAA TCT TAC TGG TTC CAG GAC GTT GGT ACC GTT GCG TCT GTT TCT CAG CTG GGT ATC AAA TAC CCG GTT ATC GTT CGT TTC GAG AAG GTT AAC TAC TCT GGC ATC AAC ACC AAC AAC TTC GCG GAA GAC GAA CTG GTT GAA GTT GAA GCG,1.4078016482177638
ATG GTT CAG CGT GGT TCC AAA GTT CGT ATC CTG CGT CCG GAA TCT TAC TGG TTT CAG GAC GTT GGT ACC GTT GCG TCT GTT AAC CAG AAA GGC ATC AAA TAC CCG GTT ATC GTT CGT TTC GAG AAA GTG AAC TAC TCC GGT ATC AAC ACC AAC AAC TTC GCG GAA GAC GAA CTG GTT GAA GTT GAA GCG,0.3996494747686398
ATG GTT CAG CGT GGT TCT AAA GTT CGT ATC CTG CGT CCG GAA TCT TAT TGG TTC CAG GAC GTT GGT ACC GTT GCG TCT GTT GAC CAG TCC GGT ATC AAA TAC TAC GTG ATC GTG CGC TTC GAA AAA GTG AAC TAC TCT GGT ATT AAC CAC AAC AAC TTC GCT GAG GAC GAA CTG GTT GAA GTG GAG GCG,1.9334772807096705
ATG GTT CAG CGT GGT TCT GCG GTT CGT ATC CTG CGT CCG GAA TCT TAC TGG TTT CAG GAC GTT GGT TGG GTT GCG TCT GTT GAC CAG TCC GGT ATC AAG TAC CCG GTG ATC GTT CGT TTT GAG AAA GTG AAC TAC TCT GGC ATC AAC ACC AAC AAC TTC GCG GAA GAC GAA CTG GTT GAA GTT GAA GCG,0.5974168488977719
ATG GTT CAG CGT GGC TCT AAA GTT CGT ATC CTG CGT CCG GAA TCT TAC TGG TTT CAG GAC GTT GGT ACC GTT GCG TCT GTT GAC CAG TCT GGC ATC AAA TAC CCG GTT ATC GTG CGC TTC GAA AAA GTG AAC TAC TCT GGT ATC AAC ACC AAC AAC AAT GCG GAA GAC GAA ATC GTT GAA GTT GAA GCG,-0.5152818522718827
ATG GTT CAG CGC GGC TCT AAA GTT CGC ATC CTG CGC CCA GAG TCT TAC TGG TTC CAG GAC GTT GGT ACC GTT GCG TCT GTT GAC CAG TCT GGC ATC AAA TAC CCG GTT ATC GTG CGC TTC GAG AAG GTT AAC TAC TCT GGT ATC AAC ACC AAC AAC CAC GCG GAA GAC GAA ATG GTT GAA GTT GAA GCG,-0.0738858866171997
ATG GTT CAG CGT GGT TCT AAA GTT CGT ATC CTG CGT CCG GAA TCT TAC TGG TTC CAG GAC GTG GGT ACC GTT GCG TCT GTT GAC CAG TCC GGT ATC AAA TAC CCG GTT ATC GTT CGC TTC GAG AAA GTG AAC TAC TCT GGC ATC AAC ACC AAC AAC CGT GCG GAA GAC GAA CTG GTT GAA GTT GAA GCG,-2.47345846606784
ATG GTT CAG CGT GGC TCC AAA GTT CGC ATC CTC CGT CCG GAA TCT TAC TGG TTC CAA GAC GTT GGT ACC GTT GCG TCT GTT GAC CAG TCT GGC ATC AAA TAC CCG GTT ATC GTT CGT TTT GTT CTG GTT AAC TAC TCC GGT ATC AAC ACC AAC AAC TTC GCG GAA GAC GAA CTG GTG GAA GTT GAA GCG,2.0076482173955563
ATG GTT CAG CGT GGT TCT AAA GTT CGT ATC CTG CGT CCG GAA TCC TAT TGG TTC CAG GAC GTT GGT ACC GTT GCG TCT GTT GGT CAG TAC GGC ATC AAA TAC CCG GTT ATC GTT CGT TTT GAG AAA GTG AAC TAC TCC GGT ATC AAC ACC AAC AAC TTC GCG GAA GAT GAA CTG GTT GAA GTT GAA GCG,0.4284102404216323
ATG GTT CAG CGT GGT TCT AAA GTT CGT ATC CTG GAG CCG GAA TCT TAC TGG TTC CAG GAC GTT GGT ACC GTT GCG TCT GTT GAC CAG TCT GGT ATC AAA TAC CCG GTT ATC GTT CGC TTC GAG AAA GTG AAC TAT TCT GGC ATC AAC ACC AAC AAC TTC GCG GAA GAT CAG CTG GTG GAA GTT GAA GCG,0.4773728783181598
ATG GTT CAG CGC GGT TCT AAG GTT CGT ATC CTG CGT CCG GAA TCT TAC TGG TTC CAG GAC GTT GGT ACC GTT GCG TCT GTT GAC CAG TCT GGC ATC AAG TAC GCG GTT ATC GTT CGT TTC GAG AAG GTT AAC TAC TCT GGT ATC TGC ACC AAC AAC TTC GCG GAA GAC GAA CTG GTT GAA GTT GAA GCG,1.80875912970844
ATG GTT CAG CGT GGT TCT AAA GTT CGT ATC CTG CGT CCG GAA TCT TAC TGG TTT CAG GAC GTT GGT ACC GTT GCG TCT GTT GAC CAG TCT GGT ATC AAA TAC CGT GTT ATC GTG CGT TTC GAG AAG GTT AAC TAC TCT GGC ATC GTT ACC AAC AAC TTC GCG GAA GAC GAA CTG GTT GAA GTT GAA GCG,1.5910906420782205
ATG GTT CAG CGT GGT TCT AAA GTT CGT ATC CTG CGT CCG GAA TCT TAC TGG TTC CAG GAC GTT GGT ACC GTG GCG TCT GTT GAC CAG TCT GGC ATC AAA TAC CCG GTT ATC GTT CGC AAC GAA AAA GTG AAC TAC TCC GGT ATC AAC ACC AAC AAC TTC GCG GAA GAC GAA CTG GTT GAA GTT GAA GCG,-3.17167043118422
ATG GTT CAG CGT GGT TCT AAG GTT CGT ATC CTG CGT CCG GAA TCT TAC TGG TTC CAG GAC GTG GGT ACC GTT GCG TCT GTT GAC CAG TCC GGT ATC AAG TAC TAC GTT ATC GTT CGT TTC GAG AAG GTT AAC TAC TCT GGC ATT TGG ACC AAC AAC TTC GCG GAA GAC GAA CTG GTT GAA GTT GAA GCG,2.4302818926998806
ATG GTG CAG CGT GGC TCC ATG GTT CGT ATC CTG CGT CCG GAA TCT TAC TGG TTT CAG GAC GTT GGT ACC GTT GCG TCT GTT GAC CAG TCT GGT ATC AAA TAC CCG GTT ATC GTT CGT TTC CGT AAG GTT AAC TAC TCT GGC ATC AAC ACC AAC AAC TTC GCG GAA GAC GAA CTG GTT GAG GTT GAA GCG,1.3180616435656765
ATG GTT CAG CGT GGT TCT AAA GTT CGT ATT CTG CGT CCG GAA TCT TAC TGG TTC CAA GAC GTT GGT ACC GTT GCG TCT GTT GAC CAG TCT GGC ATC AAG TAC ATC GTG ATC GTT CGT TTT GAA AAG GTG AAC TAC TCC GGT ATC AAC GTG AAC AAC TTC GCG GAA GAC GAA CTG GTT GAA GTT GAA GCG,2.1368533731262165
ATG GTT CAG CGT GGT TCT AAG GTT CGT ATC CTG CGT CCG GAA TCT TAC TGG TTC CAA GAC GTT GGT ACC GTT GCG TCT GTT GAC CAG TCT GGT ATC AAG TAC CCG GTT ATC GTT CGT TTC ATC ATG GTT AAC TAC TCT GGC ATC AAC ACC AAC AAC TTC GCG GAG GAT GAA CTG GTG GAA GTT GAA GCG,1.9382732981019253
ATG GTT CAG CGT GGT TCC GTT GTT CGT ATC CTG CGT CCG GAA TCT TAT TGG TTC CAG GAC GTT GGT ACC GTT GCG TCT GTT GAC CAG TCT GGT ATC AAA TAC CCG GTT ATC GTG CGT TTC AAC AAA GTG AAC TAC TCT GGC ATC AAC ACC AAC AAC TTC GCG GAA GAC GAA CTG GTT GAA GTT GAG GCT,1.3743483204228393
ATG GTG CAA CGC GGT TCT AAA GTT CGT ATC CTG CGT CCG GAA TCT TAC TGG TTC CAA GAC GTT GGT ACC GTT GCG TCT GTT GAC CAG TCT GGC ATC AAA TAC CAG GTT ATC GTT CGC TTC GAG AAG GTT AAC TAC TCT GGT ATC CTC ACC AAC AAC TTC GCG GAA GAC GAA CTG GTT GAA GTT GAA GCG,1.2815767179025292
ATG GTT CAG CGT GGC TCT AAA GTT CGT ATC CTG CGT CCG GAA TCT TAC TGG TTC CAG GAC GTT GGT ACC GTT GCT TCT GTT GAC CAG TCC GGC ATC AAA TAC CCG GTT ATC GTT CGC TTC GAA AAG GTG AAC TGC TCT GGT ATC AAC ACC AAC AAC TTC GCG GAA GAT GAA CTG GTT GAA GTT GAA GCG,3.5923328110004795
ATG GTT CAG CGT GGT TCT AAA GTT CGT ATC CTG CGT CCG GAA TCT TAC TGG TTC CAG GAT GTT CCG ACC GTT GCG TCT GTT GAC CAG TCT GGC ATC AAA TAC CCG GTT ATC GTT CGC TTC GAA AAG GTT AAC TAC TCC GGT ATC AAC ACC AAC AAC TTC GCG GAA GAC GAA CTG GTT GAA GTT GAA GCG,-0.2148724506777136
ATG GTT CAG CGT GGC TCT AAA GTT CGT ATC CTG CGT CCG GAA TCT TAC TGG TTT CAG GAC GTT GGT ACC GTT GCG TCT GTT GAC CAG TCT GGT ATC AAA TAC CGT GTT ATC GTT CGC TTC GAA AAG GTT AAC TAC TCT GGC ATC ACC ACC AAC AAC TTC GCG GAA GAC GAA CTG GTT GAA GTT GAA GCG,1.416285140901477
ATG GTT CAG CGT GGT TCT AAA GTT CGT ATC CTG CGT CCG GAA TCT TAC TGG TTC CAA GAC GTT GGT ACC GTT GCG TCT GTT GAC CAG TCT GGC ATC AAA TAC TTC GTG ATC GTT CGT TTC GAG AAA GTG AAC TAC TCT GGT ATC TGG ACC AAC AAC TTC GCG GAA GAC GAA CTG GTT GAA GTT GAG GCG,2.6596495141524894
ATG GTG CAG CGC GGT TCT AAA GTT CGT ATC CTG CGT CCG GAA TCT TAC TGG TTC CAG GAC GTT GGT ACC GTT GCG TCT GTT GAC CAA TCT GGC ATC AAA TAC TGG GTT ATC GTG CGT TTC GAG AAA GTG AAC TAC TCC GGT ATT AAC GCG AAC AAC TTC GCG GAA GAC GAG CTG GTT GAA GTT GAA GCG,2.187279057046004
ATG GTT CAG CGT GGT TCT AAA GTG CGT ATC CTG CGT ACC GAA TCT TAC TGG TTC CAG GAT GTG GGT ACC GTT GCG TCT GTT GAC CAG TCT GGC ATC AAA TAC CCG GTT ATC GTG CGT TTC GAG AAA GTG AAC TAC TCC GGT ATC AAC ACC AAC AAC TTC GCG GAA GAC GAA CTG GTT GAA GTT GAA GCG,1.6370743981908018
ATG GTT CAG CGT GGT TCT AAA GTT CGT ATC CTG TGG CCG GAA TCT TAC TGG TTC CAG GAC GTT GGT ACC GTT GCG TCT GTT GAC CAG TCT GGT ATC AAG TAC CCG GTT ATC GTT CGT TTT GAA AAG GTT AAC TAC TCC GGC ATC AAC ACC AAC AAC TTC GCG GAA GAC TTC CTG GTT GAA GTT GAG GCT,0.5974433170841338
ATG GTT CAG CGC GGT TCT CAC GTT CGT ATC CTG CGT CCG GAA TCT TAC TGG TTC CAG GAC GTT GGT CTG GTT GCG TCT GTT GAC CAG TCT GGC ATC AAG TAC CCA GTT ATC GTG CGC TTT GAA AAA GTG AAC TAC TCC GGT ATC AAT ACC AAC AAC TTC GCG GAA GAC GAA CTG GTT GAG GTT GAA GCG,0.6936433219878091
ATG GTT CAG CGT GGC TCC AAA GTT CGT ATC CTG CGC CCA GAA TCT TAC TGG TTC CAG GAC GTT GGT ACC GTT GCG TCT GTT GAC CAG TCT GGT ATC AAA TAC CCG GTT ATC GTG CGC TTC GAA AAA GTG AAC TAC TCC GGT ATT AAC ACC AAC AAC CTG GCG GAA GAC GAA GAA GTT GAG GTT GAA GCG,-0.207780412368383
ATG GTT CAG CGT GGT TCT AAA GTT CGT ATC CTG CGT CCG GAA TCT TAC TGG TTT CAG GAC GTT GGT ACC GTT GCG TCT GTT GAC CAG TCC GGT ATC AAA TAC TGG GTT ATC GTT CGT TTC GAG AAA GTG AAC TAC TCT GGC ATC AAC ATG AAC AAC TTT GCG GAA GAC GAA CTC GTT GAA GTT GAA GCG,2.243063840047474
ATG GTT CAG CGT GGT CCG AAA GTT CGT ATC CTG CGT CCG GAA TCT TAC TGG TTC CAG GAC GTT GGT ACC GTT GCG TCT GTT GAC CAG TCT GGC ATC AAA TAC CCG GTT ATC GTT CGC TTC GAA AAG GTG AAC TAC TCT GGT ATC AAC ACC AAC AAC TTC GCG GAA GAC GAA CTG GTT GAA GTT GAA GCG,-0.1984853671862122
ATG GTT CAG CGC GGT TCT AAA GTT CGT ATC CTG CGT CCG GAA TCT TAC TGG TTC CAG GAC GTT GGT ACC GTT GCG TCT GTT GAC CAG TCT GGC ATC AAA TAC CCG GTT ATC GTG CGC TTC GAA AAA GTG AAC TAC TCT GGT ATT AAC ACC AAC AAC CGT GCG GAA GAC GAA GCG GTT GAA GTT GAA GCG,-0.8791380497604095
ATG GTT CAG CGT GGT TCC AAA GTT CGT ATC CTG AAC CCG GAA TCT TAC TGG TTT CAA GAC GTT GGT ACC GTT GCG TCT GTT GAC CAG TCT GGC ATC AAA TAC CCG GTT ATT GTT CGT TTC GAG AAG GTT AAC TAC TCT GGT ATC AAC ACC AAC AAC TTC GCG GAA GAC GAC CTG GTT GAA GTT GAA GCG,1.1878055292348062
ATG GTT CAG CGT GGT TCT AAA GTT CGT ATC CTG CGT CCG GAA TCT TAC TGG TTC CAG GAC GTT GGC ACC GTT GCG TCT GTT GTT CAG CAC GGT ATC AAG TAC CCG GTT ATT GTT CGT TTC GAG AAA GTG AAC TAC TCC GGT ATT AAC ACC AAC AAC TTC GCG GAA GAC GAA CTG GTT GAG GTT GAA GCG,0.4221963754985808
ATG GTT CAG CGC GGT TCT AAA GTG CGT ATC CTG TCT CCG GAA TCT TAC TGG TTC CAG GAC GTG GGT ACC GTT GCG TCT GTT GAC CAG TCC GGT ATC AAG TAC CCG GTG ATC GTT CGT TTC GAG AAA GTG AAC TAC TCT GGC ATC AAC ACC AAC AAC TTC GCG GAA GAC CTG CTG GTT GAA GTT GAA GCG,-0.4775291137323112
ATG GTT CAG CGT GGT TCT AAA GTT CGC TGC CTC CGT CCG GAA TCT TAC TAC TTC CAG GAC GTT GGT ACC GTT GCG TCT GTT GAC CAG TCT GGT ATC AAA TAC CCG GTT ATT GTG CGT TTC GAG AAG GTT AAC TAC TCT GGC ATC AAC ACC AAC AAC TTC GCG GAA GAC GAA CTG GTT GAA GTT GAA GCG,1.1456613469339176
ATG GTT CAG CGT GGT TCT AAA GTT CGT ATC CTG CGT CCG GAA TCT TAC TGG TTT CAG GAC GTT GGT ACC GTT GCG TCT GTT GAC CAG TCT GGC ATC AAA TAC CCG GTT ATC GTT CGT TTT GAG AAA GTG AAC TAC TCC GGT ATC AAC ACC AAC AAC GGT GCG GAA GAC GAA TGC GTT GAA GTT GAA GCG,0.4595786776727171
ATG GTT CAG CGT GGT TCT ATT GTT CGC ATC CTG CGT CCG GAG TCC TAC TGG TTC CAA GAC GTT GGC AAA GTG GCG TCT GTT GAC CAG TCT GGC ATC AAA TAT CCG GTG ATC GTT CGC TTC GAG AAA GTG AAC TAC TCC GGT ATC AAC ACC AAC AAC TTC GCT GAA GAC GAA CTG GTT GAA GTT GAA GCG,0.618952022657804
ATG GTT CAG CGT GGT TCT AAA GTT CGT ATC AAA CGT CCG GAA TCT TAC TGG TTC CAG GAC GTT GGT ACC GTT GCG TCT GTT GAC CAG TCT GGT ATC AAG TAC CCG GTG ATC GTT CGT TTC GAG AAA GTG AAC TAC TCT GGC ATC AAC ACC AAC AAC TTC GCG GAA GAC GAA CTG GTT GAA GTT GAA GCG,0.0883037221381754
ATG GTT CAG CGT GGT TCT CAG GTT CGT ATC CTC CGT CCG GAA TCT TAC TGG TTC CAG GAC GTT GGT AAC GTT GCT TCC GTT GAC CAG TCT GGT ATT AAG TAC CCG GTT ATC GTT CGC TTC GAA AAG GTG AAC TAC TCC GGT ATC AAC ACC AAC AAC TTC GCG GAA GAC GAA CTG GTT GAA GTT GAA GCG,-0.668664316380986
ATG GTT CAG CGT GGT TCT TCT GTT CGT ATC CTG CGT CCG GAA TCT TAC TGG TTC CAG GAC GTT GGC ATG GTG GCG TCT GTT GAC CAG TCT GGC ATC AAA TAC CCG GTT ATC GTT CGT TTC GAG AAG GTT AAC TAC TCC GGT ATC AAC ACC AAC AAC TTC GCG GAA GAC GAA CTG GTT GAA GTT GAA GCG,0.2493351758532656
ATG GTT CAG CGT GGT TCT AAA GTG CGT ATC CTG CGT CCG GAA TCT TAC TGG TTC CAG GAC GTT GGT ACC GTT GCG TCT GTT GAC CAG TCT GGT ATC AAG TAC CCG GTT ATC GTG CGT TTC GAA GGT GTG AAC TAC TCT GGC ATC AAC ACC AAC AAC TTC GCT GAA GAC GAA CTG GTT GAG GTT GAA GCG,0.4707589864761854
ATG GTT CAG CGT GGT TCT AAA GTT CGT ATC GGT CGT CCG GAA TCT TAC TGG TTC CAG GAC GTT GGT ACC GTT GCG TCT GTT GAC CAG TCT GGT ATT AAG TAC CCG GTT ATC GTT CGT TTC GAG AAA GTG AAC TAC TCC GGT ATC AAC ACC AAC AAC TTC GCG GAA GAC GAA CTG GTT GAA GTT GAA GCG,-0.6094930322126699
ATG GTT CAG CGC GGC TCC AAA GTT CGT ATC CTG CGT CCG GAA TCT TAC TGG TTC CAG GAC GTT GGT ACC GTT GCG TCT GTT GAT CAG TCC GGC ATC AAA TAC CCG GTT ATC GTT CGC TTC GTT TGC GTT AAC TAC TCT GGT ATC AAC ACC AAC AAC TTC GCG GAA GAT GAA CTG GTT GAA GTT GAA GCG,1.9961097713504872
ATG GTT CAG CGC GGT TCT AAA GTT CGT ATC CTG CGT CCG GAA TCT TAC TGG TTC CAG GAC AAT GGT ACC GTT GCG TCT GTT GAC CAG TCT GGT ATC AAA TAC CCG GTT ATC GTT CGT TTT GAA AAA GTG AAC TAC TCT GGC ATC AAC ACC AAC AAC TTC GCG GAA GAC GAG CTG GTT GAA GTT GAA GCG,-0.4758091141682122
ATG GTT CAG CGT GGT TCT AAA GTT CGT ATC CTG CGT CCG GAA TCC TAC TGG TTC CAG GAT GTT GGT ACC GTT GCG TCT GTT GAC CAG TCT GGC ATC AAA TAC CCG GTT ATT GTT CGT TTC GAG AAA GTG AAT TAC TCC GGT ATC AAC CAC AAC AAC TTT GCT GAA GAC GAA CTG GTT GAA GTT GAA GCG,1.528169926518961
ATG GTT CAG CGT GGC TCT AAA GTT CGT ATC CTG CGT CCG GAA TCT TAC TGG TTC CAG GAC GTT GGT ACC GTT GCG TCT GTT GAC CAG TCT GGC ATC AAA TAC CCG GTT ATC GTT CGT TTC GCG ATG GTT AAC TAC TCT GGT ATC AAC ACC AAC AAC TTC GCG GAA GAT GAA CTG GTT GAA GTT GAA GCG,1.061097779503608
ATG GTT CAG CGT GGT TCT AAA GTT CGT ATC CTG TAC CCA GAG TCT TAC TGG TTC CAG GAC GTT GGT ACC GTT GCG TCT GTT GAC CAG TCT GGT ATC AAG TAC CCG GTT ATC GTT CGC TTC GAA AAA GTG AAC TAC TCC GGC ATC AAT ACC AAC AAC TTC GCG GAA GAT TGC CTG GTT GAA GTG GAA GCG,0.7203840304603886
ATG GTT CAG CGT GGT TCT AAA GTT CGT ATC CTG CGT CCG GAA TCT TAC TGG TTC CAA GAC GTT GGT ACC GTT GCG TCT GTT GAC CAG TCT GGC ATC AAA TAC GAA GTG ATC GTT CGT TTC GAG AAA GTG AAC TAC TCT GGT ATC TGG ACC AAC AAT TTC GCG GAA GAC GAA CTG GTG GAA GTT GAA GCG,1.515167079111384
ATG GTT CAG CGT GGT TCT AAA GTG CGT ATC CTG CGT CCG GAA TCT TAC TGG TTC CAG GAC GTT GGT ACC GTT GCG TCT GTT GAC CAG TCT GGT ATC AAG TAC CCG GTG ATC GTT CGT TTC GAG AAG GTT AAC TAC TGC GGT ATT AAC ACC AAC AAC TTC GCG GAA GAC GAA CTG GTT GAA GTT GAA GCG,3.684865593914037
ATG GTG CAG CGT GGC TCC AAA GTT CGT ATC CTG CGT CCG GAA TCT TAC TGG TTC CAA GAC GTT GGT ACC GTT GCG TCT GTT GAC CAG TCT GGC ATC AAA TAC CCG GTT ATC GTG CGT TTC GAG AAA GTG AAC TAT TCT GGT ATC AAC ACC AAC AAC GAA GCG GAA GAC GAA CAG GTT GAA GTT GAA GCG,-0.2797944813720435
ATG GTT CAG CGT GGT TCT AAA GTT CGT GTT CTG CGT CCG GAG TCT TAC CAC TTC CAA GAC GTT GGT ACC GTT GCG TCT GTT GAT CAG TCC GGT ATC AAG TAC CCG GTT ATC GTT CGT TTC GAG AAG GTT AAC TAC TCT GGC ATC AAC ACC AAC AAC TTC GCG GAA GAC GAG CTG GTT GAA GTG GAA GCG,-0.0026515142705528
ATG GTT CAG CGT GGT TCT AAA GTT CGT ATC CTG CGT CCA AAC TCC TAC TGG TTC CAA GAT GTT GGT ACT GTT GCT TCT GTT GAC CAG TCT GGT ATC AAA TAT CCG GTG ATT GTG CGT TTC GAG AAA GTG AAT TAC TCC GGC ATC AAC ACC AAC AAC TTC GCG GAA GAT GAA CTC GTT GAA GTT GAA GCG,1.9642516009268656
ATG GTT CAG CGT GGT TCT AAA GTT CGT ATC CTG CGT CCG GAA TCT TAC TGG TTC CAG GAT GTT GGT ACC GTT GCG TCT GTT GAC CAG TCT GGC ATC AAA TAC CCG GTT ATC GTT CGT TTC ATG TCT GTT AAC TAC TCC GGT ATC AAC ACC AAC AAC TTC GCG GAA GAC GAA CTG GTT GAA GTT GAA GCG,1.573328666903226
ATG GTT CAG CGT GGT TCT AAA GTT CGC ATT CTG CGT CCG GAA TCT TAC TGG TTC CAG GAC GTT GGT ACC GTT GCG TCT GTT GTT CAG ATC GGC ATC AAA TAC CCG GTT ATC GTT CGT TTC GAG AAG GTT AAC TAC TCT GGC ATT AAC ACC AAC AAC TTC GCG GAA GAC GAA CTG GTT GAA GTT GAA GCG,0.5643553340282159
ATG GTT CAG CGT GGT TCT CTG GTT CGT ATC CTG CGT CCG GAA TCT TAC TGG TTC CAA GAC GTT GGT ATG GTT GCG TCT GTT GAC CAG TCC GGC ATC AAA TAC CCG GTT ATC GTT CGT TTC GAG AAG GTT AAC TAC TCC GGT ATC AAC ACC AAC AAC TTC GCG GAA GAC GAA CTG GTT GAA GTT GAA GCG,1.7015896803222414
ATG GTT CAA CGT GGT TCT AAA GTT CGT ATC CTG CGT CCG GAA TCT TAC TGG TTC CAG GAC GTT GGT ACC GTT GCG TCT GTT GAC CAA TCT GGT ATC AAG TAC CCG GTT ATC GTT CGT TTT GAG AAA GTT CTG TAC TCC GGC ATC AAC ACC AAC AAC TTC GCT GAA GAC GAA CTG GTG GAA GTT GAG GCG,0.3906556819797895
ATG GTT CAG CGT GGC TCC AAA GTT CGT ATC CTG CGT CCG GAA TCT TAC TGG TTC CAG GAC TCT GGT ACC GTT GCG TCT GTT GAC CAG TCT GGC ATC AAG TAC CCG GTT ATC GTT CGT TTT GAA AAA GTG AAC TAC TCC GGT ATC AAC ACC AAC AAC TTC GCG GAA GAC GAG CTG GTT GAA GTT GAA GCG,-0.5143838282540572
ATG GTT CAG CGT GGT TCT AAA GTT CGT ATC CTG GAA CCG GAA TCT TAC TGG TTT CAG GAC GTT GGT ACC GTT GCG TCT GTT GAC CAG TCC GGC ATC AAA TAC CCG GTT ATC GTT CGT TTC GAG AAG GTT AAC TAC TCT GGT ATC AAC ACC AAC AAC TTC GCG GAA GAC TGG CTG GTT GAA GTT GAA GCG,-0.0796472109757431
ATG GTT CAG CGT GGT TCT AAA GTT CGT ATC CTG CGT CCG GAA TCT TAC TGG TTT CAG GAC GTT GGT ACC GTT GCG TCT GTT GAC CAG TCT GGT ATC AAA TAC CCG GTT ATC GTT CGT TTC GTT GAC GTT AAC TAC TCT GGC ATC AAC ACC AAC AAC TTC GCG GAA GAC GAA CTC GTT GAA GTT GAA GCG,0.7682850457584356
ATG GTT CAG CGT GGT TCT AAA GTT CGT ATC CTG CGT CCG GAA TCT TAC TGG TTC CAA GAC GTT GGT ACC GTT GCG TCT GTT GAC CAG TCC GGC ATT AAG TAC ATG GTG ATC GTT CGT TTC GAG AAG GTT AAC TAC TCT GGC ATC AAC TGG AAC AAC TTC GCG GAA GAC GAA CTG GTT GAA GTT GAA GCG,2.5976369714079484
ATG GTT CAG CGT GGT TCT AAA GTT CGT ATC CTG TGC CCG GAA TCT TAC TGG TTT CAG GAC GTT GGT ACC GTT GCG TCT GTT GAC CAG TCC GGC ATT AAG TAC CCG GTT ATC GTG CGT TTC GAG AAA GTG AAC TAC TCT GGC ATC AAC ACC AAC AAT TTC GCG GAA GAT TTT CTG GTG GAA GTG GAG GCT,1.1527181210692756
ATG GTT CAG CGT GGT TCT TAC GTT CGT ATC CTG CGT CCG GAA TCT TAC TGG TTC CAG GAC GTT GGT ACC GTT GCG TCT GTT GAC CAG TCC GGC ATC AAG TAC CCG GTG ATC GTG CGT TTC CTG AAA GTG AAC TAC TCT GGT ATC AAC ACC AAC AAC TTC GCG GAA GAC GAA CTG GTT GAA GTT GAA GCG,1.0779130587481762
ATG GTT CAG CGT GGT TCT AAA GTT CGT ATC CTG CGT CCG CAG TCT TAC TGG TTC CAG GAC GTT GGT ACC GTT GCG TCT GTT GAC CAA TCT GGT ATC AAA TAC CCG GTT ATC GTT CGT TTC GAG AAA GTG AAC TAC TCT GGC ATC AAC ACC AAC AAC TTT GCT GAA GAC GAA CTG GTT GAA GTT GAA GCG,1.5552180975488774
ATG GTT CAG CGT GGT TCT AAA GTT CGT ATC CTG ACT CCA GAA TCT TAT TGG TTC CAG GAC GTT GGT ACC GTT GCG TCT GTT GAC CAG TCT GGT ATC AAG TAC CCG GTT ATC GTG CGT TTC GAG AAG GTG AAC TAC TCC GGC ATC AAT ACC AAC AAC TTC GCG GAA GAC TAC CTG GTG GAA GTG GAG GCT,-0.3161791914508234
ATG GTT CAG CGT GGC TCT AAA GTT CGT ATT CTG CGT CCA GAA TCT TAC TGG TTC CAG GAC GTT GGT ACC GTT GCG TCT GTT GAC CAG TCC GGT ATC AAG TAC CCG TGG ATC GTG CGT TTT GAA AAG GTT AAC TAC TCT GGC ATC AAC ACC AAC AAC TTC GCG GAA GAC GAA CTG GTT GAA GTG GAG GCG,1.0506996887899165
ATG GTT CAG CGT GGC TCT AAA GTG CGT CGT CTC CGT CCG GAA TCT TAC ATG TTC CAG GAC GTT GGC ACC GTT GCG TCT GTT GAC CAG TCT GGC ATC AAA TAC CCA GTG ATC GTT CGT TTT GAG AAA GTG AAC TAC TCC GGT ATC AAC ACC AAC AAC TTC GCG GAA GAC GAA CTG GTT GAA GTT GAA GCG,-0.5711096580921673
ATG GTT CAG CGT GGT TCT AAA GTT CGT ATC CTG CGT CCG GAA TCT TAC TGG TTC CAG GAC GTT GGT ACC GTT GCG TCT GTT GAC CAA TCT GGT ATC AAA TAC CAC GTG ATC GTG CGC TTC GAA AAA GTG AAC TAC TCC GGT ATT ATC ACC AAC AAC TTC GCG GAA GAC GAA CTG GTT GAA GTT GAA GCG,1.3784581142348322
ATG GTT CAG CGT GGC TCT AAA GTT CGC ATC CTG TGG CCG GAA TCT TAC TGG TTT CAG GAC GTT GGT ACC GTT GCG TCT GTT GAC CAG TCT GGC ATC AAA TAC CCG GTT ATC GTT CGT TTC GAG AAG GTG AAC TAC TCC GGT ATC AAC ACC AAC AAT TTC GCG GAA GAC ATG CTG GTT GAA GTT GAA GCG,0.4525619695522074
ATG GTT CAG CGT GGT TCT AAA GTT CGT GGT CTG CGT CCG GAA TCT TAC AAA TTC CAG GAC GTT GGT ACC GTT GCG TCT GTT GAC CAG TCT GGC ATC AAA TAC CCG GTT ATC GTT CGT TTC GAG AAG GTG AAC TAC TCT GGT ATT AAC ACC AAC AAC TTC GCG GAA GAC GAA CTG GTT GAA GTT GAA GCG,-0.5229852731021967
ATG GTT CAG CGT GGT TCT AAA GTT CGT ATC CTG CGT CCG GAA TCT TAC TGG TTC CAG GAC GTT GGT ACC GTT GCT TCT GTT GAC CAG TCT GGC ATC AAA TAC CCG GTT ATC GTT CGT TTC GCG TAC GTT AAC TAC TCT GGT ATC AAC ACC AAC AAC TTC GCG GAA GAC GAA CTG GTT GAA GTT GAA GCG,1.4515409299260642
ATG GTT CAA CGT GGT TCT ATC GTT CGT ATC CTG CGT CCG GAA TCT TAC TGG TTC CAG GAC GTT GGT CGC GTT GCG TCT GTT GAC CAG TCT GGT ATC AAA TAC CCG GTG ATC GTG CGC TTT GAG AAA GTG AAC TAC TCT GGC ATC AAC ACC AAC AAC TTC GCG GAA GAC GAA CTG GTT GAA GTT GAA GCG,0.6257645546847009
ATG GTT CAG CGT GGC TCT AAA GTT CGT AAC CTG CGT CCG GAA TCT TAC TAC TTC CAG GAT GTT GGT ACC GTT GCG TCT GTT GAC CAG TCT GGC ATC AAA TAC CCG GTT ATC GTG CGT TTC GAG AAA GTG AAC TAT TCT GGT ATC AAC ACC AAC AAC TTC GCG GAA GAC GAA CTG GTT GAA GTT GAA GCG,-1.3464192396212389
ATG GTT CAG CGC GGT TCT AAA GTT CGT ATC CTG CGT CCG GAA TCT TAC TGG TTC CAG GAC GTT GGT ACC GTT GCG TCT GTT GAC CAG TCT GGC ATC AAA TAC CCG GTT ATC GTT CGC TTC TTC AAA GTG AAC TAC TCT GGT ATC AAC ACC AAC AAC TTC GCG GAA GAC GAA CTG GTT GAA GTT GAA GCG,0.971704818905028
ATG GTT CAG CGT GGC TCT GAA GTT CGT ATC CTG CGT CCG GAA TCT TAC TGG TTC CAG GAC GTG GGT GTG GTT GCT TCT GTT GAC CAG TCT GGT ATC AAA TAC CCG GTT ATC GTT CGT TTT GAA AAA GTG AAC TAC TCC GGT ATT AAC ACC AAC AAC TTC GCG GAG GAT GAA CTG GTT GAA GTT GAA GCG,0.0986234220954709
ATG GTT CAG CGT GGC TCT CTC GTT CGT ATC CTG CGT CCG GAA TCT TAC TGG TTC CAG GAC GTT GGT CAC GTT GCG TCT GTT GAC CAG TCT GGT ATC AAA TAC CCG GTT ATC GTT CGC TTC GAA AAA GTG AAC TAC TCT GGC ATC AAC ACC AAC AAC TTC GCG GAA GAC GAA CTG GTT GAA GTT GAA GCG,0.5895897471811087
ATG GTT CAG CGT GGT TCT AAA GTT CGT ATC CTG CGT CCG GAA TCT TAC TGG TTC CAG GAT GTT GGT ACC GTT GCG TCT GTT GAC CAG TCC GGT ATC AAG TAC TCT GTT ATC GTT CGC TTC GAG AAG GTG AAC TAC TCT GGC ATC AAA ACC AAC AAC TTT GCG GAA GAC GAG CTG GTT GAG GTT GAA GCG,0.9367076235786956
ATG GTT CAA CGC GGT TCC AAG GTT CGT ATC CTG CAC CCG GAA TCT TAC TGG TTC CAG GAC GTG GGC ACC GTT GCG TCC GTT GAC CAG TCT GGT ATC AAA TAC CCA GTT ATT GTG CGT TTC GAG AAA GTG AAC TAC TCC GGC ATC AAC ACC AAC AAC TTC GCG GAA GAC GGT CTG GTT GAA GTT GAA GCG,-1.6543239544162782
ATG GTT CAG CGT GGC TCT AAA GTT CGT CAG CTG CGT CCG GAA TCT TAC ATT TTC CAG GAC GTT GGT ACC GTT GCG TCT GTT GAC CAG TCC GGC ATT AAG TAC CCG GTT ATT GTT CGC TTC GAG AAG GTT AAC TAC TCC GGT ATC AAC ACC AAC AAC TTC GCG GAA GAC GAG CTG GTT GAA GTT GAA GCG,-1.5567777760820711
ATG GTT CAG CGT GGT TCT AAA GTT CGT ATC CTG CGT CCG GAA TCT TAC TGG TTC CAG GAT GTT GGT ACC GTT GCG TCT GTT GAC CAG TCT GGT ATC ATG TAC CCG GTT ATC GTT CGT TTC GAG AAA GTG AAC TAC TCC GGT ATC AAC ACC AAC AAC TTC GCG GAA GAC GAA CTG GTT GAA GTT GAG GCT,1.6101528002219925
ATG GTT CAG CGT GGT TCT AAA GTT CGT ATC CTG CGT CCG GAA TCT TAT TGG TTC CAG GAC GTT GGT ACC GTT GCG TCT GTT GAC CAG TCT GGT ATC AAA TAC CCG GTT ATC GAA CGC TTC GAA AAA GTG AAC TAC TCC GGC ATC AAC ACC AAC AAC TTC GCG GAA GAC GAA CTG GTT GAA GTT GAA GCG,-6.535419063799271
ATG GTT CAG CGT GGC TCT GAG GTT CGT ATC CTG CGT CCG GAA TCT TAC TGG TTC CAG GAC GTT GGT ACC GTT GCG TCT GTT GAC CAG TCT GGT ATC AAG TAC CCG GTT ATC GTT CGT TTC GTG AAA GTG AAC TAC TCT GGC ATC AAC ACC AAC AAC TTC GCT GAA GAC GAA CTC GTT GAA GTT GAA GCG,0.5810238686203473
ATG GTT CAG CGT GGT TCT AAA GTT CGT ATC CTG CGT CCG GAA TCT TAC TGG TTC CAG GAC GTT GGT ACC GTT GCG TCT GTT GAA CAG TAC GGT ATC AAA TAC CCG GTT ATT GTG CGT TTC GAG AAG GTG AAC TAC TCT GGC ATC AAT ACC AAC AAC TTC GCG GAG GAC GAA CTG GTT GAA GTT GAA GCG,0.4106544503505877
ATG GTT CAG CGT GGC TCT AAA GTT CGT ATC CTG CGT CCG GAA TCT TAC TGG TTT CAG GAC GTT GGT ACT GTT GCG TCT GTT GAC CAG TCT GGT ATC AAA TAC CCG GTT ATC GTT CGT TTC GAG AAA GTG AAT TAC TCT GGC ATC AAC ACC AAC AAC TCT GCG GAA GAC GAA CAG GTT GAA GTT GAA GCG,-0.2332032556333722
ATG GTT CAG CGT GGC TCC AAA GTG CGT ATC CTG CGT CCG GAA TCT TAC TGG TTC CAG GAC GTT GGT ACC GTT GCG TCT GTT GAC CAG TCC GGC ATC AAG TAC TAC GTT ATC GTT CGC TTC GAA AAG GTT AAC TAC TCC GGT ATC ATG ACC AAC AAC TTC GCG GAA GAC GAA CTG GTT GAA GTT GAA GCG,2.1537474347212484
ATG GTG CAG CGC GGT TCT TAC GTT CGT ATC CTG CGT CCG GAA TCT TAC TGG TTC CAG GAC GTT GGT ACC GTT GCG TCT GTT GAC CAG TCT GGT ATC AAA TAC CCG GTT ATT GTT CGC TTC TGC AAG GTG AAC TAC TCC GGC ATC AAC ACC AAC AAC TTC GCG GAG GAT GAA CTG GTT GAA GTT GAA GCG,1.6814307293662372
ATG GTT CAA CGT GGC TCT AAA GTT CGT ATC CTG TTC CCG GAA TCT TAC TGG TTC CAG GAC GTT GGT ACC GTT GCG TCT GTT GAC CAG TCT GGT ATC AAG TAC CCG GTT ATC GTT CGT TTC GAG AAA GTG AAC TAC TCT GGC ATC AAC ACC AAC AAT TTC GCT GAA GAC GCG CTG GTT GAA GTT GAG GCT,0.28512017325333
ATG GTT CAA CGT GGT TCT AAA GTT CGT ATC CTG CGT CCG GAA TCT TAC TGG TTC CAG GAC GTG GGT ACC GTT GCG TCT GTT GAC CAG TCC GGT ATC AAG TAC CCG GTT ATC GTT CGT TTC GAG AAA GTG AAC TAC TCT GGC ATC AAC ACC AAC AAC TCT GCT GAA GAC GAG TTC GTT GAA GTT GAG GCG,-0.1451015538241478
ATG GTT CAG CGT GGT TCT TGG GTT CGT ATC CTC CGT CCG GAA TCT TAT TGG TTC CAG GAC GTT GGT ACC GTT GCG TCT GTT GAC CAG TCT GGC ATC AAA TAC CCG GTT ATC GTT CGC TTC TTC AAG GTG AAC TAT TCT GGT ATC AAC ACC AAC AAC TTC GCG GAA GAC GAA CTG GTT GAA GTT GAA GCG,1.4997069750449197
ATG GTT CAG CGT GGT TCT AAA GTT CGT ATC CTG CGT CCG GAA TCT TAC TGG TTT CAG GAC GTT GGT ACC GTT GCG TCT GTT GAC CAG TCC GGT ATC AAA TAC GGT GTT ATC GTG CGT TTC GAG AAA GTG AAC TAC TCT GGT ATC CCG ACC AAC AAC TTC GCG GAA GAC GAA CTG GTT GAA GTT GAA GCG,0.7978411860943067
ATG GTT CAG CGT GGT TCC AAG GTT CGT ATC CTG AAC CCG GAG TCT TAC TGG TTT CAG GAC GTT GGT ACC GTT GCG TCT GTT GAC CAG TCT GGT ATC AAA TAC CCG GTT ATC GTT CGT TTT GAA AAA GTG AAC TAC TCC GGC ATC AAC ACC AAC AAT TTC GCG GAA GAC CAG CTC GTT GAA GTT GAA GCG,0.3255962200188805
ATG GTT CAG CGC GGT TCT AAA GTT CGT ATC CTG AAA CCG GAA TCT TAC TGG TTC CAG GAC GTT GGT ACC GTT GCG TCT GTT GAC CAG TCT GGC ATC AAA TAC CCG GTT ATC GTT CGC TTC GAA AAG GTG AAC TAC TCT GGT ATC AAC ACC AAC AAC TTT GCG GAA GAC TTC CTC GTT GAA GTT GAA GCG,-0.2328025969181518
ATG GTT CAG CGC GGC TCC AAA GTT CGT AAA CTG CGT CCA GAG TCT TAC TGC TTC CAG GAT GTT GGT ACC GTT GCG TCT GTT GAC CAG TCT GGT ATC AAG TAC CCG GTT ATC GTT CGC TTC GAA AAA GTG AAC TAC TCT GGC ATC AAC ACC AAC AAC TTC GCG GAA GAC GAA CTC GTT GAA GTG GAA GCG,0.6262848882019109
ATG GTT CAG CGT GGT TCT ATG GTT CGC ATC CTC CGT CCG GAA TCT TAC TGG TTC CAG GAC GTT GGT ACC GTT GCG TCT GTT GAC CAG TCC GGT ATC AAA TAC CCG GTT ATC GTT CGT TTC TTC AAG GTG AAC TAC TCT GGC ATC AAC ACC AAC AAC TTC GCG GAA GAC GAA CTG GTT GAA GTT GAA GCG,1.5967265635876593
ATG GTT CAG CGT GGT TCT AAA GTT CGT ATC CTG CGT CCG GAA TCT TAC TGG TTC CAG GAC GTT GGT ACC GTT GCG TCT GTT GAC CAG TCT GGT ATC AAA TAC CCG GTT ATT GTT CGT TTC GAG AAA GTG AAC TAC TCT GGC ATC AAC ACC AAC AAC TTC GCG GAA GAC GAA ACC GTT GAA GTT GAA GCG,-0.3335926783852492
ATG GTT CAG CGC GGC TCT AAA GTT CGT ATC CTG CGT CCG GAA TCT TAC TGG TTC CAG GAC GTT GGT ACC GTT GCG TCT GTT AAA CAG CGT GGC ATC AAA TAC CCG GTT ATT GTG CGT TTC GAG AAA GTG AAC TAC TCC GGT ATC AAC ACC AAC AAC TTC GCG GAA GAC GAA CTG GTT GAA GTT GAG GCG,0.3496005016825049
ATG GTT CAG CGT GGT TCT AAA GTT CGT ATC CTG CGT CCG GAA TCT TAC TGG TTC CAG GAC GTT GGT ACC GTT GCG TCT GTT GAC CAG TCC GGC ATC AAG TAC AAG GTG ATT GTG CGT TTC GAG AAG GTT AAC TAC TCT GGT ATC AAC CAC AAC AAC TTC GCG GAA GAC GAA CTG GTT GAA GTT GAA GCG,1.619573290811454
ATG GTT CAG CGT GGT TCT AAA GTT CGT ATC CTG CGT CCG GAA TCT TAC TGG TTC CAG GAT GTT GGT ACC GTT GCG TCT GTT GAC CAG TCT GGT ATT AAG TAC CCG GTT ATC GTT CGT TTC GAG AAA GTG AAC TAC TCC GGT ATC AAC ACC AAC AAC TTC GCG GAA GAC GAA CTG GTT GAA GTT CGC GCG,1.6348834248828878
ATG GTT CAG CGT GGC TCC TTC GTG CGT ATC CTG CGT CCA GAA TCT TAC TGG TTC CAG GAC GTT GGT ACC GTT GCG TCT GTT GAC CAG TCT GGC ATC AAA TAC CCG GTT ATC GTT CGC TTT ATG AAA GTG AAC TAC TCC GGT ATC AAC ACC AAC AAC TTC GCG GAA GAC GAA CTG GTT GAA GTT GAA GCG,1.0806818234825508
ATG GTT CAG CGT GGT TCC AAA GTT CGT TCT CTC CGT CCG GAA TCT TAC GGT TTC CAG GAC GTT GGT ACC GTT GCG TCT GTT GAC CAG TCT GGC ATC AAA TAC CCG GTT ATC GTG CGT TTC GAG AAA GTG AAC TAC TCC GGT ATC AAT ACC AAC AAC TTC GCG GAA GAC GAA CTG GTT GAA GTT GAA GCG,-1.8534981592387303
ATG GTT CAG CGT GGC TCT AAA GTT CGT ATC CTG CGT CCG GAA TCT TAC TGG TTC CAG GAT GTT GGT ACC GTT GCG TCT GTT GAC CAG TCC GGT ATC AAA TAC TGC GTG ATC GTT CGT TTC GAG AAG GTT AAC TAC TCT GGC ATC AAC GTT AAC AAC TTC GCG GAA GAC GAA CTG GTT GAA GTT GAA GCG,2.1629688769273425
ATG GTT CAG CGT GGT TCC AAA GTT CGT ATC CTG CGT CCG GAA TCT TAC TGG TTT CAG GAC GTT GGT ACC GTT GCG TCT GTT GAC CAG TCT GGT ATC AAA ACT CCG GTT ATC GTT CGT TTC GAG AAG GTT AAC TAC TCT GGC ATC AAC ACC AAC AAC TTC GCG GAA GAC GAA CTG GTT GAA GTT GAA GCG,0.1391329285352565
ATG GTT CAG CGT GGT TCT TTT GTT CGT ATC CTG CGT CCG GAA TCT TAC TGG TTC CAG GAC GTT GGT GTG GTT GCG TCT GTT GAC CAG TCC GGT ATC AAG TAC CCG GTG ATC GTT CGT TTC GAG AAA GTG AAC TAC TCC GGC ATT AAC ACT AAC AAC TTC GCG GAA GAC GAA CTG GTT GAA GTT GAA GCG,2.4069910166287416
ATG GTT CAG CGT GGT TCT AAA GTG CGT ATC CTG CGT CCG GAA TCT TAC TGG TTC CAG GAC GTT GGT ACC GTT GCG TCT GTT GAC CAG TCT GGT ATT AAG TAC CCG GTT ATC GTT CGT TTC CTG AAA GTG AAC TAC TCC GGC ATC AAC ACC AAC AAC TTC GCG GAA GAC GAA CTC GTT GAA GTT GAA GCG,1.264413221371591
ATG GTT CAG CGT GGC TCT AAA GTT CGT ATC CTG CGT CCG GAA TCT TAC TGG TTC CAG GAC GTT GGT ACC GTT GCG TCT GTT CTG CAA CGT GGC ATC AAG TAC CCG GTT ATC GTT CGC TTC GAA AAG GTG AAC TAC TCT GGT ATC AAC ACC AAC AAC TTC GCG GAA GAT GAA CTG GTT GAA GTT GAA GCG,1.844894872965602
ATG GTT CAG CGT GGT TCT CAG GTT CGT ATC CTG CGT CCG GAG TCT TAT TGG TTC CAG GAC GTT GGT GTT GTT GCG TCT GTT GAC CAG TCT GGT ATC AAA TAC CCG GTT ATC GTT CGT TTC GAG AAG GTT AAC TAC TCC GGC ATC AAC ACT AAT AAC TTC GCG GAA GAC GAA CTG GTT GAA GTT GAA GCG,1.246486022026629
ATG GTT CAG CGT GGT TCT AAA GTT CGT ATC CTG CGT CCG GAA TCT TAC TGG TTT CAG GAC GTT GGT ACC GTT GCG TCT GTT GAC CAG TCT GGC ATC AAA TAC CCG GTT ATC GTG CGT TTC GAG AAA GTG AAC TAC TCC GGT ATC AAC ACC AAC AAC TCT GCG GAA GAC GAA ATC GTT GAA GTT GAA GCG,-0.5422306731497253
ATG GTT CAG CGT GGT TCT AAA GTT CGT ATC CTG CGT CCG GAA TCT TAC TGG TTC CAG GAC GTT GGT ACT GTT GCG TCT GTG CTG CAG AAA GGT ATC AAA TAC CCG GTT ATC GTT CGT TTC GAG AAA GTG AAC TAC TCT GGC ATC AAC ACC AAC AAC TTC GCT GAA GAC GAA CTG GTT GAA GTT GAA GCG,2.0153329672820908
ATG GTT CAG CGT GGT TCT AAA GTT CGT ATC CTG CGT CCG GAA TCT TAC TGG TTC CAG GAC GTT GGT ACC GTT GCT TCT GTT GAC CAG TCT GGC ATC AAG TAC CCG GTT ATC GTT CGT TTC GCG CGT GTT AAC TAC TCT GGT ATC AAC ACC AAC AAC TTC GCG GAA GAC GAA CTC GTT GAA GTT GAA GCG,2.3978565606249083
ATG GTT CAG CGC GGT TCT AAA GTT CGT ATC CTG CGT CCG GAA TCT TAC TGG TTC CAG GAC GTT GGT ACC GTT GCT TCC GTT GAC CAG TCT GGT ATC AAA TAC CCG GTT ATC GTT CGT TTC GAG AAG GTG AAC TAC TCT GGC ATC AAC ACC AAC AAC GAA GCG GAA GAC GAA CTG GTT GAA GTT GAA GCG,-0.7878437205049487
ATG GTT CAG CGT GGC TCT AAA GTT CGT ATC CTG CGT CCG GAA TCT TAC TGG TTC CAA GAC GTT GGT ACC GTT GCG TCT GTT GAC CAG TCT GGT ATT AAG TAC CCG GTT ATC GTT CGT TTC ACC TTC GTT AAC TAC TCC GGT ATC AAC ACC AAC AAC TTC GCG GAA GAT GAA CTC GTT GAA GTG GAA GCG,2.009434014582768
ATG GTT CAG CGT GGC TCC AAA GTT CGT GAA CTC CGT CCG GAA TCT TAC CCG TTC CAG GAT GTT GGT ACC GTT GCG TCT GTT GAC CAG TCT GGT ATC AAG TAC CCG GTT ATC GTT CGC TTC GAA AAA GTG AAC TAC TCT GGC ATC AAC ACC AAC AAC TTC GCG GAA GAC GAA CTC GTT GAA GTT GAG GCT,-3.5761278382981843
ATG GTT CAG CGC GGT TCT AAA GTT CGT ATC CTG CGT CCG GAA TCT TAC TGG TTC CAG GAC GTT GGT ACC GTT GCG TCT GTT GTT CAG AAC GGT ATT AAG TAC CCG GTT ATC GTT CGT TTC GAG AAA GTG AAC TAC TCT GGT ATC AAC ACC AAT AAC TTC GCG GAA GAC GAA CTG GTT GAA GTT GAA GCG,0.628091977811502
ATG GTT CAG CGT GGC TCT AAA GTT CGT ATC CTG TTC CCG GAA TCT TAC TGG TTC CAA GAC GTT GGT ACC GTT GCT TCT GTG GAC CAG TCT GGT ATC AAG TAC CCG GTT ATT GTT CGT TTC GAG AAG GTT AAC TAC TCT GGC ATC AAC ACC AAC AAC TTC GCT GAA GAC TGG CTG GTT GAA GTT GAA GCG,1.0787157854612548
ATG GTT CAG CGT GGT TCT AAA GTT CGT ATC CTG TCT CCG GAA TCT TAC TGG TTC CAA GAC GTT GGT ACC GTT GCG TCT GTT GAC CAG TCC GGT ATC AAG TAC CCG GTG ATC GTT CGT TTT GAA AAA GTG AAC TAC TCC GGC ATC AAC ACC AAC AAC TTC GCG GAA GAC CAA CTG GTT GAA GTT GAA GCG,0.2644997123736058
ATG GTT CAG CGT GGC TCC AAA GTT CGT ATC CTG CGT CCG GAA TCT TAC TGG TTC CAG GAC GTT GGT ACC GTT GCG TCT GTT GAC CAG TCT GGT ATC AAG TAC CGT GTT ATC GTT CGC TTC GAG AAA GTG AAC TAC TCT GGC ATC AAC AAA AAC AAC TTC GCG GAG GAC GAA CTG GTT GAA GTG GAA GCG,1.1693530394067235
ATG GTT CAG CGT GGT TCT AAA GTT CGT TTC CTG CGT CCG GAA TCT TAC TGG TTC CAG GAT GTT GGT ACC GTT GCG TCT GTT GAC CAG TCT GGC ATC AAA TAC CCG GTT ATC GTT CGC TTC GAG AAG GTT AAC TAC TCC GGT ATC AAC ACC AAC AAT TTC GCG GAA GAC GAA CTG GTT GAA GTT GAG GCT,0.0697737460422151
ATG GTT CAG CGT GGT TCT ACC GTT CGT ATC CTG CGT CCG GAA TCT TAC TGG TTC CAA GAC GTT GGT ACC GTT GCG TCT GTT GAC CAG TCT GGT ATC AAA TAC CCG GTT ATC GTG CGT TTT CAG AAG GTT AAC TAC TCC GGT ATT AAC ACC AAC AAC TTC GCG GAA GAC GAA CTG GTT GAG GTG GAA GCG,1.0671101891049335
ATG GTT CAG CGT GGT TCT AAA GTT CGT ATC CTG GTT CCG GAG TCT TAT TGG TTC CAA GAC GTT GGT ACC GTT GCG TCT GTT GAC CAG TCT GGT ATC AAA TAC CCG GTT ATC GTG CGT TTC GAG AAG GTT AAC TAC TCC GGC ATC AAC ACC AAC AAT TTC GCG GAA GAC GCG CTG GTT GAA GTT GAA GCG,-0.1652378458691595
ATG GTT CAG CGT GGT TCC GCG GTT CGT ATC CTC CGT CCG GAA TCT TAC TGG TTC CAG GAT GTT GGT ACC GTT GCG TCT GTT GAC CAG TCT GGT ATC AAG TAC CCG GTG ATC GTT CGT TTC GTG AAA GTT AAT TAC TCT GGC ATC AAC ACC AAC AAC TTC GCG GAA GAC GAA CTG GTT GAA GTT GAA GCG,1.0023863912867914
ATG GTT CAG CGT GGT TCT AAA GTG CGT ATC CTG CGT CCG GAA TCT TAC TGG TTC CAG GAC GTT GGT ACC GTT GCT TCT GTT GAC CAG TCT GGC ATC AAA TAC CCG GTT ATC GTT CGC TTC GAA AAG GTG AAC TAC TCT GGT ATT AAC ACC AAC AAC TAC GCG GAA GAC GAA GTG GTT GAA GTT GAA GCG,0.6074942570803126
ATG GTT CAA CGT GGT TCC AAA GTT CGT TAC CTG CGT CCG GAA TCC TAC TGC TTC CAG GAC GTT GGC ACC GTT GCG TCT GTT GAC CAG TCC GGT ATC AAG TAC CCG GTT ATC GTT CGC TTC GAG AAG GTT AAC TAC TCT GGC ATC AAC ACC AAC AAC TTC GCT GAA GAC GAA CTG GTT GAA GTT GAA GCG,0.7197466008145411
ATG GTT CAA CGT GGT TCC AAA GTT CGT ATC CTG CGT CCG GAA TCT TAC TGG TTT CAG GAC GTT GGT ACC GTT GCG TCT GTT GAC CAG TCT GGC ATC AAG TAC AAG GTT ATC GTT CGC TTC GAA AAA GTG AAC TAC TCT GGT ATC GCG ACC AAC AAC TTC GCG GAA GAC GAA CTG GTT GAA GTT GAA GCG,1.3064677770345616
ATG GTT CAG CGT GGC TCT AAA GTT CGC ATC CTC CGT CCG GAG TCT TAC TGG TTC CAG GAC GTT GGT ACC GTT GCG TCT GTT GAC CAG TCT GGC ATC AAA TAC CCG GTT ATC GTG CGT TTC GAG AAG GTG AAC TAC TCC GGT ATC AAC ACC AAC AAC TGG GCG GAA GAC GAA GGC GTT GAA GTT GAG GCG,-0.0468624120410207
ATG GTT CAG CGT GGT TCT AAA GTT CGT ATC CTG CGT CCG GAA TCT TAC TGG TTC CAG GAC GTT GGC ACC GTT GCG TCT GTT GAC CAG TCT GGC ATC AAG TAC CCG GTT TCT GTT CGT TTC GAG AAG GTT AAC TAC TCC GGT ATC AAC ACC AAC AAT TTC GCG GAA GAC GAA CTG GTT GAA GTT GAG GCG,2.081466226569031
ATG GTG CAG CGC GGC TCT ATC GTT CGT ATC CTG CGT CCG GAA TCT TAC TGG TTC CAA GAC GTT GGT ACC GTT GCT TCT GTT GAT CAG TCT GGC ATC AAA TAC CCG GTT ATC GTG CGT TTC GTT AAG GTG AAC TAT TCT GGT ATC AAC ACC AAC AAC TTC GCG GAA GAC GAA CTG GTT GAA GTT GAA GCG,1.589786284389746
ATG GTT CAG CGT GGT TCT ATG GTT CGT ATC CTG CGT CCG GAA TCC TAT TGG TTC CAG GAC GTT GGT ACC GTT GCG TCT GTT GAC CAG TCC GGC ATC AAA TAC CCG GTT ATC GTG CGT TTC AAC AAA GTG AAC TAC TCC GGT ATC AAC ACT AAC AAC TTC GCG GAA GAC GAA CTG GTT GAA GTT GAA GCG,1.3937396988374189
ATG GTG CAG CGC GGT TCT AAA GTT CGT ATC CTG CGT CCG GAA TCT TAC TGG TTC CAG GAT GTT GGC ACC GTT GCG TCT GTT GAC CAG TCC GGT ATC AAG TAC CCA GTT ATC GTT CGT TTC GAG AAG GTT AAC TAC TCT GGC ATC AAC ACC AAC AAC AAA GCG GAG GAC GAA GTT GTT GAA GTT GAA GCG,-0.3709842107057698
ATG GTT CAA CGT GGT TCT AAA GTT CGT ATC CTG CGT CCG GAA TCT TAC TGG TTC CAG GAC GTT GGT ACC GTT GCG TCT GTT GAC CAG TCC GGC ATC AAG TAC CCG GTG ATC GTT CGC TTC GAG AAA GTG AAC TAC TCT GGT ATC AAC ACC GAC AAC TTC GCG GAA GAC GAA CTG GTT GAA GTT GAA GCG,5.659665812107058
ATG GTT CAG CGT GGC TCC AAA GTT CGT ATC CTG CGT CCG GAA TCT TAC TGG TTC CAG GAC GTT GGT ACC GTT GCG TCT GTT GAC CAG TCT GGC ATC AAA TAC GTT GTT ATC GTT CGC TTC GAA AAA GTG AAC TAC TCT GGT ATC CCG ACC AAC AAC TTC GCG GAA GAC GAA CTG GTT GAA GTT GAA GCG,2.290709315863229
ATG GTT CAG CGT GGT TCC AAA GTT CGT TGC CTG CGT CCG GAA TCT TAC AAA TTC CAG GAC GTT GGT ACC GTT GCG TCT GTT GAC CAG TCC GGC ATC AAA TAC CCG GTG ATC GTT CGC TTC GAG AAG GTT AAC TAC TCT GGT ATC AAC ACC AAC AAC TTC GCG GAA GAC GAA CTC GTT GAA GTT GAA GCG,0.3182390478075496
ATG GTT CAG CGT GGT TCT GAC GTT CGT ATT CTG CGT CCG GAA TCT TAC TGG TTC CAG GAT GTT GGT ACC GTT GCG TCT GTT GAC CAG TCT GGT ATC AAA TAC CCG GTT ATC GTT CGT TTC CAC AAG GTT AAC TAC TCT GGC ATC AAC ACC AAC AAC TTC GCG GAA GAC GAA CTG GTT GAA GTT GAA GCG,0.5095797215247355
ATG GTT CAG CGT GGT TCT AAA GTT CGT ATC CTG CGT CCG GAA TCT TAC TGG TTC CAA GAC GTT GGT ACC GTT GCG TCT GTT GAC CAG TCT GGT ATC AAA TAC CGC GTG ATC GTT CGT TTC GAG AAG GTT AAC TAC TCC GGT ATC CTC ACC AAC AAC TTC GCG GAA GAC GAA CTG GTT GAA GTT GAA GCG,1.5809864796522932
ATG GTT CAG CGT GGT TCT GCG GTT CGT ATC CTG CGT CCG GAA TCT TAC TGG TTC CAG GAC GTG GGT TGC GTT GCT TCT GTT GAC CAG TCT GGT ATC AAA TAC CCG GTT ATC GTT CGC TTC GAG AAA GTG AAC TAC TCT GGC ATC AAC ACC AAC AAT TTC GCG GAA GAC GAA CTG GTT GAA GTT GAA GCG,0.984958925316688
ATG GTT CAG CGT GGC TCT AAA GTT CGT AAC CTG CGT CCG GAA TCT TAC GTT TTC CAG GAC GTT GGT ACC GTT GCG TCT GTT GAC CAG TCC GGT ATT AAG TAC CCG GTT ATC GTG CGC TTC GAA AAA GTG AAC TAC TCT GGC ATC AAC ACC AAC AAC TTT GCG GAA GAC GAA CTG GTT GAA GTT GAA GCG,-1.2845652838725528
ATG GTT CAG CGT GGC TCT ACC GTT CGT ATC CTG CGT CCG GAA TCT TAC TGG TTT CAG GAC GTT GGT ACC GTT GCG TCT GTT GAC CAG TCT GGT ATC AAA TAC CCG GTT ATC GTT CGT TTC CAC AAA GTG AAC TAC TCT GGC ATC AAC ACC AAC AAC TTC GCG GAA GAC GAG CTG GTT GAG GTT GAA GCG,0.8292718444960032
ATG GTT CAG CGT GGT TCT AAA GTT CGT ATC CTG CGT CCG GAA TCT TAC TGG TTC CAG GAC GTT GGT ACC GTT GCG TCT GTT GAT CAG TCT GGT ATC AAA TAC CCG GTT ATC GTT CGT TTC GAG AAA GTG AAC TAC TCC GGC ATC AAT ACC AAC CAC TTC GCG GAA GAC GAA CTG GTT GAA GTT GAA GCG,1.4578004071977926
ATG GTG CAA CGT GGC TCT AAA GTT CGT ATT CTG CGT CCG GAA TCT TAC TGG TTC CAA GAC GTT GGT ACC GTT GCG TCT GTT GAC CAG TCT GGT ATC AAA TAC CCG GTT ATC GTT CGC TTC GAA AAG GTT AAC TAC TCT GGC ATC AAC ACC AAC AAC CAT GCG GAA GAC GAG GAA GTT GAG GTT GAG GCT,-0.4600629873942023
ATG GTT CAG CGT GGT TCT AAA GTT CGT ATC CTG CGT CCG GAA TCT TAC TGG TTT CAG GAC GTT GGT ACC GTT GCG TCT GTT GAC CAG TCT GGT ATC AAG TAC CCG GTT ATC GTT CGT TTC GAG AAA GTG AAC TAC TCC GGT ATT AAC ACC AAC AAC TTC GCG GAA AAA GAA CTG GTT GAA GTT GAA GCG,0.5768068529576711
ATG GTT CAG CGT GGC TCC AAA GTT CGT ATC CTG CGT CCG GAA TCT TAC TGG TTC CAG GAC GTT GGT ACC GTT GCG TCT GTT GAC CAG TCT GGT ATC AAG TAC CCG GTT CCG GTT CGT TTT GAA AAG GTT AAC TAC TCC GGT ATT AAC ACC AAC AAC TTC GCG GAA GAC GAA CTG GTT GAA GTT GAG GCG,-6.472399855801566
ATG GTT CAG CGT GGC TCC AAA GTT CGT ATC CTG CGT CCG GAA TCT TAC TGG TTC CAG GAC GTT GGT ACC GTT GCG TCT GTT GAC CAG TCT GGT ATC AAA TAC CCG GTG ATC GTT CGT TTC GAG AAA GTG AAC TAC TCT GGC ATC AAC ACC AAC AAC ACC GCG GAA GAC GAA ATC GTT GAA GTT GAA GCG,-0.4529664571643388
ATG GTT CAG CGT GGT TCT CAC GTT CGT ATC CTG CGT CCG GAA TCT TAC TGG TTC CAA GAC GTT GGT ACC GTT GCG TCT GTT GAC CAG TCT GGC ATC AAA TAC CCG GTT ATC GTT CGC TTT GCG AAA GTT AAT TAC TCT GGT ATC AAC ACC AAC AAC TTC GCG GAA GAC GAG CTG GTT GAA GTT GAA GCG,1.2824701471552198
ATG GTT CAG CGC GGC TCT TGC GTT CGT ATC CTG CGT CCG GAA TCT TAC TGG TTC CAG GAT GTT GGC GTT GTT GCG TCT GTT GAC CAG TCT GGC ATC AAA TAC CCG GTT ATC GTT CGC TTT GAA AAG GTT AAC TAC TCC GGT ATC AAC ACC AAC AAC TTC GCG GAA GAC GAA CTG GTT GAA GTT GAA GCG,2.3856379609393072
ATG GTT CAG CGT GGT TCT AAG GTG CGT ATT CTG CGT CCG GAA TCT TAT TGG TTC CAG GAC GTT GGT ACC GTT GCG TCT GTT GAC CAG TCT GGT ATC AAG TAC CCG GTT ATC GTT CGT TTC GAG AAA GTT AAT TAC TCC GGC ATC AAC ACC AAC AAC CCG GCT GAA GAC GAA TTT GTT GAA GTT GAA GCG,-0.1480927560712467
ATG GTT CAG CGT GGC TCT AAA GTT CGT ATC CTG CGT CCG GAA TCT TAC TGG TTC CAG GAT GTT GGT ACC GTT GCG TCT GTT GAC CAG TCC GGT ATC AAA TAC CCG GTT ATC GTT CGT TTC TTT GGT GTT AAC TAC TCT GGC ATC AAC ACT AAT AAC TTC GCG GAA GAC GAA CTG GTT GAG GTT GAA GCG,1.2857320072099738
ATG GTT CAG CGT GGT TCT AAA GTT CGT ATC CTG CGT CCG GAA TCT TAC TGG TTC CAG GAC GTT GGT ACC GTT GCT TCT GTT GAC CAG TCT GGT ATC GTT TAC CCG GTT ATC GTT CGC TTC GAA AAA GTG AAC TAC TCC GGT ATC AAC ACC AAC AAC TTC GCG GAA GAC GAA CTG GTT GAA GTT GAA GCG,0.8584344947143103
ATG GTT CAG CGC GGT TCT AAG GTT CGT CAG CTG CGT CCG GAA TCT TAC GAC TTC CAG GAC GTT GGT ACC GTT GCG TCT GTT GAC CAG TCT GGT ATC AAG TAC CCG GTG ATC GTT CGT TTC GAG AAG GTT AAC TAC TCT GGC ATC AAC ACC AAC AAC TTC GCG GAA GAC GAA CTG GTG GAA GTT GAA GCG,-0.463423970194405
ATG GTT CAG CGT GGT TCT AAA GTT CGT ATC CTC GCG CCA GAA TCT TAC TGG TTC CAG GAC GTT GGT ACC GTT GCT TCT GTT GAC CAG TCT GGT ATC AAA TAC CCG GTT ATC GTT CGT TTC GAG AAA GTG AAC TAC TCT GGC ATC AAC ACC AAC AAC TTC GCG GAA GAC CAG CTC GTT GAA GTT GAA GCG,0.8164702186892909
ATG AAC CAG CGT GGT TCT AAA GTT CGT ATC CTG CGT CCG GAA TCT TAC TGG TTC CAG GAC GTT GGT ACC GTT GCG TCT GTT GAT CAG TCT GGT ATT AAG TAC CCG GTT ATC GTT CGT TTC GAG AAA GTG AAC TAC TCC GGT ATC AAT ACC AAT AAC TTC GCG GAA GAC GAA CTC GTT GAA GTT GAA GCG,-0.337716770083123
ATG GTT CAG CGT GGT TCT AAA GTT CGT ATC CTG CGT CCG GAA TCT TAC TGG TTT CAG GAC GTT GGT ACC GTT GCG TCT GTT GAC CAG TCC GGT ATC AAA TAC AAC GTT ATC GTT CGT TTC GAG AAG GTT AAC TAC TCT GGT ATC CAC ACC AAC AAC TTC GCG GAA GAC GAA CTG GTT GAA GTT GAA GCG,1.5776922905409434
ATG GTT CAG CGT GGC TCT AAA GTT CGT ATC CTG CGT CCG GAA TCT TAC TGG TTC CAG GAC GTT GGT ACC GTT GCG TCT GTT CGT CAG AAA GGT ATC AAG TAC CCG GTT ATT GTT CGT TTC GAG AAG GTT AAC TAC TCC GGC ATC AAC ACC AAC AAC TTC GCG GAA GAC GAA CTG GTT GAA GTT GAA GCG,0.4769903889404515
ATG GTT CAG CGT GGT TCT AAA GTT CGT ATC CTG CGT CCG GAA TCT TAC TGG TTT CAG GAC GTT GGT ACC GTT GCG TCT GTT GAC CAG TCC GGT ATC AAA TAC CCG GTT ATC GTT CGT TTC GAG AAA GTG AAC TAC TCT GGC ATC AAC ACC AAC AAC TTC GCG GAA GAC TGT CTG GTT GAA GTT GAA GCG,0.5423526967535748
ATG GTT CAG CGC GGC TCC AAA GTG CGT ATC CTG CGT CCG GAA TCT TAC TGG TTT CAG GAC GTT GGT ACC GTT GCG TCT GTT GAC CAG TCT GGC ATC AAA TAC ATC GTT ATC GTT CGC TTC GAA AAG GTT AAC TAC TCC GGT ATC AAC CAC AAC AAC TTC GCG GAA GAC GAA CTG GTT GAA GTT GAA GCG,2.105386957107891
ATG GTT CAG CGT GGT TCT AAA GTT CGT TGC CTG CGT CCG GAA TCT TAC GAC TTC CAG GAC GTT GGT ACC GTT GCG TCT GTT GAC CAG TCC GGT ATC AAG TAC CCG GTG ATC GTT CGT TTT GAA AAA GTG AAC TAC TCT GGC ATC AAC ACC AAC AAC TTC GCG GAA GAC GAA CTG GTT GAA GTT GAA GCG,0.3039714942787368
ATG GTT CAG CGC GGT TCT AAA GTT CGT ATC CTG CGT CCA GAA TCT TAC TGG TTC CAG GAC GTT GGT ACC GTT GCG TCT GTT GAC CAG TCT GGT ATC AAG TAC CCG GTT ATC GTT CGC TTC GAA AAA GTG AAC TAC TCC GGC ATT AAC ACC AAC AAC AAA GCG GAG GAC GAA CGT GTT GAA GTT GAG GCT,-1.0409310780530443
ATG GTT CAG CGT GGT TCT AAC GTT CGT ATC CTC CGT CCG GAG TCC TAC TGG TTT CAG GAC GTT GGT ACC GTT GCT TCT GTT GAT CAG TCT GGC ATC AAA TAC CCG GTT ATC GTT CGT TTC TGG AAG GTT AAC TAC TCT GGT ATC AAC ACC AAC AAC TTC GCG GAA GAC GAA CTC GTT GAG GTT GAG GCG,1.442321511754145
ATG GTG CAG CGC GGC TCT CCG GTT CGT ATC CTG CGT CCG GAA TCT TAC TGG TTC CAG GAC GTT GGT ACC GTT GCT TCT GTT GAC CAG TCT GGT ATT AAG TAC CCG GTT ATC GTG CGT TTC CTG AAA GTG AAC TAC TCC GGT ATC AAC ACC AAC AAC TTC GCG GAA GAC GAA CTG GTT GAA GTT GAG GCT,0.6882688638887264
ATG GTT CAG CGT GGT TCT AAA GTT CGT ATC CTG CGT CCG GAA TCT TAC TGG TTC TCT GAC GTT GGC ACC GTT GCG TCT GTT GAC CAG TCT GGC ATC AAA TAC CCG GTG ATC GTT CGT TTT GAG AAA GTG AAC TAC TCT GGT ATC AAC ACC AAC AAC TTC GCG GAA GAC GAA CTG GTT GAA GTT GAA GCG,0.7977245628077035
ATG GTT CAG CGT GGT TCC TTC GTT CGT ATC CTG CGT CCG GAA TCT TAC TGG TTC CAG GAT GTT GGT TCT GTT GCG TCT GTT GAC CAG TCT GGC ATC AAA TAC CCG GTT ATC GTG CGT TTC GAG AAG GTT AAC TAC TCT GGT ATC AAC ACC AAC AAC TTC GCG GAA GAC GAA CTG GTT GAA GTT GAA GCG,0.1740929877357466
ATG GTT CAG CGT GGT TCT AAA GTT CGT ATC CTG CAC CCG GAA TCT TAC TGG TTC CAG GAC GTT GGT ACC GTT GCG TCC GTT GAC CAG TCT GGT ATC AAA TAC CCG GTG ATC GTG CGC TTC GAA AAA GTG AAC TAC TCT GGC ATC AAC ACC AAC AAC TTC GCG GAA GAC ATC CTG GTT GAA GTT GAA GCG,-0.0462655338416014
ATG GTG CAG CGC GGT TCT ATG GTT CGT ATT CTG CGT CCG GAA TCT TAC TGG TTC CAG GAT GTT GGT ACC GTT GCG TCT GTT GAC CAG TCT GGT ATC AAG TAC CCG GTT ATC GTT CGC TTC ACC AAG GTT AAC TAC TCT GGC ATC AAC ACC AAC AAC TTC GCG GAA GAC GAG CTG GTT GAA GTT GAA GCG,1.434122979011347
ATG GTT CAG CGT GGC TCT AAA GTT CGT CGT CTC CGT CCG GAA TCT TAC ACC TTC CAG GAC GTT GGT ACC GTT GCG TCT GTT GAC CAG TCT GGC ATC AAA TAT CCG GTT ATC GTG CGT TTT GAA AAG GTG AAC TAC TCT GGT ATC AAC ACC AAC AAT TTC GCG GAA GAC GAG CTG GTT GAA GTT GAA GCG,-0.5108451522349783
ATG GTG CAG CGT GGT TCT AAA GTT CGT ATC CTG CGT CCG GAA TCT TAC TGG TTC CAG GAC GTT GGT ACC GTT GCT TCC GTT GAC CAG TCT GGT ATC AAA TAC CCG GTT ATC GTT CGT TTC ATG GTG GTG AAC TAC TCT GGC ATC AAC ACC AAC AAC TTC GCT GAA GAC GAA CTG GTT GAA GTT GAA GCG,2.330879251535622
ATG GTT CAG CGT GGT TCT TTC GTG CGT ATC CTG CGT CCG GAA TCT TAC TGG TTC CAG GAC GTT GGT ACC GTT GCG TCT GTT GAC CAG TCT GGT ATC AAG TAC CCG GTG ATC GTT CGT TTC GAC AAA GTT AAT TAC TCC GGC ATC AAT ACC AAC AAC TTC GCG GAA GAC GAA CTG GTT GAA GTT GAA GCG,1.3871352403672257
ATG GTT CAG GCG GGT TCT AAA GTT CGT ATC CTG CGT CCG GAA TCT TAC TGG TTC CAG GAT GTT GGT ACC GTT GCG TCT GTT GAC CAG TCT GGC ATC AAA TAC CCA GTT ATC GTG CGT TTT GAG AAG GTG AAC TAC TCT GGT ATC AAC ACC AAC AAC TTC GCG GAA GAC GAA CTG GTT GAA GTT GAA GCG,2.4947378886555804
ATG GTT CAA CGC GGC TCC CTG GTT CGT ATC CTG CGT CCG GAA TCT TAC TGG TTC CAG GAT GTT GGT ACC GTT GCG TCT GTT GAC CAG TCT GGC ATC AAA TAC CCG GTG ATT GTG CGC TTT ATG AAG GTT AAT TAC TCC GGT ATC AAC ACC AAC AAC TTC GCT GAA GAC GAG CTG GTT GAA GTT GAA GCG,1.716563764883953
ATG GTT CAG CGC GGT TCT TTC GTT CGT ATC CTG CGT CCG GAA TCT TAC TGG TTC CAG GAC GTT GGT AAC GTT GCG TCT GTG GAC CAG TCT GGT ATC AAG TAC CCG GTT ATC GTT CGC TTC GAG AAG GTT AAC TAC TCT GGC ATC AAC ACC AAC AAC TTC GCG GAA GAC GAA CTG GTT GAA GTT GAA GCG,0.050998316840502
ATG GTT CAG CGT GGT TCT AAA GTT CGT ATC CTG CGT CCG GAA TCT TAC TGG TTC CAG GAC GTT GGT ACC GTT GCG TCT GTT GAC CAG TCT GGC ATC AAA TAC ACC GTT ATC GTT CGT TTC GAG AAG GTT AAC TAC TCT GGT ATC ATG ACC AAC AAC TTC GCG GAA GAC GAA CTG GTT GAG GTT GAA GCG,1.6912931633059298
ATG GTT CAG CGT GGT TCT AAA GTT CGT ATC CTG CGT CCG GAA TCT TAC TGG TTC CAG GAT GTT GGT ACC GTT GCG TCT GTT GAC CAG TCT CCG ATC AAA TAC CCG GTT ATC GTT CGT TTC GAG AAG GTT AAC TAC TCT GGC ATC AAC ACC AAC AAC TTC GCG GAA GAC GAA CTG GTT GAA GTT GAA GCG,0.6624467243682705
ATG GTT CAG CGT GGT TCT ACT GTT CGT ATC CTG CGT CCG GAA TCT TAC TGG TTC CAG GAC GTT GGT GTT GTT GCG TCT GTT GAC CAG TCT GGC ATC AAA TAC CCG GTT ATC GTT CGC TTC GAA AAG GTT AAC TAC TCC GGT ATC AAT ACC AAC AAC TTC GCG GAA GAC GAA CTG GTT GAA GTT GAA GCG,1.5483432996899142
ATG GTT CAG CGT GGT TCT AAG GTT CGT ATC CTG CGT CCG GAA TCT TAC TGG TTC CAA GAC GTT GGT ACC GTT GCG TCT GTT GAC CAG TCT GGT ATC AAA TAC CCG GTT ATC GTT CGC TTC GAA AAG GTT AAC TAC TCT GGC ATC AAC ACC AAC AAC CAG GCG GAA GAC GAA TCT GTG GAA GTT GAA GCG,0.4631043812842338
ATG GTT CAG CGC GGT TCT AAA GTT CGC CAG CTG CGT CCG GAA TCT TAC GTT TTC CAG GAC GTT GGT ACC GTT GCG TCT GTT GAC CAG TCT GGT ATC AAA TAC CCG GTT ATC GTG CGC TTC GAG AAA GTT AAT TAC TCT GGC ATC AAC ACC AAC AAC TTC GCG GAA GAT GAA CTG GTT GAA GTT GAG GCT,-2.299589108211603
ATG GTT CAG CGT GGT TCT AAA GTT CGT ATC CTG CGT CCG GAA TCT TAC TGG TTC CAA GAC GTT GGT ACC GTG GCG TCT GTT GAC CAG TCT GGC ATC AAG TAC GAC GTT ATC GTT CGC TTC GAA AAA GTG AAC TAC TCT GGT ATC AAC GGT AAC AAC TTC GCG GAA GAC GAA CTG GTT GAA GTT GAA GCG,0.8196675443733772
ATG GTT CAG CGT GGT TCT AAA GTT CGT ATC CTG CGT CCG GAA TCT TAC TGG TTC CAA GAC GTT GGT ACC GTT GCG TCT GTT GAC CAG TCT GGC ATC AAA TAC CCG GTT ATC GTT CGT TTT GAA AAG GTT AAC TAC TCC GGT ATC AAC ACC AAC AAC GGT GCG GAA GAC GAA GGT GTG GAA GTT GAA GCG,-0.2670904659879279
ATG GTT CAG CGT GGC TCT AAG GTT CGT ATC CTG CGT CCG GAA TCT TAC TGG TTC CAG GAT GTT GGT ACC GTT GCG TCT GTT GAC CAG TCT GGC ATC AAA TAT CCG GTT ATC GTT CGT TTT ATG CAG GTT AAC TAC TCT GGT ATC AAC ACC AAC AAC TTC GCG GAA GAT GAG CTG GTT GAA GTT GAG GCT,0.9238993265383711
ATG GTT CAG CGT GGC TCT AAA GTT CGT ATC CTG CGT CCG GAA TCT TAT TGG TTC CAG GAC GTT GGT ACC GTT GCG TCT GTT GAC CAG TCC GGT ATC AAA TAC CCG GTT ATC GTT CGT TTC GAG AAA GTG AAC TAC TCT GGC ATC AAC ACC AAC AAC GGT GCG GAA GAC GAA CAC GTT GAA GTT GAA GCG,-0.6978560397419413
ATG GTT CAG CGT GGT TCC AAA GTT CGT ATC CTG CGT CCG GAA TCT TAC TGG TTT CAG GAC GTT GGT ACC GTT GCG TCT GTT CCG CAG CAG GGT ATC AAA TAC CCG GTT ATC GTT CGC TTC GAA AAA GTG AAC TAT TCT GGC ATC AAC ACC AAC AAC TTC GCG GAA GAC GAA CTG GTT GAA GTT GAA GCG,0.1136883440167315
ATG GTT CAG CGT GGT TCT AAA GTT CGT ATC CTG CGT CCA GAA TCT TAC TGG TTC CAG GAC GTT GGT ACC GTT GCG TCT GTT GAC CAG TCT GGC ATC AAA TAC CCG GTT ATC GTG CGT TTT ATG AAG GTG AAC TAC TCC GGT ATC AAC ACC AAC AAC TTC GCG GAA GAC GAA CTG GTT GAA GTT GAA GCG,1.0356642375845622
ATG GTT CAA CGC GGC TCC AAA GTT CGT ATT CTC CGT CCG GAA TCT TAC TGG TTC CAA GAC GTT GGT ACC GTT GCG TCT GTT GAC CAG TCC GGT ATT AAG TAC CCG GTT ATC GTT CGT TTC GAG AAA GTG AAC TAC TCT GGT ATC AAC ACC AAC AAC AAA GCG GAA GAC GAA CCG GTG GAA GTT GAA GCG,0.4001283668299039
ATG GTT CAG CGT GGT TCC AAA GTT CGT ATT CTG CGT CCG GAA TCT TAC TGG TTT CAG GAC GTT GGT ACC GTG GCG TCC GTT GAC CAG TCT GGT ATC AAA TAC CCG GTT ATT GTG CGT TTT GAA AAA GTG AAC TAC TCC GGT ATT AAC ACC AAC AAC TCT GCG GAA GAC GAA GCG GTT GAA GTT GAG GCT,-0.4382170744521256
ATG GTT CAA CGT GGT TCT AAA GTT CGT ATC CTC GTT CCA GAA TCT TAC TGG TTC CAA GAC GTT GGT ACC GTT GCT TCT GTT GAC CAG TCT GGT ATC AAG TAC CCG GTT ATC GTT CGC TTC GAA AAG GTG AAC TAC TCT GGC ATC AAC ACC AAC AAC TTC GCG GAA GAC CCG CTG GTT GAA GTT GAA GCG,-2.0257322890895404
ATG GTT CAG CGT GGT TCT AAA GTT CGT GGT CTG CGC CCA GAA TCT TAC GAA TTC CAG GAC GTT GGT ACC GTT GCG TCT GTT GAC CAG TCT GGT ATC AAA TAC CCG GTT ATC GTG CGT TTC GAG AAA GTG AAC TAC TCT GGC ATC AAC ACC AAT AAC TTC GCG GAA GAC GAA CTG GTT GAG GTT GAA GCG,-2.7373542678015435
ATG GTT CAG CGT GGT TCT AAA GTT CGT ATC CTG CGT CCG GAA TCT TAC TGG TTC CAA GAC GTT GGT ACC GTT GCG TCT GTT GAC CAG TCT GGT ATC AAA TAC GGT GTT ATC GTG CGT TTC GAG AAG GTT AAC TAC TCT GGC ATC AAC TGG AAC AAC TTC GCG GAA GAC GAA CTG GTT GAA GTT GAA GCG,2.6835415628589434
ATG GTT CAG CGT GGT TCT AAA GTG GAG ATC CTG CGT CCG GAA TCT TAC TGG TTC CAG GAC GTT GGT ACC GTT GCG TCT GTT GAC CAG TCT GGT ATT AAG TAC CCG GTT ATC GTT CGT TTC GAG AAA GTG AAT TAC TCC GGT ATC AAC ACC AAC AAC TTC GCG GAA GAC GAA CTG GTT GAA GTT GAG GCT,-0.6004870140263823
ATG GTT CAG CGT GGT TCT AAA GTT CGT ATC CTG CGT CCG GAA TCT TAC TGG TTC CAG GAC GTT GGT ACC GTT GCG TCT GTT GAC CAG TCT GGT ATC AAA TAC CCG GTT ATC GTT CGT TTT GAA AAG GAC AAC TAC TCC GGT ATT AAC ACC AAC AAC TTC GCG GAA GAC GAA CTG GTT GAA GTT GAA GCG,0.9273643541887104
ATG GTG CAG CGT GGT TCT AAA GTT CGC CTG CTG CGT CCG GAA TCT TAC GTT TTC CAG GAC GTT GGT ACC GTT GCG TCT GTT GAC CAG TCT GGC ATC AAA TAC CCG GTT ATC GTT CGT TTC GAG AAG GTT AAC TAC TCC GGT ATC AAC ACC AAC AAC TTC GCG GAA GAC GAA CTG GTT GAA GTT GAA GCG,-0.3515550318570828
ATG GTT CAG CGT GGT TCC AAA GTT CGT ACC CTG CGT CCG GAA TCT TAC CGT TTC CAG GAC GTT GGT ACC GTT GCG TCT GTT GAC CAG TCT GGT ATC AAA TAC CCG GTT ATC GTT CGC TTC GAA AAG GTT AAC TAC TCT GGC ATC AAC ACC AAC AAC TTC GCG GAA GAC GAA CTG GTT GAA GTT GAA GCG,-2.7937966361264746
ATG GTT CAA CGT GGC TCT AAA GTT CGT ATC CTG CGT CCG GAA TCT TAC TGG TTC CAG GAC GTT GGT ACC GTT GCG TCT GTT GAC CAA TCC GGT ATC AAA TAC CCG GTG ATC GTG CGT TTC GAG AAA GTG AAT TAC TCT GGC ATC AAC ACC AAC AAC CAC GCG GAA GAC GAA CAG GTT GAA GTT GAA GCG,-0.3966131120535237
ATG GTT CAG CGT GGT TCC AAA GTT CGT ATC CTG CGT CCG GAA TCT TAC TGG TTT CAG GAC GTT GGT ACC GTT GCG TCT GTT GAC CAG TCT GGT ATC AAA TAC CCG GTT ATC GTT CGC TTC GAA AAA GTG AAC TAC TCT GGC ATC AAC ACC AAC AAC ATG GCG GAA GAC GAA TAC GTT GAA GTT GAG GCG,0.0254132880641971
ATG GTT CAG CGT GGT TCT AAA GTT CGT ATC CTG CGT CCG GAA TCT TAC TGG TTC CAG GAT GTT GGT ACC GTT GCG TCT GTT GAC CAG TCT GGT ATC AAG TAC AAC GTT ATC GTT CGC TTC GAA AAG GTT AAC TAC TCT GGC ATC TTC ACC AAC AAC TTC GCG GAA GAC GAA CTG GTT GAA GTT GAA GCG,1.7765086016374334
ATG GTT CAG CGC GGC TCT AAA GTT CGT ATC CTC CGT CCG GAA TCT TAC TGG TTC CAG GAC GTT GGT ACC GTT GCG TCT GTT GAC CAG TCC GGT ATC AAA TAC CCG GTT ATC GTT CGT TTC CAG CGT GTT AAC TAC TCT GGC ATC AAC ACC AAC AAC TTC GCG GAA GAC GAA CTG GTT GAA GTT GAA GCG,2.4059497083588406
ATG GTT CAG CGT GGC TCC AAA GTT CGT ATC CTG CGT CCG GAA TCT TAC TGG TTC CAG GAC GTT GGT ACC GTT GCG TCT ATC GAC CAG TCT GGC ATC AAA TAC CCG GTT ATC GTT CGC TTC GAG AAA GTG AAC TAC TCT GGT ATC AAC ACC AAC AAC TTC GCG GAA GAC GAA CTG GTT GAA GTT GAA GCG,2.6920265638591285
ATG GTT CAG CGT GGT TCT AAA GTT CGT ATC CTG CGT CCG GAA TCT TAT TGG TTC CAG GAC GTT GGT ACC GTT GCG TCT GTT GAC CAG TCT GGT ATT AAA GAG CCG GTT ATC GTT CGT TTC GAG AAG GTT AAC TAC TCT GGC ATC AAC ACC AAC AAC TTC GCG GAA GAC GAA CTG GTT GAA GTT GAA GCG,0.1968165864146815
ATG GTT CAG CGT GGT TCT ATC GTT CGT ATC CTG CGT CCG GAA TCT TAC TGG TTC CAG GAT GTT GGT CAG GTT GCG TCT GTT GAC CAG TCT GGC ATC AAA TAC CCG GTT ATT GTT CGC TTC GAA AAG GTT AAC TAC TCC GGT ATC AAC ACC AAC AAC TTC GCG GAA GAC GAA CTG GTT GAA GTT GAA GCG,0.8674892199391645
ATG GTT CAG CGT GGT TCT AAA GTT CGT ATC CTG CGT CCG GAA TCT TAC TGG TTC CAG GAC GTT GGT ACC GTT GCG TCT GTT ATC CAG GAA GGC ATC AAA TAC CCG GTT ATC GTT CGC TTC GAG AAA GTG AAC TAT TCT GGT ATC AAC ACC AAC AAC TTC GCG GAA GAT GAA CTG GTT GAA GTT GAA GCG,0.7028858485824583
ATG GTT CAG CGC GGT TCT CCG GTT CGT ATC CTG CGT CCG GAA TCT TAC TGG TTC CAG GAC GTT GGT CCG GTG GCG TCT GTT GAC CAG TCT GGT ATC AAG TAC CCG GTT ATC GTT CGC TTC GAA AAA GTG AAC TAC TCT GGC ATC AAC ACC AAC AAC TTC GCG GAA GAC GAA CTC GTT GAA GTG GAA GCG,-1.030561179049125
ATG GTG CAG CGT GGT TCC AAA GTT CGT GGT CTG CGT CCG GAA TCT TAC CGT TTC CAG GAC GTT GGT ACC GTT GCG TCT GTT GAC CAG TCC GGT ATC AAA TAC CCG GTT ATC GTG CGT TTC GAG AAG GTG AAC TAC TCT GGC ATC AAC ACC AAC AAC TTT GCG GAA GAC GAG CTG GTT GAA GTT GAA GCG,-2.480195183841567
ATG GTT CAA CGT GGT TCC TCT GTT CGT ATC CTG CGT CCG GAA TCT TAC TGG TTT CAG GAC GTT GGT ACC GTT GCG TCT GTT GAC CAG TCT GGT ATC AAG TAC CCG GTT ATC GTG CGT TTC TTC AAA GTG AAC TAC TCT GGC ATC AAC ACC AAC AAC TTC GCG GAA GAC GAA CTG GTT GAA GTT GAG GCG,1.0911012570397998
ATG GTT CAG CGT GGT TCT AAA GTT CGT ATC CTG CGT CCG GAA TCT TAC TGG TTC CAG GAC GTT GGC ACC GTT GCG TCT GTT GAC CAG TCT GGT ATC AAA TAC CCG GTT ATC GTT CGC TTT GAA AAG GTT AAC TAC TCT GGC ATC AAC ACC AAC AAT TTC GCG GAA GAC GAC CTG GTT GAA GTT GAG GCT,0.4161875949221181
ATG GTT CAG CGT GGT TCT AAA GTT CGT ATC CTG CGT CCG GAA TCT TAC TGG TTC CAG GAC GTT GGT ACC GTT GCT TCT GTT GAC CAG TCC GGT ATC AAA TAC CCG GTT ATC GTT CGT TTT GAA AAA GTG CAG TAC TCT GGT ATT AAC ACC AAC AAC TTC GCT GAA GAC GAA CTG GTT GAA GTT GAA GCG,0.6414548553663808
ATG GTT CAG CGT GGT TCT AAA GTT CGT ATC CTG CGT CCG GAA TCT TAT TGG TTC CAG GAC GTT GGT ACT GTG GCG TCT AAC GAC CAG TCT GGT ATT AAG TAC CCG GTT ATC GTT CGC TTC GAA AAG GTT AAC TAC TCC GGT ATC AAC ACC AAC AAC TTC GCG GAA GAC GAA CTG GTT GAA GTT GAA GCG,-0.0814135898072317
ATG GTT CAG CGT GGT TCT AAA GTT CGT ATC CTG CGT CCG GAA TCT TAT TGG TTC CAG GAC GTT GGT ACC GTT GCG TCT GTT GAC CAG TCC GGT ATC AAG TAC AAA GTT ATC GTT CGT TTC GAG AAG GTT AAC TAC TCT GGC ATC AAC ATG AAC AAC TTC GCG GAA GAC GAA CTG GTT GAA GTT GAA GCG,1.7295078040220662
ATG GTT CAG CGT GGC TCT AAA GTT CGT ATC CTG CGT CCG GAA TCT TAC TGG TTC CAG GAC GTT GGT ACC GTT GCG TCT GTT GAC CAG TCC GGT ATC AAG TAC CCG GTT ATC GTT CGT TTC GAG AAG GTT AAC TAC TCT GGC ATC AAC ACC AAC AAC ACC GCT GAA GAC GAA TTT GTG GAA GTT GAA GCG,0.0180941463314156
ATG GTT CAG CGT GGT TCT CGT GTT CGT ATC CTG CGT CCG GAA TCT TAC TGG TTT CAG GAC GTT GGT CAG GTT GCG TCT GTT GAC CAG TCT GGT ATC AAA TAC CCG GTT ATC GTT CGT TTC GAG AAG GTT AAC TAC TCT GGC ATC AAC ACC AAC AAC TTC GCG GAA GAC GAA CTG GTT GAA GTT GAA GCG,0.5768145522885606
ATG GTT CAG CGT GGT TCT AAA GTT CGT ATC CTG CGT CCG GAA TCT TAT TGG TTC CAG GAC GTT GGT ACC GTT GCG TCT GTT GAC CAG TCT GGT ATC AAA TAC GGT GTT ATC GTT CGT TTC GAG AAG GTG AAC TAC TCT GGC ATC GCG ACC AAC AAC TTT GCG GAG GAC GAA CTG GTT GAA GTT GAG GCG,1.109312058589077
ATG GTT CAG CGT GGT TCT AAA GTT CGT ATC CTG CGT CCG GAA TCT TAC TGG TTT CAG GAC GTT GGT ACC GTT GCG TCT GTT GAC CAG TCC GGT ATT AAG TAC CCG GTT ATC GTT CGT TTC GAG AAG GTT AAC TAC TCT GGT ATC AAC ACC AAC AAC TTC TGG GAA GAC GAA CTG GTT GAA GTT GAA GCG,0.1986717531895931
ATG GTT CAG CGT GGT TCT AAA GTT CGT ATC CTG CGT CCG GAA TCT TAC TGG TTC CAG GAC GTG GGT ACC GTT GCG TCT GTT GAC CAG TCT GGC ATC AAA TAC CCG GTT ATC GTT CGT TTT GAG AAA GTT AAC CGT TCC GGT ATC AAC ACC AAC AAC TTC GCG GAA GAC GAA CTG GTT GAA GTT GAA GCG,2.47749944452765
ATG GTT CAG CGT GGT TCC AAA GTT CGT ATC CTG CGT CCG GAA TCT TAC TGG TTT CAG GAC GTT GGT ACC GTT GCG TCT GTT GAC CAG TCC GGC ATC AAA TAC TTC GTG ATT GTT CGC TTC GAG AAA GTG AAC TAC TCT GGT ATC AAC TGC AAC AAC TTC GCT GAA GAC GAG CTG GTT GAA GTT GAA GCG,2.6959150673423777
ATG GTT CAG CGT GGC TCT CAG GTT CGC ATC CTG CGT CCG GAA TCT TAC TGG TTC CAG GAC GTT GGT ACC GTT GCG TCT GTT GAC CAG TCT GGC ATC AAA TAC CCG GTT ATC GTT CGC TTC TGC AAA GTG AAC TAC TCT GGT ATT AAC ACC AAC AAC TTC GCG GAA GAC GAA CTG GTT GAA GTT GAA GCG,1.735052113540815
ATG GTT CAG CGT GGT TCT AAA GTT CGT ATC CTG CGT CCG GAA TCT TAT TGG TTC CAG GAC GTT GGT ACC GTT GCG TCT GTT GAC CAG TCT GGT ATC AAA TAC CCG GTG ATC GTT CGC TTC GAA AAG GTT AAC TAC TCC GGT ATT AAC ACC AAC AAC ACC GCG GAG GAC GAA ATG GTT GAA GTT GAA GCG,-1.110329339798103
ATG GTT CAG CGC GGT TCC AAA GTT CGC ATC CTG CGT CCG GAA TCT TAC TGG TTT CAG GAC GTT GGT ACC GTT GCG TCT GTT GAC CAG TCT GGC ATT AAG TAC ATG GTT ATC GTT CGC TTC GAA AAA GTG AAC TAC TCC GGC ATC AAC TCT AAC AAC TTC GCG GAA GAC GAA CTG GTT GAA GTT GAA GCG,2.003726952389421
ATG GTT CAG CGC GGT TCT AAA GTT CGT ATC CTG CGT CCG GAA TCT TAC TGG TTC CAG GAC GTT GGT ACC GTT GCG TCT GTT GAC CAG TCT GGT ATC AAA TAC GGT GTT ATC GTG CGC TTC GAA AAA GTG AAC TAC TCT GGC ATC AAC TAC AAC AAC TTC GCG GAA GAC GAA CTG GTT GAA GTT GAG GCG,2.0876070538430893
ATG GTG CAG CGT CTG TCT AAG GTT CGT ATC CTG CGT CCA GAA TCT TAC TGG TTC CAG GAC GTT GGT ACC GTT GCG TCC GTT GAC CAG TCT GGC ATC AAA TAC CCG GTT ATC GTT CGT TTT GAA AAG GTG AAC TAC TCC GGT ATC AAC ACC AAC AAC TTC GCG GAA GAC GAA CTG GTT GAA GTT GAA GCG,0.0802355698616722
ATG GTT CAG CGC GGT TCT AAG GTT CGT TGC CTG CGT CCG GAA TCT TAC TGC TTC CAG GAC GTT GGT ACC GTT GCG TCT GTT GAT CAG TCC GGT ATC AAA TAC CCG GTT ATC GTG CGT TTC GAG AAA GTG AAC TAC TCT GGC ATC AAC ACC AAC AAC TTC GCG GAA GAC GAA CTC GTT GAG GTT GAA GCG,0.5201565614103878
ATG GTT CAG CGT GGT TCT AAA GTT CGT ATT CTG GAG CCG GAA TCT TAC TGG TTC CAG GAC GTT GGT ACC GTT GCG TCT GTT GAC CAG TCT GGT ATT AAG TAC CCG GTT ATC GTT CGT TTC GAG AAG GTT AAC TAC TCC GGT ATC AAC ACC AAC AAC TTC GCG GAA GAC GGT CTG GTT GAA GTT GAA GCG,-1.497983714184799
ATG GTT CAG CGT GGT TCT AAA GTT CGT ATC ATG CGT CCG GAA TCT TAC TGG TTC CAG GAC GTT GGT ACC GTT GCT TCT GTT GAC CAG TCT GGT ATC AAA TAC CCG GTG ATC GTT CGT TTC GAG AAA GTG AAC TAC TCC GGT ATT AAC ACC AAC AAC TTC GCG GAA GAC GAA CTG GTG GAA GTT GAG GCG,1.461455028740116
ATG GTT CAG CGT GGC TCT AAA GTG CGT ATC CTG CGT CCG GAA TCT TAC TGG TTC CAG GAC GTT GGT ACC GTT GCG TCT GTT GAC CAG TCT GGC ATC AAG TAC GAC GTT ATC GTT CGT TTC GAG AAA GTG AAC TAC TCC GGT ATC CAG ACC AAC AAC TTC GCG GAA GAC GAA CTG GTT GAA GTT GAA GCG,0.5320802744354909
ATG GTT CAG CGC GGT TCT GCG GTT CGT ATT CTG CGT CCG GAA TCT TAC TGG TTC CAG GAC GTT GGT GCG GTT GCT TCT GTT GAC CAG TCT GGT ATT AAG TAC CCG GTT ATT GTG CGT TTC GAG AAA GTG AAC TAC TCC GGT ATC AAC ACC AAC AAC TTC GCG GAA GAC GAA CTG GTT GAA GTT GAA GCG,-0.5452810767420959
ATG GTT CAG CGT GGC TCT AAA GTT CGC ATC CTG CGC CCA GAG TCT TAT TGG TTC CAG GAC GTG GGT ACC GTG GCG TCT GTT GAT CAG TCT GGT ATC AAG TAC CCG GTT ATC GTT CGT TTC AAC GCG GTT AAC TAC TCT GGC ATC AAT ACC AAC AAC TTC GCG GAA GAT GAA CTG GTG GAA GTT GAA GCG,0.571322316204506
ATG GTT CAG CGT GGT TCT AAA GTT CGT ATC CTG CGT CCG GAA TCT TAC TGG TTC CAA GAC GTT GGT ACC GTT GCG TCT GTT GAC CAG TCT GGT ATC AAG TAC CTG GTG ATC GTT CGT TTC GAG AAG GTT AAC TAC TCT GGC ATC AAC GAG AAC AAC TTC GCG GAA GAC GAA CTG GTT GAA GTT GAA GCG,1.943990128365044
ATG GTT CAG CGT GGT TCC AAA GTT CGT ATC CTG CGT CCG GAA TCT TAC TGG TTT CAA GAC GTT GGT ACC GTT GCG TCT GTT GAC CAG TCT GGC ATC AAA TAC TCT GTG ATC GTG CGT TTT GAG AAA GTG AAC TAC TCT GGT ATC AAC GAT AAC AAC TTC GCG GAA GAT GAA CTC GTG GAA GTT GAA GCG,1.1111736412808866
ATG GTT CAG CGC GGT TCT AAA GTT CGT ATC CTG CGT CCG GAA TCT TAC TGG TTC CAG GAC GTT GGT ACC GTT GCT TCT GTT GAC CAG TCC GGT ATC AAG TAC GGC GTT ATC GTG CGC TTC GAA AAA GTG AAC TAC TCT GGT ATT TCC ACC AAC AAC TTC GCG GAA GAC GAA CTG GTT GAA GTT GAA GCG,0.951089945458438
ATG CGT CAA CGT GGT TCT AAA GTT CGT ATC CTG CGT CCG GAA TCT TAC TGG TTC CAG GAT GTT GGT ACC GTT GCG TCT GTT GAC CAG TCT GGT ATC AAA TAT CCG GTT ATC GTT CGT TTC GAG AAG GTT AAC TAC TCT GGC ATC AAC ACC AAC AAC TTC GCG GAA GAC GAA CTG GTT GAA GTT GAA GCG,0.5088270589187706
ATG GTT CAG CGT GGT TCT AAA GTT CGT AAA CTG CGT CCA GAA TCT TAC TTC TTC CAG GAC GTT GGT ACC GTT GCG TCT GTT GAC CAG TCT GGT ATC AAA TAC CCG GTT ATC GTT CGT TTC GAG AAG GTT AAC TAC TCT GGC ATC AAC ACC AAC AAC TTC GCG GAA GAC GAA CTG GTT GAA GTT GAA GCG,-0.4077360964309408
ATG GTT CAG CGT GGT TCT TAC GTT CGT ATC CTG CGT CCG GAA TCT TAC TGG TTT CAG GAC GTT GGT CTG GTT GCG TCT GTT GAC CAG TCT GGT ATC AAA TAC CCG GTT ATC GTG CGC TTC GAA AAG GTG AAC TAC TCT GGC ATC AAC ACC AAC AAC TTC GCG GAA GAC GAA CTG GTT GAA GTT GAA GCG,1.2688687376398988
ATG GTT CAG CGT GGC TCC AAA GTT CGT ATC CTG CGT CCG GAA TCT TAC TGG TTC CAA GAC GTG GGT ACC GTT GCG TCT GTT GAC CAG TCT GGC ATC AAA TAC CCG GTT ATC GTG CGT TTC GAG AAA GTG AAC TAC TCT GGT ATC AAC ACC AAC AAC TGC GCG GAA GAC GAA ATC GTT GAA GTT GAG GCG,0.3333766220457086
ATG GTT CAG CGT GGT TCT CAG GTT CGT ATC CTG CGT CCG GAA TCT TAT TGG TTC CAG GAC GTT GGT GAG GTT GCG TCT GTT GAC CAG TCT GGT ATC AAA TAC CCA GTT ATC GTT CGT TTC GAG AAG GTT AAC TAC TCT GGC ATC AAC ACC AAC AAC TTC GCG GAA GAC GAA CTG GTT GAA GTT GAG GCT,0.2501216136602245
ATG GTT CAG CGT GGT TCT AAA GTT CGT ATC CTG CGT CCG GAA TCT TAC TGG TTC CAG GAC GTT GGT ACC GTT GCG TCT GTT GAC CAG TCT GGT ATC AAG TAC CCG GTG ATC GTT CGT TTC GAG AAA GTG AAC TAC TCC GGT ATT AAC ACC AAC AAC TTC GCG GAA GAC GAA CTC GTT GAG GTT GAA TCT,1.9602876993386933
ATG GTT CAG CGT GGT TCT AAA GTT CGT ATC CTG CGT CCG GAA TCT TAT TGG TTC CAG GAC GTT GGT ACC GTT GCG TCT GTT GAC CAG TCT GGC ATC AAA TAC ATG GTT ATC GTG CGT TTC GAG AAA GTG AAC TAC TCT GGT ATC TCT ACC AAC AAC TTC GCG GAA GAC GAA CTG GTT GAA GTT GAA GCG,1.9389770711346408
ATG GTT CAG CGT GGT TCT AAA GTT CGT ATC CTG CGT CCG GAA TCT TAC TGG TTC CAG GAC GTT GGT ACC GTT GCG TCT GTT GAC CAG TCC GGC ATC AAA TAC CCG GTT ATC GTT CGC TTC GAG AAG GTT AAC TAC TCC GGT ATT AAC ACC TAC AAC TTC GCT GAA GAC GAA CTG GTT GAA GTT GAA GCG,1.784770588849884
ATG GTT CAG CGT GGT TCT AAA GTT CGT ATC CTG CGT CCG GAA TCT TAC TGG TTC CAG GAC GTT GGT ACC GTT GCG TCT GTT ATG CAG GGT GGT ATC AAG TAC CCG GTT ATC GTT CGT TTC GAG AAA GTG AAT TAC TCT GGC ATC AAC ACC AAC AAC TTC GCT GAA GAC GAA CTG GTT GAA GTT GAA GCG,1.9099383381324992
ATG GTT CAG CGT GGT TTC AAA GTT CGT ATC CTG CGT CCG GAA TCT TAC TGG TTC CAG GAC GTT GGT ACC GTT GCT TCC GTT GAC CAA TCT GGT ATT AAG TAC CCG GTT ATC GTT CGT TTC GAG AAA GTG AAC TAC TCC GGT ATC AAC ACC AAC AAC TTC GCG GAA GAC GAA CTG GTT GAA GTT GAA GCG,0.3509750596639377
ATG GTT CAG CGT GGT TCT AAA GTT CGT ATC CTG CGT CCG GAA TCT TAC TGG TTC CAG GAC GTT GGT ACC GTG GCT TCC GTT GAC CAG TCT GGT ATT AAG TAC CCG GTT ATC GTT CGC TTC GAA AAA GTG AAC TAC TCC GGT ATC AAC ACC AAC AAC GGT GCG GAA GAC GAA TCT GTT GAA GTT GAA GCG,-0.3689816141074322
ATG GTT CAG CGC GGT TCT AAA CAG CGT ATC CTG CGT CCG GAA TCT TAC TGG TTC CAG GAC GTT GGT ACC GTT GCG TCT GTT GAC CAG TCT GGT ATC AAA TAC CCG GTT ATC GTT CGT TTT GAA AAG GTT AAC TAC TCC GGC ATC AAC ACC AAC AAC TTC GCG GAA GAC GAA CTG GTT GAA GTT GAG GCT,-0.6459341375891926
ATG GTT CAG CGT GGT TCT AAA GTT CGT TCT CTG CGT CCG GAA TCT TAC TCT TTC CAG GAC GTT GGT ACC GTT GCG TCT GTT GAC CAG TCT GGT ATC AAG TAC CCG GTT ATC GTG CGC TTC GAA AAA GTG AAT TAT TCC GGC ATC AAC ACC AAC AAC TTC GCG GAA GAT GAA CTG GTT GAA GTG GAA GCG,-1.883719880749244
ATG GTT CAG CGT GGC TCC AAG GTT CGC ATC CTG CGT CCG GAA TCT TAC TGG TTC CAG GAC GTT GGT ACC GTT GCG TCT GTT TGG CAG ACC GGT ATT AAG TAC CCG GTT ATC GTT CGT TTT GAA AAG GTT AAC TAC TCC GGT ATC AAC ACC AAC AAC TTC GCG GAA GAC GAA CTG GTT GAA GTT GAA GCG,0.4659432061536423
ATG GTT CAG CGT GGT TCT AAA GTT CGT ATC CTG CGT CCG GAA TCT TAT TGG TTC CAG GAC GTT GGT ACC GTT GCG TCT GTT GAC CAG TCT GGC ATC AAA TAC CCG GTT ATC GTT CGC TTC GAA AAG GTG AAC TAC TCT GGT ATC AAC ACC AAT ATG TTC GCG GAA GAC GAA CTG GTT GAA GTT GAG GCG,1.2792363916703755
ATG GTT CAG CGT GGT TCT AAA GTG CGT ATC CTG CGT CCG GAA TCC TAC TGG TTC CAG GAC GTT GGT ACC GTT GCG TCT GTT GAC CAG TCT GGC ATC AAA TAC CCG GTT ATC GTT CGT TTC CAG CCG GTT AAC TAC TCT GGT ATC AAC ACC AAC AAT TTC GCG GAA GAC GAG CTG GTT GAA GTT GAA GCG,-0.1023487181444896
ATG GTT CAA CGC GGT TCT AAC GTT CGT ATC CTG CGT CCG GAA TCT TAC TGG TTC CAG GAT GTT GGT ACC GTT GCG TCT GTT GAC CAG TCT GGC ATC AAA TAC CCG GTT ATC GTG CGT TTC TAC AAG GTG AAT TAC TCT GGT ATC AAC ACC AAC AAC TTC GCG GAA GAC GAA CTG GTT GAA GTT GAA GCG,1.0654354112237747
ATG GTT CAG CGT GGT TCC GAA GTT CGT ATT CTG CGT CCG GAA TCT TAC TGG TTC CAG GAC GTT GGT ACC GTT GCG TCT GTT GAC CAG TCT GGT ATC AAA TAC CCG GTT ATC GTT CGT TTC CGT AAG GTG AAC TAC TCT GGC ATC AAC ACT AAC AAC TTC GCG GAA GAC GAA CTG GTT GAA GTT GAG GCT,0.4742958697618855
ATG GTT CAG CGT GGT TCC AAA GTT CGT ATC CTG CGT CCG GAA TCT TAC TGG TTT CAA GAC GTT GGT ACC GTT GCG TCT GTT GAC CAG TCT GGC ATC AAA TAC CCG GTG ATC GTT CGT TTC GAG AAG GTG AAC TAC TCT GGT ATC AAC ACC AAC AAC TTC GCG GAA GAC GAG CTG GTT TGC GTT GAA GCG,1.9733627205268505
ATG GTT CAG CGC GGT TCT AAA GTT CGT ATC CTG CGT CCG GAA TCC TAC TGG TTC CAA GAC GTT GGT ACC GTT GCG TCT GTT GAT CAG TCT GGC ATC AAA TAC CCG GTT ATC GTT CGC TTC CAT GGT GTT AAC TAC TCT GGT ATC AAC ACC AAC AAC TTC GCT GAA GAC GAA CTG GTT GAA GTT GAA GCG,0.5892608257004952
ATG GTT CAG CGT GGT TCT TTT GTT CGT ATC CTG CGT CCG GAA TCT TAC TGG TTC CAG GAC GTT GGT CAC GTT GCG TCT GTT GAC CAG TCT GGT ATC AAA TAC CCG GTG ATC GTT CGT TTC GAG AAA GTG AAC TAC TCT GGC ATC AAC ACC AAC AAC TTC GCG GAA GAC GAA CTG GTT GAA GTT GAG GCT,0.3069010078892162
ATG GTT CAG CGT GGT TCT AAA GTT CGT ATC CTG CGT CCG GAA TCT TAC TGG TTT CAG GAC GTT GGT ACC GTT GCG TCT GTT GAC CAG TCT GGT ATC AAA TAC CTG GTG ATC GTT CGC TTC GAA AAA GTG AAC TAC TCT GGC ATC AAC ATC AAT AAC TTC GCT GAA GAC GAA CTG GTG GAA GTT GAA GCG,2.376784132982759
ATG GTT CAG CGT GGT TCT AAA GTG CGT ATC CTG CGT CCG GAA TCT TAC TGG TTC CAG GAC GTT GGT ACC GTT GCG TCT GTT CTG CAG CAG GGC ATC AAG TAC CCG GTT ATC GTG CGT TTC GAG AAG GTT AAC TAC TCC GGT ATC AAC ACC AAC AAC TTC GCG GAA GAC GAA CTG GTT GAA GTT GAA GCG,1.58747275090762
ATG GTT CAG CGT GGT TCC AAA GTT CGT CCA CTG CGT CCG GAA TCT TAC GCG TTC CAG GAC GTT GGT ACC GTT GCG TCT GTT GAC CAG TCT GGT ATC AAA TAC CCG GTT ATC GTG CGT TTC GAG AAA GTG AAC TAC TCT GGC ATC AAC ACC AAC AAC TTC GCG GAA GAC GAG CTG GTT GAA GTT GAA GCG,-0.609570289729398
ATG GTT CAG CGT GGT TCT AAA GTT CGT ATC CTG CGT CCG GAA TCT TAC TGG TTC CAA GAC GTT GGC ACC GTT GCG TCT GTT GAC CAG TCT GGC ATC AAG TAC CAG GTT ATC GTG CGC TTC GAA AAG GTT AAC TAC TCT GGT ATC AAC TAC AAC AAC TTC GCG GAG GAT GAA CTG GTT GAA GTT GAG GCG,1.6986582764771985
ATG GTT CAG CGT GGT TCT CAG GTT CGT ATC CTG CGT CCG GAA TCT TAC TGG TTT CAG GAC GTT GGT ACC GTT GCG TCT GTT GAC CAG TCT GGT ATC AAG TAC CCG GTT ATC GTT CGT TTC ATC AAA GTG AAC TAC TCT GGC ATC AAC ACC AAC AAC TTC GCG GAA GAT GAA CTG GTT GAA GTT GAA GCG,1.0376081454311796
ATG GTT CAG CGC GGC TCC AAA GTT CGT ATC CTG CGT CCG GAA TCT TAC TGG TTC CAG GAT GTT GGT ACC GTT GCG TCT GTT GAC CAG TCC GGC ATC AAA TAC CCG GTT ATC GTT CGC TTC GAG AAA GTG AAC TAT TCT GGT ATC AAC ACC AAC AAC CTG GCT GAA GAC GAG TCT GTG GAA GTT GAA GCG,-0.4341162464848616
ATG GTT CAG CGT GGC TCT AAA GTG CGC ATC CTG CGT CCG GAA TCT TAC TGG TTC CAG GAC GTT GGT ACC GTT GCG TCT GTT GAT CAG TCT GGT ATC AAA TAC CCG GTT ATC GTT CGT TTC GGT CTG GTT AAC TAC TCT GGC ATC AAC ACC AAC AAC TTC GCG GAA GAC GAA CTG GTT GAA GTT GAA GCG,0.0868764033911407
ATG GTT CAG CGT GGT TCT AAA GTT CGT ATC CTG GGT CCG GAA TCT TAC TGG TTC CAG GAC GTT GGT ACC GTT GCG TCT GTT GAC CAG TCT GGC ATC AAA TAT CCG GTT ATC GTT CGT TTC GAG AAG GTT AAC TAC TCT GGT ATC AAC ACC AAC AAC TTT GCG GAA GAC ATG CTG GTT GAA GTT GAA GCG,-1.2130160549825333
ATG GTT CAG CGT GGT TCT AAA GTT CGT ATC CTG CGT CCG GAA TCT TAC TGG TTC CAG GAC GTT GGT ACC GTT GCG TCT GTG GAC CAA TCT GGT ATC AAG TAC CCG GTT ATC GTG CGT TTC GAG AAA GTG AAC TAC TCC GGT ATT AAC ACC AAC AAC CGT GCG GAA GAT GAG TTC GTT GAA GTT GAG GCT,-0.6491842353551937
ATG GTT CAA CGT GGT TCT TTC GTT CGT ATC CTG CGT CCG GAA TCT TAC TGG TTC CAG GAC GTT GGT ACC GTT GCG TCT GTT GAC CAG TCT GGC ATC AAG TAC CCG GTT ATC GTT CGC TTC AAC AAG GTG AAC TAT TCT GGT ATC AAC ACC AAC AAC TTC GCG GAA GAC GAA CTG GTT GAA GTG GAA GCG,1.1802611927948266
ATG GTT CAG CGT GGT TCT AAA GTT CGT ATC CTG CGT CCG GAA TCT TAC TGG TTC CAA GAC GTT GGT ACC GTG GCT TCT GTT GAC CAA TCT GGT ATC AAA TAC CAG GTT ATC GTT CGC TTC GAA AAA GTG AAC TAC TCT GGC ATC AAC ACC AAC AAC TTC GCG GAA GAC GAG CTG GTT GAA GTT GAA GCG,0.9818035317123764
ATG GTT CAG CGT GGT TCT AAA GTT CGT ATC CTG CGT CCG GAA TCT TAC TGG TTC CAG GAT GTT GGT ACC GTT GCG TCT GTT TGG CAG ATG GGT ATT AAG TAC CCG GTT ATC GTT CGC TTC GAA AAA GTG AAC TAC TCC GGT ATC AAC ACC AAC AAC TTC GCG GAA GAC GAA CTG GTT GAA GTT GAA GCG,0.4152839380753434
ATG GTT CAG CGT GGT TCT AAA GTT CGT ATC CTG CGT CCG GAA TCT TAC TGG TTC CAG GAC GTT GGT ACC GTT GCT TCT GTT GAC CAG TCT GGT ATC AAA TAC CCG GTT ATC GTT CGT TTC GAG AAG GTT AAC TAT TCT GGC ATC AAC ACC AAC AAC TTC GCG GAA GAC GAA CTG GTT GAA AAC GAA GCG,-0.0716231645566381
ATG GTT CAG CGT GGT TCT ATC GTT CGT ATC CTG CGT CCG GAA TCT TAC TGG TTT CAG GAC GTT GGT ACC GTT GCG TCT GTT GAC CAG TCT GGC ATC AAA TAC CCG GTT ATT GTT CGT TTC ACC AAG GTT AAT TAC TCC GGT ATC AAC ACC AAC AAC TTC GCG GAA GAC GAA CTG GTT GAA GTT GAA GCG,1.6429070076335792
ATG GTT CAA CGT GGT TCT AAA GTT CGT ATC CTG CGT CCG GAA TCT TAC TGG TTC CAG GAT GTT GGT ACC GTT GCG TCT GTT GAC CAG TCT GGT ATC AAA TAC TAC GTG ATC GTG CGT TTC GAG AAA GTG AAC TAC TCT GGC ATC AAC ATG AAC AAC TTC GCG GAA GAC GAA CTG GTT GAA GTT GAA GCG,2.240715288599664
ATG GTT CAG CGC GGT TCT CTG GTT CGT ATC CTG CGT CCG GAA TCT TAC TGG TTC CAG GAC GTT GGT ACC GTT GCG TCT GTT GAC CAG TCT GGT ATC AAG TAC CCG GTT ATC GTT CGT TTC GGT AAG GTT AAC TAC TCC GGC ATT AAC ACC AAC AAC TTC GCG GAG GAC GAA CTG GTG GAA GTT GAA GCG,1.333861871671159
ATG GTT CAG CGT GGC TCT AAA GTT CGT ATC CTG CGT CCG GAA TCT TAC TGG TTC CAG GAC GTT GGT ACC GTT GCG CGT GTT GAC CAG TCT GGT ATC AAA TAC CCG GTT ATC GTT CGT TTC GAG AAA GTG AAC TAC TCT GGC ATC AAC ACC AAC AAC TTC GCG GAA GAC GAA CTG GTT GAA GTT GAA GCG,1.6650109944178482
ATG GTT CAG CGT GGC TCT AAA GTT CGT ATC CTG CGT CCG GAA TCT TAC TGG TTC CAG GAC GTT GGT ACC GTT GCT TCT GTT GAC CAG TCT GGT ATC AAA TAC CCG GTT ATC GTT CGT TTC TGG TGG GTT AAC TAC TCT GGC ATC AAC ACC AAC AAC TTC GCT GAA GAC GAA CTG GTT GAA GTT GAA GCG,2.3743285829274035
ATG GTT CAG CGT GGT TCT AAA GTT CGT ATC CTG CGT CCG GAA TCT TAT TGG TTC CAG GAC GTT GGT ACC GTT GCG TCT GTT GAC CAG TCT GGT ATC AAA TAC CCG GTT ATC GTT CGC TTC GAA AAA GTT AAT TAC TGG GGC ATC AAC ACC AAC AAC TTC GCG GAA GAC GAA CTG GTT GAA GTT GAA GCG,2.9925377698388544
ATG GTT CAG CGT GGT TCT AAA GTT CGT ATC CTG CGT CCG GAA TCT TAC TGG TTC CAG GAC GTT GGT ACC GTT GCG TCT GTT GAC CAG TCC GGT ATC AAA ATG CCA GTT ATC GTT CGT TTT GAG AAA GTG AAC TAC TCT GGC ATC AAC ACC AAC AAC TTC GCG GAG GAC GAA CTG GTT GAA GTT GAA GCG,0.7634826604862428
ATG GTT CAG CGT GGC TCT AAA GTT CGT ATC CTG CCG CCA GAA TCT TAC TGG TTT CAG GAC GTG GGT ACC GTT GCG TCT GTT GAC CAG TCT GGT ATT AAG TAC CCG GTT ATC GTT CGT TTT GAA AAA GTG AAC TAT TCC GGT ATC AAC ACC AAC AAC TTC GCG GAA GAC AAT CTG GTG GAA GTT GAG GCT,-3.519551573493157
ATG GTT CAA CGC GGC TCT AAA GTT CGT ATC CTG TGC CCG GAG TCT TAC TGG TTC CAG GAC GTT GGT ACC GTT GCG TCT GTG GAC CAG TCT GGT ATC AAG TAC CCG GTT ATC GTT CGT TTT GAA AAG GTG AAT TAC TCC GGC ATC AAC ACC AAC AAC TTC GCG GAG GAC ACC CTG GTG GAA GTT GAA GCG,0.4261429551192747
ATG GTT CAG CGT GGC TCC AAA GTT CGT ATC CTG CGT CCG GAA TCT TAC TGG TTC CAG GAT GTT GGT ACC GTT GCG TCT GTT GAC CAG TCT GGT ATC AAG TAC CCG GTG ATC GTT CGT TTC ATT TAC GTT AAC TAC TCC GGC ATC AAC ACC AAC AAC TTC GCG GAA GAC GAA CTG GTT GAA GTT GAG GCT,2.098986449030644
ATG GTT CAG CGT GGT TCT AAA GTT CGT TGG CTG CGT CCG GAA TCT TAC TGG TTC CAG GAC GTT GGT ACC GTT GCG TCT GTT GAC CAG TCT GGC ATC AAA TAC CCG GTT ATC GTT CGT TTC GAG AAG GTT AAC TAC TCC GGT ATC AAC ACC AAC AAC TTC GCG GAA GAC GAA CTG GTT GAA GTT GAA GCG,0.1702481330750951
ATG GTT CAG CGT GGT TCT AAA GTT CGT ATC CTG CGT CCG GAA TCT TAC TGG TTC CAG GAC GTT GGT ACC GTT GCG TCT GTT GAC CAG TCC GGT ATC AAA TAC CCG GTT ATC GTT CGT TTC GAA GTG GTT AAC TAC TCT GGC ATC AAC ACC AAC AAC TTC GCG GAA GAC GAA CTG GTT GAA GTT GAG GCG,0.8482425335108461
ATG GTT CAG CGC GGT TCT AAA GTT CGT TCT CTG CGT CCG GAA TCT TAC TAC TTT CAG GAT GTT GGT ACC GTT GCG TCT GTT GAC CAG TCT GGC ATC AAA TAC CCG GTT ATC GTG CGT TTT GAG AAG GTG AAC TAT TCT GGT ATC AAC ACC AAC AAC TTC GCG GAA GAC GAA CTG GTT GAA GTT GAG GCG,-0.6664863019429674
ATG GTT CAG CGT GGT TCT AAA GTT CGT ATC CTG CAC CCG GAA TCT TAC TGG TTC CAG GAC GTT GGT ACC GTT GCG TCT GTT GAC CAG TCT GGC ATC AAA TAC CCG GTT ATC GTT CGT TTT GAG AAA GTG AAC TAC TCC GGT ATC AAC ACC AAC AAC TTC GCG GAA GAC GAA CTG GTT GAA GTT GAA GCG,-0.4537839324260156
ATG GTT CAG CGT GGT TCT GAC GTT CGC ATT CTG CGT CCA GAA TCT TAT TGG TTC CAG GAC GTT GGT ACC GTT GCG TCT GTT GAC CAG TCC GGT ATT AAG TAC CCG GTG ATC GTT CGT TTC CAG AAG GTT AAC TAC TCT GGT ATC AAC ACC AAC AAC TTC GCT GAA GAC GAA CTG GTT GAA GTT GAA GCG,-0.0192872218404168
ATG GTT CAG CGT GGT TCT AAA GTT CGT ATC CTG CGT CCG GAA TCT TAC TGG TTC CAG GAC GTT GGT ACC GTT GCT TCT GTT GAA CAG ATG GGC ATT AAG TAT CCG GTG ATT GTT CGC TTC GAG AAA GTG AAC TAC TCC GGT ATC AAC ACC AAC AAC TTC GCG GAA GAT GAA CTG GTT GAA GTT GAA GCG,0.4158126672874384
ATG GTT CAA CGC GGC TCC AAA GTT CGC ATC CTC CGT CCG GAA TCT TAT TGG TTC CAG GAC GTT GGT ACC GTT GCG TCT GTT GAC CAG TCT GGC ATC AAA TAC CCG GTT ATC GTG CGT TTT GAA AAG GTT AAC TAC TCC GGT ATC AAC ACC AAC AAC CTG GCG GAA GAT GAA CGT GTT GAA GTT GAA GCG,-0.8067700375115732
ATG GTT CAG CGT GGT TCT AAA GTT CGT ATC CTG CGT CCG GAA TCT TAC TGG TTC CAG GAC GTT GGT ACC GTT GCG TCT GTT GAC CAG CCG GGC ATC AAA TAC CCA GTT ATC GTT CGT TTC GAG AAG GTT AAC TAC TCC GGT ATC AAC ACC AAC AAC TTC GCG GAA GAC GAA CTG GTT GAA GTT GAA GCG,0.3153649276833504
ATG GTT CAG CGT GGT TCT AAA GTT CGT ATC CTG CAG CCA GAA TCT TAC TGG TTC CAG GAC GTT GGT ACC GTT GCG TCT GTT GAC CAG TCT GGT ATC AAA TAC CCG GTT ATC GTT CGT TTC GAG AAA GTG AAT TAC TCC GGC ATC AAC ACC AAC AAC TTC GCG GAA GAC CCG CTG GTT GAA GTT GAA GCG,-1.072266261001125
ATG GTT CAG CGT GGT TCC GCG GTT CGT ATC CTG CGT CCG GAA TCT TAC TGG TTC CAG GAC GTT GGT GAC GTT GCG TCT GTT GAC CAG TCT GGT ATC AAA TAC CCG GTT ATC GTT CGT TTC GAG AAG GTG AAC TAC TCT GGC ATT AAC ACC AAC AAC TTC GCG GAA GAC GAA CTG GTT GAA GTT GAA GCG,-0.9850128131627444
ATG GTT CAG CGC GGT TCT AAA GTT CGT ATC CTG CGT CCG GAA TCT TAC TGG TTC CAG GAC GTT GGT ACC GTT GCG TCT GTT GAC CAG TCC GGT ATC AAA TAC CCG GTT ATC GTG CGT TTT GAG AAA GTG AAC TAC TCT GGC ATC AAC ACC AAC AAC TTC GCG GAA GAC CTG CTG GTT GAA GTT GAA GCG,-0.3392222912158783
ATG GTT CAG CGT GGT TCT AAA GTT CGT ATC CTG CGT CCG GAA TCT TAC TGG TTC CAG GAC GTT GGT ACC GTT GCG TCT GTT GAC CAG TCT GGT ATC AAG TAC CCG GTT ATC GTT CGT TTT GAA AAG GTG AAC TAC TCC GGC ATC AAC ACC AAC AAT TTC GCG GAA GAC GAA CTG GTT GAA GTT GAA AAC,1.8150920227220249
ATG GTT CAG CGT GGT TCT TGC GTT CGT ATC CTG CGT CCG GAA TCT TAC TGG TTC CAA GAC GTT GGT GAG GTT GCG TCT GTT GAC CAG TCT GGT ATC AAA TAC CCG GTG ATC GTT CGC TTC GAA AAA GTG AAC TAC TCT GGC ATC AAC ACC AAC AAC TTC GCG GAA GAT GAA CTG GTT GAA GTT GAA GCG,2.0117070221893942
ATG GTT CAG CGT GGT TCT AAA GTT CGT ATC CTG ATG CCG GAA TCT TAC TGG TTC CAG GAC GTT GGT ACC GTT GCG TCT GTT GAC CAG TCT GGT ATT AAG TAC CCG GTT ATC GTT CGT TTC GAG AAA GTG AAC TAC TCC GGT ATC AAC ACC AAC AAC TTC GCG GAA GAC GTT CTG GTT GAA GTT GAG GCT,-0.1316230602414713
ATG GTT CAG CGT GGT TCT AAA GTT CGT ATC CTG GAC CCG GAA TCT TAC TGG TTC CAG GAC GTT GGT ACC GTT GCG TCT GTT GAC CAA TCT GGC ATC AAA TAC CCA GTT ATC GTT CGT TTC GAG AAA GTG AAC TAC TCT GGT ATC AAC ACC AAC AAC TTT GCG GAA GAC ATC CTG GTT GAA GTT GAA GCG,-0.2800160205638449
ATG GTT CAG CGT GGC TCT AAA GTT CGC CAC CTG CGT CCG GAA TCT TAC TGC TTC CAG GAC GTT GGT ACC GTT GCG TCT GTT GAC CAG TCT GGT ATC AAA TAC CCG GTT ATC GTT CGC TTC GAA AAA GTG AAC TAC TCC GGC ATC AAC ACC AAC AAC TTC GCG GAA GAC GAA CTG GTT GAA GTT GAA GCG,0.408659744904281
ATG GTT CAG CGT GGC TCT AAA GTT CGT ATC CTG CGT CCG GAA TCT TAC TGG TTC CAG GAC GTT GGC ACC GTT GCT TCT GTT GAC CAG TCT GGT ATC AAA TAC CCG GTT ATC GTT CGT TTC GAG AAA GTG AAC TAT TCT GGC ATC AAC ACC AAC AAC TTC GCT GAA GAC GAA CTG GTT GAA GTT GAA GCG,1.9368041812782464
ATG GTT CAG CGC GGT TCT AAA GTT CGT ATC CTG CGT CCG GAA TCT TAC TGG TTC CAG GAC GTT GGT ACC GTT GCG TCT GTT GAC CAG TCT GGC ATC AAA TAC CCG GTT ATC GTT CGC TTC CAG GTT GTT AAC TAC TCT GGT ATC AAC ACC AAC AAC TTC GCG GAA GAT GAA CTG GTT GAA GTT GAG GCG,1.3265033469398206
ATG GTT CAG CGC GGT TCT AAA GTT CGT ATC CTG CGC CCA GAA TCT TAC TGG TTC CAG GAC GTT GGT ACC GTT GCG TCT GTT GAC CAG TCT GGT ATC AAG TAC GGT GTT ATC GTT CGT TTC GAG AAG GTT AAC TAC TCC GGC ATC AAC TTC AAC AAC TTC GCG GAA GAC GAA CTG GTT GAG GTT GAA GCG,1.8931926347765349
ATG GTT CAG CGT GGC TCT AAA GTT CGT ATC CTG CGT CCG GAA TCT TAC TGG TTC CAG GAC GTT GGT ACC GTT GCG TCT GTT GAC CAG TCT GGT ATC AAG TAC CAC GTG ATC GTT CGT TTC GAG AAA GTG AAC TAC TCT GGC ATC AAC CTG AAC AAC TTC GCG GAA GAC GAA CTG GTT GAA GTT GAA GCG,1.497846369874443
ATG GTT CAG CGT GGT TCT AAA GTT CGC ATC CTC CGT CCA GAA TCT TAT TGG TTC CAG GAC GTT GGT ACC GTT GCT TCT GTG GAC CAG TCT GGT ATC AAG TAC CCG GTT ATC GTT CGT TTC GAG AAG GTG AAC TAC TCT GGC ATC AAC ACC AAC AAC GAA GCG GAA GAT GAA GAT GTT GAA GTT GAA GCG,-0.2840851387189937
ATG GTT CAA CGT GGT TCT AAA GTT CGT ATC CTG CGT CCG GAA TCT TAC TGG TTC CAG GAC GTT GGT ACC GTT GCG TCT GTT GAC CAG TCC GGC ATC AAG TAC CCG GTT ATC GTG CGT TTC GAG AAA GTG AAC TAC TCT GGT ATC AAC ACC AAC AAC TGG GCG GAA GAC GAA TGC GTT GAA GTT GAA GCG,0.57938519503732
ATG GTT CAG CGT GGT TCT AAA GTT CGT ATT CTG CGT CCG GAA TCT TAC TGG TTC CAG GAC GTT GGT ACC GTT GCG TCT CTG GAC CAG TCT GGT ATC AAA TAC CCG GTT ATC GTT CGT TTC GAG AAA GTG AAC TAC TCC GGC ATC AAC ACC AAC AAC TTT GCG GAA GAC GAA CTG GTT GAA GTT GAA GCG,0.7872021285221893
ATG GTT CAG CGT GGT TCT GAA GTT CGT ATC CTG CGT CCG GAA TCT TAT TGG TTC CAG GAC GTT GGT ACC GTT GCG TCT GTT GAC CAG TCT GGT ATC AAA TAC CCG GTT ATC GTT CGT TTC CAG AAG GTT AAC TAC TCT GGC ATC AAC ACC AAC AAC TTT GCG GAA GAC GAA CTG GTT GAA GTT GAA GCG,0.3026935045097659
ATG GTT CAG CGT GGT TCT AAA GTT CGT ATC CTG CGC CCA GAA TCT TAC TAC TTC CAG GAC GTT GGT ACC GTT GCG TCC GTT GAC CAG TCT GGT ATC AAA TAC CCG GTT ATC GTG CGT TTC GAG AAA GTG AAT TAC TCC GGC ATC AAC ACC AAC AAC TTC GCG GAA GAC GAA CTG GTT GAA GTT GAG GCT,-0.2855928297028731
ATG GTT CAG CGT GGT TCT AAA GTT CGT ATC CTG CGT CCG GAA TCT TAC TGG TTC CAG GAC GTG GGT ACC GTT GCG TCT GTT GAC CAG TCT GGT ATC AAA TAC CCG GTT ATC GTT CGT TTT GAA AAA GTG CGC TAC TCT GGC ATC AAC ACC AAC AAC TTC GCG GAA GAC GAA CTG GTT GAA GTT GAA GCG,0.1135980513069213
ATG GTT CAG CGT GGT TCT AAA GTT CGT ATC CTG CGT CCG GAA TCT TAC TGG TTC CAG GAC GTT GGT ACC GTT GCG TCT GTT GAT CAG TCT GGT ATC AAA TAC CCG GTT ATC GTT CGT TTC GAG AAA GTG AAC TAC TCC GGC ATC AAC ACC AAC AAC TTT GCG GAA CAC GAA CTG GTT GAA GTT GAA GCG,2.511877459693527
ATG GTT CAG CGT GGT TCT AAG GTT CGT ATC CTG CGT CCG GAA TCT TAC TGG TTC CAG GAC GTT GGT ACC GTT GCG TCT GTT ACC CAG TGG GGT ATC AAG TAC CCG GTT ATC GTG CGT TTC GAG AAG GTT AAC TAT TCC GGC ATC AAT ACT AAC AAT TTC GCG GAA GAC GAA CTG GTT GAA GTT GAG GCT,0.4350634205285323
ATG GTG CAA CGT GGT TCT TAC GTG CGT ATC CTG CGT CCG GAA TCT TAC TGG TTC CAA GAC GTT GGT ACC GTT GCG TCT GTT GAC CAG TCT GGT ATC AAA TAC CCG GTT ATC GTT CGC TTC ATC AAA GTG AAC TAC TCT GGC ATC AAC ACC AAC AAC TTC GCT GAA GAC GAA CTG GTG GAA GTT GAA GCG,1.1627027491070592
ATG GTT CAG CGT GGC TCC GCG GTT CGT ATC CTG CGT CCG GAA TCT TAC TGG TTC CAG GAC GTT GGT ACC GTT GCG TCT GTT GAT CAG TCT GGC ATC AAA TAC CCG GTT ATC GTT CGT TTC TGG AAG GTT AAC TAC TCC GGT ATC AAC ACC AAC AAC TTC GCG GAA GAC GAA CTG GTT GAA GTT GAA GCG,1.662948852425863
ATG GTT CAG CGT GGT TCC AAA GTT CGT CGC CTG CGT CCG GAA TCT TAC TCT TTC CAG GAC GTT GGT ACC GTT GCG TCT GTT GAC CAG TCC GGC ATC AAA TAC CCG GTG ATC GTG CGT TTC GAG AAA GTG AAC TAC TCT GGT ATC AAC ACC AAC AAC TTC GCG GAG GAT GAA CTG GTT GAA GTT GAA GCG,-0.8984599141034032
ATG GTT CAG CGT GGT TCT AAA GTT CGT ATC CTG CGT CCG GAA TCT TAT TGG TTC CAG GAC GTT GGT ACC GTT GCG TCT GTT GAC CAG TCC GGT ATC AAA TAC CCG GTT ATC GTT CGT TTC GAG AAA GTG ATG TAC TCT GGC ATC AAC ACC AAC AAC TTC GCG GAA GAC GAA CTG GTT GAA GTT GAA GCG,0.7513911040363745
ATG GTT CAG CGC GGC TCT AAA GTT CGT ATC CTG CGT CCG GAA TCT TAC TGG TTC CAG GAC GTT GGT ACT GTT GCG TCT GTT GAC CAG TCC GGC ATC AAG TAC CTG GTT ATC GTT CGC TTC GAA AAA GTG AAC TAC TCC GGT ATC AAC CTG AAC AAC TTC GCG GAA GAC GAA CTG GTT GAA GTT GAA GCG,2.3751098711499825
ATG GTT CAG CGT GGC TCT AAA GTT CGT ATC CTG CGT CCG GAA TCT TAC TGG TTC CAG GAC GTT GTG ACC GTG GCG TCT GTT GAC CAG TCT GGT ATC AAA TAC CCG GTT ATC GTT CGT TTT GAA AAA GTG AAC TAC TCC GGC ATC AAC ACC AAC AAC TTC GCG GAA GAC GAA CTG GTG GAA GTT GAA GCG,0.329006011588179
ATG GTT CAG CGT GGC TCT TGG GTG CGT ATC CTG CGC CCA GAA TCT TAC TGG TTC CAA GAC GTT GGT AAA GTT GCG TCT GTT GAC CAG TCT GGC ATC AAA TAC CCG GTT ATC GTG CGC TTC GAG AAA GTT AAT TAC TCT GGT ATC AAC ACC AAC AAC TTC GCG GAA GAC GAA CTG GTT GAA GTT GAA GCG,1.040384582795666
ATG GTT CAG CGT GGT TCT AAA GTT CGT ATC CTG CGT CCG GAA TCT TAC TGG TTC CAG GAT GTT GGT ACC GTT GCG TCT GTT GAC CAG TCC GGT ATC AAA TAC CCG GTT ATC GTT CGT TTC GAG AAG GTT AAC TAC TCT GGC ATC AAC ACC AAC AAC TTC GCG GAA GAC GAA CTG GTT GAA GTT CAG GCG,1.7480596986315864
ATG GTT CAG CGT GGT TCT AAA GTT CGT ATC CTG CAC CCG GAA TCT TAC TGG TTC CAG GAC GTT GGT ACC GTT GCG TCT GTT GAC CAG TCT GGT ATC AAA TAC CCG GTT ATT GTG CGT TTC GAG AAA GTG AAC TAC TCT GGC ATC AAC ACC AAC AAC TTC GCT GAA GAC ACC CTG GTT GAG GTT GAA GCG,-2.015716571757255
ATG GTT CAG CGC GGT TCT AAA GTG CGT ATC CTG CGT CCG GAA TCT TAC TGG TTC CAG GAC GTT GGT ACC GTT GCG TCT GTT GAC CAG TCT GGC ATC AAA TAC TGC GTT ATC GTG CGC TTC GAA AAG GTT AAC TAC TCT GGT ATC AAC TGC AAC AAC TTC GCG GAA GAT GAA CTG GTG GAA GTT GAA GCG,1.9353154661606888
ATG GTT CAG CGT GGT TCT AAA GTT CGT ATC CTG CGT CCG GAA TCT TAC TGG TTC CAG GAC GTG GGT ACC GTT GCG TCT GTT GAC CAG TCT GGT ATC AAA TAC CCG GTT ATC GTT CGT TTC GAG AAG GTG AAC TAC TCC GGC ATC AAT ACC AAC AAT TTC GCG GAA GAC GAA CTG TAC GAG GTT GAA GCG,0.9644555068460224
ATG GTT CAG CGT GGT TCC AAA GTT CGT ATC CTG CGT CCG GAA TCT TAC TGG TTT CAG GAC GTT GGT ACC GTT GCG TCT GTT TAC CAG TGC GGT ATT AAG TAT CCG GTT ATC GTT CGT TTC GAG AAG GTT AAC TAC TCT GGT ATC AAC ACC AAC AAC TTC GCG GAA GAC GAA CTG GTT GAG GTT GAA GCG,1.311865579964469
ATG GTT CAG CGT GGC TCC AAA GTT CGT ATC CTG CGT GGT GAA TCT TAC TGG TTC CAA GAC GTT GGT ACC GTT GCG TCT GTT GAC CAG TCT GGC ATC AAA TAC CCG GTG ATC GTG CGT TTC GAG AAG GTT AAC TAC TCT GGT ATC AAC ACC AAC AAC TTC GCG GAA GAC GAA CTG GTT GAG GTT GAA GCG,0.3638917120895834
ATG GTT CAG CGT GGT TCT AAA GTT CGT ATC CTG CGT CCG GAA TCT TAC TGG TTC CAG GAC GTT GGC ACC GTT GCT TCT GTT GAC CAG TCT GGT ATC AAA TAC CCG GTT ATC GTG TAC TTC GAA AAA GTG AAC TAC TCC GGC ATC AAC ACC AAC AAT TTC GCG GAA GAC GAA CTG GTT GAA GTT GAG GCG,1.820964673592556
ATG GTT CAG CGT GGC TCC AAA GTT CGT ATC CTG ATC CCG GAA TCT TAC TGG TTC CAA GAC GTT GGT ACC GTT GCG TCT GTT GAC CAG TCT GGC ATC AAA TAC CCG GTT ATC GTG CGC TTC GAA AAA GTG AAC TAC TCT GGT ATC AAC ACC AAC AAC TTC GCG GAA GAC AAA CTG GTT GAA GTT GAA GCG,-0.1802477948363504
ATG GTG CAG CGC GGT TCT AAA GTT CGT ATC CTG CGT CCG GAA TCT TAC TGG TTC CAA GAC GTT GGT ACC GTT GCG TCT GTT GAC CAG TCC GGC ATC AAA TAC CCG GTT ATC GTT CGC TTT GAA AAG GTT AAC TAC TCC GGT ATC AAC ACC AAC AAT GTT GCG GAA GAC GAA ACC GTT GAG GTG GAA GCG,-0.8427768133464364
ATG GTT CAG CGT GGT TCT AAA GTT CGT ATC CTG CGT CCG GAA TCT TAT TGG TTC CAG GAC GTT GGT ACC GTT GCG TCT GTT GAC CAG TCT GGC ATC AAA TAC CAG GTT ATC GTG CGT TTC GAG AAG GTT AAC TAC TCT GGT ATC TTC ACC AAC AAC TTC GCG GAA GAC GAA CTG GTT GAA GTT GAA GCG,1.3731807784073324
ATG GTT CAG CGC GGC TCT AAA GTT CGT CTC CTG CGT CCA GAA TCT TAC ACC TTC CAG GAC GTT GGT ACC GTG GCG TCT GTT GAC CAG TCT GGT ATC AAA TAC CCG GTG ATT GTG CGC TTT GAA AAA GTG AAC TAC TCT GGC ATC AAC ACC AAC AAC TTC GCG GAA GAC GAG CTG GTT GAA GTT GAG GCT,-0.6229213963687316
ATG GTT CAG CGT GGC TCT AAG GTT CGT CGC CTC CGT CCG GAA TCT TAC TGC TTC CAG GAC GTT GGT ACC GTT GCG TCT GTT GAC CAG TCT GGT ATC AAA TAC CCG GTT ATC GTT CGT TTC GAG AAG GTT AAC TAC TCT GGC ATC AAC ACC AAC AAC TTC GCG GAA GAC GAA CTG GTT GAA GTT GAA GCG,1.553696532640645
ATG GTT CAG CGT GGT TCT AAA GTT CGT ATC CTG CGT CCG GAA TCT TAC TGG TTC CAG GAC GTT GGT ACC GTT GCG TCT GTT GAT CAG TCT GGT ATT AAG TAC CCG GTT ATC GTT CGC TTT GAG AAG GTG AAC TAC TCC GGT ATC AAC ACC AAC AAC TTC GCG GAA GAC GAA TCC GTT GAA GTT GAA GCG,-0.9027862145070128
ATG GTT CAG CGT GGT TCC AAA GTT CGT ATC CTG CGT CCG GAA TCT TAC TGG TTT CAG GAC GTT GGT ACC GTT GCG TCT GTT GAC CAG TCC GGC ATC AAA TAC CCA GTT ATC GTT CGC TTC GAA AAA GTG AAC TAC TCT GGT ATC AAC ACC AAC AAC TTC TGC GAA GAC GAA CTG GTT GAA GTT GAA GCG,1.0580571349999008
ATG GTT CAG CGT GGT TCT AAA GTT CGT ATC CTG CGT CCG GAA TCT TAC TGG TTC CAG TGG GTT GGT ACC GTT GCG TCT GTT GAC CAG TCT GGT ATC AAA TAC CCG GTG ATC GTT CGT TTC GAG AAA GTG AAC TAC TCT GGC ATC AAC ACC AAC AAC TTC GCG GAA GAC GAA CTG GTT GAA GTT GAG GCT,1.4000185824269515
ATG GTT CAG CGT GGC TCC AAG GTT CGT ATC CTG CGT CCG GAA TCT TAC TGG TTC CAG GAC GTT GGT ACC GTT GCG TCT GTT GAC CAG TCT GGT GAA AAA TAC CCG GTT ATC GTT CGT TTC GAG AAG GTT AAC TAC TCT GGT ATC AAC ACC AAC AAC TTC GCG GAA GAT GAA CTG GTT GAA GTT GAA GCG,1.1100544932488885
ATG GTT CAG CGT GGT TCT ATG GTT CGT ATC CTG CGT CCG GAA TCT TAC TGG TTC CAG GAC GTT GGT ATG GTT GCG TCT GTT GAC CAG TCT GGT ATC AAG TAC CCG GTG ATC GTT CGT TTC GAG AAG GTT AAC TAC TCT GGC ATC AAC ACC AAC AAC TTC GCG GAA GAC GAA CTG GTT GAA GTT GAA GCG,1.52266463418291
ATG GTT CAG CGT GGC TCC AAA GTT CGT ATC CTG CGT CCG GAA TCT TAC TGG TTC CAG GAC GTT GGT ACC GTT GCG TCT GTG GAC CAG TCT GGT ATT AAG TAC CCG GTT ATC GTT CGT TTT GAA AAG GTT AAC TAC TCC GGT ATC AAC ACC AAC AAC TTC GCT GAA GTG GAA CTC GTT GAG GTT GAG GCG,0.8067951465708139
ATG GTT CAG CGT GGT TCT AAA GTT CGT ATC CTG CGT CCG GAA TCC TAC TGG TTC CAG GAC GTG GGT ACC GTT GCG TCT GTT GAC CAG TCC GGT ATT AAG TAC CCG GTG ATC GTT CGT TTC GTT GCG GTT AAC TAC TCT GGT ATC AAC ACC AAC AAC TTC GCG GAA GAC GAA CTG GTT GAA GTT GAA GCG,0.8557390319538178
ATG GTT CAG CGT GGC TCT AAA GTT CGT ATC CTG ATC CCG GAA TCT TAC TGG TTC CAA GAC GTT GGT ACC GTT GCG TCT GTT GAC CAG TCT GGT ATC AAA TAC CCG GTG ATC GTT CGT TTC GAG AAA GTG AAC TAC TCT GGC ATC AAC ACC AAC AAC TTT GCG GAA GAC CGT CTG GTT GAA GTT GAA GCG,-0.0980830672435728
ATG GTT CAG CGT GGT TCT AAA GTT CGT GCG CTG CGT CCG GAG TCT TAC GAA TTC CAG GAC GTT GGT ACC GTT GCG TCT GTT GAC CAG TCT GGC ATC AAA TAC CCG GTT ATC GTG CGT TTC GAG AAA GTG AAC TAC TCT GGT ATC AAC ACC AAC AAC TTC GCG GAA GAC GAA CTG GTT GAA GTG GAA GCG,-1.4552434445322722
ATG GTT CAG CGT GGT TCC AAA GTT CGT ATC CTG CGT CCG GAA TCT TAC TGG TTT CAG GAC GTT GGT ACC GTT GCG TCT GTT GAC CAG TCC GGC ATC AAA TAC ATG GTG ATC GTT CGT TTC GAG AAA GTG AAC TAC TCT GGT ATC CCG ACC AAC AAC TTC GCG GAA GAC GAA CTG GTT GAA GTT GAA GCG,1.765717173178848
ATG GTT CAG CGT GGC TCT AAA GTT CGT GAC CTG CGT CCG GAA TCT TAC GTT TTC CAG GAC GTT GGT ACC GTT GCT TCT GTT GAC CAG TCC GGC ATC AAA TAC CCG GTT ATC GTT CGT TTC GAG AAG GTG AAC TAC TCC GGT ATC AAC ACC AAC AAC TTC GCG GAA GAC GAG CTG GTT GAA GTT GAA GCG,-0.0793450457005733
ATG GTG CAG CGT GGT TCT TCT GTT CGT ATC CTG CGT CCG GAA TCT TAT TGG TTC CAG GAC GTT GGT ACC GTT GCG TCT GTT GAC CAG TCT GGT ATC AAG TAC CCG GTT ATC GTG CGT TTC GAC AAG GTT AAC TAC TCT GGC ATC AAC ACC AAC AAC TTC GCG GAA GAC GAA CTG GTG GAA GTT GAA GCG,0.765852553731186
ATG GTT CAA CGT GGT TCT AAA GTT CGT ATT CTG CGT CCG GAA TCT TAC TGG TTC CAG GAC GTG GGT ACC GTT GCG TCT GTT GCG CAG TGG GGT ATC AAA TAC CCG GTT ATC GTG CGT TTC GAG AAA GTG AAC TAT TCC GGC ATT AAT ACC AAC AAC TTC GCT GAA GAC GAG CTG GTT GAA GTT GAA GCG,0.2418041140268975
ATG GTT CAG CGT GGC TCC AAA GTT CGT ATG CTG CGT CCG GAA TCT TAC TCT TTC CAG GAC GTT GGT ACC GTT GCG TCT GTT GAC CAG TCT GGT ATC AAG TAC CCG GTT ATC GTT CGC TTC GAA AAA GTT AAT TAC TCT GGC ATC AAC ACC AAC AAC TTC GCT GAA GAC GAA CTC GTT GAG GTG GAA GCG,-0.8771704671414188
ATG GTT CAG CGC GGT TCT AAA GTT CGT ATC CTG CGT CCG GAA TCT TAC TGG TTC CAG GAC GTT GGT ACC GTT GCG TCT GTT GAC CAG TCC GGT ATC AAA TAT CCG GTT ATC GTT CGT TTC TGC ATG GTT AAC TAC TCT GGC ATC AAC ACC AAC AAT TTC GCG GAA GAC GAA CTG GTG GAA GTT GAA GCG,2.076182950275851
ATG GTT CAG CGT GGT TCT AAA GTT CGT ATC CTG CGT CCG GAA TCT TAC TGG TTC CAG GAC GTT GGT ACC GTT GCT TCT GTT GAC CAG TCC GGT ATC AAA TAC AAC GTT ATC GTG CGT TTC GAG AAA GTG AAC TAC TCT GGT ATC GAA ACC AAC AAC TTC GCG GAA GAT GAA CTG GTT GAA GTT GAA GCG,1.0488719640515305
ATG GTT CAG CGT GGT TCT AAA GTT CGT ATC CTG CGT CCG GAA TCT TAC TGG TTC CAG GAC GTT GGT ACC GTT GCG TCT GTT ACC CAG ATG GGC ATT AAG TAC CCG GTT ATC GTT CGT TTC GAG AAA GTG AAC TAC TCC GGT ATC AAC ACC AAC AAC TTC GCG GAA GAC GAA CTG GTT GAA GTT GAG GCT,0.3283443049709857
ATG GTT CAG CGT GGC TCT AAG GTT CGT ACC CTG CGT CCG GAA TCT TAC GGT TTC CAG GAC GTT GGT ACC GTT GCG TCT GTT GAC CAG TCT GGC ATC AAA TAC CCG GTT ATC GTG CGC TTC GAA AAA GTG AAC TAT TCT GGT ATC AAC ACC AAC AAC TTC GCG GAA GAC GAA CTG GTT GAA GTT GAA GCG,-0.6167538345099203
ATG GTT CAG CGT GGT CAG AAA GTT CGT ATC CTG CGT CCG GAA TCT TAC TGG TTC CAG GAC GTT GGT ACC GTT GCG TCT GTT GAC CAG TCT GGC ATC AAG TAC CCG GTT ATC GTT CGC TTC GAA AAG GTT AAC TAC TCC GGT ATC AAC ACC AAC AAC TTC GCG GAA GAC GAA CTG GTT GAA GTT GAA GCG,1.4871582630812106
ATG GTT CAG CGC GGC TCC AAA GTG CGT ATC CTG CGT CCA GAA TCT TAT TGG TTC CAG GAC GTT GGT ACC GTT GCG TCT GTT GAC CAG TCC GGT ATT AAG TAC TCC GTG ATC GTT CGC TTC GAG AAA GTT AAT TAC TCT GGT ATC AAC GCG AAC AAC TTC GCG GAA GAC GAA CTG GTT GAA GTT GAA GCG,1.155468777655937
ATG GTT CAG CGT GGC TCT AAA GTT CGT ATC CTG TTC CCG GAA TCT TAC TGG TTC CAG GAC GTT GGT ACC GTT GCG TCT GTT GAC CAG TCC GGC ATC AAA TAC CCG GTG ATC GTT CGC TTC GAA AAA GTG AAC TAC TCT GGT ATC AAC ACC AAC AAC TTC GCG GAA GAT GTT CTG GTT GAA GTT GAA GCG,0.9375502753156983
ATG GTT CAG CGT GGC TCT TCT GTT CGT ATC CTG CGT CCG GAA TCT TAC TGG TTC CAG GAT GTT GGT AAA GTT GCG TCT GTT GAC CAG TCT GGT ATC AAA TAC CCG GTT ATC GTT CGT TTC GAG AAG GTT AAC TAC TCT GGC ATC AAC ACC AAC AAC TTC GCG GAA GAC GAA CTG GTT GAA GTT GAG GCG,-0.1884995823138072
ATG GTT CAG CGT GGT TCT AAA GTG CGC ATT CTG CCG CCA GAA TCT TAC TGG TTT CAG GAC GTT GGT ACT GTT GCG TCC GTT GAC CAG TCT GGT ATC AAA TAC CCG GTG ATC GTT CGC TTC GAA AAA GTG AAC TAC TCC GGC ATC AAC ACC AAC AAC TTT GCG GAG GAT GAC CTG GTT GAA GTT GAA GCG,-1.003667309729854
ATG GTT CAG CGT GGT TCC AAA GTT CGT ATC CTG GTT CCG GAG TCT TAC TGG TTT CAG GAC GTT GGT ACC GTT GCG TCT GTT GAC CAG TCT GGC ATC AAA TAC CCG GTT ATC GTT CGC TTC GAG AAG GTG AAC TAT TCC GGT ATC AAC ACC AAC AAC TTC GCG GAA GAC CTG CTG GTT GAA GTT GAA GCG,0.2518590831721673
ATG GTT CAG CGT GGT TCC CGC GTT CGT ATC CTG CGT CCG GAA TCT TAC TGG TTC CAG GAC GTT GGT ACC GTT GCG TCT GTT GAC CAG TCT GGT ATC AAG TAC CCA GTT ATC GTT CGC TTC ACC AAA GTG AAC TAC TCC GGT ATT AAC ACC AAT AAC TTC GCG GAA GAC GAA CTG GTG GAA GTT GAA GCG,2.022475914233879
ATG GTG CAG CGT GGT TCT AAA GTT CGT ATC CTG CGT CCG GAA TCT TAC TGG TTC CAG GAC GTT GGT ACC GTT GCG TCT GTT GAC CAG TCT GGT ATC AAG TAC CCG GTT ATC GTT CGT TTC GAG AAG GTT AAC TAC TCC GGC ATC AAC ACT AAC AAT AAC GCG GAA GAC GAA AAC GTT GAA GTT GAA GCG,-0.4664105956891149
ATG GTT CAG CGT GGT TCC GAA GTT CGT ATC CTG CGT CCG GAA TCT TAC TGG TTC CAG GAC GTT GGT ACC GTT GCG TCT GTG GAC CAG TCT GGT ATC AAA TAC CCG GTT ATC GTT CGC TTT GCG AAG GTT AAC TAC TCT GGC ATC AAC ACC AAC AAC TTC GCG GAA GAC GAG CTG GTT GAA GTT GAA GCG,-0.0975443083513584
ATG GTT CAG CGC GGT TCT AAA GTT CGT ATC CTG CGT CCG GAA TCT TAC TGG TTC CAG GAC GTT GGT ACC GTT GCG TCT GTT ACC CAG CCG GGT ATC AAG TAC CCG GTT ATC GTT CGC TTC GAG AAA GTG AAC TAC TCC GGC ATC AAC ACC AAC AAC TTC GCG GAA GAC GAA CTG GTT GAA GTT GAA GCG,-0.288759740944853
ATG GTT CAA CGT GGT TCT AAA GTT CGT ATC CTG CGT CCG GAA TCT TAC TGG TTC CAG GAC GTT GGT ACC GTT GCG TCT GTT GAC CAG TCT GGT ATC AAA TAC GCG GTT ATC GTG CGT TTC GAG AAA GTT AAT TAC TCT GGC ATC ATG ACC AAC AAC TTC GCG GAA GAC GAA CTG GTT GAA GTT GAA GCG,0.963651975676592
ATG GTT CAG CGT GGT TCT AAA GTT CGT ATC CTG GGT CCA GAA TCT TAC TGG TTC CAG GAC GTT GGC ACC GTT GCG TCT GTT GAC CAG TCT GGT ATC AAA TAC CCG GTT ATC GTT CGT TTT GAA AAG GTT AAC TAC TCT GGC ATC AAC ACC AAC AAC TTC GCG GAA GAC TTC CTG GTT GAA GTT GAA GCG,-0.3237600031233369
ATG GTT CAG CGT GGT TCT AAA GTT CGT ATC CTG CGT CCG GAA TCT TAC TGG TTC CAG GAC GTT GGT ACC GTT GCG TCT GTT GAC CAG TCT GGC ATC AAA TAC CCG GTT ATC GTT CGT TTT GAA AAA GTG AAC TAC TCC GGT ATC AAC ACC AAC AAC TTC GCG GAA GAC GAA GAC GTT GAA GTT GAG GCT,-0.6012871685516568
ATG GTT CAG CGT GGT TCT GGT GTT CGT ATC CTG CGT CCG GAA TCT TAC TGG TTC CAA GAC GTT GGT ACC GTT GCG TCT GTT GAC CAG TCT GGT ATC AAA TAC CCG GTG ATC GTG CGT TTC GTT AAA GTT AAT TAC TCT GGC ATC AAC ACC AAC AAT TTC GCT GAA GAT GAA CTG GTT GAA GTT GAA GCG,0.5244292121211518
ATG GTT CAG CGT GGT TCT AAA GTT CGT ATT CTC ACT CCG GAA TCT TAC TGG TTC CAG GAC GTT GGT ACC GTT GCG TCT GTT GAC CAG TCC GGT ATT AAG TAT CCG GTT ATC GTT CGT TTC GAG AAG GTT AAC TAC TCT GGT ATC AAC ACC AAC AAC TTT GCG GAA GAC TGG CTG GTT GAA GTT GAG GCT,1.3848342237139502
ATG GTT CAG CGT GGT TCT AAA GTT CGT AAA CTG CGT CCG GAA TCT TAC TCT TTC CAG GAC GTT GGT ACC GTT GCG TCT GTT GAC CAG TCC GGT ATC AAG TAC CCG GTT ATC GTT CGC TTC GAA AAA GTG AAC TAC TCT GGC ATC AAC ACC AAC AAC TTC GCG GAA GAC GAA CTG GTT GAA GTG GAA GCG,-1.5861002745415922
ATG GTT CAG CGT GGT TCT AAA GTT CGT ATC CTG CGT CCG GAA TCT TAC TGG TTT CAG GAC GTT GGT ACC GTT GCG TCT GTT GAC CAG TCT GGT ATC AAA TAC TGC GTG ATC GTT CGT TTC GAG AAA GTT AAT TAC TCC GGC ATC TTC ACC AAC AAC TTC GCG GAA GAC GAG CTG GTT GAG GTT GAA GCG,1.9659479546899368
ATG GTT CAG CGT GGT TCT AAA GTT CGT ATC CTG CAT CCG GAA TCT TAC TGG TTC CAG GAC GTT GGT ACC GTT GCG TCT GTT GAC CAG TCT GGT ATC AAG TAC CCG GTT ATC GTT CGT TTC GAG AAG GTT AAC TAC TCT GGC ATC AAC ACC AAC AAC TTC GCG GAA GAT CCA CTC GTT GAG GTT GAA GCG,-2.3207056597436546
ATG GTT CAA CGT GGT TCC AAA GTT CGT ATC CTG CGT CCG GAA TCT TAC TGG TTT CAG GAC GTT GGT ACC GTT GCG TCT GTT GAC CAG TCT GGC ATC AAA TAC CCG GTT ATC GTG CGT TTC GTG ATG GTT AAC TAC TCT GGT ATC AAC ACC AAC AAC TTC GCG GAA GAC GAA CTG GTT GAA GTT GAA GCG,1.4454379792971406
ATG GTT CAG CGT GGT TCC AAC GTT CGT ATC CTG CGT CCG GAA TCT TAC TGG TTT CAG GAC GTT GGT GAA GTG GCG TCC GTT GAC CAG TCT GGT ATC AAA TAC CCG GTG ATC GTG CGT TTC GAG AAG GTT AAC TAC TCT GGC ATC AAC ACC AAC AAC TTC GCG GAA GAC GAA CTG GTT GAA GTT GAA GCG,-0.3817187456478169
ATG GTT CAG CGT GGT TCT AAA GTT CGT ATC CTG AAA CCG GAA TCT TAC TGG TTC CAG GAC GTT GGT ACC GTT GCG TCT GTT GAC CAG TCT GGT ATC AAG TAC CCG GTG ATC GTT CGC TTC GAA AAG GTG AAC TAC TCT GGC ATC AAC ACC AAC AAC TTC GCT GAA GAC ACC CTG GTT GAA GTT GAA GCG,-0.4418129664564826
ATG GTT CAG CGT GGC TCT AAA GTT CGT AAC CTG CGT CCG GAA TCT TAC ATG TTC CAG GAC GTT GGT ACC GTT GCG TCT GTT GAC CAG TCC GGC ATC AAG TAC CCG GTT ATC GTT CGT TTC GAG AAA GTT AAT TAC TCT GGC ATC AAC ACC AAC AAC TTC GCG GAA GAC GAA CTG GTT GAA GTT GAA GCG,-1.1636991359771016
ATG GTT CAG CGT GGT TCT AAA GTT CGT ATC CTG GCT CCG GAA TCT TAC TGG TTC CAG GAC GTT GGT ACC GTT GCG TCT GTT GAC CAG TCT GGC ATC AAG TAC CCG GTT ATC GTT CGT TTC GAG AAA GTG AAC TAC TCC GGT ATC AAC ACC AAC AAC TTC GCG GAA GAC ACC CTG GTG GAA GTT GAA GCG,-1.06147361937319
ATG GTT CAA CGT GGT TCT AAA GTT CGT ATC CTG CGT CCG GAA TCT TAC TGG TTC CAG GAC GTT GGT ACT GTT GCG TCT GTT GGT CAG TTC GGT ATC AAG TAC CCG GTT ATC GTT CGT TTC GAG AAA GTG AAC TAC TCC GGC ATC AAC ACC AAC AAC TTC GCG GAA GAC GAA CTG GTT GAA GTT GAA GCG,0.5411239612698996
ATG GTT CAG CGC GGC TCT AAA GTT CGT ATC CTG CGT CCG GAA TCT TAC TGG TTC CAG GAT GTT GGT ACC GTT GCG TCT GTT GAC CAG TCT GGT ATC AAA TAC CCG GTT ATC GTT CGT TTC TCC CTG GTT AAC TAC TCT GGC ATC AAC ACC AAC AAC TTC GCG GAA GAC GAA CTG GTT GAG GTT GAA GCG,0.82281347732144
ATG GTT CAG CGT GGT TCT TGC GTT CGT ATC CTG CGT CCG GAG TCT TAC TGG TTC CAG GAT GTT GGT ACC GTT GCG TCT GTT GAC CAG TCT GGC ATC AAA TAC CCG GTT ATC GTT CGC TTC TGG AAA GTG AAC TAT TCT GGT ATC AAC ACC AAC AAC TTC GCG GAA GAC GAA CTG GTT GAA GTT GAG GCG,2.4801759733368027
ATG GTT CAG CGT GGT TCT AAA GTT CGT ATC CTG ATG CCG GAA TCT TAC TGG TTC CAG GAC GTT GGT ACC GTG GCG TCT GTT GAC CAG TCT GGT ATT AAG TAC CCG GTT ATC GTG CGC TTC GAA AAA GTT AAT TAC TCC GGT ATC AAC ACC AAC AAC TTC GCG GAA GAC TGC CTG GTT GAA GTT GAA GCG,0.8044691637449182
ATG GTT CAG CGT GGC TCC AAA GTG CGT AAA CTG CGT CCG GAA TCT TAC TAC TTC CAG GAC GTT GGT ACC GTT GCG TCT GTT GAC CAG TCT GGC ATC AAA TAC CCG GTT ATC GTG CGT TTC GAG AAA GTG AAC TAC TCT GGT ATC AAC ACC AAC AAC TTC GCG GAA GAC GAA CTG GTT GAA GTT GAA GCG,0.0461075758193061
ATG GTT CAG CGT GGT TCC AAA GTT CGT ATC CTG CGT CCG GAA TCT TAC TGG TTT CAG GAC GTT GGT ACC GTT GCG TCT GTT GAC CAG TCC GGT ATT AAG TAC GCG GTT ATC GTT CGT TTC GAG AAA GTG AAC TAC TCT GGT ATC AAC CAG AAC AAC TTC GCT GAA GAC GAA CTG GTG GAA GTT GAA GCG,1.5218638908808468
ATG GTT CAG CGC GGT TCT AAA GTT CGT ATC CTG CGT CCG GAA TCT TAC TGG TTC CAG GAC GTT GGT ACC GTT GCT TCT GTT GAC CAG TCT GGT ATT AAG TAC CCG GTT ATC GTT CGT TTC GAG AAG GTT AAC TAC TCC GGT ATC AAC ACC AAC AAC TTC GCG GAA GAC GAA CTG GTT TTC GTT GAA GCG,1.549320088618817
ATG GTT CAG CGT GGT TCT AAA GTT CGT ATC CTG CGT CCG GAA TCT TAC TGG TTC CAG GAC GTT GGT ACC GTT GCG TCT GTT TCT CAA ATC GGC ATT AAG TAC CCG GTT ATC GTT CGC TTC GAA AAG GTG AAC TAT TCT GGT ATC AAC ACC AAC AAC TTT GCG GAA GAC GAA CTG GTT GAA GTT GAG GCT,0.67164269625103
ATG GTT CAG CGT GGT TCT AAA GTT CGT ATC CTG CGT CCG GAA TCT TAC TGG TTC CAG GAC GTT GGT ACC GTG GCG TCT GTG GAC CAA TCT GGT ATC AAA TAC CCG GTT ATC GTT CGT TTC TGG CGT GTT AAC TAC TCC GGT ATT AAC ACC AAC AAC TTC GCG GAA GAC GAA CTG GTT GAA GTT GAA GCG,1.7433768812491186
ATG GTT CAG CGT GGC TCC AAA GTT CGT ATC CTG CGT CCG GAA TCT TAC TGG TTC CAG GAC GTT GGT ACC GTT GCG TCT GTT GAC CAG TCT GGT ATC AAA TAC CCG GTG ATC GTG CGT TTC CAC CTG GTG AAC TAC TCT GGC ATC AAC ACC AAC AAC TTC GCG GAG GAC GAA CTC GTT GAA GTT GAA GCG,0.8603249916387566
ATG GTT CAA CGT GGT TCT AAA GTT CGT GAC CTG CGT CCG GAA TCT TAC TAC TTC CAG GAC GTG GGT ACC GTT GCG TCT GTG GAC CAG TCT GGC ATC AAA TAC CCG GTG ATC GTT CGT TTC GAG AAG GTG AAC TAC TCT GGT ATC AAC ACC AAC AAC TTC GCG GAA GAC GAA CTG GTT GAA GTT GAA GCG,-1.3410843664515428
ATG GTT CAG CGT GGT TCT AAA GTT CGT ATC CTG CGT CCG GAA TCT TAC TGG TTT CAG GAC GTT GGT ACC GTT GCG TCT GTT GAC CAG TCT GGT ATC AAA TAC ATC GTG ATC GTG CGT TTC GAG AAG GTT AAC TAC TCT GGC ATC AAC GAC AAC AAC TTC GCG GAA GAC GAA CTG GTT GAA GTT GAA GCG,2.506065254036943
ATG GTT CAG CGT GGT TCT AAA GTT CGT GTT CTG CGT CCG GAA TCT TAC ACC TTT CAG GAC GTT GGT ACC GTT GCG TCT GTT GAC CAG TCC GGT ATT AAG TAC CCG GTT ATC GTT CGT TTC GAG AAG GTT AAC TAC TCT GGT ATC AAC ACC AAC AAC TTC GCT GAA GAC GAA CTG GTT GAA GTT GAA GCG,-0.3162370169340524
ATG GTT CAG CGC GGT TCT AAA GTT CGT ATC CTC CGT CCG GAA TCT TAC TGG TTC CAG GAC GTT GGT ACC GTT GCT TCC GTT GAC CAG TCC GGC ATC AAG TAC CCG GTT ATC GTG CGT TTC CAG TTT GTG AAC TAC TCT GGT ATC AAC ACC AAC AAC TTC GCG GAA GAC GAG CTG GTT GAA GTT GAA GCG,1.4928919957224802
ATG GTT CAA CGT GGT TCT AAA GTG CGT ATC CTG CGT CCA GAA TCT TAC TGG TTC CAG GAC GTT GGT ACC GTT GCG TCT GTT GAC CAG TCT GGC ATC AAA TAC CCG GTT ATC GTG CGT TTC CGT GTT GTT AAC TAC TCT GGT ATC AAC ACC AAC AAC TTC GCG GAA GAC GAA CTG GTG GAA GTT GAA GCG,1.2992011601174058
ATG GTT CAG CGT GGT TCT AAA GTT CGT ATC CTG CGT CCG GAA TCT TAC TGG TTC CAG GAC GTT GGT ACC GTT GCG TCT GTT ATC CAG ACC GGT ATC AAA TAC CCG GTT ATC GTT CGT TTC GAG AAG GTG AAC TAC TCT GGC ATC AAC ACC AAC AAC TTC GCG GAA GAC GAA CTG GTT GAA GTT GAG GCT,1.37503872206317
ATG GTT CAG CGT GGC TCT AAA GTT CGT ATC CTG CGT CCG GAA TCT TAC TGG TTC CAG GAT GTT GGT ACC GTT GCG TCT GTT GAC CAG TCT GGC ATC AAA TAC CCG GTT ATC GTT CGT TTC CAG GCG GTT AAC TAC TCT GGT ATC AAC ACC AAC AAC TTC GCT GAA GAC GAA CTG GTT GAA GTT GAA GCG,0.7287841290363224
ATG GTT CAG CGT GGT TCT AAA GTT CGT ATC CTG CGT CCG GAA TCT TAC TGG TTT CAG GAC GTT GGT ACC GTT GCG TCT GTT GAC CAG TCT GGC ATC AAA TAC CCG GTT ATC GTT CGC TTC GAG AAG GTT AAC TAT TCT GGT ATC AAC ACC AAC AAC TTC GCT GAG GAC GAA CTG GTT GAG GTG GAA GAA,1.938082986990897
ATG GTT CAG CGT GGC TCT AAA GTT CGT ATC CTG CGT CCG GAA TCT TAC TGG TTC CAG GAC GTT GGT ACC GTT GCG TCT GTT GAC CAG TCT GGC ATC AAG TAC CCG GTT ATC GTT CGT TTC GAG AAG GTT AAC TAC TCC GGT ATC AAC ACC AAC AAC TTC GCG GAG GAC GAA CTG GTT GAA GTT GGT GCT,1.753508999629274
ATG GTT CAG CGT GGT TCT CCG GTT CGT ATC CTG CGT CCG GAA TCT TAC TGG TTT CAG GAC GTT GGC ACC GTG GCG TCC GTT GAC CAG TCC GGC ATC AAG TAT CCG GTT ATC GTG CGT TTT GCG AAG GTT AAC TAC TCC GGT ATT AAC ACC AAC AAT TTC GCG GAA GAC GAG CTG GTT GAA GTT GAA GCG,0.3685935364266775
ATG GTG CAA CGT GGT TCT AAA GTT CGT ATC CTG CGT CCG GAA TCT TAC TGG TTT CAG GAC GTT GGT ACC GTT GCG TCT GTT GAC CAG TCC GGT ATC AAA TAC GTT GTT ATC GTT CGT TTC GAG AAA GTG AAC TAC TCT GGC ATC CTG ACC AAC AAC TTC GCG GAA GAC GAA CTG GTT GAA GTT GAA GCG,2.434132732991544
ATG GTT CAG CGT GGT TCT AAA GTT CGT ATC CTG CGT CCG GAA TCT TAC TGG TTC CAG GAC GTT GGT ACC GTT GCG TCT GTT GAC CAG TCT GGT ATT AAG TAC CCG GTT ATC GTT CGT TTC GAG AAA GTG AAC TAC TCC GGT ATC AAC ACC AAC CAA TTC GCG GAA GAC GAA CTG GTT GAA GTT GAA GCG,1.2204826324711815
ATG GTT CAG CGT GGT TCT AAA GTT CGT ATC CTG CGT CCG GAA TCT TAC TGG TTC CAG GAC GTT GGT ACC GTT GCG TCT GTT GAC CAG TCC GGT ATC AAA TAC CCG GTT ATC GTT CGT TTC GAG AAA GTG AAC TAC TCT GGT AAC AAC ACC AAC AAC TTC GCT GAA GAC GAA CTG GTT GAA GTT GAG GCT,1.7233567554190643
ATG GTT CAG CGT GGT TCT AAA GTG CGT ATC CTG CGT CCG GAA TCT TAC TGG TTC CAG GAC GTT GGT ACC GTT GCG TCT GTT GAC CAG TCT GGT ATC AAA TAC ATG GTT ATC GTG CGC TTC GAG AAA GTT AAT TAC TCT GGC ATC AAA ACC AAC AAC TTC GCG GAG GAC GAA CTG GTT GAA GTT GAG GCG,1.990154501351213
ATG GTT CAG CGC GGC TCC CAC GTG CGT ATC CTG CGT CCG GAA TCT TAC TGG TTC CAG GAT GTT GGT TGC GTT GCG TCT GTT GAC CAG TCT GGC ATC AAA TAC CCG GTT ATC GTT CGC TTT GAA AAG GTT AAC TAC TCC GGT ATC AAC ACC AAC AAC TTC GCG GAA GAC GAA CTG GTT GAA GTT GAA GCG,1.350687838575519
ATG GTT CAG CGT GGC TCC AAA GTT CGT ATC CTG TGC CCG GAA TCT TAC TGG TTC CAG GAC GTT GGT ACC GTT GCG TCT GTT GAC CAG TCT GGC ATC AAG TAC CCG GTT ATC GTT CGT TTC GAG AAG GTG AAC TAC TCT GGT ATC AAC ACC AAC AAC TTC GCG GAA GAC CAC CTG GTT GAA GTT GAA GCG,0.7450164451509889
ATG GTT CAG CGT GGC TCC AAG GTT CGT ATC CTG TAC CCA GAA TCT TAC TGG TTC CAG GAC GTT GGT ACC GTT GCG TCT GTT GAC CAG TCT GGT ATC AAG TAC CCG GTT ATT GTT CGC TTC GAA AAG GTG AAC TAC TCC GGC ATC AAC ACC AAC AAC TTC GCT GAA GAC CCG CTG GTT GAA GTT GAA GCG,-0.3165167638551045
ATG GTT CAG CGC GGC TCC AAC GTT CGT ATC CTG CGT CCG GAA TCT TAC TGG TTT CAG GAC GTT GGT ACC GTT GCG TCT GTT GAC CAG TCT GGT ATC AAG TAC CCG GTG ATC GTG CGT TTC AAC AAA GTG AAC TAC TCC GGT ATT AAC ACC AAC AAC TTC GCG GAA GAC GAA CTG GTT GAA GTT GAA GCG,0.3394803261261325
ATG GTT CAG CGT GGT TCT ATC GTT CGT ATC CTG CGT CCA GAA TCT TAC TGG TTC CAG GAC GTT GGT TCT GTT GCG TCC GTT GAC CAG TCC GGT ATT AAG TAC CCG GTT ATC GTG CGT TTC GAG AAG GTT AAC TAC TCT GGC ATC AAC ACC AAT AAC TTC GCG GAA GAC GAA CTG GTT GAA GTT GAA GCG,0.3103218476571704
ATG GTT CAG CGT GGT TCT AAA GTT CGT ATC CTG CGT CCG GAA TCT TAC TGG TTC CAG GAC GTT GGT ACC GTT GCG TCT GTT TGG CAG CCG GGT ATC AAA TAC CCA GTG ATC GTT CGT TTC GAG AAA GTG AAC TAC TCC GGT ATT AAC ACC AAC AAC TTC GCG GAA GAC GAA CTG GTT GAA GTT GAG GCT,0.2462704751232357
ATG GTT CAG CGT GGT TCT AAA GTT CGT ATC CTG CGT CCG GAA TCT TAC TGG TTC CAG GAC GTG GGT ACC GTT GCG TCT GTT GAC CAG TCT GGC ATC AAA TAC CCG GTT ATC GTT CGC TTC GAG TTC GTG AAC TAC TCT GGT ATC AAC ACC AAC AAC TTC GCG GAA GAC GAA CTG GTT GAA GTT GAG GCG,1.0333193294184766
ATG GTT CAG CGT GGC TCC GCG GTT CGT ATC CTG CGT CCG GAA TCT TAC TGG TTC CAG GAT GTT GGT ACC GTT GCG TCT GTT GAC CAG TCT GGC ATC AAA TAC CCG GTT ATC GTT CGT TTC CAG AAG GTT AAC TAC TCC GGT ATC AAC ACC AAC AAC TTC GCG GAA GAC GAA CTG GTT GAA GTT GAA GCG,0.6595625995058145
ATG GTT CAG CGT GGC TCC AAA GTT CGT ATC CTG CGT CCG GAA TCT TAC TGG TTC CAA GAC GTT GGT ACC GTT GCG TCT GTT CAC CAG CAC GGT ATC AAA TAC CCG GTT ATC GTG CGT TTC GAG AAA GTT AAT TAC TCT GGC ATC AAC ACC AAC AAC TTC GCG GAA GAC GAA CTG GTT GAA GTT GAG GCT,0.1135912518250543
ATG GTT CAG CGC GGT TCT AAA GTG CGT ATT CTG CGT CCG GAA TCT TAC TGG TTT CAA GAC GTT GGC ACC GTT GCG TCT GTT GAC CAG TCT GGT ATC AAG TAC GTT GTG ATC GTT CGT TTC GAG AAA GTT AAT TAC TCC GGC ATC ATC ACC AAT AAC TTC GCG GAA GAC GAG CTG GTT GAA GTG GAA GCG,2.768944716162682
ATG GTT CAG CGT GGC TCC AAA GTT CGT ATC CTG CGT CCG GAA TCT TAC TGG TTC CAG GAC GTT GGT ACC GTT GCG TCT GTT GAC CAG TCT GGT ATC AAA TAC CAG GTG ATC GTT CGC TTC GAA AAA GTG AAC TAT TCT GGC ATC AAC AAA AAC AAC TTC GCG GAA GAC GAA CTG GTT GAA GTT GAA GCG,0.8430855700029015
ATG GTT CAG CGT GGT TCT AAA GTT CGT ATC CTG CGT CCG GAA TCT TAC TGG TTT CAG GAC GTT GGT ACC GTT GCG TCT GTT GAC CAG TCT GGT ATC AAA TAC ATG GTG ATC GTT CGT TTC GAG AAG GTT AAC TAC TCT GGC ATC AAC GGC AAC AAC TTC GCG GAA GAC GAA CTG GTT GAA GTT GAA GCG,2.482607931424095
ATG GTT CAG CGT GGC TCT AAA GTT CGT ATC CTG CGT CCG GAA TCT TAC TGG TTC CAG GAC GTT GGT ACC GTT GCG TCT GTT GAC CAG TCC GGT ATC AAG TAC CCG GTT ATC GTT CGC TTC TTC ACC GTT AAC TAC TCT GGC ATC AAC ACC AAC AAC TTT GCG GAA GAC GAA CTC GTG GAA GTT GAA GCG,1.6106605574410195
ATG GTT CAG CGT GGT TCT AAA GTT CGT ATC CTG CGT CCG GAA TCT TAC TGG TTC CAG AAT GTT GGT ACC GTG GCG TCT GTT GAC CAG TCC GGC ATC AAG TAC CCG GTT ATT GTT CGT TTC GAG AAG GTG AAC TAC TCT GGT ATC AAC ACC AAC AAC TTC GCG GAA GAC GAA CTG GTT GAA GTT GAA GCG,1.0905646497709185
ATG GTT CAG CGT GGT TCT AAG GTT CGT ATC CTG CGT CCG GAA TCT TAC TGG TTT CAG GAC GTT GGT ACC GTT GCG TCT GTT GAC CAG TCC GGC ATC AAA TAC AAA GTT ATC GTG CGT TTC GAG AAA GTG AAC TAC TCT GGT ATC AAC GAA AAC AAC TTC GCG GAA GAC GAA CTC GTT GAG GTT GAA GCG,1.953153560078392
ATG GTT CAG CGT GGT TCT AAA GTT CGT ATC CTG CGT CCG GAA TCT TAC TGG TTC CAG GAC GTT GGT ACC GTT GCG TCT GTT GAA CAG CTG GGC ATC AAA TAC CCG GTT ATC GTT CGT TTC GAG AAG GTG AAT TAC TCT GGT ATC AAC ACC AAC AAC TTC GCG GAA GAC GAA CTG GTT GAA GTT GAA GCG,0.5058867413659489
ATG GTT CAG CGT GGC TCT AAA GTT CGT ATT CTG CGT CCG GAA TCT TAT TGG TTC CAG GAC GTT GGT ACC GTT GCG TCT GTT GAC CAG TCC GGC ATC AAG TAC GAA GTT ATC GTT CGC TTC GAA AAA GTG AAC TAC TCC GGT ATC AAC AAT AAC AAC TTC GCG GAA GAC GAA CTG GTT GAA GTG GAA GCG,0.260822274039774
ATG GTT CAG CGT GGC TCC AAA GTT CGT TAC CTG CGT CCG GAA TCT TAC GTT TTC CAG GAC GTT GGT ACC GTT GCG TCT GTT GAC CAG TCT GGT ATC AAA TAC CCA GTT ATC GTG CGT TTC GAG AAG GTT AAC TAC TCT GGC ATC AAC ACC AAC AAT TTC GCG GAA GAC GAG CTG GTT GAA GTT GAG GCG,0.1129654429752786
ATG GTG CAG CGC GGT TCT CCG GTT CGT ATT CTC CGT CCG GAA TCT TAC TGG TTC CAG GAT GTT GGT ACC GTT GCG TCT GTT GAC CAG TCT GGC ATC AAG TAC CCG GTT ATC GTT CGT TTC TCT AAA GTG AAC TAC TCC GGC ATT AAC ACC AAT AAC TTC GCG GAA GAT GAA CTG GTT GAA GTT GAA GCG,0.014998508754241
ATG GTT CAG CGT GGC TCC AAA GTT CGT ATC CTG CGT CCG GAA TCT TAC TGG TTC CAA GAC GTT GGT ACC GTT GCG TCT GTT GAC CAG TCT GGC ATC AAG TAC ACC GTT ATC GTT CGC TTC GAG AAA GTG AAC TAC TCC GGT ATC AAC TCC AAC AAC TTC GCG GAA GAC GAA CTG GTT GAA GTT GAA GCG,1.3660531787710075
ATG GTT CAA CGC GGT TCC AAA GTT CGT ATC CTG CGT CCG GAA TCT TAC TGG TTT CAG GAC GTG GGT ACC GTT GCG TCT GTT TTC CAG GTT GGT ATC AAA TAC CCG GTT ATC GTT CGC TTC GAA AAA GTG AAC TAC TCT GGC ATC AAC ACC AAC AAC TTC GCG GAA GAC GAA CTG GTT GAA GTT GAA GCG,0.5060340797449427
ATG GTT CAG CGT GGT TCT AAA GTT CGT ATT CTG TAC CCG GAA TCT TAC TGG TTC CAG GAC GTT GGT ACC GTT GCG TCT GTT GAC CAG TCC GGT ATC AAA TAC CCG GTG ATC GTT CGT TTT GAA AAA GTG AAC TAC TCC GGC ATC AAC ACC AAC AAC TTT GCG GAA GAC ATC CTG GTT GAA GTT GAA GCG,-0.2505686687186358
ATG GTT CAG CGT GGT TCT AAA GTT CGT ATC CTG CGT CCA GAA TCT TAC TGG TTC CAG GAC GTT GGT ACC GTT GCG TCT GTT GAA CAG ACC GGC ATC AAA TAC CCG GTT ATT GTT CGT TTC GAG AAG GTG AAC TAC TCT GGT ATC AAC ACC AAC AAC TTC GCG GAA GAC GAA CTG GTG GAA GTT GAA GCG,1.1448203227651672
ATG GTT CAG CGC GGC TCT AAA GTT CGT ATC CTG CGT CCG GAA TCT TAC TGG TTC CAG GAC GTT GGT ACC GTT GCG TCT GTT ATG CAG CTG GGT ATT AAG TAC CCG GTT ATC GTT CGT TTT GAG AAA GTG AAC TAC TCC GGT ATC AAC ACC AAC AAC TTC GCG GAA GAC GAA CTG GTT GAA GTT GAG GCT,0.989647399167247
ATG GTT CAG CGT GGT TCT AAA GTT CGT ATC CTG CGT CCG GAA TCT TAC TGG TTT CAG GAC GTT GGT ACC GTT GCG TCT GTT GAC CAG TCT GGC ATC AAA TAT CCG GTT ATC GTG CGC TTC GAG AAA GTG AAC TAC TCT GGT ATT AAC ACC AAC AAT CAC GCG GAA GAC GAA GGT GTT GAG GTT GAA GCG,-0.8068379546427031
ATG GTT CAG CGT GGT TCT AAA GTT CGT ATC CTG CGT CCG GAA TCT TAC TGG TTC CAA GAC GTT GGT ACC GTT GCG TCT GTT GAC CAG TCC GGC ATT AAG TAC CCG GTT ATC GTT CGT TTC TTC ATG GTT AAC TAC TCT GGC ATC AAC ACC AAC AAC TTC GCG GAG GAT GAA CTG GTT GAA GTT GAA GCG,2.0950718347658457
ATG GTT CAG CGT GGT TCT AAA GTT CGT ATC CTG CGT CCG GAA TCT TAC TGG TTC CAG GAT GTT GGT ACC GTT GCG TCT GTT GAC CAG TCT GGC CCG AAA TAC CCG GTT ATC GTG CGC TTC GAG AAA GTT AAT TAC TCT GGT ATC AAC ACC AAC AAC TTC GCG GAA GAC GAA CTG GTT GAA GTT GAA GCG,0.5338170771090383
ATG GTT CAG CGT GGT TCT AAA GTT CGT ATC CTC GTT CCG GAG TCT TAC TGG TTC CAG GAC GTT GGT ACC GTT GCG TCT GTT GAC CAG TCT GGT ATT AAG TAC CCG GTT ATC GTT CGT TTC GAG AAA GTG AAC TAC TCC GGT ATC AAC ACC AAC AAC TTC GCG GAA GAC GAC CTG GTT GAA GTT GAA GCG,0.3457866064560335
ATG GTT CAG CGC GGC TCC ATG GTT CGT ATC CTG CGT CCG GAA TCT TAC TGG TTT CAG GAC GTT GGT ACC GTT GCG TCT GTT GAC CAG TCT GGT ATC AAA TAC CCG GTT ATC GTT CGT TTC GGT AAG GTT AAC TAC TCT GGC ATC AAC ACC AAC AAC TTC GCG GAA GAC GAA CTG GTT GAA GTT GAA GCG,0.9517931764639276
ATG GTT CAG CGT GGT TCC AAA GTT CGC CCG CTG CGT CCG GAA TCT TAC TTC TTC CAG GAC GTT GGT ACC GTT GCG TCT GTT GAC CAG TCT GGT ATC AAA TAC CCG GTT ATC GTT CGC TTC GAA AAA GTG AAC TAC TCC GGC ATC AAC ACC AAC AAT TTC GCG GAA GAC GAA CTG GTT GAA GTT GAA GCG,-0.1993696413505539
ATG GTT CAG CGT GGC TCT AAA GTT CGT ATC CTC CGT CCG GAA TCT TAC TGG TTC CAG GAC GTT GGT ACC GTT GCG TCT GTT GAT CAG TCT GGT ATC AAG TAC ATC GTG ATC GTT CGT TTC GAG AAA GTG AAC TAC TCC GGT ATC CTG ACC AAC AAC TTC GCG GAA GAC GAA CTG GTT GAA GTT GAA GCG,2.930424665440812
ATG GTT CAG CGC GGT TCT AAA GTT CGT ATC CTG CGT CCG GAA TCT TAC TGG TTC CAG GAC GTT GGC ACC GTT GCG TCT GTT GAC CAG TCT GGC ATC AAA TAC CCG GTT ATC GTT CGC TTC GAG AAG ATG AAC TAC TCC GGT ATC AAC ACC AAC AAC TTC GCG GAA GAC GAA CTG GTT GAA GTT GAA GCG,1.984670784938912
ATG GTT CAA CGT GGC TCT AAA GTT CGT ATC CTG AAC CCG GAA TCT TAC TGG TTC CAA GAC GTT GGT ACC GTT GCG TCT GTT GAC CAG TCT GGT ATC AAA TAC CCG GTT ATC GTT CGC TTC GAA AAA GTG AAC TAC TCT GGC ATC AAC ACC AAC AAC TTT GCG GAA GAC GCG CTG GTT GAA GTT GAA GCG,-0.3420670296640806
ATG GTT CAG CGT GGT TCT AAA GTT CGT ATC CTG CGT CCG GAA TCT TAC TGG TTC CAG GAC GTT GGT ACC GTT GCG TCT GTT CGC CAG GGT GGT ATT AAG TAC CCG GTT ATC GTT CGT TTC GAG AAG GTT AAC TAC TCC GGT ATC AAC ACC AAC AAC TTC GCG GAA GAC GAA CTG GTT GAA GTT GAG GCG,0.9869938359146856
ATG GTT CAG CGT GGT TCC AAA GTT CGT ATG CTG CGT CCG GAA TCC TAC CAG TTT CAG GAC GTT GGT ACC GTT GCG TCT GTT GAC CAG TCT GGT ATC AAG TAC CCG GTT ATC GTG CGT TTC GAG AAA GTG AAC TAC TCT GGC ATC AAC ACC AAC AAT TTC GCG GAA GAC GAA CTG GTT GAA GTT GAG GCT,-1.4585791088030515
ATG GTT CAG CGT GGT TCT AAA GTT CGT ATC CTG CGT CCG GAA TCT TAT TGG TTC CAG GAC GTT GGT ACC GTT GCG TCT GTT GAC CAG TCC GGT ATC AAG TAC TCC GTG ATT GTG CGC TTC GAA AAA GTT AAT TAC TCT GGT ATC ACC ACC AAC AAC TTC GCG GAA GAT GAA CTG GTG GAA GTG GAA GCG,1.2965482623187494
ATG GTT CAG CGT GGT TCT AAA GTT CGT ATC CTC CGT CCG GAA TCT TAC TGG TTC CAG GAC GTT GGT TGG GTT GCG TCC GTT GAC CAG TCT GGT ATC AAA TAC CCG GTT ATC GTT CGT TTT GAA AAA GTG AAC TAC TCC GGT ATT AAC ACC AAC AAC TTC GCG GAG GAC GAA CTG GTT GAA GTT GAG GCT,1.172239345515671
ATG GTT CAG CGT GGT TCT AAA GTT CGT ATC CTG CGT CCG GAA TCT TAC TGG TTC CAG GAC GTT GGT ACC GTG GCG TCC CAG GAC CAG TCT GGT ATC AAA TAC CCG GTT ATC GTT CGC TTC GAA AAA GTG AAC TAC TCT GGC ATC AAC ACC AAC AAC TTC GCG GAA GAC GAA CTG GTT GAA GTT GAA GCG,-0.4682842067167143
ATG GTT CAG CGT GGC TCT GAA GTT CGT ATC CTG CGT CCG GAA TCT TAC TGG TTC CAG GAC GTT GGT TTT GTT GCG TCT GTT GAC CAG TCT GGT ATC AAA TAC CCG GTT ATC GTG CGC TTT GAA AAG GTG AAC TAC TCC GGC ATC AAC ACC AAC AAC TTC GCG GAA GAC GAA CTG GTT GAA GTT GAA GCG,0.0406679597351712
ATG GTT CAG CGT GGT TCT AAA GTT CGT ATC CTG CGT CCG GAA TCT TAC TGG TTC CAG GAC GTT GGT ACC GTT GCG TCT GTT ATG CAG ATG GGT ATC AAA TAC CCG GTT ATC GTG CGT TTC GAG AAG GTT AAC TAC TCT GGT ATT AAC ACC AAC AAC TTC GCG GAA GAT GAA CTG GTT GAA GTT GAA GCG,1.0353543632353128
ATG GTT CAG CGT GGT TCC AAG GTT CGT ATC CTG CGT CCG GAA TCT TAC TGG TTT CAG GAC GTT GGC ACC GTT GCG TCT GTT GAC CAG TCT GGT ATC AAA TAC ATC GTT ATC GTG CGC TTC GAA AAA GTG AAC TAC TCT GGC ATC AAC GGT AAC AAC TTC GCG GAA GAC GAA CTG GTT GAA GTT GAG GCG,2.461645657281882
ATG GTT CAA CGT GGC TCT AAA GTT CGT ATC CTG CGT CCG GAA TCT TAT TGG TGG CAG GAC GTT GGT ACC GTT GCG TCT GTT GAC CAG TCC GGT ATT AAG TAC CCG GTG ATC GTG CGT TTC GAG AAG GTG AAC TAC TCT GGT ATC AAC ACC AAC AAC TTC GCG GAG GAC GAA CTG GTT GAA GTT GAA GCG,0.5380781983681763
ATG GTT CAG CGC GGT TCT TAC GTT CGT ATC CTG CGT CCG GAA TCT TAC TGG TTC CAG GAC GTT GGT ACC GTT GCG TCT GTT GAC CAG TCT GGT ATC AAA TAC CCG GTT ATC GTG CGT TTC TGG AAA GTG AAC TAC TCT GGC ATC AAC ACC AAC AAC TTC GCG GAA GAC GAA CTG GTT GAA GTT GAA GCG,1.3432152807827888
ATG GTT CAA CGT GGT TCC CGT GTT CGT ATC CTG CGT CCG GAA TCT TAC TGG TTC CAG GAC GTT GGT ACC GTT GCG TCT GTT GAC CAG TCT GGC ATC AAG TAC CCG GTT ATC GTG CGT TTC TTC AAG GTT AAC TAC TCC GGT ATC AAC ACC AAC AAC TTC GCG GAA GAC GAA CTG GTT GAA GTT GAA GCG,1.5134950919150376
ATG GTT CAG CGT GGT TCT AAG GTG CGT ATC CTG CGT CCG GAA TCT TAT TGG TTC CAG GAC GTT GGT ACC GTT GCG TCT GTT GAC CAG TCT GGT ATC AAA TAC CCG GTT ATC GTG CGT GAA GAG AAA GTG AAC TAC TCT GGC ATC AAC ACC AAC AAC TTC GCG GAA GAC GAA CTG GTT GAA GTT GAA GCG,-1.203261164378432
ATG GTT CAG CGT GGC TCC AAA GTT CGT ATC CTG CGT CCG GAA TCT TAC TGG TTC CAG GAC GTT GGT ACC GTT GCG TCT GTT GAC CAG TCT GGC ATC AAA TAC CCG GTT ATC GTT CGC TTC GAG AAA GTG AAC TAC TCT GGT ATC AAC ACC AAC AAC CAG GCT GAA GAC GAA TGG GTT GAA GTT GAA GCG,0.1625077733607937
ATG GTT CAG CGT GGC TCT AAA GTT CGT ATC CTG CGT CCG GAA TCT TAC TGG TTC CAG GAC GTT GGT ACC GTT GCG TCT GTT GAT GCT TCT GGT ATT AAG TAC CCG GTT ATC GTT CGT TTC GAG AAA GTG AAC TAC TCC GGT ATC AAC ACC AAC AAC TTC GCG GAA GAC GAA CTG GTT GAA GTT GAA GCG,1.5594061042398195
ATG GTT CAG CGC GGC TCT AAA GTG CGT ATC CTC CGT CCG GAA TCT TAC TGG TTC CAG GAC GTT GGT ACC GTT GCG TCT GTT GAC CAG TCT GGT ATC AAG TAC CCG GTT ATC GTT CGC TTC GAA AAA GTG AAC TAC TCT GGC ATC AAC ACC AAC AAC TGG GCG GAA GAT GAA ACC GTT GAA GTT GAA GCG,-0.0014092961266607
ATG GTT CAG CGT GGT TCC AAA GTT CGT ATC CTG CGT CCG GAA TCT TAC TGG TTT CAG GAC GTT GGT ACC GTT GCG TCT GTT GAC CAG TCT GGT ATC AAA TAC CCG GTT ATC CTC CGT TTC GAG AAG GTT AAC TAC TCT GGC ATC AAC ACC AAC AAC TTC GCG GAA GAC GAA CTG GTT GAA GTT GAA GCG,-1.4232809986341737
ATG GTT CAG CGC GGT TCT AAG GTT CGT ATT CTC CGT CCA GAA TCT TAT TGG TTC CAG GAC GTT GGT ACC GTT GCG TCT GTT GAC CAG TCC GGT ATC AAA TAC CAC GTT ATC GTG CGT TTC GAG AAA GTT AAT TAC TCT GGC ATC CTG ACC AAC AAC TTT GCG GAA GAC GAA CTC GTT GAA GTT GAA GCG,1.5554233285769885
ATG GTG CAG CGT GGT TCT AAA GTT CGT ATC CTG CGT CCG GAA TCT TAC TGG TTT CAG GAC GTT GGT ACC GTT GCG TCT GTT GAC CAG TCT GGC ATC AAA TAC CCG GTT ATC GTT CGT TTC TCT GGT GTT AAC TAC TCC GGT ATC AAC ACC AAC AAC TTC GCG GAA GAC GAG CTG GTT GAA GTT GAA GCG,0.6805058587926719
ATG GTT CAG CGT GGT TCT AAA GTT CGT ATC CTG CGT CCG GAA TCT TAC TGG TTC CAA GAC GTT GGT ACC GTT GCG TCT GTT CGT CAG CAC GGT ATC AAG TAC CCA GTT ATC GTT CGC TTC GAA AAA GTT AAT TAC TCT GGC ATC AAC ACC AAC AAC TTC GCG GAA GAC GAA CTG GTT GAA GTT GAA GCG,0.5240888774948042
ATG GTT CAG CGT GGT TCT AAA GTT CGT ATC CTG CGT CCG GAA TCT TAC TGG TTC CAG GAC GTT GGT ACC GTT GCG TCT GTT GAC CAG TCT GGC ATC AAA TAC CCA GTT ATC GTG CGT TTC GAG AAG GTG AAC TAC TCT GGT ATT AAC ACC AAC AAC CCG GCT GAA GAC GAA TGC GTT GAA GTT GAA GCG,0.3611040061964168
ATG GTT CAG CGC GGT TCT AAA GTT CGT ATC CTG CGT CCG GAA TCT TAC TGG TTC CAG GAC GTT GGT ACC GTT GCG TCT GTT GAC CAG TCT GGC ATT AAG TAC GGT GTT ATC GTT CGC TTC GAG AAA GTG AAC TAC TCT GGT ATC AAC CAG AAC AAC TTC GCG GAA GAC GAA CTC GTT GAA GTT GAA GCG,1.327921753109952
ATG GTT CAG CGT GGT TCT AAA GTT CGT ATC CTG CGT CCG GAA TCC TAC TGG TTT CAG GAC GTT GGT ACC GTT GCG TCT GTT GAC CAG TCT GGT ATC AAG TAC CCG GTT ATC GTT CGT TTC GAG AAA GTG AAC TAT TCC ACC ATC AAC ACT AAC AAC TTC GCG GAA GAC GAA CTG GTT GAG GTT GAA GCG,-0.7501371346213779
ATG GTT CAG CGT GGC TCT GAG GTT CGT ATC CTG CGT CCG GAA TCT TAC TGG TTT CAG GAC GTT GGT ACC GTT GCG TCT GTT GAC CAG TCC GGC ATC AAA TAC CCG GTT ATC GTT CGT TTC TCT AAA GTG AAC TAC TCC GGT ATC AAC ACC AAC AAC TTC GCG GAA GAC GAA CTG GTT GAA GTT GAA GCG,0.1187560559030884
ATG GTT CAG CGT GGT TCT CAC GTT CGT ATC CTG CGT CCG GAA TCT TAC TGG TTC CAA GAC GTT GGT CCA GTT GCG TCT GTT GAC CAG TCT GGT ATC AAA TAC CCG GTT ATC GTT CGC TTC GAA AAG GTT AAC TAC TCT GGC ATC AAC ACC AAC AAC TTC GCG GAA GAC GAA CTG GTG GAA GTT GAA GCG,-0.3121115615116465
ATG GTT CAG CGT GGT TCT AAA GTT CGT ATC CTG CGT CCG GAA TCT TAC TGG TTC CAG GAC GTT GGT ACT GTT GCT TCT GTT GAC CAG TCT GGC ATC AAG TAC GGT GTT ATC GTG CGT TTC GAG AAA GTG AAC TAC TCC GGT ATC AAT GGT AAC AAC TTC GCG GAA GAC GAA CTG GTT GAA GTT GAA GCG,1.0671115302442953
ATG GTT CAG CGT GGT TCT AAA GTT CGT ATC CTG CGT CCG GAA TCT TAC TGG TTC CAG GAC GTT GGT ACC GTT GCG AAA GTT GAC CAG TCT GGT ATC AAG TAC CCG GTT ATC GTT CGC TTC GAA AAA GTG AAC TAC TCC GGC ATC AAC ACT AAC AAC TTC GCG GAA GAC GAA CTG GTT GAG GTT GAA GCG,1.513945778628242
ATG GTT CAG CGT GGT TCT AAA GTT CGT ATC CTG CGT CCG GAA TCT TAC TGG TTC CAG GAC GTT GGT ACC GTT GCT TCT GTT CAC CAG GTT GGT ATT AAG TAC CCG GTT ATC GTT CGT TTC GAG AAG GTT AAC TAC TCC GGT ATC AAC ACC AAC AAC TTC GCG GAA GAC GAA CTG GTT GAA GTT GAA GCG,0.1463312647108339
ATG GTT CAG CGC GGT TCT AAA GTT CGT ATC CTG GGT CCG GAA TCC TAC TGG TTC CAA GAC GTT GGT ACC GTT GCG TCT GTT GAC CAG TCT GGT ATC AAG TAC CCG GTT ATC GTT CGT TTC GAG AAA GTG AAC TAC TCT GGC ATC AAC ACC AAC AAC TTC GCG GAA GAC GGT CTG GTT GAA GTT GAA GCG,-0.7188591117371359
ATG GTT CAG CGT GGT TCT AAA GTT CGT ATC CTG CGT CCG GAA TCT TAC TGG TTC CAA GAC GTT GGT ACC GTT GCG TCT GTT GAC CAG TCC GGC ATC AAA TAC TAC GTG ATC GTT CGT TTC GAG AAA GTG AAC TAC TCT GGT ATC CCG ACC AAC AAC TTC GCG GAA GAC GAA CTG GTT GAA GTT GAA GCG,1.9169940286038056
ATG GTT CAG CGT GGC TCT AAA GTT CGT ATC CTG CGT CCG GAA TCT TAC TGG TTC CAG GAC GTT GGT ACC GTT GCG TCT GTT GAC CAA TCT GGC ATC AAG TAC CCG GTG ATC GTG CGT TTC GAG AAA GTG AAC TAC TCC GGT ATC AAC ACC AAC AAC TTC GCG GAA GAC GAA CTG GTG CAG GTT GAA GCG,1.817038019319938
ATG GTT CAG CGT GGT TCT AAA GTT CGT ATT CTG CGT CCG GAA TCT TAC TGG TTC CAG GAC GTT GGT ACC GTT GCG TCT GTT GAC CAG TCT GGT ATC AAA TAC CCG CGT ATT GTT CGT TTC GAG AAA GTG AAC TAC TCT GGC ATC AAC ACC AAC AAC TTC GCG GAA GAC GAA CTG GTT GAA GTT GAA GCG,-0.6999304295545256
ATG GTT CAG CGT GGT TCT AAA GTT CGT ATC CTG CGT CCG GAA TCT TAC TGG TTC CAG GAC GTT GGT ACC GTT GCG TCT GTT TAC CAG ACC GGT ATC AAA TAC CCG GTT ATC GTT CGT TTC GAG AAG GTT AAC TAT TCT GGC ATC AAC ACC AAC AAT TTC GCG GAA GAC GAA CTG GTT GAA GTT GAA GCG,0.6120826163656184
ATG GTT CAG CGT GGT TCT AAA GTT CGT ATC CTG CGT CCG GAA TCT TAC TGG GGT CAG GAC GTT GGT ACC GTT GCT TCT GTT GAC CAG TCT GGT ATC AAG TAC CCG GTT ATC GTT CGC TTC GAG AAG GTT AAC TAT TCC GGC ATC AAC ACC AAC AAC TTT GCG GAA GAC GAA CTG GTT GAA GTT GAG GCG,-2.1804407875305847
ATG GTT CAG CGT GGT TCT AAA GTT CGT GCG CTG CGT CCG GAA TCT TAC GCG TTC CAA GAC GTT GGT ACC GTT GCG TCT GTT GAC CAG TCT GGT ATC AAG TAC CCG GTT ATC GTT CGT TTC GAG AAA GTG AAC TAC TCC GGT ATT AAC ACC AAC AAC TTC GCG GAA GAC GAA CTG GTT GAG GTT GAA GCG,-1.421191473660327
ATG GTT CAG CGT GGT TCT AAA GTT CGT ATC CTG CGT CCG GAA TCT TAC TGG TTC CAG GAC GTG GGT ACC GTT GCG TCT GTT GAC CAG TCT GGT ATC AAA TAC CCG GTT ATC GTT CGT TTC GAG AAA GTG AAC TAC TCC GGC ATC AAC ACC GGC AAT TTC GCG GAA GAC GAA CTG GTT GAA GTT GAG GCT,4.9513913852057785
GCT GTG CAG CGT GGT TCT AAA GTT CGT ATC CTG CGT CCG GAA TCT TAC TGG TTC CAG GAC GTT GGT ACC GTT GCG TCT GTT GAC CAG TCT GGC ATC AAA TAC CCG GTT ATC GTT CGC TTC GAG AAA GTG AAC TAC TCC GGT ATC AAC ACC AAC AAC TTC GCG GAA GAC GAA CTG GTT GAA GTT GAG GCG,1.9119529376836253
ATG GTT CAG CGT GGT TCC AAG GTT CGT ATC CTG CGT CCG GAA TCT TAC TGG TTT CAG GAC GTT GGT ACC GTT GCG TCT GTT CAC CAA ACC GGC ATC AAG TAT CCG GTT ATT GTG CGT TTC GAG AAA GTG AAC TAC TCC GGT ATC AAC ACC AAT AAC TTC GCG GAA GAC GAA CTG GTT GAA GTG GAG GCG,0.3705202748367107
ATG GTT CAG CGT GGT TCC AAA GTT CGT ATC CTG CGT CCG GAA TCT TAC TGG TTT CAA GAC GTT GGT ACC GTT GCG TCT GTT GAC CAG TCC GGC ATC AAA TAC CCG GTT ATC GTT CGC TTC GAA AAG GTG AAC TAC TCC GGT ATC AAC ACC AAC AAC TGG GCG GAA GAC GAA TGG GTT GAA GTT GAA GCG,0.4540629388075915
ATG GTT CAG CGT GGT TCC AAG GTT CGT ATC CTG CGT CCG GAA TCT TAC TGG TTT CAG GAC GTT GGT ACC GTT GCG TCT GTT GAC CAG TCT GGC ATC AAG TAC AAC GTG ATC GTT CGC TTC GAA AAA GTT AAT TAC TCC GGT ATC TGG ACC AAC AAC TTC GCG GAA GAC GAA CTG GTT GAA GTT GAA GCG,1.8558101926421755
ATG GTT CAG CGT GGT TCT AAA GTT CGT TCT CTG CGT CCG GAA TCT TAC GAC TTC CAG GAC GTG GGT ACC GTT GCG TCT GTT GAC CAG TCT GGT ATC AAA TAC CCG GTG ATC GTG CGC TTT GAA AAG GTT AAC TAC TCT GGC ATC AAC ACC AAC AAC TTC GCG GAA GAC GAA CTG GTT GAA GTT GAG GCG,-2.977983448076864
ATG GTT CAG CGT GGT TCT AAA GTT CGT ATC CTG CGT CCG GAA TCT TAC TGG TTC CAA GAC GTT GGC ACC GTT GCG TCT GTT GAC CAG TCC GGT ATC AAA TAC CCG GTT ATC GTG CGT TTC GTG AAC GTG AAC TAC TCT GGT ATT AAC ACC AAC AAC TTC GCG GAA GAC GAA CTG GTT GAA GTT GAA GCG,1.2985818288830937
ATG GTT CAG CGC GGT TCC AAA GTT CGT ATC CTG CGT CCG GAA TCT TAC TGG TTC CAG GAC GTT GGT ACC GTT GCG TCT GTT GAC CAG TCC GGT ATC AAA TAC CGC GTG ATC GTT CGT TTC GAG AAA GTG AAC TAC TCT GGT ATC CCG ACC AAC AAC TTC GCG GAA GAC GAA CTG GTT GAA GTT GAA GCG,1.2270862722672868
ATG GTT CAG CGT GGT TCT AAA GTT CGT ATC CTG CGT CCG GAA TCT TAC TGG TTT CAG GAC GTT GGT ACC GTT GCG TCT GTT GAC CAG TCC GGC ATC AAA TAC TGG GTG ATC GTG CGC TTC GAA AAA GTG AAC TAC TCT GGT ATC CTC ACC AAC AAC TTC GCG GAA GAC GAA CTG GTT GAA GTT GAA GCG,2.744385043466913
ATG GTT CAG CGT GGT TCT AAG GTT CGT ATC CTG CGT CCG GAA TCT TAT TGG TTC CAG GAC GTT GGT ACC GTT GCG TCT GTT GAC CAG TCT GGC ATC AAA TAC CAC GTG ATC GTG CGC TTC GAA AAG GTT AAT TAC TCT GGT ATC CAG ACC AAC AAC TTC GCG GAA GAC GAA CTG GTT GAA GTT GAG GCG,1.102906888007566
ATG GTT CAG CGT GGC TCC AAA GTT CGT ATC CTG CGT CCG GAA TCT TAC TGG TTC CAA GAC GTT GGT ACC GTT GCG TCT GTT GAC CAG TCT GGT ATC AAA TAC CGC GTT ATC GTT CGT TTC GAG AAG GTT AAC TAC TCC GGT ATC GAA ACC AAC AAC TTC GCG GAA GAC GAA CTG GTT GAA GTT GAA GCG,1.3450636665256224
ATG GTT CAG CGT GGT TCT CAG GTT CGT ATC CTG CGT CCG GAA TCT TAC TGG TTC CAG GAT GTT GGT ACC GTT GCG TCT GTT GAC CAG TCT GGC ATC AAA TAC CCG GTT ATC GTT CGT TTT GCT AAG GTT AAC TAC TCT GGT ATC AAC ACC AAC AAC TTC GCG GAA GAC GAA CTG GTT GAA GTT GAA GCG,1.1670234481430333
ATG GTT CAG CGT GGT TCT AAA GTT CGT ATC CTG CGT CCG GAA TCT TAC TGG TTC CAA GAC GTT GGT ACC GTT GCG TCT GTT GAC CAG TCT GGC ATC AAA TAC CCG GTT ATC GTT CGT TTC TGG TAC GTT AAC TAC TCT GGT ATC AAC ACC AAC AAC TTC GCG GAA GAC GAA CTG GTT GAA GTT GAA GCG,2.5400835942691264
ATG GTT CAG CGT GGC TCT AAA GTT CGT ATC CTG CGT CCG GAA TCT TAT TGG TTC CAG GAC GTT GGT ACC GTT GCT TCT GTT GAA CAG CAG GGT ATC AAA TAC CCG GTT ATC GTT CGT TTC GAG AAG GTT AAC TAC TCT GGC ATC AAC ACC AAC AAC TTC GCG GAA GAC GAA CTG GTT GAA GTT GAA GCG,0.4617634928052527
ATG GTT CAG CGT GGT TCT AAA GTT CGC ATC CTG CGT CCG GAA TCT TAC TGG TTC CAG GAC GTT GGT ACC GTG GCT TCT GTT GAC CAG TCT GGT ATC AAG TAC CCG GTT ATC GTT CGT TTT GAA AAA GTG AAC TAT TCC GGC ATC AAC ACT AAC AAC TTC GCG GAA GAC TCT CTG GTT GAA GTT GAA GCG,-0.200159293514743
ATG GTT CAG CGT GGT TCT AAA GTT CGT ATC CTG CGT CCG GAA TCT TAT TGG TTC CAG GAC GTT GGT ACC GTT GCG TCT GTT GAC CAG TCC GGC ATC AAG TAC CCG GTT ATT GTG CGT TTC ACC TAC GTT AAC TAC TCT GGT ATC AAC ACC AAC AAT TTC GCG GAA GAC GAA CTG GTT GAA GTT GAA GCG,1.4208518666149144
ATG GTT CAG CGT GGT TCT AAA GTT CGT ATC CTG CGT CCG GAA TCT TAT TGG TTC CAG GAC GTT GGT ACC GTT GCG TCT GTT GAC CAA TCC GGT ATC GGT TAC CCG GTT ATC GTG CGT TTC GAG AAG GTG AAC TAC TCT GGC ATC AAC ACC AAC AAC TTC GCG GAA GAC GAA CTG GTT GAA GTT GAA GCG,0.7205082130072085
ATG GTT CAG CGT GGT TCT AAA GTT CGT ATC CTG CGT CCG GAA TCT TAC TGG TTC CAG GAT GTT GGT ACC GTT GCG TCT GTT TGG CAG CAC GGT ATC AAA TAC CCG GTT ATC GTT CGT TTC GAG AAG GTT AAC TAC TCT GGC ATC AAC ACC AAC AAC TTC GCG GAG GAT GAG CTG GTT GAA GTT GAA GCG,0.3756347715883775
ATG GTT CAG CGC GGT TCC AAA GTT CGT ATC CTG CGT CCG GAA TCT TAC TGG TTC CAG GAC GTT GGT ACC GTT GCT TCT GTT GAC CAG TCT GGC ATC AAG TAC CCG GTT ATC GTG GCG TTC GAA AAG GTT AAT TAC TCT GGT ATC AAC ACC AAC AAC TTC GCG GAA GAC GAA CTG GTT GAA GTG GAA GCG,1.2394770250121705
ATG GTT CAG CGT GGT TCT AAA GTT CGT ATC CTG CGT CCG GAA TCT TAC TGG TTC CAG GAC GTT GGT ACC GTT GCG TCT GTT GAT CAG TCT GGT ATC AAA TAC CCG GTT ATC GTT CGT TTC TGC GCG GTT AAC TAC TCC GGT ATT AAC ACC AAC AAC TTC GCG GAA GAC GAG CTG GTT GAA GTT GAA GCG,1.5624135853750691
ATG GTT CAG CGT GGT TCT AAA GTT CGT ATC CTG CGT CCG GAA TCT TAC TGG TTC CAG GAC GTT GGT ACT GTG GCG TCT GTT GAC CAG TCT TCT ATC AAA TAC CCG GTG ATC GTG CGC TTC GAG AAG GTT AAC TAC TCT GGC ATC AAC ACC AAC AAC TTC GCG GAA GAT GAA CTG GTG GAA GTT GAG GCG,1.0541174562095454
ATG GTT CAG CGT GGT TCT AAA GTT CGT ATC CTG CGT CCG GAA TCT TAC TGG TTC CAG GAC GTG GGT ACC GTT GCG TCT GTT GAC CAG TCT GGT ATC AAA TAC CCG GTT ATC GTT CGT TTC GAG AAG GTT AAC TAC CCG GGC ATT AAC ACC AAC AAC TTT GCG GAA GAC GAA CTG GTT GAA GTT GAA GCG,-0.1110480959464185
ATG GTT CAG CGT GGC TCT AAC GTT CGT ATC CTG CGT CCG GAA TCT TAC TGG TTC CAA GAC GTT GGT ACC GTT GCG TCT GTT GAC CAG TCT GGT ATC AAA TAC CCG GTT ATC GTT CGT TTC GTG AAA GTT AAT TAC TCC GGC ATC AAC ACC AAC AAC TTC GCG GAA GAC GAA CTG GTT GAA GTT GAA GCG,1.92051568171297
ATG GTT CAG CGT GGC TCT AAA GTG CGT ATC CTG CGT CCG GAA TCT TAC TGG TTT CAG GAC GTT GGT ACC GTT GCG TCT GTT GAC CAG TCT GGT ATC AAA TGC CCG GTT ATC GTT CGC TTC GAG AAA GTG AAC TAC TCT GGC ATC AAC ACC AAC AAC TTC GCG GAA GAC GAG CTG GTT GAA GTT GAA GCG,1.4567929328031326
ATG GTT CAG CGT GGT TCT AAA GTT TCT ATC CTG CGT CCG GAA TCT TAC TGG TTC CAG GAC GTT GGT ACC GTT GCG TCT GTT GAC CAG TCT GGT ATC AAG TAC CCG GTT ATC GTT CGT TTC GAG AAG GTT AAC TAC TCC GGT ATT AAC ACC AAC AAC TTC GCG GAA GAC GAA CTG GTG GAA GTT GAA GCG,-0.2289152626301264
ATG GTT CAG CGT GGC TCT AAA GTG CGT CAG CTC CGT CCG GAA TCT TAC CTG TTC CAA GAC GTT GGT ACC GTT GCG TCT GTT GAC CAG TCC GGC ATT AAG TAC CCG GTT ATC GTT CGC TTT GAA AAG GTT AAC TAC TCT GGT ATC AAC ACC AAC AAC TTC GCG GAA GAC GAA CTC GTT GAA GTG GAG GCG,-0.7016955249380442
ATG GTT CAG CGT GGC TCC AAA GTT CGT ATC CTG GCT CCG GAA TCT TAC TGG TTC CAG GAC GTT GGT ACC GTT GCG TCT GTT GAC CAG TCT GGC ATC AAG TAC CCG GTT ATC GTT CGT TTC GAG AAA GTG AAC TAC TCC GGT ATC AAC ACC AAC AAC TTT GCG GAA GAC GCG CTG GTT GAA GTT GAA GCG,-0.4851125842719332
ATG GTT CAG CGT GGT TCT TTC GTG CGT ATC CTG CGT CCG GAA TCT TAC TGG TTC CAG GAC GTT GGT CTG GTT GCG TCT GTG GAC CAG TCT GGT ATC AAA TAC CCG GTT ATC GTT CGC TTT GAA AAG GTG AAC TAC TCC GGC ATC AAT ACC AAC AAC TTC GCG GAA GAC GAA CTG GTT GAA GTG GAA GCG,1.2133276242206592
ATG GTT CAG CGT GGT TCT AAA GTT CGT ATC CTG CGT CCG GAA TCT TAC TGG TTC CAG GAC GTT GGT ACC GTT GCG TCT GTT GAC CAG TCT GGT ATC AAA TAC CCG GTT ATC GTT CGT TTT GAA AAG GTT AAC TAC TCT GGC ATC AAC ACC AAC AAC TTC GCG GAA GAC GAA CTG GTT GAA ATC GAA GCG,1.6393501859587851
ATG GTT CAG CGT GGT TCT AAA GTT CGT ATC CTG CGT CCG GAA TCT TAC TGG TTC CAG GAC GTT GGT ACC GTT GCG TCT GTT GAC CAG TCT GGC ATC AAA TAC CCG GTT ATC GTT CGC TTC GAG AAG GTT AAC TAC TCC GGT ATC AAC ACC AAC AAC TTC GCG CAG GAC GAA CTG GTT GAA GTT GAA GCG,2.032533211945813
ATG GTT CAG CGT GGC TCT AAA GTT CGT ATC CTG CGT CCG GAA TCT TAC TGG TTC CAG GAC GTG GGT ACC GTT GCG TCT GTT GAC CAG TCT GGC ATC AAA TAC AAG GTT ATT GTG CGC TTC GAA AAA GTG AAC TAC TCT GGT ATC TTC ACC AAC AAC TTC GCG GAA GAT GAA CTG GTT GAG GTT GAA GCG,1.5736222854548032
ATG GTT CAG CGT GGT TCT AAG GTT CGT ATC CTG CGT CCG GAA TCT TAC TGG TTC CAG GAC GTT GGT ACC GTT GCG TCT GTT GAC CAG TCT GGT ATC AAA CTG CCG GTT ATC GTT CGT TTC GAG AAG GTT AAC TAC TCT GGC ATC AAC ACC AAC AAC TTC GCG GAA GAC GAA CTG GTT GAA GTT GAA GCG,0.7725311981443697
ATG GTT CAG CGT GGT TCT AAA GTT CGT ATC CTG CGT CCG GAA TCT TAC TGG TTC CAG GAC GTT GGT ACC GTG GCG TCT GTT GAC CAG TCT GGT ATC AAA TAC CCG GTT ATC GTT CGT TTC GAG AAG GTT AAC TAC TCC GGT ATC GAC ACC AAC AAC TTT GCT GAG GAC GAA CTG GTT GAA GTT GAA GCG,1.5157110225798127
ATG GTT CAG CGT GGT TCT AAA GTT CGT ATC CTG CGT CCG GAA TCT TAC TGG TTC CAG GAC GTT GGT ACC GTT GCG TCT GTT GAC CAG TCT GGT ATC AAA TAC CCG GTT ATC GTT CGC TTC GAG AAA GTG AAC TAC TCC GGT ATT AAC ACC AAC AAC TGC GCG GAA GAC GAA TGC GTT GAA GTT GAA GCG,-0.6253922462497673
ATG GTT CAG CGT GGT TCT AAA GTT CGT ATC CTG CGT CCG GAA TCT TAC TGG TTC CAG GAC GTT GGT ACC GTT GCG TCT GTT TCT CAG CAG GGT ATT AAG TAC CCG GTT ATC GTT CGT TTC GAG AAG GTT AAC TAC TCT GGT ATC AAC ACC AAC AAC TTC GCT GAA GAC GAA CTG GTT GAA GTT GAA GCG,1.033282682490328
ATG GTT CAG CGT GGC TCC ACC GTT CGT ATC CTG CGT CCG GAA TCT TAC TGG TTT CAG GAC GTT GGT ACC GTT GCG TCT GTT GAC CAG TCT GGT ATC AAG TAC CCG GTT ATC GTT CGT TTC GGT AAG GTT AAC TAC TCT GGC ATC AAC ACC AAC AAC TTC GCG GAA GAC GAA CTG GTT GAA GTT GAA GCG,0.7737169207633773
ATG GTT CAG CGT GGT TCT AAA GTT CGT ATC CTG CGT CCG GAA GCG TAC TGG TTC CAG GAC GTT GGT ACT GTT GCG TCT GTT GAC CAG TCT GGT ATC AAA TAC CCG GTG ATC GTG CGT TTT GAA AAG GTT AAC TAC TCT GGC ATC AAC ACC AAC AAC TTC GCG GAA GAC GAA CTG GTT GAA GTT GAG GCT,-0.041036236747507
ATG GTT CAG CGC GGC TCC AAA GTG CGT ATC CTG CGT CCG GAA TCT TAC TGG TTC CAA GAC GTT GGT ACC GTT GCG TCT GTT GAC CAG TCT GGC ATT AAG TAC CCG GTT ATC GTT CGT TTC CAC TCT GTT AAC TAC TCC GGT ATC AAC ACC AAC AAC TTC GCG GAA GAT GAG CTG GTT GAA GTG GAA GCG,1.2680697965906709
ATG GTT CAG CGT GGC TCC AAA GTT CGT CTG CTG CGT CCG GAA TCT TAC CCG TTC CAG GAC GTT GGT ACC GTT GCG TCT GTT GAC CAG TCC GGT ATT AAG TAC CCG GTT ATC GTT CGT TTC GAG AAA GTG AAC TAC TCT GGT ATC AAC ACC AAC AAC TTC GCG GAA GAT GAA CTG GTT GAA GTT GAA GCG,-0.6315643886069957
ATG GTT CAG CGT GGT TCT AAA GTT CGT ATC CTG CGT CCG GAA TCT TAC TGG TTC CAA GAC GTT GGT ACC GTT GCG TCT GTT GAC CAA TCT GGT ATC AAG TAC CCG GTT ATC GTG CGC TTC GAA AAA GTG AAC TAC TCC AAC ATC AAC ACC AAC AAC TTC GCG GAA GAC GAA CTG GTT GAA GTT GAA GCG,0.4227197572629763
ATG GTT CAG CGT GGT TCT AAA GTG CGT ATC CTG CGT CCG GAA TCT TAC TGG TTT CAG GAC GTT GGT ACC GTT GCG TCT GTT GAC CAG TCT GGT ATC AAA TAC AAC GTT ATC GTG CGT TTC GAG AAG GTT AAC TAC TCT GGC ATC AAC AAT AAC AAC TTC GCG GAA GAC GAA CTG GTT GAA GTT GAA GCG,1.2687533999638958
ATG GTT CAG CGT GGT TCT AAA GTT CGT ATC CTG CGT CCG GAA TCT TAC TGG TTC CAA GAC GTT GGC ACC GTT GCG TCT GTT GCG CAG GAA GGT ATT AAG TAC CCG GTG ATC GTG CGC TTC GAA AAG GTT AAC TAC TCT GGT ATC AAC ACC AAC AAC TTC GCG GAA GAC GAA CTC GTT GAG GTT GAA GCG,0.5090341099950828
ATG GTT CAG CGT GGT TCT AAA GTT CGT ATC CTG GAA CCG GAA TCT TAC TGG TTT CAG GAC GTT GGT ACC GTT GCG TCT GTG GAC CAG TCC GGT ATC AAG TAC CCG GTG ATC GTT CGT TTT GAA AAG GTT AAT TAC TCC GGC ATC AAC ACC AAC AAC TTC GCG GAA GAT ATG CTG GTT GAA GTT GAG GCT,-0.0786886155672936
ATG GTT CAA TCT GGC TCT AAA GTT CGT ATC CTG CGT CCG GAA TCT TAC TGG TTC CAA GAC GTT GGT ACC GTT GCG TCT GTT GAC CAG TCT GGT ATC AAA TAC CCG GTT ATC GTT CGC TTC GAA AAA GTT AAT TAC TCC GGC ATC AAC ACC AAC AAC TTC GCG GAA GAC GAA CTG GTT GAA GTT GAA GCG,1.3562876953211087
ATG GTT CAG CGC GGT TCT AAA GTT CGT ATC CTG CGT CCG GAA TCT TAC TGG TTC CAG GAC GTT GGT ACC GTT GCG TCT GTT GAC CAG TCT GGC ATC AAA TAC CAC GTT ATC GTG CGC TTC GAG AAA GTG AAC TAC TCT GGT ATC AAC CAG AAC AAC TTC GCG GAA GAT GAA CTC GTT GAA GTT GAA GCG,1.187454420022465
ATG GTT CAG CGT GGC TCT AAG GTT CGT ATC CTG CGT CCG GAA TCT TAC TGG TTC CAG GAC GTT GGT ACC GTT GCG TCT GTT ATC CAG GGC GGT ATC AAA TAC CCG GTT ATC GTT CGC TTT GAA AAG GTT AAC TAC TCT GGC ATC AAC ACC AAC AAC TTC GCG GAA GAC GAA CTG GTT GAA GTT GAA GCG,1.509222659921189
ATG GTT CAG CGT GGT TCT AAA GTT CGT ATC CTG AAC CCG GAA TCT TAC TGG TTT CAG GAC GTT GGT ACC GTT GCG TCT GTT GAC CAG TCT GGT ATC AAG TAC CCG GTT ATC GTT CGC TTT GAA AAG GTT AAC TAC TCT GGC ATC AAC ACC AAC AAC TTC GCG GAA GAC TAC CTG GTT GAA GTT GAA GCG,-0.7683029775875893
ATG GTT CAG CGT GGC TCT AAA GTT CGT ATC CTG CGT CCG GAA TCT TAC TGG TTC CAG GAC GTG GGT ACC GTT GCG TCT GTT GAC CAG TCC GGC ATC AAG TAC GTT GTT ATC GTG CGC TTC GAA AAA GTG AAC TAC TCT GGT ATC AAC ACC AAC AAC TTC GCG GAA GAC GAA CTG GTT GAA GTG GAA GCG,1.7996963598605815
ATG GTT CAG CGT GGT TCT AAA GTT CGT ATC CTG CGT CCG GAA TCT TAC TGG TTC CAA GAC GTT GGT ACC GTT GCG TCT GTT GAC CAG TCC GGT ATC AAA TAC AAC GTT ATC GTT CGT TTC GAG AAA GTG AAC TAC TCT GGC ATC AAC TGG AAC AAC TTC GCG GAA GAC GAA CTG GTT GAA GTG GAA GCG,3.809303523432985
ATG GTT CAG CGT GGT TCC AAA GTG CGT GAC CTG CGT CCG GAA TCT TAC GCG TTC CAG GAC GTT GGT ACC GTT GCG TCT GTT GAC CAG TCT GGT ATC AAA TAC CCG GTT ATC GTT CGC TTC GAA AAG GTT AAC TAC TCT GGC ATC AAC ACC AAC AAC TTC GCG GAA GAC GAA CTG GTT GAA GTT GAA GCG,-0.7059399137261784
ATG GTT CAG CGT GGT TCT AAA GTT CGT ATC CTG CGT CCG GAA TCT TAC TGG TTC CAG GAC GTT GGT ACC GTT GCG TCT GTT GAC CAG TCC GGC ATC AAA TAC CCA GTT ATC GTT CGT TTC GAG AAA GTG AAC TAC TCT GGT ATC AAC ACC AAT AAC TTT GCG CGT GAC GAA CTG GTT GAA GTG GAA GCG,2.1039567389029923
ATG GTT CAG CGC GGC TCC AAA GTT CGT ATT CTG CGT CCG GAA TCT TAC TGG TTC CAG GAT GTT GGT ACC GTT GCG TCT GTT GAC CAG TCT GGC ATC AAA TAC TTC GTT ATC GTT CGT TTC GAG AAG GTT AAC TAC TCT GGT ATC AAC GAC AAC AAC TTC GCG GAA GAC GAA CTC GTT GAA GTG GAA GCG,2.7854167390320064
ATG GTT CAG CGC GGT TCT AAA GTT CGT ATC CTG CGT CCG GAA TCT TAC TGG TTC CAG GAC GTT GGT ACC GTT GCG TCT GTT GAC CAG TCC GGT ATC CAT TAC CCG GTG ATC GTT CGT TTC GAG AAA GTG AAC TAC TCT GGT ATC AAC ACC AAC AAC TTC GCT GAA GAC GAA CTG GTT GAA GTT GAA GCG,0.589373095966959
ATG GTT CAG CGT GGT TCT AAA GTT CGT ATC CTG CGT CCG GAA TCT TAC TGG TTC CAG GAC GTT GGT ACC GTT GCG TCT GTT GAT CAG TCC GGC ATC AAA TAC TTC GTT ATC GTG CGC TTC GAG AAA GTG AAC TAC TCC GGT ATC AAC ATC AAC AAC TTC GCG GAA GAC GAA CTG GTT GAA GTT GAA GCG,2.2624900015481013
ATG GTT CAG CGT GGT TCC AAA GTT CGT ATC CTG CGT CCG GAA TCT TAC TGG TTT CAG GAT GTT GGT ACC GTT GCG TCT GTT GAC CAG TCT GGC ATC AAA TAC CCG GTT ATC GTT CGT TTC TCT GAC GTT AAC TAC TCT GGT ATC AAC ACC AAC AAC TTC GCG GAA GAC GAA CTG GTT GAA GTT GAA GCG,0.8055095733544871
ATG GTT CAG CGT GGC TCC AAA GTT CGT ATC CTG CGT CCG GAA TCT TAT TGG TTC CAG GAC GTT GGT ACC GTT GCG TCT GTT GAC CAG TCC GGC ATC AAG TAC AAC GTG ATC GTT CGC TTC GAA AAA GTG AAC TAC TCC GGT ATT TAC ACC AAC AAC TTC GCG GAA GAC GAA CTG GTT GAA GTT GAA GCG,1.932965980658853
ATG GTT CAG CGT GGT TCT AAA GTT CGT ATC CTG CGT CCG GAA TCT TAC TGG TTC CAA GAC GTT GGT ACC GTT GCG TCT GTT GAC CAG TCC GGT ATC AAG TAC ATC GTT ATC GTT CGC TTC GAA AAA GTT AAT TAC TCT GGC ATC AAC GCG AAC AAC TTC GCG GAA GAC GAA CTG GTT GAA GTT GAA GCG,2.23035615260454
ATG GTT CAG CGT GGT TCT AAA GTT CGT ATC CTG CGT CCG GAA TCT TAC TGG TTC CAG GAC GTT GGC ACC GTT GCG TCT GTT GCT CAG GAT GGC ATT AAG TAC CCA GTT ATC GTG CGC TTT GAG AAG GTT AAC TAC TCC GGT ATC AAC ACC AAC AAC TTC GCG GAA GAC GAA CTG GTT GAA GTT GAA GCG,0.6309378590389927
ATG GTT CAG CGT GGT TCT AAA GTG CGT ATC CTG TAC CCG GAA TCT TAC TGG TTC CAG GAC GTT GGT ACC GTT GCG TCT GTT GAC CAG TCC GGT ATC AAA TAC CCG GTT ATC GTT CGT TTT GAA AAA GTG AAC TAC TCT GGC ATC AAC ACC AAC AAC TTC GCG GAA GAT AAA CTG GTT GAA GTT GAG GCT,-0.4096766006692127
ATG GTT CAG CGT GGT TCT ATG GTT CGT ATC CTG CGT CCG GAA TCT TAT TGG TTC CAG GAC GTT GGT TTC GTT GCG TCT GTT GAC CAG TCT GGC ATC AAA TAC CCG GTT ATC GTT CGC TTC GAA AAG GTT AAC TAC TCT GGT ATC AAC ACC AAC AAC TTC GCG GAA GAC GAA CTG GTT GAA GTT GAA GCG,1.1988419799053966
ATG GTT CAG CGC GGC TCT AAA GTT CGT ATC CTG ATG CCG GAG TCT TAC TGG TTT CAG GAC GTT GGT ACC GTT GCG TCC GTT GAC CAG TCT GGC ATC AAA TAC CCG GTT ATC GTT CGT TTC GAG AAG GTT AAC TAT TCC GGT ATC AAC ACC AAT AAC TTC GCG GAA GAC TCT CTG GTT GAA GTT GAA GCG,-0.6620461663414489
ATG GTT CAG CGT GGT TCT AAA GTT CGT ATC CTG CGT CCG GAA TCT TAT TGG TTC CAG GAC GTT GGT ACC GTT GCG TCT GTT CCG CAG ATC GGT ATT AAG TAC CCG GTT ATC GTT CGT TTC GAG AAA GTG AAC TAC TCC GGT ATC AAC ACC AAC AAC TTC GCG GAA GAC GAA CTG GTT GAA GTT GAA GCG,0.0192848757310516
ATG GTT CAG CGT GGT TCT AAA GTT CGT ATC CTG CGT CCG GAA TCT TAC TGG TTC CAG GAC GTT GGT ACC GTT GCG TCT GTT GAC CAG TCT GGC ATC AAA TAC CCG GTT ATT GTT CGT TTC GAG AAG GTG AAC TAC TCT GGT ATC CTC ACC AAC AAC TTC GCG GAA GAC GAA CTG GTT GAA GTT GAA GCG,0.2058047286341631
ATG GTT CAG CGC GGC TCC AAA GTT CGT ATC CTG CGT CCG GAA TCT TAC TGG TTT CAG GAC GTT GGT ACC GTT GCG TCT GTT GAC CAG TCT GGT ATC AAA TAC CCG GTT ATC GTT CGT TTC GAG AAG GTT AAC TAC TCT GGC ATC AAC ACC AAC AAC ATG GCG GAA GAC GAA TGC GTT GAA GTT GAG GCT,-0.004999302257683
ATG GTT CAG CGT GGC TCT AAA GTG CGC CTG CTG CGT CCG GAA TCT TAC TTC TTC CAG GAC GTT GGT ACC GTT GCG TCT GTT GAC CAG TCC GGT ATC AAG TAC CCG GTT ATC GTT CGC TTC GAA AAA GTT AAT TAC TCC GGC ATC AAT ACC AAC AAC TTC GCG GAA GAC GAA CTG GTT GAA GTT GAA GCG,-0.2752165497759739
ATG GTT CAA CGC GGT TCC AAA GTG CGT ATC CTG CGT CCG GAA TCT TAT TGG TTC CAG GAC GTT GGC ACC GTT GCG TCT GTT GAC CAG TCT GGC ATC AAA TAC CCG GTT TTC GTT CGT TTC GAG AAG GTT AAC TAC TCC GGT ATC AAC ACC AAC AAC TTC GCG GAA GAC GAA CTG GTT GAA GTT GAA GCG,1.7621399733056955
ATG GTT CAG CGT GGC TCC AAG GTT CGT ATC CTG CGT CCG GAA TCT TAC TGG TTC CAA GAC GTT GGT ACC GTT GCG TCT GTT GAC CAG TCC GGC ATC AAA TAC AAC GTT ATC GTT CGC TTC GAA AAA GTG AAC TAC TCT GGT ATC AAC GAA AAC AAC TTC GCG GAA GAT GAA CTG GTT GAA GTT GAA GCG,2.639756836246816
ATG GTT CAG CGT GGT TCT TCT GTG CGT ATC CTG CGT CCG GAA TCT TAC TGG TTC CAG GAT GTT GGC GTT GTT GCG TCT GTT GAC CAG TCT GGT ATT AAG TAC CCG GTG ATC GTG CGC TTC GAA AAA GTT AAT TAC TCC GGT ATC AAC ACC AAC AAC TTC GCG GAA GAC GAA CTC GTT GAA GTT GAA GCG,1.189732152067891
ATG GTT CAG CGT GGT TCT AAA GTG CGT ATC CTG CGT CCG GAA TCT TAC TGG TTC CAG GAT GTT GGT ACC GTT GCT TCC GTT GAC CAG TCC GGC ATC AAA TAC CCG GTT ATC GTT CGT TTC CCA CCG GTT AAC TAC TCT GGT ATC AAC ACC AAC AAC TTC GCG GAA GAC GAG CTG GTT GAA GTT GAG GCT,-0.4275655813265272
ATG GTT CAA CGC GGT TCT AAA GTT CGT TGC CTC CGT CCG GAA TCT TAC ATG TTC CAG GAC GTT GGT ACC GTT GCT TCC GTT GAT CAG TCC GGC ATC AAA TAC CCG GTT ATT GTT CGC TTC GAG AAG GTT AAC TAC TCC GGT ATC AAC ACC AAC AAT TTC GCG GAG GAC GAA CTC GTT GAA GTT GAA GCG,0.5318617700891367
ATG GTT CAG CGT GGT TCT AAA GTT CGT ATC CTG CGT CCG GAA TCT TAC TGG TTC CAA GAC GTT GGT ACC GTT GCG TCT GTT GAC CAG TCT GGT ATC AAG TAC GTT GTT ATC GTT CGT TTC GAG AAG GTT AAT TAC TCC GGC ATC AAC ATT AAC AAC TTC GCG GAA GAC GAA CTG GTT GAA GTT GAA GCG,2.065293513705293
ATG GTT CAG CGT GGT TCC AAA GTT CGT ATC CTG CGT CCG GAG TCT TAC TGG TTT CAG GAC GTT GGT ACC GTT GCG TCT GTT GAC CAG TCT GGT ATC AAA TAC CCG GTT ATC GTT CGT TTC TTC GCG GTG AAC TAC TCC GGT ATT AAC ACC AAC AAC TTC GCT GAA GAC GAA CTG GTT GAA GTT GAA GCG,1.872931665788971
ATG GTT CAG CGT GGC TCT AAA GTT CGT CCG CTG CGT CCG GAA TCT TAC TCT TTC CAG GAC GTT GGT ACC GTT GCG TCT GTT GAC CAG TCC GGC ATT AAG TAC CCG GTT ATC GTT CGC TTT GAA AAG GTT AAC TAC TCT GGC ATC AAC ACC AAC AAC TTC GCG GAA GAC GAG CTG GTT GAA GTT GAA GCG,-1.2990606066662296
ATG GTT CAG CGT GGT TCT AAA GTT CGT ATC CTG AAC CCG GAA TCT TAC TGG TTC CAG GAT GTT GGT ACC GTT GCG TCT GTT GAC CAG TCT GGC ATC AAA TAC CCG GTT ATC GTT CGC TTC GAG AAA GTG AAC TAT TCT GGT ATC AAC ACC AAC AAC TTC GCG GAA GAC CCG CTG GTT GAA GTT GAA GCG,-3.058023725912808
ATG GTT CAG CGT GGC TCT AAA GTT CGT ATC CTG ATC CCG GAA TCT TAT TGG TTC CAG GAC GTT GGT ACC GTT GCG TCT GTT GAC CAG TCT GGC ATC AAA TAC CCG GTT ATC GTG CGC TTC GAG AAA GTG AAC TAC TCT GGT ATC AAC ACC AAC AAC TTC GCG GAA GAC TTC CTG GTT GAA GTT GAA GCG,0.6736512004401187
ATG GTT CAG CGT GGT TCT AAA GTT CGT ATC CTG CGT CCG GAA TCT TAC TGG TTC CAA GAC GTT GGT ACC GTT GCG TCT GTT GAC CAG TCT GGT ATC AAG TAC ACC GTT ATC GTT CGT TTC GAG AAG GTT AAC TAC TCT GGC ATC TTC ACC AAC AAC TTT GCG GAG GAC GAA CTG GTT GAA GTT GAA GCG,1.9071904516207565
ATG GTT CAG CGT GGC TCC AAA GTT CGT ATC CTG CGT CCG GAA TCT TAC TGG TTC CAG GAC GTT GGT ACC GTT GCG TCT GTT GAC CAG TCT GGT TCT AAA TAC CCG GTT ATC GTT CGT TTT GAG AAA GTG AAC TAC TCT GGT ATC AAC ACC AAC AAC TTC GCT GAA GAC GAG CTG GTT GAA GTT GAG GCT,1.9977761849764888
ATG GTT CAG CGT GGT TCT AAA GTT CGT ATC CTG CGT CCG GAA TCT TAT TGG TTC CAG GAC GTT GGT ACC GTT GCG TCT GTT GAC CAG TCC GGT ATC AAA TAC CCG GTT ATC GTT CTG TTC GAA AAG GTT AAC TAC TCT GGC ATC AAC ACC AAC AAC TTC GCG GAA GAC GAA CTG GTT GAA GTG GAA GCG,1.6576255798501962
ATG GTT CAA CGT GGT TCT AAA GTT CGT ATC CTG CGT CCG GAA TCT TAC TGG TTC CAG GAC GTT GGT ACC GTT GCG TCT GTT GAC CAG TCT GGC ATC AAA TAC ATG GTG ATC GTT CGT TTC GAG AAG GTG AAC TAC TCC GGT ATC TGG ACC AAC AAC TTC GCG GAA GAC GAA CTG GTT GAA GTT GAA GCG,2.522923517296244
ATG GTT CAA CGC GGT TCC AAA GTT CGT ATT CTG ATG CCG GAA TCT TAC TGG TTC CAG GAC GTG GGT ACC GTT GCG TCT GTT GAC CAG TCC GGT ATC AAA TAC CCG GTT ATT GTT CGT TTC GAG AAG GTT AAC TAC TCT GGC ATC AAC ACC AAC AAC TTC GCG GAA GAC TGG CTG GTT GAA GTT GAG GCG,0.6670324907420886
ATG GTT CAG CGC GGT TCT GAC GTT CGC ATC CTG CGT CCA GAA TCT TAC TGG TTC CAG GAT GTT GGT ACC GTT GCG TCT GTT GAC CAG TCC GGT ATC AAA TAC CCG GTG ATC GTG CGC TTC TCT AAG GTT AAT TAC TCT GGC ATC AAC ACC AAC AAC TTT GCG GAA GAC GAA CTG GTT GAA GTT GAA GCG,-0.1338039118744323
ATG GTT CAG CGT GGC TCC AAG GTT CGT ATC CTG CGT CCG GAA TCT TAC TGG TTC CAA GAC GTT GGT ACC GTT GCG TCT GTT GAC CAG TCC GGT ATC AAA TAC TGG GTG ATC GTT CGT TTC GAG AAA GTG AAC TAC TCT GGT ATC GAA ACC AAC AAC TTC GCG GAA GAC GAA CTC GTT GAA GTG GAA GCG,2.3160362163214203
ATG GTT CAG CGT GGT TCT AAA GTT CGT ATC CTG CGT CCG GAA TCT TAC TGG TTC CAG GAC GTT GGT ACC GTT GCG TCT GTT CGT CAG ACC GGC ATC AAA TAC CCG GTT ATC GTT CGT TTC GAG AAG GTG AAC TAC TCT GGT ATC AAC ACC AAC AAC TTC GCG GAA GAC GAA CTG GTT GAA GTT GAA GCG,0.5108711260534109
ATG GTT CAG CGT GGC TCC AAA GTT CGT ATT CTG CGT CCG GAA TCT TAC TGG TTT CAG GAC GTT GGT ACC GTT GCG TCT GTT GAC CAG TCC GGT ATC AAG TAC GTT GTG ATC GTT CGT TTC GAG AAA GTG AAC TAC TCT GGC ATC AAC GTT AAC AAC TTC GCG GAA GAC GAA CTG GTT GAA GTT GAA GCG,1.8923877069310764
ATG GTT CAG CGT GGC TCT TCT GTT CGT ATC CTG CGT CCG GAA TCT TAC TGG TTC CAG GAC GTT GGT GCG GTT GCG TCT GTT GAC CAG TCT GGT ATT AAG TAC CCG GTT ATC GTT CGT TTT GAA AAA GTG AAC TAC TCC GGT ATC AAC ACC AAC AAC TTC GCG GAA GAC GAA CTG GTT GAA GTT GAG GCG,-0.904052575699287
ATG GTT CAA CGT GGT TCT AAA GTT CGT ATC CTG CGT CCG GAA TCT TAC TGG TTC CAG GAC GTT GGT ACC GTT GCG TCT GTT GAC CAA TCT GGC ATC AAA TAC GGT GTT ATC GTG CGC TTC GAG AAA GTT AAT TAC TCT GGT ATC AAC GAC AAC AAC TTC GCG GAA GAC GAA CTG GTT GAA GTT GAA GCG,0.6213303714911071
ATG GTT CAG CGT GGT TCT AAA GTT CGT ATC CTG CGT CCG GAA TCT TAC TGG TTC CAG GAC GTT GGT ACC GAG GCG TCT GTT GAC CAG TCT GGT ATC AAA TAC CCG GTT ATC GTT CGT TTC GAG AAG GTT AAC TAC TCC GGT ATT AAC ACC AAC AAC TTC GCG GAA GAC GAG CTG GTT GAA GTT GAA GCG,-1.1860665848641108
ATG GTT CAG CGT GGT TCC ACC GTT CGT ATC CTG CGT CCG GAA TCT TAC TGG TTT CAG GAC GTT GGT ACC GTT GCG TCT GTT GAC CAG TCT GGC ATC AAA TAC CCG GTT ATC GTT CGC TTC AAC AAA GTG AAC TAC TCC GGT ATC AAC ACC AAC AAC TTC GCG GAA GAC GAA CTG GTT GAA GTG GAA GCG,0.8912346716805809
ATG GTT CAG CGT GGT TCT AAA GTT CGT ATC CTG CGT CCG GAA TCT TAC TGG TTC CAG GAC GTT GGT ACC GTT GCG TCT GTT GAC CAG TCT GGT ATC AAA TAC CCG GTT ATC GTT CGT TTT GAA AAA GTG AAC ATC TCC GGT ATT AAC ACC AAC AAC TTC GCG GAA GAT GAA CTC GTG GAA GTT GAG GCT,1.841978324208271
ATG GTT CAG CGT GGT TCT AAA GTT CGT ATC CTG CGT CCG GAA TCT TAC TGG TTC CAA GAC GTT GGT ACC GTT GCG TCT GTT GAC CAG TCT GGT ATC AAA TAC CCG GTT ATC GTT CGT TTC TTC TGC GTT AAC TAC TCT GGC ATC AAC ACC AAC AAC TTC GCG GAA GAC GAA CTG GTT GAA GTT GAA GCG,2.3819528776160555
ATG GTT CAG CGT GGT TCC AAA GTT CGT ATC CTG CGT CCG GAA TCT TAC TGG TTT CAA GAT GTT GGT ACC GAC GCT TCT GTT GAC CAG TCT GGT ATC AAA TAC CCG GTT ATT GTT CGT TTC GAG AAG GTT AAC TAC TCC GGC ATC AAC ACC AAC AAC TTC GCG GAA GAC GAA CTG GTT GAA GTT GAG GCT,-0.8519200773379364
ATG GTT CAG CGT GGC TCT CAG GTT CGC ATC CTC CGT CCG GAA TCT TAC TGG TTC CAG GAC GTT GGT ACC GTT GCG TCT GTT GAC CAG TCC GGT ATC AAA TAC CCG GTG ATC GTT CGT TTC TCT AAG GTG AAC TAC TCT GGC ATC AAC ACC AAC AAC TTC GCG GAA GAC GAA CTG GTT GAA GTT GAA GCG,1.047721638931248
ATG GTT CAG CGT GGT TCT AAA GTG CGT ATC CTC CGT CCG GAA TCT TAC TGG TTC CAG GAC GTT GGT ACC GTT GCT TCT GTG GAC CAG TCT GGT ATC AAA TAC CCG GTT ATC GTT CGT TTT GAA AAA GTG AAC TAC TCT GGC ATC AAC ACC AAC AAC TTC GCT GAA TAC GAA CTG GTT GAA GTG GAG GCG,2.5705776580964748
ATG GTT CAG CGT GGT TCT AAA GTT CGT ATC CTG CGT CCG GAA TCT TAC TGG TTC CAG GAC GTT GGC ACC GTT GCG TCT GTT GAC CAG TCT GGT ATC AAA TAC CCG GTT ATC GTT CGT TTT GAG AAA GTG AAC TAC TCC GGC ATC AAC ATG AAC AAC TTC GCG GAA GAC GAA CTG GTT GAA GTT GAA GCG,1.752334144274898
ATG GTT CAG CGT GGC TCT AAA GTT CGT ATC CTC GTT CCA GAA TCT TAT TGG TTC CAA GAC GTT GGT ACC GTT GCG TCT GTT GAC CAG TCT GGC ATC AAA TAC CCG GTT ATC GTT CGT TTT GAA AAG GTT AAC TAC TCC GGC ATT AAC ACC AAC AAC TTC GCG GAA GAC GGT CTG GTT GAA GTT GAA GCG,-0.1227837798707225
ATG GTT CAG CGT GGT TCT AAA GTT CGT ATC CTG CGT CCG GAA TCT TAC TGG TTC CAG GAC GTG GGT ACC GTT GCG TCT GTT ATG CAG CCA GGC ATC AAA TAT CCG GTG ATC GTT CGC TTC GAA AAA GTG AAC TAC TCC GGT ATC AAC ACC AAC AAC TTT GCG GAA GAC GAA CTG GTT GAA GTG GAG GCT,1.2863834319638543
ATG GTT CAG CGT GGT TCT AAA GTT CGT ATC CTG CGT CCG GAA TCT TAC TGG TTC CAG GAC GTT GGC ACT GTT GCG TCT GTT GAC CAG TCT GGT ATC AAA TAC GAC GTT ATC GTT CGC TTC GAG AAA GTG AAC TAC TCC GGT ATC GGT ACC AAC AAC TTC GCG GAA GAC GAA CTG GTT GAA GTT GAA GCG,0.6142683892964318
ATG GTT CAG CGT GGC TCT GAG GTT CGT ATC CTG CGT CCG GAA TCT TAC TGG TTC CAG GAC GTT GGT ACC GTT GCG TCT GTT GAC CAG TCC GGC ATC AAA TAC CCG GTT ATC GTG CGT TTC AAC AAA GTG AAC TAC TCC GGT ATC AAC ACC AAC AAC TTC GCG GAA GAC GAG CTG GTT GAA GTT GAA GCG,0.1255203198027439
ATG GTT CAG CGT GGT TCT AAA GTG CGT ATC CTG CGT CCA GAA TCT TAC TGG TTC CAG GAC GTT GGT ACC GTT GCG TCC GTT GAC CAG TCT GGC ATC AAA TAC CCG GTT ATC GTG CGC TTC GAA AAA GTG AAC TAC TCT GGT ATC AAC ACC AAC AAC TCT GCG GAA GAC GAA TAC GTT GAA GTT GAG GCG,-0.2595075528781926
ATG GTT CAG CGC GGC TCT AAA GTG CGT ATC CTG CGT CCG GAA TCT TAC TGG TTC CAA GAC GTG GGT ACC GTT GCG TCT GTT GAC CAG TCC GGT ATC AAG TAC ACC GTG ATC GTT CGT TTC GAG AAA GTG AAC TAC TCC GGC ATT AAC GAC AAC AAC TTC GCG GAA GAC GAA CTG GTT GAA GTT GAA GCG,1.566424345508889
ATG GTT CAG CGT GGT TCT AAA GTT CGT ATC CTG CGT CCG GAA TCT TAC TGG TTC CAG GAC GTT GGT ACC GTG GCG TCT GTT TAC CAG AAC GGC ATC AAA TAC CCA GTG ATC GTT CGT TTC GAG AAG GTG AAC TAC TCT GGT ATC AAC ACC AAC AAC TTC GCG GAA GAC GAA CTG GTT GAA GTT GAG GCT,0.5436421250152088
ATG GTT CAG CGT GGC TCT AAA GTT CGT ATC CTG CGT CCG GAA TCT TAC TGG TTC CAG GAC GTT GGT ACC GTT GCG TCT GTT GAC CAG ATC GGC ATC AAA TAC CCG GTT ATC GTT CGC TTC GAG AAA GTG AAC TAC TCT GGT ATC AAC ACC AAC AAC TTC GCG GAA GAC GAA CTG GTT GAA GTT GAA GCG,0.3687807277122619
ATG GTT CAG CGT GGC TCT AAA GTT CGT ATC CTG CGT CCG GAA TCT TAC TGG TTC CAG GAC GTT GGT ACC GTT GCT TCT GTG GAT CAG TCT CTG ATC AAA TAC CCG GTT ATC GTT CGT TTC GAG AAA GTG AAC TAC TCT GGT ATC AAC ACC AAC AAC TTC GCT GAA GAC GAA CTG GTG GAA GTT GAA GCG,1.5334688915285597
CGT GTT CAG CGT GGT TCT AAA GTT CGT ATC CTG CGT CCG GAA TCT TAC TGG TTC CAG GAC GTG GGT ACC GTT GCG TCT GTT GAC CAA TCT GGT ATC AAA TAT CCG GTG ATC GTT CGT TTC GAG AAA GTG AAC TAC TCC GGC ATC AAC ACC AAC AAC TTC GCG GAA GAC GAA CTG GTT GAA GTT GAA GCG,3.00244535662893
ATG GTT CAG CGC GGT TCT AAA GTT CGT ATC CTG CGT CCG GAA TCT TAC TGG TTC CAG GAC GTT GGT ACC GTT GCG TCT GTT GAC CAG TCC GGT ATC AAA TAC CGT GTT ATC GTT CGC TTC GAA AAG GTT AAC TAC TCT GGC ATC AAC GCG AAC AAT TTC GCT GAG GAT GAG CTG GTT GAA GTT GAA GCG,1.3362151510209397
ATG GTT CAG CGT GGC TCC AAA GTT CGT ATC CTG CGT CCG GAA TCT TAC TGG TTC CAG GAC GTG GGT ACC GTT GCG TCT GTT GAC CAG TCC GGT ATC AAA TAC CCA GTT ATC GTT CGT TTC TGC TGC GTT AAC TAC TCT GGT ATT AAC ACC AAC AAC TTC GCG GAA GAC GAA CTG GTT GAA GTT GAA GCG,1.6859492621983407
ATG GTT CAG CGC GGT TCT AAA GTT CGT ATC CTG CTG CCG GAA TCT TAC TGG TTC CAG GAC GTT GGT ACC GTT GCG TCC GTT GAC CAG TCT GGT ATC AAA TAC CCG GTT ATC GTT CGC TTC GAA AAG GTT AAC TAC TCC GGC ATC AAC ACC AAT AAC TTC GCG GAG GAC AAC CTG GTT GAA GTG GAA GCG,-0.3669319269945962
ATG GTT CAG CGT GGC TCT AAA GTT CGT ATC CTG CGT CCG GAA TCT TAC TGG TTC CAG GAT GTT GGT ACC GTT GCG TCT GTT GAC CAG TCT GGC ATC AAA TAC CCG GTT ATC GTT CGC TTC GAG AAA GTG AAC TAC TCT GGT ATC AAC ACC AAC AAC GGT GCG GAG GAC GAA CAG GTT GAA GTT GAA GCG,-0.4060692615226914
ATG GTT CAG CGT GGT TCT TGG GTT CGT ATC CTG CGT CCA GAA TCT TAC TGG TTC CAG GAC GTT GGC ATC GTG GCG TCC GTT GAC CAG TCT GGT ATC AAA TAT CCG GTT ATC GTT CGT TTT GAA AAA GTG AAC TAC TCC GGT ATT AAC ACC AAC AAC TTC GCG GAA GAT GAA CTC GTG GAA GTT GAA GCG,2.8833173788820305
ATG GTT CAG CGT GGT TCT AAA GTT CGT ATC CTG CGT CCG GAA TCT TAC TGG TTC CAA GAC GTT GGT ACC GTT GCG TCT GTT GAC CAG TCC GGT ATC AAA TAC TTC GTG ATC GTT CGC TTC GAG AAA GTG AAT TAC TCT GGC ATC AAG ACC AAC AAC TTC GCG GAA GAC GAA CTG GTT GAA GTT GAA GCG,2.2598188825766163
ATG GTT CAG CGT GGT TCC AAA GTT CGT ATC CTG CGT CCG GAA TCT TAC TGG TTT CAG GAC GTT GGT ACC GTT GCG TCT GTT GAC CAG TCT GGT ATC AAA TAC GGT GTT ATC GTT CGC TTC GAA AAG GTT AAC TAT TCC GGC ATC AAC AAA AAC AAC TTC GCG GAA GAC GAA CTG GTT GAA GTT GAA GCG,0.780548557113584
ATG GTT CAG CGC GGT TCT AAA GTT CGT ATC CTG CGT CCG GAA TCT TAC TGG TTC CAG GAC GTT GGC ACC GTT GCG TCT GTT GAC CAG TCT GGT ATC AAA TAC TGC GTG ATC GTT CGC TTC GAA AAA GTG AAC TAC TCT GGC ATC GAC ACC AAC AAC TTC GCG GAA GAC GAA CTG GTT GAA GTT GAG GCG,2.058455999286718
ATG GTT CAG CGT GGT TCT AAA GTT CGT ATC CTG CGT CCG GAA TCT TAC TGG TTT CAG GAC GTT GGT ACC GTT GCG TCT GTT GAC CAG TCT GGT ATC AAA TAC CCG GTT ATC GTT CGT TTC GAG AAA GTG AAT TAC TCT GGC ATC AAC ACC AAC AAC CAG GCT GAA GAC GAA AAC GTT GAA GTT GAA GCG,-0.6674081278908051
ATG GTT CAG CGC GGT TCT AAA GTT CGT ATC CTG CGT CCG GAA TCT TAC TGG TTC CAG GAC GTT GGT ACT GTT GCT ATG GTT GAC CAG TCC GGT ATT AAG TAC CCG GTT ATC GTT CGT TTC GAG AAG GTT AAC TAC TCT GGT ATC AAC ACC AAC AAT TTC GCT GAA GAC GAA CTG GTT GAA GTT GAA GCG,1.8135724803787632
ATG GTT CAG CGC GGC TCT AAA GTT CGT ATC CTG CGT CCG GAA TCT TAC TGG TTT CAG GAC GTT GGT ACC GTT GCG TCT GTT GAC CAG TCT GGC ATC AAA TAC CCG GTT ATC GTG CGT TTT GAA AAG GTT AAC TAC TCC GGT ATC AAC ACC AAC AAC AAA GCG GAA GAC GAA ACC GTT GAA GTT GAA GCG,-3.33558960750402
ATG GTT CAG CGC GGT TCT AAA GTT CGT ATC CTG CGT CCG GAA TCT TAC TGG TTC CAG GAC GTT GGT ACT GTG GCG TCT GTT GAC CAG TCC GGT ATC AAG TAC CCG GTT ATC GTT CGC TTC GAA AAG GTT AAT TAC TCC GGC ATC AAC ACC AAC AAC TTT GCG GAA GAC GAA CTG AAC GAA GTT GAA GCG,0.6483967328255584
ATG GTT CAG CGT GGT TCT AAA GTT CGT ATC CTG CGT CCG GAA TCT TAC TGG TTC CAG GAC GTT GGT ACC GTT GCT TCT GTT GAC CAG TCT GGT ATC AAG TAC CCG GTT ATC GTT CGC TTC GAA AAA GTG AAC TAC TCT GGC ATC AAC ACC AAT CCG TTT GCG GAA GAC GAA CTG GTT GAA GTT GAA GCG,0.8578166179016302
ATG GTT CAG CGT GGT TCT AAA GTT CGT ATC CTG CGT CCG GAA TCT TAC TGG TTC CAG GAC GTT GGT ACC GTT GCG TCT GTT GAC CAG TCT GGT ATC AAG TAC CCG GTT ATC GTT CGC TTC GAG AAA GTG AAC TAC TCT GGC ATC AAC ACC AAC AAC ATG GCG GAA GAC GAA ATG GTT GAA GTT GAA GCG,-0.5007739084511138
ATG GTT CAG CGT GGC TCT AAA GTT CGT ATC CTG CGT CCG GAA TCT TAC TGG TTC CAG GAC GTT GGT ACC GTT GCG TCT GTT GAC CAG TCC GGT ATC AAG TAC GCG GTT ATC GTT CGC TTC GAA AAG GTG AAC TAC TCT GGT ATC ATC ACC AAC AAC TTC GCT GAA GAC GAA CTG GTT GAA GTT GAA GCG,1.3331366996241214
ATG GTT CAG CGT GGT TCT TGG GTG CGC ATC CTC CGT CCG GAA TCC TAC TGG TTC CAG GAT GTG GGT TCC GTT GCT TCT GTG GAC CAG TCT GGT ATC AAA TAC CCG GTT ATC GTT CGC TTC GAG AAG GTT AAC TAC TCC GGC ATC AAC ACC AAC AAC TTC GCG GAA GAC GAA CTG GTT GAA GTT GAA GCG,0.0904995602480759
ATG GTT CAG CGT GGC TCT AAA GTT CGT ATC CTG CGT CCG GAA TCT TAT TGG TTC CAG GAC GTT GGC ACC GTT GCG TCT GTT GAC CAG TCT GGC ATT AAG TAC CCG GTT ATC GTG CGT TTT GAG AAG GTG AAC TAC TCC GGT ATC AAC ACC AAC AAT AAC GCG GAA GAC GAG TAC GTT GAA GTT GAA GCG,-0.5037984232147192
ATG GTT CAG CGT GGT TCC AAA GTT CGT GCG CTG CGT CCG GAA TCT TAC AAC TTC CAA GAC GTT GGT ACC GTT GCG TCT GTT GAC CAG TCT GGT ATC AAA TAC CCG GTT ATC GTG CGT TTC GAG AAA GTG AAC TAC TCT GGC ATC AAC ACC AAC AAT TTC GCG GAA GAC GAA CTC GTT GAA GTT GAA GCG,-0.7017661852414627
ATG GTT CAG CGT GGC TCT AAA GTT CGT ATC CTG CGT CCG GAA TCT TAC TGG TTC CAG TCC GTT GGC ACC GTT GCT TCT GTT GAC CAG TCT GGT ATT AAG TAC CCG GTT ATC GTT CGT TTC GAG AAA GTG AAC TAC TCC GGT ATC AAC ACC AAC AAC TTC GCT GAA GAC GAA CTG GTT GAA GTT GAA GCG,1.3854244958902675
ATG GTT CAG CGC GGT TCT AAA GTT CGT ATC CTG CGT CCG GAA TCT TAC TGG TTC CAG GAC GTT GGT ACC GTT GCG TCT GTT GAT CAG TCT GGC ATC AAG TAC TAC GTT ATC GTG CGC TTC GAA AAG GTT AAC TAC TCT GGT ATC AAC CAA AAC AAC TTC GCG GAA GAC GAA CTG GTT GAA GTT GAA GCG,2.0316715521876456
ATG GTT CAG CGT GGT TCT AAA GTT CGT ATC CTG CGT CCG GAA TCT ATT TGG TTC CAG GAC GTT GGT ACC GTT GCG TCT GTT GAC CAG TCT GGC ATC AAA TAC CCG GTT ATC GTT CGC TTC GAG AAG GTT AAC TAT TCT GGT ATC AAC ACC AAC AAC TTC GCG GAA GAC GAA CTG GTT GAA GTT GAA GCG,-0.2801383871245708
ATG GTT CAG CGT GGC TCT AAG GTT AAA ATC CTG CGT CCG GAA TCT TAC TGG TTC CAG GAC GTT GGC ACC GTT GCG TCT GTT GAC CAG TCT GGT ATC AAA TAC CCG GTT ATC GTT CGT TTT GAA AAA GTG AAC TAC TCC GGC ATC AAC ACC AAC AAC TTC GCG GAA GAC GAA CTG GTT GAA GTT GAA GCG,1.3540125207384892
ATG GTT CAG CGT GGT TCC TGG GTT CGT ATC CTG CGT CCG GAA TCT TAC TGG TTC CAA GAC GTT GGT TGG GTT GCG TCT GTT GAC CAG TCT GGT ATC AAA TAC CCG GTT ATC GTG CGT TTT GAA AAG GTT AAC TAC TCT GGC ATC AAC ACC AAC AAC TTC GCG GAA GAC GAA CTG GTT GAA GTT GAA GCG,1.6086133570724583
ATG GTG CAG CGT GGC TCC TGG GTT CGT ATC CTG CGT CCG GAA TCT TAC TGG TTC CAG GAC GTT GGT ACC GTT GCG TCT GTT GAC CAG TCT GGC ATC AAA TAC CCG GTT ATC GTT CGT TTC TGC AAA GTG AAC TAC TCC GGT ATC AAC ACC AAC AAC TTC GCG GAA GAC GAA CTG GTT GAA GTT GAA GCG,1.9819981392249004
ATG GTT CAG CGT GGT TCT AAA GTT CGT ATC CTG CGT CCG GAA TCT TAC TGG TTC CAG GAC GTT GGC ACC GTT GCT TCC GTT GAC CAG TCC GGC ATC AAA TAC ATG GTG ATC GTT CGT TTC GAG AAA GTG AAC TAC TCC GGT ATC CAG ACC AAC AAC TTC GCG GAA GAC GAG CTG GTT GAG GTT GAA GCG,2.0368945100530387
ATG GTT CAG CGT GGT TCT AAA GTT CGT ATC CTG CGT CCG GAA TCT TAC TGG TTT CAG GAC GTT GGT ACC GTT GCG TCT GTT GAC CAG TCT GGC ATC AAG TAC CCG GTG ATC GTT CGT TTC GAG AAG GTG AAC TAC TCT GGT ATC AAC ACC AAC AAC CCG GCT GAA GAC GAA AAC GTT GAA GTT GAA GCG,-1.1968055938129702
ATG GTT CAG CGT TAC TCT AAA GTT CGT ATC CTG CGT CCG GAA TCT TAC TGG TTC CAG GAT GTT GGT ACC GTT GCG TCT GTT GAC CAG TCC GGC ATC AAA TAC CCG GTT ATC GTT CGT TTC GAG AAG GTT AAC TAC TCT GGT ATC AAC ACC AAC AAC TTC GCG GAA GAC GAG CTG GTT GAG GTT GAA GCG,-0.3578180433823792
ATG GTT CAG CGT GGT TCT AAA GTT CGT ATC CTG ATG CCG GAA TCT TAC TGG TTC CAG GAC GTT GGT ACC GTT GCG TCT GTT GAC CAG TCT GGC ATC AAA TAC CCG GTT ATC GTG CGT TTC GAG AAG GTT AAC TAT TCT GGT ATC AAC ACC AAC AAC TTT GCG GAA GAC GAA CTG GTT GAA GTT GAA GCG,0.1143540840171046
ATG GTT CAG CGT GGT TCT AAA GTT CGT ATC CTG CGT CCG GAA TCT TAC TGG TTC CAG GAT GTT GGT ACC GTT GCG TCT GTT GAC CAG TCT GGC ATC AAA TAC CCG GTT ATC GTT CGC TTC GAG AAG GTT AAC TAC TCT GGT ATC AAC ACC GAA AAC TTC GCG GAA GAC GAA CTG GTT GAA GTT GAA GCG,5.313549432738247
ATG GTT CAG CGC GGC TCC AAA GTT CGT ATC CTG CGT CCG GAA TCT TAC TGG TTT CAG GAC GTT GGT ACC GTT GCG TCT GTT GAC CAG TCC GGT ATC AAA TAC ATG GTG ATC GTT CGT TTC GAG AAG GTT AAC TAC TCT GGC ATC AAC ATC AAT AAC TTC GCG GAA GAC GAA CTG GTT GAA GTT GAA GCG,1.966619983874093
ATG GTT CAG CGT GGT TCT AAG GTT CGT ATC CTG CGT CCG GAA TCT TAC TGG TTC CAA GAC GTT GGT ACC GTT GCG TCT GTT GAC CAG TCT GGC ATC AAG TAC GGT GTT ATC GTT CGT TTT GAG AAA GTG AAT TAC TCC GGT ATC AAC CCG AAC AAC TTC GCT GAA GAC GAA CTG GTT GAA GTT GAA GCG,0.5120000428442368
ATG GTT CAG CGT GGT TCT AAA GTT CGT CTC CTG CGT CCA GAA TCT TAC TAT TTC CAG GAC GTT GGT ACC GTT GCG TCT GTT GAC CAG TCT GGT ATC AAG TAC CCG GTT ATC GTT CGC TTC GAA AAA GTG AAC TAC TCC GGT ATT AAC ACC AAC AAC TTC GCT GAA GAC GAG CTG GTT GAA GTT GAG GCT,-0.0987199787936445
ATG GTT CAG CGT GGT TCT AAA GTT CGT ATC CTG CGT CCG GAA TCT TAC TGG TTC CAG GAC GTT GGT ACC GTT GCG TCT GTT ACC CAG TTC GGT ATC AAA TAC CCG GTT ATT GTT CGT TTC GAG AAA GTG AAC TAC TCT GGC ATC AAC ACC AAC AAC TTC GCG GAA GAC GAG CTG GTT GAA GTT GAA GCG,0.3863065151885871
ATG GTT CAG CGT GGC TCT AAA GTT CGT ATC CTG CGT CCG GAA TCT TAC TGG TTC CAG GAT GTT GGT ACC GTT GCG TCT GTT GAC CAG TCT GGC ATC AAA TAC GAC GTT ATC GTT CGT TTC GAG AAG GTT AAC TAC TCT GGT ATC AAC CAC AAC AAC TTC GCG GAA GAC GAA CTG GTT GAA GTG GAA GCG,0.8491254950741225
ATG GTT CAG CGT GGT TCT AAA GTT CGT ATC CTG CGT CCG GAA TCT TAC TGG TTC CAG GAC GTT GGT ACC GTT GCG TCT GTT GAT CAG TCC GGT ATC AAG TAC TGG GTG ATC GTT CGC TTC GAG AAA GTG AAC TAC TCT GGT ATC ATC ACC AAC AAC TTC GCG GAA GAC GAA CTG GTT GAA GTT GAA GCG,3.021057546631236
ATG GTT CAA CGC GGC TCT AAA GTT CGC TCT CTG CGT CCG GAA TCT TAC AAA TTC CAG GAC GTG GGT ACC GTT GCG TCT GTT GAC CAG TCT GGC ATC AAA TAC CCG GTT ATC GTG CGT TTT GAA AAG GTT AAC TAC TCC GGT ATC AAC ACT AAC AAC TTC GCG GAA GAC GAA CTG GTT GAG GTG GAA GCG,-4.031356717099621
ATG GTG CAG CGT GGT TCT AAA GTT CGT ATC CTG CGT CCG GAA TCT TAC TGG TTC CAG GAC GTG GGT ACC GTT GCG TCT GTT GAC CAG TCT GGT ATC AAG TAC TGG GTT ATC GTT CGT TTC GAG AAG GTG AAC TAC TCC GGC ATC AAC ACC AAC AAC TTC GCG GAA GAC GAA CTG GTT GAA GTT GAA GCG,1.989771948719583
ATG GTT CAG CGT GGT TCT AAA GTT CGT ATC CTG CGT CCG GAA TCT TAT TGG TTC CAG GAC GTT GGT ACC GTT GCG TCT GTT GAC CAG TCT GGT ATC AAA TAC CCA GTT ATC GTT CGT TTC TAC CCG GTT AAC TAC TCT GGC ATC AAC ACC AAC AAC TTC GCG GAG GAT GAA CTG GTT GAA GTT GAA GCG,0.6452711071218233
ATG GTT CAG CGT GGT TCT AAA GTT CGT ATC CTG CGT CCG GAA TCT TAC TGG TTC CAA GAC GTT GGT ACC GTG GCG TCT GTT GAT CAG TCT GGC ATC AAA TAC CCG GTT ATC GTT CGT TTC AAG GCG GTT AAC TAC TCT GGT ATC AAC ACC AAC AAC TTC GCG GAA GAC GAA CTG GTT GAA GTT GAG GCT,0.6900924391019121
ATG GTT CAG CGT GGT TCT AAA GTT CGT ATC CTG CGT CCA GAA TCT TAC TGG TTC CAA GAC GTT GGT ACT GTT GCG TCT GTT GAC CAG TCT GGT ATC AAA TAC CCG GTG ATC GTT CGC TTC GAG AAG GTG AAC TAC TCT GGC AAG AAT ACC AAC AAC TTT GCG GAA GAC GAA CTG GTT GAA GTG GAA GCG,1.8302550863902265
ATG GTT CAA CGT GGT TCC AAA GTT CGC CGC CTG CGT CCG GAA TCT TAC ATC TTC CAG GAC GTT GGT ACC GTT GCG TCT GTT GAC CAG TCT GGC ATT AAG TAT CCA GTG ATC GTT CGT TTC GAG AAG GTG AAC TAC TCC GGT ATC AAC ACC AAC AAC TTC GCT GAA GAC GAG CTG GTT GAA GTT GAA GCG,-0.1092536284159104
ATG GTT CAG CGT GGT TCT AAA GTT CGT ATC GAC CGT CCG GAA TCT TAC TGG TTC CAG GAC GTT GGT ACC GTT GCG TCC GTT GAC CAG TCC GGT ATC AAA TAC CCG GTT ATC GTT CGT TTC GAG AAA GTG AAC TAC TCT GGC ATC AAC ACC AAC AAC TTC GCG GAA GAC GAA CTG GTT GAA GTT GAA GCG,-0.6228139228963294
ATG GTT CAG CGT GGT TCC GGT GTT CGT ATC CTG CGT CCG GAA TCT TAC TGG TTC CAG GAC GTT GGT GAG GTT GCT TCT GTT GAC CAG TCT GGT ATC AAA TAC CCG GTT ATC GTT CGT TTC GAG AAG GTT AAC TAC TCT GGC ATC AAC ACC AAC AAC TTC GCG GAA GAC GAA CTG GTT GAA GTT GAA GCG,-0.910818395748998
ATG GTT CAG CGT GGT TCT AAA GTT CGT ATC CTG CGT CCG GAA TCT TAT TGG TTC CAG GAC GTT GGT ACC GTG GCG TCT GTT GAT CAG TCT GGC ATC AAA TAC CCG GTT ATC GTG CGT TTC ACC GTT GTT AAC TAC TCC GGT ATC AAT ACC AAC AAC TTC GCG GAA GAC GAA CTG GTT GAA GTT GAA GCG,1.314379546525081
ATG GTT CAG CGT GGT TCT AAA GTT CGT ATC CTG CGT CCG GAA TCT TAC TGG TTC CAG GAC GTT GGT ACC GTT GCG TCT GTT GAC CAG TCC GGT ATC AAA TAC ATG GTT ATC GTG CGT TTC GAG AAG GTT AAC TAC TCT GGT ATC CAC ACC AAC AAC TTC GCG GAA GAC GAA CTG GTT GAA GTT GAA GCG,1.9395274865059555
ATG GTT CAG CGC GGT TCT AAA GTT CGT TAC CTG CGT CCG GAA TCC TAC CGT TTC CAG GAC GTT GGT ACC GTT GCG TCT GTT GAC CAG TCC GGC ATC AAA TAC CCG GTT ATC GTG CGT TTC GAG AAA GTG AAC TAC TCC GGT ATC AAC ACC AAC AAC TTC GCG GAA GAC GAA CTG GTT GAA GTT GAA GCG,-4.578191226570906
ATG GTT CAG CGT ATC TCT AAA GTT CGT ATC CTG CGT CCG GAA TCT TAC TGG TTC CAA GAC GTT GGT ACC GTT GCG TCT GTT GAC CAG TCT GGT ATC AAA TAC CCG GTT ATC GTT CGC TTC GAG AAA GTG AAC TAC TCT GGC ATC AAC ACC AAC AAC TTC GCG GAA GAC GAA CTG GTT GAA GTT GAA GCG,-0.674155790548548
ATG GTT CAG CGT GGT TCT CGT GTT CGT ATC CTG CGT CCA GAA TCT TAC TGG TTC CAG GAC GTT GGC GGT GTG GCG TCC GTT GAC CAG TCT GGT ATC AAA TAC CCG GTG ATC GTT CGC TTC GAA AAG GTG AAC TAC TCC GGT ATT AAC ACT AAC AAC TTC GCG GAA GAC GAA CTG GTT GAA GTT GAA GCG,-1.1733163768165995
ATG GTT CAG CGT GGT TCT AAA GTT CGT ATC CTG CGT CCA GAA TCT TAC TGG TTC CAG GAC GTT GGT ACC GTT GCG TCC GTT GAC CAG TCC GGT ATC AAA TAC AAA GTT ATC GTG CGT TTC GAG AAG GTG AAT TAC TCT GGT ATT TGC ACC AAC AAC TTC GCG GAA GAT GAG CTG GTT GAA GTT GAG GCG,1.901594809269333
ATG GTT CAG CGT GGT TCT AAA GTT CGT ATC CTG CGT CCG GAA TCT TAC TGG TTC CAG GAC GTT GGT ACC GTT GCG TCT GTT GAC CAG TCT GGT ATC AAA TAC CCG GTT ATC GTT CGT TTT GAA AAA GTG AAC TAC TCT GGC ATC AAC ACC AAC AAC TTC GCT GAA GAC GAA CTG CGT GAA GTT GAG GCT,0.9745515178680052
ATG GTT CAG CGT GGT TCT AAA GTT CGT ATC CTG CGT CCG GAA TCT TAC TGG TTC CAG GAC GTT GGT ACC GTT GCG TCT GTT GAA CAG TGG GGC ATC AAG TAC CCG GTT ATC GTT CGC TTC GAA AAA GTG AAC TAC TCC GGT ATC AAC ACC AAC AAC TTC GCG GAA GAC GAA CTG GTT GAA GTT GAA GCG,0.6583824305732792
ATG GTT CAG CGT GGT TCT AAA GTT CGT ATC CTG CGT CCG GAA TCT TAC TGG TTT CAG GAC GTT GGT ACC GTT GCG TCT GTT CTG CAG TTC GGT ATC AAA TAC CCG GTT ATC GTT CGT TTC GAG AAG GTT AAC TAC TCT GGC ATC AAC ACC AAC AAC TTC GCG GAA GAC GAA CTG GTT GAA GTT GAA GCG,1.5804309318692535
ATG GTT CAA CGT GGT TCT AAA GTT CGT ATC CTG CGT CCG GAA TCT TAC TGG TTC CAG GAC GTT GGT ACC GTT GCG TCT GTT GAC CAA TCT GGC ATC AAG TAC CCG GTT ATC GTT CGT TTT GCG GGT GTT AAC TAC TCT GGT ATC AAT ACC AAC AAC TTC GCG GAA GAC GAA CTG GTT GAA GTT GAA GCG,0.4954952995075269
ATG GTT CAG CGT GGT TCT AAA GTT CGT ATC CTG CGT CCG GAA TCT TAC CGT TTC CAG GAC GTG GGT ACC GTT GCG TCT GTT GAC CAG TCT GGT ATC AAA TAC CCG GTT ATC GTT CGT TTC GAG AAG GTT AAC TAC TCC GGC ATC AAC ACC AAT AAC TTC GCG GAA GAC GAA CTG GTT GAA GTT GAG GCT,-1.270031432451484
ATG GTT CAG CGT GGT TCT AAA GTT CGT ATC CTG CGT CCA GAA TCT TAC TGG TTC CAG GAC GTT GGT ACC GTT GCG TCC GTT GAC CAG TCT GGT ATT AAG TAC CCG GTT ATC GTT CGT TTC GAG AAA GTG AAC TAC TCC GGT ATC AAC ACC AAC AAC TTC GCG CCA GAC GAA CTG GTT GAA GTT GAA GCG,2.4795902780566257
ATG GTT CAG CGT GGC TCC AAA GTT CGT ATC CTG TTC CCG GAA TCT TAC TGG TTC CAG GAC GTT GGT ACC GTT GCG TCT GTT GAC CAG TCT GGT ATC AAG TAC CCG GTG ATC GTT CGC TTT GAA AAA GTG AAC TAC TCC GGC ATC AAC ACC AAC AAC TTC GCT GAA GAC ACC CTG GTT GAA GTT GAG GCG,0.3221827805992867
ATG GTT CAG CGC GGC TCT AAA GTT CGT ATC CTG CGT CCA GAA TCT TAC TGG TTT CAG GAC GTT GGT ACC GTT GCG TCC GTT GAC CAG TCT GGT ATC AAG TAC AAG GTG ATC GTT CGC TTC GAA AAA GTG AAC TAC TCT GGC ATT AAC CCG AAC AAC TTC GCG GAA GAC GAA CTG GTT GAA GTG GAA GCG,0.9727411708627328
ATG GTT CAG CGC GGT TCT CCG GTT CGT ATC CTG CGT CCG GAA TCT TAC TGG TTC CAG GAC GTT GGT ACT GTT GCG TCT GTT GAC CAG TCT GGT ATC AAG TAC CCG GTT ATC GTT CGT TTC TGC AAA GTG AAC TAC TCT GGC ATC AAC ACC AAC AAC TTC GCG GAG GAT GAG CTG GTT GAA GTT GAG GCT,1.2033034016764637
ATG GTT CAG CGT GGC TCT AAA GTT CGT GCG CTG CGT CCA GAA TCT TAC TCT TTC CAG GAC GTT GGT ACC GTT GCG TCT GTT GAC CAG TCT GGC ATC AAG TAC CCA GTT ATC GTG CGT TTT GAA AAG GTG AAC TAC TCC GGT ATC AAC ACC AAC AAC TTC GCT GAA GAT GAA CTG GTT GAA GTT GAG GCG,-0.7758183616323614
ATG GTT CAG CGT GGT TCT CAC GTT CGT ATC CTG CGT CCG GAA TCT TAC TGG TTT CAG GAC GTT GGT ACC GTT GCG TCT GTT GAC CAG TCC GGT ATC AAG TAC CCG GTT ATC GTG CGT TTC CAG AAG GTG AAC TAC TCT GGC ATC AAC ACC AAC AAC TTC GCG GAG GAC GAA CTG GTT GAA GTT GAA GCG,1.0731057484972677
ATG GTT CAG CGC GGC TCT AAA GTT CGT GGT CTG CGT CCG GAA TCT TAC TGC TTC CAG GAC GTT GGT ACC GTT GCG TCT GTT GAC CAG TCT GGT ATC AAA TAT CCG GTG ATC GTT CGC TTC GAA AAG GTG AAC TAC TCT GGC ATC AAC ACC AAC AAC TTT GCG GAA GAC GAA CTC GTT GAA GTG GAA GCG,0.6173449383986865
ATG GTT CAG CGC GGT TCT AAA GTT CGC ATC CTG CGT CCA GAA TCT TAT TGG TTT CAG GAC GTG GGT ACC GTT GCG TCC GTG GAC CAG TCT GGT ATC AAA TAC AAC GTG ATC GTG CGT TTC GAG AAA GTG AAC TAC TCT GGC ATC GTT ACC AAC AAT TTC GCG GAA GAC GAA CTG GTT GAA GTT GAG GCT,0.9295543985168276
ATG GTT CAG CGT GGT TCT AAC GTT CGT ATC CTG CGT CCG GAA TCT TAC TGG TTC CAG GAT GTT GGT ACC GTT GCG TCT GTT GAC CAG TCT GGT ATC AAA TAC CCA GTG ATC GTT CGT TTC ATG AAG GTT AAC TAC TCT GGC ATC AAC ACC AAC AAC TTC GCG GAA GAC GAA CTG GTT GAA GTT GAA GCG,0.7302559290485002
ATG GTT CAG CGC GGT TCT AAA GTT CGT ATC CTG CGT CCG GAA TCC TAC TGG TTC CAG GAC GTT GGT ACC GTT GCG TCT GTT GAC CAG TCT GGC ATC AAA TAC CCG GTG ATC GTT CGC TTC GAA AAA GTG AAC TAC TCT GGT ATC AAC ACC AAC AAC CAG GCT GAA GAC GAA TAC GTT GAA GTG GAA GCG,-0.2561267666646177
ATG GTT CAG CGT GGC TCC AAA GTT CGT ATC CTG AAA CCG GAA TCT TAC TGG TTC CAG GAC GTT GGT ACC GTT GCG TCT GTT GAC CAG TCT GGT ATC AAA TAC CCG GTT ATC GTT CGC TTC GAA AAA GTG AAC TAC TCC GGC ATC AAC ACC AAC AAC TTC GCT GAA GAC TGC CTG GTT GAA GTT GAA GCG,0.4043063224534525
ATG GTT CAA CGT GGC TCT AAA GTG CGT ATT CTG CGT CCG GAA TCT TAC TGG TTC CAG GAC GTT GGT ACC GTT GCG TCT GTT GCG CAG CGC GGT ATC AAA TAC CCG GTT ATC GTT CGC TTC GAA AAA GTG AAC TAC TCT GGC ATC AAC ACC AAC AAC TTC GCG GAA GAC GAA CTG GTT GAA GTT GAA GCG,0.4472977803968122
ATG GTT CAG CGT GGT TCT AAA GTT CGT ATC CTG CGT CCG GAA TCT TAT TGG TTC CAG GAC GTT GGT ACC GTT GCG TCT GTT GAC CAG TCT GGT ATC AAA TAC CCG GTT ATC GTT CGT TTC GAG AAA GTG AAC TAC TCT GGC ATC AAC ACC AAC AAC TGG GCT GAA GAC GAA GTG GTG GAA GTG GAG GCG,0.1705461519301049
ATG GTT CAG CGT GGT TCT AAA GTT CGT ATC CTG TGC CCG GAA TCT TAC TGG TTC CAG GAT GTT GGT ACC GTT GCG TCT GTT GAC CAG TCC GGT ATT AAG TAC CCG GTT ATC GTG CGC TTC GAG AAA GTG AAC TAC TCT GGT ATC AAC ACC AAC AAC TTT GCG GAA GAC GGC CTG GTT GAA GTT GAA GCG,0.6069696768384247
ATG GTT CAG CGT GGT TCT AAA GTT CGT ATC CTG CGT CCG GAA TCT TAC TGG TTC CAG GAC GTT GGT ACC GTT GCG TCT GTT GAC CAG TCT GGT ATC AAA TAC CCG GTG ATC GTG ATC TTT GAG AAA GTG AAC TAC TCC GGT ATT AAC ACC AAC AAC TTC GCG GAA GAC GAA CTG GTT GAA GTT GAG GCG,2.407266881265124
ATG GTT CAG CGT GGC TCC AAA GTG CGT TCT CTC CGT CCA GAA TCC TAC ACC TTC CAG GAT GTT GGT ACC GTT GCG TCT GTT GAC CAG TCT GGC ATC AAA TAC CCG GTT ATC GTG CGT TTT GAA AAA GTG AAC TAC TCC GGT ATC AAC ACC AAC AAC TTC GCG GAG GAT GAA CTG GTG GAA GTT GAA GCG,-0.7883539581120127
ATG GTG CAG CGC GGT TCT AAA GTT CGT ATC CTG CGT CCG GAA TCT TAC TGG TTC CAG GAT GTT GGT ACC GTT GCG TCT GTT GAC CAG TCT GGC ATC AAA TAC CCG GTT ATC GTT CGC TTC GAA AAG GTG AAC TAC TCC GGT ATC AAC ACC AAC AAC CCA GCT GAA GAC GAA TAC GTT GAA GTT GAA GCG,-0.1606486889617704
ATG GTT CAG CGC GGT TCT AAA GTT CGT ATC CTG CGT CCG GAA TCT TAC TGG TTC CAG GAC GTT GGT ACC GTT GCG TCT GTT GAC CAG TCT GGC ATC AAG TAC CAG GTT ATC GTT CGT TTC GAG AAG GTT AAC TAC TCC GGT ATC AAC TGG AAC AAC TTC GCG GAA GAC GAA CTG GTT GAA GTT GAA GCG,2.0632478499486937
ATG GTT CAG CGT GGT TCC CAA GTT CGT ATC CTG CGT CCG GAA TCT TAC TGG TTC CAG GAC GTT GGT ACC GTT GCG TCT GTT GAC CAG TCT GGC ATT AAG TAC CCG GTG ATC GTT CGT TTC TTC AAA GTT AAT TAC TCC GGC ATC AAC ACC AAC AAC TTC GCG GAA GAC GAA CTG GTT GAA GTT GAA GCG,1.554264348706154
ATG GTT CAG CGT GGT TCT AAA GTT CGT ATC CTG CGT CCG GAA TCT TAC TGG TTC CAG GAC GTT GGT ACC GTT GCG TCT GTT GAC CAG TCC GGT ATC AAA TAC CCG GTT ATC GTT CGT TTC GAA GAC GTT AAC TAC TCT GGC ATC AAC ACC AAC AAC TTC GCG GAA GAC GAA CTG GTT GAA GTT GAG GCT,0.6839235530068769
ATG GTT CAG CGT GGT TCT AAA GTT CGT ATC CTG ATG CCG GAA TCT TAC TGG TTC CAG GAC GTT GGT ACC GTT GCG TCT GTT GAC CAG TCT GGT ATT AAG TAC CCG GTT ATC GTT CGT TTC GAG AAA GTG AAC TAC TCC GGT ATC AAC ACC AAC AAC TTC GCT GAA GAC AAA CTG GTT GAA GTT GAA GCG,-0.6197369030119155
ATG GTT CAG CGC GGT TCC AAA GTT CGC ATC CTG CGT CCA GAA TCT TAT TGG TTC CAG GAC GTT GGC ACC GTT GCG TCT GTT GAC CAG TCT GGC ATC AAA TAC GAG GTT ATC GTT CGT TTC GAG AAA GTG AAC TAC TCT GGT ATC AAC GGT AAC AAC TTC GCG GAA GAC GAG CTG GTT GAG GTT GAA GCG,1.0294468414420537
ATG GTT CAG CGT GGT TCT AAA GTT CGT ATT CTC CGT CCG CGT TCT TAC TGG TTC CAG GAC GTT GGT ACT GTT GCG TCT GTT GAC CAG TCC GGT ATC AAA TAC CCG GTT ATC GTT CGT TTT GAG AAG GTT AAC TAC TCT GGC ATC AAC ACC AAC AAT TTC GCG GAG GAC GAG CTG GTT GAA GTT GAA GCG,1.1249559718834772
ATG GTT CAA CGT GGT TCT AAA GTT CGT ATC CTG CGC CCA GAG TCT TAC TGG TTC CAG GAC GTT GGT ACC GTT GCG TCT GTT GAC CAG TCC GGC ATC AAA TAC CCA GTT ATC GTT CGC TTC ACC ACC GTT AAC TAC TCT GGT ATT AAC ACC AAC AAC TTC GCG GAA GAC GAA CTG GTT GAA GTT GAA GCG,2.656497359605962
ATG GTT CAG CGT GGC TCC AAA GTT CGC ATC CTC CGT CCG GAA TCT TAC TGG TTT CAG GAC GTT GGT ACC GTT GCG TCT GTT GAC CAG TCT GGT ATC AAG TAC CCG GTT ATC GTT CGT TTC GAG AAG GTT AAC AAC TCT GGC ATC AAC ACC AAC AAC TTC GCG GAA GAC GAA CTG GTT GAA GTT GAA GCG,3.135339663112779
ATG GTT CAG CGT GGT TCT AAA GTT CGC CCA CTG CGT CCG GAA TCT TAC ATC TTC CAG GAC GTT GGT ACC GTT GCG TCT GTT GAC CAG TCC GGC ATC AAG TAC CCG GTT ATC GTT CGC TTC GAA AAG GTG AAC TAT TCT GGT ATC AAC ACC AAC AAC TTC GCG GAA GAC GAA CTG GTT GAA GTT GAA GCG,-1.0636992268619323
ATG GTG CAA CGT GGC TCC AAA GTT CGT ATC CTG CGT CCA GAA TCT TAC TGG TTC CAA GAC GTT GGT ACC GTG GCG TCT GTT GAT CAG TCT GGC ATC AAA TAC CCG GTT ATC GTT CGC TTC GAG AAA GTG AAC TAC TCC GGT ATC AAC ACC AAC AAC GAC GCG GAA GAC GAA TGC GTT GAA GTT GAA GCG,0.715582370739486
ATG GTT CAG CGT GGT TCT AAA GTG CGT ATC CTG CGT CCG GAA TCT TAC TGG TTC CAG GAC GTG GGT ACC GTT GCG TCT GTT GAC CAG TCT GGT ATC AAA TAC CCG GAC ATC GTT CGT TTT GAG AAA GTG AAC TAC TCC GGT ATT AAC ACC AAC AAC TTC GCG GAA GAC GAA CTG GTT GAA GTT GAA GCG,-1.6213637921125712
ATG GTT CAG CGT GGT TCC AAA GTT CTG ATC CTG CGT CCG GAA TCT TAC TGG TTT CAG GAC GTT GGT ACC GTT GCG TCT GTT GAC CAG TCT GGC ATC AAA TAC CCG GTT ATC GTT CGC TTC GAA AAG GTG AAC TAC TCC GGC ATT AAC ACC AAC AAC TTC GCG GAA GAC GAA CTG GTT GAA GTT GAA GCG,1.5343472346557827
ATG GTT CAG CGT GGT TCT AAA GTT CGT ATC CTG CGT CCG GAA TCT TAT TGG TTC CAG GAC GTT GGT ACC GTT GCG TCT GTT GAC CAG TCT GGC ATC AAA TAC CCG GTT ATC GTT CGT TTC GAG AAG GTT AAC TAC CTG GGT ATC AAC ACC AAC AAC TTC GCG GAA GAC GAA CTG GTT GAA GTT GAA GCG,3.3856798429058133
TGT GTT CAG CGT GGT TCT AAA GTT CGT ATC CTG CGT CCG GAA TCT TAC TGG TTT CAG GAC GTT GGT ACC GTT GCG TCT GTT GAC CAG TCC GGT ATC AAA TAC CCG GTG ATC GTT CGT TTC GAG AAA GTG AAC TAC TCT GGC ATC AAC ACC AAC AAC TTC GCG GAA GAC GAA CTG GTT GAA GTT GAA GCG,2.3612613249358807
ATG GTG CAG CGT GGT TCT AAA GTT CGT ATC CTG CGT CCG GAA TCT TAC TGG TTC CAG GAC GTT GGT ACC GTT GCG TCT GTT GAC CAG TCT GGC ATC AAA TAC CCG GTT ATC GTT CGC TTC GAA AAG GTT AAC TAC GAC GGT ATC AAC ACC AAC AAC TTC GCG GAA GAC GAA CTG GTT GAA GTT GAA GCG,3.964342184984599
ATG GTT CAG CGT GGC TCT AAA GTT CGC ATC CTG CGT CCG GAA TCT TAC TGG TTC CAG GAC GTT GGT ACC GTT GCG TCT GTT TTC CAG TGC GGC ATC AAG TAC CCG GTT ATT GTT CGC TTC GAA AAG GTT AAC TAC TCT GGT ATC AAC ACC AAC AAC TTC GCG GAA GAC GAA CTG GTT GAA GTT GAA GCG,1.2630231871570237
ATG GTT CAG CGT GGT TCT AAA GTT CGT ATC CTG ATC CCG GAA TCT TAC TGG TTC CAG GAT GTT GGT ACC GTT GCG TCT GTT GAC CAG TCC GGT ATC AAA TAC CCG GTT ATC GTT CGC TTT GAA AAG GTT AAC TAC TCT GGC ATC AAC ACC AAC AAC TTC GCG GAA GAC TGG CTG GTT GAA GTT GAA GCG,0.7844421714286861
ATG GTT CAG CGT GGT TCT AAA GTT CGT TAC CTG CGT CCG GAA TCT TAC CAC TTC CAG GAC GTT GGT ACC GTT GCG TCT GTT GAT CAG TCC GGT ATC AAG TAC CCG GTT ATC GTT CGC TTT GAA AAG GTT AAC TAC TCT GGC ATC AAC ACC AAC AAC TTC GCG GAG GAC GAA CTG GTT GAA GTT GAA GCG,-0.1571771522256163
ATG GTT CAG CGC GGT TCT AAA GTT CGT CAC CTG CGT CCG GAA TCT TAC TGG TTC CAG GAC GTT GGT ACC GTT GCT TCT GTG GAC CAG TCT GGT ATT AAG TAC CCG GTT ATC GTG CGT TTC GAG AAA GTG AAC TAT TCC GGT ATC AAC ACC AAC AAC TTC GCG GAA GAC GAG CTG GTT GAA GTT GAA GCG,-0.4133926691929798
ATG GTT CAG CGT GGC TCT AAA GTT CGT ATC CTG CGT CCG GAA TCT TAC TGG TTT CAG GAC GTT GGT ACC GTT GCG TCT GTT GAC CAG TCT GGC ATC AAA TAC GCG GTT ATC GTT CGT TTC GAG AAG GTT AAC TAT TCT GGT ATC GCG ACC AAC AAC TTC GCG GAA GAC GAA CTG GTT GAA GTT GAA GCG,1.2403596257018594
ATG GTT CAG CGT GGT TCT AAA GTT CGT TGC CTG CGT CCG GAA TCT TAC CTG TTC CAG GAC GTT GGT ACC GTT GCG TCT GTT GAC CAG TCT GGT ATC AAA TAC CCG GTT ATC GTT CGC TTC GAA AAA GTG AAC TAC TCT GGC ATC AAC ACC AAC AAC TTC GCG GAA GAC GAA CTG GTT GAA GTG GAA GCG,0.8476139667057894
ATG GTT CAG CGT GGT TCT AAA GTT CGT ATC CTG CGT CCG GAA TCT TAT TGG TTC CAG GAC GTT GGT ACC GTT GCG TCT GTT GAC CAG TCC GGT ATC AAA TAC ATG GTT ATC GTG CGC TTC GAA AAA GTT AAT TAC TCT GGC ATC GTT ACC AAC AAC TTC GCG GAA GAC GAA CTG GTT GAA GTT GAA GCG,2.177255278880937
ATG GTT CAG CGT GGC TCT AAA GTT CGT ATC CTG CGT CCG GAA TCT TAC TGG TTC CAG GAT GTT GGT ACC GTT GCG TCT GTT GAC CAG TCT GGC ATC AAA TAC CGT GTT ATC GTT CGC TTC GAG AAG GTT AAC TAC TCT GGT ATC TAC ACC AAC AAC TTC GCG GAA GAC GAA CTG GTT GAA GTT GAA GCG,1.6262037205327449
ATG GTT CAG CGT GGT TCT AAC GTG CGT ATC CTG CGT CCG GAA TCT TAC TGG TTT CAG GAC GTT GGT ACC GTT GCG TCT GTT GAC CAG TCT GGT ATC AAG TAC CCG GTT ATC GTT CGT TTC AAG AAA GTG AAC TAC TCT GGC ATC AAC ACC AAC AAC TTC GCG GAA GAT GAA CTG GTT GAA GTT GAA GCG,0.4616626086088359
ATG GTT CAG CGC GGT TCC AAA GTT CGT ATC CTG CGT CCG GAA TCT TAC TGG TTC CAG GAC GTT GGT ACC GTT GCG TCT GTT GAC CAG TCT GGT ATC AAA TAC GAA GTT ATC GTG CGC TTC GAA AAA GTG AAC TAC TCC GGT ATT AAT CAC AAC AAC TTC GCG GAA GAC GAA CTG GTT GAA GTT GAA GCG,0.8555677506668203
ATG GTT CAG CGT GGC TCT AAA GTT CGT ATC CTG TCT CCG GAA TCC TAC TGG TTC CAG GAC GTT GGC ACC GTT GCG TCT GTT GAC CAG TCT GGT ATC AAA TAC CCG GTG ATC GTT CGT TTT GAA AAA GTG AAC TAC TCT GGC ATC AAC ACC AAC AAC TTC GCG GAA GAC TGG CTG GTT GAA GTT GAG GCG,-0.2240767030738311
ATG GTT CAG CGT GGT TCT AAA GTT CGT ATC CTG CGT CCG GAA TCT TAC TGG TTC CAG GAT GTG GGT ACC GTT GCG TCT GTT GAC CAG TCC GGT ATC AAA TAC GAC GTT ATC GTG CGC TTC GAA AAA GTG AAC TAC TCT GGT ATC TCT ACC AAC AAC TTC GCG GAA GAT GAA CTG GTT GAG GTT GAA GCG,0.4625348493157815
ATG GTT CAG CGT GGT TCT AAA GTT CGT ATT CTG CGT CCG GAA TCT TAC TGG TTC CAG GAC GTT GGT ACC GTT GCG TCT GTT GAC CAG TCT GGC ATC AAA TAC CAC GTT ATC GTT CGC TTC GAG AAG GTG AAC TAC TCT GGT ATC AAC ATG AAC AAT TTC GCG GAA GAC GAA CTG GTT GAA GTT GAA GCG,1.3527001801745966
ATG GTT CAG CGT GGT TCT AAA GTG CGC ATC CTC CGC CCA GAA TCT TAC TGG TTC CAG GAT GTT GGT ACC GTT GCT TCC GTT GAC CAG TCT GGT ATC AAA TAC CCG GTT ATC GTG CGT TTC GAG AAA GTG AAT TAC TCC GGT ATT AAC ACC AAC AAC TCT GCG GAA GAC GAA TCT GTT GAA GTT GAA GCG,-0.3196889119389187
ATG GTT CAG CGC GGC TCC AAA GTT CGT ATC CTG CGT CCG GAA TCT TAC TGG TTT CAG GAC GTT GGT ACC GTG GCG TCT GTT GAT CAG TCT GGT ATC AAG TAC CCG GTT ATC GTT CGT TTC GAG AAG GTT AAC TAC TCT GGC ATC AAC ACC AAC AAT GTT GCG GAG GAT GAA GAC GTT GAA GTT GAG GCG,-0.3370218874199123
ATG GTT CAG CGT GGT TCT AAA GTT CGT ATC CTG CGT CCG GAA TCT TAC TGG TTC CAG GAT GTT GGT ACC GTT GCG TCT GTT GAC CAG TCT GGT ATC AAA TAC CAC GTT ATC GTT CGT TTC GAG AAG GTT AAC TAC TCT GGC ATC AAC TCC AAC AAC TTC GCG GAA GAC GAA CTG GTT GAA GTT GAA GCG,1.267862095344352
ATG GTT CAG CGT GGT TCT AAA GTT CGT ATC CTG CGT CCG GAA TCT TAC TGG TTC CAA GAC GTT GGT ACC GTT GCG TCT GTT GAC CAG TCT GGC ATC AAA TAC CCG GTT ATC GTT CGC TTC GAG AAA GTG AAC TAC TCT GGT ATC AAC ACC AAC AAC CAG GCG GAA GAC GAA ACC GTT GAA GTT GAA GCG,-0.8504528867670736
ATG GTT CAG CGT GGT TCT AAA GTT CGT ATC CTG CGT CCG GAA TCT TAC TGG TTC CAG GAC GTT GGT AAC GTT GCG TCT GTT GAC CAG TCT GGT ATC AAG TAC CCG GTT ATC GTT CGT TTC GAG AAA GTG AAC TAC TCT GGC ATC AAC ACC AAC AAC TTC GCT GAA GAC GAA CTG GTT GAA GTT GAA GCG,-0.0064908256723961
ATG GTT CAG CGT GGC TCT AAA GTT CGT ATC CTG CGT CCG GAA TCT TAC TGG TTC CAG GAC GTT GGT ACC GTT GCG TCT GTT GAC CAG TCC GGT ATC AAG TAC CAG GTT ATC GTT CGC TTC GAA AAA GTG AAC TAC TCT GGT ATC TGC ACC AAC AAC TTC GCG GAA GAC GAA CTG GTT GAA GTT GAA GCG,1.5765450621954762
ATG GTT CAG CGT GGT TCT AAA GTT CGC ATC CTC CGT CCA GAA TCC TAT TGG TTC CAG GAC GTT GGT ACC GTT GCG TCT GTT GAC CAG TCT GGT ATC AAG TAC CAC GTG ATC GTT CGT TTC GAG AAA GTG AAC TAC TCC GGT ATC GCG ACC AAC AAC TTT GCG GAA GAC GAA CTG GTT GAA GTT GAA GCG,0.9458529784473292
ATG GTT CAG CGT GGT TCT AAA GTT CGT ATC CTG CGT CCG GAA TCT TAC TGG GAA CAG GAC GTT GGT ACC GTT GCG TCT GTT GAC CAG TCT GGC ATC AAA TAC CCG GTT ATC GTT CGC TTC GAA AAA GTG AAC TAC TCC GGT ATC AAC ACC AAC AAC TTC GCG GAA GAC GAA CTG GTT GAA GTT GAG GCT,-1.5667803926575092
ATG GTT CAG CGT GGT TCT AAA GTT CGT ATC CTG CGT CCA GAA TCT TAC TGG TTT CAG GAC GTT GGT ACC GTT GCG TCC GTT GAC CAG TCC GGC ATC AAA TAC CCG GTT ATC GTT CGT TTC TGC CAG GTT AAC TAT TCT GGT ATC AAC ACC AAC AAC TTC GCG GAA GAC GAA CTG GTT GAA GTT GAA GCG,2.017773459993887
ATG GTG CAA CGT GGT TCT AAC GTT CGC ATT CTG CGT CCA GAA TCT TAC TGG TTC CAG GAT GTT GGT ATG GTG GCG TCT GTT GAT CAG TCT GGC ATC AAG TAC CCG GTT ATC GTT CGC TTC GAA AAG GTT AAC TAC TCT GGT ATC AAC ACC AAC AAC TTC GCG GAA GAT GAG CTG GTT GAA GTG GAG GCG,-0.0726324521788281
ATG GTT CAG CGT GGT TCT AAA GTT CGC AAC CTG CGT CCG GAA TCT TAC CGT TTC CAG GAC GTT GGT ACC GTT GCG TCT GTT GAC CAG TCT GGT ATT AAG TAC CCG GTT ATC GTT CGT TTC GAG AAA GTG AAC TAC TCC GGT ATC AAC ACC AAC AAC TTC GCG GAA GAC GAA CTG GTT GAG GTT GAA GCG,-5.77013413238782
ATG GTT CAG CGT GGC TCT CAG GTT CGT ATC CTC CGT CCG GAA TCT TAC TGG TTC CAG GAC GTT GGT ACC GTT GCG TCT GTT GAC CAG TCT GGC ATC AAA TAC CCG GTG ATC GTT CGT TTC GGT AAG GTT AAC TAC TCC GGT ATC AAC ACC AAC AAC TTC GCG GAA GAT GAA CTG GTT GAA GTT GAA GCG,0.6554632677921887
ATG GTT CAG CGT GGT TCC GAC GTT CGT ATC CTG CGT CCG GAA TCT TAT TGG TTC CAG GAC GTT GGT ACC GTT GCG TCT GTT GAC CAG TCT GGC ATC AAA TAC CCG GTT ATC GTT CGC TTC GTG AAG GTT AAC TAC TCT GGT ATT AAC ACC AAC AAC TTC GCT GAA GAC GAA CTG GTT GAA GTT GAA GCG,0.4133189429527268
ATG GTT CAG CGC GGT TCT AAA GTT CGT ATC CTG CGT CCG GAA TCT TAC TGG TTC CAG GAC GTT GGT ACC GTT GCG TCT GTT GAC CAG TCT GGC ATC AAA TAC GAC GTT ATC GTG CGC TTC GAA AAG GTG AAC TAC TCT GGT ATC TTC ACC AAC AAC TTC GCG GAG GAC GAG CTG GTT GAG GTT GAA GCG,0.9673299968202884
ATG GTT CAG CGT GGT TCT AAA GTT CGT ATC CTG CGT CCG GAA TCT TAC TGG TTC CAG GAC GTT GGT ACC GTT GCG TCT GTT GAC CAG TCC GGT ATC AAG TAC CCG GTT ATC GTT CGT TTC CCG GGT GTG AAC TAC TCT GGT ATT AAC ACC AAC AAC TTC GCG GAA GAC GAA CTG GTT GAA GTT GAA GCG,0.4290029204132203
ATG GTT CAG CGC GGT TCT AAA GTT CGT ATC CTG CGC CCA GAA TCC TAC TGG TTC CAA GAT GTG GGT ACT GTT GCT TCT GTG GGC CAG GAT GGT ATT AAG TAC CCG GTT ATC GTG CGC TTC GAA AAG GTG AAC TAC TCT GGT ATC AAC ACT AAC AAC TTT GCG GAA GAC GAG CTG GTT GAA GTT GAA GCG,0.3858104855796611
ATG GTT CAG CGT GGT TCT AAA GTT CGT TCT CTG CGT CCG GAA TCT TAC CTG TTC CAG GAC GTT GGT ACC GTT GCG TCT GTT GAC CAG TCC GGC ATC AAA TAC CCG GTT ATC GTG CGC TTC GAA AAA GTG AAC TAC TCT GGT ATC AAC ACC AAC AAT TTC GCG GAA GAC GAG CTG GTT GAA GTT GAA GCG,-1.1748251233664069
ATG GTT CAG CGT GGC TCT AAA GTT CGT ATC CTG CGT CCG GAA TCT TAC GGT TTC CAG GAC GTG GGT ACC GTT GCG TCT GTT GAC CAG TCT GGC ATC AAA TAC CCG GTG ATC GTG CGT TTC GAG AAG GTT AAC TAC TCC GGT ATC AAC ACC AAC AAC TTC GCG GAA GAC GAA CTG GTT GAA GTT GAA GCG,-0.8489674293429652
ATG GTT CAG CGT GGT TCT AAG GTT CGT ATC CTG CGT CCG GAG TCT TAC TGG TTC CAG GAC GTT GGT ACC GTT GCG TCT GTT GAC CAG GAA GGC ATC AAA TAC CCG GTG ATC GTT CGC TTC GAG AAG GTT AAC TAC TCC GGT ATC AAC ACC AAC AAC TTC GCG GAA GAC GAG CTG GTT GAA GTT GAA GCG,0.3294220544316434
ATG GTT CAG CGT GGT TCT AAA GTT CGT ATC CTG CGT CCG GAA TCT TAT TGG TTC CAG GAC GTT GGT ACC GTT GCG TCT GTT GAC CAG TCT GGT ATC AAA TAC CCG GTT ATC GTT CGT TTC GAG AAA GTG AAC TAC TCT GGC ATC AAC ACC AAC AAC AAC GCG GAA GAC GAA CCA GTT GAA GTT GAG GCG,-1.1689738496381854
ATG GTT CAG CGT GGT TCT AAA GTT CGT ATC CTG CGT CCG GAA TCT TAC TGG TTC CAG GAT GTT GGT ACC GTT GCG TCT GTT GAC CAG TCT GGC ATC AAA TAC CCG GTT ATC GTT CGT TTC GAG AAA GTG AAC TAC TCT GGT ATC AAC ACC AAC AAC GAA GCG GAA GAC GAA CCG GTG GAA GTT GAA GCG,-0.1350995328733081
ATG GTT CAG CGT GGT TCT AAA GTT CGT ATC CTG CGT CCG GAA TCT GAT TGG TTC CAG GAC GTT GGT ACC GTT GCG TCT GTT GAC CAG TCT GGC ATC AAA TAC CCG GTT ATC GTT CGT TTC GAG AAG GTT AAC TAC TCC GGT ATC AAC ACC AAC AAC TTC GCG GAA GAC GAA CTG GTT GAA GTT GAA GCG,0.338781082685024
ATG GTG CAG CGC GGC TCT AAA GTT CGT ATC CTG CGT CCG GAA TCT TAT TGG TTC CAG GAC GTT GGT ACC GTT GCG TCT GTT GAC CAG TCT GGC ATC AAG TAC CCG GTT ATC GTT CGT TTC CTG ATG GTT AAC TAC TCC GGT ATC AAC ACC AAC AAC TTC GCG GAA GAC GAG CTG GTT GAA GTT GAA GCG,0.9865597741768072
ATG GTT CAG CGT GGT TCC CTG GTT CGC ATC CTG CGT CCG GAA TCT TAC TGG TTC CAG GAC GTT GGT ACC GTT GCG TCT GTT GAC CAG TCC GGT ATC AAA TAC CCG GTT ATC GTT CGT TTC TTC AAG GTT AAC TAC TCC GGC ATT AAC ACC AAC AAC TTC GCG GAA GAC GAA CTG GTT GAA GTT GAA GCG,1.7149651945348496
ATG GTT CAG CGT GGT TCT AAA GTT CGT ATC CTG CGT CCG GAA TCT TAC TGG TTC CAG GAC GTT GGT ACC GTG GCG TCT GTT TTC CAG CGC GGT ATC AAA TAC CCG GTG ATC GTT CGC TTC GAG AAG GTT AAC TAC TCC GGT ATT AAC ACC AAC AAC TTC GCG GAA GAC GAA CTG GTT GAA GTT GAA GCG,-0.0267280355665062
ATG GTT CAG CGC GGT TCC AAA GTT CGT ATC CTC CGT CCG GAA TCT TAC TGG TTC CAG GAC GTT GGT ACC GTT GCG TCT GTT GAC CAG TCT GGC ATT AAG AAG CCG GTT ATC GTT CGC TTC GAA AAG GTG AAC TAC TCC GGT ATC AAC ACC AAT AAC TTC GCG GAA GAC GAA CTG GTG GAA GTT GAG GCG,0.9053822720536928
ATG GTT CAG CGC GGT TCC AAG GTT CGT ATT CTG CGT CCG GAA TCT TAC TGG TTC CAG GAC GTT GGT ACC GTT GCG TCT ATG GAC CAG TCT GGT ATC AAA TAT CCG GTG ATT GTG CGC TTC GAA AAG GTT AAC TAT TCC GGC ATC AAC ACC AAC AAC TTC GCG GAA GAC GAA CTG GTT GAA GTT GAA GCG,0.5566662980176773
ATG GTT CAG CGC GGT TCT AAA GTT CGT ATC CTG CGT CCG GAA TCT TAC TGG TTC CAG GAC GTT GGC ACC GTT GCG TCT GTT GAC CAG TCC GGT ATT AAG TAC CCG GTG ATC GTT CGT TTT GCG ATT GTG AAC TAC TCT GGC ATT AAC ACC AAC AAC TTC GCG GAA GAC GAA CTG GTT GAA GTT GAA GCG,1.357510296129103
ATG GTT CAG CGT GGT TCC TCT GTT CGT ATC CTG CGT CCG GAA TCC TAC TGG TTC CAG GAC GTT GGT ACC GTT GCG TCT GTT GAC CAG TCT GGT ATC AAA TAC CCG GTT ATC GTT CGT TTT ACC AAG GTT AAC TAC TCC GGC ATC AAC ACC AAC AAC TTC GCG GAA GAC GAG CTG GTT GAA GTT GAA GCG,0.9340421987659108
ATG GTT CAG CGC GGC TCC AAA GTT CGT ATC CTG CGT CCG GAA TCT TAC TGG TTC CAG GAC GTT GGT ACC GTT GCG TCT GTT TGC CAG CCG GGT ATC AAG TAC CCG GTT ATC GTG CGC TTC GAA AAA GTG AAC TAC TCT GGC ATC AAC ACC AAC AAC TTC GCG GAG GAC GAA CTG GTT GAA GTT GAG GCT,1.3587258955958958
ATG GTT CAG CGT GGT TCT AAA GTT CGT ATC CTG CGT CCG GAA TCT TAC TGG TTC CAG GAC GTT GGT ACC GTT GCT TCT GTT GAC CAG TCT GGT ATC AAA TAC CCG GTT ATC GTG CGT TTT GAA AAG GTG AAC TAC TCT GGC ATT AAC ACC AAC AAC TCT GCG GAA GAC GAA GGT GTT GAA GTT GAA GCG,-0.2095748647256186
ATG GTT CAG CGT GGT TCT TGG GTT CGT ATC CTG CGT CCG GAA TCT TAC TGG TTC CAA GAC GTT GGT AAC GTT GCG TCT GTT GAC CAG TCT GGT ATC AAG TAC CCG GTT ATC GTT CGT TTC GAG AAA GTG AAC TAC TCC GGT ATT AAC ACC AAC AAC TTC GCG GAA GAC GAA CTG GTT GAA GTG GAA GCG,0.0613107643024605
ATG GTT CAG CGT GGT TCT AAA GTT CGT ATC CTG ATC CCG GAA TCT TAC TGG TTT CAG GAC GTT GGT ACC GTT GCG TCT GTT GAC CAG TCC GGC ATC AAA TAC CCG GTT ATC GTG CGC TTC GAA AAG GTT AAC TAC TCT GGT ATC AAC ACC AAC AAC TTC GCG GAA GAC AAC CTG GTT GAA GTT GAA GCG,0.0098023465807939
ATG GTT CAG CGT GGT TCC AAA GTT CGT ATT CTC CGC CCA GAA TCT TAC TGG TTT CAG GAC GTT GGT ACC GTG GCG TCT GTT GAC CAA TCC GGC ATC AAA TAC CCG GTG ATC GTG CGC TTC GAG AAA GTG AAC TAT TCT GGT ATC AAC ACC AAC AAT CAT GCG GAG GAC GAA GAC GTT GAG GTT GAG GCT,-2.428175404283838
ATG GTG CAG CGT GGT TCT AAA GTT CGT ATC CTG CGT CCG GAA TCT TAC TGG TTC CAG GAC GTT GGT ACT GTT GCG TCT GTT GAC CAG TCC GGT ATC AAG TAC ACC GTT ATC GTT CGT TTC GAG AAG GTT AAC TAC TCT GGT ATC GGT ACC AAT AAC TTC GCG GAA GAC GAA CTG GTT GAA GTT GAA GCG,1.3210166319886174
ATG GTT CAG CGC GGT TCT AAA GTT CGT ATC CTG CGT CCG GAA TCT TAC TGG TTT CAG GAC GTT GGT ACC GTT GCG TCT GTT GAC CAG TCT GGT ATC AAG TAC ATC GTT ATC GTG CGC TTC GAA AAG GTT AAC TAC TCC GGT ATC CAC ACC AAC AAC TTC GCT GAA GAC GAA CTG GTT GAA GTT GAG GCG,2.2001813824867025
ATG GTT CAG CGT GGT TCT AAA GTT CGT ATC CTC CGT CCG GAA TCT TAC TGG TTC CAG GAC GTT GGT ACC GTT GCG TCC GTT GAC CAG TCT GGC ATC AAG TAC CCG GTT ATC GTT CGC TTC GAA AAA GTG AAC TAC TCC GGT ATC AAC ACC AAC AAC GCG GCT GAA GAT GAA GAG GTT GAA GTT GAA GCG,-0.3254217976748662
ATG GTT CAG CGT GGT TCT AAA GTT CGT ATC CTG CGT CCG GAA TCT TAC TGG TTC CAG GAC GTT ATC ACC GTT GCG TCT GTT GAC CAG TCT GGC ATC AAA TAC CCA GTG ATC GTG CGT TTC GAG AAA GTG AAC TAC TCC GGT ATC AAC ACC AAC AAC TTC GCG GAA GAC GAA CTG GTG GAA GTT GAA GCG,0.6151493450858019
ATG GTT CAG CGT GGC TCT AAA GTT CGT ATC CTG CTG CCG GAA TCT TAC TGG TTC CAG GAC GTT GGT ACC GTT GCG TCT GTT GAC CAG TCT GGT ATC AAA TAC CCG GTT ATC GTT CGT TTC GAG AAG GTT AAC TAC TCT GGC ATC AAC ACC AAC AAC TTC GCG GAA GAC GAA CTG GTT GAA GTT GAA GCG,0.2752047144937679
ATG GTT CAG CGT GGC TCT AAA GTT CGT ATC CTG CGT CCG GAA TCT TAT TGG TTC CAG GAC GTT GGT ACC GTT GCG TCT GTT GAC CAG TCC GGC ATC AAG TAC CCG GTT ATT GTT CGC TTC TGG GTT GTT AAC TAC TCT GGT ATC AAC ACC AAC AAC TTC GCG GAA GAC GAA CTG GTT GAA GTT GAA GCG,2.287518910300133
ATG GTT CAG CGT GGC TCT AAA GTT CGT ATC CTG CAG CCG GAA TCT TAC TGG TTC CAG GAC GTT GGT ACC GTT GCG TCT GTT GAT CAG TCT GGT ATC AAA TAC CCG GTT ATC GTT CGT TTC GAG AAA GTG AAC TAC TCC GGT ATT AAC ACC AAC AAC TTT GCG GAA GAC TTC CTG GTT GAA GTT GAA GCG,-0.5189471548359343
ATG GTT CAG CGT GGT TCT AAA GTT CGT ATC CTG GAC CCG GAA TCT TAC TGG TTC CAG GAC GTT GGT ACC GTT GCT TCT GTT GAC CAG TCT GGT ATC AAA TAC CCA GTG ATC GTT CGT TTT GAG AAG GTT AAT TAC TCC GGC ATC AAC ACC AAC AAC TTC GCT GAA GAC ATG CTG GTT GAA GTT GAA GCG,1.446959440503616
ATG GTT CAA CGT GGT TCT AAA GTT CGT ATC CTG CGT CCG GAA TCT TAT TGG TTC CAG GAC GTT GGT ACC GTT GCG TCT GTT GAC CAG TCT GGT ATC AAA TAC CCG GTG ATC GTG CGT TTC GAG AAG GTT AAC TAC TCT GGC ATC AAC ACC AAC AAT GTT GCG GAA GAC GAA TGC GTT GAA GTT GAA GCG,0.1718090848509199
ATG GTG CAG CGC GGT TCT AAA GTT CGT ATC CTG CGT CCG GAA TCT TAC TGG TTC CAG GAC GTT GGT ACC GTT GCG TCT GTT ATG CAG GAC GGT ATC AAA TAC CCG GTT ATT GTG CGT TTC GAG AAA GTT AAT TAC TCT GGC ATC AAC ACC AAC AAT TTC GCT GAG GAC GAA CTG GTT GAA GTT GAA GCG,1.3103085320765464
ATG GTT CAG CGT GGT TCT AAG GTT CGT ATC CTG CGT CCG GAA TCT TAC TGG TTC CAG GAT GTT GGT ACC GTT GCG TCT GTT GAC CAG TCC GGT ATC AAA TAC CTC GTT ATC GTT CGC TTC GAA AAA GTG AAC TAC TCT GGT ATC CTC ACC AAC AAC TTC GCG GAA GAC GAA CTG GTT GAA GTT GAA GCG,2.604538001936381
ATG GTT CAG CGT GGT TCT AAA GTT CGT ATC CTG CGT CCG GAA TCT TAC TGG TTC CAA GAT CCG GGT ACC GTG GCT TCT GTT GAC CAG TCT GGT ATC AAA TAC CCG GTT ATC GTT CGT TTT GAA AAA GTG AAC TAC TCT GGC ATC AAC ACC AAC AAC TTC GCG GAG GAC GAA CTG GTT GAA GTT GAG GCT,-1.1763408714015962
ATG GTT CAG CGT GGT TCT AAA GTT CGT ATC CTG CGT CCG GAA TCT TAC TGG TTC CAG GAC GTT GGT ACC GTT GCG TCT GTT GAC CAG TCT GGT ATC AAA TAC GGT GTG ATC GTT CGC TTC GAG AAG GTT AAC TAC TCC GGT ATC TGC ACC AAC AAT TTC GCG GAA GAC GAA CTG GTT GAA GTT GAA GCG,1.3821060926124198
ATG GTT CAG CGT GGT TCT ATC GTT CGT ATC CTG CGT CCG GAA TCT TAC TGG TTC CAA GAC GTT GGC ACC GTT GCG TCT GTT GAC CAG TCT GGT ATC AAG TAC CCG GTG ATC GTG CGT TTC AAA AAG GTG AAC TAC TCT GGC ATC AAC ACC AAT AAC TTC GCG GAA GAC GAA CTG GTT GAA GTT GAA GCG,1.703320996709513
ATG GTT CAG CGT GGT TCT AAA GTT CGT ATT CTG TCT CCG GAA TCT TAC TGG TTC CAA GAC GTT GGT ACC GTT GCG TCT GTT GAC CAG TCT GGC ATC AAA TAC CCG GTT ATC GTT CGT TTC GAG AAG GTT AAC TAC TCC GGT ATC AAC ACC AAT AAC TTC GCT GAA GAC GGT CTG GTT GAG GTT GAA GCG,-0.5642293035363852
ATG GTG CAG CGT GGC TCT AAA GTT CGT ATC CTG CGT CCG GAA TCT TAC TGG TTC CAG GAC GTT GGT ACC GTT GCG TCT GTT GAC CAG TCT GGC ATC AAA TAC CCG GTT ATC GTT CGT TTC GAC GAG GTT AAT TAC TCC GGT ATC AAC ACC AAC AAC TTC GCG GAA GAC GAA CTG GTT GAA GTG GAA GCG,1.1001020412861666
ATG GTT CAG CGT GGT TCT AAA GTT CGT ATC CTG CGT CCG GAA TCT TAC TGG TTC CAG GAC GTT GGT ACC GTT GCG TCT GTT GAC CAG TCT GGT ATC AAA TAC ACC GTT ATC GTT CGC TTC GAA AAA GTG AAT TAC TCC GGC ATC AAC ACC AAC AAC TTC GCG GAA GAC GAA CTG GTT GAA GTT GAG GCT,1.2277048092688867
ATG GTT CAG CGT GGT TCT TGG GTT CGT ATC CTG CGT CCG GAA TCT TAC TGG TTC CAG GAC GTT GGT ACC GTT GCG TCT GTT GAC CAG TCC GGC ATC AAG TAC CCG GTG ATC GTG CGT TTT TGG AAA GTG AAC TAC TCT GGT ATC AAC ACC AAC AAC TTC GCG GAA GAC GAA CTG GTT GAA GTT GAA GCG,1.700815339584248
ATG GTT CAG GAC GGT TCT AAA GTT CGT ATC CTG CGT CCG GAA TCT TAC TGG TTC CAG GAT GTT GGT ACT GTT GCG TCT GTT GAC CAG TCT GGC ATT AAG TAC CCG GTT ATC GTT CGC TTC GAG AAA GTG AAC TAC TCC GGT ATC AAC ACC AAC AAC TTC GCG GAA GAC GAA CTG GTT GAA GTT GAA GCG,-0.1729416200869681
ATG GTT CAG CGT GGT TCT CTG GTT CGT ATC CTG CGT CCG GAA TCT TAT TGG TTC CAG GAC GTT GGT ACC GTT GCG TCT GTT GAC CAG TCT GGC ATT AAG TAC CCG GTT ATC GTT CGT TTC GTG AAA GTT AAT TAC TCC GGC ATC AAT ACC AAC AAC TTC GCG GAA GAC GAA CTG GTT GAA GTT GAA GCG,1.7836521114684405
ATG GTT CAG CGT GGC TCT AAA GTT CGT ATC CTG CGT CCG GAA TCT TAC TGG TTC CAA GAC GTT GGT ACC GTT GCG TCT GTT GAC CAG TCT GGC ATC AAA TAC CCG GTG ATC GTT CGT TTT GAG AAG GTT AAC TAC TCC GGT ATC AAC ACC AAC AAC CAG GCG GAA GAT GAA ATG GTT GAA GTT GAA GCG,-1.2897142424922317
ATG GTT CAG CGC GGT ACC AAA GTT CGT ATC CTG CGT CCG GAA TCT TAC TGG TTC CAG GAC GTT GGC ACC GTG GCG TCT GTT GAC CAG TCT GGT ATC AAA TAC CCG GTT ATT GTT CGT TTC GAG AAG GTG AAC TAC TCT GGC ATC AAC ACC AAC AAC TTC GCG GAA GAC GAA CTG GTT GAA GTT GAA GCG,1.9387251394017624
ATG GTT CAG CGC GGT TCC AAA GTT CGT ATC CTG CGT CCG GAA TCT TAC TGG TTT CAA GAC GTT GGT ACC GTT GCG TCT GTT GAC CAG TCT GGC ATC AAA TAC CAG GTT ATC GTT CGC TTC GAA AAG GTG AAC TAC TCC GGT ATC AAC TCC AAC AAC TTC GCG GAA GAC GAA CTC GTT GAG GTT GAG GCG,1.1486760232408064
ATG GTG CAG CGC GGT TCT AAA GTT CGT ATC CTG CGT CCG GAA TCT TAC TGG TTC CAG GAC GTT GGT ACC GTT GCG TCT GTT GAC CAG TCC GGC ATC AAA TAC CCG GTT ATC GTT CGC TTC CCA ATG GTT AAC TAC TCT GGT ATC AAC ACC AAC AAC TTC GCG GAG GAC GAA CTG GTT GAA GTT GAA GCG,0.2980744539683151
ATG GTT CAG CGT GGC TCT AAA GTT CGT ATC CTG CGT CCG GAA TCT TAC TGG TTC CAA GAC GTT GGT ACC GTT GCG TCT GTT GAC CAG TCC GGT ATC AAA TAC CCG GTT ATC GTT CGC TGG GAA AAG GTT AAC TAC TCT GGC ATC AAC ACC AAC AAC TTC GCG GAA GAT GAA CTC GTT GAA GTT GAA GCG,-2.325990056354529
ATG GTT CAG CGT GGT TCT AAA GTT CGT ATC CTG CGT CCG GAA TCT TAC TGG TTC CAG GAT GTT GGT ACC GTT GCG TCT GTT GAC CAG TCT GGT ATC AAA TAC CGC GTG ATC GTG CGT TTC GAG AAG GTT AAT TAC TCT GGC ATC CAC ACC AAC AAC TTC GCG GAA GAC GAA CTC GTT GAA GTT GAA GCG,1.2387104354711536
ATG GTT CAG CGT GGC TCT AAA GTT CGT ATC CTG TAC CCG GAA TCT TAT TGG TTC CAG GAC GTT GGT ACC GTT GCG TCT GTT GAC CAG TCT GGC ATC AAA TAC CCG GTT ATC GTG CGC TTC GAA AAA GTT AAT TAC TCT GGT ATC AAC ACC AAC AAC TTC GCG GAA GAC AAC CTG GTT GAA GTT GAA GCG,-0.7504832509007686
ATG GTT CAG CGT GGC TCT AAA GTT CGT ATC CTC CGT CCG GAA TCT TAT TGG TTC CAG GAC GTT GGC ACC GTT GCG TCT GTT GAC CAG TCC GGT ATC AAA TAC CCG GTT ATC GTT CGC TTC GAG AAA GTG AAC TAC TCT GGT ATC GCG ACC AAC AAT TTC GCT GAG GAC GAA CTG GTT GAA GTG GAA GCG,0.840989019847407
ATG GTT CAG CGT GGT TCT AAA GTT CGT ATC CTG CGT CCG GAA TCT TAC TGG TTT CAG GAC GTT GGT ACC GTT GCG TCT GTT GAC CAG TCC GGT ATC AAG TAT TCC GTG ATT GTT CGC TTT GAA AAG GTG AAC TAT TCT GGC ATC AAC CTC AAC AAC TTC GCG GAG GAT GAA CTG GTT GAA GTT GAA GCG,1.3676292550398206
ATG GTT CAG CGT GGT TCT GAA GTT CGT ATC CTG CGT CCG GAA TCT TAC TGG TTT CAG GAC GTT GGT ATC GTG GCT TCT GTT GAC CAG TCT GGT ATC AAA TAC CCG GTT ATC GTT CGT TTC GAG AAA GTT AAT TAC TCC GGC ATC AAC ACC AAC AAC TTC GCG GAA GAC GAA CTG GTT GAA GTT GAA GCG,0.4207214075406018
ATG GTT CAA CGC GGC TCC AAA GTT CGT ATC CTG CGT CCG GAG TCT TAC TGG TTC CAG GAC GTT GGT ACC GTT GCG TCT GTT GAC CAG TCT GGC ATC AAG TAC CAC GTT ATC GTT CGT TTC GAG AAA GTG AAC TAC TCT GGT ATC GAC ACC AAC AAC TTC GCG GAA GAC GAA CTG GTT GAA GTT GAA GCG,1.2167989720370609
ATG GTT CAG CGT GGT TCT ACC GTT CGT ATC CTG CGT CCG GAA TCT TAC TGG TTC CAG GAC GTT GGT TGG GTT GCG TCT GTT GAC CAG TCT GGC ATC AAA TAC CCG GTG ATC GTG CGT TTC GAG AAG GTG AAC TAC TCT GGT ATC AAC ACC AAC AAC TTC GCT GAA GAC GAA CTG GTT GAA GTT GAA GCG,0.5741735765025421
ATG GTT CAG CGC GGC TCT AAA GTT CGT ATT CTG CGT CCA GAG TCT TAT TGG TTC CAG GAC GTT GGT ACC GTT GCG TCT GTT GAC CAG TCT GGT ATT AAG TAC CCG GTT ATC GTT CGC TTC GAA AAG GTT AAC TAC TCC GGT ATC AAC ACC AAC AAC CAG GCG GAA GAC GAA CAG GTT GAA GTT GAA GCG,-0.4052671718115834
ATG GTT CAG CGT GGT TCT AAA GTT CGT ATC CTG CGT CCG GAA TCT TAC TGG TTC CAG GAC GTT GGT ACC GTT GCG TCT GTT ATG CAG TGG GGT ATC AAG TAC CCG GTT ATC GTT CGT TTC GAG AAA GTG AAC TAC TCC GGT ATT AAC ACC AAC AAC TTC GCG GAA GAC GAA CTG GTT GAA GTT GAA GCG,0.9373797210975928
ATG GTT CAG CGT GGC TCT AAA GTT CGT ATC CTG CGT CCG GAA TCT TAC TGG TTC CAG GAC GTT GGT ACC GTT GCG TCT GTT GAC CAG TCT GGT ATC AAA TAC CCG GTT ATC GTT CGT TTT GAA AAA GTG AAC TAC TCC GGC ATC AAC ACC AAC AAC TTC GCG GAA GAC GAA CTG TTC GAA GTG GAA GCG,1.1395241559788456
ATG GTT CAG CGT GGC TCC AAA GTT CGT ATC CTC CGT CCG GAA TCT TAC TGG TTT CAG GAC GTT GGT ACC GTT GCG TCT GTT GAC CAG TCT GGT ATC AAA TAT CCG GTG ATC GTT CGT TTC GAG AAG GTT AAC TAC TCT TGC ATC AAC ACC AAC AAC TTC GCG GAA GAC GAA CTG GTT GAA GTT GAA GCG,1.3615505309302434
ATG GTT CAG CGT GGC TCT AAA GTT CGT ATC CTG CGT CCG GAA TCT TAC TGG TTC CAA GAC GTT GGT ACC GTT GCG TCT GTT GAC CAG TCT GGC ATC AAA TAC CCG GTT ATC GAC CGT TTC GAG AAG GTT AAC TAT TCT GGT ATC AAC ACC AAC AAC TTC GCG GAA GAC GAA CTG GTT GAA GTT GAA GCG,-4.110092093896241
ATG GTT CAA CGC GGT TCT CAC GTT CGT ATC CTG CGT CCA GAA TCT TAC TGG TTC CAG GAC GTT GGT GGC GTT GCG TCT GTT GAC CAG TCC GGC ATC AAA TAC CCG GTT ATC GTG CGC TTC GAA AAA GTG AAC TAC TCT GGT ATC AAC ACC AAC AAC TTC GCG GAA GAC GAA CTG GTT GAG GTT GAA GCG,-0.9217264061976232
ATG GTT CAG CGT GGT TCT AAA GTT CGT ATC CTG CGT CCG GAA TCT TAC TGG TTC CAG GAC GTT GGT ACC GTT GCG TCT GTT ACC CAG CAG GGT ATC AAA TAC CCG GTG ATC GTG CGT TTT GAA AAA GTG AAC TAC TCT GGC ATC AAC ACC AAC AAC TTC GCG GAA GAC GAA CTG GTT GAA GTT GAA GCG,0.2176407712187801
ATG GTT CAG CGT GGT TCT AAA GTT CGT ATC CTG CGT CCG GAA TCT TAC TGG TTC CAG GAC GTT GGT ACT ACC GCG TCT GTT GAC CAG TCT GGT ATC AAG TAC CCG GTT ATC GTT CGT TTC GAG AAG GTT AAC TAC TCC GGT ATT AAC ACC AAC AAC TTC GCG GAA GAC GAA CTG GTT GAG GTT GAA GCG,-0.310438677040646
ATG GTT CAG CGT GGT TCT AAA GTT CGT ATC CTG CGT CCG GAA TCT TAC TGG TTC CAG GAT GTT GGT ACC GTT GCG TCT GTT GAC CAG TCT GGC ATC AAA TAT CCG GTT ATC GTG CGT TTT GAA AAA GTG AAC TAC TCC GGT ATC AAC ACC AAC AAC TTC TAC GAG GAC GAA CTG GTT GAA GTT GAA GCG,0.3927668623180098
ATG GTT CAG CGT GGT TCT AAA GTT CGT ATC CTG CGT CCG GAA TCT TAT TGG TTC CAG GAC GTT GGT ACC GTT GCG TCT GTT GAC CAG TCT GGC ATC AAG TAC ATC GTG ATC GTT CGC TTC GAA AAA GTG AAC TAC TCT GGT ATC CAG ACC AAC AAC TTC GCG GAA GAC GAA CTG GTT GAA GTT GAA GCG,2.2232824737497348
ATG GTT CAG CGC GGC TCC TGT GTT CGT ATC CTG CGT CCG GAA TCT TAC TGG TTC CAA GAC GTT GGT CTG GTT GCG TCT GTT GAC CAG TCT GGT ATC AAG TAC CCG GTG ATC GTG CGT TTT GAA AAA GTG AAC TAC TCT GGC ATC AAC ACC AAC AAC TTC GCG GAA GAC GAA CTG GTT GAA GTT GAA GCG,2.125135005659072
ATG GTG CAG CGC GGT TCC AAA GTT CGT ATC CTG CGT CCG GAA TCT TAC TGG TTT CAG GAC GTT GGT ACC GTT GCG TCT GTT GAC CAG TCT GGT ATC AAG TAC CCG GTG ATT GTT CGT TTC ATG ATG GTT AAC TAC TCT GGC ATC AAC ACC AAC AAC TTC GCG GAA GAC GAA CTG GTT GAA GTT GAA GCG,1.5751934696632568
ATG GTT CAG CGT GGT TCT AAA GTT CGT ATC CTG CAG CCG GAA TCT TAC TGG TTC CAG GAT GTT GGT ACC GTT GCG TCT GTT GAC CAG TCT GGT ATC AAA TAC CCG GTT ATC GTT CGC TTC GAA AAG GTT AAC TAC TCT GGC ATC AAC ACC AAC AAC TTC GCG GAA GAC AAA CTG GTT GAA GTT GAA GCG,-0.8624026575273027
ATG GTT CAG CGT GGT TCT AAA GTT CGT ATC CTG CGT CCG GAA TCT TAT TGG TTC CAG GAC GTT GGC ACC GTT GCG TCT GTT GAC CAG TCT GGC ATC AAG TAC AAG GTG ATC GTT CGT TTC GAG AAG GTT AAC TAC TCT GGT ATC AAC GCG AAC AAC TTC GCG GAA GAC GAA CTG GTT GAA GTT GAA GCG,1.0943879573954696
ATG GTT CAG CGT GGC TCT AAA GTT CGT ATC CTG CGT CCG GAA TCT TAC TGG TTC CAG GAC GTT GGT ACC GTT GCG TCT GTT GAC CAG TCT GGT ATC AAA TAC CCG GTT ATC GTT CGT TTT TCC GTG GTT AAC TAC TCT GGC ATC AAC ACC AAC AAC TTC GCG GAA GAC GAA CTG GTT GAA GTT GAA GCG,1.653615993328167
ATG GTT CAG CGT GGT TCT AAA GTT CGC ATC CTG ATC CCG GAA TCT TAC TGG TTC CAG GAC GTT GGT ACC GTT GCG TCT GTT GAC CAG TCT GGC ATC AAA TAC CCG GTT ATC GTT CGT TTT GAA AAG GTG AAC TAC TCC GGT ATC AAC ACC AAC AAC TTC GCG GAG GAC GAC CTG GTT GAA GTT GAG GCG,0.2719328543015069
ATG GTT CAG CGT GGC TCC AAA GTT CGT ATC CTG CGT CCG GAA TCT TAC TGG TTC CAA GAC GTT GGT ACC GTT GCG TCT GTT GAC CAG TCT GGT ATC AAA TAC CCG GTT ATC GTT CGC TTC GAA AAG GTT AAC TAC TCC GGC ATC AAC ACC AAC AAC TTT GCT GAA TGC GAA CTC GTT GAA GTT GAA GCG,1.8678473368313424
ATG GTT CAG CGT GGT TCC AAA GTT CGT ATC CTG TTC CCG GAA TCT TAC TGG TTT CAG GAC GTT GGT ACC GTT GCG TCT GTT GAC CAG TCC GGT ATC AAA TAC CCG GTT ATC GTT CGC TTC GAA AAA GTG AAC TAC TCT GGC ATC AAC ACC AAC AAC TTC GCG GAA GAC AAA CTG GTT GAA GTT GAA GCG,0.0658765968876195
ATG GTT CAG CGT GGT TCT AAA GTT CGT ATC CTG CGT CCG GAA TCT TAC TGG TTC CAA GAC GTT GGT ACC GTT GCG TCT GTT CAC CAG GCG GGC ATC AAA TAC CCG GTT ATC GTT CGT TTT GAG AAA GTG AAC TAC TCC GGT ATC AAC ACC AAC AAC TTC GCG GAA GAC GAA CTG GTT GAA GTT GAA GCG,0.3180864613564002
ATG GTT CAG CGT GGT TCT AAA GTT CGT ATC CTG CGT CCG GAA TCT TAT TGG TTC CAG GAC GTT GGT ACC GTG GCG TCT GTT TAT CAG TTC GGC ATC AAA TAC CCA GTG ATC GTG CGT TTT GAA AAG GTG AAC TAC TCC GGT ATC AAC ACC AAC AAC TTC GCG GAA GAC GAA CTG GTT GAA GTT GAA GCG,0.7708302041126329
ATG GTT CAG CGT GGT TCT AAA GTT CGT ATC CTG CGT CCG GAA TCT TAC TGG TTC CAG GAT GTT GGT ACC GTT GCG TCT GTT GAC CAG TCT GGT ATC AAA TAC GGT GTT ATC GTT CGC TTC GAG AAA GTG AAC TAC TCT GGC ATT AAC GTG AAC AAC TTC GCG GAA GAC GAA CTG GTT GAA GTT GAA GCG,1.404681662932377
ATG GTT CAG CGT GGT TCT AAA GTT CGT TGG CTG CGT CCG GAA TCT TAC CCG TTC CAG GAC GTT GGT ACC GTT GCG TCT GTT GAC CAG TCT GGT ATC AAG TAC CCG GTG ATC GTT CGT TTT GAG AAA GTG AAC TAC TCC GGT ATT AAC ACC AAC AAC TTC GCG GAA GAC GAA CTG GTT GAA GTT GAA GCG,-0.04969035335708
ATG GTT CAG CGT GGC TCT AAA GTT CGT ATC CTG CAG CCG GAA TCT TAC TGG TTC CAG GAC GTT GGT ACC GTT GCG TCT GTT GAT CAG TCT GGC ATC AAA TAC CCG GTT ATC GTG CGT TTC GAG AAA GTG AAC TAC TCC GGT ATC AAC ACC AAC AAC TTC GCG GAA GAC TAC CTG GTT GAA GTT GAA GCG,-0.575326154217155
ATG GTT CAG CGT GGC TCT AAA GTT CGT ATC CTG CGT CCG GAA TCT TAC TGG TTC CAG GAC GTT GGT ACC GTT GCG TCT GTT AAA CAG GAC GGC ATC AAA TAC CCG GTT ATC GTT CGC TTC GAA AAG GTG AAC TAT TCT GGT ATC AAC ACC AAC AAC TTC GCG GAA GAC GAA CTG GTT GAA GTG GAA GCG,0.2627289636468841
ATG GTT CAG CGC GGT TCT AAA GTT CGT ATC CTG CGT CCG GAA TCT TAC TGG TTC CAG GAC GTT GGT ACC GTT GCG TCT GTT GAT CAG TCT GGT ATC AAA TAC CCG GTT ATC GTT CGT TTC GGT CCG GTT AAC TAC TCT GGC ATC AAC ACC AAC AAC TTC GCT GAA GAC GAA CTG GTT GAA GTT GAA GCG,0.1051957284696967
ATG GTT CAG CGT GGT TCC AAA GTT CGT CAC CTG CGT CCG GAA TCT TAC ACC TTC CAG GAC GTT GGT ACC GTT GCG TCT GTT GAT CAG TCT GGC ATC AAA TAC CCG GTT ATC GTT CGC TTC GAG AAA GTG AAC TAC TCT GGT ATC AAC ACC AAC AAC TTC GCG GAG GAC GAG CTG GTT GAA GTT GAA GCG,-0.7176696867923238
ATG GTT CAA CGT GGT TCT AAA GTT CGT ATC CTG CGT CCG GAA TCT TAC TGG TTC CAG GAC GTT GGT ACC GTT GCG TCT GTT GAC CAG TCT AAA ATC AAA TAC CCG GTT ATC GTT CGT TTT GAA AAG GTG AAC TAC TCC GGT ATC AAC ACC AAC AAC TTC GCG GAA GAC GAA CTG GTT GAA GTT GAA GCG,1.126132388590324
ATG GTT CAG CGT GGC TCT AAA GTT CGT ATC CTG CGT CCG GAA TCT TAC TGG TTT CAG GAC GTT GGT ACC GTT GCG TCT GTT GAC CAG TCT GGC ATC AAA TAC CCG GTT ATC GTT CGT TTC GGC AAC GTT AAC TAC TCT GGT ATC AAC ACC AAC AAC TTC GCG GAA GAC GAA CTG GTT GAA GTT GAA GCG,0.940233728478351
ATG GTT CAG CGT GGC TCC AAA GTT CGT ATC CTG CGT CCG GAA TCT TAC TGG TTC CAG GAC GTT GGT ACC GTT GCG TCT GTT GAC CAG TCT GGT ATC CTC TAC CCG GTT ATC GTG CGT TTT GAA AAG GTT AAC TAC TCC GGT ATC AAC ACC AAC AAC TTC GCG GAA GAC GAA CTG GTT GAA GTT GAA GCG,1.5752245419423965
ATG GTT CAG CGT GGT TCT AAA GTT CGT ATC CTG AAC CCG GAA TCT TAC TGG TTC CAG GAC GTT GGT ACC GTT GCG TCT GTT GAC CAG TCT GGC ATC AAA TAC CCG GTG ATC GTT CGT TTC GAG AAG GTT AAC TAC TCC GGT ATC AAC ACC AAC AAC TTC GCG GAA GAC GTG CTG GTT GAA GTT GAA GCG,-0.5691645313577725
ATG GTT CAG CGT GGT TCT AAA GTT CGT ATC CTG CGT CCG GAA TCT TAT TGG TTC CAG GAC GTT GGT ACC GTT GCG TCT GTT GAC CAG TCC GGC ATC AAA TAC CCG GTT ATC GTT CGT TTC CGT CAG GTT AAC TAC TCT GGT ATC AAC ACC AAC AAC TTC GCG GAA GAC GAA CTG GTT GAA GTT GAA GCG,0.9699366005697312
ATG GTT CAG CGT GGC TCC AAA GTT CGT ATC CTG CGT CCG GAA TCT TAC TGG TTC CAG GAC GTT GGT ACC GTT GCG TCT GTT GAC CAG TCT GGT ATC AAA TAC CCG GTT ATC GTT CGT TTC AAA TGG GTT AAC TAC TCT GGC ATC AAC ACC AAC AAC TTC GCG GAA GAC GAA CTG GTT GAA GTT GAA GCG,1.2019585852994517
ATG GTT CAG CGT GGT TCC AAG GTT CGT ATC CTG CGT CCG GAA TCT TAC TGG TTT CAG GAC GTT GGT ACC GTT GCG TCT GTT GAC CAG TCC GGT ATC AAA TAC CCG GTT ATC GTT CGC TTC GAA AAA GTG AAC TAT TCT GGC ATC AAC ACC AAC AAC ATG GCG GAA GAC GAA CAG GTT GAA GTT GAA GCG,-0.5337654502645534
ATG GTT CAG CGT GGT TCC CAA GTT CGT ATC CTG CGT CCG GAA TCT TAC TGG TTC CAG GAC GTT GGT ACC GTT GCG TCT GTT GAC CAG TCT GGT ATT AAG TAC CCA GTT ATC GTG CGC TTC TAC AAA GTG AAC TAC TCT GGC ATC AAC ACC AAC AAC TTC GCG GAG GAC GAA CTC GTT GAA GTT GAA GCG,1.0955144334880704
ATG GTT CAG CGC GGC TCC TCT GTT CGT ATC CTG CGT CCG GAA TCT TAC TGG TTC CAG GAT GTG GGT ACC GTT GCG TCT GTT GAC CAG TCT GGC ATC AAA TAC CCG GTT ATC GTG CGT TTC TGG AAA GTG AAC TAC TCC GGT ATC AAT ACC AAC AAC TTC GCG GAA GAC GAA CTG GTT GAA GTT GAG GCT,1.471521924799141
ATG GTG CAG CGC GGT TCT AAA GTT CGT ATC CTG ATG CCG GAA TCT TAC TGG TTC CAA GAC GTT GGT ACC GTT GCG TCT GTT GAC CAG TCT GGT ATC AAA TAC CCG GTT ATC GTT CGT TTC GAG AAG GTT AAC TAC TCT GGC ATC AAC ACC AAC AAC TTC GCG GAA GAT TTC CTG GTT GAA GTG GAA GCG,0.2600956051744915
ATG GTT CAA CGC GGT TCT AAA GTT CGT ATC CTG CGT CCG GAA TCT TAT TGG TTC CAG GAC GTT GGT ACC GTT GCG TCT GTT GAC CAG TCC GGC ATC AAA TAC CCG GTT ATC GTT CGT TTC GGT GCG GTT AAC TAC TCT GGT ATC AAC ACC AAC AAC TTC GCG GAA GAC GAA CTC GTT GAA GTT GAA GCG,0.2919907348486257
ATG GTT CAG CGT GGC TCC AAA GTT CGT ATC CTG CGT CCG GAA TCT TAC TGG TTC CAG GAC GTT GGT ACC GTT GCG TCT GTT CCG CAG TGC GGT ATC AAA TAC CCG GTT ATC GTT CGT TTC GAG AAG GTT AAC TAC TCT GGC ATC AAC ACC AAC AAC TTC GCG GAA GAC GAA CTG GTT GAA GTT GAA GCG,0.8289604907261219
ATG GTT CAG CGT GGC TCT AAA GTT CGT ATC CTG CGT CCG GAA TCT TAT TGG TTC CAG GAC GTT GGT ACC GTT GCG TCT GTT GAC CAG TCC GGC ATC AAA TAC CTG GTT ATC GTG CGC TTC GAA AAA GTG AAC TAC TCT GGT ATC AAC ACC AAC AAC TTC GCG GAA GAC GAA CTG GTT GAA GTT GAA GCG,1.720523358048114
ATG GTT CAG CGT GGC TCC TGG GTT CGT ATC CTC CGT CCG GAA TCT TAC TGG TTC CAG GAC GTT GGT ACC GTG GCG TCC GTT GAC CAG TCT GGT ATC AAG TAC CCG GTG ATC GTG CGT TTC TCT AAG GTT AAC TAC TCT GGC ATC AAT ACC AAC AAC TTC GCG GAA GAC GAA CTG GTT GAA GTT GAG GCT,1.144623639725506
ATG GTG CAG CGT GGC TCT AAA GTT CGT ATC CTG CGT CCG GAA TCT TAC TGG TTC CAG GAC GTT GGT ACC GTT GCG TCT GTT AAA CAG CAC GGT ATC AAA TAC CCG GTT ATC GTT CGT TTC GAG AAG GTT AAC TAC TCT GGC ATC AAC ACC AAT AAC TTC GCG GAA GAC GAA CTG GTT GAA GTT GAA GCG,0.4395439527760881
ATG GTT CAG CGT GGT TCT AAA TCT CGT ATC CTG CGT CCG GAA TCT TAT TGG TTC CAG GAC GTT GGT ACC GTT GCG TCT GTT GAC CAG TCT GGT ATT AAG TAC CCG GTT ATC GTT CGC TTC GAA AAA GTG AAT TAC TCC GGT ATC AAC ACC AAC AAC TTC GCG GAA GAC GAA CTG GTT GAA GTT GAA GCG,-2.3218894208644394
ATG GTT CAG CGT GGT TCT GCG GTT CGT ATC CTG CGT CCG GAA TCT TAC TGG TTC CAA GAC GTT GGT TTT GTT GCG TCT GTT GAC CAG TCC GGT ATC AAG TAC CCA GTG ATC GTG CGT TTC GAG AAG GTT AAC TAC TCT GGC ATC AAC ACC AAC AAC TTC GCG GAA GAC GAA CTG GTG GAA GTT GAA GCG,0.5014167732531565
ATG GTT CAG CGT GGT TCT AAG GTT CGT ATC CTG AAC CCG GAA TCT TAC TGG TTC CAG GAC GTT GGT ACC GTT GCG TCT GTT GAC CAG TCC GGT ATC AAA TAC CCG GTT ATC GTT CGT TTC GAG AAG GTG AAC TAC TCT GGT ATT AAC ACC AAC AAC TTC GCG GAA GAC TCT CTG GTT GAA GTT GAG GCT,-0.5753539040222193
ATG GTT CAG CGT GGT TCT ATC GTG CGT ATC CTG CGT CCG GAA TCT TAC TGG TTC CAG GAT GTT GGT ACC GTT GCG TCT GTT GAC CAG TCC GGC ATC AAA TAC CCG GTT ATC GTT CGC TTC CAC AAA GTG AAT TAC TCT GGT ATC AAC ACC AAC AAC TTC GCG GAA GAC GAA CTG GTT GAA GTT GAA GCG,1.340626622582612
ATG GTT CAG CGT GGC TCC AAA GTG CGC ATC CTC CGT CCG GAA TCT TAC TGG TTC CAG CGT GTT GGT ACC GTT GCG TCT GTT GAC CAG TCT GGC ATC AAA TAC CCG GTT ATC GTT CGT TTC GAG AAG GTT AAC TAC TCC GGT ATC AAC ACC AAC AAC TTC GCG GAA GAC GAA CTG GTT GAA GTT GAA GCG,1.076933527372529
ATG GTT CAG CGT GGT TCT AAA GTT CGT ATC CTG CGT CCG GAA TCT TAC TGG TTC CAA GAC GTT GGT ACC GTT GCG TCT GTT GAC CAG TCC GGT ATT AAG TAC CCG GTT ATC GTT CGT TTC CAG TAC GTT AAC TAC TCT GGT ATC AAC ACC AAC AAT TTC GCG GAA GAC GAA CTG GTT GAA GTT GAA GCG,1.2056653035755511
ATG GTT CAG CGT GGC TCT AAA GTT CGT GGT CTG CGT CCG GAA TCT TAC TTC TTC CAG GAC GTT GGT ACC GTT GCG TCT GTT GAC CAA TCT GGT ATC AAA TAC CCG GTT ATC GTG CGC TTC GAG AAA GTG AAC TAC TCC GGT ATT AAC ACC AAC AAC TTC GCG GAA GAT GAA CTG GTG GAA GTT GAA GCG,-0.6611688562623848
ATG GTT CAG CGT GGT TCC AAA GTT CGT GAC CTG CGT CCG GAA TCT TAC AAC TTC CAA GAC GTT GGT ACC GTT GCG TCT GTT GAC CAG TCT GGT ATC AAA TAC CCG GTT ATC GTT CGC TTC GAA AAG GTT AAC TAC TCT GGC ATC AAC ACC AAC AAC TTT GCG GAA GAC GAA CTG GTT GAA GTT GAA GCG,-0.6828373571049351
ATG GTG CAG CGC GGT TCC GAC GTT CGT ATC CTG CGT CCG GAA TCT TAC TGG TTC CAG GAC GTT GGT ACC GTT GCG TCT GTT GAC CAG TCT GGT ATC AAG TAC CCG GTT ATC GTG CGC TTT ATG AAA GTG AAC TAC TCT GGC ATC AAC ACC AAC AAC TTC GCT GAA GAC GAA CTG GTT GAA GTT GAA GCG,0.3566765555044688
ATG GTT CAG CGC GGT TCT AAA GTT CGT ATC CTG CGT CCG GAA TCT TAC TGG TTC CAG GAC GTT GGT ACC GTT GCG TCT GTT GAC CAG TCC GGT ATC AAG TAC TGG GTG ATC GTG CGT TTC GAG AAG GTT AAC TAC TCT GGC ATC AAA ACC AAC AAC TTC GCG GAA GAC GAA CTG GTT GAA GTT GAA GCG,2.9478118629854704
ATG GTT CAG CGC GGC TCC AAA GTT CGT ATC CTG CGT CCG GAA TCT TAC TGG TTT CAG GAC GTT GGT ACC GTT GCG TCT GTT GAC CAG TCT GGC ATC AAA TAC CCG GTT ATC GTT CGT TTC GAG AAG GTT AAC TAC TCC GGT ATC AAC ACC AAC AAC GAC GCG GAA GAC GAA GTT GTT GAA GTT GAA GCG,-0.1006302795349366
ATG GTT CAG CGT GGT TCT AAA GTT CGT ATC CTG GCT CCG GAA TCT TAC TGG TTC CAA GAT GTT GGT ACC GTT GCG TCT GTG GAC CAG TCT GGT ATC AAA TAC CCG GTT ATC GTT CGT TTC GAG AAG GTT AAC TAC TCT GGC ATC AAC ACC AAC AAC TTC GCG GAA GAC GAT CTG GTT GAA GTT GAA GCG,0.3376824779437616
ATG GTG CAG CGT GGT TCT AAA GTT CGT ATC CTG CGT CCG GAA TCT TAC TGG TTC CAG GAC GTT GGT ACC GTT GCG TCT GTT GAC CAG TCT GGT ATC AAG TAC CCG GTT ATC GTT CGT TTT GAA TGG GTT AAC TAC TCT GGC ATC AAC ACC AAC AAC TTT GCG GAA GAC GAA CTG GTT GAA GTT GAA GCG,1.0040534963412369
ATG GTT CAG CGT GGT TCT AAA GTT CGT ATC CTG CGT CCG GAA TCT TAC TGG TTC CAG TAC GTT GGT ACC GTG GCG TCT GTT GAC CAG TCT GGT ATC AAA TAC CCG GTT ATC GTT CGT TTC GAG AAA GTG AAC TAC TCC GGT ATT AAC ACC AAC AAC TTC GCG GAA GAT GAA CTG GTG GAA GTT GAA GCG,1.3548946554179095
ATG GTT CAG CGT GGT TCT AAA GTT CGT ATC CTG CGT CCG GAA TCT TAC TGG TTC CAG GAC GTT GGT ACC GTT GTT TCT GTT GAC CAG TCT GGC ATC AAA TAC CCG GTT ATC GTT CGC TTC GAG AAG GTG AAC TAC TCC GGT ATC AAC ACC AAC AAC TTC GCG GAA GAC GAA CTG GTT GAA GTT GAA GCG,3.8999039068010655
ATG GTT CAG CGT GGT TCT AAA GTT CGT ATC CTG CGT CCG GAA TCT TAT TGG TTC CAG GAC GTT GGT ACC GTG GCT TCT GTT GTT CAG CTG GGC ATC AAG TAC CCG GTT ATC GTT CGT TTT GAG AAG GTG AAC TAC TCT GGT ATC AAC ACC AAC AAC TTT GCG GAA GAC GAA CTG GTT GAA GTT GAA GCG,0.5513702849620986
ATG GTT CAG CGT GGC TCC AAA GTT CGT ATC CTG CGT CCG GAA TCT TAC TGG TTT CAG GAC GTT GGT ACC GTT GCG TCT GTT GAC CAG TCT GGT ATC AAG TAC GAC GTT ATC GTT CGT TTC GAG AAG GTT AAC TAC TCT GGC ATC TAC ACT AAC AAC TTC GCG GAA GAC GAA CTG GTT GAA GTT GAA GCG,0.94151410234404
ATG GTT CAG CGT GGC TCT AAA GTT CGT ATC CTG CGT CCG GAA TCT TAC TGG TTC CAG GAC GTT GGT ACC GTT GCG TCT GTT GAT CAG TCT GGT TTC AAA TAC CCG GTT ATC GTT CGC TTC GAG AAG GTG AAC TAT TCT GGT ATC AAC ACC AAC AAC TTC GCG GAA GAC GAA CTG GTT GAA GTT GAA GCG,0.6617471832451434
ATG GTT CAG CGT GGC TCT AAA GTT CGT ATC CTG CGT CCG GAA TCT TAC TGG TTC CAG GAC GTT GGC ACC GTT GCG TCT GTT GAC CAG TCT GGT ATC AAA TAC GCG GTT ATC GTT CGT TTC GAG AAA GTG AAC TAC TCT GGC ATC CGT ACC AAC AAT TTC GCG GAA GAC GAA CTC GTT GAA GTT GAA GCG,1.2448408115237408
ATG GTT CAG CGT GGT TCT AAA GTT CGT ATC CTG CGT CCG GAA TCT TAT TGG TTC CAG GAC GTT GGT ACC GTT GCG TCT GTT GAC CAG TCC GGT ATC AAA TAC CAC GTT ATC GTG CGC TTC GAG AAG GTT AAC TAC TCT GGT ATC TAC ACC AAC AAC TTC GCG GAA GAC GAA CTG GTT GAA GTT GAA GCG,1.447870770220144
ATG GTT CAG CGT GGT TCT AAA GTT CGT ATC CTG CAT CCG GAA TCT TAT TGG TTC CAG GAC GTT GGT ACC GTT GCG TCT GTT GAC CAG TCT GGT ATC AAA TAC CCG GTT ATC GTT CGC TTT GAA AAG GTT AAC TAC TCT GGC ATC AAC ACC AAC AAC TTT GCG GAA GAC CTG CTG GTG GAA GTT GAA GCG,-0.2814337386276715
ATG GTT CAG CGT GGC TCT AAA GTT CGT ATC CTG CGT CCG GAA TCT TAC TGG TTC CAG GAC GTG GGT ACC GTT GCG TCT GTT GAC CAG TCT GGT ATC GCG TAC CCG GTG ATC GTG CGT TTC GAG AAG GTT AAC TAC TCC GGT ATC AAC ACC AAC AAC TTC GCG GAA GAC GAA CTG GTT GAA GTT GAG GCG,1.8080538343082413
ATG GTG CAG CGT GGC TCT AAA GTT CGT ATC CTG CGT CCG GAA TCT TAC TGG TTC CAG GAC GTT GGT ACC GTT GCT TCT GTT CTG CAG TCT GGT ATC AAA TAC CCG GTT ATC GTT CGT TTC GAG AAA GTG AAC TAC TCC GGC ATC AAT ACC AAC AAC TTC GCG GAA GAC GAA CTG GTT GAA GTT GAA GCG,2.2026102273795285
ATG GTT CAG CGT GGC TCT AAA GTT CGT ATC CTG CGT CCG GAA TCT TAC TGG TTC CAG GAC GTT GGT ACC GTT GCT TCT GTT GAC CAG TCT GGT ATC AAA TAC CCG GTG ATC GTT CGT TTC GAG AAA GTG AAC TAC TCC GGT GAA AAC ACC AAC AAC TTC GCG GAA GAC GAA CTG GTT GAA GTT GAA GCG,4.270119277736923
ATG GTT CAG CGT GGT TCT AAA GTT CGT ATC CTG CGT CCG GAA TCT TAC TGG TTC CAG GAC GTG GGT ACC GTT GCG TCT GTT CTC CAG TGG GGC ATT AAG TAC CCG GTT ATC GTT CGT TTC GAG AAA GTG AAC TAT TCT GGC ATC AAC ACC AAC AAT TTC GCG GAA GAC GAG CTG GTT GAA GTT GAA GCG,1.439800288046334
ATG GTT CAG CGT GGC TCC AAA GTT CGT ATC CTG CGT CCG GAG TCT TAC TGG TTC CAG GAC GTG GGT ACC GTT GCG TCT GTT GAC CAG TCT GGC ATC AAA TAC CCG GTG ATC GTT CGT TTC AAG GTT GTT AAC TAC TCT GGT ATC AAC ACC AAC AAC TTC GCG GAA GAC GAG CTG GTT GAA GTT GAA GCG,0.9497516304348352
ATG GTT CAG CGT GGT TCT CCA GTG CGT ATC CTG CGT CCA GAA TCT TAC TGG TTC CAA GAC GTT GGT ACC GTT GCG TCT GTT GAC CAG TCT GGT ATC AAA TAC CCG GTT ATC GTT CGT TTC CAC AAA GTG AAC TAC TCT GGC ATC AAC ACC AAC AAC TTC GCG GAG GAC GAA CTG GTT GAG GTG GAA GCG,-0.0235464196557943
ATG GTT CAG CGC GGT TCT GGT GTT CGT ATC CTG CGT CCG GAA TCT TAC TGG TTC CAG GAC GTT GGT TCT GTT GCG TCT GTT GAC CAG TCC GGT ATC AAA TAC CCG GTT ATC GTT CGT TTC GAG AAG GTT AAC TAC TCT GGC ATC AAC ACC AAC AAC TTC GCG GAA GAC GAA CTG GTT GAA GTT GAA GCG,-1.4109752081590967
ATG GTT CAG CGT GGC TCT AAA GTT CGT ATC TAC CGT CCG GAA TCT TAC TGG TTT CAG GAC GTT GGT ACC GTT GCG TCT GTT GAC CAG TCT GGT ATT AAG TAC CCG GTT ATC GTT CGT TTC GAG AAG GTT AAC TAC TCC GGT ATC AAC ACC AAC AAC TTC GCG GAA GAC GAA CTG GTT GAA GTT GAG GCG,0.2186443627177611
ATG GTT CAG CGT GGC TCT AAA GTT CGT ATC CTG CGT CCA GAA TCT TAC TGG TTC CAG GAC GTT GGT ACC GTT GCG TCT GTT GAC CAG TCC GGC ATC AAA TAC ATG GTG ATT GTG CGT TTT GAA AAG GTT AAC TAC TCC GGT ATC GCG ACC AAC AAC TTC GCG GAG GAC GAA CTG GTT GAA GTT GAA GCG,1.6764874235138092
ATG GTT CAG CGC GGT TCT AAA GTT CGT ATC CTG CGT CCG GAA TCT TAC TGG TTC CAG GAC GTT GGT ACC GTT GCG TCT GTT GAC CAG TCC GGT ATC AAA TAC TGG GTG ATC GTG CGC TTC GAA AAG GTT AAT TAC TCT GGC ATC CAG ACC AAC AAC TTC GCG GAG GAC GAA CTG GTT GAA GTT GAA GCG,2.658385148200341
ATG GTT CAG CGC GGT TCC AAA GTT CGT ATC CTG CGT CCG GAA TCT TAC TGG TTT CAG GAC GTT GGT ACC GTT GCG TCT GTT GAC CAG TCC GGT ATC AAA TAC CCG GTT ATC GTT CGT TTC GAG AAA GTG AAC TAC TCT GGC ATC AAC ACC AAT AAC TTC GCG GAA GAC GAA TGG GTT GAA GTT GAA GCG,-0.4261139503161911
ATG GTT CAG CGT GGT TCT AAA GTT CGT ATC CTG CGT CCG GAA TCT TAC TGG TTC CAG GAT GTT GGT ACC GTT GCG TCT GTT TGG CAG GGC GGT ATT AAG TAC CCG GTT ATC GTG CGT TTC GAG AAG GTT AAC TAT TCT GGT ATC AAC ACC AAC AAC TTC GCG GAA GAC GAA CTG GTT GAA GTT GAA GCG,0.7992198779907074
ATG GTT CAG CGT GGT TCT AAA GTT CGT ATC CTG CGT CCA GAA TCT TAC TGG TTC CAG GAC GTT GGT ACC GTT GCG TCC GTT GAC CAG TCT GGT ATC AAA TAC CCG GTT ATC GTT CGC TTC GAA AAA GTG AAC TAC TCT GGT CTG AAC ACT AAC AAC TTC GCG GAA GAC GAA CTG GTT GAA GTT GAG GCG,2.1777840720892563
ATG GTT CAG CGT GGC TCT AAA GTT CGT GGT CTG CGT CCG GAA TCT TAC AAC TTC CAG GAC GTT GGT ACC GTT GCG TCT GTT GAC CAG TCT GGT ATC AAG TAC CCG GTT ATC GTG CGT TTC GAG AAG GTT AAC TAC TCC GGT ATT AAC ACC AAC AAT TTC GCG GAG GAC GAA CTG GTT GAA GTT GAA GCG,-0.7531207186049125
ATG GTT CAG CGT GGT TCT AAA GTT CGT ATC CTG GGT CCG GAA TCT TAC TGG TTC CAG GAC GTT GGT ACC GTT GCG TCT GTT GAC CAG TCT GGT ATT AAG TAC CCG GTT ATC GTT CGT TTC GAG AAA GTG AAC TAC TCC GGT ATC AAC ACC AAC AAC TTC GCG GAA GAC CCG CTG GTT GAG GTT GAA GCG,-0.5701943243263127
ATG GTT CAG CGT GGT TCT CAG GTT CGT ATC CTG CGT CCG GAA TCT TAT TGG TTC CAG GAC GTT GGT CTG GTT GCG TCT GTT GAC CAG TCT GGT ATC AAG TAC CCG GTT ATC GTT CGT TTC GAG AAG GTT AAC TAC TCC GGC ATC AAT ACC AAC AAC TTC GCG GAA GAT GAA CTC GTT GAA GTT GAA GCG,0.2136798454888856
ATG GTT CAG CGT GGC TCT AAA GTT CGT AAC CTC CGT CCG GAA TCT TAC ATC TTC CAG GAC GTT GGT ACC GTT GCG TCT GTT GAC CAG TCT GGT ATC AAG TAC CCG GTT ATC GTT CGT TTT GAA AAG GTT AAC TAC TCC GGC ATC AAC ACC AAC AAC TTC GCG GAA GAC GAA CTG GTT GAA GTT GAA GCG,-0.8314833739442448
ATG GTT CGT CGT GGC TCT AAA GTT CGT ATC CTG CGT CCG GAA TCT TAC TGG TTC CAG GAC GTT GGT ACC GTT GCG TCT GTT GAC CAG TCT GGT ATC AAA TAC CCG GTT ATC GTT CGT TTT GAA AAG GTG AAC TAC TCT GGC ATC AAC ACT AAC AAC TTC GCG GAA GAC GAG CTG GTT GAA GTT GAG GCT,2.619243338255979
ATG GTT CAG CGT GGC TCT AAA GTT CGT ATC CTG CGT CCG GAA TCT TAC TGG TTT CAG GAC GTT GGT ACC GTT GCG TCT GTT GAC CAG TCT GGT ATC AAA TAC GGT GTG ATC GTT CGT TTC GAG AAG GTT AAC TAC TCT GGC ATC AAC TGC AAC AAC TTC GCG GAA GAC GAA CTG GTT GAA GTT GAA GCG,1.9999405176214773
ATG GTT CAG CGT GGT TCT CGT GTT CGT ATC CTG CGT CCG GAA TCT TAT TGG TTC CAG GAC GTT GGT GCG GTT GCG TCT GTT GAC CAG TCC GGT ATC AAA TAC CCG GTT ATC GTT CGT TTC GAG AAA GTG AAC TAC TCT GGC ATC AAC ACC AAC AAC TTT GCG GAA GAC GAA CTG GTT GAA GTT GAA GCG,-0.0974266435557793
ATG GTT CAG CGT GGT TCT AAA GTT CGT ATC CTG CGT CCG GAA TCT TAC TGG TTT CAG GAC GTT GGC ACC GTT GCG TCT GTT GAC CAG TCC GGT ATC AAA TAC CCG GTT ATC GTT CGC TTC GAA AAA GTG AAC TAC TCT GGC ATC AAC ACC AAC AAC CAT GCG GAA GAC GAA TAC GTT GAA GTT GAA GCG,-0.0393711626859457
ATG GTT CAG CGT GGC TCT AAA GTT CGT ATC CTG GGT CCG GAA TCT TAC TGG TTT CAG GAC GTT GGT ACC GTT GCG TCT GTT GAC CAG TCC GGC ATC AAA TAC CCG GTT ATC GTG CGT TTT GAA AAG GTT AAC TAC TCC GGT ATC AAC ACC AAC AAC TTC GCG GAA GAC AAA CTG GTT GAG GTG GAA GCG,-3.1046360850475816
ATG GTT CAG CGT GGT TCT AAA GTT CGT ATC CTG CGT CCG GAA TCT TAC TGG TTC CAG GAC GTT GGT ACC GTT GCG TCT GTT GAC CAG TCT GGT ATC AAA TAC CCG GTT ATC GTT CGT TTC GAG AAA GTG AAC TAC TCC GGC ATC AAC ACC AAC AAC TTC GCT TCT GAC GAA CTG GTT GAA GTT GAA GCG,1.2310642500402385
ATG GTT CAG CGT GGT TCT AAA GTT CGC CAG CTG CGT CCG GAA TCT TAC TTC TTC CAG GAC GTT GGT ACC GTT GCG TCT GTT GAC CAG TCC GGT ATC AAA TAC CCG GTG ATC GTT CGT TTC GAG AAA GTG AAC TAC TCT GGC ATC AAC ACT AAC AAC TTC GCG GAG GAC GAA CTG GTT GAA GTT GAG GCG,-2.3571592166301008
ATG GTT CAG CGT GGT TCT AAA GTT CGC ATC CTG CGT CCG GAA TCT TAC TGG TTC CAG GAC GTT GGT ACC GTT GCG GTT GTT GAC CAG TCT GGT ATC AAA TAC CCG GTT ATC GTG CGC TTT GAA AAG GTG AAC TAT TCT GGC ATC AAC ACC AAC AAT TTC GCG GAG GAC GAG CTG GTT GAA GTG GAG GCT,0.7179084128386852
ATG GTT CAG CGT GGT TCT AAA GTT CGT ATC CTG CGT CCG GAA TCT TAC TGG TTC CAG GAC GTT GGT ACC GTT GCG TCT GTT GAC CAG TCT GGT ATC AAA TAC CCG GTT ATC GTT CGC TTC GAG AAA GTG AAC TAT TCT GGC ATC AAC ACC AAC AAC TTC GCG GAA GAC GAA CTG GAC GAG GTT GAA GCG,1.1126002217221196
ATG GTT CAG CGT GGT TCT AAA GTT CGT ATC CTG CGT CCG GAA TCT TAC TGG TTC CAA GAC GTT GGT ACC GTT GCG TCT GTT GAC CAG TCT GGC ATC AAA TAC CCG GTT ATC GTT CGT TTC GAG AAG GTT AAC TAC TCC GGT ATC AAC ACC AAC AAC TTC GCG GAA GAC GAA AAC GTT GAA GTG GAA GCG,-0.2427808474479127
ATG GTT CAG CGT GGC TCT AAA GTT CGT ATC CTG CGT CCG GAA TCT TAC TGG TTC CAG GAC GTT GGT ACC GTG GCG TCT GTT GAT CAG TCC GGT ATT AAG TAC CCG GTT ATC GTG CGT TTC GTT CAC GTT AAC TAC TCT GGT ATC AAC ACC AAC AAC TTC GCG GAA GAC GAA CTG GTT GAA GTT GAA GCG,1.3464971153238747
ATG GTT CAG CGC GGC TCC AAA GTG CGT ATC CTG CGT CCG GAA TCT TAC TGG TTC CAG GAC GTT GGT ACC GTT GCG TCT GTT GAC CAG TCT GGC ATC AAA TAC GCG GTT ATC GTG CGC TTC GAA AAG GTG AAC TAC TCT GGT ATC AAC AAA AAC AAC TTC GCG GAA GAC GAA CTG GTT GAG GTT GAA GCG,1.1062018516653116
ATG GTT CAG CGT GGT TCT AAA GTT CGT ATC CTG CGT CCG GAA TCT TAC TGG TTC CAG GAC GTG GGT ACC GTT GCG TCT GTT GAC CAG TCT GGT ATC AAA GAC CCG GTT ATC GTT CGT TTC GAG AAG GTT AAC TAC TCC GGC ATC AAC ACC AAC AAC TTC GCG GAA GAC GAA CTG GTT GAA GTT GAA GCG,-0.1865812472655175
ATG GTT CAG CGT GGT TCT AAA GTT CGT ATC CTG CGT CCG GAG TCT TAT TGG TTC CAG GAC GTT GGT ACC GTT GCG TCT GTT GAC CAG TCC GGC ATT AAG TAC CCG GTT ATC GTT CGT TTT GAA CAG GTT AAC TAC TCC GGT ATC AAC ACC AAC AAC TTC GCG GAA GAT GAA CTG GTT GAA GTT GAA GCG,1.1694014031916222
ATG GTT CAG CGC GGT TCT AAA GTT CGT GAA CTG CGT CCG GAA TCT TAC GTT TTC CAG GAC GTT GGT ACC GTT GCG TCT GTT GAC CAG TCT GGC ATC AAA TAC CCG GTT ATC GTG CGT TTC GAG AAG GTT AAC TAC TCT GGT ATC AAC ACC AAC AAC TTC GCG GAA GAC GAA CTG GTT GAA GTG GAA GCG,-1.0497451081173803
ATG GTT CAG CGT GGT TCT AAA GTT CGT GGT CTG CGT CCG GAA TCT TAC ACT TTC CAG GAC GTT GGT ACC GTT GCG TCT GTT GAC CAG TCT GGT ATC AAA TAC CCG GTG ATC GTT CGT TTT GAA AAG GTT AAC TAC TCC GGC ATC AAC ACC AAC AAT TTC GCG GAA GAC GAA CTG GTT GAA GTT GAA GCG,-0.6890235552772639
ATG GTT CAG CGC GGC TCT ATC GTG CGT ATC CTG CGT CCA GAA TCT TAC TGG TTC CAA GAC GTT GGT ACC GTT GCG TCT GTT GAC CAG TCT GGT ATC AAA TAC CCG GTT ATC GTT CGC TTC AAC AAG GTT AAC TAC TCT GGC ATC AAC ACC AAC AAC TTC GCG GAA GAC GAA CTG GTT GAA GTT GAG GCG,1.6022754374089716
ATG GTT CAG CGT GGT TCT GGT GTT CGT ATC CTG CGT CCG GAA TCT TAC TGG TTC CAG GAC GTG GGT GAT GTT GCT TCC GTT GAC CAG TCT GGT ATC AAA TAC CCG GTT ATC GTG CGC TTT GAA AAA GTG AAC TAC TCC GGC ATC AAC ACC AAC AAC TTC GCG GAA GAC GAA CTG GTT GAA GTT GAG GCG,-1.2427208557425533
ATG GTT CAG CGT GGT TCT AAA GTT CGT ATC CTG CGT CCG GAA TCT TAC TGG TTC CAG GAC GTT GGT ACC GTT GCT TCT GTG CGT CAG TTC GGT ATC AAA TAC CCG GTT ATC GTT CGT TTC GAG AAA GTG AAC TAC TCT GGC ATC AAC ACC AAC AAC TTC GCG GAA GAC GAA CTG GTT GAA GTT GAA GCG,0.2927257227042243
ATG GTT CAG CGT GGT TCT CTG GTT CGT ATC CTG CGT CCG GAA TCT TAC TGG TTC CAG GAT GTT GGT ACC GTT GCG TCT GTT GAC CAG TCC GGC ATC AAG TAC CCG GTG ATC GTT CGT TTC TGG AAG GTT AAC TAC TCC GGT ATC AAC ACC AAC AAT TTC GCG GAG GAC GAA CTG GTT GAA GTT GAG GCG,1.7393862762382677
ATG GTG CAG CGT GGT TCT AAG GTT CGC GTT CTC CGT CCG GAA TCT TAC GAC TTC CAG GAT GTT GGC ACC GTT GCG TCT GTT GAC CAG TCT GGT ATC AAA TAC CCG GTT ATT GTG CGT TTC GAG AAG GTG AAC TAC TCT GGC ATC AAC ACC AAC AAC TTC GCG GAG GAC GAG CTG GTT GAA GTT GAA GCG,-0.4540270797570638
ATG GTT CAG CGT GGT TCC CAC GTG CGT ATC CTG CGT CCG GAA TCT TAC TGG TTC CAG GAC GTT GGT TTC GTT GCG TCT GTT GAC CAG TCT GGT ATC AAG TAC CCG GTT ATC GTT CGT TTC GAG AAG GTT AAC TAT TCT GGC ATC AAC ACC AAC AAC TTC GCG GAA GAC GAA CTG GTT GAA GTT GAA GCG,0.8571970365934581
ATG GTT CAG CGT GGT TCT ATC GTG CGC ATC CTG CGT CCG GAA TCT TAC TGG TTC CAG GAC GTT GGT TAT GTT GCT TCT GTT GAC CAG TCT GGT ATC AAA TAC CCG GTT ATC GTT CGC TTT GAA AAG GTT AAC TAC TCC GGC ATC AAC ACC AAC AAC TTC GCG GAA GAC GAA CTG GTT GAA GTT GAA GCG,1.091955787047297
ATG GTT CAG CGT GGT TCC GAC GTT CGT ATT CTG CGT CCG GAA TCT TAC TGG TTC CAA GAC GTT GGT TGC GTT GCG TCT GTT GAC CAG TCT GGC ATC AAA TAC CCG GTT ATC GTT CGT TTC GAG AAG GTT AAC TAC TCT GGT ATC AAC ACC AAC AAC TTC GCG GAA GAC GAA CTG GTT GAA GTT GAA GCG,0.3562411908680542
ATG GTT CAG CGT GGT TCT AAA GTT CGC CAG CTG CGT CCG GAA TCT TAT GAA TTC CAG GAC GTT GGT ACC GTT GCG TCT GTT GAC CAG TCT GGT ATC AAG TAC CCG GTG ATC GTG CGT TTC GAG AAG GTG AAC TAC TCC GGC ATC AAC ACT AAC AAC TTC GCG GAA GAT GAA CTC GTT GAA GTT GAA GCG,-3.465034662072684
ATG GTT CAG CGT GGT TCT AAA GTT CGT ATC CTG ATG CCG GAA TCT TAC TGG TTC CAG GAC GTT GGT ACC GTT GCG TCT GTT GAC CAG TCT GGC ATC AAA TAC CCG GTT ATC GTT CGT TTT GAA AAG GTT AAC TAC TCC GGT ATC AAC ACC AAC AAC TTC GCG GAA GAC CAG CTC GTT GAA GTT GAA GCG,0.0134174598185233
ATG GTT CAG CGT GGC TCT AAA GTT CGT ATC CTG CGT CCG GAA TCT TAC TGG TTC CAG GAC GTT GGT ACC GTT GCT TCT GTT GAC CAG TCT GGT ATC AAA TAC CCG GTT ATC GTT CGT TTT GAA AAA GTT GAC TAC TCC GGC ATT AAC ACC AAC AAC TTC GCG GAA GAC GAA CTG GTT GAA GTT GAA GCG,2.899856654192312
ATG GTG CAG CGT GGC TCC TAC GTT CGT ATC CTG CGT CCG GAA TCT TAC TGG TTC CAG GAT GTT GGT ACC GTT GCG TCT GTT GAC CAG TCT GGT ATC AAA TAC CCG GTT ATC GTT CGC TTT ATG AAG GTG AAC TAC TCT GGC ATC AAC ACC AAC AAC TTC GCG GAA GAC GAA CTG GTT GAA GTG GAG GCG,1.2448828501885705
ATG GTT CAG CGT GGT TCC AAA GTT CGT GAC CTG CGT CCG GAA TCT TAC GAA TTC CAG GAC GTT GGT ACC GTT GCG TCT GTT GAC CAG TCT GGT ATC AAG TAC CCG GTG ATC GTT CGC TTC GAA AAA GTT AAT TAC TCT GGC ATC AAC ACC AAC AAC TTC GCG GAA GAC GAA CTG GTT GAA GTT GAA GCG,-0.7670879810679854
ATG GTT CAG CGT GGT TCT AAA GTT CGT ATC CTG CGT CCG GAA TCT TAC TGG TTC CAA GAC GTT GGT ACC GTT GCG TCT GTT GAC ACC TCT GGT ATC AAA TAC CCG GTT ATC GTT CGT TTC GAG AAG GTT AAC TAC TCT GGC ATC AAC ACC AAC AAC TTC GCG GAA GAC GAA CTG GTG GAA GTT GAA GCG,2.539937644584556
ATG GTT CAA CGT GGT TCT AAA GTT CGT ATC CTG CGT CCG GAA TCT TAC TGG TTC CAG GAC GTT GGT ACC GTT GCG TCT GTT GAC CAG TCC GGT ATC AAA TAC CCG GTT ATC GTG CGT TTT GAG AAG GTT AAC TAC TCT GGC ATC AAC ACC AAC AAC TTC GTT GAA GAC GAA CTG GTT GAA GTT GAG GCT,-0.2248012803617655
ATG GTT CAG CGT GGT TCT TGC GTT CGT ATC CTG CGT CCG GAA TCT TAC TGG TTC CAA GAC GTT GGT ACC GTT GCG TCT GTT GAC CAG TCT GGC ATC AAA TAC CCG GTG ATC GTT CGC TTC GGT AAA GTG AAC TAC TCT GGT ATC AAC ACC AAC AAC TTC GCG GAA GAC GAA CTG GTT GAA GTT GAA GCG,1.895103865286656
ATG GTT CAG CGT GGT TCT AAA GTT CGT GAA CTG CGT CCG GAA TCT TAC TTC TTC CAG GAC GTT GGT ACC GTT GCG TCT GTT GAC CAG TCT GGC ATC AAA TAC CCG GTT ATC GTT CGC TTC GAG AAG GTT AAC TAT TCT GGT ATC AAC ACC AAC AAC TTC GCG GAA GAC GAA CTG GTT GAA GTT GAG GCT,-0.5710691563109118
ATG GTT CAG CGT GGT TCT AAA GTG CGT ATC CTG CGT CCG GAA TCT TAC TGG TTC CAG GAC GTT GGT GGT GTT GCG TCT GTT GAC CAG TCT GGC ATC AAA TAC CCG GTT ATC GTT CGT TTT GAG AAA GTG AAC TAC TCC GGT ATC AAT ACC AAC AAC TTC GCG GAA GAC GAA CTG GTT GAA GTT GAG GCT,-0.4427435708602979
ATG GTT CAG CGT GGT TCT CAC GTT CGT ATC CTG CGT CCG GAA TCT TAC TGG TTC CAG GAC GTT GGT CAG GTG GCG TCT GTT GAC CAG TCT GGT ATC AAA TAC CCG GTT ATC GTT CGC TTC GAA AAA GTG AAC TAC TCT GGC ATC AAC ACC AAC AAC TTC GCG GAA GAC GAA CTG GTT GAA GTT GAA GCG,0.5428025644262933
ATG GTT CAG CGT GGC TCT AAA GTG CGT ATC CTC CGT CCG GAA TCT TAC TGG TTC CAG GAC GTT GGT ACC GTT GCG TCT GTT GAC CAG TCT GGT ATC AAA TAC CCG GTT ATC GTT CGT TTC GAA CCG GTG AAC TAC TCT GGC ATC AAC ACC AAC AAC TTC GCG GAA GAC GAA CTG GTT GAA GTT GAA GCG,-0.6503957548512485
ATG GTT CAG CGT GGC TCT AAA GTT CGT ATC CTG TGC CCG GAA TCT TAC TGG TTC CAG GAT GTT GGT ACC GTT GCG TCT GTT GAC CAG TCT GGC ATC AAG TAC CCG GTG ATC GTT CGT TTC GAG AAG GTT AAC TAC TCC GGT ATC AAC ACC AAC AAC TTC GCG GAG GAC GAA CTC GTT GAA GTT GAA GCG,0.7455932954823332
ATG GTT CAG CGC GGT TCT TGT GTT CGT ATT CTG CGT CCG GAA TCT TAC TGG TTC CAA GAC GTT GGT ACC GTT GCG TCT GTT GAC CAG TCC GGC ATC AAA TAC CCG GTT ATC GTG CGT TTT CAG AAG GTG AAC TAC TCT GGT ATC AAC ACC AAC AAC TTC GCG GAG GAC GAA CTG GTT GAA GTG GAA GCG,2.472410024463876
ATG GTT CAG CGC GGT TCT AAA GTG CGT ATC CTG CGT CCG GAA TCT TAC TGG TTC CAG GAC GTT GGT ACC GTT GCG TCT GTT GAC CAG TCC GGC ATC AAA TAC TCT GTT ATC GTT CGT TTC GAG AAG GTT AAC TAC TCT GGT ATC AAC TGG AAC AAC TTC GCG GAG GAC GAA CTG GTT GAG GTT GAA GCG,2.722525988637055
ATG GTT CAG CAC GGT TCT AAA GTT CGT ATC CTG CGT CCG GAA TCT TAT TGG TTC CAG GAC GTT GGT ACC GTT GCG TCT GTT GAC CAG TCT GGC ATC AAA TAC CCG GTT ATC GTT CGT TTT GAG AAA GTG AAT TAC TCC GGT ATC AAC ACC AAC AAC TTC GCG GAA GAC GAA CTG GTT GAA GTT GAA GCG,0.4820701532977917
ATG GTT CAG CGT GGC TCC AAA GTT CGT ATC CTG CGT CCG GAA TCT TAC TGG TTC CAG GAC GTT GGT ACC GTT TTC TCT GTT GAC CAG TCT GGC ATC AAA TAC CCG GTT ATT GTT CGT TTC GAG AAG GTT AAC TAC TCC GGT ATC AAC ACC AAC AAC TTC GCG GAA GAC GAA CTG GTT GAA GTT GAA GCG,1.5624803445250204
ATG GTT CAG CGT GGT TCT TAC GTT CGT ATC CTG CGT CCG GAA TCT TAT TGG TTC CAG GAC GTT GGT ACC GTT GCG TCT GTT GAC CAG TCT GGT ATC AAA TAC CCG GTT ATC GTT CGT TTC CAC AAA GTG AAC TAC TCT GGC ATC AAC ACC AAC AAC TTC GCG GAA GAT GAA CTG GTT GAA GTT GAA GCG,1.1684840351593726
ATG GTT CAG CGT GGT TCT AAA GTT CGT ATC CTG CGT CCG GAA TCT TAC TGG TTC CAG GAT GTT GGT ACC GTT GCG TCT GTT GAC CAG TCC GGT ATC AAA TAC CAC GTT ATC GTT CGC TTC GAG AAA GTG AAC TAC TCT GGC ATC AAC AAC AAT AAC TTC GCG GAA GAC GAA CTG GTT GAA GTT GAA GCG,1.013834521806055
ATG GTT CAG CGT GGT TCT AAA GTT CGT ATC CTG CGT CCG GAA TCT TAC TGG TTC CAG GAC GTG GGT ACC GTT GCG TCT GTT GAC CAG TCT GGT ATC AAG TAC ATC GTG ATC GTT CGT TTC GAG AAG GTG AAC TAC TCT GGC ATC ATC ACT AAC AAC TTC GCG GAA GAC GAA CTG GTT GAA GTG GAA GCG,2.5046124187497494
ATG GTT CAG CGC GGC TCC AAA GTT CGT ATC CTG CGT CCG GAA TCT TAC TGG TTC CAG GAC GTT GGT ACC GTT GCT TCT GTT GAC CAG TCT GGC ATC AAA TAC GTT GTT ATC GTG CGC TTC GAA AAG GTT AAC TAC TCC GGT ATC AAC TCT AAC AAC TTC GCG GAA GAC GAA CTG GTT GAA GTT GAA GCG,1.7699547764471628
ATG GTT CAG CGT GGT TCT AAA GTT CGC CTG CTG CGT CCG GAA TCT TAC CAG TTC CAG GAC GTT GGT ACC GTT GCG TCT GTT GAC CAG TCT GGT ATC AAA TAC CCG GTT ATC GTT CGT TTC GAG AAG GTT AAC TAC TCT GGC ATC AAC ACC AAC AAC TTT GCG GAA GAC GAA CTC GTT GAA GTT GAG GCG,-0.5109781887096281
ATG GTT CAG CGT GGT TCT AAA GTT CGT ATC CTG CGT CCG GAA TCT TAC TGG TTC CAG GAC GTT GGT ACC GTT GCG TCT GTT CAG CAG AAA GGT ATT AAG TAC CCG GTT ATC GTT CGT TTC GAG AAG GTT AAC TAC TCC GGT ATC AAC ACC AAC AAC TTC GCG GAA GAC GAA CTG GTT GAA GTT GAA GCG,0.5953753490819744
ATG GTT CAG CGC GGT TCT ACC GTT CGT ATC CTG CGT CCG GAA TCT TAC TGG TTC CAG GAC GTT GGT ACC GTT GCT TCT GTT GAC CAG TCT GGT ATC AAA TAC CCG GTT ATC GTT CGT TTC CGC AAG GTT AAC TAC TCT GGC ATC AAC ACC AAC AAC TTC GCG GAG GAC GAG CTG GTT GAA GTT GAA GCG,1.0728277382499685
ATG GTT CAG CGT GGT TCT AAG GTT CGT ATC CTG CGT CCG GAA TCT TAC TGG TTC CAG GAC GTT GGT ACC GTG GCG TCT GTT GAC CAG TCC GGC ATC AAA TAC TCC GTT ATC GTG CGC TTC GAA AAA GTG AAC TAC TCT GGT ATC AAC GAA AAC AAC TTT GCG GAA GAC GAA CTG GTT GAG GTT GAA GCG,1.9116632188578868
ATG GTT CAG CGT GGT TCT AAA GTT CGT ATC CTG CGT CCG GAA TCT TAC TGG TTC CAG GAC GTT GGT ACC GTT GCG TCT GTT GAC CAG TCT GGC ATC AAG TAC CCG GTT ATC GTT CGT TTC GAG AAA GTG AAC TAC TCC GGT ATC AAC ACC AAC AAC TTC GCG GAA GAC GAA CTG GTT GAA GTT AAA GCT,1.6879695154038887
ATG GTT CAG CGC GGT TCT AAA GTG CGT ATC CTG CGC CCA GAA TCT TAC TGG TTC CAG GAC GTT GGT ACC GTT GCG TCT GTT GAC CAG TCT GGC ATC AAA TAC TTC GTT ATC GTT CGC TTT GAG AAG GTT AAC TAC TCT GGT ATC AAC CGT AAC AAC TTC GCG GAA GAC GAA CTG GTT GAA GTT GAA GCG,2.1973855552326045
ATG GTT TCT CGT GGT TCT AAA GTT CGT ATC CTG CGT CCA GAA TCT TAC TGG TTC CAG GAC GTT GGT ACC GTT GCG TCC GTT GAC CAG TCC GGT ATT AAG TAC CCG GTT ATC GTT CGT TTC GAG AAG GTT AAC TAC TCT GGT ATC AAC ACC AAC AAC TTC GCG GAA GAT GAG CTG GTT GAG GTT GAA GCG,1.6102090074736992
ATG GTT CAG CGT GGT TCT AAA GTT CGT ATC CTG CGT CCG GAA TCT TAT TGG TTC CAG GAC GTT GGT ACC GTT GCG TCT GTT GAC CAG TCT GGC ATC AAG TAC CCG GTT ATC GTT CGT TTC AAC ATG GTT AAC TAC TCC GGT ATC AAC ACC AAC AAC TTC GCG GAA GAC GAA CTG GTT GAA GTT GAA GCG,0.6118346045567076
ATG GTT CAG CGT GGC TCT AAA GTT CGT ATC CTG CGT CCG GAA TCT TAT TGG TTC CAG GAC GTT GGT ACC GTT GCG TCT GTT GAC CAG TCC GGC ATC AAG TAC GGT GTT ATC GTT CGT TTT GAG AAA GTG AAC TAC TCT GGT ATC AAC GCG AAC AAC TTT GCG GAA GAC GAA CTG GTT GAA GTT GAG GCG,0.9261352139581912
ATG GTT CAG CGT GGT TCC AAA GTT CGT ATC CTG CGC CCA GAA TCT TAC TGG TTT CAA GAC GTT GGC ACC GTT GCG TCC GTT GAC CGT TCT GGC ATC AAA TAC CCG GTG ATC GTT CGT TTC GAG AAA GTG AAC TAC TCT GGT ATC AAC ACC AAC AAC TTC GCG GAA GAC GAA CTG GTT GAA GTT GAA GCG,2.57203137339112
ATG GTT CAG CGT GGC TCT AAA GTG CGC ATC CTC CGT CCG GAA TCT TAC TGG TTC CAG GAC GTT GGT ACC GTT GCG TCT GTG GAC CAG TCT GGT ATC AAG TAC CCG GTT ATC GTT CGC TTC GTT GAG GTT AAC TAC TCT GGC ATC AAC ACC AAC AAT TTC GCG GAA GAC GAG CTG GTT GAA GTT GAA GCG,0.8201562467543073
ATG GTT CAG CGT GGT TCT AAA GTT CGT ATC CTG CGT CCG GAA TCT TAC TGG TTC CAG GAC GTT GGT ACC GTT GCG TCT GTT GAC CAG TCC GGC ATC AAA TAC CCG GTT ATC GTT CGT TTC CCG TGG GTT AAC TAC TCT GGT ATC AAC ACC AAC AAC TTC GCG GAA GAC GAA CTG GTT GAA GTT GAG GCT,0.5926507124441773
ATG GTT CAG CGT GGT TCT ATC GTT CGT ATC CTG CGT CCG GAA TCT TAT TGG TTC CAG GAC GTT GGT ACC GTT GCG TCT GTT GAC CAG TCT GGC ATC AAA TAC CCG GTT ATC GTG CGC TTC ATC AAA GTG AAC TAC TCT GGT ATT AAC ACC AAC AAC TTC GCG GAA GAC GAA CTG GTT GAA GTT GAA GCG,1.450837565641844
ATG GTT CAG CGT GGT TCT AAA GTT CGT ATC CTG CGT CCG GAA TCT TAC TGG TTC CAG GAC GTT GGT ACC GTT GCG TCT GTT AAA CAG CCG GGT ATC AAA TAC CCA GTT ATC GTG CGC TTC GAG AAA GTG AAC TAC TCT GGT ATT AAC ACC AAC AAC TTT GCG GAA GAC GAA CTG GTT GAA GTT GAA GCG,0.2233016401400084
ATG GTT CAG CGT GGT TCT AAA GTT CGT ATC CTG CGT CCG GAA TCT TAC TGG TTT CAG GAC GTT GGT ACC GTT GCG TCT GTT GAC CAG TCT GGC ATC AAA TAC CCG GTT ATC GTT CGT TTC GAC TGG GTT AAC TAT TCT GGT ATC AAC ACC AAT AAC TTC GCG GAA GAC GAA CTG GTT GAA GTT GAA GCG,1.1729997464535993
ATG GTT CAG CGT GGT TCT ACC GTT CGT ATC CTG CGT CCG GAA TCT TAC TGG TTC CAG GAC GTT GGT ATG GTT GCG TCT GTT GAC CAG TCC GGT ATC AAG TAC CCA GTG ATC GTT CGC TTT GAG AAG GTT AAT TAC TCT GGC ATC AAC ACC AAC AAC TTC GCG GAA GAC GAA CTG GTT GAA GTT GAA GCG,0.5476194154097856
ATG GTT CAG CGT GGC TCT AAA GTT CGT ATC CTG CGT CCG GAA TCT TAC TGG TTC CAG GAC GTT GGT ACT GTT GCG TCT GTT GAC CAG TCT GGT ATT AAG TAC CCG GTT ATC GTT CGT TTC GAG AAA GTG AAC TAC GCG GGT ATC AAC ACC AAC AAC TTC GCG GAA GAC GAA CTG GTT GAA GTT GAA GCG,3.3259229794685155
ATG GTT CAG CGT GGT TCT AAA GTT CGT ATC CTG CGT CCG GAA TCT TAT TGG TTC CAG GAC GTT GGT ACC GTT GCG TCT GTT GAC CAG TCT GGT ATC AAA TAC CCG GTT ATC GTT CGC TTC GAA AAA GTG AAC TAC TCT GGC ATC AAC ACC AAC AAC AAC GCG GAA GAT GAA TTC GTG GAA GTT GAA GCG,-0.3082607904698351
ATG GTT CAG CGT GGT TCT AAA GTT CGT ATC CTG CGT CCG GAA TCT TAC TGG TTC CAG GAC GTT GGT ACC GTT GCG TCT GTT GAT CAG TCC GGT ATC AAA TAC TGG GTT ATC GTG CGC TTC GAA AAG GTT AAC TAC TCC GGC ATT TGG ACC AAT AAC TTC GCG GAG GAC GAA CTG GTT GAA GTT GAA GCG,2.7795712053462807
ATG GTT CAG CGT GGC TCT AAA GTT CGT ATC CTG GAG CCA GAA TCT TAC TGG TTC CAA GAC GTT GGT ACC GTT GCG TCT GTT GAC CAG TCC GGT ATC AAA TAC CCG GTT ATC GTT CGC TTT GAA AAG GTT AAC TAC TCT GGC ATC AAC ACC AAC AAC TTC GCG GAA GAC GAA CTG GTT GAA GTT GAA GCG,-1.2201829507066475
ATG GTT CAG CGT GGT TCT AAA GTT CGT ATC CTG CGT CCG GAA TCT TAC TGG TTC CAG GAC GTT GGT ACC GTT GCG TCT GTT GAC CAG TCC GGT ATC AAA TAC CCG GTT ATT GTT CGT TTC GAG AAA GTG AAT TAC TCT GGC ATC AAC ACC AAC AAC TTC GCG GAA GAC GAA CTG GTT GAG GAC GAA GCG,0.1387539970642287
ATG GTT CAG CGT GGC TCT AAG GTT CGT ATC CTG CGT CCG GAA TCT TAC TGG TTC TAC GAC GTT GGT ACC GTG GCG TCT GTT GAC CAG TCT GGT ATT AAG TAC CCA GTT ATC GTG CGC TTC GAA AAG GTT AAC TAC TCC GGT ATC AAC ACC AAC AAC TTC GCG GAA GAC GAA CTG GTT GAA GTT GAG GCG,0.9270465312980428
ATG GTT CAA CGT GGC TCC AAA GTT CGT ATC CTG CGT CCG GAA TCT TAC TGG TTT CAG GAC GTT GGT ACC GTT GCG TCT GTT GAC CAG TCT GGC ATC AAG TAC ATC GTG ATC GTG CGT TTC GAG AAA GTG AAT TAC TCT GGT ATC TGC ACC AAC AAT TTC GCG GAA GAC GAA CTG GTT GAA GTT GAA GCG,2.822405869359028
ATG GTT CAG CGC GGT TCC AAA GTT CGC ATC CTG CGT CCA GAA TCT TAT TGG TTC CAG GAC GTT GGT ACC GTT GCG TCT GTT GAC CAG TCT GGC ATC AAA TAC CCG GTT ATC GTT CGT TTC TCT ATC GTT AAC TAC TCC GGT ATC AAC ACC AAC AAC TTC GCG GAA GAC GAA CTG GTT GAA GTG GAG GCG,1.2323310262368483
ATG GTT CAG CGT GGT TCC GTT GTT CGT ATC CTG CGT CCG GAA TCT TAC TGG TTC CAG GAC GTT GGT ACC GTT GCT TCT GTT GAC CAG TCT GGC ATC AAA TAC CCG GTG ATC GTG CGT TTC CAC AAA GTG AAC TAC TCT GGT ATC AAC ACC AAC AAC TTC GCG GAA GAC GAA CTG GTT GAA GTT GAA GCG,1.1517797113007138
ATG GTT CAG CGT GGT TCT GGT GTT CGT ATC CTG CGT CCG GAA TCT TAC TGG TTC CAA GAC GTT GGT CAG GTT GCG TCT GTT GAC CAG TCT GGT ATC AAA TAC CCG GTT ATC GTT CGT TTC GAG AAG GTT AAC TAC TCT GGC ATC AAC ACC AAC AAC TTC GCG GAA GAC GAG CTG GTT GAA GTT GAA GCG,-1.320129226810756
ATG GTT CAG CGT GGC TCC GGT GTT CGT ATC CTC CGT CCG GAA TCT TAT TGG TTC CAG GAC GTT GGT ACC GTT GCG TCT GTT GAC CAG TCT GGC ATC AAA TAC CCG GTT ATC GTT CGT TTC CCG AAA GTG AAC TAC TCC GGT ATC AAC ACC AAC AAC TTC GCG GAA GAC GAG CTG GTT GAA GTT GAA GCG,-0.4097468874403119
ATG GTT CAG CGT GGT TCT ACC GTT CGT ATC CTG CGT CCG GAA TCT TAC TGG TTC CAA GAC GTT GGT ACC GTT GCG TCT GTT GAC CAG TCT GGC ATC AAA TAC CCG GTT ATC GTT CGT TTT GAG AAA GTG AAC TAC TCT GGT ATC AAC ACC AAC AAC TTC GCG GAA GAC GAA CTG GTT GAA GTT GAA GCG,0.947883692790292
ATG GTT CAA CGT GGC TCC AAA GTT CGT ATC CTG ATG CCG GAA TCT TAC TGG TTC CAA GAC GTT GGT ACC GTT GCG TCT GTT GAC CAG TCT GGC ATC AAG TAC CCG GTT ATC GTT CGC TTC GAA AAG GTT AAC TAC TCC GGT ATC AAC ACC AAC AAC TTC GCG GAA GAC TAC CTG GTT GAA GTT GAA GCG,0.065441885325631
ATG GTT CAG CGT GGT TCT AAA GTT CGT ATC CTG CGT CCG GAA TCT TAC TGG TTC CAG GAC GTG GGT ACC GTT GCG TCT GTT GAC CAG TCT GGT ATC AAG TAC CCG GTG ATC GTG AAA TTT GAA AAA GTG AAC TAC TCT GGC ATC AAC ACC AAC AAC TTC GCG GAA GAC GAA CTG GTT GAG GTT GAA GCG,1.9064284225242407
ATG GTT CAA CGT GGT TCC CAC GTT CGT ATC CTG CGT CCG GAA TCT TAC TGG TTC CAG GAC GTT GGT CAC GTT GCG TCT GTT GAC CAG TCT GGT ATC AAA TAC CCG GTT ATC GTT CGC TTT GAA AAA GTG AAC TAC TCC GGC ATC AAC ACC AAC AAC TTC GCG GAA GAC GAA CTG GTT GAA GTT GAA GCG,1.3218430502126683
GAA GTT CAG CGT GGC TCT AAA GTT CGT ATC CTG CGT CCG GAA TCT TAC TGG TTC CAG GAC GTT GGT ACC GTT GCG TCT GTT GAC CAG TCT GGC ATC AAA TAC CCG GTT ATT GTT CGT TTC GAG AAA GTG AAC TAC TCC GGT ATC AAC ACC AAC AAC TTC GCG GAA GAC GAA CTG GTT GAA GTT GAA GCG,0.6489728892334796
ATG GTT CAA CGT GGT TCT AAA GTT CGT GTT CTG CGT CCG GAA TCT TAC GGT TTC CAG GAC GTT GGT ACC GTT GCG TCT GTT GAC CAG TCT GGC ATC AAA TAC CCG GTT ATC GTT CGC TTC GAG AAA GTG AAC TAT TCT GGT ATC AAC ACC AAC AAC TTT GCG GAA GAC GAA CTG GTT GAA GTT GAG GCT,-1.3086773047669116
ATG GTT CAA CGT GGT TCC AAA GTT CGT ATC CTG CGT CCG GAA TCT TAC TGG TTT CAG GAC GTT GGT ACC GTT GCG TCT GTT GAC CAG TCC GGT ATT AAG TAC TGG GTT ATC GTT CGC TTC GAA AAA GTG AAC TAC TCT GGT ATC AAC GTT AAC AAC TTC GCG GAA GAC GAA CTG GTT GAA GTT GAA GCG,2.302666476700544
ATG GTT CAG CGT GGT TCT AAA GTT CGT ATC CTG CGT CCG GAA TCT TAC TGG TTC CAG GAC GTT GGT ACC GTT GCG TCT GTG GAC CAG TCC GGC ATC AAA TAC AAC GTG ATC GTG CGT TTC GAG AAG GTG AAC TAC TCT GGT ATC AAC ATG AAT AAC TTC GCG GAA GAC GAA CTG GTT GAA GTT GAA GCG,2.283711336241005
ATG GTT CAG CGT GGT TCC AAA GTT CGT ATC CTC CGT CCG GAA TCT TAC TGG TTT CAG GAC GTT GGT ACC GTG GCG TCT GTG GAC CAG TCT GGC ATC AAA TAC AAA GTG ATC GTG CGT TTC GAG AAG GTG AAC TAC TCT GGT ATC TAC ACC AAT AAC TTC GCG GAA GAC GAA CTG GTT GAA GTT GAA GCG,1.8019589394877376
ATG GTT CAG CGT GGC TCT TTC GTT CGT ATC CTG CGT CCG GAA TCT TAC TGG TTC CAA GAC GTT GGT ACC GTT GCG TCT GTT GAC CAG TCT GGT ATC AAA TAC CCA GTG ATC GTT CGC TTC TGC AAA GTG AAC TAC TCT GGC ATC AAC ACC AAC AAC TTC GCT GAA GAC GAA CTC GTT GAG GTT GAA GCG,2.1931996598122216
ATG GTG TGC CGT GGC TCC AAA GTT CGT ATC CTG CGT CCG GAA TCT TAT TGG TTC CAG GAC GTT GGT ACC GTT GCG TCT GTT GAC CAG TCT GGC ATC AAA TAC CCG GTG ATC GTT CGC TTT GAA AAG GTG AAC TAC TCC GGT ATC AAC ACC AAC AAC TTC GCG GAA GAC GAA CTG GTT GAA GTT GAG GCT,1.953019149314518
ATG GTT CAG CGT GGT TCT AAA GTT CGT ATC CTG CGT CCG GAA TCT TAC TGG TTC CAG CAC GTT GGT ACC GTT GCG TCT GTT GAC CAG TCC GGC ATC AAA TAC CCG GTT ATC GTT CGC TTC GAG AAA GTG AAC TAC TCC GGT ATC AAC ACC AAC AAC TTC GCG GAA GAC GAA CTG GTT GAA GTT GAA GCG,1.8490863287608128
ATG GTT CAG CGT GGT TCT AAA GTT CGT ATT CTC CGT CCA GAA TCT TAC TGG TTC CAG GAC GTT GGT ACC GTT GCG TCT GTT GAC CAG TCT GGC ATC AAA TAC TGC GTT ATC GTG CGT TTC GAG AAA GTG AAC TAC TCT GGT ATC ACC ACC AAC AAC TTC GCT GAG GAT GAA CTG GTT GAA GTT GAA GCG,1.803785204271879
ATG GTT CAA CGC GGT TCT AAA GTG CGT ATC CTG CGT CCG GAA TCT TAC TGG TTC CAA GAC GTT GGT ACC GTT GCG TCT GTT GAC CAG TCT GGC ATC AAA TAC CCG GTT ATT GTG CGC TTC TCC AAA GTG AAC TAC TCT GGT ATT AAC ACC AAC AAT TTC GCG GAA GAC GAA CTG GTT GAA GTT GAA GCG,1.2929330237457517
ATG GTT CAG CGT GGC TCT AAA GTT CGT ATC CTG CGT CCG GAA TCT TAC TGG TTC CAG GAC GTT GGT ACC GTT GCG TCT GTT GAC CAG TCC GGT ATC AAA TAC GAG GTT ATC GTG CGT TTC GAG AAA GTG AAC TAC TCT GGT ATC GTG ACC AAC AAC TTC GCG GAA GAC GAA CTG GTT GAA GTT GAA GCG,0.7372447983897868
ATG GTT CAG CGT GGC TCT AAA GTT CGT ATC CTG CGC CCA GAA TCT TAC TGG TTC CAG GAC GTT GGT ACC GTT GCG TCT GTG GAC CAG TCC GGT ATC AAA TAC CCA GTT ATC GTT CGC TTC GAA AAG GTT AAC TAC TCT GGT ATC GTT ACC AAC AAC TTC GCT GAA GAC GAA CTG GTT GAA GTT GAA GCG,0.2984515390429774
ATG GTT CAG CGT GGT TCT AAA GTT CGT ATC CTG CGT CCG GAA TCT TAC TGG TTC CAG GAC GTT GGT ACC GTT GCG TCT GTT GAC CAG TCT GGT ATC AAG TAC CCG GTT ATT GTT CGT TTC GAG AAG GTG AAC TAC TCT GGC ATC AAC ACC AAC AAC TTC GCG GAA GAC ATC CTG GTT GAA GTT GAG GCT,-0.4761731709688581
ATG GTT CAG CGC GGC TCT AAA GTT CGC ATC CTG CGT CCG GAG TCT TAC TGG TTC CAA GAC GTT GGT ACC GTT GCG TCT GTT GAC CAG TCC GGT ATC AAG TAC CCG GTT ATC GTT CGT TTC TGG ATC GTT AAC TAC TCT GGC ATC AAC ACC AAC AAC TTC GCG GAA GAC GAA CTG GTT GAA GTT GAA GCG,2.809638586384918
ATG GTT CAG CGT GGT TCT AAA GTT CGC ATC CTG CGT CCG GAA TCT TAC TGG TTC CAG GAC GTT GGT ACC GTT GCG TCT GTT AAG CAG ACC GGT ATC AAA TAC CCG GTT ATC GTT CGT TTC GAG AAA GTG AAC TAC TCT GGC ATC AAC ACC AAC AAC TTC GCG GAA GAC GAA CTG GTT GAA GTG GAA GCG,0.2938582781564322
ATG GTT CAG CGT GGC TCC AAA GTT CGT ATC CTG CGC CCA GAA TCT TAT TGG TTC CAG GAC GTT GGT ACC GTT GCG TCT GTT GAC CAG TCT GGT ATC AAA TAC ATC GTG ATC GTG CGC TTC GAA AAG GTT AAC TAC TCT GGC ATC AAT AAC AAC AAC TTC GCG GAA GAC GAA CTG GTT GAA GTT GAA GCG,2.306212821714222
ATG GTT CAG CGT GGT TCT AAA GTT CGT ATC CTC AAG CCA GAA TCT TAT TGG TTC CAG GAC GTT GGT ACC GTT GCG TCT GTT GAC CAG TCT GGC ATC AAA TAC CCA GTT ATC GTT CGT TTC GAG AAG GTT AAC TAC TCC GGT ATC AAC ACC AAC AAC TTC GCG GAA GAC AAA CTG GTT GAA GTT GAA GCG,0.6522923901065425
ATG GTT CAG CGT GGT TCT AAG GTT CGT ATC CTG CGT CCG GAA TCT TAC TGG TTC CAG GAC GTT GGT ACC GTT GCG TCT GTT ATG CAG TAC GGT ATC AAA TAC CCG GTT ATC GTG CGC TTC GAA AAA GTT AAT TAC TCT GGC ATC AAC ACT AAC AAC TTC GCG GAA GAC GAA CTG GTT GAA GTT GAA GCG,0.8591075501383141
ATG GTT CAG CGT GGT TCT AAA GTT CGC ATC CTG ACT CCA GAA TCT TAT TGG TTC CAG GAC GTT GGT ACC GTT GCT TCT GTT GAC CAG TCT GGT ATC AAA TAC CCG GTT ATC GTT CGT TTC GAG AAA GTG AAC TAC TCT GGC ATC AAC ACC AAC AAC TTT GCG GAA GAC ATG CTG GTT GAA GTT GAA GCG,-0.5018331759845615
ATG GTT CAG CGT GGT TCT CGT GTT CGT ATC CTG CGT CCG GAA TCT TAC TGG TTC CAG GAC GTT GGT TTC GTT GCG TCT GTT GAC CAA TCT GGT ATC AAG TAC CCG GTT ATC GTT CGT TTC GAG AAG GTT AAC TAC TCC GGT ATT AAC ACC AAC AAT TTC GCT GAA GAC GAA CTG GTT GAA GTT GAA GCG,1.0135171757745918
ATG GTT CAG CGT GGT TCT AAA GTT CGT ATC CTG CGT CCG GAA TCT TAT TGG TTC CAG GAC GTT GGT ACC GTT GCG TCT GTT GAC CAG TCT GGT ATC AAG TAC CCG GTG ATC GTT CGC TTC GAA AAG GTT AAC TAT TCT GGC ATC AAC ACC TGC AAC TTC GCG GAA GAC GAA CTG GTT GAA GTT GAA GCG,4.622634377886026
ATG GTT CAG CGT GGT TCT AAA GTT CGC CCG CTG CGT CCA GAA TCT TAT CCG TTC CAG GAC GTG GGC ACC GTT GCG TCT GTT GAC CAG TCT GGC ATC AAG TAC CCG GTT ATC GTT CGC TTC GAG AAG GTT AAC TAC TCC GGT ATC AAC ACC AAC AAC TTC GCG GAA GAC GAA CTG GTT GAA GTT GAA GCG,-1.1112239111348026
ATG GTT CAA CGT GGT TCT AAA GTT CGT ATC CTG CGT CCG GAA TCT TAC TGG TTC CAG GAC GTT GGT ACC GTG GCG TCT GTT TGC CAG GTT GGT ATC AAG TAC CCG GTT ATC GTT CGT TTC GAG AAA GTG AAC TAC TCT GGC ATC AAC ACC AAC AAC TTC GCG GAA GAC GAA CTG GTT GAA GTT GAA GCG,1.2988523802918568
ATG GTT CAG CGT GGT TCT AAA GTT CGT ATC CTG CGT CCG GAA TCC TAC TGG TTC CAA GAC GTT GGT ACC GTT GCG TCT GTT GAC CAG TCT GGT ATC AAA TAC CCG GTT ATC GTT CGT TTT GAG AAG GTG AAC TAT TCT GGC ATC AAC AAG AAC AAC TTT GCG GAA GAC GAA CTG GTT GAA GTT GAA GCG,0.478571255739847
ATG GTT CAA CGT GGT TCT AAG GTT CGT ATC CTC TAC CCG GAA TCT TAC TGG TTT CAG GAC GTT GGT ACC GTT GCG TCT GTT GAC CAG TCT GGC ATC AAA TAC CCG GTT ATC GTG CGC TTT GAA AAA GTG AAC TAC TCT GGT ATT AAC ACC AAC AAC TTC GCG GAA GAC TTC CTG GTT GAA GTT GAA GCG,0.2353801438578109
CTG GTG CAG CGT GGT TCT AAA GTT CGT ATC CTG CGT CCG GAA TCT TAC TGG TTC CAG GAC GTT GGT ACC GTT GCG TCT GTT GAC CAG TCT GGC ATC AAG TAC CCG GTT ATC GTT CGT TTC GAG AAG GTT AAC TAC TCC GGT ATC AAC ACC AAC AAC TTC GCG GAA GAC GAA CTG GTT GAA GTT GAA GCG,1.7260725600266982
ATG GTT CAG CGT GGT TCT AAA GTT CGT ATC CTG CGT CCG CTG TCT TAC TGG TTC CAG GAC GTT GGT ACT GTT GCT TCC GTG GAC CAG TCT GGT ATC AAA TAC CCG GTT ATC GTT CGT TTC GAG AAA GTG AAC TAC TCT GGC ATC AAC ACC AAC AAC TTC GCT GAA GAC GAA CTG GTT GAA GTT GAA GCG,1.0993504619551344
ATG GTT CAG CGT GGC TCT AAA GTT CGT ATC CTG CGT CCG GAA TCT TAT TGG TTC CAG GAC GTT GGT ACC GTT GCG TCT GTT GAC CAG TCT GGT ATC AAA TAC CCG GTG ATC GTT CGT TTC GTT TAC GTT AAC TAC TCT GGC ATC AAC ACC AAC AAC TTC GCG GAA GAT GAA CTG GTT GAA GTT GAA GCG,1.9883329296855456
ATG GTG CAA CGT GGT TCC AAA GTT CGT TGG CTG CGT CCG GAA TCT TAC GTT TTC CAG GAC GTT GGT ACC GTT GCG TCT GTT GAC CAG TCT GGC ATT AAG TAC CCG GTT ATC GTT CGC TTC GAA AAG GTT AAC TAC TCC GGT ATC AAC ACC AAC AAC TTC GCG GAA GAC GAA CTG GTT GAA GTT GAG GCT,0.115325666912159
ATG GTT GTT CGC GGT TCT AAA GTT CGT ATC CTG CGT CCG GAA TCT TAC TGG TTC CAG GAC GTT GGT ACC GTT GCG TCT GTT GAC CAG TCT GGC ATC AAA TAC CCG GTG ATC GTT CGT TTC GAG AAG GTT AAC TAC TCC GGT ATC AAC ACC AAC AAC TTC GCG GAA GAC GAA CTG GTT GAA GTT GAA GCG,1.733989440422056
ATG GTT CAG CGT GGC TCT AAA GTG CGT ATC CTG CGT CCG GAA TCT TAC TGG TTT CAG GAC GTT GGT ACC GTT GCG TCT GTT GAC CAG TCT GGC ATC AAG TAC CGT GTT ATC GTT CGT TTC GAG AAG GTT AAC TAC TCC GGT ATC AAC ACC AAC AAC TTC GCG GAA GAC GAG CTG GTT GAA GTT GAG GCG,1.7246282587072086
ATG GTT CAG CGT GGT TCT AAA GTT CGT ATC CTG CGT CCG GAA TCT TAC TGG TTC CAG GAT GTT GGT ACC GTT GCG TCT GTT GAC CAG TCT GGC ATC AAA TAC TGG GTT ATC GTT CGC TTC GAG AAA GTT AAT TAC TCC GGT ATC AAC CAC AAC AAC TTC GCG GAA GAC GAA CTG GTT GAA GTG GAA GCG,2.18609310259274
ATG GTT CAG CGC GGT TCT AAC GTT CGT ATC CTG CGT CCG GAA TCT TAC TGG TTC CAG GAC GTT GGT ACC GTT GCG TCT GTT GAC CAA TCT GGT ATC AAA TAC CCG GTT ATC GTG CGT TTC CCG AAA GTT AAT TAC TCC GGC ATC AAT ACC AAC AAC TTC GCG GAA GAC GAG CTG GTT GAA GTT GAA GCG,-0.0608701737681021
ATG GTT CAG CGT GGC TCC AAA GTG CGT ATC CTG CGT CCG GAA TCT TAC TGG TTT CAG GAC GTT GGT ACC GTT GCG TCT GTT GAC CAG TCC GGT ATC AAG TAT TCT GTG ATC GTT CGC TTT GAG AAA GTG AAC TAC TCC GGC ATC ATG ACC AAC AAC TTC GCG GAA GAC GAA CTG GTT GAA GTT GAA GCG,1.353226990531705
ATG GTT CAG CGT GGT TCT AAA GTT CGT ATC CTG CGT CCG GAA TCT TAC TGG TTC CAG GAC GTT GGT ACC GTT GCG TCT GTT GAC CAG TCT GGT ATC AAA TAC CCG GTT ATC GTT CGT TTC TTC GAC GTT AAC TAC TCC GGC ATT AAC ACC AAC AAC TTC GCG GAG GAC GAA CTG GTT GAA GTT GAA GCG,0.9681533912258536
ATG GTT CAG CGT GGT TCT AAA GTT CGT ATC CTC CGT CCG GAA TCT TAC TGG TTC CAG GAC GTT GGC ACC GTG GCG TCT GTT GAC CAG TCT GGT ATC AAA TAC AAA GTT ATC GTT CGC TTC GAG AAG GTG AAC TAC TCT GGC ATC AAT ACC AAC AAC TTT GCG GAG GAC GAA CTC GTT GAA GTT GAA GCG,1.5815385841629377
ATG GTT GGT CGT GGT TCT AAA GTT CGT ATC CTG CGT CCG GAA TCT TAC TGG TTC CAG GAC GTT GGT ACC GTT GCG TCT GTT GAC CAG TCT GGT ATC AAG TAC CCG GTT ATC GTT CGT TTT GAA AAA GTG AAC TAC TCC GGC ATC AAC ACC AAC AAC TTC GCG GAA GAC GAA CTG GTT GAA GTT GAA GCG,1.0102961698182686
ATG GTT CAG CGT GGT TCT AAA GTT CGT ATC CTG CGT CCG GAA TCT TAC TGG TTC CAG GAC GTT GGT ACC GTT GCG TCT GTT GAC CAG TCC GGT ATC AAA TAC CCA GTT ATT GTG CGT TTC GAG AAG GTT AAC TAC TCT GGC ATC AAC ACC AAC AAC TTC GCG GAA GAC GAA GGT GTG GAA GTT GAG GCT,-0.9853893427887016
ATG GTT CAG CGT GGT TCC AAA GTG CGT AAA CTG CGT CCG GAA TCT TAC CAC TTC CAG GAC GTT GGT ACC GTT GCT TCC GTT GAC CAA TCT GGT ATC AAA TAC CCG GTT ATC GTT CGC TTC GAA AAG GTG AAC TAC TCC GGT ATT AAC ACC AAC AAC TTC GCG GAA GAC GAA CTG GTT GAA GTT GAA GCG,-0.3838632537047987
ATG GTT CAG CGT GGC TCT TCT GTT CGT ATC CTG CGT CCG GAA TCT TAC TGG TTC CAG GAC GTT GGT TGG GTT GCG TCT GTT GAC CAG TCC GGT ATC AAA TAC CCG GTT ATC GTT CGT TTC GAG AAA GTG AAC TAC TCC GGC ATC AAC ACC AAC AAC TTC GCT GAA GAC GAA CTG GTT GAA GTT GAG GCT,0.4726828550416767
ATG GTT CAG CGT GGT TCT AAA GTT CGC ATC CTG CGT CCG GAA TCC TAC TGG TTC CAA GAC GTT GGT ACC GTT GCG TCT GTT GAC CAG TCT GGT ATC AAA TAC CCG GTT ATC GTT CGT TTT CAC GAC GTT AAC TAC TCC GGC ATC AAT ACC AAC AAC TTC GCG GAA GAC GAA CTG GTT GAA GTT GAA GCG,0.529161258021621
ATG GTT CAG CGT GGT TCC TTC GTG CGT ATC CTG CGT CCG GAA TCT TAC TGG TTC CAA GAC GTT GGC ACC GTT GCG TCT GTT GAC CAG TCT GGT ATC AAG TAC CCG GTT ATC GTT CGC TTC CTG AAG GTT AAC TAC TCC GGT ATT AAC ACC AAC AAT TTC GCG GAA GAC GAA CTG GTT GAA GTT GAA GCG,1.3787387826707205
ATG GTT CAG CGT GGT TCT GAA GTT CGT ATC CTG CGT CCG GAA TCT TAC TGG TTC CAG GAC GTT GGT CTG GTG GCG TCT GTT GAC CAG TCC GGC ATC AAA TAC CCG GTT ATC GTT CGT TTC GAG AAA GTG AAC TAC TCC GGT ATT AAC ACC AAC AAC TTC GCG GAA GAC GAA CTG GTT GAA GTT GAA GCG,-0.2065502563600711
ATG GTT CAG TGC GGC TCT AAA GTT CGT ATC CTG CGT CCG GAA TCT TAC TGG TTC CAG GAT GTT GGT ACC GTT GCG TCT GTT GAC CAG TCT GGC ATC AAA TAC CCG GTT ATC GTT CGC TTC GAA AAA GTT AAT TAC TCC GGT ATC AAC ACC AAC AAC TTC GCG GAA GAC GAA CTG GTT GAA GTT GAA GCG,1.9493094075552528
ATG GTT CAG CGT GGT TCT AAA GTT CGT ATC CTG CGT CCG GAA TCT TAC TGG TTC CAG GAC GTT GGT ACC GTT GCG TCT GTT GAC CAG TCC GGT ATC AAG TAC CAG GTT ATC GTT CGT TTC GAG AAG GTT AAC TAC TCT GGT ATC ACC ACC AAC AAC TTC GCG GAA GAC GAA CTG GTT GAA GTT GAA GCG,0.8980725054122691
ATG GTT CAG CGC GGT TCC AAA GTT CGC ATC CTG GCT CCG GAA TCT TAC TGG TTC CAG GAC GTT GGT ACC GTT GCG TCC GTT GAC CAG TCT GGT ATC AAG TAC CCG GTT ATC GTT CGC TTC GAG AAA GTG AAC TAC TCC GGC ATC AAT ACC AAC AAC TTC GCG GAA GAC CAC CTG GTT GAA GTT GAA GCG,-1.0442430284015758
ATG GTT CAG CGT GGT TCT AAA GTT CGT ATC CTG CGT CCG GAA TCT TAC TGG TTC CAG GAC GTT GGT ACC GTT GCG TCT GTT GCG CAG CAC GGT ATC AAA TAC CCG GTT ATC GTT CGC TTC GAG AAA GTG AAC TAC TCC GGT ATT AAC ACC AAC AAC TTC GCG GAA GAC GAA CTG GTT GAA GTT GAA GCG,0.6465136337408636
ATG GTT CAG CGC GGC TCC AAA GTT CGT ATC CTG CGT CCG GAA TCT TAC TGG TTT CAG GAC GTT GGT ACC GTT GCG TCT GTT GAC CAG TCC GGC ATC AAG TAC TAC GTT ATC GTT CGT TTC GAG AAA GTG AAC TAC TCC GGT ATC AAC GAG AAC AAC TTC GCG GAA GAC GAA CTG GTT GAA GTT GAA GCG,1.8944044932553583
ATG GTT CAG CGC GGT TCC AAA GTT CGT ATC CTG CGT CCG GAA TCT TAC TGG TTC CAG GAC GTT GGT ACC GTT GCG TCT GTT TGG CAG GAA GGT ATC AAA TAC CCG GTT ATT GTT CGT TTC GAG AAG GTT AAC TAC TCT GGC ATC AAC ACC AAC AAC TTC GCG GAA GAC GAA CTG GTG GAA GTT GAA GCG,0.3760893401169262
ATG GTT CAG CGT GGT TCT AAA GTT CGT ATC CTG CGT CCG GAA TCT TAC TGG TTC CAG GAC GTT GGT ACC GTT GCT TCT GTG TAC CAG CAC GGC ATC AAA TAC CCG GTG ATT GTT CGT TTC GAG AAG GTG AAC TAC TCT GGT ATC AAC ACC AAC AAC TTC GCG GAA GAC GAA CTG GTT GAA GTG GAA GCG,0.5340934115013698
ATG GTT CAG CGC GGC TCC AAA GTT CGT ATC CTC CGT CCA GAA TCT TAC TGG TTC CAG GAC GTT GGT ACC GTT GCG TCT GTT GAT CAG TCC GGC ATC AAG TAC CCG GTT ATC GTT CGT TTC GGT GGT GTG AAC TAC TCT GGT ATC AAC ACC AAC AAC TTC GCG GAA GAC GAA CTG GTT GAA GTT GAG GCG,0.4073751461176552
ATG GTT CAG CGT GGC TCT AAA GTT CGT GTT CTC CGT CCG GAA TCT TAC ATG TTC CAG GAC GTT GGT ACC GTT GCG TCT GTT GAC CAG TCC GGT ATC AAA TAC CCG GTG ATC GTT CGC TTC GAA AAA GTG AAC TAC TCT GGC ATC AAC ACC AAC AAC TTC GCG GAA GAT GAA CTG GTT GAA GTT GAA GCG,-0.2454656324831253
ATG GTT CAG CGT GGT TCT AAA GTT CGT ATC CTG CGT CCG GAA TCT TAC TGG TTC CAG GAC GTG GGT ACT GTT GCG TCT GTT GAC CAG TCC GGT ATC AAA TAC CCG GTT ATC GTG CGT TTT GAG AAA GTG AAC TAC TCC GGC ATC GAA ACC AAC AAC TTC GCG GAA GAC GAA CTG GTT GAA GTT GAA GCG,-0.1512110221659433
ATG GTT CAG CGT GGT TCT AAA GTT CGC ATC CTG ATC CCG GAA TCT TAT TGG TTC CAG GAC GTT GGT ACC GTT GCG TCT GTT GAC CAG TCT GGC ATC AAA TAC CCG GTT ATC GTT CGT TTC GAG AAG GTT AAC TAC TCC GGT ATC AAC ACC AAC AAC TTC GCT GAA GAC CAT CTC GTT GAA GTT GAA GCG,0.0978458310320243
ATG GTT CAG CGT GGC TCC AAA GTT CGT ATC CTG CGT CCG GAA TCT TAC TGG TTC CAA GAC GTT GGT ACC GTT GCG TCT GTT GAC CAG TCT GGC ATC AAG TAC GAC GTT ATC GTT CGT TTC GAG AAA GTT AAT TAC TCC GGT ATC GAC ACC AAC AAC TTC GCG GAA GAC GAA CTG GTT GAA GTT GAA GCG,0.7805373593261771
ATG GTT CAG CGC GGC TCT AAA GTT CGC ATT CTG TTT CCG GAG TCT TAT TGG TTC CAG GAC GTT GGT ACC GTT GCG TCT GTT GAC CAG TCC GGT ATC AAA TAC CCG GTT ATC GTT CGT TTC GAG AAG GTT AAC TAC TCT GGC ATC AAC ACC AAC AAC TTC GCT GAA GAC TGC CTG GTT GAA GTT GAA GCG,1.2236134062380657
ATG GTT CAG CGT GGC TCC AAA GTT CGT ATC CTG CGT CCG GAA TCT TAC TGG TTC CAG GAC GTT GGT ACC GTT GCG TCT GTT GAC CAG TCC GGT ATT AAG TAT CCG GTT ATC GTT CGC TTC TGC AAC GTT AAC TAC TCT GGT ATC AAC ACC AAC AAT TTC GCG GAA GAC GAA CTG GTT GAA GTT GAA GCG,1.7744230245097614
ATG GTT CAG CGT GGT TCT AAA GTT CGC ATC CTG CGT CCA GAA TCT TAC TGG TTT CAG GAC GTT GGT ACC GTT GCG TCT GTT GAC CAG TCC GGT ATC AAA TAC CCG GTT ATC GTG CGT TTT GAA AAA GTG AAC TAC TCT GGC ATC AAC ACC AAT AAC AAC GCG GAA GAC GAA ACC GTT GAA GTG GAA GCG,-0.1008796760074176
ATG GTT CAG CGT GGT TCC AAA GTT CGT ATC CTG CGT CCG GAA TCT TAC TGG TTT CAG GAC GTT GGT ACC GTT GCG TCT GTT GAC CAG ATG GGT ATC AAA TAC CCG GTT ATC GTT CGC TTC GAA AAA GTT AAT TAC TCT GGC ATC AAC ACC AAC AAC TTC GCG GAA GAC GAA CTG GTT GAG GTT GAA GCG,0.652431162695793
ATG GTT CAA CGT GGC TCT AAA GTT CGT ATC CTG AAC CCG GAA TCT TAT TGG TTC CAG GAC GTT GGT ACC GTT GCG TCT GTT GAC CAG TCT GGC ATC AAA TAC CCG GTT ATC GTG CGT TTC GAG AAA GTG AAC TAC TCT GGT ATC AAC ACC AAC AAC TTC GCG GAA GAC AAC CTG GTT GAA GTT GAA GCG,-0.8528232175977042
ATG GTT CAG CGT GGC TCT AAA GTT CGT ATC CTG CGT CCG GAA TCT TAC TGG TTC CAG GAC GTT GGT ACC GTT GCG TCT GTT GAC CAG TCT GGC ATC AAG TAC CCG GTT ATC GTG CGT TTC GAG AAA GTG AAC TAC TCC GGT ATC AAC ACC AAC AAT GTT GCG GAG GAC GAA ATC GTT GAA GTT GAA GCG,-0.4200580418684924
ATG GTT CAG CGT GGT TCT AAA GTG CGC CCA CTG CGT CCG GAA TCT TAC TGC TTC CAG GAC GTT GGT ACC GTT GCG TCT GTT GAC CAG TCT GGT ATC AAG TAC CCG GTG ATC GTT CGT TTC GAG AAG GTT AAC TAC TCC GGT ATT AAC ACC AAC AAC TTC GCG GAA GAC GAA CTG GTT GAA GTT GAA GCG,0.2820090106241366
ATG GTT CAG CGC GGT TCC AAA GTT CGT ATC CTG CGT CCG GAA TCT TAT TGG TTC CAG GAC GTT GGT ACC GTT GCG TCT GTT GAC CAG TCC GGC ATC AAA TAC CCG GTT ATC GTT CGT TTC TGC CAC GTT AAC TAC TCT GGT ATC AAC ACC AAC AAC TTC GCG GAA GAT GAA CTG GTT GAA GTT GAA GCG,1.89906009063312
ATG GTT CAG CGT GGT TCT AAA GTT CGT ATC CTG ATG CCG GAA TCT TAC TGG TTC CAG GAC GTT GGT ACC GTT GCG TCT GTT GAC CAG TCT GGT ATC AAA TAC CCG GTT ATC GTT CGT TTC GAG AAG GTT AAC TAC TCC GGT ATT AAC ACC AAC AAC TTT GCG GAA GAC AAC CTG GTT GAA GTT GAA GCG,-0.7552767543638204
ATG GTT CAG CGT GGC TCT AAA GTT CGT ATC CTG CGT CCG GAA TCT TAC TGG TTC CAA GAC GTT GGT ACC GTT GCG TCT GTT GAC CAG TCC GGC ATT AAG TAC TGC GTG ATC GTG CGT TTC GAG AAG GTT AAC TAC TCT GGT ATC AAC AAC AAT AAC TTC GCG GAA GAC GAG CTG GTT GAA GTT GAA GCG,1.9111146177995808
ATG GTT CAG CGT GGC TCT AAA GTT CGT ATT CTG CGT CCG GAA TCT TAC TGG TTC CAG GAC GTT GGT ACC GTT GCG TCT GTT GAC CAG TCT GGC ATC AAA TAC TAC GTG ATC GTT CGC TTC GAG AAA GTT AAT TAC TCC GGT ATC CTC ACC AAC AAC TTC GCG GAA GAT GAA CTC GTG GAA GTT GAA GCG,2.232233321080952
ATG GTT CAG CGC GGT TCT AAA GTT CGT TAC CTG CGT CCG GAA TCT TAT ATC TTC CAA GAC GTT GGT ACC GTT GCG TCT GTT GAC CAG TCT GGT ATC AAA TAC CCG GTT ATC GTT CGC TTC GAA AAG GTG AAC TAC TCT GGC ATC AAC ACC AAC AAC TTC GCG GAA GAT GAA CTG GTT GAA GTT GAA GCG,0.0363918197770068
ATG GTT CAG CGT GGT TCT AAA GTT CGT ATC CTG CGT CCG GAA TCT TAC TGG TTC CAG GAC GTG GGT ACC GTT GCG TCT GTT GAC CAG TCT GGT ATC AAA TAC CCG GTT ATC GTT GAC TTC GAG AAG GTG AAT TAT TCT GGC ATC AAC ACC AAC AAC TTC GCG GAA GAC GAA CTG GTG GAA GTT GAA GCG,0.1150566704369438
ATG GTT CAG CGT GGC TCT AAA GTG CGT ATC CTG CGT CCG GAA TCT TAC TGG TTC CAG GAC GTT GGT ACC GTT GCG TCT GTT GAC CAG TCT GGT ATC AAA TAC TAC GTG ATC GTG CGC TTC GAA AAA GTT AAT TAC TCT GGC ATC AAC CTG AAC AAC TTC GCG GAA GAC GAA CTG GTT GAA GTT GAA GCG,2.131572534288852
ATG GTT CAG CGT GGC TCC AAA GTT CGT ATC CTG CGT CCG GAA TCT TAC TGG TTC CAG GAC GTT GGT ACC GTT GCG TCT GTT GAC CAG TCC GGC ATC AAA TAC CCA GTG ATC GTT CGT TTC GAG AAG GTT AAC TAC TCT GGT ATC AAC ACC AAC AAC CGT GCG GAA GAC GAA ATG GTT GAA GTT GAA GCG,-0.620210564092007
ATG GTT CAG CGT GGT TCC AAG GTT CGT ATC CTG CGT CCG GAA TCT TAC TGG TTT CAG GAC GTT GGT ACC GTT GCG TCT GTT GAC CAG TCT GGC ATC AAA TAC CCG GTT ATC GTT CGT TTT CAG AAC GTT AAC TAC TCC GGT ATC AAC ACC AAC AAC TTC GCG GAA GAT GAA CTG GTG GAA GTT GAA GCG,1.3929793333430125
ATG GTG CAG CGC GGT TCT AAA GTT CGT ATC CTC TAC CCG GAA TCT TAC TGG TTC CAG GAC GTT GGT ACC GTT GCG TCT GTT GAC CAG TCT GGC ATC AAA TAC CCG GTT ATC GTG CGT TTC GAG AAA GTG AAC TAC TCC GGT ATC AAC ACC AAC AAC TTC GCG GAA GAC GAA CTG GTT GAA GTT GAA GCG,-0.261427733102667
ATG GTT CAG CGT GGT TCC AAG GTT CGT ATC CTG CGT CCG GAA TCT TAC TGG TTT CAG GAC GTT GGC ACC GTT GCT TCT GTT GAC CAG TCT GGC ATC AAG TAC CCG GTT ATC GTT CGT TTC TGC GAC GTT AAC TAC TCT GGT ATC AAC ACC AAC AAC TTC GCG GAA GAC GAA CTG GTT GAA GTT GAG GCG,1.200119282510852
ATG GTT CAG CGC GGT TCC CTG GTT CGT ATT CTG CGT CCG GAA TCT TAC TGG TTC CAA GAC GTT GGT ACC GTT GCG TCT GTT GAC CAG TCT GGT ATC AAA TAC CCG GTT ATC GTG CGT TTC CAG AAA GTG AAC TAC TCT GGC ATC AAC ACC AAC AAC TTT GCG GAA GAC GAA CTG GTT GAA GTT GAA GCG,2.0492976025614205
ATG GTT CAG CGT GGC TCT AAA GTT CGT ATC CTG CGT CCG GAA TCT TAC TGG TTC CAG GAC GTT GGT ACC GTT GCG TCT GTT GAC CAG TCT GGT ATC AAG TAC CCG GTT ATC GTT CGC TTC GAG AAG GTT AAC TAC TCT GGC ATC AAC ACC AAC AAC GAA GCG GAA GAC GAA TAC GTT GAA GTT GAA GCG,-0.0311760551592213
ATG GTT CAG CGT GGT TCT AAA GTT CGT ATC CTG CGT CCG GAA TCT TAC TGG TTC CAA GAC GTT GGT ACC GTT GCG TCT GTT GAC CAG TCT GGC ATC AAA TAC CCG GTT ATC GTT CGT TTC ATG GCG GTT AAC TAC TCT GGT ATC AAC ACC AAC AAC TTC GCG GAA GAC GAA CTG GTT GAA GTT GAA GCG,0.916042690872944
ATG GTT CAG CGT GGT TCT TTC GTT CGT ATC CTG CGT CCG GAA TCT TAT TGG TTC CAG GAC GTT GGT TAC GTT GCG TCT GTT GAC CAG TCC GGC ATC AAA TAC CCG GTT ATC GTT CGC TTC GAG AAA GTG AAC TAT TCT GGT ATC AAC ACC AAC AAT TTC GCG GAA GAC GAA CTG GTT GAA GTT GAA GCG,1.3167375360630411
ATG GTT CAG CGT GGT TCT TGG GTT CGT ATC CTG CGT CCG GAA TCT TAC TGG TTC CAG GAT GTT GGC CAG GTT GCG TCT GTT GAC CAG TCC GGC ATC AAA TAC CCG GTT ATC GTT CGT TTT GAA AAG GTG AAC TAC TCC GGT ATC AAC ACC AAC AAC TTC GCG GAA GAC GAA CTG GTT GAA GTG GAG GCT,2.9284553319954507
ATG GTT CAG CGT GGC TCT AAA GTT CGT ATC CTG CGT CCG GAA TCT TAC TGG TTC CAG GAC GTT GGT ACC GTT GCG TCT GTG GAC CAG TCT GGT ATC AAA TAC CCG GTT ATC GTT CGT TTT GAG AAA TAC AAC TAC TCC GGC ATC AAC ACC AAC AAC TTC GCG GAA GAC GAA CTG GTT GAG GTG GAA GCG,3.795385420471864
ATG GTT CAG CGT GGC TCC GGT GTT CGT ATC CTG CGT CCG GAA TCT TAC TGG TTC CAG GAT GTT GGT AAT GTT GCG TCT GTT GAC CAG TCC GGC ATC AAA TAC CCG GTT ATC GTG CGT TTC GAG AAG GTT AAC TAC TCC GGT ATC AAC ACC AAC AAT TTC GCG GAA GAC GAA CTG GTT GAA GTT GAA GCG,-1.081101603367146
ATG GTT CAG CGT GGT TCT AAA GTT CGT ATC CTG CGT CCG GAA TCT TAC TGG TTC CAG GAC GTT GGT ACC GTT ACC TCT GTT GAC CAG TCC GGC ATC AAA TAC CCG GTT ATC GTG CGC TTC GAA AAG GTT AAC TAT TCT GGT ATC AAC ACC AAC AAT TTC GCG GAA GAC GAA CTG GTT GAG GTT GAA GCG,2.505418394103751
ATG GTT CAA CGT GGC TCC AAA GTT CGT ATC CTG CGT CCG GAA TCT TAC TGG TTC CAA GAC GTT GGT ACC GTT GCG TCT GTT GAC CAG TCT GGC ATC AAA TAC CCG GTT ATC GTT CGC TTC GAA AAG GTG AAC TAC TCT GGT ATC AAC ACC AAC AAC TCT GCG GAA GAC GAA ACC GTT GAA GTT GAA GCG,-0.825067504415893
ATG GTT CAG CGT GGT TCC AAA GTT CGT ATC CTG CGT CCG GAA TCT TAC TGG TTT CAG GAC GTT GGC ACC GTT GCG TCT GTT GAC CAG TCC GGT ATC AAA TAC AAC GTG ATC GTT CGT TTC GAG AAG GTG AAC TAC TCT GGC ATC CGT ACC AAT AAC TTC GCG GAA GAC GAA CTG GTT GAA GTT GAA GCG,1.5657921603033929
ATG GTT CAG CGT GGT TCT AAA GTT CGT ATC CTG CGT CCG GAA TCT TAC TGG TTC CAG GAT GTT GGT ACC GTT GCG TCT GTG GAC CAG TCT GGC ATC AAA TAC CCG GTT ATC GTT CGT TTT GAG AAA GTG AAC TAC TCC GGT ATC AAC ACC AAC AAC ACC GCG GAA GAC GAA TCT GTT GAA GTT GAA GCG,-0.7460292109708339
ATG GTT CAG CGT GGC TCT AAA GTT CGT ATC CTG CGT CCG GAA TCT TAC TGG TTC CAG GAC GTT GGT ACC GTT GCG TCT GTT GAC CAG TCT GGT ATC AAA TAC CCG GTT ATC GTT CGT TTC ACC TGG GTT AAC TAC TCC GGT ATT AAC ACC AAC AAC TTC GCG GAA GAC GAA CTG GTT GAA GTT GAA GCG,1.6497667010500674
ATG GTT CAG CGT GGT TCT AAA GTT CGT ATC CTG CGT CCG GAA TCT TAC TGG TTT CAG GAC GTT GGT ACC GTT GCG TCT GTT GAC CAG TCT GGT ATC AAA TAC TCC GTT ATC GTT CGC TTC GAA AAG GTT AAC TAC TCT GGC ATC AAC ACC AAC AAC TTC GCG GAA GAC GAA CTG GTT GAA GTT GAA GCG,1.5244093146088988
ATG GTT CAG CGT GGT TCT AAA GTT CGT ATC CTG CGT CCG GAA TCT TAC TGG TTC CAG GAC GTT GGT ACC GTT GCG TCT GTT GAT CAG TCT GGC ATC AAA TAC CCG GTT ATC GTG CGT TTT TGC TGG GTT AAC TAC TCT GGT ATC AAC ACC AAC AAC TTC GCG GAA GAC GAA CTG GTT GAA GTT GAG GCT,2.4925692604553857
ATG GTT CAG CGT GGT TCC AAA GTT CGT ATC CTG CGT CCG GAA TCT TAC TGG TTT CAG GAC GTT GGT ACC GTT GCG TCT GTT GAC CAG TCT GGT ATC AAG TAC CCG GTT ATC GTT CGT TTC GAG AAG GTT AAC TAC TCC GGC ATC AAC ACC AAC AAC TTC GCG GAA GAC GAA CTG GTT CTG GTT GAA GCG,3.3999312618827906
ATG GTT CAG CGT GGT TCT AAA GTT CGT ATC CTG CGT CCG GAA TCT TAC TGG TTT CAG GAC GTT GGT ACC GTT GCG TCT GTT GAC CAG TCT GGT ATC AAG TAC GAC GTT ATC GTT CGC TTC GAA AAA GTG AAC TAC TCT GGC ATC AAG ACC AAC AAC TTC GCG GAA GAC GAA CTG GTT GAA GTG GAA GCG,0.4376459693325993
ATG GTG CAA CGC GGT TCT AAG GTT CGT ATC CTG AAC CCG GAA TCT TAC TGG TTT CAG GAC GTT GGT ACC GTT GCG TCC GTT GAC CAG TCC GGT ATT AAG TAC CCG GTT ATC GTG CGC TTC GAA AAA GTG AAC TAC TCT GGT ATC AAC ACC AAC AAC TTT GCG GAG GAT GGT CTG GTT GAG GTG GAA GCG,-2.1452365622096403
ATG GTT CAG CGT GGT TCT TAC GTG CGT ATC CTG CGT CCG GAA TCT TAT TGG TTC CAG GAC GTT GGT CAG GTT GCG TCT GTT GAC CAG TCT GGT ATC AAG TAC CCG GTT ATC GTT CGT TTC GAG AAG GTT AAC TAC TCT GGC ATC AAC ACC AAC AAC TTC GCG GAA GAC GAA CTG GTT GAA GTT GAA GCG,1.896382068997464
ATG GTT CAG CGT GGT TCT AAA GTT CGT ATC CTG CGT CCG GAA TCT TAC TGG TTC CAA GAC GTT GGT ACC GTT GCG TCT GTT CAG CAG CCG GGT ATC AAA TAT CCG GTG ATC GTT CGT TTC GAG AAA GTG AAC TAC TCT GGC ATC AAC ACC AAC AAC TTC GCG GAA GAC GAA CTG GTT GAA GTT GAA GCG,0.5693573953308486
ATG GTT CAG CGT GGC TCT AAA GTT CGT ATC CTG CGT CCG GAA TCT TAC TGG TTC CAG GAC GTT GGT ACC GTT GCG TCT GTT GAC CAG TCT GGT ATC AAA TAC CCG GTT ATC GTG CGT TTC GAG AAA GTG AAC TAT TCT GGC ATC AAC ACC AAC AAC TAC GCG GAG GAC GAA TGG GTG GAA GTT GAA GCG,-0.2726061726211933
ATG GTT CAG CGT GGC TCC AAG GTT CGT ATC CTG CGT CCG GAA TCT TAC TGG TTC CAA GAC GTT GGT ACC GTT GCG TCT GTT GAC CAA TCT GGC ATC AAA TAC CCG GTT ATC GTT CGC TTC GAA AAG GTG AAC TAC TCC GGT ATC AAC ACC AAC AAT TCT GCG GAA GAC GAA CAC GTT GAA GTT GAG GCG,-0.5343512430744655
ATG GTT CAG CGT GGC TCT AAA GTT CGT GTT CTC CGT CCG GAA TCT TAC TGC TTC CAG GAC GTT GGT ACC GTT GCG TCT GTT GAC CAG TCC GGC ATC AAG TAC CCG GTT ATC GTG CGC TTC GAA AAA GTG AAC TAC TCT GGT ATC AAC ACC AAC AAC TTC GCG GAA GAC GAA CTG GTT GAG GTT GAA GCG,0.1477610542593096
ATG GTT CAG CGT GGT TCT GTT GTT CGT ATC CTG CGT CCG GAA TCT TAT TGG TTC CAG GAC GTT GGT TGC GTT GCG TCT GTT GAC CAG TCT GGC ATC AAA TAC CCG GTT ATC GTG CGT TTC GAG AAA GTG AAC TAT TCT GGT ATC AAC ACC AAC AAC TTC GCG GAA GAC GAA CTG GTT GAA GTG GAA GCG,1.503490087925221
ATG GTT CAG CGC GGT TCT AAA GTT CGT TCT CTC CGT CCG GAA TCT TAC CAC TTC CAG GAT GTT GGT ACC GTT GCG TCT GTT GAC CAG TCT GGT ATC AAG TAC CCG GTG ATC GTT CGT TTC GAG AAG GTT AAT TAC TCT GGC ATC AAC ACC AAC AAC TTC GCG GAA GAC GAG CTG GTT GAA GTT GAA GCG,-1.6810480885598986
ATG GTT CAG CGT GGT TCT AAA GTT CGC ATC CTG CGT CCG GAA TCT TAC TGG TTC CAG GAC GTT GGT ACC GTT GCG TCT GTT GAC CAG TCC GGT ATC AAA TAC CCG GTT ATC GTT CGT TTC GTT CCG GTG AAC TAC TCT GGT ATT AAC ACC AAC AAC TTC GCG GAA GAT GAA CTG GTT GAA GTT GAA GCG,0.3370033850743288
ATG GTT CAG CGT GGC TCT AAA GTT CGT ATC CTC CGC CCA GAA TCT TAC TGG TTC CAG GAC GTT GGT ACC GTT GCG TCC GTT GAC CAG TCT GGC ATC AAA TAC CCG GTT ATC GTT CGC TTC GAG AAA GTG AAC TAC TCC GGT ATC AAC ACC AAC AAC TTC GCG GAA GAC CCA CTG GTT GAG GTT GAA GCG,0.0600533697024815
ATG GTT CAG CGC GGT TCT AAA GTT CGT ATC CTG TAC CCG GAG TCT TAC TGG TTC CAG GAC GTT GGC ACC GTT GCG TCC GTT GAC CAG TCC GGT ATC AAG TAT CCG GTG ATC GTG CGT TTC GAG AAA GTG AAC TAC TCT GGC ATC AAC ACC AAC AAC TTC GCT GAA GAC GCG CTG GTT GAA GTT GAA GCG,-0.4063452014980204
ATG GTT CAG CGT GGT TCT AAA GTT CGT ATC CTC CGT CCG GAA TCT TAC TGG TTC CAA GAC GTT GGT ACC GTT GCG TCT GTG ATC CAG CCA GGT ATC AAA TAC CCG GTT ATC GTT CGT TTC GAG AAA GTG AAC TAT TCC GGC ATC AAC ACC AAC AAT TTC GCG GAA GAC GAA CTG GTT GAA GTT GAA GCG,0.1315882958380582
ATG GTT CAG CGC GGT TCT AAA GTT CGT ATC CTG CGT CCG GAA TCT TAC TGG TTC CAG GAC GTT GGT ACC GTT GCG TCT GTT GAC CAG TCC GGC ATT AAG TAC CCG GTT ATC GTT CGT TTC GAG AAG GTT AAC TAC TCT GGT ATC AAC ACC AAC AAC TTC GCG GAG GAT GAA CTG GTT GAA GTT CTG GCT,1.478870428430148
ATG GTT CAG CGT GGT TCT CTG GTT CGT ATC CTG CGT CCG GAA TCT TAT TGG TTC CAG GAC GTT GGT CGT GTT GCG TCT GTT GAC CAG TCC GGT ATT AAG TAC CCA GTT ATC GTT CGT TTC GAG AAG GTT AAC TAC TCT GGT ATC AAC ACC AAC AAC TTC GCT GAA GAC GAA CTG GTT GAA GTT GAG GCT,1.5604710730573697
ATG GTT CAG CGT GGT TCT AAA GTT CGT ATC CTG CGT CCG GAA TCT TAC TGG TTT CAG GAC GTT GGT ACC GTT GCG TCT GTT GAC CAG TCT GGC ATC AAA TAC GAA GTT ATC GTG CGC TTC GAA AAA GTT AAT TAC TCC GGT ATC AAC TGC AAC AAC TTT GCG GAA GAC GAA CTG GTG GAA GTT GAA GCG,1.4795387315502042
ATG GTT CAG CGT GGC TCT AAA GTT CGT ATC CTG ACT CCA GAA TCT TAC TGG TTC CAG GAC GTT GGT ACC GTT GCG TCT GTT GAC CAG TCC GGT ATC AAG TAC CCG GTT ATC GTT CGC TTT GAA AAG GTT AAC TAC TCT GGC ATC AAC ACC AAC AAC TTC GCG GAA GAC GAA CTG GTT GAA GTG GAA GCG,0.5819114376067144
ATG GTT CAG CGC GGC TCC AAA GTT CGT ATC CTG CGT CCG GAA TCT TAC TGG TTT CAG GAC GTT GGT ACC GTT GCG TCT GTT GAC CAG TCT GGC ATC AAA TAC CCG GTT ATC GTT CGC TTC GAG AAA GTG AAC TAT TCT GGT ATC AAC ACC AAC AAC ACC GCG GAA GAC GAA TGG GTT GAA GTT GAA GCG,-0.5829097067136219
ATG GTT CAG CGT GGT TCT AAA GTT CGT ATC CTG CGT CCG GAA TCT TAC TGG TTC CAG GAC ATG GGT ACC GTT GCG TCT GTT GAC CAG TCT GGT ATC AAA TAC CCG GTT ATC GTT CGT TTC GAG AAA GTG AAC TAC TCC GGC ATC AAC ACC AAC AAC TTC GCG GAA GAC GAA CTG GTT GAA GTT GAA GCG,0.14934150617484
ATG GTT CAG CGT GGT TCC AAA GTG CGT ATC CTG CGT CCG GAA TCT TAC TGG TTT CAG GAC GTT GGC ACC GTT GCG TCT GTT GAC CAG TCT GGT ATC AAA TAC CCG GTT ATC GTG CGT TTC GAG AAG GTG AAC TAC TCT GGC ATC AAC ACC AAT AAC AAC GCG GAA GAC GAA TGG GTT GAA GTT GAA GCG,0.3337236226558959
ATG GTT CAG CGT GGC TCT AAA GTT CGT ATC CTG CGT CCG GAA TCT TAC TGG TTC CAA GAC GTT GGT ACC GTT GCG TCT GTT GAC CAG TCC GGT ATC AAA TAC TTC GTT ATC GTT CGC TTC GAA AAG GTT AAC TAC TCT GGT ATC GAC ACC AAC AAC TTC GCG GAA GAC GAA CTG GTT GAA GTT GAA GCG,2.189294806757939
ATG GTT CAG CGT GGT TCT AAA GTT CGT ATC CTG CGT CCG GAA TCT TAC TGG TTC CAG GAC GTT GGT ACC GTT GCG TCT GTG GAC CAG TCT GGC ATC AAA TAC CCG GTT ATC GTT CGT TTT GAA AAA CAC AAC TAC TCT GGT ATC AAC ACC AAC AAC TTC GCT GAA GAT GAA CTG GTT GAA GTT GAA GCG,1.9532012327831847
ATG GTT CAG CGT GGT TCT AAA GTT CGT GGT CTG CGT CCG GAA TCT TAC GAC TTC CAG GAC GTT GGT ACC GTT GCG TCT GTT GAC CAG TCT GGT ATC AAA TAC CCG GTT ATC GTT CGC TTC GAA AAG GTT AAC TAC TCT GGC ATC AAC ACC AAC AAC TTC GCG GAA GAC GAA CTG GTT GAA GTT GAA GCG,-0.72520844520619
ATG GTT CAG CGC GGC TCC AAA GTT CGT ATC CTG CGT CCG GAA TCT TAC TGG TTT CAG GAC GTT GGT ACC GTT GCG TCT GTT GAC CAG TCT GGC ATC AAA TAC CTG GTT ATC GTT CGC TTC GAA AAA GTG AAC TAC TCT GGT ATC CAG ACC AAC AAC TTC GCG GAA GAC GAA CTG GTT GAA GTT GAA GCG,2.508177210224824
ATG GTT CAG CGC GGT TCT AAA GTT CGT ATC CTG CGT CCG GAA TCT TAC TGG TTC CAG GAC GTT GGT ACC GTT GCG TCT GTT GAC CAG TCT GGC ATC AAA TAC CCA GTT ATC GTG CGT TTC AAC TAC GTG AAC TAC TCT GGT ATC AAC ACC AAC AAT TTC GCG GAA GAT GAG CTG GTT GAA GTG GAA GCG,0.9670056518114788
ATG GTT CAG CGC GGT TCT AAA GTT CGT ATC CTG CGT CCG GAA TCT TAC TGG TTC CAG GAC GTT GGT ACC GTT GCG TCT GTG GAC CAA TCC GGC ATT AAG TAC CCG GTG ATC GTT CGC TTC GAG AAA GTG AAC TAC TCT GGT ATC AAC ACC AAC AAC CCA GCT GAA GAC GAA CTG GTT GAG GTT GAA GCG,-0.6551787444310344
ATG GTT CAG CGT GGT TCT AAA GTT CGT ATC CAC CGT CCG GAA TCT TAC TGG TTC CAG GAC GTT GGT ACC GTT GCG TCC GTT GAC CAG TCT GGC ATC AAA TAC CCG GTT ATC GTT CGC TTC GAG AAA GTG AAC TAC TCC GGT ATC AAC ACC AAC AAC TTC GCG GAA GAC GAA CTG GTT GAA GTT GAA GCG,-0.2647279498388168
ATG GTT CAG CGT GGT TCT AAA GTT CGT ATC CTG CGT CCG GAA TCT TAC TGG TTC CAG GAC GTT GGT ACC GTT GCG TCT GTT GAC CAG TCC GGC ATC AAA TAC CCG GTG ATC GTT CGT TTC GAG AAG GTG AAC TAC TCT GGT ATC AAC ACC AAC AAC GAC GCG GAA GAC GAG CCG GTT GAA GTT GAA GCG,-1.6955180878212837
ATG GTT CAG CGT GGC TCT AAG GTT CGT ATC CTG CGT CCA GAA TCT TAC TGG TTC CAG GAC GTT GGT ACC GTT GCG TCC GTT GAC CAG TCC GGT ATC AAG TAC TAC GTT ATC GTG CGC TTC GAA AAG GTT AAC TAC TCC GGC ATC AAC AAA AAC AAC TTC GCT GAA GAT GAG CTG GTT GAA GTT GAA GCG,2.0899540760771105
ATG GTT CAG CGT GGT TCT AAA GTT CGT ATC CTG CGT CCG GAA TCT TAC TGG TTC CAG GAC GTT GGT ACC GTT GCG TCT GTT GAC CAG TCT GGC ATC AAA TAC CCG GTT ATC GTT CGT TTC ACC AAA GTG AAC TAC TCT GGT ATC AAC ACC AAC AAC TTC GCG GAA GAC GAA CTG GTT GAA GTT GAG GCT,1.5691954822497132
ATG GTT CAG CGC GGT TCT AAA GTT CGT ATC CCG CGT CCG GAA TCT TAC TGG TTC CAG GAC GTT GGT ACC GTT GCT TCT GTT GAC CAG TCT GGC ATC AAA TAC CCG GTT ATC GTT CGC TTC GAA AAA GTG AAC TAC TCC GGT ATC AAC ACC AAC AAC TTC GCT GAA GAC GAA CTG GTT GAA GTT GAA GCG,-0.3226466465851038
ATG GTT CAG CGT GGT TCT AAG GTT CGT ATC CTG AAC CCG GAA TCT TAC TGG TTC CAA GAC GTT GGT ACC GTT GCG TCT GTT GAC CAG TCT GGT ATC AAA TAC CCG GTT ATC GTT CGT TTC GAG AAG GTT AAC TAC TCC GGT ATT AAC ACC AAC AAC TTC GCG GAA GAC AAA CTG GTT GAA GTT GAA GCG,-2.5260168274278207
ATG GTT CAG CGT GGT TCT AAA GTT CGT ATC CTG CGT CCG GAA TCT TAC TGG TTC CAA GAC GTT GGT ACC GTT GCG TCT GTT GAC CAG TCC GGT ATC AAA TAC AAC GTT ATC GTT CGC TTC GAG AAA GTT AAT TAC TCT GGT ATC CCA ACC AAC AAC TTC GCG GAA GAC GAA CTG GTT GAG GTT GAA GCG,0.832009624800575
ATG GTT CAG CGT GGT TCT AAA GTT CGT ATC CTG CGT CCG GAA TCT TAC TGG TTC CAG GAT GTT GGT ACC GTT GCG TCT GTT GAC CAG TCC GGT ATC AAG TAC CCG GTT ATC GTT CGT TTC GAG AAA GTG AAC TAC TCT GGC ATC AAC ACC AAC AAT GGT GCG GAA GAC GAA GAC GTT GAA GTT GAA GCG,-0.2435933668935004
ATG GTT CAG CGT GGC TCT AAA GTT CGT ATC CTG CGT CCG GAA TCT TAC TGG TTC CAG GAC GTT GGT ACC GTT GCT TCT GTT GAC CAG TCT GGC ATC AAG TAC TCT GTT ATC GTG CGC TTC GAA AAG GTG AAC TAC TCT GGT ATC AAC ATG AAT AAC TTC GCG GAA GAC GAA CTG GTT GAA GTT GAG GCG,1.627147041837056
ATG GTT CAG CGT GGT TCT AAA GTT CGT ATC CTG CGT CCG GAA TCT TAC TGG TTC CAA GAC GTT GGT ACC GTT GCG TCT GTT GAC CAG TCC GGT ATC AAG TAT CCG GTT ATC GTT CGT TTC GAG AAA GTG AAC TAC TCT GGC ATC AAC ACC AAC AAC ACC GCG GAA GAC GAA GAA GTT GAG GTT GAA GCG,-0.5942342943192709
ATG GTT CAG CGT GGT TCT AAA GTT CGT ATC CTG CCG CCA GAA TCT TAC TGG TTC CAG GAC GTT GGT ACC GTT GCG TCT GTT GAC CAG TCT GGT ATC AAG TAC CCG GTT ATC GTT CGT TTC GAG AAG GTT AAC TAC TCC GGC ATC AAT ACC AAC AAC TTC GCG GAA GAT TGC CTG GTT GAA GTT GAA GCG,0.2617099649539676
ATG GTT CAG CGT GGC TCT ATG GTG CGC ATC CTC CGC CCA GAA TCT TAC TGG TTC CAG GAC GTT GGC GTG GTT GCG TCT GTT GAC CAG TCC GGT ATT AAG TAC CCG GTT ATC GTT CGC TTC GAA AAA GTG AAC TAC TCT GGT ATC AAC ACC AAC AAC TTC GCT GAA GAC GAA CTG GTT GAA GTT GAA GCG,2.1603081755178737
ATG GTT CAG CGT GGT TCC AAA GTT CGT ATC CTG CGT CCG GAA TCT TAC TGG TTT CAG GAC GTT GGT ACC GTT GCG TCT GTT GAC CAG TCT GGT ATT AAG TAC ACC GTT ATC GTT CGT TTC GAG AAG GTT AAC TAC TCC GGT ATC AAC CTG AAC AAC TTC GCG GAA GAC GAA CTG GTT GAA GTT GAA GCG,1.563599757926324
ATG GTT CAG CGT GGT TCT CCG GTT CGT ATC CTG CGT CCG GAA TCT TAC TGG TTC CAG GAT GTT GGT ACC GTT GCG TCT GTT GAC CAG TCC GGT ATC AAA TAC CCG GTT ATC GTT CGT TTC ACC AAA GTG AAC TAC TCT GGC ATC AAC ACC AAC AAC TTC GCG GAG GAC GAA CTG GTT GAA GTT GAG GCG,0.6795790601544361
ATG GTT CAG CGT GGT TCT AAA GTT CGT ATT CTG CGT CCG GAA TCT TAC TGG TTC CAG GAC GTG GGT ACC GTT GCG TCT GTT GAA CAG GTT GGT ATC AAA TAC CCG GTT ATC GTT CGT TTC GAG AAA GTG AAC TAC TCT GGC ATC AAC ACC AAC AAC TTC GCG GAA GAC GAA CTG GTT GAA GTT GAG GCG,0.2920764398790002
ATG GTT CAG CGT GGT TCT AAA GTT CGT ATC CTG CGT CCG GAA TCT TAC TGG TTC CAG GAC GTT GGT ACC GTT GCG TCT GTT GAC CAG TCT GGT ATC AAA TAC CCG GTT CGT GTT CGT TTT GAG AAG GTT AAC TAC TCT GGC ATC AAC ACC AAC AAC TTC GCG GAA GAC GAA CTG GTT GAA GTT GAA GCG,2.7941512461699345
ATG GTT CAG CGT GGT TCT AAA GTT CGT ATC CTG CGT CCG GAA TCT TAC TGG TTC CAA GAC GTT GGT ACC GTT GCG TCT GTT GAC CAA TCT GGC ATC AAA TAC GAC GTT ATC GTT CGT TTC GAG AAA GTG AAC TAC TCC GGC ATT ATC ACC AAC AAC TTT GCG GAA GAC GAA CTG GTT GAA GTT GAA GCG,0.9039021953972228
ATG GTT CAG CGT GGT TCT GGT GTT CGT ATC CTG CGT CCG GAA TCT TAT TGG TTC CAG GAC GTT GGT CTG GTT GCG TCT GTT GAC CAG TCT GGC ATC AAA TAC CCG GTT ATC GTT CGT TTC GAG AAG GTT AAC TAC TCC GGT ATC AAC ACC AAC AAC TTC GCG GAA GAC GAA CTG GTT GAA GTT GAA GCG,-0.240919112260572
ATG GTT CAG CGT GGT TCT AAA GTT CGT ATC CTG CGT CCG GAA TCT TAC TGG TTC CAG GAC GTT GGT ACC GTT GCG TCT GTT GAC CAG TCT GGC ATC AAG TAC CCG GTT ATC GTT CGT TTT GAC CTC GTT AAC TAC TCC GGT ATC AAC ACC AAC AAC TTC GCG GAA GAC GAA CTG GTT GAA GTT GAA GCG,0.94006592219695
ATG GTT CAG CGT GGC TCT AAA GTT CGT ATC CTG CGT CCG GAA TCT TAC TGG TTC CAG GAC GTT GGT ACC GTT GCG TCT GTT GAC CAG TCC GGT ATC AAG TAC CCA GTT ATC GTT CGT TTC GAG AAG GTT AAC TAC TCT GGC ATC AAC ACC AAC AAC TTC GCG GTG GAC GAA CTG GTT GAA GTT GAA GCG,2.7205643620112765
ATG GTT CAG CGT GGT TCC AAA GTT CGT ACC CTG CGT CCG GAA TCT TAT AAC TTC CAG GAC GTT GGT ACC GTT GCG TCT GTT GAC CAG TCC GGT ATC AAG TAC CCA GTT ATC GTT CGC TTT GAA AAG GTT AAC TAC TCT GGC ATC AAC ACC AAC AAC TTC GCG GAA GAC GAA CTG GTT GAA GTT GAA GCG,-0.3040429231691772
ATG GTT CAG CGT GGC TCT AAA GTT CGT ATT CTG CGT CCG GAA TCT TAT TGG TTC CAG GAC GTT GGT ACC GTT GCG TCT GTT GAC CAG TCC GGC ATT AAG TAC AAC GTG ATC GTT CGT TTC GAG AAG GTT AAC TAC TCC GGT ATC AAC GAC AAC AAC TTC GCG GAA GAC GAA CTG GTT GAA GTT GAA GCG,0.984818838780652
ATG GTT CAG CGT GGC TCT AAA GTT CGT ATC CTG CGT CCG GAA TCT TAC TGG TTC CAG GAC GTT GGT ACC GTT GCG TCT GTT GAC CAG TCC GGC ATC AAA TAC CCA GTT ATC GTT CGT CAG GAA AAG GTT AAC TAC TCT GGT ATC AAC ACC AAC AAC TTT GCG GAA GAC GAG CTG GTT GAA GTT GAA GCG,-2.6775767172289293
ATG GTT CAG CGT GGT TCT AAA GTT CGT AAC CTG CGT CCG GAA TCT TAC AAC TTC CAG GAT GTT GGT ACC GTT GCG TCT GTT GAC CAG TCT GGT ATT AAG TAC CCG GTG ATC GTT CGT TTC GAG AAA GTG AAC TAC TCC GGT ATC AAC ACC AAC AAC TTT GCG GAA GAC GAA CTG GTT GAA GTT GAA GCG,-0.8929174794219088
ATG GTT CAG CGT GGT TCC AAA GTT CGT ATC CTG GGT CCG GAA TCT TAC TGG TTT CAG GAC GTT GGT ACC GTT GCG TCT GTT GAC CAG TCT GGC ATC AAA TAC CCG GTT ATC GTT CGT TTT GAG AAG GTT AAC TAC TCC GGT ATC AAC ACC AAC AAC TTC GCG GAA GAC AAC CTG GTT GAA GTT GAG GCT,-1.075785069926914
ATG GTT CAG CGT GGT TCT AAA GTG CGT CAA CTC CGT CCA GAA TCT TAC CAC TTC CAG GAC GTT GGT ACC GTT GCG TCT GTT GAC CAG TCT GGC ATC AAG TAC CCG GTT ATC GTT CGT TTC GAG AAG GTT AAC TAC TCC GGT ATC AAC ACC AAC AAC TTC GCG GAA GAC GAA CTG GTT GAA GTT GAA GCG,-1.0100826417062485
ATG GTT CAG CGT GGC TCT AAC GTT CGT ATC CTC CGT CCG GAA TCT TAC TGG TTC CAG GAC GTT GGT ACT GTG GCG TCC GTT GAC CAG TCT GGT ATT AAG TAC CCG GTT ATC GTT CGC TTT GAG AAG GTT AAC TAC TCC GGT ATC AAT ACC AAC AAC TTC GCG GAG GAC GAA CTG GTT GAA GTT GAG GCT,0.1055153057950224
ATG GTT CAG CGT GGT TCT AAA GTT CGT ATC CTG CGT CCG GAA TCT TAC TGG TTT CAG GAC GTT GGT ACC GTT GCG TCT GTT GAC CAG TCC GGC ATC AAA TAC TTC GTG ATT GTT CGC TTC GAG AAA GTG AAC TAC TCC GGT ATC TCT ACC AAC AAC TTT GCG GAA GAC GAA CTG GTT GAA GTT GAG GCG,2.2088850091593457
ATG GTT CAG CGC GGT TCC AAA GTG CGT ATC CTG CGT CCG GAA TCT TAC TGG TTC CAG GAC GTT GGT ACC GTT GCG TCT GTT GAC CAG TCC GGT ATC AAG TAC CCA GTT ATC GTT CGT TTC GAG AAG GTT AAC TAC ATG GGC ATC AAC ACC AAC AAC TTC GCT GAG GAC GAA CTC GTG GAA GTT GAA GCG,3.433880921279261
ATG GTT CAG CGT GGC TCT AAA GTT CGT ATC CTG CGT CCG GAA TCT TAC TGG TTC CAG GAC GTT GGC ACC GTT GCG TCT GTT GAC CAG TCT GGT ATC AAA TAC TTC GTG ATC GTT CGT TTC GAG AAA GTG AAC TAC TCT GGC ATC AAC CTC AAC AAC TTC GCG GAA GAC GAG CTG GTT GAA GTG GAG GCT,2.380858459736378
ATG GTT CAG CGT GGT TCT CTG GTT CGT ATC CTG CGT CCG GAA TCT TAT TGG TTC CAG GAC GTT GGT ACC GTT GCG TCT GTT GAC CAG TCT GGC ATC AAA TAC CCG GTT ATC GTT CGT TTC AAC AAA GTG AAC TAC TCC GGT ATC AAC ACC AAC AAC TTC GCG GAA GAC GAA CTG GTT GAA GTT GAA GCG,2.0072871232242573
ATG GTT CAG CGT GGT TCT AAA GTG CGT CTC CTC CGT CCG GAA TCT TAC GGT TTC CAG GAC GTT GGT ACC GTT GCG TCC GTT GAC CAG TCT GGC ATC AAA TAC CCG GTT ATC GTT CGT TTT GAG AAA GTG AAC TAC TCC GGT ATC AAC ACC AAC AAT TTC GCG GAG GAC GAA CTG GTT GAA GTT GAA GCG,-0.419054586062115
ATG GTT CAG CGT GTT TCT AAA GTT CGT ATC CTG CGT CCG GAA TCT TAC TGG TTC CAG GAC GTT GGT ACC GTT GCG TCT GTT GAC CAG TCT GGC ATC AAA TAC CCG GTT ATC GTT CGC TTC GAA AAA GTG AAC TAC TCC GGT ATC AAC ACC AAC AAC TTC GCG GAA GAC GAA CTG GTT GAA GTT GAA GCG,-0.1323736334127441
ATG GTG CAG CGT GGC TCT ATG GTT CGT ATC CTG CGT CCG GAA TCT TAC TGG TTT CAG GAC GTT GGT ACC GTT GCG TCT GTT GAC CAG TCC GGT ATC AAG TAC CCG GTG ATC GTT CGT TTC TGG AAG GTT AAC TAC TCT GGC ATC AAC ACC AAC AAC TTC GCG GAA GAC GAA CTG GTT GAA GTT GAA GCG,1.5590021131462808
ATG GTT CAG CGT GGT TCC GAA GTT CGT ATC CTG CGT CCG GAA TCT TAC TGG TTC CAG GAC GTT GGT CGT GTT GCG TCT GTT GAC CAG TCT GGC ATC AAG TAC CCG GTT ATC GTT CGT TTC GAG AAG GTT AAC TAC TCC GGT ATC AAC ACC AAC AAC TTC GCG GAA GAC GAA CTG GTT GAA GTT GAA GCG,-2.0465665844340264
ATG GTT CAG CGT GGT TCT AAA GTT CGT ATC CTG CGT CCG GAA TCT TAC TGG TTT CAG GAC GTT GGT ACC GTT GCG TCT GTG GCT CAG CTG GGC ATC AAA TAC CCG GTT ATC GTG CGT TTT GAA AAG GTT AAC TAC TCC GGT ATC AAC ACC AAT AAC TTC GCG GAA GAC GAA CTG GTT GAA GTG GAA GCG,0.4945211412833942
ATG GTT CAG CGT GGT TCT AAA GTT CGT ATC CTG CGT CCG GAA TCT TAC TGG TTC CAA GAC GTT GGT ACC GTT GCG TCT GTT GAC CAG TCC GGT ATC AAA TAC TAC GTT ATC GTG CGC TTC GAA AAA GTG AAC TAC TCT GGT ATC GTT ACC AAC AAC TTT GCG GAA GAC GAA CTC GTT GAA GTT GAA GCG,2.5852571487699745
ATG GTT CAG CGT GGC TCT AAA GTT CGT ATC CTG CGT CCG GAA TCT TAC GTT TTC CAG GAC GTT GGT ACC GTT GCG TCT GTT GAT CAG TCT GGT ATC AAA TAC CCG GTT ATC GTT CGT TTC GAG AAA GTG AAC TAC TCC GGC ATC AAC ACC AAC AAC TTC GCG GAA GAC GAA CTG GTT GAA GTT GAA GCG,-1.078672972422667
ATG GTT CAG CGT GGT TCC CAG GTG CGT ATC CTG CGT CCG GAA TCT TAT TGG TTC CAG GAC GTT GGT ACC GTT GCG TCT GTT GAC CAG TCT GGC ATC AAA TAC CCG GTT ATC GTT CGT TTC GAC AAA GTG AAC TAC TCC GGT ATC AAC ACC AAC AAC TTC GCG GAA GAC GAA CTG GTT GAA GTT GAA GCG,1.23412396238163
ATG GTT CAG CGT GGT TCT AAA GTG CGT GAA CTG CGT CCG GAA TCT TAC TAC TTC CAG GAT GTT GGT ACC GTT GCG TCT GTT GAC CAG TCC GGT ATT AAG TAC CCG GTT ATC GTT CGT TTC GAG AAG GTT AAC TAC TCT GGT ATC AAC ACC AAC AAC TTC GCG GAA GAT GAA CTG GTT GAA GTT GAA GCG,-0.6859104210412841
ATG GTT CAG CGT GGT TCT AAA GTT CGT ATC CTG CGT CCG GAA TCT TAC TGG TTC CAG GAC GTT GGT ACC GTT GCG TCT GTT GAC CAG TCT GGC ATC AAA TAC CCG GTT ATC GTG CGT TTC CGT GGT GTT AAC TAC TCC GGT ATC AAC ACC AAC AAC TTC GCG GAA GAC GAA CTG GTT GAA GTT GAA GCG,0.2650373778738856
ATG GTT CAG CGT GGT TCT AAA GTT CGT ATC CTG CGT CCG GAA TCT TAC TGG TTC CAG GAC GTT GGT ACC GTT GCG TCT GTG GAC CAG TCT GGT ATC AAA TAC CCG GTT ATC GTT CGT TTC GAG AAA GTT AAC CTG TCC GGC ATC AAC ACC AAC AAC TTC GCG GAA GAC GAA CTG GTT GAA GTT GAA GCG,3.7349952540182896
ATG GTG CAA CGC GGT TCT ATG GTT CGT ATC CTG CGT CCG GAA TCT TAT TGG TTC CAG GAC GTT GGT GGT GTT GCT TCT GTG GAC CAG TCT GGT ATC AAA TAC CCG GTG ATC GTT CGT TTC GAG AAA GTG AAC TAC TCT GGC ATC AAC ACT AAC AAC TTC GCG GAA GAC GAA CTG GTT GAG GTG GAA GCG,-0.3923689088053232
ATG GTT CAG CGT GGT TCT AAA GTT CGT ATC CTG CGT CCG CAC TCT TAC TGG TTC CAG GAC GTT GGT ACC GTT GCT TCT GTT GAC CAG TCT GGT ATC AAA TAC CCG GTT ATC GTT CGT TTC GAG AAA GTG AAC TAT TCT GGC ATC AAC ACC AAC AAC TTC GCG GAA GAC GAA CTG GTT GAA GTT GAA GCG,1.5719910741561958
ATG GTT CAG CGT GGT TCT CAC GTG CGT ATC CTG CGT CCG GAA TCT TAT TGG TTC CAG GAC GTT GGT TGG GTT GCG TCT GTT GAC CAG TCT GGC ATC AAA TAC CCG GTT ATC GTG CGT TTT GAA AAG GTT AAC TAC TCC GGT ATC AAC ACC AAC AAC TTC GCG GAA GAC GAA CTG GTT GAA GTT GAA GCG,0.8445402512140695
ATG GTG CAG CGT GGT TCT GAC GTT CGT ATC CTG CGT CCG GAA TCT TAC TGG TTC CAG GAC GTT GGC AAT GTG GCT TCT GTG GAC CAG TCT GGC ATC AAA TAC CCG GTG ATC GTT CGT TTC GAG AAA GTG AAC TAC TCT GGT ATC AAC ACC AAC AAC TTC GCT GAA GAC GAA CTG GTT GAA GTT GAA GCG,-1.0451888233277151
ATG GTT CAG CGT GGT TCT AAA GTT CGT ATC CTG CGT CCG GAA TCT TAC TGG TTC CAG GAC GTT GGT ACC GTT GCG TCT GTT GAC CAG TCT GGC ATT AAG TAC CCG GTT ATC GTT CGT TCT GAA AAA GTG AAC TAC TCC GGT ATC AAC ACC AAC AAC TTC GCG GAA GAC GAA CTG GTT GAA GTT GAA GCG,-1.8876112351251004
ATG GTT CAG CGT GGT TCT AAA GTT CGT ATC CTG CGT CCG GAA TCT TAC TGG TTC CAG GAC GTT GGT ACC GTT AAC TCT GTT GAC CAG TCT GGT ATC AAA TAC CCG GTG ATC GTT CGC TTC GAG AAA GTG AAC TAC TCT GGC ATT AAC ACC AAC AAC TTC GCG GAA GAC GAA CTG GTT GAA GTT GAA GCG,0.4809829765120047
ATG GTT CAA CGT GGT TCC GAA GTT CGT ATC CTG CGT CCG GAA TCT TAC TGG TTT CAG GAC GTT GGT GAA GTT GCG TCT GTT GAC CAG TCT GGT ATC AAA TAC CCG GTT ATC GTT CGT TTC GAG AAA GTG AAC TAC TCC GGC ATC AAC ACC AAC AAC TTC GCG GAA GAC GAA CTG GTT GAG GTT GAA GCG,-0.7459987231594569
ATG GTT CAG CGC GGC TCC GAC GTG CGT ATC CTG CGT CCG GAA TCT TAT TGG TTC CAG GAC GTT GGT ACC GTT GCG TCT GTT GAC CAG TCT GGC ATC AAA TAC CCG GTT ATC GTT CGT TTC CCG AAA GTG AAC TAC TCT GGT ATC AAC ACC AAC AAC TTC GCG GAA GAC GAA CTC GTG GAA GTT GAA GCG,-3.4609585693471523
ATG GTT CAG CGT GGC TCT AAA GTG CGT ATC CTG CGT CCG GAA TCT TAC TGG TTC CAG GAC GTT GGT ACC GTT GCG TCT GTT GAC CAG TCT GGC ATC AAA TAT CCG GTT ATC GTT CGT TTC GGT ATC GTT AAC TAC TCT GGT ATC AAC ACC AAC AAC TTC GCT GAA GAC GAA CTG GTT GAA GTT GAA GCG,0.8336864623897118
ATG GTT CAG CGT GGT TCT AAA GTT CGT ATC CTG CGT CCA GAA TCT TAC TGG TTC CAG GAC GTT GGT ACC GTT GCG TCT GTT GAC CAG TCT GGC ATC AAA TAC CCG GTT ATC GTT CGT CCG GAA AAG GTT AAC TAT TCC GGT ATC AAC ACC AAC AAC TTC GCG GAG GAT GAG CTG GTT GAA GTT GAA GCG,-6.025603828441426
ATG GTT CAG CGT GGC TCT AAA GTT CGT ATC CTG CGT CCG GAA TCT TAT TGG TTC CAG GAC GTT GGT ACC GTT GCG TCT GTT GAC CAG TCC GGT ATT ACT TAC CCA GTT ATC GTT CGT TTC GAG AAG GTT AAC TAC TCT GGT ATC AAC ACC AAC AAC TTC GCT GAA GAC GAA CTG GTT GAA GTT GAA GCG,1.021279268613765
ATG GTT CAG CGT GGT TCT AAA GTT TGC ATC CTG CGT CCG GAA TCT TAT TGG TTC CAG GAC GTT GGT ACC GTT GCG TCT GTT GAC CAG TCT GGC ATC AAA TAC CCG GTT ATC GTG CGT TTC GAG AAG GTT AAC TAC TCC GGC ATT AAC ACC AAC AAC TTC GCG GAA GAC GAG CTG GTT GAA GTT GAA GCG,1.9260171157867776
ATG GTT CAG CGT GGT TCT AAG GTT CGT ATC CTG CGT CCG GAA TCT TAC TGG TTC CAG GAC GTT GGC ACC GTG GCG TCT GTT GAC CAG TCT GGT ATC AAA TAC CCG GTT ATC GTT CGC TTT GAA AAA GTG AAC TAC TCT GGC ATC AAC ACC ATG AAC TTC GCG GAA GAC GAA CTG GTT GAA GTG GAA GCG,3.4708434799755006
ATG GTT CAG CGT GGC TCT AAA GTT CGT GCG CTG CGT CCG GAA TCT TAT CCG TTC CAG GAC GTT GGT ACC GTT GCG TCT GTT GAC CAG TCT GGT ATC AAA TAC CCG GTT ATC GTT CGT TTC GAG AAA GTG AAC TAC TCT GGC ATC AAC ACC AAC AAC TTC GCG GAG GAT GAA CTG GTG GAA GTT GAA GCG,-3.5005925959456548
ATG GTT CAG CGT GGT TCT AAA GTT CGT ATC CTG ATG CCG GAA TCT TAC TGG TTC CAG GAC GTT GGT ACC GTT GCG TCT GTT GAC CAG TCT GGC ATC AAA TAC CCG GTT ATC GTT CGC TTC GAA AAG GTG AAC TAC TCT GGT ATC AAC ACC AAC AAT TTC GCG GAA GAC ACC CTG GTT GAA GTT GAA GCG,-0.5720235437595127
ATG GTT CAG CGT GGT TCT AAA GTT CGT ATC CTG CGT CCG GAA TCT TAC TGG TTC CAA GAC GTT GGT ACT GTT GCG TCT GTT GAC CAG TCC GGT ACT AAA TAC CCG GTT ATC GTT CGC TTC GAA AAA GTT AAT TAC TCT GGC ATC AAC ACC AAC AAC TTC GCG GAA GAC GAA CTG GTT GAA GTT GAA GCG,2.1552778218082915
ATG GTT CAG CGT GGT TCT AAA GTT CGT ATC CTG CGT CCG GAA TCT TAC TGG TTC CAG GAC GTT GGT ACC GTT GCG TCT GTT GGT CAG ACC GGT ATC AAA TAC CCG GTG ATC GTT CGT TTC GAG AAA GTG AAC TAC TCT GGC ATC AAC ACC AAC AAC TTC GCG GAA GAC GAA CTG GTT GAA GTG GAA GCG,0.5749547509692707
ATG GTT CAG CGT GGT TCT AAA GTT CGT ATT CTG CGT CCG GAA TCT TAC TGG TTC CAG GAC GTT GGT ACC GTT GCG TCT GTT GAC CAG TCT GGC ATC AAA TAC CCG GTT ATC GTG CGT TTC GAG AAG GTG AAC TAC TCC GGT ATC AAC ACC AAC AAC GGT GCG GAA GAC GAA GAA GTT GAA GTG GAA GCG,-0.1691362701903092
ATG GTT CAG CGT GGT TCT AAA GTT CGT ATC CTG CGT CCG GAA TCT TAC TGG TTC CAG GAC GTT GGT ACC GTT GCG TCT GTT ATC CAG TTC GGT ATC AAA TAC CCG GTT ATT GTG CGT TTC GAG AAG GTG AAC TAC TCT GGC ATC AAC ACC AAC AAC TTT GCG GAA GAC GAG CTG GTT GAA GTT GAA GCG,0.9779131859232676
ATG GTT CAG CGT GGT TCC AAA GTT CGT ATC CTG CGT CCG GAA TCT TAC TGG CTG CAG GAC GTT GGT ACC GTT GCG TCT GTT GAC CAG TCT GGT ATC AAG TAC CCG GTT ATC GTT CGT TTC GAG AAA GTG AAC TAC TCT GGC ATC AAC ACC AAC AAC TTC GCG GAA GAC GAA CTG GTT GAA GTT GAA GCG,-0.4995526519038894
ATG GTT CAG CGT GGT TCT TGC GTT CGT ATC CTG CGT CCG GAA TCT TAC TGG TTC CAG GAC GTT GGT TTC GTG GCG TCT GTT GAC CAG TCT GGC ATC AAA TAC CCG GTT ATC GTT CGC TTC GAA AAG GTG AAC TAC TCT GGT ATC AAC ACC AAC AAC TTC GCG GAG GAC GAA CTG GTG GAA GTT GAA GCG,2.0880982665658614
ATG GTG CAG CGT GGT TCT TGC GTT CGT ATC CTG CGT CCG GAA TCT TAC TGG TTC CAG GAC GTT GGT ACT GTT GCG TCT GTT GAC CAG TCT GGC ATT AAG TAC CCG GTG ATC GTT CGT TTC TTC AAA GTG AAC TAC TCC GGC ATC AAT ACC AAC AAC TTC GCG GAA GAC GAA CTG GTT GAA GTT GAA GCG,2.495796787741892
ATG GTT CAG CGT GGC TCC AAA GTT CGT ATC CTG CGT CCG GAA TCT TAC TGG TTC CAG GAC GTT GGT ACC GTT GCG TCT GTT GAC CAG TCT GGT ATC AAG TAC CCG GTT ATC GTT CGC TTC GAA AAA GTG AAC TAC TCC GGT ATT AAC ACC AAC AAC TGC GCG GAA GAC GAA CGT GTT GAA GTT GAA GCG,0.1222118523031235
ATG GTT CAG CGT GGT TCT AAA GTT CGT ATC CTG CGT CCG GAA TCT TAC TGG TTC CAG GAC GTT GGT ACC GTT GCG TCT GTT GAC CAG TCT GGC ATC AAA TAC CCG GTT ATC GTT CGT TTC GAG AAA GTG AAC TAC TCC GGT ATC AAC ACC AAC AAT TTC GCT GAA GAC GAA GTT GTG GAA GTT GAG GCT,1.6957213820096864
ATG GTT CAG CGT GGT TCT AAA GTT CGT ATC CTG CGT CCG GAA TCT TAC TGG TTC CAG GAC GTT GGT ACC GTT GCG TCT GTT GAC CAG TCC GGT ATC AAA TAC TGC GTG ATC GTG CGC TTC GAG AAG GTT AAC TAC TCT GGC ATC ATG ACC AAC AAC TTC GCT GAA GAC GAA CTG GTT GAA GTT GAA GCG,2.1420327757047737
ATG GTT CAG CGT GGT TCT AAA GTT CGT ATC CTG CGT CCG GAA CAC TAT TGG TTC CAG GAC GTT GGT ACC GTT GCG TCT GTT GAC CAG TCT GGC ATC AAA TAC CCG GTT ATC GTT CGT TTT GAA AAA GTG AAC TAC TCC GGT ATC AAC ACC AAC AAC TTC GCG GAA GAC GAA CTG GTT GAA GTT GAG GCT,0.0685856387307308
ATG GTT GAC CGT GGT TCT AAA GTT CGT ATC CTG CGT CCG GAA TCT TAC TGG TTC CAG GAC GTT GGT ACT GTT GCG TCT GTT GAC CAG TCT GGT ATT AAG TAC CCG GTT ATC GTT CGT TTT GAA AAG GTG AAC TAC TCC GGC ATC AAC ACC AAC AAC TTC GCG GAA GAC GAA CTG GTT GAA GTT GAA GCG,-0.3760313032459957
ATG GTT CAG CGT GGT TCT AAG GTG CGT ATC CTG CGT CCG GAA TCT TAC TGG TTC CAG GAC GTT GGT ACC GTT GCG TCT GTT GAC CAG TCC GGT ATC AAA TAC CAC GTT ATC GTT CGC TTC GAA AAA GTT AAT TAC TCC GGC ATC AAC TTC AAT AAC TTC GCG GAG GAC GAA CTG GTT GAA GTG GAG GCT,1.7338427120218096
ATG GTT CAA CGT GGT TCC AAA GTT CGT TCC CTG CGT CCG GAA TCT TAC TGC TTC CAG GAC GTT GGT ACC GTT GCG TCT GTT GAC CAG TCT GGC ATC AAA TAT CCG GTG ATC GTG CGC TTC GAG AAA GTT AAT TAC TCT GGT ATC AAC ACC AAC AAC TTC GCG GAA GAC GAA CTG GTT GAA GTT GAA GCG,0.2382430845005728
ATG GTT CAG CGC GGT TCT AAA GTT CGT AAC CTG CGT CCG GAA TCT TAC GAC TTC CAA GAC GTT GGT ACC GTT GCG TCT GTT GAC CAG TCC GGC ATC AAA TAC CCG GTT ATC GTT CGT TTT GAA AAG GTG AAC TAC TCC GGT ATC AAC ACC AAC AAC TTC GCG GAA GAC GAA CTG GTT GAA GTT GAA GCG,-1.0616119087681593
ATG GTT CAG CGT GGT TCT AAA GTT CGT ATC CTG CGT CCG GAA TCT TAC TGG TTC CAG GAC GTG GGT ACC GTT GCG TCT GTG GAC CAG TCT GGT ATC AAA TAC CCG GTT ATT GTT CGT TTT GCG AAG GTT AAC TAC TCC GGC ATC AAT ACC AAC AAC TTC GCG GAG GAC GAG CTG GTT GAA GTT GAA GCG,1.4792836100510425
ATG GTT CAG CGT GGT TCT AAA GTT CGT ATC CTG GTG CCG GAA TCT TAC TGG TTC CAA GAC GTT GGT ACC GTT GCG TCT GTT GAC CAG TCT GGC ATC AAA TAC CCG GTT ATC GTG CGC TTC GAA AAG GTT AAT TAC TCT GGT ATC AAC ACC AAC AAC TTC GCG GAA GAC GAA CTG GTT GAA GTT GAA GCG,0.8278445519123545
ATG GTT CAG CGT GGC TCT AAA GTT CGT ATC CTG CGT CCG GAA TCT TAC TGG TTC CAG GAC GTG GGT ACC GTT GCG TCT GTT ATG CAG GAA GGT ATC AAA TAC CCG GTG ATC GTT CGC TTC GAA AAG GTT AAC TAC TCC GGC ATC AAC ACC AAC AAT TTC GCG GAG GAC GAA CTG GTT GAA GTT GAA GCG,1.0881504197408003
ATG GTT CAG CGT GGT TCC AAA GTT CGT ATC CTG CGT CCG GAA TCT TAC TGG TTT CAG GAC GTT GGT ACC GTT GCG TCT GTT GAC CAG TCT GGC ATC AAA TAC GGT GTT ATC GTT CGT TTC GAG AAA GTT AAT TAC TCT GGT ATC CGC ACC AAC AAT TTC GCG GAG GAC GAA CTG GTT GAA GTT GAG GCG,0.7723272990486085
ATG GTT CAG CGT GGT TCC AAA GTT CGT ATC CTG CGT CCG GAA TCT TAC TGG TTT CAG GAT GTT GGT ACC GTT CTG TCT GTT GAC CAG TCT GGC ATC AAA TAT CCG GTT ATC GTT CGT TTC GAG AAA GTG AAC TAC TCC GGT ATC AAC ACC AAC AAC TTC GCG GAA GAC GAA CTG GTT GAA GTT GAA GCG,3.914373497598021
ATG GTT CAG CGT GGT TCT AAA GTT CGT ATC CTG TGG CCG GAA TCC TAT TGG TTC CAG GAC GTT GGT ACC GTT GCG TCT GTT GAC CAG TCC GGT ATC AAA TAC CCG GTT ATC GTT CGC TTC GAA AAG GTT AAC TAC TCT GGC ATC AAC ACC AAC AAC TTC GCG GAA GAC GCG CTG GTT GAA GTG GAA GCG,0.1000234223297082
ATG GTT CAG CGT GGC TCT AAA GTT CGT ATC CTG CAG CCG GAA TCT TAT TGG TTC CAG GAC GTT GGC ACT GTT GCG TCT GTT GAC CAG TCT GGT ATT AAG TAC CCG GTG ATC GTT CGC TTC GAA AAA GTG AAC TAC TCC GGT ATC AAC ACC AAC AAC TTT GCG GAA GAC ATC CTG GTT GAA GTT GAA GCG,-0.4921469679332361
ATG GTT CAG CGT GGT TCT AAA GTT CGT ATC CTG CGT CCG GAA TCT TAC TGG TTC CAA GAC GTT GGT ACC GTT GCG TCT GTT GAC CAG TCT GGC ATC AAG TAC ATC GTT ATC GTG CGC TTC GAA AAA GTG AAC TAC TCT GGT ATC GTT ACC AAC AAC TTC GCG GAA GAC GAA CTG GTT GAA GTT GAA GCG,2.5390278609286696
ATG GTT CAG CGT GGT TCT AAA GTT CGT ATC CTG CGT CCG GAA TCT TAC TGG TTC CAG GAC GTT GGT ACC GTT GCT TCT GTT TTC CAG CCG GGC ATC AAG TAT CCG GTG ATC GTT CGC TTC GAA AAG GTT AAC TAC TCT GGT ATC AAC ACC AAC AAC TTT GCG GAA GAC GAA CTC GTG GAA GTT GAA GCG,0.2070905303671102
ATG GTT CAG CGT GGT TCT AAA GTT CGT ATC CTG CGT CCG GAA TCT TAC TGG TTC CAG GAT GTT GGT ACC GTT GCG TCT GTT GAC CAG TCT GGT ATC AAA TAC CCG GTT ATC GTT CGC TTC GAA AAG GTT AAC TAC TCT GGC ATC AAC ACC AAC AAC TCT GCG GAA GAC GAA AAC GTT GAA GTT GAA GCG,-0.3816796315875245
ATG GTT CAG CGT GGT TCT AAA GTT CGT ATC CTG CGT CCG GAA TCT TAT TGG TTC CAG GAC GTT GGT ACC GTT GCG TCT GTT GAC CAG TCC GGT ATC AAA TAC AAG GTG ATC GTT CGC TTC GAA AAG GTG AAC TAC TCT GGC ATC AAC TGC AAC AAC TTT GCG GAA GAC GAA CTG GTT GAA GTT GAA GCG,2.341834381295737
ATG GTT CAA CGT GGC TCC AAA GTT CGT ATC CTG CGT CCG GAA TCT TAC TGG TTC CAG GAT GTT GGT ACC GTT GCG TCT GTT GAC CAG TCC GGC ATT AAG TAC CCA GTG ATT GTT CGT GCG GAA AAG GTT AAC TAC TCT GGT ATC AAC ACC AAC AAC TTC GCG GAA GAC GAA CTG GTT GAA GTT GAA GCG,-1.8177552024967496
ATG GTT CAG CGT GGT TCT AAA GTT CGT ATC CTG CGT CCG GAA TCT TAC TGG TTT CAG GAC GTT GGT ACC GTT GCG TCT GTT GAC CAG TCT GGC ATC AAA TAC GGT GTT ATC GTT CGT TTC GAG AAG GTT AAC TAC TCT GGT ATC AAC CTG AAC AAC TTC GCG GAA GAC GAA CTG GTT GAA GTG GAA GCG,0.9825780979736668
ATG GTT CAG CGC GGC TCT AAA GTT CGT ATC CTG CGT CCG GAA TCT TAC TGG TTC CAA GAC GTT GGT ACC GTT GCG TCT GTT GAC CAG TCT GGC ATC AAA TAC CCG GTT ATC GTT CGT TTC GAG AAG GTT AAC TAC TCC GGT ATC AAC ACC AAC AAC TGG GCG GAA GAC GAA AAC GTT GAA GTT GAA GCG,-0.070606079942827
ATG GTT CAG CGT GGT TCT AAA GTT CGT ATC CTG CGT CCG GAA TCT TAC TGG TTC CAG GAC GTT GGT ACC GTT GCG TCT GTT CTG CAA ATC GGT ATT AAG TAC CCG GTT ATC GTG CGC TTC GAA AAG GTG AAC TAC TCT GGT ATC AAC ACC AAC AAT TTC GCG GAA GAC GAG CTG GTT GAA GTT GAA GCG,1.4491990314876495
ATG GTT CAG CGT GGT TCT AAA GTT CGT ATC CTG CGT CCG GAA TCT TAC TGG TTC CAA GAC GTT GGT ACC GTT GCG TCT GTT GAC CAG TCT GGT ATC AAA TAC CCG GTT ATC GTT CGT TTC TTC CTG GTT AAC TAC TCT GGC ATC AAC ACC AAC AAC TTC GCG GAA GAC GAA CTG GTT GAA GTT GAA GCG,2.654480541665248
ATG GTT CAG CGT GGT TCT AAA GTT CGT ATC CTG AAC CCG GAA TCC TAC TGG TTC CAG GAC GTT GGT ACC GTT GCG TCT GTT GAC CAG TCT GGC ATC AAA TAC CCG GTT ATC GTT CGT TTT GAA AAG GTG AAC TAC TCC GGT ATC AAC ACC AAT AAC TTC GCG GAA GAC ACC CTG GTG GAA GTT GAG GCG,-0.8862976280458326
ATG GTT CAG CGC GGT TCC AAA GTT CGT ATC CTG CAC CCG GAA TCT TAC TGG TTC CAG GAC GTT GGT ACC GTT GCT TCT GTT GAC CAG TCT GGT ATC AAA TAC CCG GTT ATC GTT CGT TTC GAG AAA GTG AAC TAC TCC GGT ATT AAC ACC AAC AAT TTC GCG GAA GAC ATG CTG GTT GAG GTG GAA GCG,-0.1632491051868529
ATG GTT CAG CGC GGT TCT AAA GTT CGT ATC CTG CGT CCG GAA TCT TAC TGG TTC CAG GAC GTT GGT ACC GTT GCT TCT GTT GAC CAG TCT GGC ATC AAA TAT GCG GTT ATC GTT CGT TTC GAG AAG GTT AAC TAC TCT GGT ATC GAA ACC AAC AAC TTC GCG GAA GAC GAA CTG GTT GAA GTT GAG GCG,1.4657181158093484
ATG GTT CAG CGT GGC TCC AAA GTT CGT ATC CTG CGT CCG GAA TCT TAC TGG TTC CAG GAC GTT GGT ACC GTT GCG TCT GTT GAC CAG TCC GGC ATC AAA TAC CCG GTT ATT GTT CGT TTC GAG AAG GTG AAC TAC TCT GGT ATC AAC ACC AAC AAC TTC GCG GAA GAC GAA CTG GTT GAA GTT GAA ACC,1.924710209430044
ATG GTT CAG CGT GGT TCT AAA GTT CGT ATT CTG CGT CCG GAA TCT TAC TGG TTC CAG GAC GTT GGT ACC GTT GCG TCT GTT GAC CAG TCT GGT ATC AAA TAC CCG GTT ATC GTT CGT TTC ATG AAC GTG AAC TAC TCT GGC ATC AAC ACC AAC AAC TTC GCG GAA GAT GAA CTG GTT GAA GTT GAA GCG,1.0165703976525546
ATG GTT CAG CGT GGC TCT AAA GTT CGT ATC CTG AAA CCG GAA TCT TAC TGG TTC CAG GAC GTT GGT ACC GTT GCG TCT GTT GAC CAG TCT GGT ATC AAA TAC CCG GTT ATC GTG CGT TTC GAG AAA GTG AAC TAC TCT GGC ATC AAC ACC AAC AAT TTC GCG GAA GAC CAC CTG GTT GAA GTT GAA GCG,-0.4622511714216655
ATG GTT CAG CGT GGT TCT GAA GTT CGT ATC CTG CGT CCG GAA TCT TAC TGG TTC CAG GAC GTT GGC GCG GTG GCG TCT GTT GAC CAG TCT GGT ATC AAA TAC CCG GTT ATC GTT CGC TTC GAG AAA GTG AAC TAC TCC GGC ATC AAC ACC AAT AAC TTC GCG GAA GAC GAA CTG GTT GAA GTT GAA GCG,-0.8057701310988427
ATG GTT CAG CGT GGT TCT AAA GTT CGT ATC CTG CGT CCG GAA TCT TAC TGG TTC CAA GAC GTT GGT ACC GTT GCG TCT GTT GAC CAG TCT GGT ATC AAG TAC CCG GTT ATC GTT CGT TTC GAG AAA GTT AAT TAC TCC GGC ATC AAC ACC AAC AAC TAC GCG GAA GAC GAA GAA GTT GAG GTT GAG GCG,-0.1608928564137222
ATG GTT CAG CGT GGC TCT AAA GTT CGT ATC CTG CGT CCG GAA TCT TAC TGG TTC CAG GAT GTT GGT ACC GTT GCG TCT GTT GAC CAG TCT GGC ATC AAA TAC CCG GTT ATC GTT CGT TTC GCG TGC GTT AAC TAC TCT GGT ATC AAC ACC AAC AAC TTC GCT GAA GAC GAA CTG GTT GAA GTT GAA GCG,2.0165615229755818
ATG GTT CAG CGT GGT TCT AAA GTT CGT ATC CTG CGT CCG GAA TCT TAC TGG TTC CAG GAT GTT GGT ACC GTT GCG TCT GTT CAC CAG ATC GGC ATC AAA TAC CCG GTG ATC GTT CGC TTC GAG AAA GTG AAC TAC TCT GGT ATC AAC ACC AAC AAC TTC GCG GAA GAC GAA CTG GTT GAA GTT GAA GCG,0.2691348042055184
ATG GTT CAG CGT GGC TCT AAA GTT CGT ATT CTG CGT CCG GAA TCT TAC TGG TTT CAG GAC GTT GGT ACC GTT GCG TCT GTT GAC CAG TCT GGC ATC AAG TAC ATG GTT ATC GTT CGT TTC GAG AAA GTG AAC TAC TCT GGT ATC GAG ACT AAT AAC TTC GCG GAA GAC GAA CTG GTT GAA GTT GAG GCG,1.7196921160958665
ATG GTT CAG CGT GGT TCT AAA GTT CGC ATC CTG CGC CCA GAA TCT TAC TGG TTT CAG GAC GTT GGT ACC GTT GCG TCT GTT GAC CAG AAC GGC ATC AAA TAC CCG GTT ATC GTT CGT TTC GAG AAG GTT AAC TAC TCC GGT ATC AAC ACC AAC AAC TTC GCG GAG GAC GAG CTG GTT GAA GTT GAA GCG,0.9889876666453462
ATG GTG CAG CGC GGT TCT GGC GTT CGT ATC CTG CGT CCG GAA TCT TAC TGG TTC CAA GAC GTT GGT ACC GTT GCG TCT GTT GAC CAG TCT GGC ATC AAA TAC CCG GTT ATC GTG CGC TTC TAC AAG GTT AAC TAT TCT GGT ATC AAC ACC AAC AAC TTC GCG GAA GAC GAA CTG GTT GAA GTT GAA GCG,0.9332135469802836
ATG GTT CAG CGT GGT TCT AAA GTT CGT ATC CTG CGT CCG GAA TCT TAC TGG TTT CAG GAC GTT GGT ACC GTT GCG TCT GTT GAC CAG TCT GGT ATC AAA TAC ACC GTG ATC GTT CGT TTC GAG AAG GTT AAC TAC TCT GGC ATC GTT ACC AAC AAC TTC GCG GAA GAC GAA CTG GTT GAA GTT GAA GCG,1.865846105947763
ATG GTT CAG CGT GGC TCT AAA GTT CGT ATC CTG ATC CCG GAA TCT TAC TGG TTC CAA GAC GTT GGT ACC GTT GCG TCT GTT GAC CAG TCT GGT ATT AAG TAC CCG GTT ATC GTG CGC TTC GAA AAG GTT AAC TAC TCC GGT ATC AAC ACC AAC AAT TTC GCG GAA GAT CTC CTG GTT GAA GTT GAA GCG,0.4940897979759747
ATG GTT CAG CGT GGT TCT AAA GTT CGT ATC CTG CGT CCG GAA TCT TAC TGG TTC CAG GAC GTT GGT ACC GTT GCG TCT GTT GAC CAG TCT GGT ATC AAA TAT CCG GTG ATC GTT CGT TTC GAG AAG GTT AAC TAC TCT GGC ATC AAC ACC AAC AAC GAC GCG GAA GAC GAA CAC GTT GAA GTT GAA GCG,-0.5180139016621912
ATG GTT CAA CGT GGT TCC AAA GTT CGT ATC CTG CGT CCG GAA TCC TAC TGG TTT CAG GAC GTT GGT ACC GTT GCG TCT GTT GAC CAG TCT GGT ATC AAA TAC CCG GTT ATC GTT CGT TTC CGT GAA GTG AAC TAC TCT GGC ATC AAC ACC AAC AAC TTC GCG GAA GAC GAA CTC GTT GAA GTT GAA GCG,0.8631470711006901
ATG GTT CAG CGT GGT TCT AAA GTT CGT ATC CTG CGT CCG GAA TCT TAC TGG TTC CAG GAC GTT GGT ACC GTG GCG TCT GTT GAC CAG TCC GGT ATC AAG TAC GAC GTT ATC GTT CGC TTC GAA AAG GTG AAC TAC TCT GGT ATC GAA ACC AAC AAC TTC GCG GAA GAT GAA CTG GTT GAA GTT GAA GCG,0.475056254229999
ATG GTT CAG CGT GGT TCT AAA GTT CGT ATC CTC GAA CCG GAA TCT TAC TGG TTC CAG GAC GTT GGT ACC GTT GCG TCT GTT GAC CAG TCT GGC ATC AAA TAC CCG GTT ATT GTT CGT TTC GAG AAA GTG AAC TAC TCC GGT ATC AAC ACC AAC AAC TTC GCG GAA GAC CAC CTC GTT GAA GTT GAA GCG,-1.140256089885609
ATG GTT CAG CGT GGC TCT TAC GTT CGT ATC CTG CGT CCG GAA TCT TAT TGG TTC CAG GAC GTT GGT ACC GTT GCG TCT GTT GAC CAG TCC GGT ATC AAA TAC CCG GTT ATC GTT CGT TTC GGT AAG GTT AAC TAC TCT GGC ATC AAC ACC AAC AAC TTC GCG GAG GAC GAA CTG GTT GAA GTT GAA GCG,0.5894089952819694
ATG GTT CAG CGT GGT TCT AAA GTT CGT ATC CTG TGG CCG GAA TCT TAC TGG TTT CAG GAC GTT GGT ACC GTT GCG TCT GTT GAC CAG TCT GGC ATC AAA TAC CCG GTT ATC GTT CGT TTC GAG AAG GTT AAC TAC TCC GGT ATC AAC ACC AAT AAC TTC GCG GAA GAC ATT CTG GTT GAA GTT GAA GCG,0.3731826590315864
ATG GTT CAG CGT GGT TCT AAA GTT CGT ATC CTG CGT CCG GAA TCT TAC TGG TTC CAG GAC GTT GGT ACC GTT GCG TCT GTT GAC CCG TCT GGC ATC AAG TAC CCG GTT ATC GTT CGC TTC GAG AAG GTT AAC TAC TCC GGT ATC AAC ACC AAC AAC TTC GCG GAA GAC GAA CTG GTT GAA GTT GAA GCG,1.8897258645176471
ATG GTT CAG CGT GGT TCT AAA GTT CGT ATC CTG CGT CCG GAA TCT TAC TGG TTC CAA GCG GTG GGT ACC GTT GCG TCT GTT GAC CAG TCC GGC ATC AAA TAC CCG GTT ATT GTT CGT TTC GAG AAG GTG AAC TAC TCC GGT ATC AAC ACC AAC AAC TTT GCG GAA GAC GAA CTG GTT GAA GTT GAA GCG,1.453782458062459
ATG GTT CAG CGT GGT TCT AAA GTT CGC ATC CTG CGT AAA GAA TCT TAC TGG TTC CAG GAC GTT GGT ACC GTG GCG TCT GTT GAC CAG TCT GGT ATC AAA TAC CCG GTT ATT GTG CGT TTC GAG AAA GTG AAC TAT TCC GGC ATC AAC ACC AAC AAC TTC GCT GAA GAC GAA CTG GTT GAA GTT GAA GCG,2.362529995794197
ATG GTT CAG CGT GGC TCC AAA GTT CGT ATT CTG TAC CCG GAA TCT TAC TGG TTC CAG GAC GTT GGT ACC GTT GCG TCT GTT GAC CAG TCC GGT ATC AAA TAC CCG GTT ATC GTT CGT TTT GAA AAA GTG AAC TAC TCT GGC ATT AAC ACC AAC AAC TTC GCG GAA GAC TCT CTG GTT GAA GTT GAG GCT,-0.4990868171350536
ATG GTT CAG CGT GGT TCC ATG GTG CGT ATT CTG CGT CCG GAA TCT TAC TGG TTT CAG GAC GTT GGT ATC GTT GCG TCT GTT GAC CAG TCT GGC ATT AAG TAC CCG GTT ATC GTT CGT TTC GAG AAG GTT AAC TAC TCC GGC ATC AAC ACC AAC AAC TTT GCG GAA GAC GAA CTG GTT GAA GTT GAA GCG,2.244664589882566
ATG GTT CAG CGT GGT TCT AAA GTT CGT ATC CTG CGT CCG GAA TCT TAC TGG TTC CAG GAC GTT GGT ACC GTT GCG TCT GTT GAT CAG TCT GGT ATC AAA TAC CCG GTT ATC GTT CGT TTC GAG AAA GTG AAC TAC TCC GGC ATT AAC CTG AAC AAC TTC GCG GAA GAC GAA CTG GTT GAA GTT GAA GCG,1.2485958061756022
ATG GTT CAG CGC GGT TCC AAA GTG CGT ATC CTG CGT CCG GAA TCT TAC TGG TTC CAG GAT GTT GGT ACC GTG GCG TCT GTT GAC CAG TCC GGT ATT AAG TAC GGT GTT ATC GTT CGT TTC GAG AAG GTT AAC TAC TCC GGC ATC ATG ACC AAC AAC TTT GCG GAA GAC GAA CTG GTT GAA GTT GAA GCG,0.7546561670377651
ATG GTT CAG CGT GGT TCT CGT GTT CGT ATC CTG CGT CCG GAA TCT TAC TGG TTT CAG GAC GTT GGT TCT GTT GCG TCT GTT GAC CAG TCC GGC ATT AAG TAC CCG GTT ATC GTT CGT TTT GAA AAG GTG AAC TAC TCC GGT ATC AAC ACC AAC AAC TTC GCG GAA GAC GAA CTG GTG GAA GTT GAA GCG,0.1106067703536701
ATG GTT CAG CGT GGC TCT AAA GTT CGT ATC CTG CGT CCG GAA TCT TAC TGG TTC CAG GAC GTT GGT ACC GTT GCG TCT GTT GAC CAG TCT GGT ATC AAA TAC CCG GTT ATC GTT CGT TTT GAA AAA GTG AAC TAC TCC GGT ATT AAC ACC AAC AAC TTC GCG GAA CAG GAG CTG GTT GAA GTT GAG GCT,0.7205296135260251
ATG GTT CAG CGT GGT TCT AAA GTT CGT ATC CTG CGT CCG GAA TCT TAC TGG TTC CAG GAT GTT GGT ACC GTT GCG TCT GTT GAC CAG TCT GGT ATC AAA TAC CCG GTT ATC GTT CGC TTC GAA AAA GTG AAC TAC TCT GGC ATC AAC ACC AAC AAC TTT GCG GAA GAC GAA CGT GTT GAA GTT GAA GCG,-0.5958557087912426
ATG GTT CAG CGC GGT TCT AAA GTT CGT ATC CTG CGT CCG GAA TCT TAC TGG TTC CAG GAC GTT GGT ACC GTT GCG TCT GTT CCG CAG GTT GGT ATC AAA TAC CCG GTT ATC GTT CGT TTC GAG AAG GTT AAC TAC TCT GGC ATC AAC ACC AAC AAC TTC GCG GAA GAC GAA CTG GTT GAG GTT GAA GCG,0.1015431042618674
ATG GTT CAG CGT GGT TCT GTT GTT CGT ATC CTG CGT CCG GAA TCT TAC TGG TTT CAG GAC GTT GGT CGT GTG GCG TCC GTT GAC CAG TCT GGT ATC AAA TAC CCG GTT ATC GTG CGT TTT GAA AAG GTT AAC TAC TCT GGC ATC AAC ACC AAC AAC TTC GCG GAA GAC GAA CTG GTT GAA GTT GAA GCG,0.3659949088768959
ATG GTT CAG CGT GGT TCT AAA GTT CGT ATC CTG CGT CCG GAA TCT TAC TGG TTC CAA GAC GTT GGT ACC GTT GCG TCT GTT GAC CAG TCT GGT ATC AAA TAC CCG GTT ATC GTT CGC TTC GAG AAA GTG AAC TAC TCT GGC ATC AAC ACC AAC AAC TTC GCG GAA GAC GAG CCG GTT GAA GTT GAA GCG,-0.6642660115291285
ATG GTT CAG CGC GGT TCT AAA GTT CGT CGT CTG CGT CCG GAA TCT TAC GGT TTC CAG GAC GTT GGT ACC GTT GCG TCT GTT GAC CAG TCT GGT ATC AAA TAC CCG GTT ATC GTT CGC TTC GAA AAG GTT AAC TAC TCT GGC ATC AAC ACC AAC AAC TTC GCG GAA GAT GAA CTG GTT GAG GTT GAA GCG,-0.3863959826216744
ATG GTT CAG CGT GGC TCT AAA GTT CGT ATC CTG CGT CCG GAA TCT TAC TGG TTC CAG GAC GTT GGT ACT GTT GCG TCT GTT GAC CAG TCC GGT ATC AAA TAC CCG GTT ATC GTT CGC TTC GAG AAG GTT AAC TAC TCT GGC TCC AAC ACC AAC AAC TTC GCG GAA GAC GAA CTG GTT GAA GTT GAA GCG,2.370692704513579
ATG GTT CAG CGT GGT TCT AAA GTT CGT ATC CTG CGT CCG GAA TCT TAC TGG TTT CAG GAC GTT GGT ACC GTT GCG TCT GTT GAC CAG TCT GGT ATC AAA TAC CCG GTT ATC GTT CGT TTC CGC CTG GTT AAC TAC TCT GGC ATC AAC ACC AAC AAC TTC GCG GAA GAC GAA CTC GTT GAA GTT GAA GCG,1.9732062567940272
ATG GTT CAG CGT GGT TCT AAA GTT CGT ATC CTG CGT CCG GAA TCT TAC TGG TTC CAG GAC GTT GGT ACC GTG GCG TCC GTT GAC CAG TCT AAC ATC AAA TAC CCG GTT ATC GTT CGC TTC GAA AAG GTT AAC TAC TCC GGT ATC AAC ACC AAC AAC TTC GCG GAA GAC GAA CTG GTT GAA GTT GAA GCG,3.231754188189181
ATG GTT CAG CGT GGT TCT AAA GTT CGT ATC CTG CGT CCG GAA TCT TAC TGG TTC CAA GAC GTT GGT ACC GTT GCG TCT GTT CCG CAG GGC GGC ATC AAA TAC CCG GTT ATC GTT CGT TTC GAG AAG GTT AAC TAC TCC GGT ATC AAC ACC AAT AAC TTT GCG GAA GAC GAA CTG GTT GAA GTT GAA GCG,-0.1085695597619303
ATG GTT CAG CGC GGT TCT AAA GTT CGT ATC CTG AAA CCG GAA TCT TAC TGG TTC CAG GAT GTT GGT ACC GTT GCG TCT GTT GAC CAG TCT GGT ATC AAG TAC CCG GTG ATC GTT CGT TTC GAG AAA GTT AAT TAC TCC GGC ATC AAC ACC AAC AAC TTC GCG GAA GAC GGT CTG GTT GAA GTT GAA GCG,-1.2582659622589103
ATG GTT CAG CGT GGT TCT TTC GTT CGT ATC CTG CGT CCG GAA TCT TAT TGG TTC CAG GAC GTT GGT ACC GTT GCG TCT GTT GAC CAG TCT GGT ATC AAG TAC CCG GTT ATC GTT CGC TTC GAG AAG GTT AAC TAC TCC GGT ATT AAC ACC AAC AAC TTC GCG GAA GAC GAA CTG GTT GAA GTT GAG GCG,1.1516028134790248
ATG GTT CAG CGT GGT TCT AAA GTT CGT ATC CTG CGT CCG GAA TCT TAC TGG TTT CAG GAC GTT GGT ACC GTT GCG TCT GTT GAC CAG TCC GGC ATT AAG TAC CCG GTT ATC GTT CGT TTT GAG AAA GTG AAT TAC TCT GGC ATC AAC ACC AAC AAC TTT GCT GAA GAC GAA ATG GTT GAA GTT GAA GCG,0.6272155936908612
ATG GTT CAG CGC GGT TCT AAA GTT CGT GAC CTG CGT CCG GAA TCT TAC TCT TTC CAG GAC GTT GGT ACC GTT GCG TCT GTT GAC CAG TCT GGT ATC AAG TAC CCG GTT ATC GTT CGT TTC GAG AAG GTT AAC TAC TCT GGC ATC AAC ACC AAC AAT TTC GCG GAA GAC GAA CTG GTT GAA GTT GAA GCG,-0.9343910175268656
ATG GTT CAG CGT GGT TCT AAA GTT CGT ATC CTG CGT CCG GAA TCT TAC TGG TTC CAG GAC GTT GGT ACC GTT GCG TCT GTT GAC CAG TCT GGT ATC AAA TAC CCG GTT ATT GTT CGT TTC CCG AAG GTT AAC TAC TCT GGC ATC AAC ACC AAC AAT TTC GCG GAA GAC GAA CTG GTT GAA GTT GAA GCG,0.506316689230587
ATG GTT CAG CGT GGT TCT AAA GTT CGT ATC CTG CGT CCG GAA TCT TAC TGG TTC CAG GAC GTT GGT ACC GTT GCG TCT GTT GAC CAG TCT GGC ATC AAA TAC CCG GTT ATC GTT CGT TTC GAG AAA GTG AAC TAC TCC GGT ATC AAC ACC AAC AAC TTC GCG GAA GAC GAA CTG GTT GAA GTT AAC GCT,1.704522997694379
ATG GTT CAG CGT GGT TCT AAA GTT CGT ATC CTG CGT CCG GAA TCT TAC TGG TTC CAG GAC GTG GGT ACC GTT GCG TCT GTT CGT CAG CTG GGT ATC AAA TAC CCG GTT ATC GTT CGT TTT GAG AAG GTT AAC TAC TCT GGC ATC AAC ACC AAT AAC TTC GCG GAA GAC GAA CTG GTT GAA GTT GAA GCG,0.5020504104619316
ATG GTT CAG CGT GGT TCC AAA GTT CGT ATC CTG ATC CCG GAA TCT TAC TGG TTT CAG GAC GTT GGT ACC GTT GCG TCT GTT GAC CAG TCT GGC ATC AAA TAC CCG GTT ATC GTT CGT TTT GAG AAA GTG AAC TAC TCC GGT ATC AAC ACC AAC AAC TTC GCG GAA GAC ATG CTG GTT GAA GTT GAA GCG,-0.0208790894166589
ATG GTT CAG CGT GGT TCT AAA GTT CGT ACC CTG CGT CCG GAA TCT TAC CTG TTC CAG GAC GTG GGT ACC GTT GCG TCT GTT GAC CAG TCT GGC ATC AAA TAC CCG GTT ATC GTG CGC TTC GAG AAG GTG AAC TAC TCT GGT ATC AAC ACC AAC AAC TTC GCG GAA GAC GAA CTG GTT GAA GTT GAA GCG,-2.50516499250612
ATG GTT CAG CGT GGT TCT AAA GTT CGT ATC CTG CGT CCG GAA TCT TAC TGG TTC CAG GAT GTT GGT ACC GTT GCG TCT GTT CCG CAG TCT GGT ATC AAA TAC CCG GTT ATC GTT CGC TTC GAA AAA GTG AAC TAC TCT GGC ATC AAC ACC AAC AAC TTC GCG GAA GAC GAA CTG GTT GAA GTG GAA GCG,0.1081306459911391
ATG GTT CAG CGT GGC TCC AAA GTT CGT ATC CTG CGT CCG GAA TCT TAT TGG TTC CAG GAC GTT GGT ACC GTT GCG TCT GTT GAC CAG TCC GGT ATC AAA TAC CAG GTT ATC GTG CGT TTC GAG AAG GTT AAC TAC TCC GGC ATC TAC ACT AAC AAC TTC GCG GAA GAC GAA CTG GTT GAA GTT GAA GCG,1.4528234204893011
ATG GTT CAG CGT GGT TCT AAA GTT CGT ATC CTG CGT CCG GAA TCT TAC TGG TTC CAG GAC GTT GGT ACC GTT GCG TCT GTT TCT CAG AAC GGC ATC AAA TAC CCG GTT ATC GTT CGC TTC GAG AAA GTG AAC TAC TCC GGT ATC AAC ACC AAC AAC TTC GCG GAG GAC GAA CTC GTT GAG GTT GAA GCG,0.9110350036739924
ATG GTT CAA CGT GGT TCC AAA GTT CGT GAA CTG CGT CCG GAG TCT TAC CAC TTC CAG GAC GTT GGT ACC GTT GCG TCT GTT GAC CAG TCT GGC ATC AAG TAC CCG GTT ATC GTT CGC TTT GAA AAA GTG AAC TAC TCC GGT ATC AAC ACC AAC AAC TTC GCG GAA GAC GAG CTG GTT GAA GTT GAA GCG,-0.381954608265297
ATG GTT CAG CGT GGT TCT TTT GTT CGT ATC CTG CGT CCG GAA TCT TAC TGG TTC CAG GAC GTT GGT CCG GTT GCG TCT GTT GAC CAG TCT GGC ATC AAA TAC CCG GTT ATC GTT CGT TTC GAG AAA GTG AAC TAC TCC GGT ATC AAC ACC AAC AAC TTC GCG GAA GAC GAA CTG GTT GAA GTT GAA GCG,-0.2380017484739694
ATG GTT CAG CGT GGT TCT AAA GTT CGT ATC CTG TGC CCG GAA TCT TAC TGG TTC CAA GAC GTT GGT ACC GTT GCG TCT GTT GAC CAG TCT GGC ATC AAG TAT CCG GTT ATC GTT CGT TTC GAG AAG GTT AAC TAC TCC GGT ATC AAC ACC AAC AAC TTC GCG GAA GAT TGT CTG GTT GAA GTT GAG GCG,2.9516545397043568
ATG GTT CAG CGT GGT TCT TCT GTT CGT ATC CTG CGT CCG GAG TCT TAT TGG TTC CAG GAC GTT GGT CAC GTT GCG TCT GTT GAC CAG TCT GGT ATC AAA TAC CCG GTT ATC GTT CGT TTC GAG AAG GTT AAC TAC TCT GGC ATC AAC ACC AAC AAC TTC GCG GAA GAC GAA CTG GTT GAA GTT GAA GCG,-0.2922012335798764
ATG GTT CAG CGT GGT TCT GAA GTT CGT ATC CTG CGT CCG GAA TCT TAC TGG TTC CAG GAC GTT GGT GGT GTG GCG TCT GTT GAC CAG TCT GGC ATC AAA TAC CCG GTT ATT GTG CGT TTT GAA AAG GTT AAC TAC TCC GGT ATC AAC ACC AAC AAC TTC GCT GAA GAC GAA CTG GTT GAA GTG GAA GCG,-0.6387632055917418
ATG GTT CAA CGT GGT TCC AAA GTT CGC CGC CTG CGT CCG GAA TCT TAC CCG TTC CAG GAC GTG GGT ACC GTT GCG TCT GTT GAC CAA TCC GGT ATC AAA TAC CCG GTT ATC GTT CGT TTC GAG AAA GTG AAC TAC TCT GGC ATC AAC ACC AAC AAC TTC GCT GAA GAT GAA CTC GTT GAA GTT GAA GCG,-0.0326554212763739
ATG GTT CAG CGT GGC TCT AAA GTT CGT ATC CTG CGT CCG GAA TCT TAT TGG TTC CAG GAC GTT GGT ACC GTT GCG TCT GTT GAC CAG TCT GGT ATC AAA TAC CCG GTT ATC GTT CGC TTC GAA AAG GTT AAC TAC TCT GGC ATC AAC ACC AAC AAC GAC GCG GAA GAC GAA TAC GTT GAA GTT GAA GCG,-0.2777870414574021
ATG GTT CAG CGT GGT TCC GTT GTT CGT ATC CTG CGT CCG GAA TCT TAC TGG TTC CAG GAC GTT GGT TAC GTG GCG TCT GTG GAC CAG TCT GGC ATC AAG TAC CCG GTT ATC GTT CGC TTC GAA AAG GTG AAC TAC TCT GGT ATC AAC ACC AAC AAC TTC GCG GAA GAC GAA CTG GTT GAA GTT GAA GCG,0.7348778318500238
ATG GTT CAA CGC GGC TCC AAA GTT CGT ATC CTG CGT CCG GAA TCT TAC TGG TTC CAG GAC GTG GGT ACC GTT GCT TCC GTT TGC CAG GAA GGC ATC AAA TAC CCG GTT ATC GTT CGC TTT GAG AAG GTT AAC TAC TCC GGT ATC AAC ACC AAC AAC TTC GCG GAA GAC GAA CTG GTT GAG GTT GAA GCG,1.356960626592454
ATG GTT CAG CGT GGT TCT AAA GTT CGT ATC CTG CGT CCG GAA TCT TAC TGG TTC CAG GAC GTT GGT ACC GTT GCG TCT GTT GAC CAG TCT GGT ATC AAA TAC CCG GTT ATC GTG CGT TTC GAG AAA GTG AAC TAC TCT GGC ATC AAC ACC AAC AAC TTC GAC GAA GAC GAA CTG GTT GAA GTT GAA GCG,0.8822156521649781
ATG GTT CAG CGT GGT TCT CGT GTT CGT ATC CTG CGT CCG GAA TCT TAC TGG TTC CAG GAC GTT GGC ACC GTT GCG TCT GTG GAC CAG TCT GGC ATC AAA TAC CCG GTT ATC GTT CGC TTC GTG AAG GTG AAC TAC TCT GGT ATC AAC ACC AAC AAC TTC GCG GAA GAC GAA CTG GTT GAA GTT GAA GCG,1.8252748280647464
ATG GTT CAG CGC GGT TCT AAA GTT CGT ATC CTG CGT CCG GAA TCT TAC TGG TTC CAG GAC GTT GGT ACC GTT GCG TCT GTT GAC CAA TCT GGT ATC AAA TAC CCG GTT ATC GTT CGC TTC GAA AAG GTT AAC TAC TCT GGC ATT AAC ACC AAC AAC CGT GCG GAA GAC GAA CAC GTT GAA GTT GAA GCG,-2.4215794459239697
ATG GTT CAG CGT GGT TCT ATG GTG CGT ATC CTG CGT CCG GAA TCT TAC TGG TTC CAG GAC GTT GGT ACC GTT GCT TCT GTT GAC CAG TCC GGC ATC AAA TAC CCG GTT ATC GTG CGT TTT ATG AAG GTT AAC TAC TCT GGC ATT AAC ACC AAC AAC TTC GCG GAA GAC GAA CTG GTT GAA GTT GAA GCG,1.2938366217086636
ATG GTT CAG CGT GGT TCT CGT GTT CGT ATC CTG CGT CCG GAA TCT TAC TGG TTC CAG GAC GTT GGT AAA GTT GCG TCT GTT GAC CAG TCT GGC ATC AAG TAC CCG GTT ATC GTT CGC TTT GAA AAG GTG AAT TAC TCC GGT ATC AAC ACC AAC AAC TTC GCT GAA GAC GAA CTG GTT GAA GTT GAA GCG,-0.183856924399827
ATG GTT CAG CGT GGT TCT AAA GTT CGT ATC CTG CGT CCG GAA TCT TAC TGG TTC CAG GAC GTT GGT ACC GTT GCG TCT GTT GAC CAG TCT GGT ATC AAA TAC CCG GTT ATC GTT CGC TTC GAG AAA GTG AAC TAC TCT GGC ATC AAC ACC AAC AAC TTC GCG GAA GAC GAA CTG GTT GAA GTT GAG GAC,2.0863123760756257
ATG GTT CAG CGT GGT TCC AAA GTT CGT ACC CTG CGT CCG GAA TCT TAC TGG TTT CAG GAC GTT GGT ACC GTT GCG TCT GTT GAC CAA TCT GGC ATC AAA TAC CCG GTT ATC GTT CGT TTC GAG AAG GTT AAC TAC TCC GGT ATC AAC ACC AAC AAC TTC GCG GAA GAC GAA CTG GTT GAA GTT GAG GCG,-0.6432899543763997
ATG GTT CAG CGC GGT TCT AAA GTT CGT ATC CTG CGT CCG GAA TCT TAC TGG TTC CAG GAC GTT GGT ACC GTT GCG TCT GTT GAC CAG TCT GGC ATC AAA TAC CCG GTG ATC GTT CGT TTC TCT CCG GTT AAC TAC TCT GGT ATT AAC ACC AAC AAC TTC GCG GAA GAC GAG CTG GTT GAA GTT GAA GCG,0.0808060218172321
ATG GTT CAG CGT GGC TCT AAA GTT CGT ATC CTC CGT CCG GAA TCT TAC TGG TTC CAG GAC GTT GGT ACC GTT GCG TCT GTT TGG CAG TGG GGT ATT AAG TAC CCG GTG ATC GTG CGT TTT GAA AAG GTT AAC TAC TCT GGC ATC AAT ACC AAC AAC TTC GCG GAA GAT GAA CTG GTT GAA GTT GAA GCG,1.0554751429683369
ATG GTT CAG CGT GGC TCT ATG GTG CGT ATC CTG CGT CCG GAA TCT TAC TGG TTC CAG GAC GTT GGT AAA GTT GCT TCT GTT GAC CAG TCT GGT ATC AAA TAC CCG GTT ATC GTT CGT TTC GAG AAG GTT AAC TAC TCC GGC ATC AAT ACC AAC AAC TTC GCT GAA GAT GAA CTG GTG GAA GTT GAA GCG,0.5977816272988881
ATG GTT CAA CGT GGT TCT AAA GTT CGC ATC CTG CGT CCG GAA TCT TAC TGG TTC CAG GAC GTT GGT ACC GTT GCG TCT GTT GAC CAG TCT GGC ATC AAA TAC GTT GTG ATC GTT CGT TTC GAG AAA GTG AAC TAC TCC GGC ATC GTT ACC AAC AAC TTT GCG GAA GAC GAA CTC GTT GAA GTT GAA GCG,2.260348750459916
ATG GTT CAG CGT GGC TCC AAA GTT CGT ATC CTG CGT CCA GAA TCT TAC TGG TTT CAG GAC GTT GGT ACC GTT GCG TCT GTT GAC CAG TCT GGT ATC AAA TAC GAA GTT ATC GTG CGC TTC GAA AAG GTT AAC TAC TCC GGT ATC TAC ACT AAC AAC TTC GCG GAG GAC GAA CTG GTT GAA GTT GAA GCG,1.022398452635893
ATG GTT CAG CGT GGT TCT ACT GTT CGT ATC CTG CGT CCG GAG TCT TAC TGG TTC CAG GAC GTT GGT TCT GTG GCG TCC GTT GAT CAG TCT GGT ATT AAG TAC CCG GTG ATC GTT CGT TTT GAG AAG GTT AAC TAC TCC GGT ATC AAT ACC AAC AAC TTC GCG GAA GAT GAA CTG GTT GAA GTT GAA GCG,-0.3300932181036243
ATG CTG CAA CGT GGT TCT AAA GTT CGT ATC CTG CGT CCG GAA TCT TAC TGG TTC CAG GAC GTT GGC ACC GTT GCG TCT GTT GAC CAG TCT GGT ATC AAG TAC CCG GTT ATC GTT CGT TTT GAG AAG GTT AAC TAC TCC GGC ATC AAC ACC AAC AAC TTC GCG GAA GAC GAA CTG GTT GAA GTT GAG GCG,3.083909630316961
ATG GTT CAG CGC GGT TCC AAA GTT CGT ATC CTG CGT CCG GAA TCT TAC TGG TTT CAG GAC GTT GGT ACC GTT GCG TCT GTT GAC CAG TCT GGT ATC AAA TAC CCG GTG ATC GTT CGT TTT GAA AAG GTT AAC TAC TCT GGC ATC AAC ACC AAC AAC GGT GCG GAA GAC GAA GCG GTT GAA GTT GAA GCG,-0.4349942400673847
ATG GTT CAG CGT GGT TCT AAA GTT CGT ATC CTG CGT CCG GAA TCT TAC TGG TTC CAA GAC GTT GGT ACC GTT GCG TCT GTT GAC CAG TCT GGC ATC AAA TAC CCG GTT ATC GTG CGT TTC GAG AAA GTG AAT TAC TCC GGT ATC AAC ACC AAC AAC CGT GCT GAA GAC GAA GAG GTT GAA GTT GAA GCG,-0.8025545549422413
ATG GTT CAG CGC GGT TCT AAA GTT CGT GCT CTC CGT CCG GAA TCT TAC CTG TTC CAG GAC GTT GGT ACC GTT GCG TCT GTT GAC CAG TCT GGT ATC AAA TAC CCG GTT ATC GTG CGT TTT GAG AAA GTG AAC TAC TCC GGC ATT AAC ACC AAC AAC TTT GCG GAA GAC GAA CTG GTT GAA GTT GAA GCG,-1.0325737499982497
ATG GTT CAG CGT GGT TCT AAA GTT CGT ATC CTG CGT CCG GAA TCT TAC TGG TTC CAG GAC GTG GGT GAG GTT GCG TCT GTT GAC CAG TCT GGC ATC AAA TAC CCG GTT ATC GTT CGT TTT GAG AAG GTT AAC TAC TCC GGT ATC AAC ACC AAC AAC TTC GCG GAA GAC GAA CTG GTT GAA GTT GAA GCG,1.4753842048346644
ATG GTT CAG CGT GGC TCC AAA GTT CGT ATC CTG CGT CCG GAA TCT TAC TGG TTT CAG GAC GTT GGT ACC GTT GCG TCT GTT CGT CAG GAA GGT ATC AAA TAC CCG GTT ATC GTT CGT TTC GAG AAG GTT AAT TAC TCT GGC ATC AAC ACT AAC AAC TTC GCG GAA GAT GAA CTG GTT GAA GTT GAA GCG,0.2963332296464613
ATG GTT CAG CGT GAC TCT AAA GTT CGT ATC CTG CGT CCG GAA TCT TAC TGG TTC CAG GAC GTT GGT ACC GTT GCT TCT GTT GAC CAG TCT GGC ATC AAA TAC CCG GTT ATC GTT CGT TTT GAG AAA GTG AAC TAC TCC GGT ATC AAC ACC AAC AAC TTC GCG GAA GAC GAA CTG GTT GAA GTT GAA GCG,-0.3820956453220095
ATG GTT CAG CGC GGT TCT AAG GTT CGT ATC CTG CGT CCG GAA TCT TAC TGG TTC CAG GAC GTT GGT ACC GTT TGC TCT GTT GAC CAG TCT GGT ATC AAA TAC CCG GTG ATC GTT CGC TTC GAG AAA GTG AAC TAC TCT GGC ATC AAC ACC AAC AAC TTC GCG GAA GAC GAA CTG GTT GAA GTT GAA GCG,3.5673508725528773
ATG GTT CAG CGT GGC TCC AAA GTT CGT ATC CTG CGT CCG GAA TCT TAC TGG TTC CAG GAC GTT GGT ACC GTT GCG TCT GTT GAC CAG TCT GGT ATC AAA TAC CCG GTG ATC GTT CGT TTC GAG AAA GTG AAC TAC TCT GGC ATC AAC ACC AAC AAC TTC GCG GAA GAC GAG TTC GTT GAA GTT GAG GCT,0.4021556453789613
ATG GTT CAG CGC GGT TCC AAA GTT CGT ATC CTG CGT CCG GAA TCT TAC TGG TTC CAG GAC GTT GGT ACC GTT GCG TCT GTT GAC CAG TCT GGT ATC AAA TAC CCG GTT ATC GTT CGT TTT GAA AAG GTG AAC TAC TCC CAC ATC AAC ACC AAC AAC TTC GCG GAA GAC GAA CTG GTT GAA GTT GAA GCG,0.0709448637326561
ATG GTT CAG CGT GGT TCT TGC GTT CGT ATC CTC CGT CCG GAA TCT TAC TGG TTC CAG GAT GTT GGT TAC GTT GCG TCT GTG GAC CAG TCC GGC ATT AAG TAC CCG GTT ATC GTT CGT TTC GAG AAA GTG AAC TAC TCT GGC ATC AAC ACC AAC AAC TTC GCG GAA GAC GAA CTG GTT GAA GTT GAA GCG,2.029604295518193
ATG GTT CAG CGT GGT TCT AAG GTT CGT ATT CTG CGT CCG GAA TCT TAC TGG TTT CAG GAC GTT GGT ACC GTT GCG TCT GTT GAC CAG TCT GGC ATC AAA TAC CCG GTT ATC GTT CGT TTC GAG AAG GTT AAC TAC TCC GGT ATC AAC ACC AAC AAC TTC GCG GAA GAC GAA CTC GTT TAC GTT GAA GCG,1.3098705322597632
ATG GTT CAG CGT GGT TCT AAA GTT CGT ATC CTG CGT CCG GAA TCT TAC TGG TTC CAG GAC GTT GGT ACT GTG GCG TCT GTT GAC CAG TCT GGT ATC AAA TAC CCG GTT ATC GTG CGT TTT GAG AAG GTT AAC TAC AAC GGC ATC AAC ACC AAC AAC TTC GCG GAA GAC GAA CTG GTT GAA GTT GAA GCG,2.732140654554571
ATG GTT CAG CGT GGT TCT AAA GTT CGT ATC CTG CGT CCG GAA TCT TAC TGG TTC CAG GAT GTT GGT ACC GTT GCG TCT GTT GAC CAG TCC GGT ATT AAG TAC CCG GTT ATC GTG CGT TTC TAT AAC GTG AAC TAC TCT GGT ATC AAC ACC AAC AAC TTC GCG GAA GAT GAA CTC GTG GAA GTT GAA GCG,1.1364112619101427
ATG GTT CAG CGT GGT TCT AAA GTT CGT ATC CTG CGT CCG GAA TCT TAC TGG TTC CAG GAT GTT GGT ACC GTT GCG TCT GTT GAC CAG TCT GGT ATC AAG TAC CCG GTG ATC GTT CGT TTC TAC GAA GTG AAC TAC TCT GGC ATC AAC ACC AAC AAC TTC GCG GAG GAC GAA CTG GTT GAA GTT GAA GCG,0.8399753881485181
ATG GTT CAG CGT GGT TCT AAA GTT CGT ATC CTG CGT CCG GAA TCT TAC TGG TTC CAG GAC AAA GGT ACC GTT GCG TCT GTT GAC CAA TCT GGT ATC AAG TAC CCG GTT ATC GTT CGT TTC GAG AAA GTT AAT TAC TCC GGC ATC AAC ACC AAC AAT TTC GCG GAA GAC GAA CTG GTT GAA GTT GAA GCG,-0.5248381794452471
ATG GTT CAG CGT GGT TCT TGC GTT CGT ATC CTG CGC CCA GAA TCT TAC TGG TTC CAG GAT GTT GGT CCG GTT GCG TCT GTT GAC CAG TCC GGC ATT AAG TAC CCG GTT ATC GTT CGT TTC GAG AAA GTT AAT TAC TCT GGC ATC AAC ACC AAC AAC TTC GCG GAA GAC GAA CTG GTT GAA GTG GAA GCG,1.214208282770788
ATG GTT CAG CGT GGT TCT AAA GTT CGT GAA CTG CGT CCG GAA TCT TAC ATG TTC CAG GAC GTT GGT ACC GTT GCG TCT GTT GAC CAG TCT GGC ATC AAA TAC CCG GTT ATT GTT CGC TTC GAG AAA GTG AAC TAC TCT GGT ATC AAC ACC AAC AAC TTC GCG GAA GAT GAA CTG GTT GAA GTT GAG GCG,-0.4036708008102867
ATG GTG CAG CGT GGT TCC TAC GTT CGT ATC CTG CGT CCG GAA TCT TAC TGG TTC CAG GAC GTT GGT ACC GTG GCG TCT GTT GAC CAG TCT GGT ATC AAA TAC CCG GTT ATC GTT CGT TTC TCC AAG GTT AAC TAC TCC GGC ATC AAC ACT AAC AAC TTC GCT GAA GAC GAA CTG GTT GAA GTT GAA GCG,1.0943015185726166
ATG GTG CAG CGC GGT TCT AAA GTT CGT ATC CTG CGT CCG GAA TCT TAC TGG TTC CAG GAC GTT GGT ACC GTT GCG TCT GTT AAA CAG GCG GGT ATC AAA TAC CCG GTT ATC GTT CGT TTC GAG AAG GTT AAC TAC TCT GGC ATC AAC ACC AAC AAC TTC GCG GAA GAC GAA CTG GTT GAA GTT GAA GCG,0.3279039342195375
ATG GTT CAG CGT GGT TCT TGG GTT CGT ATC CTG CGT CCG GAA TCT TAC TGG TTC CAG GAC GTT GGT GAC GTG GCG TCT GTT GAC CAG TCT GGT ATC AAA TAC CCG GTT ATC GTT CGC TTC GAA AAG GTG AAC TAC TCT GGC ATC AAC ACC AAC AAC TTC GCG GAA GAC GAA CTG GTT GAA GTT GAG GCT,-0.3915479512171557
ATG GTT CAG CGT GGT TCC AAA GTT CGT ATC CTG CGT CCG GAA TCT TAC TGG TTT CAG GAC GTT GGT ACC GTT GCG TCT GTT GAC CAG TCC GGT ATC AAA TAC CCG GTT ATC GTT CGC TTC GAA AAA GTG AAC TAC TCT GGC ATC AAC ACC AAC AAC TTC GCG GAA GAC GAA AAG GTT GAA GTT GAA GCG,-1.310471929854671
ATG GTT CAA CGC GGT TCC AAA GTT CGT ATC CTG CGT CCG GAA TCT TAC TGG TTC CCG GAT GTT GGT ACC GTT GCT TCT GTT GAT CAG TCT GGC ATC AAA TAC CCG GTT ATC GTT CGT TTC GAG AAG GTT AAT TAC TCC GGT ATC AAC ACC AAT AAC TTC GCG GAA GAC GAA CTG GTG GAA GTT GAA GCG,-0.4631487754350505
ATG GTT CAG CGT GGT TCT AAA GTT CGT ATC CTG CGT CCG GAA TCT TAC TGG TTC CAG GAC GTT GGT ACC GTT GCG TCT GTT GAC CAG TCT GGC ATC AAG TAC CCG GTT ATC GTT CGT TTC GAG AAG CAG AAC TAC TCC GGT ATC AAC ACC AAC AAT TTC GCG GAA GAC GAA CTG GTT GAA GTT GAA GCG,1.5439014630075625
ATG GTG CAG CGT GGC TCC AAA GTT CGT ATC CTG CGT CCG GAA TCT TAC TGG TTC CAG GAC GTG GGT ACC GTT GCG TCT GTT GAC TGC TCC GGT ATC AAA TAC CCG GTT ATT GTG CGC TTT GAA AAG GTG AAC TAC TCT GGC ATC AAC ACT AAC AAC TTC GCG GAA GAT GAA CTG GTT GAG GTT GAA GCG,2.208682089207222
ATG GTT CAG CGC GGT TCT AAA GTT CGC ATC CTG CGT CCG GAA TCT TAC TGG TTT CAG GAC GTT GGC ACT GTG GCG TCT GTG GAC CAG TCT GGT ATC AAA TAC CCG GTT ATC GTT CGC TTC GAG AAG GTT AAC TAT TCC GGC ATC AAC ACC AAC AAC ATG GCT GAA GAC GAA CTG GTT GAA GTT GAA GCG,-0.6952961645222717
ATG GTT CAG CGT GGT TCT AAA GTT CGT ATC CTG CGT CCG GAA TCT TAC TGG TTC CAG GAT GTT GGT ACC GTT GCG TCT GTT GAC CAG TCC GGC ATC AAG TAC CCA GTT ATC GTG CGT TTT TCT TTC GTG AAC TAC TCT GGT ATC AAC ACC AAC AAT TTC GCG GAA GAC GAA CTG GTT GAA GTT GAA GCG,1.2753007311552376
ATG GTT CAG CGT GGC TCT AAA GTT CGT ATG CTG CGT CCG GAG TCC TAC ATT TTC CAA GAC GTT GGT ACC GTT GCG TCT GTT GAC CAG TCT GGC ATC AAA TAC CCG GTT ATC GTG CGT TTT GAG AAA GTG AAC TAC TCC GGT ATC AAC ACC AAC AAC TTC GCG GAA GAC GAG CTG GTT GAA GTT GAA GCG,-1.3537243266430208
ATG GTT CAG CGT GGC TCT AAA GTT CGT ATC CTG CGT CCG GAA TCT TAC TGG TTC CAG GAC GTT GGT ACC GTT GCG TCT GTT GAC CAG TCT GGT ATC AAA TAT CCG GTG ATC GTT CGC TTC GAG ATG GTT AAC TAC TCT GGC ATC AAC ACC AAC AAC TTC GCG GAA GAC GAA CTG GTT GAA GTT GAA GCG,0.7893059739055579
ATG GTT CAG CGT GGT TCT AAA GTT CGC ATC CTG CGT CCG GAA TCT TAC TGG TTC CAG GAC GTT GGT ACC GTT GCG TCT GTT AAC CAG CCG GGC ATC AAA TAC CCG GTT ATC GTT CGT TTC GAG AAG GTT AAC TAC TCC GGT ATC AAC ACC AAC AAC TTC GCG GAA GAC GAA CTG GTT GAA GTG GAA GCG,-0.1386410263707141
ATG GTT CAG CGC GGT TCC AAA GTT CGC ATC CTG CGT CCG GAA TCT TAC TGG TTC CAG GAC GTT GGT ACC GTT GCG TCT GTT GAC CAG TCT GGC ATC AAA TAC CCG GTT ATC GTT CGC TTC GAG AAA GTG AAC TAC TCT GGT ATC AAC ACC AAC AAC TGC GCG GAA GAC GAA ATG GTT GAA GTT GAA GCG,0.4551375468673556
ATG GTT CAG CGT GGC TCT AAG GTT CGC ATC CTC CGT CCG GAA TCT TAC TGG TTC CAG GAC GTT GGT ACC GTG GCG TCT GTG GAC CAG TCC GGC ATT AAG TAC TCC GTG ATC GTG CGC TTC GAA AAA GTG AAC TAC TCT GGC ATC AAC AAA AAC AAC TTC GCG GAA GAC GAA CTG GTT GAA GTT GAG GCT,1.022612157385271
ATG GTT CAG CGT GGT TCT AAG GTT CGT ATC CTG CGT CCG GAA TCT TAC TGG TTC CAA GAC GTT GGT ACC GTT GCG TCT GTT GAC CAG TCT GGT ATC AAG TAC CCG GTG ATC GTT CGC TTC GAA AAG GTG AAC TAC TCT TTC ATC AAC ACC AAC AAC TTC GCG GAA GAC GAA CTG GTG GAA GTT GAA GCG,0.3313472888946129
ATG GTT CAG CGT GGT TCT AAA GTT CGT ATC CTG CGT CCG GAA TCT TAC TGG TTC GTT GAC GTT GGT ACC GTT GCG TCT GTT GAC CAG TCT GGT ATC AAA TAC CCG GTT ATC GTT CGC TTC GAA AAG GTG AAC TAC TCT GGC ATC AAC ACC AAC AAC TTC GCG GAG GAC GAA CTG GTT GAA GTT GAA GCG,0.5344237087460089
ATG GTT CAG CGT GGT TCT AAA GTT CGT ATC CTG CGT CCG GAA TCT TAC TGG TTC CAG GAC GTT GGT ACC GTT AAA TCT GTT GAC CAG TCT GGC ATC AAA TAC CCG GTT ATC GTT CGT TTC GAG AAG GTT AAC TAC TCC GGT ATC AAC ACC AAC AAT TTC GCG GAA GAC GAA CTG GTT GAA GTT GAA GCG,1.1902766985794664
ATG GTT CAG CGC GGT TCT AAA GTT CGT ATC CTG CGT CCG GAA TCT TAC TGG TTC CAG GAC GTG GGT ACC GTT GCG TCT GTT GAC CAA TCT GGC ATC AAG TAC CCG GTT ATC GTT CGC TTC GAA AAA GTT AAC GCG TCT GGT ATC AAC ACC AAC AAC TTC GCG GAA GAC GAA CTG GTT GAA GTT GAA GCG,3.699110452663296
ATG GTT CAA CGC GGT TCT AAA GTT CGT ATC CTG CGT CCG GAA TCT TAC TGG TTC CAA GAC GTT GGT ACC GTT GCG TCT GTT GAC CAG TCC GGT ATC AAA TAT CCA GTG ATC GTG CGT TTC TCT ATG GTT AAC TAC TCT GGC ATC AAC ACC AAC AAC TTC GCG GAA GAT GAA CTG GTG GAA GTT GAA GCG,0.7928662772307733
ATG GTT CAG CGT GGT TCT AAG GTT CGT ATC CTG CGT CCG GAA TCT TAC TGG TTT CAG GAC GTT GGT ACC GTT GCG TCT GTT GGT CAG AAC GGT ATT AAG TAC CCG GTT ATC GTT CGT TTC GAG AAG GTT AAC TAC TCT GGC ATC AAC ACC AAC AAC TTC GCG GAA GAC GAA CTG GTG GAA GTG GAA GCG,0.5056902573845213
ATG GTT CAG CGC GGT TCC AAA GTT CGT ATC CTG GAC CCG GAA TCT TAC TGG TTC CAG GAC GTT GGT ACC GTT GCG TCT GTT GAC CAG TCT GGC ATC AAA TAC CCG GTT ATC GTT CGC TTC GAA AAA GTG AAC TAC TCC GGT ATC AAC ACC AAC AAC TTC GCG GAA GAC AAA CTG GTT GAA GTT GAA GCG,0.1573883183061392
ATG TAC CAG CGT GGT TCT AAA GTT CGC ATC CTG CGT CCG GAA TCT TAT TGG TTC CAG GAC GTT GGT ACC GTG GCG TCT GTT GAC CAG TCT GGT ATC AAG TAC CCG GTG ATT GTG CGT TTT GAG AAA GTG AAC TAC TCT GGC ATC AAC ACC AAC AAC TTC GCG GAG GAC GAA CTG GTT GAA GTT GAA GCG,2.617288854834806
ATG GTT CAG CGT GGT TCT GAA GTT CGT ATC CTG CGT CCG GAA TCT TAC TGG TTC CAG GAC GTT GGT TGG GTT GCG TCT GTT GAC CAG TCT GGC ATC AAG TAC CCG GTT ATC GTT CGC TTC GAA AAG GTT AAC TAC TCC GGT ATC AAC ACC AAC AAC TTC GCG GAA GAC GAA CTG GTT GAA GTT GAA GCG,0.1929576496384603
ATG GTT CAG CGT GGT TCC AAA GTT CGT ATC CTG CGT CCG GAA TCT TAC TGG TTT CAG GAC GTT GGT ACC GTT GCG TCT GTT GAC CAG TCT GGC ATC AAA TAC CCG GTT ATC GTT CGT TTC GAG AAG GTT AAC TAC TCC GGT ATC AAC ACC AAC AAC ATG GCG GAA GAC GAA CAC GTT GAA GTT GAA GCG,-0.6685760468241027
ATG GTT CAG CGT GGT TCT AAA GTT CGT ATC CTG GGT CCG GAA TCT TAC TGG TTC CAG GAC GTT GGT ACC GTT GCG TCT GTT GAC CAG TCT GGT ATT AAG TAC CCG GTT ATC GTT CGT TTC GAG AAA GTG AAC TAC TCC GGT ATC AAC ACC AAC AAC TTC GCG GAA GAC CGT CTG GTT GAA GTT GAA GCG,-1.0995455223671815
ATG GTT CAG CGT GGC TCC AAA GTT CGT ATC CTG CGT CCG GAA TCT TAC TGG TTC CAG GAC GTT GGT ACC GTT GCG TCT GTT GAC CAG TCC GGT ATC AAG TAC CCA GTT ATC GTT CGC TTC GAA AAA GTG AAC TAC TCC GGC ATC AAC ACC AAC AAC AAA GCG GAA GAC GAA TAT GTT GAA GTT GAA GCG,-0.1350457590702446
ATG GTT CAG CGT GGT TCT AAA GTT CGT ATC CTG CGT CCG GAA TCT TAC TGG TTC CAG GAC GTT GAC ACC GTT GCG TCT GTT GAC CAG TCT GGC ATC AAA TAC CCG GTT ATC GTT CGT TTT GAA AAA GTG AAT TAC TCC GGT ATC AAC ACC AAC AAC TTC GCG GAA GAC GAA CTG GTT GAG GTT GAA GCG,-0.1847046661716274
ATG GTG CAG CGT GGT TCT AAA GTT CGT ATC CTG CGT CCG GAA TCT TAC TGG TTC CAG GAC GTG GGT ACC GTT GCG TCT GTT GCG CAG ATC GGT ATC AAA TAC CCG GTT ATC GTT CGT TTC GAG AAG GTT AAC TAC TCT GGC ATC AAC ACC AAC AAC TTC GCG GAA GAC GAA CTG GTT GAA GTT GAA GCG,0.5413346564829729
ATG GTT CAG CGT GGT TCC AAA GTT CGT ATC CTG CGT CCG GAA TCT TAC TGG TTT CAG GAC GTT GGT ACC GTT GCG TCT GTT GAC CAG TCT GGT ATC AAG TAC ACC GTT ATC GTG CGT TTT GAA AAA GTG AAC TAC TCT GGC ATC AAC TAC AAC AAC TTC GCG GAA GAT GAA CTG GTT GAA GTT GAA GCG,1.744675013950983
ATG GTT CAG CGT GGT TCT AAA GTT CGT ATC CTG CGT CCG GAA TCT TAC TGG GAC CAG GAC GTT GGT ACC GTT GCG TCT GTT GAC CAG TCC GGC ATC AAA TAC CCG GTT ATC GTT CGT TTC GAG AAG GTG AAC TAC TCT GGT ATC AAC ACC AAC AAC TTC GCG GAA GAC GAA CTG GTT GAA GTT GAA GCG,-2.252407468611369
ATG GTT CAG CGC GGT TCT AAA GTT CGT ATC CTG CGT CCG GAA TCT TAC TGG TTC CAG GAC GTT GGT ACC GTT GCT TCT GTT GAC CAG TCC GGT ATC AAA TAC CTG GTG ATC GTG CGT TTC GAG AAG GTT AAC TAC TCT GGT ATC ATG ACC AAC AAC TTC GCG GAA GAC GAA CTG GTT GAA GTT GAA GCG,2.1100041473950104
ATG GTT CAG CGT GGT TCT AAA GTG CGC CAC CTC CGT CCG GAA TCT TAC TAC TTC CAG GAC GTT GGT ACC GTT GCG TCT GTT GAC CAG TCC GGT ATC AAG TAC CCG GTT ATC GTG CGC TTC GAG AAA GTT AAT TAC TCT GGC ATC AAC ACC AAC AAC TTC GCG GAA GAC GAA CTG GTT GAA GTT GAG GCT,-0.0479278298918545
ATG GTT CAG CGT GGC TCT AAA GTT CGT ATC CTG CGT CCG GAA TCT TAC TGG TTC CAG GAT GTT GGT ACC GTT GCG TCT GTT GAC CAG TCT GGC ATC AAA TAC CCG GTT ATC GTT CGT TTC CAG CAG GTT AAC TAC TCT GGT ATC AAC ACC AAC AAC TTC GCG GAA GAC GAA CTG GTT GAA GTG GAA GCG,0.9609805185775582
ATG GTT CAG CGT GGC TCT AAG GTG CGT ATC CTG CGT CCG GAA TCT TAC TGG TTC CAG GAC GTT GGT ACC GTT GCG TCT GTT TAC CAG TAC GGC ATT AAG TAC CCG GTT ATC GTG CGT TTC GAG AAA GTG AAC TAC TCT GGT ATC AAC ACC AAC AAC TTC GCT GAA GAC GAA CTG GTT GAA GTT GAA GCG,0.4858617748458536
ATG GTT CAG CGT GGT TCT AAG GTT CGT ATC CTG CGT CCG GAA TCT TAC TGG TTC CAG GAT GTT GGT ACC GTT GCG TCT GTT GAC CAG TCC GGT ATC AAA TAC CCA GTG ATC GTT CGT TTC AAA GAC GTT AAC TAC TCT GGC ATC AAC ACC AAC AAC TTC GCG GAA GAC GAA CTG GTT GAA GTT GAA GCG,0.8654073117020648
ATG GTT CAG CGT GGC TCC AAG GTT CGT ATC CTG CGT CCG GAA TCT TAC TGG TTC CAG GAC GTT GGT ACC GTT GCT TCT GTT GAC CAG TCT GGC ATC AAA TAC TGG GTT ATC GTT CGC TTC GAA AAG GTG AAC TAC TCT GGT ATC AAC TGC AAC AAC TTC GCG GAA GAC GAG CTG GTT GAA GTT GAA GCG,2.6511896837223308
ATG GTT CAG CGC GGT TCT AAA GTT CGT ATC CTG CGT CCG GAA TCT TAC TGG TTC CAG GAC GTT GGC ACC GTT GCG TCT GTT GAC CAG TCT GGT ATC AAA TAC CCG GTG ATT TCT CGT TTC GAG AAA GTG AAC TAC TCT GGC ATC AAC ACC AAC AAC TTC GCG GAA GAC GAA CTG GTT GAA GTT GAA GCG,-3.474507796870912
ATG GTT CAG CGT GGC TCT AAA GTT CGT ATC CTG CGT CCG GAA TCT TAT TGG TTC CAG GAC GTT GGT ACC GTT GCG TCT GTT GAC CAG TCC GGT ATC AAA TAC CCG GTT ATT GTG CGT TTC GTT CAG GTT AAC TAC TCT GGC ATC AAC ACT AAC AAC TTC GCG GAA GAC GAG CTG GTT GAG GTG GAA GCG,1.0501218800852894
ATG GTT CAG CGC GGT TCT CAC GTT CGT ATC CTG CGT CCG GAA TCT TAC TGG TTC CAG GAC GTG GGT ACC GTT GCG TCT GTT GAC CAG TCT GGT ATC AAG TAC CCG GTT ATC GTT CGT TTC GGT AAG GTT AAC TAC TCC GGC ATT AAC ACC AAC AAC TTC GCG GAA GAC GAA CTG GTT GAA GTT GAA GCG,0.7636285994337222
ATG GTT CAG CGC GGC TCC AAA GTT CGT ATC CTG CGT CCG GAA TCT TAC TGG TTT CAG GAC GTT GGC ACC GTT GCG TCT GTT TGC CAG TGG GGC ATT AAG TAC CCG GTT ATC GTT CGC TTC GAG AAA GTG AAC TAC TCT GGC ATC AAC ACC AAC AAC TTC GCG GAA GAT GAA CTG GTT GAA GTT GAA GCG,1.4045482074460978
ATG GTT CAG CGT GGT TCT AAA GTT CGT ATC CTG CGT CCG GAA TCT TAC TGG TTT CAG GAC GTT GGT ACC GTT GCG TCT GTT GAC CAG TCT GGC ATC AAA TAC CGT GTT ATC GTT CGC TTC GAA AAA GTG AAC TAC TCT GGT ATC TTC ACC AAC AAC TTC GCG GAA GAT GAA CTG GTT GAA GTT GAG GCG,1.701160567899611
ATG GTT CAG CGT GGT TCT AAA GTT CGT ATT CTG CGT CCG GAA TCT TAC TGG TTT CAG GAC GTT GGT ACC GTT GCG TCT GTT GAC CAG TCT GGC ATC AAG TAC AAC GTG ATC GTT CGT TTC GAG AAG GTT AAC TAC TCT GGT ATC AAC CGC AAT AAC TTC GCG GAA GAC GAA CTG GTT GAA GTT GAA GCG,1.2316327336259798
ATG GTT CAA CGT GGC TCC AAA GTT CGT ATT CTG AAC CCG GAA TCT TAC TGG TTC CAG GAC GTT GGC ACC GTT GCG TCT GTT GAC CAG TCT GGC ATC AAA TAC CCG GTT ATT GTG CGT TTC GAG AAG GTG AAC TAC TCT GGT ATC AAC ACC AAC AAC TTC GCG GAA GAC ATC CTG GTT GAA GTT GAA GCG,-0.2832136916833043
ATG GTT CAG CGT GGT TCT AAA GTT CGC ATC CTG CAC CCG GAA TCT TAC TGG TTC CAG GAC GTT GGC ACC GTT GCT TCT GTT GAC CAG TCT GGT ATC AAA TAC CCG GTT ATC GTT CGT TTC GAG AAA GTT AAT TAC TCC GGC ATC AAC ACC AAC AAC TTC GCG GAA GAC TTC CTG GTT GAA GTT GAG GCG,-0.4160740322166558
ATG GTT CAG CGC GGT TCC AAA GTT CGT ATC CTG CGT CCG GAA TCT TAC TGG TTC CAG GAC GTT GGT ACC GTT GCG TCT GTT GAC CAG TCT GGT ATC AAA TAC CCG GTT ATC GTG CGT AAA GAA AAA GTG AAC TAC TCC GGC ATT AAC ACC AAC AAC TTT GCG GAA GAC GAA CTG GTT GAA GTT GAG GCG,-1.858471896045805
ATG GTT CAA CGT GGT TCT CCG GTT CGT ATC CTG CGT CCG GAA TCT TAC TGG TTC CAG GAT GTT GGT ACC GTT GCG TCT GTT GAC CAG TCC GGT ATC AAG TAC CCG GTT ATC GTT CGC TTC TAC AAA GTT AAT TAC TCC GGC ATC AAC ACC AAC AAC TTC GCG GAA GAT GAA CTC GTG GAA GTT GAA GCG,1.0487012335080506
ATG GTT CAA CGC GGT TCC AAA GTT CGT ATC CTG CGT CCG GAA TCT TAC TGG TTC CAG GAT GTT GGT ACC GTT GCG TCT GTT GAC CAG TCC GGT ATC AAG TAC CCG GTT ATC GTT CGT TTC GAG AAG GTT AAC TAC TCT GGC ATC AAC ACC AAC AAC GAC GCG GAA GAC GAA AAC GTT GAA GTT GAA GCG,-0.3173246451759671
ATG GTT CAG CGT GGT TCT CGT GTT CGT ATC CTG CGT CCG GAA TCT TAC TGG TTC CAG GAC GTT GGT GAC GTT GCT TCT GTT GAC CAG TCT GGT ATC AAG TAC CCG GTT ATC GTT CGT TTC GAG AAG GTT AAC TAC TCC GGT ATT AAC ACC AAC AAC TTC GCG GAA GAC GAA CTG GTT GAA GTT GAA GCG,0.015800902242231
ATG GTT CAG CGT GGC TCT AAA GTT CGT TAC CTG CGT CCG GAA TCT TAC AAT TTC CAG GAC GTT GGT ACC GTT GCG TCT GTT GAC CAG TCT GGC ATC AAA TAC CCG GTT ATC GTT CGC TTC GAG AAA GTG AAC TAT TCT GGT ATC AAC ACC AAC AAC TTC GCG GAA GAC GAA CTG GTT GAA GTG GAG GCG,0.0255186195635023
ATG GTT CAG CGT GGT TCT AAA GTT CGT ATC CTG CGT CCG GAA TCT TAC TGG TTC CAA GAC GTT GGT ACC GTT GCG TCT GTT GAC CAG TCT GGT ATC AAA TAC CCG GTT ATC GTG CGT TTC GAG AAA GTT AAT TAC TCT GGT TGG AAC ACC AAC AAC TTC GCG GAA GAC GAA CTG GTT GAA GTT GAA GCG,0.9988140592814352
ATG GAA CAG CGT GGC TCT AAA GTT CGT ATC CTG CGT CCG GAA TCT TAC TGG TTC CAG GAC GTT GGT ACC GTT GCG TCT GTT GAC CAG TCT GGT ATC AAG TAC CCG GTT ATC GTT CGT TTC GAG AAA GTG AAC TAC TCT GGC ATC AAC ACC AAC AAC TTC GCG GAA GAC GAA CTG GTT GAA GTT GAA GCG,-2.410297491806312
ATG GTT CAG CGT GGT TCT AAA GTT CGT ATC CTG CGT CCG GAA TCT TAC TGG TTC CAG GAC GTT GGT ACC GTT GCG TCT GTT GAC CAG TCC GGT ATC AAA TAC CCG GTT ATC GTT CGT TTC GAG AAA GTG AAC TAC TCT GGC ATC AAC ACC AAC AAC TTC GCG GAA GAC GAA CTG GTT GAA GTT GAG CGT,1.8985610253496887
ATG GTT CAG CGT GGC TCC AAA GTT CGT ATC CTG CGT CCG GAA TCT TAT TGG TTC CAG GAC GTT GGT ACC GTT GCG TCT GTT GAC CAG TCT GGT ATC AAA TAC TGG GTG ATC GTT CGC TTC GAA AAG GTT AAC TAC TCT GGC ATC AAC TTT AAC AAC TTC GCG GAA GAT GAA CTG GTT GAA GTG GAA GCG,2.250613562470396
ATG GTT CAG CGT GGT TCT AAA GTT CGT TCT CTG CGT CCA GAG TCT TAC TTC TTC CAG GAC GTT GGT ACC GTT GCG TCT GTT GAC CAG TCT GGC ATC AAG TAC CCG GTT ATC GTT CGT TTT GAG AAA GTG AAC TAC TCC GGT ATC AAC ACC AAC AAC TTC GCG GAA GAC GAA CTG GTT GAA GTT GAA GCG,-1.679176019407601
ATG GTT CAA CGT GGC TCT AAA GTT CGT ATT CTG CGT CCG GAA TCT TAC TGG TTC CAG GAC GTG GGT ACC GTT GCT TCT GTT ATG CAG CGT GGT ATC AAA TAC CCG GTT ATC GTT CGT TTT GAG AAA GTG AAC TAC TCT GGC ATC AAC ACC AAC AAC TTC GCG GAA GAC GAA CTG GTT GAA GTT GAA GCG,1.2131812094125791
ATG TGC CAG CGT GGT TCT AAA GTT CGT ATC CTG CGT CCG GAA TCT TAC TGG TTC CAG GAC GTT GGT ACC GTT GCG TCT GTG GAC CAG TCC GGC ATT AAG TAC CCG GTT ATC GTT CGT TTC GAG AAG GTG AAC TAC TCT GGC ATC AAC ACC AAC AAC TTC GCG GAG GAC GAA CTG GTT GAA GTT GAA GCG,2.1796082696794574
ATG GTG CAG CGT GGT TCT AAA GTT CGT ATC CTG CGT CCG GAA TCT GTT TGG TTC CAG GAC GTT GGT ACC GTT GCG TCT GTT GAC CAG TCT GGC ATC AAA TAC CCG GTT ATC GTT CGT TTT GAG AAA GTG AAC TAC TCC GGT ATC AAC ACC AAC AAC TTC GCG GAA GAC GAA CTG GTT GAA GTT GAA GCG,0.0195667049569067
ATG GTT CAG CGT GGC TCT AAA GTT CGT ATC CTG CGT CCG GAA TCT TAC TGG TTC CAG GAC GTT GGT ACT GTT GCG TCT GTT GAC CAG TCT GGC ATC AAA TAC CCG GTT ATC GTT CGT TTT CTG CAC GTT AAC TAC TCT GGT ATC AAC ACC AAC AAC TTC GCG GAA GAC GAA CTG GTT GAA GTT GAG GCT,1.429190734759754
ATG GTG CAG CGT GGT TCC AAA GTT CGT ATC CTC CGT CCG GAA TCC TAC TGG TTT CAG GAC GTT GGT ACC GTT GCG TCC GTG GAC CAG TCT GGC ATC AAA CGT CCG GTT ATC GTG CGT TTC GAG AAG GTT AAC TAC TCC GGT ATC AAC ACC AAC AAC TTC GCG GAA GAC GAA CTG GTT GAA GTT GAA GCG,1.0005255083266762
ATG GTT AAA CGT GGC TCC AAA GTT CGT ATC CTG CGT CCG GAA TCT TAC TGG TTC CAG GAC GTT GGT ACC GTT GCG TCT GTT GAC CAG TCC GGT ATC AAA TAC CCG GTT ATC GTT CGT TTT GAA AAA GTG AAC TAC TCT GGC ATC AAC ACC AAC AAC TTC GCG GAA GAC GAA CTG GTT GAA GTT GAA GCG,2.5504146453281447
ATG GTT CAG CGT GGT TCT AAA GTT CGT ATC CTG CGT CCG GAA TCT TAT TGG TTC CAG GAC GTT GGT ACC GTT GCG TCT GTT GAC CAG TCT GGT ATC AAA TAC CCG AAA ATC GTG CGT TTC GAG AAA GTT AAT TAC TCT GGC ATC AAC ACC AAC AAC TTC GCG GAA GAC GAA CTG GTT GAA GTT GAA GCG,-2.199469697647571
ATG GTT CAG CGC GGT TCT AAA GTG CGT ATT CTG CGT CCG GAA TCT TAC TGG TTC CAG GAC GTT GGC ACC GTT GCG TCT GTT GAC CAG TCT GGT ATC AAG TAT TTC GTG ATC GTT CGT TTC GAG AAA GTG AAC TAC TCC GGT ATC GCG ACC AAC AAC TTC GCG GAA GAC GAA CTG GTT GAA GTT GAA GCG,2.507329731820364
ATG GTT CAG CGC GGT TCT AAA GTT CGT TCT CTG CGT CCA GAA TCC TAC CCG TTC CAG GAC GTG GGT ACC GTT GCT TCT GTT GAC CAG TCT GGT ATC AAA TAC CCG GTT ATC GTT CGT TTC GAG AAA GTG AAC TAC TCT GGC ATC AAC ACC AAC AAC TTC GCG GAA GAT GAA CTG GTG GAA GTG GAA GCG,-5.061234741123357
ATG GTT CAG CGT GGT TCT GAC GTT CGT ATC CTG CGT CCG GAA TCT TAC TGG TTC CAG GAC GTG GGT TCT GTT GCG TCT GTG GAC CAG TCC GGT ATC AAA TAC CCG GTT ATC GTT CGT TTT GAA AAG GTT AAT TAC TCC GGC ATC AAC ACC AAC AAC TTC GCG GAA GAC GAA CTG GTT GAA GTT GAG GCG,-1.174260871131345
ATG GTT CAG CGT GGT TCT AAA GTT CGT ATC CTG CGT CCG GAA TCT TAC TGG TTC CAG GAC GTT GGT ACC GTT GCG TCT GTT GAC CAG TCT GGC ATC AAA TAC CAC GTT ATC GTG CGT TTC GAG AAA GTG AAC TAC TCC GGT ATC AAC TAC AAC AAC TTT GCG GAA GAC GAA CTG GTT GAA GTT GAA GCG,1.7521362214343772
ATG GTT CAG CGT GGT TCT CCG GTT CGT ATC CTC CGT CCG GAA TCT TAC TGG TTC CAG GAC GTT GGC GTT GTG GCG TCT GTT GAC CAG TCC GGT ATC AAA TAC CCG GTT ATC GTT CGT TTC GAG AAG GTT AAC TAC TCT GGC ATC AAC ACC AAT AAC TTC GCG GAA GAC GAA CTG GTT GAG GTT GAA GCG,0.1773390304585533
ATG GTT CAG CGC GGT TCT AAA GTT CGT ATC CTG CGT CCG GAA TCT TAC TGG TTC CAG GAC GTT GGT ACC GTT GCG TCT GTT GAC CAG TCT GGT ATC AAA TAC CCA GTT ATC GTT CGC TTC GAG AAA GTG AAC TAC TCC GGC ATC AAC ACC AAC AAC TTC GCG GAA GAC GAA CTG GTT GAA GTT ACC GCG,1.9134720057245376
ATG GTT CAG CGT GGT TCT AAA GTT CGT ATC CTC CGT CCG GAA TCT TAC TGG TTC CAG GAC GTT GGT ACC GTT GCG TCC GTT GAC CAG TCT GGT ATC AAA TAC CCG GTT ATC GTT CGT TTT GAA AAA GTG AAC TAC TCC GGC ATT TCC ACC AAC AAC TTC GCG GAA GAC GAA CTG GTT GAA GTT GAA GCG,1.109545118984597
ATG GTT CAG CGT GGT TCT CTG GTT CGT ATC CTG CGT CCG GAA TCT TAC TGG TTC CAA GAC GTT GGT AAA GTT GCG TCT GTT GAC CAG TCC GGC ATC AAG TAC CCA GTT ATC GTT CGT TTC GAG AAG GTT AAC TAC TCC GGT ATC AAC ACC AAC AAC TTC GCG GAA GAC GAA CTG GTT GAA GTG GAA GCG,0.9622537658819306
ATG GTT CAG ACC GGT TCT AAA GTT CGT ATC CTG CGT CCG GAA TCT TAT TGG TTC CAG GAC GTT GGT ACC GTT GCG TCT GTT GAC CAG TCT GGT ATC AAA TAC CCG GTT ATC GTT CGC TTT GAG AAG GTT AAC TAC TCT GGC ATC AAC ACC AAC AAC TTC GCG GAA GAC GAA CTG GTT GAA GTT GAA GCG,2.0421340947870057
ATG GTT CAG CGT GGT TCT AAA GTT CGT ATC CTG CGT CCG GAA TCT TAC TGG TTC CAG GAT GTT GGT ACC GTT GCG TCT GTT GAC CAG TCC GGT ATC AAA TAC ATC GTT ATC GTG CGT TTC GAG AAG GTT AAC TAC TCT GGT ATT CCG ACC AAC AAC TTC GCG GAA GAC GAA CTG GTT GAA GTT GAA GCG,2.4808093868398826
ATG GTT CAG CGC GGC TCC AAA GTT CGT ATC CTG CGT CCG GAA TCT TAC TGG TTC CAG GAC GTT GGT ACC GTT GCG TCT GTT GAC CAG TCT GGC ATC AAA TAC CCG GTT ATC GTT CGT TTC ACC CGT GTT AAC TAC TCT GGT ATC AAC ACC AAC AAC TTT GCG GAA GAC GAA CTG GTT GAG GTT GAA GCG,2.621698717985292
ATG GTT CAG CGT GGC TCC AAA GTT CGT ATC CTG CGT CCG GAA TCC TAC TGG TTC CAG GAC GTT GGC ACC GTT GCT TGC GTT GAC CAG TCT GGC ATC AAG TAC CCG GTT ATC GTG CGC TTT GAA AAA GTG AAC TAC TCC GGT ATC AAC ACC AAC AAC TTT GCT GAA GAT GAA CTG GTT GAA GTT GAA GCG,3.295808869735228
ATG GTT CAG CGT GGT TCC AAA GTT CGT ATC CTG CGT CCG GAA TCT TAC TGG TTT CAG GAC GTT GGT ACC GTT GCG TCT GTT GAC CAG TCT GGT ATC AAG TAC CCG GTT ATC GTT CGT TTC TGC ACC GTT AAC TAC TCC GGT ATT AAC ACC AAC AAC TTC GCG GAA GAC GAA CTG GTT GAA GTT GAA GCG,2.775148941492553
ATG GTT CAG CGT GGT TCT AAA GTG CGT ATC CTG TTC CCG GAA TCT TAT TGG TTC CAG GAC GTT GGT ACC GTT GCG TCT GTT GAT CAG TCC GGC ATC AAG TAC CCG GTT ATC GTG CGT TTC GAG AAG GTT AAC TAC TCT GGT ATC AAC ACC AAC AAC TTC GCG GAA GAC CTC CTG GTT GAA GTT GAA GCG,1.066154606726617
ATG GTG CAG CGC GGT TCT AAA GTT CGT ATC CTG CGT CCG GAA TCT TAC TGG TTC CAG GAC GTT GGT ACC GTT GCG TCT GTT GAC CAA TCC GGT ATT AAG TAC CCG GTT ATC GTG CGT TTC TGC GTT GTT AAC TAC TCT GGT ATC AAC ACC AAC AAC TTC GCG GAA GAC GAA CTG GTT GAA GTT GAA GCG,2.03783620889537
ATG GTT CAG CGT GGT TCT AAA GTT CGT ATC CTG CGT CCG GAA TCT TAC TGG TTC CAG GAT GTT GGT ACC GTT GCG TCT GTT GAC CAG TCT GGT ATC AAG TAC CCG GTT ATC GTT CGC TTC GAA AAA GTT AAT TAC TCT GGC ATC AAC ACC AAC AAC TTC GCG GAA GAC GAA CTG GTT GAA GTT TGC GCG,2.3376979593115568
ATG GTT CAG CGT GGT TCT AAA GTT CGT ATC CTG CGT CCG GAA TCT TAC TGG TTC CAG GAC GTT GGC ACC GTT GCG TCT GTT GGT CAG GGT GGC ATC AAA TAC CCG GTT ATC GTT CGC TTC GAA AAG GTG AAC TAC TCT GGT ATC AAC ACC AAT AAC TTC GCG GAA GAC GAA CTG GTT GAA GTT GAA GCG,0.6403556983509961
ATG GTT CAG CGT GGT TCT AAA GTT CGT ATC CTG CGT CCG GAA TCT TAC TGG TTC CAG GAC GTT GGT ACC GTT GCG TCT GTT GAC CAG TCC GGT ATT AAG TAC CCG GTT ATC TGC CGT TTC GAG AAA GTG AAC TAC TCT GGT ATC AAC ACC AAC AAC TTC GCG GAA GAT GAA CTG GTG GAA GTT GAA GCG,0.6812974044293336
ATG GTT CAG CGT GGC TCT AAA GTT CGT ATC CTG CGT CCG GAA TCT TAC TGG TTC CAA GAC GTT GGT ACC GTG GCG TCT GTG GAC CAG TCC GGT ATT AAG TAC GAC GTT ATC GTT CGC TTC GAG AAG GTT AAC TAC TCT GGT ATC AAC AAC AAT AAC TTC GCG GAA GAC GAA CTG GTT GAA GTT GAA GCG,0.6786675318171298
ATG GTT CAG CGT GGC TCT AAA GTT CGT ATC CTG CGT CCG GAA TCT TAC TGG TTC CAG GAC GTT GGT ACC GTT GCG TCT GTT ATC CAG GCG GGT ATC AAA TAC CCG GTT ATC GTT CGT TTC GAG AAG GTT AAC TAC TCT GGC ATC AAC ACC AAC AAC TTC GCG GAA GAC GAA CTG GTT GAA GTG GAA GCG,0.7862522368714014
ATG GTT CAG CGT GGT TCT AAA GTT CGT ATC CTG ACC CCG GAA TCT TAC TGG TTC CAG GAC GTT GGT ACC GTT GCG TCT GTT GAC CAG TCT GGT ATT AAG TAC CCG GTT ATC GTT CGT TTT GAA AAA GTG AAC TAT TCC GGT ATC AAC ACC AAC AAC TTC GCG GAA GAC CTC CTG GTT GAA GTT GAG GCT,-0.3696005207792389
ATG GTG CAG CGT GGC TCT ATC GTT CGT ATC CTG CGT CCG GAA TCT TAC TGG TTC CAG GAC GTT GGC TTC GTT GCG TCT GTT GAC CAG TCC GGT ATC AAA TAC CCG GTT ATC GTG CGC TTC GAA AAA GTG AAC TAC TCT GGC ATC AAC ACC AAC AAC TTC GCG GAA GAC GAA CTG GTT GAG GTT GAA GCG,0.9840786657204886
ATG GTT CAA CGT GGT TCT AAA GTT CGT ATC CTG CGT CCG GAA TCT TAC TGG TTC CAG GAC GTT GGT ACC GTT GCG TCT GTT GAC CAA TCT GGC ATC AAA TAC TGG GTT ATC GTG CGT TTC GAG AAG GTG AAC TAC TCC GGT ATC AAT AAC AAC AAC TTC GCG GAA GAT GAA CTG GTT GAA GTT GAG GCT,2.3243823692350603
ATG GTT CAG CGT GGC TCT AAA GTT CGT ATC CTG CGT CCG GAA TCT TAC TGG TTC CAG GAC GTT GGT ACC GTT GCG TCT GTT AAA CAG GTG GGT ATT AAG TAC CCG GTT ATC GTT CGT TTC GAG AAA GTG AAC TAC TCT GGC ATC AAC ACC AAC AAC TTC GCG GAA GAC GAA CTG GTT GAA GTT GAA GCG,-0.0045151961367692
ATG GTT CAG CGT GGC TCT AAA GTT CGT ATC CTG CGT CCG GAA TCT TAC TGG TTC CAA GAC GTT GGT ACC GTT GCG TCT GTT GAC CAG TCC GGT ATC AAA TAC ACC GTT ATC GTT CGT TTC GAG AAG GTT AAC TAC TCT GGC ATC TCT ACC AAC AAC TTT GCG GAA GAC GAA CTG GTG GAA GTT GAA GCG,1.5329031208932176
ATG GTT CAG CGT GGT TCC AAG GTT CGT ATC CTG CGT CCG GAA TCT TAC TGG TTT CAG GAC GTT GGT ACC GTT GCG TCT GTT GAC CAG TCT GGT ATC AAG TAC ATC GTT ATC GTG CGT TTT GAA AAG GTT AAC TAC TCC GGT ATC TCC ACC AAC AAC TTC GCG GAA GAC GAA CTG GTT GAA GTT GAA GCG,2.4191158968329525
ATG GTT CAG CGC GGT TCT AAA GTT CGT ATC CTG CGT CCG GAA TCT TAC TGG TTC CAG GAC GTT GGT ACC GTG GCG TCT GTT TCT CAG GAC GGT ATT AAG TAC CCG GTT ATC GTT CGT TTT GAA AAA GTG AAC TAC TCC GGT ATC AAC ACC AAC AAC TTC GCT GAA GAC GAA CTG GTT GAA GTT GAA GCG,1.258270807238008
ATG GTT CAA CGC GGT TCT TGG GTT CGT ATC CTG CGT CCG GAA TCT TAC TGG TTC CAG GAC GTT GGT TTC GTT GCG TCT GTG GAC CAG TCT GGT ATC AAA TAC CCG GTT ATC GTT CGC TTT GAA AAG GTT AAC TAC TCT GGC ATC AAC ACC AAC AAC TTC GCG GAA GAC GAA CTG GTT GAA GTT GAA GCG,1.4464095119798293
ATG GTT CAG CGT GGT TCT AAA GTT CGT ATC CTG CGT CCG GAA TCT TAC TGG TTC CAG GAC GTT GGT ACC GTT GCG TCT GTT GAC CAG TCC GGT ATC AAA TAC CCG GTT ATC GTG CGT TTC GAG AAA GTG AAC TAC TCT GGC ATC AAC ACC AAC AAC ATG GCG GAA GAC GAA GAC GTT GAA GTT GAA GCG,-0.6894488089882218
ATG GTT CAA CGT GGT TCC TCT GTT CGT ATC CTG CGT CCG GAA TCT TAC TGG TTC CAG GAC GTG GGT ACC GTT GCG TCT GTT GAC CAG TCT GGT ATC AAA TAC CCG GTG ATC GTG CGT TTC CGT AAA GTG AAC TAC TCT GGC ATC AAC ACC AAC AAC TTC GCG GAA GAC GAA CTG GTT GAA GTT GAG GCT,0.6922738559792583
ATG GTT CAG CGT GGT TCC GAC GTT CGT ATC CTG CGT CCG GAA TCT TAC TGG TTC CAG GAC GTG GGT GAC GTT GCG TCT GTT GAC CAG TCC GGT ATC AAA TAC CCG GTT ATC GTT CGT TTT GAA AAA GTG AAC TAC TCT GGC ATC AAC ACC AAC AAC TTC GCG GAA GAC GAA CTG GTT GAG GTG GAA GCG,-3.678128936396045
ATG GTT CAG CGT GGT TCT AAA GTT CGT ATC CTG CGT CCG GAA TCT TAC TGG TTC CAG GAC GTT GGT ACC GTT GCG TCT GTT GAC CAG TCT GGC ATC AAG TAC CCG GTT ATC GTT CGT TTC GAG AAA GTG AAC TAC TCC GGT ATC AAC ACC AAC AAC TTC GCG GAA GAC GAA CTG GTT TGG GTT GAA GCG,1.2547072054337272
ATG GTT CAG CGT GGT TCT AAA GTT CGT ATC CTG TGG CCG GAA TCT TAC TGG TTC CAG GAC GTT GGT ACC GTT GCG TCT GTG GAC CAG TCT GGT ATC AAA TAC CCG GTT ATC GTG CGT TTT GAA AAG GTT AAC TAC TCT GGC ATC AAC ACC AAC AAC TTC GCG GAG GAC TAC CTG GTT GAA GTT GAA GCG,0.5049778778258349
ATG GTT CAG CGT GGC TCT AAA GTT CGT ATC CTG CGT CCG GAA TCT TAC CAC TTC CAG GAT GTT GGT ACC GTT GCG TCT GTT GAC CAG TCT GGT ATC AAA TAC CCG GTT ATC GTT CGT TTC GAG AAG GTT AAC TAC TCT GGC ATC AAC ACC AAC AAC TTC GCG GAA GAC GAA CTG GTT GAA GTT GAA GCG,-0.8064775456276081
ATG GTT CAG CGT GGT TCT GAC GTT CGC ATC CTC CGT CCG GAA TCT TAT TGG TTC CAG GAC GTT GGT ACC GTT GCT TCT GTT GAC CAG TCT GGC ATC AAA TAC CCG GTT ATC GTT CGC TTC CTG AAG GTT AAC TAC TCT GGT ATC AAC ACC AAC AAC TTC GCG GAA GAC GAA CTC GTT GAA GTT GAA GCG,0.8858219204785033
ATG GTT CAG CGT GGT TCT AAA GTG CGT AAA CTG CGT CCG GAA TCT TAC GCG TTC CAG GAC GTT GGT ACC GTT GCG TCT GTT GAC CAG TCC GGT ATC AAA TAC CCG GTG ATC GTT CGC TTC GAA AAA GTG AAC TAC TCT GGC ATC AAC ACC AAT AAC TTC GCG GAA GAC GAA CTG GTT GAA GTT GAA GCG,-0.1582745141438956
ATG GTT CAG CGT GGT TCT GTG GTT CGT ATC CTG CGT CCG GAA TCT TAC TGG TTT CAG GAC GTT GGT ACC GTT GCG TCT GTT GAC CAG TCT GGC ATC AAA TAC CCG GTT ATC GTT CGT TTT GAC AAA GTG AAC TAC TCC GGT ATT AAC ACC AAC AAC TTC GCG GAA GAC GAA CTG GTT GAA GTT GAA GCG,1.4395607142410478
ATG GTT CAG CGT GGT TCT AAA GTT CGT ATC CTG CGT CCG GAA TCT TAC TGG TTC CAA GAC GTT GGT ACC GTT GCG TCT GTT GAC CAG TCT GGT ATC AAG TAC CCG GTG ATC GTG CGT TTC GAG AAA GTG AAC TAC TCC GGC ATC AAT ACC AAC AAC AAC GCG GAG GAC GAA TGC GTT GAA GTT GAA GCG,0.1264625007340644
ATG GTT CAG CGT GGC TCT AAA GTT CGT ATC CTG GAC CCG GAA TCT TAC TGG TTC CAG GAC GTT GGT ACC GTT GCG TCT GTT GAC CAG TCC GGC ATC AAG TAC CCG GTT ATC GTG CGT TTC GAG AAA GTG AAT TAC TCT GGT ATC AAC ACC AAC AAC TTC GCG GAG GAT TGG CTG GTT GAA GTT GAA GCG,0.1611563036599151
ATG GTT CAG CGT GGT TCT AAA GTT CGT ATC CTG ATC CCG GAA TCT TAC TGG TTC CAA GAC GTT GGT ACC GTT GCG TCT GTT GAC CAG TCT GGT ATC AAG TAC CCG GTG ATC GTT CGC TTC GAG AAA GTG AAC TAC TCC GGT ATT AAC ACC AAC AAC TTC GCG GAA GAC TAC CTG GTT GAA GTT GAA GCG,0.4677615889542337
ATG GTT CAA CGT GGT TCC AAA GTT CGT CGC CTG CGT CCG GAG TCT TAC GCG TTC CAG GAC GTT GGT ACC GTT GCG TCT GTT GAC CAG TCT GGT ATC AAA TAC CCG GTT ATC GTT CGC TTC GAA AAA GTG AAC TAC TCT GGC ATC AAC ACC AAC AAC TTC GCG GAA GAT GAA CTG GTT GAA GTT GAA GCG,-0.4131733681235817
ATG GTT CAG CGT GGT TCT AAA GTT CGT GCG CTG CGT CCG GAA TCT TAC GTT TTC CAG GAC GTT GGT ACC GTT GCG TCT GTT GAC CAG TCT GGC ATC AAA TAC CCG GTT ATC GTG CGT TTC GAG AAG GTT AAC TAC TCT GGT ATC AAC ACC AAC AAC TTC GCG GAA GAC GAA CTG GTT GAA GTT GAA GCG,-2.052314095768811
ATG GTT CAG CGT GGT TCT AAA GTT CGT ATC CTG CGT CCG GAA TCT TAC TGG TTC CAG GAC GTT GGT ACC GTT GCG TCT GTT TTC CAG AAA GGT ATC AAA TAC CCG GTG ATC GTT CGT TTC GAG AAG GTT AAC TAC TCT GGC ATC AAC ACC AAC AAC TTC GCG GAA GAC GAA CTG GTT GAA GTT GAA GCG,0.2884135791936293
ATG GTT CAG CGT GGT TCT AAA GTT CGT ATC CTG CGT CCG GAA TCT TAC TGG TTC CAA GAC GTT GGT ACT GTT GCG TCT GTT GAC CAG TCT GGT ATC AAA TAC CCG GTT ATC GTG CGT TTT GAG AAA GTG AAC TAC TCC GGC ATC AAC ACC AAC AAC TTC GCG GAG GAC GAA CTG GTT GAA AAA GAG GCG,-0.1685132536691655
ATG GTT CAG CGC GGC TCT AAG GTT CGT GCG CTG CGT CCG GAA TCT TAC GAC TTC CAG GAC GTT GGT ACC GTT GCG TCT GTG GAC CAG TCT GGT ATC AAG TAC CCG GTT ATC GTG CGT TTT GAG AAA GTG AAC TAC TCT GGC ATC AAC ACC AAC AAC TTC GCG GAA GAT GAA CTG GTT GAA GTT GAA GCG,-4.06679670662188
ATG GTT CAG CGT GGT TCT AAA GTT CGT ATC CTG CGT CCG GAA TCT TAC TGG TTC CAG GAC GTT GGT ACC GTT GCG TCT GTT GAC CAG TCT GGT ATC AAA TAC CCG GTT ATC GTT CGT TTT GAG AAA ATC AAC TAC TCC GGC ATC AAC ACC AAC AAC TTC GCT GAA GAC GAA CTG GTT GAA GTT GAA GCG,1.127258473963706
ATG GTT CAG CGT GGT TCT GAC GTT CGT ATC CTC CGT CCG GAA TCT TAC TGG TTC CAA GAC GTT GGT TGG GTT GCG TCC GTT GAT CAG TCT GGT ATT AAG TAC CCG GTT ATC GTT CGT TTC GAG AAA GTG AAC TAC TCC GGT ATC AAC ACC AAC AAC TTT GCG GAA GAC GAA CTG GTT GAA GTT GAA GCG,-0.2327673610927339
ATG GTT CAG CGT GGT TCT AAA GTT CGT ATC CTG CGT CCG GAA TCT TAC TGG TTC CAG GAC GTT GGT ACC GTT GCG TCT GTT ATG CAG CAG GGC ATC AAA TAC CCG GTT ATC GTT CGT TTT GAG AAG GTT AAC TAC TCT GGT ATC AAC ACC AAC AAC TTC GCG GAA GAC GAA CTG GTT GAG GTT GAA GCG,1.1151733994931818
ATG GTT CAG CGC GGC TCT AAA GTT CGT ATT CTG CAC CCG GAA TCT TAC TGG TTC CAG GAT GTT GGT ACC GTT GCG TCT GTG GAC CAG TCT GGC ATC AAG TAC CCA GTG ATT GTT CGT TTC GAG AAG GTG AAC TAC TCT GGT ATC AAC ACC AAT AAC TTT GCG GAA GAC TGC CTG GTT GAA GTT GAA GCG,0.729186010659731
ATG GTT CAG CGT GGT TCT AAA GTT CGT ATC CTG CGT CCG GAA TCT TAC TGG TTC CAG GAC GTT GGT ACC GTT GCG TCT GTT GAC CAG TCT GGT ATC AAA TAC CCG GTT ATC GTT CGT TTC GAA GAA GTG AAC TAC TCC GGT ATT AAC ACC AAC AAC TTC GCG GAA GAC GAA CTG GTT GAA GTT GAA GCG,0.8714709919957689
ATG GTT CAG CGT GGT TCT CCG GTT CGT ATC CTG CGT CCG GAA TCT TAC TGG TTT CAG GAC GTT GGT TGC GTT GCG TCT GTT GAC CAG TCT GGC ATC AAA TAC CCG GTT ATC GTT CGC TTT GAA AAA GTG AAC TAC TCC GGT ATC AAC ACC AAC AAC TTC GCG GAA GAC GAA CTG GTT GAA GTT GAA GCG,0.5196747079328479
ATG GTT CAG CGT GGC TCC AAA GTT CGT GAA CTG CGT CCG GAA TCT TAC GGT TTC CAG GAC GTT GGT ACC GTT GCG TCT GTT GAC CAG TCT GGC ATC AAG TAC CCG GTT ATC GTG CGT TTC GAG AAA GTG AAC TAC TCT GGT ATC AAC ACC AAC AAT TTC GCG GAA GAC GAA CTG GTT GAA GTT GAA GCG,-1.0591220757468292
ATG GTT CAG CGC GGT TCT AAG GTT CGT ATC CTG CGT CCG GAA TCT TAC TGG TTC CAG GAC GTT GGT ACC GTG GCG TCT GTT GAC CAG TCC GGT ATC AAG TAC AAA GTG ATC GTT CGT TTC GAG AAG GTG AAC TAC TCC GGC ATT AAC ATC AAC AAC TTC GCG GAA GAC GAA CTG GTT GAG GTT GAA GCG,1.7752541363406222
ATG GTT CAG CGT GGT TCT AAG GTT CGT ATC CTG CGT CCA GAA TCT TAC TGG TTC CAG GAC GTT GGT ACC GTT GCT TCT GTT GAC CAG TCC GGT ATC AAA TAC CCG GTT ATC GTT CGT TTC CAG ACC GTG AAC TAC TCT GGC ATC AAC ACC AAC AAC TTC GCG GAG GAC GAA CTG GTT GAA GTT GAA GCG,2.4217336089575467
ATG GTT CAG CGT GGT TCT AAA GTT CGT ATC CTG TCT CCG GAA TCT TAC TGG TTC CAG GAC GTT GGT ACC GTT GCG TCT GTT GAC CAG TCT GGC ATC AAA TAC CCA GTT ATC GTT CGC TTC GAA AAA GTG AAC TAC TCC GGT ATC AAC ACC AAC AAT TTC GCG GAA GAC TTC CTG GTT GAA GTT GAA GCG,-0.3748888490200431
ATG GTT CAG CGT GGC TCT AAA GTT CGT ATG CTG CGT CCA GAA TCT TAC CTG TTT CAG GAC GTT GGT ACC GTT GCG TCT GTT GAC CAG TCT GGT ATC AAG TAC CCG GTT ATC GTT CGT TTC GAG AAA GTG AAC TAC TCT GGC ATC AAC ACC AAC AAC TTC GCG GAG GAC GAG CTG GTT GAA GTT GAA GCG,-0.8333972751546653
ATG GTT CAG CGT GGC TCT AAA GTT CGT ATC CTG CGT CCG GAA TCT TAC TGG TTC CAG GAC GTT GGT ACC GTT GCG TCT GTT GAC CAA TCT GGT ATC AAA TAC CCG GTT ATC GTT CGT TTC GAG AAA GTG AAC TAC TCT GGC ATC AAC ACC AAC AAC TTC GCG GAA GAC GAA CTG GTT GAA CCG GAA GCG,0.0464900330632799
ATG GTT CAG CGT GGT TCT AAA GTT CGT ATC CTG CGT CCG GAA TCT TAC TGG TTC CAA GAC GTT GGT ACC GTT GCG TCT GTT GAC CAG TCT GGT ATC AAA TAC CCG GTT ATC GTT CGT TTC GAC TTC GTT AAC TAC TCC GGC ATC AAC ACT AAC AAC TTC GCG GAA GAC GAG CTG GTT GAA GTT GAA GCG,0.9235137432334326
ATG GTG CAG CGC GGT TCT ATG GTT CGT ATC CTG CGT CCG GAA TCT TAC TGG TTC CAG GAC GTT GGT ACC GTT GCG TCT GTT GAC CAG TCT GGC ATC AAA TAC CCG GTT ATC GTT CGT TTT GCG AAA GTG AAC TAC TCC GGT ATC AAC ACC AAC AAC TTC GCG GAA GAC GAA CTG GTT GAA GTT GAA GCG,1.732544541520841
ATG GTT CAG CGT GGC TCC AAA GTT CGT ATC CTG CGT CCG GAA TCT TAC TGG TTT CAA GAC GTT GGT ACC GTT GCG TCT GTT GAC CAG TCC GGC ATC AAG TAC GTG GTT ATC GTT CGC TTC GAG AAA GTG AAC TAT TCT GGT ATC AAC GAC AAC AAC TTC GCG GAA GAC GAG CTG GTT GAA GTT GAA GCG,1.883188401012701
ATG GTG CAG CGC GGT TCT ACC GTT CGT ATC CTG CGT CCG GAA TCT TAC TGG TTT CAG GAC GTT GGC ACC GTT GCG TCT GTT GAC CAG TCT GGC ATC AAA TAC CCG GTT ATC GTT CGT TTC CCG AAG GTG AAC TAC TCT GGT ATC AAC ACC AAC AAC TTC GCG GAA GAC GAG CTG GTT GAA GTT GAA GCG,0.1954102267010899
ATG GTT CAG CGT GGT TCT AAA GTT CGT ATC CTG CGT CCG GAA TCT TAT TGG TTT CAG GAC GTT GGT ACC GTG CGT TCT GTT GAC CAG TCT GGT ATC AAA TAC CCG GTT ATC GTT CGC TTC GAA AAG GTT AAC TAC TCT GGC ATC AAC ACC AAC AAT TTC GCG GAA GAC GAG CTG GTT GAA GTT GAA GCG,0.58335338606274
ATG ATG CAG CGT GGT TCC AAG GTG CGC ATC CTG CGT CCG GAA TCT TAC TGG TTT CAG GAC GTT GGT ACC GTT GCG TCT GTT GAC CAG TCT GGC ATC AAA TAC CCG GTT ATC GTG CGC TTC GAA AAG GTT AAC TAC TCT GGT ATC AAC ACC AAC AAC TTC GCG GAA GAC GAA CTG GTT GAA GTT GAA GCG,1.6037092226370704
ATG GTT CAG CGT GGT TCT AAA GTT CGT ATC CTG CGT CCG GAA TCT TAC TGG TTC CAG GAC GTT GGT ACC GTT GCG TCT GTT GAC CAG TCT GGC ATC AAA TAC CCG TAC ATT GTT CGT TTC GAG AAA GTG AAC TAC TCC GGT ATC AAC ACC AAC AAC TTC GCG GAA GAC GAA CTG GTT GAA GTT GAG GCT,2.8628250670904603
ATG GTG CAG CGT GGT TCT AAA GTT CGT ATC CTG CGT CCG GAA TCT TAC TGG TTC CAG GAC GTT GGT ACC GTT GCG TCT GTT GAC CAG TCC GGT ATT AAG TAC CCG GTT ATC GTT CGC TTC GAA AAG GTT AAC TAC TCT GGT ATC AAC ACC AAC AAT CAG GCG GAA GAC GAA GGC GTT GAA GTT GAA GCG,-0.9402043815751212
ATG GTT CAG CGT GGT TCT AAA GTT CGT ATC CTG CGT CCG GAA TCT TAC TGG TTC CAA GAC GTT GGT GCG GTT GCG TCT GTT GAC CAG TCC GGC ATT AAG TAC CCG GTG ATC GTT CGT TTC GAG AAA GTT AAT TAC TCT GGC ATC AAC ACC AAC AAC TTC GCG GAA GAC GAA CTG GTT GAA GTT GAA GCG,-0.1251172473554267
CAA GTT CAG CGT GGC TCT AAA GTT CGT ATC CTG CGT CCG GAA TCT TAC TGG TTC CAG GAC GTT GGT ACC GTT GCG TCT GTT GAC CAG TCC GGT ATC AAA TAC CCG GTT ATT GTT CGT TTC GAG AAG GTT AAC TAC TCT GGC ATC AAC ACC AAC AAC TTC GCT GAA GAC GAA CTG GTT GAA GTT GAG GCT,2.1126099597551047
ATG GTT CAG CGT GGT TCT AAA GTT CGT ATC CTG CGT CCG GAA TCT TAC TGG TTT CAG GAC GTT GGT ACC GTT GCG TCT GTT GAC CAG TCT GGC ATC AAA TAC CCG GTT ATC GTT CGC TTC GAG AAA GTG AAC TAT TCT GGT ATC AAC ACC AAC AAC CCA GCT GAA GAC GAA GCG GTT GAA GTT GAA GCG,-0.4690727997675284
